lane,month,signal_i,exit_i,direction,policy_key,day,net_r,win,outcome_reason,reason,model_available,history_ready,base_probability,probability,online_percentile,rank_threshold,rank_pass,router,router_threshold,micro,meta_probability,meta_decision,meta_pass,expected_utility,brier_penalty,sample_uncertainty_penalty,total_penalty,utility,minimum_utility,utility_pass,cap_pass,selected,first_reject_stage,raw_expected_utility,evidence_weight,calibration_weight,reliability_weight,brier_penalty_diagnostic,fixed_sample_penalty,evidence_utility,signal_class,allocation_bucket,sample_uncertainty_changes_signal_selection,monthly_cap_enabled,cross_trade_cluster_dedup,allocation_rule
V9.6.1_REFERENCE,2025-05,28722,28724,-1,fca571982b7c88a0,2025-05-01,-1.2713351710988023,False,2,2,True,True,0.2138859840625925,0.11876943405489065,0.3137254901960784,0.8,False,0.5010832645874378,0.34,0.7347648007877192,0.12102569510926724,REJECT,False,-0.5810229459607715,0.03249408676915442,0.0,0.03249408676915442,-0.613517032729926,0.02,False,False,False,ONLINE_RANK,,,,,,,,,,,,,
V9.6.1_REFERENCE,2025-05,29050,29054,-1,fca571982b7c88a0,2025-05-02,-0.170774393056048,False,2,2,True,True,0.2697071493891084,0.1194534847077435,0.46153846153846156,0.8,False,0.5217942903269635,0.34,0.7358845879981404,0.12080008420657905,REJECT,False,-0.5799218773944903,0.03249408676915442,0.0,0.03249408676915442,-0.6124159641636447,0.02,False,False,False,ONLINE_RANK,,,,,,,,,,,,,
V9.6.1_REFERENCE,2025-05,29051,29054,-1,fca571982b7c88a0,2025-05-02,-0.17077442529137518,False,2,2,True,True,0.2754214046858098,0.11951821443973347,0.4716981132075472,0.8,False,0.5215007164051922,0.34,0.5964052710242564,0.12102993585295745,REJECT,False,-0.5796662586987984,0.03249408676915442,0.0,0.03249408676915442,-0.6121603454679528,0.02,False,False,False,ONLINE_RANK,,,,,,,,,,,,,
V9.6.1_REFERENCE,2025-05,30378,30391,-1,fca571982b7c88a0,2025-05-07,1.8302246003102882,True,1,1,True,True,0.3893773479576528,0.12068624508671975,0.6481481481481481,0.8,False,0.5229417975668658,0.34,0.6000321448086827,0.12100882210320478,REJECT,False,-0.57756666296781,0.03249408676915442,0.0,0.03249408676915442,-0.6100607497369644,0.02,False,False,False,ONLINE_RANK,,,,,,,,,,,,,
V9.6.1_REFERENCE,2025-05,30740,30753,-1,fca571982b7c88a0,2025-05-08,-0.17074476158654914,False,2,2,True,True,0.21294829897432876,0.11875696610924975,0.3090909090909091,0.8,False,0.4771180854558395,0.34,0.6069887399949909,0.12146946973694724,REJECT,False,-0.580777979058703,0.03249408676915442,0.0,0.03249408676915442,-0.6132720658278574,0.02,False,False,False,ONLINE_RANK,,,,,,,,,,,,,
V9.6.1_REFERENCE,2025-05,31007,31030,-1,fca571982b7c88a0,2025-05-10,-0.17074121897203623,False,2,2,True,True,0.2570698033839055,0.1193073040363429,0.39285714285714285,0.8,False,0.5082244666507303,0.34,0.7578555885314076,0.12091212593919023,REJECT,False,-0.5801186970585138,0.03249408676915442,0.0,0.03249408676915442,-0.6126127838276683,0.02,False,False,False,ONLINE_RANK,,,,,,,,,,,,,
V9.6.1_REFERENCE,2025-05,31243,31291,-1,fca571982b7c88a0,2025-05-11,-0.17073886384760387,False,2,2,True,True,0.48692943528064275,0.1215918447400799,0.7894736842105263,0.8,False,0.49716929920724184,0.34,0.6226410468186814,0.12123811725797404,REJECT,False,-0.5757907096637537,0.03249408676915442,0.0,0.03249408676915442,-0.6082847964329081,0.02,False,False,False,ONLINE_RANK,,,,,,,,,,,,,
V9.6.1_REFERENCE,2025-05,31366,31397,-1,fca571982b7c88a0,2025-05-11,-0.17073827066745162,False,2,2,True,True,0.4366350789838409,0.1211297218888256,0.6896551724137931,0.8,False,0.5037465625936527,0.34,0.6646226037379099,0.12110499110110003,REJECT,False,-0.576706685714298,0.03249408676915442,0.0,0.03249408676915442,-0.6092007724834524,0.02,False,False,False,ONLINE_RANK,,,,,,,,,,,,,
V9.6.1_REFERENCE,2025-05,32111,32130,-1,fca571982b7c88a0,2025-05-14,-1.2712912244948205,False,2,2,True,True,0.16921254982025657,0.11812486920546593,0.23728813559322035,0.8,False,0.5108051497872518,0.34,0.6174944236391173,0.12110648827296468,REJECT,False,-0.5821399049606362,0.03249408676915442,0.0,0.03249408676915442,-0.6146339917297906,0.02,False,False,False,ONLINE_RANK,,,,,,,,,,,,,
V9.6.1_REFERENCE,2025-05,32113,32122,-1,fca571982b7c88a0,2025-05-14,-1.2712917934674208,False,2,2,True,True,0.19235527507878367,0.11847266292365152,0.26666666666666666,0.8,False,0.511876382992889,0.34,0.6872656268006989,0.12098459103773261,REJECT,False,-0.5815844195119838,0.03249408676915442,0.0,0.03249408676915442,-0.6140785062811382,0.02,False,False,False,ONLINE_RANK,,,,,,,,,,,,,
V9.6.1_REFERENCE,2025-05,32393,32399,-1,fca571982b7c88a0,2025-05-15,-1.271298473216036,False,2,2,True,True,0.2609266017388044,0.11935237896599503,0.26229508196721313,0.8,False,0.8067494293572486,0.34,0.6341506396779291,0.11803931471475748,REJECT,False,-0.5817689585524416,0.03249408676915442,0.0,0.03249408676915442,-0.614263045321596,0.02,False,False,False,ONLINE_RANK,,,,,,,,,,,,,
V9.6.1_REFERENCE,2025-05,33250,33258,-1,fca571982b7c88a0,2025-05-18,1.8302692507302938,True,1,1,True,True,0.5677023430862207,0.12233660640642412,0.8387096774193549,0.8,True,0.5186194838013645,0.34,0.5102326549306968,0.12119751901238454,REJECT,False,-0.5744683197176197,0.03249408676915442,0.0,0.03249408676915442,-0.6069624064867741,0.02,False,False,False,META_PROBABILITY,,,,,,,,,,,,,
V9.6.1_REFERENCE,2025-05,33501,33506,-1,fca571982b7c88a0,2025-05-19,-1.271287505470875,False,2,2,True,True,0.3866458274653276,0.12066014898463032,0.5714285714285714,0.8,False,0.6377404516813296,0.34,0.7001342021064727,0.1196287936759979,REJECT,False,-0.5784457599417054,0.03249408676915442,0.0,0.03249408676915442,-0.6109398467108599,0.02,False,False,False,ONLINE_RANK,,,,,,,,,,,,,
V9.6.1_REFERENCE,2025-05,33502,33505,-1,fca571982b7c88a0,2025-05-19,-1.2712878032467372,False,2,2,True,True,0.3777223748746004,0.1205744511285336,0.5625,0.8,False,0.6379184779742371,0.34,0.6934631262326574,0.11964090568476618,REJECT,False,-0.5785934387982201,0.03249408676915442,0.0,0.03249408676915442,-0.6110875255673746,0.02,False,False,False,ONLINE_RANK,,,,,,,,,,,,,
V9.6.1_REFERENCE,2025-05,34025,34027,-1,fca571982b7c88a0,2025-05-21,-1.2712750537566382,False,2,2,True,True,0.22454204946086717,0.11890851204366991,0.3076923076923077,0.8,False,0.516766590598636,0.34,0.8057792960672701,0.12074240598945785,REJECT,False,-0.5809422018353364,0.03249408676915442,0.0,0.03249408676915442,-0.6134362886044908,0.02,False,False,False,ONLINE_RANK,,,,,,,,,,,,,
V9.6.1_REFERENCE,2025-05,34037,34042,-1,fca571982b7c88a0,2025-05-21,-1.2067456225748443,False,2,2,True,True,0.2724797243053251,0.11948499333154289,0.4696969696969697,0.8,False,0.5275072133403842,0.34,0.7067134052720203,0.12078653809238354,REJECT,False,-0.5798730614837422,0.03249408676915442,0.0,0.03249408676915442,-0.6123671482528966,0.02,False,False,False,ONLINE_RANK,,,,,,,,,,,,,
V9.6.1_REFERENCE,2025-05,34108,34114,-1,fca571982b7c88a0,2025-05-21,-1.2712684902739906,False,2,2,True,True,0.49017796734793073,0.12162156974904209,0.7910447761194029,0.8,False,0.5335237813189312,0.34,0.4909069994106284,0.12108303842975314,REJECT,False,-0.575830437543844,0.03249408676915442,0.0,0.03249408676915442,-0.6083245243129984,0.02,False,False,False,ONLINE_RANK,,,,,,,,,,,,,
V9.6.1_REFERENCE,2025-05,34179,34208,-1,fca571982b7c88a0,2025-05-22,1.8302946289957382,True,1,1,True,True,0.47055523448449893,0.12144192246607624,0.75,0.8,False,0.49962516205584406,0.34,0.5945622646067144,0.12125592259629363,REJECT,False,-0.5760511030504822,0.03249408676915442,0.0,0.03249408676915442,-0.6085451898196367,0.02,False,False,False,ONLINE_RANK,,,,,,,,,,,,,
V9.6.1_REFERENCE,2025-05,34585,34601,-1,fca571982b7c88a0,2025-05-24,-1.2712700225305744,False,2,2,True,True,0.20323877336963225,0.11862551278455467,0.14492753623188406,0.8,False,0.800898616921636,0.34,0.7038011567464131,0.11790897412904877,REJECT,False,-0.5831620301324576,0.03249408676915442,0.0,0.03249408676915442,-0.615656116901612,0.02,False,False,False,ONLINE_RANK,,,,,,,,,,,,,
V9.6.1_REFERENCE,2025-05,34611,34656,-1,fca571982b7c88a0,2025-05-24,-0.17071531292548595,False,2,2,True,True,0.29007582243324787,0.11968068928978243,0.3,0.8,False,0.795969546992718,0.34,0.5631561502295728,0.11834151811986787,REJECT,False,-0.5809930530791103,0.03249408676915442,0.0,0.03249408676915442,-0.6134871398482648,0.02,False,False,False,ONLINE_RANK,,,,,,,,,,,,,
V9.6.1_REFERENCE,2025-05,35014,35023,-1,fca571982b7c88a0,2025-05-25,-1.2712670499623988,False,2,2,True,True,0.29759457412294604,0.11976223849299525,0.2676056338028169,0.8,False,0.7983755220150366,0.34,0.8135513976817388,0.11763643855448831,REJECT,False,-0.5812706089280459,0.03249408676915442,0.0,0.03249408676915442,-0.6137646956972004,0.02,False,False,False,ONLINE_RANK,,,,,,,,,,,,,
V9.6.1_REFERENCE,2025-05,35015,35024,-1,fca571982b7c88a0,2025-05-25,-1.2712666905286227,False,2,2,True,True,0.3536561723020297,0.12033944492244791,0.4861111111111111,0.8,False,0.7980287859483093,0.34,0.593764897837912,0.11823731866617575,REJECT,False,-0.5798645404676596,0.03249408676915442,0.0,0.03249408676915442,-0.612358627236814,0.02,False,False,False,ONLINE_RANK,,,,,,,,,,,,,
V9.6.1_REFERENCE,2025-05,35946,35971,-1,fca571982b7c88a0,2025-05-29,1.8302831163570576,True,1,1,True,True,0.22390474578665526,0.11890032425694615,0.3424657534246575,0.8,False,0.4733108865139196,0.34,0.6729460542336889,0.12141431293507803,REJECT,False,-0.5805519726251958,0.03249408676915442,0.0,0.03249408676915442,-0.6130460593943502,0.02,False,False,False,ONLINE_RANK,,,,,,,,,,,,,
V9.6.1_REFERENCE,2025-06,37326,37329,-1,fca571982b7c88a0,2025-06-03,-1.271277877803177,False,2,2,True,True,0.2983923511109825,0.1791250235817403,0.7083333333333334,0.8,False,0.5151994755957683,0.34,0.720454461991008,0.17439640303877899,REJECT,False,-0.3832811088971186,0.037738018322949964,0.0,0.037738018322949964,-0.42101912722006857,0.02,False,False,False,ONLINE_RANK,,,,,,,,,,,,,
V9.6.1_REFERENCE,2025-06,37327,37355,-1,fca571982b7c88a0,2025-06-03,1.8302719187380592,True,1,1,True,True,0.3109583156689636,0.180622766984232,0.76,0.8,False,0.5149060634235357,0.34,0.7373811390242246,0.1740425612994626,REJECT,False,-0.38049458139018,0.037738018322949964,0.0,0.037738018322949964,-0.41823259971313,0.02,False,False,False,ONLINE_RANK,,,,,,,,,,,,,
V9.6.1_REFERENCE,2025-06,37838,37845,-1,fca571982b7c88a0,2025-06-05,1.8302684321375402,True,1,1,True,True,0.20223144830907744,0.16653936148458057,0.2692307692307692,0.8,False,0.6308325054120962,0.34,0.8108685507824196,0.16914217538911971,REJECT,False,-0.41223512751018915,0.037738018322949964,0.0,0.037738018322949964,-0.44997314583313913,0.02,False,False,False,ONLINE_RANK,,,,,,,,,,,,,
V9.6.1_REFERENCE,2025-06,37839,37845,-1,fca571982b7c88a0,2025-06-05,1.830268411124264,True,1,1,True,True,0.19987532649386713,0.1661949979827461,0.25925925925925924,0.8,False,0.6317116451488625,0.34,0.8386069105459324,0.16849040925723371,REJECT,False,-0.41336932870958065,0.037738018322949964,0.0,0.037738018322949964,-0.45110734703253064,0.02,False,False,False,ONLINE_RANK,,,,,,,,,,,,,
V9.6.1_REFERENCE,2025-06,37937,37945,-1,fca571982b7c88a0,2025-06-05,-1.2102328383631702,False,2,2,True,True,0.7090727640192367,0.22801208557909608,1.0,0.8,True,0.8112508318098424,0.34,0.6568770470700505,0.1677543656843319,REJECT,False,-0.2890238986405543,0.037738018322949964,0.0,0.037738018322949964,-0.32676191696350426,0.02,False,False,False,META_PROBABILITY,,,,,,,,,,,,,
V9.6.1_REFERENCE,2025-06,37938,37945,-1,fca571982b7c88a0,2025-06-05,-1.2193521428688319,False,2,2,True,True,0.7051195954104439,0.22742366573442385,0.9655172413793104,0.8,True,0.8112234896715151,0.34,0.7085612024448968,0.16644167801028706,REJECT,False,-0.2910958917927174,0.037738018322949964,0.0,0.037738018322949964,-0.32883391011566737,0.02,False,False,False,META_PROBABILITY,,,,,,,,,,,,,
V9.6.1_REFERENCE,2025-06,39260,39271,-1,fca571982b7c88a0,2025-06-10,-1.271262435725339,False,2,2,True,True,0.3492185788335474,0.18505997376079603,0.8,0.8,True,0.52297539895955,0.34,0.7401069208015156,0.17374885000496734,REJECT,False,-0.37173126722229416,0.037738018322949964,0.0,0.037738018322949964,-0.40946928554524414,0.02,False,False,False,META_PROBABILITY,,,,,,,,,,,,,
V9.6.1_REFERENCE,2025-06,39741,39747,-1,fca571982b7c88a0,2025-06-12,-1.2712723007044655,False,2,2,True,True,0.37241532567912033,0.1876826357239759,0.8387096774193549,0.8,True,0.633825691364183,0.34,0.5614927766397149,0.17475123402413606,REJECT,False,-0.36575996737028255,0.037738018322949964,0.0,0.037738018322949964,-0.40349798569323253,0.02,False,False,False,META_PROBABILITY,,,,,,,,,,,,,
V9.6.1_REFERENCE,2025-06,39847,39855,-1,fca571982b7c88a0,2025-06-13,-0.11749607068943006,False,2,2,True,True,0.6474272443658108,0.21940540234549208,0.9375,0.8,True,0.8053706457696956,0.34,0.6266232840958765,0.16869734664240427,REJECT,False,-0.30577048738835505,0.037738018322949964,0.0,0.037738018322949964,-0.34350850571130503,0.02,False,False,False,META_PROBABILITY,,,,,,,,,,,,,
V9.6.1_REFERENCE,2025-06,39848,39855,-1,fca571982b7c88a0,2025-06-13,-0.1216288540795459,False,2,2,True,True,0.6529564651561256,0.22013412967637597,0.9393939393939394,0.8,True,0.805413332509086,0.34,0.5865066921627218,0.16972111999648476,REJECT,False,-0.3036096298272641,0.037738018322949964,0.0,0.037738018322949964,-0.34134764815021407,0.02,False,False,False,META_PROBABILITY,,,,,,,,,,,,,
V9.6.1_REFERENCE,2025-06,39851,39855,-1,fca571982b7c88a0,2025-06-13,-0.1293377959722016,False,2,2,True,True,0.6010248649997444,0.2135419678591319,0.8823529411764706,0.8,True,0.8054734021257106,0.34,0.5276610385132777,0.1712464260256313,REJECT,False,-0.31589584405584237,0.037738018322949964,0.0,0.037738018322949964,-0.35363386237879235,0.02,False,False,False,META_PROBABILITY,,,,,,,,,,,,,
V9.6.1_REFERENCE,2025-06,39916,39960,-1,fca571982b7c88a0,2025-06-13,-0.17073422649574604,False,2,2,True,True,0.20650935750635777,0.16715873673833542,0.2571428571428571,0.8,False,0.8166077261488399,0.34,0.5075732580901455,0.17158166135483632,REJECT,False,-0.409342088264539,0.037738018322949964,0.0,0.037738018322949964,-0.447080106587489,0.02,False,False,False,ONLINE_RANK,,,,,,,,,,,,,
V9.6.1_REFERENCE,2025-06,40685,40689,-1,fca571982b7c88a0,2025-06-16,-1.2712786994412184,False,2,2,True,True,0.4545548495947667,0.19677905924176617,0.8333333333333334,0.8,True,0.5059919567534952,0.34,0.5113710930806608,0.17909742918099258,REJECT,False,-0.3444638034382298,0.037738018322949964,0.0,0.037738018322949964,-0.3822018217611798,0.02,False,False,False,META_PROBABILITY,,,,,,,,,,,,,
V9.6.1_REFERENCE,2025-06,40795,40815,-1,fca571982b7c88a0,2025-06-16,-1.2712729356414545,False,2,2,True,True,0.19274873712431234,0.165138706112431,0.24324324324324326,0.8,False,0.5198663147673541,0.34,0.6576463475707763,0.17563049041265755,REJECT,False,-0.4106960175259318,0.037738018322949964,0.0,0.037738018322949964,-0.4484340358488818,0.02,False,False,False,ONLINE_RANK,,,,,,,,,,,,,
V9.6.1_REFERENCE,2025-06,40797,40818,-1,fca571982b7c88a0,2025-06-16,-1.2712729111833063,False,2,2,True,True,0.21239801830396834,0.16799947634862655,0.34210526315789475,0.8,False,0.5179465971339468,0.34,0.5630559032508438,0.1777135553172948,REJECT,False,-0.403516367017967,0.037738018322949964,0.0,0.037738018322949964,-0.441254385340917,0.02,False,False,False,ONLINE_RANK,,,,,,,,,,,,,
V9.6.1_REFERENCE,2025-06,41785,41848,-1,fca571982b7c88a0,2025-06-20,1.830271222596088,True,1,1,True,True,0.19719518810503706,0.1658003902483611,0.2564102564102564,0.8,False,0.5082596686401085,0.34,0.7444324162965148,0.17410565830126176,REJECT,False,-0.41038620931995656,0.037738018322949964,0.0,0.037738018322949964,-0.44812422764290655,0.02,False,False,False,ONLINE_RANK,,,,,,,,,,,,,
V9.6.1_REFERENCE,2025-06,42212,42226,-1,fca571982b7c88a0,2025-06-21,-0.16344537885406285,False,2,2,True,True,0.6988071074901495,0.2264958955476555,1.0,0.8,True,0.8226309488566466,0.34,0.4647719042945106,0.17244678189072632,REJECT,False,-0.28892706521911055,0.037738018322949964,0.0,0.037738018322949964,-0.32666508354206053,0.02,False,False,False,META_PROBABILITY,,,,,,,,,,,,,
V9.6.1_REFERENCE,2025-06,42215,42226,-1,fca571982b7c88a0,2025-06-21,-0.17075164512592228,False,2,2,True,True,0.7725047999226508,0.23842334305268317,1.0,0.8,True,0.8224764427954393,0.34,0.5949304051770191,0.16903452165863211,REJECT,False,-0.2671363767207363,0.037738018322949964,0.0,0.037738018322949964,-0.3048743950436863,0.02,False,False,False,META_PROBABILITY,,,,,,,,,,,,,
V9.6.1_REFERENCE,2025-06,42233,42248,-1,fca571982b7c88a0,2025-06-22,-0.10070590116413027,False,2,2,True,True,0.3147419742477221,0.18106932785331106,0.5238095238095238,0.8,False,0.8157732602804522,0.34,0.7053257396880332,0.16650075123994243,REJECT,False,-0.38466969055914674,0.037738018322949964,0.0,0.037738018322949964,-0.4224077088820967,0.02,False,False,False,ONLINE_RANK,,,,,,,,,,,,,
V9.6.1_REFERENCE,2025-06,42418,42451,-1,fca571982b7c88a0,2025-06-22,1.8666648007087157,True,1,1,True,True,0.3563257840651783,0.18586792588575085,0.6511627906976745,0.8,False,0.8045382768055671,0.34,0.6769754573743627,0.16750818885763089,REJECT,False,-0.37430063986487644,0.037738018322949964,0.0,0.037738018322949964,-0.4120386581878264,0.02,False,False,False,ONLINE_RANK,,,,,,,,,,,,,
V9.6.1_REFERENCE,2025-06,42487,42500,-1,fca571982b7c88a0,2025-06-22,-1.2603376989318307,False,2,2,True,True,0.3028474562880974,0.17965871810469938,0.4772727272727273,0.8,False,0.8036464717885481,0.34,0.7184997166823885,0.16649738219791743,REJECT,False,-0.38752071471820815,0.037738018322949964,0.0,0.037738018322949964,-0.42525873304115813,0.02,False,False,False,ONLINE_RANK,,,,,,,,,,,,,
V9.6.1_REFERENCE,2025-06,42567,42646,-1,fca571982b7c88a0,2025-06-23,1.830249063978905,True,1,1,True,True,0.3012625839687413,0.17946920997581564,0.4888888888888889,0.8,False,0.6783406126711439,0.34,0.8128848951260641,0.16770302000050227,REJECT,False,-0.3870918267140512,0.037738018322949964,0.0,0.037738018322949964,-0.42482984503700116,0.02,False,False,False,ONLINE_RANK,,,,,,,,,,,,,
V9.6.1_REFERENCE,2025-06,42568,42646,-1,fca571982b7c88a0,2025-06-23,1.8302493299654674,True,1,1,True,True,0.27988921280004647,0.1768732623516953,0.41304347826086957,0.8,False,0.6783693999682651,0.34,0.6724729261193314,0.17099977828600307,REJECT,False,-0.3901151068032574,0.037738018322949964,0.0,0.037738018322949964,-0.4278531251262074,0.02,False,False,False,ONLINE_RANK,,,,,,,,,,,,,
V9.6.1_REFERENCE,2025-06,42569,42646,-1,fca571982b7c88a0,2025-06-23,1.830249246597126,True,1,1,True,True,0.27988921280004647,0.1768732623516953,0.40425531914893614,0.8,False,0.6775734489620701,0.34,0.6958513021370099,0.1704696922687453,REJECT,False,-0.390471946775996,0.037738018322949964,0.0,0.037738018322949964,-0.428209965098946,0.02,False,False,False,ONLINE_RANK,,,,,,,,,,,,,
V9.6.1_REFERENCE,2025-06,42571,42646,-1,fca571982b7c88a0,2025-06-23,1.830248958669137,True,1,1,True,True,0.3068512263383649,0.18013578982663436,0.6041666666666666,0.8,False,0.6679336448682817,0.34,0.6381391292811189,0.1720821417598073,REJECT,False,-0.3827977449565895,0.037738018322949964,0.0,0.037738018322949964,-0.4205357632795395,0.02,False,False,False,ONLINE_RANK,,,,,,,,,,,,,
V9.6.1_REFERENCE,2025-06,43182,43183,-1,fca571982b7c88a0,2025-06-25,-1.2712724268556954,False,2,2,True,True,0.25075763999765294,0.17319070756621435,0.3877551020408163,0.8,False,0.524262127382762,0.34,0.7187570798209022,0.1741880662560593,REJECT,False,-0.39540583239147226,0.037738018322949964,0.0,0.037738018322949964,-0.43314385071442224,0.02,False,False,False,ONLINE_RANK,,,,,,,,,,,,,
V9.6.1_REFERENCE,2025-06,43183,43196,-1,fca571982b7c88a0,2025-06-25,-0.17072141097329482,False,2,2,True,True,0.2580890483945736,0.17413550120059904,0.4,0.8,False,0.5262807000425501,0.34,0.64989857892026,0.1756099593006302,REJECT,False,-0.39254062065219403,0.037738018322949964,0.0,0.037738018322949964,-0.430278638975144,0.02,False,False,False,ONLINE_RANK,,,,,,,,,,,,,
V9.6.1_REFERENCE,2025-06,43746,43758,-1,fca571982b7c88a0,2025-06-27,1.830276961244383,True,1,1,True,True,0.46749072690430166,0.19820704397102928,0.8431372549019608,0.8,True,0.5314342789308255,0.34,0.4991869943922272,0.17872526483667667,REJECT,False,-0.34183048934266963,0.037738018322949964,0.0,0.037738018322949964,-0.3795685076656196,0.02,False,False,False,META_PROBABILITY,,,,,,,,,,,,,
V9.6.1_REFERENCE,2025-07,46991,47015,-1,fca571982b7c88a0,2025-07-09,-0.17070497156980752,False,2,2,True,True,0.23448109632236858,0.3988605210759058,0.6206896551724138,0.8,False,0.5034888250717671,0.34,0.6141634969273098,0.35916167632057105,NEUTRAL,False,0.24703987948665634,0.0457750281601203,0.0,0.0457750281601203,0.20126485132653604,0.02,False,False,False,ONLINE_RANK,,,,,,,,,,,,,
V9.6.1_REFERENCE,2025-07,46992,47005,-1,fca571982b7c88a0,2025-07-09,-0.17070601868161106,False,2,2,True,True,0.25772674440529475,0.38469009643321006,0.6,0.8,False,0.5022566805635784,0.34,0.599330477006514,0.3573733551751862,NEUTRAL,False,0.21827966771783913,0.0457750281601203,0.0,0.0457750281601203,0.17250463955771883,0.02,False,False,False,ONLINE_RANK,,,,,,,,,,,,,
V9.6.1_REFERENCE,2025-07,47334,47358,-1,fca571982b7c88a0,2025-07-11,-1.27123368019497,False,2,2,True,True,0.23491819592885044,0.3985835723078632,0.6129032258064516,0.8,False,0.47670948129113055,0.34,0.5530143826026395,0.3555331944166258,NEUTRAL,False,0.2441447915428922,0.0457750281601203,0.0,0.0457750281601203,0.1983697633827719,0.02,False,False,False,ONLINE_RANK,,,,,,,,,,,,,
V9.6.1_REFERENCE,2025-07,47454,47484,-1,fca571982b7c88a0,2025-07-14,-1.2712123899677013,False,2,2,True,True,0.38112442331496055,0.32307129939717094,0.3125,0.8,False,0.5227332611841322,0.34,0.7132173848047298,0.36063088700365964,NEUTRAL,False,0.10038193882898483,0.0457750281601203,0.0,0.0457750281601203,0.05460691066886453,0.02,False,False,False,ONLINE_RANK,,,,,,,,,,,,,
V9.6.1_REFERENCE,2025-07,47460,47484,-1,fca571982b7c88a0,2025-07-14,-1.2712125542859891,False,2,2,True,True,0.24515467687470047,0.3922165847878344,0.6060606060606061,0.8,False,0.5193717932608286,0.34,0.5757811900807783,0.35602501888807503,NEUTRAL,False,0.23206335487565571,0.0457750281601203,0.0,0.0457750281601203,0.1862883267155354,0.02,False,False,False,ONLINE_RANK,,,,,,,,,,,,,
V9.6.1_REFERENCE,2025-07,47461,47482,-1,fca571982b7c88a0,2025-07-14,-1.2712126683671485,False,2,2,True,True,0.21240147260342418,0.41344396516277415,0.7352941176470589,0.8,False,0.5193194151321789,0.34,0.5341992021916928,0.354499948809773,NEUTRAL,False,0.27241700874681196,0.0457750281601203,0.0,0.0457750281601203,0.22664198058669166,0.02,False,False,False,ONLINE_RANK,,,,,,,,,,,,,
V9.6.1_REFERENCE,2025-08,47911,47922,-1,fca571982b7c88a0,2025-08-01,-0.16999661605873476,False,2,2,False,False,,,,,False,,,,,,False,,,,,,,False,False,False,MODEL_UNAVAILABLE,,,,,,,,,,,,,
V9.6.1_REFERENCE,2025-08,49851,49941,-1,fca571982b7c88a0,2025-08-08,-0.17068297938745836,False,2,2,False,False,,,,,False,,,,,,False,,,,,,,False,False,False,MODEL_UNAVAILABLE,,,,,,,,,,,,,
V9.6.1_REFERENCE,2025-08,50666,50677,-1,fca571982b7c88a0,2025-08-13,1.8449715074516468,True,1,1,False,False,,,,,False,,,,,,False,,,,,,,False,False,False,MODEL_UNAVAILABLE,,,,,,,,,,,,,
V9.6.1_REFERENCE,2025-08,50667,50677,-1,fca571982b7c88a0,2025-08-13,1.8401691359480234,True,1,1,False,False,,,,,False,,,,,,False,,,,,,,False,False,False,MODEL_UNAVAILABLE,,,,,,,,,,,,,
V9.6.1_REFERENCE,2025-08,50668,50672,-1,fca571982b7c88a0,2025-08-13,1.8339175215752659,True,1,1,False,False,,,,,False,,,,,,False,,,,,,,False,False,False,MODEL_UNAVAILABLE,,,,,,,,,,,,,
V9.6.1_REFERENCE,2025-08,50670,50677,-1,fca571982b7c88a0,2025-08-13,1.830335786958877,True,1,1,False,False,,,,,False,,,,,,False,,,,,,,False,False,False,MODEL_UNAVAILABLE,,,,,,,,,,,,,
V9.6.1_REFERENCE,2025-08,52727,52739,-1,fca571982b7c88a0,2025-08-22,-0.12987683503728378,False,2,2,False,False,,,,,False,,,,,,False,,,,,,,False,False,False,MODEL_UNAVAILABLE,,,,,,,,,,,,,
V9.6.1_REFERENCE,2025-08,53430,53434,-1,fca571982b7c88a0,2025-08-26,-1.2712548800568824,False,2,2,False,False,,,,,False,,,,,,False,,,,,,,False,False,False,MODEL_UNAVAILABLE,,,,,,,,,,,,,
V9.6.1_REFERENCE,2025-08,53878,53886,-1,fca571982b7c88a0,2025-08-28,-0.1706976466099136,False,2,2,False,False,,,,,False,,,,,,False,,,,,,,False,False,False,MODEL_UNAVAILABLE,,,,,,,,,,,,,
V9.6.1_REFERENCE,2025-08,54643,54674,-1,fca571982b7c88a0,2025-08-31,-1.2712670961024612,False,2,2,False,False,,,,,False,,,,,,False,,,,,,,False,False,False,MODEL_UNAVAILABLE,,,,,,,,,,,,,
V9.6.1_REFERENCE,2025-09,54863,54874,-1,fca571982b7c88a0,2025-09-01,-1.2712679853992956,False,2,2,False,False,,,,,False,,,,,,False,,,,,,,False,False,False,MODEL_UNAVAILABLE,,,,,,,,,,,,,
V9.6.1_REFERENCE,2025-09,55160,55163,-1,fca571982b7c88a0,2025-09-02,-1.239009443135294,False,2,2,False,False,,,,,False,,,,,,False,,,,,,,False,False,False,MODEL_UNAVAILABLE,,,,,,,,,,,,,
V9.6.1_REFERENCE,2025-09,55167,55172,-1,fca571982b7c88a0,2025-09-02,-0.14163418019028354,False,2,2,False,False,,,,,False,,,,,,False,,,,,,,False,False,False,MODEL_UNAVAILABLE,,,,,,,,,,,,,
V9.6.1_REFERENCE,2025-09,55825,55864,-1,fca571982b7c88a0,2025-09-05,-1.271256631178375,False,2,2,False,False,,,,,False,,,,,,False,,,,,,,False,False,False,MODEL_UNAVAILABLE,,,,,,,,,,,,,
V9.6.1_REFERENCE,2025-09,55826,55864,-1,fca571982b7c88a0,2025-09-05,-1.27125610897182,False,2,2,False,False,,,,,False,,,,,,False,,,,,,,False,False,False,MODEL_UNAVAILABLE,,,,,,,,,,,,,
V9.6.1_REFERENCE,2025-09,56430,56630,-1,fca571982b7c88a0,2025-09-07,-0.17070658654606624,False,2,2,False,False,,,,,False,,,,,,False,,,,,,,False,False,False,MODEL_UNAVAILABLE,,,,,,,,,,,,,
V9.6.1_REFERENCE,2025-09,57138,57184,-1,fca571982b7c88a0,2025-09-10,-0.1706999455596066,False,2,2,False,False,,,,,False,,,,,,False,,,,,,,False,False,False,MODEL_UNAVAILABLE,,,,,,,,,,,,,
V9.6.1_REFERENCE,2025-09,57789,57832,-1,fca571982b7c88a0,2025-09-12,-0.17068468051953192,False,2,2,False,False,,,,,False,,,,,,False,,,,,,,False,False,False,MODEL_UNAVAILABLE,,,,,,,,,,,,,
V9.6.1_REFERENCE,2025-09,58828,58837,-1,fca571982b7c88a0,2025-09-16,-1.2712370958117465,False,2,2,False,False,,,,,False,,,,,,False,,,,,,,False,False,False,MODEL_UNAVAILABLE,,,,,,,,,,,,,
V9.6.1_REFERENCE,2025-09,59222,59336,-1,fca571982b7c88a0,2025-09-18,-0.1706795293153434,False,2,2,False,False,,,,,False,,,,,,False,,,,,,,False,False,False,MODEL_UNAVAILABLE,,,,,,,,,,,,,
V9.6.1_REFERENCE,2025-09,59224,59336,-1,fca571982b7c88a0,2025-09-18,-0.17067953614423303,False,2,2,False,False,,,,,False,,,,,,False,,,,,,,False,False,False,MODEL_UNAVAILABLE,,,,,,,,,,,,,
V9.6.1_REFERENCE,2025-09,59226,59344,-1,fca571982b7c88a0,2025-09-18,-0.1706794494902915,False,2,2,False,False,,,,,False,,,,,,False,,,,,,,False,False,False,MODEL_UNAVAILABLE,,,,,,,,,,,,,
V9.6.1_REFERENCE,2025-09,59227,59336,-1,fca571982b7c88a0,2025-09-18,-0.17068018265143736,False,2,2,False,False,,,,,False,,,,,,False,,,,,,,False,False,False,MODEL_UNAVAILABLE,,,,,,,,,,,,,
V9.6.1_REFERENCE,2025-09,59228,59336,-1,fca571982b7c88a0,2025-09-18,-0.1706798358204316,False,2,2,False,False,,,,,False,,,,,,False,,,,,,,False,False,False,MODEL_UNAVAILABLE,,,,,,,,,,,,,
V9.6.1_REFERENCE,2025-09,60841,60851,-1,fca571982b7c88a0,2025-09-24,-1.2712521274089024,False,2,2,False,False,,,,,False,,,,,,False,,,,,,,False,False,False,MODEL_UNAVAILABLE,,,,,,,,,,,,,
V9.6.1_REFERENCE,2025-09,61232,61242,-1,fca571982b7c88a0,2025-09-25,1.8302942754952483,True,1,1,False,False,,,,,False,,,,,,False,,,,,,,False,False,False,MODEL_UNAVAILABLE,,,,,,,,,,,,,
V9.6.1_REFERENCE,2025-09,62585,62599,-1,fca571982b7c88a0,2025-09-30,-1.2712469146935177,False,2,2,False,False,,,,,False,,,,,,False,,,,,,,False,False,False,MODEL_UNAVAILABLE,,,,,,,,,,,,,
V9.6.1_REFERENCE,2025-10,62834,62837,-1,fca571982b7c88a0,2025-10-01,-1.2712293453146417,False,2,2,False,False,,,,,False,,,,,,False,,,,,,,False,False,False,MODEL_UNAVAILABLE,,,,,,,,,,,,,
V9.6.1_REFERENCE,2025-10,63359,63361,-1,fca571982b7c88a0,2025-10-03,-1.2712180612156554,False,2,2,False,False,,,,,False,,,,,,False,,,,,,,False,False,False,MODEL_UNAVAILABLE,,,,,,,,,,,,,
V9.6.1_REFERENCE,2025-10,63486,63494,-1,fca571982b7c88a0,2025-10-05,-0.17065676201038057,False,2,2,False,False,,,,,False,,,,,,False,,,,,,,False,False,False,MODEL_UNAVAILABLE,,,,,,,,,,,,,
V9.6.1_REFERENCE,2025-10,63521,63557,-1,fca571982b7c88a0,2025-10-05,1.830348455305814,True,1,1,False,False,,,,,False,,,,,,False,,,,,,,False,False,False,MODEL_UNAVAILABLE,,,,,,,,,,,,,
V9.6.1_REFERENCE,2025-10,63934,63961,-1,fca571982b7c88a0,2025-10-06,1.8303500305196259,True,1,1,False,False,,,,,False,,,,,,False,,,,,,,False,False,False,MODEL_UNAVAILABLE,,,,,,,,,,,,,
V9.6.1_REFERENCE,2025-10,64352,64373,-1,fca571982b7c88a0,2025-10-08,-1.2712116152663937,False,2,2,False,False,,,,,False,,,,,,False,,,,,,,False,False,False,MODEL_UNAVAILABLE,,,,,,,,,,,,,
V9.6.1_REFERENCE,2025-10,64359,64373,-1,fca571982b7c88a0,2025-10-08,-1.2712113619569512,False,2,2,False,False,,,,,False,,,,,,False,,,,,,,False,False,False,MODEL_UNAVAILABLE,,,,,,,,,,,,,
V9.6.1_REFERENCE,2025-10,64422,64434,-1,fca571982b7c88a0,2025-10-08,-1.2712116098584325,False,2,2,False,False,,,,,False,,,,,,False,,,,,,,False,False,False,MODEL_UNAVAILABLE,,,,,,,,,,,,,
V9.6.1_REFERENCE,2025-10,65293,65301,-1,fca571982b7c88a0,2025-10-12,-1.2712562533754626,False,2,2,False,False,,,,,False,,,,,,False,,,,,,,False,False,False,MODEL_UNAVAILABLE,,,,,,,,,,,,,
V9.6.1_REFERENCE,2025-10,65469,65473,-1,fca571982b7c88a0,2025-10-12,-1.2712404281727847,False,2,2,False,False,,,,,False,,,,,,False,,,,,,,False,False,False,MODEL_UNAVAILABLE,,,,,,,,,,,,,
V9.6.1_REFERENCE,2025-10,65470,65473,-1,fca571982b7c88a0,2025-10-12,-1.2712403894106281,False,2,2,False,False,,,,,False,,,,,,False,,,,,,,False,False,False,MODEL_UNAVAILABLE,,,,,,,,,,,,,
V9.6.1_REFERENCE,2025-10,65493,65500,-1,fca571982b7c88a0,2025-10-12,-0.17068884812827717,False,2,2,False,False,,,,,False,,,,,,False,,,,,,,False,False,False,MODEL_UNAVAILABLE,,,,,,,,,,,,,
V9.6.1_REFERENCE,2025-10,65935,65937,-1,fca571982b7c88a0,2025-10-14,-1.222618593933134,False,2,2,False,False,,,,,False,,,,,,False,,,,,,,False,False,False,MODEL_UNAVAILABLE,,,,,,,,,,,,,
V9.6.1_REFERENCE,2025-10,66515,66523,-1,fca571982b7c88a0,2025-10-16,-0.11951851064527158,False,2,2,False,False,,,,,False,,,,,,False,,,,,,,False,False,False,MODEL_UNAVAILABLE,,,,,,,,,,,,,
V9.6.1_REFERENCE,2025-10,67402,67412,-1,fca571982b7c88a0,2025-10-20,-1.2712671641861617,False,2,2,False,False,,,,,False,,,,,,False,,,,,,,False,False,False,MODEL_UNAVAILABLE,,,,,,,,,,,,,
V9.6.1_REFERENCE,2025-10,67531,67540,-1,fca571982b7c88a0,2025-10-20,-1.2712570514567267,False,2,2,False,False,,,,,False,,,,,,False,,,,,,,False,False,False,MODEL_UNAVAILABLE,,,,,,,,,,,,,
V9.6.1_REFERENCE,2025-10,67763,67776,-1,fca571982b7c88a0,2025-10-21,-1.2712692398319674,False,2,2,False,False,,,,,False,,,,,,False,,,,,,,False,False,False,MODEL_UNAVAILABLE,,,,,,,,,,,,,
V9.6.1_REFERENCE,2025-10,68213,68241,-1,fca571982b7c88a0,2025-10-23,-1.2712681110632584,False,2,2,False,False,,,,,False,,,,,,False,,,,,,,False,False,False,MODEL_UNAVAILABLE,,,,,,,,,,,,,
V9.6.1_REFERENCE,2025-10,68330,68335,-1,fca571982b7c88a0,2025-10-23,-0.1707142691959988,False,2,2,False,False,,,,,False,,,,,,False,,,,,,,False,False,False,MODEL_UNAVAILABLE,,,,,,,,,,,,,
V9.6.1_REFERENCE,2025-10,68372,68395,-1,fca571982b7c88a0,2025-10-23,1.8302923776142146,True,1,1,False,False,,,,,False,,,,,,False,,,,,,,False,False,False,MODEL_UNAVAILABLE,,,,,,,,,,,,,
V9.6.1_REFERENCE,2025-10,68373,68395,-1,fca571982b7c88a0,2025-10-23,1.8302920107642446,True,1,1,False,False,,,,,False,,,,,,False,,,,,,,False,False,False,MODEL_UNAVAILABLE,,,,,,,,,,,,,
V9.6.1_REFERENCE,2025-10,68374,68395,-1,fca571982b7c88a0,2025-10-23,1.8302918772563184,True,1,1,False,False,,,,,False,,,,,,False,,,,,,,False,False,False,MODEL_UNAVAILABLE,,,,,,,,,,,,,
V9.6.1_REFERENCE,2025-10,69324,69363,-1,fca571982b7c88a0,2025-10-27,1.8303135393255048,True,1,1,False,False,,,,,False,,,,,,False,,,,,,,False,False,False,MODEL_UNAVAILABLE,,,,,,,,,,,,,
V9.6.1_REFERENCE,2025-10,69326,69328,-1,fca571982b7c88a0,2025-10-27,1.8303138277175421,True,1,1,False,False,,,,,False,,,,,,False,,,,,,,False,False,False,MODEL_UNAVAILABLE,,,,,,,,,,,,,
V9.6.1_REFERENCE,2025-10,70021,70029,-1,fca571982b7c88a0,2025-10-30,-1.241564548005948,False,2,2,False,False,,,,,False,,,,,,False,,,,,,,False,False,False,MODEL_UNAVAILABLE,,,,,,,,,,,,,
V9.6.1_REFERENCE,2025-10,70033,70035,-1,fca571982b7c88a0,2025-10-30,-1.2712586115256548,False,2,2,False,False,,,,,False,,,,,,False,,,,,,,False,False,False,MODEL_UNAVAILABLE,,,,,,,,,,,,,
V9.6.1_REFERENCE,2025-10,70039,70053,-1,fca571982b7c88a0,2025-10-30,1.8305193373507584,True,1,1,False,False,,,,,False,,,,,,False,,,,,,,False,False,False,MODEL_UNAVAILABLE,,,,,,,,,,,,,
V9.6.1_REFERENCE,2025-10,70236,70249,-1,fca571982b7c88a0,2025-10-31,1.8302871314746165,True,1,1,False,False,,,,,False,,,,,,False,,,,,,,False,False,False,MODEL_UNAVAILABLE,,,,,,,,,,,,,
V9.6.1_REFERENCE,2025-10,70278,70311,-1,fca571982b7c88a0,2025-10-31,-0.1707119529498316,False,2,2,False,False,,,,,False,,,,,,False,,,,,,,False,False,False,MODEL_UNAVAILABLE,,,,,,,,,,,,,
V9.6.1_REFERENCE,2025-10,70279,70310,-1,fca571982b7c88a0,2025-10-31,-0.1707126918649927,False,2,2,False,False,,,,,False,,,,,,False,,,,,,,False,False,False,MODEL_UNAVAILABLE,,,,,,,,,,,,,
V9.6.1_REFERENCE,2025-10,70280,70310,-1,fca571982b7c88a0,2025-10-31,-0.17071284591826139,False,2,2,False,False,,,,,False,,,,,,False,,,,,,,False,False,False,MODEL_UNAVAILABLE,,,,,,,,,,,,,
V9.6.1_REFERENCE,2025-10,70394,70539,-1,fca571982b7c88a0,2025-10-31,-0.13079605408316622,False,2,2,False,False,,,,,False,,,,,,False,,,,,,,False,False,False,MODEL_UNAVAILABLE,,,,,,,,,,,,,
V9.6.1_REFERENCE,2025-10,70395,70539,-1,fca571982b7c88a0,2025-10-31,-0.13466549182021448,False,2,2,False,False,,,,,False,,,,,,False,,,,,,,False,False,False,MODEL_UNAVAILABLE,,,,,,,,,,,,,
V9.6.1_REFERENCE,2025-11,71235,71247,-1,fca571982b7c88a0,2025-11-04,1.9523845120845313,True,1,1,True,True,0.1760959272736491,0.22447125527388478,0.08823529411764706,0.8,False,0.8226488397743956,0.34,0.6383513929413951,0.267410134421454,REJECT,False,-0.2195534211986626,0.04384364712439985,0.0,0.04384364712439985,-0.2633970683230625,0.02,False,False,False,ONLINE_RANK,,,,,,,,,,,,,
V9.6.1_REFERENCE,2025-11,71237,71247,-1,fca571982b7c88a0,2025-11-04,1.9511183705947617,True,1,1,True,True,0.1594115487979463,0.2173729664873914,0.05714285714285714,0.8,False,0.8228389536816574,0.34,0.6547550571084566,0.26755553672343557,REJECT,False,-0.23372521942239777,0.04384364712439985,0.0,0.04384364712439985,-0.27756886654679763,0.02,False,False,False,ONLINE_RANK,,,,,,,,,,,,,
V9.6.1_REFERENCE,2025-11,71238,71247,-1,fca571982b7c88a0,2025-11-04,1.9509528470021675,True,1,1,True,True,0.17008847169404864,0.2219564460263444,0.08333333333333333,0.8,False,0.8222199389595565,0.34,0.6234291911225487,0.2671635054855624,REJECT,False,-0.2247740396927005,0.04384364712439985,0.0,0.04384364712439985,-0.26861768681710035,0.02,False,False,False,ONLINE_RANK,,,,,,,,,,,,,
V9.6.1_REFERENCE,2025-11,71815,71825,-1,fca571982b7c88a0,2025-11-06,-0.17075330407362674,False,2,2,True,True,0.10917633331321626,0.1931920789161804,0.02702702702702703,0.8,False,0.8130788868125726,0.34,0.5048863226181187,0.26525904096500874,REJECT,False,-0.28387332011264366,0.04384364712439985,0.0,0.04384364712439985,-0.3277169672370435,0.02,False,False,False,ONLINE_RANK,,,,,,,,,,,,,
V9.6.1_REFERENCE,2025-11,72046,72052,-1,fca571982b7c88a0,2025-11-07,-1.271293321181501,False,2,2,True,True,0.32690279776057746,0.2786462733741743,0.6842105263157895,0.8,False,0.545521634912592,0.34,0.5146657904842278,0.27285279746116325,REJECT,False,-0.10700188836641233,0.04384364712439985,0.0,0.04384364712439985,-0.1508455354908122,0.02,False,False,False,ONLINE_RANK,,,,,,,,,,,,,
V9.6.1_REFERENCE,2025-11,72072,72090,-1,fca571982b7c88a0,2025-11-07,1.8302598896927755,True,1,1,True,True,0.36403909379937144,0.29059729104889653,0.7692307692307693,0.8,False,0.522406149178515,0.34,0.46232059730342906,0.27267366613979727,REJECT,False,-0.0830975653610182,0.04384364712439985,0.0,0.04384364712439985,-0.12694121248541806,0.02,False,False,False,ONLINE_RANK,,,,,,,,,,,,,
V9.6.1_REFERENCE,2025-11,73260,73272,-1,fca571982b7c88a0,2025-11-12,-1.2712871862754191,False,2,2,True,True,0.5415810042896027,0.3471583778756316,0.975,0.8,True,0.8128701101513794,0.34,0.7618056181027908,0.2712933271653086,REJECT,False,0.029678580528999854,0.04384364712439985,0.0,0.04384364712439985,-0.014165066595399997,0.02,False,False,False,META_PROBABILITY,,,,,,,,,,,,,
V9.6.1_REFERENCE,2025-11,73709,73715,-1,fca571982b7c88a0,2025-11-14,-1.2234844010159187,False,2,2,True,True,0.1418102928517149,0.20945182033329623,0.07317073170731707,0.8,False,0.820232845819229,0.34,0.5183847649127604,0.26548772169123785,REJECT,False,-0.25103418344128403,0.04384364712439985,0.0,0.04384364712439985,-0.2948778305656839,0.02,False,False,False,ONLINE_RANK,,,,,,,,,,,,,
V9.6.1_REFERENCE,2025-11,73710,73715,-1,fca571982b7c88a0,2025-11-14,-1.227104640485646,False,2,2,True,True,0.18611400549646645,0.22857210778024728,0.21428571428571427,0.8,False,0.8200252850449667,0.34,0.6228622229907192,0.2672957029434002,REJECT,False,-0.2113864216704764,0.04384364712439985,0.0,0.04384364712439985,-0.25523006879487625,0.02,False,False,False,ONLINE_RANK,,,,,,,,,,,,,
V9.6.1_REFERENCE,2025-11,73791,73808,-1,fca571982b7c88a0,2025-11-14,-0.12349390865604246,False,2,2,True,True,0.10088582899615645,0.18863205000650443,0.023255813953488372,0.8,False,0.8161031753678644,0.34,0.568258580665925,0.26606040074534376,REJECT,False,-0.29250307636553285,0.04384364712439985,0.0,0.04384364712439985,-0.3363467234899327,0.02,False,False,False,ONLINE_RANK,,,,,,,,,,,,,
V9.6.1_REFERENCE,2025-11,73999,74023,-1,fca571982b7c88a0,2025-11-15,-0.17078146175925912,False,2,2,True,True,0.1814419730172567,0.2266734813896139,0.20454545454545456,0.8,False,0.8207465106516554,0.34,0.47938971294725036,0.26510428415490644,REJECT,False,-0.21667152936499262,0.04384364712439985,0.0,0.04384364712439985,-0.2605151764893925,0.02,False,False,False,ONLINE_RANK,,,,,,,,,,,,,
V9.6.1_REFERENCE,2025-11,74485,74486,-1,fca571982b7c88a0,2025-11-16,-1.185441811154667,False,2,2,True,True,0.5408886795010053,0.34692988124613117,0.9555555555555556,0.8,True,0.829020804077641,0.34,0.6616849259579992,0.26927176539531633,REJECT,False,0.027864643788990673,0.04384364712439985,0.0,0.04384364712439985,-0.015979003335409178,0.02,False,False,False,META_PROBABILITY,,,,,,,,,,,,,
V9.6.1_REFERENCE,2025-11,74486,74488,-1,fca571982b7c88a0,2025-11-16,-1.1790319427350429,False,2,2,True,True,0.5089293841724045,0.3365064750500695,0.9347826086956522,0.8,True,0.8286699210742047,0.34,0.6125297424464227,0.26835230172615915,REJECT,False,0.006295034242527531,0.04384364712439985,0.0,0.04384364712439985,-0.03754861288187232,0.02,False,False,False,META_PROBABILITY,,,,,,,,,,,,,
V9.6.1_REFERENCE,2025-11,74583,74592,-1,fca571982b7c88a0,2025-11-17,-0.1707843384974318,False,2,2,True,True,0.3538026715751962,0.2873276483498539,0.7021276595744681,0.8,False,0.5285457417069441,0.34,0.6953008235479836,0.27643483377669625,REJECT,False,-0.08715003878137706,0.04384364712439985,0.0,0.04384364712439985,-0.13099368590577692,0.02,False,False,False,ONLINE_RANK,,,,,,,,,,,,,
V9.6.1_REFERENCE,2025-11,75212,75214,-1,fca571982b7c88a0,2025-11-20,-1.271358478960571,False,2,2,True,True,0.5130155571317764,0.3378268795666438,0.9375,0.8,True,0.8227640703670855,0.34,0.5950877050915163,0.26823371680526664,REJECT,False,0.008869896538256872,0.04384364712439985,0.0,0.04384364712439985,-0.03497375058614298,0.02,False,False,False,META_PROBABILITY,,,,,,,,,,,,,
V9.6.1_REFERENCE,2025-11,75222,75258,-1,fca571982b7c88a0,2025-11-20,-0.17080479766639714,False,2,2,True,True,0.4119288217214431,0.30574601462209955,0.8163265306122449,0.8,True,0.5407326370098795,0.34,0.600069127415759,0.27476387917615785,REJECT,False,-0.05124446321884879,0.04384364712439985,0.0,0.04384364712439985,-0.09508811034324864,0.02,False,False,False,META_PROBABILITY,,,,,,,,,,,,,
V9.6.1_REFERENCE,2025-11,75462,75465,-1,fca571982b7c88a0,2025-11-20,1.8431367898140198,True,1,1,True,True,0.05384430816862441,0.15709975782350644,0.02,0.8,False,0.815658836258788,0.34,0.5687171826650894,0.2656762214937878,REJECT,False,-0.35614782661656735,0.04384364712439985,0.0,0.04384364712439985,-0.3999914737409672,0.02,False,False,False,ONLINE_RANK,,,,,,,,,,,,,
V9.6.1_REFERENCE,2025-11,75463,75467,-1,fca571982b7c88a0,2025-11-20,1.853153075027752,True,1,1,True,True,0.09483380915741893,0.18516332033542235,0.0392156862745098,0.8,False,0.8159552509550743,0.34,0.616254559362289,0.2667226881038529,REJECT,False,-0.29903225402163974,0.04384364712439985,0.0,0.04384364712439985,-0.3428759011460396,0.02,False,False,False,ONLINE_RANK,,,,,,,,,,,,,
V9.6.1_REFERENCE,2025-11,75536,75555,-1,fca571982b7c88a0,2025-11-21,1.8532633197143376,True,1,1,True,True,0.45758787661727185,0.3201327315701041,0.8846153846153846,0.8,True,0.8245856928258217,0.34,0.5382321482162329,0.26705995297898827,REJECT,False,-0.027486014300028838,0.04384364712439985,0.0,0.04384364712439985,-0.07132966142442869,0.02,False,False,False,META_PROBABILITY,,,,,,,,,,,,,
V9.6.1_REFERENCE,2025-11,75596,75609,-1,fca571982b7c88a0,2025-11-21,1.9512117896482253,True,1,1,True,True,0.05116077713717256,0.15485396957633102,0.018867924528301886,0.8,False,0.8287581365944082,0.34,0.6092826261886652,0.2659155321810936,REJECT,False,-0.36050203203061343,0.04384364712439985,0.0,0.04384364712439985,-0.4043456791550133,0.02,False,False,False,ONLINE_RANK,,,,,,,,,,,,,
V9.6.1_REFERENCE,2025-11,75597,75608,-1,fca571982b7c88a0,2025-11-21,1.9492510831203553,True,1,1,True,True,0.051916228926102086,0.15549346434186706,0.037037037037037035,0.8,False,0.8289069481976852,0.34,0.5048364553431767,0.26442680520309814,REJECT,False,-0.3602140609506847,0.04384364712439985,0.0,0.04384364712439985,-0.40405770807508457,0.02,False,False,False,ONLINE_RANK,,,,,,,,,,,,,
V9.6.1_REFERENCE,2025-11,75705,75711,-1,fca571982b7c88a0,2025-11-21,-1.1679452780892239,False,2,2,True,True,0.12529157975538321,0.20151827281545603,0.12727272727272726,0.8,False,0.8285916372978969,0.34,0.5792922352269309,0.26608843220800155,REJECT,False,-0.2665799558890127,0.04384364712439985,0.0,0.04384364712439985,-0.31042360301341254,0.02,False,False,False,ONLINE_RANK,,,,,,,,,,,,,
V9.6.1_REFERENCE,2025-11,75706,75710,-1,fca571982b7c88a0,2025-11-21,-1.1737950294946553,False,2,2,True,True,0.08337122459538493,0.1782153103069472,0.07142857142857142,0.8,False,0.8286345984336558,0.34,0.5908708947385335,0.2659567096025069,REJECT,False,-0.3135126531689802,0.04384364712439985,0.0,0.04384364712439985,-0.35735630029338006,0.02,False,False,False,ONLINE_RANK,,,,,,,,,,,,,
V9.6.1_REFERENCE,2025-11,76059,76084,-1,fca571982b7c88a0,2025-11-23,1.8301557408228823,True,1,1,True,True,0.5327107424678629,0.3442401727220724,0.9473684210526315,0.8,True,0.526610851136868,0.34,0.6435622186088439,0.2763871999128936,REJECT,False,0.027225596049681,0.04384364712439985,0.0,0.04384364712439985,-0.01661805107471885,0.02,False,False,False,META_PROBABILITY,,,,,,,,,,,,,
V9.6.1_REFERENCE,2025-11,76060,76085,-1,fca571982b7c88a0,2025-11-23,1.8301551802551717,True,1,1,True,True,0.41351872757256003,0.3062466155469212,0.8275862068965517,0.8,True,0.5236956267715982,0.34,0.662133958968669,0.2762551186164658,REJECT,False,-0.049238890395463586,0.04384364712439985,0.0,0.04384364712439985,-0.09308253751986344,0.02,False,False,False,META_PROBABILITY,,,,,,,,,,,,,
V9.6.1_REFERENCE,2025-11,76167,76176,-1,fca571982b7c88a0,2025-11-23,-0.17084307456577152,False,2,2,True,True,0.5442903921543483,0.3480538249086861,0.9830508474576272,0.8,True,0.532332619415436,0.34,0.5389207712032926,0.2744668498770501,REJECT,False,0.033605148470435275,0.04384364712439985,0.0,0.04384364712439985,-0.010238498653964576,0.02,False,False,False,META_PROBABILITY,,,,,,,,,,,,,
V9.6.1_REFERENCE,2025-11,76184,76186,-1,fca571982b7c88a0,2025-11-23,-1.271390755236715,False,2,2,True,True,0.603354686675475,0.368165555566499,0.9833333333333333,0.8,True,0.5288244061844349,0.34,0.5329705461782077,0.27470483462790724,REJECT,False,0.07419392348494991,0.04384364712439985,0.0,0.04384364712439985,0.030350276360550058,0.02,False,False,False,META_PROBABILITY,,,,,,,,,,,,,
V9.6.1_REFERENCE,2025-11,76453,76455,-1,fca571982b7c88a0,2025-11-24,-1.2147025124475934,False,2,2,True,True,0.3289844125504751,0.2793235267148202,0.6065573770491803,0.8,False,0.5344558040478568,0.34,0.4779217577697395,0.2725112981096202,REJECT,False,-0.10586928126576767,0.04384364712439985,0.0,0.04384364712439985,-0.14971292839016753,0.02,False,False,False,ONLINE_RANK,,,,,,,,,,,,,
V9.6.1_REFERENCE,2025-11,76507,76519,-1,fca571982b7c88a0,2025-11-24,-0.17082715118256717,False,2,2,True,True,0.3734291848598068,0.2935839308179296,0.7258064516129032,0.8,False,0.5177842121354046,0.34,0.5394642818234221,0.27413183778999,REJECT,False,-0.0761166280416673,0.04384364712439985,0.0,0.04384364712439985,-0.11996027516606715,0.02,False,False,False,ONLINE_RANK,,,,,,,,,,,,,
V9.6.1_REFERENCE,2025-11,76508,76537,-1,fca571982b7c88a0,2025-11-24,1.8301722838894627,True,1,1,True,True,0.18936278761488282,0.22987875820577552,0.2857142857142857,0.8,False,0.5177910628659202,0.34,0.5427863934207077,0.27337096924321364,REJECT,False,-0.2046888426533467,0.04384364712439985,0.0,0.04384364712439985,-0.24853248977774656,0.02,False,False,False,ONLINE_RANK,,,,,,,,,,,,,
V9.6.1_REFERENCE,2025-11,76735,76749,-1,fca571982b7c88a0,2025-11-25,1.8375221824337566,True,1,1,True,True,0.2942774709469425,0.2678776195259137,0.546875,0.8,False,0.5399369653410051,0.34,0.6428663839786435,0.2749941908054327,REJECT,False,-0.12721451280368223,0.04384364712439985,0.0,0.04384364712439985,-0.1710581599280821,0.02,False,False,False,ONLINE_RANK,,,,,,,,,,,,,
V9.6.1_REFERENCE,2025-11,76773,76786,-1,fca571982b7c88a0,2025-11-25,1.8301607712705452,True,1,1,True,True,0.4337870561574894,0.3126268256834427,0.8153846153846154,0.8,True,0.5358932050999484,0.34,0.615300287368256,0.2752360207557743,REJECT,False,-0.037096043555974734,0.04384364712439985,0.0,0.04384364712439985,-0.08093969068037458,0.02,False,False,False,META_PROBABILITY,,,,,,,,,,,,,
V9.6.1_REFERENCE,2025-11,77012,77046,-1,fca571982b7c88a0,2025-11-26,-1.2224190290603023,False,2,2,True,True,0.472026638695678,0.3247049714204316,0.8787878787878788,0.8,True,0.5377331972848596,0.34,0.6875869877891612,0.2766039057535005,REJECT,False,-0.011899541099141264,0.04384364712439985,0.0,0.04384364712439985,-0.055743188223541115,0.02,False,False,False,META_PROBABILITY,,,,,,,,,,,,,
V9.6.1_REFERENCE,2025-11,77057,77081,-1,fca571982b7c88a0,2025-11-26,-1.2713693126949368,False,2,2,True,True,0.2255603682270282,0.24378878875292312,0.29850746268656714,0.8,False,0.5364727406974201,0.34,0.7793262271546939,0.2770119389105533,REJECT,False,-0.1742866762288593,0.04384364712439985,0.0,0.04384364712439985,-0.21813032335325916,0.02,False,False,False,ONLINE_RANK,,,,,,,,,,,,,
V9.6.1_REFERENCE,2025-11,77105,77144,-1,fca571982b7c88a0,2025-11-27,-0.1708114938841681,False,2,2,True,True,0.6389932264024063,0.38101431424517895,1.0,0.8,True,0.5158294571806736,0.34,0.5809385301905421,0.2760417314232544,REJECT,False,0.10091877459002419,0.04384364712439985,0.0,0.04384364712439985,0.057075127465624334,0.02,False,False,False,META_PROBABILITY,,,,,,,,,,,,,
V9.6.1_REFERENCE,2025-11,77106,77133,-1,fca571982b7c88a0,2025-11-27,-0.17081088668787453,False,2,2,True,True,0.3306953585187665,0.2798794250985387,0.5942028985507246,0.8,False,0.5158946440552755,0.34,0.5052374850967327,0.27342378036700116,REJECT,False,-0.10414036021529549,0.04384364712439985,0.0,0.04384364712439985,-0.14798400733969536,0.02,False,False,False,ONLINE_RANK,,,,,,,,,,,,,
V9.6.1_REFERENCE,2025-11,77109,77133,-1,fca571982b7c88a0,2025-11-27,-0.17081120297401162,False,2,2,True,True,0.4114151723473685,0.3055842734099464,0.7571428571428571,0.8,False,0.5138162236067968,0.34,0.614450497428255,0.2756704382385732,REJECT,False,-0.05096213546695261,0.04384364712439985,0.0,0.04384364712439985,-0.09480578259135246,0.02,False,False,False,ONLINE_RANK,,,,,,,,,,,,,
V9.6.1_REFERENCE,2025-11,77842,77914,-1,fca571982b7c88a0,2025-11-29,-0.1708152468523025,False,2,2,True,True,0.2956001230963129,0.26832058929014957,0.49295774647887325,0.8,False,0.6829939270408277,0.34,0.6525140771766824,0.27163289464959856,REJECT,False,-0.12857637126300275,0.04384364712439985,0.0,0.04384364712439985,-0.17242001838740262,0.02,False,False,False,ONLINE_RANK,,,,,,,,,,,,,
V9.6.1_REFERENCE,2025-11,77843,77914,-1,fca571982b7c88a0,2025-11-29,-0.17081544944985608,False,2,2,True,True,0.2299072565350015,0.24539030443188836,0.2777777777777778,0.8,False,0.6828019944536525,0.34,0.4985744368915233,0.2688898560634799,REJECT,False,-0.17650968518899335,0.04384364712439985,0.0,0.04384364712439985,-0.2203533323133932,0.02,False,False,False,ONLINE_RANK,,,,,,,,,,,,,
V9.6.1_REFERENCE,2025-12,78238,78274,-1,fca571982b7c88a0,2025-12-01,1.8301569031770728,True,1,1,True,True,0.3364448127937103,0.3337119895617896,0.525,0.8,False,0.8040016647212999,0.34,0.7420063879635059,0.36410341956181186,NEUTRAL,False,0.1679838406744728,0.046093411762780645,0.0,0.046093411762780645,0.12189042891169216,0.02,False,False,False,ONLINE_RANK,,,,,,,,,,,,,
V9.6.1_REFERENCE,2025-12,78294,78298,-1,fca571982b7c88a0,2025-12-01,-1.2519316330718555,False,2,2,True,True,0.41575671175185697,0.3043092725186274,0.3902439024390244,0.8,False,0.8061365141908305,0.34,0.5818951278821317,0.3582115024509692,NEUTRAL,False,0.10690858726910413,0.046093411762780645,0.0,0.046093411762780645,0.06081517550632348,0.02,False,False,False,ONLINE_RANK,,,,,,,,,,,,,
V9.6.1_REFERENCE,2025-12,78371,78376,-1,fca571982b7c88a0,2025-12-01,-1.2483246791386824,False,2,2,True,True,0.1506532942135113,0.4340055032241077,0.7857142857142857,0.8,False,0.8210696968095994,0.34,0.46866425754243957,0.3665815983296189,NEUTRAL,False,0.3648775414785033,0.046093411762780645,0.0,0.046093411762780645,0.3187841297157227,0.02,False,False,False,ONLINE_RANK,,,,,,,,,,,,,
V9.6.1_REFERENCE,2025-12,78458,78511,-1,fca571982b7c88a0,2025-12-02,-0.17084221390320423,False,2,2,True,True,0.3361642981472155,0.33382425588009024,0.4883720930232558,0.8,False,0.7000995978238372,0.34,0.6607495920603597,0.35879818282435705,NEUTRAL,False,0.1647590970342957,0.046093411762780645,0.0,0.046093411762780645,0.11866568527151505,0.02,False,False,False,ONLINE_RANK,,,,,,,,,,,,,
V9.6.1_REFERENCE,2025-12,78459,78511,-1,fca571982b7c88a0,2025-12-02,-0.17084141765720165,False,2,2,True,True,0.25574613028464854,0.3694879984265396,0.5909090909090909,0.8,False,0.6996974278421546,0.34,0.48273854790795334,0.3577598088252192,NEUTRAL,False,0.23352735093790344,0.046093411762780645,0.0,0.046093411762780645,0.1874339391751228,0.02,False,False,False,ONLINE_RANK,,,,,,,,,,,,,
V9.6.1_REFERENCE,2025-12,78742,78744,-1,fca571982b7c88a0,2025-12-03,-1.2713480550860838,False,2,2,True,True,0.4452512465179334,0.2943138214262616,0.35555555555555557,0.8,False,0.5314820103324533,0.34,0.6461186572361752,0.3499643967195724,NEUTRAL,False,0.08209332155065924,0.046093411762780645,0.0,0.046093411762780645,0.03599990978787859,0.02,False,False,False,ONLINE_RANK,,,,,,,,,,,,,
V9.6.1_REFERENCE,2025-12,79916,79919,-1,fca571982b7c88a0,2025-12-07,-1.2383962735968532,False,2,2,True,True,0.30805698432058776,0.3454475547449128,0.5434782608695652,0.8,False,0.8008088733247769,0.34,0.496429281249859,0.3594877599659746,NEUTRAL,False,0.18783882386133915,0.046093411762780645,0.0,0.046093411762780645,0.1417454120985585,0.02,False,False,False,ONLINE_RANK,,,,,,,,,,,,,
V9.6.1_REFERENCE,2025-12,79917,79919,-1,fca571982b7c88a0,2025-12-07,-1.24783814351255,False,2,2,True,True,0.34129213900869576,0.33178280687131284,0.46808510638297873,0.8,False,0.8006600935537816,0.34,0.6444342981353808,0.36166165259350264,NEUTRAL,False,0.16264263836927279,0.046093411762780645,0.0,0.046093411762780645,0.11654922660649214,0.02,False,False,False,ONLINE_RANK,,,,,,,,,,,,,
V9.6.1_REFERENCE,2025-12,80770,80779,-1,fca571982b7c88a0,2025-12-10,1.9710930230968304,True,1,1,True,True,0.3584695107202106,0.3251026774044309,0.4375,0.8,False,0.5434314275747598,0.34,0.7448620656615217,0.35446666282094796,NEUTRAL,False,0.14496563074722774,0.046093411762780645,0.0,0.046093411762780645,0.09887221898444709,0.02,False,False,False,ONLINE_RANK,,,,,,,,,,,,,
V9.6.1_REFERENCE,2025-12,80771,80779,-1,fca571982b7c88a0,2025-12-10,1.9664628291275352,True,1,1,True,True,0.3787834542279628,0.31748921208749636,0.40816326530612246,0.8,False,0.5432590715321856,0.34,0.5734613487490366,0.3507020687659406,NEUTRAL,False,0.1276977739131368,0.046093411762780645,0.0,0.046093411762780645,0.08160436215035616,0.02,False,False,False,ONLINE_RANK,,,,,,,,,,,,,
V9.6.1_REFERENCE,2025-12,80775,80779,-1,fca571982b7c88a0,2025-12-10,1.9561332797121298,True,1,1,True,True,0.258111871165651,0.3683189116018096,0.62,0.8,False,0.5438306544325607,0.34,0.6714454417157223,0.35633028306322456,NEUTRAL,False,0.23032315060073616,0.046093411762780645,0.0,0.046093411762780645,0.18422973883795551,0.02,False,False,False,ONLINE_RANK,,,,,,,,,,,,,
V9.6.1_REFERENCE,2025-12,81055,81084,-1,fca571982b7c88a0,2025-12-11,1.8958571511706412,True,1,1,True,True,0.23678111087811649,0.3791973936295041,0.6862745098039216,0.8,False,0.6985522503668766,0.34,0.6744889425286087,0.3626934087080852,NEUTRAL,False,0.2556350095108538,0.046093411762780645,0.0,0.046093411762780645,0.20954159774807313,0.02,False,False,False,ONLINE_RANK,,,,,,,,,,,,,
V9.6.1_REFERENCE,2025-12,81057,81085,-1,fca571982b7c88a0,2025-12-11,1.8897682675375294,True,1,1,True,True,0.31017203946529537,0.3445454981570197,0.5384615384615384,0.8,False,0.69866826615219,0.34,0.6933217891898837,0.36029989201787915,NEUTRAL,False,0.18660950665287002,0.046093411762780645,0.0,0.046093411762780645,0.14051609489008937,0.02,False,False,False,ONLINE_RANK,,,,,,,,,,,,,
V9.6.1_REFERENCE,2025-12,81058,81084,-1,fca571982b7c88a0,2025-12-11,1.890496985958381,True,1,1,True,True,0.15798379423163658,0.4283965626961125,0.8113207547169812,0.8,True,0.5391596279699132,0.34,0.6219557484654006,0.3596012992306042,NEUTRAL,True,0.3494256299575372,0.046093411762780645,0.0,0.046093411762780645,0.30333221819475653,0.02,True,True,True,SELECTED,,,,,,,,,,,,,
V9.6.1_REFERENCE,2025-12,82208,82215,-1,fca571982b7c88a0,2025-12-16,-1.2713992753421024,False,2,2,True,True,0.31858766429365565,0.34100229735913556,0.5185185185185185,0.8,False,0.8170052953458771,0.34,0.4804246637427492,0.35929430757440817,NEUTRAL,False,0.17905773758633536,0.046093411762780645,0.0,0.046093411762780645,0.13296432582355472,0.02,False,False,False,ONLINE_RANK,,,,,,,,,,,,,
V9.6.1_REFERENCE,2025-12,82327,82346,-1,fca571982b7c88a0,2025-12-16,-0.10682475096522681,False,2,2,True,True,0.2530374805237413,0.37083749454473497,0.6363636363636364,0.8,False,0.6926640239996066,0.34,0.6855472825561286,0.3620518766610358,NEUTRAL,False,0.2389407538439413,0.046093411762780645,0.0,0.046093411762780645,0.19284734208116067,0.02,False,False,False,ONLINE_RANK,,,,,,,,,,,,,
V9.6.1_REFERENCE,2025-12,82530,82545,-1,fca571982b7c88a0,2025-12-17,-1.2713940368692886,False,2,2,True,True,0.33351351355842146,0.3348885750195493,0.5,0.8,False,0.8193887721206523,0.34,0.6630924382901018,0.3629702780658299,NEUTRAL,False,0.16953935347784455,0.046093411762780645,0.0,0.046093411762780645,0.1234459417150639,0.02,False,False,False,ONLINE_RANK,,,,,,,,,,,,,
V9.6.1_REFERENCE,2025-12,83668,83678,-1,fca571982b7c88a0,2025-12-22,-1.2713745188088577,False,2,2,True,True,0.41119738345590356,0.3058925149402901,0.2982456140350877,0.8,False,0.532555362425028,0.34,0.5572199927650288,0.34924099919350565,NEUTRAL,False,0.10416911036830784,0.046093411762780645,0.0,0.046093411762780645,0.05807569860552719,0.02,False,False,False,ONLINE_RANK,,,,,,,,,,,,,
V9.6.1_REFERENCE,2025-12,84671,84708,-1,fca571982b7c88a0,2025-12-26,-0.17082607522799248,False,2,2,True,True,0.37224061353245946,0.31990978910085244,0.3793103448275862,0.8,False,0.822361606428685,0.34,0.5437025996569802,0.35917263007354594,NEUTRAL,False,0.13790875207446518,0.046093411762780645,0.0,0.046093411762780645,0.09181534031168453,0.02,False,False,False,ONLINE_RANK,,,,,,,,,,,,,
V9.6.1_REFERENCE,2025-12,84672,84690,-1,fca571982b7c88a0,2025-12-26,-0.170827300512494,False,2,2,True,True,0.5175302429495976,0.27124494301808155,0.15254237288135594,0.8,False,0.8221943292089667,0.34,0.7059416244298242,0.3585692677562227,NEUTRAL,False,0.042760001460658836,0.046093411762780645,0.0,0.046093411762780645,-0.0033334103021218087,0.02,False,False,False,ONLINE_RANK,,,,,,,,,,,,,
V9.6.1_REFERENCE,2025-12,85788,85793,-1,fca571982b7c88a0,2025-12-30,-1.2683530965091394,False,2,2,True,True,0.3569100855453335,0.3256995169664315,0.43333333333333335,0.8,False,0.53923280860747,0.34,0.6878377626066354,0.3533006020126685,NEUTRAL,False,0.14537093250562255,0.046093411762780645,0.0,0.046093411762780645,0.09927752074284191,0.02,False,False,False,ONLINE_RANK,,,,,,,,,,,,,
V9.6.1_REFERENCE,2025-12,85793,85794,-1,fca571982b7c88a0,2025-12-30,-1.2713778691837487,False,2,2,True,True,0.5593670247169346,0.258532786925669,0.11475409836065574,0.8,False,0.5416127309038967,0.34,0.6666227066138002,0.3480065557506217,NEUTRAL,False,0.011152003379171882,0.046093411762780645,0.0,0.046093411762780645,-0.03494140838360876,0.02,False,False,False,ONLINE_RANK,,,,,,,,,,,,,
V9.6.1_REFERENCE,2026-01,86524,86538,-1,fca571982b7c88a0,2026-01-02,1.8837997881465247,True,1,1,True,True,0.23630330347738768,0.3799471579399241,0.8695652173913043,0.8,True,0.5438746210242331,0.34,0.4412836233072719,0.3184094017426857,NEUTRAL,True,0.13013779587024232,0.044346237169198166,0.0,0.044346237169198166,0.08579155870104416,0.02,True,True,True,SELECTED,,,,,,,,,,,,,
V9.6.1_REFERENCE,2026-01,87301,87303,-1,fca571982b7c88a0,2026-01-05,-1.271348763189079,False,2,2,True,True,0.33666550678724855,0.3193067489255849,0.5833333333333334,0.8,False,0.529416586327319,0.34,0.6673666939213856,0.3247078495192425,NEUTRAL,False,0.006861969303144755,0.044346237169198166,0.0,0.044346237169198166,-0.03748426786605341,0.02,False,False,False,ONLINE_RANK,,,,,,,,,,,,,
V9.6.1_REFERENCE,2026-01,87305,87322,-1,fca571982b7c88a0,2026-01-05,1.8321953397565938,True,1,1,True,True,0.25431563669424473,0.3676039281546235,0.84,0.8,True,0.5333354570967384,0.34,0.5084309396820403,0.3207056607446053,NEUTRAL,True,0.10575717534776785,0.044346237169198166,0.0,0.044346237169198166,0.061410938178569685,0.02,True,True,True,SELECTED,,,,,,,,,,,,,
V9.6.1_REFERENCE,2026-01,89185,89192,-1,fca571982b7c88a0,2026-01-12,1.8301926884775166,True,1,1,True,True,0.5425147849550037,0.23097101851530752,0.038461538461538464,0.8,False,0.5358791535458773,0.34,0.6123039842169808,0.31967985897232265,REJECT,False,-0.18268525443906658,0.044346237169198166,0.0,0.044346237169198166,-0.22703149160826475,0.02,False,False,False,ONLINE_RANK,,,,,,,,,,,,,
V9.6.1_REFERENCE,2026-01,89334,89363,-1,fca571982b7c88a0,2026-01-13,-1.2713582137541857,False,2,2,True,True,0.40372257547011736,0.2868486731081366,0.2962962962962963,0.8,False,0.5350343260719851,0.34,0.6373042204970509,0.3224024510446486,REJECT,False,-0.06310667786988844,0.044346237169198166,0.0,0.044346237169198166,-0.1074529150390866,0.02,False,False,False,ONLINE_RANK,,,,,,,,,,,,,
V9.6.1_REFERENCE,2026-01,89434,89436,-1,fca571982b7c88a0,2026-01-13,-0.17080459542339413,False,2,2,True,True,0.2766933711845145,0.3532851336304586,0.75,0.8,False,0.533025914034753,0.34,0.6544542408256104,0.32532619168333826,NEUTRAL,False,0.07884788749615523,0.044346237169198166,0.0,0.044346237169198166,0.03450165032695707,0.02,False,False,False,ONLINE_RANK,,,,,,,,,,,,,
V9.6.1_REFERENCE,2026-01,89436,89441,-1,fca571982b7c88a0,2026-01-13,-1.2713556731613804,False,2,2,True,True,0.2721104378456767,0.3561338491175096,0.7586206896551724,0.8,False,0.5308015638800346,0.34,0.5805054862188725,0.3229235531885291,NEUTRAL,False,0.08316023254464966,0.044346237169198166,0.0,0.044346237169198166,0.03881399537545149,0.02,False,False,False,ONLINE_RANK,,,,,,,,,,,,,
V9.6.1_REFERENCE,2026-01,89494,89513,-1,fca571982b7c88a0,2026-01-13,-1.271343544511908,False,2,2,True,True,0.270783621763573,0.35696632175707343,0.7666666666666667,0.8,False,0.5343983398809803,0.34,0.6566174284575508,0.32548520543962717,NEUTRAL,False,0.08671137243348803,0.044346237169198166,0.0,0.044346237169198166,0.042365135264289866,0.02,False,False,False,ONLINE_RANK,,,,,,,,,,,,,
V9.6.1_REFERENCE,2026-01,89702,89704,-1,fca571982b7c88a0,2026-01-14,-1.2643270542932266,False,2,2,True,True,0.22995148717308547,0.38449573646316254,0.9032258064516129,0.8,True,0.5259893454180284,0.34,0.6872295488882065,0.32779272559141814,NEUTRAL,True,0.14630270538101053,0.044346237169198166,0.0,0.044346237169198166,0.10195646821181237,0.02,True,True,True,SELECTED,,,,,,,,,,,,,
V9.6.1_REFERENCE,2026-01,89703,89704,-1,fca571982b7c88a0,2026-01-14,-1.2651195544318625,False,2,2,True,True,0.19983971432642617,0.4076751046207133,0.9375,0.8,True,0.5269858245318149,0.34,0.6335410344968728,0.32664491718586686,NEUTRAL,True,0.19430826771212917,0.044346237169198166,0.0,0.044346237169198166,0.149962030542931,0.02,True,False,False,MONTHLY_TARGET_CAP,,,,,,,,,,,,,
V9.6.1_REFERENCE,2026-01,89723,89726,-1,fca571982b7c88a0,2026-01-14,1.8306211803089454,True,1,1,True,True,0.3606662976613082,0.3071286218574488,0.36363636363636365,0.8,False,0.5262913670601924,0.34,0.6035504134174932,0.32223398971622885,NEUTRAL,False,-0.020519291676801776,0.044346237169198166,0.0,0.044346237169198166,-0.06486552884599994,0.02,False,False,False,ONLINE_RANK,,,,,,,,,,,,,
V9.6.1_REFERENCE,2026-01,89980,89982,-1,fca571982b7c88a0,2026-01-15,-1.214180595850759,False,2,2,True,True,0.295351684790381,0.34209123982533,0.6176470588235294,0.8,False,0.5438317972743993,0.34,0.6471418156747022,0.32434470017276995,NEUTRAL,False,0.05458677667086831,0.044346237169198166,0.0,0.044346237169198166,0.010240539501670143,0.02,False,False,False,ONLINE_RANK,,,,,,,,,,,,,
V9.6.1_REFERENCE,2026-01,91401,91405,-1,fca571982b7c88a0,2026-01-21,-1.2713815747300643,False,2,2,True,True,0.44132352207171605,0.27048825231828366,0.17142857142857143,0.8,False,0.8329731217796444,0.34,0.5818150390682617,0.31065662262061056,REJECT,False,-0.10580335951091613,0.044346237169198166,0.0,0.044346237169198166,-0.1501495966801143,0.02,False,False,False,ONLINE_RANK,,,,,,,,,,,,,
V9.6.1_REFERENCE,2026-01,92944,92947,-1,fca571982b7c88a0,2026-01-26,-1.2713844105632546,False,2,2,True,True,0.4599304723526257,0.26277891867354913,0.16666666666666666,0.8,False,0.653159886479536,0.34,0.7388331876477954,0.32114074538221066,REJECT,False,-0.11467854380791731,0.044346237169198166,0.0,0.044346237169198166,-0.15902478097711548,0.02,False,False,False,ONLINE_RANK,,,,,,,,,,,,,
V9.6.1_REFERENCE,2026-01,93407,93419,-1,fca571982b7c88a0,2026-01-28,-1.2713710258873312,False,2,2,True,True,0.4234265579545631,0.27813612739196053,0.24324324324324326,0.8,False,0.5276192075024684,0.34,0.8195846111757603,0.32839194512096964,REJECT,False,-0.07724937052851,0.044346237169198166,0.0,0.044346237169198166,-0.12159560769770816,0.02,False,False,False,ONLINE_RANK,,,,,,,,,,,,,
V9.6.1_REFERENCE,2026-01,93842,93849,-1,fca571982b7c88a0,2026-01-30,-1.2142246515575827,False,2,2,True,True,0.27778758253042835,0.35261100644222443,0.6842105263157895,0.8,False,0.8235804183181532,0.34,0.46305335218078814,0.30964640568152135,NEUTRAL,False,0.06642211136445542,0.044346237169198166,0.0,0.044346237169198166,0.02207587419525725,0.02,False,False,False,ONLINE_RANK,,,,,,,,,,,,,
V9.6.1_REFERENCE,2026-01,93975,93984,-1,fca571982b7c88a0,2026-01-30,-0.11431472267443507,False,2,2,True,True,0.3150551930160864,0.33090920732720697,0.5897435897435898,0.8,False,0.8181950601112894,0.34,0.6259969248301529,0.31460680590540974,NEUTRAL,False,0.024204215343474167,0.044346237169198166,0.0,0.044346237169198166,-0.020142021825724,0.02,False,False,False,ONLINE_RANK,,,,,,,,,,,,,
V9.6.1_REFERENCE,2026-01,93990,93995,-1,fca571982b7c88a0,2026-01-30,-0.09074335126279931,False,2,2,True,True,0.20565326908854037,0.40297311424849513,0.925,0.8,True,0.8272523311050863,0.34,0.4727694930034963,0.3114158059888896,NEUTRAL,True,0.17371693818909506,0.044346237169198166,0.0,0.044346237169198166,0.1293707010198969,0.02,True,False,False,MONTHLY_TARGET_CAP,,,,,,,,,,,,,
V9.6.1_REFERENCE,2026-01,94026,94032,-1,fca571982b7c88a0,2026-01-30,-0.08164347753032455,False,2,2,True,True,0.11015108961194912,0.5012431359502408,1.0,0.8,True,0.8295641425201912,0.34,0.6367347187065682,0.32051698077526813,NEUTRAL,True,0.3870429626214231,0.044346237169198166,0.0,0.044346237169198166,0.34269672545222496,0.02,True,False,False,MONTHLY_TARGET_CAP,,,,,,,,,,,,,
V9.6.1_REFERENCE,2026-02,94681,94683,-1,fca571982b7c88a0,2026-02-02,-1.147716252048491,False,2,2,True,True,0.4792064038599513,0.22823163183757503,0.9,0.8,True,0.8252178811643591,0.34,0.7309115752048618,0.2001010767525651,REJECT,False,-0.3352949511781767,0.04064205786225328,0.0,0.04064205786225328,-0.37593700904043,0.02,False,False,False,META_PROBABILITY,,,,,,,,,,,,,
V9.6.1_REFERENCE,2026-02,94954,94956,-1,fca571982b7c88a0,2026-02-03,-1.271458451286327,False,2,2,True,True,0.46297624930899856,0.22676961949474242,0.9047619047619048,0.8,True,0.8235731749235685,0.34,0.5539680705976251,0.205948827399892,REJECT,False,-0.3342722891914853,0.04064205786225328,0.0,0.04064205786225328,-0.37491434705373855,0.02,False,False,False,META_PROBABILITY,,,,,,,,,,,,,
V9.6.1_REFERENCE,2026-02,95736,95739,-1,fca571982b7c88a0,2026-02-06,-1.1426924344671443,False,2,2,True,True,0.13413708451186912,0.1910120564482237,0.045454545454545456,0.8,False,0.8151231157899994,0.34,0.4802510570213202,0.208767883550175,REJECT,False,-0.4073514193671459,0.04064205786225328,0.0,0.04064205786225328,-0.4479934772293992,0.02,False,False,False,ONLINE_RANK,,,,,,,,,,,,,
V9.6.1_REFERENCE,2026-02,95899,95904,-1,fca571982b7c88a0,2026-02-06,-1.1564385284876815,False,2,2,True,True,0.24644265601852172,0.20592201300118168,0.43478260869565216,0.8,False,0.5359909865907312,0.34,0.5149427879229135,0.21578498565949428,REJECT,False,-0.3711475691244992,0.04064205786225328,0.0,0.04064205786225328,-0.4117896269867525,0.02,False,False,False,ONLINE_RANK,,,,,,,,,,,,,
V9.6.1_REFERENCE,2026-02,95934,95937,-1,fca571982b7c88a0,2026-02-06,1.9173976943992475,True,1,1,True,True,0.25916885321501726,0.20731622212460993,0.4166666666666667,0.8,False,0.5379231141446924,0.34,0.7838313041946534,0.20817371870074905,REJECT,False,-0.37354635595115043,0.04064205786225328,0.0,0.04064205786225328,-0.4141884138134037,0.02,False,False,False,ONLINE_RANK,,,,,,,,,,,,,
V9.6.1_REFERENCE,2026-02,96087,96112,-1,fca571982b7c88a0,2026-02-07,-0.03536910160585229,False,2,2,True,True,0.24072535907201453,0.20528271910263013,0.24,0.8,False,0.8280718001233414,0.34,0.5362454256248628,0.20648543139132589,REJECT,False,-0.37899564907708005,0.04064205786225328,0.0,0.04064205786225328,-0.41963770693933333,0.02,False,False,False,ONLINE_RANK,,,,,,,,,,,,,
V9.6.1_REFERENCE,2026-02,96356,96357,-1,fca571982b7c88a0,2026-02-08,-1.2560392680815227,False,2,2,True,True,0.2069176585608037,0.20130731146166092,0.23076923076923078,0.8,False,0.5376979422253222,0.34,0.46517018965249385,0.21716514534052714,REJECT,False,-0.37986774695388614,0.04064205786225328,0.0,0.04064205786225328,-0.4205098048161394,0.02,False,False,False,ONLINE_RANK,,,,,,,,,,,,,
V9.6.1_REFERENCE,2026-02,96360,96392,-1,fca571982b7c88a0,2026-02-08,1.8457320172273326,True,1,1,True,True,0.43074029512238754,0.22386463280930674,0.8518518518518519,0.8,True,0.5384071013079459,0.34,0.7689934501961346,0.20850956891969888,REJECT,False,-0.3385779789476718,0.04064205786225328,0.0,0.04064205786225328,-0.37922003680992505,0.02,False,False,False,META_PROBABILITY,,,,,,,,,,,,,
V9.6.1_REFERENCE,2026-02,96361,96366,-1,fca571982b7c88a0,2026-02-08,-1.2562792545353076,False,2,2,True,True,0.3842228058840578,0.2196272576725514,0.7857142857142857,0.8,False,0.5383499708724803,0.34,0.666376360404185,0.21139300820798818,REJECT,False,-0.34545444472495485,0.04064205786225328,0.0,0.04064205786225328,-0.3860965025872081,0.02,False,False,False,ONLINE_RANK,,,,,,,,,,,,,
V9.6.1_REFERENCE,2026-02,96362,96365,-1,fca571982b7c88a0,2026-02-08,-1.2556453186754493,False,2,2,True,True,0.341986005294879,0.21567255897850546,0.6551724137931034,0.8,False,0.5381740941083428,0.34,0.6639228927078087,0.21148056362999537,REJECT,False,-0.35369369235369985,0.04064205786225328,0.0,0.04064205786225328,-0.39433575021595313,0.02,False,False,False,ONLINE_RANK,,,,,,,,,,,,,
V9.6.1_REFERENCE,2026-02,96368,96378,-1,fca571982b7c88a0,2026-02-08,-0.17097720463001453,False,2,2,True,True,0.4463588345520952,0.22527333253707882,0.9666666666666667,0.8,True,0.5374301617835004,0.34,0.5222014504041129,0.2154801106718023,REJECT,False,-0.3307444478675828,0.04064205786225328,0.0,0.04064205786225328,-0.37138650572983606,0.02,False,False,False,META_PROBABILITY,,,,,,,,,,,,,
V9.6.1_REFERENCE,2026-02,97014,97042,-1,fca571982b7c88a0,2026-02-11,1.8299966383944701,True,1,1,True,True,0.2899373255347411,0.21054621503777085,0.45161290322580644,0.8,False,0.8157640479661389,0.34,0.6174247221666993,0.20416353482458285,REJECT,False,-0.369572588296463,0.04064205786225328,0.0,0.04064205786225328,-0.4102146461587163,0.02,False,False,False,ONLINE_RANK,,,,,,,,,,,,,
V9.6.1_REFERENCE,2026-02,97407,97429,-1,fca571982b7c88a0,2026-02-12,-0.17101391236728516,False,2,2,True,True,0.21209538926972057,0.2019404075449991,0.21875,0.8,False,0.5208868499391603,0.34,0.5172629844903673,0.2161822744312909,REJECT,False,-0.379226591828637,0.04064205786225328,0.0,0.04064205786225328,-0.41986864969089027,0.02,False,False,False,ONLINE_RANK,,,,,,,,,,,,,
V9.6.1_REFERENCE,2026-02,98164,98168,-1,fca571982b7c88a0,2026-02-15,1.8300155557064772,True,1,1,True,True,0.24365986889442282,0.20561190139161226,0.30303030303030304,0.8,False,0.5159214190230423,0.34,0.7698252962110346,0.20931924692331408,REJECT,False,-0.37632210070726146,0.04064205786225328,0.0,0.04064205786225328,-0.41696415856951474,0.02,False,False,False,ONLINE_RANK,,,,,,,,,,,,,
V9.6.1_REFERENCE,2026-02,99318,99333,-1,fca571982b7c88a0,2026-02-19,-1.1861141632068202,False,2,2,True,True,0.2362541940225166,0.20477674842919422,0.14705882352941177,0.8,False,0.826944150002161,0.34,0.739992962905103,0.19985288118817868,REJECT,False,-0.3846979752937359,0.04064205786225328,0.0,0.04064205786225328,-0.4253400331559892,0.02,False,False,False,ONLINE_RANK,,,,,,,,,,,,,
V9.6.1_REFERENCE,2026-02,99590,99609,-1,fca571982b7c88a0,2026-02-20,-0.070515503470127,False,2,2,True,True,0.41883435476782593,0.22278749294849629,0.8285714285714286,0.8,True,0.695196340018879,0.34,0.6281389257852499,0.20751012312090356,REJECT,False,-0.34153802881000733,0.04064205786225328,0.0,0.04064205786225328,-0.3821800866722606,0.02,False,False,False,META_PROBABILITY,,,,,,,,,,,,,
V9.6.1_REFERENCE,2026-02,99673,99773,-1,fca571982b7c88a0,2026-02-20,-0.1710144801858375,False,2,2,True,True,0.31247330491410313,0.2128092900819261,0.6111111111111112,0.8,False,0.5177510305714303,0.34,0.7171054850306937,0.21068166930594567,REJECT,False,-0.3602623303601673,0.04064205786225328,0.0,0.04064205786225328,-0.4009043882224206,0.02,False,False,False,ONLINE_RANK,,,,,,,,,,,,,
V9.6.1_REFERENCE,2026-02,100294,100317,-1,fca571982b7c88a0,2026-02-23,-1.2715920467379538,False,2,2,True,True,0.5457560675536853,0.23429801633550928,0.972972972972973,0.8,True,0.8018245037380864,0.34,0.7471083172366932,0.20031554960726689,REJECT,False,-0.32241218436176056,0.04064205786225328,0.0,0.04064205786225328,-0.36305424222401383,0.02,False,False,False,META_PROBABILITY,,,,,,,,,,,,,
V9.6.1_REFERENCE,2026-02,100296,100317,-1,fca571982b7c88a0,2026-02-23,-1.2715917392088396,False,2,2,True,True,0.45107856975627053,0.22569843831068034,0.8421052631578947,0.8,True,0.8206820310034237,0.34,0.5656665748751474,0.2056528819383847,REJECT,False,-0.33672764088335133,0.04064205786225328,0.0,0.04064205786225328,-0.3773696987456046,0.02,False,False,False,META_PROBABILITY,,,,,,,,,,,,,
V9.6.1_REFERENCE,2026-02,100465,100479,-1,fca571982b7c88a0,2026-02-23,-0.17105267317091122,False,2,2,True,True,0.2909981372256259,0.21065449472342593,0.4358974358974359,0.8,False,0.8216035703740082,0.34,0.6456033966395689,0.20306318507974655,REJECT,False,-0.3701151605832246,0.04064205786225328,0.0,0.04064205786225328,-0.41075721844547786,0.02,False,False,False,ONLINE_RANK,,,,,,,,,,,,,
V9.6.1_REFERENCE,2026-02,100929,100933,-1,fca571982b7c88a0,2026-02-25,-1.2081732491448367,False,2,2,True,True,0.6956335376853316,0.2494430039155692,1.0,0.8,True,0.5393643663912624,0.34,0.6523491776611512,0.2116574493199563,REJECT,False,-0.28268926038663267,0.04064205786225328,0.0,0.04064205786225328,-0.32333131824888595,0.02,False,False,False,META_PROBABILITY,,,,,,,,,,,,,
V9.6.1_REFERENCE,2026-02,100956,100979,-1,fca571982b7c88a0,2026-02-25,-0.096494148906579,False,2,2,True,True,0.6329175338727199,0.2427151271368401,0.975609756097561,0.8,True,0.5282620573704895,0.34,0.6207185657571499,0.2129252387001544,REJECT,False,-0.29592339273841767,0.04064205786225328,0.0,0.04064205786225328,-0.33656545060067095,0.02,False,False,False,META_PROBABILITY,,,,,,,,,,,,,
V9.6.1_REFERENCE,2026-02,100957,100972,-1,fca571982b7c88a0,2026-02-25,1.8956864420871675,True,1,1,True,True,0.6256151881216235,0.24197653859196763,0.9761904761904762,0.8,True,0.5285131419707914,0.34,0.5161684842262584,0.21587182867144483,REJECT,False,-0.2954120844640492,0.04064205786225328,0.0,0.04064205786225328,-0.3360541423263025,0.02,False,False,False,META_PROBABILITY,,,,,,,,,,,,,
V9.6.1_REFERENCE,2026-02,100958,100962,-1,fca571982b7c88a0,2026-02-25,-0.09855083137035946,False,2,2,True,True,0.5033779227079692,0.2304166997002369,0.8837209302325582,0.8,True,0.528527947357008,0.34,0.6940231859059482,0.2109052842016221,REJECT,False,-0.3231497473911615,0.04064205786225328,0.0,0.04064205786225328,-0.36379180525341476,0.02,False,False,False,META_PROBABILITY,,,,,,,,,,,,,
V9.6.1_REFERENCE,2026-02,100959,100976,-1,fca571982b7c88a0,2026-02-25,-0.09927463890849905,False,2,2,True,True,0.4367911480670025,0.2244108379416937,0.7727272727272727,0.8,False,0.5288790930303747,0.34,0.6739918484204714,0.2114722516188678,REJECT,False,-0.3353587624117257,0.04064205786225328,0.0,0.04064205786225328,-0.37600082027397896,0.02,False,False,False,ONLINE_RANK,,,,,,,,,,,,,
V9.6.1_REFERENCE,2026-02,101371,101388,-1,fca571982b7c88a0,2026-02-27,1.829983805372121,True,1,1,True,True,0.14533521220084025,0.192816878974752,0.06666666666666667,0.8,False,0.526197314135511,0.34,0.5817517596343265,0.21423647260467193,REJECT,False,-0.39973728197708663,0.04064205786225328,0.0,0.04064205786225328,-0.4403793398393399,0.02,False,False,False,ONLINE_RANK,,,,,,,,,,,,,
V9.6.1_REFERENCE,2026-02,101373,101383,-1,fca571982b7c88a0,2026-02-27,-1.2715668036486347,False,2,2,True,True,0.14378770643014466,0.1925736335999573,0.06521739130434782,0.8,False,0.5255783282945075,0.34,0.6763837066545355,0.21161763119381802,REJECT,False,-0.40208005480937364,0.04064205786225328,0.0,0.04064205786225328,-0.4427221126716269,0.02,False,False,False,ONLINE_RANK,,,,,,,,,,,,,
V9.6.1_REFERENCE,2026-02,101748,101753,-1,fca571982b7c88a0,2026-02-28,-1.2715983976005274,False,2,2,True,True,0.18220193782567748,0.19813707516249315,0.1276595744680851,0.8,False,0.5443363618527649,0.34,0.645964087929294,0.21184429123274717,REJECT,False,-0.39024438673704154,0.04064205786225328,0.0,0.04064205786225328,-0.4308864445992948,0.02,False,False,False,ONLINE_RANK,,,,,,,,,,,,,
V9.6.1_REFERENCE,2026-02,101768,101774,-1,fca571982b7c88a0,2026-02-28,-1.1998472091112342,False,2,2,True,True,0.3026944885128733,0.2118365359207376,0.5208333333333334,0.8,False,0.5430143294393339,0.34,0.7508465443203018,0.2089012854648912,REJECT,False,-0.36354965485601853,0.04064205786225328,0.0,0.04064205786225328,-0.4041917127182718,0.02,False,False,False,ONLINE_RANK,,,,,,,,,,,,,
V9.6.1_REFERENCE,2026-03,102055,102063,-1,fca571982b7c88a0,2026-03-01,-1.2715948749560528,False,2,2,True,True,0.2708570681779706,0.21946152605094912,0.7,0.8,False,0.544397639241918,0.34,0.5614035690466743,0.20770067784859572,REJECT,False,-0.2193819917669395,0.040216394545204516,0.0,0.040216394545204516,-0.25959838631214405,0.02,False,False,False,ONLINE_RANK,,,,,,,,,,,,,
V9.6.1_REFERENCE,2026-03,102318,102326,-1,fca571982b7c88a0,2026-03-02,-1.2281244566321963,False,2,2,True,True,0.3659702774525557,0.20505411015741867,0.45161290322580644,0.8,False,0.5434510580954119,0.34,0.5100482783860304,0.20706812174355585,REJECT,False,-0.24845397464319957,0.040216394545204516,0.0,0.040216394545204516,-0.2886703691884041,0.02,False,False,False,ONLINE_RANK,,,,,,,,,,,,,
V9.6.1_REFERENCE,2026-03,102492,102504,-1,fca571982b7c88a0,2026-03-03,1.8441729471574129,True,1,1,True,True,0.33376258121389274,0.2095941887556118,0.53125,0.8,False,0.5376284212260418,0.34,0.4777133080892641,0.2068220972593291,REJECT,False,-0.2395880167860251,0.040216394545204516,0.0,0.040216394545204516,-0.27980441133122963,0.02,False,False,False,ONLINE_RANK,,,,,,,,,,,,,
V9.6.1_REFERENCE,2026-03,102806,102825,-1,fca571982b7c88a0,2026-03-04,-1.1726146833327746,False,2,2,True,True,0.32908083869503585,0.21027869522810608,0.5454545454545454,0.8,False,0.5459836295095827,0.34,0.7322175571358676,0.20961227735175697,REJECT,False,-0.2363770584176283,0.040216394545204516,0.0,0.040216394545204516,-0.27659345296283283,0.02,False,False,False,ONLINE_RANK,,,,,,,,,,,,,
V9.6.1_REFERENCE,2026-03,104107,104114,-1,fca571982b7c88a0,2026-03-09,-1.205545845546496,False,2,2,True,True,0.36752956881137816,0.20484109304545448,0.4411764705882353,0.8,False,0.5490966035144078,0.34,0.6585373436237276,0.20867109350900606,REJECT,False,-0.2478149778674037,0.040216394545204516,0.0,0.040216394545204516,-0.28803137241260823,0.02,False,False,False,ONLINE_RANK,,,,,,,,,,,,,
V9.6.1_REFERENCE,2026-03,104110,104111,-1,fca571982b7c88a0,2026-03-09,-1.1953875319940082,False,2,2,True,True,0.35739864785544695,0.20623561024525683,0.4857142857142857,0.8,False,0.5499870247399239,0.34,0.6227040427153014,0.20824623370350512,REJECT,False,-0.24532328678599513,0.040216394545204516,0.0,0.040216394545204516,-0.28553968133119967,0.02,False,False,False,ONLINE_RANK,,,,,,,,,,,,,
V9.6.1_REFERENCE,2026-03,104249,104259,-1,fca571982b7c88a0,2026-03-10,1.8667662586489724,True,1,1,True,True,0.18750616949138774,0.23595828005382813,0.8333333333333334,0.8,True,0.5414151565292521,0.34,0.7232933303135798,0.20972465373835164,REJECT,False,-0.18523245938306981,0.040216394545204516,0.0,0.040216394545204516,-0.22544885392827432,0.02,False,False,False,META_PROBABILITY,,,,,,,,,,,,,
V9.6.1_REFERENCE,2026-03,104251,104259,-1,fca571982b7c88a0,2026-03-10,1.8733285576468404,True,1,1,True,True,0.23538604719841885,0.22585647767056066,0.7837837837837838,0.8,False,0.5412873953045165,0.34,0.5627483105866071,0.20780209028140537,REJECT,False,-0.2065968466049547,0.040216394545204516,0.0,0.040216394545204516,-0.2468132411501592,0.02,False,False,False,ONLINE_RANK,,,,,,,,,,,,,
V9.6.1_REFERENCE,2026-03,104307,104317,-1,fca571982b7c88a0,2026-03-10,-0.1709824858332862,False,2,2,True,True,0.18115873169478452,0.23746803453782006,0.868421052631579,0.8,True,0.5468755290324424,0.34,0.6318637837162198,0.20855061469616779,REJECT,False,-0.18300823265834693,0.040216394545204516,0.0,0.040216394545204516,-0.22322462720355143,0.02,False,False,False,META_PROBABILITY,,,,,,,,,,,,,
V9.6.1_REFERENCE,2026-03,104944,104969,-1,fca571982b7c88a0,2026-03-12,-0.11970486019910959,False,2,2,True,True,0.19158733095836514,0.23501211289989662,0.7948717948717948,0.8,False,0.546121033019705,0.34,0.6435837061012684,0.20869162205935965,REJECT,False,-0.18779895462322632,0.040216394545204516,0.0,0.040216394545204516,-0.22801534916843083,0.02,False,False,False,ONLINE_RANK,,,,,,,,,,,,,
V9.6.1_REFERENCE,2026-03,105085,105100,-1,fca571982b7c88a0,2026-03-13,-0.1709761653066637,False,2,2,True,True,0.3734557827771899,0.20403666024407435,0.35,0.8,False,0.5287000418128676,0.34,0.547568979267683,0.2077773768372203,REJECT,False,-0.2500072459283626,0.040216394545204516,0.0,0.040216394545204516,-0.29022364047356713,0.02,False,False,False,ONLINE_RANK,,,,,,,,,,,,,
V9.6.1_REFERENCE,2026-03,106103,106123,-1,fca571982b7c88a0,2026-03-17,1.8929812581432537,True,1,1,True,True,0.46307106028905975,0.1926539645456701,0.2682926829268293,0.8,False,0.5284253395934125,0.34,0.6941920253872691,0.2094330890721802,REJECT,False,-0.27154691054899854,0.040216394545204516,0.0,0.040216394545204516,-0.3117633050942031,0.02,False,False,False,ONLINE_RANK,,,,,,,,,,,,,
V9.6.1_REFERENCE,2026-03,106104,106124,-1,fca571982b7c88a0,2026-03-17,1.8931749981825314,True,1,1,True,True,0.45062948108240036,0.19416463728842778,0.3333333333333333,0.8,False,0.5280758478963509,0.34,0.6029094228419145,0.20838889306243716,REJECT,False,-0.2692347828215963,0.040216394545204516,0.0,0.040216394545204516,-0.30945117736680083,0.02,False,False,False,ONLINE_RANK,,,,,,,,,,,,,
V9.6.1_REFERENCE,2026-03,106105,106124,-1,fca571982b7c88a0,2026-03-17,1.8892514261015307,True,1,1,True,True,0.4255857713428853,0.19726335994471533,0.3488372093023256,0.8,False,0.5274943093995276,0.34,0.6575490969697555,0.20904748310390164,REJECT,False,-0.26263562994821443,0.040216394545204516,0.0,0.040216394545204516,-0.30285202449341897,0.02,False,False,False,ONLINE_RANK,,,,,,,,,,,,,
V9.6.1_REFERENCE,2026-03,106107,106124,-1,fca571982b7c88a0,2026-03-17,1.8805240496491884,True,1,1,True,True,0.3320237281389223,0.20984763012104882,0.5454545454545454,0.8,False,0.5281122952208162,0.34,0.4706715883906945,0.2069199507562392,REJECT,False,-0.23901911846380552,0.040216394545204516,0.0,0.040216394545204516,-0.27923551300901006,0.02,False,False,False,ONLINE_RANK,,,,,,,,,,,,,
V9.6.1_REFERENCE,2026-03,106778,106783,-1,fca571982b7c88a0,2026-03-19,1.8816323640944537,True,1,1,True,True,0.30120037481409473,0.21450752465007566,0.6,0.8,False,0.8109109427902574,0.34,0.7780438329778043,0.20488388692652476,REJECT,False,-0.2311015204108307,0.040216394545204516,0.0,0.040216394545204516,-0.27131791495603524,0.02,False,False,False,ONLINE_RANK,,,,,,,,,,,,,
V9.6.1_REFERENCE,2026-03,106779,106790,-1,fca571982b7c88a0,2026-03-19,-0.11468370528859864,False,2,2,True,True,0.2877585721369838,0.21665172036030442,0.6521739130434783,0.8,False,0.8113706648661828,0.34,0.7629933241579971,0.2047270154846833,REJECT,False,-0.22694125783311636,0.040216394545204516,0.0,0.040216394545204516,-0.2671576523783209,0.02,False,False,False,ONLINE_RANK,,,,,,,,,,,,,
V9.6.1_REFERENCE,2026-03,106803,106811,-1,fca571982b7c88a0,2026-03-19,-0.1262382065395386,False,2,2,True,True,0.2265245907701192,0.22758035114294425,0.7659574468085106,0.8,False,0.8132025205182656,0.34,0.5294469308812224,0.20229674622363863,REJECT,False,-0.20681807682668402,0.040216394545204516,0.0,0.040216394545204516,-0.24703447137188853,0.02,False,False,False,ONLINE_RANK,,,,,,,,,,,,,
V9.6.1_REFERENCE,2026-03,107955,107963,-1,fca571982b7c88a0,2026-03-24,-0.17098355244013475,False,2,2,True,True,0.22741485367433353,0.22740456094921443,0.8125,0.8,True,0.5315240520533739,0.34,0.7403343528793409,0.21008065254716246,REJECT,False,-0.20200761446836796,0.040216394545204516,0.0,0.040216394545204516,-0.24222400901357247,0.02,False,False,False,META_PROBABILITY,,,,,,,,,,,,,
V9.6.1_REFERENCE,2026-03,108044,108062,-1,fca571982b7c88a0,2026-03-24,-0.1709805573440218,False,2,2,True,True,0.38130742890107444,0.202982957370083,0.3469387755102041,0.8,False,0.5380690763656399,0.34,0.6278002829251432,0.20852212038903292,REJECT,False,-0.2516090892357893,0.040216394545204516,0.0,0.040216394545204516,-0.2918254837809938,0.02,False,False,False,ONLINE_RANK,,,,,,,,,,,,,
V9.6.1_REFERENCE,2026-03,108206,108215,-1,fca571982b7c88a0,2026-03-24,-0.17098730482941166,False,2,2,True,True,0.38193087490649025,0.20289985898145652,0.34,0.8,False,0.5419982660397162,0.34,0.5226860846259644,0.20723271963720805,REJECT,False,-0.25262911298483937,0.040216394545204516,0.0,0.040216394545204516,-0.2928455075300439,0.02,False,False,False,ONLINE_RANK,,,,,,,,,,,,,
V9.6.1_REFERENCE,2026-03,108463,108476,-1,fca571982b7c88a0,2026-03-25,-1.271531187316225,False,2,2,True,True,0.20648328130678234,0.23170700157257204,0.8235294117647058,0.8,True,0.5374438613016208,0.34,0.5287024540777219,0.20750208780688478,REJECT,False,-0.19516053217657964,0.040216394545204516,0.0,0.040216394545204516,-0.23537692672178415,0.02,False,False,False,META_PROBABILITY,,,,,,,,,,,,,
V9.6.1_REFERENCE,2026-03,108892,108900,-1,fca571982b7c88a0,2026-03-27,-0.17103078347391923,False,2,2,True,True,0.28167118845204303,0.21764833076343157,0.6346153846153846,0.8,False,0.8224914243149534,0.34,0.5093647304345397,0.20188290344059404,REJECT,False,-0.22684465849365,0.040216394545204516,0.0,0.040216394545204516,-0.2670610530388545,0.02,False,False,False,ONLINE_RANK,,,,,,,,,,,,,
V9.6.1_REFERENCE,2026-04,110268,110279,-1,fca571982b7c88a0,2026-04-01,-1.2715560653592688,False,2,2,True,True,0.3042075812998795,0.34224627143976405,0.5833333333333334,0.8,False,0.5436787164123129,0.34,0.5023337538837325,0.34719714738526813,NEUTRAL,False,0.2628177307364539,0.0458821100747641,0.0,0.0458821100747641,0.2169356206616898,0.02,False,False,False,ONLINE_RANK,,,,,,,,,,,,,
V9.6.1_REFERENCE,2026-04,110715,110764,-1,fca571982b7c88a0,2026-04-03,-0.17102508223255208,False,2,2,True,True,0.23292809332323433,0.3064038311658871,0.28,0.8,False,0.6594040126019258,0.34,0.48491200258086364,0.34484995953568237,NEUTRAL,False,0.1952498505391564,0.0458821100747641,0.0,0.0458821100747641,0.14936774046439227,0.02,False,False,False,ONLINE_RANK,,,,,,,,,,,,,
V9.6.1_REFERENCE,2026-04,111532,111579,-1,fca571982b7c88a0,2026-04-06,1.8300055315261816,True,1,1,True,True,0.31833419332165686,0.3489831855181098,0.6153846153846154,0.8,False,0.534654856216511,0.34,0.5825443002139574,0.3481556910539604,NEUTRAL,False,0.2758358892802677,0.0458821100747641,0.0,0.0458821100747641,0.22995377920550358,0.02,False,False,False,ONLINE_RANK,,,,,,,,,,,,,
V9.6.1_REFERENCE,2026-04,112112,112114,-1,fca571982b7c88a0,2026-04-08,1.830033640997342,True,1,1,True,True,0.2512164680980352,0.31595720262905674,0.37037037037037035,0.8,False,0.5184439270336059,0.34,0.6405222538963247,0.34787166709023526,NEUTRAL,False,0.2147327458479686,0.0458821100747641,0.0,0.0458821100747641,0.16885063577320447,0.02,False,False,False,ONLINE_RANK,,,,,,,,,,,,,
V9.6.1_REFERENCE,2026-04,112113,112118,-1,fca571982b7c88a0,2026-04-08,1.8527370445175673,True,1,1,True,True,0.44109509080304804,0.40490301077025725,0.8571428571428571,0.8,True,0.5247359190577253,0.34,0.8019318191574336,0.3518636909468548,NEUTRAL,True,0.3812806734483217,0.0458821100747641,0.0,0.0458821100747641,0.3353985633735576,0.02,True,True,True,SELECTED,,,,,,,,,,,,,
V9.6.1_REFERENCE,2026-04,112463,112477,-1,fca571982b7c88a0,2026-04-09,-1.27151783652678,False,2,2,True,True,0.3005056825759822,0.34046469768037374,0.5517241379310345,0.8,False,0.5527950539598251,0.34,0.7895744618244593,0.3494520613079034,NEUTRAL,False,0.26091763820583525,0.0458821100747641,0.0,0.0458821100747641,0.21503552813107113,0.02,False,False,False,ONLINE_RANK,,,,,,,,,,,,,
V9.6.1_REFERENCE,2026-04,112516,112550,-1,fca571982b7c88a0,2026-04-10,-0.1709693360188157,False,2,2,True,True,0.22842863516274997,0.3040065668704993,0.2,0.8,False,0.5456662134449218,0.34,0.6779403672298914,0.34752367303673576,NEUTRAL,False,0.19247143496026659,0.0458821100747641,0.0,0.0458821100747641,0.14658932488550247,0.02,False,False,False,ONLINE_RANK,,,,,,,,,,,,,
V9.6.1_REFERENCE,2026-04,113469,113475,-1,fca571982b7c88a0,2026-04-13,-1.251441395218504,False,2,2,True,True,0.16201884569319933,0.26576118021027473,0.06451612903225806,0.8,False,0.5495341026992175,0.34,0.5876526134319595,0.34568939382356706,NEUTRAL,False,0.12078585870376729,0.0458821100747641,0.0,0.0458821100747641,0.07490374862900319,0.02,False,False,False,ONLINE_RANK,,,,,,,,,,,,,
V9.6.1_REFERENCE,2026-04,113727,113733,-1,fca571982b7c88a0,2026-04-14,1.8619666030568092,True,1,1,True,True,0.413674626398174,0.39266361597202326,0.84375,0.8,True,0.5191697223300527,0.34,0.7498393752757464,0.3510697966783391,NEUTRAL,True,0.3582124325276514,0.0458821100747641,0.0,0.0458821100747641,0.3123303224528873,0.02,True,True,True,SELECTED,,,,,,,,,,,,,
V9.6.1_REFERENCE,2026-04,114469,114479,-1,fca571982b7c88a0,2026-04-17,1.853407714439175,True,1,1,True,True,0.23171373977077997,0.305758766732218,0.30303030303030304,0.8,False,0.5464280134818001,0.34,0.6088954659981456,0.3470202878572682,NEUTRAL,False,0.19539444799941164,0.0458821100747641,0.0,0.0458821100747641,0.14951233792464752,0.02,False,False,False,ONLINE_RANK,,,,,,,,,,,,,
V9.6.1_REFERENCE,2026-04,114531,114542,-1,fca571982b7c88a0,2026-04-17,-1.194673848969825,False,2,2,True,True,0.44653418532907546,0.40732464617868314,0.8823529411764706,0.8,True,0.5365942304273893,0.34,0.7124072532528167,0.3509815937402566,NEUTRAL,True,0.3852058138681698,0.0458821100747641,0.0,0.0458821100747641,0.3393237037934057,0.02,True,True,True,SELECTED,,,,,,,,,,,,,
V9.6.1_REFERENCE,2026-04,114532,114542,-1,fca571982b7c88a0,2026-04-17,-1.1947261496607022,False,2,2,True,True,0.4696082346468783,0.417591333705021,0.8857142857142857,0.8,True,0.5366880178896923,0.34,0.5627131874031621,0.34988247301672326,NEUTRAL,True,0.40347055703114615,0.0458821100747641,0.0,0.0458821100747641,0.35758844695638203,0.02,True,False,False,MONTHLY_TARGET_CAP,,,,,,,,,,,,,
V9.6.1_REFERENCE,2026-04,114535,114542,-1,fca571982b7c88a0,2026-04-17,-1.202651479906994,False,2,2,True,True,0.42531619596841697,0.3978680131787214,0.8055555555555556,0.8,True,0.5355431889637883,0.34,0.5935741097353844,0.3496244403721945,NEUTRAL,True,0.36692501391459115,0.0458821100747641,0.0,0.0458821100747641,0.32104290383982703,0.02,True,False,False,MONTHLY_TARGET_CAP,,,,,,,,,,,,,
V9.6.1_REFERENCE,2026-04,115599,115601,-1,fca571982b7c88a0,2026-04-21,1.8300695210444844,True,1,1,True,True,0.3166038257936779,0.3481629751616513,0.5675675675675675,0.8,False,0.7020734241646618,0.34,0.6917207984873697,0.3472425819728655,NEUTRAL,False,0.27376119085330197,0.0458821100747641,0.0,0.0458821100747641,0.22787908077853786,0.02,False,False,False,ONLINE_RANK,,,,,,,,,,,,,
V9.6.1_REFERENCE,2026-04,115699,115721,-1,fca571982b7c88a0,2026-04-22,-1.2714789171698233,False,2,2,True,True,0.38046784170338854,0.3777112531145595,0.6578947368421053,0.8,False,0.7046485759521622,0.34,0.6937759290232166,0.3481333494403339,NEUTRAL,False,0.3288215579663339,0.0458821100747641,0.0,0.0458821100747641,0.2829394478915698,0.02,False,False,False,ONLINE_RANK,,,,,,,,,,,,,
V9.6.1_REFERENCE,2026-04,115700,115721,-1,fca571982b7c88a0,2026-04-22,-1.271479000834533,False,2,2,True,True,0.4170357646843816,0.3941677477885529,0.7948717948717948,0.8,False,0.7044987502368705,0.34,0.7052543997422485,0.348738372041295,NEUTRAL,False,0.35955363146776953,0.0458821100747641,0.0,0.0458821100747641,0.3136715213930054,0.02,False,False,False,ONLINE_RANK,,,,,,,,,,,,,
V9.6.1_REFERENCE,2026-04,115701,115721,-1,fca571982b7c88a0,2026-04-22,-1.2714791849665645,False,2,2,True,True,0.3564209510353421,0.3667376547464626,0.625,0.8,False,0.7043290849091166,0.34,0.6979961782096284,0.3478372197867176,NEUTRAL,False,0.3083946434826394,0.0458821100747641,0.0,0.0458821100747641,0.2625125334078753,0.02,False,False,False,ONLINE_RANK,,,,,,,,,,,,,
V9.6.1_REFERENCE,2026-04,115862,115867,-1,fca571982b7c88a0,2026-04-22,-0.17090486016205067,False,2,2,True,True,0.4369207766435466,0.40304352194945436,0.8292682926829268,0.8,True,0.5285353980007402,0.34,0.7298715606393671,0.35110008728673864,NEUTRAL,True,0.3773805856169948,0.0458821100747641,0.0,0.0458821100747641,0.33149847554223066,0.02,True,False,False,MONTHLY_TARGET_CAP,,,,,,,,,,,,,
V9.6.1_REFERENCE,2026-04,116137,116139,-1,fca571982b7c88a0,2026-04-23,-1.2714632256319955,False,2,2,True,True,0.31534858032665364,0.3475671349378779,0.5,0.8,False,0.6917281005357752,0.34,0.644603316712721,0.34695091809782946,NEUTRAL,False,0.27248258588809876,0.0458821100747641,0.0,0.0458821100747641,0.22660047581333465,0.02,False,False,False,ONLINE_RANK,,,,,,,,,,,,,
V9.6.1_REFERENCE,2026-04,116138,116139,-1,fca571982b7c88a0,2026-04-23,-1.2714623734423003,False,2,2,True,True,0.26911101427252115,0.3250420540693714,0.3953488372093023,0.8,False,0.6919823325059486,0.34,0.47616424393176376,0.34494942729555117,NEUTRAL,False,0.22969602470779,0.0458821100747641,0.0,0.0458821100747641,0.18381391463302588,0.02,False,False,False,ONLINE_RANK,,,,,,,,,,,,,
V9.6.1_REFERENCE,2026-04,116168,116215,-1,fca571982b7c88a0,2026-04-23,-1.2266337306900452,False,2,2,True,True,0.2787239784097289,0.32982867996537013,0.4090909090909091,0.8,False,0.7070529331470417,0.34,0.5409307780229405,0.34543528333770995,NEUTRAL,False,0.23882548312586327,0.0458821100747641,0.0,0.0458821100747641,0.19294337305109915,0.02,False,False,False,ONLINE_RANK,,,,,,,,,,,,,
V9.6.1_REFERENCE,2026-04,116169,116215,-1,fca571982b7c88a0,2026-04-23,-1.2384774891627814,False,2,2,True,True,0.4319004342905358,0.40080574991716356,0.8222222222222222,0.8,True,0.7070524798291995,0.34,0.49497713793710857,0.34705600601907366,NEUTRAL,True,0.3707652701525427,0.0458821100747641,0.0,0.0458821100747641,0.32488316007777857,0.02,True,False,False,MONTHLY_TARGET_CAP,,,,,,,,,,,,,
V9.6.1_REFERENCE,2026-05,119074,119077,-1,fca571982b7c88a0,2026-05-04,1.8618115116088623,True,1,1,True,True,0.3133858776383741,0.26185088578816473,0.391304347826087,0.8,False,0.5530905527636555,0.34,0.7792153533855946,0.27644525804735554,REJECT,False,-0.2783168247165793,0.043828739810657616,0.0,0.043828739810657616,-0.3221455645272369,0.02,False,False,False,ONLINE_RANK,,,,,,,,,,,,,
V9.6.1_REFERENCE,2026-05,119077,119080,-1,fca571982b7c88a0,2026-05-04,-1.1999214545598806,False,2,2,True,True,0.23856651760337952,0.2400144472410186,0.20833333333333334,0.8,False,0.5528989907712549,0.34,0.7270636104603885,0.27517103111104485,REJECT,False,-0.3265371791458937,0.043828739810657616,0.0,0.043828739810657616,-0.3703659189565513,0.02,False,False,False,ONLINE_RANK,,,,,,,,,,,,,
V9.6.1_REFERENCE,2026-05,119078,119081,-1,fca571982b7c88a0,2026-05-04,-1.2008120672610882,False,2,2,True,True,0.10132565893640998,0.18851895884802292,0.04,0.8,False,0.5529978457166425,0.34,0.6562066355116172,0.2732526046458211,REJECT,False,-0.4394676859512511,0.043828739810657616,0.0,0.043828739810657616,-0.4832964257619087,0.02,False,False,False,ONLINE_RANK,,,,,,,,,,,,,
V9.6.1_REFERENCE,2026-05,119556,119560,-1,fca571982b7c88a0,2026-05-06,-1.271428067132503,False,2,2,True,True,0.46556860265865296,0.30281593209386737,0.8076923076923077,0.8,True,0.5231224123558571,0.34,0.6615026980212617,0.27508346784848536,REJECT,False,-0.19056494867088647,0.043828739810657616,0.0,0.043828739810657616,-0.23439368848154407,0.02,False,False,False,META_PROBABILITY,,,,,,,,,,,,,
V9.6.1_REFERENCE,2026-05,119566,119583,-1,fca571982b7c88a0,2026-05-06,1.8301262444399897,True,1,1,True,True,0.4258720367668605,0.29223814573343826,0.7407407407407407,0.8,False,0.5071666901487623,0.34,0.6469363717215904,0.2749914671592771,REJECT,False,-0.21354411492561354,0.043828739810657616,0.0,0.043828739810657616,-0.25737285473627114,0.02,False,False,False,ONLINE_RANK,,,,,,,,,,,,,
V9.6.1_REFERENCE,2026-05,119568,119584,-1,fca571982b7c88a0,2026-05-06,1.8301248455616579,True,1,1,True,True,0.42198690942789774,0.29120498938144684,0.7142857142857143,0.8,False,0.5116057330046544,0.34,0.524585505781713,0.27241869168166866,REJECT,False,-0.21763969942535277,0.043828739810657616,0.0,0.043828739810657616,-0.2614684392360104,0.02,False,False,False,ONLINE_RANK,,,,,,,,,,,,,
V9.6.1_REFERENCE,2026-05,120138,120163,-1,fca571982b7c88a0,2026-05-08,-0.17089434421946553,False,2,2,True,True,0.22737040181314394,0.23652653786010777,0.1724137931034483,0.8,False,0.6935211726484284,0.34,0.5130683978588453,0.2682433391174382,REJECT,False,-0.33909447111684715,0.043828739810657616,0.0,0.043828739810657616,-0.38292321092750475,0.02,False,False,False,ONLINE_RANK,,,,,,,,,,,,,
V9.6.1_REFERENCE,2026-05,120956,120962,-1,fca571982b7c88a0,2026-05-11,-0.17088195587974908,False,2,2,True,True,0.2759850239945291,0.2512053652136267,0.3,0.8,False,0.5482211014694833,0.34,0.527837768661297,0.27142595083870097,REJECT,False,-0.305000421144287,0.043828739810657616,0.0,0.043828739810657616,-0.3488291609549446,0.02,False,False,False,ONLINE_RANK,,,,,,,,,,,,,
V9.6.1_REFERENCE,2026-05,122008,122031,-1,fca571982b7c88a0,2026-05-15,-1.2714531142707768,False,2,2,True,True,0.3048568246140324,0.25946064799626367,0.41935483870967744,0.8,False,0.6911902810519236,0.34,0.6189105159530015,0.27055755788203595,REJECT,False,-0.287745514853818,0.043828739810657616,0.0,0.043828739810657616,-0.3315742546644756,0.02,False,False,False,ONLINE_RANK,,,,,,,,,,,,,
V9.6.1_REFERENCE,2026-05,125584,125636,-1,fca571982b7c88a0,2026-05-29,1.8300463643567926,True,1,1,True,True,0.2073371103151417,0.2300846822896588,0.15625,0.8,False,0.5319263488969799,0.34,0.6165648312766627,0.27329299326365036,REJECT,False,-0.34940224361770367,0.043828739810657616,0.0,0.043828739810657616,-0.39323098342836127,0.02,False,False,False,ONLINE_RANK,,,,,,,,,,,,,
V9.6.1_REFERENCE,2026-06,127033,127034,-1,fca571982b7c88a0,2026-06-04,-1.1222944519841664,False,2,2,False,False,,,,,False,,,,,,False,,,,,,,False,False,False,MODEL_UNAVAILABLE,,,,,,,,,,,,,
V9.6.1_REFERENCE,2026-06,127148,127154,-1,fca571982b7c88a0,2026-06-04,-0.06602797526920008,False,2,2,False,False,,,,,False,,,,,,False,,,,,,,False,False,False,MODEL_UNAVAILABLE,,,,,,,,,,,,,
V9.6.1_REFERENCE,2026-06,127164,127191,-1,fca571982b7c88a0,2026-06-04,1.946076095860926,True,1,1,False,False,,,,,False,,,,,,False,,,,,,,False,False,False,MODEL_UNAVAILABLE,,,,,,,,,,,,,
V9.6.1_REFERENCE,2026-06,127168,127174,-1,fca571982b7c88a0,2026-06-04,-1.1718073126379087,False,2,2,False,False,,,,,False,,,,,,False,,,,,,,False,False,False,MODEL_UNAVAILABLE,,,,,,,,,,,,,
V9.6.1_REFERENCE,2026-06,127328,127335,-1,fca571982b7c88a0,2026-06-05,1.903124205835836,True,1,1,False,False,,,,,False,,,,,,False,,,,,,,False,False,False,MODEL_UNAVAILABLE,,,,,,,,,,,,,
V9.6.1_REFERENCE,2026-06,127329,127335,-1,fca571982b7c88a0,2026-06-05,1.8976501309125287,True,1,1,False,False,,,,,False,,,,,,False,,,,,,,False,False,False,MODEL_UNAVAILABLE,,,,,,,,,,,,,
V9.6.1_REFERENCE,2026-06,127330,127335,-1,fca571982b7c88a0,2026-06-05,1.8954073685868644,True,1,1,False,False,,,,,False,,,,,,False,,,,,,,False,False,False,MODEL_UNAVAILABLE,,,,,,,,,,,,,
V9.6.1_REFERENCE,2026-06,127358,127366,-1,fca571982b7c88a0,2026-06-05,-0.05487582360770554,False,2,2,False,False,,,,,False,,,,,,False,,,,,,,False,False,False,MODEL_UNAVAILABLE,,,,,,,,,,,,,
V9.6.1_REFERENCE,2026-06,127449,127454,-1,fca571982b7c88a0,2026-06-05,-1.1025543970692389,False,2,2,False,False,,,,,False,,,,,,False,,,,,,,False,False,False,MODEL_UNAVAILABLE,,,,,,,,,,,,,
V9.6.1_REFERENCE,2026-06,127491,127492,-1,fca571982b7c88a0,2026-06-05,-1.1226220689167936,False,2,2,False,False,,,,,False,,,,,,False,,,,,,,False,False,False,MODEL_UNAVAILABLE,,,,,,,,,,,,,
V9.6.1_REFERENCE,2026-06,127506,127522,-1,fca571982b7c88a0,2026-06-05,-0.038931752165420504,False,2,2,False,False,,,,,False,,,,,,False,,,,,,,False,False,False,MODEL_UNAVAILABLE,,,,,,,,,,,,,
V9.6.1_REFERENCE,2026-06,127527,127532,-1,fca571982b7c88a0,2026-06-05,1.9361732058003047,True,1,1,False,False,,,,,False,,,,,,False,,,,,,,False,False,False,MODEL_UNAVAILABLE,,,,,,,,,,,,,
V9.6.1_REFERENCE,2026-06,127979,127982,-1,fca571982b7c88a0,2026-06-07,-1.2716418173155373,False,2,2,False,False,,,,,False,,,,,,False,,,,,,,False,False,False,MODEL_UNAVAILABLE,,,,,,,,,,,,,
V9.6.1_REFERENCE,2026-06,128217,128222,-1,fca571982b7c88a0,2026-06-08,-0.11589618404814342,False,2,2,False,False,,,,,False,,,,,,False,,,,,,,False,False,False,MODEL_UNAVAILABLE,,,,,,,,,,,,,
V9.6.1_REFERENCE,2026-06,128236,128241,-1,fca571982b7c88a0,2026-06-08,-1.2321896327242594,False,2,2,False,False,,,,,False,,,,,,False,,,,,,,False,False,False,MODEL_UNAVAILABLE,,,,,,,,,,,,,
V9.6.1_REFERENCE,2026-06,129984,130057,-1,fca571982b7c88a0,2026-06-15,-0.17104135949073934,False,2,2,False,False,,,,,False,,,,,,False,,,,,,,False,False,False,MODEL_UNAVAILABLE,,,,,,,,,,,,,
V9.6.1_REFERENCE,2026-06,130253,130272,-1,fca571982b7c88a0,2026-06-16,-0.17103740313051022,False,2,2,False,False,,,,,False,,,,,,False,,,,,,,False,False,False,MODEL_UNAVAILABLE,,,,,,,,,,,,,
V9.6.1_REFERENCE,2026-06,130254,130267,-1,fca571982b7c88a0,2026-06-16,-0.17103760833714854,False,2,2,False,False,,,,,False,,,,,,False,,,,,,,False,False,False,MODEL_UNAVAILABLE,,,,,,,,,,,,,
V9.6.1_REFERENCE,2026-06,130273,130280,-1,fca571982b7c88a0,2026-06-16,-1.2715885900554593,False,2,2,False,False,,,,,False,,,,,,False,,,,,,,False,False,False,MODEL_UNAVAILABLE,,,,,,,,,,,,,
V9.6.1_REFERENCE,2026-06,130632,130634,-1,fca571982b7c88a0,2026-06-17,-1.2716004102392249,False,2,2,False,False,,,,,False,,,,,,False,,,,,,,False,False,False,MODEL_UNAVAILABLE,,,,,,,,,,,,,
V9.6.1_REFERENCE,2026-06,130656,130672,-1,fca571982b7c88a0,2026-06-17,1.8423408285367848,True,1,1,False,False,,,,,False,,,,,,False,,,,,,,False,False,False,MODEL_UNAVAILABLE,,,,,,,,,,,,,
V9.6.1_REFERENCE,2026-06,130657,130671,-1,fca571982b7c88a0,2026-06-17,-1.265876035255469,False,2,2,False,False,,,,,False,,,,,,False,,,,,,,False,False,False,MODEL_UNAVAILABLE,,,,,,,,,,,,,
V9.6.1_REFERENCE,2026-06,130890,130895,-1,fca571982b7c88a0,2026-06-18,1.829938871146305,True,1,1,False,False,,,,,False,,,,,,False,,,,,,,False,False,False,MODEL_UNAVAILABLE,,,,,,,,,,,,,
V9.6.1_REFERENCE,2026-06,131385,131434,-1,fca571982b7c88a0,2026-06-20,1.8299309914859119,True,1,1,False,False,,,,,False,,,,,,False,,,,,,,False,False,False,MODEL_UNAVAILABLE,,,,,,,,,,,,,
V9.6.1_REFERENCE,2026-06,131956,131962,-1,fca571982b7c88a0,2026-06-22,-1.2716004279047515,False,2,2,False,False,,,,,False,,,,,,False,,,,,,,False,False,False,MODEL_UNAVAILABLE,,,,,,,,,,,,,
V9.6.1_REFERENCE,2026-06,131957,131961,-1,fca571982b7c88a0,2026-06-22,-1.2716008738789168,False,2,2,False,False,,,,,False,,,,,,False,,,,,,,False,False,False,MODEL_UNAVAILABLE,,,,,,,,,,,,,
V9.6.1_REFERENCE,2026-06,132777,132785,-1,fca571982b7c88a0,2026-06-25,-0.000419480124115138,False,2,2,False,False,,,,,False,,,,,,False,,,,,,,False,False,False,MODEL_UNAVAILABLE,,,,,,,,,,,,,
V9.6.1_REFERENCE,2026-06,132922,132923,-1,fca571982b7c88a0,2026-06-26,-1.183982317577962,False,2,2,False,False,,,,,False,,,,,,False,,,,,,,False,False,False,MODEL_UNAVAILABLE,,,,,,,,,,,,,
V9.6.4_FIXED_PENALTY,2025-05,28722,28724,-1,fca571982b7c88a0,2025-05-01,-1.2713351710988023,False,2,2,True,True,0.2138859840625925,0.11876943405489065,0.3137254901960784,0.8,False,0.5010832645874378,0.34,0.7347648007877192,0.12102569510926724,REJECT,False,-0.5810229459607715,0.03249408676915442,0.07778174593052023,0.11027583269967464,-0.6912987786604462,0.02,False,False,False,ONLINE_RANK,,,,,,,,,,,,,
V9.6.4_FIXED_PENALTY,2025-05,29050,29054,-1,fca571982b7c88a0,2025-05-02,-0.170774393056048,False,2,2,True,True,0.2697071493891084,0.1194534847077435,0.46153846153846156,0.8,False,0.5217942903269635,0.34,0.7358845879981404,0.12080008420657905,REJECT,False,-0.5799218773944903,0.03249408676915442,0.07778174593052023,0.11027583269967464,-0.690197710094165,0.02,False,False,False,ONLINE_RANK,,,,,,,,,,,,,
V9.6.4_FIXED_PENALTY,2025-05,29051,29054,-1,fca571982b7c88a0,2025-05-02,-0.17077442529137518,False,2,2,True,True,0.2754214046858098,0.11951821443973347,0.4716981132075472,0.8,False,0.5215007164051922,0.34,0.5964052710242564,0.12102993585295745,REJECT,False,-0.5796662586987984,0.03249408676915442,0.07778174593052023,0.11027583269967464,-0.6899420913984731,0.02,False,False,False,ONLINE_RANK,,,,,,,,,,,,,
V9.6.4_FIXED_PENALTY,2025-05,30378,30391,-1,fca571982b7c88a0,2025-05-07,1.8302246003102882,True,1,1,True,True,0.3893773479576528,0.12068624508671975,0.6481481481481481,0.8,False,0.5229417975668658,0.34,0.6000321448086827,0.12100882210320478,REJECT,False,-0.57756666296781,0.03249408676915442,0.07778174593052023,0.11027583269967464,-0.6878424956674847,0.02,False,False,False,ONLINE_RANK,,,,,,,,,,,,,
V9.6.4_FIXED_PENALTY,2025-05,30740,30753,-1,fca571982b7c88a0,2025-05-08,-0.17074476158654914,False,2,2,True,True,0.21294829897432876,0.11875696610924975,0.3090909090909091,0.8,False,0.4771180854558395,0.34,0.6069887399949909,0.12146946973694724,REJECT,False,-0.580777979058703,0.03249408676915442,0.07778174593052023,0.11027583269967464,-0.6910538117583777,0.02,False,False,False,ONLINE_RANK,,,,,,,,,,,,,
V9.6.4_FIXED_PENALTY,2025-05,31007,31030,-1,fca571982b7c88a0,2025-05-10,-0.17074121897203623,False,2,2,True,True,0.2570698033839055,0.1193073040363429,0.39285714285714285,0.8,False,0.5082244666507303,0.34,0.7578555885314076,0.12091212593919023,REJECT,False,-0.5801186970585138,0.03249408676915442,0.07778174593052023,0.11027583269967464,-0.6903945297581885,0.02,False,False,False,ONLINE_RANK,,,,,,,,,,,,,
V9.6.4_FIXED_PENALTY,2025-05,31243,31291,-1,fca571982b7c88a0,2025-05-11,-0.17073886384760387,False,2,2,True,True,0.48692943528064275,0.1215918447400799,0.7894736842105263,0.8,False,0.49716929920724184,0.34,0.6226410468186814,0.12123811725797404,REJECT,False,-0.5757907096637537,0.03249408676915442,0.07778174593052023,0.11027583269967464,-0.6860665423634283,0.02,False,False,False,ONLINE_RANK,,,,,,,,,,,,,
V9.6.4_FIXED_PENALTY,2025-05,31366,31397,-1,fca571982b7c88a0,2025-05-11,-0.17073827066745162,False,2,2,True,True,0.4366350789838409,0.1211297218888256,0.6896551724137931,0.8,False,0.5037465625936527,0.34,0.6646226037379099,0.12110499110110003,REJECT,False,-0.576706685714298,0.03249408676915442,0.07778174593052023,0.11027583269967464,-0.6869825184139726,0.02,False,False,False,ONLINE_RANK,,,,,,,,,,,,,
V9.6.4_FIXED_PENALTY,2025-05,32111,32130,-1,fca571982b7c88a0,2025-05-14,-1.2712912244948205,False,2,2,True,True,0.16921254982025657,0.11812486920546593,0.23728813559322035,0.8,False,0.5108051497872518,0.34,0.6174944236391173,0.12110648827296468,REJECT,False,-0.5821399049606362,0.03249408676915442,0.07778174593052023,0.11027583269967464,-0.6924157376603108,0.02,False,False,False,ONLINE_RANK,,,,,,,,,,,,,
V9.6.4_FIXED_PENALTY,2025-05,32113,32122,-1,fca571982b7c88a0,2025-05-14,-1.2712917934674208,False,2,2,True,True,0.19235527507878367,0.11847266292365152,0.26666666666666666,0.8,False,0.511876382992889,0.34,0.6872656268006989,0.12098459103773261,REJECT,False,-0.5815844195119838,0.03249408676915442,0.07778174593052023,0.11027583269967464,-0.6918602522116585,0.02,False,False,False,ONLINE_RANK,,,,,,,,,,,,,
V9.6.4_FIXED_PENALTY,2025-05,32393,32399,-1,fca571982b7c88a0,2025-05-15,-1.271298473216036,False,2,2,True,True,0.2609266017388044,0.11935237896599503,0.26229508196721313,0.8,False,0.8067494293572486,0.34,0.6341506396779291,0.11803931471475748,REJECT,False,-0.5817689585524416,0.03249408676915442,0.07778174593052023,0.11027583269967464,-0.6920447912521163,0.02,False,False,False,ONLINE_RANK,,,,,,,,,,,,,
V9.6.4_FIXED_PENALTY,2025-05,33250,33258,-1,fca571982b7c88a0,2025-05-18,1.8302692507302938,True,1,1,True,True,0.5677023430862207,0.12233660640642412,0.8387096774193549,0.8,True,0.5186194838013645,0.34,0.5102326549306968,0.12119751901238454,REJECT,False,-0.5744683197176197,0.03249408676915442,0.07778174593052023,0.11027583269967464,-0.6847441524172944,0.02,False,False,False,META_PROBABILITY,,,,,,,,,,,,,
V9.6.4_FIXED_PENALTY,2025-05,33501,33506,-1,fca571982b7c88a0,2025-05-19,-1.271287505470875,False,2,2,True,True,0.3866458274653276,0.12066014898463032,0.5714285714285714,0.8,False,0.6377404516813296,0.34,0.7001342021064727,0.1196287936759979,REJECT,False,-0.5784457599417054,0.03249408676915442,0.07778174593052023,0.11027583269967464,-0.6887215926413801,0.02,False,False,False,ONLINE_RANK,,,,,,,,,,,,,
V9.6.4_FIXED_PENALTY,2025-05,33502,33505,-1,fca571982b7c88a0,2025-05-19,-1.2712878032467372,False,2,2,True,True,0.3777223748746004,0.1205744511285336,0.5625,0.8,False,0.6379184779742371,0.34,0.6934631262326574,0.11964090568476618,REJECT,False,-0.5785934387982201,0.03249408676915442,0.07778174593052023,0.11027583269967464,-0.6888692714978948,0.02,False,False,False,ONLINE_RANK,,,,,,,,,,,,,
V9.6.4_FIXED_PENALTY,2025-05,34025,34027,-1,fca571982b7c88a0,2025-05-21,-1.2712750537566382,False,2,2,True,True,0.22454204946086717,0.11890851204366991,0.3076923076923077,0.8,False,0.516766590598636,0.34,0.8057792960672701,0.12074240598945785,REJECT,False,-0.5809422018353364,0.03249408676915442,0.07778174593052023,0.11027583269967464,-0.6912180345350111,0.02,False,False,False,ONLINE_RANK,,,,,,,,,,,,,
V9.6.4_FIXED_PENALTY,2025-05,34037,34042,-1,fca571982b7c88a0,2025-05-21,-1.2067456225748443,False,2,2,True,True,0.2724797243053251,0.11948499333154289,0.4696969696969697,0.8,False,0.5275072133403842,0.34,0.7067134052720203,0.12078653809238354,REJECT,False,-0.5798730614837422,0.03249408676915442,0.07778174593052023,0.11027583269967464,-0.6901488941834169,0.02,False,False,False,ONLINE_RANK,,,,,,,,,,,,,
V9.6.4_FIXED_PENALTY,2025-05,34108,34114,-1,fca571982b7c88a0,2025-05-21,-1.2712684902739906,False,2,2,True,True,0.49017796734793073,0.12162156974904209,0.7910447761194029,0.8,False,0.5335237813189312,0.34,0.4909069994106284,0.12108303842975314,REJECT,False,-0.575830437543844,0.03249408676915442,0.07778174593052023,0.11027583269967464,-0.6861062702435187,0.02,False,False,False,ONLINE_RANK,,,,,,,,,,,,,
V9.6.4_FIXED_PENALTY,2025-05,34179,34208,-1,fca571982b7c88a0,2025-05-22,1.8302946289957382,True,1,1,True,True,0.47055523448449893,0.12144192246607624,0.75,0.8,False,0.49962516205584406,0.34,0.5945622646067144,0.12125592259629363,REJECT,False,-0.5760511030504822,0.03249408676915442,0.07778174593052023,0.11027583269967464,-0.6863269357501569,0.02,False,False,False,ONLINE_RANK,,,,,,,,,,,,,
V9.6.4_FIXED_PENALTY,2025-05,34585,34601,-1,fca571982b7c88a0,2025-05-24,-1.2712700225305744,False,2,2,True,True,0.20323877336963225,0.11862551278455467,0.14492753623188406,0.8,False,0.800898616921636,0.34,0.7038011567464131,0.11790897412904877,REJECT,False,-0.5831620301324576,0.03249408676915442,0.07778174593052023,0.11027583269967464,-0.6934378628321323,0.02,False,False,False,ONLINE_RANK,,,,,,,,,,,,,
V9.6.4_FIXED_PENALTY,2025-05,34611,34656,-1,fca571982b7c88a0,2025-05-24,-0.17071531292548595,False,2,2,True,True,0.29007582243324787,0.11968068928978243,0.3,0.8,False,0.795969546992718,0.34,0.5631561502295728,0.11834151811986787,REJECT,False,-0.5809930530791103,0.03249408676915442,0.07778174593052023,0.11027583269967464,-0.691268885778785,0.02,False,False,False,ONLINE_RANK,,,,,,,,,,,,,
V9.6.4_FIXED_PENALTY,2025-05,35014,35023,-1,fca571982b7c88a0,2025-05-25,-1.2712670499623988,False,2,2,True,True,0.29759457412294604,0.11976223849299525,0.2676056338028169,0.8,False,0.7983755220150366,0.34,0.8135513976817388,0.11763643855448831,REJECT,False,-0.5812706089280459,0.03249408676915442,0.07778174593052023,0.11027583269967464,-0.6915464416277206,0.02,False,False,False,ONLINE_RANK,,,,,,,,,,,,,
V9.6.4_FIXED_PENALTY,2025-05,35015,35024,-1,fca571982b7c88a0,2025-05-25,-1.2712666905286227,False,2,2,True,True,0.3536561723020297,0.12033944492244791,0.4861111111111111,0.8,False,0.7980287859483093,0.34,0.593764897837912,0.11823731866617575,REJECT,False,-0.5798645404676596,0.03249408676915442,0.07778174593052023,0.11027583269967464,-0.6901403731673342,0.02,False,False,False,ONLINE_RANK,,,,,,,,,,,,,
V9.6.4_FIXED_PENALTY,2025-05,35946,35971,-1,fca571982b7c88a0,2025-05-29,1.8302831163570576,True,1,1,True,True,0.22390474578665526,0.11890032425694615,0.3424657534246575,0.8,False,0.4733108865139196,0.34,0.6729460542336889,0.12141431293507803,REJECT,False,-0.5805519726251958,0.03249408676915442,0.07778174593052023,0.11027583269967464,-0.6908278053248704,0.02,False,False,False,ONLINE_RANK,,,,,,,,,,,,,
V9.6.4_FIXED_PENALTY,2025-06,37326,37329,-1,fca571982b7c88a0,2025-06-03,-1.271277877803177,False,2,2,True,True,0.2983923511109825,0.1791250235817403,0.7083333333333334,0.8,False,0.5151994755957683,0.34,0.720454461991008,0.17439640303877899,REJECT,False,-0.3832811088971186,0.037738018322949964,0.11468292773139113,0.1524209460543411,-0.5357020549514597,0.02,False,False,False,ONLINE_RANK,,,,,,,,,,,,,
V9.6.4_FIXED_PENALTY,2025-06,37327,37355,-1,fca571982b7c88a0,2025-06-03,1.8302719187380592,True,1,1,True,True,0.3109583156689636,0.180622766984232,0.76,0.8,False,0.5149060634235357,0.34,0.7373811390242246,0.1740425612994626,REJECT,False,-0.38049458139018,0.037738018322949964,0.11468292773139113,0.1524209460543411,-0.5329155274445211,0.02,False,False,False,ONLINE_RANK,,,,,,,,,,,,,
V9.6.4_FIXED_PENALTY,2025-06,37838,37845,-1,fca571982b7c88a0,2025-06-05,1.8302684321375402,True,1,1,True,True,0.20223144830907744,0.16653936148458057,0.2692307692307692,0.8,False,0.6308325054120962,0.34,0.8108685507824196,0.16914217538911971,REJECT,False,-0.41223512751018915,0.037738018322949964,0.11468292773139113,0.1524209460543411,-0.5646560735645303,0.02,False,False,False,ONLINE_RANK,,,,,,,,,,,,,
V9.6.4_FIXED_PENALTY,2025-06,37839,37845,-1,fca571982b7c88a0,2025-06-05,1.830268411124264,True,1,1,True,True,0.19987532649386713,0.1661949979827461,0.25925925925925924,0.8,False,0.6317116451488625,0.34,0.8386069105459324,0.16849040925723371,REJECT,False,-0.41336932870958065,0.037738018322949964,0.11468292773139113,0.1524209460543411,-0.5657902747639217,0.02,False,False,False,ONLINE_RANK,,,,,,,,,,,,,
V9.6.4_FIXED_PENALTY,2025-06,37937,37945,-1,fca571982b7c88a0,2025-06-05,-1.2102328383631702,False,2,2,True,True,0.7090727640192367,0.22801208557909608,1.0,0.8,True,0.8112508318098424,0.34,0.6568770470700505,0.1677543656843319,REJECT,False,-0.2890238986405543,0.037738018322949964,0.11468292773139113,0.1524209460543411,-0.44144484469489537,0.02,False,False,False,META_PROBABILITY,,,,,,,,,,,,,
V9.6.4_FIXED_PENALTY,2025-06,37938,37945,-1,fca571982b7c88a0,2025-06-05,-1.2193521428688319,False,2,2,True,True,0.7051195954104439,0.22742366573442385,0.9655172413793104,0.8,True,0.8112234896715151,0.34,0.7085612024448968,0.16644167801028706,REJECT,False,-0.2910958917927174,0.037738018322949964,0.11468292773139113,0.1524209460543411,-0.4435168378470585,0.02,False,False,False,META_PROBABILITY,,,,,,,,,,,,,
V9.6.4_FIXED_PENALTY,2025-06,39260,39271,-1,fca571982b7c88a0,2025-06-10,-1.271262435725339,False,2,2,True,True,0.3492185788335474,0.18505997376079603,0.8,0.8,True,0.52297539895955,0.34,0.7401069208015156,0.17374885000496734,REJECT,False,-0.37173126722229416,0.037738018322949964,0.11468292773139113,0.1524209460543411,-0.5241522132766352,0.02,False,False,False,META_PROBABILITY,,,,,,,,,,,,,
V9.6.4_FIXED_PENALTY,2025-06,39741,39747,-1,fca571982b7c88a0,2025-06-12,-1.2712723007044655,False,2,2,True,True,0.37241532567912033,0.1876826357239759,0.8387096774193549,0.8,True,0.633825691364183,0.34,0.5614927766397149,0.17475123402413606,REJECT,False,-0.36575996737028255,0.037738018322949964,0.11468292773139113,0.1524209460543411,-0.5181809134246236,0.02,False,False,False,META_PROBABILITY,,,,,,,,,,,,,
V9.6.4_FIXED_PENALTY,2025-06,39847,39855,-1,fca571982b7c88a0,2025-06-13,-0.11749607068943006,False,2,2,True,True,0.6474272443658108,0.21940540234549208,0.9375,0.8,True,0.8053706457696956,0.34,0.6266232840958765,0.16869734664240427,REJECT,False,-0.30577048738835505,0.037738018322949964,0.11468292773139113,0.1524209460543411,-0.45819143344269614,0.02,False,False,False,META_PROBABILITY,,,,,,,,,,,,,
V9.6.4_FIXED_PENALTY,2025-06,39848,39855,-1,fca571982b7c88a0,2025-06-13,-0.1216288540795459,False,2,2,True,True,0.6529564651561256,0.22013412967637597,0.9393939393939394,0.8,True,0.805413332509086,0.34,0.5865066921627218,0.16972111999648476,REJECT,False,-0.3036096298272641,0.037738018322949964,0.11468292773139113,0.1524209460543411,-0.45603057588160517,0.02,False,False,False,META_PROBABILITY,,,,,,,,,,,,,
V9.6.4_FIXED_PENALTY,2025-06,39851,39855,-1,fca571982b7c88a0,2025-06-13,-0.1293377959722016,False,2,2,True,True,0.6010248649997444,0.2135419678591319,0.8823529411764706,0.8,True,0.8054734021257106,0.34,0.5276610385132777,0.1712464260256313,REJECT,False,-0.31589584405584237,0.037738018322949964,0.11468292773139113,0.1524209460543411,-0.46831679011018346,0.02,False,False,False,META_PROBABILITY,,,,,,,,,,,,,
V9.6.4_FIXED_PENALTY,2025-06,39916,39960,-1,fca571982b7c88a0,2025-06-13,-0.17073422649574604,False,2,2,True,True,0.20650935750635777,0.16715873673833542,0.2571428571428571,0.8,False,0.8166077261488399,0.34,0.5075732580901455,0.17158166135483632,REJECT,False,-0.409342088264539,0.037738018322949964,0.11468292773139113,0.1524209460543411,-0.5617630343188801,0.02,False,False,False,ONLINE_RANK,,,,,,,,,,,,,
V9.6.4_FIXED_PENALTY,2025-06,40685,40689,-1,fca571982b7c88a0,2025-06-16,-1.2712786994412184,False,2,2,True,True,0.4545548495947667,0.19677905924176617,0.8333333333333334,0.8,True,0.5059919567534952,0.34,0.5113710930806608,0.17909742918099258,REJECT,False,-0.3444638034382298,0.037738018322949964,0.11468292773139113,0.1524209460543411,-0.4968847494925709,0.02,False,False,False,META_PROBABILITY,,,,,,,,,,,,,
V9.6.4_FIXED_PENALTY,2025-06,40795,40815,-1,fca571982b7c88a0,2025-06-16,-1.2712729356414545,False,2,2,True,True,0.19274873712431234,0.165138706112431,0.24324324324324326,0.8,False,0.5198663147673541,0.34,0.6576463475707763,0.17563049041265755,REJECT,False,-0.4106960175259318,0.037738018322949964,0.11468292773139113,0.1524209460543411,-0.5631169635802729,0.02,False,False,False,ONLINE_RANK,,,,,,,,,,,,,
V9.6.4_FIXED_PENALTY,2025-06,40797,40818,-1,fca571982b7c88a0,2025-06-16,-1.2712729111833063,False,2,2,True,True,0.21239801830396834,0.16799947634862655,0.34210526315789475,0.8,False,0.5179465971339468,0.34,0.5630559032508438,0.1777135553172948,REJECT,False,-0.403516367017967,0.037738018322949964,0.11468292773139113,0.1524209460543411,-0.5559373130723081,0.02,False,False,False,ONLINE_RANK,,,,,,,,,,,,,
V9.6.4_FIXED_PENALTY,2025-06,41785,41848,-1,fca571982b7c88a0,2025-06-20,1.830271222596088,True,1,1,True,True,0.19719518810503706,0.1658003902483611,0.2564102564102564,0.8,False,0.5082596686401085,0.34,0.7444324162965148,0.17410565830126176,REJECT,False,-0.41038620931995656,0.037738018322949964,0.11468292773139113,0.1524209460543411,-0.5628071553742977,0.02,False,False,False,ONLINE_RANK,,,,,,,,,,,,,
V9.6.4_FIXED_PENALTY,2025-06,42212,42226,-1,fca571982b7c88a0,2025-06-21,-0.16344537885406285,False,2,2,True,True,0.6988071074901495,0.2264958955476555,1.0,0.8,True,0.8226309488566466,0.34,0.4647719042945106,0.17244678189072632,REJECT,False,-0.28892706521911055,0.037738018322949964,0.11468292773139113,0.1524209460543411,-0.44134801127345163,0.02,False,False,False,META_PROBABILITY,,,,,,,,,,,,,
V9.6.4_FIXED_PENALTY,2025-06,42215,42226,-1,fca571982b7c88a0,2025-06-21,-0.17075164512592228,False,2,2,True,True,0.7725047999226508,0.23842334305268317,1.0,0.8,True,0.8224764427954393,0.34,0.5949304051770191,0.16903452165863211,REJECT,False,-0.2671363767207363,0.037738018322949964,0.11468292773139113,0.1524209460543411,-0.4195573227750774,0.02,False,False,False,META_PROBABILITY,,,,,,,,,,,,,
V9.6.4_FIXED_PENALTY,2025-06,42233,42248,-1,fca571982b7c88a0,2025-06-22,-0.10070590116413027,False,2,2,True,True,0.3147419742477221,0.18106932785331106,0.5238095238095238,0.8,False,0.8157732602804522,0.34,0.7053257396880332,0.16650075123994243,REJECT,False,-0.38466969055914674,0.037738018322949964,0.11468292773139113,0.1524209460543411,-0.5370906366134878,0.02,False,False,False,ONLINE_RANK,,,,,,,,,,,,,
V9.6.4_FIXED_PENALTY,2025-06,42418,42451,-1,fca571982b7c88a0,2025-06-22,1.8666648007087157,True,1,1,True,True,0.3563257840651783,0.18586792588575085,0.6511627906976745,0.8,False,0.8045382768055671,0.34,0.6769754573743627,0.16750818885763089,REJECT,False,-0.37430063986487644,0.037738018322949964,0.11468292773139113,0.1524209460543411,-0.5267215859192176,0.02,False,False,False,ONLINE_RANK,,,,,,,,,,,,,
V9.6.4_FIXED_PENALTY,2025-06,42487,42500,-1,fca571982b7c88a0,2025-06-22,-1.2603376989318307,False,2,2,True,True,0.3028474562880974,0.17965871810469938,0.4772727272727273,0.8,False,0.8036464717885481,0.34,0.7184997166823885,0.16649738219791743,REJECT,False,-0.38752071471820815,0.037738018322949964,0.11468292773139113,0.1524209460543411,-0.5399416607725492,0.02,False,False,False,ONLINE_RANK,,,,,,,,,,,,,
V9.6.4_FIXED_PENALTY,2025-06,42567,42646,-1,fca571982b7c88a0,2025-06-23,1.830249063978905,True,1,1,True,True,0.3012625839687413,0.17946920997581564,0.4888888888888889,0.8,False,0.6783406126711439,0.34,0.8128848951260641,0.16770302000050227,REJECT,False,-0.3870918267140512,0.037738018322949964,0.11468292773139113,0.1524209460543411,-0.5395127727683923,0.02,False,False,False,ONLINE_RANK,,,,,,,,,,,,,
V9.6.4_FIXED_PENALTY,2025-06,42568,42646,-1,fca571982b7c88a0,2025-06-23,1.8302493299654674,True,1,1,True,True,0.27988921280004647,0.1768732623516953,0.41304347826086957,0.8,False,0.6783693999682651,0.34,0.6724729261193314,0.17099977828600307,REJECT,False,-0.3901151068032574,0.037738018322949964,0.11468292773139113,0.1524209460543411,-0.5425360528575984,0.02,False,False,False,ONLINE_RANK,,,,,,,,,,,,,
V9.6.4_FIXED_PENALTY,2025-06,42569,42646,-1,fca571982b7c88a0,2025-06-23,1.830249246597126,True,1,1,True,True,0.27988921280004647,0.1768732623516953,0.40425531914893614,0.8,False,0.6775734489620701,0.34,0.6958513021370099,0.1704696922687453,REJECT,False,-0.390471946775996,0.037738018322949964,0.11468292773139113,0.1524209460543411,-0.5428928928303371,0.02,False,False,False,ONLINE_RANK,,,,,,,,,,,,,
V9.6.4_FIXED_PENALTY,2025-06,42571,42646,-1,fca571982b7c88a0,2025-06-23,1.830248958669137,True,1,1,True,True,0.3068512263383649,0.18013578982663436,0.6041666666666666,0.8,False,0.6679336448682817,0.34,0.6381391292811189,0.1720821417598073,REJECT,False,-0.3827977449565895,0.037738018322949964,0.11468292773139113,0.1524209460543411,-0.5352186910109307,0.02,False,False,False,ONLINE_RANK,,,,,,,,,,,,,
V9.6.4_FIXED_PENALTY,2025-06,43182,43183,-1,fca571982b7c88a0,2025-06-25,-1.2712724268556954,False,2,2,True,True,0.25075763999765294,0.17319070756621435,0.3877551020408163,0.8,False,0.524262127382762,0.34,0.7187570798209022,0.1741880662560593,REJECT,False,-0.39540583239147226,0.037738018322949964,0.11468292773139113,0.1524209460543411,-0.5478267784458133,0.02,False,False,False,ONLINE_RANK,,,,,,,,,,,,,
V9.6.4_FIXED_PENALTY,2025-06,43183,43196,-1,fca571982b7c88a0,2025-06-25,-0.17072141097329482,False,2,2,True,True,0.2580890483945736,0.17413550120059904,0.4,0.8,False,0.5262807000425501,0.34,0.64989857892026,0.1756099593006302,REJECT,False,-0.39254062065219403,0.037738018322949964,0.11468292773139113,0.1524209460543411,-0.5449615667065351,0.02,False,False,False,ONLINE_RANK,,,,,,,,,,,,,
V9.6.4_FIXED_PENALTY,2025-06,43746,43758,-1,fca571982b7c88a0,2025-06-27,1.830276961244383,True,1,1,True,True,0.46749072690430166,0.19820704397102928,0.8431372549019608,0.8,True,0.5314342789308255,0.34,0.4991869943922272,0.17872526483667667,REJECT,False,-0.34183048934266963,0.037738018322949964,0.11468292773139113,0.1524209460543411,-0.4942514353970107,0.02,False,False,False,META_PROBABILITY,,,,,,,,,,,,,
V9.6.4_FIXED_PENALTY,2025-07,46991,47015,-1,fca571982b7c88a0,2025-07-09,-0.17070497156980752,False,2,2,True,True,0.23448109632236858,0.3988605210759058,0.6206896551724138,0.8,False,0.5034888250717671,0.34,0.6141634969273098,0.35916167632057105,NEUTRAL,False,0.24703987948665634,0.0457750281601203,0.10394023007753748,0.1497152582376578,0.09732462124899854,0.02,False,False,False,ONLINE_RANK,,,,,,,,,,,,,
V9.6.4_FIXED_PENALTY,2025-07,46992,47005,-1,fca571982b7c88a0,2025-07-09,-0.17070601868161106,False,2,2,True,True,0.25772674440529475,0.38469009643321006,0.6,0.8,False,0.5022566805635784,0.34,0.599330477006514,0.3573733551751862,NEUTRAL,False,0.21827966771783913,0.0457750281601203,0.10394023007753748,0.1497152582376578,0.06856440948018133,0.02,False,False,False,ONLINE_RANK,,,,,,,,,,,,,
V9.6.4_FIXED_PENALTY,2025-07,47334,47358,-1,fca571982b7c88a0,2025-07-11,-1.27123368019497,False,2,2,True,True,0.23491819592885044,0.3985835723078632,0.6129032258064516,0.8,False,0.47670948129113055,0.34,0.5530143826026395,0.3555331944166258,NEUTRAL,False,0.2441447915428922,0.0457750281601203,0.10394023007753748,0.1497152582376578,0.0944295333052344,0.02,False,False,False,ONLINE_RANK,,,,,,,,,,,,,
V9.6.4_FIXED_PENALTY,2025-07,47454,47484,-1,fca571982b7c88a0,2025-07-14,-1.2712123899677013,False,2,2,True,True,0.38112442331496055,0.32307129939717094,0.3125,0.8,False,0.5227332611841322,0.34,0.7132173848047298,0.36063088700365964,NEUTRAL,False,0.10038193882898483,0.0457750281601203,0.10394023007753748,0.1497152582376578,-0.04933331940867297,0.02,False,False,False,ONLINE_RANK,,,,,,,,,,,,,
V9.6.4_FIXED_PENALTY,2025-07,47460,47484,-1,fca571982b7c88a0,2025-07-14,-1.2712125542859891,False,2,2,True,True,0.24515467687470047,0.3922165847878344,0.6060606060606061,0.8,False,0.5193717932608286,0.34,0.5757811900807783,0.35602501888807503,NEUTRAL,False,0.23206335487565571,0.0457750281601203,0.10394023007753748,0.1497152582376578,0.08234809663799791,0.02,False,False,False,ONLINE_RANK,,,,,,,,,,,,,
V9.6.4_FIXED_PENALTY,2025-07,47461,47482,-1,fca571982b7c88a0,2025-07-14,-1.2712126683671485,False,2,2,True,True,0.21240147260342418,0.41344396516277415,0.7352941176470589,0.8,False,0.5193194151321789,0.34,0.5341992021916928,0.354499948809773,NEUTRAL,False,0.27241700874681196,0.0457750281601203,0.10394023007753748,0.1497152582376578,0.12270175050915416,0.02,False,False,False,ONLINE_RANK,,,,,,,,,,,,,
V9.6.4_FIXED_PENALTY,2025-08,47911,47922,-1,fca571982b7c88a0,2025-08-01,-0.16999661605873476,False,2,2,False,False,,,,,False,,,,,,False,,,,,,,False,False,False,MODEL_UNAVAILABLE,,,,,,,,,,,,,
V9.6.4_FIXED_PENALTY,2025-08,49851,49941,-1,fca571982b7c88a0,2025-08-08,-0.17068297938745836,False,2,2,False,False,,,,,False,,,,,,False,,,,,,,False,False,False,MODEL_UNAVAILABLE,,,,,,,,,,,,,
V9.6.4_FIXED_PENALTY,2025-08,50666,50677,-1,fca571982b7c88a0,2025-08-13,1.8449715074516468,True,1,1,False,False,,,,,False,,,,,,False,,,,,,,False,False,False,MODEL_UNAVAILABLE,,,,,,,,,,,,,
V9.6.4_FIXED_PENALTY,2025-08,50667,50677,-1,fca571982b7c88a0,2025-08-13,1.8401691359480234,True,1,1,False,False,,,,,False,,,,,,False,,,,,,,False,False,False,MODEL_UNAVAILABLE,,,,,,,,,,,,,
V9.6.4_FIXED_PENALTY,2025-08,50668,50672,-1,fca571982b7c88a0,2025-08-13,1.8339175215752659,True,1,1,False,False,,,,,False,,,,,,False,,,,,,,False,False,False,MODEL_UNAVAILABLE,,,,,,,,,,,,,
V9.6.4_FIXED_PENALTY,2025-08,50670,50677,-1,fca571982b7c88a0,2025-08-13,1.830335786958877,True,1,1,False,False,,,,,False,,,,,,False,,,,,,,False,False,False,MODEL_UNAVAILABLE,,,,,,,,,,,,,
V9.6.4_FIXED_PENALTY,2025-08,52727,52739,-1,fca571982b7c88a0,2025-08-22,-0.12987683503728378,False,2,2,False,False,,,,,False,,,,,,False,,,,,,,False,False,False,MODEL_UNAVAILABLE,,,,,,,,,,,,,
V9.6.4_FIXED_PENALTY,2025-08,53430,53434,-1,fca571982b7c88a0,2025-08-26,-1.2712548800568824,False,2,2,False,False,,,,,False,,,,,,False,,,,,,,False,False,False,MODEL_UNAVAILABLE,,,,,,,,,,,,,
V9.6.4_FIXED_PENALTY,2025-08,53878,53886,-1,fca571982b7c88a0,2025-08-28,-0.1706976466099136,False,2,2,False,False,,,,,False,,,,,,False,,,,,,,False,False,False,MODEL_UNAVAILABLE,,,,,,,,,,,,,
V9.6.4_FIXED_PENALTY,2025-08,54643,54674,-1,fca571982b7c88a0,2025-08-31,-1.2712670961024612,False,2,2,False,False,,,,,False,,,,,,False,,,,,,,False,False,False,MODEL_UNAVAILABLE,,,,,,,,,,,,,
V9.6.4_FIXED_PENALTY,2025-09,54863,54874,-1,fca571982b7c88a0,2025-09-01,-1.2712679853992956,False,2,2,False,False,,,,,False,,,,,,False,,,,,,,False,False,False,MODEL_UNAVAILABLE,,,,,,,,,,,,,
V9.6.4_FIXED_PENALTY,2025-09,55160,55163,-1,fca571982b7c88a0,2025-09-02,-1.239009443135294,False,2,2,False,False,,,,,False,,,,,,False,,,,,,,False,False,False,MODEL_UNAVAILABLE,,,,,,,,,,,,,
V9.6.4_FIXED_PENALTY,2025-09,55167,55172,-1,fca571982b7c88a0,2025-09-02,-0.14163418019028354,False,2,2,False,False,,,,,False,,,,,,False,,,,,,,False,False,False,MODEL_UNAVAILABLE,,,,,,,,,,,,,
V9.6.4_FIXED_PENALTY,2025-09,55825,55864,-1,fca571982b7c88a0,2025-09-05,-1.271256631178375,False,2,2,False,False,,,,,False,,,,,,False,,,,,,,False,False,False,MODEL_UNAVAILABLE,,,,,,,,,,,,,
V9.6.4_FIXED_PENALTY,2025-09,55826,55864,-1,fca571982b7c88a0,2025-09-05,-1.27125610897182,False,2,2,False,False,,,,,False,,,,,,False,,,,,,,False,False,False,MODEL_UNAVAILABLE,,,,,,,,,,,,,
V9.6.4_FIXED_PENALTY,2025-09,56430,56630,-1,fca571982b7c88a0,2025-09-07,-0.17070658654606624,False,2,2,False,False,,,,,False,,,,,,False,,,,,,,False,False,False,MODEL_UNAVAILABLE,,,,,,,,,,,,,
V9.6.4_FIXED_PENALTY,2025-09,57138,57184,-1,fca571982b7c88a0,2025-09-10,-0.1706999455596066,False,2,2,False,False,,,,,False,,,,,,False,,,,,,,False,False,False,MODEL_UNAVAILABLE,,,,,,,,,,,,,
V9.6.4_FIXED_PENALTY,2025-09,57789,57832,-1,fca571982b7c88a0,2025-09-12,-0.17068468051953192,False,2,2,False,False,,,,,False,,,,,,False,,,,,,,False,False,False,MODEL_UNAVAILABLE,,,,,,,,,,,,,
V9.6.4_FIXED_PENALTY,2025-09,58828,58837,-1,fca571982b7c88a0,2025-09-16,-1.2712370958117465,False,2,2,False,False,,,,,False,,,,,,False,,,,,,,False,False,False,MODEL_UNAVAILABLE,,,,,,,,,,,,,
V9.6.4_FIXED_PENALTY,2025-09,59222,59336,-1,fca571982b7c88a0,2025-09-18,-0.1706795293153434,False,2,2,False,False,,,,,False,,,,,,False,,,,,,,False,False,False,MODEL_UNAVAILABLE,,,,,,,,,,,,,
V9.6.4_FIXED_PENALTY,2025-09,59224,59336,-1,fca571982b7c88a0,2025-09-18,-0.17067953614423303,False,2,2,False,False,,,,,False,,,,,,False,,,,,,,False,False,False,MODEL_UNAVAILABLE,,,,,,,,,,,,,
V9.6.4_FIXED_PENALTY,2025-09,59226,59344,-1,fca571982b7c88a0,2025-09-18,-0.1706794494902915,False,2,2,False,False,,,,,False,,,,,,False,,,,,,,False,False,False,MODEL_UNAVAILABLE,,,,,,,,,,,,,
V9.6.4_FIXED_PENALTY,2025-09,59227,59336,-1,fca571982b7c88a0,2025-09-18,-0.17068018265143736,False,2,2,False,False,,,,,False,,,,,,False,,,,,,,False,False,False,MODEL_UNAVAILABLE,,,,,,,,,,,,,
V9.6.4_FIXED_PENALTY,2025-09,59228,59336,-1,fca571982b7c88a0,2025-09-18,-0.1706798358204316,False,2,2,False,False,,,,,False,,,,,,False,,,,,,,False,False,False,MODEL_UNAVAILABLE,,,,,,,,,,,,,
V9.6.4_FIXED_PENALTY,2025-09,60841,60851,-1,fca571982b7c88a0,2025-09-24,-1.2712521274089024,False,2,2,False,False,,,,,False,,,,,,False,,,,,,,False,False,False,MODEL_UNAVAILABLE,,,,,,,,,,,,,
V9.6.4_FIXED_PENALTY,2025-09,61232,61242,-1,fca571982b7c88a0,2025-09-25,1.8302942754952483,True,1,1,False,False,,,,,False,,,,,,False,,,,,,,False,False,False,MODEL_UNAVAILABLE,,,,,,,,,,,,,
V9.6.4_FIXED_PENALTY,2025-09,62585,62599,-1,fca571982b7c88a0,2025-09-30,-1.2712469146935177,False,2,2,False,False,,,,,False,,,,,,False,,,,,,,False,False,False,MODEL_UNAVAILABLE,,,,,,,,,,,,,
V9.6.4_FIXED_PENALTY,2025-10,62834,62837,-1,fca571982b7c88a0,2025-10-01,-1.2712293453146417,False,2,2,False,False,,,,,False,,,,,,False,,,,,,,False,False,False,MODEL_UNAVAILABLE,,,,,,,,,,,,,
V9.6.4_FIXED_PENALTY,2025-10,63359,63361,-1,fca571982b7c88a0,2025-10-03,-1.2712180612156554,False,2,2,False,False,,,,,False,,,,,,False,,,,,,,False,False,False,MODEL_UNAVAILABLE,,,,,,,,,,,,,
V9.6.4_FIXED_PENALTY,2025-10,63486,63494,-1,fca571982b7c88a0,2025-10-05,-0.17065676201038057,False,2,2,False,False,,,,,False,,,,,,False,,,,,,,False,False,False,MODEL_UNAVAILABLE,,,,,,,,,,,,,
V9.6.4_FIXED_PENALTY,2025-10,63521,63557,-1,fca571982b7c88a0,2025-10-05,1.830348455305814,True,1,1,False,False,,,,,False,,,,,,False,,,,,,,False,False,False,MODEL_UNAVAILABLE,,,,,,,,,,,,,
V9.6.4_FIXED_PENALTY,2025-10,63934,63961,-1,fca571982b7c88a0,2025-10-06,1.8303500305196259,True,1,1,False,False,,,,,False,,,,,,False,,,,,,,False,False,False,MODEL_UNAVAILABLE,,,,,,,,,,,,,
V9.6.4_FIXED_PENALTY,2025-10,64352,64373,-1,fca571982b7c88a0,2025-10-08,-1.2712116152663937,False,2,2,False,False,,,,,False,,,,,,False,,,,,,,False,False,False,MODEL_UNAVAILABLE,,,,,,,,,,,,,
V9.6.4_FIXED_PENALTY,2025-10,64359,64373,-1,fca571982b7c88a0,2025-10-08,-1.2712113619569512,False,2,2,False,False,,,,,False,,,,,,False,,,,,,,False,False,False,MODEL_UNAVAILABLE,,,,,,,,,,,,,
V9.6.4_FIXED_PENALTY,2025-10,64422,64434,-1,fca571982b7c88a0,2025-10-08,-1.2712116098584325,False,2,2,False,False,,,,,False,,,,,,False,,,,,,,False,False,False,MODEL_UNAVAILABLE,,,,,,,,,,,,,
V9.6.4_FIXED_PENALTY,2025-10,65293,65301,-1,fca571982b7c88a0,2025-10-12,-1.2712562533754626,False,2,2,False,False,,,,,False,,,,,,False,,,,,,,False,False,False,MODEL_UNAVAILABLE,,,,,,,,,,,,,
V9.6.4_FIXED_PENALTY,2025-10,65469,65473,-1,fca571982b7c88a0,2025-10-12,-1.2712404281727847,False,2,2,False,False,,,,,False,,,,,,False,,,,,,,False,False,False,MODEL_UNAVAILABLE,,,,,,,,,,,,,
V9.6.4_FIXED_PENALTY,2025-10,65470,65473,-1,fca571982b7c88a0,2025-10-12,-1.2712403894106281,False,2,2,False,False,,,,,False,,,,,,False,,,,,,,False,False,False,MODEL_UNAVAILABLE,,,,,,,,,,,,,
V9.6.4_FIXED_PENALTY,2025-10,65493,65500,-1,fca571982b7c88a0,2025-10-12,-0.17068884812827717,False,2,2,False,False,,,,,False,,,,,,False,,,,,,,False,False,False,MODEL_UNAVAILABLE,,,,,,,,,,,,,
V9.6.4_FIXED_PENALTY,2025-10,65935,65937,-1,fca571982b7c88a0,2025-10-14,-1.222618593933134,False,2,2,False,False,,,,,False,,,,,,False,,,,,,,False,False,False,MODEL_UNAVAILABLE,,,,,,,,,,,,,
V9.6.4_FIXED_PENALTY,2025-10,66515,66523,-1,fca571982b7c88a0,2025-10-16,-0.11951851064527158,False,2,2,False,False,,,,,False,,,,,,False,,,,,,,False,False,False,MODEL_UNAVAILABLE,,,,,,,,,,,,,
V9.6.4_FIXED_PENALTY,2025-10,67402,67412,-1,fca571982b7c88a0,2025-10-20,-1.2712671641861617,False,2,2,False,False,,,,,False,,,,,,False,,,,,,,False,False,False,MODEL_UNAVAILABLE,,,,,,,,,,,,,
V9.6.4_FIXED_PENALTY,2025-10,67531,67540,-1,fca571982b7c88a0,2025-10-20,-1.2712570514567267,False,2,2,False,False,,,,,False,,,,,,False,,,,,,,False,False,False,MODEL_UNAVAILABLE,,,,,,,,,,,,,
V9.6.4_FIXED_PENALTY,2025-10,67763,67776,-1,fca571982b7c88a0,2025-10-21,-1.2712692398319674,False,2,2,False,False,,,,,False,,,,,,False,,,,,,,False,False,False,MODEL_UNAVAILABLE,,,,,,,,,,,,,
V9.6.4_FIXED_PENALTY,2025-10,68213,68241,-1,fca571982b7c88a0,2025-10-23,-1.2712681110632584,False,2,2,False,False,,,,,False,,,,,,False,,,,,,,False,False,False,MODEL_UNAVAILABLE,,,,,,,,,,,,,
V9.6.4_FIXED_PENALTY,2025-10,68330,68335,-1,fca571982b7c88a0,2025-10-23,-0.1707142691959988,False,2,2,False,False,,,,,False,,,,,,False,,,,,,,False,False,False,MODEL_UNAVAILABLE,,,,,,,,,,,,,
V9.6.4_FIXED_PENALTY,2025-10,68372,68395,-1,fca571982b7c88a0,2025-10-23,1.8302923776142146,True,1,1,False,False,,,,,False,,,,,,False,,,,,,,False,False,False,MODEL_UNAVAILABLE,,,,,,,,,,,,,
V9.6.4_FIXED_PENALTY,2025-10,68373,68395,-1,fca571982b7c88a0,2025-10-23,1.8302920107642446,True,1,1,False,False,,,,,False,,,,,,False,,,,,,,False,False,False,MODEL_UNAVAILABLE,,,,,,,,,,,,,
V9.6.4_FIXED_PENALTY,2025-10,68374,68395,-1,fca571982b7c88a0,2025-10-23,1.8302918772563184,True,1,1,False,False,,,,,False,,,,,,False,,,,,,,False,False,False,MODEL_UNAVAILABLE,,,,,,,,,,,,,
V9.6.4_FIXED_PENALTY,2025-10,69324,69363,-1,fca571982b7c88a0,2025-10-27,1.8303135393255048,True,1,1,False,False,,,,,False,,,,,,False,,,,,,,False,False,False,MODEL_UNAVAILABLE,,,,,,,,,,,,,
V9.6.4_FIXED_PENALTY,2025-10,69326,69328,-1,fca571982b7c88a0,2025-10-27,1.8303138277175421,True,1,1,False,False,,,,,False,,,,,,False,,,,,,,False,False,False,MODEL_UNAVAILABLE,,,,,,,,,,,,,
V9.6.4_FIXED_PENALTY,2025-10,70021,70029,-1,fca571982b7c88a0,2025-10-30,-1.241564548005948,False,2,2,False,False,,,,,False,,,,,,False,,,,,,,False,False,False,MODEL_UNAVAILABLE,,,,,,,,,,,,,
V9.6.4_FIXED_PENALTY,2025-10,70033,70035,-1,fca571982b7c88a0,2025-10-30,-1.2712586115256548,False,2,2,False,False,,,,,False,,,,,,False,,,,,,,False,False,False,MODEL_UNAVAILABLE,,,,,,,,,,,,,
V9.6.4_FIXED_PENALTY,2025-10,70039,70053,-1,fca571982b7c88a0,2025-10-30,1.8305193373507584,True,1,1,False,False,,,,,False,,,,,,False,,,,,,,False,False,False,MODEL_UNAVAILABLE,,,,,,,,,,,,,
V9.6.4_FIXED_PENALTY,2025-10,70236,70249,-1,fca571982b7c88a0,2025-10-31,1.8302871314746165,True,1,1,False,False,,,,,False,,,,,,False,,,,,,,False,False,False,MODEL_UNAVAILABLE,,,,,,,,,,,,,
V9.6.4_FIXED_PENALTY,2025-10,70278,70311,-1,fca571982b7c88a0,2025-10-31,-0.1707119529498316,False,2,2,False,False,,,,,False,,,,,,False,,,,,,,False,False,False,MODEL_UNAVAILABLE,,,,,,,,,,,,,
V9.6.4_FIXED_PENALTY,2025-10,70279,70310,-1,fca571982b7c88a0,2025-10-31,-0.1707126918649927,False,2,2,False,False,,,,,False,,,,,,False,,,,,,,False,False,False,MODEL_UNAVAILABLE,,,,,,,,,,,,,
V9.6.4_FIXED_PENALTY,2025-10,70280,70310,-1,fca571982b7c88a0,2025-10-31,-0.17071284591826139,False,2,2,False,False,,,,,False,,,,,,False,,,,,,,False,False,False,MODEL_UNAVAILABLE,,,,,,,,,,,,,
V9.6.4_FIXED_PENALTY,2025-10,70394,70539,-1,fca571982b7c88a0,2025-10-31,-0.13079605408316622,False,2,2,False,False,,,,,False,,,,,,False,,,,,,,False,False,False,MODEL_UNAVAILABLE,,,,,,,,,,,,,
V9.6.4_FIXED_PENALTY,2025-10,70395,70539,-1,fca571982b7c88a0,2025-10-31,-0.13466549182021448,False,2,2,False,False,,,,,False,,,,,,False,,,,,,,False,False,False,MODEL_UNAVAILABLE,,,,,,,,,,,,,
V9.6.4_FIXED_PENALTY,2025-11,71235,71247,-1,fca571982b7c88a0,2025-11-04,1.9523845120845313,True,1,1,True,True,0.1760959272736491,0.22447125527388478,0.08823529411764706,0.8,False,0.8226488397743956,0.34,0.6383513929413951,0.267410134421454,REJECT,False,-0.2195534211986626,0.04384364712439985,0.09574271077563382,0.13958635790003365,-0.35913977909869627,0.02,False,False,False,ONLINE_RANK,,,,,,,,,,,,,
V9.6.4_FIXED_PENALTY,2025-11,71237,71247,-1,fca571982b7c88a0,2025-11-04,1.9511183705947617,True,1,1,True,True,0.1594115487979463,0.2173729664873914,0.05714285714285714,0.8,False,0.8228389536816574,0.34,0.6547550571084566,0.26755553672343557,REJECT,False,-0.23372521942239777,0.04384364712439985,0.09574271077563382,0.13958635790003365,-0.3733115773224314,0.02,False,False,False,ONLINE_RANK,,,,,,,,,,,,,
V9.6.4_FIXED_PENALTY,2025-11,71238,71247,-1,fca571982b7c88a0,2025-11-04,1.9509528470021675,True,1,1,True,True,0.17008847169404864,0.2219564460263444,0.08333333333333333,0.8,False,0.8222199389595565,0.34,0.6234291911225487,0.2671635054855624,REJECT,False,-0.2247740396927005,0.04384364712439985,0.09574271077563382,0.13958635790003365,-0.36436039759273414,0.02,False,False,False,ONLINE_RANK,,,,,,,,,,,,,
V9.6.4_FIXED_PENALTY,2025-11,71815,71825,-1,fca571982b7c88a0,2025-11-06,-0.17075330407362674,False,2,2,True,True,0.10917633331321626,0.1931920789161804,0.02702702702702703,0.8,False,0.8130788868125726,0.34,0.5048863226181187,0.26525904096500874,REJECT,False,-0.28387332011264366,0.04384364712439985,0.09574271077563382,0.13958635790003365,-0.4234596780126773,0.02,False,False,False,ONLINE_RANK,,,,,,,,,,,,,
V9.6.4_FIXED_PENALTY,2025-11,72046,72052,-1,fca571982b7c88a0,2025-11-07,-1.271293321181501,False,2,2,True,True,0.32690279776057746,0.2786462733741743,0.6842105263157895,0.8,False,0.545521634912592,0.34,0.5146657904842278,0.27285279746116325,REJECT,False,-0.10700188836641233,0.04384364712439985,0.09574271077563382,0.13958635790003365,-0.246588246266446,0.02,False,False,False,ONLINE_RANK,,,,,,,,,,,,,
V9.6.4_FIXED_PENALTY,2025-11,72072,72090,-1,fca571982b7c88a0,2025-11-07,1.8302598896927755,True,1,1,True,True,0.36403909379937144,0.29059729104889653,0.7692307692307693,0.8,False,0.522406149178515,0.34,0.46232059730342906,0.27267366613979727,REJECT,False,-0.0830975653610182,0.04384364712439985,0.09574271077563382,0.13958635790003365,-0.22268392326105185,0.02,False,False,False,ONLINE_RANK,,,,,,,,,,,,,
V9.6.4_FIXED_PENALTY,2025-11,73260,73272,-1,fca571982b7c88a0,2025-11-12,-1.2712871862754191,False,2,2,True,True,0.5415810042896027,0.3471583778756316,0.975,0.8,True,0.8128701101513794,0.34,0.7618056181027908,0.2712933271653086,REJECT,False,0.029678580528999854,0.04384364712439985,0.09574271077563382,0.13958635790003365,-0.1099077773710338,0.02,False,False,False,META_PROBABILITY,,,,,,,,,,,,,
V9.6.4_FIXED_PENALTY,2025-11,73709,73715,-1,fca571982b7c88a0,2025-11-14,-1.2234844010159187,False,2,2,True,True,0.1418102928517149,0.20945182033329623,0.07317073170731707,0.8,False,0.820232845819229,0.34,0.5183847649127604,0.26548772169123785,REJECT,False,-0.25103418344128403,0.04384364712439985,0.09574271077563382,0.13958635790003365,-0.3906205413413177,0.02,False,False,False,ONLINE_RANK,,,,,,,,,,,,,
V9.6.4_FIXED_PENALTY,2025-11,73710,73715,-1,fca571982b7c88a0,2025-11-14,-1.227104640485646,False,2,2,True,True,0.18611400549646645,0.22857210778024728,0.21428571428571427,0.8,False,0.8200252850449667,0.34,0.6228622229907192,0.2672957029434002,REJECT,False,-0.2113864216704764,0.04384364712439985,0.09574271077563382,0.13958635790003365,-0.35097277957051004,0.02,False,False,False,ONLINE_RANK,,,,,,,,,,,,,
V9.6.4_FIXED_PENALTY,2025-11,73791,73808,-1,fca571982b7c88a0,2025-11-14,-0.12349390865604246,False,2,2,True,True,0.10088582899615645,0.18863205000650443,0.023255813953488372,0.8,False,0.8161031753678644,0.34,0.568258580665925,0.26606040074534376,REJECT,False,-0.29250307636553285,0.04384364712439985,0.09574271077563382,0.13958635790003365,-0.4320894342655665,0.02,False,False,False,ONLINE_RANK,,,,,,,,,,,,,
V9.6.4_FIXED_PENALTY,2025-11,73999,74023,-1,fca571982b7c88a0,2025-11-15,-0.17078146175925912,False,2,2,True,True,0.1814419730172567,0.2266734813896139,0.20454545454545456,0.8,False,0.8207465106516554,0.34,0.47938971294725036,0.26510428415490644,REJECT,False,-0.21667152936499262,0.04384364712439985,0.09574271077563382,0.13958635790003365,-0.3562578872650263,0.02,False,False,False,ONLINE_RANK,,,,,,,,,,,,,
V9.6.4_FIXED_PENALTY,2025-11,74485,74486,-1,fca571982b7c88a0,2025-11-16,-1.185441811154667,False,2,2,True,True,0.5408886795010053,0.34692988124613117,0.9555555555555556,0.8,True,0.829020804077641,0.34,0.6616849259579992,0.26927176539531633,REJECT,False,0.027864643788990673,0.04384364712439985,0.09574271077563382,0.13958635790003365,-0.11172171411104298,0.02,False,False,False,META_PROBABILITY,,,,,,,,,,,,,
V9.6.4_FIXED_PENALTY,2025-11,74486,74488,-1,fca571982b7c88a0,2025-11-16,-1.1790319427350429,False,2,2,True,True,0.5089293841724045,0.3365064750500695,0.9347826086956522,0.8,True,0.8286699210742047,0.34,0.6125297424464227,0.26835230172615915,REJECT,False,0.006295034242527531,0.04384364712439985,0.09574271077563382,0.13958635790003365,-0.13329132365750612,0.02,False,False,False,META_PROBABILITY,,,,,,,,,,,,,
V9.6.4_FIXED_PENALTY,2025-11,74583,74592,-1,fca571982b7c88a0,2025-11-17,-0.1707843384974318,False,2,2,True,True,0.3538026715751962,0.2873276483498539,0.7021276595744681,0.8,False,0.5285457417069441,0.34,0.6953008235479836,0.27643483377669625,REJECT,False,-0.08715003878137706,0.04384364712439985,0.09574271077563382,0.13958635790003365,-0.2267363966814107,0.02,False,False,False,ONLINE_RANK,,,,,,,,,,,,,
V9.6.4_FIXED_PENALTY,2025-11,75212,75214,-1,fca571982b7c88a0,2025-11-20,-1.271358478960571,False,2,2,True,True,0.5130155571317764,0.3378268795666438,0.9375,0.8,True,0.8227640703670855,0.34,0.5950877050915163,0.26823371680526664,REJECT,False,0.008869896538256872,0.04384364712439985,0.09574271077563382,0.13958635790003365,-0.13071646136177678,0.02,False,False,False,META_PROBABILITY,,,,,,,,,,,,,
V9.6.4_FIXED_PENALTY,2025-11,75222,75258,-1,fca571982b7c88a0,2025-11-20,-0.17080479766639714,False,2,2,True,True,0.4119288217214431,0.30574601462209955,0.8163265306122449,0.8,True,0.5407326370098795,0.34,0.600069127415759,0.27476387917615785,REJECT,False,-0.05124446321884879,0.04384364712439985,0.09574271077563382,0.13958635790003365,-0.19083082111888244,0.02,False,False,False,META_PROBABILITY,,,,,,,,,,,,,
V9.6.4_FIXED_PENALTY,2025-11,75462,75465,-1,fca571982b7c88a0,2025-11-20,1.8431367898140198,True,1,1,True,True,0.05384430816862441,0.15709975782350644,0.02,0.8,False,0.815658836258788,0.34,0.5687171826650894,0.2656762214937878,REJECT,False,-0.35614782661656735,0.04384364712439985,0.09574271077563382,0.13958635790003365,-0.495734184516601,0.02,False,False,False,ONLINE_RANK,,,,,,,,,,,,,
V9.6.4_FIXED_PENALTY,2025-11,75463,75467,-1,fca571982b7c88a0,2025-11-20,1.853153075027752,True,1,1,True,True,0.09483380915741893,0.18516332033542235,0.0392156862745098,0.8,False,0.8159552509550743,0.34,0.616254559362289,0.2667226881038529,REJECT,False,-0.29903225402163974,0.04384364712439985,0.09574271077563382,0.13958635790003365,-0.4386186119216734,0.02,False,False,False,ONLINE_RANK,,,,,,,,,,,,,
V9.6.4_FIXED_PENALTY,2025-11,75536,75555,-1,fca571982b7c88a0,2025-11-21,1.8532633197143376,True,1,1,True,True,0.45758787661727185,0.3201327315701041,0.8846153846153846,0.8,True,0.8245856928258217,0.34,0.5382321482162329,0.26705995297898827,REJECT,False,-0.027486014300028838,0.04384364712439985,0.09574271077563382,0.13958635790003365,-0.1670723722000625,0.02,False,False,False,META_PROBABILITY,,,,,,,,,,,,,
V9.6.4_FIXED_PENALTY,2025-11,75596,75609,-1,fca571982b7c88a0,2025-11-21,1.9512117896482253,True,1,1,True,True,0.05116077713717256,0.15485396957633102,0.018867924528301886,0.8,False,0.8287581365944082,0.34,0.6092826261886652,0.2659155321810936,REJECT,False,-0.36050203203061343,0.04384364712439985,0.09574271077563382,0.13958635790003365,-0.5000883899306471,0.02,False,False,False,ONLINE_RANK,,,,,,,,,,,,,
V9.6.4_FIXED_PENALTY,2025-11,75597,75608,-1,fca571982b7c88a0,2025-11-21,1.9492510831203553,True,1,1,True,True,0.051916228926102086,0.15549346434186706,0.037037037037037035,0.8,False,0.8289069481976852,0.34,0.5048364553431767,0.26442680520309814,REJECT,False,-0.3602140609506847,0.04384364712439985,0.09574271077563382,0.13958635790003365,-0.49980041885071835,0.02,False,False,False,ONLINE_RANK,,,,,,,,,,,,,
V9.6.4_FIXED_PENALTY,2025-11,75705,75711,-1,fca571982b7c88a0,2025-11-21,-1.1679452780892239,False,2,2,True,True,0.12529157975538321,0.20151827281545603,0.12727272727272726,0.8,False,0.8285916372978969,0.34,0.5792922352269309,0.26608843220800155,REJECT,False,-0.2665799558890127,0.04384364712439985,0.09574271077563382,0.13958635790003365,-0.40616631378904633,0.02,False,False,False,ONLINE_RANK,,,,,,,,,,,,,
V9.6.4_FIXED_PENALTY,2025-11,75706,75710,-1,fca571982b7c88a0,2025-11-21,-1.1737950294946553,False,2,2,True,True,0.08337122459538493,0.1782153103069472,0.07142857142857142,0.8,False,0.8286345984336558,0.34,0.5908708947385335,0.2659567096025069,REJECT,False,-0.3135126531689802,0.04384364712439985,0.09574271077563382,0.13958635790003365,-0.45309901106901385,0.02,False,False,False,ONLINE_RANK,,,,,,,,,,,,,
V9.6.4_FIXED_PENALTY,2025-11,76059,76084,-1,fca571982b7c88a0,2025-11-23,1.8301557408228823,True,1,1,True,True,0.5327107424678629,0.3442401727220724,0.9473684210526315,0.8,True,0.526610851136868,0.34,0.6435622186088439,0.2763871999128936,REJECT,False,0.027225596049681,0.04384364712439985,0.09574271077563382,0.13958635790003365,-0.11236076185035265,0.02,False,False,False,META_PROBABILITY,,,,,,,,,,,,,
V9.6.4_FIXED_PENALTY,2025-11,76060,76085,-1,fca571982b7c88a0,2025-11-23,1.8301551802551717,True,1,1,True,True,0.41351872757256003,0.3062466155469212,0.8275862068965517,0.8,True,0.5236956267715982,0.34,0.662133958968669,0.2762551186164658,REJECT,False,-0.049238890395463586,0.04384364712439985,0.09574271077563382,0.13958635790003365,-0.18882524829549724,0.02,False,False,False,META_PROBABILITY,,,,,,,,,,,,,
V9.6.4_FIXED_PENALTY,2025-11,76167,76176,-1,fca571982b7c88a0,2025-11-23,-0.17084307456577152,False,2,2,True,True,0.5442903921543483,0.3480538249086861,0.9830508474576272,0.8,True,0.532332619415436,0.34,0.5389207712032926,0.2744668498770501,REJECT,False,0.033605148470435275,0.04384364712439985,0.09574271077563382,0.13958635790003365,-0.10598120942959838,0.02,False,False,False,META_PROBABILITY,,,,,,,,,,,,,
V9.6.4_FIXED_PENALTY,2025-11,76184,76186,-1,fca571982b7c88a0,2025-11-23,-1.271390755236715,False,2,2,True,True,0.603354686675475,0.368165555566499,0.9833333333333333,0.8,True,0.5288244061844349,0.34,0.5329705461782077,0.27470483462790724,REJECT,False,0.07419392348494991,0.04384364712439985,0.09574271077563382,0.13958635790003365,-0.06539243441508374,0.02,False,False,False,META_PROBABILITY,,,,,,,,,,,,,
V9.6.4_FIXED_PENALTY,2025-11,76453,76455,-1,fca571982b7c88a0,2025-11-24,-1.2147025124475934,False,2,2,True,True,0.3289844125504751,0.2793235267148202,0.6065573770491803,0.8,False,0.5344558040478568,0.34,0.4779217577697395,0.2725112981096202,REJECT,False,-0.10586928126576767,0.04384364712439985,0.09574271077563382,0.13958635790003365,-0.24545563916580132,0.02,False,False,False,ONLINE_RANK,,,,,,,,,,,,,
V9.6.4_FIXED_PENALTY,2025-11,76507,76519,-1,fca571982b7c88a0,2025-11-24,-0.17082715118256717,False,2,2,True,True,0.3734291848598068,0.2935839308179296,0.7258064516129032,0.8,False,0.5177842121354046,0.34,0.5394642818234221,0.27413183778999,REJECT,False,-0.0761166280416673,0.04384364712439985,0.09574271077563382,0.13958635790003365,-0.21570298594170095,0.02,False,False,False,ONLINE_RANK,,,,,,,,,,,,,
V9.6.4_FIXED_PENALTY,2025-11,76508,76537,-1,fca571982b7c88a0,2025-11-24,1.8301722838894627,True,1,1,True,True,0.18936278761488282,0.22987875820577552,0.2857142857142857,0.8,False,0.5177910628659202,0.34,0.5427863934207077,0.27337096924321364,REJECT,False,-0.2046888426533467,0.04384364712439985,0.09574271077563382,0.13958635790003365,-0.34427520055338034,0.02,False,False,False,ONLINE_RANK,,,,,,,,,,,,,
V9.6.4_FIXED_PENALTY,2025-11,76735,76749,-1,fca571982b7c88a0,2025-11-25,1.8375221824337566,True,1,1,True,True,0.2942774709469425,0.2678776195259137,0.546875,0.8,False,0.5399369653410051,0.34,0.6428663839786435,0.2749941908054327,REJECT,False,-0.12721451280368223,0.04384364712439985,0.09574271077563382,0.13958635790003365,-0.2668008707037159,0.02,False,False,False,ONLINE_RANK,,,,,,,,,,,,,
V9.6.4_FIXED_PENALTY,2025-11,76773,76786,-1,fca571982b7c88a0,2025-11-25,1.8301607712705452,True,1,1,True,True,0.4337870561574894,0.3126268256834427,0.8153846153846154,0.8,True,0.5358932050999484,0.34,0.615300287368256,0.2752360207557743,REJECT,False,-0.037096043555974734,0.04384364712439985,0.09574271077563382,0.13958635790003365,-0.1766824014560084,0.02,False,False,False,META_PROBABILITY,,,,,,,,,,,,,
V9.6.4_FIXED_PENALTY,2025-11,77012,77046,-1,fca571982b7c88a0,2025-11-26,-1.2224190290603023,False,2,2,True,True,0.472026638695678,0.3247049714204316,0.8787878787878788,0.8,True,0.5377331972848596,0.34,0.6875869877891612,0.2766039057535005,REJECT,False,-0.011899541099141264,0.04384364712439985,0.09574271077563382,0.13958635790003365,-0.15148589899917492,0.02,False,False,False,META_PROBABILITY,,,,,,,,,,,,,
V9.6.4_FIXED_PENALTY,2025-11,77057,77081,-1,fca571982b7c88a0,2025-11-26,-1.2713693126949368,False,2,2,True,True,0.2255603682270282,0.24378878875292312,0.29850746268656714,0.8,False,0.5364727406974201,0.34,0.7793262271546939,0.2770119389105533,REJECT,False,-0.1742866762288593,0.04384364712439985,0.09574271077563382,0.13958635790003365,-0.31387303412889295,0.02,False,False,False,ONLINE_RANK,,,,,,,,,,,,,
V9.6.4_FIXED_PENALTY,2025-11,77105,77144,-1,fca571982b7c88a0,2025-11-27,-0.1708114938841681,False,2,2,True,True,0.6389932264024063,0.38101431424517895,1.0,0.8,True,0.5158294571806736,0.34,0.5809385301905421,0.2760417314232544,REJECT,False,0.10091877459002419,0.04384364712439985,0.09574271077563382,0.13958635790003365,-0.03866758331000947,0.02,False,False,False,META_PROBABILITY,,,,,,,,,,,,,
V9.6.4_FIXED_PENALTY,2025-11,77106,77133,-1,fca571982b7c88a0,2025-11-27,-0.17081088668787453,False,2,2,True,True,0.3306953585187665,0.2798794250985387,0.5942028985507246,0.8,False,0.5158946440552755,0.34,0.5052374850967327,0.27342378036700116,REJECT,False,-0.10414036021529549,0.04384364712439985,0.09574271077563382,0.13958635790003365,-0.24372671811532914,0.02,False,False,False,ONLINE_RANK,,,,,,,,,,,,,
V9.6.4_FIXED_PENALTY,2025-11,77109,77133,-1,fca571982b7c88a0,2025-11-27,-0.17081120297401162,False,2,2,True,True,0.4114151723473685,0.3055842734099464,0.7571428571428571,0.8,False,0.5138162236067968,0.34,0.614450497428255,0.2756704382385732,REJECT,False,-0.05096213546695261,0.04384364712439985,0.09574271077563382,0.13958635790003365,-0.19054849336698626,0.02,False,False,False,ONLINE_RANK,,,,,,,,,,,,,
V9.6.4_FIXED_PENALTY,2025-11,77842,77914,-1,fca571982b7c88a0,2025-11-29,-0.1708152468523025,False,2,2,True,True,0.2956001230963129,0.26832058929014957,0.49295774647887325,0.8,False,0.6829939270408277,0.34,0.6525140771766824,0.27163289464959856,REJECT,False,-0.12857637126300275,0.04384364712439985,0.09574271077563382,0.13958635790003365,-0.2681627291630364,0.02,False,False,False,ONLINE_RANK,,,,,,,,,,,,,
V9.6.4_FIXED_PENALTY,2025-11,77843,77914,-1,fca571982b7c88a0,2025-11-29,-0.17081544944985608,False,2,2,True,True,0.2299072565350015,0.24539030443188836,0.2777777777777778,0.8,False,0.6828019944536525,0.34,0.4985744368915233,0.2688898560634799,REJECT,False,-0.17650968518899335,0.04384364712439985,0.09574271077563382,0.13958635790003365,-0.316096043089027,0.02,False,False,False,ONLINE_RANK,,,,,,,,,,,,,
V9.6.4_FIXED_PENALTY,2025-12,78238,78274,-1,fca571982b7c88a0,2025-12-01,1.8301569031770728,True,1,1,True,True,0.3364448127937103,0.3337119895617896,0.525,0.8,False,0.8040016647212999,0.34,0.7420063879635059,0.36410341956181186,NEUTRAL,False,0.1679838406744728,0.046093411762780645,0.08807048459279793,0.13416389635557857,0.033819944318894235,0.02,False,False,False,ONLINE_RANK,,,,,,,,,,,,,
V9.6.4_FIXED_PENALTY,2025-12,78294,78298,-1,fca571982b7c88a0,2025-12-01,-1.2519316330718555,False,2,2,True,True,0.41575671175185697,0.3043092725186274,0.3902439024390244,0.8,False,0.8061365141908305,0.34,0.5818951278821317,0.3582115024509692,NEUTRAL,False,0.10690858726910413,0.046093411762780645,0.08807048459279793,0.13416389635557857,-0.027255309086474444,0.02,False,False,False,ONLINE_RANK,,,,,,,,,,,,,
V9.6.4_FIXED_PENALTY,2025-12,78371,78376,-1,fca571982b7c88a0,2025-12-01,-1.2483246791386824,False,2,2,True,True,0.1506532942135113,0.4340055032241077,0.7857142857142857,0.8,False,0.8210696968095994,0.34,0.46866425754243957,0.3665815983296189,NEUTRAL,False,0.3648775414785033,0.046093411762780645,0.08807048459279793,0.13416389635557857,0.23071364512292475,0.02,False,False,False,ONLINE_RANK,,,,,,,,,,,,,
V9.6.4_FIXED_PENALTY,2025-12,78458,78511,-1,fca571982b7c88a0,2025-12-02,-0.17084221390320423,False,2,2,True,True,0.3361642981472155,0.33382425588009024,0.4883720930232558,0.8,False,0.7000995978238372,0.34,0.6607495920603597,0.35879818282435705,NEUTRAL,False,0.1647590970342957,0.046093411762780645,0.08807048459279793,0.13416389635557857,0.030595200678717127,0.02,False,False,False,ONLINE_RANK,,,,,,,,,,,,,
V9.6.4_FIXED_PENALTY,2025-12,78459,78511,-1,fca571982b7c88a0,2025-12-02,-0.17084141765720165,False,2,2,True,True,0.25574613028464854,0.3694879984265396,0.5909090909090909,0.8,False,0.6996974278421546,0.34,0.48273854790795334,0.3577598088252192,NEUTRAL,False,0.23352735093790344,0.046093411762780645,0.08807048459279793,0.13416389635557857,0.09936345458232487,0.02,False,False,False,ONLINE_RANK,,,,,,,,,,,,,
V9.6.4_FIXED_PENALTY,2025-12,78742,78744,-1,fca571982b7c88a0,2025-12-03,-1.2713480550860838,False,2,2,True,True,0.4452512465179334,0.2943138214262616,0.35555555555555557,0.8,False,0.5314820103324533,0.34,0.6461186572361752,0.3499643967195724,NEUTRAL,False,0.08209332155065924,0.046093411762780645,0.08807048459279793,0.13416389635557857,-0.052070574804919334,0.02,False,False,False,ONLINE_RANK,,,,,,,,,,,,,
V9.6.4_FIXED_PENALTY,2025-12,79916,79919,-1,fca571982b7c88a0,2025-12-07,-1.2383962735968532,False,2,2,True,True,0.30805698432058776,0.3454475547449128,0.5434782608695652,0.8,False,0.8008088733247769,0.34,0.496429281249859,0.3594877599659746,NEUTRAL,False,0.18783882386133915,0.046093411762780645,0.08807048459279793,0.13416389635557857,0.05367492750576058,0.02,False,False,False,ONLINE_RANK,,,,,,,,,,,,,
V9.6.4_FIXED_PENALTY,2025-12,79917,79919,-1,fca571982b7c88a0,2025-12-07,-1.24783814351255,False,2,2,True,True,0.34129213900869576,0.33178280687131284,0.46808510638297873,0.8,False,0.8006600935537816,0.34,0.6444342981353808,0.36166165259350264,NEUTRAL,False,0.16264263836927279,0.046093411762780645,0.08807048459279793,0.13416389635557857,0.028478742013694214,0.02,False,False,False,ONLINE_RANK,,,,,,,,,,,,,
V9.6.4_FIXED_PENALTY,2025-12,80770,80779,-1,fca571982b7c88a0,2025-12-10,1.9710930230968304,True,1,1,True,True,0.3584695107202106,0.3251026774044309,0.4375,0.8,False,0.5434314275747598,0.34,0.7448620656615217,0.35446666282094796,NEUTRAL,False,0.14496563074722774,0.046093411762780645,0.08807048459279793,0.13416389635557857,0.010801734391649165,0.02,False,False,False,ONLINE_RANK,,,,,,,,,,,,,
V9.6.4_FIXED_PENALTY,2025-12,80771,80779,-1,fca571982b7c88a0,2025-12-10,1.9664628291275352,True,1,1,True,True,0.3787834542279628,0.31748921208749636,0.40816326530612246,0.8,False,0.5432590715321856,0.34,0.5734613487490366,0.3507020687659406,NEUTRAL,False,0.1276977739131368,0.046093411762780645,0.08807048459279793,0.13416389635557857,-0.0064661224424417685,0.02,False,False,False,ONLINE_RANK,,,,,,,,,,,,,
V9.6.4_FIXED_PENALTY,2025-12,80775,80779,-1,fca571982b7c88a0,2025-12-10,1.9561332797121298,True,1,1,True,True,0.258111871165651,0.3683189116018096,0.62,0.8,False,0.5438306544325607,0.34,0.6714454417157223,0.35633028306322456,NEUTRAL,False,0.23032315060073616,0.046093411762780645,0.08807048459279793,0.13416389635557857,0.09615925424515759,0.02,False,False,False,ONLINE_RANK,,,,,,,,,,,,,
V9.6.4_FIXED_PENALTY,2025-12,81055,81084,-1,fca571982b7c88a0,2025-12-11,1.8958571511706412,True,1,1,True,True,0.23678111087811649,0.3791973936295041,0.6862745098039216,0.8,False,0.6985522503668766,0.34,0.6744889425286087,0.3626934087080852,NEUTRAL,False,0.2556350095108538,0.046093411762780645,0.08807048459279793,0.13416389635557857,0.1214711131552752,0.02,False,False,False,ONLINE_RANK,,,,,,,,,,,,,
V9.6.4_FIXED_PENALTY,2025-12,81057,81085,-1,fca571982b7c88a0,2025-12-11,1.8897682675375294,True,1,1,True,True,0.31017203946529537,0.3445454981570197,0.5384615384615384,0.8,False,0.69866826615219,0.34,0.6933217891898837,0.36029989201787915,NEUTRAL,False,0.18660950665287002,0.046093411762780645,0.08807048459279793,0.13416389635557857,0.052445610297291445,0.02,False,False,False,ONLINE_RANK,,,,,,,,,,,,,
V9.6.4_FIXED_PENALTY,2025-12,81058,81084,-1,fca571982b7c88a0,2025-12-11,1.890496985958381,True,1,1,True,True,0.15798379423163658,0.4283965626961125,0.8113207547169812,0.8,True,0.5391596279699132,0.34,0.6219557484654006,0.3596012992306042,NEUTRAL,True,0.3494256299575372,0.046093411762780645,0.08807048459279793,0.13416389635557857,0.2152617336019586,0.02,True,True,True,SELECTED,,,,,,,,,,,,,
V9.6.4_FIXED_PENALTY,2025-12,82208,82215,-1,fca571982b7c88a0,2025-12-16,-1.2713992753421024,False,2,2,True,True,0.31858766429365565,0.34100229735913556,0.5185185185185185,0.8,False,0.8170052953458771,0.34,0.4804246637427492,0.35929430757440817,NEUTRAL,False,0.17905773758633536,0.046093411762780645,0.08807048459279793,0.13416389635557857,0.04489384123075679,0.02,False,False,False,ONLINE_RANK,,,,,,,,,,,,,
V9.6.4_FIXED_PENALTY,2025-12,82327,82346,-1,fca571982b7c88a0,2025-12-16,-0.10682475096522681,False,2,2,True,True,0.2530374805237413,0.37083749454473497,0.6363636363636364,0.8,False,0.6926640239996066,0.34,0.6855472825561286,0.3620518766610358,NEUTRAL,False,0.2389407538439413,0.046093411762780645,0.08807048459279793,0.13416389635557857,0.10477685748836274,0.02,False,False,False,ONLINE_RANK,,,,,,,,,,,,,
V9.6.4_FIXED_PENALTY,2025-12,82530,82545,-1,fca571982b7c88a0,2025-12-17,-1.2713940368692886,False,2,2,True,True,0.33351351355842146,0.3348885750195493,0.5,0.8,False,0.8193887721206523,0.34,0.6630924382901018,0.3629702780658299,NEUTRAL,False,0.16953935347784455,0.046093411762780645,0.08807048459279793,0.13416389635557857,0.035375457122265974,0.02,False,False,False,ONLINE_RANK,,,,,,,,,,,,,
V9.6.4_FIXED_PENALTY,2025-12,83668,83678,-1,fca571982b7c88a0,2025-12-22,-1.2713745188088577,False,2,2,True,True,0.41119738345590356,0.3058925149402901,0.2982456140350877,0.8,False,0.532555362425028,0.34,0.5572199927650288,0.34924099919350565,NEUTRAL,False,0.10416911036830784,0.046093411762780645,0.08807048459279793,0.13416389635557857,-0.029994785987270733,0.02,False,False,False,ONLINE_RANK,,,,,,,,,,,,,
V9.6.4_FIXED_PENALTY,2025-12,84671,84708,-1,fca571982b7c88a0,2025-12-26,-0.17082607522799248,False,2,2,True,True,0.37224061353245946,0.31990978910085244,0.3793103448275862,0.8,False,0.822361606428685,0.34,0.5437025996569802,0.35917263007354594,NEUTRAL,False,0.13790875207446518,0.046093411762780645,0.08807048459279793,0.13416389635557857,0.0037448557188866083,0.02,False,False,False,ONLINE_RANK,,,,,,,,,,,,,
V9.6.4_FIXED_PENALTY,2025-12,84672,84690,-1,fca571982b7c88a0,2025-12-26,-0.170827300512494,False,2,2,True,True,0.5175302429495976,0.27124494301808155,0.15254237288135594,0.8,False,0.8221943292089667,0.34,0.7059416244298242,0.3585692677562227,NEUTRAL,False,0.042760001460658836,0.046093411762780645,0.08807048459279793,0.13416389635557857,-0.09140389489491973,0.02,False,False,False,ONLINE_RANK,,,,,,,,,,,,,
V9.6.4_FIXED_PENALTY,2025-12,85788,85793,-1,fca571982b7c88a0,2025-12-30,-1.2683530965091394,False,2,2,True,True,0.3569100855453335,0.3256995169664315,0.43333333333333335,0.8,False,0.53923280860747,0.34,0.6878377626066354,0.3533006020126685,NEUTRAL,False,0.14537093250562255,0.046093411762780645,0.08807048459279793,0.13416389635557857,0.01120703615004398,0.02,False,False,False,ONLINE_RANK,,,,,,,,,,,,,
V9.6.4_FIXED_PENALTY,2025-12,85793,85794,-1,fca571982b7c88a0,2025-12-30,-1.2713778691837487,False,2,2,True,True,0.5593670247169346,0.258532786925669,0.11475409836065574,0.8,False,0.5416127309038967,0.34,0.6666227066138002,0.3480065557506217,REJECT,False,0.011152003379171882,0.046093411762780645,0.08807048459279793,0.13416389635557857,-0.12301189297640669,0.02,False,False,False,ONLINE_RANK,,,,,,,,,,,,,
V9.6.4_FIXED_PENALTY,2026-01,86524,86538,-1,fca571982b7c88a0,2026-01-02,1.8837997881465247,True,1,1,True,True,0.23630330347738768,0.3799471579399241,0.8695652173913043,0.8,True,0.5438746210242331,0.34,0.4412836233072719,0.3184094017426857,NEUTRAL,True,0.13013779587024232,0.044346237169198166,0.11726039399558574,0.1616066311647839,-0.031468835294541586,0.02,False,False,False,MINIMUM_UTILITY,,,,,,,,,,,,,
V9.6.4_FIXED_PENALTY,2026-01,87301,87303,-1,fca571982b7c88a0,2026-01-05,-1.271348763189079,False,2,2,True,True,0.33666550678724855,0.3193067489255849,0.5833333333333334,0.8,False,0.529416586327319,0.34,0.6673666939213856,0.3247078495192425,REJECT,False,0.006861969303144755,0.044346237169198166,0.11726039399558574,0.1616066311647839,-0.15474466186163915,0.02,False,False,False,ONLINE_RANK,,,,,,,,,,,,,
V9.6.4_FIXED_PENALTY,2026-01,87305,87322,-1,fca571982b7c88a0,2026-01-05,1.8321953397565938,True,1,1,True,True,0.25431563669424473,0.3676039281546235,0.84,0.8,True,0.5333354570967384,0.34,0.5084309396820403,0.3207056607446053,NEUTRAL,True,0.10575717534776785,0.044346237169198166,0.11726039399558574,0.1616066311647839,-0.05584945581701606,0.02,False,False,False,MINIMUM_UTILITY,,,,,,,,,,,,,
V9.6.4_FIXED_PENALTY,2026-01,89185,89192,-1,fca571982b7c88a0,2026-01-12,1.8301926884775166,True,1,1,True,True,0.5425147849550037,0.23097101851530752,0.038461538461538464,0.8,False,0.5358791535458773,0.34,0.6123039842169808,0.31967985897232265,REJECT,False,-0.18268525443906658,0.044346237169198166,0.11726039399558574,0.1616066311647839,-0.3442918856038505,0.02,False,False,False,ONLINE_RANK,,,,,,,,,,,,,
V9.6.4_FIXED_PENALTY,2026-01,89334,89363,-1,fca571982b7c88a0,2026-01-13,-1.2713582137541857,False,2,2,True,True,0.40372257547011736,0.2868486731081366,0.2962962962962963,0.8,False,0.5350343260719851,0.34,0.6373042204970509,0.3224024510446486,REJECT,False,-0.06310667786988844,0.044346237169198166,0.11726039399558574,0.1616066311647839,-0.22471330903467235,0.02,False,False,False,ONLINE_RANK,,,,,,,,,,,,,
V9.6.4_FIXED_PENALTY,2026-01,89434,89436,-1,fca571982b7c88a0,2026-01-13,-0.17080459542339413,False,2,2,True,True,0.2766933711845145,0.3532851336304586,0.75,0.8,False,0.533025914034753,0.34,0.6544542408256104,0.32532619168333826,NEUTRAL,False,0.07884788749615523,0.044346237169198166,0.11726039399558574,0.1616066311647839,-0.08275874366862868,0.02,False,False,False,ONLINE_RANK,,,,,,,,,,,,,
V9.6.4_FIXED_PENALTY,2026-01,89436,89441,-1,fca571982b7c88a0,2026-01-13,-1.2713556731613804,False,2,2,True,True,0.2721104378456767,0.3561338491175096,0.7586206896551724,0.8,False,0.5308015638800346,0.34,0.5805054862188725,0.3229235531885291,NEUTRAL,False,0.08316023254464966,0.044346237169198166,0.11726039399558574,0.1616066311647839,-0.07844639862013425,0.02,False,False,False,ONLINE_RANK,,,,,,,,,,,,,
V9.6.4_FIXED_PENALTY,2026-01,89494,89513,-1,fca571982b7c88a0,2026-01-13,-1.271343544511908,False,2,2,True,True,0.270783621763573,0.35696632175707343,0.7666666666666667,0.8,False,0.5343983398809803,0.34,0.6566174284575508,0.32548520543962717,NEUTRAL,False,0.08671137243348803,0.044346237169198166,0.11726039399558574,0.1616066311647839,-0.07489525873129588,0.02,False,False,False,ONLINE_RANK,,,,,,,,,,,,,
V9.6.4_FIXED_PENALTY,2026-01,89702,89704,-1,fca571982b7c88a0,2026-01-14,-1.2643270542932266,False,2,2,True,True,0.22995148717308547,0.38449573646316254,0.9032258064516129,0.8,True,0.5259893454180284,0.34,0.6872295488882065,0.32779272559141814,NEUTRAL,True,0.14630270538101053,0.044346237169198166,0.11726039399558574,0.1616066311647839,-0.015303925783773376,0.02,False,False,False,MINIMUM_UTILITY,,,,,,,,,,,,,
V9.6.4_FIXED_PENALTY,2026-01,89703,89704,-1,fca571982b7c88a0,2026-01-14,-1.2651195544318625,False,2,2,True,True,0.19983971432642617,0.4076751046207133,0.9375,0.8,True,0.5269858245318149,0.34,0.6335410344968728,0.32664491718586686,NEUTRAL,True,0.19430826771212917,0.044346237169198166,0.11726039399558574,0.1616066311647839,0.03270163654734526,0.02,True,True,True,SELECTED,,,,,,,,,,,,,
V9.6.4_FIXED_PENALTY,2026-01,89723,89726,-1,fca571982b7c88a0,2026-01-14,1.8306211803089454,True,1,1,True,True,0.3606662976613082,0.3071286218574488,0.36363636363636365,0.8,False,0.5262913670601924,0.34,0.6035504134174932,0.32223398971622885,REJECT,False,-0.020519291676801776,0.044346237169198166,0.11726039399558574,0.1616066311647839,-0.18212592284158569,0.02,False,False,False,ONLINE_RANK,,,,,,,,,,,,,
V9.6.4_FIXED_PENALTY,2026-01,89980,89982,-1,fca571982b7c88a0,2026-01-15,-1.214180595850759,False,2,2,True,True,0.295351684790381,0.34209123982533,0.6176470588235294,0.8,False,0.5438317972743993,0.34,0.6471418156747022,0.32434470017276995,REJECT,False,0.05458677667086831,0.044346237169198166,0.11726039399558574,0.1616066311647839,-0.1070198544939156,0.02,False,False,False,ONLINE_RANK,,,,,,,,,,,,,
V9.6.4_FIXED_PENALTY,2026-01,91401,91405,-1,fca571982b7c88a0,2026-01-21,-1.2713815747300643,False,2,2,True,True,0.44132352207171605,0.27048825231828366,0.17142857142857143,0.8,False,0.8329731217796444,0.34,0.5818150390682617,0.31065662262061056,REJECT,False,-0.10580335951091613,0.044346237169198166,0.11726039399558574,0.1616066311647839,-0.26740999067570004,0.02,False,False,False,ONLINE_RANK,,,,,,,,,,,,,
V9.6.4_FIXED_PENALTY,2026-01,92944,92947,-1,fca571982b7c88a0,2026-01-26,-1.2713844105632546,False,2,2,True,True,0.4599304723526257,0.26277891867354913,0.16666666666666666,0.8,False,0.653159886479536,0.34,0.7388331876477954,0.32114074538221066,REJECT,False,-0.11467854380791731,0.044346237169198166,0.11726039399558574,0.1616066311647839,-0.2762851749727012,0.02,False,False,False,ONLINE_RANK,,,,,,,,,,,,,
V9.6.4_FIXED_PENALTY,2026-01,93407,93419,-1,fca571982b7c88a0,2026-01-28,-1.2713710258873312,False,2,2,True,True,0.4234265579545631,0.27813612739196053,0.24324324324324326,0.8,False,0.5276192075024684,0.34,0.8195846111757603,0.32839194512096964,REJECT,False,-0.07724937052851,0.044346237169198166,0.11726039399558574,0.1616066311647839,-0.2388560016932939,0.02,False,False,False,ONLINE_RANK,,,,,,,,,,,,,
V9.6.4_FIXED_PENALTY,2026-01,93842,93849,-1,fca571982b7c88a0,2026-01-30,-1.2142246515575827,False,2,2,True,True,0.27778758253042835,0.35261100644222443,0.6842105263157895,0.8,False,0.8235804183181532,0.34,0.46305335218078814,0.30964640568152135,NEUTRAL,False,0.06642211136445542,0.044346237169198166,0.11726039399558574,0.1616066311647839,-0.0951845198003285,0.02,False,False,False,ONLINE_RANK,,,,,,,,,,,,,
V9.6.4_FIXED_PENALTY,2026-01,93975,93984,-1,fca571982b7c88a0,2026-01-30,-0.11431472267443507,False,2,2,True,True,0.3150551930160864,0.33090920732720697,0.5897435897435898,0.8,False,0.8181950601112894,0.34,0.6259969248301529,0.31460680590540974,REJECT,False,0.024204215343474167,0.044346237169198166,0.11726039399558574,0.1616066311647839,-0.13740241582130974,0.02,False,False,False,ONLINE_RANK,,,,,,,,,,,,,
V9.6.4_FIXED_PENALTY,2026-01,93990,93995,-1,fca571982b7c88a0,2026-01-30,-0.09074335126279931,False,2,2,True,True,0.20565326908854037,0.40297311424849513,0.925,0.8,True,0.8272523311050863,0.34,0.4727694930034963,0.3114158059888896,NEUTRAL,True,0.17371693818909506,0.044346237169198166,0.11726039399558574,0.1616066311647839,0.012110307024311151,0.02,False,False,False,MINIMUM_UTILITY,,,,,,,,,,,,,
V9.6.4_FIXED_PENALTY,2026-01,94026,94032,-1,fca571982b7c88a0,2026-01-30,-0.08164347753032455,False,2,2,True,True,0.11015108961194912,0.5012431359502408,1.0,0.8,True,0.8295641425201912,0.34,0.6367347187065682,0.32051698077526813,NEUTRAL,True,0.3870429626214231,0.044346237169198166,0.11726039399558574,0.1616066311647839,0.22543633145663922,0.02,True,True,True,SELECTED,,,,,,,,,,,,,
V9.6.4_FIXED_PENALTY,2026-02,94681,94683,-1,fca571982b7c88a0,2026-02-02,-1.147716252048491,False,2,2,True,True,0.4792064038599513,0.22823163183757503,0.9,0.8,True,0.8252178811643591,0.34,0.7309115752048618,0.2001010767525651,REJECT,False,-0.3352949511781767,0.04064205786225328,0.12617865362880898,0.16682071149106226,-0.5021156626692389,0.02,False,False,False,META_PROBABILITY,,,,,,,,,,,,,
V9.6.4_FIXED_PENALTY,2026-02,94954,94956,-1,fca571982b7c88a0,2026-02-03,-1.271458451286327,False,2,2,True,True,0.46297624930899856,0.22676961949474242,0.9047619047619048,0.8,True,0.8235731749235685,0.34,0.5539680705976251,0.205948827399892,REJECT,False,-0.3342722891914853,0.04064205786225328,0.12617865362880898,0.16682071149106226,-0.5010930006825476,0.02,False,False,False,META_PROBABILITY,,,,,,,,,,,,,
V9.6.4_FIXED_PENALTY,2026-02,95736,95739,-1,fca571982b7c88a0,2026-02-06,-1.1426924344671443,False,2,2,True,True,0.13413708451186912,0.1910120564482237,0.045454545454545456,0.8,False,0.8151231157899994,0.34,0.4802510570213202,0.208767883550175,REJECT,False,-0.4073514193671459,0.04064205786225328,0.12617865362880898,0.16682071149106226,-0.5741721308582082,0.02,False,False,False,ONLINE_RANK,,,,,,,,,,,,,
V9.6.4_FIXED_PENALTY,2026-02,95899,95904,-1,fca571982b7c88a0,2026-02-06,-1.1564385284876815,False,2,2,True,True,0.24644265601852172,0.20592201300118168,0.43478260869565216,0.8,False,0.5359909865907312,0.34,0.5149427879229135,0.21578498565949428,REJECT,False,-0.3711475691244992,0.04064205786225328,0.12617865362880898,0.16682071149106226,-0.5379682806155615,0.02,False,False,False,ONLINE_RANK,,,,,,,,,,,,,
V9.6.4_FIXED_PENALTY,2026-02,95934,95937,-1,fca571982b7c88a0,2026-02-06,1.9173976943992475,True,1,1,True,True,0.25916885321501726,0.20731622212460993,0.4166666666666667,0.8,False,0.5379231141446924,0.34,0.7838313041946534,0.20817371870074905,REJECT,False,-0.37354635595115043,0.04064205786225328,0.12617865362880898,0.16682071149106226,-0.5403670674422127,0.02,False,False,False,ONLINE_RANK,,,,,,,,,,,,,
V9.6.4_FIXED_PENALTY,2026-02,96087,96112,-1,fca571982b7c88a0,2026-02-07,-0.03536910160585229,False,2,2,True,True,0.24072535907201453,0.20528271910263013,0.24,0.8,False,0.8280718001233414,0.34,0.5362454256248628,0.20648543139132589,REJECT,False,-0.37899564907708005,0.04064205786225328,0.12617865362880898,0.16682071149106226,-0.5458163605681423,0.02,False,False,False,ONLINE_RANK,,,,,,,,,,,,,
V9.6.4_FIXED_PENALTY,2026-02,96356,96357,-1,fca571982b7c88a0,2026-02-08,-1.2560392680815227,False,2,2,True,True,0.2069176585608037,0.20130731146166092,0.23076923076923078,0.8,False,0.5376979422253222,0.34,0.46517018965249385,0.21716514534052714,REJECT,False,-0.37986774695388614,0.04064205786225328,0.12617865362880898,0.16682071149106226,-0.5466884584449484,0.02,False,False,False,ONLINE_RANK,,,,,,,,,,,,,
V9.6.4_FIXED_PENALTY,2026-02,96360,96392,-1,fca571982b7c88a0,2026-02-08,1.8457320172273326,True,1,1,True,True,0.43074029512238754,0.22386463280930674,0.8518518518518519,0.8,True,0.5384071013079459,0.34,0.7689934501961346,0.20850956891969888,REJECT,False,-0.3385779789476718,0.04064205786225328,0.12617865362880898,0.16682071149106226,-0.505398690438734,0.02,False,False,False,META_PROBABILITY,,,,,,,,,,,,,
V9.6.4_FIXED_PENALTY,2026-02,96361,96366,-1,fca571982b7c88a0,2026-02-08,-1.2562792545353076,False,2,2,True,True,0.3842228058840578,0.2196272576725514,0.7857142857142857,0.8,False,0.5383499708724803,0.34,0.666376360404185,0.21139300820798818,REJECT,False,-0.34545444472495485,0.04064205786225328,0.12617865362880898,0.16682071149106226,-0.512275156216017,0.02,False,False,False,ONLINE_RANK,,,,,,,,,,,,,
V9.6.4_FIXED_PENALTY,2026-02,96362,96365,-1,fca571982b7c88a0,2026-02-08,-1.2556453186754493,False,2,2,True,True,0.341986005294879,0.21567255897850546,0.6551724137931034,0.8,False,0.5381740941083428,0.34,0.6639228927078087,0.21148056362999537,REJECT,False,-0.35369369235369985,0.04064205786225328,0.12617865362880898,0.16682071149106226,-0.5205144038447621,0.02,False,False,False,ONLINE_RANK,,,,,,,,,,,,,
V9.6.4_FIXED_PENALTY,2026-02,96368,96378,-1,fca571982b7c88a0,2026-02-08,-0.17097720463001453,False,2,2,True,True,0.4463588345520952,0.22527333253707882,0.9666666666666667,0.8,True,0.5374301617835004,0.34,0.5222014504041129,0.2154801106718023,REJECT,False,-0.3307444478675828,0.04064205786225328,0.12617865362880898,0.16682071149106226,-0.49756515935864504,0.02,False,False,False,META_PROBABILITY,,,,,,,,,,,,,
V9.6.4_FIXED_PENALTY,2026-02,97014,97042,-1,fca571982b7c88a0,2026-02-11,1.8299966383944701,True,1,1,True,True,0.2899373255347411,0.21054621503777085,0.45161290322580644,0.8,False,0.8157640479661389,0.34,0.6174247221666993,0.20416353482458285,REJECT,False,-0.369572588296463,0.04064205786225328,0.12617865362880898,0.16682071149106226,-0.5363932997875253,0.02,False,False,False,ONLINE_RANK,,,,,,,,,,,,,
V9.6.4_FIXED_PENALTY,2026-02,97407,97429,-1,fca571982b7c88a0,2026-02-12,-0.17101391236728516,False,2,2,True,True,0.21209538926972057,0.2019404075449991,0.21875,0.8,False,0.5208868499391603,0.34,0.5172629844903673,0.2161822744312909,REJECT,False,-0.379226591828637,0.04064205786225328,0.12617865362880898,0.16682071149106226,-0.5460473033196993,0.02,False,False,False,ONLINE_RANK,,,,,,,,,,,,,
V9.6.4_FIXED_PENALTY,2026-02,98164,98168,-1,fca571982b7c88a0,2026-02-15,1.8300155557064772,True,1,1,True,True,0.24365986889442282,0.20561190139161226,0.30303030303030304,0.8,False,0.5159214190230423,0.34,0.7698252962110346,0.20931924692331408,REJECT,False,-0.37632210070726146,0.04064205786225328,0.12617865362880898,0.16682071149106226,-0.5431428121983237,0.02,False,False,False,ONLINE_RANK,,,,,,,,,,,,,
V9.6.4_FIXED_PENALTY,2026-02,99318,99333,-1,fca571982b7c88a0,2026-02-19,-1.1861141632068202,False,2,2,True,True,0.2362541940225166,0.20477674842919422,0.14705882352941177,0.8,False,0.826944150002161,0.34,0.739992962905103,0.19985288118817868,REJECT,False,-0.3846979752937359,0.04064205786225328,0.12617865362880898,0.16682071149106226,-0.5515186867847981,0.02,False,False,False,ONLINE_RANK,,,,,,,,,,,,,
V9.6.4_FIXED_PENALTY,2026-02,99590,99609,-1,fca571982b7c88a0,2026-02-20,-0.070515503470127,False,2,2,True,True,0.41883435476782593,0.22278749294849629,0.8285714285714286,0.8,True,0.695196340018879,0.34,0.6281389257852499,0.20751012312090356,REJECT,False,-0.34153802881000733,0.04064205786225328,0.12617865362880898,0.16682071149106226,-0.5083587403010696,0.02,False,False,False,META_PROBABILITY,,,,,,,,,,,,,
V9.6.4_FIXED_PENALTY,2026-02,99673,99773,-1,fca571982b7c88a0,2026-02-20,-0.1710144801858375,False,2,2,True,True,0.31247330491410313,0.2128092900819261,0.6111111111111112,0.8,False,0.5177510305714303,0.34,0.7171054850306937,0.21068166930594567,REJECT,False,-0.3602623303601673,0.04064205786225328,0.12617865362880898,0.16682071149106226,-0.5270830418512296,0.02,False,False,False,ONLINE_RANK,,,,,,,,,,,,,
V9.6.4_FIXED_PENALTY,2026-02,100294,100317,-1,fca571982b7c88a0,2026-02-23,-1.2715920467379538,False,2,2,True,True,0.5457560675536853,0.23429801633550928,0.972972972972973,0.8,True,0.8018245037380864,0.34,0.7471083172366932,0.20031554960726689,REJECT,False,-0.32241218436176056,0.04064205786225328,0.12617865362880898,0.16682071149106226,-0.4892328958528228,0.02,False,False,False,META_PROBABILITY,,,,,,,,,,,,,
V9.6.4_FIXED_PENALTY,2026-02,100296,100317,-1,fca571982b7c88a0,2026-02-23,-1.2715917392088396,False,2,2,True,True,0.45107856975627053,0.22569843831068034,0.8421052631578947,0.8,True,0.8206820310034237,0.34,0.5656665748751474,0.2056528819383847,REJECT,False,-0.33672764088335133,0.04064205786225328,0.12617865362880898,0.16682071149106226,-0.5035483523744135,0.02,False,False,False,META_PROBABILITY,,,,,,,,,,,,,
V9.6.4_FIXED_PENALTY,2026-02,100465,100479,-1,fca571982b7c88a0,2026-02-23,-0.17105267317091122,False,2,2,True,True,0.2909981372256259,0.21065449472342593,0.4358974358974359,0.8,False,0.8216035703740082,0.34,0.6456033966395689,0.20306318507974655,REJECT,False,-0.3701151605832246,0.04064205786225328,0.12617865362880898,0.16682071149106226,-0.5369358720742868,0.02,False,False,False,ONLINE_RANK,,,,,,,,,,,,,
V9.6.4_FIXED_PENALTY,2026-02,100929,100933,-1,fca571982b7c88a0,2026-02-25,-1.2081732491448367,False,2,2,True,True,0.6956335376853316,0.2494430039155692,1.0,0.8,True,0.5393643663912624,0.34,0.6523491776611512,0.2116574493199563,REJECT,False,-0.28268926038663267,0.04064205786225328,0.12617865362880898,0.16682071149106226,-0.4495099718776949,0.02,False,False,False,META_PROBABILITY,,,,,,,,,,,,,
V9.6.4_FIXED_PENALTY,2026-02,100956,100979,-1,fca571982b7c88a0,2026-02-25,-0.096494148906579,False,2,2,True,True,0.6329175338727199,0.2427151271368401,0.975609756097561,0.8,True,0.5282620573704895,0.34,0.6207185657571499,0.2129252387001544,REJECT,False,-0.29592339273841767,0.04064205786225328,0.12617865362880898,0.16682071149106226,-0.4627441042294799,0.02,False,False,False,META_PROBABILITY,,,,,,,,,,,,,
V9.6.4_FIXED_PENALTY,2026-02,100957,100972,-1,fca571982b7c88a0,2026-02-25,1.8956864420871675,True,1,1,True,True,0.6256151881216235,0.24197653859196763,0.9761904761904762,0.8,True,0.5285131419707914,0.34,0.5161684842262584,0.21587182867144483,REJECT,False,-0.2954120844640492,0.04064205786225328,0.12617865362880898,0.16682071149106226,-0.46223279595511146,0.02,False,False,False,META_PROBABILITY,,,,,,,,,,,,,
V9.6.4_FIXED_PENALTY,2026-02,100958,100962,-1,fca571982b7c88a0,2026-02-25,-0.09855083137035946,False,2,2,True,True,0.5033779227079692,0.2304166997002369,0.8837209302325582,0.8,True,0.528527947357008,0.34,0.6940231859059482,0.2109052842016221,REJECT,False,-0.3231497473911615,0.04064205786225328,0.12617865362880898,0.16682071149106226,-0.48997045888222374,0.02,False,False,False,META_PROBABILITY,,,,,,,,,,,,,
V9.6.4_FIXED_PENALTY,2026-02,100959,100976,-1,fca571982b7c88a0,2026-02-25,-0.09927463890849905,False,2,2,True,True,0.4367911480670025,0.2244108379416937,0.7727272727272727,0.8,False,0.5288790930303747,0.34,0.6739918484204714,0.2114722516188678,REJECT,False,-0.3353587624117257,0.04064205786225328,0.12617865362880898,0.16682071149106226,-0.5021794739027879,0.02,False,False,False,ONLINE_RANK,,,,,,,,,,,,,
V9.6.4_FIXED_PENALTY,2026-02,101371,101388,-1,fca571982b7c88a0,2026-02-27,1.829983805372121,True,1,1,True,True,0.14533521220084025,0.192816878974752,0.06666666666666667,0.8,False,0.526197314135511,0.34,0.5817517596343265,0.21423647260467193,REJECT,False,-0.39973728197708663,0.04064205786225328,0.12617865362880898,0.16682071149106226,-0.5665579934681488,0.02,False,False,False,ONLINE_RANK,,,,,,,,,,,,,
V9.6.4_FIXED_PENALTY,2026-02,101373,101383,-1,fca571982b7c88a0,2026-02-27,-1.2715668036486347,False,2,2,True,True,0.14378770643014466,0.1925736335999573,0.06521739130434782,0.8,False,0.5255783282945075,0.34,0.6763837066545355,0.21161763119381802,REJECT,False,-0.40208005480937364,0.04064205786225328,0.12617865362880898,0.16682071149106226,-0.568900766300436,0.02,False,False,False,ONLINE_RANK,,,,,,,,,,,,,
V9.6.4_FIXED_PENALTY,2026-02,101748,101753,-1,fca571982b7c88a0,2026-02-28,-1.2715983976005274,False,2,2,True,True,0.18220193782567748,0.19813707516249315,0.1276595744680851,0.8,False,0.5443363618527649,0.34,0.645964087929294,0.21184429123274717,REJECT,False,-0.39024438673704154,0.04064205786225328,0.12617865362880898,0.16682071149106226,-0.5570650982281038,0.02,False,False,False,ONLINE_RANK,,,,,,,,,,,,,
V9.6.4_FIXED_PENALTY,2026-02,101768,101774,-1,fca571982b7c88a0,2026-02-28,-1.1998472091112342,False,2,2,True,True,0.3026944885128733,0.2118365359207376,0.5208333333333334,0.8,False,0.5430143294393339,0.34,0.7508465443203018,0.2089012854648912,REJECT,False,-0.36354965485601853,0.04064205786225328,0.12617865362880898,0.16682071149106226,-0.5303703663470808,0.02,False,False,False,ONLINE_RANK,,,,,,,,,,,,,
V9.6.4_FIXED_PENALTY,2026-03,102055,102063,-1,fca571982b7c88a0,2026-03-01,-1.2715948749560528,False,2,2,True,True,0.2708570681779706,0.21946152605094912,0.7,0.8,False,0.544397639241918,0.34,0.5614035690466743,0.20770067784859572,REJECT,False,-0.2193819917669395,0.040216394545204516,0.10213243599737853,0.14234883054258304,-0.3617308223095226,0.02,False,False,False,ONLINE_RANK,,,,,,,,,,,,,
V9.6.4_FIXED_PENALTY,2026-03,102318,102326,-1,fca571982b7c88a0,2026-03-02,-1.2281244566321963,False,2,2,True,True,0.3659702774525557,0.20505411015741867,0.45161290322580644,0.8,False,0.5434510580954119,0.34,0.5100482783860304,0.20706812174355585,REJECT,False,-0.24845397464319957,0.040216394545204516,0.10213243599737853,0.14234883054258304,-0.3908028051857826,0.02,False,False,False,ONLINE_RANK,,,,,,,,,,,,,
V9.6.4_FIXED_PENALTY,2026-03,102492,102504,-1,fca571982b7c88a0,2026-03-03,1.8441729471574129,True,1,1,True,True,0.33376258121389274,0.2095941887556118,0.53125,0.8,False,0.5376284212260418,0.34,0.4777133080892641,0.2068220972593291,REJECT,False,-0.2395880167860251,0.040216394545204516,0.10213243599737853,0.14234883054258304,-0.3819368473286081,0.02,False,False,False,ONLINE_RANK,,,,,,,,,,,,,
V9.6.4_FIXED_PENALTY,2026-03,102806,102825,-1,fca571982b7c88a0,2026-03-04,-1.1726146833327746,False,2,2,True,True,0.32908083869503585,0.21027869522810608,0.5454545454545454,0.8,False,0.5459836295095827,0.34,0.7322175571358676,0.20961227735175697,REJECT,False,-0.2363770584176283,0.040216394545204516,0.10213243599737853,0.14234883054258304,-0.3787258889602113,0.02,False,False,False,ONLINE_RANK,,,,,,,,,,,,,
V9.6.4_FIXED_PENALTY,2026-03,104107,104114,-1,fca571982b7c88a0,2026-03-09,-1.205545845546496,False,2,2,True,True,0.36752956881137816,0.20484109304545448,0.4411764705882353,0.8,False,0.5490966035144078,0.34,0.6585373436237276,0.20867109350900606,REJECT,False,-0.2478149778674037,0.040216394545204516,0.10213243599737853,0.14234883054258304,-0.39016380840998677,0.02,False,False,False,ONLINE_RANK,,,,,,,,,,,,,
V9.6.4_FIXED_PENALTY,2026-03,104110,104111,-1,fca571982b7c88a0,2026-03-09,-1.1953875319940082,False,2,2,True,True,0.35739864785544695,0.20623561024525683,0.4857142857142857,0.8,False,0.5499870247399239,0.34,0.6227040427153014,0.20824623370350512,REJECT,False,-0.24532328678599513,0.040216394545204516,0.10213243599737853,0.14234883054258304,-0.3876721173285782,0.02,False,False,False,ONLINE_RANK,,,,,,,,,,,,,
V9.6.4_FIXED_PENALTY,2026-03,104249,104259,-1,fca571982b7c88a0,2026-03-10,1.8667662586489724,True,1,1,True,True,0.18750616949138774,0.23595828005382813,0.8333333333333334,0.8,True,0.5414151565292521,0.34,0.7232933303135798,0.20972465373835164,REJECT,False,-0.18523245938306981,0.040216394545204516,0.10213243599737853,0.14234883054258304,-0.32758128992565283,0.02,False,False,False,META_PROBABILITY,,,,,,,,,,,,,
V9.6.4_FIXED_PENALTY,2026-03,104251,104259,-1,fca571982b7c88a0,2026-03-10,1.8733285576468404,True,1,1,True,True,0.23538604719841885,0.22585647767056066,0.7837837837837838,0.8,False,0.5412873953045165,0.34,0.5627483105866071,0.20780209028140537,REJECT,False,-0.2065968466049547,0.040216394545204516,0.10213243599737853,0.14234883054258304,-0.34894567714753777,0.02,False,False,False,ONLINE_RANK,,,,,,,,,,,,,
V9.6.4_FIXED_PENALTY,2026-03,104307,104317,-1,fca571982b7c88a0,2026-03-10,-0.1709824858332862,False,2,2,True,True,0.18115873169478452,0.23746803453782006,0.868421052631579,0.8,True,0.5468755290324424,0.34,0.6318637837162198,0.20855061469616779,REJECT,False,-0.18300823265834693,0.040216394545204516,0.10213243599737853,0.14234883054258304,-0.32535706320092994,0.02,False,False,False,META_PROBABILITY,,,,,,,,,,,,,
V9.6.4_FIXED_PENALTY,2026-03,104944,104969,-1,fca571982b7c88a0,2026-03-12,-0.11970486019910959,False,2,2,True,True,0.19158733095836514,0.23501211289989662,0.7948717948717948,0.8,False,0.546121033019705,0.34,0.6435837061012684,0.20869162205935965,REJECT,False,-0.18779895462322632,0.040216394545204516,0.10213243599737853,0.14234883054258304,-0.33014778516580934,0.02,False,False,False,ONLINE_RANK,,,,,,,,,,,,,
V9.6.4_FIXED_PENALTY,2026-03,105085,105100,-1,fca571982b7c88a0,2026-03-13,-0.1709761653066637,False,2,2,True,True,0.3734557827771899,0.20403666024407435,0.35,0.8,False,0.5287000418128676,0.34,0.547568979267683,0.2077773768372203,REJECT,False,-0.2500072459283626,0.040216394545204516,0.10213243599737853,0.14234883054258304,-0.3923560764709456,0.02,False,False,False,ONLINE_RANK,,,,,,,,,,,,,
V9.6.4_FIXED_PENALTY,2026-03,106103,106123,-1,fca571982b7c88a0,2026-03-17,1.8929812581432537,True,1,1,True,True,0.46307106028905975,0.1926539645456701,0.2682926829268293,0.8,False,0.5284253395934125,0.34,0.6941920253872691,0.2094330890721802,REJECT,False,-0.27154691054899854,0.040216394545204516,0.10213243599737853,0.14234883054258304,-0.41389574109158156,0.02,False,False,False,ONLINE_RANK,,,,,,,,,,,,,
V9.6.4_FIXED_PENALTY,2026-03,106104,106124,-1,fca571982b7c88a0,2026-03-17,1.8931749981825314,True,1,1,True,True,0.45062948108240036,0.19416463728842778,0.3333333333333333,0.8,False,0.5280758478963509,0.34,0.6029094228419145,0.20838889306243716,REJECT,False,-0.2692347828215963,0.040216394545204516,0.10213243599737853,0.14234883054258304,-0.41158361336417937,0.02,False,False,False,ONLINE_RANK,,,,,,,,,,,,,
V9.6.4_FIXED_PENALTY,2026-03,106105,106124,-1,fca571982b7c88a0,2026-03-17,1.8892514261015307,True,1,1,True,True,0.4255857713428853,0.19726335994471533,0.3488372093023256,0.8,False,0.5274943093995276,0.34,0.6575490969697555,0.20904748310390164,REJECT,False,-0.26263562994821443,0.040216394545204516,0.10213243599737853,0.14234883054258304,-0.4049844604907975,0.02,False,False,False,ONLINE_RANK,,,,,,,,,,,,,
V9.6.4_FIXED_PENALTY,2026-03,106107,106124,-1,fca571982b7c88a0,2026-03-17,1.8805240496491884,True,1,1,True,True,0.3320237281389223,0.20984763012104882,0.5454545454545454,0.8,False,0.5281122952208162,0.34,0.4706715883906945,0.2069199507562392,REJECT,False,-0.23901911846380552,0.040216394545204516,0.10213243599737853,0.14234883054258304,-0.3813679490063886,0.02,False,False,False,ONLINE_RANK,,,,,,,,,,,,,
V9.6.4_FIXED_PENALTY,2026-03,106778,106783,-1,fca571982b7c88a0,2026-03-19,1.8816323640944537,True,1,1,True,True,0.30120037481409473,0.21450752465007566,0.6,0.8,False,0.8109109427902574,0.34,0.7780438329778043,0.20488388692652476,REJECT,False,-0.2311015204108307,0.040216394545204516,0.10213243599737853,0.14234883054258304,-0.3734503509534137,0.02,False,False,False,ONLINE_RANK,,,,,,,,,,,,,
V9.6.4_FIXED_PENALTY,2026-03,106779,106790,-1,fca571982b7c88a0,2026-03-19,-0.11468370528859864,False,2,2,True,True,0.2877585721369838,0.21665172036030442,0.6521739130434783,0.8,False,0.8113706648661828,0.34,0.7629933241579971,0.2047270154846833,REJECT,False,-0.22694125783311636,0.040216394545204516,0.10213243599737853,0.14234883054258304,-0.36929008837569943,0.02,False,False,False,ONLINE_RANK,,,,,,,,,,,,,
V9.6.4_FIXED_PENALTY,2026-03,106803,106811,-1,fca571982b7c88a0,2026-03-19,-0.1262382065395386,False,2,2,True,True,0.2265245907701192,0.22758035114294425,0.7659574468085106,0.8,False,0.8132025205182656,0.34,0.5294469308812224,0.20229674622363863,REJECT,False,-0.20681807682668402,0.040216394545204516,0.10213243599737853,0.14234883054258304,-0.34916690736926703,0.02,False,False,False,ONLINE_RANK,,,,,,,,,,,,,
V9.6.4_FIXED_PENALTY,2026-03,107955,107963,-1,fca571982b7c88a0,2026-03-24,-0.17098355244013475,False,2,2,True,True,0.22741485367433353,0.22740456094921443,0.8125,0.8,True,0.5315240520533739,0.34,0.7403343528793409,0.21008065254716246,REJECT,False,-0.20200761446836796,0.040216394545204516,0.10213243599737853,0.14234883054258304,-0.344356445010951,0.02,False,False,False,META_PROBABILITY,,,,,,,,,,,,,
V9.6.4_FIXED_PENALTY,2026-03,108044,108062,-1,fca571982b7c88a0,2026-03-24,-0.1709805573440218,False,2,2,True,True,0.38130742890107444,0.202982957370083,0.3469387755102041,0.8,False,0.5380690763656399,0.34,0.6278002829251432,0.20852212038903292,REJECT,False,-0.2516090892357893,0.040216394545204516,0.10213243599737853,0.14234883054258304,-0.39395791977837236,0.02,False,False,False,ONLINE_RANK,,,,,,,,,,,,,
V9.6.4_FIXED_PENALTY,2026-03,108206,108215,-1,fca571982b7c88a0,2026-03-24,-0.17098730482941166,False,2,2,True,True,0.38193087490649025,0.20289985898145652,0.34,0.8,False,0.5419982660397162,0.34,0.5226860846259644,0.20723271963720805,REJECT,False,-0.25262911298483937,0.040216394545204516,0.10213243599737853,0.14234883054258304,-0.39497794352742244,0.02,False,False,False,ONLINE_RANK,,,,,,,,,,,,,
V9.6.4_FIXED_PENALTY,2026-03,108463,108476,-1,fca571982b7c88a0,2026-03-25,-1.271531187316225,False,2,2,True,True,0.20648328130678234,0.23170700157257204,0.8235294117647058,0.8,True,0.5374438613016208,0.34,0.5287024540777219,0.20750208780688478,REJECT,False,-0.19516053217657964,0.040216394545204516,0.10213243599737853,0.14234883054258304,-0.33750936271916265,0.02,False,False,False,META_PROBABILITY,,,,,,,,,,,,,
V9.6.4_FIXED_PENALTY,2026-03,108892,108900,-1,fca571982b7c88a0,2026-03-27,-0.17103078347391923,False,2,2,True,True,0.28167118845204303,0.21764833076343157,0.6346153846153846,0.8,False,0.8224914243149534,0.34,0.5093647304345397,0.20188290344059404,REJECT,False,-0.22684465849365,0.040216394545204516,0.10213243599737853,0.14234883054258304,-0.36919348903623306,0.02,False,False,False,ONLINE_RANK,,,,,,,,,,,,,
V9.6.4_FIXED_PENALTY,2026-04,110268,110279,-1,fca571982b7c88a0,2026-04-01,-1.2715560653592688,False,2,2,True,True,0.3042075812998795,0.34224627143976405,0.5833333333333334,0.8,False,0.5436787164123129,0.34,0.5023337538837325,0.34719714738526813,NEUTRAL,False,0.2628177307364539,0.0458821100747641,0.11468292773139113,0.16056503780615522,0.1022526929302987,0.02,False,False,False,ONLINE_RANK,,,,,,,,,,,,,
V9.6.4_FIXED_PENALTY,2026-04,110715,110764,-1,fca571982b7c88a0,2026-04-03,-0.17102508223255208,False,2,2,True,True,0.23292809332323433,0.3064038311658871,0.28,0.8,False,0.6594040126019258,0.34,0.48491200258086364,0.34484995953568237,NEUTRAL,False,0.1952498505391564,0.0458821100747641,0.11468292773139113,0.16056503780615522,0.03468481273300117,0.02,False,False,False,ONLINE_RANK,,,,,,,,,,,,,
V9.6.4_FIXED_PENALTY,2026-04,111532,111579,-1,fca571982b7c88a0,2026-04-06,1.8300055315261816,True,1,1,True,True,0.31833419332165686,0.3489831855181098,0.6153846153846154,0.8,False,0.534654856216511,0.34,0.5825443002139574,0.3481556910539604,NEUTRAL,False,0.2758358892802677,0.0458821100747641,0.11468292773139113,0.16056503780615522,0.11527085147411248,0.02,False,False,False,ONLINE_RANK,,,,,,,,,,,,,
V9.6.4_FIXED_PENALTY,2026-04,112112,112114,-1,fca571982b7c88a0,2026-04-08,1.830033640997342,True,1,1,True,True,0.2512164680980352,0.31595720262905674,0.37037037037037035,0.8,False,0.5184439270336059,0.34,0.6405222538963247,0.34787166709023526,NEUTRAL,False,0.2147327458479686,0.0458821100747641,0.11468292773139113,0.16056503780615522,0.05416770804181337,0.02,False,False,False,ONLINE_RANK,,,,,,,,,,,,,
V9.6.4_FIXED_PENALTY,2026-04,112113,112118,-1,fca571982b7c88a0,2026-04-08,1.8527370445175673,True,1,1,True,True,0.44109509080304804,0.40490301077025725,0.8571428571428571,0.8,True,0.5247359190577253,0.34,0.8019318191574336,0.3518636909468548,NEUTRAL,True,0.3812806734483217,0.0458821100747641,0.11468292773139113,0.16056503780615522,0.2207156356421665,0.02,True,True,True,SELECTED,,,,,,,,,,,,,
V9.6.4_FIXED_PENALTY,2026-04,112463,112477,-1,fca571982b7c88a0,2026-04-09,-1.27151783652678,False,2,2,True,True,0.3005056825759822,0.34046469768037374,0.5517241379310345,0.8,False,0.5527950539598251,0.34,0.7895744618244593,0.3494520613079034,NEUTRAL,False,0.26091763820583525,0.0458821100747641,0.11468292773139113,0.16056503780615522,0.10035260039968003,0.02,False,False,False,ONLINE_RANK,,,,,,,,,,,,,
V9.6.4_FIXED_PENALTY,2026-04,112516,112550,-1,fca571982b7c88a0,2026-04-10,-0.1709693360188157,False,2,2,True,True,0.22842863516274997,0.3040065668704993,0.2,0.8,False,0.5456662134449218,0.34,0.6779403672298914,0.34752367303673576,NEUTRAL,False,0.19247143496026659,0.0458821100747641,0.11468292773139113,0.16056503780615522,0.031906397154111366,0.02,False,False,False,ONLINE_RANK,,,,,,,,,,,,,
V9.6.4_FIXED_PENALTY,2026-04,113469,113475,-1,fca571982b7c88a0,2026-04-13,-1.251441395218504,False,2,2,True,True,0.16201884569319933,0.26576118021027473,0.06451612903225806,0.8,False,0.5495341026992175,0.34,0.5876526134319595,0.34568939382356706,NEUTRAL,False,0.12078585870376729,0.0458821100747641,0.11468292773139113,0.16056503780615522,-0.03977917910238793,0.02,False,False,False,ONLINE_RANK,,,,,,,,,,,,,
V9.6.4_FIXED_PENALTY,2026-04,113727,113733,-1,fca571982b7c88a0,2026-04-14,1.8619666030568092,True,1,1,True,True,0.413674626398174,0.39266361597202326,0.84375,0.8,True,0.5191697223300527,0.34,0.7498393752757464,0.3510697966783391,NEUTRAL,True,0.3582124325276514,0.0458821100747641,0.11468292773139113,0.16056503780615522,0.19764739472149617,0.02,True,True,True,SELECTED,,,,,,,,,,,,,
V9.6.4_FIXED_PENALTY,2026-04,114469,114479,-1,fca571982b7c88a0,2026-04-17,1.853407714439175,True,1,1,True,True,0.23171373977077997,0.305758766732218,0.30303030303030304,0.8,False,0.5464280134818001,0.34,0.6088954659981456,0.3470202878572682,NEUTRAL,False,0.19539444799941164,0.0458821100747641,0.11468292773139113,0.16056503780615522,0.034829410193256416,0.02,False,False,False,ONLINE_RANK,,,,,,,,,,,,,
V9.6.4_FIXED_PENALTY,2026-04,114531,114542,-1,fca571982b7c88a0,2026-04-17,-1.194673848969825,False,2,2,True,True,0.44653418532907546,0.40732464617868314,0.8823529411764706,0.8,True,0.5365942304273893,0.34,0.7124072532528167,0.3509815937402566,NEUTRAL,True,0.3852058138681698,0.0458821100747641,0.11468292773139113,0.16056503780615522,0.2246407760620146,0.02,True,True,True,SELECTED,,,,,,,,,,,,,
V9.6.4_FIXED_PENALTY,2026-04,114532,114542,-1,fca571982b7c88a0,2026-04-17,-1.1947261496607022,False,2,2,True,True,0.4696082346468783,0.417591333705021,0.8857142857142857,0.8,True,0.5366880178896923,0.34,0.5627131874031621,0.34988247301672326,NEUTRAL,True,0.40347055703114615,0.0458821100747641,0.11468292773139113,0.16056503780615522,0.24290551922499093,0.02,True,False,False,MONTHLY_TARGET_CAP,,,,,,,,,,,,,
V9.6.4_FIXED_PENALTY,2026-04,114535,114542,-1,fca571982b7c88a0,2026-04-17,-1.202651479906994,False,2,2,True,True,0.42531619596841697,0.3978680131787214,0.8055555555555556,0.8,True,0.5355431889637883,0.34,0.5935741097353844,0.3496244403721945,NEUTRAL,True,0.36692501391459115,0.0458821100747641,0.11468292773139113,0.16056503780615522,0.20635997610843593,0.02,True,False,False,MONTHLY_TARGET_CAP,,,,,,,,,,,,,
V9.6.4_FIXED_PENALTY,2026-04,115599,115601,-1,fca571982b7c88a0,2026-04-21,1.8300695210444844,True,1,1,True,True,0.3166038257936779,0.3481629751616513,0.5675675675675675,0.8,False,0.7020734241646618,0.34,0.6917207984873697,0.3472425819728655,NEUTRAL,False,0.27376119085330197,0.0458821100747641,0.11468292773139113,0.16056503780615522,0.11319615304714675,0.02,False,False,False,ONLINE_RANK,,,,,,,,,,,,,
V9.6.4_FIXED_PENALTY,2026-04,115699,115721,-1,fca571982b7c88a0,2026-04-22,-1.2714789171698233,False,2,2,True,True,0.38046784170338854,0.3777112531145595,0.6578947368421053,0.8,False,0.7046485759521622,0.34,0.6937759290232166,0.3481333494403339,NEUTRAL,False,0.3288215579663339,0.0458821100747641,0.11468292773139113,0.16056503780615522,0.16825652016017867,0.02,False,False,False,ONLINE_RANK,,,,,,,,,,,,,
V9.6.4_FIXED_PENALTY,2026-04,115700,115721,-1,fca571982b7c88a0,2026-04-22,-1.271479000834533,False,2,2,True,True,0.4170357646843816,0.3941677477885529,0.7948717948717948,0.8,False,0.7044987502368705,0.34,0.7052543997422485,0.348738372041295,NEUTRAL,False,0.35955363146776953,0.0458821100747641,0.11468292773139113,0.16056503780615522,0.1989885936616143,0.02,False,False,False,ONLINE_RANK,,,,,,,,,,,,,
V9.6.4_FIXED_PENALTY,2026-04,115701,115721,-1,fca571982b7c88a0,2026-04-22,-1.2714791849665645,False,2,2,True,True,0.3564209510353421,0.3667376547464626,0.625,0.8,False,0.7043290849091166,0.34,0.6979961782096284,0.3478372197867176,NEUTRAL,False,0.3083946434826394,0.0458821100747641,0.11468292773139113,0.16056503780615522,0.14782960567648418,0.02,False,False,False,ONLINE_RANK,,,,,,,,,,,,,
V9.6.4_FIXED_PENALTY,2026-04,115862,115867,-1,fca571982b7c88a0,2026-04-22,-0.17090486016205067,False,2,2,True,True,0.4369207766435466,0.40304352194945436,0.8292682926829268,0.8,True,0.5285353980007402,0.34,0.7298715606393671,0.35110008728673864,NEUTRAL,True,0.3773805856169948,0.0458821100747641,0.11468292773139113,0.16056503780615522,0.21681554781083956,0.02,True,False,False,MONTHLY_TARGET_CAP,,,,,,,,,,,,,
V9.6.4_FIXED_PENALTY,2026-04,116137,116139,-1,fca571982b7c88a0,2026-04-23,-1.2714632256319955,False,2,2,True,True,0.31534858032665364,0.3475671349378779,0.5,0.8,False,0.6917281005357752,0.34,0.644603316712721,0.34695091809782946,NEUTRAL,False,0.27248258588809876,0.0458821100747641,0.11468292773139113,0.16056503780615522,0.11191754808194354,0.02,False,False,False,ONLINE_RANK,,,,,,,,,,,,,
V9.6.4_FIXED_PENALTY,2026-04,116138,116139,-1,fca571982b7c88a0,2026-04-23,-1.2714623734423003,False,2,2,True,True,0.26911101427252115,0.3250420540693714,0.3953488372093023,0.8,False,0.6919823325059486,0.34,0.47616424393176376,0.34494942729555117,NEUTRAL,False,0.22969602470779,0.0458821100747641,0.11468292773139113,0.16056503780615522,0.06913098690163477,0.02,False,False,False,ONLINE_RANK,,,,,,,,,,,,,
V9.6.4_FIXED_PENALTY,2026-04,116168,116215,-1,fca571982b7c88a0,2026-04-23,-1.2266337306900452,False,2,2,True,True,0.2787239784097289,0.32982867996537013,0.4090909090909091,0.8,False,0.7070529331470417,0.34,0.5409307780229405,0.34543528333770995,NEUTRAL,False,0.23882548312586327,0.0458821100747641,0.11468292773139113,0.16056503780615522,0.07826044531970805,0.02,False,False,False,ONLINE_RANK,,,,,,,,,,,,,
V9.6.4_FIXED_PENALTY,2026-04,116169,116215,-1,fca571982b7c88a0,2026-04-23,-1.2384774891627814,False,2,2,True,True,0.4319004342905358,0.40080574991716356,0.8222222222222222,0.8,True,0.7070524798291995,0.34,0.49497713793710857,0.34705600601907366,NEUTRAL,True,0.3707652701525427,0.0458821100747641,0.11468292773139113,0.16056503780615522,0.21020023234638746,0.02,True,False,False,MONTHLY_TARGET_CAP,,,,,,,,,,,,,
V9.6.4_FIXED_PENALTY,2026-05,119074,119077,-1,fca571982b7c88a0,2026-05-04,1.8618115116088623,True,1,1,True,True,0.3133858776383741,0.26185088578816473,0.391304347826087,0.8,False,0.5530905527636555,0.34,0.7792153533855946,0.27644525804735554,REJECT,False,-0.2783168247165793,0.043828739810657616,0.11726039399558574,0.16108913380624335,-0.43940595852282266,0.02,False,False,False,ONLINE_RANK,,,,,,,,,,,,,
V9.6.4_FIXED_PENALTY,2026-05,119077,119080,-1,fca571982b7c88a0,2026-05-04,-1.1999214545598806,False,2,2,True,True,0.23856651760337952,0.2400144472410186,0.20833333333333334,0.8,False,0.5528989907712549,0.34,0.7270636104603885,0.27517103111104485,REJECT,False,-0.3265371791458937,0.043828739810657616,0.11726039399558574,0.16108913380624335,-0.48762631295213704,0.02,False,False,False,ONLINE_RANK,,,,,,,,,,,,,
V9.6.4_FIXED_PENALTY,2026-05,119078,119081,-1,fca571982b7c88a0,2026-05-04,-1.2008120672610882,False,2,2,True,True,0.10132565893640998,0.18851895884802292,0.04,0.8,False,0.5529978457166425,0.34,0.6562066355116172,0.2732526046458211,REJECT,False,-0.4394676859512511,0.043828739810657616,0.11726039399558574,0.16108913380624335,-0.6005568197574944,0.02,False,False,False,ONLINE_RANK,,,,,,,,,,,,,
V9.6.4_FIXED_PENALTY,2026-05,119556,119560,-1,fca571982b7c88a0,2026-05-06,-1.271428067132503,False,2,2,True,True,0.46556860265865296,0.30281593209386737,0.8076923076923077,0.8,True,0.5231224123558571,0.34,0.6615026980212617,0.27508346784848536,REJECT,False,-0.19056494867088647,0.043828739810657616,0.11726039399558574,0.16108913380624335,-0.3516540824771298,0.02,False,False,False,META_PROBABILITY,,,,,,,,,,,,,
V9.6.4_FIXED_PENALTY,2026-05,119566,119583,-1,fca571982b7c88a0,2026-05-06,1.8301262444399897,True,1,1,True,True,0.4258720367668605,0.29223814573343826,0.7407407407407407,0.8,False,0.5071666901487623,0.34,0.6469363717215904,0.2749914671592771,REJECT,False,-0.21354411492561354,0.043828739810657616,0.11726039399558574,0.16108913380624335,-0.3746332487318569,0.02,False,False,False,ONLINE_RANK,,,,,,,,,,,,,
V9.6.4_FIXED_PENALTY,2026-05,119568,119584,-1,fca571982b7c88a0,2026-05-06,1.8301248455616579,True,1,1,True,True,0.42198690942789774,0.29120498938144684,0.7142857142857143,0.8,False,0.5116057330046544,0.34,0.524585505781713,0.27241869168166866,REJECT,False,-0.21763969942535277,0.043828739810657616,0.11726039399558574,0.16108913380624335,-0.3787288332315961,0.02,False,False,False,ONLINE_RANK,,,,,,,,,,,,,
V9.6.4_FIXED_PENALTY,2026-05,120138,120163,-1,fca571982b7c88a0,2026-05-08,-0.17089434421946553,False,2,2,True,True,0.22737040181314394,0.23652653786010777,0.1724137931034483,0.8,False,0.6935211726484284,0.34,0.5130683978588453,0.2682433391174382,REJECT,False,-0.33909447111684715,0.043828739810657616,0.11726039399558574,0.16108913380624335,-0.5001836049230906,0.02,False,False,False,ONLINE_RANK,,,,,,,,,,,,,
V9.6.4_FIXED_PENALTY,2026-05,120956,120962,-1,fca571982b7c88a0,2026-05-11,-0.17088195587974908,False,2,2,True,True,0.2759850239945291,0.2512053652136267,0.3,0.8,False,0.5482211014694833,0.34,0.527837768661297,0.27142595083870097,REJECT,False,-0.305000421144287,0.043828739810657616,0.11726039399558574,0.16108913380624335,-0.46608955495053034,0.02,False,False,False,ONLINE_RANK,,,,,,,,,,,,,
V9.6.4_FIXED_PENALTY,2026-05,122008,122031,-1,fca571982b7c88a0,2026-05-15,-1.2714531142707768,False,2,2,True,True,0.3048568246140324,0.25946064799626367,0.41935483870967744,0.8,False,0.6911902810519236,0.34,0.6189105159530015,0.27055755788203595,REJECT,False,-0.287745514853818,0.043828739810657616,0.11726039399558574,0.16108913380624335,-0.44883464866006134,0.02,False,False,False,ONLINE_RANK,,,,,,,,,,,,,
V9.6.4_FIXED_PENALTY,2026-05,125584,125636,-1,fca571982b7c88a0,2026-05-29,1.8300463643567926,True,1,1,True,True,0.2073371103151417,0.2300846822896588,0.15625,0.8,False,0.5319263488969799,0.34,0.6165648312766627,0.27329299326365036,REJECT,False,-0.34940224361770367,0.043828739810657616,0.11726039399558574,0.16108913380624335,-0.510491377423947,0.02,False,False,False,ONLINE_RANK,,,,,,,,,,,,,
V9.6.4_FIXED_PENALTY,2026-06,127033,127034,-1,fca571982b7c88a0,2026-06-04,-1.1222944519841664,False,2,2,False,False,,,,,False,,,,,,False,,,,,,,False,False,False,MODEL_UNAVAILABLE,,,,,,,,,,,,,
V9.6.4_FIXED_PENALTY,2026-06,127148,127154,-1,fca571982b7c88a0,2026-06-04,-0.06602797526920008,False,2,2,False,False,,,,,False,,,,,,False,,,,,,,False,False,False,MODEL_UNAVAILABLE,,,,,,,,,,,,,
V9.6.4_FIXED_PENALTY,2026-06,127164,127191,-1,fca571982b7c88a0,2026-06-04,1.946076095860926,True,1,1,False,False,,,,,False,,,,,,False,,,,,,,False,False,False,MODEL_UNAVAILABLE,,,,,,,,,,,,,
V9.6.4_FIXED_PENALTY,2026-06,127168,127174,-1,fca571982b7c88a0,2026-06-04,-1.1718073126379087,False,2,2,False,False,,,,,False,,,,,,False,,,,,,,False,False,False,MODEL_UNAVAILABLE,,,,,,,,,,,,,
V9.6.4_FIXED_PENALTY,2026-06,127328,127335,-1,fca571982b7c88a0,2026-06-05,1.903124205835836,True,1,1,False,False,,,,,False,,,,,,False,,,,,,,False,False,False,MODEL_UNAVAILABLE,,,,,,,,,,,,,
V9.6.4_FIXED_PENALTY,2026-06,127329,127335,-1,fca571982b7c88a0,2026-06-05,1.8976501309125287,True,1,1,False,False,,,,,False,,,,,,False,,,,,,,False,False,False,MODEL_UNAVAILABLE,,,,,,,,,,,,,
V9.6.4_FIXED_PENALTY,2026-06,127330,127335,-1,fca571982b7c88a0,2026-06-05,1.8954073685868644,True,1,1,False,False,,,,,False,,,,,,False,,,,,,,False,False,False,MODEL_UNAVAILABLE,,,,,,,,,,,,,
V9.6.4_FIXED_PENALTY,2026-06,127358,127366,-1,fca571982b7c88a0,2026-06-05,-0.05487582360770554,False,2,2,False,False,,,,,False,,,,,,False,,,,,,,False,False,False,MODEL_UNAVAILABLE,,,,,,,,,,,,,
V9.6.4_FIXED_PENALTY,2026-06,127449,127454,-1,fca571982b7c88a0,2026-06-05,-1.1025543970692389,False,2,2,False,False,,,,,False,,,,,,False,,,,,,,False,False,False,MODEL_UNAVAILABLE,,,,,,,,,,,,,
V9.6.4_FIXED_PENALTY,2026-06,127491,127492,-1,fca571982b7c88a0,2026-06-05,-1.1226220689167936,False,2,2,False,False,,,,,False,,,,,,False,,,,,,,False,False,False,MODEL_UNAVAILABLE,,,,,,,,,,,,,
V9.6.4_FIXED_PENALTY,2026-06,127506,127522,-1,fca571982b7c88a0,2026-06-05,-0.038931752165420504,False,2,2,False,False,,,,,False,,,,,,False,,,,,,,False,False,False,MODEL_UNAVAILABLE,,,,,,,,,,,,,
V9.6.4_FIXED_PENALTY,2026-06,127527,127532,-1,fca571982b7c88a0,2026-06-05,1.9361732058003047,True,1,1,False,False,,,,,False,,,,,,False,,,,,,,False,False,False,MODEL_UNAVAILABLE,,,,,,,,,,,,,
V9.6.4_FIXED_PENALTY,2026-06,127979,127982,-1,fca571982b7c88a0,2026-06-07,-1.2716418173155373,False,2,2,False,False,,,,,False,,,,,,False,,,,,,,False,False,False,MODEL_UNAVAILABLE,,,,,,,,,,,,,
V9.6.4_FIXED_PENALTY,2026-06,128217,128222,-1,fca571982b7c88a0,2026-06-08,-0.11589618404814342,False,2,2,False,False,,,,,False,,,,,,False,,,,,,,False,False,False,MODEL_UNAVAILABLE,,,,,,,,,,,,,
V9.6.4_FIXED_PENALTY,2026-06,128236,128241,-1,fca571982b7c88a0,2026-06-08,-1.2321896327242594,False,2,2,False,False,,,,,False,,,,,,False,,,,,,,False,False,False,MODEL_UNAVAILABLE,,,,,,,,,,,,,
V9.6.4_FIXED_PENALTY,2026-06,129984,130057,-1,fca571982b7c88a0,2026-06-15,-0.17104135949073934,False,2,2,False,False,,,,,False,,,,,,False,,,,,,,False,False,False,MODEL_UNAVAILABLE,,,,,,,,,,,,,
V9.6.4_FIXED_PENALTY,2026-06,130253,130272,-1,fca571982b7c88a0,2026-06-16,-0.17103740313051022,False,2,2,False,False,,,,,False,,,,,,False,,,,,,,False,False,False,MODEL_UNAVAILABLE,,,,,,,,,,,,,
V9.6.4_FIXED_PENALTY,2026-06,130254,130267,-1,fca571982b7c88a0,2026-06-16,-0.17103760833714854,False,2,2,False,False,,,,,False,,,,,,False,,,,,,,False,False,False,MODEL_UNAVAILABLE,,,,,,,,,,,,,
V9.6.4_FIXED_PENALTY,2026-06,130273,130280,-1,fca571982b7c88a0,2026-06-16,-1.2715885900554593,False,2,2,False,False,,,,,False,,,,,,False,,,,,,,False,False,False,MODEL_UNAVAILABLE,,,,,,,,,,,,,
V9.6.4_FIXED_PENALTY,2026-06,130632,130634,-1,fca571982b7c88a0,2026-06-17,-1.2716004102392249,False,2,2,False,False,,,,,False,,,,,,False,,,,,,,False,False,False,MODEL_UNAVAILABLE,,,,,,,,,,,,,
V9.6.4_FIXED_PENALTY,2026-06,130656,130672,-1,fca571982b7c88a0,2026-06-17,1.8423408285367848,True,1,1,False,False,,,,,False,,,,,,False,,,,,,,False,False,False,MODEL_UNAVAILABLE,,,,,,,,,,,,,
V9.6.4_FIXED_PENALTY,2026-06,130657,130671,-1,fca571982b7c88a0,2026-06-17,-1.265876035255469,False,2,2,False,False,,,,,False,,,,,,False,,,,,,,False,False,False,MODEL_UNAVAILABLE,,,,,,,,,,,,,
V9.6.4_FIXED_PENALTY,2026-06,130890,130895,-1,fca571982b7c88a0,2026-06-18,1.829938871146305,True,1,1,False,False,,,,,False,,,,,,False,,,,,,,False,False,False,MODEL_UNAVAILABLE,,,,,,,,,,,,,
V9.6.4_FIXED_PENALTY,2026-06,131385,131434,-1,fca571982b7c88a0,2026-06-20,1.8299309914859119,True,1,1,False,False,,,,,False,,,,,,False,,,,,,,False,False,False,MODEL_UNAVAILABLE,,,,,,,,,,,,,
V9.6.4_FIXED_PENALTY,2026-06,131956,131962,-1,fca571982b7c88a0,2026-06-22,-1.2716004279047515,False,2,2,False,False,,,,,False,,,,,,False,,,,,,,False,False,False,MODEL_UNAVAILABLE,,,,,,,,,,,,,
V9.6.4_FIXED_PENALTY,2026-06,131957,131961,-1,fca571982b7c88a0,2026-06-22,-1.2716008738789168,False,2,2,False,False,,,,,False,,,,,,False,,,,,,,False,False,False,MODEL_UNAVAILABLE,,,,,,,,,,,,,
V9.6.4_FIXED_PENALTY,2026-06,132777,132785,-1,fca571982b7c88a0,2026-06-25,-0.000419480124115138,False,2,2,False,False,,,,,False,,,,,,False,,,,,,,False,False,False,MODEL_UNAVAILABLE,,,,,,,,,,,,,
V9.6.4_FIXED_PENALTY,2026-06,132922,132923,-1,fca571982b7c88a0,2026-06-26,-1.183982317577962,False,2,2,False,False,,,,,False,,,,,,False,,,,,,,False,False,False,MODEL_UNAVAILABLE,,,,,,,,,,,,,
V9.6.6_EVIDENCE_SHRINKAGE,2025-05,28722,28724,-1,fca571982b7c88a0,2025-05-01,-1.2713351710988023,False,2,2,True,True,0.2138859840625925,0.11876943405489065,1.0,0.8,True,0.5010832645874378,0.34,0.7347648007877192,0.12102569510926724,REJECT,False,-0.5810229459607715,,0.0,,-0.2650167876699873,0.0,False,False,False,META_PROBABILITY,-0.5810229459607715,0.6756756756756757,0.6750591323084558,0.4561210353435512,0.03249408676915442,0.0,-0.2650167876699873,NEUTRAL,,,,,
V9.6.6_EVIDENCE_SHRINKAGE,2025-05,29050,29054,-1,fca571982b7c88a0,2025-05-02,-0.170774393056048,False,2,2,True,True,0.2697071493891084,0.1194534847077435,1.0,0.8,True,0.5217942903269635,0.34,0.7358845879981404,0.12080008420657905,REJECT,False,-0.5799218773944903,,0.0,,-0.2645145671355509,0.0,False,False,False,META_PROBABILITY,-0.5799218773944903,0.6756756756756757,0.6750591323084558,0.4561210353435512,0.03249408676915442,0.0,-0.2645145671355509,NEUTRAL,,,,,
V9.6.6_EVIDENCE_SHRINKAGE,2025-05,29051,29054,-1,fca571982b7c88a0,2025-05-02,-0.17077442529137518,False,2,2,True,True,0.2754214046858098,0.11951821443973347,1.0,0.8,True,0.5215007164051922,0.34,0.5964052710242564,0.12102993585295745,REJECT,False,-0.5796662586987984,,0.0,,-0.26439797407141874,0.0,False,False,False,META_PROBABILITY,-0.5796662586987984,0.6756756756756757,0.6750591323084558,0.4561210353435512,0.03249408676915442,0.0,-0.26439797407141874,NEUTRAL,,,,,
V9.6.6_EVIDENCE_SHRINKAGE,2025-05,30378,30391,-1,fca571982b7c88a0,2025-05-07,1.8302246003102882,True,1,1,True,True,0.3893773479576528,0.12068624508671975,1.0,0.8,True,0.5229417975668658,0.34,0.6000321448086827,0.12100882210320478,REJECT,False,-0.57756666296781,,0.0,,-0.2634403042927974,0.0,False,False,False,META_PROBABILITY,-0.57756666296781,0.6756756756756757,0.6750591323084558,0.4561210353435512,0.03249408676915442,0.0,-0.2634403042927974,NEUTRAL,,,,,
V9.6.6_EVIDENCE_SHRINKAGE,2025-05,30740,30753,-1,fca571982b7c88a0,2025-05-08,-0.17074476158654914,False,2,2,True,True,0.21294829897432876,0.11875696610924975,0.9454545454545454,0.8,True,0.4771180854558395,0.34,0.6069887399949909,0.12146946973694724,REJECT,False,-0.580777979058703,,0.0,,-0.2649050531129909,0.0,False,False,False,META_PROBABILITY,-0.580777979058703,0.6756756756756757,0.6750591323084558,0.4561210353435512,0.03249408676915442,0.0,-0.2649050531129909,NEUTRAL,,,,,
V9.6.6_EVIDENCE_SHRINKAGE,2025-05,31007,31030,-1,fca571982b7c88a0,2025-05-10,-0.17074121897203623,False,2,2,True,True,0.2570698033839055,0.1193073040363429,0.9464285714285714,0.8,True,0.5082244666507303,0.34,0.7578555885314076,0.12091212593919023,REJECT,False,-0.5801186970585138,,0.0,,-0.26460434072448125,0.0,False,False,False,META_PROBABILITY,-0.5801186970585138,0.6756756756756757,0.6750591323084558,0.4561210353435512,0.03249408676915442,0.0,-0.26460434072448125,NEUTRAL,,,,,
V9.6.6_EVIDENCE_SHRINKAGE,2025-05,31243,31291,-1,fca571982b7c88a0,2025-05-11,-0.17073886384760387,False,2,2,True,True,0.48692943528064275,0.1215918447400799,1.0,0.8,True,0.49716929920724184,0.34,0.6226410468186814,0.12123811725797404,REJECT,False,-0.5757907096637537,,0.0,,-0.2626302546330294,0.0,False,False,False,META_PROBABILITY,-0.5757907096637537,0.6756756756756757,0.6750591323084558,0.4561210353435512,0.03249408676915442,0.0,-0.2626302546330294,NEUTRAL,,,,,
V9.6.6_EVIDENCE_SHRINKAGE,2025-05,31366,31397,-1,fca571982b7c88a0,2025-05-11,-0.17073827066745162,False,2,2,True,True,0.4366350789838409,0.1211297218888256,0.9827586206896551,0.8,True,0.5037465625936527,0.34,0.6646226037379099,0.12110499110110003,REJECT,False,-0.576706685714298,,0.0,,-0.2630480505775536,0.0,False,False,False,META_PROBABILITY,-0.576706685714298,0.6756756756756757,0.6750591323084558,0.4561210353435512,0.03249408676915442,0.0,-0.2630480505775536,NEUTRAL,,,,,
V9.6.6_EVIDENCE_SHRINKAGE,2025-05,32111,32130,-1,fca571982b7c88a0,2025-05-14,-1.2712912244948205,False,2,2,True,True,0.16921254982025657,0.11812486920546593,0.864406779661017,0.8,True,0.5108051497872518,0.34,0.6174944236391173,0.12110648827296468,REJECT,False,-0.5821399049606362,,0.0,,-0.26552625616544184,0.0,False,False,False,META_PROBABILITY,-0.5821399049606362,0.6756756756756757,0.6750591323084558,0.4561210353435512,0.03249408676915442,0.0,-0.26552625616544184,NEUTRAL,,,,,
V9.6.6_EVIDENCE_SHRINKAGE,2025-05,32113,32122,-1,fca571982b7c88a0,2025-05-14,-1.2712917934674208,False,2,2,True,True,0.19235527507878367,0.11847266292365152,0.8666666666666667,0.8,True,0.511876382992889,0.34,0.6872656268006989,0.12098459103773261,REJECT,False,-0.5815844195119838,,0.0,,-0.2652728875674843,0.0,False,False,False,META_PROBABILITY,-0.5815844195119838,0.6756756756756757,0.6750591323084558,0.4561210353435512,0.03249408676915442,0.0,-0.2652728875674843,NEUTRAL,,,,,
V9.6.6_EVIDENCE_SHRINKAGE,2025-05,32393,32399,-1,fca571982b7c88a0,2025-05-15,-1.271298473216036,False,2,2,True,True,0.2609266017388044,0.11935237896599503,0.8524590163934426,0.8,True,0.8067494293572486,0.34,0.6341506396779291,0.11803931471475748,REJECT,False,-0.5817689585524416,,0.0,,-0.2653570597056792,0.0,False,False,False,META_PROBABILITY,-0.5817689585524416,0.6756756756756757,0.6750591323084558,0.4561210353435512,0.03249408676915442,0.0,-0.2653570597056792,NEUTRAL,,,,,
V9.6.6_EVIDENCE_SHRINKAGE,2025-05,33250,33258,-1,fca571982b7c88a0,2025-05-18,1.8302692507302938,True,1,1,True,True,0.5677023430862207,0.12233660640642412,1.0,0.8,True,0.5186194838013645,0.34,0.5102326549306968,0.12119751901238454,REJECT,False,-0.5744683197176197,,0.0,,-0.26202708476167086,0.0,False,False,False,META_PROBABILITY,-0.5744683197176197,0.6756756756756757,0.6750591323084558,0.4561210353435512,0.03249408676915442,0.0,-0.26202708476167086,NEUTRAL,,,,,
V9.6.6_EVIDENCE_SHRINKAGE,2025-05,33501,33506,-1,fca571982b7c88a0,2025-05-19,-1.271287505470875,False,2,2,True,True,0.3866458274653276,0.12066014898463032,0.9365079365079365,0.8,True,0.6377404516813296,0.34,0.7001342021064727,0.1196287936759979,REJECT,False,-0.5784457599417054,,0.0,,-0.26384127891469794,0.0,False,False,False,META_PROBABILITY,-0.5784457599417054,0.6756756756756757,0.6750591323084558,0.4561210353435512,0.03249408676915442,0.0,-0.26384127891469794,NEUTRAL,,,,,
V9.6.6_EVIDENCE_SHRINKAGE,2025-05,33502,33505,-1,fca571982b7c88a0,2025-05-19,-1.2712878032467372,False,2,2,True,True,0.3777223748746004,0.1205744511285336,0.921875,0.8,True,0.6379184779742371,0.34,0.6934631262326574,0.11964090568476618,REJECT,False,-0.5785934387982201,,0.0,,-0.2639086383476298,0.0,False,False,False,META_PROBABILITY,-0.5785934387982201,0.6756756756756757,0.6750591323084558,0.4561210353435512,0.03249408676915442,0.0,-0.2639086383476298,NEUTRAL,,,,,
V9.6.6_EVIDENCE_SHRINKAGE,2025-05,34025,34027,-1,fca571982b7c88a0,2025-05-21,-1.2712750537566382,False,2,2,True,True,0.22454204946086717,0.11890851204366991,0.8461538461538461,0.8,True,0.516766590598636,0.34,0.8057792960672701,0.12074240598945785,REJECT,False,-0.5809422018353364,,0.0,,-0.2649799585758959,0.0,False,False,False,META_PROBABILITY,-0.5809422018353364,0.6756756756756757,0.6750591323084558,0.4561210353435512,0.03249408676915442,0.0,-0.2649799585758959,NEUTRAL,,,,,
V9.6.6_EVIDENCE_SHRINKAGE,2025-05,34037,34042,-1,fca571982b7c88a0,2025-05-21,-1.2067456225748443,False,2,2,True,True,0.2724797243053251,0.11948499333154289,0.8939393939393939,0.8,True,0.5275072133403842,0.34,0.7067134052720203,0.12078653809238354,REJECT,False,-0.5798730614837422,,0.0,,-0.2644923011717992,0.0,False,False,False,META_PROBABILITY,-0.5798730614837422,0.6756756756756757,0.6750591323084558,0.4561210353435512,0.03249408676915442,0.0,-0.2644923011717992,NEUTRAL,,,,,
V9.6.6_EVIDENCE_SHRINKAGE,2025-05,34108,34114,-1,fca571982b7c88a0,2025-05-21,-1.2712684902739906,False,2,2,True,True,0.49017796734793073,0.12162156974904209,0.9701492537313433,0.8,True,0.5335237813189312,0.34,0.4909069994106284,0.12108303842975314,REJECT,False,-0.575830437543844,,0.0,,-0.2626483753548282,0.0,False,False,False,META_PROBABILITY,-0.575830437543844,0.6756756756756757,0.6750591323084558,0.4561210353435512,0.03249408676915442,0.0,-0.2626483753548282,NEUTRAL,,,,,
V9.6.6_EVIDENCE_SHRINKAGE,2025-05,34179,34208,-1,fca571982b7c88a0,2025-05-22,1.8302946289957382,True,1,1,True,True,0.47055523448449893,0.12144192246607624,0.9558823529411765,0.8,True,0.49962516205584406,0.34,0.5945622646067144,0.12125592259629363,REJECT,False,-0.5760511030504822,,0.0,,-0.26274902553418067,0.0,False,False,False,META_PROBABILITY,-0.5760511030504822,0.6756756756756757,0.6750591323084558,0.4561210353435512,0.03249408676915442,0.0,-0.26274902553418067,NEUTRAL,,,,,
V9.6.6_EVIDENCE_SHRINKAGE,2025-05,34585,34601,-1,fca571982b7c88a0,2025-05-24,-1.2712700225305744,False,2,2,True,True,0.20323877336963225,0.11862551278455467,0.7391304347826086,0.8,False,0.800898616921636,0.34,0.7038011567464131,0.11790897412904877,REJECT,False,-0.5831620301324576,,0.0,,-0.26599246895706374,0.0,False,False,False,ONLINE_RANK,-0.5831620301324576,0.6756756756756757,0.6750591323084558,0.4561210353435512,0.03249408676915442,0.0,-0.26599246895706374,NEUTRAL,,,,,
V9.6.6_EVIDENCE_SHRINKAGE,2025-05,34611,34656,-1,fca571982b7c88a0,2025-05-24,-0.17071531292548595,False,2,2,True,True,0.29007582243324787,0.11968068928978243,0.8,0.8,True,0.795969546992718,0.34,0.5631561502295728,0.11834151811986787,REJECT,False,-0.5809930530791103,,0.0,,-0.2650031528978546,0.0,False,False,False,META_PROBABILITY,-0.5809930530791103,0.6756756756756757,0.6750591323084558,0.4561210353435512,0.03249408676915442,0.0,-0.2650031528978546,NEUTRAL,,,,,
V9.6.6_EVIDENCE_SHRINKAGE,2025-05,35014,35023,-1,fca571982b7c88a0,2025-05-25,-1.2712670499623988,False,2,2,True,True,0.29759457412294604,0.11976223849299525,0.7746478873239436,0.8,False,0.7983755220150366,0.34,0.8135513976817388,0.11763643855448831,REJECT,False,-0.5812706089280459,,0.0,,-0.26512975195903676,0.0,False,False,False,ONLINE_RANK,-0.5812706089280459,0.6756756756756757,0.6750591323084558,0.4561210353435512,0.03249408676915442,0.0,-0.26512975195903676,NEUTRAL,,,,,
V9.6.6_EVIDENCE_SHRINKAGE,2025-05,35015,35024,-1,fca571982b7c88a0,2025-05-25,-1.2712666905286227,False,2,2,True,True,0.3536561723020297,0.12033944492244791,0.875,0.8,True,0.7980287859483093,0.34,0.593764897837912,0.11823731866617575,REJECT,False,-0.5798645404676596,,0.0,,-0.2644884145571214,0.0,False,False,False,META_PROBABILITY,-0.5798645404676596,0.6756756756756757,0.6750591323084558,0.4561210353435512,0.03249408676915442,0.0,-0.2644884145571214,NEUTRAL,,,,,
V9.6.6_EVIDENCE_SHRINKAGE,2025-05,35946,35971,-1,fca571982b7c88a0,2025-05-29,1.8302831163570576,True,1,1,True,True,0.22390474578665526,0.11890032425694615,0.821917808219178,0.8,True,0.4733108865139196,0.34,0.6729460542336889,0.12141431293507803,REJECT,False,-0.5805519726251958,,0.0,,-0.26480196682454527,0.0,False,False,False,META_PROBABILITY,-0.5805519726251958,0.6756756756756757,0.6750591323084558,0.4561210353435512,0.03249408676915442,0.0,-0.26480196682454527,NEUTRAL,,,,,
V9.6.6_EVIDENCE_SHRINKAGE,2025-06,37326,37329,-1,fca571982b7c88a0,2025-06-03,-1.271277877803177,False,2,2,True,True,0.2983923511109825,0.1791250235817403,1.0,0.8,True,0.5151994755957683,0.34,0.720454461991008,0.17439640303877899,REJECT,False,-0.3832811088971186,,0.0,,-0.12191601229812601,0.0,False,False,False,META_PROBABILITY,-0.3832811088971186,0.48936170212765956,0.65,0.3180851063829787,0.037738018322949964,0.0,-0.12191601229812601,NEUTRAL,,,,,
V9.6.6_EVIDENCE_SHRINKAGE,2025-06,37327,37355,-1,fca571982b7c88a0,2025-06-03,1.8302719187380592,True,1,1,True,True,0.3109583156689636,0.180622766984232,1.0,0.8,True,0.5149060634235357,0.34,0.7373811390242246,0.1740425612994626,REJECT,False,-0.38049458139018,,0.0,,-0.12102965939964236,0.0,False,False,False,META_PROBABILITY,-0.38049458139018,0.48936170212765956,0.65,0.3180851063829787,0.037738018322949964,0.0,-0.12102965939964236,NEUTRAL,,,,,
V9.6.6_EVIDENCE_SHRINKAGE,2025-06,37838,37845,-1,fca571982b7c88a0,2025-06-05,1.8302684321375402,True,1,1,True,True,0.20223144830907744,0.16653936148458057,0.9230769230769231,0.8,True,0.6308325054120962,0.34,0.8108685507824196,0.16914217538911971,REJECT,False,-0.41223512751018915,,0.0,,-0.1311258543888793,0.0,False,False,False,META_PROBABILITY,-0.41223512751018915,0.48936170212765956,0.65,0.3180851063829787,0.037738018322949964,0.0,-0.1311258543888793,NEUTRAL,,,,,
V9.6.6_EVIDENCE_SHRINKAGE,2025-06,37839,37845,-1,fca571982b7c88a0,2025-06-05,1.830268411124264,True,1,1,True,True,0.19987532649386713,0.1661949979827461,0.8888888888888888,0.8,True,0.6317116451488625,0.34,0.8386069105459324,0.16849040925723371,REJECT,False,-0.41336932870958065,,0.0,,-0.13148662689804747,0.0,False,False,False,META_PROBABILITY,-0.41336932870958065,0.48936170212765956,0.65,0.3180851063829787,0.037738018322949964,0.0,-0.13148662689804747,NEUTRAL,,,,,
V9.6.6_EVIDENCE_SHRINKAGE,2025-06,37937,37945,-1,fca571982b7c88a0,2025-06-05,-1.2102328383631702,False,2,2,True,True,0.7090727640192367,0.22801208557909608,1.0,0.8,True,0.8112508318098424,0.34,0.6568770470700505,0.1677543656843319,REJECT,False,-0.2890238986405543,,0.0,,-0.09193419754630397,0.0,False,False,False,META_PROBABILITY,-0.2890238986405543,0.48936170212765956,0.65,0.3180851063829787,0.037738018322949964,0.0,-0.09193419754630397,NEUTRAL,,,,,
V9.6.6_EVIDENCE_SHRINKAGE,2025-06,37938,37945,-1,fca571982b7c88a0,2025-06-05,-1.2193521428688319,False,2,2,True,True,0.7051195954104439,0.22742366573442385,0.9655172413793104,0.8,True,0.8112234896715151,0.34,0.7085612024448968,0.16644167801028706,REJECT,False,-0.2910958917927174,,0.0,,-0.09259326770853457,0.0,False,False,False,META_PROBABILITY,-0.2910958917927174,0.48936170212765956,0.65,0.3180851063829787,0.037738018322949964,0.0,-0.09259326770853457,NEUTRAL,,,,,
V9.6.6_EVIDENCE_SHRINKAGE,2025-06,39260,39271,-1,fca571982b7c88a0,2025-06-10,-1.271262435725339,False,2,2,True,True,0.3492185788335474,0.18505997376079603,0.9333333333333333,0.8,True,0.52297539895955,0.34,0.7401069208015156,0.17374885000496734,REJECT,False,-0.37173126722229416,,0.0,,-0.11824217968028293,0.0,False,False,False,META_PROBABILITY,-0.37173126722229416,0.48936170212765956,0.65,0.3180851063829787,0.037738018322949964,0.0,-0.11824217968028293,NEUTRAL,,,,,
V9.6.6_EVIDENCE_SHRINKAGE,2025-06,39741,39747,-1,fca571982b7c88a0,2025-06-12,-1.2712723007044655,False,2,2,True,True,0.37241532567912033,0.1876826357239759,0.9354838709677419,0.8,True,0.633825691364183,0.34,0.5614927766397149,0.17475123402413606,REJECT,False,-0.36575996737028255,,0.0,,-0.11634279813161115,0.0,False,False,False,META_PROBABILITY,-0.36575996737028255,0.48936170212765956,0.65,0.3180851063829787,0.037738018322949964,0.0,-0.11634279813161115,NEUTRAL,,,,,
V9.6.6_EVIDENCE_SHRINKAGE,2025-06,39847,39855,-1,fca571982b7c88a0,2025-06-13,-0.11749607068943006,False,2,2,True,True,0.6474272443658108,0.21940540234549208,0.9375,0.8,True,0.8053706457696956,0.34,0.6266232840958765,0.16869734664240427,REJECT,False,-0.30577048738835505,,0.0,,-0.09726103800970017,0.0,False,False,False,META_PROBABILITY,-0.30577048738835505,0.48936170212765956,0.65,0.3180851063829787,0.037738018322949964,0.0,-0.09726103800970017,NEUTRAL,,,,,
V9.6.6_EVIDENCE_SHRINKAGE,2025-06,39848,39855,-1,fca571982b7c88a0,2025-06-13,-0.1216288540795459,False,2,2,True,True,0.6529564651561256,0.22013412967637597,0.9393939393939394,0.8,True,0.805413332509086,0.34,0.5865066921627218,0.16972111999648476,REJECT,False,-0.3036096298272641,,0.0,,-0.09657370140250209,0.0,False,False,False,META_PROBABILITY,-0.3036096298272641,0.48936170212765956,0.65,0.3180851063829787,0.037738018322949964,0.0,-0.09657370140250209,NEUTRAL,,,,,
V9.6.6_EVIDENCE_SHRINKAGE,2025-06,39851,39855,-1,fca571982b7c88a0,2025-06-13,-0.1293377959722016,False,2,2,True,True,0.6010248649997444,0.2135419678591319,0.8823529411764706,0.8,True,0.8054734021257106,0.34,0.5276610385132777,0.1712464260256313,REJECT,False,-0.31589584405584237,,0.0,,-0.10048176316244348,0.0,False,False,False,META_PROBABILITY,-0.31589584405584237,0.48936170212765956,0.65,0.3180851063829787,0.037738018322949964,0.0,-0.10048176316244348,NEUTRAL,,,,,
V9.6.6_EVIDENCE_SHRINKAGE,2025-06,39916,39960,-1,fca571982b7c88a0,2025-06-13,-0.17073422649574604,False,2,2,True,True,0.20650935750635777,0.16715873673833542,0.7428571428571429,0.8,False,0.8166077261488399,0.34,0.5075732580901455,0.17158166135483632,REJECT,False,-0.409342088264539,,0.0,,-0.13020562169265654,0.0,False,False,False,ONLINE_RANK,-0.409342088264539,0.48936170212765956,0.65,0.3180851063829787,0.037738018322949964,0.0,-0.13020562169265654,NEUTRAL,,,,,
V9.6.6_EVIDENCE_SHRINKAGE,2025-06,40685,40689,-1,fca571982b7c88a0,2025-06-16,-1.2712786994412184,False,2,2,True,True,0.4545548495947667,0.19677905924176617,0.8611111111111112,0.8,True,0.5059919567534952,0.34,0.5113710930806608,0.17909742918099258,REJECT,False,-0.3444638034382298,,0.0,,-0.10956880556173479,0.0,False,False,False,META_PROBABILITY,-0.3444638034382298,0.48936170212765956,0.65,0.3180851063829787,0.037738018322949964,0.0,-0.10956880556173479,NEUTRAL,,,,,
V9.6.6_EVIDENCE_SHRINKAGE,2025-06,40795,40815,-1,fca571982b7c88a0,2025-06-16,-1.2712729356414545,False,2,2,True,True,0.19274873712431234,0.165138706112431,0.7027027027027027,0.8,False,0.5198663147673541,0.34,0.6576463475707763,0.17563049041265755,REJECT,False,-0.4106960175259318,,0.0,,-0.13063628642580172,0.0,False,False,False,ONLINE_RANK,-0.4106960175259318,0.48936170212765956,0.65,0.3180851063829787,0.037738018322949964,0.0,-0.13063628642580172,NEUTRAL,,,,,
V9.6.6_EVIDENCE_SHRINKAGE,2025-06,40797,40818,-1,fca571982b7c88a0,2025-06-16,-1.2712729111833063,False,2,2,True,True,0.21239801830396834,0.16799947634862655,0.7368421052631579,0.8,False,0.5179465971339468,0.34,0.5630559032508438,0.1777135553172948,REJECT,False,-0.403516367017967,,0.0,,-0.1283525465301831,0.0,False,False,False,ONLINE_RANK,-0.403516367017967,0.48936170212765956,0.65,0.3180851063829787,0.037738018322949964,0.0,-0.1283525465301831,NEUTRAL,,,,,
V9.6.6_EVIDENCE_SHRINKAGE,2025-06,41785,41848,-1,fca571982b7c88a0,2025-06-20,1.830271222596088,True,1,1,True,True,0.19719518810503706,0.1658003902483611,0.6923076923076923,0.8,False,0.5082596686401085,0.34,0.7444324162965148,0.17410565830126176,REJECT,False,-0.41038620931995656,,0.0,,-0.13053774104964574,0.0,False,False,False,ONLINE_RANK,-0.41038620931995656,0.48936170212765956,0.65,0.3180851063829787,0.037738018322949964,0.0,-0.13053774104964574,NEUTRAL,,,,,
V9.6.6_EVIDENCE_SHRINKAGE,2025-06,42212,42226,-1,fca571982b7c88a0,2025-06-21,-0.16344537885406285,False,2,2,True,True,0.6988071074901495,0.2264958955476555,1.0,0.8,True,0.8226309488566466,0.34,0.4647719042945106,0.17244678189072632,REJECT,False,-0.28892706521911055,,0.0,,-0.09190339627714261,0.0,False,False,False,META_PROBABILITY,-0.28892706521911055,0.48936170212765956,0.65,0.3180851063829787,0.037738018322949964,0.0,-0.09190339627714261,NEUTRAL,,,,,
V9.6.6_EVIDENCE_SHRINKAGE,2025-06,42215,42226,-1,fca571982b7c88a0,2025-06-21,-0.17075164512592228,False,2,2,True,True,0.7725047999226508,0.23842334305268317,1.0,0.8,True,0.8224764427954393,0.34,0.5949304051770191,0.16903452165863211,REJECT,False,-0.2671363767207363,,0.0,,-0.08497210280797889,0.0,False,False,False,META_PROBABILITY,-0.2671363767207363,0.48936170212765956,0.65,0.3180851063829787,0.037738018322949964,0.0,-0.08497210280797889,NEUTRAL,,,,,
V9.6.6_EVIDENCE_SHRINKAGE,2025-06,42233,42248,-1,fca571982b7c88a0,2025-06-22,-0.10070590116413027,False,2,2,True,True,0.3147419742477221,0.18106932785331106,0.7142857142857143,0.8,False,0.8157732602804522,0.34,0.7053257396880332,0.16650075123994243,REJECT,False,-0.38466969055914674,,0.0,,-0.1223576994438137,0.0,False,False,False,ONLINE_RANK,-0.38466969055914674,0.48936170212765956,0.65,0.3180851063829787,0.037738018322949964,0.0,-0.1223576994438137,NEUTRAL,,,,,
V9.6.6_EVIDENCE_SHRINKAGE,2025-06,42418,42451,-1,fca571982b7c88a0,2025-06-22,1.8666648007087157,True,1,1,True,True,0.3563257840651783,0.18586792588575085,0.7674418604651163,0.8,False,0.8045382768055671,0.34,0.6769754573743627,0.16750818885763089,REJECT,False,-0.37430063986487644,,0.0,,-0.11905945885063622,0.0,False,False,False,ONLINE_RANK,-0.37430063986487644,0.48936170212765956,0.65,0.3180851063829787,0.037738018322949964,0.0,-0.11905945885063622,NEUTRAL,,,,,
V9.6.6_EVIDENCE_SHRINKAGE,2025-06,42487,42500,-1,fca571982b7c88a0,2025-06-22,-1.2603376989318307,False,2,2,True,True,0.3028474562880974,0.17965871810469938,0.6818181818181818,0.8,False,0.8036464717885481,0.34,0.7184997166823885,0.16649738219791743,REJECT,False,-0.38752071471820815,,0.0,,-0.12326456776674918,0.0,False,False,False,ONLINE_RANK,-0.38752071471820815,0.48936170212765956,0.65,0.3180851063829787,0.037738018322949964,0.0,-0.12326456776674918,NEUTRAL,,,,,
V9.6.6_EVIDENCE_SHRINKAGE,2025-06,42567,42646,-1,fca571982b7c88a0,2025-06-23,1.830249063978905,True,1,1,True,True,0.3012625839687413,0.17946920997581564,0.6888888888888889,0.8,False,0.6783406126711439,0.34,0.8128848951260641,0.16770302000050227,REJECT,False,-0.3870918267140512,,0.0,,-0.12312814488032053,0.0,False,False,False,ONLINE_RANK,-0.3870918267140512,0.48936170212765956,0.65,0.3180851063829787,0.037738018322949964,0.0,-0.12312814488032053,NEUTRAL,,,,,
V9.6.6_EVIDENCE_SHRINKAGE,2025-06,42568,42646,-1,fca571982b7c88a0,2025-06-23,1.8302493299654674,True,1,1,True,True,0.27988921280004647,0.1768732623516953,0.6521739130434783,0.8,False,0.6783693999682651,0.34,0.6724729261193314,0.17099977828600307,REJECT,False,-0.3901151068032574,,0.0,,-0.12408980524912123,0.0,False,False,False,ONLINE_RANK,-0.3901151068032574,0.48936170212765956,0.65,0.3180851063829787,0.037738018322949964,0.0,-0.12408980524912123,NEUTRAL,,,,,
V9.6.6_EVIDENCE_SHRINKAGE,2025-06,42569,42646,-1,fca571982b7c88a0,2025-06-23,1.830249246597126,True,1,1,True,True,0.27988921280004647,0.1768732623516953,0.6382978723404256,0.8,False,0.6775734489620701,0.34,0.6958513021370099,0.1704696922687453,REJECT,False,-0.390471946775996,,0.0,,-0.12420331072981149,0.0,False,False,False,ONLINE_RANK,-0.390471946775996,0.48936170212765956,0.65,0.3180851063829787,0.037738018322949964,0.0,-0.12420331072981149,NEUTRAL,,,,,
V9.6.6_EVIDENCE_SHRINKAGE,2025-06,42571,42646,-1,fca571982b7c88a0,2025-06-23,1.830248958669137,True,1,1,True,True,0.3068512263383649,0.18013578982663436,0.75,0.8,False,0.6679336448682817,0.34,0.6381391292811189,0.1720821417598073,REJECT,False,-0.3827977449565895,,0.0,,-0.12176226142768114,0.0,False,False,False,ONLINE_RANK,-0.3827977449565895,0.48936170212765956,0.65,0.3180851063829787,0.037738018322949964,0.0,-0.12176226142768114,NEUTRAL,,,,,
V9.6.6_EVIDENCE_SHRINKAGE,2025-06,43182,43183,-1,fca571982b7c88a0,2025-06-25,-1.2712724268556954,False,2,2,True,True,0.25075763999765294,0.17319070756621435,0.6122448979591837,0.8,False,0.524262127382762,0.34,0.7187570798209022,0.1741880662560593,REJECT,False,-0.39540583239147226,,0.0,,-0.1257727062606917,0.0,False,False,False,ONLINE_RANK,-0.39540583239147226,0.48936170212765956,0.65,0.3180851063829787,0.037738018322949964,0.0,-0.1257727062606917,NEUTRAL,,,,,
V9.6.6_EVIDENCE_SHRINKAGE,2025-06,43183,43196,-1,fca571982b7c88a0,2025-06-25,-0.17072141097329482,False,2,2,True,True,0.2580890483945736,0.17413550120059904,0.62,0.8,False,0.5262807000425501,0.34,0.64989857892026,0.1756099593006302,REJECT,False,-0.39254062065219403,,0.0,,-0.12486132507979363,0.0,False,False,False,ONLINE_RANK,-0.39254062065219403,0.48936170212765956,0.65,0.3180851063829787,0.037738018322949964,0.0,-0.12486132507979363,NEUTRAL,,,,,
V9.6.6_EVIDENCE_SHRINKAGE,2025-06,43746,43758,-1,fca571982b7c88a0,2025-06-27,1.830276961244383,True,1,1,True,True,0.46749072690430166,0.19820704397102928,0.8627450980392157,0.8,True,0.5314342789308255,0.34,0.4991869943922272,0.17872526483667667,REJECT,False,-0.34183048934266963,,0.0,,-0.10873118756750874,0.0,False,False,False,META_PROBABILITY,-0.34183048934266963,0.48936170212765956,0.65,0.3180851063829787,0.037738018322949964,0.0,-0.10873118756750874,NEUTRAL,,,,,
V9.6.6_EVIDENCE_SHRINKAGE,2025-07,46991,47015,-1,fca571982b7c88a0,2025-07-09,-0.17070497156980752,False,2,2,True,True,0.23448109632236858,0.3988605210759058,0.8620689655172413,0.8,True,0.5034888250717671,0.34,0.6141634969273098,0.35916167632057105,NEUTRAL,True,0.24703987948665634,,0.0,,0.08646395782032971,0.0,True,True,True,SELECTED,0.24703987948665634,0.5384615384615384,0.65,0.35,0.0457750281601203,0.0,0.08646395782032971,NEUTRAL,NEUTRAL,,,,
V9.6.6_EVIDENCE_SHRINKAGE,2025-07,46992,47005,-1,fca571982b7c88a0,2025-07-09,-0.17070601868161106,False,2,2,True,True,0.25772674440529475,0.38469009643321006,0.8333333333333334,0.8,True,0.5022566805635784,0.34,0.599330477006514,0.3573733551751862,NEUTRAL,True,0.21827966771783913,,0.0,,0.07639788370124369,0.0,True,False,False,POSITION_OVERLAP,0.21827966771783913,0.5384615384615384,0.65,0.35,0.0457750281601203,0.0,0.07639788370124369,NEUTRAL,NEUTRAL,,,,
V9.6.6_EVIDENCE_SHRINKAGE,2025-07,47334,47358,-1,fca571982b7c88a0,2025-07-11,-1.27123368019497,False,2,2,True,True,0.23491819592885044,0.3985835723078632,0.8387096774193549,0.8,True,0.47670948129113055,0.34,0.5530143826026395,0.3555331944166258,NEUTRAL,True,0.2441447915428922,,0.0,,0.08545067704001226,0.0,True,True,True,SELECTED,0.2441447915428922,0.5384615384615384,0.65,0.35,0.0457750281601203,0.0,0.08545067704001226,NEUTRAL,NEUTRAL,,,,
V9.6.6_EVIDENCE_SHRINKAGE,2025-07,47454,47484,-1,fca571982b7c88a0,2025-07-14,-1.2712123899677013,False,2,2,True,True,0.38112442331496055,0.32307129939717094,0.59375,0.8,False,0.5227332611841322,0.34,0.7132173848047298,0.36063088700365964,NEUTRAL,False,0.10038193882898483,,0.0,,0.035133678590144685,0.0,False,False,False,ONLINE_RANK,0.10038193882898483,0.5384615384615384,0.65,0.35,0.0457750281601203,0.0,0.035133678590144685,NEUTRAL,,,,,
V9.6.6_EVIDENCE_SHRINKAGE,2025-07,47460,47484,-1,fca571982b7c88a0,2025-07-14,-1.2712125542859891,False,2,2,True,True,0.24515467687470047,0.3922165847878344,0.8181818181818182,0.8,True,0.5193717932608286,0.34,0.5757811900807783,0.35602501888807503,NEUTRAL,True,0.23206335487565571,,0.0,,0.0812221742064795,0.0,True,False,False,NEUTRAL_MONTHLY_CAP,0.23206335487565571,0.5384615384615384,0.65,0.35,0.0457750281601203,0.0,0.0812221742064795,NEUTRAL,NEUTRAL,,,,
V9.6.6_EVIDENCE_SHRINKAGE,2025-07,47461,47482,-1,fca571982b7c88a0,2025-07-14,-1.2712126683671485,False,2,2,True,True,0.21240147260342418,0.41344396516277415,0.9411764705882353,0.8,True,0.5193194151321789,0.34,0.5341992021916928,0.354499948809773,NEUTRAL,True,0.27241700874681196,,0.0,,0.09534595306138419,0.0,True,False,False,NEUTRAL_MONTHLY_CAP,0.27241700874681196,0.5384615384615384,0.65,0.35,0.0457750281601203,0.0,0.09534595306138419,NEUTRAL,NEUTRAL,,,,
V9.6.6_EVIDENCE_SHRINKAGE,2025-08,47911,47922,-1,fca571982b7c88a0,2025-08-01,-0.16999661605873476,False,2,2,False,False,,,,,False,,,,,,False,,,,,,,False,False,False,MODEL_UNAVAILABLE,,,,,,,,,,,,,
V9.6.6_EVIDENCE_SHRINKAGE,2025-08,49851,49941,-1,fca571982b7c88a0,2025-08-08,-0.17068297938745836,False,2,2,False,False,,,,,False,,,,,,False,,,,,,,False,False,False,MODEL_UNAVAILABLE,,,,,,,,,,,,,
V9.6.6_EVIDENCE_SHRINKAGE,2025-08,50666,50677,-1,fca571982b7c88a0,2025-08-13,1.8449715074516468,True,1,1,False,False,,,,,False,,,,,,False,,,,,,,False,False,False,MODEL_UNAVAILABLE,,,,,,,,,,,,,
V9.6.6_EVIDENCE_SHRINKAGE,2025-08,50667,50677,-1,fca571982b7c88a0,2025-08-13,1.8401691359480234,True,1,1,False,False,,,,,False,,,,,,False,,,,,,,False,False,False,MODEL_UNAVAILABLE,,,,,,,,,,,,,
V9.6.6_EVIDENCE_SHRINKAGE,2025-08,50668,50672,-1,fca571982b7c88a0,2025-08-13,1.8339175215752659,True,1,1,False,False,,,,,False,,,,,,False,,,,,,,False,False,False,MODEL_UNAVAILABLE,,,,,,,,,,,,,
V9.6.6_EVIDENCE_SHRINKAGE,2025-08,50670,50677,-1,fca571982b7c88a0,2025-08-13,1.830335786958877,True,1,1,False,False,,,,,False,,,,,,False,,,,,,,False,False,False,MODEL_UNAVAILABLE,,,,,,,,,,,,,
V9.6.6_EVIDENCE_SHRINKAGE,2025-08,52727,52739,-1,fca571982b7c88a0,2025-08-22,-0.12987683503728378,False,2,2,False,False,,,,,False,,,,,,False,,,,,,,False,False,False,MODEL_UNAVAILABLE,,,,,,,,,,,,,
V9.6.6_EVIDENCE_SHRINKAGE,2025-08,53430,53434,-1,fca571982b7c88a0,2025-08-26,-1.2712548800568824,False,2,2,False,False,,,,,False,,,,,,False,,,,,,,False,False,False,MODEL_UNAVAILABLE,,,,,,,,,,,,,
V9.6.6_EVIDENCE_SHRINKAGE,2025-08,53878,53886,-1,fca571982b7c88a0,2025-08-28,-0.1706976466099136,False,2,2,False,False,,,,,False,,,,,,False,,,,,,,False,False,False,MODEL_UNAVAILABLE,,,,,,,,,,,,,
V9.6.6_EVIDENCE_SHRINKAGE,2025-08,54643,54674,-1,fca571982b7c88a0,2025-08-31,-1.2712670961024612,False,2,2,False,False,,,,,False,,,,,,False,,,,,,,False,False,False,MODEL_UNAVAILABLE,,,,,,,,,,,,,
V9.6.6_EVIDENCE_SHRINKAGE,2025-09,54863,54874,-1,fca571982b7c88a0,2025-09-01,-1.2712679853992956,False,2,2,False,False,,,,,False,,,,,,False,,,,,,,False,False,False,MODEL_UNAVAILABLE,,,,,,,,,,,,,
V9.6.6_EVIDENCE_SHRINKAGE,2025-09,55160,55163,-1,fca571982b7c88a0,2025-09-02,-1.239009443135294,False,2,2,False,False,,,,,False,,,,,,False,,,,,,,False,False,False,MODEL_UNAVAILABLE,,,,,,,,,,,,,
V9.6.6_EVIDENCE_SHRINKAGE,2025-09,55167,55172,-1,fca571982b7c88a0,2025-09-02,-0.14163418019028354,False,2,2,False,False,,,,,False,,,,,,False,,,,,,,False,False,False,MODEL_UNAVAILABLE,,,,,,,,,,,,,
V9.6.6_EVIDENCE_SHRINKAGE,2025-09,55825,55864,-1,fca571982b7c88a0,2025-09-05,-1.271256631178375,False,2,2,False,False,,,,,False,,,,,,False,,,,,,,False,False,False,MODEL_UNAVAILABLE,,,,,,,,,,,,,
V9.6.6_EVIDENCE_SHRINKAGE,2025-09,55826,55864,-1,fca571982b7c88a0,2025-09-05,-1.27125610897182,False,2,2,False,False,,,,,False,,,,,,False,,,,,,,False,False,False,MODEL_UNAVAILABLE,,,,,,,,,,,,,
V9.6.6_EVIDENCE_SHRINKAGE,2025-09,56430,56630,-1,fca571982b7c88a0,2025-09-07,-0.17070658654606624,False,2,2,False,False,,,,,False,,,,,,False,,,,,,,False,False,False,MODEL_UNAVAILABLE,,,,,,,,,,,,,
V9.6.6_EVIDENCE_SHRINKAGE,2025-09,57138,57184,-1,fca571982b7c88a0,2025-09-10,-0.1706999455596066,False,2,2,False,False,,,,,False,,,,,,False,,,,,,,False,False,False,MODEL_UNAVAILABLE,,,,,,,,,,,,,
V9.6.6_EVIDENCE_SHRINKAGE,2025-09,57789,57832,-1,fca571982b7c88a0,2025-09-12,-0.17068468051953192,False,2,2,False,False,,,,,False,,,,,,False,,,,,,,False,False,False,MODEL_UNAVAILABLE,,,,,,,,,,,,,
V9.6.6_EVIDENCE_SHRINKAGE,2025-09,58828,58837,-1,fca571982b7c88a0,2025-09-16,-1.2712370958117465,False,2,2,False,False,,,,,False,,,,,,False,,,,,,,False,False,False,MODEL_UNAVAILABLE,,,,,,,,,,,,,
V9.6.6_EVIDENCE_SHRINKAGE,2025-09,59222,59336,-1,fca571982b7c88a0,2025-09-18,-0.1706795293153434,False,2,2,False,False,,,,,False,,,,,,False,,,,,,,False,False,False,MODEL_UNAVAILABLE,,,,,,,,,,,,,
V9.6.6_EVIDENCE_SHRINKAGE,2025-09,59224,59336,-1,fca571982b7c88a0,2025-09-18,-0.17067953614423303,False,2,2,False,False,,,,,False,,,,,,False,,,,,,,False,False,False,MODEL_UNAVAILABLE,,,,,,,,,,,,,
V9.6.6_EVIDENCE_SHRINKAGE,2025-09,59226,59344,-1,fca571982b7c88a0,2025-09-18,-0.1706794494902915,False,2,2,False,False,,,,,False,,,,,,False,,,,,,,False,False,False,MODEL_UNAVAILABLE,,,,,,,,,,,,,
V9.6.6_EVIDENCE_SHRINKAGE,2025-09,59227,59336,-1,fca571982b7c88a0,2025-09-18,-0.17068018265143736,False,2,2,False,False,,,,,False,,,,,,False,,,,,,,False,False,False,MODEL_UNAVAILABLE,,,,,,,,,,,,,
V9.6.6_EVIDENCE_SHRINKAGE,2025-09,59228,59336,-1,fca571982b7c88a0,2025-09-18,-0.1706798358204316,False,2,2,False,False,,,,,False,,,,,,False,,,,,,,False,False,False,MODEL_UNAVAILABLE,,,,,,,,,,,,,
V9.6.6_EVIDENCE_SHRINKAGE,2025-09,60841,60851,-1,fca571982b7c88a0,2025-09-24,-1.2712521274089024,False,2,2,False,False,,,,,False,,,,,,False,,,,,,,False,False,False,MODEL_UNAVAILABLE,,,,,,,,,,,,,
V9.6.6_EVIDENCE_SHRINKAGE,2025-09,61232,61242,-1,fca571982b7c88a0,2025-09-25,1.8302942754952483,True,1,1,False,False,,,,,False,,,,,,False,,,,,,,False,False,False,MODEL_UNAVAILABLE,,,,,,,,,,,,,
V9.6.6_EVIDENCE_SHRINKAGE,2025-09,62585,62599,-1,fca571982b7c88a0,2025-09-30,-1.2712469146935177,False,2,2,False,False,,,,,False,,,,,,False,,,,,,,False,False,False,MODEL_UNAVAILABLE,,,,,,,,,,,,,
V9.6.6_EVIDENCE_SHRINKAGE,2025-10,62834,62837,-1,fca571982b7c88a0,2025-10-01,-1.2712293453146417,False,2,2,False,False,,,,,False,,,,,,False,,,,,,,False,False,False,MODEL_UNAVAILABLE,,,,,,,,,,,,,
V9.6.6_EVIDENCE_SHRINKAGE,2025-10,63359,63361,-1,fca571982b7c88a0,2025-10-03,-1.2712180612156554,False,2,2,False,False,,,,,False,,,,,,False,,,,,,,False,False,False,MODEL_UNAVAILABLE,,,,,,,,,,,,,
V9.6.6_EVIDENCE_SHRINKAGE,2025-10,63486,63494,-1,fca571982b7c88a0,2025-10-05,-0.17065676201038057,False,2,2,False,False,,,,,False,,,,,,False,,,,,,,False,False,False,MODEL_UNAVAILABLE,,,,,,,,,,,,,
V9.6.6_EVIDENCE_SHRINKAGE,2025-10,63521,63557,-1,fca571982b7c88a0,2025-10-05,1.830348455305814,True,1,1,False,False,,,,,False,,,,,,False,,,,,,,False,False,False,MODEL_UNAVAILABLE,,,,,,,,,,,,,
V9.6.6_EVIDENCE_SHRINKAGE,2025-10,63934,63961,-1,fca571982b7c88a0,2025-10-06,1.8303500305196259,True,1,1,False,False,,,,,False,,,,,,False,,,,,,,False,False,False,MODEL_UNAVAILABLE,,,,,,,,,,,,,
V9.6.6_EVIDENCE_SHRINKAGE,2025-10,64352,64373,-1,fca571982b7c88a0,2025-10-08,-1.2712116152663937,False,2,2,False,False,,,,,False,,,,,,False,,,,,,,False,False,False,MODEL_UNAVAILABLE,,,,,,,,,,,,,
V9.6.6_EVIDENCE_SHRINKAGE,2025-10,64359,64373,-1,fca571982b7c88a0,2025-10-08,-1.2712113619569512,False,2,2,False,False,,,,,False,,,,,,False,,,,,,,False,False,False,MODEL_UNAVAILABLE,,,,,,,,,,,,,
V9.6.6_EVIDENCE_SHRINKAGE,2025-10,64422,64434,-1,fca571982b7c88a0,2025-10-08,-1.2712116098584325,False,2,2,False,False,,,,,False,,,,,,False,,,,,,,False,False,False,MODEL_UNAVAILABLE,,,,,,,,,,,,,
V9.6.6_EVIDENCE_SHRINKAGE,2025-10,65293,65301,-1,fca571982b7c88a0,2025-10-12,-1.2712562533754626,False,2,2,False,False,,,,,False,,,,,,False,,,,,,,False,False,False,MODEL_UNAVAILABLE,,,,,,,,,,,,,
V9.6.6_EVIDENCE_SHRINKAGE,2025-10,65469,65473,-1,fca571982b7c88a0,2025-10-12,-1.2712404281727847,False,2,2,False,False,,,,,False,,,,,,False,,,,,,,False,False,False,MODEL_UNAVAILABLE,,,,,,,,,,,,,
V9.6.6_EVIDENCE_SHRINKAGE,2025-10,65470,65473,-1,fca571982b7c88a0,2025-10-12,-1.2712403894106281,False,2,2,False,False,,,,,False,,,,,,False,,,,,,,False,False,False,MODEL_UNAVAILABLE,,,,,,,,,,,,,
V9.6.6_EVIDENCE_SHRINKAGE,2025-10,65493,65500,-1,fca571982b7c88a0,2025-10-12,-0.17068884812827717,False,2,2,False,False,,,,,False,,,,,,False,,,,,,,False,False,False,MODEL_UNAVAILABLE,,,,,,,,,,,,,
V9.6.6_EVIDENCE_SHRINKAGE,2025-10,65935,65937,-1,fca571982b7c88a0,2025-10-14,-1.222618593933134,False,2,2,False,False,,,,,False,,,,,,False,,,,,,,False,False,False,MODEL_UNAVAILABLE,,,,,,,,,,,,,
V9.6.6_EVIDENCE_SHRINKAGE,2025-10,66515,66523,-1,fca571982b7c88a0,2025-10-16,-0.11951851064527158,False,2,2,False,False,,,,,False,,,,,,False,,,,,,,False,False,False,MODEL_UNAVAILABLE,,,,,,,,,,,,,
V9.6.6_EVIDENCE_SHRINKAGE,2025-10,67402,67412,-1,fca571982b7c88a0,2025-10-20,-1.2712671641861617,False,2,2,False,False,,,,,False,,,,,,False,,,,,,,False,False,False,MODEL_UNAVAILABLE,,,,,,,,,,,,,
V9.6.6_EVIDENCE_SHRINKAGE,2025-10,67531,67540,-1,fca571982b7c88a0,2025-10-20,-1.2712570514567267,False,2,2,False,False,,,,,False,,,,,,False,,,,,,,False,False,False,MODEL_UNAVAILABLE,,,,,,,,,,,,,
V9.6.6_EVIDENCE_SHRINKAGE,2025-10,67763,67776,-1,fca571982b7c88a0,2025-10-21,-1.2712692398319674,False,2,2,False,False,,,,,False,,,,,,False,,,,,,,False,False,False,MODEL_UNAVAILABLE,,,,,,,,,,,,,
V9.6.6_EVIDENCE_SHRINKAGE,2025-10,68213,68241,-1,fca571982b7c88a0,2025-10-23,-1.2712681110632584,False,2,2,False,False,,,,,False,,,,,,False,,,,,,,False,False,False,MODEL_UNAVAILABLE,,,,,,,,,,,,,
V9.6.6_EVIDENCE_SHRINKAGE,2025-10,68330,68335,-1,fca571982b7c88a0,2025-10-23,-0.1707142691959988,False,2,2,False,False,,,,,False,,,,,,False,,,,,,,False,False,False,MODEL_UNAVAILABLE,,,,,,,,,,,,,
V9.6.6_EVIDENCE_SHRINKAGE,2025-10,68372,68395,-1,fca571982b7c88a0,2025-10-23,1.8302923776142146,True,1,1,False,False,,,,,False,,,,,,False,,,,,,,False,False,False,MODEL_UNAVAILABLE,,,,,,,,,,,,,
V9.6.6_EVIDENCE_SHRINKAGE,2025-10,68373,68395,-1,fca571982b7c88a0,2025-10-23,1.8302920107642446,True,1,1,False,False,,,,,False,,,,,,False,,,,,,,False,False,False,MODEL_UNAVAILABLE,,,,,,,,,,,,,
V9.6.6_EVIDENCE_SHRINKAGE,2025-10,68374,68395,-1,fca571982b7c88a0,2025-10-23,1.8302918772563184,True,1,1,False,False,,,,,False,,,,,,False,,,,,,,False,False,False,MODEL_UNAVAILABLE,,,,,,,,,,,,,
V9.6.6_EVIDENCE_SHRINKAGE,2025-10,69324,69363,-1,fca571982b7c88a0,2025-10-27,1.8303135393255048,True,1,1,False,False,,,,,False,,,,,,False,,,,,,,False,False,False,MODEL_UNAVAILABLE,,,,,,,,,,,,,
V9.6.6_EVIDENCE_SHRINKAGE,2025-10,69326,69328,-1,fca571982b7c88a0,2025-10-27,1.8303138277175421,True,1,1,False,False,,,,,False,,,,,,False,,,,,,,False,False,False,MODEL_UNAVAILABLE,,,,,,,,,,,,,
V9.6.6_EVIDENCE_SHRINKAGE,2025-10,70021,70029,-1,fca571982b7c88a0,2025-10-30,-1.241564548005948,False,2,2,False,False,,,,,False,,,,,,False,,,,,,,False,False,False,MODEL_UNAVAILABLE,,,,,,,,,,,,,
V9.6.6_EVIDENCE_SHRINKAGE,2025-10,70033,70035,-1,fca571982b7c88a0,2025-10-30,-1.2712586115256548,False,2,2,False,False,,,,,False,,,,,,False,,,,,,,False,False,False,MODEL_UNAVAILABLE,,,,,,,,,,,,,
V9.6.6_EVIDENCE_SHRINKAGE,2025-10,70039,70053,-1,fca571982b7c88a0,2025-10-30,1.8305193373507584,True,1,1,False,False,,,,,False,,,,,,False,,,,,,,False,False,False,MODEL_UNAVAILABLE,,,,,,,,,,,,,
V9.6.6_EVIDENCE_SHRINKAGE,2025-10,70236,70249,-1,fca571982b7c88a0,2025-10-31,1.8302871314746165,True,1,1,False,False,,,,,False,,,,,,False,,,,,,,False,False,False,MODEL_UNAVAILABLE,,,,,,,,,,,,,
V9.6.6_EVIDENCE_SHRINKAGE,2025-10,70278,70311,-1,fca571982b7c88a0,2025-10-31,-0.1707119529498316,False,2,2,False,False,,,,,False,,,,,,False,,,,,,,False,False,False,MODEL_UNAVAILABLE,,,,,,,,,,,,,
V9.6.6_EVIDENCE_SHRINKAGE,2025-10,70279,70310,-1,fca571982b7c88a0,2025-10-31,-0.1707126918649927,False,2,2,False,False,,,,,False,,,,,,False,,,,,,,False,False,False,MODEL_UNAVAILABLE,,,,,,,,,,,,,
V9.6.6_EVIDENCE_SHRINKAGE,2025-10,70280,70310,-1,fca571982b7c88a0,2025-10-31,-0.17071284591826139,False,2,2,False,False,,,,,False,,,,,,False,,,,,,,False,False,False,MODEL_UNAVAILABLE,,,,,,,,,,,,,
V9.6.6_EVIDENCE_SHRINKAGE,2025-10,70394,70539,-1,fca571982b7c88a0,2025-10-31,-0.13079605408316622,False,2,2,False,False,,,,,False,,,,,,False,,,,,,,False,False,False,MODEL_UNAVAILABLE,,,,,,,,,,,,,
V9.6.6_EVIDENCE_SHRINKAGE,2025-10,70395,70539,-1,fca571982b7c88a0,2025-10-31,-0.13466549182021448,False,2,2,False,False,,,,,False,,,,,,False,,,,,,,False,False,False,MODEL_UNAVAILABLE,,,,,,,,,,,,,
V9.6.6_EVIDENCE_SHRINKAGE,2025-11,71235,71247,-1,fca571982b7c88a0,2025-11-04,1.9523845120845313,True,1,1,True,True,0.1760959272736491,0.22447125527388478,0.7647058823529411,0.8,False,0.8226488397743956,0.34,0.6383513929413951,0.267410134421454,REJECT,False,-0.2195534211986626,,0.0,,-0.08262141903002304,0.0,False,False,False,ONLINE_RANK,-0.2195534211986626,0.5789473684210527,0.65,0.3763157894736842,0.04384364712439985,0.0,-0.08262141903002304,NEUTRAL,,,,,
V9.6.6_EVIDENCE_SHRINKAGE,2025-11,71237,71247,-1,fca571982b7c88a0,2025-11-04,1.9511183705947617,True,1,1,True,True,0.1594115487979463,0.2173729664873914,0.6857142857142857,0.8,False,0.8228389536816574,0.34,0.6547550571084566,0.26755553672343557,REJECT,False,-0.23372521942239777,,0.0,,-0.0879544904668497,0.0,False,False,False,ONLINE_RANK,-0.23372521942239777,0.5789473684210527,0.65,0.3763157894736842,0.04384364712439985,0.0,-0.0879544904668497,NEUTRAL,,,,,
V9.6.6_EVIDENCE_SHRINKAGE,2025-11,71238,71247,-1,fca571982b7c88a0,2025-11-04,1.9509528470021675,True,1,1,True,True,0.17008847169404864,0.2219564460263444,0.7222222222222222,0.8,False,0.8222199389595565,0.34,0.6234291911225487,0.2671635054855624,REJECT,False,-0.2247740396927005,,0.0,,-0.08458602020014781,0.0,False,False,False,ONLINE_RANK,-0.2247740396927005,0.5789473684210527,0.65,0.3763157894736842,0.04384364712439985,0.0,-0.08458602020014781,NEUTRAL,,,,,
V9.6.6_EVIDENCE_SHRINKAGE,2025-11,71815,71825,-1,fca571982b7c88a0,2025-11-06,-0.17075330407362674,False,2,2,True,True,0.10917633331321626,0.1931920789161804,0.35135135135135137,0.8,False,0.8130788868125726,0.34,0.5048863226181187,0.26525904096500874,REJECT,False,-0.28387332011264366,,0.0,,-0.10682601256870537,0.0,False,False,False,ONLINE_RANK,-0.28387332011264366,0.5789473684210527,0.65,0.3763157894736842,0.04384364712439985,0.0,-0.10682601256870537,NEUTRAL,,,,,
V9.6.6_EVIDENCE_SHRINKAGE,2025-11,72046,72052,-1,fca571982b7c88a0,2025-11-07,-1.271293321181501,False,2,2,True,True,0.32690279776057746,0.2786462733741743,0.9736842105263158,0.8,True,0.545521634912592,0.34,0.5146657904842278,0.27285279746116325,REJECT,False,-0.10700188836641233,,0.0,,-0.040266500095781484,0.0,False,False,False,META_PROBABILITY,-0.10700188836641233,0.5789473684210527,0.65,0.3763157894736842,0.04384364712439985,0.0,-0.040266500095781484,NEUTRAL,,,,,
V9.6.6_EVIDENCE_SHRINKAGE,2025-11,72072,72090,-1,fca571982b7c88a0,2025-11-07,1.8302598896927755,True,1,1,True,True,0.36403909379937144,0.29059729104889653,0.9743589743589743,0.8,True,0.522406149178515,0.34,0.46232059730342906,0.27267366613979727,REJECT,False,-0.0830975653610182,,0.0,,-0.03127092591217264,0.0,False,False,False,META_PROBABILITY,-0.0830975653610182,0.5789473684210527,0.65,0.3763157894736842,0.04384364712439985,0.0,-0.03127092591217264,NEUTRAL,,,,,
V9.6.6_EVIDENCE_SHRINKAGE,2025-11,73260,73272,-1,fca571982b7c88a0,2025-11-12,-1.2712871862754191,False,2,2,True,True,0.5415810042896027,0.3471583778756316,1.0,0.8,True,0.8128701101513794,0.34,0.7618056181027908,0.2712933271653086,REJECT,False,0.029678580528999854,,0.0,,0.011168518462228893,0.0,False,False,False,META_PROBABILITY,0.029678580528999854,0.5789473684210527,0.65,0.3763157894736842,0.04384364712439985,0.0,0.011168518462228893,NEUTRAL,,,,,
V9.6.6_EVIDENCE_SHRINKAGE,2025-11,73709,73715,-1,fca571982b7c88a0,2025-11-14,-1.2234844010159187,False,2,2,True,True,0.1418102928517149,0.20945182033329623,0.5609756097560976,0.8,False,0.820232845819229,0.34,0.5183847649127604,0.26548772169123785,REJECT,False,-0.25103418344128403,,0.0,,-0.09446812692658847,0.0,False,False,False,ONLINE_RANK,-0.25103418344128403,0.5789473684210527,0.65,0.3763157894736842,0.04384364712439985,0.0,-0.09446812692658847,NEUTRAL,,,,,
V9.6.6_EVIDENCE_SHRINKAGE,2025-11,73710,73715,-1,fca571982b7c88a0,2025-11-14,-1.227104640485646,False,2,2,True,True,0.18611400549646645,0.22857210778024728,0.7619047619047619,0.8,False,0.8200252850449667,0.34,0.6228622229907192,0.2672957029434002,REJECT,False,-0.2113864216704764,,0.0,,-0.07954804815494243,0.0,False,False,False,ONLINE_RANK,-0.2113864216704764,0.5789473684210527,0.65,0.3763157894736842,0.04384364712439985,0.0,-0.07954804815494243,NEUTRAL,,,,,
V9.6.6_EVIDENCE_SHRINKAGE,2025-11,73791,73808,-1,fca571982b7c88a0,2025-11-14,-0.12349390865604246,False,2,2,True,True,0.10088582899615645,0.18863205000650443,0.23255813953488372,0.8,False,0.8161031753678644,0.34,0.568258580665925,0.26606040074534376,REJECT,False,-0.29250307636553285,,0.0,,-0.11007352610597684,0.0,False,False,False,ONLINE_RANK,-0.29250307636553285,0.5789473684210527,0.65,0.3763157894736842,0.04384364712439985,0.0,-0.11007352610597684,NEUTRAL,,,,,
V9.6.6_EVIDENCE_SHRINKAGE,2025-11,73999,74023,-1,fca571982b7c88a0,2025-11-15,-0.17078146175925912,False,2,2,True,True,0.1814419730172567,0.2266734813896139,0.7272727272727273,0.8,False,0.8207465106516554,0.34,0.47938971294725036,0.26510428415490644,REJECT,False,-0.21667152936499262,,0.0,,-0.08153691762945775,0.0,False,False,False,ONLINE_RANK,-0.21667152936499262,0.5789473684210527,0.65,0.3763157894736842,0.04384364712439985,0.0,-0.08153691762945775,NEUTRAL,,,,,
V9.6.6_EVIDENCE_SHRINKAGE,2025-11,74485,74486,-1,fca571982b7c88a0,2025-11-16,-1.185441811154667,False,2,2,True,True,0.5408886795010053,0.34692988124613117,0.9777777777777777,0.8,True,0.829020804077641,0.34,0.6616849259579992,0.26927176539531633,REJECT,False,0.027864643788990673,,0.0,,0.010485905425857017,0.0,False,False,False,META_PROBABILITY,0.027864643788990673,0.5789473684210527,0.65,0.3763157894736842,0.04384364712439985,0.0,0.010485905425857017,NEUTRAL,,,,,
V9.6.6_EVIDENCE_SHRINKAGE,2025-11,74486,74488,-1,fca571982b7c88a0,2025-11-16,-1.1790319427350429,False,2,2,True,True,0.5089293841724045,0.3365064750500695,0.9565217391304348,0.8,True,0.8286699210742047,0.34,0.6125297424464227,0.26835230172615915,REJECT,False,0.006295034242527531,,0.0,,0.0023689207807406232,0.0,False,False,False,META_PROBABILITY,0.006295034242527531,0.5789473684210527,0.65,0.3763157894736842,0.04384364712439985,0.0,0.0023689207807406232,NEUTRAL,,,,,
V9.6.6_EVIDENCE_SHRINKAGE,2025-11,74583,74592,-1,fca571982b7c88a0,2025-11-17,-0.1707843384974318,False,2,2,True,True,0.3538026715751962,0.2873276483498539,0.8936170212765957,0.8,True,0.5285457417069441,0.34,0.6953008235479836,0.27643483377669625,REJECT,False,-0.08715003878137706,,0.0,,-0.03279593564667611,0.0,False,False,False,META_PROBABILITY,-0.08715003878137706,0.5789473684210527,0.65,0.3763157894736842,0.04384364712439985,0.0,-0.03279593564667611,NEUTRAL,,,,,
V9.6.6_EVIDENCE_SHRINKAGE,2025-11,75212,75214,-1,fca571982b7c88a0,2025-11-20,-1.271358478960571,False,2,2,True,True,0.5130155571317764,0.3378268795666438,0.9583333333333334,0.8,True,0.8227640703670855,0.34,0.5950877050915163,0.26823371680526664,REJECT,False,0.008869896538256872,,0.0,,0.0033378821183440333,0.0,False,False,False,META_PROBABILITY,0.008869896538256872,0.5789473684210527,0.65,0.3763157894736842,0.04384364712439985,0.0,0.0033378821183440333,NEUTRAL,,,,,
V9.6.6_EVIDENCE_SHRINKAGE,2025-11,75222,75258,-1,fca571982b7c88a0,2025-11-20,-0.17080479766639714,False,2,2,True,True,0.4119288217214431,0.30574601462209955,0.8979591836734694,0.8,True,0.5407326370098795,0.34,0.600069127415759,0.27476387917615785,REJECT,False,-0.05124446321884879,,0.0,,-0.019284100632356256,0.0,False,False,False,META_PROBABILITY,-0.05124446321884879,0.5789473684210527,0.65,0.3763157894736842,0.04384364712439985,0.0,-0.019284100632356256,NEUTRAL,,,,,
V9.6.6_EVIDENCE_SHRINKAGE,2025-11,75462,75465,-1,fca571982b7c88a0,2025-11-20,1.8431367898140198,True,1,1,True,True,0.05384430816862441,0.15709975782350644,0.06,0.8,False,0.815658836258788,0.34,0.5687171826650894,0.2656762214937878,REJECT,False,-0.35614782661656735,,0.0,,-0.13402405054255034,0.0,False,False,False,ONLINE_RANK,-0.35614782661656735,0.5789473684210527,0.65,0.3763157894736842,0.04384364712439985,0.0,-0.13402405054255034,NEUTRAL,,,,,
V9.6.6_EVIDENCE_SHRINKAGE,2025-11,75463,75467,-1,fca571982b7c88a0,2025-11-20,1.853153075027752,True,1,1,True,True,0.09483380915741893,0.18516332033542235,0.17647058823529413,0.8,False,0.8159552509550743,0.34,0.616254559362289,0.2667226881038529,REJECT,False,-0.29903225402163974,,0.0,,-0.11253055875024864,0.0,False,False,False,ONLINE_RANK,-0.29903225402163974,0.5789473684210527,0.65,0.3763157894736842,0.04384364712439985,0.0,-0.11253055875024864,NEUTRAL,,,,,
V9.6.6_EVIDENCE_SHRINKAGE,2025-11,75536,75555,-1,fca571982b7c88a0,2025-11-21,1.8532633197143376,True,1,1,True,True,0.45758787661727185,0.3201327315701041,0.9230769230769231,0.8,True,0.8245856928258217,0.34,0.5382321482162329,0.26705995297898827,REJECT,False,-0.027486014300028838,,0.0,,-0.010343421170800325,0.0,False,False,False,META_PROBABILITY,-0.027486014300028838,0.5789473684210527,0.65,0.3763157894736842,0.04384364712439985,0.0,-0.010343421170800325,NEUTRAL,,,,,
V9.6.6_EVIDENCE_SHRINKAGE,2025-11,75596,75609,-1,fca571982b7c88a0,2025-11-21,1.9512117896482253,True,1,1,True,True,0.05116077713717256,0.15485396957633102,0.05660377358490566,0.8,False,0.8287581365944082,0.34,0.6092826261886652,0.2659155321810936,REJECT,False,-0.36050203203061343,,0.0,,-0.13566260679046768,0.0,False,False,False,ONLINE_RANK,-0.36050203203061343,0.5789473684210527,0.65,0.3763157894736842,0.04384364712439985,0.0,-0.13566260679046768,NEUTRAL,,,,,
V9.6.6_EVIDENCE_SHRINKAGE,2025-11,75597,75608,-1,fca571982b7c88a0,2025-11-21,1.9492510831203553,True,1,1,True,True,0.051916228926102086,0.15549346434186706,0.07407407407407407,0.8,False,0.8289069481976852,0.34,0.5048364553431767,0.26442680520309814,REJECT,False,-0.3602140609506847,,0.0,,-0.13555423872617872,0.0,False,False,False,ONLINE_RANK,-0.3602140609506847,0.5789473684210527,0.65,0.3763157894736842,0.04384364712439985,0.0,-0.13555423872617872,NEUTRAL,,,,,
V9.6.6_EVIDENCE_SHRINKAGE,2025-11,75705,75711,-1,fca571982b7c88a0,2025-11-21,-1.1679452780892239,False,2,2,True,True,0.12529157975538321,0.20151827281545603,0.4727272727272727,0.8,False,0.8285916372978969,0.34,0.5792922352269309,0.26608843220800155,REJECT,False,-0.2665799558890127,,0.0,,-0.10031824655823372,0.0,False,False,False,ONLINE_RANK,-0.2665799558890127,0.5789473684210527,0.65,0.3763157894736842,0.04384364712439985,0.0,-0.10031824655823372,NEUTRAL,,,,,
V9.6.6_EVIDENCE_SHRINKAGE,2025-11,75706,75710,-1,fca571982b7c88a0,2025-11-21,-1.1737950294946553,False,2,2,True,True,0.08337122459538493,0.1782153103069472,0.14285714285714285,0.8,False,0.8286345984336558,0.34,0.5908708947385335,0.2659567096025069,REJECT,False,-0.3135126531689802,,0.0,,-0.11797976158727412,0.0,False,False,False,ONLINE_RANK,-0.3135126531689802,0.5789473684210527,0.65,0.3763157894736842,0.04384364712439985,0.0,-0.11797976158727412,NEUTRAL,,,,,
V9.6.6_EVIDENCE_SHRINKAGE,2025-11,76059,76084,-1,fca571982b7c88a0,2025-11-23,1.8301557408228823,True,1,1,True,True,0.5327107424678629,0.3442401727220724,0.9649122807017544,0.8,True,0.526610851136868,0.34,0.6435622186088439,0.2763871999128936,REJECT,False,0.027225596049681,,0.0,,0.010245421671327325,0.0,False,False,False,META_PROBABILITY,0.027225596049681,0.5789473684210527,0.65,0.3763157894736842,0.04384364712439985,0.0,0.010245421671327325,NEUTRAL,,,,,
V9.6.6_EVIDENCE_SHRINKAGE,2025-11,76060,76085,-1,fca571982b7c88a0,2025-11-23,1.8301551802551717,True,1,1,True,True,0.41351872757256003,0.3062466155469212,0.8793103448275862,0.8,True,0.5236956267715982,0.34,0.662133958968669,0.2762551186164658,REJECT,False,-0.049238890395463586,,0.0,,-0.018529371911977087,0.0,False,False,False,META_PROBABILITY,-0.049238890395463586,0.5789473684210527,0.65,0.3763157894736842,0.04384364712439985,0.0,-0.018529371911977087,NEUTRAL,,,,,
V9.6.6_EVIDENCE_SHRINKAGE,2025-11,76167,76176,-1,fca571982b7c88a0,2025-11-23,-0.17084307456577152,False,2,2,True,True,0.5442903921543483,0.3480538249086861,1.0,0.8,True,0.532332619415436,0.34,0.5389207712032926,0.2744668498770501,REJECT,False,0.033605148470435275,,0.0,,0.012646147977032222,0.0,False,False,False,META_PROBABILITY,0.033605148470435275,0.5789473684210527,0.65,0.3763157894736842,0.04384364712439985,0.0,0.012646147977032222,NEUTRAL,,,,,
V9.6.6_EVIDENCE_SHRINKAGE,2025-11,76184,76186,-1,fca571982b7c88a0,2025-11-23,-1.271390755236715,False,2,2,True,True,0.603354686675475,0.368165555566499,1.0,0.8,True,0.5288244061844349,0.34,0.5329705461782077,0.27470483462790724,REJECT,False,0.07419392348494991,,0.0,,0.027920344890389043,0.0,False,False,False,META_PROBABILITY,0.07419392348494991,0.5789473684210527,0.65,0.3763157894736842,0.04384364712439985,0.0,0.027920344890389043,NEUTRAL,,,,,
V9.6.6_EVIDENCE_SHRINKAGE,2025-11,76453,76455,-1,fca571982b7c88a0,2025-11-24,-1.2147025124475934,False,2,2,True,True,0.3289844125504751,0.2793235267148202,0.7868852459016393,0.8,False,0.5344558040478568,0.34,0.4779217577697395,0.2725112981096202,REJECT,False,-0.10586928126576767,,0.0,,-0.039840282160538885,0.0,False,False,False,ONLINE_RANK,-0.10586928126576767,0.5789473684210527,0.65,0.3763157894736842,0.04384364712439985,0.0,-0.039840282160538885,NEUTRAL,,,,,
V9.6.6_EVIDENCE_SHRINKAGE,2025-11,76507,76519,-1,fca571982b7c88a0,2025-11-24,-0.17082715118256717,False,2,2,True,True,0.3734291848598068,0.2935839308179296,0.8225806451612904,0.8,True,0.5177842121354046,0.34,0.5394642818234221,0.27413183778999,REJECT,False,-0.0761166280416673,,0.0,,-0.0286438889735748,0.0,False,False,False,META_PROBABILITY,-0.0761166280416673,0.5789473684210527,0.65,0.3763157894736842,0.04384364712439985,0.0,-0.0286438889735748,NEUTRAL,,,,,
V9.6.6_EVIDENCE_SHRINKAGE,2025-11,76508,76537,-1,fca571982b7c88a0,2025-11-24,1.8301722838894627,True,1,1,True,True,0.18936278761488282,0.22987875820577552,0.6507936507936508,0.8,False,0.5177910628659202,0.34,0.5427863934207077,0.27337096924321364,REJECT,False,-0.2046888426533467,,0.0,,-0.07702764341954889,0.0,False,False,False,ONLINE_RANK,-0.2046888426533467,0.5789473684210527,0.65,0.3763157894736842,0.04384364712439985,0.0,-0.07702764341954889,NEUTRAL,,,,,
V9.6.6_EVIDENCE_SHRINKAGE,2025-11,76735,76749,-1,fca571982b7c88a0,2025-11-25,1.8375221824337566,True,1,1,True,True,0.2942774709469425,0.2678776195259137,0.75,0.8,False,0.5399369653410051,0.34,0.6428663839786435,0.2749941908054327,REJECT,False,-0.12721451280368223,,0.0,,-0.04787282981822779,0.0,False,False,False,ONLINE_RANK,-0.12721451280368223,0.5789473684210527,0.65,0.3763157894736842,0.04384364712439985,0.0,-0.04787282981822779,NEUTRAL,,,,,
V9.6.6_EVIDENCE_SHRINKAGE,2025-11,76773,76786,-1,fca571982b7c88a0,2025-11-25,1.8301607712705452,True,1,1,True,True,0.4337870561574894,0.3126268256834427,0.8769230769230769,0.8,True,0.5358932050999484,0.34,0.615300287368256,0.2752360207557743,REJECT,False,-0.037096043555974734,,0.0,,-0.013959826917116808,0.0,False,False,False,META_PROBABILITY,-0.037096043555974734,0.5789473684210527,0.65,0.3763157894736842,0.04384364712439985,0.0,-0.013959826917116808,NEUTRAL,,,,,
V9.6.6_EVIDENCE_SHRINKAGE,2025-11,77012,77046,-1,fca571982b7c88a0,2025-11-26,-1.2224190290603023,False,2,2,True,True,0.472026638695678,0.3247049714204316,0.8939393939393939,0.8,True,0.5377331972848596,0.34,0.6875869877891612,0.2766039057535005,REJECT,False,-0.011899541099141264,,0.0,,-0.0044779852030978964,0.0,False,False,False,META_PROBABILITY,-0.011899541099141264,0.5789473684210527,0.65,0.3763157894736842,0.04384364712439985,0.0,-0.0044779852030978964,NEUTRAL,,,,,
V9.6.6_EVIDENCE_SHRINKAGE,2025-11,77057,77081,-1,fca571982b7c88a0,2025-11-26,-1.2713693126949368,False,2,2,True,True,0.2255603682270282,0.24378878875292312,0.6716417910447762,0.8,False,0.5364727406974201,0.34,0.7793262271546939,0.2770119389105533,REJECT,False,-0.1742866762288593,,0.0,,-0.06558682815980758,0.0,False,False,False,ONLINE_RANK,-0.1742866762288593,0.5789473684210527,0.65,0.3763157894736842,0.04384364712439985,0.0,-0.06558682815980758,NEUTRAL,,,,,
V9.6.6_EVIDENCE_SHRINKAGE,2025-11,77105,77144,-1,fca571982b7c88a0,2025-11-27,-0.1708114938841681,False,2,2,True,True,0.6389932264024063,0.38101431424517895,1.0,0.8,True,0.5158294571806736,0.34,0.5809385301905421,0.2760417314232544,REJECT,False,0.10091877459002419,,0.0,,0.03797732833256173,0.0,False,False,False,META_PROBABILITY,0.10091877459002419,0.5789473684210527,0.65,0.3763157894736842,0.04384364712439985,0.0,0.03797732833256173,NEUTRAL,,,,,
V9.6.6_EVIDENCE_SHRINKAGE,2025-11,77106,77133,-1,fca571982b7c88a0,2025-11-27,-0.17081088668787453,False,2,2,True,True,0.3306953585187665,0.2798794250985387,0.7536231884057971,0.8,False,0.5158946440552755,0.34,0.5052374850967327,0.27342378036700116,REJECT,False,-0.10414036021529549,,0.0,,-0.039189661870492776,0.0,False,False,False,ONLINE_RANK,-0.10414036021529549,0.5789473684210527,0.65,0.3763157894736842,0.04384364712439985,0.0,-0.039189661870492776,NEUTRAL,,,,,
V9.6.6_EVIDENCE_SHRINKAGE,2025-11,77109,77133,-1,fca571982b7c88a0,2025-11-27,-0.17081120297401162,False,2,2,True,True,0.4114151723473685,0.3055842734099464,0.8142857142857143,0.8,True,0.5138162236067968,0.34,0.614450497428255,0.2756704382385732,REJECT,False,-0.05096213546695261,,0.0,,-0.019177856241511113,0.0,False,False,False,META_PROBABILITY,-0.05096213546695261,0.5789473684210527,0.65,0.3763157894736842,0.04384364712439985,0.0,-0.019177856241511113,NEUTRAL,,,,,
V9.6.6_EVIDENCE_SHRINKAGE,2025-11,77842,77914,-1,fca571982b7c88a0,2025-11-29,-0.1708152468523025,False,2,2,True,True,0.2956001230963129,0.26832058929014957,0.6901408450704225,0.8,False,0.6829939270408277,0.34,0.6525140771766824,0.27163289464959856,REJECT,False,-0.12857637126300275,,0.0,,-0.048385318659498404,0.0,False,False,False,ONLINE_RANK,-0.12857637126300275,0.5789473684210527,0.65,0.3763157894736842,0.04384364712439985,0.0,-0.048385318659498404,NEUTRAL,,,,,
V9.6.6_EVIDENCE_SHRINKAGE,2025-11,77843,77914,-1,fca571982b7c88a0,2025-11-29,-0.17081544944985608,False,2,2,True,True,0.2299072565350015,0.24539030443188836,0.625,0.8,False,0.6828019944536525,0.34,0.4985744368915233,0.2688898560634799,REJECT,False,-0.17650968518899335,,0.0,,-0.0664233815316475,0.0,False,False,False,ONLINE_RANK,-0.17650968518899335,0.5789473684210527,0.65,0.3763157894736842,0.04384364712439985,0.0,-0.0664233815316475,NEUTRAL,,,,,
V9.6.6_EVIDENCE_SHRINKAGE,2025-12,78238,78274,-1,fca571982b7c88a0,2025-12-01,1.8301569031770728,True,1,1,True,True,0.3364448127937103,0.3337119895617896,0.675,0.8,False,0.8040016647212999,0.34,0.7420063879635059,0.36410341956181186,NEUTRAL,False,0.1679838406744728,,0.0,,0.06759349779520453,0.0,False,False,False,ONLINE_RANK,0.1679838406744728,0.6190476190476191,0.65,0.4023809523809524,0.046093411762780645,0.0,0.06759349779520453,NEUTRAL,,,,,
V9.6.6_EVIDENCE_SHRINKAGE,2025-12,78294,78298,-1,fca571982b7c88a0,2025-12-01,-1.2519316330718555,False,2,2,True,True,0.41575671175185697,0.3043092725186274,0.5609756097560976,0.8,False,0.8061365141908305,0.34,0.5818951278821317,0.3582115024509692,NEUTRAL,False,0.10690858726910413,,0.0,,0.043017979163044284,0.0,False,False,False,ONLINE_RANK,0.10690858726910413,0.6190476190476191,0.65,0.4023809523809524,0.046093411762780645,0.0,0.043017979163044284,NEUTRAL,,,,,
V9.6.6_EVIDENCE_SHRINKAGE,2025-12,78371,78376,-1,fca571982b7c88a0,2025-12-01,-1.2483246791386824,False,2,2,True,True,0.1506532942135113,0.4340055032241077,0.8571428571428571,0.8,True,0.8210696968095994,0.34,0.46866425754243957,0.3665815983296189,NEUTRAL,True,0.3648775414785033,,0.0,,0.14681977264254062,0.0,True,True,True,SELECTED,0.3648775414785033,0.6190476190476191,0.65,0.4023809523809524,0.046093411762780645,0.0,0.14681977264254062,NEUTRAL,NEUTRAL,,,,
V9.6.6_EVIDENCE_SHRINKAGE,2025-12,78458,78511,-1,fca571982b7c88a0,2025-12-02,-0.17084221390320423,False,2,2,True,True,0.3361642981472155,0.33382425588009024,0.627906976744186,0.8,False,0.7000995978238372,0.34,0.6607495920603597,0.35879818282435705,NEUTRAL,False,0.1647590970342957,,0.0,,0.06629592237808565,0.0,False,False,False,ONLINE_RANK,0.1647590970342957,0.6190476190476191,0.65,0.4023809523809524,0.046093411762780645,0.0,0.06629592237808565,NEUTRAL,,,,,
V9.6.6_EVIDENCE_SHRINKAGE,2025-12,78459,78511,-1,fca571982b7c88a0,2025-12-02,-0.17084141765720165,False,2,2,True,True,0.25574613028464854,0.3694879984265396,0.7727272727272727,0.8,False,0.6996974278421546,0.34,0.48273854790795334,0.3577598088252192,NEUTRAL,False,0.23352735093790344,,0.0,,0.09396695787739448,0.0,False,False,False,ONLINE_RANK,0.23352735093790344,0.6190476190476191,0.65,0.4023809523809524,0.046093411762780645,0.0,0.09396695787739448,NEUTRAL,,,,,
V9.6.6_EVIDENCE_SHRINKAGE,2025-12,78742,78744,-1,fca571982b7c88a0,2025-12-03,-1.2713480550860838,False,2,2,True,True,0.4452512465179334,0.2943138214262616,0.5111111111111111,0.8,False,0.5314820103324533,0.34,0.6461186572361752,0.3499643967195724,NEUTRAL,False,0.08209332155065924,,0.0,,0.03303278890967003,0.0,False,False,False,ONLINE_RANK,0.08209332155065924,0.6190476190476191,0.65,0.4023809523809524,0.046093411762780645,0.0,0.03303278890967003,NEUTRAL,,,,,
V9.6.6_EVIDENCE_SHRINKAGE,2025-12,79916,79919,-1,fca571982b7c88a0,2025-12-07,-1.2383962735968532,False,2,2,True,True,0.30805698432058776,0.3454475547449128,0.717391304347826,0.8,False,0.8008088733247769,0.34,0.496429281249859,0.3594877599659746,NEUTRAL,False,0.18783882386133915,,0.0,,0.07558276483944361,0.0,False,False,False,ONLINE_RANK,0.18783882386133915,0.6190476190476191,0.65,0.4023809523809524,0.046093411762780645,0.0,0.07558276483944361,NEUTRAL,,,,,
V9.6.6_EVIDENCE_SHRINKAGE,2025-12,79917,79919,-1,fca571982b7c88a0,2025-12-07,-1.24783814351255,False,2,2,True,True,0.34129213900869576,0.33178280687131284,0.5957446808510638,0.8,False,0.8006600935537816,0.34,0.6444342981353808,0.36166165259350264,NEUTRAL,False,0.16264263836927279,,0.0,,0.06544429972477882,0.0,False,False,False,ONLINE_RANK,0.16264263836927279,0.6190476190476191,0.65,0.4023809523809524,0.046093411762780645,0.0,0.06544429972477882,NEUTRAL,,,,,
V9.6.6_EVIDENCE_SHRINKAGE,2025-12,80770,80779,-1,fca571982b7c88a0,2025-12-10,1.9710930230968304,True,1,1,True,True,0.3584695107202106,0.3251026774044309,0.5625,0.8,False,0.5434314275747598,0.34,0.7448620656615217,0.35446666282094796,NEUTRAL,False,0.14496563074722774,,0.0,,0.058331408562574974,0.0,False,False,False,ONLINE_RANK,0.14496563074722774,0.6190476190476191,0.65,0.4023809523809524,0.046093411762780645,0.0,0.058331408562574974,NEUTRAL,,,,,
V9.6.6_EVIDENCE_SHRINKAGE,2025-12,80771,80779,-1,fca571982b7c88a0,2025-12-10,1.9664628291275352,True,1,1,True,True,0.3787834542279628,0.31748921208749636,0.5510204081632653,0.8,False,0.5432590715321856,0.34,0.5734613487490366,0.3507020687659406,NEUTRAL,False,0.1276977739131368,,0.0,,0.05138315188409553,0.0,False,False,False,ONLINE_RANK,0.1276977739131368,0.6190476190476191,0.65,0.4023809523809524,0.046093411762780645,0.0,0.05138315188409553,NEUTRAL,,,,,
V9.6.6_EVIDENCE_SHRINKAGE,2025-12,80775,80779,-1,fca571982b7c88a0,2025-12-10,1.9561332797121298,True,1,1,True,True,0.258111871165651,0.3683189116018096,0.78,0.8,False,0.5438306544325607,0.34,0.6714454417157223,0.35633028306322456,NEUTRAL,False,0.23032315060073616,,0.0,,0.09267764869410575,0.0,False,False,False,ONLINE_RANK,0.23032315060073616,0.6190476190476191,0.65,0.4023809523809524,0.046093411762780645,0.0,0.09267764869410575,NEUTRAL,,,,,
V9.6.6_EVIDENCE_SHRINKAGE,2025-12,81055,81084,-1,fca571982b7c88a0,2025-12-11,1.8958571511706412,True,1,1,True,True,0.23678111087811649,0.3791973936295041,0.803921568627451,0.8,True,0.6985522503668766,0.34,0.6744889425286087,0.3626934087080852,NEUTRAL,True,0.2556350095108538,,0.0,,0.10286265858889117,0.0,True,True,True,SELECTED,0.2556350095108538,0.6190476190476191,0.65,0.4023809523809524,0.046093411762780645,0.0,0.10286265858889117,NEUTRAL,NEUTRAL,,,,
V9.6.6_EVIDENCE_SHRINKAGE,2025-12,81057,81085,-1,fca571982b7c88a0,2025-12-11,1.8897682675375294,True,1,1,True,True,0.31017203946529537,0.3445454981570197,0.6923076923076923,0.8,False,0.69866826615219,0.34,0.6933217891898837,0.36029989201787915,NEUTRAL,False,0.18660950665287002,,0.0,,0.0750881110103215,0.0,False,False,False,ONLINE_RANK,0.18660950665287002,0.6190476190476191,0.65,0.4023809523809524,0.046093411762780645,0.0,0.0750881110103215,NEUTRAL,,,,,
V9.6.6_EVIDENCE_SHRINKAGE,2025-12,81058,81084,-1,fca571982b7c88a0,2025-12-11,1.890496985958381,True,1,1,True,True,0.15798379423163658,0.4283965626961125,0.8679245283018868,0.8,True,0.5391596279699132,0.34,0.6219557484654006,0.3596012992306042,NEUTRAL,True,0.3494256299575372,,0.0,,0.14060221776862805,0.0,True,False,False,POSITION_OVERLAP,0.3494256299575372,0.6190476190476191,0.65,0.4023809523809524,0.046093411762780645,0.0,0.14060221776862805,NEUTRAL,NEUTRAL,,,,
V9.6.6_EVIDENCE_SHRINKAGE,2025-12,82208,82215,-1,fca571982b7c88a0,2025-12-16,-1.2713992753421024,False,2,2,True,True,0.31858766429365565,0.34100229735913556,0.6481481481481481,0.8,False,0.8170052953458771,0.34,0.4804246637427492,0.35929430757440817,NEUTRAL,False,0.17905773758633536,,0.0,,0.07204942298116827,0.0,False,False,False,ONLINE_RANK,0.17905773758633536,0.6190476190476191,0.65,0.4023809523809524,0.046093411762780645,0.0,0.07204942298116827,NEUTRAL,,,,,
V9.6.6_EVIDENCE_SHRINKAGE,2025-12,82327,82346,-1,fca571982b7c88a0,2025-12-16,-0.10682475096522681,False,2,2,True,True,0.2530374805237413,0.37083749454473497,0.7818181818181819,0.8,False,0.6926640239996066,0.34,0.6855472825561286,0.3620518766610358,NEUTRAL,False,0.2389407538439413,,0.0,,0.09614520809434782,0.0,False,False,False,ONLINE_RANK,0.2389407538439413,0.6190476190476191,0.65,0.4023809523809524,0.046093411762780645,0.0,0.09614520809434782,NEUTRAL,,,,,
V9.6.6_EVIDENCE_SHRINKAGE,2025-12,82530,82545,-1,fca571982b7c88a0,2025-12-17,-1.2713940368692886,False,2,2,True,True,0.33351351355842146,0.3348885750195493,0.6071428571428571,0.8,False,0.8193887721206523,0.34,0.6630924382901018,0.3629702780658299,NEUTRAL,False,0.16953935347784455,,0.0,,0.06821940651846602,0.0,False,False,False,ONLINE_RANK,0.16953935347784455,0.6190476190476191,0.65,0.4023809523809524,0.046093411762780645,0.0,0.06821940651846602,NEUTRAL,,,,,
V9.6.6_EVIDENCE_SHRINKAGE,2025-12,83668,83678,-1,fca571982b7c88a0,2025-12-22,-1.2713745188088577,False,2,2,True,True,0.41119738345590356,0.3058925149402901,0.42105263157894735,0.8,False,0.532555362425028,0.34,0.5572199927650288,0.34924099919350565,NEUTRAL,False,0.10416911036830784,,0.0,,0.04191566583867625,0.0,False,False,False,ONLINE_RANK,0.10416911036830784,0.6190476190476191,0.65,0.4023809523809524,0.046093411762780645,0.0,0.04191566583867625,NEUTRAL,,,,,
V9.6.6_EVIDENCE_SHRINKAGE,2025-12,84671,84708,-1,fca571982b7c88a0,2025-12-26,-0.17082607522799248,False,2,2,True,True,0.37224061353245946,0.31990978910085244,0.5,0.8,False,0.822361606428685,0.34,0.5437025996569802,0.35917263007354594,NEUTRAL,False,0.13790875207446518,,0.0,,0.05549185500139194,0.0,False,False,False,ONLINE_RANK,0.13790875207446518,0.6190476190476191,0.65,0.4023809523809524,0.046093411762780645,0.0,0.05549185500139194,NEUTRAL,,,,,
V9.6.6_EVIDENCE_SHRINKAGE,2025-12,84672,84690,-1,fca571982b7c88a0,2025-12-26,-0.170827300512494,False,2,2,True,True,0.5175302429495976,0.27124494301808155,0.3559322033898305,0.8,False,0.8221943292089667,0.34,0.7059416244298242,0.3585692677562227,NEUTRAL,False,0.042760001460658836,,0.0,,0.01720581011155082,0.0,False,False,False,ONLINE_RANK,0.042760001460658836,0.6190476190476191,0.65,0.4023809523809524,0.046093411762780645,0.0,0.01720581011155082,NEUTRAL,,,,,
V9.6.6_EVIDENCE_SHRINKAGE,2025-12,85788,85793,-1,fca571982b7c88a0,2025-12-30,-1.2683530965091394,False,2,2,True,True,0.3569100855453335,0.3256995169664315,0.5333333333333333,0.8,False,0.53923280860747,0.34,0.6878377626066354,0.3533006020126685,NEUTRAL,False,0.14537093250562255,,0.0,,0.05849449427011955,0.0,False,False,False,ONLINE_RANK,0.14537093250562255,0.6190476190476191,0.65,0.4023809523809524,0.046093411762780645,0.0,0.05849449427011955,NEUTRAL,,,,,
V9.6.6_EVIDENCE_SHRINKAGE,2025-12,85793,85794,-1,fca571982b7c88a0,2025-12-30,-1.2713778691837487,False,2,2,True,True,0.5593670247169346,0.258532786925669,0.3114754098360656,0.8,False,0.5416127309038967,0.34,0.6666227066138002,0.3480065557506217,NEUTRAL,False,0.011152003379171882,,0.0,,0.004487353740666781,0.0,False,False,False,ONLINE_RANK,0.011152003379171882,0.6190476190476191,0.65,0.4023809523809524,0.046093411762780645,0.0,0.004487353740666781,NEUTRAL,,,,,
V9.6.6_EVIDENCE_SHRINKAGE,2026-01,86524,86538,-1,fca571982b7c88a0,2026-01-02,1.8837997881465247,True,1,1,True,True,0.23630330347738768,0.3799471579399241,1.0,0.8,True,0.5438746210242331,0.34,0.4412836233072719,0.3184094017426857,NEUTRAL,True,0.13013779587024232,,0.0,,0.04045588002053186,0.0,True,True,True,SELECTED,0.13013779587024232,0.4782608695652174,0.65,0.31086956521739134,0.044346237169198166,0.0,0.04045588002053186,NEUTRAL,NEUTRAL,,,,
V9.6.6_EVIDENCE_SHRINKAGE,2026-01,87301,87303,-1,fca571982b7c88a0,2026-01-05,-1.271348763189079,False,2,2,True,True,0.33666550678724855,0.3193067489255849,0.875,0.8,True,0.529416586327319,0.34,0.6673666939213856,0.3247078495192425,NEUTRAL,True,0.006861969303144755,,0.0,,0.0021331774138036957,0.0,True,True,True,SELECTED,0.006861969303144755,0.4782608695652174,0.65,0.31086956521739134,0.044346237169198166,0.0,0.0021331774138036957,NEUTRAL,NEUTRAL,,,,
V9.6.6_EVIDENCE_SHRINKAGE,2026-01,87305,87322,-1,fca571982b7c88a0,2026-01-05,1.8321953397565938,True,1,1,True,True,0.25431563669424473,0.3676039281546235,0.96,0.8,True,0.5333354570967384,0.34,0.5084309396820403,0.3207056607446053,NEUTRAL,True,0.10575717534776785,,0.0,,0.03287668711898001,0.0,True,False,False,MARKET_CLUSTER_DUPLICATE,0.10575717534776785,0.4782608695652174,0.65,0.31086956521739134,0.044346237169198166,0.0,0.03287668711898001,NEUTRAL,NEUTRAL,,,,
V9.6.6_EVIDENCE_SHRINKAGE,2026-01,89185,89192,-1,fca571982b7c88a0,2026-01-12,1.8301926884775166,True,1,1,True,True,0.5425147849550037,0.23097101851530752,0.38461538461538464,0.8,False,0.5358791535458773,0.34,0.6123039842169808,0.31967985897232265,REJECT,False,-0.18268525443906658,,0.0,,-0.05679128561910114,0.0,False,False,False,ONLINE_RANK,-0.18268525443906658,0.4782608695652174,0.65,0.31086956521739134,0.044346237169198166,0.0,-0.05679128561910114,NEUTRAL,,,,,
V9.6.6_EVIDENCE_SHRINKAGE,2026-01,89334,89363,-1,fca571982b7c88a0,2026-01-13,-1.2713582137541857,False,2,2,True,True,0.40372257547011736,0.2868486731081366,0.7777777777777778,0.8,False,0.5350343260719851,0.34,0.6373042204970509,0.3224024510446486,NEUTRAL,False,-0.06310667786988844,,0.0,,-0.01961794551172619,0.0,False,False,False,ONLINE_RANK,-0.06310667786988844,0.4782608695652174,0.65,0.31086956521739134,0.044346237169198166,0.0,-0.01961794551172619,NEUTRAL,,,,,
V9.6.6_EVIDENCE_SHRINKAGE,2026-01,89434,89436,-1,fca571982b7c88a0,2026-01-13,-0.17080459542339413,False,2,2,True,True,0.2766933711845145,0.3532851336304586,0.8928571428571429,0.8,True,0.533025914034753,0.34,0.6544542408256104,0.32532619168333826,NEUTRAL,True,0.07884788749615523,,0.0,,0.024511408504239565,0.0,True,False,False,NEUTRAL_MONTHLY_CAP,0.07884788749615523,0.4782608695652174,0.65,0.31086956521739134,0.044346237169198166,0.0,0.024511408504239565,NEUTRAL,NEUTRAL,,,,
V9.6.6_EVIDENCE_SHRINKAGE,2026-01,89436,89441,-1,fca571982b7c88a0,2026-01-13,-1.2713556731613804,False,2,2,True,True,0.2721104378456767,0.3561338491175096,0.896551724137931,0.8,True,0.5308015638800346,0.34,0.5805054862188725,0.3229235531885291,NEUTRAL,True,0.08316023254464966,,0.0,,0.025851985334532396,0.0,True,False,False,NEUTRAL_MONTHLY_CAP,0.08316023254464966,0.4782608695652174,0.65,0.31086956521739134,0.044346237169198166,0.0,0.025851985334532396,NEUTRAL,NEUTRAL,,,,
V9.6.6_EVIDENCE_SHRINKAGE,2026-01,89494,89513,-1,fca571982b7c88a0,2026-01-13,-1.271343544511908,False,2,2,True,True,0.270783621763573,0.35696632175707343,0.9333333333333333,0.8,True,0.5343983398809803,0.34,0.6566174284575508,0.32548520543962717,NEUTRAL,True,0.08671137243348803,,0.0,,0.026955926647801717,0.0,True,False,False,NEUTRAL_MONTHLY_CAP,0.08671137243348803,0.4782608695652174,0.65,0.31086956521739134,0.044346237169198166,0.0,0.026955926647801717,NEUTRAL,NEUTRAL,,,,
V9.6.6_EVIDENCE_SHRINKAGE,2026-01,89702,89704,-1,fca571982b7c88a0,2026-01-14,-1.2643270542932266,False,2,2,True,True,0.22995148717308547,0.38449573646316254,1.0,0.8,True,0.5259893454180284,0.34,0.6872295488882065,0.32779272559141814,NEUTRAL,True,0.14630270538101053,,0.0,,0.04548105841192285,0.0,True,False,False,NEUTRAL_MONTHLY_CAP,0.14630270538101053,0.4782608695652174,0.65,0.31086956521739134,0.044346237169198166,0.0,0.04548105841192285,NEUTRAL,NEUTRAL,,,,
V9.6.6_EVIDENCE_SHRINKAGE,2026-01,89703,89704,-1,fca571982b7c88a0,2026-01-14,-1.2651195544318625,False,2,2,True,True,0.19983971432642617,0.4076751046207133,1.0,0.8,True,0.5269858245318149,0.34,0.6335410344968728,0.32664491718586686,NEUTRAL,True,0.19430826771212917,,0.0,,0.06040452670181407,0.0,True,False,False,NEUTRAL_MONTHLY_CAP,0.19430826771212917,0.4782608695652174,0.65,0.31086956521739134,0.044346237169198166,0.0,0.06040452670181407,NEUTRAL,NEUTRAL,,,,
V9.6.6_EVIDENCE_SHRINKAGE,2026-01,89723,89726,-1,fca571982b7c88a0,2026-01-14,1.8306211803089454,True,1,1,True,True,0.3606662976613082,0.3071286218574488,0.6666666666666666,0.8,False,0.5262913670601924,0.34,0.6035504134174932,0.32223398971622885,NEUTRAL,False,-0.020519291676801776,,0.0,,-0.0063788232821362055,0.0,False,False,False,ONLINE_RANK,-0.020519291676801776,0.4782608695652174,0.65,0.31086956521739134,0.044346237169198166,0.0,-0.0063788232821362055,NEUTRAL,,,,,
V9.6.6_EVIDENCE_SHRINKAGE,2026-01,89980,89982,-1,fca571982b7c88a0,2026-01-15,-1.214180595850759,False,2,2,True,True,0.295351684790381,0.34209123982533,0.7647058823529411,0.8,False,0.5438317972743993,0.34,0.6471418156747022,0.32434470017276995,NEUTRAL,False,0.05458677667086831,,0.0,,0.01696936753029167,0.0,False,False,False,ONLINE_RANK,0.05458677667086831,0.4782608695652174,0.65,0.31086956521739134,0.044346237169198166,0.0,0.01696936753029167,NEUTRAL,,,,,
V9.6.6_EVIDENCE_SHRINKAGE,2026-01,91401,91405,-1,fca571982b7c88a0,2026-01-21,-1.2713815747300643,False,2,2,True,True,0.44132352207171605,0.27048825231828366,0.5142857142857142,0.8,False,0.8329731217796444,0.34,0.5818150390682617,0.31065662262061056,REJECT,False,-0.10580335951091613,,0.0,,-0.03289104436969784,0.0,False,False,False,ONLINE_RANK,-0.10580335951091613,0.4782608695652174,0.65,0.31086956521739134,0.044346237169198166,0.0,-0.03289104436969784,NEUTRAL,,,,,
V9.6.6_EVIDENCE_SHRINKAGE,2026-01,92944,92947,-1,fca571982b7c88a0,2026-01-26,-1.2713844105632546,False,2,2,True,True,0.4599304723526257,0.26277891867354913,0.5,0.8,False,0.653159886479536,0.34,0.7388331876477954,0.32114074538221066,REJECT,False,-0.11467854380791731,,0.0,,-0.03565006905333082,0.0,False,False,False,ONLINE_RANK,-0.11467854380791731,0.4782608695652174,0.65,0.31086956521739134,0.044346237169198166,0.0,-0.03565006905333082,NEUTRAL,,,,,
V9.6.6_EVIDENCE_SHRINKAGE,2026-01,93407,93419,-1,fca571982b7c88a0,2026-01-28,-1.2713710258873312,False,2,2,True,True,0.4234265579545631,0.27813612739196053,0.5675675675675675,0.8,False,0.5276192075024684,0.34,0.8195846111757603,0.32839194512096964,NEUTRAL,False,-0.07724937052851,,0.0,,-0.02401447822951507,0.0,False,False,False,ONLINE_RANK,-0.07724937052851,0.4782608695652174,0.65,0.31086956521739134,0.044346237169198166,0.0,-0.02401447822951507,NEUTRAL,,,,,
V9.6.6_EVIDENCE_SHRINKAGE,2026-01,93842,93849,-1,fca571982b7c88a0,2026-01-30,-1.2142246515575827,False,2,2,True,True,0.27778758253042835,0.35261100644222443,0.7894736842105263,0.8,False,0.8235804183181532,0.34,0.46305335218078814,0.30964640568152135,NEUTRAL,False,0.06642211136445542,,0.0,,0.020648612880689404,0.0,False,False,False,ONLINE_RANK,0.06642211136445542,0.4782608695652174,0.65,0.31086956521739134,0.044346237169198166,0.0,0.020648612880689404,NEUTRAL,,,,,
V9.6.6_EVIDENCE_SHRINKAGE,2026-01,93975,93984,-1,fca571982b7c88a0,2026-01-30,-0.11431472267443507,False,2,2,True,True,0.3150551930160864,0.33090920732720697,0.717948717948718,0.8,False,0.8181950601112894,0.34,0.6259969248301529,0.31460680590540974,NEUTRAL,False,0.024204215343474167,,0.0,,0.007524353900253927,0.0,False,False,False,ONLINE_RANK,0.024204215343474167,0.4782608695652174,0.65,0.31086956521739134,0.044346237169198166,0.0,0.007524353900253927,NEUTRAL,,,,,
V9.6.6_EVIDENCE_SHRINKAGE,2026-01,93990,93995,-1,fca571982b7c88a0,2026-01-30,-0.09074335126279931,False,2,2,True,True,0.20565326908854037,0.40297311424849513,0.975,0.8,True,0.8272523311050863,0.34,0.4727694930034963,0.3114158059888896,NEUTRAL,True,0.17371693818909506,,0.0,,0.054003309045740425,0.0,True,False,False,NEUTRAL_MONTHLY_CAP,0.17371693818909506,0.4782608695652174,0.65,0.31086956521739134,0.044346237169198166,0.0,0.054003309045740425,NEUTRAL,NEUTRAL,,,,
V9.6.6_EVIDENCE_SHRINKAGE,2026-01,94026,94032,-1,fca571982b7c88a0,2026-01-30,-0.08164347753032455,False,2,2,True,True,0.11015108961194912,0.5012431359502408,1.0,0.8,True,0.8295641425201912,0.34,0.6367347187065682,0.32051698077526813,NEUTRAL,True,0.3870429626214231,,0.0,,0.12031987751057285,0.0,True,False,False,NEUTRAL_MONTHLY_CAP,0.3870429626214231,0.4782608695652174,0.65,0.31086956521739134,0.044346237169198166,0.0,0.12031987751057285,NEUTRAL,NEUTRAL,,,,
V9.6.6_EVIDENCE_SHRINKAGE,2026-02,94681,94683,-1,fca571982b7c88a0,2026-02-02,-1.147716252048491,False,2,2,True,True,0.4792064038599513,0.22823163183757503,1.0,0.8,True,0.8252178811643591,0.34,0.7309115752048618,0.2001010767525651,REJECT,False,-0.3352949511781767,,0.0,,-0.09629982900117401,0.0,False,False,False,META_PROBABILITY,-0.3352949511781767,0.4418604651162791,0.65,0.2872093023255814,0.04064205786225328,0.0,-0.09629982900117401,NEUTRAL,,,,,
V9.6.6_EVIDENCE_SHRINKAGE,2026-02,94954,94956,-1,fca571982b7c88a0,2026-02-03,-1.271458451286327,False,2,2,True,True,0.46297624930899856,0.22676961949474242,1.0,0.8,True,0.8235731749235685,0.34,0.5539680705976251,0.205948827399892,REJECT,False,-0.3342722891914853,,0.0,,-0.09600611096546147,0.0,False,False,False,META_PROBABILITY,-0.3342722891914853,0.4418604651162791,0.65,0.2872093023255814,0.04064205786225328,0.0,-0.09600611096546147,NEUTRAL,,,,,
V9.6.6_EVIDENCE_SHRINKAGE,2026-02,95736,95739,-1,fca571982b7c88a0,2026-02-06,-1.1426924344671443,False,2,2,True,True,0.13413708451186912,0.1910120564482237,0.9090909090909091,0.8,True,0.8151231157899994,0.34,0.4802510570213202,0.208767883550175,REJECT,False,-0.4073514193671459,,0.0,,-0.1169951169577733,0.0,False,False,False,META_PROBABILITY,-0.4073514193671459,0.4418604651162791,0.65,0.2872093023255814,0.04064205786225328,0.0,-0.1169951169577733,NEUTRAL,,,,,
V9.6.6_EVIDENCE_SHRINKAGE,2026-02,95899,95904,-1,fca571982b7c88a0,2026-02-06,-1.1564385284876815,False,2,2,True,True,0.24644265601852172,0.20592201300118168,0.9130434782608695,0.8,True,0.5359909865907312,0.34,0.5149427879229135,0.21578498565949428,REJECT,False,-0.3711475691244992,,0.0,,-0.1065970343880829,0.0,False,False,False,META_PROBABILITY,-0.3711475691244992,0.4418604651162791,0.65,0.2872093023255814,0.04064205786225328,0.0,-0.1065970343880829,NEUTRAL,,,,,
V9.6.6_EVIDENCE_SHRINKAGE,2026-02,95934,95937,-1,fca571982b7c88a0,2026-02-06,1.9173976943992475,True,1,1,True,True,0.25916885321501726,0.20731622212460993,0.875,0.8,True,0.5379231141446924,0.34,0.7838313041946534,0.20817371870074905,REJECT,False,-0.37354635595115043,,0.0,,-0.1072859882789932,0.0,False,False,False,META_PROBABILITY,-0.37354635595115043,0.4418604651162791,0.65,0.2872093023255814,0.04064205786225328,0.0,-0.1072859882789932,NEUTRAL,,,,,
V9.6.6_EVIDENCE_SHRINKAGE,2026-02,96087,96112,-1,fca571982b7c88a0,2026-02-07,-0.03536910160585229,False,2,2,True,True,0.24072535907201453,0.20528271910263013,0.84,0.8,True,0.8280718001233414,0.34,0.5362454256248628,0.20648543139132589,REJECT,False,-0.37899564907708005,,0.0,,-0.10885107595585904,0.0,False,False,False,META_PROBABILITY,-0.37899564907708005,0.4418604651162791,0.65,0.2872093023255814,0.04064205786225328,0.0,-0.10885107595585904,NEUTRAL,,,,,
V9.6.6_EVIDENCE_SHRINKAGE,2026-02,96356,96357,-1,fca571982b7c88a0,2026-02-08,-1.2560392680815227,False,2,2,True,True,0.2069176585608037,0.20130731146166092,0.8076923076923077,0.8,True,0.5376979422253222,0.34,0.46517018965249385,0.21716514534052714,REJECT,False,-0.37986774695388614,,0.0,,-0.10910155057861613,0.0,False,False,False,META_PROBABILITY,-0.37986774695388614,0.4418604651162791,0.65,0.2872093023255814,0.04064205786225328,0.0,-0.10910155057861613,NEUTRAL,,,,,
V9.6.6_EVIDENCE_SHRINKAGE,2026-02,96360,96392,-1,fca571982b7c88a0,2026-02-08,1.8457320172273326,True,1,1,True,True,0.43074029512238754,0.22386463280930674,0.9259259259259259,0.8,True,0.5384071013079459,0.34,0.7689934501961346,0.20850956891969888,REJECT,False,-0.3385779789476718,,0.0,,-0.0972427451163662,0.0,False,False,False,META_PROBABILITY,-0.3385779789476718,0.4418604651162791,0.65,0.2872093023255814,0.04064205786225328,0.0,-0.0972427451163662,NEUTRAL,,,,,
V9.6.6_EVIDENCE_SHRINKAGE,2026-02,96361,96366,-1,fca571982b7c88a0,2026-02-08,-1.2562792545353076,False,2,2,True,True,0.3842228058840578,0.2196272576725514,0.8928571428571429,0.8,True,0.5383499708724803,0.34,0.666376360404185,0.21139300820798818,REJECT,False,-0.34545444472495485,,0.0,,-0.09921773005472541,0.0,False,False,False,META_PROBABILITY,-0.34545444472495485,0.4418604651162791,0.65,0.2872093023255814,0.04064205786225328,0.0,-0.09921773005472541,NEUTRAL,,,,,
V9.6.6_EVIDENCE_SHRINKAGE,2026-02,96362,96365,-1,fca571982b7c88a0,2026-02-08,-1.2556453186754493,False,2,2,True,True,0.341986005294879,0.21567255897850546,0.8620689655172413,0.8,True,0.5381740941083428,0.34,0.6639228927078087,0.21148056362999537,REJECT,False,-0.35369369235369985,,0.0,,-0.10158411861786495,0.0,False,False,False,META_PROBABILITY,-0.35369369235369985,0.4418604651162791,0.65,0.2872093023255814,0.04064205786225328,0.0,-0.10158411861786495,NEUTRAL,,,,,
V9.6.6_EVIDENCE_SHRINKAGE,2026-02,96368,96378,-1,fca571982b7c88a0,2026-02-08,-0.17097720463001453,False,2,2,True,True,0.4463588345520952,0.22527333253707882,1.0,0.8,True,0.5374301617835004,0.34,0.5222014504041129,0.2154801106718023,REJECT,False,-0.3307444478675828,,0.0,,-0.09499288212010808,0.0,False,False,False,META_PROBABILITY,-0.3307444478675828,0.4418604651162791,0.65,0.2872093023255814,0.04064205786225328,0.0,-0.09499288212010808,NEUTRAL,,,,,
V9.6.6_EVIDENCE_SHRINKAGE,2026-02,97014,97042,-1,fca571982b7c88a0,2026-02-11,1.8299966383944701,True,1,1,True,True,0.2899373255347411,0.21054621503777085,0.8064516129032258,0.8,True,0.8157640479661389,0.34,0.6174247221666993,0.20416353482458285,REJECT,False,-0.369572588296463,,0.0,,-0.10614468524328646,0.0,False,False,False,META_PROBABILITY,-0.369572588296463,0.4418604651162791,0.65,0.2872093023255814,0.04064205786225328,0.0,-0.10614468524328646,NEUTRAL,,,,,
V9.6.6_EVIDENCE_SHRINKAGE,2026-02,97407,97429,-1,fca571982b7c88a0,2026-02-12,-0.17101391236728516,False,2,2,True,True,0.21209538926972057,0.2019404075449991,0.6875,0.8,False,0.5208868499391603,0.34,0.5172629844903673,0.2161822744312909,REJECT,False,-0.379226591828637,,0.0,,-0.10891740486241086,0.0,False,False,False,ONLINE_RANK,-0.379226591828637,0.4418604651162791,0.65,0.2872093023255814,0.04064205786225328,0.0,-0.10891740486241086,NEUTRAL,,,,,
V9.6.6_EVIDENCE_SHRINKAGE,2026-02,98164,98168,-1,fca571982b7c88a0,2026-02-15,1.8300155557064772,True,1,1,True,True,0.24365986889442282,0.20561190139161226,0.7272727272727273,0.8,False,0.5159214190230423,0.34,0.7698252962110346,0.20931924692331408,REJECT,False,-0.37632210070726146,,0.0,,-0.10808320799382974,0.0,False,False,False,ONLINE_RANK,-0.37632210070726146,0.4418604651162791,0.65,0.2872093023255814,0.04064205786225328,0.0,-0.10808320799382974,NEUTRAL,,,,,
V9.6.6_EVIDENCE_SHRINKAGE,2026-02,99318,99333,-1,fca571982b7c88a0,2026-02-19,-1.1861141632068202,False,2,2,True,True,0.2362541940225166,0.20477674842919422,0.6176470588235294,0.8,False,0.826944150002161,0.34,0.739992962905103,0.19985288118817868,REJECT,False,-0.3846979752937359,,0.0,,-0.11048883709017764,0.0,False,False,False,ONLINE_RANK,-0.3846979752937359,0.4418604651162791,0.65,0.2872093023255814,0.04064205786225328,0.0,-0.11048883709017764,NEUTRAL,,,,,
V9.6.6_EVIDENCE_SHRINKAGE,2026-02,99590,99609,-1,fca571982b7c88a0,2026-02-20,-0.070515503470127,False,2,2,True,True,0.41883435476782593,0.22278749294849629,0.8857142857142857,0.8,True,0.695196340018879,0.34,0.6281389257852499,0.20751012312090356,REJECT,False,-0.34153802881000733,,0.0,,-0.09809289897217652,0.0,False,False,False,META_PROBABILITY,-0.34153802881000733,0.4418604651162791,0.65,0.2872093023255814,0.04064205786225328,0.0,-0.09809289897217652,NEUTRAL,,,,,
V9.6.6_EVIDENCE_SHRINKAGE,2026-02,99673,99773,-1,fca571982b7c88a0,2026-02-20,-0.1710144801858375,False,2,2,True,True,0.31247330491410313,0.2128092900819261,0.8055555555555556,0.8,True,0.5177510305714303,0.34,0.7171054850306937,0.21068166930594567,REJECT,False,-0.3602623303601673,,0.0,,-0.10347069255693177,0.0,False,False,False,META_PROBABILITY,-0.3602623303601673,0.4418604651162791,0.65,0.2872093023255814,0.04064205786225328,0.0,-0.10347069255693177,NEUTRAL,,,,,
V9.6.6_EVIDENCE_SHRINKAGE,2026-02,100294,100317,-1,fca571982b7c88a0,2026-02-23,-1.2715920467379538,False,2,2,True,True,0.5457560675536853,0.23429801633550928,1.0,0.8,True,0.8018245037380864,0.34,0.7471083172366932,0.20031554960726689,REJECT,False,-0.32241218436176056,,0.0,,-0.09259977853180798,0.0,False,False,False,META_PROBABILITY,-0.32241218436176056,0.4418604651162791,0.65,0.2872093023255814,0.04064205786225328,0.0,-0.09259977853180798,NEUTRAL,,,,,
V9.6.6_EVIDENCE_SHRINKAGE,2026-02,100296,100317,-1,fca571982b7c88a0,2026-02-23,-1.2715917392088396,False,2,2,True,True,0.45107856975627053,0.22569843831068034,0.8947368421052632,0.8,True,0.8206820310034237,0.34,0.5656665748751474,0.2056528819383847,REJECT,False,-0.33672764088335133,,0.0,,-0.09671131081184625,0.0,False,False,False,META_PROBABILITY,-0.33672764088335133,0.4418604651162791,0.65,0.2872093023255814,0.04064205786225328,0.0,-0.09671131081184625,NEUTRAL,,,,,
V9.6.6_EVIDENCE_SHRINKAGE,2026-02,100465,100479,-1,fca571982b7c88a0,2026-02-23,-0.17105267317091122,False,2,2,True,True,0.2909981372256259,0.21065449472342593,0.717948717948718,0.8,False,0.8216035703740082,0.34,0.6456033966395689,0.20306318507974655,REJECT,False,-0.3701151605832246,,0.0,,-0.10630051705122845,0.0,False,False,False,ONLINE_RANK,-0.3701151605832246,0.4418604651162791,0.65,0.2872093023255814,0.04064205786225328,0.0,-0.10630051705122845,NEUTRAL,,,,,
V9.6.6_EVIDENCE_SHRINKAGE,2026-02,100929,100933,-1,fca571982b7c88a0,2026-02-25,-1.2081732491448367,False,2,2,True,True,0.6956335376853316,0.2494430039155692,1.0,0.8,True,0.5393643663912624,0.34,0.6523491776611512,0.2116574493199563,REJECT,False,-0.28268926038663267,,0.0,,-0.08119098525057938,0.0,False,False,False,META_PROBABILITY,-0.28268926038663267,0.4418604651162791,0.65,0.2872093023255814,0.04064205786225328,0.0,-0.08119098525057938,NEUTRAL,,,,,
V9.6.6_EVIDENCE_SHRINKAGE,2026-02,100956,100979,-1,fca571982b7c88a0,2026-02-25,-0.096494148906579,False,2,2,True,True,0.6329175338727199,0.2427151271368401,0.975609756097561,0.8,True,0.5282620573704895,0.34,0.6207185657571499,0.2129252387001544,REJECT,False,-0.29592339273841767,,0.0,,-0.08499195117021996,0.0,False,False,False,META_PROBABILITY,-0.29592339273841767,0.4418604651162791,0.65,0.2872093023255814,0.04064205786225328,0.0,-0.08499195117021996,NEUTRAL,,,,,
V9.6.6_EVIDENCE_SHRINKAGE,2026-02,100957,100972,-1,fca571982b7c88a0,2026-02-25,1.8956864420871675,True,1,1,True,True,0.6256151881216235,0.24197653859196763,0.9761904761904762,0.8,True,0.5285131419707914,0.34,0.5161684842262584,0.21587182867144483,REJECT,False,-0.2954120844640492,,0.0,,-0.0848450986774653,0.0,False,False,False,META_PROBABILITY,-0.2954120844640492,0.4418604651162791,0.65,0.2872093023255814,0.04064205786225328,0.0,-0.0848450986774653,NEUTRAL,,,,,
V9.6.6_EVIDENCE_SHRINKAGE,2026-02,100958,100962,-1,fca571982b7c88a0,2026-02-25,-0.09855083137035946,False,2,2,True,True,0.5033779227079692,0.2304166997002369,0.9069767441860465,0.8,True,0.528527947357008,0.34,0.6940231859059482,0.2109052842016221,REJECT,False,-0.3231497473911615,,0.0,,-0.09281161349490336,0.0,False,False,False,META_PROBABILITY,-0.3231497473911615,0.4418604651162791,0.65,0.2872093023255814,0.04064205786225328,0.0,-0.09281161349490336,NEUTRAL,,,,,
V9.6.6_EVIDENCE_SHRINKAGE,2026-02,100959,100976,-1,fca571982b7c88a0,2026-02-25,-0.09927463890849905,False,2,2,True,True,0.4367911480670025,0.2244108379416937,0.8181818181818182,0.8,True,0.5288790930303747,0.34,0.6739918484204714,0.2114722516188678,REJECT,False,-0.3353587624117257,,0.0,,-0.09631815618104214,0.0,False,False,False,META_PROBABILITY,-0.3353587624117257,0.4418604651162791,0.65,0.2872093023255814,0.04064205786225328,0.0,-0.09631815618104214,NEUTRAL,,,,,
V9.6.6_EVIDENCE_SHRINKAGE,2026-02,101371,101388,-1,fca571982b7c88a0,2026-02-27,1.829983805372121,True,1,1,True,True,0.14533521220084025,0.192816878974752,0.4666666666666667,0.8,False,0.526197314135511,0.34,0.5817517596343265,0.21423647260467193,REJECT,False,-0.39973728197708663,,0.0,,-0.11480826587016325,0.0,False,False,False,ONLINE_RANK,-0.39973728197708663,0.4418604651162791,0.65,0.2872093023255814,0.04064205786225328,0.0,-0.11480826587016325,NEUTRAL,,,,,
V9.6.6_EVIDENCE_SHRINKAGE,2026-02,101373,101383,-1,fca571982b7c88a0,2026-02-27,-1.2715668036486347,False,2,2,True,True,0.14378770643014466,0.1925736335999573,0.45652173913043476,0.8,False,0.5255783282945075,0.34,0.6763837066545355,0.21161763119381802,REJECT,False,-0.40208005480937364,,0.0,,-0.11548113202083173,0.0,False,False,False,ONLINE_RANK,-0.40208005480937364,0.4418604651162791,0.65,0.2872093023255814,0.04064205786225328,0.0,-0.11548113202083173,NEUTRAL,,,,,
V9.6.6_EVIDENCE_SHRINKAGE,2026-02,101748,101753,-1,fca571982b7c88a0,2026-02-28,-1.2715983976005274,False,2,2,True,True,0.18220193782567748,0.19813707516249315,0.48936170212765956,0.8,False,0.5443363618527649,0.34,0.645964087929294,0.21184429123274717,REJECT,False,-0.39024438673704154,,0.0,,-0.11208181805122007,0.0,False,False,False,ONLINE_RANK,-0.39024438673704154,0.4418604651162791,0.65,0.2872093023255814,0.04064205786225328,0.0,-0.11208181805122007,NEUTRAL,,,,,
V9.6.6_EVIDENCE_SHRINKAGE,2026-02,101768,101774,-1,fca571982b7c88a0,2026-02-28,-1.1998472091112342,False,2,2,True,True,0.3026944885128733,0.2118365359207376,0.6875,0.8,False,0.5430143294393339,0.34,0.7508465443203018,0.2089012854648912,REJECT,False,-0.36354965485601853,,0.0,,-0.10441484273190299,0.0,False,False,False,ONLINE_RANK,-0.36354965485601853,0.4418604651162791,0.65,0.2872093023255814,0.04064205786225328,0.0,-0.10441484273190299,NEUTRAL,,,,,
V9.6.6_EVIDENCE_SHRINKAGE,2026-03,102055,102063,-1,fca571982b7c88a0,2026-03-01,-1.2715948749560528,False,2,2,True,True,0.2708570681779706,0.21946152605094912,1.0,0.8,True,0.544397639241918,0.34,0.5614035690466743,0.20770067784859572,REJECT,False,-0.2193819917669395,,0.0,,-0.07802548197748699,0.0,False,False,False,META_PROBABILITY,-0.2193819917669395,0.5471698113207547,0.65,0.3556603773584906,0.040216394545204516,0.0,-0.07802548197748699,NEUTRAL,,,,,
V9.6.6_EVIDENCE_SHRINKAGE,2026-03,102318,102326,-1,fca571982b7c88a0,2026-03-02,-1.2281244566321963,False,2,2,True,True,0.3659702774525557,0.20505411015741867,0.967741935483871,0.8,True,0.5434510580954119,0.34,0.5100482783860304,0.20706812174355585,REJECT,False,-0.24845397464319957,,0.0,,-0.08836523437781721,0.0,False,False,False,META_PROBABILITY,-0.24845397464319957,0.5471698113207547,0.65,0.3556603773584906,0.040216394545204516,0.0,-0.08836523437781721,NEUTRAL,,,,,
V9.6.6_EVIDENCE_SHRINKAGE,2026-03,102492,102504,-1,fca571982b7c88a0,2026-03-03,1.8441729471574129,True,1,1,True,True,0.33376258121389274,0.2095941887556118,0.96875,0.8,True,0.5376284212260418,0.34,0.4777133080892641,0.2068220972593291,REJECT,False,-0.2395880167860251,,0.0,,-0.08521196446069007,0.0,False,False,False,META_PROBABILITY,-0.2395880167860251,0.5471698113207547,0.65,0.3556603773584906,0.040216394545204516,0.0,-0.08521196446069007,NEUTRAL,,,,,
V9.6.6_EVIDENCE_SHRINKAGE,2026-03,102806,102825,-1,fca571982b7c88a0,2026-03-04,-1.1726146833327746,False,2,2,True,True,0.32908083869503585,0.21027869522810608,0.9696969696969697,0.8,True,0.5459836295095827,0.34,0.7322175571358676,0.20961227735175697,REJECT,False,-0.2363770584176283,,0.0,,-0.08406995379570366,0.0,False,False,False,META_PROBABILITY,-0.2363770584176283,0.5471698113207547,0.65,0.3556603773584906,0.040216394545204516,0.0,-0.08406995379570366,NEUTRAL,,,,,
V9.6.6_EVIDENCE_SHRINKAGE,2026-03,104107,104114,-1,fca571982b7c88a0,2026-03-09,-1.205545845546496,False,2,2,True,True,0.36752956881137816,0.20484109304545448,0.9117647058823529,0.8,True,0.5490966035144078,0.34,0.6585373436237276,0.20867109350900606,REJECT,False,-0.2478149778674037,,0.0,,-0.08813796854340679,0.0,False,False,False,META_PROBABILITY,-0.2478149778674037,0.5471698113207547,0.65,0.3556603773584906,0.040216394545204516,0.0,-0.08813796854340679,NEUTRAL,,,,,
V9.6.6_EVIDENCE_SHRINKAGE,2026-03,104110,104111,-1,fca571982b7c88a0,2026-03-09,-1.1953875319940082,False,2,2,True,True,0.35739864785544695,0.20623561024525683,0.9142857142857143,0.8,True,0.5499870247399239,0.34,0.6227040427153014,0.20824623370350512,REJECT,False,-0.24532328678599513,,0.0,,-0.08725177275313224,0.0,False,False,False,META_PROBABILITY,-0.24532328678599513,0.5471698113207547,0.65,0.3556603773584906,0.040216394545204516,0.0,-0.08725177275313224,NEUTRAL,,,,,
V9.6.6_EVIDENCE_SHRINKAGE,2026-03,104249,104259,-1,fca571982b7c88a0,2026-03-10,1.8667662586489724,True,1,1,True,True,0.18750616949138774,0.23595828005382813,1.0,0.8,True,0.5414151565292521,0.34,0.7232933303135798,0.20972465373835164,REJECT,False,-0.18523245938306981,,0.0,,-0.06587984640322389,0.0,False,False,False,META_PROBABILITY,-0.18523245938306981,0.5471698113207547,0.65,0.3556603773584906,0.040216394545204516,0.0,-0.06587984640322389,NEUTRAL,,,,,
V9.6.6_EVIDENCE_SHRINKAGE,2026-03,104251,104259,-1,fca571982b7c88a0,2026-03-10,1.8733285576468404,True,1,1,True,True,0.23538604719841885,0.22585647767056066,0.972972972972973,0.8,True,0.5412873953045165,0.34,0.5627483105866071,0.20780209028140537,REJECT,False,-0.2065968466049547,,0.0,,-0.07347831242459238,0.0,False,False,False,META_PROBABILITY,-0.2065968466049547,0.5471698113207547,0.65,0.3556603773584906,0.040216394545204516,0.0,-0.07347831242459238,NEUTRAL,,,,,
V9.6.6_EVIDENCE_SHRINKAGE,2026-03,104307,104317,-1,fca571982b7c88a0,2026-03-10,-0.1709824858332862,False,2,2,True,True,0.18115873169478452,0.23746803453782006,1.0,0.8,True,0.5468755290324424,0.34,0.6318637837162198,0.20855061469616779,REJECT,False,-0.18300823265834693,,0.0,,-0.0650887770869781,0.0,False,False,False,META_PROBABILITY,-0.18300823265834693,0.5471698113207547,0.65,0.3556603773584906,0.040216394545204516,0.0,-0.0650887770869781,NEUTRAL,,,,,
V9.6.6_EVIDENCE_SHRINKAGE,2026-03,104944,104969,-1,fca571982b7c88a0,2026-03-12,-0.11970486019910959,False,2,2,True,True,0.19158733095836514,0.23501211289989662,0.9487179487179487,0.8,True,0.546121033019705,0.34,0.6435837061012684,0.20869162205935965,REJECT,False,-0.18779895462322632,,0.0,,-0.06679264706882673,0.0,False,False,False,META_PROBABILITY,-0.18779895462322632,0.5471698113207547,0.65,0.3556603773584906,0.040216394545204516,0.0,-0.06679264706882673,NEUTRAL,,,,,
V9.6.6_EVIDENCE_SHRINKAGE,2026-03,105085,105100,-1,fca571982b7c88a0,2026-03-13,-0.1709761653066637,False,2,2,True,True,0.3734557827771899,0.20403666024407435,0.75,0.8,False,0.5287000418128676,0.34,0.547568979267683,0.2077773768372203,REJECT,False,-0.2500072459283626,,0.0,,-0.0889176714292384,0.0,False,False,False,ONLINE_RANK,-0.2500072459283626,0.5471698113207547,0.65,0.3556603773584906,0.040216394545204516,0.0,-0.0889176714292384,NEUTRAL,,,,,
V9.6.6_EVIDENCE_SHRINKAGE,2026-03,106103,106123,-1,fca571982b7c88a0,2026-03-17,1.8929812581432537,True,1,1,True,True,0.46307106028905975,0.1926539645456701,0.7317073170731707,0.8,False,0.5284253395934125,0.34,0.6941920253872691,0.2094330890721802,REJECT,False,-0.27154691054899854,,0.0,,-0.09657847667638911,0.0,False,False,False,ONLINE_RANK,-0.27154691054899854,0.5471698113207547,0.65,0.3556603773584906,0.040216394545204516,0.0,-0.09657847667638911,NEUTRAL,,,,,
V9.6.6_EVIDENCE_SHRINKAGE,2026-03,106104,106124,-1,fca571982b7c88a0,2026-03-17,1.8931749981825314,True,1,1,True,True,0.45062948108240036,0.19416463728842778,0.7380952380952381,0.8,False,0.5280758478963509,0.34,0.6029094228419145,0.20838889306243716,REJECT,False,-0.2692347828215963,,0.0,,-0.0957561444563602,0.0,False,False,False,ONLINE_RANK,-0.2692347828215963,0.5471698113207547,0.65,0.3556603773584906,0.040216394545204516,0.0,-0.0957561444563602,NEUTRAL,,,,,
V9.6.6_EVIDENCE_SHRINKAGE,2026-03,106105,106124,-1,fca571982b7c88a0,2026-03-17,1.8892514261015307,True,1,1,True,True,0.4255857713428853,0.19726335994471533,0.7441860465116279,0.8,False,0.5274943093995276,0.34,0.6575490969697555,0.20904748310390164,REJECT,False,-0.26263562994821443,,0.0,,-0.09340908725516683,0.0,False,False,False,ONLINE_RANK,-0.26263562994821443,0.5471698113207547,0.65,0.3556603773584906,0.040216394545204516,0.0,-0.09340908725516683,NEUTRAL,,,,,
V9.6.6_EVIDENCE_SHRINKAGE,2026-03,106107,106124,-1,fca571982b7c88a0,2026-03-17,1.8805240496491884,True,1,1,True,True,0.3320237281389223,0.20984763012104882,0.8636363636363636,0.8,True,0.5281122952208162,0.34,0.4706715883906945,0.2069199507562392,REJECT,False,-0.23901911846380552,,0.0,,-0.08500962986873084,0.0,False,False,False,META_PROBABILITY,-0.23901911846380552,0.5471698113207547,0.65,0.3556603773584906,0.040216394545204516,0.0,-0.08500962986873084,NEUTRAL,,,,,
V9.6.6_EVIDENCE_SHRINKAGE,2026-03,106778,106783,-1,fca571982b7c88a0,2026-03-19,1.8816323640944537,True,1,1,True,True,0.30120037481409473,0.21450752465007566,0.8888888888888888,0.8,True,0.8109109427902574,0.34,0.7780438329778043,0.20488388692652476,REJECT,False,-0.2311015204108307,,0.0,,-0.08219365395743697,0.0,False,False,False,META_PROBABILITY,-0.2311015204108307,0.5471698113207547,0.65,0.3556603773584906,0.040216394545204516,0.0,-0.08219365395743697,NEUTRAL,,,,,
V9.6.6_EVIDENCE_SHRINKAGE,2026-03,106779,106790,-1,fca571982b7c88a0,2026-03-19,-0.11468370528859864,False,2,2,True,True,0.2877585721369838,0.21665172036030442,0.8913043478260869,0.8,True,0.8113706648661828,0.34,0.7629933241579971,0.2047270154846833,REJECT,False,-0.22694125783311636,,0.0,,-0.08071401339913667,0.0,False,False,False,META_PROBABILITY,-0.22694125783311636,0.5471698113207547,0.65,0.3556603773584906,0.040216394545204516,0.0,-0.08071401339913667,NEUTRAL,,,,,
V9.6.6_EVIDENCE_SHRINKAGE,2026-03,106803,106811,-1,fca571982b7c88a0,2026-03-19,-0.1262382065395386,False,2,2,True,True,0.2265245907701192,0.22758035114294425,0.9148936170212766,0.8,True,0.8132025205182656,0.34,0.5294469308812224,0.20229674622363863,REJECT,False,-0.20681807682668402,,0.0,,-0.07355699524873574,0.0,False,False,False,META_PROBABILITY,-0.20681807682668402,0.5471698113207547,0.65,0.3556603773584906,0.040216394545204516,0.0,-0.07355699524873574,NEUTRAL,,,,,
V9.6.6_EVIDENCE_SHRINKAGE,2026-03,107955,107963,-1,fca571982b7c88a0,2026-03-24,-0.17098355244013475,False,2,2,True,True,0.22741485367433353,0.22740456094921443,0.9375,0.8,True,0.5315240520533739,0.34,0.7403343528793409,0.21008065254716246,REJECT,False,-0.20200761446836796,,0.0,,-0.07184610439110824,0.0,False,False,False,META_PROBABILITY,-0.20200761446836796,0.5471698113207547,0.65,0.3556603773584906,0.040216394545204516,0.0,-0.07184610439110824,NEUTRAL,,,,,
V9.6.6_EVIDENCE_SHRINKAGE,2026-03,108044,108062,-1,fca571982b7c88a0,2026-03-24,-0.1709805573440218,False,2,2,True,True,0.38130742890107444,0.202982957370083,0.673469387755102,0.8,False,0.5380690763656399,0.34,0.6278002829251432,0.20852212038903292,REJECT,False,-0.2516090892357893,,0.0,,-0.08948738362442696,0.0,False,False,False,ONLINE_RANK,-0.2516090892357893,0.5471698113207547,0.65,0.3556603773584906,0.040216394545204516,0.0,-0.08948738362442696,NEUTRAL,,,,,
V9.6.6_EVIDENCE_SHRINKAGE,2026-03,108206,108215,-1,fca571982b7c88a0,2026-03-24,-0.17098730482941166,False,2,2,True,True,0.38193087490649025,0.20289985898145652,0.66,0.8,False,0.5419982660397162,0.34,0.5226860846259644,0.20723271963720805,REJECT,False,-0.25262911298483937,,0.0,,-0.08985016565592872,0.0,False,False,False,ONLINE_RANK,-0.25262911298483937,0.5471698113207547,0.65,0.3556603773584906,0.040216394545204516,0.0,-0.08985016565592872,NEUTRAL,,,,,
V9.6.6_EVIDENCE_SHRINKAGE,2026-03,108463,108476,-1,fca571982b7c88a0,2026-03-25,-1.271531187316225,False,2,2,True,True,0.20648328130678234,0.23170700157257204,0.9411764705882353,0.8,True,0.5374438613016208,0.34,0.5287024540777219,0.20750208780688478,REJECT,False,-0.19516053217657964,,0.0,,-0.06941086851940616,0.0,False,False,False,META_PROBABILITY,-0.19516053217657964,0.5471698113207547,0.65,0.3556603773584906,0.040216394545204516,0.0,-0.06941086851940616,NEUTRAL,,,,,
V9.6.6_EVIDENCE_SHRINKAGE,2026-03,108892,108900,-1,fca571982b7c88a0,2026-03-27,-0.17103078347391923,False,2,2,True,True,0.28167118845204303,0.21764833076343157,0.8461538461538461,0.8,True,0.8224914243149534,0.34,0.5093647304345397,0.20188290344059404,REJECT,False,-0.22684465849365,,0.0,,-0.08067965684160948,0.0,False,False,False,META_PROBABILITY,-0.22684465849365,0.5471698113207547,0.65,0.3556603773584906,0.040216394545204516,0.0,-0.08067965684160948,NEUTRAL,,,,,
V9.6.6_EVIDENCE_SHRINKAGE,2026-04,110268,110279,-1,fca571982b7c88a0,2026-04-01,-1.2715560653592688,False,2,2,True,True,0.3042075812998795,0.34224627143976405,0.875,0.8,True,0.5436787164123129,0.34,0.5023337538837325,0.34719714738526813,NEUTRAL,True,0.2628177307364539,,0.0,,0.083598405840638,0.0,True,True,True,SELECTED,0.2628177307364539,0.48936170212765956,0.65,0.3180851063829787,0.0458821100747641,0.0,0.083598405840638,NEUTRAL,NEUTRAL,,,,
V9.6.6_EVIDENCE_SHRINKAGE,2026-04,110715,110764,-1,fca571982b7c88a0,2026-04-03,-0.17102508223255208,False,2,2,True,True,0.23292809332323433,0.3064038311658871,0.8,0.8,True,0.6594040126019258,0.34,0.48491200258086364,0.34484995953568237,NEUTRAL,True,0.1952498505391564,,0.0,,0.062106069480008255,0.0,True,True,True,SELECTED,0.1952498505391564,0.48936170212765956,0.65,0.3180851063829787,0.0458821100747641,0.0,0.062106069480008255,NEUTRAL,NEUTRAL,,,,
V9.6.6_EVIDENCE_SHRINKAGE,2026-04,111532,111579,-1,fca571982b7c88a0,2026-04-06,1.8300055315261816,True,1,1,True,True,0.31833419332165686,0.3489831855181098,0.9230769230769231,0.8,True,0.534654856216511,0.34,0.5825443002139574,0.3481556910539604,NEUTRAL,True,0.2758358892802677,,0.0,,0.08773928818595748,0.0,True,False,False,NEUTRAL_MONTHLY_CAP,0.2758358892802677,0.48936170212765956,0.65,0.3180851063829787,0.0458821100747641,0.0,0.08773928818595748,NEUTRAL,NEUTRAL,,,,
V9.6.6_EVIDENCE_SHRINKAGE,2026-04,112112,112114,-1,fca571982b7c88a0,2026-04-08,1.830033640997342,True,1,1,True,True,0.2512164680980352,0.31595720262905674,0.7777777777777778,0.8,False,0.5184439270336059,0.34,0.6405222538963247,0.34787166709023526,NEUTRAL,False,0.2147327458479686,,0.0,,0.06830328830696022,0.0,False,False,False,ONLINE_RANK,0.2147327458479686,0.48936170212765956,0.65,0.3180851063829787,0.0458821100747641,0.0,0.06830328830696022,NEUTRAL,,,,,
V9.6.6_EVIDENCE_SHRINKAGE,2026-04,112113,112118,-1,fca571982b7c88a0,2026-04-08,1.8527370445175673,True,1,1,True,True,0.44109509080304804,0.40490301077025725,1.0,0.8,True,0.5247359190577253,0.34,0.8019318191574336,0.3518636909468548,NEUTRAL,True,0.3812806734483217,,0.0,,0.12127970357558318,0.0,True,False,False,NEUTRAL_MONTHLY_CAP,0.3812806734483217,0.48936170212765956,0.65,0.3180851063829787,0.0458821100747641,0.0,0.12127970357558318,NEUTRAL,NEUTRAL,,,,
V9.6.6_EVIDENCE_SHRINKAGE,2026-04,112463,112477,-1,fca571982b7c88a0,2026-04-09,-1.27151783652678,False,2,2,True,True,0.3005056825759822,0.34046469768037374,0.7931034482758621,0.8,False,0.5527950539598251,0.34,0.7895744618244593,0.3494520613079034,NEUTRAL,False,0.26091763820583525,,0.0,,0.08299401470589865,0.0,False,False,False,ONLINE_RANK,0.26091763820583525,0.48936170212765956,0.65,0.3180851063829787,0.0458821100747641,0.0,0.08299401470589865,NEUTRAL,,,,,
V9.6.6_EVIDENCE_SHRINKAGE,2026-04,112516,112550,-1,fca571982b7c88a0,2026-04-10,-0.1709693360188157,False,2,2,True,True,0.22842863516274997,0.3040065668704993,0.6666666666666666,0.8,False,0.5456662134449218,0.34,0.6779403672298914,0.34752367303673576,NEUTRAL,False,0.19247143496026659,,0.0,,0.06122229686502097,0.0,False,False,False,ONLINE_RANK,0.19247143496026659,0.48936170212765956,0.65,0.3180851063829787,0.0458821100747641,0.0,0.06122229686502097,NEUTRAL,,,,,
V9.6.6_EVIDENCE_SHRINKAGE,2026-04,113469,113475,-1,fca571982b7c88a0,2026-04-13,-1.251441395218504,False,2,2,True,True,0.16201884569319933,0.26576118021027473,0.45161290322580644,0.8,False,0.5495341026992175,0.34,0.5876526134319595,0.34568939382356706,NEUTRAL,False,0.12078585870376729,,0.0,,0.03842018271534725,0.0,False,False,False,ONLINE_RANK,0.12078585870376729,0.48936170212765956,0.65,0.3180851063829787,0.0458821100747641,0.0,0.03842018271534725,NEUTRAL,,,,,
V9.6.6_EVIDENCE_SHRINKAGE,2026-04,113727,113733,-1,fca571982b7c88a0,2026-04-14,1.8619666030568092,True,1,1,True,True,0.413674626398174,0.39266361597202326,0.96875,0.8,True,0.5191697223300527,0.34,0.7498393752757464,0.3510697966783391,NEUTRAL,True,0.3582124325276514,,0.0,,0.11394203970826358,0.0,True,False,False,NEUTRAL_MONTHLY_CAP,0.3582124325276514,0.48936170212765956,0.65,0.3180851063829787,0.0458821100747641,0.0,0.11394203970826358,NEUTRAL,NEUTRAL,,,,
V9.6.6_EVIDENCE_SHRINKAGE,2026-04,114469,114479,-1,fca571982b7c88a0,2026-04-17,1.853407714439175,True,1,1,True,True,0.23171373977077997,0.305758766732218,0.696969696969697,0.8,False,0.5464280134818001,0.34,0.6088954659981456,0.3470202878572682,NEUTRAL,False,0.19539444799941164,,0.0,,0.06215206377853625,0.0,False,False,False,ONLINE_RANK,0.19539444799941164,0.48936170212765956,0.65,0.3180851063829787,0.0458821100747641,0.0,0.06215206377853625,NEUTRAL,,,,,
V9.6.6_EVIDENCE_SHRINKAGE,2026-04,114531,114542,-1,fca571982b7c88a0,2026-04-17,-1.194673848969825,False,2,2,True,True,0.44653418532907546,0.40732464617868314,1.0,0.8,True,0.5365942304273893,0.34,0.7124072532528167,0.3509815937402566,NEUTRAL,True,0.3852058138681698,,0.0,,0.12252823228359869,0.0,True,False,False,NEUTRAL_MONTHLY_CAP,0.3852058138681698,0.48936170212765956,0.65,0.3180851063829787,0.0458821100747641,0.0,0.12252823228359869,NEUTRAL,NEUTRAL,,,,
V9.6.6_EVIDENCE_SHRINKAGE,2026-04,114532,114542,-1,fca571982b7c88a0,2026-04-17,-1.1947261496607022,False,2,2,True,True,0.4696082346468783,0.417591333705021,1.0,0.8,True,0.5366880178896923,0.34,0.5627131874031621,0.34988247301672326,NEUTRAL,True,0.40347055703114615,,0.0,,0.1283379750556518,0.0,True,False,False,NEUTRAL_MONTHLY_CAP,0.40347055703114615,0.48936170212765956,0.65,0.3180851063829787,0.0458821100747641,0.0,0.1283379750556518,NEUTRAL,NEUTRAL,,,,
V9.6.6_EVIDENCE_SHRINKAGE,2026-04,114535,114542,-1,fca571982b7c88a0,2026-04-17,-1.202651479906994,False,2,2,True,True,0.42531619596841697,0.3978680131787214,0.9166666666666666,0.8,True,0.5355431889637883,0.34,0.5935741097353844,0.3496244403721945,NEUTRAL,True,0.36692501391459115,,0.0,,0.11671338208559867,0.0,True,False,False,NEUTRAL_MONTHLY_CAP,0.36692501391459115,0.48936170212765956,0.65,0.3180851063829787,0.0458821100747641,0.0,0.11671338208559867,NEUTRAL,NEUTRAL,,,,
V9.6.6_EVIDENCE_SHRINKAGE,2026-04,115599,115601,-1,fca571982b7c88a0,2026-04-21,1.8300695210444844,True,1,1,True,True,0.3166038257936779,0.3481629751616513,0.7837837837837838,0.8,False,0.7020734241646618,0.34,0.6917207984873697,0.3472425819728655,NEUTRAL,False,0.27376119085330197,,0.0,,0.08707935751610349,0.0,False,False,False,ONLINE_RANK,0.27376119085330197,0.48936170212765956,0.65,0.3180851063829787,0.0458821100747641,0.0,0.08707935751610349,NEUTRAL,,,,,
V9.6.6_EVIDENCE_SHRINKAGE,2026-04,115699,115721,-1,fca571982b7c88a0,2026-04-22,-1.2714789171698233,False,2,2,True,True,0.38046784170338854,0.3777112531145595,0.8421052631578947,0.8,True,0.7046485759521622,0.34,0.6937759290232166,0.3481333494403339,NEUTRAL,True,0.3288215579663339,,0.0,,0.10459324024673812,0.0,True,False,False,NEUTRAL_MONTHLY_CAP,0.3288215579663339,0.48936170212765956,0.65,0.3180851063829787,0.0458821100747641,0.0,0.10459324024673812,NEUTRAL,NEUTRAL,,,,
V9.6.6_EVIDENCE_SHRINKAGE,2026-04,115700,115721,-1,fca571982b7c88a0,2026-04-22,-1.271479000834533,False,2,2,True,True,0.4170357646843816,0.3941677477885529,0.8974358974358975,0.8,True,0.7044987502368705,0.34,0.7052543997422485,0.348738372041295,NEUTRAL,True,0.35955363146776953,,0.0,,0.11436865511581179,0.0,True,False,False,NEUTRAL_MONTHLY_CAP,0.35955363146776953,0.48936170212765956,0.65,0.3180851063829787,0.0458821100747641,0.0,0.11436865511581179,NEUTRAL,NEUTRAL,,,,
V9.6.6_EVIDENCE_SHRINKAGE,2026-04,115701,115721,-1,fca571982b7c88a0,2026-04-22,-1.2714791849665645,False,2,2,True,True,0.3564209510353421,0.3667376547464626,0.8,0.8,True,0.7043290849091166,0.34,0.6979961782096284,0.3478372197867176,NEUTRAL,True,0.3083946434826394,,0.0,,0.09809574298011614,0.0,True,False,False,NEUTRAL_MONTHLY_CAP,0.3083946434826394,0.48936170212765956,0.65,0.3180851063829787,0.0458821100747641,0.0,0.09809574298011614,NEUTRAL,NEUTRAL,,,,
V9.6.6_EVIDENCE_SHRINKAGE,2026-04,115862,115867,-1,fca571982b7c88a0,2026-04-22,-0.17090486016205067,False,2,2,True,True,0.4369207766435466,0.40304352194945436,0.926829268292683,0.8,True,0.5285353980007402,0.34,0.7298715606393671,0.35110008728673864,NEUTRAL,True,0.3773805856169948,,0.0,,0.12003914372285258,0.0,True,False,False,NEUTRAL_MONTHLY_CAP,0.3773805856169948,0.48936170212765956,0.65,0.3180851063829787,0.0458821100747641,0.0,0.12003914372285258,NEUTRAL,NEUTRAL,,,,
V9.6.6_EVIDENCE_SHRINKAGE,2026-04,116137,116139,-1,fca571982b7c88a0,2026-04-23,-1.2714632256319955,False,2,2,True,True,0.31534858032665364,0.3475671349378779,0.6904761904761905,0.8,False,0.6917281005357752,0.34,0.644603316712721,0.34695091809782946,NEUTRAL,False,0.27248258588809876,,0.0,,0.08667265231972503,0.0,False,False,False,ONLINE_RANK,0.27248258588809876,0.48936170212765956,0.65,0.3180851063829787,0.0458821100747641,0.0,0.08667265231972503,NEUTRAL,,,,,
V9.6.6_EVIDENCE_SHRINKAGE,2026-04,116138,116139,-1,fca571982b7c88a0,2026-04-23,-1.2714623734423003,False,2,2,True,True,0.26911101427252115,0.3250420540693714,0.5813953488372093,0.8,False,0.6919823325059486,0.34,0.47616424393176376,0.34494942729555117,NEUTRAL,False,0.22969602470779,,0.0,,0.07306288445492469,0.0,False,False,False,ONLINE_RANK,0.22969602470779,0.48936170212765956,0.65,0.3180851063829787,0.0458821100747641,0.0,0.07306288445492469,NEUTRAL,,,,,
V9.6.6_EVIDENCE_SHRINKAGE,2026-04,116168,116215,-1,fca571982b7c88a0,2026-04-23,-1.2266337306900452,False,2,2,True,True,0.2787239784097289,0.32982867996537013,0.5909090909090909,0.8,False,0.7070529331470417,0.34,0.5409307780229405,0.34543528333770995,NEUTRAL,False,0.23882548312586327,,0.0,,0.07596682920705651,0.0,False,False,False,ONLINE_RANK,0.23882548312586327,0.48936170212765956,0.65,0.3180851063829787,0.0458821100747641,0.0,0.07596682920705651,NEUTRAL,,,,,
V9.6.6_EVIDENCE_SHRINKAGE,2026-04,116169,116215,-1,fca571982b7c88a0,2026-04-23,-1.2384774891627814,False,2,2,True,True,0.4319004342905358,0.40080574991716356,0.9111111111111111,0.8,True,0.7070524798291995,0.34,0.49497713793710857,0.34705600601907366,NEUTRAL,True,0.3707652701525427,,0.0,,0.11793491039958538,0.0,True,False,False,NEUTRAL_MONTHLY_CAP,0.3707652701525427,0.48936170212765956,0.65,0.3180851063829787,0.0458821100747641,0.0,0.11793491039958538,NEUTRAL,NEUTRAL,,,,
V9.6.6_EVIDENCE_SHRINKAGE,2026-05,119074,119077,-1,fca571982b7c88a0,2026-05-04,1.8618115116088623,True,1,1,True,True,0.3133858776383741,0.26185088578816473,1.0,0.8,True,0.5530905527636555,0.34,0.7792153533855946,0.27644525804735554,REJECT,False,-0.2783168247165793,,0.0,,-0.08652023029232793,0.0,False,False,False,META_PROBABILITY,-0.2783168247165793,0.4782608695652174,0.65,0.31086956521739134,0.043828739810657616,0.0,-0.08652023029232793,NEUTRAL,,,,,
V9.6.6_EVIDENCE_SHRINKAGE,2026-05,119077,119080,-1,fca571982b7c88a0,2026-05-04,-1.1999214545598806,False,2,2,True,True,0.23856651760337952,0.2400144472410186,0.8333333333333334,0.8,True,0.5528989907712549,0.34,0.7270636104603885,0.27517103111104485,REJECT,False,-0.3265371791458937,,0.0,,-0.1015104709083974,0.0,False,False,False,META_PROBABILITY,-0.3265371791458937,0.4782608695652174,0.65,0.31086956521739134,0.043828739810657616,0.0,-0.1015104709083974,NEUTRAL,,,,,
V9.6.6_EVIDENCE_SHRINKAGE,2026-05,119078,119081,-1,fca571982b7c88a0,2026-05-04,-1.2008120672610882,False,2,2,True,True,0.10132565893640998,0.18851895884802292,0.36,0.8,False,0.5529978457166425,0.34,0.6562066355116172,0.2732526046458211,REJECT,False,-0.4394676859512511,,0.0,,-0.1366171284587585,0.0,False,False,False,ONLINE_RANK,-0.4394676859512511,0.4782608695652174,0.65,0.31086956521739134,0.043828739810657616,0.0,-0.1366171284587585,NEUTRAL,,,,,
V9.6.6_EVIDENCE_SHRINKAGE,2026-05,119556,119560,-1,fca571982b7c88a0,2026-05-06,-1.271428067132503,False,2,2,True,True,0.46556860265865296,0.30281593209386737,1.0,0.8,True,0.5231224123558571,0.34,0.6615026980212617,0.27508346784848536,REJECT,False,-0.19056494867088647,,0.0,,-0.05924084273899297,0.0,False,False,False,META_PROBABILITY,-0.19056494867088647,0.4782608695652174,0.65,0.31086956521739134,0.043828739810657616,0.0,-0.05924084273899297,NEUTRAL,,,,,
V9.6.6_EVIDENCE_SHRINKAGE,2026-05,119566,119583,-1,fca571982b7c88a0,2026-05-06,1.8301262444399897,True,1,1,True,True,0.4258720367668605,0.29223814573343826,0.9629629629629629,0.8,True,0.5071666901487623,0.34,0.6469363717215904,0.2749914671592771,REJECT,False,-0.21354411492561354,,0.0,,-0.06638436616165813,0.0,False,False,False,META_PROBABILITY,-0.21354411492561354,0.4782608695652174,0.65,0.31086956521739134,0.043828739810657616,0.0,-0.06638436616165813,NEUTRAL,,,,,
V9.6.6_EVIDENCE_SHRINKAGE,2026-05,119568,119584,-1,fca571982b7c88a0,2026-05-06,1.8301248455616579,True,1,1,True,True,0.42198690942789774,0.29120498938144684,0.9285714285714286,0.8,True,0.5116057330046544,0.34,0.524585505781713,0.27241869168166866,REJECT,False,-0.21763969942535277,,0.0,,-0.06765755873440316,0.0,False,False,False,META_PROBABILITY,-0.21763969942535277,0.4782608695652174,0.65,0.31086956521739134,0.043828739810657616,0.0,-0.06765755873440316,NEUTRAL,,,,,
V9.6.6_EVIDENCE_SHRINKAGE,2026-05,120138,120163,-1,fca571982b7c88a0,2026-05-08,-0.17089434421946553,False,2,2,True,True,0.22737040181314394,0.23652653786010777,0.6896551724137931,0.8,False,0.6935211726484284,0.34,0.5130683978588453,0.2682433391174382,REJECT,False,-0.33909447111684715,,0.0,,-0.10541415080371554,0.0,False,False,False,ONLINE_RANK,-0.33909447111684715,0.4782608695652174,0.65,0.31086956521739134,0.043828739810657616,0.0,-0.10541415080371554,NEUTRAL,,,,,
V9.6.6_EVIDENCE_SHRINKAGE,2026-05,120956,120962,-1,fca571982b7c88a0,2026-05-11,-0.17088195587974908,False,2,2,True,True,0.2759850239945291,0.2512053652136267,0.8666666666666667,0.8,True,0.5482211014694833,0.34,0.527837768661297,0.27142595083870097,REJECT,False,-0.305000421144287,,0.0,,-0.09481534831224575,0.0,False,False,False,META_PROBABILITY,-0.305000421144287,0.4782608695652174,0.65,0.31086956521739134,0.043828739810657616,0.0,-0.09481534831224575,NEUTRAL,,,,,
V9.6.6_EVIDENCE_SHRINKAGE,2026-05,122008,122031,-1,fca571982b7c88a0,2026-05-15,-1.2714531142707768,False,2,2,True,True,0.3048568246140324,0.25946064799626367,0.8709677419354839,0.8,True,0.6911902810519236,0.34,0.6189105159530015,0.27055755788203595,REJECT,False,-0.287745514853818,,0.0,,-0.08945132309586082,0.0,False,False,False,META_PROBABILITY,-0.287745514853818,0.4782608695652174,0.65,0.31086956521739134,0.043828739810657616,0.0,-0.08945132309586082,NEUTRAL,,,,,
V9.6.6_EVIDENCE_SHRINKAGE,2026-05,125584,125636,-1,fca571982b7c88a0,2026-05-29,1.8300463643567926,True,1,1,True,True,0.2073371103151417,0.2300846822896588,0.59375,0.8,False,0.5319263488969799,0.34,0.6165648312766627,0.27329299326365036,REJECT,False,-0.34940224361770367,,0.0,,-0.10861852355941659,0.0,False,False,False,ONLINE_RANK,-0.34940224361770367,0.4782608695652174,0.65,0.31086956521739134,0.043828739810657616,0.0,-0.10861852355941659,NEUTRAL,,,,,
V9.6.6_EVIDENCE_SHRINKAGE,2026-06,127033,127034,-1,fca571982b7c88a0,2026-06-04,-1.1222944519841664,False,2,2,False,False,,,,,False,,,,,,False,,,,,,,False,False,False,MODEL_UNAVAILABLE,,,,,,,,,,,,,
V9.6.6_EVIDENCE_SHRINKAGE,2026-06,127148,127154,-1,fca571982b7c88a0,2026-06-04,-0.06602797526920008,False,2,2,False,False,,,,,False,,,,,,False,,,,,,,False,False,False,MODEL_UNAVAILABLE,,,,,,,,,,,,,
V9.6.6_EVIDENCE_SHRINKAGE,2026-06,127164,127191,-1,fca571982b7c88a0,2026-06-04,1.946076095860926,True,1,1,False,False,,,,,False,,,,,,False,,,,,,,False,False,False,MODEL_UNAVAILABLE,,,,,,,,,,,,,
V9.6.6_EVIDENCE_SHRINKAGE,2026-06,127168,127174,-1,fca571982b7c88a0,2026-06-04,-1.1718073126379087,False,2,2,False,False,,,,,False,,,,,,False,,,,,,,False,False,False,MODEL_UNAVAILABLE,,,,,,,,,,,,,
V9.6.6_EVIDENCE_SHRINKAGE,2026-06,127328,127335,-1,fca571982b7c88a0,2026-06-05,1.903124205835836,True,1,1,False,False,,,,,False,,,,,,False,,,,,,,False,False,False,MODEL_UNAVAILABLE,,,,,,,,,,,,,
V9.6.6_EVIDENCE_SHRINKAGE,2026-06,127329,127335,-1,fca571982b7c88a0,2026-06-05,1.8976501309125287,True,1,1,False,False,,,,,False,,,,,,False,,,,,,,False,False,False,MODEL_UNAVAILABLE,,,,,,,,,,,,,
V9.6.6_EVIDENCE_SHRINKAGE,2026-06,127330,127335,-1,fca571982b7c88a0,2026-06-05,1.8954073685868644,True,1,1,False,False,,,,,False,,,,,,False,,,,,,,False,False,False,MODEL_UNAVAILABLE,,,,,,,,,,,,,
V9.6.6_EVIDENCE_SHRINKAGE,2026-06,127358,127366,-1,fca571982b7c88a0,2026-06-05,-0.05487582360770554,False,2,2,False,False,,,,,False,,,,,,False,,,,,,,False,False,False,MODEL_UNAVAILABLE,,,,,,,,,,,,,
V9.6.6_EVIDENCE_SHRINKAGE,2026-06,127449,127454,-1,fca571982b7c88a0,2026-06-05,-1.1025543970692389,False,2,2,False,False,,,,,False,,,,,,False,,,,,,,False,False,False,MODEL_UNAVAILABLE,,,,,,,,,,,,,
V9.6.6_EVIDENCE_SHRINKAGE,2026-06,127491,127492,-1,fca571982b7c88a0,2026-06-05,-1.1226220689167936,False,2,2,False,False,,,,,False,,,,,,False,,,,,,,False,False,False,MODEL_UNAVAILABLE,,,,,,,,,,,,,
V9.6.6_EVIDENCE_SHRINKAGE,2026-06,127506,127522,-1,fca571982b7c88a0,2026-06-05,-0.038931752165420504,False,2,2,False,False,,,,,False,,,,,,False,,,,,,,False,False,False,MODEL_UNAVAILABLE,,,,,,,,,,,,,
V9.6.6_EVIDENCE_SHRINKAGE,2026-06,127527,127532,-1,fca571982b7c88a0,2026-06-05,1.9361732058003047,True,1,1,False,False,,,,,False,,,,,,False,,,,,,,False,False,False,MODEL_UNAVAILABLE,,,,,,,,,,,,,
V9.6.6_EVIDENCE_SHRINKAGE,2026-06,127979,127982,-1,fca571982b7c88a0,2026-06-07,-1.2716418173155373,False,2,2,False,False,,,,,False,,,,,,False,,,,,,,False,False,False,MODEL_UNAVAILABLE,,,,,,,,,,,,,
V9.6.6_EVIDENCE_SHRINKAGE,2026-06,128217,128222,-1,fca571982b7c88a0,2026-06-08,-0.11589618404814342,False,2,2,False,False,,,,,False,,,,,,False,,,,,,,False,False,False,MODEL_UNAVAILABLE,,,,,,,,,,,,,
V9.6.6_EVIDENCE_SHRINKAGE,2026-06,128236,128241,-1,fca571982b7c88a0,2026-06-08,-1.2321896327242594,False,2,2,False,False,,,,,False,,,,,,False,,,,,,,False,False,False,MODEL_UNAVAILABLE,,,,,,,,,,,,,
V9.6.6_EVIDENCE_SHRINKAGE,2026-06,129984,130057,-1,fca571982b7c88a0,2026-06-15,-0.17104135949073934,False,2,2,False,False,,,,,False,,,,,,False,,,,,,,False,False,False,MODEL_UNAVAILABLE,,,,,,,,,,,,,
V9.6.6_EVIDENCE_SHRINKAGE,2026-06,130253,130272,-1,fca571982b7c88a0,2026-06-16,-0.17103740313051022,False,2,2,False,False,,,,,False,,,,,,False,,,,,,,False,False,False,MODEL_UNAVAILABLE,,,,,,,,,,,,,
V9.6.6_EVIDENCE_SHRINKAGE,2026-06,130254,130267,-1,fca571982b7c88a0,2026-06-16,-0.17103760833714854,False,2,2,False,False,,,,,False,,,,,,False,,,,,,,False,False,False,MODEL_UNAVAILABLE,,,,,,,,,,,,,
V9.6.6_EVIDENCE_SHRINKAGE,2026-06,130273,130280,-1,fca571982b7c88a0,2026-06-16,-1.2715885900554593,False,2,2,False,False,,,,,False,,,,,,False,,,,,,,False,False,False,MODEL_UNAVAILABLE,,,,,,,,,,,,,
V9.6.6_EVIDENCE_SHRINKAGE,2026-06,130632,130634,-1,fca571982b7c88a0,2026-06-17,-1.2716004102392249,False,2,2,False,False,,,,,False,,,,,,False,,,,,,,False,False,False,MODEL_UNAVAILABLE,,,,,,,,,,,,,
V9.6.6_EVIDENCE_SHRINKAGE,2026-06,130656,130672,-1,fca571982b7c88a0,2026-06-17,1.8423408285367848,True,1,1,False,False,,,,,False,,,,,,False,,,,,,,False,False,False,MODEL_UNAVAILABLE,,,,,,,,,,,,,
V9.6.6_EVIDENCE_SHRINKAGE,2026-06,130657,130671,-1,fca571982b7c88a0,2026-06-17,-1.265876035255469,False,2,2,False,False,,,,,False,,,,,,False,,,,,,,False,False,False,MODEL_UNAVAILABLE,,,,,,,,,,,,,
V9.6.6_EVIDENCE_SHRINKAGE,2026-06,130890,130895,-1,fca571982b7c88a0,2026-06-18,1.829938871146305,True,1,1,False,False,,,,,False,,,,,,False,,,,,,,False,False,False,MODEL_UNAVAILABLE,,,,,,,,,,,,,
V9.6.6_EVIDENCE_SHRINKAGE,2026-06,131385,131434,-1,fca571982b7c88a0,2026-06-20,1.8299309914859119,True,1,1,False,False,,,,,False,,,,,,False,,,,,,,False,False,False,MODEL_UNAVAILABLE,,,,,,,,,,,,,
V9.6.6_EVIDENCE_SHRINKAGE,2026-06,131956,131962,-1,fca571982b7c88a0,2026-06-22,-1.2716004279047515,False,2,2,False,False,,,,,False,,,,,,False,,,,,,,False,False,False,MODEL_UNAVAILABLE,,,,,,,,,,,,,
V9.6.6_EVIDENCE_SHRINKAGE,2026-06,131957,131961,-1,fca571982b7c88a0,2026-06-22,-1.2716008738789168,False,2,2,False,False,,,,,False,,,,,,False,,,,,,,False,False,False,MODEL_UNAVAILABLE,,,,,,,,,,,,,
V9.6.6_EVIDENCE_SHRINKAGE,2026-06,132777,132785,-1,fca571982b7c88a0,2026-06-25,-0.000419480124115138,False,2,2,False,False,,,,,False,,,,,,False,,,,,,,False,False,False,MODEL_UNAVAILABLE,,,,,,,,,,,,,
V9.6.6_EVIDENCE_SHRINKAGE,2026-06,132922,132923,-1,fca571982b7c88a0,2026-06-26,-1.183982317577962,False,2,2,False,False,,,,,False,,,,,,False,,,,,,,False,False,False,MODEL_UNAVAILABLE,,,,,,,,,,,,,
V9.6.7_EXPERT_GATE_ORIGINAL,2025-05,28722,28724,-1,fca571982b7c88a0,2025-05-01,-1.2713351710988023,False,2,2,True,True,0.2138859840625925,0.11876943405489065,0.3137254901960784,0.8,False,0.5010832645874378,0.34,0.7347648007877192,0.12102569510926724,REJECT,False,-0.5810229459607715,0.03249408676915442,0.0,0.03249408676915442,-0.613517032729926,0.02,False,False,False,ONLINE_RANK,,,,,,,,,,False,False,False,
V9.6.7_EXPERT_GATE_ORIGINAL,2025-05,29050,29054,-1,fca571982b7c88a0,2025-05-02,-0.170774393056048,False,2,2,True,True,0.2697071493891084,0.1194534847077435,0.46153846153846156,0.8,False,0.5217942903269635,0.34,0.7358845879981404,0.12080008420657905,REJECT,False,-0.5799218773944903,0.03249408676915442,0.0,0.03249408676915442,-0.6124159641636447,0.02,False,False,False,ONLINE_RANK,,,,,,,,,,False,False,False,
V9.6.7_EXPERT_GATE_ORIGINAL,2025-05,29051,29054,-1,fca571982b7c88a0,2025-05-02,-0.17077442529137518,False,2,2,True,True,0.2754214046858098,0.11951821443973347,0.4716981132075472,0.8,False,0.5215007164051922,0.34,0.5964052710242564,0.12102993585295745,REJECT,False,-0.5796662586987984,0.03249408676915442,0.0,0.03249408676915442,-0.6121603454679528,0.02,False,False,False,ONLINE_RANK,,,,,,,,,,False,False,False,
V9.6.7_EXPERT_GATE_ORIGINAL,2025-05,30378,30391,-1,fca571982b7c88a0,2025-05-07,1.8302246003102882,True,1,1,True,True,0.3893773479576528,0.12068624508671975,0.6481481481481481,0.8,False,0.5229417975668658,0.34,0.6000321448086827,0.12100882210320478,REJECT,False,-0.57756666296781,0.03249408676915442,0.0,0.03249408676915442,-0.6100607497369644,0.02,False,False,False,ONLINE_RANK,,,,,,,,,,False,False,False,
V9.6.7_EXPERT_GATE_ORIGINAL,2025-05,30740,30753,-1,fca571982b7c88a0,2025-05-08,-0.17074476158654914,False,2,2,True,True,0.21294829897432876,0.11875696610924975,0.3090909090909091,0.8,False,0.4771180854558395,0.34,0.6069887399949909,0.12146946973694724,REJECT,False,-0.580777979058703,0.03249408676915442,0.0,0.03249408676915442,-0.6132720658278574,0.02,False,False,False,ONLINE_RANK,,,,,,,,,,False,False,False,
V9.6.7_EXPERT_GATE_ORIGINAL,2025-05,31007,31030,-1,fca571982b7c88a0,2025-05-10,-0.17074121897203623,False,2,2,True,True,0.2570698033839055,0.1193073040363429,0.39285714285714285,0.8,False,0.5082244666507303,0.34,0.7578555885314076,0.12091212593919023,REJECT,False,-0.5801186970585138,0.03249408676915442,0.0,0.03249408676915442,-0.6126127838276683,0.02,False,False,False,ONLINE_RANK,,,,,,,,,,False,False,False,
V9.6.7_EXPERT_GATE_ORIGINAL,2025-05,31243,31291,-1,fca571982b7c88a0,2025-05-11,-0.17073886384760387,False,2,2,True,True,0.48692943528064275,0.1215918447400799,0.7894736842105263,0.8,False,0.49716929920724184,0.34,0.6226410468186814,0.12123811725797404,REJECT,False,-0.5757907096637537,0.03249408676915442,0.0,0.03249408676915442,-0.6082847964329081,0.02,False,False,False,ONLINE_RANK,,,,,,,,,,False,False,False,
V9.6.7_EXPERT_GATE_ORIGINAL,2025-05,31366,31397,-1,fca571982b7c88a0,2025-05-11,-0.17073827066745162,False,2,2,True,True,0.4366350789838409,0.1211297218888256,0.6896551724137931,0.8,False,0.5037465625936527,0.34,0.6646226037379099,0.12110499110110003,REJECT,False,-0.576706685714298,0.03249408676915442,0.0,0.03249408676915442,-0.6092007724834524,0.02,False,False,False,ONLINE_RANK,,,,,,,,,,False,False,False,
V9.6.7_EXPERT_GATE_ORIGINAL,2025-05,32111,32130,-1,fca571982b7c88a0,2025-05-14,-1.2712912244948205,False,2,2,True,True,0.16921254982025657,0.11812486920546593,0.23728813559322035,0.8,False,0.5108051497872518,0.34,0.6174944236391173,0.12110648827296468,REJECT,False,-0.5821399049606362,0.03249408676915442,0.0,0.03249408676915442,-0.6146339917297906,0.02,False,False,False,ONLINE_RANK,,,,,,,,,,False,False,False,
V9.6.7_EXPERT_GATE_ORIGINAL,2025-05,32113,32122,-1,fca571982b7c88a0,2025-05-14,-1.2712917934674208,False,2,2,True,True,0.19235527507878367,0.11847266292365152,0.26666666666666666,0.8,False,0.511876382992889,0.34,0.6872656268006989,0.12098459103773261,REJECT,False,-0.5815844195119838,0.03249408676915442,0.0,0.03249408676915442,-0.6140785062811382,0.02,False,False,False,ONLINE_RANK,,,,,,,,,,False,False,False,
V9.6.7_EXPERT_GATE_ORIGINAL,2025-05,32393,32399,-1,fca571982b7c88a0,2025-05-15,-1.271298473216036,False,2,2,True,True,0.2609266017388044,0.11935237896599503,0.26229508196721313,0.8,False,0.8067494293572486,0.34,0.6341506396779291,0.11803931471475748,REJECT,False,-0.5817689585524416,0.03249408676915442,0.0,0.03249408676915442,-0.614263045321596,0.02,False,False,False,ONLINE_RANK,,,,,,,,,,False,False,False,
V9.6.7_EXPERT_GATE_ORIGINAL,2025-05,33250,33258,-1,fca571982b7c88a0,2025-05-18,1.8302692507302938,True,1,1,True,True,0.5677023430862207,0.12233660640642412,0.8387096774193549,0.8,True,0.5186194838013645,0.34,0.5102326549306968,0.12119751901238454,REJECT,False,-0.5744683197176197,0.03249408676915442,0.0,0.03249408676915442,-0.6069624064867741,0.02,False,False,False,META_PROBABILITY,,,,,,,,,,False,False,False,
V9.6.7_EXPERT_GATE_ORIGINAL,2025-05,33501,33506,-1,fca571982b7c88a0,2025-05-19,-1.271287505470875,False,2,2,True,True,0.3866458274653276,0.12066014898463032,0.5714285714285714,0.8,False,0.6377404516813296,0.34,0.7001342021064727,0.1196287936759979,REJECT,False,-0.5784457599417054,0.03249408676915442,0.0,0.03249408676915442,-0.6109398467108599,0.02,False,False,False,ONLINE_RANK,,,,,,,,,,False,False,False,
V9.6.7_EXPERT_GATE_ORIGINAL,2025-05,33502,33505,-1,fca571982b7c88a0,2025-05-19,-1.2712878032467372,False,2,2,True,True,0.3777223748746004,0.1205744511285336,0.5625,0.8,False,0.6379184779742371,0.34,0.6934631262326574,0.11964090568476618,REJECT,False,-0.5785934387982201,0.03249408676915442,0.0,0.03249408676915442,-0.6110875255673746,0.02,False,False,False,ONLINE_RANK,,,,,,,,,,False,False,False,
V9.6.7_EXPERT_GATE_ORIGINAL,2025-05,34025,34027,-1,fca571982b7c88a0,2025-05-21,-1.2712750537566382,False,2,2,True,True,0.22454204946086717,0.11890851204366991,0.3076923076923077,0.8,False,0.516766590598636,0.34,0.8057792960672701,0.12074240598945785,REJECT,False,-0.5809422018353364,0.03249408676915442,0.0,0.03249408676915442,-0.6134362886044908,0.02,False,False,False,ONLINE_RANK,,,,,,,,,,False,False,False,
V9.6.7_EXPERT_GATE_ORIGINAL,2025-05,34037,34042,-1,fca571982b7c88a0,2025-05-21,-1.2067456225748443,False,2,2,True,True,0.2724797243053251,0.11948499333154289,0.4696969696969697,0.8,False,0.5275072133403842,0.34,0.7067134052720203,0.12078653809238354,REJECT,False,-0.5798730614837422,0.03249408676915442,0.0,0.03249408676915442,-0.6123671482528966,0.02,False,False,False,ONLINE_RANK,,,,,,,,,,False,False,False,
V9.6.7_EXPERT_GATE_ORIGINAL,2025-05,34108,34114,-1,fca571982b7c88a0,2025-05-21,-1.2712684902739906,False,2,2,True,True,0.49017796734793073,0.12162156974904209,0.7910447761194029,0.8,False,0.5335237813189312,0.34,0.4909069994106284,0.12108303842975314,REJECT,False,-0.575830437543844,0.03249408676915442,0.0,0.03249408676915442,-0.6083245243129984,0.02,False,False,False,ONLINE_RANK,,,,,,,,,,False,False,False,
V9.6.7_EXPERT_GATE_ORIGINAL,2025-05,34179,34208,-1,fca571982b7c88a0,2025-05-22,1.8302946289957382,True,1,1,True,True,0.47055523448449893,0.12144192246607624,0.75,0.8,False,0.49962516205584406,0.34,0.5945622646067144,0.12125592259629363,REJECT,False,-0.5760511030504822,0.03249408676915442,0.0,0.03249408676915442,-0.6085451898196367,0.02,False,False,False,ONLINE_RANK,,,,,,,,,,False,False,False,
V9.6.7_EXPERT_GATE_ORIGINAL,2025-05,34585,34601,-1,fca571982b7c88a0,2025-05-24,-1.2712700225305744,False,2,2,True,True,0.20323877336963225,0.11862551278455467,0.14492753623188406,0.8,False,0.800898616921636,0.34,0.7038011567464131,0.11790897412904877,REJECT,False,-0.5831620301324576,0.03249408676915442,0.0,0.03249408676915442,-0.615656116901612,0.02,False,False,False,ONLINE_RANK,,,,,,,,,,False,False,False,
V9.6.7_EXPERT_GATE_ORIGINAL,2025-05,34611,34656,-1,fca571982b7c88a0,2025-05-24,-0.17071531292548595,False,2,2,True,True,0.29007582243324787,0.11968068928978243,0.3,0.8,False,0.795969546992718,0.34,0.5631561502295728,0.11834151811986787,REJECT,False,-0.5809930530791103,0.03249408676915442,0.0,0.03249408676915442,-0.6134871398482648,0.02,False,False,False,ONLINE_RANK,,,,,,,,,,False,False,False,
V9.6.7_EXPERT_GATE_ORIGINAL,2025-05,35014,35023,-1,fca571982b7c88a0,2025-05-25,-1.2712670499623988,False,2,2,True,True,0.29759457412294604,0.11976223849299525,0.2676056338028169,0.8,False,0.7983755220150366,0.34,0.8135513976817388,0.11763643855448831,REJECT,False,-0.5812706089280459,0.03249408676915442,0.0,0.03249408676915442,-0.6137646956972004,0.02,False,False,False,ONLINE_RANK,,,,,,,,,,False,False,False,
V9.6.7_EXPERT_GATE_ORIGINAL,2025-05,35015,35024,-1,fca571982b7c88a0,2025-05-25,-1.2712666905286227,False,2,2,True,True,0.3536561723020297,0.12033944492244791,0.4861111111111111,0.8,False,0.7980287859483093,0.34,0.593764897837912,0.11823731866617575,REJECT,False,-0.5798645404676596,0.03249408676915442,0.0,0.03249408676915442,-0.612358627236814,0.02,False,False,False,ONLINE_RANK,,,,,,,,,,False,False,False,
V9.6.7_EXPERT_GATE_ORIGINAL,2025-05,35946,35971,-1,fca571982b7c88a0,2025-05-29,1.8302831163570576,True,1,1,True,True,0.22390474578665526,0.11890032425694615,0.3424657534246575,0.8,False,0.4733108865139196,0.34,0.6729460542336889,0.12141431293507803,REJECT,False,-0.5805519726251958,0.03249408676915442,0.0,0.03249408676915442,-0.6130460593943502,0.02,False,False,False,ONLINE_RANK,,,,,,,,,,False,False,False,
V9.6.7_EXPERT_GATE_ORIGINAL,2025-06,37326,37329,-1,fca571982b7c88a0,2025-06-03,-1.271277877803177,False,2,2,True,True,0.2983923511109825,0.1791250235817403,0.7083333333333334,0.8,False,0.5151994755957683,0.34,0.720454461991008,0.17439640303877899,REJECT,False,-0.3832811088971186,0.037738018322949964,0.0,0.037738018322949964,-0.42101912722006857,0.02,False,False,False,ONLINE_RANK,,,,,,,,,,False,False,False,
V9.6.7_EXPERT_GATE_ORIGINAL,2025-06,37327,37355,-1,fca571982b7c88a0,2025-06-03,1.8302719187380592,True,1,1,True,True,0.3109583156689636,0.180622766984232,0.76,0.8,False,0.5149060634235357,0.34,0.7373811390242246,0.1740425612994626,REJECT,False,-0.38049458139018,0.037738018322949964,0.0,0.037738018322949964,-0.41823259971313,0.02,False,False,False,ONLINE_RANK,,,,,,,,,,False,False,False,
V9.6.7_EXPERT_GATE_ORIGINAL,2025-06,37838,37845,-1,fca571982b7c88a0,2025-06-05,1.8302684321375402,True,1,1,True,True,0.20223144830907744,0.16653936148458057,0.2692307692307692,0.8,False,0.6308325054120962,0.34,0.8108685507824196,0.16914217538911971,REJECT,False,-0.41223512751018915,0.037738018322949964,0.0,0.037738018322949964,-0.44997314583313913,0.02,False,False,False,ONLINE_RANK,,,,,,,,,,False,False,False,
V9.6.7_EXPERT_GATE_ORIGINAL,2025-06,37839,37845,-1,fca571982b7c88a0,2025-06-05,1.830268411124264,True,1,1,True,True,0.19987532649386713,0.1661949979827461,0.25925925925925924,0.8,False,0.6317116451488625,0.34,0.8386069105459324,0.16849040925723371,REJECT,False,-0.41336932870958065,0.037738018322949964,0.0,0.037738018322949964,-0.45110734703253064,0.02,False,False,False,ONLINE_RANK,,,,,,,,,,False,False,False,
V9.6.7_EXPERT_GATE_ORIGINAL,2025-06,37937,37945,-1,fca571982b7c88a0,2025-06-05,-1.2102328383631702,False,2,2,True,True,0.7090727640192367,0.22801208557909608,1.0,0.8,True,0.8112508318098424,0.34,0.6568770470700505,0.1677543656843319,REJECT,False,-0.2890238986405543,0.037738018322949964,0.0,0.037738018322949964,-0.32676191696350426,0.02,False,False,False,META_PROBABILITY,,,,,,,,,,False,False,False,
V9.6.7_EXPERT_GATE_ORIGINAL,2025-06,37938,37945,-1,fca571982b7c88a0,2025-06-05,-1.2193521428688319,False,2,2,True,True,0.7051195954104439,0.22742366573442385,0.9655172413793104,0.8,True,0.8112234896715151,0.34,0.7085612024448968,0.16644167801028706,REJECT,False,-0.2910958917927174,0.037738018322949964,0.0,0.037738018322949964,-0.32883391011566737,0.02,False,False,False,META_PROBABILITY,,,,,,,,,,False,False,False,
V9.6.7_EXPERT_GATE_ORIGINAL,2025-06,39260,39271,-1,fca571982b7c88a0,2025-06-10,-1.271262435725339,False,2,2,True,True,0.3492185788335474,0.18505997376079603,0.8,0.8,True,0.52297539895955,0.34,0.7401069208015156,0.17374885000496734,REJECT,False,-0.37173126722229416,0.037738018322949964,0.0,0.037738018322949964,-0.40946928554524414,0.02,False,False,False,META_PROBABILITY,,,,,,,,,,False,False,False,
V9.6.7_EXPERT_GATE_ORIGINAL,2025-06,39741,39747,-1,fca571982b7c88a0,2025-06-12,-1.2712723007044655,False,2,2,True,True,0.37241532567912033,0.1876826357239759,0.8387096774193549,0.8,True,0.633825691364183,0.34,0.5614927766397149,0.17475123402413606,REJECT,False,-0.36575996737028255,0.037738018322949964,0.0,0.037738018322949964,-0.40349798569323253,0.02,False,False,False,META_PROBABILITY,,,,,,,,,,False,False,False,
V9.6.7_EXPERT_GATE_ORIGINAL,2025-06,39847,39855,-1,fca571982b7c88a0,2025-06-13,-0.11749607068943006,False,2,2,True,True,0.6474272443658108,0.21940540234549208,0.9375,0.8,True,0.8053706457696956,0.34,0.6266232840958765,0.16869734664240427,REJECT,False,-0.30577048738835505,0.037738018322949964,0.0,0.037738018322949964,-0.34350850571130503,0.02,False,False,False,META_PROBABILITY,,,,,,,,,,False,False,False,
V9.6.7_EXPERT_GATE_ORIGINAL,2025-06,39848,39855,-1,fca571982b7c88a0,2025-06-13,-0.1216288540795459,False,2,2,True,True,0.6529564651561256,0.22013412967637597,0.9393939393939394,0.8,True,0.805413332509086,0.34,0.5865066921627218,0.16972111999648476,REJECT,False,-0.3036096298272641,0.037738018322949964,0.0,0.037738018322949964,-0.34134764815021407,0.02,False,False,False,META_PROBABILITY,,,,,,,,,,False,False,False,
V9.6.7_EXPERT_GATE_ORIGINAL,2025-06,39851,39855,-1,fca571982b7c88a0,2025-06-13,-0.1293377959722016,False,2,2,True,True,0.6010248649997444,0.2135419678591319,0.8823529411764706,0.8,True,0.8054734021257106,0.34,0.5276610385132777,0.1712464260256313,REJECT,False,-0.31589584405584237,0.037738018322949964,0.0,0.037738018322949964,-0.35363386237879235,0.02,False,False,False,META_PROBABILITY,,,,,,,,,,False,False,False,
V9.6.7_EXPERT_GATE_ORIGINAL,2025-06,39916,39960,-1,fca571982b7c88a0,2025-06-13,-0.17073422649574604,False,2,2,True,True,0.20650935750635777,0.16715873673833542,0.2571428571428571,0.8,False,0.8166077261488399,0.34,0.5075732580901455,0.17158166135483632,REJECT,False,-0.409342088264539,0.037738018322949964,0.0,0.037738018322949964,-0.447080106587489,0.02,False,False,False,ONLINE_RANK,,,,,,,,,,False,False,False,
V9.6.7_EXPERT_GATE_ORIGINAL,2025-06,40685,40689,-1,fca571982b7c88a0,2025-06-16,-1.2712786994412184,False,2,2,True,True,0.4545548495947667,0.19677905924176617,0.8333333333333334,0.8,True,0.5059919567534952,0.34,0.5113710930806608,0.17909742918099258,REJECT,False,-0.3444638034382298,0.037738018322949964,0.0,0.037738018322949964,-0.3822018217611798,0.02,False,False,False,META_PROBABILITY,,,,,,,,,,False,False,False,
V9.6.7_EXPERT_GATE_ORIGINAL,2025-06,40795,40815,-1,fca571982b7c88a0,2025-06-16,-1.2712729356414545,False,2,2,True,True,0.19274873712431234,0.165138706112431,0.24324324324324326,0.8,False,0.5198663147673541,0.34,0.6576463475707763,0.17563049041265755,REJECT,False,-0.4106960175259318,0.037738018322949964,0.0,0.037738018322949964,-0.4484340358488818,0.02,False,False,False,ONLINE_RANK,,,,,,,,,,False,False,False,
V9.6.7_EXPERT_GATE_ORIGINAL,2025-06,40797,40818,-1,fca571982b7c88a0,2025-06-16,-1.2712729111833063,False,2,2,True,True,0.21239801830396834,0.16799947634862655,0.34210526315789475,0.8,False,0.5179465971339468,0.34,0.5630559032508438,0.1777135553172948,REJECT,False,-0.403516367017967,0.037738018322949964,0.0,0.037738018322949964,-0.441254385340917,0.02,False,False,False,ONLINE_RANK,,,,,,,,,,False,False,False,
V9.6.7_EXPERT_GATE_ORIGINAL,2025-06,41785,41848,-1,fca571982b7c88a0,2025-06-20,1.830271222596088,True,1,1,True,True,0.19719518810503706,0.1658003902483611,0.2564102564102564,0.8,False,0.5082596686401085,0.34,0.7444324162965148,0.17410565830126176,REJECT,False,-0.41038620931995656,0.037738018322949964,0.0,0.037738018322949964,-0.44812422764290655,0.02,False,False,False,ONLINE_RANK,,,,,,,,,,False,False,False,
V9.6.7_EXPERT_GATE_ORIGINAL,2025-06,42212,42226,-1,fca571982b7c88a0,2025-06-21,-0.16344537885406285,False,2,2,True,True,0.6988071074901495,0.2264958955476555,1.0,0.8,True,0.8226309488566466,0.34,0.4647719042945106,0.17244678189072632,REJECT,False,-0.28892706521911055,0.037738018322949964,0.0,0.037738018322949964,-0.32666508354206053,0.02,False,False,False,META_PROBABILITY,,,,,,,,,,False,False,False,
V9.6.7_EXPERT_GATE_ORIGINAL,2025-06,42215,42226,-1,fca571982b7c88a0,2025-06-21,-0.17075164512592228,False,2,2,True,True,0.7725047999226508,0.23842334305268317,1.0,0.8,True,0.8224764427954393,0.34,0.5949304051770191,0.16903452165863211,REJECT,False,-0.2671363767207363,0.037738018322949964,0.0,0.037738018322949964,-0.3048743950436863,0.02,False,False,False,META_PROBABILITY,,,,,,,,,,False,False,False,
V9.6.7_EXPERT_GATE_ORIGINAL,2025-06,42233,42248,-1,fca571982b7c88a0,2025-06-22,-0.10070590116413027,False,2,2,True,True,0.3147419742477221,0.18106932785331106,0.5238095238095238,0.8,False,0.8157732602804522,0.34,0.7053257396880332,0.16650075123994243,REJECT,False,-0.38466969055914674,0.037738018322949964,0.0,0.037738018322949964,-0.4224077088820967,0.02,False,False,False,ONLINE_RANK,,,,,,,,,,False,False,False,
V9.6.7_EXPERT_GATE_ORIGINAL,2025-06,42418,42451,-1,fca571982b7c88a0,2025-06-22,1.8666648007087157,True,1,1,True,True,0.3563257840651783,0.18586792588575085,0.6511627906976745,0.8,False,0.8045382768055671,0.34,0.6769754573743627,0.16750818885763089,REJECT,False,-0.37430063986487644,0.037738018322949964,0.0,0.037738018322949964,-0.4120386581878264,0.02,False,False,False,ONLINE_RANK,,,,,,,,,,False,False,False,
V9.6.7_EXPERT_GATE_ORIGINAL,2025-06,42487,42500,-1,fca571982b7c88a0,2025-06-22,-1.2603376989318307,False,2,2,True,True,0.3028474562880974,0.17965871810469938,0.4772727272727273,0.8,False,0.8036464717885481,0.34,0.7184997166823885,0.16649738219791743,REJECT,False,-0.38752071471820815,0.037738018322949964,0.0,0.037738018322949964,-0.42525873304115813,0.02,False,False,False,ONLINE_RANK,,,,,,,,,,False,False,False,
V9.6.7_EXPERT_GATE_ORIGINAL,2025-06,42567,42646,-1,fca571982b7c88a0,2025-06-23,1.830249063978905,True,1,1,True,True,0.3012625839687413,0.17946920997581564,0.4888888888888889,0.8,False,0.6783406126711439,0.34,0.8128848951260641,0.16770302000050227,REJECT,False,-0.3870918267140512,0.037738018322949964,0.0,0.037738018322949964,-0.42482984503700116,0.02,False,False,False,ONLINE_RANK,,,,,,,,,,False,False,False,
V9.6.7_EXPERT_GATE_ORIGINAL,2025-06,42568,42646,-1,fca571982b7c88a0,2025-06-23,1.8302493299654674,True,1,1,True,True,0.27988921280004647,0.1768732623516953,0.41304347826086957,0.8,False,0.6783693999682651,0.34,0.6724729261193314,0.17099977828600307,REJECT,False,-0.3901151068032574,0.037738018322949964,0.0,0.037738018322949964,-0.4278531251262074,0.02,False,False,False,ONLINE_RANK,,,,,,,,,,False,False,False,
V9.6.7_EXPERT_GATE_ORIGINAL,2025-06,42569,42646,-1,fca571982b7c88a0,2025-06-23,1.830249246597126,True,1,1,True,True,0.27988921280004647,0.1768732623516953,0.40425531914893614,0.8,False,0.6775734489620701,0.34,0.6958513021370099,0.1704696922687453,REJECT,False,-0.390471946775996,0.037738018322949964,0.0,0.037738018322949964,-0.428209965098946,0.02,False,False,False,ONLINE_RANK,,,,,,,,,,False,False,False,
V9.6.7_EXPERT_GATE_ORIGINAL,2025-06,42571,42646,-1,fca571982b7c88a0,2025-06-23,1.830248958669137,True,1,1,True,True,0.3068512263383649,0.18013578982663436,0.6041666666666666,0.8,False,0.6679336448682817,0.34,0.6381391292811189,0.1720821417598073,REJECT,False,-0.3827977449565895,0.037738018322949964,0.0,0.037738018322949964,-0.4205357632795395,0.02,False,False,False,ONLINE_RANK,,,,,,,,,,False,False,False,
V9.6.7_EXPERT_GATE_ORIGINAL,2025-06,43182,43183,-1,fca571982b7c88a0,2025-06-25,-1.2712724268556954,False,2,2,True,True,0.25075763999765294,0.17319070756621435,0.3877551020408163,0.8,False,0.524262127382762,0.34,0.7187570798209022,0.1741880662560593,REJECT,False,-0.39540583239147226,0.037738018322949964,0.0,0.037738018322949964,-0.43314385071442224,0.02,False,False,False,ONLINE_RANK,,,,,,,,,,False,False,False,
V9.6.7_EXPERT_GATE_ORIGINAL,2025-06,43183,43196,-1,fca571982b7c88a0,2025-06-25,-0.17072141097329482,False,2,2,True,True,0.2580890483945736,0.17413550120059904,0.4,0.8,False,0.5262807000425501,0.34,0.64989857892026,0.1756099593006302,REJECT,False,-0.39254062065219403,0.037738018322949964,0.0,0.037738018322949964,-0.430278638975144,0.02,False,False,False,ONLINE_RANK,,,,,,,,,,False,False,False,
V9.6.7_EXPERT_GATE_ORIGINAL,2025-06,43746,43758,-1,fca571982b7c88a0,2025-06-27,1.830276961244383,True,1,1,True,True,0.46749072690430166,0.19820704397102928,0.8431372549019608,0.8,True,0.5314342789308255,0.34,0.4991869943922272,0.17872526483667667,REJECT,False,-0.34183048934266963,0.037738018322949964,0.0,0.037738018322949964,-0.3795685076656196,0.02,False,False,False,META_PROBABILITY,,,,,,,,,,False,False,False,
V9.6.7_EXPERT_GATE_ORIGINAL,2025-07,46991,47015,-1,fca571982b7c88a0,2025-07-09,-0.17070497156980752,False,2,2,True,True,0.23448109632236858,0.3988605210759058,0.6206896551724138,0.8,False,0.5034888250717671,0.34,0.6141634969273098,0.35916167632057105,NEUTRAL,False,0.24703987948665634,0.0457750281601203,0.0,0.0457750281601203,0.20126485132653604,0.02,False,False,False,ONLINE_RANK,,,,,,,,,,False,False,False,
V9.6.7_EXPERT_GATE_ORIGINAL,2025-07,46992,47005,-1,fca571982b7c88a0,2025-07-09,-0.17070601868161106,False,2,2,True,True,0.25772674440529475,0.38469009643321006,0.6,0.8,False,0.5022566805635784,0.34,0.599330477006514,0.3573733551751862,NEUTRAL,False,0.21827966771783913,0.0457750281601203,0.0,0.0457750281601203,0.17250463955771883,0.02,False,False,False,ONLINE_RANK,,,,,,,,,,False,False,False,
V9.6.7_EXPERT_GATE_ORIGINAL,2025-07,47334,47358,-1,fca571982b7c88a0,2025-07-11,-1.27123368019497,False,2,2,True,True,0.23491819592885044,0.3985835723078632,0.6129032258064516,0.8,False,0.47670948129113055,0.34,0.5530143826026395,0.3555331944166258,NEUTRAL,False,0.2441447915428922,0.0457750281601203,0.0,0.0457750281601203,0.1983697633827719,0.02,False,False,False,ONLINE_RANK,,,,,,,,,,False,False,False,
V9.6.7_EXPERT_GATE_ORIGINAL,2025-07,47454,47484,-1,fca571982b7c88a0,2025-07-14,-1.2712123899677013,False,2,2,True,True,0.38112442331496055,0.32307129939717094,0.3125,0.8,False,0.5227332611841322,0.34,0.7132173848047298,0.36063088700365964,NEUTRAL,False,0.10038193882898483,0.0457750281601203,0.0,0.0457750281601203,0.05460691066886453,0.02,False,False,False,ONLINE_RANK,,,,,,,,,,False,False,False,
V9.6.7_EXPERT_GATE_ORIGINAL,2025-07,47460,47484,-1,fca571982b7c88a0,2025-07-14,-1.2712125542859891,False,2,2,True,True,0.24515467687470047,0.3922165847878344,0.6060606060606061,0.8,False,0.5193717932608286,0.34,0.5757811900807783,0.35602501888807503,NEUTRAL,False,0.23206335487565571,0.0457750281601203,0.0,0.0457750281601203,0.1862883267155354,0.02,False,False,False,ONLINE_RANK,,,,,,,,,,False,False,False,
V9.6.7_EXPERT_GATE_ORIGINAL,2025-07,47461,47482,-1,fca571982b7c88a0,2025-07-14,-1.2712126683671485,False,2,2,True,True,0.21240147260342418,0.41344396516277415,0.7352941176470589,0.8,False,0.5193194151321789,0.34,0.5341992021916928,0.354499948809773,NEUTRAL,False,0.27241700874681196,0.0457750281601203,0.0,0.0457750281601203,0.22664198058669166,0.02,False,False,False,ONLINE_RANK,,,,,,,,,,False,False,False,
V9.6.7_EXPERT_GATE_ORIGINAL,2025-08,47911,47922,-1,fca571982b7c88a0,2025-08-01,-0.16999661605873476,False,2,2,False,False,,,,,False,,,,,,False,,,,,,,False,False,False,MODEL_UNAVAILABLE,,,,,,,,,,False,False,False,
V9.6.7_EXPERT_GATE_ORIGINAL,2025-08,49851,49941,-1,fca571982b7c88a0,2025-08-08,-0.17068297938745836,False,2,2,False,False,,,,,False,,,,,,False,,,,,,,False,False,False,MODEL_UNAVAILABLE,,,,,,,,,,False,False,False,
V9.6.7_EXPERT_GATE_ORIGINAL,2025-08,50666,50677,-1,fca571982b7c88a0,2025-08-13,1.8449715074516468,True,1,1,False,False,,,,,False,,,,,,False,,,,,,,False,False,False,MODEL_UNAVAILABLE,,,,,,,,,,False,False,False,
V9.6.7_EXPERT_GATE_ORIGINAL,2025-08,50667,50677,-1,fca571982b7c88a0,2025-08-13,1.8401691359480234,True,1,1,False,False,,,,,False,,,,,,False,,,,,,,False,False,False,MODEL_UNAVAILABLE,,,,,,,,,,False,False,False,
V9.6.7_EXPERT_GATE_ORIGINAL,2025-08,50668,50672,-1,fca571982b7c88a0,2025-08-13,1.8339175215752659,True,1,1,False,False,,,,,False,,,,,,False,,,,,,,False,False,False,MODEL_UNAVAILABLE,,,,,,,,,,False,False,False,
V9.6.7_EXPERT_GATE_ORIGINAL,2025-08,50670,50677,-1,fca571982b7c88a0,2025-08-13,1.830335786958877,True,1,1,False,False,,,,,False,,,,,,False,,,,,,,False,False,False,MODEL_UNAVAILABLE,,,,,,,,,,False,False,False,
V9.6.7_EXPERT_GATE_ORIGINAL,2025-08,52727,52739,-1,fca571982b7c88a0,2025-08-22,-0.12987683503728378,False,2,2,False,False,,,,,False,,,,,,False,,,,,,,False,False,False,MODEL_UNAVAILABLE,,,,,,,,,,False,False,False,
V9.6.7_EXPERT_GATE_ORIGINAL,2025-08,53430,53434,-1,fca571982b7c88a0,2025-08-26,-1.2712548800568824,False,2,2,False,False,,,,,False,,,,,,False,,,,,,,False,False,False,MODEL_UNAVAILABLE,,,,,,,,,,False,False,False,
V9.6.7_EXPERT_GATE_ORIGINAL,2025-08,53878,53886,-1,fca571982b7c88a0,2025-08-28,-0.1706976466099136,False,2,2,False,False,,,,,False,,,,,,False,,,,,,,False,False,False,MODEL_UNAVAILABLE,,,,,,,,,,False,False,False,
V9.6.7_EXPERT_GATE_ORIGINAL,2025-08,54643,54674,-1,fca571982b7c88a0,2025-08-31,-1.2712670961024612,False,2,2,False,False,,,,,False,,,,,,False,,,,,,,False,False,False,MODEL_UNAVAILABLE,,,,,,,,,,False,False,False,
V9.6.7_EXPERT_GATE_ORIGINAL,2025-09,54863,54874,-1,fca571982b7c88a0,2025-09-01,-1.2712679853992956,False,2,2,False,False,,,,,False,,,,,,False,,,,,,,False,False,False,MODEL_UNAVAILABLE,,,,,,,,,,False,False,False,
V9.6.7_EXPERT_GATE_ORIGINAL,2025-09,55160,55163,-1,fca571982b7c88a0,2025-09-02,-1.239009443135294,False,2,2,False,False,,,,,False,,,,,,False,,,,,,,False,False,False,MODEL_UNAVAILABLE,,,,,,,,,,False,False,False,
V9.6.7_EXPERT_GATE_ORIGINAL,2025-09,55167,55172,-1,fca571982b7c88a0,2025-09-02,-0.14163418019028354,False,2,2,False,False,,,,,False,,,,,,False,,,,,,,False,False,False,MODEL_UNAVAILABLE,,,,,,,,,,False,False,False,
V9.6.7_EXPERT_GATE_ORIGINAL,2025-09,55825,55864,-1,fca571982b7c88a0,2025-09-05,-1.271256631178375,False,2,2,False,False,,,,,False,,,,,,False,,,,,,,False,False,False,MODEL_UNAVAILABLE,,,,,,,,,,False,False,False,
V9.6.7_EXPERT_GATE_ORIGINAL,2025-09,55826,55864,-1,fca571982b7c88a0,2025-09-05,-1.27125610897182,False,2,2,False,False,,,,,False,,,,,,False,,,,,,,False,False,False,MODEL_UNAVAILABLE,,,,,,,,,,False,False,False,
V9.6.7_EXPERT_GATE_ORIGINAL,2025-09,56430,56630,-1,fca571982b7c88a0,2025-09-07,-0.17070658654606624,False,2,2,False,False,,,,,False,,,,,,False,,,,,,,False,False,False,MODEL_UNAVAILABLE,,,,,,,,,,False,False,False,
V9.6.7_EXPERT_GATE_ORIGINAL,2025-09,57138,57184,-1,fca571982b7c88a0,2025-09-10,-0.1706999455596066,False,2,2,False,False,,,,,False,,,,,,False,,,,,,,False,False,False,MODEL_UNAVAILABLE,,,,,,,,,,False,False,False,
V9.6.7_EXPERT_GATE_ORIGINAL,2025-09,57789,57832,-1,fca571982b7c88a0,2025-09-12,-0.17068468051953192,False,2,2,False,False,,,,,False,,,,,,False,,,,,,,False,False,False,MODEL_UNAVAILABLE,,,,,,,,,,False,False,False,
V9.6.7_EXPERT_GATE_ORIGINAL,2025-09,58828,58837,-1,fca571982b7c88a0,2025-09-16,-1.2712370958117465,False,2,2,False,False,,,,,False,,,,,,False,,,,,,,False,False,False,MODEL_UNAVAILABLE,,,,,,,,,,False,False,False,
V9.6.7_EXPERT_GATE_ORIGINAL,2025-09,59222,59336,-1,fca571982b7c88a0,2025-09-18,-0.1706795293153434,False,2,2,False,False,,,,,False,,,,,,False,,,,,,,False,False,False,MODEL_UNAVAILABLE,,,,,,,,,,False,False,False,
V9.6.7_EXPERT_GATE_ORIGINAL,2025-09,59224,59336,-1,fca571982b7c88a0,2025-09-18,-0.17067953614423303,False,2,2,False,False,,,,,False,,,,,,False,,,,,,,False,False,False,MODEL_UNAVAILABLE,,,,,,,,,,False,False,False,
V9.6.7_EXPERT_GATE_ORIGINAL,2025-09,59226,59344,-1,fca571982b7c88a0,2025-09-18,-0.1706794494902915,False,2,2,False,False,,,,,False,,,,,,False,,,,,,,False,False,False,MODEL_UNAVAILABLE,,,,,,,,,,False,False,False,
V9.6.7_EXPERT_GATE_ORIGINAL,2025-09,59227,59336,-1,fca571982b7c88a0,2025-09-18,-0.17068018265143736,False,2,2,False,False,,,,,False,,,,,,False,,,,,,,False,False,False,MODEL_UNAVAILABLE,,,,,,,,,,False,False,False,
V9.6.7_EXPERT_GATE_ORIGINAL,2025-09,59228,59336,-1,fca571982b7c88a0,2025-09-18,-0.1706798358204316,False,2,2,False,False,,,,,False,,,,,,False,,,,,,,False,False,False,MODEL_UNAVAILABLE,,,,,,,,,,False,False,False,
V9.6.7_EXPERT_GATE_ORIGINAL,2025-09,60841,60851,-1,fca571982b7c88a0,2025-09-24,-1.2712521274089024,False,2,2,False,False,,,,,False,,,,,,False,,,,,,,False,False,False,MODEL_UNAVAILABLE,,,,,,,,,,False,False,False,
V9.6.7_EXPERT_GATE_ORIGINAL,2025-09,61232,61242,-1,fca571982b7c88a0,2025-09-25,1.8302942754952483,True,1,1,False,False,,,,,False,,,,,,False,,,,,,,False,False,False,MODEL_UNAVAILABLE,,,,,,,,,,False,False,False,
V9.6.7_EXPERT_GATE_ORIGINAL,2025-09,62585,62599,-1,fca571982b7c88a0,2025-09-30,-1.2712469146935177,False,2,2,False,False,,,,,False,,,,,,False,,,,,,,False,False,False,MODEL_UNAVAILABLE,,,,,,,,,,False,False,False,
V9.6.7_EXPERT_GATE_ORIGINAL,2025-10,62834,62837,-1,fca571982b7c88a0,2025-10-01,-1.2712293453146417,False,2,2,False,False,,,,,False,,,,,,False,,,,,,,False,False,False,MODEL_UNAVAILABLE,,,,,,,,,,False,False,False,
V9.6.7_EXPERT_GATE_ORIGINAL,2025-10,63359,63361,-1,fca571982b7c88a0,2025-10-03,-1.2712180612156554,False,2,2,False,False,,,,,False,,,,,,False,,,,,,,False,False,False,MODEL_UNAVAILABLE,,,,,,,,,,False,False,False,
V9.6.7_EXPERT_GATE_ORIGINAL,2025-10,63486,63494,-1,fca571982b7c88a0,2025-10-05,-0.17065676201038057,False,2,2,False,False,,,,,False,,,,,,False,,,,,,,False,False,False,MODEL_UNAVAILABLE,,,,,,,,,,False,False,False,
V9.6.7_EXPERT_GATE_ORIGINAL,2025-10,63521,63557,-1,fca571982b7c88a0,2025-10-05,1.830348455305814,True,1,1,False,False,,,,,False,,,,,,False,,,,,,,False,False,False,MODEL_UNAVAILABLE,,,,,,,,,,False,False,False,
V9.6.7_EXPERT_GATE_ORIGINAL,2025-10,63934,63961,-1,fca571982b7c88a0,2025-10-06,1.8303500305196259,True,1,1,False,False,,,,,False,,,,,,False,,,,,,,False,False,False,MODEL_UNAVAILABLE,,,,,,,,,,False,False,False,
V9.6.7_EXPERT_GATE_ORIGINAL,2025-10,64352,64373,-1,fca571982b7c88a0,2025-10-08,-1.2712116152663937,False,2,2,False,False,,,,,False,,,,,,False,,,,,,,False,False,False,MODEL_UNAVAILABLE,,,,,,,,,,False,False,False,
V9.6.7_EXPERT_GATE_ORIGINAL,2025-10,64359,64373,-1,fca571982b7c88a0,2025-10-08,-1.2712113619569512,False,2,2,False,False,,,,,False,,,,,,False,,,,,,,False,False,False,MODEL_UNAVAILABLE,,,,,,,,,,False,False,False,
V9.6.7_EXPERT_GATE_ORIGINAL,2025-10,64422,64434,-1,fca571982b7c88a0,2025-10-08,-1.2712116098584325,False,2,2,False,False,,,,,False,,,,,,False,,,,,,,False,False,False,MODEL_UNAVAILABLE,,,,,,,,,,False,False,False,
V9.6.7_EXPERT_GATE_ORIGINAL,2025-10,65293,65301,-1,fca571982b7c88a0,2025-10-12,-1.2712562533754626,False,2,2,False,False,,,,,False,,,,,,False,,,,,,,False,False,False,MODEL_UNAVAILABLE,,,,,,,,,,False,False,False,
V9.6.7_EXPERT_GATE_ORIGINAL,2025-10,65469,65473,-1,fca571982b7c88a0,2025-10-12,-1.2712404281727847,False,2,2,False,False,,,,,False,,,,,,False,,,,,,,False,False,False,MODEL_UNAVAILABLE,,,,,,,,,,False,False,False,
V9.6.7_EXPERT_GATE_ORIGINAL,2025-10,65470,65473,-1,fca571982b7c88a0,2025-10-12,-1.2712403894106281,False,2,2,False,False,,,,,False,,,,,,False,,,,,,,False,False,False,MODEL_UNAVAILABLE,,,,,,,,,,False,False,False,
V9.6.7_EXPERT_GATE_ORIGINAL,2025-10,65493,65500,-1,fca571982b7c88a0,2025-10-12,-0.17068884812827717,False,2,2,False,False,,,,,False,,,,,,False,,,,,,,False,False,False,MODEL_UNAVAILABLE,,,,,,,,,,False,False,False,
V9.6.7_EXPERT_GATE_ORIGINAL,2025-10,65935,65937,-1,fca571982b7c88a0,2025-10-14,-1.222618593933134,False,2,2,False,False,,,,,False,,,,,,False,,,,,,,False,False,False,MODEL_UNAVAILABLE,,,,,,,,,,False,False,False,
V9.6.7_EXPERT_GATE_ORIGINAL,2025-10,66515,66523,-1,fca571982b7c88a0,2025-10-16,-0.11951851064527158,False,2,2,False,False,,,,,False,,,,,,False,,,,,,,False,False,False,MODEL_UNAVAILABLE,,,,,,,,,,False,False,False,
V9.6.7_EXPERT_GATE_ORIGINAL,2025-10,67402,67412,-1,fca571982b7c88a0,2025-10-20,-1.2712671641861617,False,2,2,False,False,,,,,False,,,,,,False,,,,,,,False,False,False,MODEL_UNAVAILABLE,,,,,,,,,,False,False,False,
V9.6.7_EXPERT_GATE_ORIGINAL,2025-10,67531,67540,-1,fca571982b7c88a0,2025-10-20,-1.2712570514567267,False,2,2,False,False,,,,,False,,,,,,False,,,,,,,False,False,False,MODEL_UNAVAILABLE,,,,,,,,,,False,False,False,
V9.6.7_EXPERT_GATE_ORIGINAL,2025-10,67763,67776,-1,fca571982b7c88a0,2025-10-21,-1.2712692398319674,False,2,2,False,False,,,,,False,,,,,,False,,,,,,,False,False,False,MODEL_UNAVAILABLE,,,,,,,,,,False,False,False,
V9.6.7_EXPERT_GATE_ORIGINAL,2025-10,68213,68241,-1,fca571982b7c88a0,2025-10-23,-1.2712681110632584,False,2,2,False,False,,,,,False,,,,,,False,,,,,,,False,False,False,MODEL_UNAVAILABLE,,,,,,,,,,False,False,False,
V9.6.7_EXPERT_GATE_ORIGINAL,2025-10,68330,68335,-1,fca571982b7c88a0,2025-10-23,-0.1707142691959988,False,2,2,False,False,,,,,False,,,,,,False,,,,,,,False,False,False,MODEL_UNAVAILABLE,,,,,,,,,,False,False,False,
V9.6.7_EXPERT_GATE_ORIGINAL,2025-10,68372,68395,-1,fca571982b7c88a0,2025-10-23,1.8302923776142146,True,1,1,False,False,,,,,False,,,,,,False,,,,,,,False,False,False,MODEL_UNAVAILABLE,,,,,,,,,,False,False,False,
V9.6.7_EXPERT_GATE_ORIGINAL,2025-10,68373,68395,-1,fca571982b7c88a0,2025-10-23,1.8302920107642446,True,1,1,False,False,,,,,False,,,,,,False,,,,,,,False,False,False,MODEL_UNAVAILABLE,,,,,,,,,,False,False,False,
V9.6.7_EXPERT_GATE_ORIGINAL,2025-10,68374,68395,-1,fca571982b7c88a0,2025-10-23,1.8302918772563184,True,1,1,False,False,,,,,False,,,,,,False,,,,,,,False,False,False,MODEL_UNAVAILABLE,,,,,,,,,,False,False,False,
V9.6.7_EXPERT_GATE_ORIGINAL,2025-10,69324,69363,-1,fca571982b7c88a0,2025-10-27,1.8303135393255048,True,1,1,False,False,,,,,False,,,,,,False,,,,,,,False,False,False,MODEL_UNAVAILABLE,,,,,,,,,,False,False,False,
V9.6.7_EXPERT_GATE_ORIGINAL,2025-10,69326,69328,-1,fca571982b7c88a0,2025-10-27,1.8303138277175421,True,1,1,False,False,,,,,False,,,,,,False,,,,,,,False,False,False,MODEL_UNAVAILABLE,,,,,,,,,,False,False,False,
V9.6.7_EXPERT_GATE_ORIGINAL,2025-10,70021,70029,-1,fca571982b7c88a0,2025-10-30,-1.241564548005948,False,2,2,False,False,,,,,False,,,,,,False,,,,,,,False,False,False,MODEL_UNAVAILABLE,,,,,,,,,,False,False,False,
V9.6.7_EXPERT_GATE_ORIGINAL,2025-10,70033,70035,-1,fca571982b7c88a0,2025-10-30,-1.2712586115256548,False,2,2,False,False,,,,,False,,,,,,False,,,,,,,False,False,False,MODEL_UNAVAILABLE,,,,,,,,,,False,False,False,
V9.6.7_EXPERT_GATE_ORIGINAL,2025-10,70039,70053,-1,fca571982b7c88a0,2025-10-30,1.8305193373507584,True,1,1,False,False,,,,,False,,,,,,False,,,,,,,False,False,False,MODEL_UNAVAILABLE,,,,,,,,,,False,False,False,
V9.6.7_EXPERT_GATE_ORIGINAL,2025-10,70236,70249,-1,fca571982b7c88a0,2025-10-31,1.8302871314746165,True,1,1,False,False,,,,,False,,,,,,False,,,,,,,False,False,False,MODEL_UNAVAILABLE,,,,,,,,,,False,False,False,
V9.6.7_EXPERT_GATE_ORIGINAL,2025-10,70278,70311,-1,fca571982b7c88a0,2025-10-31,-0.1707119529498316,False,2,2,False,False,,,,,False,,,,,,False,,,,,,,False,False,False,MODEL_UNAVAILABLE,,,,,,,,,,False,False,False,
V9.6.7_EXPERT_GATE_ORIGINAL,2025-10,70279,70310,-1,fca571982b7c88a0,2025-10-31,-0.1707126918649927,False,2,2,False,False,,,,,False,,,,,,False,,,,,,,False,False,False,MODEL_UNAVAILABLE,,,,,,,,,,False,False,False,
V9.6.7_EXPERT_GATE_ORIGINAL,2025-10,70280,70310,-1,fca571982b7c88a0,2025-10-31,-0.17071284591826139,False,2,2,False,False,,,,,False,,,,,,False,,,,,,,False,False,False,MODEL_UNAVAILABLE,,,,,,,,,,False,False,False,
V9.6.7_EXPERT_GATE_ORIGINAL,2025-10,70394,70539,-1,fca571982b7c88a0,2025-10-31,-0.13079605408316622,False,2,2,False,False,,,,,False,,,,,,False,,,,,,,False,False,False,MODEL_UNAVAILABLE,,,,,,,,,,False,False,False,
V9.6.7_EXPERT_GATE_ORIGINAL,2025-10,70395,70539,-1,fca571982b7c88a0,2025-10-31,-0.13466549182021448,False,2,2,False,False,,,,,False,,,,,,False,,,,,,,False,False,False,MODEL_UNAVAILABLE,,,,,,,,,,False,False,False,
V9.6.7_EXPERT_GATE_ORIGINAL,2025-11,71235,71247,-1,fca571982b7c88a0,2025-11-04,1.9523845120845313,True,1,1,True,True,0.1760959272736491,0.22447125527388478,0.08823529411764706,0.8,False,0.8226488397743956,0.34,0.6383513929413951,0.267410134421454,REJECT,False,-0.2195534211986626,0.04384364712439985,0.0,0.04384364712439985,-0.2633970683230625,0.02,False,False,False,ONLINE_RANK,,,,,,,,,,False,False,False,
V9.6.7_EXPERT_GATE_ORIGINAL,2025-11,71237,71247,-1,fca571982b7c88a0,2025-11-04,1.9511183705947617,True,1,1,True,True,0.1594115487979463,0.2173729664873914,0.05714285714285714,0.8,False,0.8228389536816574,0.34,0.6547550571084566,0.26755553672343557,REJECT,False,-0.23372521942239777,0.04384364712439985,0.0,0.04384364712439985,-0.27756886654679763,0.02,False,False,False,ONLINE_RANK,,,,,,,,,,False,False,False,
V9.6.7_EXPERT_GATE_ORIGINAL,2025-11,71238,71247,-1,fca571982b7c88a0,2025-11-04,1.9509528470021675,True,1,1,True,True,0.17008847169404864,0.2219564460263444,0.08333333333333333,0.8,False,0.8222199389595565,0.34,0.6234291911225487,0.2671635054855624,REJECT,False,-0.2247740396927005,0.04384364712439985,0.0,0.04384364712439985,-0.26861768681710035,0.02,False,False,False,ONLINE_RANK,,,,,,,,,,False,False,False,
V9.6.7_EXPERT_GATE_ORIGINAL,2025-11,71815,71825,-1,fca571982b7c88a0,2025-11-06,-0.17075330407362674,False,2,2,True,True,0.10917633331321626,0.1931920789161804,0.02702702702702703,0.8,False,0.8130788868125726,0.34,0.5048863226181187,0.26525904096500874,REJECT,False,-0.28387332011264366,0.04384364712439985,0.0,0.04384364712439985,-0.3277169672370435,0.02,False,False,False,ONLINE_RANK,,,,,,,,,,False,False,False,
V9.6.7_EXPERT_GATE_ORIGINAL,2025-11,72046,72052,-1,fca571982b7c88a0,2025-11-07,-1.271293321181501,False,2,2,True,True,0.32690279776057746,0.2786462733741743,0.6842105263157895,0.8,False,0.545521634912592,0.34,0.5146657904842278,0.27285279746116325,REJECT,False,-0.10700188836641233,0.04384364712439985,0.0,0.04384364712439985,-0.1508455354908122,0.02,False,False,False,ONLINE_RANK,,,,,,,,,,False,False,False,
V9.6.7_EXPERT_GATE_ORIGINAL,2025-11,72072,72090,-1,fca571982b7c88a0,2025-11-07,1.8302598896927755,True,1,1,True,True,0.36403909379937144,0.29059729104889653,0.7692307692307693,0.8,False,0.522406149178515,0.34,0.46232059730342906,0.27267366613979727,REJECT,False,-0.0830975653610182,0.04384364712439985,0.0,0.04384364712439985,-0.12694121248541806,0.02,False,False,False,ONLINE_RANK,,,,,,,,,,False,False,False,
V9.6.7_EXPERT_GATE_ORIGINAL,2025-11,73260,73272,-1,fca571982b7c88a0,2025-11-12,-1.2712871862754191,False,2,2,True,True,0.5415810042896027,0.3471583778756316,0.975,0.8,True,0.8128701101513794,0.34,0.7618056181027908,0.2712933271653086,REJECT,False,0.029678580528999854,0.04384364712439985,0.0,0.04384364712439985,-0.014165066595399997,0.02,False,False,False,META_PROBABILITY,,,,,,,,,,False,False,False,
V9.6.7_EXPERT_GATE_ORIGINAL,2025-11,73709,73715,-1,fca571982b7c88a0,2025-11-14,-1.2234844010159187,False,2,2,True,True,0.1418102928517149,0.20945182033329623,0.07317073170731707,0.8,False,0.820232845819229,0.34,0.5183847649127604,0.26548772169123785,REJECT,False,-0.25103418344128403,0.04384364712439985,0.0,0.04384364712439985,-0.2948778305656839,0.02,False,False,False,ONLINE_RANK,,,,,,,,,,False,False,False,
V9.6.7_EXPERT_GATE_ORIGINAL,2025-11,73710,73715,-1,fca571982b7c88a0,2025-11-14,-1.227104640485646,False,2,2,True,True,0.18611400549646645,0.22857210778024728,0.21428571428571427,0.8,False,0.8200252850449667,0.34,0.6228622229907192,0.2672957029434002,REJECT,False,-0.2113864216704764,0.04384364712439985,0.0,0.04384364712439985,-0.25523006879487625,0.02,False,False,False,ONLINE_RANK,,,,,,,,,,False,False,False,
V9.6.7_EXPERT_GATE_ORIGINAL,2025-11,73791,73808,-1,fca571982b7c88a0,2025-11-14,-0.12349390865604246,False,2,2,True,True,0.10088582899615645,0.18863205000650443,0.023255813953488372,0.8,False,0.8161031753678644,0.34,0.568258580665925,0.26606040074534376,REJECT,False,-0.29250307636553285,0.04384364712439985,0.0,0.04384364712439985,-0.3363467234899327,0.02,False,False,False,ONLINE_RANK,,,,,,,,,,False,False,False,
V9.6.7_EXPERT_GATE_ORIGINAL,2025-11,73999,74023,-1,fca571982b7c88a0,2025-11-15,-0.17078146175925912,False,2,2,True,True,0.1814419730172567,0.2266734813896139,0.20454545454545456,0.8,False,0.8207465106516554,0.34,0.47938971294725036,0.26510428415490644,REJECT,False,-0.21667152936499262,0.04384364712439985,0.0,0.04384364712439985,-0.2605151764893925,0.02,False,False,False,ONLINE_RANK,,,,,,,,,,False,False,False,
V9.6.7_EXPERT_GATE_ORIGINAL,2025-11,74485,74486,-1,fca571982b7c88a0,2025-11-16,-1.185441811154667,False,2,2,True,True,0.5408886795010053,0.34692988124613117,0.9555555555555556,0.8,True,0.829020804077641,0.34,0.6616849259579992,0.26927176539531633,REJECT,False,0.027864643788990673,0.04384364712439985,0.0,0.04384364712439985,-0.015979003335409178,0.02,False,False,False,META_PROBABILITY,,,,,,,,,,False,False,False,
V9.6.7_EXPERT_GATE_ORIGINAL,2025-11,74486,74488,-1,fca571982b7c88a0,2025-11-16,-1.1790319427350429,False,2,2,True,True,0.5089293841724045,0.3365064750500695,0.9347826086956522,0.8,True,0.8286699210742047,0.34,0.6125297424464227,0.26835230172615915,REJECT,False,0.006295034242527531,0.04384364712439985,0.0,0.04384364712439985,-0.03754861288187232,0.02,False,False,False,META_PROBABILITY,,,,,,,,,,False,False,False,
V9.6.7_EXPERT_GATE_ORIGINAL,2025-11,74583,74592,-1,fca571982b7c88a0,2025-11-17,-0.1707843384974318,False,2,2,True,True,0.3538026715751962,0.2873276483498539,0.7021276595744681,0.8,False,0.5285457417069441,0.34,0.6953008235479836,0.27643483377669625,REJECT,False,-0.08715003878137706,0.04384364712439985,0.0,0.04384364712439985,-0.13099368590577692,0.02,False,False,False,ONLINE_RANK,,,,,,,,,,False,False,False,
V9.6.7_EXPERT_GATE_ORIGINAL,2025-11,75212,75214,-1,fca571982b7c88a0,2025-11-20,-1.271358478960571,False,2,2,True,True,0.5130155571317764,0.3378268795666438,0.9375,0.8,True,0.8227640703670855,0.34,0.5950877050915163,0.26823371680526664,REJECT,False,0.008869896538256872,0.04384364712439985,0.0,0.04384364712439985,-0.03497375058614298,0.02,False,False,False,META_PROBABILITY,,,,,,,,,,False,False,False,
V9.6.7_EXPERT_GATE_ORIGINAL,2025-11,75222,75258,-1,fca571982b7c88a0,2025-11-20,-0.17080479766639714,False,2,2,True,True,0.4119288217214431,0.30574601462209955,0.8163265306122449,0.8,True,0.5407326370098795,0.34,0.600069127415759,0.27476387917615785,REJECT,False,-0.05124446321884879,0.04384364712439985,0.0,0.04384364712439985,-0.09508811034324864,0.02,False,False,False,META_PROBABILITY,,,,,,,,,,False,False,False,
V9.6.7_EXPERT_GATE_ORIGINAL,2025-11,75462,75465,-1,fca571982b7c88a0,2025-11-20,1.8431367898140198,True,1,1,True,True,0.05384430816862441,0.15709975782350644,0.02,0.8,False,0.815658836258788,0.34,0.5687171826650894,0.2656762214937878,REJECT,False,-0.35614782661656735,0.04384364712439985,0.0,0.04384364712439985,-0.3999914737409672,0.02,False,False,False,ONLINE_RANK,,,,,,,,,,False,False,False,
V9.6.7_EXPERT_GATE_ORIGINAL,2025-11,75463,75467,-1,fca571982b7c88a0,2025-11-20,1.853153075027752,True,1,1,True,True,0.09483380915741893,0.18516332033542235,0.0392156862745098,0.8,False,0.8159552509550743,0.34,0.616254559362289,0.2667226881038529,REJECT,False,-0.29903225402163974,0.04384364712439985,0.0,0.04384364712439985,-0.3428759011460396,0.02,False,False,False,ONLINE_RANK,,,,,,,,,,False,False,False,
V9.6.7_EXPERT_GATE_ORIGINAL,2025-11,75536,75555,-1,fca571982b7c88a0,2025-11-21,1.8532633197143376,True,1,1,True,True,0.45758787661727185,0.3201327315701041,0.8846153846153846,0.8,True,0.8245856928258217,0.34,0.5382321482162329,0.26705995297898827,REJECT,False,-0.027486014300028838,0.04384364712439985,0.0,0.04384364712439985,-0.07132966142442869,0.02,False,False,False,META_PROBABILITY,,,,,,,,,,False,False,False,
V9.6.7_EXPERT_GATE_ORIGINAL,2025-11,75596,75609,-1,fca571982b7c88a0,2025-11-21,1.9512117896482253,True,1,1,True,True,0.05116077713717256,0.15485396957633102,0.018867924528301886,0.8,False,0.8287581365944082,0.34,0.6092826261886652,0.2659155321810936,REJECT,False,-0.36050203203061343,0.04384364712439985,0.0,0.04384364712439985,-0.4043456791550133,0.02,False,False,False,ONLINE_RANK,,,,,,,,,,False,False,False,
V9.6.7_EXPERT_GATE_ORIGINAL,2025-11,75597,75608,-1,fca571982b7c88a0,2025-11-21,1.9492510831203553,True,1,1,True,True,0.051916228926102086,0.15549346434186706,0.037037037037037035,0.8,False,0.8289069481976852,0.34,0.5048364553431767,0.26442680520309814,REJECT,False,-0.3602140609506847,0.04384364712439985,0.0,0.04384364712439985,-0.40405770807508457,0.02,False,False,False,ONLINE_RANK,,,,,,,,,,False,False,False,
V9.6.7_EXPERT_GATE_ORIGINAL,2025-11,75705,75711,-1,fca571982b7c88a0,2025-11-21,-1.1679452780892239,False,2,2,True,True,0.12529157975538321,0.20151827281545603,0.12727272727272726,0.8,False,0.8285916372978969,0.34,0.5792922352269309,0.26608843220800155,REJECT,False,-0.2665799558890127,0.04384364712439985,0.0,0.04384364712439985,-0.31042360301341254,0.02,False,False,False,ONLINE_RANK,,,,,,,,,,False,False,False,
V9.6.7_EXPERT_GATE_ORIGINAL,2025-11,75706,75710,-1,fca571982b7c88a0,2025-11-21,-1.1737950294946553,False,2,2,True,True,0.08337122459538493,0.1782153103069472,0.07142857142857142,0.8,False,0.8286345984336558,0.34,0.5908708947385335,0.2659567096025069,REJECT,False,-0.3135126531689802,0.04384364712439985,0.0,0.04384364712439985,-0.35735630029338006,0.02,False,False,False,ONLINE_RANK,,,,,,,,,,False,False,False,
V9.6.7_EXPERT_GATE_ORIGINAL,2025-11,76059,76084,-1,fca571982b7c88a0,2025-11-23,1.8301557408228823,True,1,1,True,True,0.5327107424678629,0.3442401727220724,0.9473684210526315,0.8,True,0.526610851136868,0.34,0.6435622186088439,0.2763871999128936,REJECT,False,0.027225596049681,0.04384364712439985,0.0,0.04384364712439985,-0.01661805107471885,0.02,False,False,False,META_PROBABILITY,,,,,,,,,,False,False,False,
V9.6.7_EXPERT_GATE_ORIGINAL,2025-11,76060,76085,-1,fca571982b7c88a0,2025-11-23,1.8301551802551717,True,1,1,True,True,0.41351872757256003,0.3062466155469212,0.8275862068965517,0.8,True,0.5236956267715982,0.34,0.662133958968669,0.2762551186164658,REJECT,False,-0.049238890395463586,0.04384364712439985,0.0,0.04384364712439985,-0.09308253751986344,0.02,False,False,False,META_PROBABILITY,,,,,,,,,,False,False,False,
V9.6.7_EXPERT_GATE_ORIGINAL,2025-11,76167,76176,-1,fca571982b7c88a0,2025-11-23,-0.17084307456577152,False,2,2,True,True,0.5442903921543483,0.3480538249086861,0.9830508474576272,0.8,True,0.532332619415436,0.34,0.5389207712032926,0.2744668498770501,REJECT,False,0.033605148470435275,0.04384364712439985,0.0,0.04384364712439985,-0.010238498653964576,0.02,False,False,False,META_PROBABILITY,,,,,,,,,,False,False,False,
V9.6.7_EXPERT_GATE_ORIGINAL,2025-11,76184,76186,-1,fca571982b7c88a0,2025-11-23,-1.271390755236715,False,2,2,True,True,0.603354686675475,0.368165555566499,0.9833333333333333,0.8,True,0.5288244061844349,0.34,0.5329705461782077,0.27470483462790724,REJECT,False,0.07419392348494991,0.04384364712439985,0.0,0.04384364712439985,0.030350276360550058,0.02,False,False,False,META_PROBABILITY,,,,,,,,,,False,False,False,
V9.6.7_EXPERT_GATE_ORIGINAL,2025-11,76453,76455,-1,fca571982b7c88a0,2025-11-24,-1.2147025124475934,False,2,2,True,True,0.3289844125504751,0.2793235267148202,0.6065573770491803,0.8,False,0.5344558040478568,0.34,0.4779217577697395,0.2725112981096202,REJECT,False,-0.10586928126576767,0.04384364712439985,0.0,0.04384364712439985,-0.14971292839016753,0.02,False,False,False,ONLINE_RANK,,,,,,,,,,False,False,False,
V9.6.7_EXPERT_GATE_ORIGINAL,2025-11,76507,76519,-1,fca571982b7c88a0,2025-11-24,-0.17082715118256717,False,2,2,True,True,0.3734291848598068,0.2935839308179296,0.7258064516129032,0.8,False,0.5177842121354046,0.34,0.5394642818234221,0.27413183778999,REJECT,False,-0.0761166280416673,0.04384364712439985,0.0,0.04384364712439985,-0.11996027516606715,0.02,False,False,False,ONLINE_RANK,,,,,,,,,,False,False,False,
V9.6.7_EXPERT_GATE_ORIGINAL,2025-11,76508,76537,-1,fca571982b7c88a0,2025-11-24,1.8301722838894627,True,1,1,True,True,0.18936278761488282,0.22987875820577552,0.2857142857142857,0.8,False,0.5177910628659202,0.34,0.5427863934207077,0.27337096924321364,REJECT,False,-0.2046888426533467,0.04384364712439985,0.0,0.04384364712439985,-0.24853248977774656,0.02,False,False,False,ONLINE_RANK,,,,,,,,,,False,False,False,
V9.6.7_EXPERT_GATE_ORIGINAL,2025-11,76735,76749,-1,fca571982b7c88a0,2025-11-25,1.8375221824337566,True,1,1,True,True,0.2942774709469425,0.2678776195259137,0.546875,0.8,False,0.5399369653410051,0.34,0.6428663839786435,0.2749941908054327,REJECT,False,-0.12721451280368223,0.04384364712439985,0.0,0.04384364712439985,-0.1710581599280821,0.02,False,False,False,ONLINE_RANK,,,,,,,,,,False,False,False,
V9.6.7_EXPERT_GATE_ORIGINAL,2025-11,76773,76786,-1,fca571982b7c88a0,2025-11-25,1.8301607712705452,True,1,1,True,True,0.4337870561574894,0.3126268256834427,0.8153846153846154,0.8,True,0.5358932050999484,0.34,0.615300287368256,0.2752360207557743,REJECT,False,-0.037096043555974734,0.04384364712439985,0.0,0.04384364712439985,-0.08093969068037458,0.02,False,False,False,META_PROBABILITY,,,,,,,,,,False,False,False,
V9.6.7_EXPERT_GATE_ORIGINAL,2025-11,77012,77046,-1,fca571982b7c88a0,2025-11-26,-1.2224190290603023,False,2,2,True,True,0.472026638695678,0.3247049714204316,0.8787878787878788,0.8,True,0.5377331972848596,0.34,0.6875869877891612,0.2766039057535005,REJECT,False,-0.011899541099141264,0.04384364712439985,0.0,0.04384364712439985,-0.055743188223541115,0.02,False,False,False,META_PROBABILITY,,,,,,,,,,False,False,False,
V9.6.7_EXPERT_GATE_ORIGINAL,2025-11,77057,77081,-1,fca571982b7c88a0,2025-11-26,-1.2713693126949368,False,2,2,True,True,0.2255603682270282,0.24378878875292312,0.29850746268656714,0.8,False,0.5364727406974201,0.34,0.7793262271546939,0.2770119389105533,REJECT,False,-0.1742866762288593,0.04384364712439985,0.0,0.04384364712439985,-0.21813032335325916,0.02,False,False,False,ONLINE_RANK,,,,,,,,,,False,False,False,
V9.6.7_EXPERT_GATE_ORIGINAL,2025-11,77105,77144,-1,fca571982b7c88a0,2025-11-27,-0.1708114938841681,False,2,2,True,True,0.6389932264024063,0.38101431424517895,1.0,0.8,True,0.5158294571806736,0.34,0.5809385301905421,0.2760417314232544,REJECT,False,0.10091877459002419,0.04384364712439985,0.0,0.04384364712439985,0.057075127465624334,0.02,False,False,False,META_PROBABILITY,,,,,,,,,,False,False,False,
V9.6.7_EXPERT_GATE_ORIGINAL,2025-11,77106,77133,-1,fca571982b7c88a0,2025-11-27,-0.17081088668787453,False,2,2,True,True,0.3306953585187665,0.2798794250985387,0.5942028985507246,0.8,False,0.5158946440552755,0.34,0.5052374850967327,0.27342378036700116,REJECT,False,-0.10414036021529549,0.04384364712439985,0.0,0.04384364712439985,-0.14798400733969536,0.02,False,False,False,ONLINE_RANK,,,,,,,,,,False,False,False,
V9.6.7_EXPERT_GATE_ORIGINAL,2025-11,77109,77133,-1,fca571982b7c88a0,2025-11-27,-0.17081120297401162,False,2,2,True,True,0.4114151723473685,0.3055842734099464,0.7571428571428571,0.8,False,0.5138162236067968,0.34,0.614450497428255,0.2756704382385732,REJECT,False,-0.05096213546695261,0.04384364712439985,0.0,0.04384364712439985,-0.09480578259135246,0.02,False,False,False,ONLINE_RANK,,,,,,,,,,False,False,False,
V9.6.7_EXPERT_GATE_ORIGINAL,2025-11,77842,77914,-1,fca571982b7c88a0,2025-11-29,-0.1708152468523025,False,2,2,True,True,0.2956001230963129,0.26832058929014957,0.49295774647887325,0.8,False,0.6829939270408277,0.34,0.6525140771766824,0.27163289464959856,REJECT,False,-0.12857637126300275,0.04384364712439985,0.0,0.04384364712439985,-0.17242001838740262,0.02,False,False,False,ONLINE_RANK,,,,,,,,,,False,False,False,
V9.6.7_EXPERT_GATE_ORIGINAL,2025-11,77843,77914,-1,fca571982b7c88a0,2025-11-29,-0.17081544944985608,False,2,2,True,True,0.2299072565350015,0.24539030443188836,0.2777777777777778,0.8,False,0.6828019944536525,0.34,0.4985744368915233,0.2688898560634799,REJECT,False,-0.17650968518899335,0.04384364712439985,0.0,0.04384364712439985,-0.2203533323133932,0.02,False,False,False,ONLINE_RANK,,,,,,,,,,False,False,False,
V9.6.7_EXPERT_GATE_ORIGINAL,2025-12,78238,78274,-1,fca571982b7c88a0,2025-12-01,1.8301569031770728,True,1,1,True,True,0.3364448127937103,0.3337119895617896,0.525,0.8,False,0.8040016647212999,0.34,0.7420063879635059,0.36410341956181186,NEUTRAL,False,0.1679838406744728,0.046093411762780645,0.0,0.046093411762780645,0.12189042891169216,0.02,False,False,False,ONLINE_RANK,,,,,,,,,,False,False,False,
V9.6.7_EXPERT_GATE_ORIGINAL,2025-12,78294,78298,-1,fca571982b7c88a0,2025-12-01,-1.2519316330718555,False,2,2,True,True,0.41575671175185697,0.3043092725186274,0.3902439024390244,0.8,False,0.8061365141908305,0.34,0.5818951278821317,0.3582115024509692,NEUTRAL,False,0.10690858726910413,0.046093411762780645,0.0,0.046093411762780645,0.06081517550632348,0.02,False,False,False,ONLINE_RANK,,,,,,,,,,False,False,False,
V9.6.7_EXPERT_GATE_ORIGINAL,2025-12,78371,78376,-1,fca571982b7c88a0,2025-12-01,-1.2483246791386824,False,2,2,True,True,0.1506532942135113,0.4340055032241077,0.7857142857142857,0.8,False,0.8210696968095994,0.34,0.46866425754243957,0.3665815983296189,NEUTRAL,False,0.3648775414785033,0.046093411762780645,0.0,0.046093411762780645,0.3187841297157227,0.02,False,False,False,ONLINE_RANK,,,,,,,,,,False,False,False,
V9.6.7_EXPERT_GATE_ORIGINAL,2025-12,78458,78511,-1,fca571982b7c88a0,2025-12-02,-0.17084221390320423,False,2,2,True,True,0.3361642981472155,0.33382425588009024,0.4883720930232558,0.8,False,0.7000995978238372,0.34,0.6607495920603597,0.35879818282435705,NEUTRAL,False,0.1647590970342957,0.046093411762780645,0.0,0.046093411762780645,0.11866568527151505,0.02,False,False,False,ONLINE_RANK,,,,,,,,,,False,False,False,
V9.6.7_EXPERT_GATE_ORIGINAL,2025-12,78459,78511,-1,fca571982b7c88a0,2025-12-02,-0.17084141765720165,False,2,2,True,True,0.25574613028464854,0.3694879984265396,0.5909090909090909,0.8,False,0.6996974278421546,0.34,0.48273854790795334,0.3577598088252192,NEUTRAL,False,0.23352735093790344,0.046093411762780645,0.0,0.046093411762780645,0.1874339391751228,0.02,False,False,False,ONLINE_RANK,,,,,,,,,,False,False,False,
V9.6.7_EXPERT_GATE_ORIGINAL,2025-12,78742,78744,-1,fca571982b7c88a0,2025-12-03,-1.2713480550860838,False,2,2,True,True,0.4452512465179334,0.2943138214262616,0.35555555555555557,0.8,False,0.5314820103324533,0.34,0.6461186572361752,0.3499643967195724,NEUTRAL,False,0.08209332155065924,0.046093411762780645,0.0,0.046093411762780645,0.03599990978787859,0.02,False,False,False,ONLINE_RANK,,,,,,,,,,False,False,False,
V9.6.7_EXPERT_GATE_ORIGINAL,2025-12,79916,79919,-1,fca571982b7c88a0,2025-12-07,-1.2383962735968532,False,2,2,True,True,0.30805698432058776,0.3454475547449128,0.5434782608695652,0.8,False,0.8008088733247769,0.34,0.496429281249859,0.3594877599659746,NEUTRAL,False,0.18783882386133915,0.046093411762780645,0.0,0.046093411762780645,0.1417454120985585,0.02,False,False,False,ONLINE_RANK,,,,,,,,,,False,False,False,
V9.6.7_EXPERT_GATE_ORIGINAL,2025-12,79917,79919,-1,fca571982b7c88a0,2025-12-07,-1.24783814351255,False,2,2,True,True,0.34129213900869576,0.33178280687131284,0.46808510638297873,0.8,False,0.8006600935537816,0.34,0.6444342981353808,0.36166165259350264,NEUTRAL,False,0.16264263836927279,0.046093411762780645,0.0,0.046093411762780645,0.11654922660649214,0.02,False,False,False,ONLINE_RANK,,,,,,,,,,False,False,False,
V9.6.7_EXPERT_GATE_ORIGINAL,2025-12,80770,80779,-1,fca571982b7c88a0,2025-12-10,1.9710930230968304,True,1,1,True,True,0.3584695107202106,0.3251026774044309,0.4375,0.8,False,0.5434314275747598,0.34,0.7448620656615217,0.35446666282094796,NEUTRAL,False,0.14496563074722774,0.046093411762780645,0.0,0.046093411762780645,0.09887221898444709,0.02,False,False,False,ONLINE_RANK,,,,,,,,,,False,False,False,
V9.6.7_EXPERT_GATE_ORIGINAL,2025-12,80771,80779,-1,fca571982b7c88a0,2025-12-10,1.9664628291275352,True,1,1,True,True,0.3787834542279628,0.31748921208749636,0.40816326530612246,0.8,False,0.5432590715321856,0.34,0.5734613487490366,0.3507020687659406,NEUTRAL,False,0.1276977739131368,0.046093411762780645,0.0,0.046093411762780645,0.08160436215035616,0.02,False,False,False,ONLINE_RANK,,,,,,,,,,False,False,False,
V9.6.7_EXPERT_GATE_ORIGINAL,2025-12,80775,80779,-1,fca571982b7c88a0,2025-12-10,1.9561332797121298,True,1,1,True,True,0.258111871165651,0.3683189116018096,0.62,0.8,False,0.5438306544325607,0.34,0.6714454417157223,0.35633028306322456,NEUTRAL,False,0.23032315060073616,0.046093411762780645,0.0,0.046093411762780645,0.18422973883795551,0.02,False,False,False,ONLINE_RANK,,,,,,,,,,False,False,False,
V9.6.7_EXPERT_GATE_ORIGINAL,2025-12,81055,81084,-1,fca571982b7c88a0,2025-12-11,1.8958571511706412,True,1,1,True,True,0.23678111087811649,0.3791973936295041,0.6862745098039216,0.8,False,0.6985522503668766,0.34,0.6744889425286087,0.3626934087080852,NEUTRAL,False,0.2556350095108538,0.046093411762780645,0.0,0.046093411762780645,0.20954159774807313,0.02,False,False,False,ONLINE_RANK,,,,,,,,,,False,False,False,
V9.6.7_EXPERT_GATE_ORIGINAL,2025-12,81057,81085,-1,fca571982b7c88a0,2025-12-11,1.8897682675375294,True,1,1,True,True,0.31017203946529537,0.3445454981570197,0.5384615384615384,0.8,False,0.69866826615219,0.34,0.6933217891898837,0.36029989201787915,NEUTRAL,False,0.18660950665287002,0.046093411762780645,0.0,0.046093411762780645,0.14051609489008937,0.02,False,False,False,ONLINE_RANK,,,,,,,,,,False,False,False,
V9.6.7_EXPERT_GATE_ORIGINAL,2025-12,81058,81084,-1,fca571982b7c88a0,2025-12-11,1.890496985958381,True,1,1,True,True,0.15798379423163658,0.4283965626961125,0.8113207547169812,0.8,True,0.5391596279699132,0.34,0.6219557484654006,0.3596012992306042,NEUTRAL,True,0.3494256299575372,0.046093411762780645,0.0,0.046093411762780645,0.30333221819475653,0.02,True,True,True,SELECTED,,,,,,,,,,False,False,False,NO_MONTHLY_CAP_NO_CROSS_TRADE_CLUSTER
V9.6.7_EXPERT_GATE_ORIGINAL,2025-12,82208,82215,-1,fca571982b7c88a0,2025-12-16,-1.2713992753421024,False,2,2,True,True,0.31858766429365565,0.34100229735913556,0.5185185185185185,0.8,False,0.8170052953458771,0.34,0.4804246637427492,0.35929430757440817,NEUTRAL,False,0.17905773758633536,0.046093411762780645,0.0,0.046093411762780645,0.13296432582355472,0.02,False,False,False,ONLINE_RANK,,,,,,,,,,False,False,False,
V9.6.7_EXPERT_GATE_ORIGINAL,2025-12,82327,82346,-1,fca571982b7c88a0,2025-12-16,-0.10682475096522681,False,2,2,True,True,0.2530374805237413,0.37083749454473497,0.6363636363636364,0.8,False,0.6926640239996066,0.34,0.6855472825561286,0.3620518766610358,NEUTRAL,False,0.2389407538439413,0.046093411762780645,0.0,0.046093411762780645,0.19284734208116067,0.02,False,False,False,ONLINE_RANK,,,,,,,,,,False,False,False,
V9.6.7_EXPERT_GATE_ORIGINAL,2025-12,82530,82545,-1,fca571982b7c88a0,2025-12-17,-1.2713940368692886,False,2,2,True,True,0.33351351355842146,0.3348885750195493,0.5,0.8,False,0.8193887721206523,0.34,0.6630924382901018,0.3629702780658299,NEUTRAL,False,0.16953935347784455,0.046093411762780645,0.0,0.046093411762780645,0.1234459417150639,0.02,False,False,False,ONLINE_RANK,,,,,,,,,,False,False,False,
V9.6.7_EXPERT_GATE_ORIGINAL,2025-12,83668,83678,-1,fca571982b7c88a0,2025-12-22,-1.2713745188088577,False,2,2,True,True,0.41119738345590356,0.3058925149402901,0.2982456140350877,0.8,False,0.532555362425028,0.34,0.5572199927650288,0.34924099919350565,NEUTRAL,False,0.10416911036830784,0.046093411762780645,0.0,0.046093411762780645,0.05807569860552719,0.02,False,False,False,ONLINE_RANK,,,,,,,,,,False,False,False,
V9.6.7_EXPERT_GATE_ORIGINAL,2025-12,84671,84708,-1,fca571982b7c88a0,2025-12-26,-0.17082607522799248,False,2,2,True,True,0.37224061353245946,0.31990978910085244,0.3793103448275862,0.8,False,0.822361606428685,0.34,0.5437025996569802,0.35917263007354594,NEUTRAL,False,0.13790875207446518,0.046093411762780645,0.0,0.046093411762780645,0.09181534031168453,0.02,False,False,False,ONLINE_RANK,,,,,,,,,,False,False,False,
V9.6.7_EXPERT_GATE_ORIGINAL,2025-12,84672,84690,-1,fca571982b7c88a0,2025-12-26,-0.170827300512494,False,2,2,True,True,0.5175302429495976,0.27124494301808155,0.15254237288135594,0.8,False,0.8221943292089667,0.34,0.7059416244298242,0.3585692677562227,NEUTRAL,False,0.042760001460658836,0.046093411762780645,0.0,0.046093411762780645,-0.0033334103021218087,0.02,False,False,False,ONLINE_RANK,,,,,,,,,,False,False,False,
V9.6.7_EXPERT_GATE_ORIGINAL,2025-12,85788,85793,-1,fca571982b7c88a0,2025-12-30,-1.2683530965091394,False,2,2,True,True,0.3569100855453335,0.3256995169664315,0.43333333333333335,0.8,False,0.53923280860747,0.34,0.6878377626066354,0.3533006020126685,NEUTRAL,False,0.14537093250562255,0.046093411762780645,0.0,0.046093411762780645,0.09927752074284191,0.02,False,False,False,ONLINE_RANK,,,,,,,,,,False,False,False,
V9.6.7_EXPERT_GATE_ORIGINAL,2025-12,85793,85794,-1,fca571982b7c88a0,2025-12-30,-1.2713778691837487,False,2,2,True,True,0.5593670247169346,0.258532786925669,0.11475409836065574,0.8,False,0.5416127309038967,0.34,0.6666227066138002,0.3480065557506217,NEUTRAL,False,0.011152003379171882,0.046093411762780645,0.0,0.046093411762780645,-0.03494140838360876,0.02,False,False,False,ONLINE_RANK,,,,,,,,,,False,False,False,
V9.6.7_EXPERT_GATE_ORIGINAL,2026-01,86524,86538,-1,fca571982b7c88a0,2026-01-02,1.8837997881465247,True,1,1,True,True,0.23630330347738768,0.3799471579399241,0.8695652173913043,0.8,True,0.5438746210242331,0.34,0.4412836233072719,0.3184094017426857,NEUTRAL,True,0.13013779587024232,0.044346237169198166,0.0,0.044346237169198166,0.08579155870104416,0.02,True,True,True,SELECTED,,,,,,,,,,False,False,False,NO_MONTHLY_CAP_NO_CROSS_TRADE_CLUSTER
V9.6.7_EXPERT_GATE_ORIGINAL,2026-01,87301,87303,-1,fca571982b7c88a0,2026-01-05,-1.271348763189079,False,2,2,True,True,0.33666550678724855,0.3193067489255849,0.5833333333333334,0.8,False,0.529416586327319,0.34,0.6673666939213856,0.3247078495192425,NEUTRAL,False,0.006861969303144755,0.044346237169198166,0.0,0.044346237169198166,-0.03748426786605341,0.02,False,False,False,ONLINE_RANK,,,,,,,,,,False,False,False,
V9.6.7_EXPERT_GATE_ORIGINAL,2026-01,87305,87322,-1,fca571982b7c88a0,2026-01-05,1.8321953397565938,True,1,1,True,True,0.25431563669424473,0.3676039281546235,0.84,0.8,True,0.5333354570967384,0.34,0.5084309396820403,0.3207056607446053,NEUTRAL,True,0.10575717534776785,0.044346237169198166,0.0,0.044346237169198166,0.061410938178569685,0.02,True,True,True,SELECTED,,,,,,,,,,False,False,False,NO_MONTHLY_CAP_NO_CROSS_TRADE_CLUSTER
V9.6.7_EXPERT_GATE_ORIGINAL,2026-01,89185,89192,-1,fca571982b7c88a0,2026-01-12,1.8301926884775166,True,1,1,True,True,0.5425147849550037,0.23097101851530752,0.038461538461538464,0.8,False,0.5358791535458773,0.34,0.6123039842169808,0.31967985897232265,REJECT,False,-0.18268525443906658,0.044346237169198166,0.0,0.044346237169198166,-0.22703149160826475,0.02,False,False,False,ONLINE_RANK,,,,,,,,,,False,False,False,
V9.6.7_EXPERT_GATE_ORIGINAL,2026-01,89334,89363,-1,fca571982b7c88a0,2026-01-13,-1.2713582137541857,False,2,2,True,True,0.40372257547011736,0.2868486731081366,0.2962962962962963,0.8,False,0.5350343260719851,0.34,0.6373042204970509,0.3224024510446486,REJECT,False,-0.06310667786988844,0.044346237169198166,0.0,0.044346237169198166,-0.1074529150390866,0.02,False,False,False,ONLINE_RANK,,,,,,,,,,False,False,False,
V9.6.7_EXPERT_GATE_ORIGINAL,2026-01,89434,89436,-1,fca571982b7c88a0,2026-01-13,-0.17080459542339413,False,2,2,True,True,0.2766933711845145,0.3532851336304586,0.75,0.8,False,0.533025914034753,0.34,0.6544542408256104,0.32532619168333826,NEUTRAL,False,0.07884788749615523,0.044346237169198166,0.0,0.044346237169198166,0.03450165032695707,0.02,False,False,False,ONLINE_RANK,,,,,,,,,,False,False,False,
V9.6.7_EXPERT_GATE_ORIGINAL,2026-01,89436,89441,-1,fca571982b7c88a0,2026-01-13,-1.2713556731613804,False,2,2,True,True,0.2721104378456767,0.3561338491175096,0.7586206896551724,0.8,False,0.5308015638800346,0.34,0.5805054862188725,0.3229235531885291,NEUTRAL,False,0.08316023254464966,0.044346237169198166,0.0,0.044346237169198166,0.03881399537545149,0.02,False,False,False,ONLINE_RANK,,,,,,,,,,False,False,False,
V9.6.7_EXPERT_GATE_ORIGINAL,2026-01,89494,89513,-1,fca571982b7c88a0,2026-01-13,-1.271343544511908,False,2,2,True,True,0.270783621763573,0.35696632175707343,0.7666666666666667,0.8,False,0.5343983398809803,0.34,0.6566174284575508,0.32548520543962717,NEUTRAL,False,0.08671137243348803,0.044346237169198166,0.0,0.044346237169198166,0.042365135264289866,0.02,False,False,False,ONLINE_RANK,,,,,,,,,,False,False,False,
V9.6.7_EXPERT_GATE_ORIGINAL,2026-01,89702,89704,-1,fca571982b7c88a0,2026-01-14,-1.2643270542932266,False,2,2,True,True,0.22995148717308547,0.38449573646316254,0.9032258064516129,0.8,True,0.5259893454180284,0.34,0.6872295488882065,0.32779272559141814,NEUTRAL,True,0.14630270538101053,0.044346237169198166,0.0,0.044346237169198166,0.10195646821181237,0.02,True,True,True,SELECTED,,,,,,,,,,False,False,False,NO_MONTHLY_CAP_NO_CROSS_TRADE_CLUSTER
V9.6.7_EXPERT_GATE_ORIGINAL,2026-01,89703,89704,-1,fca571982b7c88a0,2026-01-14,-1.2651195544318625,False,2,2,True,True,0.19983971432642617,0.4076751046207133,0.9375,0.8,True,0.5269858245318149,0.34,0.6335410344968728,0.32664491718586686,NEUTRAL,True,0.19430826771212917,0.044346237169198166,0.0,0.044346237169198166,0.149962030542931,0.02,True,False,False,POSITION_OVERLAP,,,,,,,,,,False,False,False,POSITION_OVERLAP_ONLY
V9.6.7_EXPERT_GATE_ORIGINAL,2026-01,89723,89726,-1,fca571982b7c88a0,2026-01-14,1.8306211803089454,True,1,1,True,True,0.3606662976613082,0.3071286218574488,0.36363636363636365,0.8,False,0.5262913670601924,0.34,0.6035504134174932,0.32223398971622885,NEUTRAL,False,-0.020519291676801776,0.044346237169198166,0.0,0.044346237169198166,-0.06486552884599994,0.02,False,False,False,ONLINE_RANK,,,,,,,,,,False,False,False,
V9.6.7_EXPERT_GATE_ORIGINAL,2026-01,89980,89982,-1,fca571982b7c88a0,2026-01-15,-1.214180595850759,False,2,2,True,True,0.295351684790381,0.34209123982533,0.6176470588235294,0.8,False,0.5438317972743993,0.34,0.6471418156747022,0.32434470017276995,NEUTRAL,False,0.05458677667086831,0.044346237169198166,0.0,0.044346237169198166,0.010240539501670143,0.02,False,False,False,ONLINE_RANK,,,,,,,,,,False,False,False,
V9.6.7_EXPERT_GATE_ORIGINAL,2026-01,91401,91405,-1,fca571982b7c88a0,2026-01-21,-1.2713815747300643,False,2,2,True,True,0.44132352207171605,0.27048825231828366,0.17142857142857143,0.8,False,0.8329731217796444,0.34,0.5818150390682617,0.31065662262061056,REJECT,False,-0.10580335951091613,0.044346237169198166,0.0,0.044346237169198166,-0.1501495966801143,0.02,False,False,False,ONLINE_RANK,,,,,,,,,,False,False,False,
V9.6.7_EXPERT_GATE_ORIGINAL,2026-01,92944,92947,-1,fca571982b7c88a0,2026-01-26,-1.2713844105632546,False,2,2,True,True,0.4599304723526257,0.26277891867354913,0.16666666666666666,0.8,False,0.653159886479536,0.34,0.7388331876477954,0.32114074538221066,REJECT,False,-0.11467854380791731,0.044346237169198166,0.0,0.044346237169198166,-0.15902478097711548,0.02,False,False,False,ONLINE_RANK,,,,,,,,,,False,False,False,
V9.6.7_EXPERT_GATE_ORIGINAL,2026-01,93407,93419,-1,fca571982b7c88a0,2026-01-28,-1.2713710258873312,False,2,2,True,True,0.4234265579545631,0.27813612739196053,0.24324324324324326,0.8,False,0.5276192075024684,0.34,0.8195846111757603,0.32839194512096964,REJECT,False,-0.07724937052851,0.044346237169198166,0.0,0.044346237169198166,-0.12159560769770816,0.02,False,False,False,ONLINE_RANK,,,,,,,,,,False,False,False,
V9.6.7_EXPERT_GATE_ORIGINAL,2026-01,93842,93849,-1,fca571982b7c88a0,2026-01-30,-1.2142246515575827,False,2,2,True,True,0.27778758253042835,0.35261100644222443,0.6842105263157895,0.8,False,0.8235804183181532,0.34,0.46305335218078814,0.30964640568152135,NEUTRAL,False,0.06642211136445542,0.044346237169198166,0.0,0.044346237169198166,0.02207587419525725,0.02,False,False,False,ONLINE_RANK,,,,,,,,,,False,False,False,
V9.6.7_EXPERT_GATE_ORIGINAL,2026-01,93975,93984,-1,fca571982b7c88a0,2026-01-30,-0.11431472267443507,False,2,2,True,True,0.3150551930160864,0.33090920732720697,0.5897435897435898,0.8,False,0.8181950601112894,0.34,0.6259969248301529,0.31460680590540974,NEUTRAL,False,0.024204215343474167,0.044346237169198166,0.0,0.044346237169198166,-0.020142021825724,0.02,False,False,False,ONLINE_RANK,,,,,,,,,,False,False,False,
V9.6.7_EXPERT_GATE_ORIGINAL,2026-01,93990,93995,-1,fca571982b7c88a0,2026-01-30,-0.09074335126279931,False,2,2,True,True,0.20565326908854037,0.40297311424849513,0.925,0.8,True,0.8272523311050863,0.34,0.4727694930034963,0.3114158059888896,NEUTRAL,True,0.17371693818909506,0.044346237169198166,0.0,0.044346237169198166,0.1293707010198969,0.02,True,True,True,SELECTED,,,,,,,,,,False,False,False,NO_MONTHLY_CAP_NO_CROSS_TRADE_CLUSTER
V9.6.7_EXPERT_GATE_ORIGINAL,2026-01,94026,94032,-1,fca571982b7c88a0,2026-01-30,-0.08164347753032455,False,2,2,True,True,0.11015108961194912,0.5012431359502408,1.0,0.8,True,0.8295641425201912,0.34,0.6367347187065682,0.32051698077526813,NEUTRAL,True,0.3870429626214231,0.044346237169198166,0.0,0.044346237169198166,0.34269672545222496,0.02,True,False,False,DAILY_CAP,,,,,,,,,,False,False,False,DAILY_RISK_ONLY
V9.6.7_EXPERT_GATE_ORIGINAL,2026-02,94681,94683,-1,fca571982b7c88a0,2026-02-02,-1.147716252048491,False,2,2,True,True,0.4792064038599513,0.22823163183757503,0.9,0.8,True,0.8252178811643591,0.34,0.7309115752048618,0.2001010767525651,REJECT,False,-0.3352949511781767,0.04064205786225328,0.0,0.04064205786225328,-0.37593700904043,0.02,False,False,False,META_PROBABILITY,,,,,,,,,,False,False,False,
V9.6.7_EXPERT_GATE_ORIGINAL,2026-02,94954,94956,-1,fca571982b7c88a0,2026-02-03,-1.271458451286327,False,2,2,True,True,0.46297624930899856,0.22676961949474242,0.9047619047619048,0.8,True,0.8235731749235685,0.34,0.5539680705976251,0.205948827399892,REJECT,False,-0.3342722891914853,0.04064205786225328,0.0,0.04064205786225328,-0.37491434705373855,0.02,False,False,False,META_PROBABILITY,,,,,,,,,,False,False,False,
V9.6.7_EXPERT_GATE_ORIGINAL,2026-02,95736,95739,-1,fca571982b7c88a0,2026-02-06,-1.1426924344671443,False,2,2,True,True,0.13413708451186912,0.1910120564482237,0.045454545454545456,0.8,False,0.8151231157899994,0.34,0.4802510570213202,0.208767883550175,REJECT,False,-0.4073514193671459,0.04064205786225328,0.0,0.04064205786225328,-0.4479934772293992,0.02,False,False,False,ONLINE_RANK,,,,,,,,,,False,False,False,
V9.6.7_EXPERT_GATE_ORIGINAL,2026-02,95899,95904,-1,fca571982b7c88a0,2026-02-06,-1.1564385284876815,False,2,2,True,True,0.24644265601852172,0.20592201300118168,0.43478260869565216,0.8,False,0.5359909865907312,0.34,0.5149427879229135,0.21578498565949428,REJECT,False,-0.3711475691244992,0.04064205786225328,0.0,0.04064205786225328,-0.4117896269867525,0.02,False,False,False,ONLINE_RANK,,,,,,,,,,False,False,False,
V9.6.7_EXPERT_GATE_ORIGINAL,2026-02,95934,95937,-1,fca571982b7c88a0,2026-02-06,1.9173976943992475,True,1,1,True,True,0.25916885321501726,0.20731622212460993,0.4166666666666667,0.8,False,0.5379231141446924,0.34,0.7838313041946534,0.20817371870074905,REJECT,False,-0.37354635595115043,0.04064205786225328,0.0,0.04064205786225328,-0.4141884138134037,0.02,False,False,False,ONLINE_RANK,,,,,,,,,,False,False,False,
V9.6.7_EXPERT_GATE_ORIGINAL,2026-02,96087,96112,-1,fca571982b7c88a0,2026-02-07,-0.03536910160585229,False,2,2,True,True,0.24072535907201453,0.20528271910263013,0.24,0.8,False,0.8280718001233414,0.34,0.5362454256248628,0.20648543139132589,REJECT,False,-0.37899564907708005,0.04064205786225328,0.0,0.04064205786225328,-0.41963770693933333,0.02,False,False,False,ONLINE_RANK,,,,,,,,,,False,False,False,
V9.6.7_EXPERT_GATE_ORIGINAL,2026-02,96356,96357,-1,fca571982b7c88a0,2026-02-08,-1.2560392680815227,False,2,2,True,True,0.2069176585608037,0.20130731146166092,0.23076923076923078,0.8,False,0.5376979422253222,0.34,0.46517018965249385,0.21716514534052714,REJECT,False,-0.37986774695388614,0.04064205786225328,0.0,0.04064205786225328,-0.4205098048161394,0.02,False,False,False,ONLINE_RANK,,,,,,,,,,False,False,False,
V9.6.7_EXPERT_GATE_ORIGINAL,2026-02,96360,96392,-1,fca571982b7c88a0,2026-02-08,1.8457320172273326,True,1,1,True,True,0.43074029512238754,0.22386463280930674,0.8518518518518519,0.8,True,0.5384071013079459,0.34,0.7689934501961346,0.20850956891969888,REJECT,False,-0.3385779789476718,0.04064205786225328,0.0,0.04064205786225328,-0.37922003680992505,0.02,False,False,False,META_PROBABILITY,,,,,,,,,,False,False,False,
V9.6.7_EXPERT_GATE_ORIGINAL,2026-02,96361,96366,-1,fca571982b7c88a0,2026-02-08,-1.2562792545353076,False,2,2,True,True,0.3842228058840578,0.2196272576725514,0.7857142857142857,0.8,False,0.5383499708724803,0.34,0.666376360404185,0.21139300820798818,REJECT,False,-0.34545444472495485,0.04064205786225328,0.0,0.04064205786225328,-0.3860965025872081,0.02,False,False,False,ONLINE_RANK,,,,,,,,,,False,False,False,
V9.6.7_EXPERT_GATE_ORIGINAL,2026-02,96362,96365,-1,fca571982b7c88a0,2026-02-08,-1.2556453186754493,False,2,2,True,True,0.341986005294879,0.21567255897850546,0.6551724137931034,0.8,False,0.5381740941083428,0.34,0.6639228927078087,0.21148056362999537,REJECT,False,-0.35369369235369985,0.04064205786225328,0.0,0.04064205786225328,-0.39433575021595313,0.02,False,False,False,ONLINE_RANK,,,,,,,,,,False,False,False,
V9.6.7_EXPERT_GATE_ORIGINAL,2026-02,96368,96378,-1,fca571982b7c88a0,2026-02-08,-0.17097720463001453,False,2,2,True,True,0.4463588345520952,0.22527333253707882,0.9666666666666667,0.8,True,0.5374301617835004,0.34,0.5222014504041129,0.2154801106718023,REJECT,False,-0.3307444478675828,0.04064205786225328,0.0,0.04064205786225328,-0.37138650572983606,0.02,False,False,False,META_PROBABILITY,,,,,,,,,,False,False,False,
V9.6.7_EXPERT_GATE_ORIGINAL,2026-02,97014,97042,-1,fca571982b7c88a0,2026-02-11,1.8299966383944701,True,1,1,True,True,0.2899373255347411,0.21054621503777085,0.45161290322580644,0.8,False,0.8157640479661389,0.34,0.6174247221666993,0.20416353482458285,REJECT,False,-0.369572588296463,0.04064205786225328,0.0,0.04064205786225328,-0.4102146461587163,0.02,False,False,False,ONLINE_RANK,,,,,,,,,,False,False,False,
V9.6.7_EXPERT_GATE_ORIGINAL,2026-02,97407,97429,-1,fca571982b7c88a0,2026-02-12,-0.17101391236728516,False,2,2,True,True,0.21209538926972057,0.2019404075449991,0.21875,0.8,False,0.5208868499391603,0.34,0.5172629844903673,0.2161822744312909,REJECT,False,-0.379226591828637,0.04064205786225328,0.0,0.04064205786225328,-0.41986864969089027,0.02,False,False,False,ONLINE_RANK,,,,,,,,,,False,False,False,
V9.6.7_EXPERT_GATE_ORIGINAL,2026-02,98164,98168,-1,fca571982b7c88a0,2026-02-15,1.8300155557064772,True,1,1,True,True,0.24365986889442282,0.20561190139161226,0.30303030303030304,0.8,False,0.5159214190230423,0.34,0.7698252962110346,0.20931924692331408,REJECT,False,-0.37632210070726146,0.04064205786225328,0.0,0.04064205786225328,-0.41696415856951474,0.02,False,False,False,ONLINE_RANK,,,,,,,,,,False,False,False,
V9.6.7_EXPERT_GATE_ORIGINAL,2026-02,99318,99333,-1,fca571982b7c88a0,2026-02-19,-1.1861141632068202,False,2,2,True,True,0.2362541940225166,0.20477674842919422,0.14705882352941177,0.8,False,0.826944150002161,0.34,0.739992962905103,0.19985288118817868,REJECT,False,-0.3846979752937359,0.04064205786225328,0.0,0.04064205786225328,-0.4253400331559892,0.02,False,False,False,ONLINE_RANK,,,,,,,,,,False,False,False,
V9.6.7_EXPERT_GATE_ORIGINAL,2026-02,99590,99609,-1,fca571982b7c88a0,2026-02-20,-0.070515503470127,False,2,2,True,True,0.41883435476782593,0.22278749294849629,0.8285714285714286,0.8,True,0.695196340018879,0.34,0.6281389257852499,0.20751012312090356,REJECT,False,-0.34153802881000733,0.04064205786225328,0.0,0.04064205786225328,-0.3821800866722606,0.02,False,False,False,META_PROBABILITY,,,,,,,,,,False,False,False,
V9.6.7_EXPERT_GATE_ORIGINAL,2026-02,99673,99773,-1,fca571982b7c88a0,2026-02-20,-0.1710144801858375,False,2,2,True,True,0.31247330491410313,0.2128092900819261,0.6111111111111112,0.8,False,0.5177510305714303,0.34,0.7171054850306937,0.21068166930594567,REJECT,False,-0.3602623303601673,0.04064205786225328,0.0,0.04064205786225328,-0.4009043882224206,0.02,False,False,False,ONLINE_RANK,,,,,,,,,,False,False,False,
V9.6.7_EXPERT_GATE_ORIGINAL,2026-02,100294,100317,-1,fca571982b7c88a0,2026-02-23,-1.2715920467379538,False,2,2,True,True,0.5457560675536853,0.23429801633550928,0.972972972972973,0.8,True,0.8018245037380864,0.34,0.7471083172366932,0.20031554960726689,REJECT,False,-0.32241218436176056,0.04064205786225328,0.0,0.04064205786225328,-0.36305424222401383,0.02,False,False,False,META_PROBABILITY,,,,,,,,,,False,False,False,
V9.6.7_EXPERT_GATE_ORIGINAL,2026-02,100296,100317,-1,fca571982b7c88a0,2026-02-23,-1.2715917392088396,False,2,2,True,True,0.45107856975627053,0.22569843831068034,0.8421052631578947,0.8,True,0.8206820310034237,0.34,0.5656665748751474,0.2056528819383847,REJECT,False,-0.33672764088335133,0.04064205786225328,0.0,0.04064205786225328,-0.3773696987456046,0.02,False,False,False,META_PROBABILITY,,,,,,,,,,False,False,False,
V9.6.7_EXPERT_GATE_ORIGINAL,2026-02,100465,100479,-1,fca571982b7c88a0,2026-02-23,-0.17105267317091122,False,2,2,True,True,0.2909981372256259,0.21065449472342593,0.4358974358974359,0.8,False,0.8216035703740082,0.34,0.6456033966395689,0.20306318507974655,REJECT,False,-0.3701151605832246,0.04064205786225328,0.0,0.04064205786225328,-0.41075721844547786,0.02,False,False,False,ONLINE_RANK,,,,,,,,,,False,False,False,
V9.6.7_EXPERT_GATE_ORIGINAL,2026-02,100929,100933,-1,fca571982b7c88a0,2026-02-25,-1.2081732491448367,False,2,2,True,True,0.6956335376853316,0.2494430039155692,1.0,0.8,True,0.5393643663912624,0.34,0.6523491776611512,0.2116574493199563,REJECT,False,-0.28268926038663267,0.04064205786225328,0.0,0.04064205786225328,-0.32333131824888595,0.02,False,False,False,META_PROBABILITY,,,,,,,,,,False,False,False,
V9.6.7_EXPERT_GATE_ORIGINAL,2026-02,100956,100979,-1,fca571982b7c88a0,2026-02-25,-0.096494148906579,False,2,2,True,True,0.6329175338727199,0.2427151271368401,0.975609756097561,0.8,True,0.5282620573704895,0.34,0.6207185657571499,0.2129252387001544,REJECT,False,-0.29592339273841767,0.04064205786225328,0.0,0.04064205786225328,-0.33656545060067095,0.02,False,False,False,META_PROBABILITY,,,,,,,,,,False,False,False,
V9.6.7_EXPERT_GATE_ORIGINAL,2026-02,100957,100972,-1,fca571982b7c88a0,2026-02-25,1.8956864420871675,True,1,1,True,True,0.6256151881216235,0.24197653859196763,0.9761904761904762,0.8,True,0.5285131419707914,0.34,0.5161684842262584,0.21587182867144483,REJECT,False,-0.2954120844640492,0.04064205786225328,0.0,0.04064205786225328,-0.3360541423263025,0.02,False,False,False,META_PROBABILITY,,,,,,,,,,False,False,False,
V9.6.7_EXPERT_GATE_ORIGINAL,2026-02,100958,100962,-1,fca571982b7c88a0,2026-02-25,-0.09855083137035946,False,2,2,True,True,0.5033779227079692,0.2304166997002369,0.8837209302325582,0.8,True,0.528527947357008,0.34,0.6940231859059482,0.2109052842016221,REJECT,False,-0.3231497473911615,0.04064205786225328,0.0,0.04064205786225328,-0.36379180525341476,0.02,False,False,False,META_PROBABILITY,,,,,,,,,,False,False,False,
V9.6.7_EXPERT_GATE_ORIGINAL,2026-02,100959,100976,-1,fca571982b7c88a0,2026-02-25,-0.09927463890849905,False,2,2,True,True,0.4367911480670025,0.2244108379416937,0.7727272727272727,0.8,False,0.5288790930303747,0.34,0.6739918484204714,0.2114722516188678,REJECT,False,-0.3353587624117257,0.04064205786225328,0.0,0.04064205786225328,-0.37600082027397896,0.02,False,False,False,ONLINE_RANK,,,,,,,,,,False,False,False,
V9.6.7_EXPERT_GATE_ORIGINAL,2026-02,101371,101388,-1,fca571982b7c88a0,2026-02-27,1.829983805372121,True,1,1,True,True,0.14533521220084025,0.192816878974752,0.06666666666666667,0.8,False,0.526197314135511,0.34,0.5817517596343265,0.21423647260467193,REJECT,False,-0.39973728197708663,0.04064205786225328,0.0,0.04064205786225328,-0.4403793398393399,0.02,False,False,False,ONLINE_RANK,,,,,,,,,,False,False,False,
V9.6.7_EXPERT_GATE_ORIGINAL,2026-02,101373,101383,-1,fca571982b7c88a0,2026-02-27,-1.2715668036486347,False,2,2,True,True,0.14378770643014466,0.1925736335999573,0.06521739130434782,0.8,False,0.5255783282945075,0.34,0.6763837066545355,0.21161763119381802,REJECT,False,-0.40208005480937364,0.04064205786225328,0.0,0.04064205786225328,-0.4427221126716269,0.02,False,False,False,ONLINE_RANK,,,,,,,,,,False,False,False,
V9.6.7_EXPERT_GATE_ORIGINAL,2026-02,101748,101753,-1,fca571982b7c88a0,2026-02-28,-1.2715983976005274,False,2,2,True,True,0.18220193782567748,0.19813707516249315,0.1276595744680851,0.8,False,0.5443363618527649,0.34,0.645964087929294,0.21184429123274717,REJECT,False,-0.39024438673704154,0.04064205786225328,0.0,0.04064205786225328,-0.4308864445992948,0.02,False,False,False,ONLINE_RANK,,,,,,,,,,False,False,False,
V9.6.7_EXPERT_GATE_ORIGINAL,2026-02,101768,101774,-1,fca571982b7c88a0,2026-02-28,-1.1998472091112342,False,2,2,True,True,0.3026944885128733,0.2118365359207376,0.5208333333333334,0.8,False,0.5430143294393339,0.34,0.7508465443203018,0.2089012854648912,REJECT,False,-0.36354965485601853,0.04064205786225328,0.0,0.04064205786225328,-0.4041917127182718,0.02,False,False,False,ONLINE_RANK,,,,,,,,,,False,False,False,
V9.6.7_EXPERT_GATE_ORIGINAL,2026-03,102055,102063,-1,fca571982b7c88a0,2026-03-01,-1.2715948749560528,False,2,2,True,True,0.2708570681779706,0.21946152605094912,0.7,0.8,False,0.544397639241918,0.34,0.5614035690466743,0.20770067784859572,REJECT,False,-0.2193819917669395,0.040216394545204516,0.0,0.040216394545204516,-0.25959838631214405,0.02,False,False,False,ONLINE_RANK,,,,,,,,,,False,False,False,
V9.6.7_EXPERT_GATE_ORIGINAL,2026-03,102318,102326,-1,fca571982b7c88a0,2026-03-02,-1.2281244566321963,False,2,2,True,True,0.3659702774525557,0.20505411015741867,0.45161290322580644,0.8,False,0.5434510580954119,0.34,0.5100482783860304,0.20706812174355585,REJECT,False,-0.24845397464319957,0.040216394545204516,0.0,0.040216394545204516,-0.2886703691884041,0.02,False,False,False,ONLINE_RANK,,,,,,,,,,False,False,False,
V9.6.7_EXPERT_GATE_ORIGINAL,2026-03,102492,102504,-1,fca571982b7c88a0,2026-03-03,1.8441729471574129,True,1,1,True,True,0.33376258121389274,0.2095941887556118,0.53125,0.8,False,0.5376284212260418,0.34,0.4777133080892641,0.2068220972593291,REJECT,False,-0.2395880167860251,0.040216394545204516,0.0,0.040216394545204516,-0.27980441133122963,0.02,False,False,False,ONLINE_RANK,,,,,,,,,,False,False,False,
V9.6.7_EXPERT_GATE_ORIGINAL,2026-03,102806,102825,-1,fca571982b7c88a0,2026-03-04,-1.1726146833327746,False,2,2,True,True,0.32908083869503585,0.21027869522810608,0.5454545454545454,0.8,False,0.5459836295095827,0.34,0.7322175571358676,0.20961227735175697,REJECT,False,-0.2363770584176283,0.040216394545204516,0.0,0.040216394545204516,-0.27659345296283283,0.02,False,False,False,ONLINE_RANK,,,,,,,,,,False,False,False,
V9.6.7_EXPERT_GATE_ORIGINAL,2026-03,104107,104114,-1,fca571982b7c88a0,2026-03-09,-1.205545845546496,False,2,2,True,True,0.36752956881137816,0.20484109304545448,0.4411764705882353,0.8,False,0.5490966035144078,0.34,0.6585373436237276,0.20867109350900606,REJECT,False,-0.2478149778674037,0.040216394545204516,0.0,0.040216394545204516,-0.28803137241260823,0.02,False,False,False,ONLINE_RANK,,,,,,,,,,False,False,False,
V9.6.7_EXPERT_GATE_ORIGINAL,2026-03,104110,104111,-1,fca571982b7c88a0,2026-03-09,-1.1953875319940082,False,2,2,True,True,0.35739864785544695,0.20623561024525683,0.4857142857142857,0.8,False,0.5499870247399239,0.34,0.6227040427153014,0.20824623370350512,REJECT,False,-0.24532328678599513,0.040216394545204516,0.0,0.040216394545204516,-0.28553968133119967,0.02,False,False,False,ONLINE_RANK,,,,,,,,,,False,False,False,
V9.6.7_EXPERT_GATE_ORIGINAL,2026-03,104249,104259,-1,fca571982b7c88a0,2026-03-10,1.8667662586489724,True,1,1,True,True,0.18750616949138774,0.23595828005382813,0.8333333333333334,0.8,True,0.5414151565292521,0.34,0.7232933303135798,0.20972465373835164,REJECT,False,-0.18523245938306981,0.040216394545204516,0.0,0.040216394545204516,-0.22544885392827432,0.02,False,False,False,META_PROBABILITY,,,,,,,,,,False,False,False,
V9.6.7_EXPERT_GATE_ORIGINAL,2026-03,104251,104259,-1,fca571982b7c88a0,2026-03-10,1.8733285576468404,True,1,1,True,True,0.23538604719841885,0.22585647767056066,0.7837837837837838,0.8,False,0.5412873953045165,0.34,0.5627483105866071,0.20780209028140537,REJECT,False,-0.2065968466049547,0.040216394545204516,0.0,0.040216394545204516,-0.2468132411501592,0.02,False,False,False,ONLINE_RANK,,,,,,,,,,False,False,False,
V9.6.7_EXPERT_GATE_ORIGINAL,2026-03,104307,104317,-1,fca571982b7c88a0,2026-03-10,-0.1709824858332862,False,2,2,True,True,0.18115873169478452,0.23746803453782006,0.868421052631579,0.8,True,0.5468755290324424,0.34,0.6318637837162198,0.20855061469616779,REJECT,False,-0.18300823265834693,0.040216394545204516,0.0,0.040216394545204516,-0.22322462720355143,0.02,False,False,False,META_PROBABILITY,,,,,,,,,,False,False,False,
V9.6.7_EXPERT_GATE_ORIGINAL,2026-03,104944,104969,-1,fca571982b7c88a0,2026-03-12,-0.11970486019910959,False,2,2,True,True,0.19158733095836514,0.23501211289989662,0.7948717948717948,0.8,False,0.546121033019705,0.34,0.6435837061012684,0.20869162205935965,REJECT,False,-0.18779895462322632,0.040216394545204516,0.0,0.040216394545204516,-0.22801534916843083,0.02,False,False,False,ONLINE_RANK,,,,,,,,,,False,False,False,
V9.6.7_EXPERT_GATE_ORIGINAL,2026-03,105085,105100,-1,fca571982b7c88a0,2026-03-13,-0.1709761653066637,False,2,2,True,True,0.3734557827771899,0.20403666024407435,0.35,0.8,False,0.5287000418128676,0.34,0.547568979267683,0.2077773768372203,REJECT,False,-0.2500072459283626,0.040216394545204516,0.0,0.040216394545204516,-0.29022364047356713,0.02,False,False,False,ONLINE_RANK,,,,,,,,,,False,False,False,
V9.6.7_EXPERT_GATE_ORIGINAL,2026-03,106103,106123,-1,fca571982b7c88a0,2026-03-17,1.8929812581432537,True,1,1,True,True,0.46307106028905975,0.1926539645456701,0.2682926829268293,0.8,False,0.5284253395934125,0.34,0.6941920253872691,0.2094330890721802,REJECT,False,-0.27154691054899854,0.040216394545204516,0.0,0.040216394545204516,-0.3117633050942031,0.02,False,False,False,ONLINE_RANK,,,,,,,,,,False,False,False,
V9.6.7_EXPERT_GATE_ORIGINAL,2026-03,106104,106124,-1,fca571982b7c88a0,2026-03-17,1.8931749981825314,True,1,1,True,True,0.45062948108240036,0.19416463728842778,0.3333333333333333,0.8,False,0.5280758478963509,0.34,0.6029094228419145,0.20838889306243716,REJECT,False,-0.2692347828215963,0.040216394545204516,0.0,0.040216394545204516,-0.30945117736680083,0.02,False,False,False,ONLINE_RANK,,,,,,,,,,False,False,False,
V9.6.7_EXPERT_GATE_ORIGINAL,2026-03,106105,106124,-1,fca571982b7c88a0,2026-03-17,1.8892514261015307,True,1,1,True,True,0.4255857713428853,0.19726335994471533,0.3488372093023256,0.8,False,0.5274943093995276,0.34,0.6575490969697555,0.20904748310390164,REJECT,False,-0.26263562994821443,0.040216394545204516,0.0,0.040216394545204516,-0.30285202449341897,0.02,False,False,False,ONLINE_RANK,,,,,,,,,,False,False,False,
V9.6.7_EXPERT_GATE_ORIGINAL,2026-03,106107,106124,-1,fca571982b7c88a0,2026-03-17,1.8805240496491884,True,1,1,True,True,0.3320237281389223,0.20984763012104882,0.5454545454545454,0.8,False,0.5281122952208162,0.34,0.4706715883906945,0.2069199507562392,REJECT,False,-0.23901911846380552,0.040216394545204516,0.0,0.040216394545204516,-0.27923551300901006,0.02,False,False,False,ONLINE_RANK,,,,,,,,,,False,False,False,
V9.6.7_EXPERT_GATE_ORIGINAL,2026-03,106778,106783,-1,fca571982b7c88a0,2026-03-19,1.8816323640944537,True,1,1,True,True,0.30120037481409473,0.21450752465007566,0.6,0.8,False,0.8109109427902574,0.34,0.7780438329778043,0.20488388692652476,REJECT,False,-0.2311015204108307,0.040216394545204516,0.0,0.040216394545204516,-0.27131791495603524,0.02,False,False,False,ONLINE_RANK,,,,,,,,,,False,False,False,
V9.6.7_EXPERT_GATE_ORIGINAL,2026-03,106779,106790,-1,fca571982b7c88a0,2026-03-19,-0.11468370528859864,False,2,2,True,True,0.2877585721369838,0.21665172036030442,0.6521739130434783,0.8,False,0.8113706648661828,0.34,0.7629933241579971,0.2047270154846833,REJECT,False,-0.22694125783311636,0.040216394545204516,0.0,0.040216394545204516,-0.2671576523783209,0.02,False,False,False,ONLINE_RANK,,,,,,,,,,False,False,False,
V9.6.7_EXPERT_GATE_ORIGINAL,2026-03,106803,106811,-1,fca571982b7c88a0,2026-03-19,-0.1262382065395386,False,2,2,True,True,0.2265245907701192,0.22758035114294425,0.7659574468085106,0.8,False,0.8132025205182656,0.34,0.5294469308812224,0.20229674622363863,REJECT,False,-0.20681807682668402,0.040216394545204516,0.0,0.040216394545204516,-0.24703447137188853,0.02,False,False,False,ONLINE_RANK,,,,,,,,,,False,False,False,
V9.6.7_EXPERT_GATE_ORIGINAL,2026-03,107955,107963,-1,fca571982b7c88a0,2026-03-24,-0.17098355244013475,False,2,2,True,True,0.22741485367433353,0.22740456094921443,0.8125,0.8,True,0.5315240520533739,0.34,0.7403343528793409,0.21008065254716246,REJECT,False,-0.20200761446836796,0.040216394545204516,0.0,0.040216394545204516,-0.24222400901357247,0.02,False,False,False,META_PROBABILITY,,,,,,,,,,False,False,False,
V9.6.7_EXPERT_GATE_ORIGINAL,2026-03,108044,108062,-1,fca571982b7c88a0,2026-03-24,-0.1709805573440218,False,2,2,True,True,0.38130742890107444,0.202982957370083,0.3469387755102041,0.8,False,0.5380690763656399,0.34,0.6278002829251432,0.20852212038903292,REJECT,False,-0.2516090892357893,0.040216394545204516,0.0,0.040216394545204516,-0.2918254837809938,0.02,False,False,False,ONLINE_RANK,,,,,,,,,,False,False,False,
V9.6.7_EXPERT_GATE_ORIGINAL,2026-03,108206,108215,-1,fca571982b7c88a0,2026-03-24,-0.17098730482941166,False,2,2,True,True,0.38193087490649025,0.20289985898145652,0.34,0.8,False,0.5419982660397162,0.34,0.5226860846259644,0.20723271963720805,REJECT,False,-0.25262911298483937,0.040216394545204516,0.0,0.040216394545204516,-0.2928455075300439,0.02,False,False,False,ONLINE_RANK,,,,,,,,,,False,False,False,
V9.6.7_EXPERT_GATE_ORIGINAL,2026-03,108463,108476,-1,fca571982b7c88a0,2026-03-25,-1.271531187316225,False,2,2,True,True,0.20648328130678234,0.23170700157257204,0.8235294117647058,0.8,True,0.5374438613016208,0.34,0.5287024540777219,0.20750208780688478,REJECT,False,-0.19516053217657964,0.040216394545204516,0.0,0.040216394545204516,-0.23537692672178415,0.02,False,False,False,META_PROBABILITY,,,,,,,,,,False,False,False,
V9.6.7_EXPERT_GATE_ORIGINAL,2026-03,108892,108900,-1,fca571982b7c88a0,2026-03-27,-0.17103078347391923,False,2,2,True,True,0.28167118845204303,0.21764833076343157,0.6346153846153846,0.8,False,0.8224914243149534,0.34,0.5093647304345397,0.20188290344059404,REJECT,False,-0.22684465849365,0.040216394545204516,0.0,0.040216394545204516,-0.2670610530388545,0.02,False,False,False,ONLINE_RANK,,,,,,,,,,False,False,False,
V9.6.7_EXPERT_GATE_ORIGINAL,2026-04,110268,110279,-1,fca571982b7c88a0,2026-04-01,-1.2715560653592688,False,2,2,True,True,0.3042075812998795,0.34224627143976405,0.5833333333333334,0.8,False,0.5436787164123129,0.34,0.5023337538837325,0.34719714738526813,NEUTRAL,False,0.2628177307364539,0.0458821100747641,0.0,0.0458821100747641,0.2169356206616898,0.02,False,False,False,ONLINE_RANK,,,,,,,,,,False,False,False,
V9.6.7_EXPERT_GATE_ORIGINAL,2026-04,110715,110764,-1,fca571982b7c88a0,2026-04-03,-0.17102508223255208,False,2,2,True,True,0.23292809332323433,0.3064038311658871,0.28,0.8,False,0.6594040126019258,0.34,0.48491200258086364,0.34484995953568237,NEUTRAL,False,0.1952498505391564,0.0458821100747641,0.0,0.0458821100747641,0.14936774046439227,0.02,False,False,False,ONLINE_RANK,,,,,,,,,,False,False,False,
V9.6.7_EXPERT_GATE_ORIGINAL,2026-04,111532,111579,-1,fca571982b7c88a0,2026-04-06,1.8300055315261816,True,1,1,True,True,0.31833419332165686,0.3489831855181098,0.6153846153846154,0.8,False,0.534654856216511,0.34,0.5825443002139574,0.3481556910539604,NEUTRAL,False,0.2758358892802677,0.0458821100747641,0.0,0.0458821100747641,0.22995377920550358,0.02,False,False,False,ONLINE_RANK,,,,,,,,,,False,False,False,
V9.6.7_EXPERT_GATE_ORIGINAL,2026-04,112112,112114,-1,fca571982b7c88a0,2026-04-08,1.830033640997342,True,1,1,True,True,0.2512164680980352,0.31595720262905674,0.37037037037037035,0.8,False,0.5184439270336059,0.34,0.6405222538963247,0.34787166709023526,NEUTRAL,False,0.2147327458479686,0.0458821100747641,0.0,0.0458821100747641,0.16885063577320447,0.02,False,False,False,ONLINE_RANK,,,,,,,,,,False,False,False,
V9.6.7_EXPERT_GATE_ORIGINAL,2026-04,112113,112118,-1,fca571982b7c88a0,2026-04-08,1.8527370445175673,True,1,1,True,True,0.44109509080304804,0.40490301077025725,0.8571428571428571,0.8,True,0.5247359190577253,0.34,0.8019318191574336,0.3518636909468548,NEUTRAL,True,0.3812806734483217,0.0458821100747641,0.0,0.0458821100747641,0.3353985633735576,0.02,True,True,True,SELECTED,,,,,,,,,,False,False,False,NO_MONTHLY_CAP_NO_CROSS_TRADE_CLUSTER
V9.6.7_EXPERT_GATE_ORIGINAL,2026-04,112463,112477,-1,fca571982b7c88a0,2026-04-09,-1.27151783652678,False,2,2,True,True,0.3005056825759822,0.34046469768037374,0.5517241379310345,0.8,False,0.5527950539598251,0.34,0.7895744618244593,0.3494520613079034,NEUTRAL,False,0.26091763820583525,0.0458821100747641,0.0,0.0458821100747641,0.21503552813107113,0.02,False,False,False,ONLINE_RANK,,,,,,,,,,False,False,False,
V9.6.7_EXPERT_GATE_ORIGINAL,2026-04,112516,112550,-1,fca571982b7c88a0,2026-04-10,-0.1709693360188157,False,2,2,True,True,0.22842863516274997,0.3040065668704993,0.2,0.8,False,0.5456662134449218,0.34,0.6779403672298914,0.34752367303673576,NEUTRAL,False,0.19247143496026659,0.0458821100747641,0.0,0.0458821100747641,0.14658932488550247,0.02,False,False,False,ONLINE_RANK,,,,,,,,,,False,False,False,
V9.6.7_EXPERT_GATE_ORIGINAL,2026-04,113469,113475,-1,fca571982b7c88a0,2026-04-13,-1.251441395218504,False,2,2,True,True,0.16201884569319933,0.26576118021027473,0.06451612903225806,0.8,False,0.5495341026992175,0.34,0.5876526134319595,0.34568939382356706,NEUTRAL,False,0.12078585870376729,0.0458821100747641,0.0,0.0458821100747641,0.07490374862900319,0.02,False,False,False,ONLINE_RANK,,,,,,,,,,False,False,False,
V9.6.7_EXPERT_GATE_ORIGINAL,2026-04,113727,113733,-1,fca571982b7c88a0,2026-04-14,1.8619666030568092,True,1,1,True,True,0.413674626398174,0.39266361597202326,0.84375,0.8,True,0.5191697223300527,0.34,0.7498393752757464,0.3510697966783391,NEUTRAL,True,0.3582124325276514,0.0458821100747641,0.0,0.0458821100747641,0.3123303224528873,0.02,True,True,True,SELECTED,,,,,,,,,,False,False,False,NO_MONTHLY_CAP_NO_CROSS_TRADE_CLUSTER
V9.6.7_EXPERT_GATE_ORIGINAL,2026-04,114469,114479,-1,fca571982b7c88a0,2026-04-17,1.853407714439175,True,1,1,True,True,0.23171373977077997,0.305758766732218,0.30303030303030304,0.8,False,0.5464280134818001,0.34,0.6088954659981456,0.3470202878572682,NEUTRAL,False,0.19539444799941164,0.0458821100747641,0.0,0.0458821100747641,0.14951233792464752,0.02,False,False,False,ONLINE_RANK,,,,,,,,,,False,False,False,
V9.6.7_EXPERT_GATE_ORIGINAL,2026-04,114531,114542,-1,fca571982b7c88a0,2026-04-17,-1.194673848969825,False,2,2,True,True,0.44653418532907546,0.40732464617868314,0.8823529411764706,0.8,True,0.5365942304273893,0.34,0.7124072532528167,0.3509815937402566,NEUTRAL,True,0.3852058138681698,0.0458821100747641,0.0,0.0458821100747641,0.3393237037934057,0.02,True,True,True,SELECTED,,,,,,,,,,False,False,False,NO_MONTHLY_CAP_NO_CROSS_TRADE_CLUSTER
V9.6.7_EXPERT_GATE_ORIGINAL,2026-04,114532,114542,-1,fca571982b7c88a0,2026-04-17,-1.1947261496607022,False,2,2,True,True,0.4696082346468783,0.417591333705021,0.8857142857142857,0.8,True,0.5366880178896923,0.34,0.5627131874031621,0.34988247301672326,NEUTRAL,True,0.40347055703114615,0.0458821100747641,0.0,0.0458821100747641,0.35758844695638203,0.02,True,False,False,POSITION_OVERLAP,,,,,,,,,,False,False,False,POSITION_OVERLAP_ONLY
V9.6.7_EXPERT_GATE_ORIGINAL,2026-04,114535,114542,-1,fca571982b7c88a0,2026-04-17,-1.202651479906994,False,2,2,True,True,0.42531619596841697,0.3978680131787214,0.8055555555555556,0.8,True,0.5355431889637883,0.34,0.5935741097353844,0.3496244403721945,NEUTRAL,True,0.36692501391459115,0.0458821100747641,0.0,0.0458821100747641,0.32104290383982703,0.02,True,False,False,POSITION_OVERLAP,,,,,,,,,,False,False,False,POSITION_OVERLAP_ONLY
V9.6.7_EXPERT_GATE_ORIGINAL,2026-04,115599,115601,-1,fca571982b7c88a0,2026-04-21,1.8300695210444844,True,1,1,True,True,0.3166038257936779,0.3481629751616513,0.5675675675675675,0.8,False,0.7020734241646618,0.34,0.6917207984873697,0.3472425819728655,NEUTRAL,False,0.27376119085330197,0.0458821100747641,0.0,0.0458821100747641,0.22787908077853786,0.02,False,False,False,ONLINE_RANK,,,,,,,,,,False,False,False,
V9.6.7_EXPERT_GATE_ORIGINAL,2026-04,115699,115721,-1,fca571982b7c88a0,2026-04-22,-1.2714789171698233,False,2,2,True,True,0.38046784170338854,0.3777112531145595,0.6578947368421053,0.8,False,0.7046485759521622,0.34,0.6937759290232166,0.3481333494403339,NEUTRAL,False,0.3288215579663339,0.0458821100747641,0.0,0.0458821100747641,0.2829394478915698,0.02,False,False,False,ONLINE_RANK,,,,,,,,,,False,False,False,
V9.6.7_EXPERT_GATE_ORIGINAL,2026-04,115700,115721,-1,fca571982b7c88a0,2026-04-22,-1.271479000834533,False,2,2,True,True,0.4170357646843816,0.3941677477885529,0.7948717948717948,0.8,False,0.7044987502368705,0.34,0.7052543997422485,0.348738372041295,NEUTRAL,False,0.35955363146776953,0.0458821100747641,0.0,0.0458821100747641,0.3136715213930054,0.02,False,False,False,ONLINE_RANK,,,,,,,,,,False,False,False,
V9.6.7_EXPERT_GATE_ORIGINAL,2026-04,115701,115721,-1,fca571982b7c88a0,2026-04-22,-1.2714791849665645,False,2,2,True,True,0.3564209510353421,0.3667376547464626,0.625,0.8,False,0.7043290849091166,0.34,0.6979961782096284,0.3478372197867176,NEUTRAL,False,0.3083946434826394,0.0458821100747641,0.0,0.0458821100747641,0.2625125334078753,0.02,False,False,False,ONLINE_RANK,,,,,,,,,,False,False,False,
V9.6.7_EXPERT_GATE_ORIGINAL,2026-04,115862,115867,-1,fca571982b7c88a0,2026-04-22,-0.17090486016205067,False,2,2,True,True,0.4369207766435466,0.40304352194945436,0.8292682926829268,0.8,True,0.5285353980007402,0.34,0.7298715606393671,0.35110008728673864,NEUTRAL,True,0.3773805856169948,0.0458821100747641,0.0,0.0458821100747641,0.33149847554223066,0.02,True,True,True,SELECTED,,,,,,,,,,False,False,False,NO_MONTHLY_CAP_NO_CROSS_TRADE_CLUSTER
V9.6.7_EXPERT_GATE_ORIGINAL,2026-04,116137,116139,-1,fca571982b7c88a0,2026-04-23,-1.2714632256319955,False,2,2,True,True,0.31534858032665364,0.3475671349378779,0.5,0.8,False,0.6917281005357752,0.34,0.644603316712721,0.34695091809782946,NEUTRAL,False,0.27248258588809876,0.0458821100747641,0.0,0.0458821100747641,0.22660047581333465,0.02,False,False,False,ONLINE_RANK,,,,,,,,,,False,False,False,
V9.6.7_EXPERT_GATE_ORIGINAL,2026-04,116138,116139,-1,fca571982b7c88a0,2026-04-23,-1.2714623734423003,False,2,2,True,True,0.26911101427252115,0.3250420540693714,0.3953488372093023,0.8,False,0.6919823325059486,0.34,0.47616424393176376,0.34494942729555117,NEUTRAL,False,0.22969602470779,0.0458821100747641,0.0,0.0458821100747641,0.18381391463302588,0.02,False,False,False,ONLINE_RANK,,,,,,,,,,False,False,False,
V9.6.7_EXPERT_GATE_ORIGINAL,2026-04,116168,116215,-1,fca571982b7c88a0,2026-04-23,-1.2266337306900452,False,2,2,True,True,0.2787239784097289,0.32982867996537013,0.4090909090909091,0.8,False,0.7070529331470417,0.34,0.5409307780229405,0.34543528333770995,NEUTRAL,False,0.23882548312586327,0.0458821100747641,0.0,0.0458821100747641,0.19294337305109915,0.02,False,False,False,ONLINE_RANK,,,,,,,,,,False,False,False,
V9.6.7_EXPERT_GATE_ORIGINAL,2026-04,116169,116215,-1,fca571982b7c88a0,2026-04-23,-1.2384774891627814,False,2,2,True,True,0.4319004342905358,0.40080574991716356,0.8222222222222222,0.8,True,0.7070524798291995,0.34,0.49497713793710857,0.34705600601907366,NEUTRAL,True,0.3707652701525427,0.0458821100747641,0.0,0.0458821100747641,0.32488316007777857,0.02,True,True,True,SELECTED,,,,,,,,,,False,False,False,NO_MONTHLY_CAP_NO_CROSS_TRADE_CLUSTER
V9.6.7_EXPERT_GATE_ORIGINAL,2026-05,119074,119077,-1,fca571982b7c88a0,2026-05-04,1.8618115116088623,True,1,1,True,True,0.3133858776383741,0.26185088578816473,0.391304347826087,0.8,False,0.5530905527636555,0.34,0.7792153533855946,0.27644525804735554,REJECT,False,-0.2783168247165793,0.043828739810657616,0.0,0.043828739810657616,-0.3221455645272369,0.02,False,False,False,ONLINE_RANK,,,,,,,,,,False,False,False,
V9.6.7_EXPERT_GATE_ORIGINAL,2026-05,119077,119080,-1,fca571982b7c88a0,2026-05-04,-1.1999214545598806,False,2,2,True,True,0.23856651760337952,0.2400144472410186,0.20833333333333334,0.8,False,0.5528989907712549,0.34,0.7270636104603885,0.27517103111104485,REJECT,False,-0.3265371791458937,0.043828739810657616,0.0,0.043828739810657616,-0.3703659189565513,0.02,False,False,False,ONLINE_RANK,,,,,,,,,,False,False,False,
V9.6.7_EXPERT_GATE_ORIGINAL,2026-05,119078,119081,-1,fca571982b7c88a0,2026-05-04,-1.2008120672610882,False,2,2,True,True,0.10132565893640998,0.18851895884802292,0.04,0.8,False,0.5529978457166425,0.34,0.6562066355116172,0.2732526046458211,REJECT,False,-0.4394676859512511,0.043828739810657616,0.0,0.043828739810657616,-0.4832964257619087,0.02,False,False,False,ONLINE_RANK,,,,,,,,,,False,False,False,
V9.6.7_EXPERT_GATE_ORIGINAL,2026-05,119556,119560,-1,fca571982b7c88a0,2026-05-06,-1.271428067132503,False,2,2,True,True,0.46556860265865296,0.30281593209386737,0.8076923076923077,0.8,True,0.5231224123558571,0.34,0.6615026980212617,0.27508346784848536,REJECT,False,-0.19056494867088647,0.043828739810657616,0.0,0.043828739810657616,-0.23439368848154407,0.02,False,False,False,META_PROBABILITY,,,,,,,,,,False,False,False,
V9.6.7_EXPERT_GATE_ORIGINAL,2026-05,119566,119583,-1,fca571982b7c88a0,2026-05-06,1.8301262444399897,True,1,1,True,True,0.4258720367668605,0.29223814573343826,0.7407407407407407,0.8,False,0.5071666901487623,0.34,0.6469363717215904,0.2749914671592771,REJECT,False,-0.21354411492561354,0.043828739810657616,0.0,0.043828739810657616,-0.25737285473627114,0.02,False,False,False,ONLINE_RANK,,,,,,,,,,False,False,False,
V9.6.7_EXPERT_GATE_ORIGINAL,2026-05,119568,119584,-1,fca571982b7c88a0,2026-05-06,1.8301248455616579,True,1,1,True,True,0.42198690942789774,0.29120498938144684,0.7142857142857143,0.8,False,0.5116057330046544,0.34,0.524585505781713,0.27241869168166866,REJECT,False,-0.21763969942535277,0.043828739810657616,0.0,0.043828739810657616,-0.2614684392360104,0.02,False,False,False,ONLINE_RANK,,,,,,,,,,False,False,False,
V9.6.7_EXPERT_GATE_ORIGINAL,2026-05,120138,120163,-1,fca571982b7c88a0,2026-05-08,-0.17089434421946553,False,2,2,True,True,0.22737040181314394,0.23652653786010777,0.1724137931034483,0.8,False,0.6935211726484284,0.34,0.5130683978588453,0.2682433391174382,REJECT,False,-0.33909447111684715,0.043828739810657616,0.0,0.043828739810657616,-0.38292321092750475,0.02,False,False,False,ONLINE_RANK,,,,,,,,,,False,False,False,
V9.6.7_EXPERT_GATE_ORIGINAL,2026-05,120956,120962,-1,fca571982b7c88a0,2026-05-11,-0.17088195587974908,False,2,2,True,True,0.2759850239945291,0.2512053652136267,0.3,0.8,False,0.5482211014694833,0.34,0.527837768661297,0.27142595083870097,REJECT,False,-0.305000421144287,0.043828739810657616,0.0,0.043828739810657616,-0.3488291609549446,0.02,False,False,False,ONLINE_RANK,,,,,,,,,,False,False,False,
V9.6.7_EXPERT_GATE_ORIGINAL,2026-05,122008,122031,-1,fca571982b7c88a0,2026-05-15,-1.2714531142707768,False,2,2,True,True,0.3048568246140324,0.25946064799626367,0.41935483870967744,0.8,False,0.6911902810519236,0.34,0.6189105159530015,0.27055755788203595,REJECT,False,-0.287745514853818,0.043828739810657616,0.0,0.043828739810657616,-0.3315742546644756,0.02,False,False,False,ONLINE_RANK,,,,,,,,,,False,False,False,
V9.6.7_EXPERT_GATE_ORIGINAL,2026-05,125584,125636,-1,fca571982b7c88a0,2026-05-29,1.8300463643567926,True,1,1,True,True,0.2073371103151417,0.2300846822896588,0.15625,0.8,False,0.5319263488969799,0.34,0.6165648312766627,0.27329299326365036,REJECT,False,-0.34940224361770367,0.043828739810657616,0.0,0.043828739810657616,-0.39323098342836127,0.02,False,False,False,ONLINE_RANK,,,,,,,,,,False,False,False,
V9.6.7_EXPERT_GATE_ORIGINAL,2026-06,127033,127034,-1,fca571982b7c88a0,2026-06-04,-1.1222944519841664,False,2,2,False,False,,,,,False,,,,,,False,,,,,,,False,False,False,MODEL_UNAVAILABLE,,,,,,,,,,False,False,False,
V9.6.7_EXPERT_GATE_ORIGINAL,2026-06,127148,127154,-1,fca571982b7c88a0,2026-06-04,-0.06602797526920008,False,2,2,False,False,,,,,False,,,,,,False,,,,,,,False,False,False,MODEL_UNAVAILABLE,,,,,,,,,,False,False,False,
V9.6.7_EXPERT_GATE_ORIGINAL,2026-06,127164,127191,-1,fca571982b7c88a0,2026-06-04,1.946076095860926,True,1,1,False,False,,,,,False,,,,,,False,,,,,,,False,False,False,MODEL_UNAVAILABLE,,,,,,,,,,False,False,False,
V9.6.7_EXPERT_GATE_ORIGINAL,2026-06,127168,127174,-1,fca571982b7c88a0,2026-06-04,-1.1718073126379087,False,2,2,False,False,,,,,False,,,,,,False,,,,,,,False,False,False,MODEL_UNAVAILABLE,,,,,,,,,,False,False,False,
V9.6.7_EXPERT_GATE_ORIGINAL,2026-06,127328,127335,-1,fca571982b7c88a0,2026-06-05,1.903124205835836,True,1,1,False,False,,,,,False,,,,,,False,,,,,,,False,False,False,MODEL_UNAVAILABLE,,,,,,,,,,False,False,False,
V9.6.7_EXPERT_GATE_ORIGINAL,2026-06,127329,127335,-1,fca571982b7c88a0,2026-06-05,1.8976501309125287,True,1,1,False,False,,,,,False,,,,,,False,,,,,,,False,False,False,MODEL_UNAVAILABLE,,,,,,,,,,False,False,False,
V9.6.7_EXPERT_GATE_ORIGINAL,2026-06,127330,127335,-1,fca571982b7c88a0,2026-06-05,1.8954073685868644,True,1,1,False,False,,,,,False,,,,,,False,,,,,,,False,False,False,MODEL_UNAVAILABLE,,,,,,,,,,False,False,False,
V9.6.7_EXPERT_GATE_ORIGINAL,2026-06,127358,127366,-1,fca571982b7c88a0,2026-06-05,-0.05487582360770554,False,2,2,False,False,,,,,False,,,,,,False,,,,,,,False,False,False,MODEL_UNAVAILABLE,,,,,,,,,,False,False,False,
V9.6.7_EXPERT_GATE_ORIGINAL,2026-06,127449,127454,-1,fca571982b7c88a0,2026-06-05,-1.1025543970692389,False,2,2,False,False,,,,,False,,,,,,False,,,,,,,False,False,False,MODEL_UNAVAILABLE,,,,,,,,,,False,False,False,
V9.6.7_EXPERT_GATE_ORIGINAL,2026-06,127491,127492,-1,fca571982b7c88a0,2026-06-05,-1.1226220689167936,False,2,2,False,False,,,,,False,,,,,,False,,,,,,,False,False,False,MODEL_UNAVAILABLE,,,,,,,,,,False,False,False,
V9.6.7_EXPERT_GATE_ORIGINAL,2026-06,127506,127522,-1,fca571982b7c88a0,2026-06-05,-0.038931752165420504,False,2,2,False,False,,,,,False,,,,,,False,,,,,,,False,False,False,MODEL_UNAVAILABLE,,,,,,,,,,False,False,False,
V9.6.7_EXPERT_GATE_ORIGINAL,2026-06,127527,127532,-1,fca571982b7c88a0,2026-06-05,1.9361732058003047,True,1,1,False,False,,,,,False,,,,,,False,,,,,,,False,False,False,MODEL_UNAVAILABLE,,,,,,,,,,False,False,False,
V9.6.7_EXPERT_GATE_ORIGINAL,2026-06,127979,127982,-1,fca571982b7c88a0,2026-06-07,-1.2716418173155373,False,2,2,False,False,,,,,False,,,,,,False,,,,,,,False,False,False,MODEL_UNAVAILABLE,,,,,,,,,,False,False,False,
V9.6.7_EXPERT_GATE_ORIGINAL,2026-06,128217,128222,-1,fca571982b7c88a0,2026-06-08,-0.11589618404814342,False,2,2,False,False,,,,,False,,,,,,False,,,,,,,False,False,False,MODEL_UNAVAILABLE,,,,,,,,,,False,False,False,
V9.6.7_EXPERT_GATE_ORIGINAL,2026-06,128236,128241,-1,fca571982b7c88a0,2026-06-08,-1.2321896327242594,False,2,2,False,False,,,,,False,,,,,,False,,,,,,,False,False,False,MODEL_UNAVAILABLE,,,,,,,,,,False,False,False,
V9.6.7_EXPERT_GATE_ORIGINAL,2026-06,129984,130057,-1,fca571982b7c88a0,2026-06-15,-0.17104135949073934,False,2,2,False,False,,,,,False,,,,,,False,,,,,,,False,False,False,MODEL_UNAVAILABLE,,,,,,,,,,False,False,False,
V9.6.7_EXPERT_GATE_ORIGINAL,2026-06,130253,130272,-1,fca571982b7c88a0,2026-06-16,-0.17103740313051022,False,2,2,False,False,,,,,False,,,,,,False,,,,,,,False,False,False,MODEL_UNAVAILABLE,,,,,,,,,,False,False,False,
V9.6.7_EXPERT_GATE_ORIGINAL,2026-06,130254,130267,-1,fca571982b7c88a0,2026-06-16,-0.17103760833714854,False,2,2,False,False,,,,,False,,,,,,False,,,,,,,False,False,False,MODEL_UNAVAILABLE,,,,,,,,,,False,False,False,
V9.6.7_EXPERT_GATE_ORIGINAL,2026-06,130273,130280,-1,fca571982b7c88a0,2026-06-16,-1.2715885900554593,False,2,2,False,False,,,,,False,,,,,,False,,,,,,,False,False,False,MODEL_UNAVAILABLE,,,,,,,,,,False,False,False,
V9.6.7_EXPERT_GATE_ORIGINAL,2026-06,130632,130634,-1,fca571982b7c88a0,2026-06-17,-1.2716004102392249,False,2,2,False,False,,,,,False,,,,,,False,,,,,,,False,False,False,MODEL_UNAVAILABLE,,,,,,,,,,False,False,False,
V9.6.7_EXPERT_GATE_ORIGINAL,2026-06,130656,130672,-1,fca571982b7c88a0,2026-06-17,1.8423408285367848,True,1,1,False,False,,,,,False,,,,,,False,,,,,,,False,False,False,MODEL_UNAVAILABLE,,,,,,,,,,False,False,False,
V9.6.7_EXPERT_GATE_ORIGINAL,2026-06,130657,130671,-1,fca571982b7c88a0,2026-06-17,-1.265876035255469,False,2,2,False,False,,,,,False,,,,,,False,,,,,,,False,False,False,MODEL_UNAVAILABLE,,,,,,,,,,False,False,False,
V9.6.7_EXPERT_GATE_ORIGINAL,2026-06,130890,130895,-1,fca571982b7c88a0,2026-06-18,1.829938871146305,True,1,1,False,False,,,,,False,,,,,,False,,,,,,,False,False,False,MODEL_UNAVAILABLE,,,,,,,,,,False,False,False,
V9.6.7_EXPERT_GATE_ORIGINAL,2026-06,131385,131434,-1,fca571982b7c88a0,2026-06-20,1.8299309914859119,True,1,1,False,False,,,,,False,,,,,,False,,,,,,,False,False,False,MODEL_UNAVAILABLE,,,,,,,,,,False,False,False,
V9.6.7_EXPERT_GATE_ORIGINAL,2026-06,131956,131962,-1,fca571982b7c88a0,2026-06-22,-1.2716004279047515,False,2,2,False,False,,,,,False,,,,,,False,,,,,,,False,False,False,MODEL_UNAVAILABLE,,,,,,,,,,False,False,False,
V9.6.7_EXPERT_GATE_ORIGINAL,2026-06,131957,131961,-1,fca571982b7c88a0,2026-06-22,-1.2716008738789168,False,2,2,False,False,,,,,False,,,,,,False,,,,,,,False,False,False,MODEL_UNAVAILABLE,,,,,,,,,,False,False,False,
V9.6.7_EXPERT_GATE_ORIGINAL,2026-06,132777,132785,-1,fca571982b7c88a0,2026-06-25,-0.000419480124115138,False,2,2,False,False,,,,,False,,,,,,False,,,,,,,False,False,False,MODEL_UNAVAILABLE,,,,,,,,,,False,False,False,
V9.6.7_EXPERT_GATE_ORIGINAL,2026-06,132922,132923,-1,fca571982b7c88a0,2026-06-26,-1.183982317577962,False,2,2,False,False,,,,,False,,,,,,False,,,,,,,False,False,False,MODEL_UNAVAILABLE,,,,,,,,,,False,False,False,
