expert_id,expert,family,rank,policy_key,tier,eligible,reasons,score,trades,wins,win_rate,avg_win_R,avg_loss_R,avg_win_loss_ratio,profit_factor,net_R,max_drawdown_R,expectancy_R,shrunk_win_rate,wilson_lower,active_months,positive_months,worst_month_R,max_single_month_profit_share,max_trades_single_month
0,趋势回踩重新站稳多头,趋势回踩,1,1b33e623d700f1dd,CANDIDATE,False,总交易不足|活跃月份不足|正收益月份不足|收缩后胜率不足|盈利因子不足|利润过度集中,97.11224276860715,3,1,0.3333333333333333,1.7124550554222264,0.7357114230102177,2.327617870082253,1.1638089350411265,0.24103220940179093,1.4714228460204355,0.08034406980059698,0.45454545454545453,0.13564322306091547,2,1,-1.4714228460204355,1.0,2
0,趋势回踩重新站稳多头,趋势回踩,2,cf61261d0d156ada,CANDIDATE,False,总交易不足|活跃月份不足|正收益月份不足|收缩后胜率不足|盈利因子不足|利润过度集中,97.11224276860715,3,1,0.3333333333333333,1.7124550554222264,0.7357114230102177,2.327617870082253,1.1638089350411265,0.24103220940179093,1.4714228460204355,0.08034406980059698,0.45454545454545453,0.13564322306091547,2,1,-1.4714228460204355,1.0,2
0,趋势回踩重新站稳多头,趋势回踩,3,b64115b0307570f8,REJECTED,False,总交易不足,28.06783224570563,2,1,0.5,1.7124550554222264,0.7575122510686786,2.2606301785962395,2.2606301785962395,0.9549428043535478,0.7575122510686786,0.4774714021767739,0.5,0.21132486540518713,2,1,-0.7575122510686786,1.0,1
0,趋势回踩重新站稳多头,趋势回踩,4,d86f5e691767a819,REJECTED,False,总交易不足,28.06783224570563,2,1,0.5,1.7124550554222264,0.7575122510686786,2.2606301785962395,2.2606301785962395,0.9549428043535478,0.7575122510686786,0.4774714021767739,0.5,0.21132486540518713,2,1,-0.7575122510686786,1.0,1
0,趋势回踩重新站稳多头,趋势回踩,5,5f6a7560061fafca,REJECTED,False,总交易不足|活跃月份不足|盈利因子不足|实际盈亏比不足|累计净R不足,11.0,0,0,0.0,0.0,0.0,0.0,0.0,0.0,0.0,0.0,0.5,0.0,0,0,0.0,0.0,0
0,趋势回踩重新站稳多头,趋势回踩,6,6e2c77bd09e9eb5f,REJECTED,False,总交易不足|活跃月份不足|盈利因子不足|实际盈亏比不足|累计净R不足,11.0,0,0,0.0,0.0,0.0,0.0,0.0,0.0,0.0,0.0,0.5,0.0,0,0,0.0,0.0,0
0,趋势回踩重新站稳多头,趋势回踩,7,edfb7369df95cb4f,REJECTED,False,总交易不足|活跃月份不足|盈利因子不足|实际盈亏比不足|累计净R不足,11.0,0,0,0.0,0.0,0.0,0.0,0.0,0.0,0.0,0.0,0.5,0.0,0,0,0.0,0.0,0
0,趋势回踩重新站稳多头,趋势回踩,8,fd0c8086e72deb39,REJECTED,False,总交易不足|活跃月份不足|盈利因子不足|实际盈亏比不足|累计净R不足,11.0,0,0,0.0,0.0,0.0,0.0,0.0,0.0,0.0,0.0,0.5,0.0,0,0,0.0,0.0,0
0,趋势回踩重新站稳多头,趋势回踩,9,9b3fd54c23e3a8be,REJECTED,False,总交易不足|活跃月份不足|盈利因子不足|实际盈亏比不足|累计净R不足,11.0,0,0,0.0,0.0,0.0,0.0,0.0,0.0,0.0,0.0,0.5,0.0,0,0,0.0,0.0,0
0,趋势回踩重新站稳多头,趋势回踩,10,0e677f5d9ed93755,REJECTED,False,总交易不足|活跃月份不足|盈利因子不足|实际盈亏比不足|累计净R不足,11.0,0,0,0.0,0.0,0.0,0.0,0.0,0.0,0.0,0.0,0.5,0.0,0,0,0.0,0.0,0
0,趋势回踩重新站稳多头,趋势回踩,11,d42befd25a2aecba,REJECTED,False,总交易不足|活跃月份不足|盈利因子不足|实际盈亏比不足|累计净R不足,11.0,0,0,0.0,0.0,0.0,0.0,0.0,0.0,0.0,0.0,0.5,0.0,0,0,0.0,0.0,0
0,趋势回踩重新站稳多头,趋势回踩,12,65af7b138fe0c3fc,REJECTED,False,总交易不足|活跃月份不足|盈利因子不足|实际盈亏比不足|累计净R不足,11.0,0,0,0.0,0.0,0.0,0.0,0.0,0.0,0.0,0.0,0.5,0.0,0,0,0.0,0.0,0
0,趋势回踩重新站稳多头,趋势回踩,13,9aaab087ee0edcb3,REJECTED,False,总交易不足|活跃月份不足|盈利因子不足|实际盈亏比不足|累计净R不足,11.0,0,0,0.0,0.0,0.0,0.0,0.0,0.0,0.0,0.0,0.5,0.0,0,0,0.0,0.0,0
0,趋势回踩重新站稳多头,趋势回踩,14,dbd1d70c5a727471,REJECTED,False,总交易不足|活跃月份不足|盈利因子不足|实际盈亏比不足|累计净R不足,11.0,0,0,0.0,0.0,0.0,0.0,0.0,0.0,0.0,0.0,0.5,0.0,0,0,0.0,0.0,0
0,趋势回踩重新站稳多头,趋势回踩,15,d638fc03935cf81c,REJECTED,False,总交易不足|活跃月份不足|盈利因子不足|实际盈亏比不足|累计净R不足,11.0,0,0,0.0,0.0,0.0,0.0,0.0,0.0,0.0,0.0,0.5,0.0,0,0,0.0,0.0,0
0,趋势回踩重新站稳多头,趋势回踩,16,e1cd8092e9f51925,REJECTED,False,总交易不足|活跃月份不足|盈利因子不足|实际盈亏比不足|累计净R不足,11.0,0,0,0.0,0.0,0.0,0.0,0.0,0.0,0.0,0.0,0.5,0.0,0,0,0.0,0.0,0
0,趋势回踩重新站稳多头,趋势回踩,17,027f1e6882c8e0ac,REJECTED,False,盈利因子不足|累计净R不足,5.123120086106356,3,1,0.3333333333333333,1.7124550554222264,1.2857982529809986,1.3318225090538625,0.6659112545269312,-0.8591414505397708,2.571596505961997,-0.2863804835132569,0.45454545454545453,0.13564322306091547,3,1,-1.2858401737378535,1.0,1
0,趋势回踩重新站稳多头,趋势回踩,18,2cc5288833a70fca,REJECTED,False,盈利因子不足|累计净R不足,5.123106537433911,3,1,0.3333333333333333,1.7124550554222264,1.2857988393162545,1.33182190173142,0.66591095086571,-0.8591426232102826,2.571597678632509,-0.2863808744034275,0.45454545454545453,0.13564322306091547,3,1,-1.2858401737378535,1.0,1
0,趋势回踩重新站稳多头,趋势回踩,19,e024946a7a7bbea6,REJECTED,False,盈利因子不足|累计净R不足|最差月份亏损过大,1.0508653428485601,4,1,0.25,1.7124550554222264,0.9190572119010051,1.8632736169711719,0.6210912056570573,-1.0447165802807887,2.757171635703015,-0.2611791450701972,0.4166666666666667,0.1,2,1,-2.757171635703015,1.0,3
0,趋势回踩重新站稳多头,趋势回踩,20,4f78680cc446fc4d,REJECTED,False,盈利因子不足|累计净R不足|最差月份亏损过大,1.0508653428485601,4,1,0.25,1.7124550554222264,0.9190572119010051,1.8632736169711719,0.6210912056570573,-1.0447165802807887,2.757171635703015,-0.2611791450701972,0.4166666666666667,0.1,2,1,-2.757171635703015,1.0,3
0,趋势回踩重新站稳多头,趋势回踩,21,dea253e979ba4233,REJECTED,False,盈利因子不足|累计净R不足|最差月份亏损过大,-19.50557273654647,5,1,0.2,1.7124550554222264,1.2858511742812941,1.3317676957283766,0.33294192393209415,-3.4309496417029504,3.857352605941763,-0.6861899283405901,0.38461538461538464,0.07921748723400672,3,1,-2.5715124322039093,1.0,2
0,趋势回踩重新站稳多头,趋势回踩,22,507ffa897d874aa4,REJECTED,False,盈利因子不足|累计净R不足|最差月份亏损过大,-19.50558204974896,5,1,0.2,1.7124550554222264,1.285851392956139,1.3317674692448997,0.33294186731122494,-3.43095051640233,3.8573534806411427,-0.686190103280466,0.38461538461538464,0.07921748723400672,3,1,-2.5715133069032894,1.0,2
0,趋势回踩重新站稳多头,趋势回踩,23,12eff90a29076783,REJECTED,False,盈利因子不足|累计净R不足|最差月份亏损过大,-33.23667750292093,6,1,0.16666666666666666,1.7124550554222264,1.285828284919607,1.3317914028693911,0.2663582805738782,-4.716686369175808,5.143089333414621,-0.7861143948626347,0.35714285714285715,0.06559528575241907,3,1,-3.8572491596767677,1.0,3
0,趋势回踩重新站稳多头,趋势回踩,24,61a9c4464c24f1aa,REJECTED,False,盈利因子不足|累计净R不足|最差月份亏损过大,-33.23668668477852,6,1,0.16666666666666666,1.7124550554222264,1.285828459859483,1.3317912216761525,0.2663582443352305,-4.716687243875189,5.1430902081140015,-0.7861145406458648,0.35714285714285715,0.06559528575241907,3,1,-3.8572500343761478,1.0,3
1,趋势反抽失败空头,趋势回踩,1,da51c7f197a1b096,CANDIDATE,False,总交易不足|活跃月份不足|正收益月份不足|收缩后胜率不足|盈利因子不足|利润过度集中,97.66972593869485,3,1,0.3333333333333333,1.714741469113497,0.7366079016041253,2.327889051121053,1.1639445255605265,0.2415256659052465,1.2870177022047267,0.08050855530174883,0.45454545454545453,0.13564322306091547,2,1,-1.2870177022047267,1.0,2
1,趋势反抽失败空头,趋势回踩,2,ea610f2e76039d9d,CANDIDATE,False,总交易不足|活跃月份不足|正收益月份不足|收缩后胜率不足|盈利因子不足|利润过度集中,97.66972363638772,3,1,0.3333333333333333,1.7147412611874862,0.7366079016041253,2.327888768846032,1.163944384423016,0.24152545797923564,1.2870177022047267,0.08050848599307854,0.45454545454545453,0.13564322306091547,2,1,-1.2870177022047267,1.0,2
1,趋势反抽失败空头,趋势回踩,3,db8df4b18426d594,REJECTED,False,总交易不足|活跃月份不足,42.75445792781111,2,1,0.5,1.714741469113497,0.1861981010035239,9.209231779872152,9.209231779872152,1.5285433681099732,0.1861981010035239,0.7642716840549866,0.5,0.21132486540518713,1,1,0.0,1.0,2
1,趋势反抽失败空头,趋势回踩,4,2bf636f6d1166fd7,REJECTED,False,总交易不足|活跃月份不足,42.75445647232903,2,1,0.5,1.7147412611874862,0.1861981010035239,9.209230663179715,9.209230663179715,1.5285431601839623,0.1861981010035239,0.7642715800919812,0.5,0.21132486540518713,1,1,0.0,1.0,2
1,趋势反抽失败空头,趋势回踩,5,10f0933547048a02,REJECTED,False,活跃月份不足,15.673456770103023,3,1,0.3333333333333333,1.714741469113497,0.7364813575734597,2.3282890347193366,1.1641445173596683,0.24177875396657766,1.2867646141433955,0.08059291798885922,0.45454545454545453,0.13564322306091547,1,1,0.0,1.0,3
1,趋势反抽失败空头,趋势回踩,6,43f9a8c929c8de10,REJECTED,False,活跃月份不足,15.67345446765038,3,1,0.3333333333333333,1.7147412611874862,0.7364813575734597,2.3282887523958147,1.1641443761979073,0.2417785460405668,1.2867646141433955,0.08059284868018894,0.45454545454545453,0.13564322306091547,1,1,0.0,1.0,3
1,趋势反抽失败空头,趋势回踩,7,1c7ae8d6e1b7e820,REJECTED,False,总交易不足|活跃月份不足|盈利因子不足|实际盈亏比不足|累计净R不足,9.915796767742536,1,0,0.0,0.0,0.1861981010035239,0.0,0.0,-0.1861981010035239,0.1861981010035239,-0.1861981010035239,0.4444444444444444,0.0,1,0,-0.1861981010035239,0.0,1
1,趋势反抽失败空头,趋势回踩,8,d623eb7ff80605fe,REJECTED,False,总交易不足|活跃月份不足|盈利因子不足|实际盈亏比不足|累计净R不足,9.915796767742536,1,0,0.0,0.0,0.1861981010035239,0.0,0.0,-0.1861981010035239,0.1861981010035239,-0.1861981010035239,0.4444444444444444,0.0,1,0,-0.1861981010035239,0.0,1
1,趋势反抽失败空头,趋势回踩,9,1e5e17a24022c0e5,REJECTED,False,盈利因子不足|累计净R不足,1.598947472909165,4,1,0.25,1.714741469113497,0.9199934724505487,1.8638626473577151,0.6212875491192384,-1.045238948238149,2.5737823163481224,-0.26130973705953725,0.4166666666666667,0.1,2,1,-1.2870177022047267,1.0,3
1,趋势反抽失败空头,趋势回踩,10,9041ae9da2c76ff2,REJECTED,False,盈利因子不足|累计净R不足,1.598945414738722,4,1,0.25,1.7147412611874862,0.9199934724505487,1.863862421349578,0.6212874737831927,-1.0452391561641599,2.5737823163481224,-0.26130978904103996,0.4166666666666667,0.1,2,1,-1.2870177022047267,1.0,3
1,趋势反抽失败空头,趋势回踩,11,eb433281c4959b84,REJECTED,False,总交易不足|活跃月份不足|盈利因子不足|实际盈亏比不足|累计净R不足,0.6322723577392191,1,0,0.0,0.0,1.1145505420038557,0.0,0.0,-1.1145505420038557,1.1145505420038557,-1.1145505420038557,0.4444444444444444,0.0,1,0,-1.1145505420038557,0.0,1
1,趋势反抽失败空头,趋势回踩,12,84ee61c08f9c36c2,REJECTED,False,总交易不足|活跃月份不足|盈利因子不足|实际盈亏比不足|累计净R不足,0.6322723577392191,1,0,0.0,0.0,1.1145505420038557,0.0,0.0,-1.1145505420038557,1.1145505420038557,-1.1145505420038557,0.4444444444444444,0.0,1,0,-1.1145505420038557,0.0,1
1,趋势反抽失败空头,趋势回踩,13,66c4e506115bcabc,REJECTED,False,总交易不足|活跃月份不足|盈利因子不足|实际盈亏比不足|累计净R不足,0.6322723577392191,1,0,0.0,0.0,1.1145505420038557,0.0,0.0,-1.1145505420038557,1.1145505420038557,-1.1145505420038557,0.4444444444444444,0.0,1,0,-1.1145505420038557,0.0,1
1,趋势反抽失败空头,趋势回踩,14,fcdc5ffc06cef7e2,REJECTED,False,总交易不足|活跃月份不足|盈利因子不足|实际盈亏比不足|累计净R不足,0.6322723577392191,1,0,0.0,0.0,1.1145505420038557,0.0,0.0,-1.1145505420038557,1.1145505420038557,-1.1145505420038557,0.4444444444444444,0.0,1,0,-1.1145505420038557,0.0,1
1,趋势反抽失败空头,趋势回踩,15,cf9d7027a014a4bc,REJECTED,False,总交易不足|活跃月份不足|盈利因子不足|实际盈亏比不足|累计净R不足,0.6322723577392191,1,0,0.0,0.0,1.1145505420038557,0.0,0.0,-1.1145505420038557,1.1145505420038557,-1.1145505420038557,0.4444444444444444,0.0,1,0,-1.1145505420038557,0.0,1
1,趋势反抽失败空头,趋势回踩,16,d6b6913945880878,REJECTED,False,总交易不足|活跃月份不足|盈利因子不足|实际盈亏比不足|累计净R不足,0.6322723577392191,1,0,0.0,0.0,1.1145505420038557,0.0,0.0,-1.1145505420038557,1.1145505420038557,-1.1145505420038557,0.4444444444444444,0.0,1,0,-1.1145505420038557,0.0,1
1,趋势反抽失败空头,趋势回踩,17,a9cab89e18b613f6,REJECTED,False,总交易不足|活跃月份不足|盈利因子不足|实际盈亏比不足|累计净R不足,-1.4601710815465903,1,0,0.0,0.0,1.3237948859324367,0.0,0.0,-1.3237948859324367,1.3237948859324367,-1.3237948859324367,0.4444444444444444,0.0,1,0,-1.3237948859324367,0.0,1
1,趋势反抽失败空头,趋势回踩,18,c83ae43ded4e3128,REJECTED,False,总交易不足|活跃月份不足|盈利因子不足|实际盈亏比不足|累计净R不足,-1.4601710815465903,1,0,0.0,0.0,1.3237948859324367,0.0,0.0,-1.3237948859324367,1.3237948859324367,-1.3237948859324367,0.4444444444444444,0.0,1,0,-1.3237948859324367,0.0,1
1,趋势反抽失败空头,趋势回踩,19,6dc5691af02ce058,REJECTED,False,总交易不足|盈利因子不足|实际盈亏比不足|累计净R不足,-1.932158032082505,2,0,0.0,0.0,0.7366079016041253,0.0,0.0,-1.4732158032082505,1.4732158032082505,-0.7366079016041253,0.4,0.0,2,0,-1.2870177022047267,0.0,1
1,趋势反抽失败空头,趋势回踩,20,a17c3c0e2b30486c,REJECTED,False,总交易不足|盈利因子不足|实际盈亏比不足|累计净R不足,-1.932158032082505,2,0,0.0,0.0,0.7366079016041253,0.0,0.0,-1.4732158032082505,1.4732158032082505,-0.7366079016041253,0.4,0.0,2,0,-1.2870177022047267,0.0,1
1,趋势反抽失败空头,趋势回踩,21,babd89c70121bbf0,REJECTED,False,总交易不足|活跃月份不足|盈利因子不足|实际盈亏比不足|累计净R不足|最差月份亏损过大,-15.676131378700507,2,0,0.0,0.0,1.3238065689350254,0.0,0.0,-2.6476131378700507,2.6476131378700507,-1.3238065689350254,0.4,0.0,1,0,-2.6476131378700507,0.0,2
1,趋势反抽失败空头,趋势回踩,22,d4f433d971b8cfe4,REJECTED,False,总交易不足|活跃月份不足|盈利因子不足|实际盈亏比不足|累计净R不足|最差月份亏损过大,-15.676131378700507,2,0,0.0,0.0,1.3238065689350254,0.0,0.0,-2.6476131378700507,2.6476131378700507,-1.3238065689350254,0.4,0.0,1,0,-2.6476131378700507,0.0,2
1,趋势反抽失败空头,趋势回踩,23,3fac1d15a4107f3d,REJECTED,False,总交易不足|活跃月份不足|盈利因子不足|实际盈亏比不足|累计净R不足|最差月份亏损过大,-15.676131378700507,2,0,0.0,0.0,1.3238065689350254,0.0,0.0,-2.6476131378700507,2.6476131378700507,-1.3238065689350254,0.4,0.0,1,0,-2.6476131378700507,0.0,2
1,趋势反抽失败空头,趋势回踩,24,304ab173a2ce9c87,REJECTED,False,总交易不足|活跃月份不足|盈利因子不足|实际盈亏比不足|累计净R不足|最差月份亏损过大,-15.676131378700507,2,0,0.0,0.0,1.3238065689350254,0.0,0.0,-2.6476131378700507,2.6476131378700507,-1.3238065689350254,0.4,0.0,1,0,-2.6476131378700507,0.0,2
2,EMA21回踩收回多头,均线回踩,1,57c6d8ed313f7b81,REJECTED,False,总交易不足|活跃月份不足|盈利因子不足|实际盈亏比不足|累计净R不足,11.0,0,0,0.0,0.0,0.0,0.0,0.0,0.0,0.0,0.0,0.5,0.0,0,0,0.0,0.0,0
2,EMA21回踩收回多头,均线回踩,2,0692fa8f4d83e0dc,REJECTED,False,总交易不足|活跃月份不足|盈利因子不足|实际盈亏比不足|累计净R不足,11.0,0,0,0.0,0.0,0.0,0.0,0.0,0.0,0.0,0.0,0.5,0.0,0,0,0.0,0.0,0
2,EMA21回踩收回多头,均线回踩,3,f9803b6fc9c4b614,REJECTED,False,总交易不足|活跃月份不足|盈利因子不足|实际盈亏比不足|累计净R不足,11.0,0,0,0.0,0.0,0.0,0.0,0.0,0.0,0.0,0.0,0.5,0.0,0,0,0.0,0.0,0
2,EMA21回踩收回多头,均线回踩,4,195fedeeeb08219c,REJECTED,False,总交易不足|活跃月份不足|盈利因子不足|实际盈亏比不足|累计净R不足,11.0,0,0,0.0,0.0,0.0,0.0,0.0,0.0,0.0,0.0,0.5,0.0,0,0,0.0,0.0,0
2,EMA21回踩收回多头,均线回踩,5,4031389b6c492ad0,REJECTED,False,总交易不足|活跃月份不足|盈利因子不足|实际盈亏比不足|累计净R不足,11.0,0,0,0.0,0.0,0.0,0.0,0.0,0.0,0.0,0.0,0.5,0.0,0,0,0.0,0.0,0
2,EMA21回踩收回多头,均线回踩,6,0323730da9a588fc,REJECTED,False,总交易不足|活跃月份不足|盈利因子不足|实际盈亏比不足|累计净R不足,11.0,0,0,0.0,0.0,0.0,0.0,0.0,0.0,0.0,0.0,0.5,0.0,0,0,0.0,0.0,0
2,EMA21回踩收回多头,均线回踩,7,915157e664ef79b8,REJECTED,False,总交易不足|活跃月份不足|盈利因子不足|实际盈亏比不足|累计净R不足,11.0,0,0,0.0,0.0,0.0,0.0,0.0,0.0,0.0,0.0,0.5,0.0,0,0,0.0,0.0,0
2,EMA21回踩收回多头,均线回踩,8,8d324d0acefa1133,REJECTED,False,总交易不足|活跃月份不足|盈利因子不足|实际盈亏比不足|累计净R不足,11.0,0,0,0.0,0.0,0.0,0.0,0.0,0.0,0.0,0.0,0.5,0.0,0,0,0.0,0.0,0
2,EMA21回踩收回多头,均线回踩,9,ffd67b85d0decc5d,REJECTED,False,总交易不足|活跃月份不足|盈利因子不足|实际盈亏比不足|累计净R不足,11.0,0,0,0.0,0.0,0.0,0.0,0.0,0.0,0.0,0.0,0.5,0.0,0,0,0.0,0.0,0
2,EMA21回踩收回多头,均线回踩,10,526c9b8e9ff7fb3c,REJECTED,False,总交易不足|活跃月份不足|盈利因子不足|实际盈亏比不足|累计净R不足,11.0,0,0,0.0,0.0,0.0,0.0,0.0,0.0,0.0,0.0,0.5,0.0,0,0,0.0,0.0,0
2,EMA21回踩收回多头,均线回踩,11,1cb9b9c7c2eeb276,REJECTED,False,总交易不足|活跃月份不足|盈利因子不足|实际盈亏比不足|累计净R不足,11.0,0,0,0.0,0.0,0.0,0.0,0.0,0.0,0.0,0.0,0.5,0.0,0,0,0.0,0.0,0
2,EMA21回踩收回多头,均线回踩,12,2283714d9ab507f0,REJECTED,False,总交易不足|活跃月份不足|盈利因子不足|实际盈亏比不足|累计净R不足,11.0,0,0,0.0,0.0,0.0,0.0,0.0,0.0,0.0,0.0,0.5,0.0,0,0,0.0,0.0,0
2,EMA21回踩收回多头,均线回踩,13,c5bc335c43c4ea0c,REJECTED,False,总交易不足|活跃月份不足|盈利因子不足|实际盈亏比不足|累计净R不足,11.0,0,0,0.0,0.0,0.0,0.0,0.0,0.0,0.0,0.0,0.5,0.0,0,0,0.0,0.0,0
2,EMA21回踩收回多头,均线回踩,14,aa5b63e4a0326cc3,REJECTED,False,总交易不足|活跃月份不足|盈利因子不足|实际盈亏比不足|累计净R不足,11.0,0,0,0.0,0.0,0.0,0.0,0.0,0.0,0.0,0.0,0.5,0.0,0,0,0.0,0.0,0
2,EMA21回踩收回多头,均线回踩,15,5f52dd58bf5d2bde,REJECTED,False,总交易不足|活跃月份不足|盈利因子不足|实际盈亏比不足|累计净R不足,11.0,0,0,0.0,0.0,0.0,0.0,0.0,0.0,0.0,0.0,0.5,0.0,0,0,0.0,0.0,0
2,EMA21回踩收回多头,均线回踩,16,9b706cbfe2875d88,REJECTED,False,总交易不足|活跃月份不足|盈利因子不足|实际盈亏比不足|累计净R不足,11.0,0,0,0.0,0.0,0.0,0.0,0.0,0.0,0.0,0.0,0.5,0.0,0,0,0.0,0.0,0
2,EMA21回踩收回多头,均线回踩,17,1e3bc813961e1078,REJECTED,False,总交易不足|活跃月份不足|盈利因子不足|实际盈亏比不足|累计净R不足,11.0,0,0,0.0,0.0,0.0,0.0,0.0,0.0,0.0,0.0,0.5,0.0,0,0,0.0,0.0,0
2,EMA21回踩收回多头,均线回踩,18,fe42141cfefd4e21,REJECTED,False,总交易不足|活跃月份不足|盈利因子不足|实际盈亏比不足|累计净R不足,11.0,0,0,0.0,0.0,0.0,0.0,0.0,0.0,0.0,0.0,0.5,0.0,0,0,0.0,0.0,0
2,EMA21回踩收回多头,均线回踩,19,7926fb165fff515d,REJECTED,False,总交易不足|活跃月份不足|盈利因子不足|实际盈亏比不足|累计净R不足,11.0,0,0,0.0,0.0,0.0,0.0,0.0,0.0,0.0,0.0,0.5,0.0,0,0,0.0,0.0,0
2,EMA21回踩收回多头,均线回踩,20,0b71053fd1bbe5cb,REJECTED,False,总交易不足|活跃月份不足|盈利因子不足|实际盈亏比不足|累计净R不足,11.0,0,0,0.0,0.0,0.0,0.0,0.0,0.0,0.0,0.0,0.5,0.0,0,0,0.0,0.0,0
2,EMA21回踩收回多头,均线回踩,21,eec6093cdc09b09a,REJECTED,False,总交易不足|活跃月份不足|盈利因子不足|实际盈亏比不足|累计净R不足,11.0,0,0,0.0,0.0,0.0,0.0,0.0,0.0,0.0,0.0,0.5,0.0,0,0,0.0,0.0,0
2,EMA21回踩收回多头,均线回踩,22,7e1152699754edcd,REJECTED,False,总交易不足|活跃月份不足|盈利因子不足|实际盈亏比不足|累计净R不足,11.0,0,0,0.0,0.0,0.0,0.0,0.0,0.0,0.0,0.0,0.5,0.0,0,0,0.0,0.0,0
2,EMA21回踩收回多头,均线回踩,23,a61024163352905d,REJECTED,False,总交易不足|活跃月份不足|盈利因子不足|实际盈亏比不足|累计净R不足,11.0,0,0,0.0,0.0,0.0,0.0,0.0,0.0,0.0,0.0,0.5,0.0,0,0,0.0,0.0,0
2,EMA21回踩收回多头,均线回踩,24,0bb63e408b10bf9c,REJECTED,False,总交易不足|活跃月份不足|盈利因子不足|实际盈亏比不足|累计净R不足,11.0,0,0,0.0,0.0,0.0,0.0,0.0,0.0,0.0,0.0,0.5,0.0,0,0,0.0,0.0,0
3,EMA21反抽受阻空头,均线回踩,1,4916a4f4be16d2e4,REJECTED,False,总交易不足|活跃月份不足|盈利因子不足|实际盈亏比不足|累计净R不足,11.0,0,0,0.0,0.0,0.0,0.0,0.0,0.0,0.0,0.0,0.5,0.0,0,0,0.0,0.0,0
3,EMA21反抽受阻空头,均线回踩,2,e3b7e2548b1fa19a,REJECTED,False,总交易不足|活跃月份不足|盈利因子不足|实际盈亏比不足|累计净R不足,11.0,0,0,0.0,0.0,0.0,0.0,0.0,0.0,0.0,0.0,0.5,0.0,0,0,0.0,0.0,0
3,EMA21反抽受阻空头,均线回踩,3,2bd71342f68ec58b,REJECTED,False,总交易不足|活跃月份不足|盈利因子不足|实际盈亏比不足|累计净R不足,11.0,0,0,0.0,0.0,0.0,0.0,0.0,0.0,0.0,0.0,0.5,0.0,0,0,0.0,0.0,0
3,EMA21反抽受阻空头,均线回踩,4,d086f2ac446e7a52,REJECTED,False,总交易不足|活跃月份不足|盈利因子不足|实际盈亏比不足|累计净R不足,11.0,0,0,0.0,0.0,0.0,0.0,0.0,0.0,0.0,0.0,0.5,0.0,0,0,0.0,0.0,0
3,EMA21反抽受阻空头,均线回踩,5,7c5126b6e4ad1016,REJECTED,False,总交易不足|活跃月份不足|盈利因子不足|实际盈亏比不足|累计净R不足,11.0,0,0,0.0,0.0,0.0,0.0,0.0,0.0,0.0,0.0,0.5,0.0,0,0,0.0,0.0,0
3,EMA21反抽受阻空头,均线回踩,6,915474ad40b931f9,REJECTED,False,总交易不足|活跃月份不足|盈利因子不足|实际盈亏比不足|累计净R不足,11.0,0,0,0.0,0.0,0.0,0.0,0.0,0.0,0.0,0.0,0.5,0.0,0,0,0.0,0.0,0
3,EMA21反抽受阻空头,均线回踩,7,ddffcc01d8231b60,REJECTED,False,总交易不足|活跃月份不足|盈利因子不足|实际盈亏比不足|累计净R不足,11.0,0,0,0.0,0.0,0.0,0.0,0.0,0.0,0.0,0.0,0.5,0.0,0,0,0.0,0.0,0
3,EMA21反抽受阻空头,均线回踩,8,03fe0015c71f5a37,REJECTED,False,总交易不足|活跃月份不足|盈利因子不足|实际盈亏比不足|累计净R不足,11.0,0,0,0.0,0.0,0.0,0.0,0.0,0.0,0.0,0.0,0.5,0.0,0,0,0.0,0.0,0
3,EMA21反抽受阻空头,均线回踩,9,61d2385a6a3ce76a,REJECTED,False,总交易不足|活跃月份不足|盈利因子不足|实际盈亏比不足|累计净R不足,11.0,0,0,0.0,0.0,0.0,0.0,0.0,0.0,0.0,0.0,0.5,0.0,0,0,0.0,0.0,0
3,EMA21反抽受阻空头,均线回踩,10,52f331a613e7e0c5,REJECTED,False,总交易不足|活跃月份不足|盈利因子不足|实际盈亏比不足|累计净R不足,11.0,0,0,0.0,0.0,0.0,0.0,0.0,0.0,0.0,0.0,0.5,0.0,0,0,0.0,0.0,0
3,EMA21反抽受阻空头,均线回踩,11,f813a6c3a5140768,REJECTED,False,总交易不足|活跃月份不足|盈利因子不足|实际盈亏比不足|累计净R不足,11.0,0,0,0.0,0.0,0.0,0.0,0.0,0.0,0.0,0.0,0.5,0.0,0,0,0.0,0.0,0
3,EMA21反抽受阻空头,均线回踩,12,6d94359a5adecd30,REJECTED,False,总交易不足|活跃月份不足|盈利因子不足|实际盈亏比不足|累计净R不足,11.0,0,0,0.0,0.0,0.0,0.0,0.0,0.0,0.0,0.0,0.5,0.0,0,0,0.0,0.0,0
3,EMA21反抽受阻空头,均线回踩,13,273344fc60522d0e,REJECTED,False,总交易不足|活跃月份不足|盈利因子不足|实际盈亏比不足|累计净R不足,11.0,0,0,0.0,0.0,0.0,0.0,0.0,0.0,0.0,0.0,0.5,0.0,0,0,0.0,0.0,0
3,EMA21反抽受阻空头,均线回踩,14,ffa31c9ee0e9cb17,REJECTED,False,总交易不足|活跃月份不足|盈利因子不足|实际盈亏比不足|累计净R不足,11.0,0,0,0.0,0.0,0.0,0.0,0.0,0.0,0.0,0.0,0.5,0.0,0,0,0.0,0.0,0
3,EMA21反抽受阻空头,均线回踩,15,50a625b4fecdf822,REJECTED,False,总交易不足|活跃月份不足|盈利因子不足|实际盈亏比不足|累计净R不足,11.0,0,0,0.0,0.0,0.0,0.0,0.0,0.0,0.0,0.0,0.5,0.0,0,0,0.0,0.0,0
3,EMA21反抽受阻空头,均线回踩,16,1fd66263bf7a26b8,REJECTED,False,总交易不足|活跃月份不足|盈利因子不足|实际盈亏比不足|累计净R不足,11.0,0,0,0.0,0.0,0.0,0.0,0.0,0.0,0.0,0.0,0.5,0.0,0,0,0.0,0.0,0
3,EMA21反抽受阻空头,均线回踩,17,dc2c795a47049d0f,REJECTED,False,总交易不足|活跃月份不足|盈利因子不足|实际盈亏比不足|累计净R不足,11.0,0,0,0.0,0.0,0.0,0.0,0.0,0.0,0.0,0.0,0.5,0.0,0,0,0.0,0.0,0
3,EMA21反抽受阻空头,均线回踩,18,fdaf57a2d8af800b,REJECTED,False,总交易不足|活跃月份不足|盈利因子不足|实际盈亏比不足|累计净R不足,11.0,0,0,0.0,0.0,0.0,0.0,0.0,0.0,0.0,0.0,0.5,0.0,0,0,0.0,0.0,0
3,EMA21反抽受阻空头,均线回踩,19,9d846b2e4b49e7d1,REJECTED,False,总交易不足|活跃月份不足|盈利因子不足|实际盈亏比不足|累计净R不足,11.0,0,0,0.0,0.0,0.0,0.0,0.0,0.0,0.0,0.0,0.5,0.0,0,0,0.0,0.0,0
3,EMA21反抽受阻空头,均线回踩,20,ccbf83f8eb151d8f,REJECTED,False,总交易不足|活跃月份不足|盈利因子不足|实际盈亏比不足|累计净R不足,11.0,0,0,0.0,0.0,0.0,0.0,0.0,0.0,0.0,0.0,0.5,0.0,0,0,0.0,0.0,0
3,EMA21反抽受阻空头,均线回踩,21,c069d3ef3bd316c1,REJECTED,False,总交易不足|活跃月份不足|盈利因子不足|实际盈亏比不足|累计净R不足,11.0,0,0,0.0,0.0,0.0,0.0,0.0,0.0,0.0,0.0,0.5,0.0,0,0,0.0,0.0,0
3,EMA21反抽受阻空头,均线回踩,22,1f27805c2c4f44eb,REJECTED,False,总交易不足|活跃月份不足|盈利因子不足|实际盈亏比不足|累计净R不足,11.0,0,0,0.0,0.0,0.0,0.0,0.0,0.0,0.0,0.0,0.5,0.0,0,0,0.0,0.0,0
3,EMA21反抽受阻空头,均线回踩,23,08e023894792b8de,REJECTED,False,总交易不足|活跃月份不足|盈利因子不足|实际盈亏比不足|累计净R不足,11.0,0,0,0.0,0.0,0.0,0.0,0.0,0.0,0.0,0.0,0.5,0.0,0,0,0.0,0.0,0
3,EMA21反抽受阻空头,均线回踩,24,7842d854279fcacb,REJECTED,False,总交易不足|活跃月份不足|盈利因子不足|实际盈亏比不足|累计净R不足,11.0,0,0,0.0,0.0,0.0,0.0,0.0,0.0,0.0,0.0,0.5,0.0,0,0,0.0,0.0,0
4,VWAP重新站回多头,VWAP回归,1,acb95ebbfdc22945,REJECTED,False,活跃月份不足,38.312572330854614,3,1,0.3333333333333333,1.7126581552271538,0.1862924884014598,9.193382781684575,4.596691390842287,1.3400731784242343,0.3725849768029196,0.4466910594747448,0.45454545454545453,0.13564322306091547,1,1,0.0,1.0,3
4,VWAP重新站回多头,VWAP回归,2,aa0f629aa36160a5,REJECTED,False,活跃月份不足,38.312572330854614,3,1,0.3333333333333333,1.7126581552271538,0.1862924884014598,9.193382781684575,4.596691390842287,1.3400731784242343,0.3725849768029196,0.4466910594747448,0.45454545454545453,0.13564322306091547,1,1,0.0,1.0,3
4,VWAP重新站回多头,VWAP回归,3,6d8cf0995be895d8,REJECTED,False,总交易不足|活跃月份不足|盈利因子不足|实际盈亏比不足|累计净R不足,11.0,0,0,0.0,0.0,0.0,0.0,0.0,0.0,0.0,0.0,0.5,0.0,0,0,0.0,0.0,0
4,VWAP重新站回多头,VWAP回归,4,f48ad30c4727934c,REJECTED,False,总交易不足|活跃月份不足|盈利因子不足|实际盈亏比不足|累计净R不足,11.0,0,0,0.0,0.0,0.0,0.0,0.0,0.0,0.0,0.0,0.5,0.0,0,0,0.0,0.0,0
4,VWAP重新站回多头,VWAP回归,5,11ecf72833588f60,REJECTED,False,总交易不足|活跃月份不足|盈利因子不足|实际盈亏比不足|累计净R不足,11.0,0,0,0.0,0.0,0.0,0.0,0.0,0.0,0.0,0.0,0.5,0.0,0,0,0.0,0.0,0
4,VWAP重新站回多头,VWAP回归,6,f5ad4bb242e2fdda,REJECTED,False,总交易不足|活跃月份不足|盈利因子不足|实际盈亏比不足|累计净R不足,11.0,0,0,0.0,0.0,0.0,0.0,0.0,0.0,0.0,0.0,0.5,0.0,0,0,0.0,0.0,0
4,VWAP重新站回多头,VWAP回归,7,7728bd935aa6cb34,REJECTED,False,总交易不足|活跃月份不足|盈利因子不足|实际盈亏比不足|累计净R不足,11.0,0,0,0.0,0.0,0.0,0.0,0.0,0.0,0.0,0.0,0.5,0.0,0,0,0.0,0.0,0
4,VWAP重新站回多头,VWAP回归,8,70b4df34f7cf66d0,REJECTED,False,总交易不足|活跃月份不足|盈利因子不足|实际盈亏比不足|累计净R不足,11.0,0,0,0.0,0.0,0.0,0.0,0.0,0.0,0.0,0.0,0.5,0.0,0,0,0.0,0.0,0
4,VWAP重新站回多头,VWAP回归,9,7db9db4338867fb3,REJECTED,False,总交易不足|活跃月份不足|盈利因子不足|实际盈亏比不足|累计净R不足,9.91496548001177,1,0,0.0,0.0,0.18628122977660072,0.0,0.0,-0.18628122977660072,0.18628122977660072,-0.18628122977660072,0.4444444444444444,0.0,1,0,-0.18628122977660072,0.0,1
4,VWAP重新站回多头,VWAP回归,10,fb576efda23317cb,REJECTED,False,总交易不足|活跃月份不足|盈利因子不足|实际盈亏比不足|累计净R不足,9.91496548001177,1,0,0.0,0.0,0.18628122977660072,0.0,0.0,-0.18628122977660072,0.18628122977660072,-0.18628122977660072,0.4444444444444444,0.0,1,0,-0.18628122977660072,0.0,1
4,VWAP重新站回多头,VWAP回归,11,5b4971bbf58d15d5,REJECTED,False,总交易不足|活跃月份不足|盈利因子不足|实际盈亏比不足|累计净R不足,9.91496548001177,1,0,0.0,0.0,0.18628122977660072,0.0,0.0,-0.18628122977660072,0.18628122977660072,-0.18628122977660072,0.4444444444444444,0.0,1,0,-0.18628122977660072,0.0,1
4,VWAP重新站回多头,VWAP回归,12,18e7a5b146fd36fc,REJECTED,False,总交易不足|活跃月份不足|盈利因子不足|实际盈亏比不足|累计净R不足,9.91496548001177,1,0,0.0,0.0,0.18628122977660072,0.0,0.0,-0.18628122977660072,0.18628122977660072,-0.18628122977660072,0.4444444444444444,0.0,1,0,-0.18628122977660072,0.0,1
4,VWAP重新站回多头,VWAP回归,13,74db85a652b976fe,REJECTED,False,总交易不足|活跃月份不足|盈利因子不足|实际盈亏比不足|累计净R不足,9.345480633932112,1,0,0.0,0.0,0.24322971438456648,0.0,0.0,-0.24322971438456648,0.24322971438456648,-0.24322971438456648,0.4444444444444444,0.0,1,0,-0.24322971438456648,0.0,1
4,VWAP重新站回多头,VWAP回归,14,9745011aea034d6d,REJECTED,False,总交易不足|活跃月份不足|盈利因子不足|实际盈亏比不足|累计净R不足,9.345480633932112,1,0,0.0,0.0,0.24322971438456648,0.0,0.0,-0.24322971438456648,0.24322971438456648,-0.24322971438456648,0.4444444444444444,0.0,1,0,-0.24322971438456648,0.0,1
4,VWAP重新站回多头,VWAP回归,15,298210a7b800eac2,REJECTED,False,总交易不足|活跃月份不足|盈利因子不足|实际盈亏比不足|累计净R不足,7.074150231970806,2,0,0.0,0.0,0.1862924884014598,0.0,0.0,-0.3725849768029196,0.3725849768029196,-0.1862924884014598,0.4,0.0,1,0,-0.3725849768029196,0.0,2
4,VWAP重新站回多头,VWAP回归,16,46dff95cb31bd3d5,REJECTED,False,总交易不足|活跃月份不足|盈利因子不足|实际盈亏比不足|累计净R不足,7.074150231970806,2,0,0.0,0.0,0.1862924884014598,0.0,0.0,-0.3725849768029196,0.3725849768029196,-0.1862924884014598,0.4,0.0,1,0,-0.3725849768029196,0.0,2
4,VWAP重新站回多头,VWAP回归,17,9774ea16257d5cd2,REJECTED,False,总交易不足|活跃月份不足|盈利因子不足|实际盈亏比不足|累计净R不足,7.074150231970806,2,0,0.0,0.0,0.1862924884014598,0.0,0.0,-0.3725849768029196,0.3725849768029196,-0.1862924884014598,0.4,0.0,1,0,-0.3725849768029196,0.0,2
4,VWAP重新站回多头,VWAP回归,18,58b9b10ae57a8b58,REJECTED,False,总交易不足|活跃月份不足|盈利因子不足|实际盈亏比不足|累计净R不足,7.074150231970806,2,0,0.0,0.0,0.1862924884014598,0.0,0.0,-0.3725849768029196,0.3725849768029196,-0.1862924884014598,0.4,0.0,1,0,-0.3725849768029196,0.0,2
4,VWAP重新站回多头,VWAP回归,19,2bb485ad53f1b58d,REJECTED,False,总交易不足|活跃月份不足|盈利因子不足|实际盈亏比不足|累计净R不足,-4.860429687316147,2,0,0.0,0.0,0.7830214843658074,0.0,0.0,-1.5660429687316149,1.5660429687316149,-0.7830214843658074,0.4,0.0,1,0,-1.5660429687316149,0.0,2
4,VWAP重新站回多头,VWAP回归,20,dcc5fdecebac0cb4,REJECTED,False,总交易不足|活跃月份不足|盈利因子不足|实际盈亏比不足|累计净R不足,-4.860429687316147,2,0,0.0,0.0,0.7830214843658074,0.0,0.0,-1.5660429687316149,1.5660429687316149,-0.7830214843658074,0.4,0.0,1,0,-1.5660429687316149,0.0,2
4,VWAP重新站回多头,VWAP回归,21,26a99e238a647def,REJECTED,False,活跃月份不足|盈利因子不足|实际盈亏比不足|累计净R不足,-6.584481449389098,3,0,0.0,0.0,0.5528160483129699,0.0,0.0,-1.6584481449389097,1.6584481449389097,-0.5528160483129699,0.36363636363636365,0.0,1,0,-1.6584481449389097,0.0,3
4,VWAP重新站回多头,VWAP回归,22,0be19769fa48202e,REJECTED,False,活跃月份不足|盈利因子不足|实际盈亏比不足|累计净R不足,-6.584481449389098,3,0,0.0,0.0,0.5528160483129699,0.0,0.0,-1.6584481449389097,1.6584481449389097,-0.5528160483129699,0.36363636363636365,0.0,1,0,-1.6584481449389097,0.0,3
4,VWAP重新站回多头,VWAP回归,23,e9be36a94f809f07,REJECTED,False,活跃月份不足|盈利因子不足|实际盈亏比不足|累计净R不足|最差月份亏损过大,-18.88860003600473,3,0,0.0,0.0,0.962953334533491,0.0,0.0,-2.888860003600473,2.888860003600473,-0.962953334533491,0.36363636363636365,0.0,1,0,-2.888860003600473,0.0,3
4,VWAP重新站回多头,VWAP回归,24,5458a2668258b600,REJECTED,False,活跃月份不足|盈利因子不足|实际盈亏比不足|累计净R不足|最差月份亏损过大,-18.88860003600473,3,0,0.0,0.0,0.962953334533491,0.0,0.0,-2.888860003600473,2.888860003600473,-0.962953334533491,0.36363636363636365,0.0,1,0,-2.888860003600473,0.0,3
5,VWAP反抽失败空头,VWAP回归,1,587c65808a002d9d,REJECTED,False,活跃月份不足|盈利因子不足|实际盈亏比不足|累计净R不足,0.5766072428160172,3,1,0.3333333333333333,1.4777676570584848,1.3236721975615184,1.1164151213426121,0.5582075606713061,-1.169576738064552,2.647344395123037,-0.389858912688184,0.45454545454545453,0.13564322306091547,1,0,-1.169576738064552,0.0,3
5,VWAP反抽失败空头,VWAP回归,2,da625c017c805797,REJECTED,False,活跃月份不足|盈利因子不足|实际盈亏比不足|累计净R不足,0.5766072428160172,3,1,0.3333333333333333,1.4777676570584848,1.3236721975615184,1.1164151213426121,0.5582075606713061,-1.169576738064552,2.647344395123037,-0.389858912688184,0.45454545454545453,0.13564322306091547,1,0,-1.169576738064552,0.0,3
5,VWAP反抽失败空头,VWAP回归,3,5655b17286c3ce0d,REJECTED,False,总交易不足|活跃月份不足|盈利因子不足|实际盈亏比不足|累计净R不足,-1.08964838472769,1,0,0.0,0.0,1.2867426162505466,0.0,0.0,-1.2867426162505466,1.2867426162505466,-1.2867426162505466,0.4444444444444444,0.0,1,0,-1.2867426162505466,0.0,1
5,VWAP反抽失败空头,VWAP回归,4,d49708ba93a855d7,REJECTED,False,总交易不足|活跃月份不足|盈利因子不足|实际盈亏比不足|累计净R不足,-1.08964838472769,1,0,0.0,0.0,1.2867426162505466,0.0,0.0,-1.2867426162505466,1.2867426162505466,-1.2867426162505466,0.4444444444444444,0.0,1,0,-1.2867426162505466,0.0,1
5,VWAP反抽失败空头,VWAP回归,5,9059811f907e0406,REJECTED,False,总交易不足|活跃月份不足|盈利因子不足|实际盈亏比不足|累计净R不足,-1.08964838472769,1,0,0.0,0.0,1.2867426162505466,0.0,0.0,-1.2867426162505466,1.2867426162505466,-1.2867426162505466,0.4444444444444444,0.0,1,0,-1.2867426162505466,0.0,1
5,VWAP反抽失败空头,VWAP回归,6,77e387fdd0a9ef5b,REJECTED,False,总交易不足|活跃月份不足|盈利因子不足|实际盈亏比不足|累计净R不足,-1.08964838472769,1,0,0.0,0.0,1.2867426162505466,0.0,0.0,-1.2867426162505466,1.2867426162505466,-1.2867426162505466,0.4444444444444444,0.0,1,0,-1.2867426162505466,0.0,1
5,VWAP反抽失败空头,VWAP回归,7,e86927c904eeb0d8,REJECTED,False,总交易不足|活跃月份不足|盈利因子不足|实际盈亏比不足|累计净R不足,-1.08964838472769,1,0,0.0,0.0,1.2867426162505466,0.0,0.0,-1.2867426162505466,1.2867426162505466,-1.2867426162505466,0.4444444444444444,0.0,1,0,-1.2867426162505466,0.0,1
5,VWAP反抽失败空头,VWAP回归,8,edb27b160c264c0d,REJECTED,False,总交易不足|活跃月份不足|盈利因子不足|实际盈亏比不足|累计净R不足,-1.08964838472769,1,0,0.0,0.0,1.2867426162505466,0.0,0.0,-1.2867426162505466,1.2867426162505466,-1.2867426162505466,0.4444444444444444,0.0,1,0,-1.2867426162505466,0.0,1
5,VWAP反抽失败空头,VWAP回归,9,3a2dc9c585cdfef6,REJECTED,False,总交易不足|活跃月份不足|盈利因子不足|实际盈亏比不足|累计净R不足,-1.08964838472769,1,0,0.0,0.0,1.2867426162505466,0.0,0.0,-1.2867426162505466,1.2867426162505466,-1.2867426162505466,0.4444444444444444,0.0,1,0,-1.2867426162505466,0.0,1
5,VWAP反抽失败空头,VWAP回归,10,1fa125134de50e2e,REJECTED,False,总交易不足|活跃月份不足|盈利因子不足|实际盈亏比不足|累计净R不足,-1.08964838472769,1,0,0.0,0.0,1.2867426162505466,0.0,0.0,-1.2867426162505466,1.2867426162505466,-1.2867426162505466,0.4444444444444444,0.0,1,0,-1.2867426162505466,0.0,1
5,VWAP反抽失败空头,VWAP回归,11,950fcba6dff5b41c,REJECTED,False,总交易不足|活跃月份不足|盈利因子不足|实际盈亏比不足|累计净R不足,-1.459020150891452,1,0,0.0,0.0,1.3236797928669228,0.0,0.0,-1.3236797928669228,1.3236797928669228,-1.3236797928669228,0.4444444444444444,0.0,1,0,-1.3236797928669228,0.0,1
5,VWAP反抽失败空头,VWAP回归,12,35c08857a5339946,REJECTED,False,总交易不足|活跃月份不足|盈利因子不足|实际盈亏比不足|累计净R不足,-1.459020150891452,1,0,0.0,0.0,1.3236797928669228,0.0,0.0,-1.3236797928669228,1.3236797928669228,-1.3236797928669228,0.4444444444444444,0.0,1,0,-1.3236797928669228,0.0,1
5,VWAP反抽失败空头,VWAP回归,13,91d2bfce0131e3b0,REJECTED,False,总交易不足|活跃月份不足|盈利因子不足|实际盈亏比不足|累计净R不足,-1.459020150891452,1,0,0.0,0.0,1.3236797928669228,0.0,0.0,-1.3236797928669228,1.3236797928669228,-1.3236797928669228,0.4444444444444444,0.0,1,0,-1.3236797928669228,0.0,1
5,VWAP反抽失败空头,VWAP回归,14,fe1bc59711cf5a74,REJECTED,False,总交易不足|活跃月份不足|盈利因子不足|实际盈亏比不足|累计净R不足,-1.459020150891452,1,0,0.0,0.0,1.3236797928669228,0.0,0.0,-1.3236797928669228,1.3236797928669228,-1.3236797928669228,0.4444444444444444,0.0,1,0,-1.3236797928669228,0.0,1
5,VWAP反抽失败空头,VWAP回归,15,4c5c785d83d3d462,REJECTED,False,总交易不足|活跃月份不足|盈利因子不足|实际盈亏比不足|累计净R不足,-1.459020150891452,1,0,0.0,0.0,1.3236797928669228,0.0,0.0,-1.3236797928669228,1.3236797928669228,-1.3236797928669228,0.4444444444444444,0.0,1,0,-1.3236797928669228,0.0,1
5,VWAP反抽失败空头,VWAP回归,16,6075ab1dc1841762,REJECTED,False,总交易不足|活跃月份不足|盈利因子不足|实际盈亏比不足|累计净R不足,-1.459020150891452,1,0,0.0,0.0,1.3236797928669228,0.0,0.0,-1.3236797928669228,1.3236797928669228,-1.3236797928669228,0.4444444444444444,0.0,1,0,-1.3236797928669228,0.0,1
5,VWAP反抽失败空头,VWAP回归,17,ffd7477197e57300,REJECTED,False,总交易不足|活跃月份不足|盈利因子不足|实际盈亏比不足|累计净R不足,-1.459020150891452,1,0,0.0,0.0,1.3236797928669228,0.0,0.0,-1.3236797928669228,1.3236797928669228,-1.3236797928669228,0.4444444444444444,0.0,1,0,-1.3236797928669228,0.0,1
5,VWAP反抽失败空头,VWAP回归,18,ce6ed24e9b3ecb92,REJECTED,False,总交易不足|活跃月份不足|盈利因子不足|实际盈亏比不足|累计净R不足,-1.459020150891452,1,0,0.0,0.0,1.3236797928669228,0.0,0.0,-1.3236797928669228,1.3236797928669228,-1.3236797928669228,0.4444444444444444,0.0,1,0,-1.3236797928669228,0.0,1
5,VWAP反抽失败空头,VWAP回归,19,306c42f9c1858a23,REJECTED,False,总交易不足|活跃月份不足|盈利因子不足|实际盈亏比不足|累计净R不足,-3.9292964726631805,2,0,0.0,0.0,0.736464823633159,0.0,0.0,-1.472929647266318,1.472929647266318,-0.736464823633159,0.4,0.0,1,0,-1.472929647266318,0.0,2
5,VWAP反抽失败空头,VWAP回归,20,edac71544b92f79f,REJECTED,False,总交易不足|活跃月份不足|盈利因子不足|实际盈亏比不足|累计净R不足,-3.9292964726631805,2,0,0.0,0.0,0.736464823633159,0.0,0.0,-1.472929647266318,1.472929647266318,-0.736464823633159,0.4,0.0,1,0,-1.472929647266318,0.0,2
5,VWAP反抽失败空头,VWAP回归,21,eac17b2dead99d38,REJECTED,False,总交易不足|活跃月份不足|盈利因子不足|实际盈亏比不足|累计净R不足|最差月份亏损过大,-14.934753695520246,2,0,0.0,0.0,1.2867376847760124,0.0,0.0,-2.5734753695520247,2.5734753695520247,-1.2867376847760124,0.4,0.0,1,0,-2.5734753695520247,0.0,2
5,VWAP反抽失败空头,VWAP回归,22,412c68cb1d42cd50,REJECTED,False,总交易不足|活跃月份不足|盈利因子不足|实际盈亏比不足|累计净R不足|最差月份亏损过大,-15.67344395123037,2,0,0.0,0.0,1.3236721975615184,0.0,0.0,-2.647344395123037,2.647344395123037,-1.3236721975615184,0.4,0.0,1,0,-2.647344395123037,0.0,2
5,VWAP反抽失败空头,VWAP回归,23,6fb1dc1a93c8a1ca,REJECTED,False,总交易不足|活跃月份不足|盈利因子不足|实际盈亏比不足|累计净R不足|最差月份亏损过大,-15.67344395123037,2,0,0.0,0.0,1.3236721975615184,0.0,0.0,-2.647344395123037,2.647344395123037,-1.3236721975615184,0.4,0.0,1,0,-2.647344395123037,0.0,2
5,VWAP反抽失败空头,VWAP回归,24,839698bfddea7a8a,REJECTED,False,活跃月份不足|盈利因子不足|实际盈亏比不足|累计净R不足|最差月份亏损过大,-17.59662400567796,3,0,0.0,0.0,0.9198874668559321,0.0,0.0,-2.7596624005677963,2.7596624005677963,-0.9198874668559321,0.36363636363636365,0.0,1,0,-2.7596624005677963,0.0,3
6,阻力转支撑确认多头,结构角色转换,1,39f3e3b0e2915467,REJECTED,False,总交易不足|活跃月份不足|盈利因子不足|实际盈亏比不足|累计净R不足,11.0,0,0,0.0,0.0,0.0,0.0,0.0,0.0,0.0,0.0,0.5,0.0,0,0,0.0,0.0,0
6,阻力转支撑确认多头,结构角色转换,2,a815f5ada34278e4,REJECTED,False,总交易不足|活跃月份不足|盈利因子不足|实际盈亏比不足|累计净R不足,11.0,0,0,0.0,0.0,0.0,0.0,0.0,0.0,0.0,0.0,0.5,0.0,0,0,0.0,0.0,0
6,阻力转支撑确认多头,结构角色转换,3,7f22cc33029aa8f2,REJECTED,False,总交易不足|活跃月份不足|盈利因子不足|实际盈亏比不足|累计净R不足,11.0,0,0,0.0,0.0,0.0,0.0,0.0,0.0,0.0,0.0,0.5,0.0,0,0,0.0,0.0,0
6,阻力转支撑确认多头,结构角色转换,4,4f6f850c1d679ff7,REJECTED,False,总交易不足|活跃月份不足|盈利因子不足|实际盈亏比不足|累计净R不足,11.0,0,0,0.0,0.0,0.0,0.0,0.0,0.0,0.0,0.0,0.5,0.0,0,0,0.0,0.0,0
6,阻力转支撑确认多头,结构角色转换,5,daf4a1d0f2583c09,REJECTED,False,总交易不足|活跃月份不足|盈利因子不足|实际盈亏比不足|累计净R不足,11.0,0,0,0.0,0.0,0.0,0.0,0.0,0.0,0.0,0.0,0.5,0.0,0,0,0.0,0.0,0
6,阻力转支撑确认多头,结构角色转换,6,eaab0e44b14f6769,REJECTED,False,总交易不足|活跃月份不足|盈利因子不足|实际盈亏比不足|累计净R不足,11.0,0,0,0.0,0.0,0.0,0.0,0.0,0.0,0.0,0.0,0.5,0.0,0,0,0.0,0.0,0
6,阻力转支撑确认多头,结构角色转换,7,a2145ff9fe6c8929,REJECTED,False,总交易不足|活跃月份不足|盈利因子不足|实际盈亏比不足|累计净R不足,11.0,0,0,0.0,0.0,0.0,0.0,0.0,0.0,0.0,0.0,0.5,0.0,0,0,0.0,0.0,0
6,阻力转支撑确认多头,结构角色转换,8,7d56e668b2ff53c0,REJECTED,False,总交易不足|活跃月份不足|盈利因子不足|实际盈亏比不足|累计净R不足,11.0,0,0,0.0,0.0,0.0,0.0,0.0,0.0,0.0,0.0,0.5,0.0,0,0,0.0,0.0,0
6,阻力转支撑确认多头,结构角色转换,9,43bbfe94d8be0054,REJECTED,False,总交易不足|活跃月份不足|盈利因子不足|实际盈亏比不足|累计净R不足,11.0,0,0,0.0,0.0,0.0,0.0,0.0,0.0,0.0,0.0,0.5,0.0,0,0,0.0,0.0,0
6,阻力转支撑确认多头,结构角色转换,10,e4ab1991b12d22af,REJECTED,False,总交易不足|活跃月份不足|盈利因子不足|实际盈亏比不足|累计净R不足,11.0,0,0,0.0,0.0,0.0,0.0,0.0,0.0,0.0,0.0,0.5,0.0,0,0,0.0,0.0,0
6,阻力转支撑确认多头,结构角色转换,11,9f3ed5f1f1869ea5,REJECTED,False,总交易不足|活跃月份不足|盈利因子不足|实际盈亏比不足|累计净R不足,11.0,0,0,0.0,0.0,0.0,0.0,0.0,0.0,0.0,0.0,0.5,0.0,0,0,0.0,0.0,0
6,阻力转支撑确认多头,结构角色转换,12,a1a2f31ef3c6aa9d,REJECTED,False,总交易不足|活跃月份不足|盈利因子不足|实际盈亏比不足|累计净R不足,11.0,0,0,0.0,0.0,0.0,0.0,0.0,0.0,0.0,0.0,0.5,0.0,0,0,0.0,0.0,0
6,阻力转支撑确认多头,结构角色转换,13,6008f4b379d39576,REJECTED,False,总交易不足|活跃月份不足|盈利因子不足|实际盈亏比不足|累计净R不足,11.0,0,0,0.0,0.0,0.0,0.0,0.0,0.0,0.0,0.0,0.5,0.0,0,0,0.0,0.0,0
6,阻力转支撑确认多头,结构角色转换,14,28369e607d782cc7,REJECTED,False,总交易不足|活跃月份不足|盈利因子不足|实际盈亏比不足|累计净R不足,11.0,0,0,0.0,0.0,0.0,0.0,0.0,0.0,0.0,0.0,0.5,0.0,0,0,0.0,0.0,0
6,阻力转支撑确认多头,结构角色转换,15,7d31d91f2a4109c2,REJECTED,False,总交易不足|活跃月份不足|盈利因子不足|实际盈亏比不足|累计净R不足,11.0,0,0,0.0,0.0,0.0,0.0,0.0,0.0,0.0,0.0,0.5,0.0,0,0,0.0,0.0,0
6,阻力转支撑确认多头,结构角色转换,16,dc61db7c15828ed1,REJECTED,False,总交易不足|活跃月份不足|盈利因子不足|实际盈亏比不足|累计净R不足,11.0,0,0,0.0,0.0,0.0,0.0,0.0,0.0,0.0,0.0,0.5,0.0,0,0,0.0,0.0,0
6,阻力转支撑确认多头,结构角色转换,17,aad507ad8714303b,REJECTED,False,总交易不足|活跃月份不足|盈利因子不足|实际盈亏比不足|累计净R不足,11.0,0,0,0.0,0.0,0.0,0.0,0.0,0.0,0.0,0.0,0.5,0.0,0,0,0.0,0.0,0
6,阻力转支撑确认多头,结构角色转换,18,e103a50100b451d3,REJECTED,False,总交易不足|活跃月份不足|盈利因子不足|实际盈亏比不足|累计净R不足,11.0,0,0,0.0,0.0,0.0,0.0,0.0,0.0,0.0,0.0,0.5,0.0,0,0,0.0,0.0,0
6,阻力转支撑确认多头,结构角色转换,19,8ecb6b709036e70f,REJECTED,False,总交易不足|活跃月份不足|盈利因子不足|实际盈亏比不足|累计净R不足,11.0,0,0,0.0,0.0,0.0,0.0,0.0,0.0,0.0,0.0,0.5,0.0,0,0,0.0,0.0,0
6,阻力转支撑确认多头,结构角色转换,20,1f61d03b493d0eb1,REJECTED,False,总交易不足|活跃月份不足|盈利因子不足|实际盈亏比不足|累计净R不足,11.0,0,0,0.0,0.0,0.0,0.0,0.0,0.0,0.0,0.0,0.5,0.0,0,0,0.0,0.0,0
6,阻力转支撑确认多头,结构角色转换,21,39e084336026a0ef,REJECTED,False,总交易不足|活跃月份不足|盈利因子不足|实际盈亏比不足|累计净R不足,11.0,0,0,0.0,0.0,0.0,0.0,0.0,0.0,0.0,0.0,0.5,0.0,0,0,0.0,0.0,0
6,阻力转支撑确认多头,结构角色转换,22,64e4cb265e9e3974,REJECTED,False,总交易不足|活跃月份不足|盈利因子不足|实际盈亏比不足|累计净R不足,11.0,0,0,0.0,0.0,0.0,0.0,0.0,0.0,0.0,0.0,0.5,0.0,0,0,0.0,0.0,0
6,阻力转支撑确认多头,结构角色转换,23,a4c122ef5e4c6912,REJECTED,False,总交易不足|活跃月份不足|盈利因子不足|实际盈亏比不足|累计净R不足,11.0,0,0,0.0,0.0,0.0,0.0,0.0,0.0,0.0,0.0,0.5,0.0,0,0,0.0,0.0,0
6,阻力转支撑确认多头,结构角色转换,24,8d38d41dafcce7bc,REJECTED,False,总交易不足|活跃月份不足|盈利因子不足|实际盈亏比不足|累计净R不足,11.0,0,0,0.0,0.0,0.0,0.0,0.0,0.0,0.0,0.0,0.5,0.0,0,0,0.0,0.0,0
7,支撑转阻力确认空头,结构角色转换,1,174e74ff24ab77a4,REJECTED,False,总交易不足|活跃月份不足|盈利因子不足|实际盈亏比不足|累计净R不足,11.0,0,0,0.0,0.0,0.0,0.0,0.0,0.0,0.0,0.0,0.5,0.0,0,0,0.0,0.0,0
7,支撑转阻力确认空头,结构角色转换,2,ca6e959f8983d85a,REJECTED,False,总交易不足|活跃月份不足|盈利因子不足|实际盈亏比不足|累计净R不足,11.0,0,0,0.0,0.0,0.0,0.0,0.0,0.0,0.0,0.0,0.5,0.0,0,0,0.0,0.0,0
7,支撑转阻力确认空头,结构角色转换,3,cc68c773ec423d0e,REJECTED,False,总交易不足|活跃月份不足|盈利因子不足|实际盈亏比不足|累计净R不足,11.0,0,0,0.0,0.0,0.0,0.0,0.0,0.0,0.0,0.0,0.5,0.0,0,0,0.0,0.0,0
7,支撑转阻力确认空头,结构角色转换,4,f2dcea7c5adb7e2e,REJECTED,False,总交易不足|活跃月份不足|盈利因子不足|实际盈亏比不足|累计净R不足,11.0,0,0,0.0,0.0,0.0,0.0,0.0,0.0,0.0,0.0,0.5,0.0,0,0,0.0,0.0,0
7,支撑转阻力确认空头,结构角色转换,5,2e89cb553e79fafb,REJECTED,False,总交易不足|活跃月份不足|盈利因子不足|实际盈亏比不足|累计净R不足,11.0,0,0,0.0,0.0,0.0,0.0,0.0,0.0,0.0,0.0,0.5,0.0,0,0,0.0,0.0,0
7,支撑转阻力确认空头,结构角色转换,6,89057dfd9e039464,REJECTED,False,总交易不足|活跃月份不足|盈利因子不足|实际盈亏比不足|累计净R不足,11.0,0,0,0.0,0.0,0.0,0.0,0.0,0.0,0.0,0.0,0.5,0.0,0,0,0.0,0.0,0
7,支撑转阻力确认空头,结构角色转换,7,141df2f1a99d3f95,REJECTED,False,总交易不足|活跃月份不足|盈利因子不足|实际盈亏比不足|累计净R不足,11.0,0,0,0.0,0.0,0.0,0.0,0.0,0.0,0.0,0.0,0.5,0.0,0,0,0.0,0.0,0
7,支撑转阻力确认空头,结构角色转换,8,16562d147034a1a4,REJECTED,False,总交易不足|活跃月份不足|盈利因子不足|实际盈亏比不足|累计净R不足,11.0,0,0,0.0,0.0,0.0,0.0,0.0,0.0,0.0,0.0,0.5,0.0,0,0,0.0,0.0,0
7,支撑转阻力确认空头,结构角色转换,9,99f365916eeb7d1e,REJECTED,False,总交易不足|活跃月份不足|盈利因子不足|实际盈亏比不足|累计净R不足,11.0,0,0,0.0,0.0,0.0,0.0,0.0,0.0,0.0,0.0,0.5,0.0,0,0,0.0,0.0,0
7,支撑转阻力确认空头,结构角色转换,10,c05ea5fb1e5bbcf4,REJECTED,False,总交易不足|活跃月份不足|盈利因子不足|实际盈亏比不足|累计净R不足,11.0,0,0,0.0,0.0,0.0,0.0,0.0,0.0,0.0,0.0,0.5,0.0,0,0,0.0,0.0,0
7,支撑转阻力确认空头,结构角色转换,11,f25ef927b7acfc67,REJECTED,False,总交易不足|活跃月份不足|盈利因子不足|实际盈亏比不足|累计净R不足,11.0,0,0,0.0,0.0,0.0,0.0,0.0,0.0,0.0,0.0,0.5,0.0,0,0,0.0,0.0,0
7,支撑转阻力确认空头,结构角色转换,12,ea6ff43e81c64dde,REJECTED,False,总交易不足|活跃月份不足|盈利因子不足|实际盈亏比不足|累计净R不足,11.0,0,0,0.0,0.0,0.0,0.0,0.0,0.0,0.0,0.0,0.5,0.0,0,0,0.0,0.0,0
7,支撑转阻力确认空头,结构角色转换,13,311b219248837009,REJECTED,False,总交易不足|活跃月份不足|盈利因子不足|实际盈亏比不足|累计净R不足,-1.089694037156352,1,0,0.0,0.0,1.2867471814934128,0.0,0.0,-1.2867471814934128,1.2867471814934128,-1.2867471814934128,0.4444444444444444,0.0,1,0,-1.2867471814934128,0.0,1
7,支撑转阻力确认空头,结构角色转换,14,f4ee20fd238b762e,REJECTED,False,总交易不足|活跃月份不足|盈利因子不足|实际盈亏比不足|累计净R不足,-1.089694037156352,1,0,0.0,0.0,1.2867471814934128,0.0,0.0,-1.2867471814934128,1.2867471814934128,-1.2867471814934128,0.4444444444444444,0.0,1,0,-1.2867471814934128,0.0,1
7,支撑转阻力确认空头,结构角色转换,15,defd5f8013d3c363,REJECTED,False,总交易不足|活跃月份不足|盈利因子不足|实际盈亏比不足|累计净R不足,-1.0899386294541937,1,0,0.0,0.0,1.286771640723197,0.0,0.0,-1.286771640723197,1.286771640723197,-1.286771640723197,0.4444444444444444,0.0,1,0,-1.286771640723197,0.0,1
7,支撑转阻力确认空头,结构角色转换,16,9095c66b6759e169,REJECTED,False,总交易不足|活跃月份不足|盈利因子不足|实际盈亏比不足|累计净R不足,-1.0899386294541937,1,0,0.0,0.0,1.286771640723197,0.0,0.0,-1.286771640723197,1.286771640723197,-1.286771640723197,0.4444444444444444,0.0,1,0,-1.286771640723197,0.0,1
7,支撑转阻力确认空头,结构角色转换,17,6833679ce2f62e07,REJECTED,False,总交易不足|活跃月份不足|盈利因子不足|实际盈亏比不足|累计净R不足|最差月份亏损过大,-14.173736853515669,2,0,0.0,0.0,1.2486868426757836,0.0,0.0,-2.497373685351567,2.497373685351567,-1.2486868426757836,0.4,0.0,1,0,-2.497373685351567,0.0,2
7,支撑转阻力确认空头,结构角色转换,18,5766246358849c54,REJECTED,False,总交易不足|活跃月份不足|盈利因子不足|实际盈亏比不足|累计净R不足|最差月份亏损过大,-14.173736853515669,2,0,0.0,0.0,1.2486868426757836,0.0,0.0,-2.497373685351567,2.497373685351567,-1.2486868426757836,0.4,0.0,1,0,-2.497373685351567,0.0,2
7,支撑转阻力确认空头,结构角色转换,19,4a47a41627c6eb0a,REJECTED,False,总交易不足|活跃月份不足|盈利因子不足|实际盈亏比不足|累计净R不足|最差月份亏损过大,-14.173736853515669,2,0,0.0,0.0,1.2486868426757836,0.0,0.0,-2.497373685351567,2.497373685351567,-1.2486868426757836,0.4,0.0,1,0,-2.497373685351567,0.0,2
7,支撑转阻力确认空头,结构角色转换,20,f2f5bc170391c41e,REJECTED,False,总交易不足|活跃月份不足|盈利因子不足|实际盈亏比不足|累计净R不足|最差月份亏损过大,-14.173736853515669,2,0,0.0,0.0,1.2486868426757836,0.0,0.0,-2.497373685351567,2.497373685351567,-1.2486868426757836,0.4,0.0,1,0,-2.497373685351567,0.0,2
7,支撑转阻力确认空头,结构角色转换,21,a6161b2da90480d4,REJECTED,False,总交易不足|活跃月份不足|盈利因子不足|实际盈亏比不足|累计净R不足|最差月份亏损过大,-14.935188222166099,2,0,0.0,0.0,1.286759411108305,0.0,0.0,-2.57351882221661,2.57351882221661,-1.286759411108305,0.4,0.0,1,0,-2.57351882221661,0.0,2
7,支撑转阻力确认空头,结构角色转换,22,e14b65649df972b9,REJECTED,False,总交易不足|活跃月份不足|盈利因子不足|实际盈亏比不足|累计净R不足|最差月份亏损过大,-14.935188222166099,2,0,0.0,0.0,1.286759411108305,0.0,0.0,-2.57351882221661,2.57351882221661,-1.286759411108305,0.4,0.0,1,0,-2.57351882221661,0.0,2
7,支撑转阻力确认空头,结构角色转换,23,7dd21da10b8889b6,REJECTED,False,活跃月份不足|盈利因子不足|实际盈亏比不足|累计净R不足|最差月份亏损过大,-27.841208668449802,3,0,0.0,0.0,1.26137362228166,0.0,0.0,-3.78412086684498,3.78412086684498,-1.26137362228166,0.36363636363636365,0.0,1,0,-3.78412086684498,0.0,3
7,支撑转阻力确认空头,结构角色转换,24,bdf7c9006a862bc7,REJECTED,False,活跃月份不足|盈利因子不足|实际盈亏比不足|累计净R不足|最差月份亏损过大,-27.841208668449802,3,0,0.0,0.0,1.26137362228166,0.0,0.0,-3.78412086684498,3.78412086684498,-1.26137362228166,0.36363636363636365,0.0,1,0,-3.78412086684498,0.0,3
8,缩量回踩恢复多头,量价回踩,1,612581c35b84da3c,REJECTED,False,总交易不足|活跃月份不足|盈利因子不足|实际盈亏比不足|累计净R不足,11.0,0,0,0.0,0.0,0.0,0.0,0.0,0.0,0.0,0.0,0.5,0.0,0,0,0.0,0.0,0
8,缩量回踩恢复多头,量价回踩,2,aa54a7239c7aa8a9,REJECTED,False,总交易不足|活跃月份不足|盈利因子不足|实际盈亏比不足|累计净R不足,11.0,0,0,0.0,0.0,0.0,0.0,0.0,0.0,0.0,0.0,0.5,0.0,0,0,0.0,0.0,0
8,缩量回踩恢复多头,量价回踩,3,3212e18d00c285b9,REJECTED,False,总交易不足|活跃月份不足|盈利因子不足|实际盈亏比不足|累计净R不足,11.0,0,0,0.0,0.0,0.0,0.0,0.0,0.0,0.0,0.0,0.5,0.0,0,0,0.0,0.0,0
8,缩量回踩恢复多头,量价回踩,4,61f9ce28dd095693,REJECTED,False,总交易不足|活跃月份不足|盈利因子不足|实际盈亏比不足|累计净R不足,11.0,0,0,0.0,0.0,0.0,0.0,0.0,0.0,0.0,0.0,0.5,0.0,0,0,0.0,0.0,0
8,缩量回踩恢复多头,量价回踩,5,d1c0ca1b293633a0,REJECTED,False,总交易不足|活跃月份不足|盈利因子不足|实际盈亏比不足|累计净R不足,11.0,0,0,0.0,0.0,0.0,0.0,0.0,0.0,0.0,0.0,0.5,0.0,0,0,0.0,0.0,0
8,缩量回踩恢复多头,量价回踩,6,b242a1299adc94f7,REJECTED,False,总交易不足|活跃月份不足|盈利因子不足|实际盈亏比不足|累计净R不足,11.0,0,0,0.0,0.0,0.0,0.0,0.0,0.0,0.0,0.0,0.5,0.0,0,0,0.0,0.0,0
8,缩量回踩恢复多头,量价回踩,7,7182c8274cf188ad,REJECTED,False,总交易不足|活跃月份不足|盈利因子不足|实际盈亏比不足|累计净R不足,11.0,0,0,0.0,0.0,0.0,0.0,0.0,0.0,0.0,0.0,0.5,0.0,0,0,0.0,0.0,0
8,缩量回踩恢复多头,量价回踩,8,22ea1de5a25b4a10,REJECTED,False,总交易不足|活跃月份不足|盈利因子不足|实际盈亏比不足|累计净R不足,11.0,0,0,0.0,0.0,0.0,0.0,0.0,0.0,0.0,0.0,0.5,0.0,0,0,0.0,0.0,0
8,缩量回踩恢复多头,量价回踩,9,775bb5fcb5f99e8b,REJECTED,False,总交易不足|活跃月份不足|盈利因子不足|实际盈亏比不足|累计净R不足,11.0,0,0,0.0,0.0,0.0,0.0,0.0,0.0,0.0,0.0,0.5,0.0,0,0,0.0,0.0,0
8,缩量回踩恢复多头,量价回踩,10,9ab1b7c6f8362706,REJECTED,False,总交易不足|活跃月份不足|盈利因子不足|实际盈亏比不足|累计净R不足,11.0,0,0,0.0,0.0,0.0,0.0,0.0,0.0,0.0,0.0,0.5,0.0,0,0,0.0,0.0,0
8,缩量回踩恢复多头,量价回踩,11,edff78a61b1389c1,REJECTED,False,总交易不足|活跃月份不足|盈利因子不足|实际盈亏比不足|累计净R不足,11.0,0,0,0.0,0.0,0.0,0.0,0.0,0.0,0.0,0.0,0.5,0.0,0,0,0.0,0.0,0
8,缩量回踩恢复多头,量价回踩,12,97c5f7b32e92acc7,REJECTED,False,总交易不足|活跃月份不足|盈利因子不足|实际盈亏比不足|累计净R不足,11.0,0,0,0.0,0.0,0.0,0.0,0.0,0.0,0.0,0.0,0.5,0.0,0,0,0.0,0.0,0
8,缩量回踩恢复多头,量价回踩,13,2bc5f4bf063dcb5c,REJECTED,False,总交易不足|活跃月份不足|盈利因子不足|实际盈亏比不足|累计净R不足,11.0,0,0,0.0,0.0,0.0,0.0,0.0,0.0,0.0,0.0,0.5,0.0,0,0,0.0,0.0,0
8,缩量回踩恢复多头,量价回踩,14,3b8d5eca055e2c9b,REJECTED,False,总交易不足|活跃月份不足|盈利因子不足|实际盈亏比不足|累计净R不足,11.0,0,0,0.0,0.0,0.0,0.0,0.0,0.0,0.0,0.0,0.5,0.0,0,0,0.0,0.0,0
8,缩量回踩恢复多头,量价回踩,15,14d5896208489716,REJECTED,False,总交易不足|活跃月份不足|盈利因子不足|实际盈亏比不足|累计净R不足,11.0,0,0,0.0,0.0,0.0,0.0,0.0,0.0,0.0,0.0,0.5,0.0,0,0,0.0,0.0,0
8,缩量回踩恢复多头,量价回踩,16,66b0161a6024af9b,REJECTED,False,总交易不足|活跃月份不足|盈利因子不足|实际盈亏比不足|累计净R不足,11.0,0,0,0.0,0.0,0.0,0.0,0.0,0.0,0.0,0.0,0.5,0.0,0,0,0.0,0.0,0
8,缩量回踩恢复多头,量价回踩,17,aa3156c338276a27,REJECTED,False,总交易不足|活跃月份不足|盈利因子不足|实际盈亏比不足|累计净R不足,11.0,0,0,0.0,0.0,0.0,0.0,0.0,0.0,0.0,0.0,0.5,0.0,0,0,0.0,0.0,0
8,缩量回踩恢复多头,量价回踩,18,da7d44faff87b5f3,REJECTED,False,总交易不足|活跃月份不足|盈利因子不足|实际盈亏比不足|累计净R不足,11.0,0,0,0.0,0.0,0.0,0.0,0.0,0.0,0.0,0.0,0.5,0.0,0,0,0.0,0.0,0
8,缩量回踩恢复多头,量价回踩,19,e9df1229c583db0e,REJECTED,False,总交易不足|活跃月份不足|盈利因子不足|实际盈亏比不足|累计净R不足,11.0,0,0,0.0,0.0,0.0,0.0,0.0,0.0,0.0,0.0,0.5,0.0,0,0,0.0,0.0,0
8,缩量回踩恢复多头,量价回踩,20,f6847d5aa191a960,REJECTED,False,总交易不足|活跃月份不足|盈利因子不足|实际盈亏比不足|累计净R不足,11.0,0,0,0.0,0.0,0.0,0.0,0.0,0.0,0.0,0.0,0.5,0.0,0,0,0.0,0.0,0
8,缩量回踩恢复多头,量价回踩,21,54bd7ad9e789c9cd,REJECTED,False,总交易不足|活跃月份不足|盈利因子不足|实际盈亏比不足|累计净R不足,11.0,0,0,0.0,0.0,0.0,0.0,0.0,0.0,0.0,0.0,0.5,0.0,0,0,0.0,0.0,0
8,缩量回踩恢复多头,量价回踩,22,52493f6cfcd53350,REJECTED,False,总交易不足|活跃月份不足|盈利因子不足|实际盈亏比不足|累计净R不足,11.0,0,0,0.0,0.0,0.0,0.0,0.0,0.0,0.0,0.0,0.5,0.0,0,0,0.0,0.0,0
8,缩量回踩恢复多头,量价回踩,23,4fed3b8b4cb46137,REJECTED,False,总交易不足|活跃月份不足|盈利因子不足|实际盈亏比不足|累计净R不足,11.0,0,0,0.0,0.0,0.0,0.0,0.0,0.0,0.0,0.0,0.5,0.0,0,0,0.0,0.0,0
8,缩量回踩恢复多头,量价回踩,24,db6b38b794f52943,REJECTED,False,总交易不足|活跃月份不足|盈利因子不足|实际盈亏比不足|累计净R不足,11.0,0,0,0.0,0.0,0.0,0.0,0.0,0.0,0.0,0.0,0.5,0.0,0,0,0.0,0.0,0
9,缩量反抽恢复空头,量价回踩,1,b55421f3522a3f16,REJECTED,False,总交易不足|活跃月份不足|盈利因子不足|实际盈亏比不足|累计净R不足,11.0,0,0,0.0,0.0,0.0,0.0,0.0,0.0,0.0,0.0,0.5,0.0,0,0,0.0,0.0,0
9,缩量反抽恢复空头,量价回踩,2,0c3ac71f7205a7ec,REJECTED,False,总交易不足|活跃月份不足|盈利因子不足|实际盈亏比不足|累计净R不足,11.0,0,0,0.0,0.0,0.0,0.0,0.0,0.0,0.0,0.0,0.5,0.0,0,0,0.0,0.0,0
9,缩量反抽恢复空头,量价回踩,3,096cf2b0d8863ffe,REJECTED,False,总交易不足|活跃月份不足|盈利因子不足|实际盈亏比不足|累计净R不足,11.0,0,0,0.0,0.0,0.0,0.0,0.0,0.0,0.0,0.0,0.5,0.0,0,0,0.0,0.0,0
9,缩量反抽恢复空头,量价回踩,4,3f5f1a791cf31184,REJECTED,False,总交易不足|活跃月份不足|盈利因子不足|实际盈亏比不足|累计净R不足,11.0,0,0,0.0,0.0,0.0,0.0,0.0,0.0,0.0,0.0,0.5,0.0,0,0,0.0,0.0,0
9,缩量反抽恢复空头,量价回踩,5,696a9393bb83999c,REJECTED,False,总交易不足|活跃月份不足|盈利因子不足|实际盈亏比不足|累计净R不足,11.0,0,0,0.0,0.0,0.0,0.0,0.0,0.0,0.0,0.0,0.5,0.0,0,0,0.0,0.0,0
9,缩量反抽恢复空头,量价回踩,6,6daff0dd549463c4,REJECTED,False,总交易不足|活跃月份不足|盈利因子不足|实际盈亏比不足|累计净R不足,11.0,0,0,0.0,0.0,0.0,0.0,0.0,0.0,0.0,0.0,0.5,0.0,0,0,0.0,0.0,0
9,缩量反抽恢复空头,量价回踩,7,e7eba909ab01e794,REJECTED,False,总交易不足|活跃月份不足|盈利因子不足|实际盈亏比不足|累计净R不足,11.0,0,0,0.0,0.0,0.0,0.0,0.0,0.0,0.0,0.0,0.5,0.0,0,0,0.0,0.0,0
9,缩量反抽恢复空头,量价回踩,8,b26a4686368b84fb,REJECTED,False,总交易不足|活跃月份不足|盈利因子不足|实际盈亏比不足|累计净R不足,11.0,0,0,0.0,0.0,0.0,0.0,0.0,0.0,0.0,0.0,0.5,0.0,0,0,0.0,0.0,0
9,缩量反抽恢复空头,量价回踩,9,e0909e38875479c1,REJECTED,False,总交易不足|活跃月份不足|盈利因子不足|实际盈亏比不足|累计净R不足,11.0,0,0,0.0,0.0,0.0,0.0,0.0,0.0,0.0,0.0,0.5,0.0,0,0,0.0,0.0,0
9,缩量反抽恢复空头,量价回踩,10,f04bbf36c4d0a7e8,REJECTED,False,总交易不足|活跃月份不足|盈利因子不足|实际盈亏比不足|累计净R不足,11.0,0,0,0.0,0.0,0.0,0.0,0.0,0.0,0.0,0.0,0.5,0.0,0,0,0.0,0.0,0
9,缩量反抽恢复空头,量价回踩,11,11376fca8509ff5d,REJECTED,False,总交易不足|活跃月份不足|盈利因子不足|实际盈亏比不足|累计净R不足,11.0,0,0,0.0,0.0,0.0,0.0,0.0,0.0,0.0,0.0,0.5,0.0,0,0,0.0,0.0,0
9,缩量反抽恢复空头,量价回踩,12,038baf3eded9eb44,REJECTED,False,总交易不足|活跃月份不足|盈利因子不足|实际盈亏比不足|累计净R不足,11.0,0,0,0.0,0.0,0.0,0.0,0.0,0.0,0.0,0.0,0.5,0.0,0,0,0.0,0.0,0
9,缩量反抽恢复空头,量价回踩,13,a3c16a0f14aba4cb,REJECTED,False,总交易不足|活跃月份不足|盈利因子不足|实际盈亏比不足|累计净R不足,11.0,0,0,0.0,0.0,0.0,0.0,0.0,0.0,0.0,0.0,0.5,0.0,0,0,0.0,0.0,0
9,缩量反抽恢复空头,量价回踩,14,7296a385b87f3825,REJECTED,False,总交易不足|活跃月份不足|盈利因子不足|实际盈亏比不足|累计净R不足,11.0,0,0,0.0,0.0,0.0,0.0,0.0,0.0,0.0,0.0,0.5,0.0,0,0,0.0,0.0,0
9,缩量反抽恢复空头,量价回踩,15,96a7871ace405876,REJECTED,False,总交易不足|活跃月份不足|盈利因子不足|实际盈亏比不足|累计净R不足,11.0,0,0,0.0,0.0,0.0,0.0,0.0,0.0,0.0,0.0,0.5,0.0,0,0,0.0,0.0,0
9,缩量反抽恢复空头,量价回踩,16,9b67e3fdef547a98,REJECTED,False,总交易不足|活跃月份不足|盈利因子不足|实际盈亏比不足|累计净R不足,11.0,0,0,0.0,0.0,0.0,0.0,0.0,0.0,0.0,0.0,0.5,0.0,0,0,0.0,0.0,0
9,缩量反抽恢复空头,量价回踩,17,5122f253ca2d5ffc,REJECTED,False,总交易不足|活跃月份不足|盈利因子不足|实际盈亏比不足|累计净R不足,11.0,0,0,0.0,0.0,0.0,0.0,0.0,0.0,0.0,0.0,0.5,0.0,0,0,0.0,0.0,0
9,缩量反抽恢复空头,量价回踩,18,a4b8a619e3aa54cb,REJECTED,False,总交易不足|活跃月份不足|盈利因子不足|实际盈亏比不足|累计净R不足,11.0,0,0,0.0,0.0,0.0,0.0,0.0,0.0,0.0,0.0,0.5,0.0,0,0,0.0,0.0,0
9,缩量反抽恢复空头,量价回踩,19,76a80ae1b371109c,REJECTED,False,总交易不足|活跃月份不足|盈利因子不足|实际盈亏比不足|累计净R不足,11.0,0,0,0.0,0.0,0.0,0.0,0.0,0.0,0.0,0.0,0.5,0.0,0,0,0.0,0.0,0
9,缩量反抽恢复空头,量价回踩,20,c63e1805d3d336c6,REJECTED,False,总交易不足|活跃月份不足|盈利因子不足|实际盈亏比不足|累计净R不足,11.0,0,0,0.0,0.0,0.0,0.0,0.0,0.0,0.0,0.0,0.5,0.0,0,0,0.0,0.0,0
9,缩量反抽恢复空头,量价回踩,21,94320df97810c841,REJECTED,False,总交易不足|活跃月份不足|盈利因子不足|实际盈亏比不足|累计净R不足,11.0,0,0,0.0,0.0,0.0,0.0,0.0,0.0,0.0,0.0,0.5,0.0,0,0,0.0,0.0,0
9,缩量反抽恢复空头,量价回踩,22,d4d1381fcde15d1a,REJECTED,False,总交易不足|活跃月份不足|盈利因子不足|实际盈亏比不足|累计净R不足,11.0,0,0,0.0,0.0,0.0,0.0,0.0,0.0,0.0,0.0,0.5,0.0,0,0,0.0,0.0,0
9,缩量反抽恢复空头,量价回踩,23,3ef94b37a5d555ff,REJECTED,False,总交易不足|活跃月份不足|盈利因子不足|实际盈亏比不足|累计净R不足,11.0,0,0,0.0,0.0,0.0,0.0,0.0,0.0,0.0,0.0,0.5,0.0,0,0,0.0,0.0,0
9,缩量反抽恢复空头,量价回踩,24,cb9c70ded0e888f2,REJECTED,False,总交易不足|活跃月份不足|盈利因子不足|实际盈亏比不足|累计净R不足,11.0,0,0,0.0,0.0,0.0,0.0,0.0,0.0,0.0,0.0,0.5,0.0,0,0,0.0,0.0,0
10,欧美时段顺势延续多头,时段延续,1,792c97e8b4c0b8eb,REJECTED,False,活跃月份不足,15.527888817394484,3,1,0.3333333333333333,1.7124662965841884,0.7217092497815238,2.3727925021088296,1.1863962510544148,0.2690477970211407,1.4434184995630477,0.08968259900704689,0.45454545454545453,0.13564322306091547,1,1,0.0,1.0,3
10,欧美时段顺势延续多头,时段延续,2,f6d2a21fc4d4c425,REJECTED,False,活跃月份不足,15.527888817394484,3,1,0.3333333333333333,1.7124662965841884,0.7217092497815238,2.3727925021088296,1.1863962510544148,0.2690477970211407,1.4434184995630477,0.08968259900704689,0.45454545454545453,0.13564322306091547,1,1,0.0,1.0,3
10,欧美时段顺势延续多头,时段延续,3,9e92d4491dd76b60,REJECTED,False,活跃月份不足,15.094794539406063,3,1,0.3333333333333333,1.7124662965841884,0.7363074394863496,2.3257490074781946,1.1628745037390973,0.2398514176114892,1.4726148789726992,0.07995047253716307,0.45454545454545453,0.13564322306091547,1,1,0.0,1.0,3
10,欧美时段顺势延续多头,时段延续,4,41839737de12564b,REJECTED,False,活跃月份不足,15.094794539406063,3,1,0.3333333333333333,1.7124662965841884,0.7363074394863496,2.3257490074781946,1.1628745037390973,0.2398514176114892,1.4726148789726992,0.07995047253716307,0.45454545454545453,0.13564322306091547,1,1,0.0,1.0,3
10,欧美时段顺势延续多头,时段延续,5,acfed77829e74378,REJECTED,False,总交易不足|活跃月份不足|盈利因子不足|实际盈亏比不足|累计净R不足,-0.7904629097604543,1,0,0.0,0.0,1.256824068753823,0.0,0.0,-1.256824068753823,1.256824068753823,-1.256824068753823,0.4444444444444444,0.0,1,0,-1.256824068753823,0.0,1
10,欧美时段顺势延续多头,时段延续,6,2ca48bffd5eed1f0,REJECTED,False,总交易不足|活跃月份不足|盈利因子不足|实际盈亏比不足|累计净R不足,-0.7904629097604543,1,0,0.0,0.0,1.256824068753823,0.0,0.0,-1.256824068753823,1.256824068753823,-1.256824068753823,0.4444444444444444,0.0,1,0,-1.256824068753823,0.0,1
10,欧美时段顺势延续多头,时段延续,7,e3f758469204599d,REJECTED,False,总交易不足|活跃月份不足|盈利因子不足|实际盈亏比不足|累计净R不足,-1.0824267038569677,1,0,0.0,0.0,1.2860204481634745,0.0,0.0,-1.2860204481634745,1.2860204481634745,-1.2860204481634745,0.4444444444444444,0.0,1,0,-1.2860204481634745,0.0,1
10,欧美时段顺势延续多头,时段延续,8,6c0d5969bef18797,REJECTED,False,总交易不足|活跃月份不足|盈利因子不足|实际盈亏比不足|累计净R不足,-1.0824267038569677,1,0,0.0,0.0,1.2860204481634745,0.0,0.0,-1.2860204481634745,1.2860204481634745,-1.2860204481634745,0.4444444444444444,0.0,1,0,-1.2860204481634745,0.0,1
10,欧美时段顺势延续多头,时段延续,9,2951495700cf0d26,REJECTED,False,总交易不足|活跃月份不足|盈利因子不足|实际盈亏比不足|累计净R不足,-1.452280164014117,1,0,0.0,0.0,1.3230057941791893,0.0,0.0,-1.3230057941791893,1.3230057941791893,-1.3230057941791893,0.4444444444444444,0.0,1,0,-1.3230057941791893,0.0,1
10,欧美时段顺势延续多头,时段延续,10,d3786d6915d46e75,REJECTED,False,总交易不足|活跃月份不足|盈利因子不足|实际盈亏比不足|累计净R不足,-1.452280164014117,1,0,0.0,0.0,1.3230057941791893,0.0,0.0,-1.3230057941791893,1.3230057941791893,-1.3230057941791893,0.4444444444444444,0.0,1,0,-1.3230057941791893,0.0,1
10,欧美时段顺势延续多头,时段延续,11,02ae1723e4570f8d,REJECTED,False,总交易不足|活跃月份不足|盈利因子不足|实际盈亏比不足|累计净R不足,-1.452280164014117,1,0,0.0,0.0,1.3230057941791893,0.0,0.0,-1.3230057941791893,1.3230057941791893,-1.3230057941791893,0.4444444444444444,0.0,1,0,-1.3230057941791893,0.0,1
10,欧美时段顺势延续多头,时段延续,12,50d010d0d527e015,REJECTED,False,总交易不足|活跃月份不足|盈利因子不足|实际盈亏比不足|累计净R不足,-1.452280164014117,1,0,0.0,0.0,1.3230057941791893,0.0,0.0,-1.3230057941791893,1.3230057941791893,-1.3230057941791893,0.4444444444444444,0.0,1,0,-1.3230057941791893,0.0,1
10,欧美时段顺势延续多头,时段延续,13,1ceef90ae502ea96,REJECTED,False,总交易不足|活跃月份不足|盈利因子不足|实际盈亏比不足|累计净R不足,-3.6341849956304753,2,0,0.0,0.0,0.7217092497815238,0.0,0.0,-1.4434184995630477,1.4434184995630477,-0.7217092497815238,0.4,0.0,1,0,-1.4434184995630477,0.0,2
10,欧美时段顺势延续多头,时段延续,14,1f0f5effc1db66a3,REJECTED,False,总交易不足|活跃月份不足|盈利因子不足|实际盈亏比不足|累计净R不足,-3.6341849956304753,2,0,0.0,0.0,0.7217092497815238,0.0,0.0,-1.4434184995630477,1.4434184995630477,-0.7217092497815238,0.4,0.0,1,0,-1.4434184995630477,0.0,2
10,欧美时段顺势延续多头,时段延续,15,c44fb510c7567d1e,REJECTED,False,总交易不足|活跃月份不足|盈利因子不足|实际盈亏比不足|累计净R不足,-3.926148789726991,2,0,0.0,0.0,0.7363074394863496,0.0,0.0,-1.4726148789726992,1.4726148789726992,-0.7363074394863496,0.4,0.0,1,0,-1.4726148789726992,0.0,2
10,欧美时段顺势延续多头,时段延续,16,b42bc7e4070cf23b,REJECTED,False,总交易不足|活跃月份不足|盈利因子不足|实际盈亏比不足|累计净R不足,-3.926148789726991,2,0,0.0,0.0,0.7363074394863496,0.0,0.0,-1.4726148789726992,1.4726148789726992,-0.7363074394863496,0.4,0.0,1,0,-1.4726148789726992,0.0,2
10,欧美时段顺势延续多头,时段延续,17,c9270eab3e1dfe4f,REJECTED,False,总交易不足|活跃月份不足|盈利因子不足|实际盈亏比不足|累计净R不足|最差月份亏损过大,-15.660319134692568,2,0,0.0,0.0,1.3230159567346285,0.0,0.0,-2.646031913469257,2.646031913469257,-1.3230159567346285,0.4,0.0,1,0,-2.646031913469257,0.0,2
10,欧美时段顺势延续多头,时段延续,18,133df098dfeaf782,REJECTED,False,总交易不足|活跃月份不足|盈利因子不足|实际盈亏比不足|累计净R不足|最差月份亏损过大,-15.660319134692568,2,0,0.0,0.0,1.3230159567346285,0.0,0.0,-2.646031913469257,2.646031913469257,-1.3230159567346285,0.4,0.0,1,0,-2.646031913469257,0.0,2
10,欧美时段顺势延续多头,时段延续,19,c4fe4e1fb9600027,REJECTED,False,总交易不足|活跃月份不足|盈利因子不足|实际盈亏比不足|累计净R不足|最差月份亏损过大,-15.660319134692568,2,0,0.0,0.0,1.3230159567346285,0.0,0.0,-2.646031913469257,2.646031913469257,-1.3230159567346285,0.4,0.0,1,0,-2.646031913469257,0.0,2
10,欧美时段顺势延续多头,时段延续,20,b0d53f6e0c1b6b87,REJECTED,False,总交易不足|活跃月份不足|盈利因子不足|实际盈亏比不足|累计净R不足|最差月份亏损过大,-15.660319134692568,2,0,0.0,0.0,1.3230159567346285,0.0,0.0,-2.646031913469257,2.646031913469257,-1.3230159567346285,0.4,0.0,1,0,-2.646031913469257,0.0,2
10,欧美时段顺势延续多头,时段延续,21,78b83eb6e22b1e52,REJECTED,False,总交易不足|活跃月份不足|盈利因子不足|实际盈亏比不足|累计净R不足|最差月份亏损过大,-15.660319134692568,2,0,0.0,0.0,1.3230159567346285,0.0,0.0,-2.646031913469257,2.646031913469257,-1.3230159567346285,0.4,0.0,1,0,-2.646031913469257,0.0,2
10,欧美时段顺势延续多头,时段延续,22,824fc5e994a5e31f,REJECTED,False,总交易不足|活跃月份不足|盈利因子不足|实际盈亏比不足|累计净R不足|最差月份亏损过大,-15.660319134692568,2,0,0.0,0.0,1.3230159567346285,0.0,0.0,-2.646031913469257,2.646031913469257,-1.3230159567346285,0.4,0.0,1,0,-2.646031913469257,0.0,2
10,欧美时段顺势延续多头,时段延续,23,9a97f10e8d8d7c7d,REJECTED,False,总交易不足|活跃月份不足|盈利因子不足|实际盈亏比不足|累计净R不足|最差月份亏损过大,-15.660319134692568,2,0,0.0,0.0,1.3230159567346285,0.0,0.0,-2.646031913469257,2.646031913469257,-1.3230159567346285,0.4,0.0,1,0,-2.646031913469257,0.0,2
10,欧美时段顺势延续多头,时段延续,24,6ef5379c0f2b4249,REJECTED,False,总交易不足|活跃月份不足|盈利因子不足|实际盈亏比不足|累计净R不足|最差月份亏损过大,-15.660319134692568,2,0,0.0,0.0,1.3230159567346285,0.0,0.0,-2.646031913469257,2.646031913469257,-1.3230159567346285,0.4,0.0,1,0,-2.646031913469257,0.0,2
11,欧美时段顺势延续空头,时段延续,1,4337d47dd551514a,CANDIDATE,False,总交易不足|活跃月份不足|正收益月份不足|收缩后胜率不足|盈利因子不足|利润过度集中,97.67033807257091,3,1,0.3333333333333333,1.7147203332269656,0.7365810698617815,2.327945155512523,1.1639725777562615,0.24155819350340257,1.2869456596998758,0.08051939783446753,0.45454545454545453,0.13564322306091547,2,1,-1.2869456596998758,1.0,2
11,欧美时段顺势延续空头,时段延续,2,9b080265253032f2,REJECTED,False,总交易不足|活跃月份不足,42.75412618640375,2,1,0.5,1.7147203332269656,0.1862164800236871,9.208209354020921,9.208209354020921,1.5285038532032784,0.1862164800236871,0.7642519266016392,0.5,0.21132486540518713,1,1,0.0,1.0,2
11,欧美时段顺势延续空头,时段延续,3,c1a82389d1cba805,REJECTED,False,活跃月份不足,15.672848448101124,3,1,0.3333333333333333,1.7147203332269656,0.7364959219251979,2.328214294445368,1.164107147222684,0.24172848937656988,1.2867753638267085,0.08057616312552329,0.45454545454545453,0.13564322306091547,1,1,0.0,1.0,3
11,欧美时段顺势延续空头,时段延续,4,5bcf2f5727f88328,REJECTED,False,总交易不足|活跃月份不足|盈利因子不足|实际盈亏比不足|累计净R不足,11.0,0,0,0.0,0.0,0.0,0.0,0.0,0.0,0.0,0.0,0.5,0.0,0,0,0.0,0.0,0
11,欧美时段顺势延续空头,时段延续,5,6ec5eac704051bc6,REJECTED,False,总交易不足|活跃月份不足|盈利因子不足|实际盈亏比不足|累计净R不足,11.0,0,0,0.0,0.0,0.0,0.0,0.0,0.0,0.0,0.0,0.5,0.0,0,0,0.0,0.0,0
11,欧美时段顺势延续空头,时段延续,6,8828e68c145fc6f4,REJECTED,False,总交易不足|活跃月份不足|盈利因子不足|实际盈亏比不足|累计净R不足,11.0,0,0,0.0,0.0,0.0,0.0,0.0,0.0,0.0,0.0,0.5,0.0,0,0,0.0,0.0,0
11,欧美时段顺势延续空头,时段延续,7,604d0291ba253f81,REJECTED,False,总交易不足|活跃月份不足|盈利因子不足|实际盈亏比不足|累计净R不足,11.0,0,0,0.0,0.0,0.0,0.0,0.0,0.0,0.0,0.0,0.5,0.0,0,0,0.0,0.0,0
11,欧美时段顺势延续空头,时段延续,8,07666a71a6db4d3d,REJECTED,False,总交易不足|活跃月份不足|盈利因子不足|实际盈亏比不足|累计净R不足,11.0,0,0,0.0,0.0,0.0,0.0,0.0,0.0,0.0,0.0,0.5,0.0,0,0,0.0,0.0,0
11,欧美时段顺势延续空头,时段延续,9,d8dca2a8c9570ab4,REJECTED,False,总交易不足|活跃月份不足|盈利因子不足|实际盈亏比不足|累计净R不足,11.0,0,0,0.0,0.0,0.0,0.0,0.0,0.0,0.0,0.0,0.5,0.0,0,0,0.0,0.0,0
11,欧美时段顺势延续空头,时段延续,10,36ed48e721693627,REJECTED,False,总交易不足|活跃月份不足|盈利因子不足|实际盈亏比不足|累计净R不足,9.915775705708896,1,0,0.0,0.0,0.18620020720688818,0.0,0.0,-0.18620020720688818,0.18620020720688818,-0.18620020720688818,0.4444444444444444,0.0,1,0,-0.18620020720688818,0.0,1
11,欧美时段顺势延续空头,时段延续,11,834d41f5c179752b,REJECTED,False,总交易不足|活跃月份不足|盈利因子不足|实际盈亏比不足|累计净R不足,9.915612977540906,1,0,0.0,0.0,0.1862164800236871,0.0,0.0,-0.1862164800236871,0.1862164800236871,-0.1862164800236871,0.4444444444444444,0.0,1,0,-0.1862164800236871,0.0,1
11,欧美时段顺势延续空头,时段延续,12,4764dc78e59d5b1b,REJECTED,False,总交易不足|活跃月份不足|盈利因子不足|实际盈亏比不足|累计净R不足,7.07586078740046,2,0,0.0,0.0,0.18620696062997705,0.0,0.0,-0.3724139212599541,0.3724139212599541,-0.18620696062997705,0.4,0.0,1,0,-0.3724139212599541,0.0,2
11,欧美时段顺势延续空头,时段延续,13,1de21fc96eaf5c68,REJECTED,False,盈利因子不足|累计净R不足,1.599299814311241,4,1,0.25,1.7147203332269656,0.9199791678500905,1.8638686539328,0.6212895513109333,-1.045217170323306,2.573721023526584,-0.2613042925808265,0.4166666666666667,0.1,2,1,-1.2869456596998758,1.0,3
11,欧美时段顺势延续空头,时段延续,14,8ba18c64ed02cfd6,REJECTED,False,总交易不足|活跃月份不足|盈利因子不足|实际盈亏比不足|累计净R不足,-0.2751108900328423,1,0,0.0,0.0,1.205288866781062,0.0,0.0,-1.205288866781062,1.205288866781062,-1.205288866781062,0.4444444444444444,0.0,1,0,-1.205288866781062,0.0,1
11,欧美时段顺势延续空头,时段延续,15,2bcb712d6930ba1b,REJECTED,False,总交易不足|活跃月份不足|盈利因子不足|实际盈亏比不足|累计净R不足,-0.2751108900328423,1,0,0.0,0.0,1.205288866781062,0.0,0.0,-1.205288866781062,1.205288866781062,-1.205288866781062,0.4444444444444444,0.0,1,0,-1.205288866781062,0.0,1
11,欧美时段顺势延续空头,时段延续,16,63290e5ee6cb20f1,REJECTED,False,总交易不足|活跃月份不足|盈利因子不足|实际盈亏比不足|累计净R不足,-0.2751108900328423,1,0,0.0,0.0,1.205288866781062,0.0,0.0,-1.205288866781062,1.205288866781062,-1.205288866781062,0.4444444444444444,0.0,1,0,-1.205288866781062,0.0,1
11,欧美时段顺势延续空头,时段延续,17,00a05dac0a8ca34b,REJECTED,False,总交易不足|活跃月份不足|盈利因子不足|实际盈亏比不足|累计净R不足,-0.2751108900328423,1,0,0.0,0.0,1.205288866781062,0.0,0.0,-1.205288866781062,1.205288866781062,-1.205288866781062,0.4444444444444444,0.0,1,0,-1.205288866781062,0.0,1
11,欧美时段顺势延续空头,时段延续,18,c43d755853204c39,REJECTED,False,总交易不足|活跃月份不足|盈利因子不足|实际盈亏比不足|累计净R不足,-0.2751108900328423,1,0,0.0,0.0,1.205288866781062,0.0,0.0,-1.205288866781062,1.205288866781062,-1.205288866781062,0.4444444444444444,0.0,1,0,-1.205288866781062,0.0,1
11,欧美时段顺势延续空头,时段延续,19,2d17a153c935935a,REJECTED,False,总交易不足|活跃月份不足|盈利因子不足|实际盈亏比不足|累计净R不足,-0.2751108900328423,1,0,0.0,0.0,1.205288866781062,0.0,0.0,-1.205288866781062,1.205288866781062,-1.205288866781062,0.4444444444444444,0.0,1,0,-1.205288866781062,0.0,1
11,欧美时段顺势延续空头,时段延续,20,e87b7e4b54714a79,REJECTED,False,总交易不足|盈利因子不足|实际盈亏比不足|累计净R不足,-1.9314586690676405,2,0,0.0,0.0,0.736572933453382,0.0,0.0,-1.473145866906764,1.473145866906764,-0.736572933453382,0.4,0.0,2,0,-1.2869456596998758,0.0,1
11,欧美时段顺势延续空头,时段延续,21,ca2cf132ee241963,REJECTED,False,总交易不足|盈利因子不足|实际盈亏比不足|累计净R不足,-1.93162139723563,2,0,0.0,0.0,0.7365810698617815,0.0,0.0,-1.473162139723563,1.473162139723563,-0.7365810698617815,0.4,0.0,2,0,-1.2869456596998758,0.0,1
11,欧美时段顺势延续空头,时段延续,22,24334e78fc5f4e6b,REJECTED,False,盈利因子不足|实际盈亏比不足|累计净R不足,-4.593595809598298,3,0,0.0,0.0,0.5531198603199433,0.0,0.0,-1.6593595809598298,1.6593595809598298,-0.5531198603199433,0.36363636363636365,0.0,2,0,-1.2869456596998758,0.0,2
11,欧美时段顺势延续空头,时段延续,23,4dee528aa6b52746,REJECTED,False,活跃月份不足|盈利因子不足|实际盈亏比不足|累计净R不足,-6.591912832013459,3,0,0.0,0.0,0.5530637610671153,0.0,0.0,-1.6591912832013458,1.6591912832013458,-0.5530637610671153,0.36363636363636365,0.0,1,0,-1.6591912832013458,0.0,3
11,欧美时段顺势延续空头,时段延续,24,e9a50d796afb54c8,REJECTED,False,盈利因子不足|实际盈亏比不足|累计净R不足,-18.128036095678883,4,0,0.0,0.0,0.7365342357253054,0.0,0.0,-2.9461369429012216,2.9461369429012216,-0.7365342357253054,0.3333333333333333,0.0,2,0,-1.6591912832013458,0.0,3
12,区间扫低立即收回多头,流动性反转,1,79c29a37bad7e697,REJECTED,False,总交易不足|活跃月份不足,48.58872108659534,1,1,1.0,1.6952141234818747,0.0,999.0,999.0,1.6952141234818747,0.0,1.6952141234818747,0.5555555555555556,0.5,1,1,0.0,1.0,1
12,区间扫低立即收回多头,流动性反转,2,355f96b7fac3e18b,REJECTED,False,总交易不足|活跃月份不足,48.58872108659534,1,1,1.0,1.6952141234818747,0.0,999.0,999.0,1.6952141234818747,0.0,1.6952141234818747,0.5555555555555556,0.5,1,1,0.0,1.0,1
12,区间扫低立即收回多头,流动性反转,3,76c2bfee407ac58d,REJECTED,False,总交易不足|活跃月份不足,46.9767709730325,1,1,1.0,1.46493553583004,0.0,999.0,999.0,1.46493553583004,0.0,1.46493553583004,0.5555555555555556,0.5,1,1,0.0,1.0,1
12,区间扫低立即收回多头,流动性反转,4,ac28cccc3ceb7682,REJECTED,False,总交易不足|活跃月份不足,46.9767709730325,1,1,1.0,1.46493553583004,0.0,999.0,999.0,1.46493553583004,0.0,1.46493553583004,0.5555555555555556,0.5,1,1,0.0,1.0,1
12,区间扫低立即收回多头,流动性反转,5,3e42ed160f42722b,REJECTED,False,总交易不足|活跃月份不足,40.325830306674064,2,1,0.5,1.46493553583004,0.2541967098188086,5.762999595369452,5.762999595369452,1.2107388260112315,0.2541967098188086,0.6053694130056158,0.5,0.21132486540518713,1,1,0.0,1.0,2
12,区间扫低立即收回多头,流动性反转,6,529b75975a0b1181,REJECTED,False,总交易不足|活跃月份不足,40.325830306674064,2,1,0.5,1.46493553583004,0.2541967098188086,5.762999595369452,5.762999595369452,1.2107388260112315,0.2541967098188086,0.6053694130056158,0.5,0.21132486540518713,1,1,0.0,1.0,2
12,区间扫低立即收回多头,流动性反转,7,52f3fa47b619e482,REJECTED,False,活跃月份不足,36.96263166604411,3,1,0.3333333333333333,1.6952141234818747,0.20383827705439583,8.31646611214975,4.158233056074875,1.287537569373083,0.40767655410879167,0.4291791897910277,0.45454545454545453,0.13564322306091547,1,1,0.0,1.0,3
12,区间扫低立即收回多头,流动性反转,8,8f1138ca500915f6,REJECTED,False,活跃月份不足,36.96263166604411,3,1,0.3333333333333333,1.6952141234818747,0.20383827705439583,8.31646611214975,4.158233056074875,1.287537569373083,0.40767655410879167,0.4291791897910277,0.45454545454545453,0.13564322306091547,1,1,0.0,1.0,3
12,区间扫低立即收回多头,流动性反转,9,d0eed6e6a7bb392a,REJECTED,False,总交易不足|活跃月份不足,16.649826329756287,2,1,0.5,1.6952141234818747,1.30328266491997,1.3007263651327488,1.3007263651327488,0.3919314585619047,1.30328266491997,0.19596572928095235,0.5,0.21132486540518713,1,1,0.0,1.0,2
12,区间扫低立即收回多头,流动性反转,10,f04b494a1ebc64dd,REJECTED,False,总交易不足|活跃月份不足,16.649826329756287,2,1,0.5,1.6952141234818747,1.30328266491997,1.3007263651327488,1.3007263651327488,0.3919314585619047,1.30328266491997,0.19596572928095235,0.5,0.21132486540518713,1,1,0.0,1.0,2
12,区间扫低立即收回多头,流动性反转,11,ba96a31412ed2095,REJECTED,False,总交易不足|活跃月份不足,16.649826329756287,2,1,0.5,1.6952141234818747,1.30328266491997,1.3007263651327488,1.3007263651327488,0.3919314585619047,1.30328266491997,0.19596572928095235,0.5,0.21132486540518713,1,1,0.0,1.0,2
12,区间扫低立即收回多头,流动性反转,12,edcf576d0f07ee5c,REJECTED,False,总交易不足|活跃月份不足,16.649826329756287,2,1,0.5,1.6952141234818747,1.30328266491997,1.3007263651327488,1.3007263651327488,0.3919314585619047,1.30328266491997,0.19596572928095235,0.5,0.21132486540518713,1,1,0.0,1.0,2
12,区间扫低立即收回多头,流动性反转,13,c016ca2dc456bbe1,REJECTED,False,活跃月份不足|盈利因子不足|累计净R不足,14.03051185498498,3,1,0.3333333333333333,1.46493553583004,0.7939288206153796,1.8451723854722373,0.9225861927361186,-0.12292210540071924,1.3336609314119507,-0.04097403513357308,0.45454545454545453,0.13564322306091547,1,0,-0.12292210540071924,0.0,3
12,区间扫低立即收回多头,流动性反转,14,a5e1f6344d6b8ed4,REJECTED,False,活跃月份不足|盈利因子不足|累计净R不足,14.03051185498498,3,1,0.3333333333333333,1.46493553583004,0.7939288206153796,1.8451723854722373,0.9225861927361186,-0.12292210540071924,1.3336609314119507,-0.04097403513357308,0.45454545454545453,0.13564322306091547,1,0,-0.12292210540071924,0.0,3
12,区间扫低立即收回多头,流动性反转,15,c70f155c94b2a51f,REJECTED,False,总交易不足|活跃月份不足|盈利因子不足|实际盈亏比不足,13.92491516582194,2,1,0.5,1.46493553583004,1.3336609314119507,1.098431768769824,1.098431768769824,0.13127460441808925,1.3336609314119507,0.06563730220904462,0.5,0.21132486540518713,1,1,0.0,1.0,2
12,区间扫低立即收回多头,流动性反转,16,ecaf15f8db50e5b9,REJECTED,False,总交易不足|活跃月份不足|盈利因子不足|实际盈亏比不足,13.92491516582194,2,1,0.5,1.46493553583004,1.3336609314119507,1.098431768769824,1.098431768769824,0.13127460441808925,1.3336609314119507,0.06563730220904462,0.5,0.21132486540518713,1,1,0.0,1.0,2
12,区间扫低立即收回多头,流动性反转,17,b40ba1d37a32168f,REJECTED,False,总交易不足|活跃月份不足|盈利因子不足|实际盈亏比不足|累计净R不足,9.739379689270406,1,0,0.0,0.0,0.20383980885073705,0.0,0.0,-0.20383980885073705,0.20383980885073705,-0.20383980885073705,0.4444444444444444,0.0,1,0,-0.20383980885073705,0.0,1
12,区间扫低立即收回多头,流动性反转,18,85bcae0edbb1c312,REJECTED,False,总交易不足|活跃月份不足|盈利因子不足|实际盈亏比不足|累计净R不足,9.739379689270406,1,0,0.0,0.0,0.20383980885073705,0.0,0.0,-0.20383980885073705,0.20383980885073705,-0.20383980885073705,0.4444444444444444,0.0,1,0,-0.20383980885073705,0.0,1
12,区间扫低立即收回多头,流动性反转,19,faecbaf17a6baec5,REJECTED,False,总交易不足|活跃月份不足|盈利因子不足|实际盈亏比不足|累计净R不足,9.235810679589692,1,0,0.0,0.0,0.2541967098188086,0.0,0.0,-0.2541967098188086,0.2541967098188086,-0.2541967098188086,0.4444444444444444,0.0,1,0,-0.2541967098188086,0.0,1
12,区间扫低立即收回多头,流动性反转,20,e17e263f50f87cc6,REJECTED,False,总交易不足|活跃月份不足|盈利因子不足|实际盈亏比不足|累计净R不足,9.235810679589692,1,0,0.0,0.0,0.2541967098188086,0.0,0.0,-0.2541967098188086,0.2541967098188086,-0.2541967098188086,0.4444444444444444,0.0,1,0,-0.2541967098188086,0.0,1
12,区间扫低立即收回多头,流动性反转,21,b2f1f788dddb2f41,REJECTED,False,总交易不足|活跃月份不足|盈利因子不足|实际盈亏比不足|累计净R不足,6.723234458912083,2,0,0.0,0.0,0.20383827705439583,0.0,0.0,-0.40767655410879167,0.40767655410879167,-0.20383827705439583,0.4,0.0,1,0,-0.40767655410879167,0.0,2
12,区间扫低立即收回多头,流动性反转,22,eda6c473d474c9bc,REJECTED,False,总交易不足|活跃月份不足|盈利因子不足|实际盈亏比不足|累计净R不足,6.723234458912083,2,0,0.0,0.0,0.20383827705439583,0.0,0.0,-0.40767655410879167,0.40767655410879167,-0.20383827705439583,0.4,0.0,1,0,-0.40767655410879167,0.0,2
12,区间扫低立即收回多头,流动性反转,23,7e1c9b33a4f4a0bb,REJECTED,False,活跃月份不足|盈利因子不足|实际盈亏比不足|累计净R不足,0.23268442741340678,3,1,0.3333333333333333,1.46493553583004,1.3336775410350206,1.0984180888981265,0.5492090444490633,-1.202419546240001,2.667355082070041,-0.4008065154133336,0.45454545454545453,0.13564322306091547,1,0,-1.202419546240001,0.0,3
12,区间扫低立即收回多头,流动性反转,24,2dd14ea424d90151,REJECTED,False,活跃月份不足|盈利因子不足|实际盈亏比不足|累计净R不足,0.23268442741340678,3,1,0.3333333333333333,1.46493553583004,1.3336775410350206,1.0984180888981265,0.5492090444490633,-1.202419546240001,2.667355082070041,-0.4008065154133336,0.45454545454545453,0.13564322306091547,1,0,-1.202419546240001,0.0,3
13,区间扫高立即跌回空头,流动性反转,1,2c428183978376ff,CANDIDATE,False,总交易不足|活跃月份不足|正收益月份不足|收缩后胜率不足|利润过度集中,119.59429742616467,3,1,0.3333333333333333,1.6971219202291914,0.20388206743545806,8.324037231800393,4.162018615900196,1.2893577853582754,0.20389217791760067,0.4297859284527585,0.45454545454545453,0.13564322306091547,2,1,-0.20389217791760067,1.0,2
13,区间扫高立即跌回空头,流动性反转,2,77df21d40787c7a0,CANDIDATE,False,总交易不足|活跃月份不足|正收益月份不足|收缩后胜率不足|利润过度集中,113.59179563377648,4,1,0.25,1.6971219202291914,0.20386978398702968,8.324538767045357,2.774846255681786,1.0855125682681026,0.4077171740434882,0.27137814206702565,0.4166666666666667,0.1,2,1,-0.20389217791760067,1.0,3
13,区间扫高立即跌回空头,流动性反转,3,9725d216812a9017,REJECTED,False,总交易不足,44.454180316480205,2,1,0.5,1.6971219202291914,0.20389217791760067,8.323624464470885,8.323624464470885,1.4932297423115908,0.20389217791760067,0.7466148711557954,0.5,0.21132486540518713,2,1,-0.20389217791760067,1.0,1
13,区间扫高立即跌回空头,流动性反转,4,127cadfba852a73b,REJECTED,False,总交易不足,18.652885641042886,2,1,0.5,1.6971219202291914,1.3044368488991718,1.3010380085945983,1.3010380085945983,0.3926850713300196,1.3044368488991718,0.1963425356650098,0.5,0.21132486540518713,2,1,-1.3044368488991718,1.0,1
13,区间扫高立即跌回空头,流动性反转,5,b1e22c71ec2cc40c,REJECTED,False,盈利因子不足,17.015905490286695,3,1,0.3333333333333333,1.6971219202291914,0.7541544029262436,2.2503640019127094,1.1251820009563547,0.18881311437670417,1.3044368488991718,0.06293770479223472,0.45454545454545453,0.13564322306091547,2,1,-1.3044368488991718,1.0,2
13,区间扫高立即跌回空头,流动性反转,6,c4a2779d60f7fe7d,REJECTED,False,盈利因子不足|累计净R不足,15.577894249353974,4,1,0.25,1.6971219202291914,0.5707180076475533,2.9736610681421647,0.9912203560473881,-0.015032102713468692,1.3044368488991718,-0.003758025678367173,0.4166666666666667,0.1,2,1,-1.3044368488991718,1.0,3
13,区间扫高立即跌回空头,流动性反转,7,8fd1af4476b79286,REJECTED,False,总交易不足|活跃月份不足|盈利因子不足|实际盈亏比不足|累计净R不足,11.0,0,0,0.0,0.0,0.0,0.0,0.0,0.0,0.0,0.0,0.5,0.0,0,0,0.0,0.0,0
13,区间扫高立即跌回空头,流动性反转,8,99a1be075dd40725,REJECTED,False,总交易不足|活跃月份不足|盈利因子不足|实际盈亏比不足|累计净R不足,11.0,0,0,0.0,0.0,0.0,0.0,0.0,0.0,0.0,0.0,0.5,0.0,0,0,0.0,0.0,0
13,区间扫高立即跌回空头,流动性反转,9,4f6d84d986d1bd0d,REJECTED,False,总交易不足|活跃月份不足|盈利因子不足|实际盈亏比不足|累计净R不足,11.0,0,0,0.0,0.0,0.0,0.0,0.0,0.0,0.0,0.0,0.5,0.0,0,0,0.0,0.0,0
13,区间扫高立即跌回空头,流动性反转,10,7e88a249860f7bb1,REJECTED,False,总交易不足|活跃月份不足|盈利因子不足|实际盈亏比不足|累计净R不足,11.0,0,0,0.0,0.0,0.0,0.0,0.0,0.0,0.0,0.0,0.5,0.0,0,0,0.0,0.0,0
13,区间扫高立即跌回空头,流动性反转,11,62232309f161b9fb,REJECTED,False,总交易不足|活跃月份不足|盈利因子不足|实际盈亏比不足|累计净R不足,11.0,0,0,0.0,0.0,0.0,0.0,0.0,0.0,0.0,0.0,0.5,0.0,0,0,0.0,0.0,0
13,区间扫高立即跌回空头,流动性反转,12,38e55750fe899b63,REJECTED,False,总交易不足|活跃月份不足|盈利因子不足|实际盈亏比不足|累计净R不足,11.0,0,0,0.0,0.0,0.0,0.0,0.0,0.0,0.0,0.0,0.5,0.0,0,0,0.0,0.0,0
13,区间扫高立即跌回空头,流动性反转,13,5a7b974008f26896,REJECTED,False,总交易不足|活跃月份不足|盈利因子不足|实际盈亏比不足|累计净R不足,11.0,0,0,0.0,0.0,0.0,0.0,0.0,0.0,0.0,0.0,0.5,0.0,0,0,0.0,0.0,0
13,区间扫高立即跌回空头,流动性反转,14,65e7d2b598844a35,REJECTED,False,总交易不足|活跃月份不足|盈利因子不足|实际盈亏比不足|累计净R不足,11.0,0,0,0.0,0.0,0.0,0.0,0.0,0.0,0.0,0.0,0.5,0.0,0,0,0.0,0.0,0
13,区间扫高立即跌回空头,流动性反转,15,b12fda698fe02a94,REJECTED,False,总交易不足|活跃月份不足|盈利因子不足|实际盈亏比不足|累计净R不足,11.0,0,0,0.0,0.0,0.0,0.0,0.0,0.0,0.0,0.0,0.5,0.0,0,0,0.0,0.0,0
13,区间扫高立即跌回空头,流动性反转,16,74af1a26f945f717,REJECTED,False,总交易不足|活跃月份不足|盈利因子不足|实际盈亏比不足|累计净R不足,11.0,0,0,0.0,0.0,0.0,0.0,0.0,0.0,0.0,0.0,0.5,0.0,0,0,0.0,0.0,0
13,区间扫高立即跌回空头,流动性反转,17,3edc0d26623f0714,REJECTED,False,总交易不足|活跃月份不足|盈利因子不足|实际盈亏比不足|累计净R不足,11.0,0,0,0.0,0.0,0.0,0.0,0.0,0.0,0.0,0.0,0.5,0.0,0,0,0.0,0.0,0
13,区间扫高立即跌回空头,流动性反转,18,8117193e47b672bb,REJECTED,False,总交易不足|活跃月份不足|盈利因子不足|实际盈亏比不足|累计净R不足,11.0,0,0,0.0,0.0,0.0,0.0,0.0,0.0,0.0,0.0,0.5,0.0,0,0,0.0,0.0,0
13,区间扫高立即跌回空头,流动性反转,19,5443500561f8fa59,REJECTED,False,总交易不足|盈利因子不足|实际盈亏比不足|累计净R不足,8.72235865129084,2,0,0.0,0.0,0.20388206743545806,0.0,0.0,-0.4077641348709161,0.4077641348709161,-0.20388206743545806,0.4,0.0,2,0,-0.20389217791760067,0.0,1
13,区间扫高立即跌回空头,流动性反转,20,b43422b85cd21386,REJECTED,False,盈利因子不足|实际盈亏比不足|累计净R不足,5.883913369331227,3,0,0.0,0.0,0.2038695543556258,0.0,0.0,-0.6116086630668773,0.6116086630668773,-0.2038695543556258,0.36363636363636365,0.0,2,0,-0.4077164851492766,0.0,2
13,区间扫高立即跌回空头,流动性反转,21,3878caa0118d39b4,REJECTED,False,盈利因子不足|实际盈亏比不足|累计净R不足,5.883913369331227,3,0,0.0,0.0,0.2038695543556258,0.0,0.0,-0.6116086630668773,0.6116086630668773,-0.2038695543556258,0.36363636363636365,0.0,2,0,-0.4077164851492766,0.0,2
13,区间扫高立即跌回空头,流动性反转,22,4a2e9ec6569260b5,REJECTED,False,总交易不足|盈利因子不足|实际盈亏比不足|累计净R不足,-2.2830880585248714,2,0,0.0,0.0,0.7541544029262436,0.0,0.0,-1.5083088058524872,1.5083088058524872,-0.7541544029262436,0.4,0.0,2,0,-1.3044368488991718,0.0,1
13,区间扫高立即跌回空头,流动性反转,23,d416d8adf0bb42b4,REJECTED,False,盈利因子不足|实际盈亏比不足|累计净R不足,-5.121533340484483,3,0,0.0,0.0,0.5707177780161494,0.0,0.0,-1.7121533340484483,1.7121533340484483,-0.5707177780161494,0.36363636363636365,0.0,2,0,-1.3044368488991718,0.0,2
13,区间扫高立即跌回空头,流动性反转,24,4b2eb6be916e62f2,REJECTED,False,盈利因子不足|实际盈亏比不足|累计净R不足,-5.121533340484483,3,0,0.0,0.0,0.5707177780161494,0.0,0.0,-1.7121533340484483,1.7121533340484483,-0.5707177780161494,0.36363636363636365,0.0,2,0,-1.3044368488991718,0.0,2
14,扫低后确认K多头,流动性确认,1,3bd6a29bd8ffd119,REJECTED,False,总交易不足|活跃月份不足,16.649992191253087,2,1,0.5,1.6952172522010793,1.3032730625724,1.3007383493794156,1.3007383493794156,0.3919441896286793,1.3032730625724,0.19597209481433964,0.5,0.21132486540518713,1,1,0.0,1.0,2
14,扫低后确认K多头,流动性确认,2,b36a78b497536923,REJECTED,False,总交易不足|活跃月份不足,16.649992191253087,2,1,0.5,1.6952172522010793,1.3032730625724,1.3007383493794156,1.3007383493794156,0.3919441896286793,1.3032730625724,0.19597209481433964,0.5,0.21132486540518713,1,1,0.0,1.0,2
14,扫低后确认K多头,流动性确认,3,2a8da9b9f57c9899,REJECTED,False,活跃月份不足|盈利因子不足,15.01186803405388,3,1,0.3333333333333333,1.6952172522010793,0.7535713398396482,2.249577661169815,1.1247888305849074,0.1880745725217829,1.3032730625724,0.06269152417392763,0.45454545454545453,0.13564322306091547,1,1,0.0,1.0,3
14,扫低后确认K多头,流动性确认,4,3665511e827ece11,REJECTED,False,活跃月份不足|盈利因子不足,15.01186803405388,3,1,0.3333333333333333,1.6952172522010793,0.7535713398396482,2.249577661169815,1.1247888305849074,0.1880745725217829,1.3032730625724,0.06269152417392763,0.45454545454545453,0.13564322306091547,1,1,0.0,1.0,3
14,扫低后确认K多头,流动性确认,5,f76863b8851dfca5,REJECTED,False,活跃月份不足|盈利因子不足|累计净R不足,13.26810146383901,3,1,0.3333333333333333,1.4649408595330862,0.7939242842761837,1.845189634007309,0.9225948170036545,-0.12290770901928116,1.5878485685523673,-0.040969236339760386,0.45454545454545453,0.13564322306091547,1,0,-0.12290770901928116,0.0,3
14,扫低后确认K多头,流动性确认,6,07345f01afffed80,REJECTED,False,活跃月份不足|盈利因子不足|累计净R不足,13.26810146383901,3,1,0.3333333333333333,1.4649408595330862,0.7939242842761837,1.845189634007309,0.9225948170036545,-0.12290770901928116,1.5878485685523673,-0.040969236339760386,0.45454545454545453,0.13564322306091547,1,0,-0.12290770901928116,0.0,3
14,扫低后确认K多头,流动性确认,7,5b5b7008347a3d18,REJECTED,False,总交易不足|活跃月份不足|盈利因子不足|实际盈亏比不足|累计净R不足,9.235837496469587,1,0,0.0,0.0,0.254194028130819,0.0,0.0,-0.254194028130819,0.254194028130819,-0.254194028130819,0.4444444444444444,0.0,1,0,-0.254194028130819,0.0,1
14,扫低后确认K多头,流动性确认,8,689dcc0f1df64482,REJECTED,False,总交易不足|活跃月份不足|盈利因子不足|实际盈亏比不足|累计净R不足,9.235837496469587,1,0,0.0,0.0,0.254194028130819,0.0,0.0,-0.254194028130819,0.254194028130819,-0.254194028130819,0.4444444444444444,0.0,1,0,-0.254194028130819,0.0,1
14,扫低后确认K多头,流动性确认,9,72f282e6092dfc7d,REJECTED,False,盈利因子不足|累计净R不足,-0.7802873793434983,4,1,0.25,1.4649408595330862,0.9737751840363468,1.504393296880737,0.5014644322935791,-1.456384692575954,2.92132555210904,-0.3640961731439885,0.4166666666666667,0.1,2,0,-1.3334769835566729,0.0,3
14,扫低后确认K多头,流动性确认,10,67242355ab781d13,REJECTED,False,盈利因子不足|累计净R不足,-0.7802873793434983,4,1,0.25,1.4649408595330862,0.9737751840363468,1.504393296880737,0.5014644322935791,-1.456384692575954,2.92132555210904,-0.3640961731439885,0.4166666666666667,0.1,2,0,-1.3334769835566729,0.0,3
14,扫低后确认K多头,流动性确认,11,1edfecdef34adcd5,REJECTED,False,总交易不足|活跃月份不足|盈利因子不足|实际盈亏比不足|累计净R不足,-1.2549480016819987,1,0,0.0,0.0,1.3032725779459775,0.0,0.0,-1.3032725779459775,1.3032725779459775,-1.3032725779459775,0.4444444444444444,0.0,1,0,-1.3032725779459775,0.0,1
14,扫低后确认K多头,流动性确认,12,6ff2232841103a1c,REJECTED,False,总交易不足|活跃月份不足|盈利因子不足|实际盈亏比不足|累计净R不足,-1.2549480016819987,1,0,0.0,0.0,1.3032725779459775,0.0,0.0,-1.3032725779459775,1.3032725779459775,-1.3032725779459775,0.4444444444444444,0.0,1,0,-1.3032725779459775,0.0,1
14,扫低后确认K多头,流动性确认,13,2be5a1e851a7fe7f,REJECTED,False,总交易不足|活跃月份不足|盈利因子不足|实际盈亏比不足|累计净R不足,-1.2549528479462242,1,0,0.0,0.0,1.3032730625724,0.0,0.0,-1.3032730625724,1.3032730625724,-1.3032730625724,0.4444444444444444,0.0,1,0,-1.3032730625724,0.0,1
14,扫低后确认K多头,流动性确认,14,84d87b4ed9339dcb,REJECTED,False,总交易不足|活跃月份不足|盈利因子不足|实际盈亏比不足|累计净R不足,-1.2549528479462242,1,0,0.0,0.0,1.3032730625724,0.0,0.0,-1.3032730625724,1.3032730625724,-1.3032730625724,0.4444444444444444,0.0,1,0,-1.3032730625724,0.0,1
14,扫低后确认K多头,流动性确认,15,00818180b499d433,REJECTED,False,总交易不足|盈利因子不足|实际盈亏比不足|累计净R不足,-3.076710116874918,2,0,0.0,0.0,0.793835505843746,0.0,0.0,-1.587671011687492,1.587671011687492,-0.793835505843746,0.4,0.0,2,0,-1.3334769835566729,0.0,1
14,扫低后确认K多头,流动性确认,16,a4f97b8bb7d46478,REJECTED,False,总交易不足|盈利因子不足|实际盈亏比不足|累计净R不足,-3.076710116874918,2,0,0.0,0.0,0.793835505843746,0.0,0.0,-1.587671011687492,1.587671011687492,-0.793835505843746,0.4,0.0,2,0,-1.3334769835566729,0.0,1
14,扫低后确认K多头,流动性确认,17,1fa2d0adac1f694e,REJECTED,False,总交易不足|活跃月份不足|盈利因子不足|实际盈亏比不足|累计净R不足,-5.078485685523673,2,0,0.0,0.0,0.7939242842761837,0.0,0.0,-1.5878485685523673,1.5878485685523673,-0.7939242842761837,0.4,0.0,1,0,-1.5878485685523673,0.0,2
14,扫低后确认K多头,流动性确认,18,4f8892529ef7fd80,REJECTED,False,总交易不足|活跃月份不足|盈利因子不足|实际盈亏比不足|累计净R不足,-5.078485685523673,2,0,0.0,0.0,0.7939242842761837,0.0,0.0,-1.5878485685523673,1.5878485685523673,-0.7939242842761837,0.4,0.0,1,0,-1.5878485685523673,0.0,2
14,扫低后确认K多头,流动性确认,19,38fd8dd92687917a,REJECTED,False,总交易不足|活跃月份不足|盈利因子不足|实际盈亏比不足|累计净R不足|最差月份亏损过大,-15.265480905745884,2,0,0.0,0.0,1.3032740452872942,0.0,0.0,-2.6065480905745884,2.6065480905745884,-1.3032740452872942,0.4,0.0,1,0,-2.6065480905745884,0.0,2
14,扫低后确认K多头,流动性确认,20,21936f6490775bd2,REJECTED,False,总交易不足|活跃月份不足|盈利因子不足|实际盈亏比不足|累计净R不足|最差月份亏损过大,-15.265480905745884,2,0,0.0,0.0,1.3032740452872942,0.0,0.0,-2.6065480905745884,2.6065480905745884,-1.3032740452872942,0.4,0.0,1,0,-2.6065480905745884,0.0,2
14,扫低后确认K多头,流动性确认,21,420368888784e2fc,REJECTED,False,盈利因子不足|实际盈亏比不足|累计净R不足,-17.213255521090403,3,0,0.0,0.0,0.9737751840363468,0.0,0.0,-2.92132555210904,2.92132555210904,-0.9737751840363468,0.36363636363636365,0.0,2,0,-1.5878485685523673,0.0,2
14,扫低后确认K多头,流动性确认,22,7d7a7d7e99a93f56,REJECTED,False,盈利因子不足|实际盈亏比不足|累计净R不足,-17.213255521090403,3,0,0.0,0.0,0.9737751840363468,0.0,0.0,-2.92132555210904,2.92132555210904,-0.9737751840363468,0.36363636363636365,0.0,2,0,-1.5878485685523673,0.0,2
14,扫低后确认K多头,流动性确认,23,71c2ef63dd7702cc,REJECTED,False,活跃月份不足|盈利因子不足|实际盈亏比不足|累计净R不足|最差月份亏损过大,-18.10417707681485,3,0,0.0,0.0,0.9368059025604949,0.0,0.0,-2.8104177076814847,2.8104177076814847,-0.9368059025604949,0.36363636363636365,0.0,1,0,-2.8104177076814847,0.0,3
14,扫低后确认K多头,流动性确认,24,b41d7a5866e6f127,REJECTED,False,活跃月份不足|盈利因子不足|实际盈亏比不足|累计净R不足|最差月份亏损过大,-18.10417707681485,3,0,0.0,0.0,0.9368059025604949,0.0,0.0,-2.8104177076814847,2.8104177076814847,-0.9368059025604949,0.36363636363636365,0.0,1,0,-2.8104177076814847,0.0,3
15,扫高后确认K空头,流动性确认,1,2605712f51fd787a,REJECTED,False,总交易不足|活跃月份不足|盈利因子不足|实际盈亏比不足|累计净R不足,11.0,0,0,0.0,0.0,0.0,0.0,0.0,0.0,0.0,0.0,0.5,0.0,0,0,0.0,0.0,0
15,扫高后确认K空头,流动性确认,2,ad171291b2832277,REJECTED,False,总交易不足|活跃月份不足|盈利因子不足|实际盈亏比不足|累计净R不足,11.0,0,0,0.0,0.0,0.0,0.0,0.0,0.0,0.0,0.0,0.5,0.0,0,0,0.0,0.0,0
15,扫高后确认K空头,流动性确认,3,f9705cde0e0b2575,REJECTED,False,总交易不足|活跃月份不足|盈利因子不足|实际盈亏比不足|累计净R不足,11.0,0,0,0.0,0.0,0.0,0.0,0.0,0.0,0.0,0.0,0.5,0.0,0,0,0.0,0.0,0
15,扫高后确认K空头,流动性确认,4,d842013a14069c4c,REJECTED,False,总交易不足|活跃月份不足|盈利因子不足|实际盈亏比不足|累计净R不足,11.0,0,0,0.0,0.0,0.0,0.0,0.0,0.0,0.0,0.0,0.5,0.0,0,0,0.0,0.0,0
15,扫高后确认K空头,流动性确认,5,b2a34c801fcf5f6c,REJECTED,False,总交易不足|活跃月份不足|盈利因子不足|实际盈亏比不足|累计净R不足,11.0,0,0,0.0,0.0,0.0,0.0,0.0,0.0,0.0,0.0,0.5,0.0,0,0,0.0,0.0,0
15,扫高后确认K空头,流动性确认,6,42e48b89c4d71b37,REJECTED,False,总交易不足|活跃月份不足|盈利因子不足|实际盈亏比不足|累计净R不足,11.0,0,0,0.0,0.0,0.0,0.0,0.0,0.0,0.0,0.0,0.5,0.0,0,0,0.0,0.0,0
15,扫高后确认K空头,流动性确认,7,8868f646ad2e2ba0,REJECTED,False,总交易不足|活跃月份不足|盈利因子不足|实际盈亏比不足|累计净R不足,11.0,0,0,0.0,0.0,0.0,0.0,0.0,0.0,0.0,0.0,0.5,0.0,0,0,0.0,0.0,0
15,扫高后确认K空头,流动性确认,8,00ab8f4d1b44c403,REJECTED,False,总交易不足|活跃月份不足|盈利因子不足|实际盈亏比不足|累计净R不足,11.0,0,0,0.0,0.0,0.0,0.0,0.0,0.0,0.0,0.0,0.5,0.0,0,0,0.0,0.0,0
15,扫高后确认K空头,流动性确认,9,7a6d38978ba102a4,REJECTED,False,总交易不足|活跃月份不足|盈利因子不足|实际盈亏比不足|累计净R不足,11.0,0,0,0.0,0.0,0.0,0.0,0.0,0.0,0.0,0.0,0.5,0.0,0,0,0.0,0.0,0
15,扫高后确认K空头,流动性确认,10,d8a0649849303368,REJECTED,False,总交易不足|活跃月份不足|盈利因子不足|实际盈亏比不足|累计净R不足,11.0,0,0,0.0,0.0,0.0,0.0,0.0,0.0,0.0,0.0,0.5,0.0,0,0,0.0,0.0,0
15,扫高后确认K空头,流动性确认,11,b9fbb15876315307,REJECTED,False,总交易不足|活跃月份不足|盈利因子不足|实际盈亏比不足|累计净R不足,11.0,0,0,0.0,0.0,0.0,0.0,0.0,0.0,0.0,0.0,0.5,0.0,0,0,0.0,0.0,0
15,扫高后确认K空头,流动性确认,12,e95f120e47a658e8,REJECTED,False,总交易不足|活跃月份不足|盈利因子不足|实际盈亏比不足|累计净R不足,11.0,0,0,0.0,0.0,0.0,0.0,0.0,0.0,0.0,0.0,0.5,0.0,0,0,0.0,0.0,0
15,扫高后确认K空头,流动性确认,13,f2f7aa2425dbe839,REJECTED,False,总交易不足|活跃月份不足|盈利因子不足|实际盈亏比不足|累计净R不足,11.0,0,0,0.0,0.0,0.0,0.0,0.0,0.0,0.0,0.0,0.5,0.0,0,0,0.0,0.0,0
15,扫高后确认K空头,流动性确认,14,2568490cae64c5bb,REJECTED,False,总交易不足|活跃月份不足|盈利因子不足|实际盈亏比不足|累计净R不足,11.0,0,0,0.0,0.0,0.0,0.0,0.0,0.0,0.0,0.0,0.5,0.0,0,0,0.0,0.0,0
15,扫高后确认K空头,流动性确认,15,034ee2cc753affcc,REJECTED,False,总交易不足|活跃月份不足|盈利因子不足|实际盈亏比不足|累计净R不足,11.0,0,0,0.0,0.0,0.0,0.0,0.0,0.0,0.0,0.0,0.5,0.0,0,0,0.0,0.0,0
15,扫高后确认K空头,流动性确认,16,b43046a64e723e36,REJECTED,False,总交易不足|活跃月份不足|盈利因子不足|实际盈亏比不足|累计净R不足,11.0,0,0,0.0,0.0,0.0,0.0,0.0,0.0,0.0,0.0,0.5,0.0,0,0,0.0,0.0,0
15,扫高后确认K空头,流动性确认,17,bf556bdaaf9a4a0d,REJECTED,False,总交易不足|活跃月份不足|盈利因子不足|实际盈亏比不足|累计净R不足,11.0,0,0,0.0,0.0,0.0,0.0,0.0,0.0,0.0,0.0,0.5,0.0,0,0,0.0,0.0,0
15,扫高后确认K空头,流动性确认,18,16b3ed2f1a8d3162,REJECTED,False,总交易不足|活跃月份不足|盈利因子不足|实际盈亏比不足|累计净R不足,11.0,0,0,0.0,0.0,0.0,0.0,0.0,0.0,0.0,0.0,0.5,0.0,0,0,0.0,0.0,0
15,扫高后确认K空头,流动性确认,19,20f0ba6c78d10718,REJECTED,False,总交易不足|活跃月份不足|盈利因子不足|实际盈亏比不足|累计净R不足,11.0,0,0,0.0,0.0,0.0,0.0,0.0,0.0,0.0,0.0,0.5,0.0,0,0,0.0,0.0,0
15,扫高后确认K空头,流动性确认,20,d5ff2523b8a292ed,REJECTED,False,总交易不足|活跃月份不足|盈利因子不足|实际盈亏比不足|累计净R不足,11.0,0,0,0.0,0.0,0.0,0.0,0.0,0.0,0.0,0.0,0.5,0.0,0,0,0.0,0.0,0
15,扫高后确认K空头,流动性确认,21,c6a949bd61622c50,REJECTED,False,总交易不足|活跃月份不足|盈利因子不足|实际盈亏比不足|累计净R不足,11.0,0,0,0.0,0.0,0.0,0.0,0.0,0.0,0.0,0.0,0.5,0.0,0,0,0.0,0.0,0
15,扫高后确认K空头,流动性确认,22,0515d82ca888c2ae,REJECTED,False,总交易不足|活跃月份不足|盈利因子不足|实际盈亏比不足|累计净R不足,11.0,0,0,0.0,0.0,0.0,0.0,0.0,0.0,0.0,0.0,0.5,0.0,0,0,0.0,0.0,0
15,扫高后确认K空头,流动性确认,23,ba2bfb785cbd1288,REJECTED,False,总交易不足|活跃月份不足|盈利因子不足|实际盈亏比不足|累计净R不足,11.0,0,0,0.0,0.0,0.0,0.0,0.0,0.0,0.0,0.0,0.5,0.0,0,0,0.0,0.0,0
15,扫高后确认K空头,流动性确认,24,8c83bd54a5e2fee1,REJECTED,False,总交易不足|活跃月份不足|盈利因子不足|实际盈亏比不足|累计净R不足,11.0,0,0,0.0,0.0,0.0,0.0,0.0,0.0,0.0,0.0,0.5,0.0,0,0,0.0,0.0,0
16,区间二次测试不破多头,二次测试,1,5911315f52956132,REJECTED,False,活跃月份不足|盈利因子不足,14.406425593251083,3,1,0.3333333333333333,1.6953878014577437,0.7534230715560302,2.2502467278527747,1.1251233639263873,0.18854165834568337,1.5068461431120603,0.06284721944856113,0.45454545454545453,0.13564322306091547,1,1,0.0,1.0,3
16,区间二次测试不破多头,二次测试,2,b681e4fff4fe196b,REJECTED,False,活跃月份不足|盈利因子不足,14.406425593251083,3,1,0.3333333333333333,1.6953878014577437,0.7534230715560302,2.2502467278527747,1.1251233639263873,0.18854165834568337,1.5068461431120603,0.06284721944856113,0.45454545454545453,0.13564322306091547,1,1,0.0,1.0,3
16,区间二次测试不破多头,二次测试,3,0c5ed681f60edf5d,REJECTED,False,总交易不足|活跃月份不足|盈利因子不足|实际盈亏比不足|累计净R不足,9.740720674591993,1,0,0.0,0.0,0.20370571031857831,0.0,0.0,-0.20370571031857831,0.20370571031857831,-0.20370571031857831,0.4444444444444444,0.0,1,0,-0.20370571031857831,0.0,1
16,区间二次测试不破多头,二次测试,4,e020723b885085d1,REJECTED,False,总交易不足|活跃月份不足|盈利因子不足|实际盈亏比不足|累计净R不足,9.740720674591993,1,0,0.0,0.0,0.20370571031857831,0.0,0.0,-0.20370571031857831,0.20370571031857831,-0.20370571031857831,0.4444444444444444,0.0,1,0,-0.20370571031857831,0.0,1
16,区间二次测试不破多头,二次测试,5,536f4ef3fe93694c,REJECTED,False,总交易不足|活跃月份不足|盈利因子不足|实际盈亏比不足|累计净R不足,9.740720674591993,1,0,0.0,0.0,0.20370571031857831,0.0,0.0,-0.20370571031857831,0.20370571031857831,-0.20370571031857831,0.4444444444444444,0.0,1,0,-0.20370571031857831,0.0,1
16,区间二次测试不破多头,二次测试,6,2d72bfe36b1457fe,REJECTED,False,总交易不足|活跃月份不足|盈利因子不足|实际盈亏比不足|累计净R不足,9.740720674591993,1,0,0.0,0.0,0.20370571031857831,0.0,0.0,-0.20370571031857831,0.20370571031857831,-0.20370571031857831,0.4444444444444444,0.0,1,0,-0.20370571031857831,0.0,1
16,区间二次测试不破多头,二次测试,7,4f25ef6e3c91296c,REJECTED,False,活跃月份不足|盈利因子不足|实际盈亏比不足|累计净R不足,0.23815168778459928,3,1,0.3333333333333333,1.4651265816035017,1.3335128787116561,1.098696986728018,0.549348493364009,-1.2018991758198105,2.6670257574233123,-0.40063305860660353,0.45454545454545453,0.13564322306091547,1,0,-1.2018991758198105,0.0,3
16,区间二次测试不破多头,二次测试,8,1dfb5e6d840c4952,REJECTED,False,活跃月份不足|盈利因子不足|实际盈亏比不足|累计净R不足,0.23815168778459928,3,1,0.3333333333333333,1.4651265816035017,1.3335128787116561,1.098696986728018,0.549348493364009,-1.2018991758198105,2.6670257574233123,-0.40063305860660353,0.45454545454545453,0.13564322306091547,1,0,-1.2018991758198105,0.0,3
16,区间二次测试不破多头,二次测试,9,c8a4baab2eca4d24,REJECTED,False,总交易不足|活跃月份不足|盈利因子不足|实际盈亏比不足|累计净R不足,-1.5574350357268507,1,0,0.0,0.0,1.3335212813504627,0.0,0.0,-1.3335212813504627,1.3335212813504627,-1.3335212813504627,0.4444444444444444,0.0,1,0,-1.3335212813504627,0.0,1
16,区间二次测试不破多头,二次测试,10,798280813e036d0a,REJECTED,False,总交易不足|活跃月份不足|盈利因子不足|实际盈亏比不足|累计净R不足,-1.5574350357268507,1,0,0.0,0.0,1.3335212813504627,0.0,0.0,-1.3335212813504627,1.3335212813504627,-1.3335212813504627,0.4444444444444444,0.0,1,0,-1.3335212813504627,0.0,1
16,区间二次测试不破多头,二次测试,11,bc5c334a1ad91a57,REJECTED,False,总交易不足|活跃月份不足|盈利因子不足|实际盈亏比不足|累计净R不足,-1.5574350357268507,1,0,0.0,0.0,1.3335212813504627,0.0,0.0,-1.3335212813504627,1.3335212813504627,-1.3335212813504627,0.4444444444444444,0.0,1,0,-1.3335212813504627,0.0,1
16,区间二次测试不破多头,二次测试,12,406e94298e14dc81,REJECTED,False,总交易不足|活跃月份不足|盈利因子不足|实际盈亏比不足|累计净R不足,-1.5574350357268507,1,0,0.0,0.0,1.3335212813504627,0.0,0.0,-1.3335212813504627,1.3335212813504627,-1.3335212813504627,0.4444444444444444,0.0,1,0,-1.3335212813504627,0.0,1
16,区间二次测试不破多头,二次测试,13,01065f5d93aa55e3,REJECTED,False,总交易不足|活跃月份不足|盈利因子不足|实际盈亏比不足|累计净R不足,-4.268461431120603,2,0,0.0,0.0,0.7534230715560302,0.0,0.0,-1.5068461431120603,1.5068461431120603,-0.7534230715560302,0.4,0.0,1,0,-1.5068461431120603,0.0,2
16,区间二次测试不破多头,二次测试,14,314a71a00d48fc70,REJECTED,False,总交易不足|活跃月份不足|盈利因子不足|实际盈亏比不足|累计净R不足,-4.268461431120603,2,0,0.0,0.0,0.7534230715560302,0.0,0.0,-1.5068461431120603,1.5068461431120603,-0.7534230715560302,0.4,0.0,1,0,-1.5068461431120603,0.0,2
16,区间二次测试不破多头,二次测试,15,ed65f538acbfe2a3,REJECTED,False,总交易不足|活跃月份不足|盈利因子不足|实际盈亏比不足|累计净R不足,-4.268461431120603,2,0,0.0,0.0,0.7534230715560302,0.0,0.0,-1.5068461431120603,1.5068461431120603,-0.7534230715560302,0.4,0.0,1,0,-1.5068461431120603,0.0,2
16,区间二次测试不破多头,二次测试,16,45e26f4f08235f86,REJECTED,False,总交易不足|活跃月份不足|盈利因子不足|实际盈亏比不足|累计净R不足,-4.268461431120603,2,0,0.0,0.0,0.7534230715560302,0.0,0.0,-1.5068461431120603,1.5068461431120603,-0.7534230715560302,0.4,0.0,1,0,-1.5068461431120603,0.0,2
16,区间二次测试不破多头,二次测试,17,d13a88e879832a05,REJECTED,False,总交易不足|活跃月份不足|盈利因子不足|实际盈亏比不足|累计净R不足|最差月份亏损过大,-15.870257574233124,2,0,0.0,0.0,1.3335128787116561,0.0,0.0,-2.6670257574233123,2.6670257574233123,-1.3335128787116561,0.4,0.0,1,0,-2.6670257574233123,0.0,2
16,区间二次测试不破多头,二次测试,18,f1eec51a4df1ea91,REJECTED,False,总交易不足|活跃月份不足|盈利因子不足|实际盈亏比不足|累计净R不足|最差月份亏损过大,-15.870257574233124,2,0,0.0,0.0,1.3335128787116561,0.0,0.0,-2.6670257574233123,2.6670257574233123,-1.3335128787116561,0.4,0.0,1,0,-2.6670257574233123,0.0,2
16,区间二次测试不破多头,二次测试,19,fdcdd485dc4dbc62,REJECTED,False,总交易不足|活跃月份不足|盈利因子不足|实际盈亏比不足|累计净R不足|最差月份亏损过大,-15.870257574233124,2,0,0.0,0.0,1.3335128787116561,0.0,0.0,-2.6670257574233123,2.6670257574233123,-1.3335128787116561,0.4,0.0,1,0,-2.6670257574233123,0.0,2
16,区间二次测试不破多头,二次测试,20,404b2196c88cf3fe,REJECTED,False,总交易不足|活跃月份不足|盈利因子不足|实际盈亏比不足|累计净R不足|最差月份亏损过大,-15.870257574233124,2,0,0.0,0.0,1.3335128787116561,0.0,0.0,-2.6670257574233123,2.6670257574233123,-1.3335128787116561,0.4,0.0,1,0,-2.6670257574233123,0.0,2
16,区间二次测试不破多头,二次测试,21,85f55e0b349ec665,REJECTED,False,活跃月份不足|盈利因子不足|实际盈亏比不足|累计净R不足|最差月份亏损过大,-18.099616143154954,3,0,0.0,0.0,0.9366538714384985,0.0,0.0,-2.8099616143154957,2.8099616143154957,-0.9366538714384985,0.36363636363636365,0.0,1,0,-2.8099616143154957,0.0,3
16,区间二次测试不破多头,二次测试,22,655f3779f538151d,REJECTED,False,活跃月份不足|盈利因子不足|实际盈亏比不足|累计净R不足|最差月份亏损过大,-18.099616143154954,3,0,0.0,0.0,0.9366538714384985,0.0,0.0,-2.8099616143154957,2.8099616143154957,-0.9366538714384985,0.36363636363636365,0.0,1,0,-2.8099616143154957,0.0,3
16,区间二次测试不破多头,二次测试,23,87426e4370a04dbd,REJECTED,False,活跃月份不足|盈利因子不足|实际盈亏比不足|累计净R不足|最差月份亏损过大,-30.005027757470966,3,0,0.0,0.0,1.3335009252490322,0.0,0.0,-4.000502775747097,4.000502775747097,-1.3335009252490322,0.36363636363636365,0.0,1,0,-4.000502775747097,0.0,3
16,区间二次测试不破多头,二次测试,24,b54229b2ade6585e,REJECTED,False,活跃月份不足|盈利因子不足|实际盈亏比不足|累计净R不足|最差月份亏损过大,-30.005027757470966,3,0,0.0,0.0,1.3335009252490322,0.0,0.0,-4.000502775747097,4.000502775747097,-1.3335009252490322,0.36363636363636365,0.0,1,0,-4.000502775747097,0.0,3
17,区间二次测试不破空头,二次测试,1,f58e1769c9572a4e,REJECTED,False,总交易不足|活跃月份不足|盈利因子不足|实际盈亏比不足|累计净R不足,11.0,0,0,0.0,0.0,0.0,0.0,0.0,0.0,0.0,0.0,0.5,0.0,0,0,0.0,0.0,0
17,区间二次测试不破空头,二次测试,2,1134d1c0f23db557,REJECTED,False,总交易不足|活跃月份不足|盈利因子不足|实际盈亏比不足|累计净R不足,11.0,0,0,0.0,0.0,0.0,0.0,0.0,0.0,0.0,0.0,0.5,0.0,0,0,0.0,0.0,0
17,区间二次测试不破空头,二次测试,3,612542f171a6f901,REJECTED,False,总交易不足|活跃月份不足|盈利因子不足|实际盈亏比不足|累计净R不足,11.0,0,0,0.0,0.0,0.0,0.0,0.0,0.0,0.0,0.0,0.5,0.0,0,0,0.0,0.0,0
17,区间二次测试不破空头,二次测试,4,141ec2a1ee2d5db9,REJECTED,False,总交易不足|活跃月份不足|盈利因子不足|实际盈亏比不足|累计净R不足,11.0,0,0,0.0,0.0,0.0,0.0,0.0,0.0,0.0,0.0,0.5,0.0,0,0,0.0,0.0,0
17,区间二次测试不破空头,二次测试,5,491562ee537ce199,REJECTED,False,总交易不足|活跃月份不足|盈利因子不足|实际盈亏比不足|累计净R不足,11.0,0,0,0.0,0.0,0.0,0.0,0.0,0.0,0.0,0.0,0.5,0.0,0,0,0.0,0.0,0
17,区间二次测试不破空头,二次测试,6,4f1569ce82cf3ac8,REJECTED,False,总交易不足|活跃月份不足|盈利因子不足|实际盈亏比不足|累计净R不足,11.0,0,0,0.0,0.0,0.0,0.0,0.0,0.0,0.0,0.0,0.5,0.0,0,0,0.0,0.0,0
17,区间二次测试不破空头,二次测试,7,a5e09978d51e1405,REJECTED,False,总交易不足|活跃月份不足|盈利因子不足|实际盈亏比不足|累计净R不足,11.0,0,0,0.0,0.0,0.0,0.0,0.0,0.0,0.0,0.0,0.5,0.0,0,0,0.0,0.0,0
17,区间二次测试不破空头,二次测试,8,af92226461d668a2,REJECTED,False,总交易不足|活跃月份不足|盈利因子不足|实际盈亏比不足|累计净R不足,11.0,0,0,0.0,0.0,0.0,0.0,0.0,0.0,0.0,0.0,0.5,0.0,0,0,0.0,0.0,0
17,区间二次测试不破空头,二次测试,9,f663bcf66269abc2,REJECTED,False,总交易不足|活跃月份不足|盈利因子不足|实际盈亏比不足|累计净R不足,11.0,0,0,0.0,0.0,0.0,0.0,0.0,0.0,0.0,0.0,0.5,0.0,0,0,0.0,0.0,0
17,区间二次测试不破空头,二次测试,10,fa0243b2bd62c73d,REJECTED,False,总交易不足|活跃月份不足|盈利因子不足|实际盈亏比不足|累计净R不足,11.0,0,0,0.0,0.0,0.0,0.0,0.0,0.0,0.0,0.0,0.5,0.0,0,0,0.0,0.0,0
17,区间二次测试不破空头,二次测试,11,8d7e4da9f63ad3e2,REJECTED,False,总交易不足|活跃月份不足|盈利因子不足|实际盈亏比不足|累计净R不足,11.0,0,0,0.0,0.0,0.0,0.0,0.0,0.0,0.0,0.0,0.5,0.0,0,0,0.0,0.0,0
17,区间二次测试不破空头,二次测试,12,828c21b13adb0b41,REJECTED,False,总交易不足|活跃月份不足|盈利因子不足|实际盈亏比不足|累计净R不足,11.0,0,0,0.0,0.0,0.0,0.0,0.0,0.0,0.0,0.0,0.5,0.0,0,0,0.0,0.0,0
17,区间二次测试不破空头,二次测试,13,e7d60a4c4328603e,REJECTED,False,总交易不足|盈利因子不足|实际盈亏比不足|累计净R不足,-1.6239004919872793,2,0,0.0,0.0,0.721195024599364,0.0,0.0,-1.442390049198728,1.442390049198728,-0.721195024599364,0.4,0.0,2,0,-1.3043699315826711,0.0,1
17,区间二次测试不破空头,二次测试,14,501839e0add93b25,REJECTED,False,总交易不足|盈利因子不足|实际盈亏比不足|累计净R不足,-1.6239004919872793,2,0,0.0,0.0,0.721195024599364,0.0,0.0,-1.442390049198728,1.442390049198728,-0.721195024599364,0.4,0.0,2,0,-1.3043699315826711,0.0,1
17,区间二次测试不破空头,二次测试,15,6cc740370eb32fb5,REJECTED,False,盈利因子不足|实际盈亏比不足|累计净R不足,-4.462845542545784,3,0,0.0,0.0,0.5487615180848594,0.0,0.0,-1.6462845542545783,1.6462845542545783,-0.5487615180848594,0.36363636363636365,0.0,2,0,-1.3043699315826711,0.0,2
17,区间二次测试不破空头,二次测试,16,bf38897e53b42247,REJECTED,False,盈利因子不足|实际盈亏比不足|累计净R不足,-4.462845542545784,3,0,0.0,0.0,0.5487615180848594,0.0,0.0,-1.6462845542545783,1.6462845542545783,-0.5487615180848594,0.36363636363636365,0.0,2,0,-1.3043699315826711,0.0,2
17,区间二次测试不破空头,二次测试,17,add1fc0880238799,REJECTED,False,盈利因子不足|实际盈亏比不足|累计净R不足,-6.729396973816793,4,0,0.0,0.0,0.45156825767875314,0.0,0.0,-1.8062730307150126,1.8062730307150126,-0.45156825767875314,0.3333333333333333,0.0,2,0,-1.3043699315826711,0.0,3
17,区间二次测试不破空头,二次测试,18,149f9d6345c0f173,REJECTED,False,盈利因子不足|实际盈亏比不足|累计净R不足,-6.729396973816793,4,0,0.0,0.0,0.45156825767875314,0.0,0.0,-1.8062730307150126,1.8062730307150126,-0.45156825767875314,0.3333333333333333,0.0,2,0,-1.3043699315826711,0.0,3
17,区间二次测试不破空头,二次测试,19,0f67ec027305f281,REJECTED,False,总交易不足|盈利因子不足|实际盈亏比不足|累计净R不足,-13.28789890175193,2,0,0.0,0.0,1.3043949450875965,0.0,0.0,-2.608789890175193,2.608789890175193,-1.3043949450875965,0.4,0.0,2,0,-1.304419958592522,0.0,1
17,区间二次测试不破空头,二次测试,20,856bb07055e29e6f,REJECTED,False,总交易不足|盈利因子不足|实际盈亏比不足|累计净R不足,-13.28789890175193,2,0,0.0,0.0,1.3043949450875965,0.0,0.0,-2.608789890175193,2.608789890175193,-1.3043949450875965,0.4,0.0,2,0,-1.304419958592522,0.0,1
17,区间二次测试不破空头,二次测试,21,3255664f0fa52594,REJECTED,False,盈利因子不足|实际盈亏比不足|累计净R不足,-16.126274217854608,3,0,0.0,0.0,0.9375424739284869,0.0,0.0,-2.8126274217854608,2.8126274217854608,-0.9375424739284869,0.36363636363636365,0.0,2,0,-1.5082574902027894,0.0,2
17,区间二次测试不破空头,二次测试,22,8e6fc1c19e11f64a,REJECTED,False,盈利因子不足|实际盈亏比不足|累计净R不足,-16.126274217854608,3,0,0.0,0.0,0.9375424739284869,0.0,0.0,-2.8126274217854608,2.8126274217854608,-0.9375424739284869,0.36363636363636365,0.0,2,0,-1.5082574902027894,0.0,2
17,区间二次测试不破空头,二次测试,23,4b68a77eeb58eaab,REJECTED,False,盈利因子不足|实际盈亏比不足|累计净R不足,-16.126274217854608,3,0,0.0,0.0,0.9375424739284869,0.0,0.0,-2.8126274217854608,2.8126274217854608,-0.9375424739284869,0.36363636363636365,0.0,2,0,-1.5082574902027894,0.0,2
17,区间二次测试不破空头,二次测试,24,ea3956eafa7890ce,REJECTED,False,盈利因子不足|实际盈亏比不足|累计净R不足,-16.126274217854608,3,0,0.0,0.0,0.9375424739284869,0.0,0.0,-2.8126274217854608,2.8126274217854608,-0.9375424739284869,0.36363636363636365,0.0,2,0,-1.5082574902027894,0.0,2
18,扫低后站回VWAP多头,流动性VWAP,1,8faa2dfdd58009bb,REJECTED,False,总交易不足|活跃月份不足|盈利因子不足|实际盈亏比不足|累计净R不足,11.0,0,0,0.0,0.0,0.0,0.0,0.0,0.0,0.0,0.0,0.5,0.0,0,0,0.0,0.0,0
18,扫低后站回VWAP多头,流动性VWAP,2,ee8fba6716fcedac,REJECTED,False,总交易不足|活跃月份不足|盈利因子不足|实际盈亏比不足|累计净R不足,11.0,0,0,0.0,0.0,0.0,0.0,0.0,0.0,0.0,0.0,0.5,0.0,0,0,0.0,0.0,0
18,扫低后站回VWAP多头,流动性VWAP,3,b03c262c2a21e26a,REJECTED,False,总交易不足|活跃月份不足|盈利因子不足|实际盈亏比不足|累计净R不足,11.0,0,0,0.0,0.0,0.0,0.0,0.0,0.0,0.0,0.0,0.5,0.0,0,0,0.0,0.0,0
18,扫低后站回VWAP多头,流动性VWAP,4,7cfc61db548eeefe,REJECTED,False,总交易不足|活跃月份不足|盈利因子不足|实际盈亏比不足|累计净R不足,11.0,0,0,0.0,0.0,0.0,0.0,0.0,0.0,0.0,0.0,0.5,0.0,0,0,0.0,0.0,0
18,扫低后站回VWAP多头,流动性VWAP,5,4aba94286cf7d2fe,REJECTED,False,总交易不足|活跃月份不足|盈利因子不足|实际盈亏比不足|累计净R不足,11.0,0,0,0.0,0.0,0.0,0.0,0.0,0.0,0.0,0.0,0.5,0.0,0,0,0.0,0.0,0
18,扫低后站回VWAP多头,流动性VWAP,6,7f8c977b070d2da9,REJECTED,False,总交易不足|活跃月份不足|盈利因子不足|实际盈亏比不足|累计净R不足,11.0,0,0,0.0,0.0,0.0,0.0,0.0,0.0,0.0,0.0,0.5,0.0,0,0,0.0,0.0,0
18,扫低后站回VWAP多头,流动性VWAP,7,c58a69dd1f6bab47,REJECTED,False,总交易不足|活跃月份不足|盈利因子不足|实际盈亏比不足|累计净R不足,11.0,0,0,0.0,0.0,0.0,0.0,0.0,0.0,0.0,0.0,0.5,0.0,0,0,0.0,0.0,0
18,扫低后站回VWAP多头,流动性VWAP,8,1ebcd650b0681d85,REJECTED,False,总交易不足|活跃月份不足|盈利因子不足|实际盈亏比不足|累计净R不足,11.0,0,0,0.0,0.0,0.0,0.0,0.0,0.0,0.0,0.0,0.5,0.0,0,0,0.0,0.0,0
18,扫低后站回VWAP多头,流动性VWAP,9,419405996543f4a1,REJECTED,False,总交易不足|活跃月份不足|盈利因子不足|实际盈亏比不足|累计净R不足,11.0,0,0,0.0,0.0,0.0,0.0,0.0,0.0,0.0,0.0,0.5,0.0,0,0,0.0,0.0,0
18,扫低后站回VWAP多头,流动性VWAP,10,e15cfc7fd0e11e25,REJECTED,False,总交易不足|活跃月份不足|盈利因子不足|实际盈亏比不足|累计净R不足,11.0,0,0,0.0,0.0,0.0,0.0,0.0,0.0,0.0,0.0,0.5,0.0,0,0,0.0,0.0,0
18,扫低后站回VWAP多头,流动性VWAP,11,00f902a1c265877f,REJECTED,False,总交易不足|活跃月份不足|盈利因子不足|实际盈亏比不足|累计净R不足,11.0,0,0,0.0,0.0,0.0,0.0,0.0,0.0,0.0,0.0,0.5,0.0,0,0,0.0,0.0,0
18,扫低后站回VWAP多头,流动性VWAP,12,e4d742dd08daa67e,REJECTED,False,总交易不足|活跃月份不足|盈利因子不足|实际盈亏比不足|累计净R不足,11.0,0,0,0.0,0.0,0.0,0.0,0.0,0.0,0.0,0.0,0.5,0.0,0,0,0.0,0.0,0
18,扫低后站回VWAP多头,流动性VWAP,13,e692357b1c80802f,REJECTED,False,总交易不足|活跃月份不足|盈利因子不足|实际盈亏比不足|累计净R不足,11.0,0,0,0.0,0.0,0.0,0.0,0.0,0.0,0.0,0.0,0.5,0.0,0,0,0.0,0.0,0
18,扫低后站回VWAP多头,流动性VWAP,14,f62d8c5dbed05e41,REJECTED,False,总交易不足|活跃月份不足|盈利因子不足|实际盈亏比不足|累计净R不足,11.0,0,0,0.0,0.0,0.0,0.0,0.0,0.0,0.0,0.0,0.5,0.0,0,0,0.0,0.0,0
18,扫低后站回VWAP多头,流动性VWAP,15,89d48005e26ebd66,REJECTED,False,总交易不足|活跃月份不足|盈利因子不足|实际盈亏比不足|累计净R不足,11.0,0,0,0.0,0.0,0.0,0.0,0.0,0.0,0.0,0.0,0.5,0.0,0,0,0.0,0.0,0
18,扫低后站回VWAP多头,流动性VWAP,16,d820ba5f91d95221,REJECTED,False,总交易不足|活跃月份不足|盈利因子不足|实际盈亏比不足|累计净R不足,11.0,0,0,0.0,0.0,0.0,0.0,0.0,0.0,0.0,0.0,0.5,0.0,0,0,0.0,0.0,0
18,扫低后站回VWAP多头,流动性VWAP,17,2158f3ec0ffbbf5a,REJECTED,False,总交易不足|活跃月份不足|盈利因子不足|实际盈亏比不足|累计净R不足,11.0,0,0,0.0,0.0,0.0,0.0,0.0,0.0,0.0,0.0,0.5,0.0,0,0,0.0,0.0,0
18,扫低后站回VWAP多头,流动性VWAP,18,19cda89476d761ed,REJECTED,False,总交易不足|活跃月份不足|盈利因子不足|实际盈亏比不足|累计净R不足,11.0,0,0,0.0,0.0,0.0,0.0,0.0,0.0,0.0,0.0,0.5,0.0,0,0,0.0,0.0,0
18,扫低后站回VWAP多头,流动性VWAP,19,7e5aac4005095bff,REJECTED,False,总交易不足|活跃月份不足|盈利因子不足|实际盈亏比不足|累计净R不足,11.0,0,0,0.0,0.0,0.0,0.0,0.0,0.0,0.0,0.0,0.5,0.0,0,0,0.0,0.0,0
18,扫低后站回VWAP多头,流动性VWAP,20,0fcc8e86eccd71a3,REJECTED,False,总交易不足|活跃月份不足|盈利因子不足|实际盈亏比不足|累计净R不足,11.0,0,0,0.0,0.0,0.0,0.0,0.0,0.0,0.0,0.0,0.5,0.0,0,0,0.0,0.0,0
18,扫低后站回VWAP多头,流动性VWAP,21,bcc16f534219ec07,REJECTED,False,总交易不足|活跃月份不足|盈利因子不足|实际盈亏比不足|累计净R不足,11.0,0,0,0.0,0.0,0.0,0.0,0.0,0.0,0.0,0.0,0.5,0.0,0,0,0.0,0.0,0
18,扫低后站回VWAP多头,流动性VWAP,22,20905a307d250ee7,REJECTED,False,总交易不足|活跃月份不足|盈利因子不足|实际盈亏比不足|累计净R不足,11.0,0,0,0.0,0.0,0.0,0.0,0.0,0.0,0.0,0.0,0.5,0.0,0,0,0.0,0.0,0
18,扫低后站回VWAP多头,流动性VWAP,23,62c23765ddef6dd6,REJECTED,False,总交易不足|活跃月份不足|盈利因子不足|实际盈亏比不足|累计净R不足,11.0,0,0,0.0,0.0,0.0,0.0,0.0,0.0,0.0,0.0,0.5,0.0,0,0,0.0,0.0,0
18,扫低后站回VWAP多头,流动性VWAP,24,9ba363bda445067e,REJECTED,False,总交易不足|活跃月份不足|盈利因子不足|实际盈亏比不足|累计净R不足,11.0,0,0,0.0,0.0,0.0,0.0,0.0,0.0,0.0,0.0,0.5,0.0,0,0,0.0,0.0,0
19,扫高后跌破VWAP空头,流动性VWAP,1,98c02f47708ca242,REJECTED,False,总交易不足|活跃月份不足|盈利因子不足|实际盈亏比不足|累计净R不足,11.0,0,0,0.0,0.0,0.0,0.0,0.0,0.0,0.0,0.0,0.5,0.0,0,0,0.0,0.0,0
19,扫高后跌破VWAP空头,流动性VWAP,2,a990aba15d3af94d,REJECTED,False,总交易不足|活跃月份不足|盈利因子不足|实际盈亏比不足|累计净R不足,11.0,0,0,0.0,0.0,0.0,0.0,0.0,0.0,0.0,0.0,0.5,0.0,0,0,0.0,0.0,0
19,扫高后跌破VWAP空头,流动性VWAP,3,ec155353e9bf7afd,REJECTED,False,总交易不足|活跃月份不足|盈利因子不足|实际盈亏比不足|累计净R不足,11.0,0,0,0.0,0.0,0.0,0.0,0.0,0.0,0.0,0.0,0.5,0.0,0,0,0.0,0.0,0
19,扫高后跌破VWAP空头,流动性VWAP,4,3a543772a53533a9,REJECTED,False,总交易不足|活跃月份不足|盈利因子不足|实际盈亏比不足|累计净R不足,11.0,0,0,0.0,0.0,0.0,0.0,0.0,0.0,0.0,0.0,0.5,0.0,0,0,0.0,0.0,0
19,扫高后跌破VWAP空头,流动性VWAP,5,259d379492c61e5e,REJECTED,False,总交易不足|活跃月份不足|盈利因子不足|实际盈亏比不足|累计净R不足,11.0,0,0,0.0,0.0,0.0,0.0,0.0,0.0,0.0,0.0,0.5,0.0,0,0,0.0,0.0,0
19,扫高后跌破VWAP空头,流动性VWAP,6,1944f490fc67fe2f,REJECTED,False,总交易不足|活跃月份不足|盈利因子不足|实际盈亏比不足|累计净R不足,11.0,0,0,0.0,0.0,0.0,0.0,0.0,0.0,0.0,0.0,0.5,0.0,0,0,0.0,0.0,0
19,扫高后跌破VWAP空头,流动性VWAP,7,7a864d3c81588f0b,REJECTED,False,总交易不足|活跃月份不足|盈利因子不足|实际盈亏比不足|累计净R不足,11.0,0,0,0.0,0.0,0.0,0.0,0.0,0.0,0.0,0.0,0.5,0.0,0,0,0.0,0.0,0
19,扫高后跌破VWAP空头,流动性VWAP,8,fcbbc2d92e2ccd2a,REJECTED,False,总交易不足|活跃月份不足|盈利因子不足|实际盈亏比不足|累计净R不足,11.0,0,0,0.0,0.0,0.0,0.0,0.0,0.0,0.0,0.0,0.5,0.0,0,0,0.0,0.0,0
19,扫高后跌破VWAP空头,流动性VWAP,9,f713a3ab9464b1e8,REJECTED,False,总交易不足|活跃月份不足|盈利因子不足|实际盈亏比不足|累计净R不足,11.0,0,0,0.0,0.0,0.0,0.0,0.0,0.0,0.0,0.0,0.5,0.0,0,0,0.0,0.0,0
19,扫高后跌破VWAP空头,流动性VWAP,10,3cf310a912c38855,REJECTED,False,总交易不足|活跃月份不足|盈利因子不足|实际盈亏比不足|累计净R不足,11.0,0,0,0.0,0.0,0.0,0.0,0.0,0.0,0.0,0.0,0.5,0.0,0,0,0.0,0.0,0
19,扫高后跌破VWAP空头,流动性VWAP,11,2b1cd28c96af1e55,REJECTED,False,总交易不足|活跃月份不足|盈利因子不足|实际盈亏比不足|累计净R不足,11.0,0,0,0.0,0.0,0.0,0.0,0.0,0.0,0.0,0.0,0.5,0.0,0,0,0.0,0.0,0
19,扫高后跌破VWAP空头,流动性VWAP,12,1d4da571073ab1d1,REJECTED,False,总交易不足|活跃月份不足|盈利因子不足|实际盈亏比不足|累计净R不足,11.0,0,0,0.0,0.0,0.0,0.0,0.0,0.0,0.0,0.0,0.5,0.0,0,0,0.0,0.0,0
19,扫高后跌破VWAP空头,流动性VWAP,13,24bc307f20eaf1d9,REJECTED,False,总交易不足|活跃月份不足|盈利因子不足|实际盈亏比不足|累计净R不足,11.0,0,0,0.0,0.0,0.0,0.0,0.0,0.0,0.0,0.0,0.5,0.0,0,0,0.0,0.0,0
19,扫高后跌破VWAP空头,流动性VWAP,14,e86113a5fc78a5ad,REJECTED,False,总交易不足|活跃月份不足|盈利因子不足|实际盈亏比不足|累计净R不足,11.0,0,0,0.0,0.0,0.0,0.0,0.0,0.0,0.0,0.0,0.5,0.0,0,0,0.0,0.0,0
19,扫高后跌破VWAP空头,流动性VWAP,15,27927964966f873c,REJECTED,False,总交易不足|活跃月份不足|盈利因子不足|实际盈亏比不足|累计净R不足,11.0,0,0,0.0,0.0,0.0,0.0,0.0,0.0,0.0,0.0,0.5,0.0,0,0,0.0,0.0,0
19,扫高后跌破VWAP空头,流动性VWAP,16,30036062af572688,REJECTED,False,总交易不足|活跃月份不足|盈利因子不足|实际盈亏比不足|累计净R不足,11.0,0,0,0.0,0.0,0.0,0.0,0.0,0.0,0.0,0.0,0.5,0.0,0,0,0.0,0.0,0
19,扫高后跌破VWAP空头,流动性VWAP,17,e7bda3300b8212f9,REJECTED,False,总交易不足|活跃月份不足|盈利因子不足|实际盈亏比不足|累计净R不足,11.0,0,0,0.0,0.0,0.0,0.0,0.0,0.0,0.0,0.0,0.5,0.0,0,0,0.0,0.0,0
19,扫高后跌破VWAP空头,流动性VWAP,18,d072d653aaa77754,REJECTED,False,总交易不足|活跃月份不足|盈利因子不足|实际盈亏比不足|累计净R不足,11.0,0,0,0.0,0.0,0.0,0.0,0.0,0.0,0.0,0.0,0.5,0.0,0,0,0.0,0.0,0
19,扫高后跌破VWAP空头,流动性VWAP,19,9939c761bab1a990,REJECTED,False,总交易不足|活跃月份不足|盈利因子不足|实际盈亏比不足|累计净R不足,11.0,0,0,0.0,0.0,0.0,0.0,0.0,0.0,0.0,0.0,0.5,0.0,0,0,0.0,0.0,0
19,扫高后跌破VWAP空头,流动性VWAP,20,7e9fe35b983bcf0e,REJECTED,False,总交易不足|活跃月份不足|盈利因子不足|实际盈亏比不足|累计净R不足,11.0,0,0,0.0,0.0,0.0,0.0,0.0,0.0,0.0,0.0,0.5,0.0,0,0,0.0,0.0,0
19,扫高后跌破VWAP空头,流动性VWAP,21,d4cf7abe45227bcd,REJECTED,False,总交易不足|活跃月份不足|盈利因子不足|实际盈亏比不足|累计净R不足,11.0,0,0,0.0,0.0,0.0,0.0,0.0,0.0,0.0,0.0,0.5,0.0,0,0,0.0,0.0,0
19,扫高后跌破VWAP空头,流动性VWAP,22,5d05f1468edb1c81,REJECTED,False,总交易不足|活跃月份不足|盈利因子不足|实际盈亏比不足|累计净R不足,11.0,0,0,0.0,0.0,0.0,0.0,0.0,0.0,0.0,0.0,0.5,0.0,0,0,0.0,0.0,0
19,扫高后跌破VWAP空头,流动性VWAP,23,6da8291098eec55f,REJECTED,False,总交易不足|活跃月份不足|盈利因子不足|实际盈亏比不足|累计净R不足,11.0,0,0,0.0,0.0,0.0,0.0,0.0,0.0,0.0,0.0,0.5,0.0,0,0,0.0,0.0,0
19,扫高后跌破VWAP空头,流动性VWAP,24,dc8de784b2c07afd,REJECTED,False,总交易不足|活跃月份不足|盈利因子不足|实际盈亏比不足|累计净R不足,11.0,0,0,0.0,0.0,0.0,0.0,0.0,0.0,0.0,0.0,0.5,0.0,0,0,0.0,0.0,0
20,BTC弱于ETH背离修复多头,跨资产背离,1,afac444025613291,REJECTED,False,总交易不足|活跃月份不足|盈利因子不足|实际盈亏比不足|累计净R不足,11.0,0,0,0.0,0.0,0.0,0.0,0.0,0.0,0.0,0.0,0.5,0.0,0,0,0.0,0.0,0
20,BTC弱于ETH背离修复多头,跨资产背离,2,357a6e870e679197,REJECTED,False,总交易不足|活跃月份不足|盈利因子不足|实际盈亏比不足|累计净R不足,11.0,0,0,0.0,0.0,0.0,0.0,0.0,0.0,0.0,0.0,0.5,0.0,0,0,0.0,0.0,0
20,BTC弱于ETH背离修复多头,跨资产背离,3,81b12e27f36fad31,REJECTED,False,总交易不足|活跃月份不足|盈利因子不足|实际盈亏比不足|累计净R不足,11.0,0,0,0.0,0.0,0.0,0.0,0.0,0.0,0.0,0.0,0.5,0.0,0,0,0.0,0.0,0
20,BTC弱于ETH背离修复多头,跨资产背离,4,8c1fe18596f3b0f7,REJECTED,False,总交易不足|活跃月份不足|盈利因子不足|实际盈亏比不足|累计净R不足,11.0,0,0,0.0,0.0,0.0,0.0,0.0,0.0,0.0,0.0,0.5,0.0,0,0,0.0,0.0,0
20,BTC弱于ETH背离修复多头,跨资产背离,5,a67e21fd87b37113,REJECTED,False,总交易不足|活跃月份不足|盈利因子不足|实际盈亏比不足|累计净R不足,11.0,0,0,0.0,0.0,0.0,0.0,0.0,0.0,0.0,0.0,0.5,0.0,0,0,0.0,0.0,0
20,BTC弱于ETH背离修复多头,跨资产背离,6,02816debf14d4ac5,REJECTED,False,总交易不足|活跃月份不足|盈利因子不足|实际盈亏比不足|累计净R不足,11.0,0,0,0.0,0.0,0.0,0.0,0.0,0.0,0.0,0.0,0.5,0.0,0,0,0.0,0.0,0
20,BTC弱于ETH背离修复多头,跨资产背离,7,30118ae3bcfe1595,REJECTED,False,总交易不足|活跃月份不足|盈利因子不足|实际盈亏比不足|累计净R不足,11.0,0,0,0.0,0.0,0.0,0.0,0.0,0.0,0.0,0.0,0.5,0.0,0,0,0.0,0.0,0
20,BTC弱于ETH背离修复多头,跨资产背离,8,a0643af8c4cb1950,REJECTED,False,总交易不足|活跃月份不足|盈利因子不足|实际盈亏比不足|累计净R不足,11.0,0,0,0.0,0.0,0.0,0.0,0.0,0.0,0.0,0.0,0.5,0.0,0,0,0.0,0.0,0
20,BTC弱于ETH背离修复多头,跨资产背离,9,71bdf47f755ad397,REJECTED,False,总交易不足|活跃月份不足|盈利因子不足|实际盈亏比不足|累计净R不足,11.0,0,0,0.0,0.0,0.0,0.0,0.0,0.0,0.0,0.0,0.5,0.0,0,0,0.0,0.0,0
20,BTC弱于ETH背离修复多头,跨资产背离,10,f6138bf4e7fb9399,REJECTED,False,总交易不足|活跃月份不足|盈利因子不足|实际盈亏比不足|累计净R不足,11.0,0,0,0.0,0.0,0.0,0.0,0.0,0.0,0.0,0.0,0.5,0.0,0,0,0.0,0.0,0
20,BTC弱于ETH背离修复多头,跨资产背离,11,990acc792c392490,REJECTED,False,总交易不足|活跃月份不足|盈利因子不足|实际盈亏比不足|累计净R不足,11.0,0,0,0.0,0.0,0.0,0.0,0.0,0.0,0.0,0.0,0.5,0.0,0,0,0.0,0.0,0
20,BTC弱于ETH背离修复多头,跨资产背离,12,560199c0f26387fd,REJECTED,False,总交易不足|活跃月份不足|盈利因子不足|实际盈亏比不足|累计净R不足,11.0,0,0,0.0,0.0,0.0,0.0,0.0,0.0,0.0,0.0,0.5,0.0,0,0,0.0,0.0,0
20,BTC弱于ETH背离修复多头,跨资产背离,13,50180ba1cb24ab7a,REJECTED,False,总交易不足|活跃月份不足|盈利因子不足|实际盈亏比不足|累计净R不足,11.0,0,0,0.0,0.0,0.0,0.0,0.0,0.0,0.0,0.0,0.5,0.0,0,0,0.0,0.0,0
20,BTC弱于ETH背离修复多头,跨资产背离,14,0bae7043878b8d7f,REJECTED,False,总交易不足|活跃月份不足|盈利因子不足|实际盈亏比不足|累计净R不足,11.0,0,0,0.0,0.0,0.0,0.0,0.0,0.0,0.0,0.0,0.5,0.0,0,0,0.0,0.0,0
20,BTC弱于ETH背离修复多头,跨资产背离,15,e2aeffae673a7fc8,REJECTED,False,总交易不足|活跃月份不足|盈利因子不足|实际盈亏比不足|累计净R不足,11.0,0,0,0.0,0.0,0.0,0.0,0.0,0.0,0.0,0.0,0.5,0.0,0,0,0.0,0.0,0
20,BTC弱于ETH背离修复多头,跨资产背离,16,229c352e4b8be83a,REJECTED,False,总交易不足|活跃月份不足|盈利因子不足|实际盈亏比不足|累计净R不足,11.0,0,0,0.0,0.0,0.0,0.0,0.0,0.0,0.0,0.0,0.5,0.0,0,0,0.0,0.0,0
20,BTC弱于ETH背离修复多头,跨资产背离,17,a736c26aae6c4289,REJECTED,False,总交易不足|活跃月份不足|盈利因子不足|实际盈亏比不足|累计净R不足,11.0,0,0,0.0,0.0,0.0,0.0,0.0,0.0,0.0,0.0,0.5,0.0,0,0,0.0,0.0,0
20,BTC弱于ETH背离修复多头,跨资产背离,18,731ef5121cf09aa2,REJECTED,False,总交易不足|活跃月份不足|盈利因子不足|实际盈亏比不足|累计净R不足,11.0,0,0,0.0,0.0,0.0,0.0,0.0,0.0,0.0,0.0,0.5,0.0,0,0,0.0,0.0,0
20,BTC弱于ETH背离修复多头,跨资产背离,19,25db10aaec39cb1d,REJECTED,False,总交易不足|活跃月份不足|盈利因子不足|实际盈亏比不足|累计净R不足,11.0,0,0,0.0,0.0,0.0,0.0,0.0,0.0,0.0,0.0,0.5,0.0,0,0,0.0,0.0,0
20,BTC弱于ETH背离修复多头,跨资产背离,20,1427e23ff533ba48,REJECTED,False,总交易不足|活跃月份不足|盈利因子不足|实际盈亏比不足|累计净R不足,11.0,0,0,0.0,0.0,0.0,0.0,0.0,0.0,0.0,0.0,0.5,0.0,0,0,0.0,0.0,0
20,BTC弱于ETH背离修复多头,跨资产背离,21,42d4d16f8c06e6b1,REJECTED,False,总交易不足|活跃月份不足|盈利因子不足|实际盈亏比不足|累计净R不足,11.0,0,0,0.0,0.0,0.0,0.0,0.0,0.0,0.0,0.0,0.5,0.0,0,0,0.0,0.0,0
20,BTC弱于ETH背离修复多头,跨资产背离,22,302d50704da023c5,REJECTED,False,总交易不足|活跃月份不足|盈利因子不足|实际盈亏比不足|累计净R不足,11.0,0,0,0.0,0.0,0.0,0.0,0.0,0.0,0.0,0.0,0.5,0.0,0,0,0.0,0.0,0
20,BTC弱于ETH背离修复多头,跨资产背离,23,9a2b61ad0e473f59,REJECTED,False,总交易不足|活跃月份不足|盈利因子不足|实际盈亏比不足|累计净R不足,11.0,0,0,0.0,0.0,0.0,0.0,0.0,0.0,0.0,0.0,0.5,0.0,0,0,0.0,0.0,0
20,BTC弱于ETH背离修复多头,跨资产背离,24,267e3938dffe89f5,REJECTED,False,总交易不足|活跃月份不足|盈利因子不足|实际盈亏比不足|累计净R不足,11.0,0,0,0.0,0.0,0.0,0.0,0.0,0.0,0.0,0.0,0.5,0.0,0,0,0.0,0.0,0
21,BTC强于ETH背离修复空头,跨资产背离,1,fca571982b7c88a0,WATCH,False,总交易不足|活跃月份不足,262.34275329310475,7,5,0.7142857142857143,1.864239152287175,1.2295004516315258,1.5162573952806297,3.7906434882015745,6.862194858172823,1.2643270542932266,0.9803135511675461,0.6,0.5255503826141334,3,3,0.0,0.36723378608277407,3
21,BTC强于ETH背离修复空头,跨资产背离,2,2d68284b22ecb47f,WATCH,False,总交易不足|活跃月份不足|原始胜率不足|收缩后胜率不足|胜率可信下界不足,244.85523701192966,7,4,0.5714285714285714,1.8722501054198206,0.8499147515086168,2.202868113650853,2.9371574848678046,4.93925616715343,1.355070405556026,0.7056080238790614,0.5333333333333333,0.3873087779433162,3,3,0.0,0.5102043128200179,3
21,BTC强于ETH背离修复空头,跨资产背离,3,162ad4583aab9b72,CANDIDATE,False,总交易不足,197.71782979341458,5,5,1.0,1.864239152287175,0.0,999.0,999.0,9.321195761435876,0.0,1.864239152287175,0.6923076923076923,0.8333333333333334,3,3,0.0,0.3986607751847807,2
21,BTC强于ETH背离修复空头,跨资产背离,4,3c6bb84e3d69001b,CANDIDATE,False,总交易不足,170.0453692172801,3,3,1.0,1.8756779395408243,0.0,999.0,999.0,5.627033818622473,0.0,1.8756779395408243,0.6363636363636364,0.75,3,3,0.0,0.3359668782693018,1
21,BTC强于ETH背离修复空头,跨资产背离,5,4e4e47081ee13984,CANDIDATE,False,总交易不足,170.0453692172801,3,3,1.0,1.8756779395408243,0.0,999.0,999.0,5.627033818622473,0.0,1.8756779395408243,0.6363636363636364,0.75,3,3,0.0,0.3359668782693018,1
21,BTC强于ETH背离修复空头,跨资产背离,6,9a19b379445c8be4,CANDIDATE,False,总交易不足,160.18494013769651,5,4,0.8,1.8722501054198206,1.2643270542932266,1.4808273690437084,5.9233094761748335,6.224673367386055,1.2643270542932266,1.244934673477211,0.6153846153846154,0.5792174872340067,3,3,0.0,0.5967708550038028,2
21,BTC强于ETH背离修复空头,跨资产背离,7,8b7f9d96387eada1,CANDIDATE,False,收缩后胜率不足,147.4180832156754,6,3,0.5,1.5295244340638525,0.1905664138023002,8.026201488215184,8.026201488215184,4.016874060784657,0.3480106176963429,0.6694790101307762,0.5,0.3110177634953864,3,2,-0.348010617696343,0.6915452479205072,2
21,BTC强于ETH背离修复空头,跨资产背离,8,33ca14edc0a4d91b,CANDIDATE,False,收缩后胜率不足,147.4180832156754,6,3,0.5,1.5295244340638525,0.1905664138023002,8.026201488215184,8.026201488215184,4.016874060784657,0.3480106176963429,0.6694790101307762,0.5,0.3110177634953864,3,2,-0.348010617696343,0.6915452479205072,2
21,BTC强于ETH背离修复空头,跨资产背离,9,04a24d65e868446c,CANDIDATE,False,收缩后胜率不足|利润过度集中,136.9005226821358,8,4,0.5,1.521411676143693,0.46838349374491756,3.2482179591329845,3.2482179591329845,4.212112729595102,1.649845351269113,0.5265140911993877,0.5,0.3333333333333333,3,2,-0.348010617696343,0.9902338852719597,3
21,BTC强于ETH背离修复空头,跨资产背离,10,c9e9e87c7a5f822a,CANDIDATE,False,收缩后胜率不足|利润过度集中,136.9005226821358,8,4,0.5,1.521411676143693,0.46838349374491756,3.2482179591329845,3.2482179591329845,4.212112729595102,1.649845351269113,0.5265140911993877,0.5,0.3333333333333333,3,2,-0.348010617696343,0.9902338852719597,3
21,BTC强于ETH背离修复空头,跨资产背离,11,9f45e7ffb92de540,CANDIDATE,False,总交易不足|活跃月份不足|正收益月份不足|收缩后胜率不足|利润过度集中,132.91343264540873,4,2,0.5,1.5092576285622834,0.1740053088481715,8.673629779187873,8.673629779187873,2.6705046394282235,0.348010617696343,0.6676261598570559,0.5,0.276393202250021,2,1,-0.348010617696343,1.0,2
21,BTC强于ETH背离修复空头,跨资产背离,12,9d2339bc83a624a6,CANDIDATE,False,总交易不足|活跃月份不足|正收益月份不足|收缩后胜率不足|利润过度集中,132.91343264540873,4,2,0.5,1.5092576285622834,0.1740053088481715,8.673629779187873,8.673629779187873,2.6705046394282235,0.348010617696343,0.6676261598570559,0.5,0.276393202250021,2,1,-0.348010617696343,1.0,2
21,BTC强于ETH背离修复空头,跨资产背离,13,65498ce630e76827,CANDIDATE,False,总交易不足|正收益月份不足|收缩后胜率不足|利润过度集中,117.5547010765062,3,1,0.3333333333333333,1.496967332042331,0.22366703959263817,6.692838313453506,3.346419156726753,1.0496332528570544,0.44733407918527635,0.34987775095235146,0.45454545454545453,0.13564322306091547,3,1,-0.2236886237105576,1.0,1
21,BTC强于ETH背离修复空头,跨资产背离,14,189b3e497ed60e31,CANDIDATE,False,总交易不足|正收益月份不足|收缩后胜率不足|利润过度集中,117.5547010765062,3,1,0.3333333333333333,1.496967332042331,0.22366703959263817,6.692838313453506,3.346419156726753,1.0496332528570544,0.44733407918527635,0.34987775095235146,0.45454545454545453,0.13564322306091547,3,1,-0.2236886237105576,1.0,1
21,BTC强于ETH背离修复空头,跨资产背离,15,581bf42edb110566,CANDIDATE,False,总交易不足|活跃月份不足|正收益月份不足|收缩后胜率不足|利润过度集中,108.59795164491842,5,2,0.4,1.5092576285622834,0.5507784880733585,2.7402261730332222,1.8268174486888147,1.366179792904491,1.3043248465237325,0.2732359585808982,0.46153846153846156,0.21597342368679506,2,1,-0.348010617696343,1.0,3
21,BTC强于ETH背离修复空头,跨资产背离,16,becec6947a2d39a3,CANDIDATE,False,总交易不足|活跃月份不足|正收益月份不足|收缩后胜率不足|利润过度集中,108.59795164491842,5,2,0.4,1.5092576285622834,0.5507784880733585,2.7402261730332222,1.8268174486888147,1.366179792904491,1.3043248465237325,0.2732359585808982,0.46153846153846156,0.21597342368679506,2,1,-0.348010617696343,1.0,3
21,BTC强于ETH背离修复空头,跨资产背离,17,f9c99f0061fc70b6,REJECTED,False,总交易不足,42.855565423601,2,1,0.5,1.496967332042331,0.22364545547471876,6.693484242122463,6.693484242122463,1.2733218765676122,0.22364545547471876,0.6366609382838061,0.5,0.21132486540518713,2,1,-0.22364545547471876,1.0,1
21,BTC强于ETH背离修复空头,跨资产背离,18,0155948fcd891cad,REJECTED,False,总交易不足,42.855565423601,2,1,0.5,1.496967332042331,0.22364545547471876,6.693484242122463,6.693484242122463,1.2733218765676122,0.22364545547471876,0.6366609382838061,0.5,0.21132486540518713,2,1,-0.22364545547471876,1.0,1
21,BTC强于ETH背离修复空头,跨资产背离,19,d7339b530bdf2935,REJECTED,False,总交易不足|盈利因子不足|实际盈亏比不足|累计净R不足,-11.790009032630513,2,0,0.0,0.0,1.2295004516315258,0.0,0.0,-2.4590009032630515,2.4590009032630515,-1.2295004516315258,0.4,0.0,2,0,-1.2643270542932266,0.0,1
21,BTC强于ETH背离修复空头,跨资产背离,20,0691f5da6979cddc,REJECTED,False,总交易不足|盈利因子不足|实际盈亏比不足|累计净R不足,-11.790009032630513,2,0,0.0,0.0,1.2295004516315258,0.0,0.0,-2.4590009032630515,2.4590009032630515,-1.2295004516315258,0.4,0.0,2,0,-1.2643270542932266,0.0,1
21,BTC强于ETH背离修复空头,跨资产背离,21,0950ed56b7dbadc6,REJECTED,False,盈利因子不足|实际盈亏比不足|累计净R不足,-13.497442545258505,3,0,0.0,0.0,0.8499147515086168,0.0,0.0,-2.5497442545258506,2.5497442545258506,-0.8499147515086168,0.36363636363636365,0.0,2,0,-1.3550704055560259,0.0,2
21,BTC强于ETH背离修复空头,跨资产背离,22,39307646985d167d,REJECTED,False,盈利因子不足|实际盈亏比不足|累计净R不足,-13.497442545258505,3,0,0.0,0.0,0.8499147515086168,0.0,0.0,-2.5497442545258506,2.5497442545258506,-0.8499147515086168,0.36363636363636365,0.0,2,0,-1.3550704055560259,0.0,2
21,BTC强于ETH背离修复空头,跨资产背离,23,212bff949a476994,REJECTED,False,盈利因子不足|实际盈亏比不足|累计净R不足,-13.497442545258505,3,0,0.0,0.0,0.8499147515086168,0.0,0.0,-2.5497442545258506,2.5497442545258506,-0.8499147515086168,0.36363636363636365,0.0,2,0,-1.3550704055560259,0.0,2
21,BTC强于ETH背离修复空头,跨资产背离,24,147d42843a121469,REJECTED,False,盈利因子不足|实际盈亏比不足|累计净R不足,-13.497442545258505,3,0,0.0,0.0,0.8499147515086168,0.0,0.0,-2.5497442545258506,2.5497442545258506,-0.8499147515086168,0.36363636363636365,0.0,2,0,-1.3550704055560259,0.0,2
22,压缩后首次放量突破多头,波动扩张,1,c1fd7f96ccac000d,CANDIDATE,False,总交易不足|活跃月份不足|正收益月份不足|收缩后胜率不足|利润过度集中,104.32933231641596,3,1,0.3333333333333333,1.4955536389470225,0.44920212209884924,3.329355685051546,1.664677842525773,0.597149394749324,0.8984042441976985,0.19904979824977467,0.45454545454545453,0.13564322306091547,2,1,-0.8984042441976985,1.0,2
22,压缩后首次放量突破多头,波动扩张,2,b7d53e7b62a8b5b0,CANDIDATE,False,总交易不足|活跃月份不足|正收益月份不足|收缩后胜率不足|利润过度集中,104.32933231641596,3,1,0.3333333333333333,1.4955536389470225,0.44920212209884924,3.329355685051546,1.664677842525773,0.597149394749324,0.8984042441976985,0.19904979824977467,0.45454545454545453,0.13564322306091547,2,1,-0.8984042441976985,1.0,2
22,压缩后首次放量突破多头,波动扩张,3,f044a19f04e3daaf,CANDIDATE,False,总交易不足|活跃月份不足|正收益月份不足|收缩后胜率不足|利润过度集中,104.32933231641596,3,1,0.3333333333333333,1.4955536389470225,0.44920212209884924,3.329355685051546,1.664677842525773,0.597149394749324,0.8984042441976985,0.19904979824977467,0.45454545454545453,0.13564322306091547,2,1,-0.8984042441976985,1.0,2
22,压缩后首次放量突破多头,波动扩张,4,eabbcc4f03bd127e,CANDIDATE,False,总交易不足|活跃月份不足|正收益月份不足|收缩后胜率不足|利润过度集中,104.32933231641596,3,1,0.3333333333333333,1.4955536389470225,0.44920212209884924,3.329355685051546,1.664677842525773,0.597149394749324,0.8984042441976985,0.19904979824977467,0.45454545454545453,0.13564322306091547,2,1,-0.8984042441976985,1.0,2
22,压缩后首次放量突破多头,波动扩张,5,637dd7099e42148f,REJECTED,False,总交易不足,42.84367890687749,2,1,0.5,1.4955536389470225,0.22384452198035376,6.681216166095337,6.681216166095337,1.2717091169666688,0.22384452198035376,0.6358545584833344,0.5,0.21132486540518713,2,1,-0.22384452198035376,1.0,1
22,压缩后首次放量突破多头,波动扩张,6,253044a4cadb49d3,REJECTED,False,总交易不足,42.84367890687749,2,1,0.5,1.4955536389470225,0.22384452198035376,6.681216166095337,6.681216166095337,1.2717091169666688,0.22384452198035376,0.6358545584833344,0.5,0.21132486540518713,2,1,-0.22384452198035376,1.0,1
22,压缩后首次放量突破多头,波动扩张,7,116b8c1c1b0943ad,REJECTED,False,总交易不足|活跃月份不足|盈利因子不足|实际盈亏比不足|累计净R不足,11.0,0,0,0.0,0.0,0.0,0.0,0.0,0.0,0.0,0.0,0.5,0.0,0,0,0.0,0.0,0
22,压缩后首次放量突破多头,波动扩张,8,7bb3436fd8f0f3bd,REJECTED,False,总交易不足|活跃月份不足|盈利因子不足|实际盈亏比不足|累计净R不足,11.0,0,0,0.0,0.0,0.0,0.0,0.0,0.0,0.0,0.0,0.5,0.0,0,0,0.0,0.0,0
22,压缩后首次放量突破多头,波动扩张,9,bda12ea0e12719eb,REJECTED,False,总交易不足|活跃月份不足|盈利因子不足|实际盈亏比不足|累计净R不足,11.0,0,0,0.0,0.0,0.0,0.0,0.0,0.0,0.0,0.0,0.5,0.0,0,0,0.0,0.0,0
22,压缩后首次放量突破多头,波动扩张,10,d8b7077bebf8b8d5,REJECTED,False,总交易不足|活跃月份不足|盈利因子不足|实际盈亏比不足|累计净R不足,11.0,0,0,0.0,0.0,0.0,0.0,0.0,0.0,0.0,0.0,0.5,0.0,0,0,0.0,0.0,0
22,压缩后首次放量突破多头,波动扩张,11,0adb846676f07277,REJECTED,False,总交易不足|活跃月份不足|盈利因子不足|实际盈亏比不足|累计净R不足,11.0,0,0,0.0,0.0,0.0,0.0,0.0,0.0,0.0,0.0,0.5,0.0,0,0,0.0,0.0,0
22,压缩后首次放量突破多头,波动扩张,12,e786c9f7f8041cfc,REJECTED,False,总交易不足|活跃月份不足|盈利因子不足|实际盈亏比不足|累计净R不足,11.0,0,0,0.0,0.0,0.0,0.0,0.0,0.0,0.0,0.0,0.5,0.0,0,0,0.0,0.0,0
22,压缩后首次放量突破多头,波动扩张,13,9c0c00b71c3d4359,REJECTED,False,总交易不足|活跃月份不足|盈利因子不足|实际盈亏比不足|累计净R不足,11.0,0,0,0.0,0.0,0.0,0.0,0.0,0.0,0.0,0.0,0.5,0.0,0,0,0.0,0.0,0
22,压缩后首次放量突破多头,波动扩张,14,eb9994acff31978b,REJECTED,False,总交易不足|活跃月份不足|盈利因子不足|实际盈亏比不足|累计净R不足,11.0,0,0,0.0,0.0,0.0,0.0,0.0,0.0,0.0,0.0,0.5,0.0,0,0,0.0,0.0,0
22,压缩后首次放量突破多头,波动扩张,15,79d5735fc6cc6aea,REJECTED,False,总交易不足|活跃月份不足|盈利因子不足|实际盈亏比不足|累计净R不足,11.0,0,0,0.0,0.0,0.0,0.0,0.0,0.0,0.0,0.0,0.5,0.0,0,0,0.0,0.0,0
22,压缩后首次放量突破多头,波动扩张,16,944ecf070deacc62,REJECTED,False,总交易不足|活跃月份不足|盈利因子不足|实际盈亏比不足|累计净R不足,11.0,0,0,0.0,0.0,0.0,0.0,0.0,0.0,0.0,0.0,0.5,0.0,0,0,0.0,0.0,0
22,压缩后首次放量突破多头,波动扩张,17,3544f2517ad6c997,REJECTED,False,总交易不足|活跃月份不足|盈利因子不足|实际盈亏比不足|累计净R不足,11.0,0,0,0.0,0.0,0.0,0.0,0.0,0.0,0.0,0.0,0.5,0.0,0,0,0.0,0.0,0
22,压缩后首次放量突破多头,波动扩张,18,34b0f3560d54e99c,REJECTED,False,总交易不足|活跃月份不足|盈利因子不足|实际盈亏比不足|累计净R不足,11.0,0,0,0.0,0.0,0.0,0.0,0.0,0.0,0.0,0.0,0.5,0.0,0,0,0.0,0.0,0
22,压缩后首次放量突破多头,波动扩张,19,547271109e36822e,REJECTED,False,总交易不足|活跃月份不足|盈利因子不足|实际盈亏比不足|累计净R不足,-0.9269182387301331,1,0,0.0,0.0,1.270469601650791,0.0,0.0,-1.270469601650791,1.270469601650791,-1.270469601650791,0.4444444444444444,0.0,1,0,-1.270469601650791,0.0,1
22,压缩后首次放量突破多头,波动扩张,20,ece12aeca19f49d3,REJECTED,False,总交易不足|活跃月份不足|盈利因子不足|实际盈亏比不足|累计净R不足,-0.9269182387301331,1,0,0.0,0.0,1.270469601650791,0.0,0.0,-1.270469601650791,1.270469601650791,-1.270469601650791,0.4444444444444444,0.0,1,0,-1.270469601650791,0.0,1
22,压缩后首次放量突破多头,波动扩张,21,604eca5a53080b54,REJECTED,False,总交易不足|活跃月份不足|盈利因子不足|实际盈亏比不足|累计净R不足,-0.9269182387301331,1,0,0.0,0.0,1.270469601650791,0.0,0.0,-1.270469601650791,1.270469601650791,-1.270469601650791,0.4444444444444444,0.0,1,0,-1.270469601650791,0.0,1
22,压缩后首次放量突破多头,波动扩张,22,fdf0d91e2481d546,REJECTED,False,总交易不足|活跃月份不足|盈利因子不足|实际盈亏比不足|累计净R不足,-0.9269182387301331,1,0,0.0,0.0,1.270469601650791,0.0,0.0,-1.270469601650791,1.270469601650791,-1.270469601650791,0.4444444444444444,0.0,1,0,-1.270469601650791,0.0,1
22,压缩后首次放量突破多头,波动扩张,23,3ecf07643b27748c,REJECTED,False,总交易不足|活跃月份不足|盈利因子不足|实际盈亏比不足|累计净R不足,-0.9269182387301331,1,0,0.0,0.0,1.270469601650791,0.0,0.0,-1.270469601650791,1.270469601650791,-1.270469601650791,0.4444444444444444,0.0,1,0,-1.270469601650791,0.0,1
22,压缩后首次放量突破多头,波动扩张,24,a70d0b08bf5c1b01,REJECTED,False,总交易不足|活跃月份不足|盈利因子不足|实际盈亏比不足|累计净R不足,-0.9269182387301331,1,0,0.0,0.0,1.270469601650791,0.0,0.0,-1.270469601650791,1.270469601650791,-1.270469601650791,0.4444444444444444,0.0,1,0,-1.270469601650791,0.0,1
23,压缩后首次放量突破空头,波动扩张,1,3efd7aa105a06c7b,REJECTED,False,总交易不足|活跃月份不足|盈利因子不足|实际盈亏比不足|累计净R不足,11.0,0,0,0.0,0.0,0.0,0.0,0.0,0.0,0.0,0.0,0.5,0.0,0,0,0.0,0.0,0
23,压缩后首次放量突破空头,波动扩张,2,61b2470911b6dbe6,REJECTED,False,总交易不足|活跃月份不足|盈利因子不足|实际盈亏比不足|累计净R不足,11.0,0,0,0.0,0.0,0.0,0.0,0.0,0.0,0.0,0.0,0.5,0.0,0,0,0.0,0.0,0
23,压缩后首次放量突破空头,波动扩张,3,242b8c0b0a05ccd4,REJECTED,False,总交易不足|活跃月份不足|盈利因子不足|实际盈亏比不足|累计净R不足,11.0,0,0,0.0,0.0,0.0,0.0,0.0,0.0,0.0,0.0,0.5,0.0,0,0,0.0,0.0,0
23,压缩后首次放量突破空头,波动扩张,4,04eb2e81fe8d4097,REJECTED,False,总交易不足|活跃月份不足|盈利因子不足|实际盈亏比不足|累计净R不足,11.0,0,0,0.0,0.0,0.0,0.0,0.0,0.0,0.0,0.0,0.5,0.0,0,0,0.0,0.0,0
23,压缩后首次放量突破空头,波动扩张,5,2febdcf08de014de,REJECTED,False,总交易不足|活跃月份不足|盈利因子不足|实际盈亏比不足|累计净R不足,11.0,0,0,0.0,0.0,0.0,0.0,0.0,0.0,0.0,0.0,0.5,0.0,0,0,0.0,0.0,0
23,压缩后首次放量突破空头,波动扩张,6,9a5b9973a772a38c,REJECTED,False,总交易不足|活跃月份不足|盈利因子不足|实际盈亏比不足|累计净R不足,11.0,0,0,0.0,0.0,0.0,0.0,0.0,0.0,0.0,0.0,0.5,0.0,0,0,0.0,0.0,0
23,压缩后首次放量突破空头,波动扩张,7,0e0eac63dff887d0,REJECTED,False,总交易不足|活跃月份不足|盈利因子不足|实际盈亏比不足|累计净R不足,11.0,0,0,0.0,0.0,0.0,0.0,0.0,0.0,0.0,0.0,0.5,0.0,0,0,0.0,0.0,0
23,压缩后首次放量突破空头,波动扩张,8,62690be16780f83b,REJECTED,False,总交易不足|活跃月份不足|盈利因子不足|实际盈亏比不足|累计净R不足,11.0,0,0,0.0,0.0,0.0,0.0,0.0,0.0,0.0,0.0,0.5,0.0,0,0,0.0,0.0,0
23,压缩后首次放量突破空头,波动扩张,9,14e6f4f15efcfe37,REJECTED,False,总交易不足|活跃月份不足|盈利因子不足|实际盈亏比不足|累计净R不足,11.0,0,0,0.0,0.0,0.0,0.0,0.0,0.0,0.0,0.0,0.5,0.0,0,0,0.0,0.0,0
23,压缩后首次放量突破空头,波动扩张,10,2282e73a133d945e,REJECTED,False,总交易不足|活跃月份不足|盈利因子不足|实际盈亏比不足|累计净R不足,11.0,0,0,0.0,0.0,0.0,0.0,0.0,0.0,0.0,0.0,0.5,0.0,0,0,0.0,0.0,0
23,压缩后首次放量突破空头,波动扩张,11,738c1ef51b779aa2,REJECTED,False,总交易不足|活跃月份不足|盈利因子不足|实际盈亏比不足|累计净R不足,11.0,0,0,0.0,0.0,0.0,0.0,0.0,0.0,0.0,0.0,0.5,0.0,0,0,0.0,0.0,0
23,压缩后首次放量突破空头,波动扩张,12,449731ed6af55b28,REJECTED,False,总交易不足|活跃月份不足|盈利因子不足|实际盈亏比不足|累计净R不足,11.0,0,0,0.0,0.0,0.0,0.0,0.0,0.0,0.0,0.0,0.5,0.0,0,0,0.0,0.0,0
23,压缩后首次放量突破空头,波动扩张,13,af6b54dc91724d75,REJECTED,False,总交易不足|活跃月份不足|盈利因子不足|实际盈亏比不足|累计净R不足,-0.9347929000338215,1,0,0.0,0.0,1.2712570677811599,0.0,0.0,-1.2712570677811599,1.2712570677811599,-1.2712570677811599,0.4444444444444444,0.0,1,0,-1.2712570677811599,0.0,1
23,压缩后首次放量突破空头,波动扩张,14,8d59cbffac2940bb,REJECTED,False,总交易不足|活跃月份不足|盈利因子不足|实际盈亏比不足|累计净R不足,-0.9347929000338215,1,0,0.0,0.0,1.2712570677811599,0.0,0.0,-1.2712570677811599,1.2712570677811599,-1.2712570677811599,0.4444444444444444,0.0,1,0,-1.2712570677811599,0.0,1
23,压缩后首次放量突破空头,波动扩张,15,1ffb6a39882f8d0c,REJECTED,False,总交易不足|活跃月份不足|盈利因子不足|实际盈亏比不足|累计净R不足,-0.9347929000338215,1,0,0.0,0.0,1.2712570677811599,0.0,0.0,-1.2712570677811599,1.2712570677811599,-1.2712570677811599,0.4444444444444444,0.0,1,0,-1.2712570677811599,0.0,1
23,压缩后首次放量突破空头,波动扩张,16,9f20f92b5ce5c104,REJECTED,False,总交易不足|活跃月份不足|盈利因子不足|实际盈亏比不足|累计净R不足,-0.9347929000338215,1,0,0.0,0.0,1.2712570677811599,0.0,0.0,-1.2712570677811599,1.2712570677811599,-1.2712570677811599,0.4444444444444444,0.0,1,0,-1.2712570677811599,0.0,1
23,压缩后首次放量突破空头,波动扩张,17,837e8ec7b81a0e33,REJECTED,False,总交易不足|活跃月份不足|盈利因子不足|实际盈亏比不足|累计净R不足,-3.6194416520635313,2,0,0.0,0.0,0.7209720826031766,0.0,0.0,-1.4419441652063532,1.4419441652063532,-0.7209720826031766,0.4,0.0,1,0,-1.4419441652063532,0.0,2
23,压缩后首次放量突破空头,波动扩张,18,e2087860a365c894,REJECTED,False,总交易不足|活跃月份不足|盈利因子不足|实际盈亏比不足|累计净R不足,-3.6194416520635313,2,0,0.0,0.0,0.7209720826031766,0.0,0.0,-1.4419441652063532,1.4419441652063532,-0.7209720826031766,0.4,0.0,1,0,-1.4419441652063532,0.0,2
23,压缩后首次放量突破空头,波动扩张,19,989d1a2b54ebea71,REJECTED,False,总交易不足|活跃月份不足|盈利因子不足|实际盈亏比不足|累计净R不足,-3.6194416520635313,2,0,0.0,0.0,0.7209720826031766,0.0,0.0,-1.4419441652063532,1.4419441652063532,-0.7209720826031766,0.4,0.0,1,0,-1.4419441652063532,0.0,2
23,压缩后首次放量突破空头,波动扩张,20,a948cafa91514954,REJECTED,False,总交易不足|活跃月份不足|盈利因子不足|实际盈亏比不足|累计净R不足,-3.6194416520635313,2,0,0.0,0.0,0.7209720826031766,0.0,0.0,-1.4419441652063532,1.4419441652063532,-0.7209720826031766,0.4,0.0,1,0,-1.4419441652063532,0.0,2
23,压缩后首次放量突破空头,波动扩张,21,59bcc3e64f2c7f94,REJECTED,False,活跃月份不足|盈利因子不足|实际盈亏比不足|累计净R不足|最差月份亏损过大,-11.990273449952422,3,0,0.0,0.0,0.733009114998414,0.0,0.0,-2.199027344995242,2.199027344995242,-0.733009114998414,0.36363636363636365,0.0,1,0,-2.199027344995242,0.0,3
23,压缩后首次放量突破空头,波动扩张,22,7668d68e0478f4ec,REJECTED,False,活跃月份不足|盈利因子不足|实际盈亏比不足|累计净R不足|最差月份亏损过大,-11.990273449952422,3,0,0.0,0.0,0.733009114998414,0.0,0.0,-2.199027344995242,2.199027344995242,-0.733009114998414,0.36363636363636365,0.0,1,0,-2.199027344995242,0.0,3
23,压缩后首次放量突破空头,波动扩张,23,b49e249b8b2728f3,REJECTED,False,活跃月份不足|盈利因子不足|实际盈亏比不足|累计净R不足|最差月份亏损过大,-11.990273449952422,3,0,0.0,0.0,0.733009114998414,0.0,0.0,-2.199027344995242,2.199027344995242,-0.733009114998414,0.36363636363636365,0.0,1,0,-2.199027344995242,0.0,3
23,压缩后首次放量突破空头,波动扩张,24,325b9ab96f4b0522,REJECTED,False,活跃月份不足|盈利因子不足|实际盈亏比不足|累计净R不足|最差月份亏损过大,-11.990273449952422,3,0,0.0,0.0,0.733009114998414,0.0,0.0,-2.199027344995242,2.199027344995242,-0.733009114998414,0.36363636363636365,0.0,1,0,-2.199027344995242,0.0,3
24,向下假突破回区间多头,假突破反转,1,542ba276eec5abee,REJECTED,False,总交易不足|活跃月份不足|盈利因子不足|实际盈亏比不足|累计净R不足,11.0,0,0,0.0,0.0,0.0,0.0,0.0,0.0,0.0,0.0,0.5,0.0,0,0,0.0,0.0,0
24,向下假突破回区间多头,假突破反转,2,dace4ee269a207e1,REJECTED,False,总交易不足|活跃月份不足|盈利因子不足|实际盈亏比不足|累计净R不足,11.0,0,0,0.0,0.0,0.0,0.0,0.0,0.0,0.0,0.0,0.5,0.0,0,0,0.0,0.0,0
24,向下假突破回区间多头,假突破反转,3,e12a844bf7241e16,REJECTED,False,总交易不足|活跃月份不足|盈利因子不足|实际盈亏比不足|累计净R不足,11.0,0,0,0.0,0.0,0.0,0.0,0.0,0.0,0.0,0.0,0.5,0.0,0,0,0.0,0.0,0
24,向下假突破回区间多头,假突破反转,4,e893dced08d17225,REJECTED,False,总交易不足|活跃月份不足|盈利因子不足|实际盈亏比不足|累计净R不足,11.0,0,0,0.0,0.0,0.0,0.0,0.0,0.0,0.0,0.0,0.5,0.0,0,0,0.0,0.0,0
24,向下假突破回区间多头,假突破反转,5,e2e42bdb26852c29,REJECTED,False,总交易不足|活跃月份不足|盈利因子不足|实际盈亏比不足|累计净R不足,11.0,0,0,0.0,0.0,0.0,0.0,0.0,0.0,0.0,0.0,0.5,0.0,0,0,0.0,0.0,0
24,向下假突破回区间多头,假突破反转,6,02f407b941481ed6,REJECTED,False,总交易不足|活跃月份不足|盈利因子不足|实际盈亏比不足|累计净R不足,11.0,0,0,0.0,0.0,0.0,0.0,0.0,0.0,0.0,0.0,0.5,0.0,0,0,0.0,0.0,0
24,向下假突破回区间多头,假突破反转,7,0d3853814e6cdc8b,REJECTED,False,总交易不足|活跃月份不足|盈利因子不足|实际盈亏比不足|累计净R不足,11.0,0,0,0.0,0.0,0.0,0.0,0.0,0.0,0.0,0.0,0.5,0.0,0,0,0.0,0.0,0
24,向下假突破回区间多头,假突破反转,8,96e67f799009ce05,REJECTED,False,总交易不足|活跃月份不足|盈利因子不足|实际盈亏比不足|累计净R不足,11.0,0,0,0.0,0.0,0.0,0.0,0.0,0.0,0.0,0.0,0.5,0.0,0,0,0.0,0.0,0
24,向下假突破回区间多头,假突破反转,9,13516b1cbe97bdbc,REJECTED,False,总交易不足|活跃月份不足|盈利因子不足|实际盈亏比不足|累计净R不足,11.0,0,0,0.0,0.0,0.0,0.0,0.0,0.0,0.0,0.0,0.5,0.0,0,0,0.0,0.0,0
24,向下假突破回区间多头,假突破反转,10,f63c763722312d23,REJECTED,False,总交易不足|活跃月份不足|盈利因子不足|实际盈亏比不足|累计净R不足,11.0,0,0,0.0,0.0,0.0,0.0,0.0,0.0,0.0,0.0,0.5,0.0,0,0,0.0,0.0,0
24,向下假突破回区间多头,假突破反转,11,11b0aac30ce6f9f6,REJECTED,False,总交易不足|活跃月份不足|盈利因子不足|实际盈亏比不足|累计净R不足,11.0,0,0,0.0,0.0,0.0,0.0,0.0,0.0,0.0,0.0,0.5,0.0,0,0,0.0,0.0,0
24,向下假突破回区间多头,假突破反转,12,85520086e801d46e,REJECTED,False,总交易不足|活跃月份不足|盈利因子不足|实际盈亏比不足|累计净R不足,11.0,0,0,0.0,0.0,0.0,0.0,0.0,0.0,0.0,0.0,0.5,0.0,0,0,0.0,0.0,0
24,向下假突破回区间多头,假突破反转,13,d5f361a753574b48,REJECTED,False,总交易不足|活跃月份不足|盈利因子不足|实际盈亏比不足|累计净R不足,-1.253363182827378,1,0,0.0,0.0,1.3031140960605154,0.0,0.0,-1.3031140960605154,1.3031140960605154,-1.3031140960605154,0.4444444444444444,0.0,1,0,-1.3031140960605154,0.0,1
24,向下假突破回区间多头,假突破反转,14,709fc3364ee8b646,REJECTED,False,总交易不足|活跃月份不足|盈利因子不足|实际盈亏比不足|累计净R不足,-1.253363182827378,1,0,0.0,0.0,1.3031140960605154,0.0,0.0,-1.3031140960605154,1.3031140960605154,-1.3031140960605154,0.4444444444444444,0.0,1,0,-1.3031140960605154,0.0,1
24,向下假突破回区间多头,假突破反转,15,099a72cdc79c3b81,REJECTED,False,总交易不足|活跃月份不足|盈利因子不足|实际盈亏比不足|累计净R不足,-1.253363182827378,1,0,0.0,0.0,1.3031140960605154,0.0,0.0,-1.3031140960605154,1.3031140960605154,-1.3031140960605154,0.4444444444444444,0.0,1,0,-1.3031140960605154,0.0,1
24,向下假突破回区间多头,假突破反转,16,c0003431a311bd28,REJECTED,False,总交易不足|活跃月份不足|盈利因子不足|实际盈亏比不足|累计净R不足,-1.253363182827378,1,0,0.0,0.0,1.3031140960605154,0.0,0.0,-1.3031140960605154,1.3031140960605154,-1.3031140960605154,0.4444444444444444,0.0,1,0,-1.3031140960605154,0.0,1
24,向下假突破回区间多头,假突破反转,17,3eb5a5febbd2096f,REJECTED,False,总交易不足|活跃月份不足|盈利因子不足|实际盈亏比不足|累计净R不足,-1.253363182827378,1,0,0.0,0.0,1.3031140960605154,0.0,0.0,-1.3031140960605154,1.3031140960605154,-1.3031140960605154,0.4444444444444444,0.0,1,0,-1.3031140960605154,0.0,1
24,向下假突破回区间多头,假突破反转,18,e388e7833aff6824,REJECTED,False,总交易不足|活跃月份不足|盈利因子不足|实际盈亏比不足|累计净R不足,-1.253363182827378,1,0,0.0,0.0,1.3031140960605154,0.0,0.0,-1.3031140960605154,1.3031140960605154,-1.3031140960605154,0.4444444444444444,0.0,1,0,-1.3031140960605154,0.0,1
24,向下假突破回区间多头,假突破反转,19,ca4b6448148d0279,REJECTED,False,总交易不足|活跃月份不足|盈利因子不足|实际盈亏比不足|累计净R不足,-1.253363182827378,1,0,0.0,0.0,1.3031140960605154,0.0,0.0,-1.3031140960605154,1.3031140960605154,-1.3031140960605154,0.4444444444444444,0.0,1,0,-1.3031140960605154,0.0,1
24,向下假突破回区间多头,假突破反转,20,a65563369268008a,REJECTED,False,总交易不足|活跃月份不足|盈利因子不足|实际盈亏比不足|累计净R不足,-1.253363182827378,1,0,0.0,0.0,1.3031140960605154,0.0,0.0,-1.3031140960605154,1.3031140960605154,-1.3031140960605154,0.4444444444444444,0.0,1,0,-1.3031140960605154,0.0,1
24,向下假突破回区间多头,假突破反转,21,dd5cfc156c7bf205,REJECTED,False,总交易不足|活跃月份不足|盈利因子不足|实际盈亏比不足|累计净R不足,-1.253363182827378,1,0,0.0,0.0,1.3031140960605154,0.0,0.0,-1.3031140960605154,1.3031140960605154,-1.3031140960605154,0.4444444444444444,0.0,1,0,-1.3031140960605154,0.0,1
24,向下假突破回区间多头,假突破反转,22,06c78847c21381cc,REJECTED,False,总交易不足|活跃月份不足|盈利因子不足|实际盈亏比不足|累计净R不足,-1.253363182827378,1,0,0.0,0.0,1.3031140960605154,0.0,0.0,-1.3031140960605154,1.3031140960605154,-1.3031140960605154,0.4444444444444444,0.0,1,0,-1.3031140960605154,0.0,1
24,向下假突破回区间多头,假突破反转,23,ea7934f6a4049a9d,REJECTED,False,总交易不足|活跃月份不足|盈利因子不足|实际盈亏比不足|累计净R不足,-1.253363182827378,1,0,0.0,0.0,1.3031140960605154,0.0,0.0,-1.3031140960605154,1.3031140960605154,-1.3031140960605154,0.4444444444444444,0.0,1,0,-1.3031140960605154,0.0,1
24,向下假突破回区间多头,假突破反转,24,34eefc251266e999,REJECTED,False,总交易不足|活跃月份不足|盈利因子不足|实际盈亏比不足|累计净R不足,-1.253363182827378,1,0,0.0,0.0,1.3031140960605154,0.0,0.0,-1.3031140960605154,1.3031140960605154,-1.3031140960605154,0.4444444444444444,0.0,1,0,-1.3031140960605154,0.0,1
25,向上假突破回区间空头,假突破反转,1,5f2fe4ee3fec03dd,REJECTED,False,总交易不足|活跃月份不足|盈利因子不足|实际盈亏比不足|累计净R不足,11.0,0,0,0.0,0.0,0.0,0.0,0.0,0.0,0.0,0.0,0.5,0.0,0,0,0.0,0.0,0
25,向上假突破回区间空头,假突破反转,2,17a40432527e5267,REJECTED,False,总交易不足|活跃月份不足|盈利因子不足|实际盈亏比不足|累计净R不足,11.0,0,0,0.0,0.0,0.0,0.0,0.0,0.0,0.0,0.0,0.5,0.0,0,0,0.0,0.0,0
25,向上假突破回区间空头,假突破反转,3,1a03127bfc5a3c47,REJECTED,False,总交易不足|活跃月份不足|盈利因子不足|实际盈亏比不足|累计净R不足,11.0,0,0,0.0,0.0,0.0,0.0,0.0,0.0,0.0,0.0,0.5,0.0,0,0,0.0,0.0,0
25,向上假突破回区间空头,假突破反转,4,eca7ed0269c7c72b,REJECTED,False,总交易不足|活跃月份不足|盈利因子不足|实际盈亏比不足|累计净R不足,11.0,0,0,0.0,0.0,0.0,0.0,0.0,0.0,0.0,0.0,0.5,0.0,0,0,0.0,0.0,0
25,向上假突破回区间空头,假突破反转,5,5a1cdc74d116fe6f,REJECTED,False,总交易不足|活跃月份不足|盈利因子不足|实际盈亏比不足|累计净R不足,11.0,0,0,0.0,0.0,0.0,0.0,0.0,0.0,0.0,0.0,0.5,0.0,0,0,0.0,0.0,0
25,向上假突破回区间空头,假突破反转,6,19a34ff5c2df3725,REJECTED,False,总交易不足|活跃月份不足|盈利因子不足|实际盈亏比不足|累计净R不足,11.0,0,0,0.0,0.0,0.0,0.0,0.0,0.0,0.0,0.0,0.5,0.0,0,0,0.0,0.0,0
25,向上假突破回区间空头,假突破反转,7,da986e1a2bcbfaff,REJECTED,False,总交易不足|活跃月份不足|盈利因子不足|实际盈亏比不足|累计净R不足,11.0,0,0,0.0,0.0,0.0,0.0,0.0,0.0,0.0,0.0,0.5,0.0,0,0,0.0,0.0,0
25,向上假突破回区间空头,假突破反转,8,9ca513b9449ffb92,REJECTED,False,总交易不足|活跃月份不足|盈利因子不足|实际盈亏比不足|累计净R不足,11.0,0,0,0.0,0.0,0.0,0.0,0.0,0.0,0.0,0.0,0.5,0.0,0,0,0.0,0.0,0
25,向上假突破回区间空头,假突破反转,9,3fda956366c00dd0,REJECTED,False,总交易不足|活跃月份不足|盈利因子不足|实际盈亏比不足|累计净R不足,11.0,0,0,0.0,0.0,0.0,0.0,0.0,0.0,0.0,0.0,0.5,0.0,0,0,0.0,0.0,0
25,向上假突破回区间空头,假突破反转,10,0e3373cb4b1126cf,REJECTED,False,总交易不足|活跃月份不足|盈利因子不足|实际盈亏比不足|累计净R不足,11.0,0,0,0.0,0.0,0.0,0.0,0.0,0.0,0.0,0.0,0.5,0.0,0,0,0.0,0.0,0
25,向上假突破回区间空头,假突破反转,11,27c9775d032b214c,REJECTED,False,总交易不足|活跃月份不足|盈利因子不足|实际盈亏比不足|累计净R不足,11.0,0,0,0.0,0.0,0.0,0.0,0.0,0.0,0.0,0.0,0.5,0.0,0,0,0.0,0.0,0
25,向上假突破回区间空头,假突破反转,12,ea78cc1d062b11b2,REJECTED,False,总交易不足|活跃月份不足|盈利因子不足|实际盈亏比不足|累计净R不足,11.0,0,0,0.0,0.0,0.0,0.0,0.0,0.0,0.0,0.0,0.5,0.0,0,0,0.0,0.0,0
25,向上假突破回区间空头,假突破反转,13,6653ff58a06309c3,REJECTED,False,总交易不足|活跃月份不足|盈利因子不足|实际盈亏比不足|累计净R不足,11.0,0,0,0.0,0.0,0.0,0.0,0.0,0.0,0.0,0.0,0.5,0.0,0,0,0.0,0.0,0
25,向上假突破回区间空头,假突破反转,14,866c739f22f50edb,REJECTED,False,总交易不足|活跃月份不足|盈利因子不足|实际盈亏比不足|累计净R不足,11.0,0,0,0.0,0.0,0.0,0.0,0.0,0.0,0.0,0.0,0.5,0.0,0,0,0.0,0.0,0
25,向上假突破回区间空头,假突破反转,15,8235275dad088147,REJECTED,False,总交易不足|活跃月份不足|盈利因子不足|实际盈亏比不足|累计净R不足,11.0,0,0,0.0,0.0,0.0,0.0,0.0,0.0,0.0,0.0,0.5,0.0,0,0,0.0,0.0,0
25,向上假突破回区间空头,假突破反转,16,ba88da4afa074642,REJECTED,False,总交易不足|活跃月份不足|盈利因子不足|实际盈亏比不足|累计净R不足,11.0,0,0,0.0,0.0,0.0,0.0,0.0,0.0,0.0,0.0,0.5,0.0,0,0,0.0,0.0,0
25,向上假突破回区间空头,假突破反转,17,ac5c84f354a5b036,REJECTED,False,总交易不足|活跃月份不足|盈利因子不足|实际盈亏比不足|累计净R不足,11.0,0,0,0.0,0.0,0.0,0.0,0.0,0.0,0.0,0.0,0.5,0.0,0,0,0.0,0.0,0
25,向上假突破回区间空头,假突破反转,18,a9fad0cc5e6bd758,REJECTED,False,总交易不足|活跃月份不足|盈利因子不足|实际盈亏比不足|累计净R不足,11.0,0,0,0.0,0.0,0.0,0.0,0.0,0.0,0.0,0.0,0.5,0.0,0,0,0.0,0.0,0
25,向上假突破回区间空头,假突破反转,19,05275d24697ad0ba,REJECTED,False,总交易不足|活跃月份不足|盈利因子不足|实际盈亏比不足|累计净R不足,11.0,0,0,0.0,0.0,0.0,0.0,0.0,0.0,0.0,0.0,0.5,0.0,0,0,0.0,0.0,0
25,向上假突破回区间空头,假突破反转,20,d6a2804feca7be3f,REJECTED,False,总交易不足|活跃月份不足|盈利因子不足|实际盈亏比不足|累计净R不足,11.0,0,0,0.0,0.0,0.0,0.0,0.0,0.0,0.0,0.0,0.5,0.0,0,0,0.0,0.0,0
25,向上假突破回区间空头,假突破反转,21,1d4e9a4bf867b29e,REJECTED,False,总交易不足|活跃月份不足|盈利因子不足|实际盈亏比不足|累计净R不足,11.0,0,0,0.0,0.0,0.0,0.0,0.0,0.0,0.0,0.0,0.5,0.0,0,0,0.0,0.0,0
25,向上假突破回区间空头,假突破反转,22,c2f210736b8867f5,REJECTED,False,总交易不足|活跃月份不足|盈利因子不足|实际盈亏比不足|累计净R不足,11.0,0,0,0.0,0.0,0.0,0.0,0.0,0.0,0.0,0.0,0.5,0.0,0,0,0.0,0.0,0
25,向上假突破回区间空头,假突破反转,23,7b964323626c4d9d,REJECTED,False,总交易不足|活跃月份不足|盈利因子不足|实际盈亏比不足|累计净R不足,11.0,0,0,0.0,0.0,0.0,0.0,0.0,0.0,0.0,0.0,0.5,0.0,0,0,0.0,0.0,0
25,向上假突破回区间空头,假突破反转,24,ca8d894c464e8314,REJECTED,False,总交易不足|活跃月份不足|盈利因子不足|实际盈亏比不足|累计净R不足,11.0,0,0,0.0,0.0,0.0,0.0,0.0,0.0,0.0,0.0,0.5,0.0,0,0,0.0,0.0,0
26,资金费率极端回归多头,衍生品反转,1,fcc89570f6af5d59,REJECTED,False,总交易不足|活跃月份不足|盈利因子不足|实际盈亏比不足|累计净R不足,11.0,0,0,0.0,0.0,0.0,0.0,0.0,0.0,0.0,0.0,0.5,0.0,0,0,0.0,0.0,0
26,资金费率极端回归多头,衍生品反转,2,68395a714b774744,REJECTED,False,总交易不足|活跃月份不足|盈利因子不足|实际盈亏比不足|累计净R不足,11.0,0,0,0.0,0.0,0.0,0.0,0.0,0.0,0.0,0.0,0.5,0.0,0,0,0.0,0.0,0
26,资金费率极端回归多头,衍生品反转,3,30465d9c0b0ffef6,REJECTED,False,总交易不足|活跃月份不足|盈利因子不足|实际盈亏比不足|累计净R不足,11.0,0,0,0.0,0.0,0.0,0.0,0.0,0.0,0.0,0.0,0.5,0.0,0,0,0.0,0.0,0
26,资金费率极端回归多头,衍生品反转,4,9726eff41b552295,REJECTED,False,总交易不足|活跃月份不足|盈利因子不足|实际盈亏比不足|累计净R不足,11.0,0,0,0.0,0.0,0.0,0.0,0.0,0.0,0.0,0.0,0.5,0.0,0,0,0.0,0.0,0
26,资金费率极端回归多头,衍生品反转,5,4c82bfbd5920d5c6,REJECTED,False,总交易不足|活跃月份不足|盈利因子不足|实际盈亏比不足|累计净R不足,11.0,0,0,0.0,0.0,0.0,0.0,0.0,0.0,0.0,0.0,0.5,0.0,0,0,0.0,0.0,0
26,资金费率极端回归多头,衍生品反转,6,53e435800d79924c,REJECTED,False,总交易不足|活跃月份不足|盈利因子不足|实际盈亏比不足|累计净R不足,11.0,0,0,0.0,0.0,0.0,0.0,0.0,0.0,0.0,0.0,0.5,0.0,0,0,0.0,0.0,0
26,资金费率极端回归多头,衍生品反转,7,3fddf265dfa4733d,REJECTED,False,总交易不足|活跃月份不足|盈利因子不足|实际盈亏比不足|累计净R不足,11.0,0,0,0.0,0.0,0.0,0.0,0.0,0.0,0.0,0.0,0.5,0.0,0,0,0.0,0.0,0
26,资金费率极端回归多头,衍生品反转,8,ae20300ca99c3d53,REJECTED,False,总交易不足|活跃月份不足|盈利因子不足|实际盈亏比不足|累计净R不足,11.0,0,0,0.0,0.0,0.0,0.0,0.0,0.0,0.0,0.0,0.5,0.0,0,0,0.0,0.0,0
26,资金费率极端回归多头,衍生品反转,9,c341d55c71eca8ea,REJECTED,False,总交易不足|活跃月份不足|盈利因子不足|实际盈亏比不足|累计净R不足,11.0,0,0,0.0,0.0,0.0,0.0,0.0,0.0,0.0,0.0,0.5,0.0,0,0,0.0,0.0,0
26,资金费率极端回归多头,衍生品反转,10,6893f65b01eb260d,REJECTED,False,总交易不足|活跃月份不足|盈利因子不足|实际盈亏比不足|累计净R不足,11.0,0,0,0.0,0.0,0.0,0.0,0.0,0.0,0.0,0.0,0.5,0.0,0,0,0.0,0.0,0
26,资金费率极端回归多头,衍生品反转,11,ff0fca175d8bb674,REJECTED,False,总交易不足|活跃月份不足|盈利因子不足|实际盈亏比不足|累计净R不足,11.0,0,0,0.0,0.0,0.0,0.0,0.0,0.0,0.0,0.0,0.5,0.0,0,0,0.0,0.0,0
26,资金费率极端回归多头,衍生品反转,12,f9d233a634cfcaf7,REJECTED,False,总交易不足|活跃月份不足|盈利因子不足|实际盈亏比不足|累计净R不足,11.0,0,0,0.0,0.0,0.0,0.0,0.0,0.0,0.0,0.0,0.5,0.0,0,0,0.0,0.0,0
26,资金费率极端回归多头,衍生品反转,13,7273b7d993c60366,REJECTED,False,总交易不足|活跃月份不足|盈利因子不足|实际盈亏比不足|累计净R不足,11.0,0,0,0.0,0.0,0.0,0.0,0.0,0.0,0.0,0.0,0.5,0.0,0,0,0.0,0.0,0
26,资金费率极端回归多头,衍生品反转,14,94e5ea20c292cde8,REJECTED,False,总交易不足|活跃月份不足|盈利因子不足|实际盈亏比不足|累计净R不足,11.0,0,0,0.0,0.0,0.0,0.0,0.0,0.0,0.0,0.0,0.5,0.0,0,0,0.0,0.0,0
26,资金费率极端回归多头,衍生品反转,15,65194ab9417e471b,REJECTED,False,总交易不足|活跃月份不足|盈利因子不足|实际盈亏比不足|累计净R不足,11.0,0,0,0.0,0.0,0.0,0.0,0.0,0.0,0.0,0.0,0.5,0.0,0,0,0.0,0.0,0
26,资金费率极端回归多头,衍生品反转,16,9d9e4f3bfb8c1871,REJECTED,False,总交易不足|活跃月份不足|盈利因子不足|实际盈亏比不足|累计净R不足,11.0,0,0,0.0,0.0,0.0,0.0,0.0,0.0,0.0,0.0,0.5,0.0,0,0,0.0,0.0,0
26,资金费率极端回归多头,衍生品反转,17,e4116bdde669ef18,REJECTED,False,总交易不足|活跃月份不足|盈利因子不足|实际盈亏比不足|累计净R不足,11.0,0,0,0.0,0.0,0.0,0.0,0.0,0.0,0.0,0.0,0.5,0.0,0,0,0.0,0.0,0
26,资金费率极端回归多头,衍生品反转,18,f06dc0a0992a74fb,REJECTED,False,总交易不足|活跃月份不足|盈利因子不足|实际盈亏比不足|累计净R不足,11.0,0,0,0.0,0.0,0.0,0.0,0.0,0.0,0.0,0.0,0.5,0.0,0,0,0.0,0.0,0
26,资金费率极端回归多头,衍生品反转,19,59b8f596e91a83c5,REJECTED,False,总交易不足|活跃月份不足|盈利因子不足|实际盈亏比不足|累计净R不足,11.0,0,0,0.0,0.0,0.0,0.0,0.0,0.0,0.0,0.0,0.5,0.0,0,0,0.0,0.0,0
26,资金费率极端回归多头,衍生品反转,20,56f58a97f8d18c3c,REJECTED,False,总交易不足|活跃月份不足|盈利因子不足|实际盈亏比不足|累计净R不足,11.0,0,0,0.0,0.0,0.0,0.0,0.0,0.0,0.0,0.0,0.5,0.0,0,0,0.0,0.0,0
26,资金费率极端回归多头,衍生品反转,21,c49708d36ff6779c,REJECTED,False,总交易不足|活跃月份不足|盈利因子不足|实际盈亏比不足|累计净R不足,11.0,0,0,0.0,0.0,0.0,0.0,0.0,0.0,0.0,0.0,0.5,0.0,0,0,0.0,0.0,0
26,资金费率极端回归多头,衍生品反转,22,a4af39b38e4dcf73,REJECTED,False,总交易不足|活跃月份不足|盈利因子不足|实际盈亏比不足|累计净R不足,11.0,0,0,0.0,0.0,0.0,0.0,0.0,0.0,0.0,0.0,0.5,0.0,0,0,0.0,0.0,0
26,资金费率极端回归多头,衍生品反转,23,4622bd4654aae68c,REJECTED,False,总交易不足|活跃月份不足|盈利因子不足|实际盈亏比不足|累计净R不足,11.0,0,0,0.0,0.0,0.0,0.0,0.0,0.0,0.0,0.0,0.5,0.0,0,0,0.0,0.0,0
26,资金费率极端回归多头,衍生品反转,24,1969e1f0ff741f69,REJECTED,False,总交易不足|活跃月份不足|盈利因子不足|实际盈亏比不足|累计净R不足,11.0,0,0,0.0,0.0,0.0,0.0,0.0,0.0,0.0,0.0,0.5,0.0,0,0,0.0,0.0,0
27,资金费率极端回归空头,衍生品反转,1,b02aa80e33f81c12,REJECTED,False,总交易不足|活跃月份不足|盈利因子不足|实际盈亏比不足|累计净R不足,-1.263215655059306,1,0,0.0,0.0,1.3040993432837082,0.0,0.0,-1.3040993432837082,1.3040993432837082,-1.3040993432837082,0.4444444444444444,0.0,1,0,-1.3040993432837082,0.0,1
27,资金费率极端回归空头,衍生品反转,2,be669920598442a4,REJECTED,False,总交易不足|活跃月份不足|盈利因子不足|实际盈亏比不足|累计净R不足,-1.263215655059306,1,0,0.0,0.0,1.3040993432837082,0.0,0.0,-1.3040993432837082,1.3040993432837082,-1.3040993432837082,0.4444444444444444,0.0,1,0,-1.3040993432837082,0.0,1
27,资金费率极端回归空头,衍生品反转,3,e75b1e50d0cfca04,REJECTED,False,总交易不足|活跃月份不足|盈利因子不足|实际盈亏比不足|累计净R不足,-1.263215655059306,1,0,0.0,0.0,1.3040993432837082,0.0,0.0,-1.3040993432837082,1.3040993432837082,-1.3040993432837082,0.4444444444444444,0.0,1,0,-1.3040993432837082,0.0,1
27,资金费率极端回归空头,衍生品反转,4,a98a835bcddc0ad5,REJECTED,False,总交易不足|活跃月份不足|盈利因子不足|实际盈亏比不足|累计净R不足,-1.263215655059306,1,0,0.0,0.0,1.3040993432837082,0.0,0.0,-1.3040993432837082,1.3040993432837082,-1.3040993432837082,0.4444444444444444,0.0,1,0,-1.3040993432837082,0.0,1
27,资金费率极端回归空头,衍生品反转,5,b2a534a14454bac8,REJECTED,False,总交易不足|活跃月份不足|盈利因子不足|实际盈亏比不足|累计净R不足,-1.566006857350489,1,0,0.0,0.0,1.3343784635128266,0.0,0.0,-1.3343784635128266,1.3343784635128266,-1.3343784635128266,0.4444444444444444,0.0,1,0,-1.3343784635128266,0.0,1
27,资金费率极端回归空头,衍生品反转,6,49428ab3fa186b1b,REJECTED,False,总交易不足|活跃月份不足|盈利因子不足|实际盈亏比不足|累计净R不足,-1.566006857350489,1,0,0.0,0.0,1.3343784635128266,0.0,0.0,-1.3343784635128266,1.3343784635128266,-1.3343784635128266,0.4444444444444444,0.0,1,0,-1.3343784635128266,0.0,1
27,资金费率极端回归空头,衍生品反转,7,8eb51685c4e18d20,REJECTED,False,总交易不足|活跃月份不足|盈利因子不足|实际盈亏比不足|累计净R不足,-1.5663768400821558,1,0,0.0,0.0,1.3344154617859934,0.0,0.0,-1.3344154617859934,1.3344154617859934,-1.3344154617859934,0.4444444444444444,0.0,1,0,-1.3344154617859934,0.0,1
27,资金费率极端回归空头,衍生品反转,8,e15f1b3e0716080a,REJECTED,False,总交易不足|活跃月份不足|盈利因子不足|实际盈亏比不足|累计净R不足,-1.5663768400821558,1,0,0.0,0.0,1.3344154617859934,0.0,0.0,-1.3344154617859934,1.3344154617859934,-1.3344154617859934,0.4444444444444444,0.0,1,0,-1.3344154617859934,0.0,1
27,资金费率极端回归空头,衍生品反转,9,31c11dd08e66ebfa,REJECTED,False,总交易不足|活跃月份不足|盈利因子不足|实际盈亏比不足|累计净R不足,-4.276333961315064,2,0,0.0,0.0,0.7538166980657532,0.0,0.0,-1.5076333961315065,1.5076333961315065,-0.7538166980657532,0.4,0.0,1,0,-1.5076333961315065,0.0,2
27,资金费率极端回归空头,衍生品反转,10,e53d66e1ba8189e9,REJECTED,False,总交易不足|活跃月份不足|盈利因子不足|实际盈亏比不足|累计净R不足,-4.276333961315064,2,0,0.0,0.0,0.7538166980657532,0.0,0.0,-1.5076333961315065,1.5076333961315065,-0.7538166980657532,0.4,0.0,1,0,-1.5076333961315065,0.0,2
27,资金费率极端回归空头,衍生品反转,11,1a2b0adea3117bb9,REJECTED,False,总交易不足|活跃月份不足|盈利因子不足|实际盈亏比不足|累计净R不足,-4.276333961315064,2,0,0.0,0.0,0.7538166980657532,0.0,0.0,-1.5076333961315065,1.5076333961315065,-0.7538166980657532,0.4,0.0,1,0,-1.5076333961315065,0.0,2
27,资金费率极端回归空头,衍生品反转,12,25a48552b3a71206,REJECTED,False,总交易不足|活跃月份不足|盈利因子不足|实际盈亏比不足|累计净R不足,-4.276333961315064,2,0,0.0,0.0,0.7538166980657532,0.0,0.0,-1.5076333961315065,1.5076333961315065,-0.7538166980657532,0.4,0.0,1,0,-1.5076333961315065,0.0,2
27,资金费率极端回归空头,衍生品反转,13,93f9d4bfce2909c7,REJECTED,False,总交易不足|活跃月份不足|盈利因子不足|实际盈亏比不足|累计净R不足|最差月份亏损过大,-15.888108846151919,2,0,0.0,0.0,1.334405442307596,0.0,0.0,-2.668810884615192,2.668810884615192,-1.334405442307596,0.4,0.0,1,0,-2.668810884615192,0.0,2
27,资金费率极端回归空头,衍生品反转,14,102d61c10d46b68d,REJECTED,False,总交易不足|活跃月份不足|盈利因子不足|实际盈亏比不足|累计净R不足|最差月份亏损过大,-15.888108846151919,2,0,0.0,0.0,1.334405442307596,0.0,0.0,-2.668810884615192,2.668810884615192,-1.334405442307596,0.4,0.0,1,0,-2.668810884615192,0.0,2
27,资金费率极端回归空头,衍生品反转,15,438e37721a4bff07,REJECTED,False,总交易不足|活跃月份不足|盈利因子不足|实际盈亏比不足|累计净R不足|最差月份亏损过大,-15.888120028621326,2,0,0.0,0.0,1.3344060014310664,0.0,0.0,-2.6688120028621327,2.6688120028621327,-1.3344060014310664,0.4,0.0,1,0,-2.6688120028621327,0.0,2
27,资金费率极端回归空头,衍生品反转,16,5cb575186cd8efa9,REJECTED,False,总交易不足|活跃月份不足|盈利因子不足|实际盈亏比不足|累计净R不足|最差月份亏损过大,-15.888120028621326,2,0,0.0,0.0,1.3344060014310664,0.0,0.0,-2.6688120028621327,2.6688120028621327,-1.3344060014310664,0.4,0.0,1,0,-2.6688120028621327,0.0,2
27,资金费率极端回归空头,衍生品反转,17,ab1a7bf6d11e9bd8,REJECTED,False,活跃月份不足|盈利因子不足|实际盈亏比不足|累计净R不足|最差月份亏损过大,-18.11720372612715,3,0,0.0,0.0,0.9372401242042384,0.0,0.0,-2.811720372612715,2.811720372612715,-0.9372401242042384,0.36363636363636365,0.0,1,0,-2.811720372612715,0.0,3
27,资金费率极端回归空头,衍生品反转,18,8d59010061f9adc1,REJECTED,False,活跃月份不足|盈利因子不足|实际盈亏比不足|累计净R不足|最差月份亏损过大,-18.11720372612715,3,0,0.0,0.0,0.9372401242042384,0.0,0.0,-2.811720372612715,2.811720372612715,-0.9372401242042384,0.36363636363636365,0.0,1,0,-2.811720372612715,0.0,3
27,资金费率极端回归空头,衍生品反转,19,f480d9ccdbc816d0,REJECTED,False,活跃月份不足|盈利因子不足|实际盈亏比不足|累计净R不足|最差月份亏损过大,-18.11720468292082,3,0,0.0,0.0,0.9372401560973608,0.0,0.0,-2.811720468292082,2.811720468292082,-0.9372401560973608,0.36363636363636365,0.0,1,0,-2.811720468292082,0.0,3
27,资金费率极端回归空头,衍生品反转,20,9d4342caf2b7752f,REJECTED,False,活跃月份不足|盈利因子不足|实际盈亏比不足|累计净R不足|最差月份亏损过大,-18.11720468292082,3,0,0.0,0.0,0.9372401560973608,0.0,0.0,-2.811720468292082,2.811720468292082,-0.9372401560973608,0.36363636363636365,0.0,1,0,-2.811720468292082,0.0,3
27,资金费率极端回归空头,衍生品反转,21,f412d8b5719784b2,REJECTED,False,活跃月份不足|盈利因子不足|实际盈亏比不足|累计净R不足|最差月份亏损过大,-19.226603737160133,3,0,0.0,0.0,0.9742201245720045,0.0,0.0,-2.9226603737160133,2.9226603737160133,-0.9742201245720045,0.36363636363636365,0.0,1,0,-2.9226603737160133,0.0,3
27,资金费率极端回归空头,衍生品反转,22,958059cfad0a8f25,REJECTED,False,活跃月份不足|盈利因子不足|实际盈亏比不足|累计净R不足|最差月份亏损过大,-19.226603737160133,3,0,0.0,0.0,0.9742201245720045,0.0,0.0,-2.9226603737160133,2.9226603737160133,-0.9742201245720045,0.36363636363636365,0.0,1,0,-2.9226603737160133,0.0,3
27,资金费率极端回归空头,衍生品反转,23,3955909ee1252a74,REJECTED,False,活跃月份不足|盈利因子不足|实际盈亏比不足|累计净R不足|最差月份亏损过大,-19.227283412020952,3,0,0.0,0.0,0.9742427804006984,0.0,0.0,-2.9227283412020952,2.9227283412020952,-0.9742427804006984,0.36363636363636365,0.0,1,0,-2.9227283412020952,0.0,3
27,资金费率极端回归空头,衍生品反转,24,ed1b377ffe97b58a,REJECTED,False,活跃月份不足|盈利因子不足|实际盈亏比不足|累计净R不足|最差月份亏损过大,-19.227283412020952,3,0,0.0,0.0,0.9742427804006984,0.0,0.0,-2.9227283412020952,2.9227283412020952,-0.9742427804006984,0.36363636363636365,0.0,1,0,-2.9227283412020952,0.0,3
28,合约溢价极端修复多头,基差反转,1,c468956982a6e533,REJECTED,False,总交易不足|活跃月份不足,40.32943943725888,2,1,0.5,1.4651519433534792,0.25398728202673576,5.768603575982404,5.768603575982404,1.2111646613267435,0.25398728202673576,0.6055823306633717,0.5,0.21132486540518713,1,1,0.0,1.0,2
28,合约溢价极端修复多头,基差反转,2,032e7e63353b4957,REJECTED,False,总交易不足|活跃月份不足,40.32943943725888,2,1,0.5,1.4651519433534792,0.25398728202673576,5.768603575982404,5.768603575982404,1.2111646613267435,0.25398728202673576,0.6055823306633717,0.5,0.21132486540518713,1,1,0.0,1.0,2
28,合约溢价极端修复多头,基差反转,3,f0a6e64af8f05735,REJECTED,False,总交易不足|活跃月份不足,40.32943943725888,2,1,0.5,1.4651519433534792,0.25398728202673576,5.768603575982404,5.768603575982404,1.2111646613267435,0.25398728202673576,0.6055823306633717,0.5,0.21132486540518713,1,1,0.0,1.0,2
28,合约溢价极端修复多头,基差反转,4,093dac7fcabfaabe,REJECTED,False,总交易不足|活跃月份不足,40.32943943725888,2,1,0.5,1.4651519433534792,0.25398728202673576,5.768603575982404,5.768603575982404,1.2111646613267435,0.25398728202673576,0.6055823306633717,0.5,0.21132486540518713,1,1,0.0,1.0,2
28,合约溢价极端修复多头,基差反转,5,742043df497c16ec,REJECTED,False,总交易不足|活跃月份不足|盈利因子不足|实际盈亏比不足|累计净R不足,11.0,0,0,0.0,0.0,0.0,0.0,0.0,0.0,0.0,0.0,0.5,0.0,0,0,0.0,0.0,0
28,合约溢价极端修复多头,基差反转,6,5ef71b35a0c257ec,REJECTED,False,总交易不足|活跃月份不足|盈利因子不足|实际盈亏比不足|累计净R不足,11.0,0,0,0.0,0.0,0.0,0.0,0.0,0.0,0.0,0.0,0.5,0.0,0,0,0.0,0.0,0
28,合约溢价极端修复多头,基差反转,7,0ba48f62cfa7494c,REJECTED,False,总交易不足|活跃月份不足|盈利因子不足|实际盈亏比不足|累计净R不足,11.0,0,0,0.0,0.0,0.0,0.0,0.0,0.0,0.0,0.0,0.5,0.0,0,0,0.0,0.0,0
28,合约溢价极端修复多头,基差反转,8,925d2d02f80fc5f4,REJECTED,False,总交易不足|活跃月份不足|盈利因子不足|实际盈亏比不足|累计净R不足,11.0,0,0,0.0,0.0,0.0,0.0,0.0,0.0,0.0,0.0,0.5,0.0,0,0,0.0,0.0,0
28,合约溢价极端修复多头,基差反转,9,3d15b55131a950c1,REJECTED,False,总交易不足|活跃月份不足|盈利因子不足|实际盈亏比不足|累计净R不足,11.0,0,0,0.0,0.0,0.0,0.0,0.0,0.0,0.0,0.0,0.5,0.0,0,0,0.0,0.0,0
28,合约溢价极端修复多头,基差反转,10,4abb05d6fcd2b979,REJECTED,False,总交易不足|活跃月份不足|盈利因子不足|实际盈亏比不足|累计净R不足,11.0,0,0,0.0,0.0,0.0,0.0,0.0,0.0,0.0,0.0,0.5,0.0,0,0,0.0,0.0,0
28,合约溢价极端修复多头,基差反转,11,ed236082c2e394da,REJECTED,False,总交易不足|活跃月份不足|盈利因子不足|实际盈亏比不足|累计净R不足,11.0,0,0,0.0,0.0,0.0,0.0,0.0,0.0,0.0,0.0,0.5,0.0,0,0,0.0,0.0,0
28,合约溢价极端修复多头,基差反转,12,81441cf5ccce5738,REJECTED,False,总交易不足|活跃月份不足|盈利因子不足|实际盈亏比不足|累计净R不足,11.0,0,0,0.0,0.0,0.0,0.0,0.0,0.0,0.0,0.0,0.5,0.0,0,0,0.0,0.0,0
28,合约溢价极端修复多头,基差反转,13,fadda0a69a1cad40,REJECTED,False,总交易不足|活跃月份不足|盈利因子不足|实际盈亏比不足|累计净R不足,11.0,0,0,0.0,0.0,0.0,0.0,0.0,0.0,0.0,0.0,0.5,0.0,0,0,0.0,0.0,0
28,合约溢价极端修复多头,基差反转,14,e192dbbbf624e8c6,REJECTED,False,总交易不足|活跃月份不足|盈利因子不足|实际盈亏比不足|累计净R不足,11.0,0,0,0.0,0.0,0.0,0.0,0.0,0.0,0.0,0.0,0.5,0.0,0,0,0.0,0.0,0
28,合约溢价极端修复多头,基差反转,15,65f4e7bf148c4f52,REJECTED,False,总交易不足|活跃月份不足|盈利因子不足|实际盈亏比不足|累计净R不足,11.0,0,0,0.0,0.0,0.0,0.0,0.0,0.0,0.0,0.0,0.5,0.0,0,0,0.0,0.0,0
28,合约溢价极端修复多头,基差反转,16,46b9c14acd333994,REJECTED,False,总交易不足|活跃月份不足|盈利因子不足|实际盈亏比不足|累计净R不足,11.0,0,0,0.0,0.0,0.0,0.0,0.0,0.0,0.0,0.0,0.5,0.0,0,0,0.0,0.0,0
28,合约溢价极端修复多头,基差反转,17,48c0a571f023845e,REJECTED,False,总交易不足|活跃月份不足|盈利因子不足|实际盈亏比不足|累计净R不足,9.741393395716617,1,0,0.0,0.0,0.20363843820611607,0.0,0.0,-0.20363843820611607,0.20363843820611607,-0.20363843820611607,0.4444444444444444,0.0,1,0,-0.20363843820611607,0.0,1
28,合约溢价极端修复多头,基差反转,18,9d3c625374e50f0a,REJECTED,False,总交易不足|活跃月份不足|盈利因子不足|实际盈亏比不足|累计净R不足,9.741393395716617,1,0,0.0,0.0,0.20363843820611607,0.0,0.0,-0.20363843820611607,0.20363843820611607,-0.20363843820611607,0.4444444444444444,0.0,1,0,-0.20363843820611607,0.0,1
28,合约溢价极端修复多头,基差反转,19,c556780da8fd4b2a,REJECTED,False,总交易不足|活跃月份不足|盈利因子不足|实际盈亏比不足|累计净R不足,9.741393395716617,1,0,0.0,0.0,0.20363843820611607,0.0,0.0,-0.20363843820611607,0.20363843820611607,-0.20363843820611607,0.4444444444444444,0.0,1,0,-0.20363843820611607,0.0,1
28,合约溢价极端修复多头,基差反转,20,81b8d36c134f6b67,REJECTED,False,总交易不足|活跃月份不足|盈利因子不足|实际盈亏比不足|累计净R不足,9.741393395716617,1,0,0.0,0.0,0.20363843820611607,0.0,0.0,-0.20363843820611607,0.20363843820611607,-0.20363843820611607,0.4444444444444444,0.0,1,0,-0.20363843820611607,0.0,1
28,合约溢价极端修复多头,基差反转,21,3dcbc997d7e6c34d,REJECTED,False,总交易不足|活跃月份不足|盈利因子不足|实际盈亏比不足|累计净R不足,9.741393395716617,1,0,0.0,0.0,0.20363843820611607,0.0,0.0,-0.20363843820611607,0.20363843820611607,-0.20363843820611607,0.4444444444444444,0.0,1,0,-0.20363843820611607,0.0,1
28,合约溢价极端修复多头,基差反转,22,1a6734217c80e8e6,REJECTED,False,总交易不足|活跃月份不足|盈利因子不足|实际盈亏比不足|累计净R不足,9.741393395716617,1,0,0.0,0.0,0.20363843820611607,0.0,0.0,-0.20363843820611607,0.20363843820611607,-0.20363843820611607,0.4444444444444444,0.0,1,0,-0.20363843820611607,0.0,1
28,合约溢价极端修复多头,基差反转,23,61c7503426bc984b,REJECTED,False,总交易不足|活跃月份不足|盈利因子不足|实际盈亏比不足|累计净R不足,9.237904957510418,1,0,0.0,0.0,0.25398728202673576,0.0,0.0,-0.25398728202673576,0.25398728202673576,-0.25398728202673576,0.4444444444444444,0.0,1,0,-0.25398728202673576,0.0,1
28,合约溢价极端修复多头,基差反转,24,bf893553e863b925,REJECTED,False,总交易不足|活跃月份不足|盈利因子不足|实际盈亏比不足|累计净R不足,9.237904957510418,1,0,0.0,0.0,0.25398728202673576,0.0,0.0,-0.25398728202673576,0.25398728202673576,-0.25398728202673576,0.4444444444444444,0.0,1,0,-0.25398728202673576,0.0,1
29,合约溢价极端修复空头,基差反转,1,9cc0c5de692aa62f,REJECTED,False,总交易不足|活跃月份不足|盈利因子不足|实际盈亏比不足|累计净R不足,11.0,0,0,0.0,0.0,0.0,0.0,0.0,0.0,0.0,0.0,0.5,0.0,0,0,0.0,0.0,0
29,合约溢价极端修复空头,基差反转,2,47dba36f73121a18,REJECTED,False,总交易不足|活跃月份不足|盈利因子不足|实际盈亏比不足|累计净R不足,11.0,0,0,0.0,0.0,0.0,0.0,0.0,0.0,0.0,0.0,0.5,0.0,0,0,0.0,0.0,0
29,合约溢价极端修复空头,基差反转,3,5d1f6d7292487bf0,REJECTED,False,总交易不足|活跃月份不足|盈利因子不足|实际盈亏比不足|累计净R不足,11.0,0,0,0.0,0.0,0.0,0.0,0.0,0.0,0.0,0.0,0.5,0.0,0,0,0.0,0.0,0
29,合约溢价极端修复空头,基差反转,4,bb44a518fb5bf1b9,REJECTED,False,总交易不足|活跃月份不足|盈利因子不足|实际盈亏比不足|累计净R不足,11.0,0,0,0.0,0.0,0.0,0.0,0.0,0.0,0.0,0.0,0.5,0.0,0,0,0.0,0.0,0
29,合约溢价极端修复空头,基差反转,5,dc7f28e120df9f9f,REJECTED,False,总交易不足|活跃月份不足|盈利因子不足|实际盈亏比不足|累计净R不足,11.0,0,0,0.0,0.0,0.0,0.0,0.0,0.0,0.0,0.0,0.5,0.0,0,0,0.0,0.0,0
29,合约溢价极端修复空头,基差反转,6,9b74a39252193b0d,REJECTED,False,总交易不足|活跃月份不足|盈利因子不足|实际盈亏比不足|累计净R不足,11.0,0,0,0.0,0.0,0.0,0.0,0.0,0.0,0.0,0.0,0.5,0.0,0,0,0.0,0.0,0
29,合约溢价极端修复空头,基差反转,7,5bbc2998aedaf067,REJECTED,False,总交易不足|活跃月份不足|盈利因子不足|实际盈亏比不足|累计净R不足,11.0,0,0,0.0,0.0,0.0,0.0,0.0,0.0,0.0,0.0,0.5,0.0,0,0,0.0,0.0,0
29,合约溢价极端修复空头,基差反转,8,ca5fd0bcf063780b,REJECTED,False,总交易不足|活跃月份不足|盈利因子不足|实际盈亏比不足|累计净R不足,11.0,0,0,0.0,0.0,0.0,0.0,0.0,0.0,0.0,0.0,0.5,0.0,0,0,0.0,0.0,0
29,合约溢价极端修复空头,基差反转,9,191dd9f7992dfd8e,REJECTED,False,总交易不足|活跃月份不足|盈利因子不足|实际盈亏比不足|累计净R不足,11.0,0,0,0.0,0.0,0.0,0.0,0.0,0.0,0.0,0.0,0.5,0.0,0,0,0.0,0.0,0
29,合约溢价极端修复空头,基差反转,10,6c1b97ec9c2a1203,REJECTED,False,总交易不足|活跃月份不足|盈利因子不足|实际盈亏比不足|累计净R不足,11.0,0,0,0.0,0.0,0.0,0.0,0.0,0.0,0.0,0.0,0.5,0.0,0,0,0.0,0.0,0
29,合约溢价极端修复空头,基差反转,11,98a2d497101d603d,REJECTED,False,总交易不足|活跃月份不足|盈利因子不足|实际盈亏比不足|累计净R不足,11.0,0,0,0.0,0.0,0.0,0.0,0.0,0.0,0.0,0.0,0.5,0.0,0,0,0.0,0.0,0
29,合约溢价极端修复空头,基差反转,12,f7178d2a60194dca,REJECTED,False,总交易不足|活跃月份不足|盈利因子不足|实际盈亏比不足|累计净R不足,11.0,0,0,0.0,0.0,0.0,0.0,0.0,0.0,0.0,0.0,0.5,0.0,0,0,0.0,0.0,0
29,合约溢价极端修复空头,基差反转,13,b73872009c150552,REJECTED,False,总交易不足|活跃月份不足|盈利因子不足|实际盈亏比不足|累计净R不足,11.0,0,0,0.0,0.0,0.0,0.0,0.0,0.0,0.0,0.0,0.5,0.0,0,0,0.0,0.0,0
29,合约溢价极端修复空头,基差反转,14,c5c054c0ebd3e253,REJECTED,False,总交易不足|活跃月份不足|盈利因子不足|实际盈亏比不足|累计净R不足,11.0,0,0,0.0,0.0,0.0,0.0,0.0,0.0,0.0,0.0,0.5,0.0,0,0,0.0,0.0,0
29,合约溢价极端修复空头,基差反转,15,7db16ab652419c70,REJECTED,False,总交易不足|活跃月份不足|盈利因子不足|实际盈亏比不足|累计净R不足,11.0,0,0,0.0,0.0,0.0,0.0,0.0,0.0,0.0,0.0,0.5,0.0,0,0,0.0,0.0,0
29,合约溢价极端修复空头,基差反转,16,3af3f7098f3957e2,REJECTED,False,总交易不足|活跃月份不足|盈利因子不足|实际盈亏比不足|累计净R不足,11.0,0,0,0.0,0.0,0.0,0.0,0.0,0.0,0.0,0.0,0.5,0.0,0,0,0.0,0.0,0
29,合约溢价极端修复空头,基差反转,17,80c8ac639b1a8ae9,REJECTED,False,总交易不足|活跃月份不足|盈利因子不足|实际盈亏比不足|累计净R不足,11.0,0,0,0.0,0.0,0.0,0.0,0.0,0.0,0.0,0.0,0.5,0.0,0,0,0.0,0.0,0
29,合约溢价极端修复空头,基差反转,18,230fee40457ebfbd,REJECTED,False,总交易不足|活跃月份不足|盈利因子不足|实际盈亏比不足|累计净R不足,11.0,0,0,0.0,0.0,0.0,0.0,0.0,0.0,0.0,0.0,0.5,0.0,0,0,0.0,0.0,0
29,合约溢价极端修复空头,基差反转,19,f7e6214b111b86e0,REJECTED,False,总交易不足|活跃月份不足|盈利因子不足|实际盈亏比不足|累计净R不足,11.0,0,0,0.0,0.0,0.0,0.0,0.0,0.0,0.0,0.0,0.5,0.0,0,0,0.0,0.0,0
29,合约溢价极端修复空头,基差反转,20,dceffa84d01a968d,REJECTED,False,总交易不足|活跃月份不足|盈利因子不足|实际盈亏比不足|累计净R不足,11.0,0,0,0.0,0.0,0.0,0.0,0.0,0.0,0.0,0.0,0.5,0.0,0,0,0.0,0.0,0
29,合约溢价极端修复空头,基差反转,21,a8f3860b89424b29,REJECTED,False,总交易不足|活跃月份不足|盈利因子不足|实际盈亏比不足|累计净R不足,11.0,0,0,0.0,0.0,0.0,0.0,0.0,0.0,0.0,0.0,0.5,0.0,0,0,0.0,0.0,0
29,合约溢价极端修复空头,基差反转,22,cc4356646f19fa79,REJECTED,False,总交易不足|活跃月份不足|盈利因子不足|实际盈亏比不足|累计净R不足,11.0,0,0,0.0,0.0,0.0,0.0,0.0,0.0,0.0,0.0,0.5,0.0,0,0,0.0,0.0,0
29,合约溢价极端修复空头,基差反转,23,df2ae03577cfc9bc,REJECTED,False,总交易不足|活跃月份不足|盈利因子不足|实际盈亏比不足|累计净R不足,11.0,0,0,0.0,0.0,0.0,0.0,0.0,0.0,0.0,0.0,0.5,0.0,0,0,0.0,0.0,0
29,合约溢价极端修复空头,基差反转,24,cab5d273b4a8906d,REJECTED,False,总交易不足|活跃月份不足|盈利因子不足|实际盈亏比不足|累计净R不足,11.0,0,0,0.0,0.0,0.0,0.0,0.0,0.0,0.0,0.0,0.5,0.0,0,0,0.0,0.0,0
30,欧美开盘区间突破多头,开盘突破,1,cbd27bbf86f53b15,REJECTED,False,总交易不足|活跃月份不足|盈利因子不足|实际盈亏比不足|累计净R不足,3.6178026520349684,1,0,0.0,0.0,0.8159975125742809,0.0,0.0,-0.8159975125742809,0.8159975125742809,-0.8159975125742809,0.4444444444444444,0.0,1,0,-0.8159975125742809,0.0,1
30,欧美开盘区间突破多头,开盘突破,2,533e93b76b66076f,REJECTED,False,总交易不足|活跃月份不足|盈利因子不足|实际盈亏比不足|累计净R不足,3.6178026520349684,1,0,0.0,0.0,0.8159975125742809,0.0,0.0,-0.8159975125742809,0.8159975125742809,-0.8159975125742809,0.4444444444444444,0.0,1,0,-0.8159975125742809,0.0,1
30,欧美开盘区间突破多头,开盘突破,3,2755bc0e764f2a88,REJECTED,False,总交易不足|活跃月份不足|盈利因子不足|实际盈亏比不足|累计净R不足,-0.9257467806777546,1,0,0.0,0.0,1.2703524558455532,0.0,0.0,-1.2703524558455532,1.2703524558455532,-1.2703524558455532,0.4444444444444444,0.0,1,0,-1.2703524558455532,0.0,1
30,欧美开盘区间突破多头,开盘突破,4,7ec50392647cebba,REJECTED,False,总交易不足|活跃月份不足|盈利因子不足|实际盈亏比不足|累计净R不足,-0.9257467806777546,1,0,0.0,0.0,1.2703524558455532,0.0,0.0,-1.2703524558455532,1.2703524558455532,-1.2703524558455532,0.4444444444444444,0.0,1,0,-1.2703524558455532,0.0,1
30,欧美开盘区间突破多头,开盘突破,5,3c77aa952c7efe70,REJECTED,False,总交易不足|盈利因子不足|实际盈亏比不足|累计净R不足,-2.4687706915836296,2,0,0.0,0.0,0.7634385345791815,0.0,0.0,-1.526877069158363,1.526877069158363,-0.7634385345791815,0.4,0.0,2,0,-1.3032735876376609,0.0,1
30,欧美开盘区间突破多头,开盘突破,6,3b19a66f8a634d18,REJECTED,False,总交易不足|盈利因子不足|实际盈亏比不足|累计净R不足,-2.4687706915836296,2,0,0.0,0.0,0.7634385345791815,0.0,0.0,-1.526877069158363,1.526877069158363,-0.7634385345791815,0.4,0.0,2,0,-1.3032735876376609,0.0,1
30,欧美开盘区间突破多头,开盘突破,7,7defc8ea8aa8235e,REJECTED,False,总交易不足|盈利因子不足|实际盈亏比不足|累计净R不足,-2.4687706915836296,2,0,0.0,0.0,0.7634385345791815,0.0,0.0,-1.526877069158363,1.526877069158363,-0.7634385345791815,0.4,0.0,2,0,-1.3032735876376609,0.0,1
30,欧美开盘区间突破多头,开盘突破,8,86b4811bd18fdf84,REJECTED,False,总交易不足|盈利因子不足|实际盈亏比不足|累计净R不足,-2.4687706915836296,2,0,0.0,0.0,0.7634385345791815,0.0,0.0,-1.526877069158363,1.526877069158363,-0.7634385345791815,0.4,0.0,2,0,-1.3032735876376609,0.0,1
30,欧美开盘区间突破多头,开盘突破,9,35597de2982bb009,REJECTED,False,总交易不足|活跃月份不足|盈利因子不足|实际盈亏比不足|累计净R不足|最差月份亏损过大,-10.06349968419834,2,0,0.0,0.0,1.0431749842099172,0.0,0.0,-2.0863499684198343,2.0863499684198343,-1.0431749842099172,0.4,0.0,1,0,-2.0863499684198343,0.0,2
30,欧美开盘区间突破多头,开盘突破,10,5740686270bffd57,REJECTED,False,总交易不足|活跃月份不足|盈利因子不足|实际盈亏比不足|累计净R不足|最差月份亏损过大,-10.06349968419834,2,0,0.0,0.0,1.0431749842099172,0.0,0.0,-2.0863499684198343,2.0863499684198343,-1.0431749842099172,0.4,0.0,1,0,-2.0863499684198343,0.0,2
30,欧美开盘区间突破多头,开盘突破,11,9568f7496cbb6bbe,REJECTED,False,总交易不足|活跃月份不足|盈利因子不足|实际盈亏比不足|累计净R不足|最差月份亏损过大,-10.063611356386359,2,0,0.0,0.0,1.043180567819318,0.0,0.0,-2.086361135638636,2.086361135638636,-1.043180567819318,0.4,0.0,1,0,-2.086361135638636,0.0,2
30,欧美开盘区间突破多头,开盘突破,12,dc0f1bbe12069d8c,REJECTED,False,总交易不足|活跃月份不足|盈利因子不足|实际盈亏比不足|累计净R不足|最差月份亏损过大,-10.063611356386359,2,0,0.0,0.0,1.043180567819318,0.0,0.0,-2.086361135638636,2.086361135638636,-1.043180567819318,0.4,0.0,1,0,-2.086361135638636,0.0,2
30,欧美开盘区间突破多头,开盘突破,13,28045439bd5953e5,REJECTED,False,总交易不足|活跃月份不足|盈利因子不足|实际盈亏比不足|累计净R不足|最差月份亏损过大,-10.063611356386359,2,0,0.0,0.0,1.043180567819318,0.0,0.0,-2.086361135638636,2.086361135638636,-1.043180567819318,0.4,0.0,1,0,-2.086361135638636,0.0,2
30,欧美开盘区间突破多头,开盘突破,14,f9b3da6933694a01,REJECTED,False,总交易不足|活跃月份不足|盈利因子不足|实际盈亏比不足|累计净R不足|最差月份亏损过大,-10.063611356386359,2,0,0.0,0.0,1.043180567819318,0.0,0.0,-2.086361135638636,2.086361135638636,-1.043180567819318,0.4,0.0,1,0,-2.086361135638636,0.0,2
30,欧美开盘区间突破多头,开盘突破,15,cc5a7659ab72dede,REJECTED,False,活跃月份不足|盈利因子不足|实际盈亏比不足|累计净R不足|最差月份亏损过大,-23.567135914841895,3,0,0.0,0.0,1.1189045304947298,0.0,0.0,-3.3567135914841897,3.3567135914841897,-1.1189045304947298,0.36363636363636365,0.0,1,0,-3.3567135914841897,0.0,3
30,欧美开盘区间突破多头,开盘突破,16,64ec2cdd62853017,REJECTED,False,活跃月份不足|盈利因子不足|实际盈亏比不足|累计净R不足|最差月份亏损过大,-23.567135914841895,3,0,0.0,0.0,1.1189045304947298,0.0,0.0,-3.3567135914841897,3.3567135914841897,-1.1189045304947298,0.36363636363636365,0.0,1,0,-3.3567135914841897,0.0,3
30,欧美开盘区间突破多头,开盘突破,17,a877ff1aabbaebd2,REJECTED,False,盈利因子不足|累计净R不足|最差月份亏损过大,-23.59520003683769,6,1,0.16666666666666666,1.4955427834600035,1.0872969624363404,1.3754685565467724,0.2750937113093545,-3.9409420287216994,3.9409420287216994,-0.6568236714536165,0.35714285714285715,0.06559528575241907,2,0,-3.9098220175307006,0.0,3
30,欧美开盘区间突破多头,开盘突破,18,f9b0b97528e653e7,REJECTED,False,盈利因子不足|累计净R不足|最差月份亏损过大,-23.595211262576164,6,1,0.16666666666666666,1.4955418638684057,1.0872969624363404,1.375467710787399,0.2750935421574798,-3.940942948313297,3.940942948313297,-0.6568238247188828,0.35714285714285715,0.06559528575241907,2,0,-3.9098220175307006,0.0,3
30,欧美开盘区间突破多头,开盘突破,19,3677fd8c3b91bd1e,REJECTED,False,盈利因子不足|累计净R不足|最差月份亏损过大,-23.595752960199277,6,1,0.16666666666666666,1.4955427834600035,1.0873073878604476,1.3754553681483415,0.2750910736296683,-3.940994155842234,3.940994155842234,-0.656832359307039,0.35714285714285715,0.06559528575241907,2,0,-3.9098741446512353,0.0,3
30,欧美开盘区间突破多头,开盘突破,20,2640e495bf1a0dcb,REJECTED,False,盈利因子不足|累计净R不足|最差月份亏损过大,-23.595752960199277,6,1,0.16666666666666666,1.4955427834600035,1.0873073878604476,1.3754553681483415,0.2750910736296683,-3.940994155842234,3.940994155842234,-0.656832359307039,0.35714285714285715,0.06559528575241907,2,0,-3.9098741446512353,0.0,3
30,欧美开盘区间突破多头,开盘突破,21,59ef13485629ffb6,REJECTED,False,盈利因子不足|实际盈亏比不足|累计净R不足|最差月份亏损过大,-29.99875066687698,4,0,0.0,0.0,1.0333021000052578,0.0,0.0,-4.133208400021031,4.133208400021031,-1.0333021000052578,0.3333333333333333,0.0,2,0,-2.6065456053700293,0.0,2
30,欧美开盘区间突破多头,开盘突破,22,e506f97f39af9803,REJECTED,False,盈利因子不足|实际盈亏比不足|累计净R不足|最差月份亏损过大,-29.99875066687698,4,0,0.0,0.0,1.0333021000052578,0.0,0.0,-4.133208400021031,4.133208400021031,-1.0333021000052578,0.3333333333333333,0.0,2,0,-2.6065456053700293,0.0,2
30,欧美开盘区间突破多头,开盘突破,23,6d91fd221ab4265c,REJECTED,False,盈利因子不足|实际盈亏比不足|累计净R不足|最差月份亏损过大,-29.99875114347811,4,0,0.0,0.0,1.033302111920286,0.0,0.0,-4.133208447681144,4.133208447681144,-1.033302111920286,0.3333333333333333,0.0,2,0,-2.606545653030142,0.0,2
30,欧美开盘区间突破多头,开盘突破,24,643d2c508730e875,REJECTED,False,盈利因子不足|实际盈亏比不足|累计净R不足|最差月份亏损过大,-29.99875114347811,4,0,0.0,0.0,1.033302111920286,0.0,0.0,-4.133208447681144,4.133208447681144,-1.033302111920286,0.3333333333333333,0.0,2,0,-2.606545653030142,0.0,2
31,欧美开盘区间突破空头,开盘突破,1,8f89911d444a7852,REJECTED,False,总交易不足|活跃月份不足|盈利因子不足|实际盈亏比不足|累计净R不足,11.0,0,0,0.0,0.0,0.0,0.0,0.0,0.0,0.0,0.0,0.5,0.0,0,0,0.0,0.0,0
31,欧美开盘区间突破空头,开盘突破,2,6bdefa2a43d52b60,REJECTED,False,总交易不足|活跃月份不足|盈利因子不足|实际盈亏比不足|累计净R不足,11.0,0,0,0.0,0.0,0.0,0.0,0.0,0.0,0.0,0.0,0.5,0.0,0,0,0.0,0.0,0
31,欧美开盘区间突破空头,开盘突破,3,8bec217992f3c51a,REJECTED,False,总交易不足|活跃月份不足|盈利因子不足|实际盈亏比不足|累计净R不足,11.0,0,0,0.0,0.0,0.0,0.0,0.0,0.0,0.0,0.0,0.5,0.0,0,0,0.0,0.0,0
31,欧美开盘区间突破空头,开盘突破,4,b9a61a33b41803dd,REJECTED,False,总交易不足|活跃月份不足|盈利因子不足|实际盈亏比不足|累计净R不足,11.0,0,0,0.0,0.0,0.0,0.0,0.0,0.0,0.0,0.0,0.5,0.0,0,0,0.0,0.0,0
31,欧美开盘区间突破空头,开盘突破,5,51bf4309d45cb035,REJECTED,False,总交易不足|活跃月份不足|盈利因子不足|实际盈亏比不足|累计净R不足,11.0,0,0,0.0,0.0,0.0,0.0,0.0,0.0,0.0,0.0,0.5,0.0,0,0,0.0,0.0,0
31,欧美开盘区间突破空头,开盘突破,6,ccfa554ff587a847,REJECTED,False,总交易不足|活跃月份不足|盈利因子不足|实际盈亏比不足|累计净R不足,11.0,0,0,0.0,0.0,0.0,0.0,0.0,0.0,0.0,0.0,0.5,0.0,0,0,0.0,0.0,0
31,欧美开盘区间突破空头,开盘突破,7,51bb5b68cc1514f5,REJECTED,False,总交易不足|活跃月份不足|盈利因子不足|实际盈亏比不足|累计净R不足,11.0,0,0,0.0,0.0,0.0,0.0,0.0,0.0,0.0,0.0,0.5,0.0,0,0,0.0,0.0,0
31,欧美开盘区间突破空头,开盘突破,8,24b9e28042c42e5b,REJECTED,False,总交易不足|活跃月份不足|盈利因子不足|实际盈亏比不足|累计净R不足,11.0,0,0,0.0,0.0,0.0,0.0,0.0,0.0,0.0,0.0,0.5,0.0,0,0,0.0,0.0,0
31,欧美开盘区间突破空头,开盘突破,9,2ff9cd2159080551,REJECTED,False,总交易不足|活跃月份不足|盈利因子不足|实际盈亏比不足|累计净R不足,11.0,0,0,0.0,0.0,0.0,0.0,0.0,0.0,0.0,0.0,0.5,0.0,0,0,0.0,0.0,0
31,欧美开盘区间突破空头,开盘突破,10,54abbe47d50be356,REJECTED,False,总交易不足|活跃月份不足|盈利因子不足|实际盈亏比不足|累计净R不足,11.0,0,0,0.0,0.0,0.0,0.0,0.0,0.0,0.0,0.0,0.5,0.0,0,0,0.0,0.0,0
31,欧美开盘区间突破空头,开盘突破,11,791603125e4e7ef6,REJECTED,False,总交易不足|活跃月份不足|盈利因子不足|实际盈亏比不足|累计净R不足,11.0,0,0,0.0,0.0,0.0,0.0,0.0,0.0,0.0,0.0,0.5,0.0,0,0,0.0,0.0,0
31,欧美开盘区间突破空头,开盘突破,12,cd7fd64f35cb5490,REJECTED,False,总交易不足|活跃月份不足|盈利因子不足|实际盈亏比不足|累计净R不足,11.0,0,0,0.0,0.0,0.0,0.0,0.0,0.0,0.0,0.0,0.5,0.0,0,0,0.0,0.0,0
31,欧美开盘区间突破空头,开盘突破,13,07f2519b66a00d00,REJECTED,False,总交易不足|活跃月份不足|盈利因子不足|实际盈亏比不足|累计净R不足,11.0,0,0,0.0,0.0,0.0,0.0,0.0,0.0,0.0,0.0,0.5,0.0,0,0,0.0,0.0,0
31,欧美开盘区间突破空头,开盘突破,14,c3750c1fda805a2a,REJECTED,False,总交易不足|活跃月份不足|盈利因子不足|实际盈亏比不足|累计净R不足,11.0,0,0,0.0,0.0,0.0,0.0,0.0,0.0,0.0,0.0,0.5,0.0,0,0,0.0,0.0,0
31,欧美开盘区间突破空头,开盘突破,15,013323cb5b8a466b,REJECTED,False,总交易不足|活跃月份不足|盈利因子不足|实际盈亏比不足|累计净R不足,11.0,0,0,0.0,0.0,0.0,0.0,0.0,0.0,0.0,0.0,0.5,0.0,0,0,0.0,0.0,0
31,欧美开盘区间突破空头,开盘突破,16,d6a2bc6e53553172,REJECTED,False,总交易不足|活跃月份不足|盈利因子不足|实际盈亏比不足|累计净R不足,11.0,0,0,0.0,0.0,0.0,0.0,0.0,0.0,0.0,0.0,0.5,0.0,0,0,0.0,0.0,0
31,欧美开盘区间突破空头,开盘突破,17,b9b287e996add136,REJECTED,False,总交易不足|活跃月份不足|盈利因子不足|实际盈亏比不足|累计净R不足,11.0,0,0,0.0,0.0,0.0,0.0,0.0,0.0,0.0,0.0,0.5,0.0,0,0,0.0,0.0,0
31,欧美开盘区间突破空头,开盘突破,18,4c9afc474850682d,REJECTED,False,总交易不足|活跃月份不足|盈利因子不足|实际盈亏比不足|累计净R不足,11.0,0,0,0.0,0.0,0.0,0.0,0.0,0.0,0.0,0.0,0.5,0.0,0,0,0.0,0.0,0
31,欧美开盘区间突破空头,开盘突破,19,34d018aabdc9e608,REJECTED,False,总交易不足|活跃月份不足|盈利因子不足|实际盈亏比不足|累计净R不足,11.0,0,0,0.0,0.0,0.0,0.0,0.0,0.0,0.0,0.0,0.5,0.0,0,0,0.0,0.0,0
31,欧美开盘区间突破空头,开盘突破,20,ae7d62a74baa08d9,REJECTED,False,总交易不足|活跃月份不足|盈利因子不足|实际盈亏比不足|累计净R不足,11.0,0,0,0.0,0.0,0.0,0.0,0.0,0.0,0.0,0.0,0.5,0.0,0,0,0.0,0.0,0
31,欧美开盘区间突破空头,开盘突破,21,7d46490e16c6b3be,REJECTED,False,总交易不足|活跃月份不足|盈利因子不足|实际盈亏比不足|累计净R不足,11.0,0,0,0.0,0.0,0.0,0.0,0.0,0.0,0.0,0.0,0.5,0.0,0,0,0.0,0.0,0
31,欧美开盘区间突破空头,开盘突破,22,351a33320b9e4ca1,REJECTED,False,总交易不足|活跃月份不足|盈利因子不足|实际盈亏比不足|累计净R不足,11.0,0,0,0.0,0.0,0.0,0.0,0.0,0.0,0.0,0.0,0.5,0.0,0,0,0.0,0.0,0
31,欧美开盘区间突破空头,开盘突破,23,971992c2c5a7ecfe,REJECTED,False,总交易不足|活跃月份不足|盈利因子不足|实际盈亏比不足|累计净R不足,11.0,0,0,0.0,0.0,0.0,0.0,0.0,0.0,0.0,0.0,0.5,0.0,0,0,0.0,0.0,0
31,欧美开盘区间突破空头,开盘突破,24,0ee609d5fd063f90,REJECTED,False,总交易不足|活跃月份不足|盈利因子不足|实际盈亏比不足|累计净R不足,11.0,0,0,0.0,0.0,0.0,0.0,0.0,0.0,0.0,0.0,0.5,0.0,0,0,0.0,0.0,0
