channel_id,channel_label,family,profile,reward_risk_target,stop_atr_multiple,signal_time_utc,entry_time_utc,exit_time_utc,direction,entry_price,stop_price,target_price,exit_price,stop_distance,gross_r,fee_r,net_r,win,exit_reason,holding_5m_bars,signal_atr,signal_adx,signal_rsi,signal_plus_di,signal_minus_di,signal_ema_separation_atr,signal_ema_slope_3_atr,signal_volume_ratio,signal_clv,signal_channel_width_atr,month,phase,is_baseline
60m_range_baseline_rr2_0,1小时区间反转基线 RR2.0,range_reversal,baseline,2.0,1.1,2025-01-05T13:00:00+00:00,2025-01-05T13:00:00+00:00,2025-01-05T14:20:00+00:00,1,97720.3,97372.60371090032,98415.69257819936,97372.40371090033,347.69628909968117,-1.0005752146521723,0.280550454271557,-1.2811256689237291,False,STOP,16,316.08753554516466,17.244399107079364,43.91012599043155,18.358528643053226,21.168378925810714,0.7883882554431959,-0.3247805049887935,1.3409556023593219,0.49924887330995765,3.8827851844370613,2025-01,development,True
60m_range_baseline_rr2_0,1小时区间反转基线 RR2.0,range_reversal,baseline,2.0,1.1,2025-01-05T21:00:00+00:00,2025-01-05T21:00:00+00:00,2025-01-05T22:40:00+00:00,-1,98244.6,98672.56806054046,97388.66387891908,98672.76806054046,427.9680605404616,-1.000467324593663,0.23006082254346552,-1.2305281471371285,False,STOP,20,389.0618732186014,14.721418601461977,57.340882429464436,27.976593630257604,19.65677480038643,0.4599583372243234,0.10195966735564285,2.190069631016225,0.6312562384143873,3.2624630871676903,2025-01,development,True
60m_range_baseline_rr2_0,1小时区间反转基线 RR2.0,range_reversal,baseline,2.0,1.1,2025-01-05T23:00:00+00:00,2025-01-05T23:00:00+00:00,2025-01-06T02:10:00+00:00,-1,98660.90000000001,99086.4431746497,97809.81365070064,99086.6431746497,425.54317464968335,-1.0004699875639387,0.23234721522374305,-1.2328172027876818,False,STOP,38,386.8574314997121,15.68230327891308,64.82102136143403,28.79114993060049,17.045534531787947,0.5945493714903255,0.36878223593270876,1.0199387748135558,0.19700864688008765,3.775551097306742,2025-01,development,True
60m_range_baseline_rr2_0,1小时区间反转基线 RR2.0,range_reversal,baseline,2.0,1.1,2025-01-06T03:00:00+00:00,2025-01-06T03:00:00+00:00,2025-01-06T04:20:00+00:00,-1,98786.40000000001,99300.48535795424,97758.22928409155,99300.68535795424,514.0853579542277,-1.0003890404519518,0.19265972303337925,-1.193048763485331,False,STOP,16,467.35032541293424,16.8834910371129,62.72900512463549,26.336001684417678,16.195517461905517,0.6065315710572341,0.2752913995201321,3.3477840373633034,0.7283914010378101,3.478332872805177,2025-01,development,True
60m_range_baseline_rr2_0,1小时区间反转基线 RR2.0,range_reversal,baseline,2.0,1.1,2025-01-13T01:00:00+00:00,2025-01-13T01:00:00+00:00,2025-01-13T01:50:00+00:00,-1,95274.5,95817.80105489734,94187.89789020532,94188.09789020532,543.3010548973381,1.9996318799711672,0.17436244250069247,1.8252694374704748,True,TARGET,10,493.91004990667096,16.82917423307758,60.78636170052872,36.519092321352844,20.688675446789425,0.15986915820951192,0.018644564316211233,4.183672798413325,0.4306507408132631,3.609766596846714,2025-01,development,True
60m_range_baseline_rr2_0,1小时区间反转基线 RR2.0,range_reversal,baseline,2.0,1.1,2025-01-14T02:00:00+00:00,2025-01-14T02:00:00+00:00,2025-01-14T09:15:00+00:00,-1,94798.2,95803.63774070083,92787.32451859833,95803.83774070082,1005.4377407008338,-1.0001989183336728,0.0947855993588638,-1.0949845176925366,False,STOP,87,914.0343097280307,21.436759067353073,63.871501716145566,24.86148160783792,19.477454086614955,0.25168969148577475,0.467968480842971,0.40164262221722885,0.372830440587442,6.502053518941061,2025-01,development,True
60m_range_baseline_rr2_0,1小时区间反转基线 RR2.0,range_reversal,baseline,2.0,1.1,2025-01-20T00:00:00+00:00,2025-01-20T00:00:00+00:00,2025-01-20T00:40:00+00:00,1,101311.7,99854.16526085344,104226.7694782931,99853.96526085344,1457.5347391465561,-1.0001372179987422,0.06900887500583479,-1.069146093004577,False,STOP,8,1325.0315810423238,20.734179836254267,30.69171198429534,10.957042728827412,36.21370955032528,0.33951570163080125,-0.4573027722520315,5.734746662765579,0.45039473684210524,4.113109512237292,2025-01,development,True
60m_range_baseline_rr2_0,1小时区间反转基线 RR2.0,range_reversal,baseline,2.0,1.1,2025-01-22T15:00:00+00:00,2025-01-22T15:00:00+00:00,2025-01-22T16:45:00+00:00,1,104367.8,103316.89267421224,106469.61465157552,103316.69267421225,1050.907325787761,-1.0001903117383324,0.09881199206530024,-1.0990023038036327,False,STOP,21,955.3702961706917,17.50420435644008,44.33318876545781,12.564958072827185,26.071679833942543,0.2962158554016312,-0.18839656283875508,2.988573318260854,0.5784839203675345,3.617759536646177,2025-01,development,True
60m_range_baseline_rr2_0,1小时区间反转基线 RR2.0,range_reversal,baseline,2.0,1.1,2025-01-22T17:00:00+00:00,2025-01-22T17:00:00+00:00,2025-01-23T01:55:00+00:00,1,103671.8,102601.09939766259,105813.20120467481,102600.8993976626,1070.7006023374051,-1.000186793581294,0.09632604060712986,-1.0965128341884238,False,STOP,107,973.3641839430956,19.77807913036171,39.06396458390595,12.119274752144054,27.342317248625175,0.1450385417746981,-0.28550544440816295,1.927518506542617,0.47154721624115625,3.665637239235619,2025-01,development,True
60m_range_baseline_rr2_0,1小时区间反转基线 RR2.0,range_reversal,baseline,2.0,1.1,2025-01-26T05:00:00+00:00,2025-01-26T05:00:00+00:00,2025-01-26T23:05:00+00:00,-1,105136.8,105629.1616842321,104152.07663153583,104152.27663153583,492.3616842320855,1.9995937945489985,0.21253590940768943,1.787057885141309,True,TARGET,217,447.6015311200777,14.29553750450628,57.1512668690585,27.281073405145996,14.656013275202284,0.24513818796683998,0.11719212448477148,1.428941886790199,0.6494045470949045,2.7571398089541392,2025-01,development,True
60m_range_baseline_rr2_0,1小时区间反转基线 RR2.0,range_reversal,baseline,2.0,1.1,2025-01-28T23:00:00+00:00,2025-01-28T23:00:00+00:00,2025-01-29T19:45:00+00:00,1,101220.59999999999,100177.81792010718,103306.16415978562,103305.96415978562,1042.782079892812,1.999808205373062,0.09806774018441562,1.9017404651886463,True,TARGET,249,947.9837089934653,20.561941859147005,43.68975472264049,15.248299101430574,24.864380963284404,0.21196374808815138,-0.3758795048244573,1.146326617914285,0.8612130746372982,3.7519632101868967,2025-01,development,True
60m_range_baseline_rr2_0,1小时区间反转基线 RR2.0,range_reversal,baseline,2.0,1.1,2025-01-31T16:00:00+00:00,2025-01-31T16:00:00+00:00,2025-01-31T18:30:00+00:00,-1,105406.7,106126.62342226855,103966.8531554629,103967.0531554629,719.9234222685506,1.9997221926751991,0.1454139056177012,1.8543082870574978,True,TARGET,30,654.475838425955,15.987058253328119,61.32502522296626,26.92309674358584,15.34935838284875,0.4932825800229006,0.12417772261679208,4.678222874773185,0.37251083610779706,2.883376114446898,2025-01,development,True
60m_range_baseline_rr2_0,1小时区间反转基线 RR2.0,range_reversal,baseline,2.0,1.1,2025-01-31T22:00:00+00:00,2025-01-31T22:00:00+00:00,2025-02-01T20:10:00+00:00,1,102100.2,101254.98889921946,103790.62220156105,101254.78889921946,845.2111007805306,-1.000236627275503,0.12029834245635582,-1.1205349697318587,False,STOP,266,768.3737279823005,21.07605026869392,33.30944716394487,14.70070025607185,32.677154096628975,0.24821170173371201,-0.8248045378178479,0.9950920217543762,0.9815614617940103,5.775705022676441,2025-01,development,True
60m_range_baseline_rr2_0,1小时区间反转基线 RR2.0,range_reversal,baseline,2.0,1.1,2025-02-04T23:00:00+00:00,2025-02-04T23:00:00+00:00,2025-02-05T22:50:00+00:00,1,97639.9,96230.2608190245,100459.17836195098,96230.0608190245,1409.6391809754953,-1.0001418802787987,0.0687658102284242,-1.0689076905072228,False,STOP,286,1281.4901645231773,17.368825592596686,43.34783622283125,16.27120123934594,24.642705427732494,0.07882075462263723,-0.32647724283958074,1.1680331324803708,0.8558643690939395,3.934247908860023,2025-02,development,True
60m_range_baseline_rr2_0,1小时区间反转基线 RR2.0,range_reversal,baseline,2.0,1.1,2025-02-06T00:00:00+00:00,2025-02-06T00:00:00+00:00,2025-02-06T09:15:00+00:00,1,96553.4,95574.67485029846,98510.85029940309,98510.65029940309,978.7251497015449,1.9997956525383496,0.09965210884735436,1.9001435436909953,True,TARGET,111,889.7501360923135,17.305764239863972,38.64222956909963,11.438953683723964,22.6121305041626,0.59747802269307,-0.3482651251526981,0.939157766105772,0.6236574138652461,3.2639500486670165,2025-02,development,True
60m_range_baseline_rr2_0,1小时区间反转基线 RR2.0,range_reversal,baseline,2.0,1.1,2025-02-06T12:00:00+00:00,2025-02-06T12:00:00+00:00,2025-02-06T15:35:00+00:00,-1,98826.1,99571.64667396009,97335.00665207984,97335.20665207984,745.5466739600823,1.9997317404704706,0.13155534958672663,1.868176390883744,True,TARGET,43,677.7697036000748,16.419824556186786,61.52764607284667,22.844119744436878,15.136341280556486,0.11577313369941813,0.4479235905487643,1.4877488499088471,0.3597733711048105,4.31931374986245,2025-02,development,True
60m_range_baseline_rr2_0,1小时区间反转基线 RR2.0,range_reversal,baseline,2.0,1.1,2025-02-06T19:00:00+00:00,2025-02-06T19:00:00+00:00,2025-02-07T13:35:00+00:00,1,96274.3,95398.10836960284,98026.68326079432,98026.48326079432,876.1916303971619,1.99977173943112,0.11087801830104294,1.8888937211300771,True,TARGET,223,796.5378458156017,19.20027475978283,35.96467584405187,11.570639989154383,26.654927129697473,0.34487074124397643,-0.47259078039259556,1.7482068165808908,0.4695740365111562,3.7498532124881114,2025-02,development,True
60m_range_baseline_rr2_0,1小时区间反转基线 RR2.0,range_reversal,baseline,2.0,1.1,2025-02-09T05:00:00+00:00,2025-02-09T05:00:00+00:00,2025-02-09T13:20:00+00:00,-1,97186.90000000001,97672.81067610656,96215.07864778693,96215.27864778692,485.9106761065422,1.9995884017169547,0.1990100116727843,1.8005783900441705,True,TARGET,100,441.7369782786747,15.44268889512144,60.042809830976495,24.006455082672034,11.946801274683606,0.30668178431822435,0.3721401184541981,1.0311388999574789,0.30287826775811455,3.81244967664349,2025-02,development,True
60m_range_baseline_rr2_0,1小时区间反转基线 RR2.0,range_reversal,baseline,2.0,1.1,2025-02-09T15:00:00+00:00,2025-02-09T15:00:00+00:00,2025-02-09T21:40:00+00:00,1,96080.3,95613.67060768716,97013.5587846257,95613.47060768717,466.62939231284406,-1.0004286056628395,0.2054025890413363,-1.2058311947041758,False,STOP,80,424.20853846622185,16.60699285604598,40.78885899885255,15.992378038225246,26.35794178623184,0.2984116034601079,-0.3666395012388216,2.0617974516540847,0.6765151515151515,3.618503308655647,2025-02,development,True
60m_range_baseline_rr2_0,1小时区间反转基线 RR2.0,range_reversal,baseline,2.0,1.1,2025-02-10T06:00:00+00:00,2025-02-10T06:00:00+00:00,2025-02-10T08:15:00+00:00,-1,96979.3,97801.65689311543,95334.58621376916,97801.85689311543,822.3568931154232,-1.0002432034092228,0.11842860351982032,-1.118671806929043,False,STOP,27,747.5971755594755,17.239391787850572,56.24251069349436,25.546910295809603,22.58358165051203,0.1729113904694831,0.2462557411708377,1.6750255924850146,0.731581889323638,3.343110543628793,2025-02,development,True
60m_range_baseline_rr2_0,1小时区间反转基线 RR2.0,range_reversal,baseline,2.0,1.1,2025-02-10T11:00:00+00:00,2025-02-10T11:00:00+00:00,2025-02-11T06:00:00+00:00,-1,97699.7,98413.65888542628,96271.78222914743,98413.85888542628,713.9588854262812,-1.0002801281755604,0.13734233363335296,-1.1376224618089135,False,STOP,228,649.0535322057101,16.91446835770748,62.44496260452856,27.738971838662362,17.961213629282685,0.2201040373493656,0.4525031339152434,0.752047753906874,0.6129461907299131,4.945354798535599,2025-02,development,True
60m_range_baseline_rr2_0,1小时区间反转基线 RR2.0,range_reversal,baseline,2.0,1.1,2025-02-11T15:00:00+00:00,2025-02-11T15:00:00+00:00,2025-02-11T16:55:00+00:00,1,96905.09999999999,96323.09972941986,98069.10054116024,96322.89972941986,582.000270580127,-1.000343642451921,0.16600335901632296,-1.166347001468244,False,STOP,23,529.0911550728426,19.897102241777205,40.43390309694581,16.014622911899327,26.88783755110536,0.5141597820693422,-0.34707560891796596,3.5620575101334926,0.5090785907859039,3.5564760097736543,2025-02,development,True
60m_range_baseline_rr2_0,1小时区间反转基线 RR2.0,range_reversal,baseline,2.0,1.1,2025-02-12T14:00:00+00:00,2025-02-12T14:00:00+00:00,2025-02-12T16:55:00+00:00,1,94918.2,94191.77654848964,96371.04690302072,96370.84690302072,726.4234515103609,1.9997246784921614,0.13166497206642863,1.8680597064257327,True,TARGET,35,660.3849559185098,17.695450051538938,36.28797888406747,14.828915038515989,34.218844038148696,0.6749359673278269,-0.1991458425576685,8.184975439038265,0.35260762228051334,2.5049026104769747,2025-02,development,True
60m_range_baseline_rr2_0,1小时区间反转基线 RR2.0,range_reversal,baseline,2.0,1.1,2025-02-12T22:00:00+00:00,2025-02-12T22:00:00+00:00,2025-02-13T06:50:00+00:00,-1,97609.8,98553.90360901236,95721.59278197531,95721.79278197531,944.1036090123474,1.9997881588439106,0.10238897030815546,1.897399188535755,True,TARGET,106,858.276008193043,15.709444747575695,61.09281320026198,23.52540232608569,17.473976789045867,0.05630934398689912,0.3180877366060592,0.7877736261792992,0.2594790025030082,4.306423533592099,2025-02,development,True
60m_range_baseline_rr2_0,1小时区间反转基线 RR2.0,range_reversal,baseline,2.0,1.1,2025-02-16T15:00:00+00:00,2025-02-16T15:00:00+00:00,2025-02-16T18:35:00+00:00,1,96920.09999999999,96615.04197886417,97530.21604227161,96614.84197886418,305.0580211358132,-1.000655612985545,0.31721005279304154,-1.3178656657785865,False,STOP,43,277.3254737598302,20.59057036662101,39.24298086287472,8.717288560433218,27.26832324350431,0.006561773172556325,-0.4326120720710103,2.9422351361893586,0.8058252427184466,3.5279845977917974,2025-02,development,True
60m_range_baseline_rr2_0,1小时区间反转基线 RR2.0,range_reversal,baseline,2.0,1.1,2025-02-18T09:00:00+00:00,2025-02-18T09:00:00+00:00,2025-02-18T12:40:00+00:00,1,95193.7,94675.3915573212,96230.3168853576,96230.11688535761,518.3084426788031,1.9996141293802576,0.1846620671428879,1.8149520622373698,True,TARGET,44,471.18949334436644,20.22609829629102,39.33486642341702,12.965575216095267,25.286853889416225,0.8522783718557204,-0.36868693027105187,1.1560941779765705,0.35258746355684945,3.9249601829478182,2025-02,development,True
60m_range_baseline_rr2_0,1小时区间反转基线 RR2.0,range_reversal,baseline,2.0,1.1,2025-02-19T13:00:00+00:00,2025-02-19T13:00:00+00:00,2025-02-19T14:40:00+00:00,-1,96130.1,96665.80180863073,95058.69638273856,96666.00180863072,535.7018086307181,-1.000373342028678,0.1799472194255118,-1.1803205614541898,False,STOP,20,487.0016442097437,15.72280723317275,57.57128547737769,28.419545461823894,18.205382430526537,0.15200810724876535,0.44854524498185977,0.5940512588702653,0.9853929301782064,6.411271988755883,2025-02,development,True
60m_range_baseline_rr2_0,1小时区间反转基线 RR2.0,range_reversal,baseline,2.0,1.1,2025-02-20T00:00:00+00:00,2025-02-20T00:00:00+00:00,2025-02-20T02:55:00+00:00,-1,96597.7,97164.62256830254,95463.85486339492,97164.82256830254,566.9225683025381,-1.000352781863317,0.17088975937971584,-1.171242541243033,False,STOP,35,515.3841530023074,11.86339757218803,59.59988528379268,21.57761405721549,19.710030594717193,0.2761273854054923,0.2992753419891884,0.979872102081107,0.687653111219988,3.2276894629170965,2025-02,development,True
60m_range_baseline_rr2_0,1小时区间反转基线 RR2.0,range_reversal,baseline,2.0,1.1,2025-02-20T04:00:00+00:00,2025-02-20T04:00:00+00:00,2025-02-20T14:05:00+00:00,-1,97017.2,97568.37567636633,95914.84864726734,97568.57567636632,551.1756763663257,-1.00036286071497,0.17651883421197961,-1.1768816949269496,False,STOP,121,501.06879669665966,11.582498011946484,63.04408793390903,23.31576201613192,16.265110454711962,0.5719868771731779,0.4436888034144468,0.7881172080651051,0.8116817724068759,3.7861068430259293,2025-02,development,True
60m_range_baseline_rr2_0,1小时区间反转基线 RR2.0,range_reversal,baseline,2.0,1.1,2025-02-23T07:00:00+00:00,2025-02-23T07:00:00+00:00,2025-02-23T12:15:00+00:00,1,96298.09999999999,96001.11922249748,96892.06155500501,96000.91922249748,296.9807775025119,-1.0006734442601914,0.3237566768456437,-1.3244301211058351,False,STOP,63,269.9825250022835,12.985409135578882,44.02837467220443,15.430562778289453,19.923768040119242,0.7602547260248037,-0.23025891776267002,1.1037729964270377,0.9551000488042398,3.114275636887578,2025-02,development,True
60m_range_baseline_rr2_0,1小时区间反转基线 RR2.0,range_reversal,baseline,2.0,1.1,2025-03-02T15:00:00+00:00,2025-03-02T15:00:00+00:00,2025-03-02T15:30:00+00:00,1,85076.59999999999,84482.76958177649,86264.26083644699,86264.060836447,593.8304182234989,1.9996632035108743,0.14426733254001128,1.8553958709708631,True,TARGET,6,539.8458347486353,20.565929170521756,43.15889449675035,18.248867860553858,22.91197973886443,0.8003810332894448,-0.08319682872791972,2.890160476308339,0.0715703444249888,2.7635667517832334,2025-03,development,True
60m_range_baseline_rr2_0,1小时区间反转基线 RR2.0,range_reversal,baseline,2.0,1.1,2025-03-06T20:00:00+00:00,2025-03-06T20:00:00+00:00,2025-03-07T00:15:00+00:00,1,88488.7,87220.31454801872,91025.47090396254,91025.27090396255,1268.3854519812733,1.9998423192258448,0.07076475476108383,1.9290775644647609,True,TARGET,51,1153.0776836193393,21.855209627653537,40.634036086631134,19.08071157650077,22.98845308449423,0.4791201384615394,-0.42837721945582036,1.3421751582445371,0.44826921841885387,4.187662347989796,2025-03,development,True
60m_range_baseline_rr2_0,1小时区间反转基线 RR2.0,range_reversal,baseline,2.0,1.1,2025-03-08T02:00:00+00:00,2025-03-08T02:00:00+00:00,2025-03-09T02:00:00+00:00,1,86067.0,84485.24149856191,89230.51700287616,86146.1,1581.7585014380847,0.05000763386325448,0.054437229148264196,-0.004429595285009719,False,TIME_EXIT,288,1437.9622740346224,21.449753792628538,38.84215312058106,11.228971491071372,26.40531180473576,0.4627069291977878,-0.2822701645823124,0.8424573440080607,0.5878241677395619,3.8616451212031553,2025-03,development,True
60m_range_baseline_rr2_0,1小时区间反转基线 RR2.0,range_reversal,baseline,2.0,1.1,2025-03-11T20:00:00+00:00,2025-03-11T20:00:00+00:00,2025-03-12T12:35:00+00:00,-1,83059.90000000001,84444.57273822074,80290.55452355855,84444.77273822074,1384.672738220732,-1.0001444384615052,0.06048529306407081,-1.0606297315255762,False,STOP,199,1258.7933983824837,19.96220962339793,62.79714537635926,22.064943111728386,17.70025889379688,0.302342741969692,0.4007767629244452,0.7471821689410508,0.685152284263952,5.453635210369981,2025-03,development,True
60m_range_baseline_rr2_0,1小时区间反转基线 RR2.0,range_reversal,baseline,2.0,1.1,2025-03-13T14:00:00+00:00,2025-03-13T14:00:00+00:00,2025-03-13T16:50:00+00:00,1,81730.7,80804.80209663823,83582.49580672351,80804.60209663823,925.8979033617582,-1.000216006537306,0.08777171948791744,-1.0879877260252235,False,STOP,34,841.7253666925074,10.5995829678852,38.165311637635504,20.882787542580477,22.334580303616058,0.31926570483103606,-0.22707471420762906,3.0923127211580175,0.1120523681170621,3.134157653304675,2025-03,development,True
60m_range_baseline_rr2_0,1小时区间反转基线 RR2.0,range_reversal,baseline,2.0,1.1,2025-03-14T12:00:00+00:00,2025-03-14T12:00:00+00:00,2025-03-14T15:05:00+00:00,-1,83202.7,83892.26912997861,81823.56174004277,83892.4691299786,689.569129978611,-1.000290036185356,0.1211591136157455,-1.1214491498011014,False,STOP,37,626.8810272532827,16.463722230891868,63.19118600600891,25.309921830036675,11.975045062595793,0.0347079431061905,0.47153824851465637,0.705692549060339,0.3171278982797189,5.338493038564809,2025-03,development,True
60m_range_baseline_rr2_0,1小时区间反转基线 RR2.0,range_reversal,baseline,2.0,1.1,2025-03-17T20:00:00+00:00,2025-03-17T20:00:00+00:00,2025-03-18T03:35:00+00:00,-1,84436.0,85175.97447183318,82956.05105633364,82956.25105633364,739.9744718331766,1.9997297204057625,0.11310677423887629,1.8866229461668862,True,TARGET,91,672.7040653028878,12.725249458049763,62.50489810138421,24.124031515642844,15.125355987961022,0.08434980180437712,0.4157391028051444,0.861682918802492,0.6156613756613941,3.921040671595112,2025-03,development,True
60m_range_baseline_rr2_0,1小时区间反转基线 RR2.0,range_reversal,baseline,2.0,1.1,2025-03-18T07:00:00+00:00,2025-03-18T07:00:00+00:00,2025-03-18T13:40:00+00:00,1,82407.3,81784.89896907924,83652.10206184155,81784.69896907924,622.40103092077,-1.0003213362286647,0.13190209431865516,-1.1322234305473198,False,STOP,80,565.8191190188818,16.210099206960024,35.477922076920805,12.693015317247145,29.884945689835373,0.1603144225741569,-0.37032985365824683,1.316337681953548,0.25282252949385026,4.141076045756267,2025-03,development,True
60m_range_baseline_rr2_0,1小时区间反转基线 RR2.0,range_reversal,baseline,2.0,1.1,2025-03-19T08:00:00+00:00,2025-03-19T08:00:00+00:00,2025-03-19T10:35:00+00:00,-1,83152.3,83699.0036204139,82058.89275917219,83699.2036204139,546.7036204139064,-1.0003658289291,0.1525977672272332,-1.1529635961563331,False,STOP,31,497.0032912853694,21.653398647736058,56.09841530163938,20.8588643337834,15.395479802816432,0.29494689675015723,0.30931484986570584,0.6440248514690168,0.5162980209545945,4.38930694876913,2025-03,development,True
60m_range_baseline_rr2_0,1小时区间反转基线 RR2.0,range_reversal,baseline,2.0,1.1,2025-03-21T14:00:00+00:00,2025-03-21T14:00:00+00:00,2025-03-22T14:00:00+00:00,1,83894.09999999999,83259.78385375752,85162.73229248494,84139.8,634.316146242477,0.3873462806448712,0.13245280054385253,0.25489348010101864,True,TIME_EXIT,288,576.6510420386154,20.004370893318203,43.80247047987802,11.532475705387586,25.356524165411646,0.21806756899012086,-0.2842989706959097,3.4499389072519127,0.8246794871794809,2.5642891319027403,2025-03,development,True
60m_range_baseline_rr2_0,1小时区间反转基线 RR2.0,range_reversal,baseline,2.0,1.1,2025-03-22T22:00:00+00:00,2025-03-22T22:00:00+00:00,2025-03-22T23:40:00+00:00,1,83977.8,83691.93457518656,84549.53084962687,83691.73457518657,285.86542481343645,-1.0006996299049875,0.2932665513582348,-1.2939661812632224,False,STOP,20,259.87765892130585,10.228482740012023,44.68252301556908,14.643106795065858,23.616579711568267,0.2762151300384359,-0.17175823836176968,2.7913012052339625,0.647976111479752,2.367652542946461,2025-03,development,True
60m_range_baseline_rr2_0,1小时区间反转基线 RR2.0,range_reversal,baseline,2.0,1.1,2025-03-23T00:00:00+00:00,2025-03-23T00:00:00+00:00,2025-03-23T10:45:00+00:00,1,83805.09999999999,83523.90282248228,84367.49435503541,84367.29435503541,281.19717751770753,1.9992887553077112,0.2990293071921841,1.700259448115527,True,TARGET,129,255.63379774337048,13.214850551999836,40.09634495852625,12.835551596321773,29.776815102867957,0.3684559820805622,-0.24944308378790253,2.206814488690952,0.6533212010918898,2.842347163849735,2025-03,development,True
60m_range_baseline_rr2_0,1小时区间反转基线 RR2.0,range_reversal,baseline,2.0,1.1,2025-03-23T15:00:00+00:00,2025-03-23T15:00:00+00:00,2025-03-23T15:25:00+00:00,-1,84861.8,85141.07950210867,84303.24099578266,85141.27950210866,279.2795021086679,-1.0007161284608543,0.3043601091711348,-1.305076237631989,False,STOP,5,253.89045646242533,21.43845651358135,66.54371626749688,36.06188516603786,10.732136371885888,0.44015552316437895,0.6630827240965328,1.9638367803614574,0.8877941981390239,5.850948557492737,2025-03,development,True
60m_range_baseline_rr2_0,1小时区间反转基线 RR2.0,range_reversal,baseline,2.0,1.1,2025-03-26T15:00:00+00:00,2025-03-26T15:00:00+00:00,2025-03-26T19:00:00+00:00,1,86720.3,86127.27235267515,87906.35529464971,86127.07235267515,593.0276473248507,-1.0003372524045058,0.14573297984705277,-1.1460702322515586,False,STOP,48,539.1160430225915,21.554027938255903,38.495039171414994,17.953678300275993,28.04921305779262,0.5151600325537699,-0.30264930651224975,3.8554637750605814,0.3863768452865368,3.48718986261223,2025-03,development,True
60m_range_baseline_rr2_0,1小时区间反转基线 RR2.0,range_reversal,baseline,2.0,1.1,2025-03-27T14:00:00+00:00,2025-03-27T14:00:00+00:00,2025-03-27T15:20:00+00:00,1,86338.7,85810.59086904505,87394.9182619099,87394.7182619099,528.1091309549552,1.9996212903957147,0.16448628519995087,1.8351350051957638,True,TARGET,16,480.09920995905014,15.681996928970587,34.88139039132365,12.85650830583425,33.52007245042142,0.06143101084357368,-0.33799737536534574,5.039201133166384,0.5603833865814644,3.9702210719375506,2025-03,development,True
60m_range_baseline_rr2_0,1小时区间反转基线 RR2.0,range_reversal,baseline,2.0,1.1,2025-04-02T14:00:00+00:00,2025-04-02T14:00:00+00:00,2025-04-02T15:00:00+00:00,-1,85183.40000000001,85860.35323036904,83829.49353926194,85860.55323036904,676.9532303690373,-1.0002954413850518,0.1263336561206196,-1.1266290975056714,False,STOP,12,615.4120276082157,15.73299134991795,60.45752508775524,30.212832870135042,14.26345184462239,0.8433739715153562,0.1633377153262845,5.1699472198995755,0.5465719911689261,2.842810867378381,2025-04,development,True
60m_range_baseline_rr2_0,1小时区间反转基线 RR2.0,range_reversal,baseline,2.0,1.1,2025-04-03T14:00:00+00:00,2025-04-03T14:00:00+00:00,2025-04-03T14:50:00+00:00,1,82335.3,81498.2830569805,84009.333886039,81498.0830569805,837.0169430195037,-1.0002389437892154,0.09786742336777461,-1.09810636715699,False,STOP,10,760.9244936540942,16.96418967696722,37.38012531565711,17.799382403007566,27.76250580874117,0.5428607150999172,-0.5116929172723456,1.9623677912067328,0.5841893252769444,8.765652907254276,2025-04,development,True
60m_range_baseline_rr2_0,1小时区间反转基线 RR2.0,range_reversal,baseline,2.0,1.1,2025-04-03T16:00:00+00:00,2025-04-03T16:00:00+00:00,2025-04-04T07:50:00+00:00,1,82001.9,81128.4430950495,83748.81380990098,83748.61380990098,873.456904950491,1.999771024765093,0.09488190709265502,1.904889117672438,True,TARGET,190,794.0517317731735,18.806605444744285,37.78168486852778,14.707143622721595,27.857473045673913,0.7114893861450784,-0.5602924997450851,1.048431336119627,0.9351820538834409,9.130387492273632,2025-04,development,True
60m_range_baseline_rr2_0,1小时区间反转基线 RR2.0,range_reversal,baseline,2.0,1.1,2025-04-04T10:00:00+00:00,2025-04-04T10:00:00+00:00,2025-04-04T10:25:00+00:00,-1,84532.1,85226.4021154459,83143.49576910822,83143.69576910822,694.3021154458929,1.9997119409612165,0.12075132139085008,1.8789606195703665,True,TARGET,5,631.1837413144481,16.160299660466713,64.9517968250247,29.81981462167721,12.641804995415567,0.2560164460409208,0.6059627909976819,1.026983478607982,0.25817815802717065,5.464969666069963,2025-04,development,True
60m_range_baseline_rr2_0,1小时区间反转基线 RR2.0,range_reversal,baseline,2.0,1.1,2025-04-05T16:00:00+00:00,2025-04-05T16:00:00+00:00,2025-04-06T01:35:00+00:00,1,82576.7,81989.25745095105,83751.5850980979,83751.3850980979,587.4425490489488,1.9996595411750233,0.14156966103951604,1.8580898801355072,True,TARGET,115,534.0386809535897,12.364199401154977,37.68906949064281,13.652844267985326,28.94791175944474,0.14627473608047745,-0.4127036704061838,1.4390230783154758,0.45447733233418874,3.6546041880618163,2025-04,development,True
60m_range_baseline_rr2_0,1小时区间反转基线 RR2.0,range_reversal,baseline,2.0,1.1,2025-04-09T17:00:00+00:00,2025-04-09T17:00:00+00:00,2025-04-09T17:25:00+00:00,-1,78227.8,79341.27253006163,76000.85493987676,79341.47253006163,1113.4725300616226,-1.000179618261431,0.07075579696669361,-1.0709354152281247,False,STOP,5,1012.247754601475,19.261963196843457,56.353649075125624,23.039806848672455,18.86276781573505,0.6543187609571691,0.09896113705415743,0.7852650401897254,0.08469745093248676,3.6654069946154233,2025-04,development,True
60m_range_baseline_rr2_0,1小时区间反转基线 RR2.0,range_reversal,baseline,2.0,1.1,2025-04-11T14:00:00+00:00,2025-04-11T14:00:00+00:00,2025-04-11T17:40:00+00:00,-1,82877.40000000001,83801.6435398394,81028.91292032125,83801.84353983939,924.2435398393823,-1.0002163931814292,0.09017062946894139,-1.0903870226503707,False,STOP,44,840.2213998539838,21.141351522409995,66.42339064365837,29.67822279666033,13.948494783057303,0.8055080604991008,0.4448466378711792,2.275916863054784,0.27685215673361485,5.203628473114123,2025-04,development,True
60m_range_baseline_rr2_0,1小时区间反转基线 RR2.0,range_reversal,baseline,2.0,1.1,2025-04-15T06:00:00+00:00,2025-04-15T06:00:00+00:00,2025-04-15T13:50:00+00:00,-1,85502.3,86176.23456821646,84154.43086356709,86176.43456821646,673.9345682164596,-1.0002967647148941,0.12737047679758975,-1.127667241512484,False,STOP,94,612.6677892876905,19.089382351094674,60.058609390695516,22.94008338866559,10.528735114685357,0.5883460948510805,0.30566598794475397,1.4239332919885452,0.8451957295373791,3.4049447946747455,2025-04,development,True
60m_range_baseline_rr2_0,1小时区间反转基线 RR2.0,range_reversal,baseline,2.0,1.1,2025-04-15T21:00:00+00:00,2025-04-15T21:00:00+00:00,2025-04-16T00:15:00+00:00,1,83984.2,83371.0245175884,85210.5509648232,83370.82451758841,613.1754824115995,-1.000326170901686,0.13646584812832574,-1.1367920190300116,False,STOP,39,557.4322567378177,19.985336669836926,35.029645643913014,15.815971049922748,24.484434276386718,0.18310178136322022,-0.5200486433985686,0.596135640721901,0.5506640432857821,4.583516596173078,2025-04,development,True
60m_range_baseline_rr2_0,1小时区间反转基线 RR2.0,range_reversal,baseline,2.0,1.1,2025-04-16T15:00:00+00:00,2025-04-16T15:00:00+00:00,2025-04-16T15:30:00+00:00,-1,84559.8,85180.77930158419,83317.84139683162,85180.97930158419,620.9793015841898,-1.000322071926525,0.1366718495033215,-1.1369939214298463,False,STOP,6,564.5266378038089,20.51354053328312,56.98596498604042,20.665066056414446,15.143830968442447,0.48700357394779026,0.040423812987107836,2.799968362664772,0.22885013812155314,2.6655960927798934,2025-04,development,True
60m_range_baseline_rr2_0,1小时区间反转基线 RR2.0,range_reversal,baseline,2.0,1.1,2025-04-16T16:00:00+00:00,2025-04-16T16:00:00+00:00,2025-04-16T17:35:00+00:00,-1,84811.1,85448.82863718533,83535.64272562937,85449.02863718533,637.728637185319,-1.0003136130139723,0.1334894802502879,-1.1338030932642602,False,STOP,19,579.7533065321081,20.95980960733884,59.73898401763695,23.699457439590816,13.692800330378487,0.37241003662797206,0.216051340966259,2.5196097684519803,0.5417256011315474,3.0376713339235986,2025-04,development,True
60m_range_baseline_rr2_0,1小时区间反转基线 RR2.0,range_reversal,baseline,2.0,1.1,2025-04-17T17:00:00+00:00,2025-04-17T17:00:00+00:00,2025-04-18T17:00:00+00:00,-1,84898.40000000001,85470.73525211093,83753.72949577816,84445.9,572.3352521109243,0.7906205293681884,0.14794152498506188,0.6426790043831265,True,TIME_EXIT,288,520.3047746462948,11.955675630408667,57.417559985934915,23.65465965838552,22.04153585247279,0.1316292069007281,0.07424916111622984,3.109281735889436,0.22862851434279685,2.5819482454552576,2025-04,development,True
60m_range_baseline_rr2_0,1小时区间反转基线 RR2.0,range_reversal,baseline,2.0,1.1,2025-04-27T01:00:00+00:00,2025-04-27T01:00:00+00:00,2025-04-27T01:15:00+00:00,-1,94825.1,95227.15247863365,94020.9950427327,95227.35247863365,402.05247863365304,-1.000497447499068,0.23635279295443412,-1.236850240453502,False,STOP,3,365.5022533033209,18.0629857484812,59.24964192615857,20.332607226453856,14.92073354997643,0.7710725529437682,0.30182137414974985,1.9274665330067804,0.2813842482100447,2.7830197784193933,2025-04,development,True
60m_range_baseline_rr2_0,1小时区间反转基线 RR2.0,range_reversal,baseline,2.0,1.1,2025-04-27T06:00:00+00:00,2025-04-27T06:00:00+00:00,2025-04-28T00:10:00+00:00,1,93870.2,93405.35919568609,94799.88160862782,93405.1591956861,464.8408043139109,-1.000430254827322,0.20144031833876774,-1.2018705731660897,False,STOP,218,422.5825493762826,18.095231063976698,42.71379678330114,12.140823746382718,23.81996939614678,0.3658467726178353,-0.23506646369869247,1.6039292990719156,0.5236686390532462,3.4253662441491266,2025-04,development,True
60m_range_baseline_rr2_0,1小时区间反转基线 RR2.0,range_reversal,baseline,2.0,1.1,2025-04-28T09:00:00+00:00,2025-04-28T09:00:00+00:00,2025-04-28T10:40:00+00:00,-1,94661.7,95105.86702657107,93773.36594685786,95106.06702657107,444.16702657107146,-1.0004502810610245,0.2136220787161541,-1.2140723597771785,False,STOP,20,403.7882059737013,18.140184251399013,60.4174364990592,24.68123004247379,19.56557341598949,0.08857466829546724,0.46441521872051994,0.9620687283297146,0.5006100040666701,5.096731329825016,2025-04,development,True
60m_range_baseline_rr2_0,1小时区间反转基线 RR2.0,range_reversal,baseline,2.0,1.1,2025-04-28T13:00:00+00:00,2025-04-28T13:00:00+00:00,2025-04-28T13:50:00+00:00,-1,95280.5,95771.02262406019,94299.45475187962,94299.65475187961,490.5226240601927,1.9995922716095251,0.19324302840781507,1.80634924320171,True,TARGET,10,445.9296582365388,15.892516035582958,68.16688161125242,23.277626458126576,18.219728107056756,0.48520266949592566,0.6173820334376671,1.5627019709811951,0.5205168500087434,6.256592151850266,2025-04,development,True
60m_range_baseline_rr2_0,1小时区间反转基线 RR2.0,range_reversal,baseline,2.0,1.1,2025-04-30T00:00:00+00:00,2025-04-30T00:00:00+00:00,2025-04-30T13:45:00+00:00,1,94200.3,93625.82115063872,95349.25769872258,93625.62115063872,574.4788493612898,-1.0003481416247377,0.16347505339793195,-1.1638231950226696,False,STOP,165,522.2534994193543,20.742505135067375,41.65462230983634,14.650858940834965,26.07563301244971,0.28323971404977916,-0.27466920272103434,1.5759087654245354,0.898500775460979,2.894762795617109,2025-04,development,True
60m_range_baseline_rr2_0,1小时区间反转基线 RR2.0,range_reversal,baseline,2.0,1.1,2025-04-30T15:00:00+00:00,2025-04-30T15:00:00+00:00,2025-05-01T05:40:00+00:00,1,93673.7,93012.43390650404,94996.2321869919,94996.0321869919,661.2660934959499,1.999697549894112,0.1426579511959715,1.8570395986981405,True,TARGET,176,601.1509940872271,16.830075788443846,39.99940782227791,12.510014404042428,32.183635196740916,0.07730412139649356,-0.4745725678306985,5.044281773646339,0.5564695570089632,4.125419444353695,2025-04,development,True
60m_range_baseline_rr2_0,1小时区间反转基线 RR2.0,range_reversal,baseline,2.0,1.1,2025-05-01T09:00:00+00:00,2025-05-01T09:00:00+00:00,2025-05-01T09:55:00+00:00,-1,95162.8,95655.79251171989,94176.81497656024,95655.99251171989,492.9925117198833,-1.0004056856752312,0.19353112671632475,-1.193936812391556,False,STOP,11,448.1750106544393,15.775391386264088,59.824000458943296,21.516701741464356,16.748787921271173,0.1932912357141651,0.2869691764345267,0.41883719646910683,0.038598767434299804,5.16650849546215,2025-05,development,True
60m_range_baseline_rr2_0,1小时区间反转基线 RR2.0,range_reversal,baseline,2.0,1.1,2025-05-03T04:00:00+00:00,2025-05-03T04:00:00+00:00,2025-05-03T10:45:00+00:00,1,96292.3,95840.13945353223,97196.62109293556,95839.93945353224,452.16054646777496,-1.0004423207676012,0.21246019909791633,-1.2129025198655174,False,STOP,81,411.0550422434317,14.751619050203164,43.022306215910454,15.30817040752175,21.0408512011228,0.8823719896056142,-0.2646401739757873,0.67594629982211,0.15155228758172132,3.8493628283068992,2025-05,development,True
60m_range_baseline_rr2_0,1小时区间反转基线 RR2.0,range_reversal,baseline,2.0,1.1,2025-05-06T20:00:00+00:00,2025-05-06T20:00:00+00:00,2025-05-06T22:10:00+00:00,-1,94910.6,95447.55828100466,93836.6834379907,95447.75828100466,536.9582810046538,-1.0003724684152835,0.1772561901129846,-1.177628658528268,False,STOP,26,488.1438918224125,14.454900817734801,57.681825173060005,20.749116971712198,16.36113930321981,0.419434959895463,0.3182260298976819,0.9495878732810352,0.818395303326776,3.611639988811705,2025-05,development,True
60m_range_baseline_rr2_0,1小时区间反转基线 RR2.0,range_reversal,baseline,2.0,1.1,2025-05-07T02:00:00+00:00,2025-05-07T02:00:00+00:00,2025-05-07T18:10:00+00:00,-1,97208.5,97852.35678331145,95920.7864333771,95920.9864333771,643.8567833114539,1.9996893719143942,0.1499786066088196,1.8497107653055747,True,TARGET,194,585.324348464958,21.445864428265082,72.98114746710998,41.864343865515465,12.768685678127015,0.5548864268593721,1.1306606182238232,1.146776622580353,0.8934545454545348,7.089915208351253,2025-05,development,True
60m_range_baseline_rr2_0,1小时区间反转基线 RR2.0,range_reversal,baseline,2.0,1.1,2025-05-13T13:00:00+00:00,2025-05-13T13:00:00+00:00,2025-05-13T16:20:00+00:00,-1,103636.40000000001,104342.34234740675,102224.51530518652,104342.54234740675,705.9423474067468,-1.0002833092542605,0.14730589764972293,-1.1475892069039835,False,STOP,40,641.7657703697697,16.226393457626973,57.62172406256792,25.077121151785548,17.458769432575227,0.2630686548184344,0.3489616152790789,1.9995247828832734,0.5240135690055293,4.831825166077854,2025-05,development,True
60m_range_baseline_rr2_0,1小时区间反转基线 RR2.0,range_reversal,baseline,2.0,1.1,2025-05-13T17:00:00+00:00,2025-05-13T17:00:00+00:00,2025-05-13T19:30:00+00:00,-1,103682.5,104427.90851062797,102191.68297874405,104428.10851062796,745.4085106279714,-1.0002683092520963,0.1395950043120011,-1.1398633135640974,False,STOP,30,677.644100570883,14.380830715195149,56.75110536668345,24.572867259826126,17.786944323815938,0.059813023399243805,0.17680834152880992,1.631839231318808,0.7782846715328375,3.7336708131429415,2025-05,development,True
60m_range_baseline_rr2_0,1小时区间反转基线 RR2.0,range_reversal,baseline,2.0,1.1,2025-05-14T18:00:00+00:00,2025-05-14T18:00:00+00:00,2025-05-15T05:25:00+00:00,1,103208.4,102561.71427654252,104501.77144691495,102561.51427654253,646.6857234574748,-1.0003092692365683,0.15909576074789727,-1.1594050299844656,False,STOP,137,587.8961122340679,15.52283149735058,43.64620007437395,13.063995216680238,28.81926587114676,0.08294701612781051,-0.15446970964353,1.4101760027470744,0.7964454976303283,3.068059071092951,2025-05,development,True
60m_range_baseline_rr2_0,1小时区间反转基线 RR2.0,range_reversal,baseline,2.0,1.1,2025-05-16T03:00:00+00:00,2025-05-16T03:00:00+00:00,2025-05-17T01:30:00+00:00,-1,104161.90000000001,104912.15137724574,102661.39724550856,102661.59724550856,750.251377245725,1.999733422681964,0.1378361330070368,1.8618972896749273,True,TARGET,270,682.0467065870228,17.803347057427544,60.99349907762732,25.057887979777067,20.242285159997596,0.12151032208183768,0.35121085312513084,1.0292770974424237,0.496339939296549,4.240178820702227,2025-05,development,True
60m_range_baseline_rr2_0,1小时区间反转基线 RR2.0,range_reversal,baseline,2.0,1.1,2025-05-18T09:00:00+00:00,2025-05-18T09:00:00+00:00,2025-05-18T13:40:00+00:00,-1,103869.1,104248.33040469911,103110.6391906018,104248.53040469911,379.2304046991026,-1.0005273838740805,0.27439470546913086,-1.2749220893432114,False,STOP,56,344.75491336282056,17.6320395496748,61.42048704119957,23.56789603972626,13.585265975639217,0.11503767663069833,0.3877447670139517,2.8293448480214987,0.6913623595505853,3.9407705223049665,2025-05,development,True
60m_range_baseline_rr2_0,1小时区间反转基线 RR2.0,range_reversal,baseline,2.0,1.1,2025-05-20T00:00:00+00:00,2025-05-20T00:00:00+00:00,2025-05-20T00:20:00+00:00,-1,105531.3,106316.94335584258,103960.01328831483,106317.14335584258,785.643355842585,-1.0002545684355408,0.13482481699895485,-1.1350793854344956,False,STOP,4,714.2212325841682,18.291007972641697,61.106602991873324,26.953149139511037,18.56579219230941,0.6061450656514487,0.4291690712122396,0.3556240201456429,0.6864711934156178,5.20384977432325,2025-05,development,True
60m_range_baseline_rr2_0,1小时区间反转基线 RR2.0,range_reversal,baseline,2.0,1.1,2025-05-20T01:00:00+00:00,2025-05-20T01:00:00+00:00,2025-05-20T01:40:00+00:00,-1,105674.6,106485.0702589967,104053.65948200664,106485.2702589967,810.4702589966859,-1.0002467703136322,0.13088689430852038,-1.1311336646221526,False,STOP,8,736.7911445424417,19.171541349829553,62.229719714629425,31.461391798131025,16.711566486869316,0.6452897083076137,0.41083630619852834,1.4883337054905859,0.8409046787031697,5.102802914840714,2025-05,development,True
60m_range_baseline_rr2_0,1小时区间反转基线 RR2.0,range_reversal,baseline,2.0,1.1,2025-05-20T02:00:00+00:00,2025-05-20T02:00:00+00:00,2025-05-20T12:35:00+00:00,-1,106407.40000000001,107247.07595478265,104728.04809043474,104728.24809043473,839.675954782637,1.9997618128769103,0.12572448150256396,1.8740373313743464,True,TARGET,127,763.3417770751245,20.21207362747566,67.41149051023952,30.231372390330012,14.97813855130687,0.7227159639765596,0.47050699085327624,1.0366041850616838,0.3165539016689167,5.898275366575265,2025-05,development,True
60m_range_baseline_rr2_0,1小时区间反转基线 RR2.0,range_reversal,baseline,2.0,1.1,2025-05-20T21:00:00+00:00,2025-05-20T21:00:00+00:00,2025-05-21T06:30:00+00:00,-1,106870.40000000001,107782.75759224358,105045.68481551285,107782.95759224358,912.3575922435771,-1.000219212293174,0.11763663689386848,-1.1178558491870423,False,STOP,114,829.4159929487064,17.456630491642574,62.03193297052477,25.543657698008264,13.208224115460322,0.6422809464350898,0.3904436972172728,1.6129209181521944,0.45310989365131116,3.783023267787461,2025-05,development,True
60m_range_baseline_rr2_0,1小时区间反转基线 RR2.0,range_reversal,baseline,2.0,1.1,2025-05-22T00:00:00+00:00,2025-05-22T00:00:00+00:00,2025-05-22T02:40:00+00:00,-1,109609.40000000001,110878.62654832218,107070.94690335567,110878.82654832218,1269.2265483221702,-1.0001575762816042,0.08685928719336686,-1.087016863474971,False,STOP,32,1153.8423166565183,21.059758177567716,64.47436527103861,35.79028941192469,14.881116905517644,0.9067972314940247,0.36462940062147703,2.133870991970227,0.5508168607275018,3.2641375217660475,2025-05,development,True
60m_range_baseline_rr2_0,1小时区间反转基线 RR2.0,range_reversal,baseline,2.0,1.1,2025-05-27T14:00:00+00:00,2025-05-27T14:00:00+00:00,2025-05-28T02:30:00+00:00,-1,109791.3,110463.49211760763,108446.91576478475,108447.11576478474,672.1921176076313,1.999702466014159,0.1623333642631122,1.8373691017510467,True,TARGET,150,611.0837432796648,17.750423210994757,59.12476077058334,30.294592428362904,16.232639839588163,0.4060632263676651,0.17671881010018908,5.112324412848931,0.7738967456125336,3.9686868234851653,2025-05,development,True
60m_range_baseline_rr2_0,1小时区间反转基线 RR2.0,range_reversal,baseline,2.0,1.1,2025-05-28T03:00:00+00:00,2025-05-28T03:00:00+00:00,2025-05-28T14:00:00+00:00,1,108576.8,107889.51882495676,109951.36235008649,107889.31882495676,687.2811750432427,-1.0002910017140896,0.15748002905167383,-1.1577710307657634,False,STOP,132,624.8010682211296,17.94129593746253,39.5076358639612,12.79636225069773,26.43601057522423,0.10711917724938579,-0.2675425715997511,0.8311877897253492,0.47584686309882657,3.4675036746787895,2025-05,development,True
60m_range_baseline_rr2_0,1小时区间反转基线 RR2.0,range_reversal,baseline,2.0,1.1,2025-06-01T10:00:00+00:00,2025-06-01T10:00:00+00:00,2025-06-01T16:10:00+00:00,1,103888.2,103447.42443108343,104769.75113783313,104769.55113783313,440.7755689165625,1.9995462543432585,0.23669387081811175,1.7628523835251468,True,TARGET,74,400.70506265142046,19.17551063700162,41.390156338198196,14.328998429937919,26.28933083703846,0.9237783929649769,-0.1307788661382646,2.183830468969459,0.26033408833521476,2.491608150378006,2025-06,development,True
60m_range_baseline_rr2_0,1小时区间反转基线 RR2.0,range_reversal,baseline,2.0,1.1,2025-06-01T23:00:00+00:00,2025-06-01T23:00:00+00:00,2025-06-02T09:50:00+00:00,-1,105455.3,105928.29216606887,104509.31566786226,104509.51566786226,472.99216606886876,1.9995771600158716,0.22195379831860776,1.7776233616972639,True,TARGET,130,429.9928782444261,15.981811813604011,65.95553488012686,27.458898114543565,18.180595677365663,0.016752548358423658,0.4670692375515207,1.321037615109999,0.7250000000000173,4.104254022078946,2025-06,development,True
60m_range_baseline_rr2_0,1小时区间反转基线 RR2.0,range_reversal,baseline,2.0,1.1,2025-06-02T11:00:00+00:00,2025-06-02T11:00:00+00:00,2025-06-02T12:20:00+00:00,1,104316.9,103812.38658940089,105325.92682119821,103812.1865894009,504.51341059910584,-1.0003964215733248,0.2062671499081156,-1.2066635714814404,False,STOP,16,458.6485550900962,13.591835402338422,41.132994522737384,24.27877777789269,30.59861301704445,0.1295982259703718,-0.14491577565448813,1.3793799197262304,0.29785747554726577,3.6718746441252472,2025-06,development,True
60m_range_baseline_rr2_0,1小时区间反转基线 RR2.0,range_reversal,baseline,2.0,1.1,2025-06-02T13:00:00+00:00,2025-06-02T13:00:00+00:00,2025-06-02T14:00:00+00:00,1,104156.2,103644.87619188138,105178.84761623722,103644.67619188139,511.32380811861657,-1.0003911415756879,0.20319890536338556,-1.2035900469390735,False,STOP,12,464.8398255623787,14.501221869444269,40.19742016044051,20.655425861679383,31.577342282126047,0.05878426939710214,-0.43290465201928563,1.3845980463851597,0.8126881222505319,4.371828505746843,2025-06,development,True
60m_range_baseline_rr2_0,1小时区间反转基线 RR2.0,range_reversal,baseline,2.0,1.1,2025-06-02T15:00:00+00:00,2025-06-02T15:00:00+00:00,2025-06-02T22:20:00+00:00,1,104129.8,103542.92794095895,105303.5441180821,105303.34411808211,586.8720590410521,1.9996592102198154,0.17843168787102892,1.8212275223487864,True,TARGET,88,533.5200536736837,13.71803569999249,42.3139089447499,20.727923399435312,23.722409001040674,0.19752531515718846,-0.3748369138201036,2.4340696205172416,0.5059780009564802,4.232268280174259,2025-06,development,True
60m_range_baseline_rr2_0,1小时区间反转基线 RR2.0,range_reversal,baseline,2.0,1.1,2025-06-03T03:00:00+00:00,2025-06-03T03:00:00+00:00,2025-06-03T14:45:00+00:00,-1,105553.7,106184.95626135699,104291.187477286,106185.15626135698,631.2562613569961,-1.0003168285405375,0.16771228201854754,-1.168029110559085,False,STOP,141,573.86932850636,19.721101696093598,57.14435388577029,28.487684061853475,17.370296049044292,0.38634493460959207,0.5805522007910682,1.2510496816732048,0.9402173913043596,4.9826674086979095,2025-06,development,True
60m_range_baseline_rr2_0,1小时区间反转基线 RR2.0,range_reversal,baseline,2.0,1.1,2025-06-03T16:00:00+00:00,2025-06-03T16:00:00+00:00,2025-06-03T20:35:00+00:00,-1,106555.90000000001,107122.6233343179,105422.45333136422,105422.65333136421,566.7233343178964,1.9996470941147346,0.18702119755356458,1.8126258965611701,True,TARGET,55,515.2030311980876,16.580342947300366,69.04777723688409,31.65961338375426,12.710750301667243,0.6074133485896335,0.501780838540521,2.234046635327146,0.4366646718531676,5.205326517127753,2025-06,development,True
60m_range_baseline_rr2_0,1小时区间反转基线 RR2.0,range_reversal,baseline,2.0,1.1,2025-06-04T15:00:00+00:00,2025-06-04T15:00:00+00:00,2025-06-04T20:25:00+00:00,1,104969.2,104435.72021354716,106036.15957290567,104435.52021354716,533.4797864528347,-1.000374897053419,0.1962630314504529,-1.196637928503872,False,STOP,65,484.9816240480315,10.96206844395969,43.744871521078245,16.81310975107124,28.266763472680807,0.05185160558784896,-0.3043690201668508,3.3161807033342825,0.9802172670097166,3.6393131460692176,2025-06,development,True
60m_range_baseline_rr2_0,1小时区间反转基线 RR2.0,range_reversal,baseline,2.0,1.1,2025-06-05T14:00:00+00:00,2025-06-05T14:00:00+00:00,2025-06-05T14:20:00+00:00,1,104475.5,103912.60853047471,105601.2829390506,103912.40853047471,562.8914695252935,-1.0003553082802303,0.1851048735080456,-1.185460181788276,False,STOP,4,511.71951775026673,14.013825450532211,44.68621288724,23.34028190153126,21.718179129803225,0.29059132832126255,0.05504081122073884,6.108790161198528,0.13698714399950637,2.7817973530857336,2025-06,development,True
60m_range_baseline_rr2_0,1小时区间反转基线 RR2.0,range_reversal,baseline,2.0,1.1,2025-06-05T18:00:00+00:00,2025-06-05T18:00:00+00:00,2025-06-05T18:20:00+00:00,1,103201.2,102540.10601465244,104523.38797069511,102539.90601465244,661.0939853475605,-1.0003025288452576,0.1556065480662988,-1.1559090769115565,False,STOP,4,600.9945321341459,16.29710340436115,33.38561515908275,14.775045424528411,31.00400066339832,0.5399743198092358,-0.53568924213513,1.8429307276141167,0.26202860858256544,4.489891098373102,2025-06,development,True
60m_range_baseline_rr2_0,1小时区间反转基线 RR2.0,range_reversal,baseline,2.0,1.1,2025-06-07T07:00:00+00:00,2025-06-07T07:00:00+00:00,2025-06-07T18:35:00+00:00,-1,105272.0,105785.30330895387,104245.39338209227,105785.50330895386,513.3033089538636,-1.0003896331788837,0.20558751485461785,-1.2059771480335015,False,STOP,139,466.6393717762396,16.0926442122753,66.01431603155311,24.710045352683423,15.042386750180109,0.5185937739750502,0.4254236331357075,0.7385285158656059,0.036846767050492314,3.8822270677766437,2025-06,development,True
60m_range_baseline_rr2_0,1小时区间反转基线 RR2.0,range_reversal,baseline,2.0,1.1,2025-06-11T22:00:00+00:00,2025-06-11T22:00:00+00:00,2025-06-12T03:25:00+00:00,1,108445.4,107840.90301803678,109654.39396392641,107840.70301803679,604.4969819632064,-1.000330853595581,0.1788975871439515,-1.1792284407395326,False,STOP,65,549.5427108756421,21.663229996099307,37.38715806454752,16.21870461418783,18.73282191303174,0.49829043139360396,-0.3388066564267871,0.862108234496175,0.16768821556609284,3.6726899657790764,2025-06,development,True
60m_range_baseline_rr2_0,1小时区间反转基线 RR2.0,range_reversal,baseline,2.0,1.1,2025-06-12T05:00:00+00:00,2025-06-12T05:00:00+00:00,2025-06-12T11:20:00+00:00,1,107720.59999999999,107123.3828406964,108915.03431860716,107123.1828406964,597.2171593035838,-1.0003348865599166,0.17987073838536907,-1.1802056249452857,False,STOP,76,542.9246902759852,20.873544900328046,30.349870149037955,12.13919788256595,27.419079310145367,0.09137331493211702,-0.49446786515429697,1.0913421348248908,0.7183122651178753,4.973065414703294,2025-06,development,True
60m_range_baseline_rr2_0,1小时区间反转基线 RR2.0,range_reversal,baseline,2.0,1.1,2025-06-15T22:00:00+00:00,2025-06-15T22:00:00+00:00,2025-06-16T00:30:00+00:00,1,104744.9,104309.63992052243,105615.42015895512,105615.22015895513,435.2600794775616,1.999540504609953,0.24164876366728635,1.7578917409426666,True,TARGET,30,395.69098134323775,15.998249063198987,40.56311329414099,15.712028281781938,28.382161979093546,0.29869877407454193,-0.3119183856227049,1.4250226124170182,0.887316696681241,3.9199781474284014,2025-06,development,True
60m_range_baseline_rr2_0,1小时区间反转基线 RR2.0,range_reversal,baseline,2.0,1.1,2025-06-23T18:00:00+00:00,2025-06-23T18:00:00+00:00,2025-06-23T20:20:00+00:00,-1,102435.3,103458.82588277417,100388.24823445168,103459.02588277416,1023.5258827741633,-1.000195402972571,0.10058090828378392,-1.100776311256355,False,STOP,28,930.4780752492393,18.233552011909357,58.00689215141927,25.15085516151565,24.162286978839052,0.32117916003998587,0.03390566925314405,3.153830838206774,0.1048042784593935,3.9163738479532597,2025-06,development,True
60m_range_baseline_rr2_0,1小时区间反转基线 RR2.0,range_reversal,baseline,2.0,1.1,2025-06-23T22:00:00+00:00,2025-06-23T22:00:00+00:00,2025-06-23T22:10:00+00:00,-1,103640.0,104623.32853571202,101673.34292857596,104623.52853571202,983.3285357120186,-1.0002033908228365,0.1058972260908255,-1.106100616913662,False,STOP,2,893.9350324654714,17.968022618904605,64.98912033161733,30.75701279339457,18.698186700126044,0.1128129479805454,0.5599891151839761,0.857368430202336,0.8853333333333285,4.835250709527315,2025-06,development,True
60m_range_baseline_rr2_0,1小时区间反转基线 RR2.0,range_reversal,baseline,2.0,1.1,2025-06-27T14:00:00+00:00,2025-06-27T14:00:00+00:00,2025-06-28T14:00:00+00:00,1,106775.8,106275.92269355315,107775.55461289371,107066.3,499.877306446857,0.5811426049021564,0.21389458697374775,0.36724801792840867,True,TIME_EXIT,288,454.43391495168817,21.97526075824223,43.798875347651844,10.667260777782134,26.11038303599473,0.3168652090156161,-0.20164928536858281,2.0392078777741487,0.740432345876692,3.5782980682083996,2025-06,development,True
60m_range_baseline_rr2_0,1小时区间反转基线 RR2.0,range_reversal,baseline,2.0,1.1,2025-06-28T16:00:00+00:00,2025-06-28T16:00:00+00:00,2025-06-29T09:05:00+00:00,-1,107407.5,107713.8170639571,106794.8658720858,107714.0170639571,306.317063957101,-1.000652918245611,0.35114190878717155,-1.3517948270327826,False,STOP,205,278.4700581428191,11.95270665742709,56.709406466257434,20.72530928428345,17.979618845189762,0.45432930282387485,0.03572599163867719,1.6742132980637705,0.32995951417002817,3.329980990359845,2025-06,development,True
60m_range_baseline_rr2_0,1小时区间反转基线 RR2.0,range_reversal,baseline,2.0,1.1,2025-07-04T09:00:00+00:00,2025-07-04T09:00:00+00:00,2025-07-04T13:50:00+00:00,1,108710.2,108247.82131709604,109634.95736580793,108247.62131709604,462.37868290396375,-1.0004325458923349,0.2346105360594211,-1.235043081951756,False,STOP,58,420.34425718542155,19.69869059004429,41.86280733041591,14.143458571125803,23.17257827487523,0.8151826239972257,-0.3265953668483932,1.2978658991338718,0.6520956544098744,4.336921389640495,2025-07,development,True
60m_range_baseline_rr2_0,1小时区间反转基线 RR2.0,range_reversal,baseline,2.0,1.1,2025-07-07T15:00:00+00:00,2025-07-07T15:00:00+00:00,2025-07-07T18:30:00+00:00,1,108158.7,107741.86248694271,108992.37502611458,107741.66248694272,416.83751305728805,-1.0004798032656042,0.25897424742728287,-1.259454050692887,False,STOP,42,378.94319368844367,19.869228093993037,39.58444502120031,16.637624692389263,27.03877968759609,0.30222450235589693,-0.33481967319857,1.9792335156309424,0.3595204513399277,4.542633377960287,2025-07,development,True
60m_range_baseline_rr2_0,1小时区间反转基线 RR2.0,range_reversal,baseline,2.0,1.1,2025-07-09T14:00:00+00:00,2025-07-09T14:00:00+00:00,2025-07-09T18:15:00+00:00,-1,109136.6,109516.38563125086,108377.0287374983,109516.58563125085,379.78563125085384,-1.0005266128666757,0.2878639522394507,-1.2883905651061265,False,STOP,51,345.25966477350346,16.664671480589405,59.23548339651317,33.09600294983275,12.649669718850516,0.4765415503804121,0.3670583792893607,4.258847689027036,0.9028965931262242,3.4713003639919466,2025-07,development,True
60m_range_baseline_rr2_0,1小时区间反转基线 RR2.0,range_reversal,baseline,2.0,1.1,2025-07-16T11:00:00+00:00,2025-07-16T11:00:00+00:00,2025-07-16T15:10:00+00:00,-1,118716.7,119492.35791646782,117165.38416706436,119492.55791646782,775.6579164678199,-1.0002578456246718,0.15355303727268188,-1.1538108828973537,False,STOP,50,705.1435604252907,17.64228117617719,57.3733524458124,28.531972610348756,16.68261844616853,0.19658268483692107,0.4385109458099391,0.6810129311205242,0.9972630858706957,5.000258384084839,2025-07,development,True
60m_range_baseline_rr2_0,1小时区间反转基线 RR2.0,range_reversal,baseline,2.0,1.1,2025-07-16T16:00:00+00:00,2025-07-16T16:00:00+00:00,2025-07-16T20:45:00+00:00,-1,119055.7,119889.21698655895,117388.66602688207,119889.41698655895,833.5169865589596,-1.0002399471195171,0.1433354813637364,-1.1435754284832536,False,STOP,57,757.7427150535996,19.38419248468571,60.1270258674934,27.581501894262516,14.632156754632343,0.09130168914180414,0.2787589264325876,4.629084252237991,0.47343527277439407,4.1054832177171665,2025-07,development,True
60m_range_baseline_rr2_0,1小时区间反转基线 RR2.0,range_reversal,baseline,2.0,1.1,2025-07-17T13:00:00+00:00,2025-07-17T13:00:00+00:00,2025-07-17T18:25:00+00:00,1,117853.5,117079.29115202173,119401.91769595654,119401.71769595654,774.2088479782681,1.9997416717717473,0.15322430008098814,1.8465173716907592,True,TARGET,65,703.8262254347891,14.45999194414646,42.45180793060885,19.987287580277712,23.432947371121493,0.008141722114675787,-0.19008461263054918,1.9307620268885792,0.5740909683305074,3.4616499243046914,2025-07,development,True
60m_range_baseline_rr2_0,1小时区间反转基线 RR2.0,range_reversal,baseline,2.0,1.1,2025-07-18T19:00:00+00:00,2025-07-18T19:00:00+00:00,2025-07-19T19:00:00+00:00,1,117298.09999999999,116413.59769117228,119067.1046176554,117841.0,884.5023088277023,0.6137915012562885,0.13292169938575263,0.48086980187053585,True,TIME_EXIT,288,804.0930080251838,20.039192000298645,34.46114621295355,13.829928705340263,26.632698530113476,0.181057361888542,-0.5270390650974607,0.4640894987742929,0.182493161391156,4.496246036113742,2025-07,development,True
60m_range_baseline_rr2_0,1小时区间反转基线 RR2.0,range_reversal,baseline,2.0,1.1,2025-07-20T17:00:00+00:00,2025-07-20T17:00:00+00:00,2025-07-20T22:05:00+00:00,-1,118543.5,118947.72304837192,117735.05390325616,117735.25390325616,404.2230483719169,1.9995052236610429,0.29226284208052034,1.7072423815805227,True,TARGET,61,367.47549851992443,20.63788241931837,62.292415279232856,22.471701772231228,12.690040553027382,0.08426727332160433,0.40288863119598844,1.5624679570906237,0.7693064436792878,4.212797876961226,2025-07,development,True
60m_range_baseline_rr2_0,1小时区间反转基线 RR2.0,range_reversal,baseline,2.0,1.1,2025-07-23T13:00:00+00:00,2025-07-23T13:00:00+00:00,2025-07-23T13:55:00+00:00,1,117932.8,117264.20333954114,119269.99332091771,117264.00333954114,668.5966604588549,-1.000299134009832,0.17588840720362453,-1.1761875412134564,False,STOP,11,607.8151458716862,19.752834956780184,42.174464064820995,13.331997134420696,26.030988167973042,0.1736276779311843,-0.21850099707496762,1.4713746579046014,0.21102507800763343,4.131025719010425,2025-07,development,True
60m_range_baseline_rr2_0,1小时区间反转基线 RR2.0,range_reversal,baseline,2.0,1.1,2025-07-24T16:00:00+00:00,2025-07-24T16:00:00+00:00,2025-07-25T01:15:00+00:00,-1,119073.90000000001,119835.56989852163,117550.56020295677,117550.76020295676,761.6698985216242,1.9997374190572685,0.15533281587091555,1.844404603186353,True,TARGET,111,692.4271804742037,16.321179942000338,56.90599694030602,20.56831930183983,16.577115299222356,0.06712270176698867,0.15291066636354594,2.153520230960418,0.4411502452073001,3.1991811737992917,2025-07,development,True
60m_range_baseline_rr2_0,1小时区间反转基线 RR2.0,range_reversal,baseline,2.0,1.1,2025-07-29T08:00:00+00:00,2025-07-29T08:00:00+00:00,2025-07-29T14:55:00+00:00,-1,118856.0,119413.80547626525,117740.3890474695,117740.5890474695,557.8054762652499,1.9996414520679444,0.2120780443314993,1.787563407736445,True,TARGET,83,507.0958875138635,20.058476049991373,57.717534651122484,22.152110277883633,17.33849142852625,0.05168039073833501,0.25879200113392853,0.977937061969038,0.740025740025748,3.3465071237707598,2025-07,development,True
60m_range_baseline_rr2_0,1小时区间反转基线 RR2.0,range_reversal,baseline,2.0,1.1,2025-07-29T17:00:00+00:00,2025-07-29T17:00:00+00:00,2025-07-29T20:15:00+00:00,1,117711.5,117100.19886187377,118934.10227625247,117099.99886187377,611.3011381262323,-1.0003271709923705,0.1920587777585535,-1.1923859487509239,False,STOP,39,555.7283073874839,18.639080553204664,41.91191258415294,15.009420939008779,31.420531006076175,0.11607695854379929,-0.4229609287378089,2.9814657852296396,0.9763320941759531,3.670858534434168,2025-07,development,True
60m_range_baseline_rr2_0,1小时区间反转基线 RR2.0,range_reversal,baseline,2.0,1.1,2025-07-30T20:00:00+00:00,2025-07-30T20:00:00+00:00,2025-07-31T00:50:00+00:00,1,116865.4,116125.1170456757,118345.96590864859,118345.7659086486,740.2829543242967,1.9997298330336735,0.15886571785469566,1.8408641151789777,True,TARGET,58,672.9845039311788,19.164547302826207,39.62527907605872,12.319315278800941,31.728751759052713,0.3582551315304948,-0.3692943819526463,5.424380643267473,0.8420900484209002,3.4465875312891283,2025-07,development,True
60m_range_baseline_rr2_0,1小时区间反转基线 RR2.0,range_reversal,baseline,2.0,1.1,2025-07-31T08:00:00+00:00,2025-07-31T08:00:00+00:00,2025-07-31T18:10:00+00:00,-1,118623.8,119183.125593846,117505.14881230803,117505.34881230803,559.3255938459852,1.9996424265182937,0.21108380468401033,1.7885586218342833,True,TARGET,122,508.4778125872592,15.27247179042281,58.48523124990087,25.026588688431097,17.68111495131562,0.09461024783754518,0.32422909320265514,0.8683048136638035,0.8217878700776056,6.024844986671423,2025-07,development,True
60m_range_baseline_rr2_0,1小时区间反转基线 RR2.0,range_reversal,baseline,2.0,1.1,2025-07-31T22:00:00+00:00,2025-07-31T22:00:00+00:00,2025-07-31T23:35:00+00:00,1,116479.09999999999,115846.04438944499,117745.21122111002,115845.84438944499,633.0556105550128,-1.0003159280111502,0.1834948940629094,-1.1838108220740595,False,STOP,19,575.505100504557,17.224054890253143,32.709691890511834,13.636575459916006,31.789395774767772,0.33566780488725007,-0.7230691520099578,1.2662394194245223,0.46719883889694364,4.396138275372186,2025-07,development,True
60m_range_baseline_rr2_0,1小时区间反转基线 RR2.0,range_reversal,baseline,2.0,1.1,2025-08-03T20:00:00+00:00,2025-08-03T20:00:00+00:00,2025-08-04T00:50:00+00:00,-1,114258.90000000001,114705.0173544758,113366.66529104844,114705.2173544758,446.1173544757873,-1.0004483125303116,0.25661870700313977,-1.2570670195334515,False,STOP,58,405.56123134162476,20.858073122189154,62.40190237302397,26.57499354293158,14.974226791605759,0.4373802668630331,0.3889486335125572,1.4592520186372353,0.8888469522551522,6.338130475382489,2025-08,development,True
60m_range_baseline_rr2_0,1小时区间反转基线 RR2.0,range_reversal,baseline,2.0,1.1,2025-08-04T02:00:00+00:00,2025-08-04T02:00:00+00:00,2025-08-04T14:05:00+00:00,-1,114637.6,115100.1833266326,113712.4333467348,115100.3833266326,462.5833266325983,-1.0004323545369613,0.24832064851863916,-1.2487530030556004,False,STOP,145,420.5302969387257,20.45173193516788,63.274054450099285,25.100678008958734,14.333009693864128,0.06705329993065394,0.3974517265164935,1.4305378741039774,0.8127808287568606,3.6323185537867864,2025-08,development,True
60m_range_baseline_rr2_0,1小时区间反转基线 RR2.0,range_reversal,baseline,2.0,1.1,2025-08-04T15:00:00+00:00,2025-08-04T15:00:00+00:00,2025-08-04T16:50:00+00:00,-1,114686.40000000001,115168.68653804729,113721.82692390544,115168.88653804729,482.28653804728515,-1.0004146912348024,0.2382974315110486,-1.238712122745851,False,STOP,22,438.4423073157137,16.592265101458285,58.0978799030898,27.86666316842382,11.272680765520036,0.3538303481731063,0.21689340277467553,5.489682050239122,0.8689059948681973,2.177481470355771,2025-08,development,True
60m_range_baseline_rr2_0,1小时区间反转基线 RR2.0,range_reversal,baseline,2.0,1.1,2025-08-05T07:00:00+00:00,2025-08-05T07:00:00+00:00,2025-08-05T07:40:00+00:00,1,114135.09999999999,113702.80731328596,114999.68537342807,113702.60731328596,432.2926867140388,-1.0004626495107114,0.2635225095353052,-1.2639851590460167,False,STOP,8,392.99335155821706,19.989393985418303,41.49766584677966,17.45158130862605,23.288274561085576,0.3153708117568543,-0.28607519489539635,0.8563937369023806,0.19502174963749763,4.1120288513598675,2025-08,development,True
60m_range_baseline_rr2_0,1小时区间反转基线 RR2.0,range_reversal,baseline,2.0,1.1,2025-08-05T13:00:00+00:00,2025-08-05T13:00:00+00:00,2025-08-05T14:25:00+00:00,1,113897.2,113344.03470659607,115003.53058680787,113343.83470659607,553.1652934039357,-1.0003615555827101,0.2054006618060352,-1.2057622173887452,False,STOP,17,502.8775394581233,18.646426281158647,40.63585844100672,16.80434857292562,33.99563818716602,0.10586001242044508,-0.023144838412392253,3.182270095128611,0.33716448726771797,4.048699415356462,2025-08,development,True
60m_range_baseline_rr2_0,1小时区间反转基线 RR2.0,range_reversal,baseline,2.0,1.1,2025-08-06T19:00:00+00:00,2025-08-06T19:00:00+00:00,2025-08-07T10:35:00+00:00,-1,115378.5,115998.57126658161,114138.35746683678,115998.7712665816,620.0712665816134,-1.0003225435700258,0.18657312774879875,-1.1868956713188246,False,STOP,187,563.7011514378303,18.23377503498231,64.29503848834409,24.62955515245586,13.787108479511708,0.37074703330559416,0.5203867591701989,1.189475903271096,0.6384266263237434,3.987751300962016,2025-08,development,True
60m_range_baseline_rr2_0,1小时区间反转基线 RR2.0,range_reversal,baseline,2.0,1.1,2025-08-12T21:00:00+00:00,2025-08-12T21:00:00+00:00,2025-08-13T13:50:00+00:00,-1,120129.6,120866.57492889982,118655.65014220038,120866.77492889982,736.9749288998165,-1.0002713796523484,0.16350378111821806,-1.1637751607705664,False,STOP,202,669.9772080907422,21.877368617965907,60.2884391887003,22.695220440932125,13.169201006378684,0.22089350650422793,0.21063338656303077,1.261700816074913,0.16690476190475845,2.999057245135213,2025-08,development,True
60m_range_baseline_rr2_0,1小时区间反转基线 RR2.0,range_reversal,baseline,2.0,1.1,2025-08-13T15:00:00+00:00,2025-08-13T15:00:00+00:00,2025-08-13T16:20:00+00:00,-1,120879.8,121652.27766207828,119334.84467584344,121652.47766207828,772.4776620782824,-1.000258907163032,0.15698335988743467,-1.1572422670504665,False,STOP,16,702.2524200711657,20.811467225017097,59.77419623526232,31.48189308238818,11.250036548763811,0.6227327941043808,0.4693178045952524,4.537892160685266,0.8992138681717398,4.639784651322112,2025-08,development,True
60m_range_baseline_rr2_0,1小时区间反转基线 RR2.0,range_reversal,baseline,2.0,1.1,2025-08-17T14:00:00+00:00,2025-08-17T14:00:00+00:00,2025-08-17T16:55:00+00:00,-1,118390.8,118727.00870993633,117718.38258012735,117718.58258012735,336.2087099363251,1.9994051314136656,0.3511351366013753,1.6482699948122903,True,TARGET,35,305.6442817602955,21.918024821992546,62.643896703734825,25.637392000688028,15.989955160339072,0.16631603870628908,0.3585018320158208,1.7700186302623069,0.30474452554744524,4.297152207251307,2025-08,development,True
60m_range_baseline_rr2_0,1小时区间反转基线 RR2.0,range_reversal,baseline,2.0,1.1,2025-08-22T13:00:00+00:00,2025-08-22T13:00:00+00:00,2025-08-22T14:05:00+00:00,1,112300.2,111686.07814964879,113528.44370070241,113528.24370070241,614.1218503512089,1.9996743317309298,0.1838628959151623,1.8158114358157675,True,TARGET,13,558.2925912283716,19.898997261362286,39.40944297924216,10.505324828259871,24.032827650067045,0.7728240692373444,-0.27553527277962503,4.527464750812614,0.5940943146760688,2.76181347240783,2025-08,development,True
60m_range_baseline_rr2_0,1小时区间反转基线 RR2.0,range_reversal,baseline,2.0,1.1,2025-08-23T16:00:00+00:00,2025-08-23T16:00:00+00:00,2025-08-24T16:00:00+00:00,1,114776.59999999999,114240.08295469613,115849.6340906077,114372.40000000001,536.5170453038535,-0.7533777417473588,0.21355239503175777,-0.9669301367791165,False,TIME_EXIT,288,487.7427684580486,21.912315205239583,42.81414946342433,16.304969734912532,26.911702601261904,0.9398129511607645,-0.4449957387772118,1.0013930258901669,0.6731497852993279,5.2960293151372095,2025-08,development,True
60m_range_baseline_rr2_0,1小时区间反转基线 RR2.0,range_reversal,baseline,2.0,1.1,2025-08-24T18:00:00+00:00,2025-08-24T18:00:00+00:00,2025-08-24T19:35:00+00:00,1,114403.59999999999,114028.40681063087,115153.98637873822,114028.20681063087,375.1931893691162,-1.000533058716601,0.3044189144194445,-1.3049519731360455,False,STOP,19,341.08471760828746,15.115842880484559,37.39377024783694,14.212778068581262,19.146358762783784,0.27837386096109246,-0.4149125814987178,1.465659391217932,0.5276056338027841,4.157324930718462,2025-08,development,True
60m_range_baseline_rr2_0,1小时区间反转基线 RR2.0,range_reversal,baseline,2.0,1.1,2025-08-27T15:00:00+00:00,2025-08-27T15:00:00+00:00,2025-08-27T18:15:00+00:00,-1,111757.7,112436.35190553486,110400.39618893027,112436.55190553486,678.6519055348642,-1.0002947018911514,0.1651761750590247,-1.165470876950176,False,STOP,39,616.9562777589674,17.080836575181742,61.196245823384,29.935208341308208,15.475695341063576,0.21815253845818272,0.22742844277438948,3.1680171776418407,0.5970973920730834,3.8988176094704334,2025-08,development,True
60m_range_baseline_rr2_0,1小时区间反转基线 RR2.0,range_reversal,baseline,2.0,1.1,2025-08-28T06:00:00+00:00,2025-08-28T06:00:00+00:00,2025-08-29T02:50:00+00:00,-1,112807.6,113538.42510892672,111345.94978214659,111346.14978214659,730.8251089267075,1.9997263367150973,0.15335662872293732,1.84636970799216,True,TARGET,250,664.3864626606431,16.991311413072317,64.52071318161424,27.55170244611663,13.894634550428815,0.33691509331802405,0.43080822324721635,1.0245857565447147,0.6938607334157539,3.581951369794184,2025-08,development,True
60m_range_baseline_rr2_0,1小时区间反转基线 RR2.0,range_reversal,baseline,2.0,1.1,2025-08-29T03:00:00+00:00,2025-08-29T03:00:00+00:00,2025-08-29T07:15:00+00:00,1,111370.2,110766.44299784357,112577.71400431286,110766.24299784357,603.7570021564339,-1.0003312590980815,0.18396179440109237,-1.1842930534991738,False,STOP,51,548.8700019603945,16.49218401521784,39.197104425950755,13.45694564408951,21.345768634877473,0.24783219027950837,-0.33508777388645816,0.8361313472875256,0.1444987775061267,3.787599964608749,2025-08,development,True
60m_range_baseline_rr2_0,1小时区间反转基线 RR2.0,range_reversal,baseline,2.0,1.1,2025-08-31T11:00:00+00:00,2025-08-31T11:00:00+00:00,2025-08-31T23:40:00+00:00,1,108526.8,108125.60133849771,109329.19732300458,108125.40133849772,401.19866150228916,-1.0004985061496707,0.2700061367693042,-1.2705046429189748,False,STOP,152,364.72605591117195,12.652054656501681,44.570893100107305,19.274804351764455,24.62916679123536,0.9410641373673011,-0.10873721026274429,2.2015381006656556,0.800989234797804,2.966061739947249,2025-08,development,True
60m_range_baseline_rr2_0,1小时区间反转基线 RR2.0,range_reversal,baseline,2.0,1.1,2025-09-01T00:00:00+00:00,2025-09-01T00:00:00+00:00,2025-09-01T00:25:00+00:00,1,108208.59999999999,107811.09509901535,109003.60980196929,107810.89509901535,397.50490098464485,-1.0005031384506142,0.27171928517600835,-1.2722224236266226,False,STOP,5,361.36809180422256,14.500039058581402,39.28429403484173,16.683566134222765,28.43175451580075,0.5593303322647528,-0.0849440567187723,2.9498234590933348,0.22159158093886108,3.2584503909048257,2025-09,development,True
60m_range_baseline_rr2_0,1小时区间反转基线 RR2.0,range_reversal,baseline,2.0,1.1,2025-09-01T01:00:00+00:00,2025-09-01T01:00:00+00:00,2025-09-01T02:25:00+00:00,1,108180.2,107749.44902051425,109041.70195897148,107749.24902051425,430.75097948574165,-1.00046430538647,0.25064301569122927,-1.2511073210776993,False,STOP,17,391.59179953249236,16.22054192034246,38.85059385273457,14.296193502108812,32.26141456475622,0.576096620322865,-0.26702068992040606,3.544518745859896,0.7547482472912758,3.00185039983827,2025-09,development,True
60m_range_baseline_rr2_0,1小时区间反转基线 RR2.0,range_reversal,baseline,2.0,1.1,2025-09-01T03:00:00+00:00,2025-09-01T03:00:00+00:00,2025-09-01T07:35:00+00:00,1,107590.7,107119.31119625975,108533.47760748051,108533.27760748052,471.38880374025706,1.999575721785479,0.229241738340659,1.77033398344482,True,TARGET,55,428.5352761275064,19.612889272106326,30.723251604992583,12.426500527758707,34.37490698185677,0.6946400064261252,-0.4843502947711213,2.0781680006730343,0.26974358974358226,3.7534832943867307,2025-09,development,True
60m_range_baseline_rr2_0,1小时区间反转基线 RR2.0,range_reversal,baseline,2.0,1.1,2025-09-02T09:00:00+00:00,2025-09-02T09:00:00+00:00,2025-09-02T12:45:00+00:00,-1,110313.8,110985.50414234497,108970.39171531005,108970.59171531005,671.7041423449747,1.9997022498636177,0.1632298938560734,1.8364723560075442,True,TARGET,45,610.6401294045224,15.785722393798798,62.449927542832626,30.585662020809412,19.696423160048813,0.6199572158111736,0.4259808728597117,1.186511997249956,0.5464194735352429,5.236963386468702,2025-09,development,True
60m_range_baseline_rr2_0,1小时区间反转基线 RR2.0,range_reversal,baseline,2.0,1.1,2025-09-04T14:00:00+00:00,2025-09-04T14:00:00+00:00,2025-09-04T14:10:00+00:00,1,110421.4,109847.98602217041,111568.22795565914,109847.78602217042,573.4139778295752,-1.0003487881491107,0.19206820424565654,-1.1924169923947672,False,STOP,2,521.2854343905228,17.191263240335143,40.26600822570301,13.492862134517845,21.574886162062924,0.17181573891474688,-0.20710841682653042,1.7544910701685996,0.34684742294410936,4.419843425500261,2025-09,development,True
60m_range_baseline_rr2_0,1小时区间反转基线 RR2.0,range_reversal,baseline,2.0,1.1,2025-09-06T16:00:00+00:00,2025-09-06T16:00:00+00:00,2025-09-06T16:25:00+00:00,1,110324.4,109920.54568780956,111132.10862438088,109920.34568780956,403.8543121904438,-1.0004952280908066,0.27267846230641424,-1.2731736903972208,False,STOP,5,367.14028380949435,12.300970615120791,40.36868726714495,19.50345622790038,29.46522286600494,0.3303152839838563,-0.19190674989281184,2.3104014529435566,0.07654466745377599,3.6713486899721604,2025-09,development,True
60m_range_baseline_rr2_0,1小时区间反转基线 RR2.0,range_reversal,baseline,2.0,1.1,2025-09-07T15:00:00+00:00,2025-09-07T15:00:00+00:00,2025-09-07T23:25:00+00:00,-1,111091.90000000001,111402.90553491277,110469.88893017448,111403.10553491277,311.0055349127621,-1.0006430753718139,0.3577026460273822,-1.358345721399196,False,STOP,101,282.7323044661473,19.901338052317563,58.57042673908915,28.22842440610095,14.890801485103724,0.1024298639437871,0.36610038426932173,1.273963919285529,0.7728278915329078,4.944606533872001,2025-09,development,True
60m_range_baseline_rr2_0,1小时区间反转基线 RR2.0,range_reversal,baseline,2.0,1.1,2025-09-08T08:00:00+00:00,2025-09-08T08:00:00+00:00,2025-09-08T08:35:00+00:00,-1,111236.3,111613.08577174846,110482.72845650307,111613.28577174846,376.7857717484647,-1.0005308056062276,0.29572452369634433,-1.296255329302572,False,STOP,7,342.5325197713315,18.721942857297265,56.44238176774674,28.90152089153299,13.41761977129795,0.26757473274143634,0.09051667270236724,2.0508020660060984,0.6635189824629153,2.8989948185442618,2025-09,development,True
60m_range_baseline_rr2_0,1小时区间反转基线 RR2.0,range_reversal,baseline,2.0,1.1,2025-09-14T10:00:00+00:00,2025-09-14T10:00:00+00:00,2025-09-14T13:30:00+00:00,-1,115996.0,116291.75916645184,115404.4816670963,115404.6816670963,295.7591664518466,1.9993237741288148,0.39119781889291216,1.6081259552359026,True,TARGET,42,268.87196950167873,12.095060454705939,58.24251777545336,24.36134182331248,17.20819011178655,0.9386259540994205,0.12841987676098574,1.2301341959014198,0.43761172685020966,3.8821451039859545,2025-09,development,True
60m_range_baseline_rr2_0,1小时区间反转基线 RR2.0,range_reversal,baseline,2.0,1.1,2025-09-14T15:00:00+00:00,2025-09-14T15:00:00+00:00,2025-09-14T21:50:00+00:00,1,115351.0,115012.58480984597,116027.83038030808,116027.63038030808,338.41519015403793,1.9994090099800075,0.34185615349445525,1.6575528564855522,True,TARGET,82,307.65017286730716,13.577442432199705,39.34967516572212,14.698267725328593,27.054464359889913,0.5193019842840804,-0.3028254199972253,2.7529573905733,0.45467756584923325,3.144155554943276,2025-09,development,True
60m_range_baseline_rr2_0,1小时区间反转基线 RR2.0,range_reversal,baseline,2.0,1.1,2025-09-15T00:00:00+00:00,2025-09-15T00:00:00+00:00,2025-09-15T01:10:00+00:00,1,115210.2,114827.46736159505,115975.66527680992,114827.26736159505,382.73263840495616,-1.0005225579946002,0.3005197940790725,-1.3010423520736727,False,STOP,14,347.93876218632374,14.738298963940434,41.427647066140885,18.769463414106596,27.128193537384913,0.2311693257952175,0.07081552780599534,2.7619351533362457,0.17,2.926089618766896,2025-09,development,True
60m_range_baseline_rr2_0,1小时区间反转基线 RR2.0,range_reversal,baseline,2.0,1.1,2025-09-15T02:00:00+00:00,2025-09-15T02:00:00+00:00,2025-09-15T04:25:00+00:00,1,115178.59999999999,114788.94211280388,115957.91577439221,115957.71577439221,389.65788719611015,1.9994867292397536,0.29658878129940697,1.7028979479403465,True,TARGET,29,354.23444290555466,16.337797635456745,42.13872117587095,15.896243921966526,28.37813566775946,0.054457761615399385,-0.39564578981636866,1.809534511908795,0.8804300131636691,3.4736881877070145,2025-09,development,True
60m_range_baseline_rr2_0,1小时区间反转基线 RR2.0,range_reversal,baseline,2.0,1.1,2025-09-15T05:00:00+00:00,2025-09-15T05:00:00+00:00,2025-09-15T05:55:00+00:00,-1,116006.3,116414.94385501817,115189.01228996366,116415.14385501816,408.6438550181684,-1.0004894237305555,0.2843814252935294,-1.284870849024085,False,STOP,11,371.4944136528803,16.030667766999795,57.97566541088433,29.153280510646184,21.665479699011005,0.0729724966683397,0.040173988112116615,2.819513175660017,0.177656810590134,3.6113598231751065,2025-09,development,True
60m_range_baseline_rr2_0,1小时区间反转基线 RR2.0,range_reversal,baseline,2.0,1.1,2025-09-15T07:00:00+00:00,2025-09-15T07:00:00+00:00,2025-09-15T08:50:00+00:00,-1,116077.5,116532.44235458199,115167.61529083602,115167.81529083602,454.94235458199086,1.9995603838640477,0.2541479299100524,1.7454124539539952,True,TARGET,22,413.58395871090073,17.87881475787735,56.56911806349612,32.62000187318014,16.779829518332203,0.23997737186793905,0.42923782608349187,2.1438167902183256,0.8977362463806288,4.281839183317723,2025-09,development,True
60m_range_baseline_rr2_0,1小时区间反转基线 RR2.0,range_reversal,baseline,2.0,1.1,2025-09-15T10:00:00+00:00,2025-09-15T10:00:00+00:00,2025-09-16T06:00:00+00:00,1,114820.3,114276.04066216595,115908.81867566811,115908.61867566811,544.2593378340499,1.9996325281238427,0.21196597158432187,1.787666556539521,True,TARGET,240,494.7812162127726,17.146277922377983,40.3765831156099,21.831341016034195,29.796410721042484,0.008571151981328958,-0.32320087806383846,2.174710923081017,0.41902870554253163,4.264309013486612,2025-09,development,True
60m_range_baseline_rr2_0,1小时区间反转基线 RR2.0,range_reversal,baseline,2.0,1.1,2025-09-16T07:00:00+00:00,2025-09-16T07:00:00+00:00,2025-09-16T13:55:00+00:00,-1,115723.90000000001,116219.64954305014,114732.40091389975,114732.60091389975,495.7495430501307,1.99959657048039,0.23243238863721533,1.7671641818431747,True,TARGET,83,450.681402772846,15.527514307679294,57.987686147558314,24.36311298768572,11.632623315722011,0.06496506790969374,0.31491577376345464,1.3067930545194992,0.5797101449275442,3.4918236925635444,2025-09,development,True
60m_range_baseline_rr2_0,1小时区间反转基线 RR2.0,range_reversal,baseline,2.0,1.1,2025-09-16T21:00:00+00:00,2025-09-16T21:00:00+00:00,2025-09-17T14:25:00+00:00,-1,116783.6,117303.40183331305,115743.9963333739,115744.1963333739,519.8018333130525,1.9996152379865204,0.22366965777257392,1.7759455802139466,True,TARGET,209,472.54712119368406,20.348563134083825,69.89173610735273,28.42964851828404,13.08170903702679,0.5504538194184383,0.6130578569455302,0.6080787473450844,0.42799821667409166,4.719106095423623,2025-09,development,True
60m_range_baseline_rr2_0,1小时区间反转基线 RR2.0,range_reversal,baseline,2.0,1.1,2025-09-17T17:00:00+00:00,2025-09-17T17:00:00+00:00,2025-09-17T18:20:00+00:00,1,115594.59999999999,115113.87535996706,116556.04928006585,115113.67535996706,480.72464003293123,-1.0004160385870453,0.23995886225445273,-1.240374900841498,False,STOP,16,437.02240002993744,21.018304242656654,39.462734217099296,15.239718486587176,29.80905520088033,0.42444830005048684,-0.43056341182182173,1.306563615247949,0.5384307445956703,4.408012037524918,2025-09,development,True
60m_range_baseline_rr2_0,1小时区间反转基线 RR2.0,range_reversal,baseline,2.0,1.1,2025-09-19T11:00:00+00:00,2025-09-19T11:00:00+00:00,2025-09-19T13:20:00+00:00,1,116476.9,116062.44732480835,117305.80535038329,116062.24732480836,414.45267519164884,-1.0004825641429331,0.2805376358317375,-1.2810201999746706,False,STOP,28,376.7751592651353,19.562984536942064,39.558118547437005,15.189139180178659,28.417940217594744,0.3424889807616357,-0.31445824088907876,1.066060646327582,0.8234848484848264,3.8489798606375127,2025-09,development,True
60m_range_baseline_rr2_0,1小时区间反转基线 RR2.0,range_reversal,baseline,2.0,1.1,2025-09-25T04:00:00+00:00,2025-09-25T04:00:00+00:00,2025-09-25T04:20:00+00:00,1,112485.9,111931.95333459812,113593.79333080375,111931.75333459812,553.9466654018778,-1.000361045588839,0.20256250948977858,-1.2029235550786175,False,STOP,4,503.58787763807067,20.66210538911096,42.06633967127695,11.313442412563152,23.949631213256698,0.012995158262757869,-0.2302552582615843,1.5544092049824902,0.4740847092605845,3.0568646870931584,2025-09,development,True
60m_range_baseline_rr2_0,1小时区间反转基线 RR2.0,range_reversal,baseline,2.0,1.1,2025-09-28T13:00:00+00:00,2025-09-28T13:00:00+00:00,2025-09-28T14:55:00+00:00,1,109267.0,109032.64486759373,109735.71026481254,109735.51026481255,234.3551324062702,1.9991465943248599,0.4672449628394678,1.531901631485392,True,TARGET,23,213.05012036933653,17.27511049378279,43.54329618327573,12.646711000222497,22.700191080168434,0.90107538853995,-0.13126581112659566,2.440310595049477,0.4948766603415339,2.6374075688195022,2025-09,development,True
60m_range_baseline_rr2_0,1小时区间反转基线 RR2.0,range_reversal,baseline,2.0,1.1,2025-10-06T12:00:00+00:00,2025-10-06T12:00:00+00:00,2025-10-06T13:25:00+00:00,-1,124161.1,124816.67077638664,122849.95844722673,124816.87077638664,655.5707763866347,-1.0003050776624032,0.18989404328598944,-1.1901991209483926,False,STOP,17,595.9734330787588,18.55529498020219,59.67354529719427,25.76212000293141,14.886417800503075,0.9839855754941519,0.2490975335917242,1.4394333209814176,0.4142315686514309,3.651672841786559,2025-10,validation,True
60m_range_baseline_rr2_0,1小时区间反转基线 RR2.0,range_reversal,baseline,2.0,1.1,2025-10-09T15:00:00+00:00,2025-10-09T15:00:00+00:00,2025-10-09T16:55:00+00:00,1,121235.3,120348.45267393327,123008.9946521335,120348.25267393327,886.8473260667419,-1.0002255179602109,0.13620357505354438,-1.1364290930137553,False,STOP,23,806.2248418788562,18.9993321625827,41.686690209268036,21.25015234230961,32.91828487853583,0.3115594931461886,0.008391682144759549,6.088719776332099,0.3044200375033547,3.8298249317204203,2025-10,validation,True
60m_range_baseline_rr2_0,1小时区间反转基线 RR2.0,range_reversal,baseline,2.0,1.1,2025-10-09T18:00:00+00:00,2025-10-09T18:00:00+00:00,2025-10-10T15:05:00+00:00,1,120915.7,119889.27056655662,122968.55886688676,119889.07056655662,1026.4294334433787,-1.0001948502191012,0.11730215576472955,-1.1174970059838307,False,STOP,253,933.1176667667079,21.387355471032667,43.00999468009492,14.700352928127787,30.53802554878166,0.5040802365918609,-0.47002592045462477,2.0470110516161335,0.9406654991243453,4.416484808694912,2025-10,validation,True
60m_range_baseline_rr2_0,1小时区间反转基线 RR2.0,range_reversal,baseline,2.0,1.1,2025-10-15T13:00:00+00:00,2025-10-15T13:00:00+00:00,2025-10-15T13:50:00+00:00,1,111656.9,110754.75756382843,113461.1848723431,110754.55756382844,902.1424361715555,-1.000221694481918,0.12326848214106939,-1.1234901766229874,False,STOP,10,820.1294874286867,19.8802721904651,39.26526540927666,17.683193255715263,27.27008317713629,0.5437660147446296,-0.22252239604091834,1.0350909999009952,0.47351767780987736,2.402059711541952,2025-10,validation,True
60m_range_baseline_rr2_0,1小时区间反转基线 RR2.0,range_reversal,baseline,2.0,1.1,2025-10-15T14:00:00+00:00,2025-10-15T14:00:00+00:00,2025-10-15T15:55:00+00:00,1,111339.09999999999,110399.60702355497,113218.08595289002,110399.40702355497,939.4929764450159,-1.0002128807825246,0.11800966722635861,-1.1182225480088832,False,STOP,23,854.0845240409235,20.651580590936213,36.36474840518293,15.76730920359827,29.723136410359295,0.5717037168837642,-0.2909183680163565,1.8888544885641287,0.5194905441914319,2.650206081818132,2025-10,validation,True
60m_range_baseline_rr2_0,1小时区间反转基线 RR2.0,range_reversal,baseline,2.0,1.1,2025-10-15T16:00:00+00:00,2025-10-15T16:00:00+00:00,2025-10-16T09:35:00+00:00,1,110757.59999999999,109743.53814786118,112785.72370427763,109743.33814786118,1014.0618521388141,-1.0001972266283075,0.10872164142788254,-1.10891886805619,False,STOP,211,921.8744110352854,21.69351120243767,31.614951427809643,14.19206937685207,26.9649482135103,0.651597050531018,-0.3921091904525965,2.1528394634543173,0.34903777050227963,3.156720660823961,2025-10,validation,True
60m_range_baseline_rr2_0,1小时区间反转基线 RR2.0,range_reversal,baseline,2.0,1.1,2025-10-19T16:00:00+00:00,2025-10-19T16:00:00+00:00,2025-10-19T17:15:00+00:00,-1,108429.40000000001,109081.70432656964,107124.79134686076,109081.90432656964,652.3043265696265,-1.0003066053555933,0.16672532701908477,-1.167031932374678,False,STOP,15,593.0039332451149,15.48925946173583,66.90251615873854,26.527294384059775,13.218616102268376,0.057375090940994945,0.5180213060535351,0.978897530854606,0.4782324058919994,4.093058854968382,2025-10,validation,True
60m_range_baseline_rr2_0,1小时区间反转基线 RR2.0,range_reversal,baseline,2.0,1.1,2025-10-22T08:00:00+00:00,2025-10-22T08:00:00+00:00,2025-10-22T11:05:00+00:00,1,108284.3,107275.70959296635,110301.48081406731,107275.50959296635,1008.5904070336519,-1.0001982965519056,0.10686191742936839,-1.107060213981274,False,STOP,37,916.9003700305925,21.365230051221506,42.66769940778271,20.01367409596331,29.935905608896746,0.2696151815477355,-0.3580300526982854,0.722036815690174,0.9998622779231631,6.830622175221757,2025-10,validation,True
60m_range_baseline_rr2_0,1小时区间反转基线 RR2.0,range_reversal,baseline,2.0,1.1,2025-10-23T17:00:00+00:00,2025-10-23T17:00:00+00:00,2025-10-23T17:50:00+00:00,-1,110197.6,111063.00362254675,108466.79275490652,111063.20362254675,865.4036225467411,-1.0002311060351354,0.12783676764109933,-1.1280678736762348,False,STOP,10,786.7305659515828,21.808327991428065,64.67118443631864,25.8716241421837,12.759015583634259,0.26177394015444166,0.3378785370535709,1.052107564483135,0.3645177926766314,4.687627708400179,2025-10,validation,True
60m_range_baseline_rr2_0,1小时区间反转基线 RR2.0,range_reversal,baseline,2.0,1.1,2025-10-28T15:00:00+00:00,2025-10-28T15:00:00+00:00,2025-10-28T19:35:00+00:00,-1,115021.6,115713.93449410783,113636.93101178436,113637.13101178435,692.3344941078271,1.9997111222946369,0.16513602381349213,1.8345750984811446,True,TARGET,55,629.3949946434792,20.181932200676297,57.22092113085732,28.30336473423538,13.41606713205642,0.6179614842336436,0.27045133699542734,5.568627328660812,0.5415208890718238,3.69052823706638,2025-10,validation,True
60m_range_baseline_rr2_0,1小时区间反转基线 RR2.0,range_reversal,baseline,2.0,1.1,2025-11-02T10:00:00+00:00,2025-11-02T10:00:00+00:00,2025-11-02T11:55:00+00:00,-1,110657.0,111107.13693738451,109756.72612523098,111107.3369373845,450.1369373845085,-1.0004443092387816,0.24632985933784043,-1.246774168576622,False,STOP,23,409.2153976222804,20.84733743055766,58.84793273949049,25.73716911277667,13.045280565314464,0.431898959103204,0.38128751602973965,1.76819285363127,0.6396715805187387,3.258675034586224,2025-11,validation,True
60m_range_baseline_rr2_0,1小时区间反转基线 RR2.0,range_reversal,baseline,2.0,1.1,2025-11-02T23:00:00+00:00,2025-11-02T23:00:00+00:00,2025-11-03T01:40:00+00:00,1,109861.09999999999,109402.6821657224,110777.93566855515,109402.48216572241,458.4178342775792,-1.0004362832007136,0.23915254356460625,-1.23958882676532,False,STOP,32,416.7434857068901,17.324778142624325,42.14207879072612,14.999707083756823,29.12237435092736,0.09661260052303479,-0.23340737472840242,1.0422240079866292,0.8019559902200489,3.730832162529702,2025-11,validation,True
60m_range_baseline_rr2_0,1小时区间反转基线 RR2.0,range_reversal,baseline,2.0,1.1,2025-11-03T02:00:00+00:00,2025-11-03T02:00:00+00:00,2025-11-03T02:35:00+00:00,1,109614.4,109074.62609624349,110693.947807513,109074.4260962435,539.7739037565022,-1.0003705255081938,0.20257447106492235,-1.2029449965731163,False,STOP,7,490.70354886954743,15.699405831526663,41.21780491591956,19.206190203277085,27.654410354154,0.025260096218627206,-0.1667724409945562,1.8737674979985388,0.5673256247668756,3.764187164032624,2025-11,validation,True
60m_range_baseline_rr2_0,1小时区间反转基线 RR2.0,range_reversal,baseline,2.0,1.1,2025-11-08T15:00:00+00:00,2025-11-08T15:00:00+00:00,2025-11-09T14:20:00+00:00,1,101786.5,101074.42308258911,103210.65383482176,103210.45383482176,712.0769174108801,1.9997191314658445,0.1439429848254266,1.855776146640418,True,TARGET,280,647.3426521917091,17.75560131745368,43.95783179144824,13.61052896407568,23.177953860329364,0.12575287243859645,-0.19350470602269612,1.4232860775154765,0.5919055649241118,3.742994520438974,2025-11,validation,True
60m_range_baseline_rr2_0,1小时区间反转基线 RR2.0,range_reversal,baseline,2.0,1.1,2025-11-11T14:00:00+00:00,2025-11-11T14:00:00+00:00,2025-11-11T15:35:00+00:00,1,104350.3,103583.0251743876,105884.84965122481,103582.8251743876,767.2748256124054,-1.000260662794241,0.1355010735615002,-1.1357617363557413,False,STOP,19,697.5225687385503,20.092139751137204,39.509987163608386,17.27559733683599,27.11929218972463,0.4634053273815273,-0.295659703966394,1.4170613637837588,0.3727450980392271,4.488887012878302,2025-11,validation,True
60m_range_baseline_rr2_0,1小时区间反转基线 RR2.0,range_reversal,baseline,2.0,1.1,2025-11-17T09:00:00+00:00,2025-11-17T09:00:00+00:00,2025-11-17T13:45:00+00:00,-1,95577.1,96414.70210127089,93901.89579745824,93902.09579745824,837.6021012708771,1.999761223139619,0.11310811870574655,1.8866531044338724,True,TARGET,57,761.4564557007974,17.134551539427957,55.62482887856808,20.49941994736385,12.843743333351556,0.6435750380762153,0.18830783814379043,0.6381566950557267,0.799206349206355,3.870477396225601,2025-11,validation,True
60m_range_baseline_rr2_0,1小时区间反转基线 RR2.0,range_reversal,baseline,2.0,1.1,2025-11-24T11:00:00+00:00,2025-11-24T11:00:00+00:00,2025-11-24T17:35:00+00:00,1,86017.3,85170.7108240878,87710.47835182441,87710.27835182441,846.5891759122001,1.999763757905625,0.10260441740507308,1.897159340500552,True,TARGET,79,769.6265235565454,20.190998346222933,43.818703696330374,16.360241884470668,23.85239398695323,0.4377144035365368,-0.21867515824078548,0.9926762364575371,0.710928319623984,3.040435754717174,2025-11,validation,True
60m_range_baseline_rr2_0,1小时区间反转基线 RR2.0,range_reversal,baseline,2.0,1.1,2025-11-24T20:00:00+00:00,2025-11-24T20:00:00+00:00,2025-11-25T14:50:00+00:00,-1,88276.90000000001,89190.51286763823,86449.67426472358,86449.87426472358,913.6128676382144,1.999781088897626,0.09562407692243363,1.9041570119751923,True,TARGET,226,830.5571523983767,18.018513500381932,62.971465809876534,25.005742336802985,16.640679037305055,0.5302585173102984,0.5706124225504502,1.0094526930069765,0.6409130816505684,4.145650892364456,2025-11,validation,True
60m_range_baseline_rr2_0,1小时区间反转基线 RR2.0,range_reversal,baseline,2.0,1.1,2025-11-25T15:00:00+00:00,2025-11-25T15:00:00+00:00,2025-11-26T01:45:00+00:00,1,86695.09999999999,85970.12879613828,88145.0424077234,88144.84240772341,724.9712038617085,1.999724126973686,0.12058406008156078,1.8791400668921252,True,TARGET,129,659.0647307833714,15.320754019306515,41.22206796509596,16.2852123174617,31.82702100526402,0.3919786144301694,-0.20800719490106778,2.7079735986323255,0.5281619730044956,3.8674501622478856,2025-11,validation,True
60m_range_baseline_rr2_0,1小时区间反转基线 RR2.0,range_reversal,baseline,2.0,1.1,2025-11-28T18:00:00+00:00,2025-11-28T18:00:00+00:00,2025-11-29T18:00:00+00:00,1,90621.4,89828.1306107767,92207.93877844658,90381.0,793.269389223296,-0.3030496364360839,0.1140863384235856,-0.4171359748596695,False,TIME_EXIT,288,721.1539902029963,18.05206985472545,42.63767898539547,18.87875701467218,25.976211768407598,0.9307714295310359,-0.09158127015221593,2.6210380739321724,0.461851374144263,3.422015316458759,2025-11,validation,True
60m_range_baseline_rr2_0,1小时区间反转基线 RR2.0,range_reversal,baseline,2.0,1.1,2025-12-04T20:00:00+00:00,2025-12-04T20:00:00+00:00,2025-12-05T09:45:00+00:00,1,91941.7,91079.88951574916,93665.32096850165,91079.68951574917,861.8104842508272,-1.0002320695833453,0.10618424401906056,-1.1064163136024059,False,STOP,165,783.4640765916611,20.625913751789625,42.27690095833291,11.755844602972568,28.683048883878886,0.6731542692448514,-0.23958534212069973,2.674873919593858,0.8490136570561456,3.013794851031373,2025-12,validation,True
60m_range_baseline_rr2_0,1小时区间反转基线 RR2.0,range_reversal,baseline,2.0,1.1,2025-12-08T08:00:00+00:00,2025-12-08T08:00:00+00:00,2025-12-08T15:25:00+00:00,-1,91519.6,92266.52295409725,90025.75409180552,90025.95409180551,746.9229540972452,1.9997322347654451,0.12152896968551948,1.8782032650799256,True,TARGET,89,679.020867361132,17.232017833544045,61.98302985730792,26.50144072980511,18.73617348750505,0.5459185690114062,0.3965554517775304,0.697665028227438,0.6242380781642081,5.94090725912043,2025-12,validation,True
60m_range_baseline_rr2_0,1小时区间反转基线 RR2.0,range_reversal,baseline,2.0,1.1,2025-12-09T06:00:00+00:00,2025-12-09T06:00:00+00:00,2025-12-09T15:40:00+00:00,1,89857.9,89116.54100591312,91340.61798817373,91340.41798817374,741.3589940868726,1.999730225165408,0.12220686565713999,1.877523359508268,True,TARGET,116,673.9627218971568,17.269922509309072,42.386618014110596,12.676043781154359,22.946378140386088,0.02865003072774414,-0.21626147750947453,1.2421597303624168,0.6078358208955369,4.019213395623611,2025-12,validation,True
60m_range_baseline_rr2_0,1小时区间反转基线 RR2.0,range_reversal,baseline,2.0,1.1,2025-12-11T04:00:00+00:00,2025-12-11T04:00:00+00:00,2025-12-11T20:45:00+00:00,1,89833.3,88953.7244132401,91592.45117351983,91592.25117351983,879.5755867599142,1.9997726176089845,0.10313243904474187,1.8966401785642426,True,TARGET,201,799.6141697817402,18.262658329805838,28.016147168092516,16.134247434048408,29.550662496686922,0.04505008402690287,-0.6686035361046317,1.2770484597192282,0.7178301093355901,5.782413787467105,2025-12,validation,True
60m_range_baseline_rr2_0,1小时区间反转基线 RR2.0,range_reversal,baseline,2.0,1.1,2025-12-22T01:00:00+00:00,2025-12-22T01:00:00+00:00,2025-12-22T01:25:00+00:00,-1,88581.5,89057.18800052608,87630.12399894785,89057.38800052607,475.6880005260758,-1.00042044365167,0.18671785687685055,-1.1871383005285205,False,STOP,5,432.4436368418871,15.4263857932359,56.7152610346094,33.834595968920254,14.621888981478394,0.4353114947883548,0.18523904782688166,4.256114041809104,0.9443568580172496,3.472128786459606,2025-12,validation,True
60m_range_baseline_rr2_0,1小时区间反转基线 RR2.0,range_reversal,baseline,2.0,1.1,2025-12-22T09:00:00+00:00,2025-12-22T09:00:00+00:00,2025-12-22T10:05:00+00:00,-1,89297.40000000001,89813.4590920371,88265.28181592585,89813.6590920371,516.0590920370819,-1.0003875525169306,0.17353735439968462,-1.173924906916615,False,STOP,13,469.1446291246198,19.534676000800665,67.76350036603907,34.97237355560381,14.3188111592469,0.6457483323979848,0.3553540319971816,2.8020292385021146,0.7045834328001869,4.372851936572114,2025-12,validation,True
60m_range_baseline_rr2_0,1小时区间反转基线 RR2.0,range_reversal,baseline,2.0,1.1,2025-12-23T04:00:00+00:00,2025-12-23T04:00:00+00:00,2025-12-23T06:15:00+00:00,1,88128.4,87503.17119143027,89378.85761713942,87502.97119143028,625.2288085697146,-1.0003198828928914,0.14045367774495862,-1.14077356063785,False,STOP,27,568.3898259724677,21.154636672977155,39.53262238186865,15.594250187493392,26.101309782506185,0.13862231174556047,-0.30066704410995654,0.8884757886031595,0.666837694544204,4.796707955381415,2025-12,validation,True
60m_range_baseline_rr2_0,1小时区间反转基线 RR2.0,range_reversal,baseline,2.0,1.1,2025-12-26T01:00:00+00:00,2025-12-26T01:00:00+00:00,2025-12-26T02:15:00+00:00,1,87084.59999999999,86658.62454058602,87936.55091882791,87936.35091882791,425.9754594139626,1.9995304893848145,0.20543548583715793,1.7940950035476566,True,TARGET,15,387.2504176490569,19.242734431063237,37.00204766615068,16.317262893676173,29.822454757130412,0.00424760003338152,-0.35765956692567363,1.957097412543301,0.5584946236559077,4.369007554004157,2025-12,validation,True
60m_range_baseline_rr2_0,1小时区间反转基线 RR2.0,range_reversal,baseline,2.0,1.1,2025-12-26T16:00:00+00:00,2025-12-26T16:00:00+00:00,2025-12-27T16:00:00+00:00,1,87100.2,86485.05951192784,88330.4809761443,87516.0,615.1404880721499,0.6759431513004777,0.14193196788854456,0.5340111834119331,True,TIME_EXIT,288,559.2186255201362,19.0034769928169,37.94571638345239,18.992731740966505,37.782982603945094,0.3418874857747874,-0.29716964341017055,4.103310102679351,0.6602943199009792,4.8868186345871285,2025-12,validation,True
60m_range_baseline_rr2_0,1小时区间反转基线 RR2.0,range_reversal,baseline,2.0,1.1,2025-12-28T00:00:00+00:00,2025-12-28T00:00:00+00:00,2025-12-29T00:00:00+00:00,-1,87829.3,88088.31260930403,87311.27478139194,87920.7,259.01260930402935,-0.3528785731535901,0.3392691971102156,-0.6921477702638057,False,TIME_EXIT,288,235.4660084582085,15.41813744520176,59.14659772240747,22.227250339538216,13.968079272693108,0.3445627864880118,0.17052654577263193,2.07734669408242,0.29069767441861044,2.8547644919173205,2025-12,validation,True
60m_range_baseline_rr2_0,1小时区间反转基线 RR2.0,range_reversal,baseline,2.0,1.1,2026-01-11T17:00:00+00:00,2026-01-11T17:00:00+00:00,2026-01-11T20:10:00+00:00,-1,90995.8,91237.09485852683,90513.21028294634,90513.41028294634,241.2948585268297,1.9991711385762019,0.3761149561808095,1.6230561823953924,True,TARGET,38,219.3589622971179,15.745168297972684,59.601564958680164,26.431307219059143,13.903679977745837,0.09677327067236963,0.3254260192412743,2.4565532993559764,0.6129032258064516,3.5767857022284724,2026-01,validation,True
60m_range_baseline_rr2_0,1小时区间反转基线 RR2.0,range_reversal,baseline,2.0,1.1,2026-01-12T04:00:00+00:00,2026-01-12T04:00:00+00:00,2026-01-12T04:50:00+00:00,-1,91766.0,92218.02813197325,90861.94373605352,92218.22813197324,452.02813197324195,-1.0004424503384952,0.20350971003599427,-1.2039521603744894,False,STOP,10,410.9346654302199,21.554265294991232,64.86892458614994,33.97757092787775,10.216948436761632,0.43079131632908774,0.620557055342559,3.198464068061087,0.9875495963880266,5.363869698586644,2026-01,validation,True
60m_range_baseline_rr2_0,1小时区间反转基线 RR2.0,range_reversal,baseline,2.0,1.1,2026-01-13T10:00:00+00:00,2026-01-13T10:00:00+00:00,2026-01-13T14:40:00+00:00,-1,92239.40000000001,92799.28994163747,91119.6201167251,92799.48994163747,559.8899416374578,-1.0003572130612257,0.16524577080316136,-1.165602983864387,False,STOP,56,508.9908560340525,17.60748574370421,61.60797527361808,26.657494622288745,13.665546496520488,0.5705757748655824,0.3524485654048348,2.13614886386904,0.5290556900726392,4.387112211404065,2026-01,validation,True
60m_range_baseline_rr2_0,1小时区间反转基线 RR2.0,range_reversal,baseline,2.0,1.1,2026-01-17T16:00:00+00:00,2026-01-17T16:00:00+00:00,2026-01-18T01:10:00+00:00,-1,95528.8,95827.81668630952,94930.76662738097,94930.96662738097,299.0166863095157,1.999331141005983,0.31847681976890385,1.6808543212370792,True,TARGET,110,271.8333511904688,20.152534669671542,56.31098773158547,18.555503156434874,18.094190789820264,0.17662934422151846,0.18216249709738982,2.4652171678380013,0.38105004101722156,3.384426509738212,2026-01,validation,True
60m_range_baseline_rr2_0,1小时区间反转基线 RR2.0,range_reversal,baseline,2.0,1.1,2026-01-18T20:00:00+00:00,2026-01-18T20:00:00+00:00,2026-01-18T23:25:00+00:00,-1,95335.40000000001,95568.80019274134,94868.59961451734,94868.79961451734,233.40019274133275,1.999143102678511,0.4074636729741529,1.591679429704358,True,TARGET,41,212.18199340121157,19.83154697447656,55.929766284005375,23.216292134626137,15.883651139280838,0.2325583662959803,0.24943204008998762,1.0290866267503582,0.7335285505124092,3.1213770281989497,2026-01,validation,True
60m_range_baseline_rr2_0,1小时区间反转基线 RR2.0,range_reversal,baseline,2.0,1.1,2026-01-23T15:00:00+00:00,2026-01-23T15:00:00+00:00,2026-01-23T16:40:00+00:00,1,88976.2,88462.24034293136,90004.11931413728,90003.91931413728,513.9596570686423,1.999610864399084,0.17411884070332143,1.8254920236957626,True,TARGET,20,467.2360518805839,19.79474936116403,42.120003963000954,12.657772517318255,27.577376783022032,0.5792938312013958,-0.14244243285394276,4.629098416183785,0.350013622740893,2.625439529040274,2026-01,validation,True
60m_range_baseline_rr2_0,1小时区间反转基线 RR2.0,range_reversal,baseline,2.0,1.1,2026-01-24T17:00:00+00:00,2026-01-24T17:00:00+00:00,2026-01-25T03:35:00+00:00,1,89248.8,88929.84363052434,89886.71273895132,88929.64363052434,318.95636947566015,-1.0006270450103598,0.2793147600774301,-1.27994180508779,False,STOP,127,289.9603358869638,16.946832524521415,42.147731540209406,13.023114329444473,26.702098680913277,0.3385227667725935,-0.2541852108673733,1.5872369130894621,0.6119888475836641,3.4242614492868926,2026-01,validation,True
60m_range_baseline_rr2_0,1小时区间反转基线 RR2.0,range_reversal,baseline,2.0,1.1,2026-01-27T22:00:00+00:00,2026-01-27T22:00:00+00:00,2026-01-28T11:50:00+00:00,-1,89039.40000000001,89715.36347780061,87687.47304439881,89715.5634778006,675.9634778005969,-1.0002958739733263,0.1322223532397202,-1.1325182272130465,False,STOP,166,614.5122525459972,18.827301155470952,59.11070943748343,25.819762487288042,13.7772271119627,0.1162789084185873,0.3744066806187657,1.2484874856602917,0.8328801885082516,3.586421573970233,2026-01,validation,True
60m_range_baseline_rr2_0,1小时区间反转基线 RR2.0,range_reversal,baseline,2.0,1.1,2026-02-12T19:00:00+00:00,2026-02-12T19:00:00+00:00,2026-02-13T13:25:00+00:00,1,65559.59999999999,64716.158402211186,67246.4831955776,67246.2831955776,843.4415977888092,1.9997628762909863,0.07872855900381563,1.9210343172871707,True,TARGET,221,766.7650888989174,19.65211249169668,34.1910840540055,14.42271931503961,28.45495317933751,0.7178899001638747,-0.6529389375313011,1.5242657080722741,0.7014662756598156,3.9967912524562066,2026-02,validation,True
60m_range_baseline_rr2_0,1小时区间反转基线 RR2.0,range_reversal,baseline,2.0,1.1,2026-02-13T17:00:00+00:00,2026-02-13T17:00:00+00:00,2026-02-14T08:10:00+00:00,-1,68920.7,69687.17310913674,67387.75378172651,69687.37310913674,766.4731091367415,-1.0002609354426326,0.09041939727360254,-1.090680332716235,False,STOP,182,696.7937355788558,20.62048648077541,72.3474266863425,32.525355239642764,9.29311549368254,0.01149318444401863,0.659219213734017,2.3447773086010604,0.5678340351237505,5.900885427140408,2026-02,validation,True
60m_range_baseline_rr2_0,1小时区间反转基线 RR2.0,range_reversal,baseline,2.0,1.1,2026-02-17T16:00:00+00:00,2026-02-17T16:00:00+00:00,2026-02-18T14:50:00+00:00,1,67363.8,66715.64531685587,68660.10936628828,66715.44531685587,648.1546831441342,-1.0003085683174116,0.10343151781797727,-1.1037400861353888,False,STOP,274,589.231530131031,17.75256813859101,39.65018741644412,11.919771494728984,27.278385720692214,0.6029986109645057,-0.3766597843270734,3.3139130401323103,0.9774417139256532,4.331913466057027,2026-02,validation,True
60m_range_baseline_rr2_0,1小时区间反转基线 RR2.0,range_reversal,baseline,2.0,1.1,2026-02-18T15:00:00+00:00,2026-02-18T15:00:00+00:00,2026-02-18T15:45:00+00:00,1,67190.59999999999,66640.95812250886,68289.88375498226,68289.68375498227,549.641877491136,1.999636126706885,0.1232441425072884,1.8763919841995966,True,TARGET,9,499.6744340828509,16.895155061380738,40.80681128206201,14.65619211557323,31.667444685401676,0.5896099265705163,-0.2469694838614079,2.872195864300615,0.7899653457887679,3.1778692118090333,2026-02,validation,True
60m_range_baseline_rr2_0,1小时区间反转基线 RR2.0,range_reversal,baseline,2.0,1.1,2026-02-18T20:00:00+00:00,2026-02-18T20:00:00+00:00,2026-02-19T20:00:00+00:00,1,66138.5,65475.41592794424,67464.66814411152,67022.7,663.0840720557576,1.333465901629509,0.10041049514819496,1.233055406481314,True,TIME_EXIT,288,602.8037018688705,16.85390647563113,31.945050545256564,17.250406199629882,33.683821799840445,0.7014952902163871,-0.4592045105900273,2.0294383518374928,0.4096338102113055,3.829438991239219,2026-02,validation,True
60m_range_baseline_rr2_0,1小时区间反转基线 RR2.0,range_reversal,baseline,2.0,1.1,2026-02-20T01:00:00+00:00,2026-02-20T01:00:00+00:00,2026-02-20T05:35:00+00:00,-1,67190.0,67744.68359004383,66080.63281991235,67744.88359004383,554.6835900438267,-1.0003605659218897,0.12163230174105416,-1.1219928676629438,False,STOP,55,504.25780913075147,16.1908056249129,57.193421681402356,19.384946778614392,16.731239496522928,0.446733500104529,0.14535529898646085,1.0790953592243229,0.5192174515235304,3.378628886158184,2026-02,validation,True
60m_range_baseline_rr2_0,1小时区间反转基线 RR2.0,range_reversal,baseline,2.0,1.1,2026-02-20T11:00:00+00:00,2026-02-20T11:00:00+00:00,2026-02-20T13:25:00+00:00,-1,67909.6,68375.64223848423,66977.51552303156,66977.71552303155,466.04223848422436,1.9995708543486355,0.14471576220402774,1.8548550921446076,True,TARGET,29,423.6747622583857,21.08893324174453,63.60164986876403,25.540038827567855,12.653666136114289,0.32370930584468693,0.4912746639109239,1.1956417945248872,0.6801236588470703,6.145515928588835,2026-02,validation,True
60m_range_baseline_rr2_0,1小时区间反转基线 RR2.0,range_reversal,baseline,2.0,1.1,2026-02-21T10:00:00+00:00,2026-02-21T10:00:00+00:00,2026-02-21T14:25:00+00:00,-1,68115.5,68533.0694132801,67280.36117343981,68533.2694132801,417.569413280095,-1.000478962284213,0.16362401683096883,-1.1641029791151818,False,STOP,53,379.60855752735904,10.257512525982916,59.099572903456796,23.53998320122098,16.67975740520396,0.5926387054190198,0.19830007539537914,0.8600739355709891,0.4736083068935635,4.773074695159915,2026-02,validation,True
60m_range_baseline_rr2_0,1小时区间反转基线 RR2.0,range_reversal,baseline,2.0,1.1,2026-02-21T16:00:00+00:00,2026-02-21T16:00:00+00:00,2026-02-22T00:25:00+00:00,-1,68571.3,68949.46828165575,67814.96343668851,67815.16343668851,378.168281655745,1.9994711349161192,0.1803250960650954,1.8191460388510237,True,TARGET,101,343.7893469597681,12.222135320105126,66.31467755364025,26.276753903606476,15.48783927071661,0.8839758197097173,0.40919492863889206,1.1641854321887477,0.3795596450870815,3.388121273392159,2026-02,validation,True
60m_range_baseline_rr2_0,1小时区间反转基线 RR2.0,range_reversal,baseline,2.0,1.1,2026-02-22T16:00:00+00:00,2026-02-22T16:00:00+00:00,2026-02-22T17:35:00+00:00,1,67660.2,67337.22269271125,68306.1546145775,67337.02269271125,322.97730728875354,-1.00061923855168,0.2089887116620531,-1.209607950213733,False,STOP,19,293.61573389886684,15.297596230768582,43.21793142300843,17.413903612660917,29.501909858002907,0.13662032438960775,-0.4134428322621279,2.5834790700145662,0.7331428571428461,4.502142928264567,2026-02,validation,True
60m_range_baseline_rr2_0,1小时区间反转基线 RR2.0,range_reversal,baseline,2.0,1.1,2026-02-22T18:00:00+00:00,2026-02-22T18:00:00+00:00,2026-02-23T00:50:00+00:00,1,67365.09999999999,67034.58670953162,68026.12658093672,67034.38670953162,330.51329046836423,-1.0006051193878467,0.2033193378079844,-1.2039244571958312,False,STOP,82,300.4666276985129,17.631340599141474,37.38660238168386,14.672693686590515,32.85019665720703,0.03009601322610175,-0.354155024383167,1.7626594918899963,0.47513812154696133,3.7871094328044936,2026-02,validation,True
60m_range_baseline_rr2_0,1小时区间反转基线 RR2.0,range_reversal,baseline,2.0,1.1,2026-02-25T14:00:00+00:00,2026-02-25T14:00:00+00:00,2026-02-25T14:50:00+00:00,-1,66209.3,66848.59841845842,64930.703163083155,66848.79841845842,639.2984184584222,-1.000312842945048,0.10406571843186256,-1.1043785613769106,False,STOP,10,581.1803804167474,20.80563251968216,67.65341405856603,34.5695997382767,18.762089309239787,0.18853339727473473,0.471758383285743,2.0216080718338323,0.6824807087739408,4.3255073376657425,2026-02,validation,True
60m_range_baseline_rr2_0,1小时区间反转基线 RR2.0,range_reversal,baseline,2.0,1.1,2026-02-27T14:00:00+00:00,2026-02-27T14:00:00+00:00,2026-02-27T16:50:00+00:00,1,66240.2,65598.32019164324,67523.95961671349,65598.12019164325,641.8798083567463,-1.0003115848129192,0.102697045829466,-1.1030086306423852,False,STOP,34,583.5270985061329,16.731199800240372,37.04312491329176,15.320487545537453,30.063788602127072,0.012325270143464517,-0.6102680265594117,2.0840374150631247,0.8847096123360705,4.240762779201072,2026-02,validation,True
60m_range_baseline_rr2_0,1小时区间反转基线 RR2.0,range_reversal,baseline,2.0,1.1,2026-03-01T18:00:00+00:00,2026-03-01T18:00:00+00:00,2026-03-01T20:35:00+00:00,1,65956.9,65188.64957639061,67493.40084721876,65188.449576390616,768.2504236093796,-1.0002603317796543,0.08535325562220064,-1.085613587401855,False,STOP,31,698.4094760085269,18.6920128922224,43.99241739234994,16.432400642169334,23.607890999650884,0.26057339835882737,-0.10551293929279557,1.1649613624661233,0.5311355311355341,3.4535613889215786,2026-03,validation,True
60m_range_baseline_rr2_0,1小时区间反转基线 RR2.0,range_reversal,baseline,2.0,1.1,2026-03-01T23:00:00+00:00,2026-03-01T23:00:00+00:00,2026-03-02T01:15:00+00:00,1,65241.2,64389.68075825326,66944.23848349348,66944.03848349348,851.5192417467376,1.9997651256833833,0.07761729389246648,1.9221478317909169,True,TARGET,27,774.1084015879433,17.148516857866205,39.2244851923083,24.078721405159477,21.93882933474042,0.04843535881757291,-0.345989536287952,2.034693928507837,0.12253596164091636,4.080436271613246,2026-03,validation,True
60m_range_baseline_rr2_0,1小时区间反转基线 RR2.0,range_reversal,baseline,2.0,1.1,2026-03-02T17:00:00+00:00,2026-03-02T17:00:00+00:00,2026-03-03T08:45:00+00:00,-1,69395.0,70415.98779873869,67353.02440252261,67353.22440252261,1020.9877987386902,1.999804111273183,0.06696858893488193,1.9328355223383011,True,TARGET,189,928.170726126082,16.347231987414062,71.08477163254162,40.097319298891705,14.636810808784187,0.3586307211328397,0.6845690912349871,3.095058321741787,0.5734288505372822,4.931204864759184,2026-03,validation,True
60m_range_baseline_rr2_0,1小时区间反转基线 RR2.0,range_reversal,baseline,2.0,1.1,2026-03-03T15:00:00+00:00,2026-03-03T15:00:00+00:00,2026-03-03T16:10:00+00:00,1,66540.09999999999,65678.3594993829,68263.58100123418,68263.38100123419,861.7405006170937,1.9997679115698404,0.07821582071673619,1.921552090853104,True,TARGET,14,783.4004551064488,19.9073457774584,39.42227967190935,18.34259646785549,27.7827237907252,0.2550156681559375,-0.26804425368247486,2.501805140819962,0.31095334685597986,4.122157421469973,2026-03,validation,True
60m_range_baseline_rr2_0,1小时区间反转基线 RR2.0,range_reversal,baseline,2.0,1.1,2026-03-06T05:00:00+00:00,2026-03-06T05:00:00+00:00,2026-03-06T12:10:00+00:00,1,70578.4,69850.76727984822,72033.66544030352,69850.56727984823,727.6327201517649,-1.0002748639450423,0.09649714986054948,-1.0967720138055919,False,STOP,86,661.484291047059,20.192069858851866,38.54626143416515,13.220235940847143,26.49749344204277,0.3723847043658091,-0.23399046204652188,0.8324684630175795,0.4209799861973803,4.836849556828528,2026-03,validation,True
60m_range_baseline_rr2_0,1小时区间反转基线 RR2.0,range_reversal,baseline,2.0,1.1,2026-03-11T13:00:00+00:00,2026-03-11T13:00:00+00:00,2026-03-11T13:35:00+00:00,1,69319.09999999999,68658.64452373974,70640.01095252049,70639.81095252049,660.455476260249,1.9996971786786764,0.10595635586597092,1.8937408228127055,True,TARGET,7,600.4140693274991,15.844316086242236,44.97617643685134,11.76268830135046,18.30919700033032,0.3798378917194553,-0.21780772122692502,2.091419301883735,0.46245059288537765,4.276715238995145,2026-03,validation,True
60m_range_baseline_rr2_0,1小时区间反转基线 RR2.0,range_reversal,baseline,2.0,1.1,2026-03-11T18:00:00+00:00,2026-03-11T18:00:00+00:00,2026-03-12T18:00:00+00:00,-1,70744.90000000001,71550.93305275908,69132.83389448185,70167.5,806.0330527590743,0.7163477949490433,0.0874110556122065,0.6289367393368368,True,TIME_EXIT,288,732.7573206900674,16.97050846285512,59.2805936481977,22.45856776833422,12.869343744948281,0.47397233214874984,0.241957746915342,1.9182773678282539,0.6662971175166201,2.903826328198491,2026-03,validation,True
60m_range_baseline_rr2_0,1小时区间反转基线 RR2.0,range_reversal,baseline,2.0,1.1,2026-03-13T09:00:00+00:00,2026-03-13T09:00:00+00:00,2026-03-13T10:20:00+00:00,-1,71789.8,72441.30941132818,70486.78117734364,72441.50941132818,651.5094113281814,-1.0003069794488297,0.11069011966941127,-1.110997099118241,False,STOP,16,592.2812830256194,21.65849678941605,64.63631930757387,25.097886966044495,10.781009827349765,0.8738974875332436,0.38739191818571395,1.5124710808671937,0.45273693315210606,4.517110495764676,2026-03,validation,True
60m_range_baseline_rr2_0,1小时区间反转基线 RR2.0,range_reversal,baseline,2.0,1.1,2026-03-14T02:00:00+00:00,2026-03-14T02:00:00+00:00,2026-03-15T02:00:00+00:00,1,70790.5,70115.32017756876,72140.85964486247,70960.6,675.1798224312356,0.2519328841722456,0.10497284966956844,0.14696003450267714,True,TIME_EXIT,288,613.7998385738505,19.885681638830818,44.73902710034742,15.150641046193723,21.511747485346536,0.48288004229737824,-0.26959926686574,0.3955356208670518,0.8115975246390178,5.47279387985018,2026-03,validation,True
60m_range_baseline_rr2_0,1小时区间反转基线 RR2.0,range_reversal,baseline,2.0,1.1,2026-03-15T05:00:00+00:00,2026-03-15T05:00:00+00:00,2026-03-15T17:55:00+00:00,-1,71546.2,71915.85169584847,70806.89660830305,71916.05169584847,369.6516958484747,-1.0005410498646166,0.19405057964978964,-1.1945916295144061,False,STOP,155,336.04699622588606,20.289203874631163,63.605251079483246,30.206517599062323,12.688873451658825,0.26187037993855533,0.47044194026897046,1.5441375052932915,0.23631205673759692,3.7194202419230344,2026-03,validation,True
60m_range_baseline_rr2_0,1小时区间反转基线 RR2.0,range_reversal,baseline,2.0,1.1,2026-03-20T16:00:00+00:00,2026-03-20T16:00:00+00:00,2026-03-21T14:15:00+00:00,1,69829.7,69209.42771561274,71070.24456877453,71070.04456877454,620.2722843872659,1.9996775609598796,0.11357894598495717,1.8860986149749224,True,TARGET,267,563.8838948975144,18.9231166553214,40.35627736279374,15.053375088608894,24.36845540906909,0.8926535527041735,-0.3111925086171329,1.745583641965256,0.7120075046904315,3.15614617850268,2026-03,validation,True
60m_range_baseline_rr2_0,1小时区间反转基线 RR2.0,range_reversal,baseline,2.0,1.1,2026-03-22T01:00:00+00:00,2026-03-22T01:00:00+00:00,2026-03-22T11:30:00+00:00,1,68904.7,68435.79873669178,69842.50252661643,68435.59873669178,468.9012633082188,-1.0004265290278465,0.14644906026454343,-1.1468755892923899,False,STOP,126,426.2738757347443,15.863611888573846,22.695484883365268,9.857895018281058,41.5772065930383,0.6291124398210337,-0.7051251097217728,6.009958110178974,0.7664702731655062,6.0205425340139245,2026-03,validation,True
60m_range_baseline_rr2_0,1小时区间反转基线 RR2.0,range_reversal,baseline,2.0,1.1,2026-03-25T09:00:00+00:00,2026-03-25T09:00:00+00:00,2026-03-25T11:30:00+00:00,-1,71209.0,71777.54645601605,70071.9070879679,71777.74645601604,568.5464560160456,-1.000351774244448,0.12574763675246675,-1.126099410996915,False,STOP,30,516.8604145600414,17.905749260509836,61.69927097927713,24.781742239599374,14.877517775153036,0.5917567836715917,0.2909484258968734,1.0486325993403218,0.3706409372846233,4.711910472139833,2026-03,validation,True
60m_range_baseline_rr2_0,1小时区间反转基线 RR2.0,range_reversal,baseline,2.0,1.1,2026-03-26T07:00:00+00:00,2026-03-26T07:00:00+00:00,2026-03-26T09:35:00+00:00,1,70057.59999999999,69533.6376731507,71105.52465369857,69533.4376731507,523.9623268492895,-1.0003817068322396,0.1332071320017843,-1.1335888388340238,False,STOP,31,476.32938804480864,15.066451740184755,35.994657443942074,14.659117200696073,28.357233087073805,0.2821521447430415,-0.4290840026884798,1.073606072919283,0.7779562982005037,4.39548777075044,2026-03,validation,True
60m_range_baseline_rr2_0,1小时区间反转基线 RR2.0,range_reversal,baseline,2.0,1.1,2026-03-29T18:00:00+00:00,2026-03-29T18:00:00+00:00,2026-03-29T22:45:00+00:00,1,66356.8,66019.12391674698,67032.15216650606,66018.92391674698,337.6760832530243,-1.000592283581571,0.19600991968619294,-1.196602203267764,False,STOP,57,306.97825750274933,12.841629316949444,41.37923532673656,16.836670716403795,26.435389397957813,0.8523468142592733,-0.17950064992845938,1.591481322664124,0.6031434184676021,2.8223497229025565,2026-03,validation,True
60m_range_baseline_rr2_0,1小时区间反转基线 RR2.0,range_reversal,baseline,2.0,1.1,2026-03-30T06:00:00+00:00,2026-03-30T06:00:00+00:00,2026-03-30T13:25:00+00:00,-1,67458.8,68002.56777565207,66371.26444869587,68002.76777565207,543.7677756520652,-1.0003678040681312,0.1245582892561184,-1.1249260933242495,False,STOP,89,494.3343415018774,15.620769190230222,63.80575491617453,28.169637673196373,20.220654626831873,0.12653949281671428,0.4702363264006284,0.9848504929005241,0.8525469168900804,5.475848576038548,2026-03,validation,True
60m_range_baseline_rr2_0,1小时区间反转基线 RR2.0,range_reversal,baseline,2.0,1.1,2026-03-30T14:00:00+00:00,2026-03-30T14:00:00+00:00,2026-03-30T18:55:00+00:00,-1,67490.6,67991.17871425372,66489.44257149257,66489.64257149257,500.5787142537156,1.999600462436172,0.13382534929719905,1.865775113138973,True,TARGET,59,455.0715584124687,16.38508828319914,57.64574503379401,27.641759165008253,20.493906224325745,0.4126318415642618,0.35708585549092847,1.7157784350849605,0.8542289203585844,6.767726840024855,2026-03,validation,True
60m_range_baseline_rr2_0,1小时区间反转基线 RR2.0,range_reversal,baseline,2.0,1.1,2026-03-31T02:00:00+00:00,2026-03-31T02:00:00+00:00,2026-03-31T08:50:00+00:00,-1,67895.90000000001,68489.25905137048,66709.18189725907,66709.38189725907,593.359051370469,1.9996629359583638,0.11342650085674437,1.8862364351016194,True,TARGET,82,539.4173194276991,16.67221162474861,63.664949708210045,33.85937026269225,21.011250810910422,0.13015800881424366,0.14470054615897907,2.9702326220256943,0.3502331002331016,3.611860297824807,2026-03,validation,True
60m_range_baseline_rr2_0,1小时区间反转基线 RR2.0,range_reversal,baseline,2.0,1.1,2026-03-31T18:00:00+00:00,2026-03-31T18:00:00+00:00,2026-03-31T21:55:00+00:00,-1,67493.6,68267.60531504135,65945.58936991732,68267.80531504135,774.0053150413423,-1.0002583961584142,0.0877005639863015,-1.0879589601447157,False,STOP,47,703.6411954921293,17.08461685527202,55.19545529546546,30.74799121889983,13.901869147337823,0.01491234404474336,0.1223263713826798,3.1339847260224913,0.8899348298334628,3.4662552670671225,2026-03,validation,True
60m_range_baseline_rr2_0,1小时区间反转基线 RR2.0,range_reversal,baseline,2.0,1.1,2026-04-04T12:00:00+00:00,2026-04-04T12:00:00+00:00,2026-04-04T15:15:00+00:00,-1,67128.7,67341.81722490539,66702.4655501892,67342.01722490539,213.11722490539688,-1.0009384506582304,0.31548533274257207,-1.3164237834008023,False,STOP,39,193.74293173217896,21.62741708107607,60.080198018511695,26.31892575826767,11.055256301313149,0.14892190610035172,0.2820716625785016,1.7980549677857445,0.5460299194476821,2.2514369742426488,2026-04,historical_test,True
60m_range_baseline_rr2_0,1小时区间反转基线 RR2.0,range_reversal,baseline,2.0,1.1,2026-04-07T16:00:00+00:00,2026-04-07T16:00:00+00:00,2026-04-07T20:05:00+00:00,1,68138.7,67638.07531400592,69139.94937198816,69139.74937198816,500.6246859940787,1.999600499125214,0.13710715153748118,1.862493347587733,True,TARGET,49,455.11335090370784,20.940432802438828,42.03738451459188,18.479155439781326,29.753613597658358,0.12542860736585754,-0.39936904164839576,1.2471969793012458,0.7929499072356108,4.831763330241791,2026-04,historical_test,True
60m_range_baseline_rr2_0,1小时区间反转基线 RR2.0,range_reversal,baseline,2.0,1.1,2026-04-15T23:00:00+00:00,2026-04-15T23:00:00+00:00,2026-04-16T13:55:00+00:00,-1,74931.1,75498.14928602728,73797.00142794546,73797.20142794546,567.0492860272739,1.9996472969723622,0.13114230552156267,1.8685049914507996,True,TARGET,179,515.4993509338852,20.851807639405827,61.465204519731664,29.375318008867204,11.450900082156641,0.7449488368769125,0.3214935674427811,1.441919809543975,0.6774945175438583,3.4743011737170986,2026-04,historical_test,True
60m_range_baseline_rr2_0,1小时区间反转基线 RR2.0,range_reversal,baseline,2.0,1.1,2026-04-16T21:00:00+00:00,2026-04-16T21:00:00+00:00,2026-04-17T09:00:00+00:00,-1,75188.8,75847.23265925216,73871.93468149571,75847.43265925215,658.4326592521481,-1.0003037516398867,0.11469375837978636,-1.1149975100196732,False,STOP,144,598.5751447746801,18.155879173397526,58.52117178736312,27.00451230067834,17.168150653094102,0.43831017465400385,0.32275113951090895,0.875638113988426,0.5810608890549294,3.5439159452544886,2026-04,historical_test,True
60m_range_baseline_rr2_0,1小时区间反转基线 RR2.0,range_reversal,baseline,2.0,1.1,2026-04-17T10:00:00+00:00,2026-04-17T10:00:00+00:00,2026-04-17T13:05:00+00:00,-1,75745.90000000001,76294.2278676841,74649.24426463185,76294.42786768409,548.3278676840808,-1.0003647452770301,0.13863997876839826,-1.1390047240454284,False,STOP,37,498.4798797128007,16.67309223119195,64.62297497800895,34.292380900290226,12.693352464276394,0.6330682671465797,0.4260444511695149,3.0663551229943096,0.681100586377986,5.240331869573184,2026-04,historical_test,True
60m_range_baseline_rr2_0,1小时区间反转基线 RR2.0,range_reversal,baseline,2.0,1.1,2026-04-22T04:00:00+00:00,2026-04-22T04:00:00+00:00,2026-04-22T05:25:00+00:00,-1,77488.2,78140.24187064606,76184.11625870787,78140.44187064606,652.041870646059,-1.0003067287685103,0.11933945416453501,-1.1196461829330453,False,STOP,17,592.7653369509627,20.381695260434505,68.36210807545564,33.24903716211188,15.839921799736263,0.5249274591421287,0.5836105324433669,1.1286854862853133,0.632732732732724,4.782837023809547,2026-04,historical_test,True
60m_range_baseline_rr2_0,1小时区间反转基线 RR2.0,range_reversal,baseline,2.0,1.1,2026-04-24T19:00:00+00:00,2026-04-24T19:00:00+00:00,2026-04-25T19:00:00+00:00,1,77579.4,77061.49909840965,78615.20180318068,77256.6,517.9009015903451,-0.6232852636648241,0.14948419622802073,-0.7727694598928447,False,TIME_EXIT,288,470.81900144576827,14.067358273154511,43.6299001349265,16.729871890764958,19.1467957770762,0.18191998424684114,-0.15744697356092974,0.7402777388849923,0.7259100642398096,2.5279353559333595,2026-04,historical_test,True
60m_range_baseline_rr2_0,1小时区间反转基线 RR2.0,range_reversal,baseline,2.0,1.1,2026-04-26T09:00:00+00:00,2026-04-26T09:00:00+00:00,2026-04-26T18:20:00+00:00,-1,77988.90000000001,78242.94572196103,77480.80855607796,78243.14572196103,254.0457219610282,-1.000787259861927,0.30748804686805115,-1.3082753067299782,False,STOP,112,230.95065632820743,18.12944351781489,62.07050707672415,30.65445254066516,13.990015549046834,0.14909469019435334,0.5253289997689692,0.9329841050883567,0.9259436215957966,4.61007566259927,2026-04,historical_test,True
60m_range_baseline_rr2_0,1小时区间反转基线 RR2.0,range_reversal,baseline,2.0,1.1,2026-04-26T20:00:00+00:00,2026-04-26T20:00:00+00:00,2026-04-26T21:55:00+00:00,-1,78183.0,78457.50267839391,77633.99464321218,78457.7026783939,274.50267839391336,-1.000728590340772,0.2853172573668177,-1.2860458477075898,False,STOP,23,249.54788944901213,21.383242238092258,61.29000824446344,30.006012498197265,13.570354766521364,0.5692726050625506,0.3283034498259107,2.6722541094718735,0.5780392156862517,4.19238167996511,2026-04,historical_test,True
60m_range_baseline_rr2_0,1小时区间反转基线 RR2.0,range_reversal,baseline,2.0,1.1,2026-04-28T08:00:00+00:00,2026-04-28T08:00:00+00:00,2026-04-28T11:20:00+00:00,1,76828.5,76386.32270770612,77712.85458458777,76386.12270770612,442.17729229388056,-1.0004523072611045,0.17325021589516224,-1.1737025231562668,False,STOP,40,401.97935663080045,20.43511851046018,41.258487424913,16.948605518055974,27.42999158408868,0.8602701520416534,-0.26367377890127786,1.123871751258431,0.8943075013300117,4.557447962887825,2026-04,historical_test,True
60m_range_baseline_rr2_0,1小时区间反转基线 RR2.0,range_reversal,baseline,2.0,1.1,2026-05-07T01:00:00+00:00,2026-05-07T01:00:00+00:00,2026-05-07T13:50:00+00:00,1,80967.2,80479.33939486479,81942.92121027042,80479.13939486479,487.8606051352079,-1.000409953166734,0.1654635952313887,-1.1658735483981228,False,STOP,154,443.50964103200715,14.57285654038109,41.44951307058343,17.177515475799822,20.08479121257889,0.7635739194519705,-0.17873556603043725,0.6747332890278401,0.07868165364829266,4.2815303757127445,2026-05,historical_test,True
60m_range_baseline_rr2_0,1小时区间反转基线 RR2.0,range_reversal,baseline,2.0,1.1,2026-05-07T18:00:00+00:00,2026-05-07T18:00:00+00:00,2026-05-07T22:10:00+00:00,1,80053.5,79539.36877514469,81081.76244971063,79539.16877514469,514.1312248553176,-1.0003890057446925,0.15520616241510707,-1.1555951681597996,False,STOP,50,467.39202259574324,21.651840588039825,36.7474068426408,11.48262980472115,31.72836298351594,0.3723496994813468,-0.6126701680680225,1.3896874634282985,0.9346178142766988,4.440811780382555,2026-05,historical_test,True
60m_range_baseline_rr2_0,1小时区间反转基线 RR2.0,range_reversal,baseline,2.0,1.1,2026-05-09T04:00:00+00:00,2026-05-09T04:00:00+00:00,2026-05-09T16:25:00+00:00,-1,80340.5,80692.30403174605,79636.8919365079,80692.50403174605,351.80403174604845,-1.0005684983171186,0.2288674794778767,-1.2294359777949952,False,STOP,149,319.8218470418622,14.396595087965904,56.14766776731794,22.717707179675536,15.537789652106067,0.3347968060679824,0.22262001248805485,0.5362463857287028,0.7172364672364391,3.9709607450105397,2026-05,historical_test,True
60m_range_baseline_rr2_0,1小时区间反转基线 RR2.0,range_reversal,baseline,2.0,1.1,2026-05-09T17:00:00+00:00,2026-05-09T17:00:00+00:00,2026-05-09T17:40:00+00:00,-1,80575.90000000001,80863.78821525603,80000.12356948797,80863.98821525603,287.88821525602134,-1.0006947140917988,0.2803864133022712,-1.2810811273940699,False,STOP,8,261.71655932365576,15.793452287811672,61.593358790303206,26.051628205656087,12.999815087470187,0.05906404478999392,0.222912058559069,2.290026336711369,0.6186606892686802,2.2814758131585897,2026-05,historical_test,True
60m_range_baseline_rr2_0,1小时区间反转基线 RR2.0,range_reversal,baseline,2.0,1.1,2026-05-09T18:00:00+00:00,2026-05-09T18:00:00+00:00,2026-05-10T15:05:00+00:00,-1,80765.6,81057.66691416632,80181.4661716674,81057.86691416631,292.0669141663051,-1.0006847745852083,0.27703149358099294,-1.2777162681662013,False,STOP,253,265.5153765148228,17.367171548503674,66.37537536961736,26.376156700786197,11.898549362358043,0.155301012761374,0.36867307253382586,2.170209308208977,0.39695141314703813,2.7610453662711505,2026-05,historical_test,True
60m_range_baseline_rr2_0,1小时区间反转基线 RR2.0,range_reversal,baseline,2.0,1.1,2026-05-13T10:00:00+00:00,2026-05-13T10:00:00+00:00,2026-05-13T11:15:00+00:00,-1,81255.2,81595.81016311151,80573.97967377696,80574.17967377696,340.6101631115127,1.999412818460368,0.23755806079807942,1.7618547576622885,True,TARGET,15,309.6456028286479,19.52329012179131,58.76855695502955,20.32613080161789,19.136517451427228,0.009906140252721797,0.2386498188450863,0.9628523227204201,0.08342792281496783,4.737674252754722,2026-05,historical_test,True
60m_range_baseline_rr2_0,1小时区间反转基线 RR2.0,range_reversal,baseline,2.0,1.1,2026-05-15T15:00:00+00:00,2026-05-15T15:00:00+00:00,2026-05-16T06:50:00+00:00,1,79120.8,78536.18310102669,80290.03379794664,78535.9831010267,584.6168989733193,-1.0003421043769714,0.13483768890182374,-1.135179793278795,False,STOP,190,531.4699081575629,21.59757351284396,35.31488068099132,12.183702386997618,36.70867248193515,0.13566670984664064,-0.6628530119520352,2.911523859846742,0.7138263665594907,6.158768257166506,2026-05,historical_test,True
60m_range_baseline_rr2_0,1小时区间反转基线 RR2.0,range_reversal,baseline,2.0,1.1,2026-05-19T15:00:00+00:00,2026-05-19T15:00:00+00:00,2026-05-20T06:25:00+00:00,1,76365.8,75887.87633722354,77321.64732555293,77321.44732555293,477.9236627764592,1.999581523126875,0.16078639675708795,1.838795126369787,True,TARGET,185,434.47605706950833,16.068791922608295,40.333008114106605,12.87059554322479,22.570054133732416,0.7564235284052777,-0.13079203923987412,3.198496945687085,0.29577948072743304,2.93894215624344,2026-05,historical_test,True
60m_range_baseline_rr2_0,1小时区间反转基线 RR2.0,range_reversal,baseline,2.0,1.1,2026-05-20T08:00:00+00:00,2026-05-20T08:00:00+00:00,2026-05-20T10:25:00+00:00,-1,77249.8,77619.94218766452,76509.51562467095,77620.14218766452,370.14218766452274,-1.0005403328954594,0.20920331071262596,-1.2097436436080853,False,STOP,29,336.4928978768388,16.161114509771128,58.24865541053153,21.000618882330272,13.742677263675924,0.36281372285858277,0.3748840316837076,0.9911070569447299,0.8235044548154782,3.8063210489178867,2026-05,historical_test,True
60m_range_baseline_rr2_0,1小时区间反转基线 RR2.0,range_reversal,baseline,2.0,1.1,2026-05-20T11:00:00+00:00,2026-05-20T11:00:00+00:00,2026-05-21T00:50:00+00:00,-1,77475.6,77830.04805987571,76766.70388024858,77830.24805987571,354.4480598757139,-1.000564257567274,0.21908125003467818,-1.2196455076019521,False,STOP,166,322.2255089779217,19.070960759464754,62.40617765809807,23.503076988474113,11.490350627557572,0.08854056483883158,0.4382680202533579,0.6092828352776556,0.8637083993660724,4.670331671671304,2026-05,historical_test,True
60m_range_baseline_rr2_0,1小时区间反转基线 RR2.0,range_reversal,baseline,2.0,1.1,2026-05-21T02:00:00+00:00,2026-05-21T02:00:00+00:00,2026-05-21T13:40:00+00:00,-1,77817.90000000001,78230.30302921998,76993.09394156006,76993.29394156006,412.4030292199775,1.999515037509835,0.18769405529630956,1.8118209822135254,True,TARGET,140,374.91184474543405,14.136699921643414,60.53749300421601,26.106555394629655,15.249748987668132,0.4499045615183302,0.2895141419422619,1.1146131900349738,0.8505894413121391,3.4754836857308145,2026-05,historical_test,True
60m_range_baseline_rr2_0,1小时区间反转基线 RR2.0,range_reversal,baseline,2.0,1.1,2026-05-21T14:00:00+00:00,2026-05-21T14:00:00+00:00,2026-05-21T17:25:00+00:00,1,77090.2,76680.64249561694,77909.31500876612,77909.11500876612,409.5575043830593,1.9995116680860374,0.1892277804093112,1.8102838876767262,True,TARGET,41,372.32500398459933,15.78568843636484,41.07905054009061,15.971302810613619,29.77852306304225,0.26095926255280516,-0.30860187468729594,2.781599290950259,0.6291380137534094,3.1037399788701956,2026-05,historical_test,True
60m_range_baseline_rr2_0,1小时区间反转基线 RR2.0,range_reversal,baseline,2.0,1.1,2026-05-22T14:00:00+00:00,2026-05-22T14:00:00+00:00,2026-05-22T14:10:00+00:00,1,77255.7,76933.28675496214,77900.52649007569,76933.08675496215,322.4132450378457,-1.0006203219101029,0.2391167067855154,-1.2397370286956182,False,STOP,2,293.1029500344051,13.438495318624886,44.8394314912005,14.594854230083815,23.999883263498333,0.012282239159975944,-0.058736778320969636,1.6342214785463514,0.3940236275191266,3.157593602832597,2026-05,historical_test,True
60m_range_baseline_rr2_0,1小时区间反转基线 RR2.0,range_reversal,baseline,2.0,1.1,2026-05-22T16:00:00+00:00,2026-05-22T16:00:00+00:00,2026-05-22T18:50:00+00:00,1,76756.7,76401.57454892145,77466.9509021571,76401.37454892145,355.1254510785503,-1.00056318126282,0.21563939459107417,-1.2162025758538941,False,STOP,34,322.8413191623184,17.49386692713446,35.17589259622346,11.425138443839803,30.51508254886997,0.20937710744993615,-0.4366287056294314,3.3668249934793666,0.48939815806383136,3.597432952552348,2026-05,historical_test,True
60m_range_baseline_rr2_0,1小时区间反转基线 RR2.0,range_reversal,baseline,2.0,1.1,2026-05-25T07:00:00+00:00,2026-05-25T07:00:00+00:00,2026-05-25T15:15:00+00:00,-1,77385.90000000001,77796.12507914321,76565.44984171359,77796.32507914321,410.22507914320863,-1.0004875372329936,0.18914278157158873,-1.1896303188045823,False,STOP,99,372.93189013018963,21.803663645370595,61.329335553601105,29.357307421702426,15.07639369068313,0.6405080245959114,0.41828538553993516,1.2245111625909861,0.5886510500807616,4.140166182787407,2026-05,historical_test,True
60m_range_baseline_rr2_0,1小时区间反转基线 RR2.0,range_reversal,baseline,2.0,1.1,2026-05-26T16:00:00+00:00,2026-05-26T16:00:00+00:00,2026-05-26T17:35:00+00:00,1,76478.4,75956.4565407272,77522.28691854558,75956.2565407272,521.9434592727941,-1.0003831832671564,0.14602602430645376,-1.14640920757361,False,STOP,19,474.49405388435827,21.405324377437225,39.81391682676116,26.74506512950065,19.12197097425844,0.009971854313230177,-0.09782478802960544,3.157124336856532,0.32523039935889003,3.4628463445412434,2026-05,historical_test,True
60m_range_baseline_rr2_0,1小时区间反转基线 RR2.0,range_reversal,baseline,2.0,1.1,2026-05-26T19:00:00+00:00,2026-05-26T19:00:00+00:00,2026-05-27T13:30:00+00:00,1,75822.8,75264.99708089566,76938.4058382087,75264.79708089566,557.8029191043464,-1.0003585495757497,0.1354309845881536,-1.1357895341639033,False,STOP,222,507.09356282213304,18.24258031134272,31.47999519861699,20.03698101158242,21.215331442013635,0.2525193961029772,-0.45690803241008215,1.0556746316547794,0.19054123271300388,4.471758598906498,2026-05,historical_test,True
60m_range_baseline_rr2_0,1小时区间反转基线 RR2.0,range_reversal,baseline,2.0,1.1,2026-05-30T15:00:00+00:00,2026-05-30T15:00:00+00:00,2026-05-31T01:25:00+00:00,-1,73900.8,74194.9341708258,73312.53165834841,74195.1341708258,294.13417082579355,-1.0006799617991984,0.2517489446313574,-1.2524289064305558,False,STOP,125,267.39470075072137,19.21836528000973,59.03360730645811,27.412555606011033,21.844851762169622,0.4752429198854831,0.24709893718806597,2.204282447313,0.6018298881735084,3.674343572410342,2026-05,historical_test,True
60m_range_baseline_rr2_0,1小时区间反转基线 RR2.0,range_reversal,baseline,2.0,1.1,2026-05-31T02:00:00+00:00,2026-05-31T02:00:00+00:00,2026-05-31T14:20:00+00:00,-1,74021.0,74263.40805930892,73536.18388138217,73536.38388138216,242.40805930891295,1.9991749449232008,0.30435742174178765,1.694817523181413,True,TARGET,148,220.37096300810268,14.091526542151193,60.57211610976024,27.42466538921986,17.493708945534248,0.11189269238151676,0.20804827969471046,1.9203974220762716,0.8841251448435663,3.627519656346994,2026-05,historical_test,True
60m_range_baseline_rr2_0,1小时区间反转基线 RR2.0,range_reversal,baseline,2.0,1.1,2026-05-31T17:00:00+00:00,2026-05-31T17:00:00+00:00,2026-05-31T23:05:00+00:00,1,73500.2,73257.03663010037,73986.52673979927,73986.32673979927,243.16336989963682,1.999177507697486,0.30326633242637,1.695911175271116,True,TARGET,73,221.0576089996698,17.965880222813695,35.868970238121065,11.517503173432686,33.30408585316408,0.07415688745354529,-0.3979662206470318,1.7642108738177353,0.44643858665169517,3.899436006300455,2026-05,historical_test,True
60m_range_baseline_rr2_0,1小时区间反转基线 RR2.0,range_reversal,baseline,2.0,1.1,2026-06-09T16:00:00+00:00,2026-06-09T16:00:00+00:00,2026-06-10T13:45:00+00:00,1,61100.799999999996,60506.025346886134,62290.34930622772,62290.14930622772,594.7746531138615,1.9996637381923568,0.10372915915316099,1.8959345790391957,True,TARGET,261,540.7042301035104,20.666552436586805,25.10572832454004,10.90750645303791,31.88225858790127,0.1571098114301544,-0.669245491706034,2.078131530543908,0.14663921164876728,5.098166144311993,2026-06,historical_test,True
60m_range_baseline_rr2_0,1小时区间反转基线 RR2.0,range_reversal,baseline,2.0,1.1,2026-06-11T04:00:00+00:00,2026-06-11T04:00:00+00:00,2026-06-11T17:35:00+00:00,-1,62657.3,63275.132469381984,61421.63506123603,63275.33246938198,617.8324693819841,-1.0003237123490685,0.10191487070544546,-1.1022385830545138,False,STOP,163,561.6658812563492,18.075409987987754,61.74160205519631,27.28132900577298,14.579838366140727,0.19646779480077742,0.2801469714186119,1.2581661436722948,0.2794801352493656,3.824871817377657,2026-06,historical_test,True
60m_range_baseline_rr2_0,1小时区间反转基线 RR2.0,range_reversal,baseline,2.0,1.1,2026-06-17T08:00:00+00:00,2026-06-17T08:00:00+00:00,2026-06-17T08:35:00+00:00,1,65504.1,65118.65780664504,66274.98438670993,65118.45780664504,385.44219335496103,-1.0005188845524549,0.1694450686232374,-1.1699639531756922,False,STOP,7,350.40199395905546,15.530658362213138,40.29392530451025,15.058883492690043,27.168134032220234,0.1441244881225621,-0.20580802899265221,2.0481162331126246,0.6329377472413037,4.161791385725977,2026-06,historical_test,True
60m_range_baseline_rr2_0,1小时区间反转基线 RR2.0,range_reversal,baseline,2.0,1.1,2026-06-17T17:00:00+00:00,2026-06-17T17:00:00+00:00,2026-06-17T18:10:00+00:00,-1,65829.40000000001,66335.38623213513,64817.42753572976,64817.627535729756,505.98623213512485,1.9996047323280846,0.12910136604353314,1.8705033662845514,True,TARGET,14,459.9874837592044,21.296250581752105,56.02554799583099,28.069650175284234,16.956679032231197,0.2767559715457723,0.07623601943830369,2.599329666918734,0.7940463362069028,3.407701416546715,2026-06,historical_test,True
60m_range_baseline_rr2_0,1小时区间反转基线 RR2.0,range_reversal,baseline,2.0,1.1,2026-06-20T01:00:00+00:00,2026-06-20T01:00:00+00:00,2026-06-20T14:50:00+00:00,-1,63496.600000000006,63896.22545856109,62697.34908287783,63896.42545856109,399.62545856108807,-1.0005004686155803,0.15939052771720172,-1.159890996332782,False,STOP,166,363.29587141917096,20.378680143389765,57.83933488920962,23.743466599062426,12.510289621343018,0.8895367751597383,0.3061377265139352,1.2031828497648385,0.8081936685288533,3.7781877196625007,2026-06,historical_test,True
60m_range_baseline_rr2_0,1小时区间反转基线 RR2.0,range_reversal,baseline,2.0,1.1,2026-06-21T22:00:00+00:00,2026-06-21T22:00:00+00:00,2026-06-21T23:35:00+00:00,1,63778.299999999996,63474.65105376264,64385.59789247471,63474.45105376264,303.6489462373568,-1.0006586553402408,0.2095392601071164,-1.2101979154473572,False,STOP,19,276.0444965794153,20.15483913062713,40.2730181496339,14.981444187727675,29.94641241577614,0.46236075339780597,-0.194258834795347,2.3202117679114362,0.6380872129766084,3.35706747094447,2026-06,historical_test,True
60m_range_baseline_rr2_0,1小时区间反转基线 RR2.0,range_reversal,baseline,2.0,1.1,2026-06-22T15:00:00+00:00,2026-06-22T15:00:00+00:00,2026-06-22T22:30:00+00:00,-1,64942.9,65430.37878566167,63967.94242867667,63968.14242867667,487.4787856616654,1.9995897257360062,0.13222220763279263,1.8673675181032137,True,TARGET,90,443.1625324196958,19.379775613943764,59.323126576299764,29.825717816335555,12.785210491565117,0.5816858508493652,0.6285247848013419,2.3451316897915446,0.8229966033463353,5.293091875778227,2026-06,historical_test,True
60m_range_baseline_rr2_0,1小时区间反转基线 RR2.0,range_reversal,baseline,2.0,1.1,2026-06-22T23:00:00+00:00,2026-06-22T23:00:00+00:00,2026-06-23T05:25:00+00:00,1,63948.7,63485.41625761834,64875.26748476332,63485.21625761834,463.2837423816588,-1.0004317008815593,0.1375333349736205,-1.1379650358551798,False,STOP,77,421.16703852878067,17.505925977038647,42.82991419914071,19.705662592109633,23.170441803993008,0.41243526101652694,-0.1590354182289013,1.1929887560265895,0.31036734693877316,4.18788708195517,2026-06,historical_test,True
60m_range_baseline_rr2_0,1小时区间反转基线 RR2.0,range_reversal,baseline,2.0,1.1,2026-06-27T14:00:00+00:00,2026-06-27T14:00:00+00:00,2026-06-28T05:30:00+00:00,-1,60554.4,60972.37327145498,59718.45345709005,59718.65345709005,417.97327145497616,1.9995215005033642,0.14387648884630388,1.8556450116570602,True,TARGET,186,379.97570132270556,11.298377920850523,58.348177887995455,19.60829147576238,15.850963468022025,0.1472315549652255,0.18251379354807368,1.1787375456376372,0.3083623693379791,2.7030675814917724,2026-06,historical_test,True
60m_range_baseline_rr2_0,1小时区间反转基线 RR2.0,range_reversal,baseline,2.0,1.1,2026-06-28T06:00:00+00:00,2026-06-28T06:00:00+00:00,2026-06-28T16:35:00+00:00,1,59956.799999999996,59611.79498974129,60646.810020517405,59611.594989741294,345.00501025870636,-1.0005797017262024,0.17328501244095182,-1.173864714167154,False,STOP,127,313.64091841700576,10.990085906090286,42.45448027350055,15.45408566730404,25.442221084419174,0.20494085865706854,-0.1555868583696705,1.7529490639393182,0.6083018867924418,3.522818405125822,2026-06,historical_test,True
60m_range_baseline_rr2_0,1小时区间反转基线 RR2.0,range_reversal,baseline,2.0,1.1,2026-06-28T18:00:00+00:00,2026-06-28T18:00:00+00:00,2026-06-28T22:25:00+00:00,1,59557.5,59211.25763722428,60249.98472555144,59211.05763722428,346.2423627757203,-1.000577630069287,0.17151072544256668,-1.1720883555118538,False,STOP,53,314.7657843415639,12.664650146935337,34.28506363579338,14.714421172171981,29.742951507760402,0.4080787910783363,-0.41345792181852575,2.499761981777801,0.4188447177685112,3.1556797130215926,2026-06,historical_test,True
60m_range_reversal_confirmation_rr2_0,1小时区间反转·二次确认 RR2.0,range_reversal,confirmation,2.0,1.05,2026-03-30T07:00:00+00:00,2026-03-30T07:00:00+00:00,2026-03-30T08:10:00+00:00,-1,67273.3,67778.63098296433,66262.63803407134,67778.83098296433,505.3309829643301,-1.0003957802049255,0.13362740019495034,-1.134023180399876,False,STOP,14,481.2676028231715,15.258360283145937,59.74684879281952,26.867714953164125,21.740938632937503,0.06269086911799734,0.4634413372986844,0.7735391019212108,0.8882466281310565,5.940146361878404,2026-03,validation,False
60m_range_reversal_confirmation_rr2_5,1小时区间反转·二次确认 RR2.5,range_reversal,confirmation,2.5,1.05,2026-03-30T07:00:00+00:00,2026-03-30T07:00:00+00:00,2026-03-30T08:10:00+00:00,-1,67273.3,67778.63098296433,66009.97254258918,67778.83098296433,505.3309829643301,-1.0003957802049255,0.13362740019495034,-1.134023180399876,False,STOP,14,481.2676028231715,15.258360283145937,59.74684879281952,26.867714953164125,21.740938632937503,0.06269086911799734,0.4634413372986844,0.7735391019212108,0.8882466281310565,5.940146361878404,2026-03,validation,False
60m_range_reversal_confirmation_rr3_0,1小时区间反转·二次确认 RR3.0,range_reversal,confirmation,3.0,1.05,2026-03-30T07:00:00+00:00,2026-03-30T07:00:00+00:00,2026-03-30T08:10:00+00:00,-1,67273.3,67778.63098296433,65757.30705110701,67778.83098296433,505.3309829643301,-1.0003957802049255,0.13362740019495034,-1.134023180399876,False,STOP,14,481.2676028231715,15.258360283145937,59.74684879281952,26.867714953164125,21.740938632937503,0.06269086911799734,0.4634413372986844,0.7735391019212108,0.8882466281310565,5.940146361878404,2026-03,validation,False
60m_trend_baseline_rr2_0,1小时趋势回踩基线 RR2.0,trend_pullback,baseline,2.0,1.2,2025-01-03T15:00:00+00:00,2025-01-03T15:00:00+00:00,2025-01-03T16:25:00+00:00,1,96970.59999999999,96365.32250691824,98181.1549861635,98180.9549861635,605.2774930817537,1.9996695730433027,0.16120833602498147,1.8384612370183213,True,TARGET,17,504.3979109014615,21.756738638613793,55.65238936312068,21.350363808687696,13.970233380155838,1.0057026667430393,0.061271127260134894,3.0415251854743186,0.5908984830805066,3.4910929683529184,2025-01,development,True
60m_trend_baseline_rr2_0,1小时趋势回踩基线 RR2.0,trend_pullback,baseline,2.0,1.2,2025-01-04T14:00:00+00:00,2025-01-04T14:00:00+00:00,2025-01-05T14:00:00+00:00,1,97924.5,97469.81510283278,98833.86979433443,97654.40000000001,454.6848971672154,-0.5940377647966147,0.21507081191666866,-0.8091085767132834,False,TIME_EXIT,288,378.90408097267954,20.88382408938727,54.28980118754967,20.722504841295788,18.362425464892958,1.5432653783148753,0.030515561626145486,0.9490789581464691,0.6773517076093148,3.987288804389883,2025-01,development,True
60m_trend_baseline_rr2_0,1小时趋势回踩基线 RR2.0,trend_pullback,baseline,2.0,1.2,2025-01-06T12:00:00+00:00,2025-01-06T12:00:00+00:00,2025-01-06T14:50:00+00:00,1,99219.4,98647.55923734448,100363.081525311,100362.88152531101,571.8407626555072,1.9996502522851431,0.17450861722282024,1.8251416350623229,True,TARGET,34,476.53396887958934,20.38946772892422,60.40124509020649,24.78239938948533,16.849665103352507,0.9716548337445595,0.15494041484099244,1.2358113929969388,0.7694560669456026,4.945502637599983,2025-01,development,True
60m_trend_baseline_rr2_0,1小时趋势回踩基线 RR2.0,trend_pullback,baseline,2.0,1.2,2025-01-06T15:00:00+00:00,2025-01-06T15:00:00+00:00,2025-01-06T15:55:00+00:00,1,100702.2,99927.12672173681,102252.34655652635,102252.14655652635,775.0732782631751,1.9997419598822375,0.13092590871621657,1.868816051166021,True,TARGET,11,645.894398552646,22.649508965715643,74.48632404454293,36.43754731006167,12.400445947733456,0.8762706581280071,0.4164452451861967,6.067004506309077,0.787635658914731,3.648738873229144,2025-01,development,True
60m_trend_baseline_rr2_0,1小时趋势回踩基线 RR2.0,trend_pullback,baseline,2.0,1.2,2025-01-09T02:00:00+00:00,2025-01-09T02:00:00+00:00,2025-01-09T08:10:00+00:00,-1,94953.2,95943.74743409692,92972.10513180615,92972.30513180615,990.5474340969241,1.9997980914460887,0.09485941746098038,1.9049386739851082,True,TARGET,74,825.4561950807702,52.92243161679464,42.814139264227336,12.433592777956765,25.62809245697471,1.6908749151372442,-0.09618941746053632,0.31464990126908504,0.9474053295932683,4.986697082813978,2025-01,development,True
60m_trend_baseline_rr2_0,1小时趋势回踩基线 RR2.0,trend_pullback,baseline,2.0,1.2,2025-01-09T18:00:00+00:00,2025-01-09T18:00:00+00:00,2025-01-10T04:15:00+00:00,-1,92656.40000000001,93858.68025387202,90251.839492256,93858.88025387202,1202.2802538720096,-1.0001663505654002,0.07756730581459247,-1.0777336563799926,False,STOP,123,1001.900211560008,48.38648033984822,39.62791173330172,16.65049832652296,34.268377304937864,1.364876250104275,-0.05631537815681353,1.8506055259298984,0.8062639141874138,3.6048500223154982,2025-01,development,True
60m_trend_baseline_rr2_0,1小时趋势回踩基线 RR2.0,trend_pullback,baseline,2.0,1.2,2025-01-10T16:00:00+00:00,2025-01-10T16:00:00+00:00,2025-01-10T17:50:00+00:00,-1,93703.8,94863.05179223622,91385.29641552757,94863.25179223622,1159.2517922362142,-1.0001725250729299,0.0813313609067136,-1.0815038859796435,False,STOP,22,966.0431601968453,27.015388263277003,47.60080985896793,14.357954886104896,31.384525958037315,0.3881672397599115,-0.07266202268812201,4.038277299905069,0.34170681348933163,4.331172945883101,2025-01,development,True
60m_trend_baseline_rr2_0,1小时趋势回踩基线 RR2.0,trend_pullback,baseline,2.0,1.2,2025-01-15T11:00:00+00:00,2025-01-15T11:00:00+00:00,2025-01-15T13:35:00+00:00,1,96889.2,96132.74488081403,98402.11023837191,98401.91023837191,756.4551191859604,1.9997356089014,0.12908307795479618,1.8706525309466038,True,TARGET,31,630.3792659883003,27.794610865794557,56.36159081346906,23.064674581323402,15.707864524755413,1.4310325295750357,0.14456931269728088,0.6491166882736181,0.5141985449425084,3.7724908294241755,2025-01,development,True
60m_trend_baseline_rr2_0,1小时趋势回踩基线 RR2.0,trend_pullback,baseline,2.0,1.2,2025-01-15T14:00:00+00:00,2025-01-15T14:00:00+00:00,2025-01-16T00:05:00+00:00,1,98916.3,98038.18764691999,100672.52470616002,100672.32470616003,878.1123530800121,1.9997722387126218,0.11364640527268262,1.8861258334399391,True,TARGET,121,731.7602942333434,27.772210483888927,72.31213098553593,36.220820415928294,12.43332644167009,1.2828455326301982,0.3237747121313615,6.34522100019087,0.9618150373202283,2.9353874717272466,2025-01,development,True
60m_trend_baseline_rr2_0,1小时趋势回踩基线 RR2.0,trend_pullback,baseline,2.0,1.2,2025-01-16T13:00:00+00:00,2025-01-16T13:00:00+00:00,2025-01-16T14:45:00+00:00,1,99336.2,98561.734907549,100885.13018490198,98561.53490754901,774.465092450989,-1.0002582427561282,0.12776414123537316,-1.1280223839915013,False,STOP,21,645.3875770424909,33.36545683801115,55.21790327148889,22.99442848587623,20.524370381388806,1.7046794319113798,0.026851310112872905,1.0461444633736565,0.7752071283414045,3.5635950889221624,2025-01,development,True
60m_trend_baseline_rr2_0,1小时趋势回踩基线 RR2.0,trend_pullback,baseline,2.0,1.2,2025-01-18T14:00:00+00:00,2025-01-18T14:00:00+00:00,2025-01-18T16:45:00+00:00,1,104327.5,103332.82917256063,106316.84165487874,103332.62917256063,994.6708274393711,-1.0002010715449612,0.10438635749836461,-1.1045874290433257,False,STOP,33,828.892356199476,28.719456531919764,59.07052248415294,20.813436488754846,14.03546596779078,1.3625648931979126,0.1349730523233946,0.957063822529273,0.9546853362055635,4.272207330076759,2025-01,development,True
60m_trend_baseline_rr2_0,1小时趋势回踩基线 RR2.0,trend_pullback,baseline,2.0,1.2,2025-01-18T18:00:00+00:00,2025-01-18T18:00:00+00:00,2025-01-19T18:00:00+00:00,1,103784.2,102683.42132698625,105985.75734602749,105129.8,1100.7786730137427,1.2224074039479567,0.09489373528105764,1.127513668666899,True,TIME_EXIT,288,917.3155608447856,26.25133701628978,52.74109233905419,17.7737130664348,13.839646881950953,1.1212547850366275,0.08480265247059039,0.9759840452952634,0.5879766895000536,3.010305414918429,2025-01,development,True
60m_trend_baseline_rr2_0,1小时趋势回踩基线 RR2.0,trend_pullback,baseline,2.0,1.2,2025-01-20T17:00:00+00:00,2025-01-20T17:00:00+00:00,2025-01-20T17:10:00+00:00,1,106685.3,104364.05615493609,111327.78769012785,104363.85615493609,2321.24384506392,-1.0000861607023401,0.04546035880800029,-1.0455465195103404,False,STOP,2,1934.3698708866002,26.790164103154677,54.21065051917378,19.46572449037436,26.089200107033705,0.5460172721349982,0.10400075620889916,1.4561380543828135,0.8823946994794115,5.4276072833929545,2025-01,development,True
60m_trend_baseline_rr2_0,1小时趋势回踩基线 RR2.0,trend_pullback,baseline,2.0,1.2,2025-01-24T02:00:00+00:00,2025-01-24T02:00:00+00:00,2025-01-24T04:50:00+00:00,-1,103184.6,104851.3432148084,99851.11357038324,104851.5432148084,1666.7432148083847,-1.0001199944887884,0.06240797663565861,-1.062527971124447,False,STOP,34,1388.9526790069872,24.661579841090663,46.65919046525946,22.33209995387746,19.06229210075713,0.11589546547107624,-0.039037488536306154,0.21037020495666553,0.8010142477662359,4.052837857675985,2025-01,development,True
60m_trend_baseline_rr2_0,1小时趋势回踩基线 RR2.0,trend_pullback,baseline,2.0,1.2,2025-01-24T15:00:00+00:00,2025-01-24T15:00:00+00:00,2025-01-24T23:05:00+00:00,1,105722.8,104490.22332225431,108187.9533554914,104490.02332225432,1232.5766777456922,-1.000162261710451,0.08527373068048018,-1.0854359923909314,False,STOP,97,1027.1472314547436,27.355054120543503,60.85021785384117,24.98585925429025,11.690608285620456,0.41998133533141613,0.24633736213113053,1.5666953382642383,0.6527365546717334,4.11382114520763,2025-01,development,True
60m_trend_baseline_rr2_0,1小时趋势回踩基线 RR2.0,trend_pullback,baseline,2.0,1.2,2025-01-26T19:00:00+00:00,2025-01-26T19:00:00+00:00,2025-01-26T21:05:00+00:00,1,105144.0,104761.9732041597,105908.05359168061,104761.7732041597,382.0267958403032,-1.0005235234862315,0.274726505430663,-1.2752500289168944,False,STOP,25,318.35566320025265,18.35110221665326,58.662173084329886,26.714106887952802,13.878083228486904,0.30916723665932794,0.11605101150842331,1.6684965220113317,0.7454942654287334,3.576503048679197,2025-01,development,True
60m_trend_baseline_rr2_0,1小时趋势回踩基线 RR2.0,trend_pullback,baseline,2.0,1.2,2025-01-27T14:00:00+00:00,2025-01-27T14:00:00+00:00,2025-01-27T14:50:00+00:00,-1,100439.8,101646.21474409568,98026.97051180866,101646.41474409567,1206.4147440956713,-1.000165780467271,0.08375486777376032,-1.0839206482410313,False,STOP,10,1005.3456200797261,47.96643707053269,41.21933494604819,19.42568809823746,27.52728468804007,1.6440273926494091,-0.3575744824672067,2.1530925265601724,0.7007529329364407,7.516817947046622,2025-01,development,True
60m_trend_baseline_rr2_0,1小时趋势回踩基线 RR2.0,trend_pullback,baseline,2.0,1.2,2025-01-27T17:00:00+00:00,2025-01-27T17:00:00+00:00,2025-01-27T20:50:00+00:00,-1,99707.8,101084.46856879671,96954.46286240657,101084.66856879671,1376.668568796717,-1.000145278249627,0.0729269459330724,-1.0730722241826993,False,STOP,46,1147.2238073305975,40.8941219093175,39.5815591073612,16.99693842823993,27.39581433858118,1.3046765512187848,-0.04013339752006395,1.421233228543837,0.8791859714972733,6.53316288601057,2025-01,development,True
60m_trend_baseline_rr2_0,1小时趋势回踩基线 RR2.0,trend_pullback,baseline,2.0,1.2,2025-01-28T18:00:00+00:00,2025-01-28T18:00:00+00:00,2025-01-28T20:50:00+00:00,1,102525.5,101476.15134983195,104624.19730033608,101475.95134983196,1049.3486501680384,-1.0001905944225231,0.09720384703271119,-1.0973944414552343,False,STOP,34,874.4572084733654,23.15264101178151,54.086753970685656,23.944574890896714,18.860127885712608,0.0027271213460288864,0.07555161948519062,1.2961930690771701,0.39627065654309696,3.3071944195518466,2025-01,development,True
60m_trend_baseline_rr2_0,1小时趋势回踩基线 RR2.0,trend_pullback,baseline,2.0,1.2,2025-01-28T21:00:00+00:00,2025-01-28T21:00:00+00:00,2025-01-29T05:10:00+00:00,-1,101226.1,102316.40726837434,99045.48546325133,102316.60726837434,1090.3072683743374,-1.000183434528778,0.09334190148611006,-1.093525336014888,False,STOP,98,908.5893903119479,20.022750047173112,40.46579310676297,18.451173042682555,21.95445278504348,0.06565351327744977,-0.1162823257713722,1.1926641716801534,0.9760732420372321,2.788938575575923,2025-01,development,True
60m_trend_baseline_rr2_0,1小时趋势回踩基线 RR2.0,trend_pullback,baseline,2.0,1.2,2025-01-30T15:00:00+00:00,2025-01-30T15:00:00+00:00,2025-01-30T17:40:00+00:00,1,105880.0,105009.43408792169,107621.13182415663,105009.2340879217,870.5659120783131,-1.0002297356204952,0.12112192262643454,-1.1213516582469298,False,STOP,32,725.4715933985942,34.11758098191873,69.91629072137353,28.14267595579298,9.49610213903571,1.3540209081792252,0.3076772629807868,2.418228752544584,0.7541333333333368,5.788648429812024,2025-01,development,True
60m_trend_baseline_rr2_0,1小时趋势回踩基线 RR2.0,trend_pullback,baseline,2.0,1.2,2025-01-30T19:00:00+00:00,2025-01-30T19:00:00+00:00,2025-01-31T00:10:00+00:00,1,105523.59999999999,104622.78344713482,107325.23310573035,104622.58344713482,900.8165528651779,-1.000222020786981,0.11664205257925954,-1.1168640733662405,False,STOP,62,750.6804607209816,35.16567558479508,61.620285752690194,21.403637964459065,13.091068726502543,1.3221587173699378,0.2627499595299085,1.0331694917960463,0.9829634073185223,4.296768290601449,2025-01,development,True
60m_trend_baseline_rr2_0,1小时趋势回踩基线 RR2.0,trend_pullback,baseline,2.0,1.2,2025-02-04T15:00:00+00:00,2025-02-04T15:00:00+00:00,2025-02-04T15:20:00+00:00,1,99943.09999999999,98668.69319799865,102491.91360400266,98668.49319799866,1274.4068020013353,-1.000156935759982,0.0779231533000679,-1.07808008906005,False,STOP,4,1062.0056683344462,23.705194954633825,56.17883988481911,23.941142299562582,20.043514908237277,0.1906986872744072,0.088273115124272,2.1609703605206194,0.7667029972752012,4.39093701572548,2025-02,development,True
60m_trend_baseline_rr2_0,1小时趋势回踩基线 RR2.0,trend_pullback,baseline,2.0,1.2,2025-02-04T19:00:00+00:00,2025-02-04T19:00:00+00:00,2025-02-04T20:25:00+00:00,1,99374.59999999999,98090.99079050499,101941.81841899,98090.790790505,1283.6092094950052,-1.0001558106614634,0.07691803289109751,-1.0770738435525609,False,STOP,17,1069.6743412458377,18.138096922510368,52.28355245923468,17.67182454281094,18.149432922793007,0.17043699846876287,0.002876212670343952,0.4846498311442241,0.7784592737978331,4.35945765939269,2025-02,development,True
60m_trend_baseline_rr2_0,1小时趋势回踩基线 RR2.0,trend_pullback,baseline,2.0,1.2,2025-02-07T07:00:00+00:00,2025-02-07T07:00:00+00:00,2025-02-07T11:25:00+00:00,-1,96714.0,97645.04972882746,94851.90054234509,97645.24972882746,931.0497288274584,-1.000214811297195,0.10437640638894703,-1.1045912176861419,False,STOP,53,775.874774022882,18.78961492147131,43.74366751605863,13.250195719127076,19.36287781112236,0.41800294097299595,-0.030827197450096638,0.9396416304489313,0.7753760586525145,4.484615451484421,2025-02,development,True
60m_trend_baseline_rr2_0,1小时趋势回踩基线 RR2.0,trend_pullback,baseline,2.0,1.2,2025-02-10T02:00:00+00:00,2025-02-10T02:00:00+00:00,2025-02-10T03:30:00+00:00,-1,95543.8,96393.14795824906,93845.10408350188,96393.34795824905,849.3479582490598,-1.00023547475219,0.11299088088345417,-1.113226355635644,False,STOP,18,707.7899652075499,19.32539737312606,42.32329094172017,16.54458437200823,32.084465187034596,0.3492247921266893,-0.02028948643745559,1.8652800020820137,0.7853710291456053,3.7146613109003592,2025-02,development,True
60m_trend_baseline_rr2_0,1小时趋势回踩基线 RR2.0,trend_pullback,baseline,2.0,1.2,2025-02-13T20:00:00+00:00,2025-02-13T20:00:00+00:00,2025-02-13T21:10:00+00:00,-1,95587.7,96401.35023584841,93960.39952830317,96401.55023584841,813.6502358484164,-1.0002458058649564,0.11798020929451077,-1.1182260151594672,False,STOP,14,678.0418632070136,22.168243057496902,41.93986533012696,16.27915389676334,21.29061755501566,0.41257286965831746,-0.19503402016880872,1.0870525864118448,0.893575757575754,4.2677305886591235,2025-02,development,True
60m_trend_baseline_rr2_0,1小时趋势回踩基线 RR2.0,trend_pullback,baseline,2.0,1.2,2025-02-16T21:00:00+00:00,2025-02-16T21:00:00+00:00,2025-02-16T21:40:00+00:00,-1,96864.6,97207.78228580458,96178.23542839085,97207.98228580458,343.18228580457736,-1.0005827806628447,0.28275437036443923,-1.283337151027284,False,STOP,8,285.9852381704811,28.041635770578427,41.41238963913174,12.228434486906522,23.9820334717383,0.30396021565611187,-0.2533332882623381,0.6323518014106512,0.8587196467991104,3.8229245921716646,2025-02,development,True
60m_trend_baseline_rr2_0,1小时趋势回踩基线 RR2.0,trend_pullback,baseline,2.0,1.2,2025-02-16T23:00:00+00:00,2025-02-16T23:00:00+00:00,2025-02-16T23:40:00+00:00,-1,96826.40000000001,97210.19186888252,96058.81626223498,96059.01626223497,383.79186888251826,1.9994788842176763,0.25128908648306814,1.7481897977346081,True,TARGET,8,319.82655740209856,28.261332749187737,42.286649707490085,11.71981916336288,25.103334793280574,0.2978542584424536,-0.1612147795326324,1.4047871780806105,0.5136472466081451,3.3339945521140963,2025-02,development,True
60m_trend_baseline_rr2_0,1小时趋势回踩基线 RR2.0,trend_pullback,baseline,2.0,1.2,2025-02-17T14:00:00+00:00,2025-02-17T14:00:00+00:00,2025-02-17T14:15:00+00:00,-1,96364.8,96798.42938975128,95497.54122049746,96798.62938975128,433.629389751274,-1.0004612233504706,0.22272871022481677,-1.2231899335752874,False,STOP,3,361.35782479272837,36.10859230663752,46.83742998943732,12.098667981443183,19.25293631093228,0.9489405552871512,-0.1116017499569289,0.7586374417225841,0.349999999999988,4.173148874982783,2025-02,development,True
60m_trend_baseline_rr2_0,1小时趋势回踩基线 RR2.0,trend_pullback,baseline,2.0,1.2,2025-02-17T16:00:00+00:00,2025-02-17T16:00:00+00:00,2025-02-17T20:50:00+00:00,-1,95605.3,96148.04085136717,94519.81829726567,96148.24085136717,542.7408513671702,-1.000368499993122,0.17665294621580252,-1.1770214462089243,False,STOP,58,452.2840428059752,33.55765025777361,37.041446588617475,16.40482181924381,26.81837659547294,0.7570496769775086,-0.09995257879659313,3.951147000162935,0.9167093610480841,3.334187937837363,2025-02,development,True
60m_trend_baseline_rr2_0,1小时趋势回踩基线 RR2.0,trend_pullback,baseline,2.0,1.2,2025-02-18T01:00:00+00:00,2025-02-18T01:00:00+00:00,2025-02-18T01:50:00+00:00,-1,95600.40000000001,96183.4794114889,94434.24117702225,96183.67941148889,583.0794114888794,-1.0003430064517147,0.16445794143354575,-1.1648009478852606,False,STOP,10,485.8995095740662,24.296153498122003,42.84739678162234,16.993216364254252,20.769849673392553,0.8606236233642726,-0.17759755755683956,0.7121155420148103,0.8238679969301546,3.8061367907556782,2025-02,development,True
60m_trend_baseline_rr2_0,1小时趋势回踩基线 RR2.0,trend_pullback,baseline,2.0,1.2,2025-02-18T06:00:00+00:00,2025-02-18T06:00:00+00:00,2025-02-18T12:40:00+00:00,-1,95576.7,96143.8974891599,94442.30502168018,96144.0974891599,567.1974891599123,-1.0003526108697878,0.16900709290261623,-1.169359703772404,False,STOP,80,472.6645742999269,18.19772690073357,43.29619999853088,15.070549051125724,21.485793891231715,0.723510259048804,-0.04942031038086957,0.9018024774261496,0.9014388489208581,3.9127112556281123,2025-02,development,True
60m_trend_baseline_rr2_0,1小时趋势回踩基线 RR2.0,trend_pullback,baseline,2.0,1.2,2025-02-20T17:00:00+00:00,2025-02-20T17:00:00+00:00,2025-02-21T09:20:00+00:00,1,97505.5,96909.65541736489,98697.18916527022,98696.98916527022,595.8445826351115,1.9996643420015374,0.1646423370147702,1.8350220049867672,True,TARGET,196,496.53715219592624,21.41063978198366,61.43888394389909,29.758698522187736,8.788916014856133,0.9054867331622813,0.13052736647484672,2.702871823620712,0.6026555866678731,4.004534184816448,2025-02,development,True
60m_trend_baseline_rr2_0,1小时趋势回踩基线 RR2.0,trend_pullback,baseline,2.0,1.2,2025-02-22T17:00:00+00:00,2025-02-22T17:00:00+00:00,2025-02-23T15:00:00+00:00,-1,96459.5,96945.8401636981,95486.81967260379,95487.01967260378,486.34016369810587,1.999588765199909,0.19733772161962956,1.8022510435802794,True,TARGET,264,405.28346974842157,20.130894934175558,46.14339380294704,21.76947957049776,17.949662550303994,0.6404261549625213,-0.04713759994713611,1.0319398521728853,0.8554547952734485,5.323681228201409,2025-02,development,True
60m_trend_baseline_rr2_0,1小时趋势回踩基线 RR2.0,trend_pullback,baseline,2.0,1.2,2025-02-24T09:00:00+00:00,2025-02-24T09:00:00+00:00,2025-02-24T09:30:00+00:00,-1,95460.6,95907.4658438282,94566.86831234359,95907.6658438282,446.86584382820666,-1.0004475616177713,0.21412272663806226,-1.2145702882558336,False,STOP,6,372.38820319017225,24.76391000840665,41.690538426153964,16.25071288689676,28.46442123008342,0.8080865304938045,-0.07980136666953665,1.2311291198005228,0.7886371940080411,3.8991568142089843,2025-02,development,True
60m_trend_baseline_rr2_0,1小时趋势回踩基线 RR2.0,trend_pullback,baseline,2.0,1.2,2025-02-24T11:00:00+00:00,2025-02-24T11:00:00+00:00,2025-02-24T15:00:00+00:00,-1,95582.7,96073.28146738248,94601.53706523502,94601.73706523502,490.58146738248456,1.9995923205149575,0.19383573342055813,1.8057565870943995,True,TARGET,48,408.81788948540384,23.716869073946228,44.921399384108184,16.902216325678218,25.45927617303272,0.714075317752012,-0.14110518362610125,1.2455593732398957,0.490505256018992,3.551703673798847,2025-02,development,True
60m_trend_baseline_rr2_0,1小时趋势回踩基线 RR2.0,trend_pullback,baseline,2.0,1.2,2025-02-24T15:00:00+00:00,2025-02-24T15:00:00+00:00,2025-02-24T22:05:00+00:00,-1,94638.40000000001,95220.41008147417,93474.3798370517,93474.5798370517,582.0100814741554,1.9996563633408273,0.1616062898434561,1.8380500734973713,True,TARGET,85,485.0084012284629,24.79509653140191,31.7185638609034,11.757909635704253,31.790398536375804,0.6614304880209365,-0.25792784384410405,4.185065639989571,0.9103816167418862,2.993762574673498,2025-02,development,True
60m_trend_baseline_rr2_0,1小时趋势回踩基线 RR2.0,trend_pullback,baseline,2.0,1.2,2025-02-25T23:00:00+00:00,2025-02-25T23:00:00+00:00,2025-02-26T14:25:00+00:00,-1,88762.8,90199.03477595327,85890.33044809347,85890.53044809347,1436.2347759532672,1.999860747000872,0.06080250018043582,1.9390582468204363,True,TARGET,185,1196.8623132943894,66.66238926727331,41.147716012525464,11.474075464853131,29.136429672272683,1.949052565397006,-0.16630510149338484,0.5958780793891515,0.6936026936027028,5.413822398806063,2025-02,development,True
60m_trend_baseline_rr2_0,1小时趋势回踩基线 RR2.0,trend_pullback,baseline,2.0,1.2,2025-02-26T16:00:00+00:00,2025-02-26T16:00:00+00:00,2025-02-26T18:30:00+00:00,-1,87536.3,88729.76234416594,85149.37531166812,85149.57531166812,1193.4623441659423,1.9998324203516142,0.07234659566588612,1.927485824685728,True,TARGET,30,994.5519534716186,45.33340243748035,38.819108936736214,14.549003556907754,35.647239475372174,1.5345214249590158,-0.3449965322459653,2.4767132967447987,0.8657681940700861,4.087770363135702,2025-02,development,True
60m_trend_baseline_rr2_0,1小时趋势回踩基线 RR2.0,trend_pullback,baseline,2.0,1.2,2025-02-27T15:00:00+00:00,2025-02-27T15:00:00+00:00,2025-02-28T01:35:00+00:00,-1,84944.3,86160.78872429846,82511.3225514031,82511.52255140309,1216.4887242984516,1.9998355923930937,0.0688275276238071,1.9310080647692867,True,TARGET,127,1013.740603582043,32.48715203531708,39.39772013311096,15.45042771860377,26.92659350179781,1.2929244105417739,-0.08338690921782838,1.8388312072069906,0.9803330363873111,4.778342687353915,2025-02,development,True
60m_trend_baseline_rr2_0,1小时趋势回踩基线 RR2.0,trend_pullback,baseline,2.0,1.2,2025-03-01T13:00:00+00:00,2025-03-01T13:00:00+00:00,2025-03-02T13:00:00+00:00,1,84713.0,83676.27093682015,86786.4581263597,85942.90000000001,1036.7290631798505,1.1863273093045787,0.08230496571426534,1.1040223435903134,True,TIME_EXIT,288,863.9408859832089,24.570949488158007,53.743231883445105,23.19493373237375,19.216470003791258,0.1516036316026814,0.09157375852967727,0.5064028180809145,0.5975308641975189,3.89285893811184,2025-03,development,True
60m_trend_baseline_rr2_0,1小时趋势回踩基线 RR2.0,trend_pullback,baseline,2.0,1.2,2025-03-02T16:00:00+00:00,2025-03-02T16:00:00+00:00,2025-03-02T16:20:00+00:00,1,87390.3,86478.9946412801,89212.91071743982,89212.71071743983,911.3053587199073,1.9997805345946036,0.09689562835749731,1.9028849062371063,True,TARGET,4,759.4211322665894,22.182167847929527,66.381805839858,38.12306709890676,15.12394223990876,0.6739235059837536,0.12795737535742127,12.622737995419232,0.6530341182655867,1.9751886486527683,2025-03,development,True
60m_trend_baseline_rr2_0,1小时趋势回踩基线 RR2.0,trend_pullback,baseline,2.0,1.2,2025-03-03T08:00:00+00:00,2025-03-03T08:00:00+00:00,2025-03-03T14:45:00+00:00,1,92318.2,90960.24898217194,95034.1020356561,90960.04898217194,1357.951017828055,-1.0001472807173293,0.0674833799511091,-1.0676306606684385,False,STOP,81,1131.6258481900459,44.56180631114715,58.786175765266464,27.571937100411606,18.351830862558813,2.2618795900422524,0.2516297368925533,0.6857371633377816,0.8524925187942449,8.797960930217267,2025-03,development,True
60m_trend_baseline_rr2_0,1小时趋势回踩基线 RR2.0,trend_pullback,baseline,2.0,1.2,2025-03-05T17:00:00+00:00,2025-03-05T17:00:00+00:00,2025-03-06T02:55:00+00:00,1,88878.2,87364.67637239677,91905.24725520643,91905.04725520643,1513.5236276032167,1.9998678580258995,0.05972263794173166,1.9401452200841678,True,TARGET,119,1261.2696896693474,28.677984526916223,57.53272192184975,24.766408619517932,18.409933115143478,0.4928696034676561,0.14760318020721008,1.5555198991250725,0.7904442581726736,3.6226193631893544,2025-03,development,True
60m_trend_baseline_rr2_0,1小时趋势回踩基线 RR2.0,trend_pullback,baseline,2.0,1.2,2025-03-06T11:00:00+00:00,2025-03-06T11:00:00+00:00,2025-03-06T12:50:00+00:00,1,91250.2,90085.90376484032,93578.79247031936,90085.70376484032,1164.2962351596823,-1.0001717775888601,0.07787361080832245,-1.0780453883971826,False,STOP,22,970.2468626330686,33.05750099358568,57.872093128657866,26.73905285783959,16.591665084925186,1.4211150901587546,0.13885319966841395,0.9677463056470516,0.6322054550567012,5.382444613969332,2025-03,development,True
60m_trend_baseline_rr2_0,1小时趋势回踩基线 RR2.0,trend_pullback,baseline,2.0,1.2,2025-03-07T17:00:00+00:00,2025-03-07T17:00:00+00:00,2025-03-07T18:55:00+00:00,-1,87219.90000000001,88987.60382760667,83684.49234478667,88987.80382760667,1767.7038276066655,-1.000113141125152,0.049840844681028465,-1.0499539858061806,False,STOP,23,1473.0865230055547,18.543647676782644,41.82389853107218,18.49121747782685,24.115934905685165,0.10137779575796196,-0.03435734582876147,1.725881524459214,0.7364617869591097,4.519558013752117,2025-03,development,True
60m_trend_baseline_rr2_0,1小时趋势回踩基线 RR2.0,trend_pullback,baseline,2.0,1.2,2025-03-08T22:00:00+00:00,2025-03-08T22:00:00+00:00,2025-03-09T12:10:00+00:00,-1,86181.8,86985.49550097148,84574.40899805707,84574.60899805707,803.695500971466,1.9997511495339266,0.10623202991161172,1.893519119622315,True,TARGET,170,669.746250809555,28.30178507442792,44.59549740305638,15.249457332096823,21.144500634185388,1.1440486505821705,-0.07586379644509061,0.42884429159685117,0.8720856962822788,2.4353999713001984,2025-03,development,True
60m_trend_baseline_rr2_0,1小时趋势回踩基线 RR2.0,trend_pullback,baseline,2.0,1.2,2025-03-10T06:00:00+00:00,2025-03-10T06:00:00+00:00,2025-03-10T09:20:00+00:00,-1,82277.40000000001,83361.87307059784,80108.45385880437,83362.07307059783,1084.4730705978234,-1.0001844213613276,0.07636864278210613,-1.0765530641434338,False,STOP,40,903.7275588315194,39.5327215599243,41.96337336944546,18.543625814275998,22.729846664696275,1.770143258840618,-0.17154263143238482,0.36616135736855365,0.7184249628528975,6.549097614830402,2025-03,development,True
60m_trend_baseline_rr2_0,1小时趋势回踩基线 RR2.0,trend_pullback,baseline,2.0,1.2,2025-03-10T11:00:00+00:00,2025-03-10T11:00:00+00:00,2025-03-10T12:00:00+00:00,-1,82239.3,83462.43191482991,79793.0361703402,83462.63191482991,1223.1319148299033,-1.0001635146606649,0.0677367379208127,-1.0679002525814776,False,STOP,12,1019.2765956915862,30.84535070044644,44.78770862562539,23.793172095863156,20.051276338751602,1.4135402953485265,-0.15859669943365862,0.9038920569214651,0.3809568568474477,4.020596585188358,2025-03,development,True
60m_trend_baseline_rr2_0,1小时趋势回踩基线 RR2.0,trend_pullback,baseline,2.0,1.2,2025-03-15T12:00:00+00:00,2025-03-15T12:00:00+00:00,2025-03-16T11:05:00+00:00,1,84054.9,83491.14314495983,85182.41371008032,83490.94314495983,563.7568550401625,-1.0003547628702152,0.14859761051865503,-1.1489523733888702,False,STOP,277,469.79737920013537,21.793339515775592,55.08906376774711,20.6007261393329,18.106715892128822,1.1996307075651518,0.015139311303769849,0.6277947046859049,0.746081504702215,3.7767345637833896,2025-03,development,True
60m_trend_baseline_rr2_0,1小时趋势回踩基线 RR2.0,trend_pullback,baseline,2.0,1.2,2025-03-16T20:00:00+00:00,2025-03-16T20:00:00+00:00,2025-03-17T04:05:00+00:00,-1,83064.1,83795.62281194078,81601.05437611845,83795.82281194077,731.5228119407757,-1.0002734022736217,0.11404970568809125,-1.114323107961713,False,STOP,97,609.6023432839797,25.339019228973914,41.83749083883528,23.51491594151931,29.062551772974153,0.09264157995285109,-0.053469042356042544,1.3978950688418366,0.5290435653480184,4.59742327252576,2025-03,development,True
60m_trend_baseline_rr2_0,1小时趋势回踩基线 RR2.0,trend_pullback,baseline,2.0,1.2,2025-03-18T10:00:00+00:00,2025-03-18T10:00:00+00:00,2025-03-18T13:45:00+00:00,-1,82812.8,83508.43899613025,81421.52200773952,81421.72200773952,695.6389961302416,1.9997124945537692,0.11804579884204089,1.8816666957117283,True,TARGET,45,579.699163441868,18.45732149766866,43.21045154596338,14.602348672342815,26.68149884981074,0.21868942984900666,-0.1394494141446382,0.6692586239312023,0.8577549271636675,4.346047327447374,2025-03,development,True
60m_trend_baseline_rr2_0,1小时趋势回踩基线 RR2.0,trend_pullback,baseline,2.0,1.2,2025-03-19T19:00:00+00:00,2025-03-19T19:00:00+00:00,2025-03-20T00:05:00+00:00,1,85576.3,84768.16112007078,87192.57775985845,87192.37775985846,808.1388799292248,1.9997525177850453,0.1068929376192055,1.8928595801658397,True,TARGET,61,673.4490666076873,32.40369406540486,72.72253798452331,31.41205165356846,11.552075783987359,0.6325575922973026,0.5376305602615805,6.563509189985459,0.8823154405202113,4.314208964064855,2025-03,development,True
60m_trend_baseline_rr2_0,1小时趋势回踩基线 RR2.0,trend_pullback,baseline,2.0,1.2,2025-03-20T12:00:00+00:00,2025-03-20T12:00:00+00:00,2025-03-20T16:00:00+00:00,1,85463.09999999999,84692.39394193789,87004.5121161242,84692.19394193789,770.7060580621009,-1.0002595023068883,0.11038922826802755,-1.110648730574916,False,STOP,48,642.255048385084,38.10677721731005,53.79953093538262,21.633515417094333,18.795554101572,1.3135385425204291,0.04313152296957525,0.45959451530610956,0.9495750708215215,6.228055365322213,2025-03,development,True
60m_trend_baseline_rr2_0,1小时趋势回踩基线 RR2.0,trend_pullback,baseline,2.0,1.2,2025-03-21T13:00:00+00:00,2025-03-21T13:00:00+00:00,2025-03-21T14:25:00+00:00,-1,83428.5,84087.31057740375,82110.8788451925,84087.51057740375,658.8105774037491,-1.0003035773966928,0.12713518598741497,-1.1274387633841079,False,STOP,17,549.0088145031243,18.660498083703175,36.04991729746045,13.044907252665013,25.698918362465662,0.19763286442996947,-0.28755815288905723,2.0321605493094252,0.9071817731550157,2.24495484852181,2025-03,development,True
60m_trend_baseline_rr2_0,1小时趋势回踩基线 RR2.0,trend_pullback,baseline,2.0,1.2,2025-03-21T16:00:00+00:00,2025-03-21T16:00:00+00:00,2025-03-21T18:35:00+00:00,-1,83525.7,84249.38281288485,82078.3343742303,84249.58281288485,723.6828128848533,-1.0002763641701036,0.11591769199552615,-1.1161940561656296,False,STOP,31,603.0690107373778,21.123020026966547,40.62697181814363,11.727650514569607,20.905782263342964,0.26222605306485386,-0.1794314433182028,1.106726402861013,0.9761676482673688,2.8049857808672205,2025-03,development,True
60m_trend_baseline_rr2_0,1小时趋势回踩基线 RR2.0,trend_pullback,baseline,2.0,1.2,2025-03-21T20:00:00+00:00,2025-03-21T20:00:00+00:00,2025-03-22T20:00:00+00:00,-1,83924.8,84628.4672183154,82517.46556336922,84134.8,703.6672183153959,-0.29843652586622893,0.11941695991063832,-0.41785348577686726,False,TIME_EXIT,288,586.3893485961632,22.326391432046613,46.197132214385704,12.236005497601937,18.87073505200492,0.28134600332499426,-0.07558341907991582,0.7070111702405719,0.5949398182264856,2.8847727266017977,2025-03,development,True
60m_trend_baseline_rr2_0,1小时趋势回踩基线 RR2.0,trend_pullback,baseline,2.0,1.2,2025-03-25T00:00:00+00:00,2025-03-25T00:00:00+00:00,2025-03-25T01:35:00+00:00,1,87463.59999999999,86796.29311528167,88798.21376943662,86796.09311528168,667.3068847183143,-1.000299712178279,0.13056938052485456,-1.1308690927031337,False,STOP,19,556.0890705985953,50.03488625657555,54.49482325387588,21.486163944086506,16.88548383657633,1.8842718525309132,0.12851111799299594,0.7523496854598417,0.9290983606557258,5.243944098489484,2025-03,development,True
60m_trend_baseline_rr2_0,1小时趋势回踩基线 RR2.0,trend_pullback,baseline,2.0,1.2,2025-03-25T12:00:00+00:00,2025-03-25T12:00:00+00:00,2025-03-26T12:00:00+00:00,1,87323.59999999999,86717.51953234615,88535.76093530767,87914.7,606.0804676538389,0.9752830383862673,0.1445668598085286,0.8307161785777387,True,TIME_EXIT,288,505.06705637819914,27.087420513251548,55.543289676477706,22.69304508541997,16.65702316875903,0.9459702943769014,0.11334142458132487,0.6797527750879625,0.7192073857239463,4.4194131686319835,2025-03,development,True
60m_trend_baseline_rr2_0,1小时趋势回踩基线 RR2.0,trend_pullback,baseline,2.0,1.2,2025-03-26T23:00:00+00:00,2025-03-26T23:00:00+00:00,2025-03-27T02:15:00+00:00,-1,86795.90000000001,87491.58643086058,85404.52713827885,87491.78643086058,695.6864308605778,-1.0002874858429316,0.12526310612042793,-1.1255505919633595,False,STOP,39,579.7386923838149,22.789443861659464,45.08145434469261,15.421928872987325,21.62079891372507,0.022139401620255995,-0.03897915735111118,0.5001182672995454,0.7702769535113859,4.232769059987796,2025-03,development,True
60m_trend_baseline_rr2_0,1小时趋势回踩基线 RR2.0,trend_pullback,baseline,2.0,1.2,2025-03-30T14:00:00+00:00,2025-03-30T14:00:00+00:00,2025-03-30T22:10:00+00:00,-1,82655.0,83152.63272589915,81659.7345482017,81659.9345482017,497.6327258991515,1.9995980971716922,0.1650965923224884,1.8345015048492037,True,TARGET,98,414.69393824929296,23.591403661064447,41.562730307476386,13.648336635801678,23.04090703457606,1.372597585510741,-0.08813673496168237,1.7350822695035462,0.788566552901009,4.555166656100068,2025-03,development,True
60m_trend_baseline_rr2_0,1小时趋势回踩基线 RR2.0,trend_pullback,baseline,2.0,1.2,2025-03-31T08:00:00+00:00,2025-03-31T08:00:00+00:00,2025-03-31T12:55:00+00:00,-1,81894.90000000001,82538.71310973544,80607.27378052914,82538.91310973544,643.8131097354357,-1.0003106491572966,0.12770306368668602,-1.1280137128439827,False,STOP,59,536.5109247795298,40.88660470367546,42.18778066667173,9.70785333323198,24.242480529063414,1.156243705809618,-0.14048642473576262,0.9005760697195251,0.6556711942141488,3.919771066850489,2025-03,development,True
60m_trend_baseline_rr2_0,1小时趋势回踩基线 RR2.0,trend_pullback,baseline,2.0,1.2,2025-03-31T23:00:00+00:00,2025-03-31T23:00:00+00:00,2025-04-01T03:20:00+00:00,-1,82372.1,83166.48697578046,80783.32604843912,83166.68697578045,794.386975780444,-1.000251766464079,0.10419278766066575,-1.1044445541247447,False,STOP,52,661.9891464837034,23.903995837998593,48.09613727862622,15.550556819489147,20.678551321556142,0.29825337804713,-0.05463799781060507,0.4064812463268955,0.5228634500157675,3.9967422639083043,2025-03,development,True
60m_trend_baseline_rr2_0,1小时趋势回踩基线 RR2.0,trend_pullback,baseline,2.0,1.2,2025-04-01T15:00:00+00:00,2025-04-01T15:00:00+00:00,2025-04-02T13:50:00+00:00,1,84147.59999999999,83416.24182232587,85610.31635534822,85610.11635534822,731.3581776741125,1.9997265361814454,0.11605648336032616,1.8836700528211192,True,TARGET,274,609.4651480617605,21.848298149699776,62.8696010092578,18.49825716861317,24.584896307253956,0.4928000689255049,0.23564956964271402,5.353163453415964,0.8987577299841297,3.6979965255890446,2025-04,development,True
60m_trend_baseline_rr2_0,1小时趋势回踩基线 RR2.0,trend_pullback,baseline,2.0,1.2,2025-04-08T10:00:00+00:00,2025-04-08T10:00:00+00:00,2025-04-08T12:00:00+00:00,-1,78873.7,80045.20965717439,76530.6806856512,80045.40965717439,1171.509657174397,-1.0001707198901586,0.0678266323644641,-1.0679973522546227,False,STOP,24,976.258047645331,31.05155773813576,47.98399669501295,21.788610951338214,15.688329688125705,0.4053912012238262,-0.012988633168218964,0.2797225316444648,0.8756713211600332,5.570760735972725,2025-04,development,True
60m_trend_baseline_rr2_0,1小时趋势回踩基线 RR2.0,trend_pullback,baseline,2.0,1.2,2025-04-09T12:00:00+00:00,2025-04-09T12:00:00+00:00,2025-04-09T13:35:00+00:00,-1,76203.90000000001,77341.39704423446,73928.90591153111,77341.59704423446,1137.4970442344486,-1.0001758246326982,0.06749270155140172,-1.0676685261841,False,STOP,19,947.9142035287073,23.42263764012295,41.206314035610525,16.684981438145005,29.17740254455149,0.9486174295174791,-0.06660432483402401,2.6405392501258476,0.6725645150010429,4.4692863386044825,2025-04,development,True
60m_trend_baseline_rr2_0,1小时趋势回踩基线 RR2.0,trend_pullback,baseline,2.0,1.2,2025-04-14T03:00:00+00:00,2025-04-14T03:00:00+00:00,2025-04-14T13:50:00+00:00,1,85087.7,84101.98152770186,87059.13694459628,84101.78152770187,985.7184722981392,-1.000202897688956,0.08582038699814942,-1.0860232846871054,False,STOP,130,821.4320602484494,22.934176861679774,59.22170563845139,27.36062905715275,15.297766246429559,0.3412794362726051,0.13946763422587788,1.8108257031472224,0.7086075454486233,2.64951918158846,2025-04,development,True
60m_trend_baseline_rr2_0,1小时趋势回踩基线 RR2.0,trend_pullback,baseline,2.0,1.2,2025-04-14T15:00:00+00:00,2025-04-14T15:00:00+00:00,2025-04-14T15:15:00+00:00,1,85380.2,84446.4398793399,87247.72024132017,84446.2398793399,933.7601206600903,-1.0002141877721884,0.09093686703994534,-1.0911510548121337,False,STOP,3,778.1334338834085,22.963255238580743,58.63235932622176,21.616190005008768,14.655025743872327,0.4523897457930793,0.15918229264062408,2.2880100461929667,0.7548218372016999,3.268462565998774,2025-04,development,True
60m_trend_baseline_rr2_0,1小时趋势回踩基线 RR2.0,trend_pullback,baseline,2.0,1.2,2025-04-16T13:00:00+00:00,2025-04-16T13:00:00+00:00,2025-04-16T14:25:00+00:00,-1,83712.1,84316.6431077601,82503.01378447982,84316.8431077601,604.5431077600938,-1.0003308283519095,0.13897184580461758,-1.139302674156527,False,STOP,17,503.7859231334115,21.732569260481092,45.12387141976979,16.05279544771088,16.226987509658258,0.6469263269888493,-0.028334151888123566,1.08042622264029,0.9405454545454598,4.07157069265077,2025-04,development,True
60m_trend_baseline_rr2_0,1小时趋势回踩基线 RR2.0,trend_pullback,baseline,2.0,1.2,2025-04-19T03:00:00+00:00,2025-04-19T03:00:00+00:00,2025-04-19T08:45:00+00:00,1,84752.0,84457.65232045225,85340.6953590955,85340.4953590955,294.3476795477478,1.9993205314194917,0.28893126594446933,1.7103892654750223,True,TARGET,69,245.28973295645653,18.1827794074753,56.69450083605748,19.37640644032281,17.363060370485737,0.06717856673897891,0.014895533938525963,1.5129263731525846,0.8966767371601296,1.9968222644155738,2025-04,development,True
60m_trend_baseline_rr2_0,1小时趋势回踩基线 RR2.0,trend_pullback,baseline,2.0,1.2,2025-04-19T18:00:00+00:00,2025-04-19T18:00:00+00:00,2025-04-20T06:50:00+00:00,1,85190.0,84832.12774193205,85905.74451613588,84831.92774193206,357.8722580679402,-1.0005588586304024,0.23754555418717907,-1.2381044128175815,False,STOP,154,298.2268817232835,24.280675309037804,55.91600328690919,17.110501638594602,22.15542219021321,0.7070914016908194,0.02943033825852317,1.1779971579107291,0.9523809523809716,4.387934422404683,2025-04,development,True
60m_trend_baseline_rr2_0,1小时趋势回踩基线 RR2.0,trend_pullback,baseline,2.0,1.2,2025-04-21T20:00:00+00:00,2025-04-21T20:00:00+00:00,2025-04-22T12:40:00+00:00,1,87369.4,86629.04168675706,88850.11662648588,88849.91662648588,740.3583132429388,1.999729860533184,0.11900948059501415,1.8807203799381698,True,TARGET,200,616.9652610357824,31.3963697868866,58.361574192076205,25.09822441657384,23.03383823791483,1.2533243766541304,0.039503010655712316,0.7870095482483129,0.8918401225897121,5.872940064594409,2025-04,development,True
60m_trend_baseline_rr2_0,1小时趋势回踩基线 RR2.0,trend_pullback,baseline,2.0,1.2,2025-04-23T16:00:00+00:00,2025-04-23T16:00:00+00:00,2025-04-24T07:45:00+00:00,1,93140.5,92138.39217224326,95144.71565551347,92138.19217224326,1002.1078277567381,-1.0001995793211693,0.09244448902619476,-1.0926440683473642,False,STOP,189,835.0898564639484,62.77589422415616,58.956113631598626,28.466016585020522,13.40213614519033,2.248765904879757,0.08085204304405266,2.1063535515633993,0.9630232558139558,4.899113512554822,2025-04,development,True
60m_trend_baseline_rr2_0,1小时趋势回踩基线 RR2.0,trend_pullback,baseline,2.0,1.2,2025-04-24T15:00:00+00:00,2025-04-24T15:00:00+00:00,2025-04-25T12:00:00+00:00,1,93056.0,92358.96964387724,94450.06071224554,94449.86071224554,697.0303561227678,1.9997130684506987,0.13450336779824565,1.865209700652453,True,TARGET,252,580.8586301023065,24.06560281578125,55.40221158234773,22.86586827639082,19.445190032109515,1.1477891915758938,0.04472258016891104,2.5927509115036806,0.6167029031845513,4.405547008140834,2025-04,development,True
60m_trend_baseline_rr2_0,1小时趋势回踩基线 RR2.0,trend_pullback,baseline,2.0,1.2,2025-04-26T06:00:00+00:00,2025-04-26T06:00:00+00:00,2025-04-26T13:45:00+00:00,1,94571.09999999999,93924.518427118,95864.26314576397,93924.318427118,646.5815728819896,-1.0003093190532837,0.14576306094445496,-1.1460723799977386,False,STOP,93,538.817977401658,18.98021619120779,52.50103125297133,16.7492988531415,16.338842499055513,1.2591152186911918,0.01911442256534576,0.4614399681974901,0.7724317295188556,4.223504217461563,2025-04,development,True
60m_trend_baseline_rr2_0,1小时趋势回踩基线 RR2.0,trend_pullback,baseline,2.0,1.2,2025-04-26T23:00:00+00:00,2025-04-26T23:00:00+00:00,2025-04-27T01:35:00+00:00,1,94734.0,94298.8136687755,95604.37266244901,94298.6136687755,435.186331224504,-1.0004595732577979,0.21718583524542884,-1.2176454085032267,False,STOP,31,362.65527602042,18.84973907715805,58.599324195485394,19.58232889225521,17.44036622428526,0.7239579972119059,0.05224262552846047,1.7850342304655598,0.9562655789712151,3.493675905954996,2025-04,development,True
60m_trend_baseline_rr2_0,1小时趋势回踩基线 RR2.0,trend_pullback,baseline,2.0,1.2,2025-04-28T20:00:00+00:00,2025-04-28T20:00:00+00:00,2025-04-29T20:00:00+00:00,1,94741.2,94020.59639666857,96182.40720666284,95250.3,720.603603331426,0.7064910550632596,0.13182802522888407,0.5746630298343756,True,TIME_EXIT,288,600.5030027761884,19.368262755312415,56.07439069474862,20.552251941773154,21.21259057084501,0.15676726270729327,0.032458144962842106,1.1050568744845706,0.827822268147761,4.79398102372679,2025-04,development,True
60m_trend_baseline_rr2_0,1小时趋势回踩基线 RR2.0,trend_pullback,baseline,2.0,1.2,2025-04-30T19:00:00+00:00,2025-04-30T19:00:00+00:00,2025-04-30T21:10:00+00:00,-1,94043.7,94751.4579021905,92628.18419561899,94751.65790219049,707.7579021905034,-1.000282582503666,0.13337566229770859,-1.1336582448013748,False,STOP,26,589.7982518254195,22.933915285017193,45.026288597161745,13.461098908988417,25.74030195539166,0.22420032367687737,-0.1962601874764512,0.7189783773144909,0.7933559564207925,3.9647455596259746,2025-04,development,True
60m_trend_baseline_rr2_0,1小时趋势回踩基线 RR2.0,trend_pullback,baseline,2.0,1.2,2025-04-30T23:00:00+00:00,2025-04-30T23:00:00+00:00,2025-05-01T02:10:00+00:00,-1,94075.7,94777.3909528442,92672.31809431159,94777.5909528442,701.6909528442053,-1.0002850257641,0.13457013389395575,-1.1348551596580558,False,STOP,38,584.7424607035044,22.9300643167165,45.755059453519806,15.61683725581167,25.40812234765116,0.21433513220289607,-0.002437480247567614,0.6166842612037385,0.9028588534650597,3.9990254806990793,2025-04,development,True
60m_trend_baseline_rr2_0,1小时趋势回踩基线 RR2.0,trend_pullback,baseline,2.0,1.2,2025-05-02T07:00:00+00:00,2025-05-02T07:00:00+00:00,2025-05-02T15:00:00+00:00,1,96658.2,96084.47373526126,97805.65252947748,97805.45252947748,573.7262647387407,1.999651401700966,0.16947424624008708,1.8301771554608788,True,TARGET,96,478.1052206156173,25.548393686085348,58.11376191761837,20.727873296124407,16.10401696313345,1.4508358834412145,0.20661328581674604,0.6629976722251391,0.5608706656542712,3.9945181889896713,2025-05,development,True
60m_trend_baseline_rr2_0,1小时趋势回踩基线 RR2.0,trend_pullback,baseline,2.0,1.2,2025-05-02T15:00:00+00:00,2025-05-02T15:00:00+00:00,2025-05-02T15:30:00+00:00,1,97690.3,97076.64655609925,98917.60688780152,97076.44655609925,613.6534439007582,-1.0003259168541765,0.15869441334675985,-1.1590203302009363,False,STOP,6,511.37786991729854,20.871554811331443,66.4865681581525,25.050963421318507,12.465633401280897,1.2629200730941805,0.33902435767521205,4.943231706902355,0.8582059370702985,2.228489082220756,2025-05,development,True
60m_trend_baseline_rr2_0,1小时趋势回踩基线 RR2.0,trend_pullback,baseline,2.0,1.2,2025-05-02T21:00:00+00:00,2025-05-02T21:00:00+00:00,2025-05-03T03:20:00+00:00,1,96963.0,96368.94769345931,98151.10461308138,96368.74769345931,594.0523065406906,-1.0003366706900945,0.162722832286669,-1.1630595029767634,False,STOP,76,495.04358878390883,20.3347825573692,53.54471532104766,19.065819457709388,16.734332658046547,1.2187973652509674,0.061539708398125774,0.4331522761759636,0.5971943887775765,3.1962841976945127,2025-05,development,True
60m_trend_baseline_rr2_0,1小时趋势回踩基线 RR2.0,trend_pullback,baseline,2.0,1.2,2025-05-04T03:00:00+00:00,2025-05-04T03:00:00+00:00,2025-05-04T22:35:00+00:00,-1,95834.1,96232.74011163795,95036.81977672414,95037.01977672413,398.64011163793776,1.9994982943407744,0.2394028024330898,1.7600954919076846,True,TARGET,235,332.2000930316148,23.132007720798093,40.48428360341452,13.100692433329845,25.981856128204267,0.20241171363871935,-0.25701770495906306,1.2089283849645867,0.838897515527954,2.851594625862583,2025-05,development,True
60m_trend_baseline_rr2_0,1小时趋势回踩基线 RR2.0,trend_pullback,baseline,2.0,1.2,2025-05-04T23:00:00+00:00,2025-05-04T23:00:00+00:00,2025-05-04T23:45:00+00:00,-1,94960.8,95347.61047505,94187.17904990002,94187.37904990002,386.81047504999304,1.999482950920669,0.24449722958698797,1.754985721333681,True,TARGET,9,322.3420625416609,33.460714328553806,34.07985923574367,11.219739504701442,36.86765866333063,0.8364728069100688,-0.16215040261242963,4.275995824361593,0.698157625383834,3.3945306156207664,2025-05,development,True
60m_trend_baseline_rr2_0,1小时趋势回踩基线 RR2.0,trend_pullback,baseline,2.0,1.2,2025-05-06T02:00:00+00:00,2025-05-06T02:00:00+00:00,2025-05-06T18:30:00+00:00,-1,94254.6,94844.06551029012,93075.66897941979,94844.26551029012,589.465510290111,-1.0003392904190507,0.16039858330067808,-1.1607378737197287,False,STOP,198,491.22125857509246,27.23454879965127,45.39349602456774,23.07631664542419,21.454845338714474,0.7628659501620784,-0.0006814346031882165,0.788367736585829,0.9953241895261846,3.268384606678355,2025-05,development,True
60m_trend_baseline_rr2_0,1小时趋势回踩基线 RR2.0,trend_pullback,baseline,2.0,1.2,2025-05-07T19:00:00+00:00,2025-05-07T19:00:00+00:00,2025-05-07T19:35:00+00:00,1,96549.0,95928.97603619542,97789.04792760916,95928.77603619543,620.0239638045801,-1.0003225681774697,0.1552180135547638,-1.1555405817322335,False,STOP,7,516.6866365038168,22.931828160399125,54.899027770913605,20.12302805765832,22.12412254755694,1.2524439863342072,0.04285198290957235,2.3969051884495274,0.7200162074554239,5.953898906338907,2025-05,development,True
60m_trend_baseline_rr2_0,1小时趋势回踩基线 RR2.0,trend_pullback,baseline,2.0,1.2,2025-05-07T21:00:00+00:00,2025-05-07T21:00:00+00:00,2025-05-08T01:05:00+00:00,1,96724.09999999999,96060.51505161748,98051.26989676504,98051.06989676504,663.5849483825201,1.9996986067865459,0.14675978589593316,1.8529388208906128,True,TARGET,49,552.9874569854335,20.557800162193498,56.38376031408131,18.1275437484284,19.256251990050263,1.0754520494748456,0.004274116360613956,0.7489629100977757,0.9998589164785676,3.5832639148851357,2025-05,development,True
60m_trend_baseline_rr2_0,1小时趋势回踩基线 RR2.0,trend_pullback,baseline,2.0,1.2,2025-05-09T18:00:00+00:00,2025-05-09T18:00:00+00:00,2025-05-10T18:00:00+00:00,1,103173.3,102231.41648719952,105057.06702560099,103135.7,941.883512800493,-0.039920010796462624,0.10951938174742197,-0.1494393925438846,False,TIME_EXIT,288,784.9029273337442,52.48143508870898,59.38353106661644,26.32463233294413,13.049695586199554,2.1299750742521537,0.09896628535440029,0.8148253545491096,0.9668095395098397,2.921380364561956,2025-05,development,True
60m_trend_baseline_rr2_0,1小时趋势回踩基线 RR2.0,trend_pullback,baseline,2.0,1.2,2025-05-10T22:00:00+00:00,2025-05-10T22:00:00+00:00,2025-05-10T23:20:00+00:00,1,103719.2,103198.19356935032,104761.21286129935,104761.01286129936,521.0064306496772,1.9996161275788007,0.20007451021413655,1.7995416173646641,True,TARGET,16,434.17202554139766,24.550501329926163,59.184815069296505,23.51134403343177,14.923089721639174,1.7496342756355212,0.042993659346674956,0.9391159695718726,0.9115512549138184,2.919349763309764,2025-05,development,True
60m_trend_baseline_rr2_0,1小时趋势回踩基线 RR2.0,trend_pullback,baseline,2.0,1.2,2025-05-11T04:00:00+00:00,2025-05-11T04:00:00+00:00,2025-05-12T04:00:00+00:00,1,103948.0,103264.86082744571,105314.27834510859,104063.8,683.1391725542898,0.169511579268718,0.15224701521816852,0.017264564050549464,True,TIME_EXIT,288,569.2826437952415,29.425715811970417,55.65897392327423,22.873048672819042,12.836828686058901,1.3638854211226568,0.16379300072881384,0.7244074933550979,0.6342086068563213,3.6187648129686854,2025-05,development,True
60m_trend_baseline_rr2_0,1小时趋势回踩基线 RR2.0,trend_pullback,baseline,2.0,1.2,2025-05-12T07:00:00+00:00,2025-05-12T07:00:00+00:00,2025-05-12T07:05:00+00:00,1,104346.4,103666.48000328234,105706.23999343529,105706.03999343529,679.91999671765,1.9997058477453675,0.15446849703455895,1.8452373507108086,True,TARGET,1,566.5999972647083,21.538789403168018,54.50517423745403,25.895623133921283,13.203116771230892,0.6884414676511247,0.013239556489576245,0.735954353461629,0.9537497992612767,2.979174034855118,2025-05,development,True
60m_trend_baseline_rr2_0,1小时趋势回踩基线 RR2.0,trend_pullback,baseline,2.0,1.2,2025-05-12T08:00:00+00:00,2025-05-12T08:00:00+00:00,2025-05-12T11:55:00+00:00,1,104426.5,103644.1600030479,105991.17999390421,103643.9600030479,782.3399969521037,-1.0002556433274157,0.1329795618360711,-1.1332352051634869,False,STOP,47,651.9499974600864,23.962538274338193,55.53014421577548,37.201799139052284,10.655014891909444,0.6044181233114531,0.06900391312693406,7.202635648290817,0.18427476582457636,2.589155620179817,2025-05,development,True
60m_trend_baseline_rr2_0,1小时趋势回踩基线 RR2.0,trend_pullback,baseline,2.0,1.2,2025-05-15T01:00:00+00:00,2025-05-15T01:00:00+00:00,2025-05-15T01:45:00+00:00,1,103746.2,103157.96929797472,104922.66140405054,103157.76929797472,588.2307020252725,-1.0003400026542535,0.17586974684048826,-1.1762097494947417,False,STOP,9,490.19225168772715,19.12514125235896,53.66410543051769,16.06469784861782,21.57282945234466,0.047524295995713,0.010529150027651648,0.5966944216828329,0.8039215686274479,3.637348395167709,2025-05,development,True
60m_trend_baseline_rr2_0,1小时趋势回踩基线 RR2.0,trend_pullback,baseline,2.0,1.2,2025-05-15T02:00:00+00:00,2025-05-15T02:00:00+00:00,2025-05-15T07:35:00+00:00,-1,102979.0,103596.86279473775,101743.2744105245,101743.47441052449,617.8627947377527,1.9996763035390728,0.16566985110134155,1.8340064524377313,True,TARGET,67,514.8856622814606,19.91220193521749,41.54710453990098,14.201804240055997,26.458417851682167,0.018554616660063396,-0.07962333199302075,1.0199341443546497,0.9173346094030486,3.462904739082303,2025-05,development,True
60m_trend_baseline_rr2_0,1小时趋势回踩基线 RR2.0,trend_pullback,baseline,2.0,1.2,2025-05-15T14:00:00+00:00,2025-05-15T14:00:00+00:00,2025-05-15T15:45:00+00:00,-1,102094.5,102799.69710954883,100684.10578090235,102799.89710954882,705.197109548826,-1.0002836086496798,0.14527455822999405,-1.145558166879674,False,STOP,21,587.6642579573551,32.98633280156787,41.045367210994115,15.020004616143705,29.87399131046663,0.7174855556373984,-0.18113861298924555,2.471679969968268,0.5070935731452005,4.061843080770138,2025-05,development,True
60m_trend_baseline_rr2_0,1小时趋势回踩基线 RR2.0,trend_pullback,baseline,2.0,1.2,2025-05-17T19:00:00+00:00,2025-05-17T19:00:00+00:00,2025-05-17T21:10:00+00:00,-1,102950.1,103439.24768858746,101971.8046228251,103439.44768858746,489.1476885874526,-1.0004088744660742,0.21096854028339948,-1.2113774147494736,False,STOP,26,407.6230738228772,25.046556614608757,45.403459738628314,12.756701757837169,21.958528533865703,0.3663314768698295,-0.12515748856890255,0.7638880409803633,0.9245773732119635,2.7388047235154773,2025-05,development,True
60m_trend_baseline_rr2_0,1小时趋势回踩基线 RR2.0,trend_pullback,baseline,2.0,1.2,2025-05-18T23:00:00+00:00,2025-05-18T23:00:00+00:00,2025-05-19T01:10:00+00:00,1,105899.5,105069.14638140542,107560.20723718917,105068.94638140542,830.3536185945865,-1.0002408612373295,0.12703530258498763,-1.1272761638223172,False,STOP,26,691.9613488288221,25.878966022814037,66.94548764397896,34.13495408401947,18.358079661354445,0.6633088931480315,0.212455692567246,2.0581255037170973,0.977152382820158,4.206448821059872,2025-05,development,True
60m_trend_baseline_rr2_0,1小时趋势回踩基线 RR2.0,trend_pullback,baseline,2.0,1.2,2025-05-21T20:00:00+00:00,2025-05-21T20:00:00+00:00,2025-05-22T03:45:00+00:00,1,108547.4,107180.21468001777,111281.77063996444,111281.57063996444,1367.1853199822185,1.9998537140524641,0.08039472316848148,1.9194589908839828,True,TARGET,93,1139.3210999851822,19.20314441171357,59.77007584338637,29.596012332998303,20.270972476234377,0.7804888670129048,0.05880887118457305,1.4254157452119125,0.8876888888888902,3.305740585379299,2025-05,development,True
60m_trend_baseline_rr2_0,1小时趋势回踩基线 RR2.0,trend_pullback,baseline,2.0,1.2,2025-05-23T10:00:00+00:00,2025-05-23T10:00:00+00:00,2025-05-23T11:45:00+00:00,1,111282.4,110563.3795730339,112720.44085393217,110563.1795730339,719.0204269660934,-1.000278156214334,0.15426931645677391,-1.1545474726711078,False,STOP,21,599.1836891384112,21.607145964536155,57.12391581937329,21.813124885439585,16.640275780125926,1.676093157049129,0.038511620683414745,0.7486055635948191,0.8644590703414344,2.6836511559789016,2025-05,development,True
60m_trend_baseline_rr2_0,1小时趋势回踩基线 RR2.0,trend_pullback,baseline,2.0,1.2,2025-05-24T23:00:00+00:00,2025-05-24T23:00:00+00:00,2025-05-25T09:40:00+00:00,-1,108052.6,108702.05756712981,106753.6848657404,106753.8848657404,649.4575671298026,1.9996920507048912,0.1653737639974318,1.8343182867074594,True,TARGET,128,541.2146392748355,22.311477073208067,40.86981902372092,17.760444349533778,32.0434133529352,0.3876417513178854,-0.08316738807013635,1.6209159390732855,0.8501271088514005,4.161195645072614,2025-05,development,True
60m_trend_baseline_rr2_0,1小时趋势回踩基线 RR2.0,trend_pullback,baseline,2.0,1.2,2025-05-27T08:00:00+00:00,2025-05-27T08:00:00+00:00,2025-05-27T14:35:00+00:00,1,109488.2,108690.92032350838,111082.75935298321,108690.72032350839,797.2796764916077,-1.0002508530016498,0.13682709264808718,-1.137077945649737,False,STOP,79,664.3997304096731,19.415700267451978,56.32711900124442,24.10918324517118,20.649474132170088,0.1978160579492045,0.006634769720847636,0.9626669415268067,0.8633146204539898,4.458159545268948,2025-05,development,True
60m_trend_baseline_rr2_0,1小时趋势回踩基线 RR2.0,trend_pullback,baseline,2.0,1.2,2025-05-28T14:00:00+00:00,2025-05-28T14:00:00+00:00,2025-05-29T10:55:00+00:00,-1,108011.2,108676.70012858055,106680.1997428389,108676.90012858054,665.5001285805467,-1.0003005258622943,0.16280094535124823,-1.1631014712135426,False,STOP,251,554.583440483789,28.632656518457203,33.84270920144674,9.071818101439753,30.383246269590614,0.2396145226755257,-0.22671170767801332,2.7166627972246684,0.8829827553534199,4.0212163530425125,2025-05,development,True
60m_trend_baseline_rr2_0,1小时趋势回踩基线 RR2.0,trend_pullback,baseline,2.0,1.2,2025-05-30T14:00:00+00:00,2025-05-30T14:00:00+00:00,2025-05-30T16:55:00+00:00,-1,105450.6,106247.19852106602,103857.40295786798,103857.60295786797,796.5985210660173,1.9997489324989774,0.13137621864886803,1.8683727138501094,True,TARGET,35,663.8321008883478,44.69593405087126,40.71496712928065,11.289510428421138,29.812293343030408,1.2800723191304306,-0.15984157817924835,1.016441611579888,0.7900481540930933,3.5084172592486946,2025-05,development,True
60m_trend_baseline_rr2_0,1小时趋势回踩基线 RR2.0,trend_pullback,baseline,2.0,1.2,2025-06-01T02:00:00+00:00,2025-06-01T02:00:00+00:00,2025-06-01T04:35:00+00:00,-1,104084.90000000001,104589.04634482769,103076.60731034467,104589.24634482768,504.1463448276723,-1.0003967102053877,0.2069579086367837,-1.2073546188421713,False,STOP,31,420.12195402306025,23.412744229738138,44.27288197044518,15.600959685526599,23.925820867504715,1.1273780563654408,-0.004633376670706299,1.2787078476859481,0.7011966422575454,3.8307924272666543,2025-06,development,True
60m_trend_baseline_rr2_0,1小时趋势回踩基线 RR2.0,trend_pullback,baseline,2.0,1.2,2025-06-01T10:00:00+00:00,2025-06-01T10:00:00+00:00,2025-06-01T13:50:00+00:00,-1,103887.8,104368.6460751817,102926.1078496366,104368.8460751817,480.8460751817045,-1.0004159335186853,0.21655229898308379,-1.216968232501769,False,STOP,46,400.70506265142046,19.17551063700162,41.390156338198196,14.328998429937919,26.28933083703846,0.9237783929649769,-0.1307788661382646,2.183830468969459,0.7396659116647852,2.491608150378006,2025-06,development,True
60m_trend_baseline_rr2_0,1小时趋势回踩基线 RR2.0,trend_pullback,baseline,2.0,1.2,2025-06-03T06:00:00+00:00,2025-06-03T06:00:00+00:00,2025-06-03T15:25:00+00:00,1,105408.2,104771.48550376306,106681.62899247388,106681.42899247388,636.7144962369417,1.9996858874720485,0.1665500237908425,1.833135863681206,True,TARGET,113,530.5954135307848,18.180011075647677,54.61670330019907,24.669060847605454,20.26331546119893,0.43331114191869896,0.11140711471362383,0.478859141804225,0.9575587513153084,5.409394666457045,2025-06,development,True
60m_trend_baseline_rr2_0,1小时趋势回踩基线 RR2.0,trend_pullback,baseline,2.0,1.2,2025-06-07T01:00:00+00:00,2025-06-07T01:00:00+00:00,2025-06-07T13:55:00+00:00,1,104470.7,103831.02448063971,105750.05103872056,105749.85103872056,639.6755193602835,1.9996873414818133,0.16431811494752419,1.8353692265342891,True,TARGET,155,533.0629328002362,18.97967013161912,57.02057153779469,17.91952663811787,20.541291473200125,0.15035557099738164,0.20038054516680348,0.7308521597292716,0.9921562823738302,5.55637959000604,2025-06,development,True
60m_trend_baseline_rr2_0,1小时趋势回踩基线 RR2.0,trend_pullback,baseline,2.0,1.2,2025-06-09T09:00:00+00:00,2025-06-09T09:00:00+00:00,2025-06-09T09:50:00+00:00,1,105890.0,105489.572441564,106690.85511687199,106690.65511687199,400.42755843599383,1.9995005338773886,0.2654420888851633,1.7340584449922254,True,TARGET,10,333.68963202999487,21.091837888270067,55.869638619665295,23.24298779503581,15.745472253038772,0.678092924469215,0.03658414592153812,1.2096513062646457,0.9648093841642175,3.6842619068533113,2025-06,development,True
60m_trend_baseline_rr2_0,1小时趋势回踩基线 RR2.0,trend_pullback,baseline,2.0,1.2,2025-06-11T07:00:00+00:00,2025-06-11T07:00:00+00:00,2025-06-11T12:25:00+00:00,1,109555.8,108954.26222457082,110758.87555085837,108954.06222457082,601.5377754291826,-1.0003324811976368,0.18162605172108215,-1.181958532918719,False,STOP,65,501.28147952431885,28.847406117416007,54.08505105083499,17.74297148680185,12.873593019737788,1.5258421917519889,0.03582419499081703,0.3964412942594221,0.7290886392010302,4.159738759905326,2025-06,development,True
60m_trend_baseline_rr2_0,1小时趋势回踩基线 RR2.0,trend_pullback,baseline,2.0,1.2,2025-06-12T16:00:00+00:00,2025-06-12T16:00:00+00:00,2025-06-12T16:30:00+00:00,-1,106960.40000000001,107612.16649231463,105656.86701537076,107612.36649231463,651.7664923146232,-1.0003068583646972,0.16460862058917816,-1.1649154789538754,False,STOP,6,543.1387435955194,31.97293639436253,34.2121425403885,13.023000881498831,25.009019451413923,0.9032776013644529,-0.3731746627948623,1.872352808815186,0.8343653250773994,4.834308049207001,2025-06,development,True
60m_trend_baseline_rr2_0,1小时趋势回踩基线 RR2.0,trend_pullback,baseline,2.0,1.2,2025-06-12T20:00:00+00:00,2025-06-12T20:00:00+00:00,2025-06-13T00:05:00+00:00,-1,106749.3,107548.02393135667,105151.85213728665,105152.05213728665,798.7239313566743,1.999749600591464,0.13264993311103196,1.8670996674804319,True,TARGET,49,665.6032761305619,29.260632971293425,38.24705727784192,13.709832879934513,25.85470972797502,0.7031095431203731,-0.1149409799589953,1.3178648961591017,0.893815539592102,3.3698752401573557,2025-06,development,True
60m_trend_baseline_rr2_0,1小时趋势回踩基线 RR2.0,trend_pullback,baseline,2.0,1.2,2025-06-13T09:00:00+00:00,2025-06-13T09:00:00+00:00,2025-06-13T15:25:00+00:00,-1,104679.1,105645.04678599826,102747.2064280035,105645.24678599826,965.9467859982534,-1.0002070507432677,0.1088695308244333,-1.109076581567701,False,STOP,77,804.9556549985446,40.89062978134057,38.29207421088937,17.79274028433395,27.21982986747282,1.619234606323052,-0.29912924285831416,0.972429551745637,0.9410346075002911,7.1859859162185185,2025-06,development,True
60m_trend_baseline_rr2_0,1小时趋势回踩基线 RR2.0,trend_pullback,baseline,2.0,1.2,2025-06-13T20:00:00+00:00,2025-06-13T20:00:00+00:00,2025-06-13T23:45:00+00:00,-1,105049.90000000001,105936.6503844089,103276.39923118224,105936.8503844089,886.7503844088875,-1.000225542614381,0.11896625820188046,-1.1191918008162614,False,STOP,45,738.9586536740729,27.161624294312144,45.09458570071596,17.58685801137454,24.54085211348594,1.250441868337339,-0.023195093927028915,0.3715423665551876,0.6042780748663101,4.717584647892349,2025-06,development,True
60m_trend_baseline_rr2_0,1小时趋势回踩基线 RR2.0,trend_pullback,baseline,2.0,1.2,2025-06-14T04:00:00+00:00,2025-06-14T04:00:00+00:00,2025-06-15T04:00:00+00:00,-1,105189.1,105889.26192479726,103788.7761504055,105425.8,700.161924797258,-0.3380646556416746,0.15040442256338532,-0.4884690782050599,False,TIME_EXIT,288,583.4682706643817,18.08830562938593,45.85938726233358,18.624577436590755,23.223234568389778,1.0104170755201818,-0.04352281924271951,0.27844815688913727,0.8427370948379781,3.606194382436797,2025-06,development,True
60m_trend_baseline_rr2_0,1小时趋势回踩基线 RR2.0,trend_pullback,baseline,2.0,1.2,2025-06-18T02:00:00+00:00,2025-06-18T02:00:00+00:00,2025-06-18T05:30:00+00:00,-1,104726.6,105492.53493938514,103194.73012122975,105492.73493938513,765.9349393851313,-1.0002611187840003,0.1372305427848367,-1.1374916615688369,False,STOP,42,638.2791161542762,38.06919282518721,42.500186901169116,16.65766067345789,24.27996370857953,0.9947844226740011,-0.2062076047583223,0.5361846691502526,0.7895958228582447,6.35537008392347,2025-06,development,True
60m_trend_baseline_rr2_0,1小时趋势回踩基线 RR2.0,trend_pullback,baseline,2.0,1.2,2025-06-18T09:00:00+00:00,2025-06-18T09:00:00+00:00,2025-06-18T17:40:00+00:00,-1,104905.0,105570.57127578172,103573.85744843655,103574.05744843655,665.5712757817247,1.9996995062628502,0.15661662772598953,1.8430828785368607,True,TARGET,104,554.6427298181039,27.73750305885813,45.24676980903698,19.60525688513688,24.12187067608595,0.8706637727798477,-0.08778048602847333,0.5758405617774662,0.636628405002583,4.537154937242738,2025-06,development,True
60m_trend_baseline_rr2_0,1小时趋势回踩基线 RR2.0,trend_pullback,baseline,2.0,1.2,2025-06-18T19:00:00+00:00,2025-06-18T19:00:00+00:00,2025-06-18T19:15:00+00:00,-1,103563.90000000001,104387.15345124513,101917.39309750978,104387.35345124513,823.2534512451199,-1.0002429385503318,0.12629844013209526,-1.126541378682427,False,STOP,3,686.0445427042666,23.70146409654231,33.71186988466229,16.697969148202688,25.36070205476774,0.800215028408695,-0.28747062366517456,2.1903877370850773,0.9572070163545464,2.8598726144896394,2025-06,development,True
60m_trend_baseline_rr2_0,1小时趋势回踩基线 RR2.0,trend_pullback,baseline,2.0,1.2,2025-06-21T14:00:00+00:00,2025-06-21T14:00:00+00:00,2025-06-21T19:00:00+00:00,-1,103528.3,103967.17968519461,102650.54062961078,102650.74062961078,438.87968519461157,1.999544294241116,0.23489244043978158,1.7646518538013343,True,TARGET,60,365.73307099550965,21.573358113207608,43.81994482051784,18.4708787956716,25.72314488388521,1.0003425536973762,-0.021314876980303734,1.2570707562608785,0.8653680893726748,4.60800549267445,2025-06,development,True
60m_trend_baseline_rr2_0,1小时趋势回踩基线 RR2.0,trend_pullback,baseline,2.0,1.2,2025-06-22T02:00:00+00:00,2025-06-22T02:00:00+00:00,2025-06-22T13:35:00+00:00,-1,102359.8,103168.49806088471,100742.4038782306,100742.6038782306,808.6980608847034,1.9997526889086592,0.12557369289103998,1.8741789960176192,True,TARGET,139,673.9150507372528,35.6293671319201,42.35131668797189,15.866767949494127,29.452264572427524,0.9599740141872538,-0.22331196906410378,1.253549630050199,0.7831527347781134,4.675218332864348,2025-06,development,True
60m_trend_baseline_rr2_0,1小时趋势回踩基线 RR2.0,trend_pullback,baseline,2.0,1.2,2025-06-22T14:00:00+00:00,2025-06-22T14:00:00+00:00,2025-06-22T14:45:00+00:00,-1,100809.7,101645.83650035993,99137.42699928014,99137.62699928014,836.13650035993,1.9997608046055688,0.11956619936649651,1.8801946052390723,True,TARGET,9,696.7804169666083,34.94449478669709,32.15786772607878,10.809323929199785,41.768834760717134,0.8530496490143586,-0.23312050093338374,5.3676077947387455,0.7677084969373311,3.962654421345951,2025-06,development,True
60m_trend_baseline_rr2_0,1小时趋势回踩基线 RR2.0,trend_pullback,baseline,2.0,1.2,2025-06-23T17:00:00+00:00,2025-06-23T17:00:00+00:00,2025-06-23T17:30:00+00:00,-1,100642.8,101639.8701280144,98648.6597439712,101640.0701280144,997.070128014401,-1.0002005876962665,0.10143863728564777,-1.1016392249819142,False,STOP,6,830.8917733453342,19.481927174397057,42.859993722673835,18.697470754704195,29.139655084671098,0.4523877082711744,-0.06574305330692738,4.230660833951477,0.4125502815768365,5.393121154585769,2025-06,development,True
60m_trend_baseline_rr2_0,1小时趋势回踩基线 RR2.0,trend_pullback,baseline,2.0,1.2,2025-06-26T00:00:00+00:00,2025-06-26T00:00:00+00:00,2025-06-26T15:35:00+00:00,1,107280.3,106646.4124311384,108548.07513772321,106646.2124311384,633.8875688616046,-1.0003155133651882,0.16874168459820715,-1.1690571979633955,False,STOP,187,528.2396407180038,44.84121320297457,58.61649268730427,22.859611188174433,11.986467538178427,2.0086690408977095,0.1905601094272045,0.43815041768802687,0.8284518828451773,4.063496630208203,2025-06,development,True
60m_trend_baseline_rr2_0,1小时趋势回踩基线 RR2.0,trend_pullback,baseline,2.0,1.2,2025-06-26T20:00:00+00:00,2025-06-26T20:00:00+00:00,2025-06-26T21:35:00+00:00,1,107476.2,106888.13962095947,108652.32075808106,106887.93962095947,588.0603790405282,-1.0003401011309834,0.1822637158200602,-1.1826038169510436,False,STOP,19,490.0503158671069,25.041539307770186,55.311146515523475,19.322544260150988,14.931557066725974,1.118584161471026,0.012913843283087435,0.6208405768713445,0.5719424460431839,3.570857814679047,2025-06,development,True
60m_trend_baseline_rr2_0,1小时趋势回踩基线 RR2.0,trend_pullback,baseline,2.0,1.2,2025-06-27T04:00:00+00:00,2025-06-27T04:00:00+00:00,2025-06-27T07:55:00+00:00,1,107428.3,106843.95554970915,108596.98890058172,106843.75554970915,584.3444502908582,-1.0003422638820179,0.18334396385817903,-1.183686227740197,False,STOP,47,486.95370857571515,18.797896920728064,54.490743141708315,17.911543449324334,20.705252581310273,0.7054926594975194,0.03161645673621428,0.567171197803785,0.9001158077591181,3.67550337635782,2025-06,development,True
60m_trend_baseline_rr2_0,1小时趋势回踩基线 RR2.0,trend_pullback,baseline,2.0,1.2,2025-06-27T17:00:00+00:00,2025-06-27T17:00:00+00:00,2025-06-27T17:45:00+00:00,1,107418.9,106797.27576771915,108662.14846456167,106797.07576771916,621.6242322808422,-1.0003217377792053,0.1723034307894701,-1.1726251685686755,False,STOP,9,518.0201935673686,21.160613975136634,56.07251364986852,16.915005286663067,18.339320434539612,0.26539595001856636,0.02651615305970273,1.7853876281874679,0.6221003134796375,3.2010335129615908,2025-06,development,True
60m_trend_baseline_rr2_0,1小时趋势回踩基线 RR2.0,trend_pullback,baseline,2.0,1.2,2025-06-28T02:00:00+00:00,2025-06-28T02:00:00+00:00,2025-06-29T02:00:00+00:00,1,107022.4,106482.72107498739,108101.75785002521,107269.2,539.6789250126059,0.4573089453034286,0.1985361944558003,0.2587727508476283,True,TIME_EXIT,288,449.73243751050495,19.636972687076884,50.263393944468135,13.204496575419656,19.82085896065563,0.1586171816825569,0.014737622936906164,0.3922151436809372,0.8001882057716546,3.052703975723178,2025-06,development,True
60m_trend_baseline_rr2_0,1小时趋势回踩基线 RR2.0,trend_pullback,baseline,2.0,1.2,2025-06-29T23:00:00+00:00,2025-06-29T23:00:00+00:00,2025-06-30T06:50:00+00:00,1,108041.7,107650.7218404865,108823.65631902701,107650.5218404865,390.97815951350475,-1.000511537524859,0.2758366632408227,-1.2763482007656817,False,STOP,94,325.8151329279206,20.65030342767518,60.56262706171166,32.323696304087946,14.980101997836941,0.5517683458146031,0.03754093692204187,2.3602390465132435,0.7462131644175108,4.255173746968667,2025-06,development,True
60m_trend_baseline_rr2_0,1小时趋势回踩基线 RR2.0,trend_pullback,baseline,2.0,1.2,2025-06-30T22:00:00+00:00,2025-06-30T22:00:00+00:00,2025-07-01T14:45:00+00:00,-1,107065.90000000001,107610.000865819,105977.69826836202,105977.89826836201,544.1008658189974,1.9996324210958616,0.19577601475388387,1.8038564063419777,True,TARGET,201,453.4173881824978,22.255090450226916,42.200457042355815,12.614858378170991,28.31454735233347,0.05033553299422948,-0.08973931848291382,0.5757315077129075,0.7031112415614842,4.49673976592041,2025-06,development,True
60m_trend_baseline_rr2_0,1小时趋势回踩基线 RR2.0,trend_pullback,baseline,2.0,1.2,2025-07-01T15:00:00+00:00,2025-07-01T15:00:00+00:00,2025-07-02T05:20:00+00:00,-1,105862.3,106430.10556522726,104726.68886954548,106430.30556522726,567.8055652272625,-1.00035223325068,0.1869412863893451,-1.1872935196400252,False,STOP,172,473.17130435605213,26.605445310551318,33.839628607742256,10.857258584259668,24.12913783072268,0.7116952140615597,-0.37096948693598525,7.101954942103639,0.8536601656425286,3.2265270229726046,2025-07,development,True
60m_trend_baseline_rr2_0,1小时趋势回踩基线 RR2.0,trend_pullback,baseline,2.0,1.2,2025-07-03T14:00:00+00:00,2025-07-03T14:00:00+00:00,2025-07-03T14:55:00+00:00,1,110220.5,109530.00596594509,111601.4880681098,109529.8059659451,690.4940340549025,-1.0002896476872183,0.1591254197197541,-1.1594150674069723,False,STOP,11,575.4116950457521,36.23480456256215,65.44930639090124,28.89275553787947,16.748246055656526,1.407618550047799,0.31813665862263846,3.642870742190826,0.8132568514977722,3.1012577870147577,2025-07,development,True
60m_trend_baseline_rr2_0,1小时趋势回踩基线 RR2.0,trend_pullback,baseline,2.0,1.2,2025-07-03T17:00:00+00:00,2025-07-03T17:00:00+00:00,2025-07-04T08:20:00+00:00,1,109236.9,108496.54460903112,110717.61078193776,108496.34460903112,740.3553909688842,-1.000270140533088,0.1470464369308429,-1.147316577463931,False,STOP,184,616.9628258074035,31.939005114124896,52.90826294534296,21.575188579970597,18.32348423041489,1.207227023635556,0.07873721988934144,1.2752502554153993,0.4015432556759284,3.2471972640785864,2025-07,development,True
60m_trend_baseline_rr2_0,1小时趋势回踩基线 RR2.0,trend_pullback,baseline,2.0,1.2,2025-07-05T00:00:00+00:00,2025-07-05T00:00:00+00:00,2025-07-06T00:00:00+00:00,-1,107935.1,108412.142042925,106981.01591415002,108153.59999999999,477.0420429249927,-0.4580309078425214,0.22648810854809345,-0.6845190163906149,False,TIME_EXIT,288,397.5350357708273,30.835554508486034,43.0465339393251,18.175682692694433,27.402322207515276,0.620199827335917,-0.17284314228314993,0.30363386195513237,0.8375877472878267,5.3834248743643816,2025-07,development,True
60m_trend_baseline_rr2_0,1小时趋势回踩基线 RR2.0,trend_pullback,baseline,2.0,1.2,2025-07-06T20:00:00+00:00,2025-07-06T20:00:00+00:00,2025-07-06T21:30:00+00:00,1,108494.0,108135.73868848725,109210.5226230255,109210.32262302551,358.2613115127525,1.9994417482614826,0.3038345414744514,1.6956072067870311,True,TARGET,18,298.5510929272938,22.285211080513577,55.37928773694909,21.958207712967923,16.99322268588826,0.3112762409409728,0.25782958914558607,0.8116792222942674,0.7367955149011548,4.473941082926449,2025-07,development,True
60m_trend_baseline_rr2_0,1小时趋势回踩基线 RR2.0,trend_pullback,baseline,2.0,1.2,2025-07-07T02:00:00+00:00,2025-07-07T02:00:00+00:00,2025-07-07T11:25:00+00:00,1,108966.3,108525.6498820058,109847.6002359884,108525.4498820058,440.65011799419705,-1.000453874835911,0.24678508072573574,-1.2472389555616468,False,STOP,113,367.2084316618309,26.436987934569537,59.98477971574779,27.15454631333148,18.22592276642793,0.5984778297102579,0.3031335910215872,0.9345208689922845,0.8034627983153927,5.286643313756429,2025-07,development,True
60m_trend_baseline_rr2_0,1小时趋势回踩基线 RR2.0,trend_pullback,baseline,2.0,1.2,2025-07-08T02:00:00+00:00,2025-07-08T02:00:00+00:00,2025-07-08T05:50:00+00:00,-1,107649.90000000001,108132.90143933341,106683.89712133321,108133.1014393334,483.00143933339683,-1.0004140774410009,0.22337718261993308,-1.223791260060934,False,STOP,46,402.5011994444974,27.364458160386476,37.33538815951805,14.678769505168017,30.049365117750785,0.34059446179109043,-0.18136217580989292,0.9040850388611668,0.9537889804491753,4.2335277568159695,2025-07,development,True
60m_trend_baseline_rr2_0,1小时趋势回踩基线 RR2.0,trend_pullback,baseline,2.0,1.2,2025-07-10T15:00:00+00:00,2025-07-10T15:00:00+00:00,2025-07-10T16:25:00+00:00,1,111195.3,110672.14259571307,112241.61480857388,112241.41480857389,523.1574042869366,1.999617705879049,0.21354635619954387,1.786071349679505,True,TARGET,17,435.9645035724472,36.4984384750559,61.52495080553802,26.666748618667114,17.107230027001457,1.715125832810322,0.14087887611637892,1.5572284963207292,0.8873036460585131,6.772110976483177,2025-07,development,True
60m_trend_baseline_rr2_0,1小时趋势回踩基线 RR2.0,trend_pullback,baseline,2.0,1.2,2025-07-11T17:00:00+00:00,2025-07-11T17:00:00+00:00,2025-07-12T17:00:00+00:00,1,117403.2,116439.30969256871,119330.98061486258,117160.40000000001,963.89030743129,-0.25189588289048764,0.12167546358314255,-0.3735713464736302,False,TIME_EXIT,288,803.2419228594084,58.80427704857925,63.13374049165573,28.523610377834,14.886464243981465,2.9519515160108325,0.3029343229886561,0.909692936794883,0.939613240004752,7.064372312391369,2025-07,development,True
60m_trend_baseline_rr2_0,1小时趋势回踩基线 RR2.0,trend_pullback,baseline,2.0,1.2,2025-07-14T00:00:00+00:00,2025-07-14T00:00:00+00:00,2025-07-14T03:45:00+00:00,1,119038.5,118419.63418557307,120276.23162885386,120276.03162885386,618.865814426927,1.9996768281664103,0.19334928998337092,1.8063275381830395,True,TARGET,45,515.7215120224392,34.342141101537315,64.49271215988921,28.900624110325126,13.04667139460242,1.432562542525721,0.20503548121948825,1.0201658390580797,0.848229141906349,4.067505332041929,2025-07,development,True
60m_trend_baseline_rr2_0,1小时趋势回踩基线 RR2.0,trend_pullback,baseline,2.0,1.2,2025-07-15T15:00:00+00:00,2025-07-15T15:00:00+00:00,2025-07-15T16:15:00+00:00,-1,115979.40000000001,117157.8715424295,113622.45691514104,117158.07154242949,1178.471542429485,-1.00016971135305,0.09891518935697147,-1.0990849007100216,False,STOP,15,982.0596186912375,34.35263301044321,31.110756836948326,16.43182826908744,31.080836613439146,0.6533712169743477,-0.3049428055594739,3.010360185827121,0.8908043895548872,4.279780901287049,2025-07,development,True
60m_trend_baseline_rr2_0,1小时趋势回踩基线 RR2.0,trend_pullback,baseline,2.0,1.2,2025-07-16T15:00:00+00:00,2025-07-16T15:00:00+00:00,2025-07-17T01:35:00+00:00,1,119020.09999999999,118183.3309528538,120693.63809429237,118183.1309528538,836.7690471461907,-1.0002390145771833,0.1417375748791365,-1.1419765894563199,False,STOP,127,697.3075392884923,18.515613187976708,59.79049480971226,26.136304668531334,17.123417172816374,0.03516376998462678,0.26284396276588623,1.8625963661130616,0.8042830540037271,4.660640846241352,2025-07,development,True
60m_trend_baseline_rr2_0,1小时趋势回踩基线 RR2.0,trend_pullback,baseline,2.0,1.2,2025-07-19T07:00:00+00:00,2025-07-19T07:00:00+00:00,2025-07-20T07:00:00+00:00,-1,118136.7,118820.35783072445,116769.3843385511,117797.4,683.6578307244524,0.49630090485536676,0.1725527664548122,0.32374813840055455,True,TIME_EXIT,288,569.7148589370437,18.476865759499915,47.44714934934488,14.4045307760855,19.031422405457374,0.5169778231953961,-0.02613117910679552,0.22187387513416143,0.5121834687052563,4.793450543128254,2025-07,development,True
60m_trend_baseline_rr2_0,1小时趋势回踩基线 RR2.0,trend_pullback,baseline,2.0,1.2,2025-07-20T12:00:00+00:00,2025-07-20T12:00:00+00:00,2025-07-20T13:55:00+00:00,-1,117869.0,118274.14852587896,117058.70294824209,118274.34852587896,405.14852587895615,-1.0004936461253777,0.2914281225799525,-1.2919217687053302,False,STOP,23,337.6237715657968,21.431949884266228,46.94219553750784,16.211356086862725,17.730903589978958,0.5159835117166457,-0.04964265570386229,1.2367305032421918,0.751548269581067,3.0083782172372007,2025-07,development,True
60m_trend_baseline_rr2_0,1小时趋势回踩基线 RR2.0,trend_pullback,baseline,2.0,1.2,2025-07-22T03:00:00+00:00,2025-07-22T03:00:00+00:00,2025-07-22T07:05:00+00:00,-1,116979.8,117915.49900244531,115108.40199510937,117915.69900244531,935.6990024453181,-1.0002137439491416,0.12551872898687444,-1.125732472936016,False,STOP,49,779.7491687044318,22.763569646814652,41.299955147993444,10.5413248760929,26.38991189011971,0.3564357704908594,-0.16867338889095865,0.7316148622623899,0.9240301100173645,4.944667022096554,2025-07,development,True
60m_trend_baseline_rr2_0,1小时趋势回踩基线 RR2.0,trend_pullback,baseline,2.0,1.2,2025-07-22T15:00:00+00:00,2025-07-22T15:00:00+00:00,2025-07-23T09:30:00+00:00,1,119044.09999999999,118032.99113892858,121066.31772214282,118032.79113892859,1011.1088610714132,-1.000197802637966,0.11723608617558351,-1.1174338888135495,False,STOP,222,842.5907175595111,20.138037859141647,58.58084441061503,17.168180250096547,25.28710247034437,0.14323896069922493,0.2731885967649519,2.5108633392469266,0.9560846893258815,4.411750476870705,2025-07,development,True
60m_trend_baseline_rr2_0,1小时趋势回踩基线 RR2.0,trend_pullback,baseline,2.0,1.2,2025-07-23T17:00:00+00:00,2025-07-23T17:00:00+00:00,2025-07-23T22:30:00+00:00,-1,117671.1,118504.24439654023,116004.81120691955,118504.44439654023,833.1443965402303,-1.0002400544261305,0.14173746194375078,-1.1419775163698813,False,STOP,66,694.2869971168586,22.900907083911132,42.947354944522374,13.680322402245832,23.7386586334197,0.04511566435640797,-0.14440428913134265,1.3887578061637802,0.833931516150938,4.328325335890172,2025-07,development,True
60m_trend_baseline_rr2_0,1小时趋势回踩基线 RR2.0,trend_pullback,baseline,2.0,1.2,2025-07-27T01:00:00+00:00,2025-07-27T01:00:00+00:00,2025-07-27T16:05:00+00:00,1,117927.4,117541.75480111167,118698.69039777665,118698.49039777665,385.6451988883243,1.9994813885909442,0.30679221610937146,1.6926891724815727,True,TARGET,181,321.37099907360357,23.441092396437654,55.619402240530235,24.890814162684993,16.29748109450471,0.6952221362336697,0.1369716279967751,0.6534259312923926,0.8826815642457874,3.1490084759272934,2025-07,development,True
60m_trend_baseline_rr2_0,1小时趋势回踩基线 RR2.0,trend_pullback,baseline,2.0,1.2,2025-07-28T09:00:00+00:00,2025-07-28T09:00:00+00:00,2025-07-28T11:30:00+00:00,1,119053.7,118547.14332874595,120066.81334250809,118546.94332874595,506.55667125404386,-1.0003948225565837,0.2345252336135818,-1.2349200561701656,False,STOP,30,422.1305593783699,41.06772357435143,53.37813691762506,24.880333096657793,18.262647145898214,1.1584980390090243,0.08879655500252152,0.8655407712067013,0.8913857677902678,4.647851136125383,2025-07,development,True
60m_trend_baseline_rr2_0,1小时趋势回踩基线 RR2.0,trend_pullback,baseline,2.0,1.2,2025-07-29T01:00:00+00:00,2025-07-29T01:00:00+00:00,2025-07-29T03:50:00+00:00,-1,117944.7,118565.2879677174,116703.52406456516,118565.4879677174,620.5879677174145,-1.000322275020457,0.19055331417206323,-1.1908755891925202,False,STOP,34,517.1566397645121,25.60574705869477,41.91876485180485,13.621788570976827,23.268431792236363,0.14128784622508478,-0.21840443249231484,1.2223478895620152,0.5232483394043252,4.4551298829869594,2025-07,development,True
60m_trend_baseline_rr2_0,1小时趋势回踩基线 RR2.0,trend_pullback,baseline,2.0,1.2,2025-07-30T01:00:00+00:00,2025-07-30T01:00:00+00:00,2025-07-30T07:10:00+00:00,-1,117699.7,118327.35689985385,116444.3862002923,118327.55689985385,627.6568998538511,-1.000318645425629,0.18802251433451336,-1.1883411597601423,False,STOP,74,523.0474165448759,20.431256981256077,44.06709340951666,16.7075797032995,25.5394595638833,0.40924376313887206,-0.09911822754371775,0.5532305287036885,0.5460693153001064,4.465560723784975,2025-07,development,True
60m_trend_baseline_rr2_0,1小时趋势回踩基线 RR2.0,trend_pullback,baseline,2.0,1.2,2025-07-30T12:00:00+00:00,2025-07-30T12:00:00+00:00,2025-07-30T14:45:00+00:00,-1,117526.40000000001,118123.7266436113,116331.74671277743,118123.9266436113,597.3266436112913,-1.0003348251783757,0.19725415663608012,-1.1975889818144558,False,STOP,33,497.77220300940945,18.674640264763276,40.95593359438548,13.219804198121045,26.596638094545007,0.2502970334383994,-0.08420972897585248,1.766436893293472,0.7261502620850422,3.0702799207353757,2025-07,development,True
60m_trend_baseline_rr2_0,1小时趋势回踩基线 RR2.0,trend_pullback,baseline,2.0,1.2,2025-08-01T14:00:00+00:00,2025-08-01T14:00:00+00:00,2025-08-01T14:15:00+00:00,-1,114304.5,115229.4513285521,112454.59734289581,115229.65132855209,924.951328552093,-1.0002162275936317,0.12407904299562549,-1.1242952705892573,False,STOP,3,770.7927737934108,37.554662549370946,33.590240567355565,14.208788768591152,31.947552797992238,1.273574126014673,-0.28192020738577594,1.879999142259326,0.8998910081743885,5.79429407208874,2025-08,development,True
60m_trend_baseline_rr2_0,1小时趋势回踩基线 RR2.0,trend_pullback,baseline,2.0,1.2,2025-08-01T17:00:00+00:00,2025-08-01T17:00:00+00:00,2025-08-01T22:45:00+00:00,-1,114962.0,115997.23655569568,112891.52688860864,112891.72688860864,1035.236555695681,1.999806807440386,0.11004911178754236,1.8897576956528437,True,TARGET,69,862.697129746401,38.217766616958166,42.25000536492579,10.65622573717935,24.638096114825885,1.0794809450950686,-0.12177882922005405,0.9448290469275814,0.782559711581795,3.5431901818179767,2025-08,development,True
60m_trend_baseline_rr2_0,1小时趋势回踩基线 RR2.0,trend_pullback,baseline,2.0,1.2,2025-08-04T21:00:00+00:00,2025-08-04T21:00:00+00:00,2025-08-05T04:05:00+00:00,1,114755.09999999999,114207.02946451963,115851.24107096074,114206.82946451963,548.0705354803689,-1.0003649165336317,0.20887998409168332,-1.209244900625315,False,STOP,85,456.7254462336408,24.50162639766548,54.92139191146266,25.60864286668854,15.031492256875705,0.5335834584446989,0.1280524364429736,0.9197011585378295,0.3775421895283332,3.5737005972840734,2025-08,development,True
60m_trend_baseline_rr2_0,1小时趋势回踩基线 RR2.0,trend_pullback,baseline,2.0,1.2,2025-08-05T11:00:00+00:00,2025-08-05T11:00:00+00:00,2025-08-05T12:40:00+00:00,1,114799.9,114266.11445396123,115867.47109207751,114265.91445396123,533.7855460387614,-1.000374682307315,0.21456726971521198,-1.2149419520225269,False,STOP,20,444.82128836563453,18.543844881922805,55.080859445355415,22.03270011480403,20.49471434156046,0.18753394074941976,0.03659842255725687,1.1798902673612628,0.5114822546972917,4.57711906613257,2025-08,development,True
60m_trend_baseline_rr2_0,1小时趋势回踩基线 RR2.0,trend_pullback,baseline,2.0,1.2,2025-08-05T15:00:00+00:00,2025-08-05T15:00:00+00:00,2025-08-05T19:05:00+00:00,-1,112975.40000000001,113703.61390307198,111518.97219385605,113703.81390307198,728.2139030719769,-1.0002746445778452,0.15564054252934728,-1.1559151871071924,False,STOP,49,606.8449192266474,22.087396231818463,33.989483934992535,12.007064215718787,38.77418401759306,0.07316093279227066,-0.3669269720382323,5.994180753120914,0.7765274225632216,3.1176004611046237,2025-08,development,True
60m_trend_baseline_rr2_0,1小时趋势回踩基线 RR2.0,trend_pullback,baseline,2.0,1.2,2025-08-06T02:00:00+00:00,2025-08-06T02:00:00+00:00,2025-08-06T14:05:00+00:00,-1,113777.0,114402.86979945109,112525.26040109781,114403.06979945108,625.8697994510939,-1.0003195552815718,0.18229036614290361,-1.1826099214244754,False,STOP,145,521.5581662092449,26.43171003687258,46.88715600967983,15.358414489842733,27.300422268028324,0.4194669884357396,-0.006215225119120455,0.5293840177848954,0.323873121869772,4.744628998881817,2025-08,development,True
60m_trend_baseline_rr2_0,1小时趋势回踩基线 RR2.0,trend_pullback,baseline,2.0,1.2,2025-08-08T07:00:00+00:00,2025-08-08T07:00:00+00:00,2025-08-08T15:35:00+00:00,1,116686.3,116138.12688713183,117782.64622573635,116137.92688713183,548.1731128681736,-1.0003648482482994,0.21236377835912043,-1.2127286266074198,False,STOP,103,456.8109273901446,22.010380201025388,55.78410399106755,21.552048999082597,19.695001210183015,1.6326811037085656,0.06648721906930108,0.5540697164925497,0.9252487227749696,5.698199942088683,2025-08,development,True
60m_trend_baseline_rr2_0,1小时趋势回踩基线 RR2.0,trend_pullback,baseline,2.0,1.2,2025-08-09T15:00:00+00:00,2025-08-09T15:00:00+00:00,2025-08-09T19:55:00+00:00,1,116915.09999999999,116472.17609084326,117800.94781831346,116471.97609084327,442.9239091567329,-1.0004515448271323,0.26346181733018276,-1.263913362157315,False,STOP,59,369.10325763061076,26.480216066495238,53.43417300029843,29.215137230706368,18.145385556766005,0.9412199139488115,0.1202266328384616,0.8893215817204155,0.8385335413416727,4.488445890818934,2025-08,development,True
60m_trend_baseline_rr2_0,1小时趋势回踩基线 RR2.0,trend_pullback,baseline,2.0,1.2,2025-08-10T03:00:00+00:00,2025-08-10T03:00:00+00:00,2025-08-10T03:25:00+00:00,1,117273.8,116847.17279883575,118127.05440232852,118126.85440232852,426.6272011642578,1.9995312066378994,0.2758856605485122,1.7236455460893871,True,TARGET,5,355.5226676368815,27.09037928589531,61.149976228575724,31.965714314059156,11.806225478448962,0.4784455671308831,0.13206694890909676,2.3402386670024136,0.988888888888885,4.378623760749782,2025-08,development,True
60m_trend_baseline_rr2_0,1小时趋势回踩基线 RR2.0,trend_pullback,baseline,2.0,1.2,2025-08-10T22:00:00+00:00,2025-08-10T22:00:00+00:00,2025-08-11T01:45:00+00:00,1,118678.2,118127.1586130043,119780.28277399139,119780.0827739914,551.0413869956976,1.999637050855494,0.21637057433569254,1.7832664765198014,True,TARGET,45,459.201155829748,32.02622954498065,61.64982583508762,22.436846245037525,16.49486240782767,1.4296293474181447,0.253610914790862,0.5720450233138827,1.0,5.64262517004786,2025-08,development,True
60m_trend_baseline_rr2_0,1小时趋势回踩基线 RR2.0,trend_pullback,baseline,2.0,1.2,2025-08-12T14:00:00+00:00,2025-08-12T14:00:00+00:00,2025-08-12T15:20:00+00:00,-1,118806.40000000001,119553.32075175799,117312.55849648404,119553.52075175798,746.9207517579846,-1.0002677660240658,0.15956172069844352,-1.1598294867225092,False,STOP,16,622.4339597983205,24.59569080839411,46.306302247272654,20.211113171972244,18.665565458215806,0.04235741281651343,-0.07768830852425918,3.1231735582890123,0.7784793241440588,3.32388676329671,2025-08,development,True
60m_trend_baseline_rr2_0,1小时趋势回踩基线 RR2.0,trend_pullback,baseline,2.0,1.2,2025-08-13T03:00:00+00:00,2025-08-13T03:00:00+00:00,2025-08-13T13:50:00+00:00,1,119500.3,118770.86485273877,120959.17029452245,120958.97029452246,729.4351472612286,1.9997258152410742,0.16482566763979095,1.8349001476012832,True,TARGET,130,607.8626227176906,19.367087930986656,50.707261314104805,18.008366983400975,19.581548079529863,0.35134816052579443,0.017610118144040645,0.8033994168287151,0.7106728887550862,3.480556166689313,2025-08,development,True
60m_trend_baseline_rr2_0,1小时趋势回踩基线 RR2.0,trend_pullback,baseline,2.0,1.2,2025-08-15T05:00:00+00:00,2025-08-15T05:00:00+00:00,2025-08-15T15:10:00+00:00,-1,118781.6,119673.32372818099,116998.15254363805,116998.35254363804,891.723728180982,1.9997757152875024,0.13220459717080937,1.867571118116693,True,TARGET,122,743.103106817485,40.16732762346147,43.2112717441074,15.122621035802046,25.53888885223827,0.9811905569378558,-0.10252623643710394,0.3207772772347174,0.8580750407830159,6.790443955497225,2025-08,development,True
60m_trend_baseline_rr2_0,1小时趋势回踩基线 RR2.0,trend_pullback,baseline,2.0,1.2,2025-08-16T06:00:00+00:00,2025-08-16T06:00:00+00:00,2025-08-17T06:00:00+00:00,-1,117550.2,118200.40519660024,116249.78960679952,117945.7,650.2051966002422,-0.6082695156359393,0.18109352342256588,-0.7893630390585052,False,TIME_EXIT,288,541.8376638335352,34.8234013825701,44.59844084676986,13.971649572678349,21.741300600311426,1.373167217197313,-0.10354121857016188,0.3338917067013672,0.776713124274113,4.30479487804044,2025-08,development,True
60m_trend_baseline_rr2_0,1小时趋势回踩基线 RR2.0,trend_pullback,baseline,2.0,1.2,2025-08-17T19:00:00+00:00,2025-08-17T19:00:00+00:00,2025-08-17T22:40:00+00:00,-1,117500.90000000001,117913.45007870447,116675.79984259108,117913.65007870446,412.55007870446394,-1.0004847896299514,0.28531633155661934,-1.2858011211865708,False,STOP,44,343.79173225371994,20.370658399515296,41.85093704101647,15.735164004613571,25.939552726681406,0.1883955015737457,-0.2127140321910119,1.516302386613975,0.614701009188123,4.178110946949486,2025-08,development,True
60m_trend_baseline_rr2_0,1小时趋势回踩基线 RR2.0,trend_pullback,baseline,2.0,1.2,2025-08-18T00:00:00+00:00,2025-08-18T00:00:00+00:00,2025-08-18T01:40:00+00:00,-1,117353.7,117763.95247027358,116533.19505945285,116533.39505945284,410.2524702735781,1.9995124953181413,0.2850526346660198,1.7144598606521215,True,TARGET,20,341.8770585613151,20.150089641616912,41.041034828750824,15.650214996872354,24.463915632256466,0.34979807030416776,-0.16422199738542562,1.074288051148383,0.9472981987991903,3.840561883635475,2025-08,development,True
60m_trend_baseline_rr2_0,1小时趋势回踩基线 RR2.0,trend_pullback,baseline,2.0,1.2,2025-08-19T14:00:00+00:00,2025-08-19T14:00:00+00:00,2025-08-19T14:45:00+00:00,-1,115151.1,115820.52204455373,113812.25591089258,113812.45591089258,669.4220445537154,1.9997012348164702,0.17101584700839667,1.8286853878080735,True,TARGET,9,557.8517037947629,25.090054320600284,42.88594018166366,14.645235810906922,26.982947230580187,1.0028299328734844,-0.07743289115648838,2.7360090665801566,0.6791219512195037,4.72329829249637,2025-08,development,True
60m_trend_baseline_rr2_0,1小时趋势回踩基线 RR2.0,trend_pullback,baseline,2.0,1.2,2025-08-20T08:00:00+00:00,2025-08-20T08:00:00+00:00,2025-08-20T15:20:00+00:00,-1,113436.5,114046.29472110509,112216.9105577898,114046.49472110509,609.7947211050979,-1.0003279792249251,0.18652424073862922,-1.1868522199635543,False,STOP,88,508.1622675875816,45.90655139762029,41.45319435455879,11.13383426810668,24.771661436641917,1.8602929554591348,-0.11572469697897134,0.42727074267923687,0.8295096716149305,6.5872659453666955,2025-08,development,True
60m_trend_baseline_rr2_0,1小时趋势回踩基线 RR2.0,trend_pullback,baseline,2.0,1.2,2025-08-20T16:00:00+00:00,2025-08-20T16:00:00+00:00,2025-08-20T16:30:00+00:00,-1,113296.7,114084.03327305165,111722.03345389669,114084.23327305165,787.3332730516555,-1.0002540220346872,0.1443994182995322,-1.1446534403342195,False,STOP,6,656.1110608763796,44.10522903865096,44.37166609909162,11.660919854280435,26.160634413004427,1.184746146847998,-0.23141023587505613,2.8476952401112214,0.8745548433048481,2.5547504072878544,2025-08,development,True
60m_trend_baseline_rr2_0,1小时趋势回踩基线 RR2.0,trend_pullback,baseline,2.0,1.2,2025-08-21T05:00:00+00:00,2025-08-21T05:00:00+00:00,2025-08-21T17:05:00+00:00,-1,113757.2,114516.87957844444,112237.84084311113,112238.04084311113,759.6795784444333,1.9997367311091772,0.14874379097163104,1.8509929401375462,True,TARGET,145,633.0663153703612,34.31289354324498,47.28638841429607,10.392477392870955,16.59092962276329,0.45026279817811565,-0.050231453766878514,0.3899579568860725,0.954998008761439,3.9098589514306052,2025-08,development,True
60m_trend_baseline_rr2_0,1小时趋势回踩基线 RR2.0,trend_pullback,baseline,2.0,1.2,2025-08-23T05:00:00+00:00,2025-08-23T05:00:00+00:00,2025-08-23T13:25:00+00:00,1,115891.0,115085.64529422924,117501.70941154152,115085.44529422924,805.3547057707614,-1.0002483377803153,0.14340044432544427,-1.1436487821057595,False,STOP,101,671.1289214756345,32.78055672601863,57.071125001449666,26.02812088265192,20.480569612972076,1.3655480289645,0.10732652016190253,0.3562758880553284,0.8668911335577937,8.599688994642047,2025-08,development,True
60m_trend_baseline_rr2_0,1小时趋势回踩基线 RR2.0,trend_pullback,baseline,2.0,1.2,2025-08-24T20:00:00+00:00,2025-08-24T20:00:00+00:00,2025-08-24T21:35:00+00:00,-1,112556.2,113327.69296291306,111013.21407417387,113327.89296291306,771.4929629130646,-1.0002592376205754,0.14639413696659132,-1.1466533745871668,False,STOP,19,642.9108024275539,18.278509947827587,20.273063448185965,10.047428603175081,50.96606038671345,0.3380415216340635,-0.4002503404507651,15.654398801831912,0.5176763562734201,2.21477068766541,2025-08,development,True
60m_trend_baseline_rr2_0,1小时趋势回踩基线 RR2.0,trend_pullback,baseline,2.0,1.2,2025-08-25T16:00:00+00:00,2025-08-25T16:00:00+00:00,2025-08-25T20:05:00+00:00,-1,112142.0,113039.76698160874,110346.46603678251,110346.66603678251,897.7669816087472,1.9997772250438017,0.1239122570748233,1.8758649679689785,True,TARGET,49,748.1391513406227,44.53095896293848,44.41481098814316,16.108894858439747,30.476203173432356,1.317931213780892,-0.17166523804895834,0.8768809376420258,0.5139327024185049,5.743182925663703,2025-08,development,True
60m_trend_baseline_rr2_0,1小时趋势回踩基线 RR2.0,trend_pullback,baseline,2.0,1.2,2025-08-26T16:00:00+00:00,2025-08-26T16:00:00+00:00,2025-08-26T18:40:00+00:00,-1,109624.40000000001,110531.44158525283,107810.31682949436,110531.64158525283,907.0415852528275,-1.0002204970568553,0.12135939805002814,-1.1215798951068834,False,STOP,32,755.8679877106896,39.4211434457048,39.40891483271893,14.7374580441592,24.49901707173185,1.4422517152799061,-0.13721789857158354,1.0487899547745683,0.8784007801072534,5.069139138442466,2025-08,development,True
60m_trend_baseline_rr2_0,1小时趋势回踩基线 RR2.0,trend_pullback,baseline,2.0,1.2,2025-08-27T08:00:00+00:00,2025-08-27T08:00:00+00:00,2025-08-27T13:45:00+00:00,-1,110687.8,111386.31503944362,109290.76992111275,111386.51503944362,698.515039443627,-1.0002863216805609,0.15896172773626152,-1.1592480494168225,False,STOP,69,582.0958662030225,20.936722685527222,46.32876348446293,20.621687459153843,23.86028189133312,0.4773477106993758,-0.0019251190060342212,0.7218633147065078,0.8009413610511842,5.119431648670462,2025-08,development,True
60m_trend_baseline_rr2_0,1小时趋势回踩基线 RR2.0,trend_pullback,baseline,2.0,1.2,2025-08-27T21:00:00+00:00,2025-08-27T21:00:00+00:00,2025-08-27T21:55:00+00:00,1,112363.4,111536.53728410459,114017.1254317908,111536.3372841046,826.8627158954005,-1.0002418781209457,0.1353911193357207,-1.1356329974566663,False,STOP,11,689.0522632461671,21.33885594419507,64.90773851960333,21.43818916137743,19.070740240321317,0.19578876822390456,0.2791265465179421,3.5239170403276106,0.9963677189274864,3.2821893499710324,2025-08,development,True
60m_trend_baseline_rr2_0,1小时趋势回踩基线 RR2.0,trend_pullback,baseline,2.0,1.2,2025-08-28T15:00:00+00:00,2025-08-28T15:00:00+00:00,2025-08-28T15:30:00+00:00,1,113115.8,112403.73588918781,114539.92822162439,112403.53588918781,712.0641108121948,-1.0002808735856197,0.15835606124844284,-1.1586369348340626,False,STOP,6,593.3867590101623,23.118178591198163,60.9354401956582,19.18532866586764,12.448630514586533,0.8689095104186453,0.30596230249665163,1.4172708835596317,0.8068337697967386,4.411962283026211,2025-08,development,True
60m_trend_baseline_rr2_0,1小时趋势回踩基线 RR2.0,trend_pullback,baseline,2.0,1.2,2025-08-30T11:00:00+00:00,2025-08-30T11:00:00+00:00,2025-08-31T00:45:00+00:00,-1,108380.7,109002.144623273,107137.81075345402,109002.34462327299,621.4446232729925,-1.0003218307673951,0.174901380173161,-1.175223210940556,False,STOP,165,517.8705193941605,24.705749209960008,42.65544814367105,20.30778135019753,24.714247992111176,1.9711309341297238,-0.09908374475369516,0.4765082156953528,0.9294509151414406,4.266510483324713,2025-08,development,True
60m_trend_baseline_rr2_0,1小时趋势回踩基线 RR2.0,trend_pullback,baseline,2.0,1.2,2025-09-05T21:00:00+00:00,2025-09-05T21:00:00+00:00,2025-09-05T21:20:00+00:00,1,111582.0,110782.65553772071,113180.68892455858,110782.45553772071,799.3444622792888,-1.0002502050235347,0.13909175957988132,-1.139341964603416,False,STOP,4,666.1203852327407,24.73748384784987,51.99559125635958,26.750547210128822,25.17535540516432,0.34211020872180525,0.009003673666178914,0.44763219591084713,0.9661529994496351,4.7904253806691015,2025-09,development,True
60m_trend_baseline_rr2_0,1小时趋势回踩基线 RR2.0,trend_pullback,baseline,2.0,1.2,2025-09-07T19:00:00+00:00,2025-09-07T19:00:00+00:00,2025-09-08T02:25:00+00:00,1,111011.9,110679.24500475246,111677.20999049506,110679.04500475246,332.6549952475326,-1.000601223498382,0.3332145137934717,-1.3338157372918538,False,STOP,89,277.2124960396105,19.635177103260574,54.10347269354673,21.40476846985743,18.47390624697131,0.258361111555739,0.1561495605280651,0.6189728397445838,0.9182419659735235,4.861974186789195,2025-09,development,True
60m_trend_baseline_rr2_0,1小时趋势回踩基线 RR2.0,trend_pullback,baseline,2.0,1.2,2025-09-08T22:00:00+00:00,2025-09-08T22:00:00+00:00,2025-09-09T00:25:00+00:00,1,112272.0,111788.24372024674,113239.51255950653,111788.04372024674,483.75627975326483,-1.0004134313255704,0.23158360221651944,-1.2319970335420898,False,STOP,29,403.1302331277207,30.533538601678984,59.68754677158937,24.18099117466496,15.242034946291415,1.0780759000073588,0.1756455150391927,0.4498087041339591,0.9563094947522717,5.708080939865817,2025-09,development,True
60m_trend_baseline_rr2_0,1小时趋势回踩基线 RR2.0,trend_pullback,baseline,2.0,1.2,2025-09-09T06:00:00+00:00,2025-09-09T06:00:00+00:00,2025-09-09T07:20:00+00:00,1,112152.4,111645.35344963048,113166.49310073903,113166.29310073903,507.0465503695175,1.999605558898183,0.2221873839162645,1.7774181749819185,True,TARGET,16,422.5387919745979,22.68329508242799,56.831168093546836,27.140467329844547,21.288283658496297,0.6792203339627735,0.09920262244186123,0.6993583680590351,0.8429494852764993,4.301616879969865,2025-09,development,True
60m_trend_baseline_rr2_0,1小时趋势回踩基线 RR2.0,trend_pullback,baseline,2.0,1.2,2025-09-11T14:00:00+00:00,2025-09-11T14:00:00+00:00,2025-09-11T14:20:00+00:00,1,114578.4,113980.67278907349,115773.854421853,113980.4727890735,597.7272109265007,-1.0003346007950509,0.19118995137832046,-1.1915245521733713,False,STOP,4,498.1060091054173,33.752316666725584,68.85263200650203,24.852308064283235,9.855164509223046,1.3850489705078992,0.22700540594895766,4.242864687678683,0.9154700222057757,2.7885630259602774,2025-09,development,True
60m_trend_baseline_rr2_0,1小时趋势回踩基线 RR2.0,trend_pullback,baseline,2.0,1.2,2025-09-12T13:00:00+00:00,2025-09-12T13:00:00+00:00,2025-09-12T18:20:00+00:00,1,115035.7,114535.73542488273,116035.62915023453,116035.42915023453,499.96457511726226,1.9995999716581017,0.23108750164553044,1.7685124700125712,True,TARGET,64,416.6371459310519,37.46708061274752,55.65475704863434,20.953244695511202,14.632866674624532,1.5853907127392897,0.026913773591133814,1.3631887786603105,0.7375,5.451986271948742,2025-09,development,True
60m_trend_baseline_rr2_0,1小时趋势回踩基线 RR2.0,trend_pullback,baseline,2.0,1.2,2025-09-13T03:00:00+00:00,2025-09-13T03:00:00+00:00,2025-09-13T16:45:00+00:00,1,115832.4,115289.26220343071,116918.67559313854,115289.06220343072,543.1377965692739,-1.0003682306797048,0.2127650327995104,-1.2131332634792151,False,STOP,165,452.61483047439486,37.23096915457974,56.20846055565145,24.32941104789418,15.796589759409285,1.5566598203138506,0.19572591253083,0.4272140746782693,0.6565881604073992,4.251296843241313,2025-09,development,True
60m_trend_baseline_rr2_0,1小时趋势回踩基线 RR2.0,trend_pullback,baseline,2.0,1.2,2025-09-17T06:00:00+00:00,2025-09-17T06:00:00+00:00,2025-09-17T09:50:00+00:00,1,117070.59999999999,116523.84687098366,118164.10625803265,116523.64687098366,546.7531290163327,-1.000365795803228,0.21361948791335195,-1.2139852837165799,False,STOP,46,455.62760751361054,23.139459562360948,66.66328529007907,31.908486362968418,15.590712595467638,0.9096980097296168,0.2118091105545136,2.1335686947437966,0.8615417513097406,5.447211624299686,2025-09,development,True
60m_trend_baseline_rr2_0,1小时趋势回踩基线 RR2.0,trend_pullback,baseline,2.0,1.2,2025-09-17T23:00:00+00:00,2025-09-17T23:00:00+00:00,2025-09-18T23:00:00+00:00,1,116508.2,115768.48934484152,117987.62131031694,116994.8,739.7106551584745,0.6578247813609733,0.15783401142841094,0.4999907699325624,True,TIME_EXIT,288,616.4255459653955,21.821596146281706,57.4979743222343,19.718241121145336,22.108918443220066,0.08945427601193019,0.023361804880507854,1.11024928339527,0.6687985954351545,4.287784659963408,2025-09,development,True
60m_trend_baseline_rr2_0,1小时趋势回踩基线 RR2.0,trend_pullback,baseline,2.0,1.2,2025-09-20T09:00:00+00:00,2025-09-20T09:00:00+00:00,2025-09-20T15:10:00+00:00,-1,115644.90000000001,115982.40303634014,114969.89392731976,115982.60303634014,337.5030363401266,-1.0005925872613484,0.3431487691904972,-1.3437413564518454,False,STOP,74,281.25253028343883,34.735153318617684,44.24920373724348,17.99188600202373,23.547001655113135,1.2477956454665522,-0.042163840502230945,0.5884671137462055,0.9729144095341272,5.113198443230811,2025-09,development,True
60m_trend_baseline_rr2_0,1小时趋势回踩基线 RR2.0,trend_pullback,baseline,2.0,1.2,2025-09-21T14:00:00+00:00,2025-09-21T14:00:00+00:00,2025-09-21T22:25:00+00:00,-1,115610.8,115844.21494992185,115143.9701001563,115144.17010015629,233.41494992185324,1.9991431568540872,0.494302036303614,1.504841120550473,True,TARGET,101,194.51245826821105,19.375264865573662,48.06082395562949,12.595319465554793,21.25543561750147,0.8607205466701398,-0.051851250210582366,0.6964369168713105,0.7548672566371939,3.8090105209527274,2025-09,development,True
60m_trend_baseline_rr2_0,1小时趋势回踩基线 RR2.0,trend_pullback,baseline,2.0,1.2,2025-09-22T00:00:00+00:00,2025-09-22T00:00:00+00:00,2025-09-22T00:50:00+00:00,-1,115183.7,115459.34210030525,114632.41579938949,114632.61579938949,275.64210030525174,1.999274421433542,0.416874482426462,1.58239993900708,True,TARGET,10,229.70175025437646,30.969592379041455,40.15688508094238,11.161604385689467,22.996194232533917,0.8250216224531062,-0.20598370034423755,1.2463329397115965,0.9011645267244197,2.787963083828495,2025-09,development,True
60m_trend_baseline_rr2_0,1小时趋势回踩基线 RR2.0,trend_pullback,baseline,2.0,1.2,2025-09-23T15:00:00+00:00,2025-09-23T15:00:00+00:00,2025-09-23T20:00:00+00:00,-1,112602.0,113161.84515712797,111482.30968574404,111482.50968574404,559.8451571279777,1.9996427583637266,0.20013079226701205,1.7995119660967145,True,TARGET,60,466.53763093998145,35.70657378112486,44.023333732168574,16.0540947812425,20.31195513822393,1.2514473823774188,-0.010053123738541465,1.4854956829771768,0.8784329563812566,3.9244422712720755,2025-09,development,True
60m_trend_baseline_rr2_0,1小时趋势回踩基线 RR2.0,trend_pullback,baseline,2.0,1.2,2025-09-24T03:00:00+00:00,2025-09-24T03:00:00+00:00,2025-09-24T06:10:00+00:00,-1,112069.90000000001,112646.913464479,110915.87307104202,112647.113464479,577.0134644789957,-1.0003466123622888,0.19472423721289012,-1.195070849575179,False,STOP,38,480.8445537324964,33.02331742914325,43.43026214225542,12.517135526551707,22.13068513611421,1.2090217519265891,-0.08071568538103671,1.5308403909372996,0.6330000000000049,3.829304056180192,2025-09,development,True
60m_trend_baseline_rr2_0,1小时趋势回踩基线 RR2.0,trend_pullback,baseline,2.0,1.2,2025-09-26T15:00:00+00:00,2025-09-26T15:00:00+00:00,2025-09-26T17:25:00+00:00,-1,108796.6,109590.5083262585,107208.78334748304,109590.7083262585,793.9083262584849,-1.0002519182547749,0.13753937394476626,-1.1377912921995412,False,STOP,29,661.5902718820707,54.37340202511456,37.63181107571375,9.570802575388596,24.28559481585282,1.5140876271192838,-0.17003260770192216,1.542717070536373,0.8698241369684614,2.056711015609588,2025-09,development,True
60m_trend_baseline_rr2_0,1小时趋势回踩基线 RR2.0,trend_pullback,baseline,2.0,1.2,2025-09-27T08:00:00+00:00,2025-09-27T08:00:00+00:00,2025-09-28T08:00:00+00:00,-1,109354.7,109841.0511992639,108381.99760147222,109468.7,486.35119926388893,-0.23439851731124206,0.2249643882149335,-0.45936290552617554,False,TIME_EXIT,288,405.2926660532408,24.07454332284377,45.939953980302626,16.92840522761708,22.290535581700286,1.31184136301823,-0.00983937450466107,0.3167051130229739,0.6975546975546862,4.15502213844349,2025-09,development,True
60m_trend_baseline_rr2_0,1小时趋势回踩基线 RR2.0,trend_pullback,baseline,2.0,1.2,2025-10-02T16:00:00+00:00,2025-10-02T16:00:00+00:00,2025-10-03T15:25:00+00:00,1,119875.3,119117.5195121527,121390.8609756946,121390.6609756946,757.7804878472997,1.9997360713251244,0.15919251342897606,1.8405435578961484,True,TARGET,281,631.4837398727498,57.20132154348958,69.14503491700188,26.042162962989273,9.835005643485449,2.4922487277431746,0.5190098653618409,2.558324172676591,0.9902837970082524,4.18553928329588,2025-10,validation,True
60m_trend_baseline_rr2_0,1小时趋势回踩基线 RR2.0,trend_pullback,baseline,2.0,1.2,2025-10-04T13:00:00+00:00,2025-10-04T13:00:00+00:00,2025-10-05T02:35:00+00:00,1,121955.09999999999,121413.22867277819,123038.84265444358,123038.64265444358,541.8713272217968,1.9996309086863322,0.2260626557881735,1.7735682528981587,True,TARGET,163,451.55943935149736,28.211831142969505,54.86306653504915,25.749905189949246,17.730664605983712,2.4568212911131093,0.03274326057558021,0.26144247325054654,0.37706855791964544,5.479898733937948,2025-10,validation,True
60m_trend_baseline_rr2_0,1小时趋势回踩基线 RR2.0,trend_pullback,baseline,2.0,1.2,2025-10-06T02:00:00+00:00,2025-10-06T02:00:00+00:00,2025-10-06T17:10:00+00:00,1,123981.0,123184.77035385005,125573.4592922999,125573.2592922999,796.2296461499534,1.999748816185166,0.1567099771397494,1.8430388390454167,True,TARGET,182,663.5247051249612,19.526962168213544,60.89668151052719,27.6386915125181,16.374115696252247,0.8674086012087746,0.21706164763721703,0.9477947358313651,0.7799016423865661,4.913306128346846,2025-10,validation,True
60m_trend_baseline_rr2_0,1小时趋势回踩基线 RR2.0,trend_pullback,baseline,2.0,1.2,2025-10-07T01:00:00+00:00,2025-10-07T01:00:00+00:00,2025-10-07T03:35:00+00:00,1,124850.59999999999,124063.76642551545,126424.26714896907,124063.56642551546,786.8335744845407,-1.000254183357804,0.15817459657118763,-1.1584287799289916,False,STOP,31,655.694645403784,29.560763179731552,54.91711736264793,18.821192803018132,13.310404997514109,1.2489283753256184,0.09245085732851763,0.44823916897679666,0.8947215777262105,4.560964499196667,2025-10,validation,True
60m_trend_baseline_rr2_0,1小时趋势回踩基线 RR2.0,trend_pullback,baseline,2.0,1.2,2025-10-07T13:00:00+00:00,2025-10-07T13:00:00+00:00,2025-10-07T13:40:00+00:00,1,124869.59999999999,124159.72412372139,126289.35175255718,124159.52412372139,709.875876278595,-1.0002817393951355,0.17540328700083085,-1.1756850263959664,False,STOP,8,591.5632302321625,18.769860559150594,57.53469465331604,23.026710032968136,15.50419244588577,0.6478905565411017,0.09083685105051403,1.271597905991892,0.7234325829097061,4.981546941048831,2025-10,validation,True
60m_trend_baseline_rr2_0,1小时趋势回踩基线 RR2.0,trend_pullback,baseline,2.0,1.2,2025-10-08T16:00:00+00:00,2025-10-08T16:00:00+00:00,2025-10-08T17:00:00+00:00,-1,122139.90000000001,123062.69031525501,120294.31936949001,123062.890315255,922.7903152549994,-1.0002167339607821,0.13285942985189267,-1.1330761638126747,False,STOP,12,768.9919293791662,20.68321857625837,46.6769236274595,19.58511781145193,22.659289599889338,0.5248601792732246,-0.0032212505546545664,0.7890190099647534,0.6345847224235281,3.265703974328375,2025-10,validation,True
60m_trend_baseline_rr2_0,1小时趋势回踩基线 RR2.0,trend_pullback,baseline,2.0,1.2,2025-10-10T03:00:00+00:00,2025-10-10T03:00:00+00:00,2025-10-10T13:05:00+00:00,-1,121006.90000000001,121855.27480295398,119310.15039409208,121855.47480295398,848.3748029539662,-1.0002357448610044,0.14313389197635798,-1.1433696368373625,False,STOP,121,706.9790024616385,21.95137651963176,44.06630953510222,16.13222775831806,27.995062518862163,0.6647380086830779,-0.06264530424916426,1.0092517771289462,0.7891065199892697,5.894517355522345,2025-10,validation,True
60m_trend_baseline_rr2_0,1小时趋势回踩基线 RR2.0,trend_pullback,baseline,2.0,1.2,2025-10-13T14:00:00+00:00,2025-10-13T14:00:00+00:00,2025-10-13T14:25:00+00:00,1,115291.59999999999,114266.24117600652,117342.31764798693,114266.04117600652,1025.3588239934707,-1.0001950536683575,0.11194015002569888,-1.1121352036940564,False,STOP,5,854.4656866612255,30.27339347968404,60.22501221448865,23.351673389994765,17.37444190169542,0.41197886095920516,0.05598446959837063,2.311504879089774,0.8514001806684771,2.93984888944516,2025-10,validation,True
60m_trend_baseline_rr2_0,1小时趋势回踩基线 RR2.0,trend_pullback,baseline,2.0,1.2,2025-10-13T18:00:00+00:00,2025-10-13T18:00:00+00:00,2025-10-14T02:20:00+00:00,1,114990.3,113905.12579414625,117160.6484117075,113904.92579414626,1085.1742058537468,-1.000184302205969,0.10546473762434572,-1.1056490398303147,False,STOP,100,904.3118382114558,24.843930499793064,55.98374213704633,19.745077394222477,15.371310136746542,0.3361701869552194,0.05558115966853027,0.8706301564370341,0.9600686498855902,2.556087294590409,2025-10,validation,True
60m_trend_baseline_rr2_0,1小时趋势回踩基线 RR2.0,trend_pullback,baseline,2.0,1.2,2025-10-14T17:00:00+00:00,2025-10-14T17:00:00+00:00,2025-10-14T19:30:00+00:00,-1,112252.90000000001,113448.52921841732,109861.64156316538,113448.72921841731,1195.629218417312,-1.0001672759388207,0.09438612980585442,-1.094553405744675,False,STOP,30,996.3576820144267,36.65484352411803,46.03108091820152,18.37695468743905,25.804495272987317,0.8274192398629533,-0.10123214417465162,1.6312525596148344,0.8663484486873408,6.037390094527213,2025-10,validation,True
60m_trend_baseline_rr2_0,1小时趋势回踩基线 RR2.0,trend_pullback,baseline,2.0,1.2,2025-10-15T04:00:00+00:00,2025-10-15T04:00:00+00:00,2025-10-15T08:25:00+00:00,-1,111978.5,113069.37538281408,109796.74923437186,113069.57538281407,1090.8753828140716,-1.0001833389983426,0.10315022179814429,-1.103333560796487,False,STOP,53,909.0628190117263,25.05180601306333,41.755444098451086,18.710487121655476,28.234668568778215,0.5023332915168213,-0.0750092021880254,0.5899782762595817,0.7925577013659942,4.151638281832889,2025-10,validation,True
60m_trend_baseline_rr2_0,1小时趋势回踩基线 RR2.0,trend_pullback,baseline,2.0,1.2,2025-10-15T11:00:00+00:00,2025-10-15T11:00:00+00:00,2025-10-15T17:15:00+00:00,-1,112213.90000000001,113195.25204404278,110251.19591191447,110251.39591191447,981.3520440427651,1.9997961995379674,0.11334632523688917,1.8864498743010782,True,TARGET,75,817.7933700356376,20.014121302211095,44.80759057132305,20.566903090936876,25.081348089583113,0.4784394925955925,-0.015473894222401419,0.8051754785997652,0.6400592495062624,3.320276367466364,2025-10,validation,True
60m_trend_baseline_rr2_0,1小时趋势回踩基线 RR2.0,trend_pullback,baseline,2.0,1.2,2025-10-16T05:00:00+00:00,2025-10-16T05:00:00+00:00,2025-10-16T12:05:00+00:00,-1,110918.2,111874.37017343561,109005.85965312875,111874.57017343561,956.1701734356233,-1.000209167787856,0.11650267722371899,-1.116711845011575,False,STOP,85,796.8084778630194,25.17605557932321,42.88615206435441,15.685606035904655,22.690535662675085,0.8648729736979514,-0.0372751352643223,0.6976990307949816,0.7959505061867332,4.243177744628908,2025-10,validation,True
60m_trend_baseline_rr2_0,1小时趋势回踩基线 RR2.0,trend_pullback,baseline,2.0,1.2,2025-10-16T15:00:00+00:00,2025-10-16T15:00:00+00:00,2025-10-16T16:00:00+00:00,-1,110466.7,111574.19407263867,108251.71185472267,108251.91185472267,1107.4940726386667,1.999819412126037,0.09874482277526475,1.9010745893507723,True,TARGET,12,922.911727198889,27.968712696971714,41.30614877570554,10.790973296368433,29.364916137048464,0.5923887031175753,-0.09120276064716451,3.2732510039755125,0.5234783608253382,2.7700373986569464,2025-10,validation,True
60m_trend_baseline_rr2_0,1小时趋势回踩基线 RR2.0,trend_pullback,baseline,2.0,1.2,2025-10-17T17:00:00+00:00,2025-10-17T17:00:00+00:00,2025-10-18T17:00:00+00:00,-1,106330.90000000001,107746.55072410255,103499.59855179492,106601.5,1415.6507241025429,-0.19114884440972482,0.07520654508017482,-0.2663553894898997,False,TIME_EXIT,288,1179.7089367521191,46.06244152260426,43.87905453772085,19.656716501897307,27.468181480632442,1.5143934095591987,-0.20581884680599302,1.2150140911748213,0.8994636015325693,4.85696074811032,2025-10,validation,True
60m_trend_baseline_rr2_0,1小时趋势回踩基线 RR2.0,trend_pullback,baseline,2.0,1.2,2025-10-20T03:00:00+00:00,2025-10-20T03:00:00+00:00,2025-10-20T03:55:00+00:00,1,108714.5,107946.02713251568,110251.44573496864,110251.24573496864,768.472867484324,1.9997397435765587,0.14246810460060602,1.8572716389759527,True,TARGET,11,640.3940562369366,21.452582641825224,58.22999690606491,27.36307614442528,21.04100136893324,0.601991599608871,0.025840951104607567,0.9191968405903834,0.8046564952817724,5.221941033698043,2025-10,validation,True
60m_trend_baseline_rr2_0,1小时趋势回踩基线 RR2.0,trend_pullback,baseline,2.0,1.2,2025-10-20T19:00:00+00:00,2025-10-20T19:00:00+00:00,2025-10-21T01:50:00+00:00,1,110877.9,110008.40037582853,112616.89924834292,110008.20037582853,869.4996241714616,-1.0002300173507204,0.1270190890457882,-1.1272491063965087,False,STOP,82,724.5830201428847,29.263379938023903,60.81446019820446,22.123331404426647,18.655345961686614,1.4496862717594459,0.13990678898724945,0.5131984609617297,0.9353577479473405,5.89690881682188,2025-10,validation,True
60m_trend_baseline_rr2_0,1小时趋势回踩基线 RR2.0,trend_pullback,baseline,2.0,1.2,2025-10-21T15:00:00+00:00,2025-10-21T15:00:00+00:00,2025-10-21T20:20:00+00:00,1,112127.8,110953.85434366688,114475.69131266624,110953.65434366689,1173.945656333122,-1.0001703656373826,0.09501353539672057,-1.0951839010341031,False,STOP,64,978.2880469442684,26.738416018796404,68.82835564341472,40.79586158612821,19.075044709222116,0.02427237747128168,0.2364206586108479,5.35924529928969,0.9582191085389365,3.8999760979573277,2025-10,validation,True
60m_trend_baseline_rr2_0,1小时趋势回踩基线 RR2.0,trend_pullback,baseline,2.0,1.2,2025-10-21T22:00:00+00:00,2025-10-21T22:00:00+00:00,2025-10-21T22:35:00+00:00,1,110772.7,109495.4905508029,113327.11889839417,109495.2905508029,1277.2094491970877,-1.0001565913876758,0.08623017575123386,-1.0863867671389096,False,STOP,7,1064.3412076642398,27.035599842715182,53.50100288858235,29.562471429830012,25.80026125648174,0.6014289399198952,0.19323229021209826,0.5796799752845433,0.7186431014823329,6.14464605232416,2025-10,validation,True
60m_trend_baseline_rr2_0,1小时趋势回踩基线 RR2.0,trend_pullback,baseline,2.0,1.2,2025-10-22T17:00:00+00:00,2025-10-22T17:00:00+00:00,2025-10-23T06:20:00+00:00,-1,108177.3,109393.62816502563,105744.64366994875,109393.82816502562,1216.3281650256283,-1.0001644293092478,0.08943767579386823,-1.089602105103116,False,STOP,160,1013.6068041880237,23.26973130234331,44.99247578142532,15.031709331564274,22.610169475341664,0.40367948817384974,-0.031302771324907455,1.113773958990001,0.618051282051288,5.315078764014131,2025-10,validation,True
60m_trend_baseline_rr2_0,1小时趋势回踩基线 RR2.0,trend_pullback,baseline,2.0,1.2,2025-10-23T14:00:00+00:00,2025-10-23T14:00:00+00:00,2025-10-24T04:35:00+00:00,1,109450.2,108551.59746583278,111247.40506833442,111247.20506833443,898.6025341672142,1.999777432187877,0.12280034646956967,1.8769770857183072,True,TARGET,175,748.8354451393452,20.426579769211394,57.7769686522942,23.074061453136963,16.742135351861922,0.08214230789776361,0.19416185323029958,1.334752092239146,0.8384661473936454,4.924847006025122,2025-10,validation,True
60m_trend_baseline_rr2_0,1小时趋势回踩基线 RR2.0,trend_pullback,baseline,2.0,1.2,2025-10-24T21:00:00+00:00,2025-10-24T21:00:00+00:00,2025-10-25T21:00:00+00:00,1,110853.2,110037.53975588946,112484.52048822105,111385.0,815.6602441105298,0.6519871525428165,0.13623209026348268,0.5157550622793338,True,TIME_EXIT,288,679.7168700921081,23.33326267363179,56.27381294089309,23.561660394725596,16.2836064685581,0.6934976857661197,0.06953025946168366,0.3493627726690684,0.7558660218520469,3.583845137858501,2025-10,validation,True
60m_trend_baseline_rr2_0,1小时趋势回踩基线 RR2.0,trend_pullback,baseline,2.0,1.2,2025-10-25T22:00:00+00:00,2025-10-25T22:00:00+00:00,2025-10-26T09:25:00+00:00,1,111430.2,110996.5667181214,112297.4665637572,112297.2665637572,433.6332818786066,1.9995387807892937,0.25796851384943803,1.7415702669398556,True,TARGET,137,361.3610682321722,24.615872200428207,54.113028427291276,20.23029895127124,16.042032384480194,1.2833971105265545,0.09551501458312289,0.3823652132631023,0.9761235955056579,3.3315708465486824,2025-10,validation,True
60m_trend_baseline_rr2_0,1小时趋势回踩基线 RR2.0,trend_pullback,baseline,2.0,1.2,2025-10-26T22:00:00+00:00,2025-10-26T22:00:00+00:00,2025-10-26T22:05:00+00:00,1,113457.7,112946.98686716497,114479.12626567004,114478.92626567004,510.71313283502536,1.9996083907243725,0.22315524274886817,1.7764531479755044,True,TARGET,1,425.59427736252115,45.554026774239304,67.4343341151926,26.137988260477094,16.737005815593804,1.9767036449157684,0.4537892230468069,1.0962346176163618,0.8766666666666667,6.579035830444121,2025-10,validation,True
60m_trend_baseline_rr2_0,1小时趋势回踩基线 RR2.0,trend_pullback,baseline,2.0,1.2,2025-10-27T14:00:00+00:00,2025-10-27T14:00:00+00:00,2025-10-27T14:20:00+00:00,1,115210.5,114509.00430191524,116613.49139616954,114508.80430191524,701.4956980847686,-1.0002851050983466,0.16373536211918152,-1.164020467217528,False,STOP,4,584.5797484039739,50.28948593503641,61.10903053872336,26.350123758870858,15.936287451347761,2.0867886487315404,0.2637341161462058,1.6009263361172112,0.8090703487679948,6.124399638842602,2025-10,validation,True
60m_trend_baseline_rr2_0,1小时趋势回踩基线 RR2.0,trend_pullback,baseline,2.0,1.2,2025-10-27T16:00:00+00:00,2025-10-27T16:00:00+00:00,2025-10-27T21:25:00+00:00,1,114914.7,114198.96197461057,116346.17605077883,114198.76197461058,715.7380253894181,-1.0002794318492338,0.1600539959085971,-1.160333427757831,False,STOP,65,596.4483544911818,46.24778863742399,56.11072299043284,22.26815388288187,14.554001631594367,1.9064414691132168,0.11566303170861021,0.7603774787130811,0.4119246861924564,6.002531439715672,2025-10,validation,True
60m_trend_baseline_rr2_0,1小时趋势回踩基线 RR2.0,trend_pullback,baseline,2.0,1.2,2025-10-28T10:00:00+00:00,2025-10-28T10:00:00+00:00,2025-10-28T14:15:00+00:00,1,114470.2,113839.54325279775,115731.51349440448,115731.31349440449,630.6567472022399,1.9996828702762997,0.18250935593382556,1.817173514342474,True,TARGET,51,525.5472893351999,21.915721411723077,52.47496673478426,18.877241638065644,18.633009455309733,0.6566209463202626,0.01634789243724606,0.6927789112877182,0.7377777777777778,4.419773533487859,2025-10,validation,True
60m_trend_baseline_rr2_0,1小时趋势回踩基线 RR2.0,trend_pullback,baseline,2.0,1.2,2025-10-28T17:00:00+00:00,2025-10-28T17:00:00+00:00,2025-10-28T19:20:00+00:00,1,115296.3,114488.44436268522,116912.01127462956,114488.24436268522,807.8556373147838,-1.0002475689848072,0.14221881593007246,-1.1424663849148797,False,STOP,28,673.2130310956533,22.452375313244723,58.69423815771978,23.83350663804152,10.815002569815384,0.604997794823671,0.2041136526766726,1.4050762662801237,0.8431931575196018,3.939763310409171,2025-10,validation,True
60m_trend_baseline_rr2_0,1小时趋势回踩基线 RR2.0,trend_pullback,baseline,2.0,1.2,2025-10-29T09:00:00+00:00,2025-10-29T09:00:00+00:00,2025-10-29T15:50:00+00:00,-1,113005.1,113755.21419855271,111504.87160289461,111505.0716028946,750.1141985527003,1.9997333739310827,0.14965066121670095,1.8500827127143817,True,TARGET,82,625.0951654605835,27.340506109239435,44.154040596766606,17.167903718534287,25.756788465384833,0.5003408603820949,-0.06667442161487018,0.8361905450459134,0.8307625774830695,6.460136349038254,2025-10,validation,True
60m_trend_baseline_rr2_0,1小时趋势回踩基线 RR2.0,trend_pullback,baseline,2.0,1.2,2025-10-30T09:00:00+00:00,2025-10-30T09:00:00+00:00,2025-10-30T12:55:00+00:00,-1,110649.40000000001,111859.87331481015,108228.45337037974,108228.65337037973,1210.4733148101373,1.9998347753745984,0.09041011094272274,1.9094246644318758,True,TARGET,47,1008.727762341781,46.22302197122625,45.78262539446879,13.54483965027827,31.743285067040993,1.0135219152485198,-0.04972095630812205,0.8914458017883745,0.9317109510802081,5.725727213645432,2025-10,validation,True
60m_trend_baseline_rr2_0,1小时趋势回踩基线 RR2.0,trend_pullback,baseline,2.0,1.2,2025-11-03T16:00:00+00:00,2025-11-03T16:00:00+00:00,2025-11-03T16:55:00+00:00,-1,105718.6,106697.50882720482,103760.7823455904,106697.70882720481,978.908827204806,-1.0002043091189323,0.10849647225765763,-1.10870078137659,False,STOP,11,815.757356004005,30.89273976457282,24.87229749157784,12.964643563750446,35.29495315466786,1.1329788991494947,-0.41587998410728144,6.3785737827477265,0.9163928162017566,5.016565244408181,2025-11,validation,True
60m_trend_baseline_rr2_0,1小时趋势回踩基线 RR2.0,trend_pullback,baseline,2.0,1.2,2025-11-04T03:00:00+00:00,2025-11-04T03:00:00+00:00,2025-11-04T06:00:00+00:00,-1,106437.8,107524.35121431324,104264.69757137353,104264.89757137353,1086.5512143132382,1.9998159313639652,0.09695939537675155,1.9028565359872136,True,TARGET,36,905.4593452610319,30.81483324108604,40.34239454629754,13.002059036921999,21.179340520935856,1.143809106407512,-0.21312912994010555,0.7088970494198772,0.9578359156718347,3.2911472122924588,2025-11,validation,True
60m_trend_baseline_rr2_0,1小时趋势回踩基线 RR2.0,trend_pullback,baseline,2.0,1.2,2025-11-05T06:00:00+00:00,2025-11-05T06:00:00+00:00,2025-11-05T13:55:00+00:00,-1,101767.90000000001,103187.94232988793,98927.81534022417,103188.14232988792,1420.0423298879145,-1.0001408408719872,0.07216546930191346,-1.0723063101739005,False,STOP,95,1183.3686082399288,48.60045257877353,42.35475909527644,13.790312204092048,28.75249634963518,1.7736653101374915,-0.09740356934582876,0.5108757949739532,0.7069402228976739,4.995231374940696,2025-11,validation,True
60m_trend_baseline_rr2_0,1小时趋势回踩基线 RR2.0,trend_pullback,baseline,2.0,1.2,2025-11-06T15:00:00+00:00,2025-11-06T15:00:00+00:00,2025-11-07T11:15:00+00:00,-1,102082.8,103070.59889745347,100107.20220509308,100107.40220509308,987.7988974534604,1.9997975296383572,0.10234380840388575,1.8974537212344715,True,TARGET,243,823.1657478778837,18.088386951243542,40.596682622518834,11.988589020418212,21.276099841029723,0.4817870854238286,-0.19452204301654089,2.7767619538141655,0.9469980632666198,2.634463357580953,2025-11,validation,True
60m_trend_baseline_rr2_0,1小时趋势回踩基线 RR2.0,trend_pullback,baseline,2.0,1.2,2025-11-08T20:00:00+00:00,2025-11-08T20:00:00+00:00,2025-11-09T13:35:00+00:00,-1,101934.2,102656.72987369893,100489.14025260211,102656.92987369893,722.529873698942,-1.0002768051637319,0.14157970301373748,-1.1418565081774694,False,STOP,211,602.1082280824517,19.161910117788608,47.015702777162815,12.97646150367103,20.871347020767292,0.21290271874353675,-0.057073850583775745,0.7282768395095112,0.3045045045045089,3.8748847652028773,2025-11,validation,True
60m_trend_baseline_rr2_0,1小时趋势回踩基线 RR2.0,trend_pullback,baseline,2.0,1.2,2025-11-10T20:00:00+00:00,2025-11-10T20:00:00+00:00,2025-11-11T06:10:00+00:00,1,105767.3,104897.70020002386,107506.4995999523,104897.50020002386,869.599799976145,-1.0002299908532675,0.12112744287993331,-1.1213574337332008,False,STOP,122,724.6664999801209,37.565056233753616,55.26295168817311,20.99462820304247,13.470127309801285,1.3519849585537496,0.12035235784599216,0.5284993217168279,0.6396284829721317,3.3948029887782747,2025-11,validation,True
60m_trend_baseline_rr2_0,1小时趋势回踩基线 RR2.0,trend_pullback,baseline,2.0,1.2,2025-11-12T07:00:00+00:00,2025-11-12T07:00:00+00:00,2025-11-12T08:40:00+00:00,-1,103305.7,104002.35849892537,101912.38300214923,104002.55849892537,696.658498925379,-1.000287084705493,0.14878757584864455,-1.1490746605541375,False,STOP,20,580.5487491044826,35.9682729497629,42.170487165452464,10.754443047558173,20.92384697362939,0.8939619382807605,-0.16147662420067901,0.571864899909864,0.949523809523828,5.278109727609674,2025-11,validation,True
60m_trend_baseline_rr2_0,1小时趋势回踩基线 RR2.0,trend_pullback,baseline,2.0,1.2,2025-11-12T16:00:00+00:00,2025-11-12T16:00:00+00:00,2025-11-13T06:00:00+00:00,-1,102124.7,103077.27915961917,100219.54168076164,103077.47915961916,952.5791596191756,-1.0002099563043891,0.10770872797682,-1.1079186842812092,False,STOP,168,793.815966349313,28.90109463723477,33.25142219144735,14.740059610764126,34.2417988907767,0.27073549997614194,-0.12748282675134365,4.470547453308567,0.9053371495917191,3.6494604830424837,2025-11,validation,True
60m_trend_baseline_rr2_0,1小时趋势回踩基线 RR2.0,trend_pullback,baseline,2.0,1.2,2025-11-13T14:00:00+00:00,2025-11-13T14:00:00+00:00,2025-11-13T14:55:00+00:00,-1,102282.0,103228.5159219019,100388.96815619622,103228.7159219019,946.5159219018914,-1.0002113012527045,0.10856167929481675,-1.1087729805475213,False,STOP,11,788.7632682515762,23.013289748421357,44.06561573617148,15.99778010973,25.17810767698318,0.46885636601892544,-0.007037608658764344,1.4653750798014027,0.8214250710575355,4.20100698571467,2025-11,validation,True
60m_trend_baseline_rr2_0,1小时趋势回踩基线 RR2.0,trend_pullback,baseline,2.0,1.2,2025-11-13T16:00:00+00:00,2025-11-13T16:00:00+00:00,2025-11-13T18:20:00+00:00,-1,101337.8,102451.83587143582,99109.72825712837,99109.92825712837,1114.0358714358147,1.999820472567245,0.08996466514080163,1.9098558074264433,True,TARGET,28,928.3632261965123,24.44096930169865,38.0323539043596,11.719770440923599,25.644028634007203,0.4497092677432482,-0.19276291223805195,2.4065917741068477,0.8893612382821018,3.5692926071358584,2025-11,validation,True
60m_trend_baseline_rr2_0,1小时趋势回踩基线 RR2.0,trend_pullback,baseline,2.0,1.2,2025-11-15T07:00:00+00:00,2025-11-15T07:00:00+00:00,2025-11-16T07:00:00+00:00,-1,96093.2,97314.23787853369,93651.12424293261,95763.0,1221.0378785336936,0.2704256811398218,0.0785627552481804,0.1918629258916414,True,TIME_EXIT,288,1017.5315654447447,35.62081119609401,46.460595297814784,16.677187166121143,21.674346036649904,1.6793354223365025,-0.006478273150540454,0.3082836809688339,0.7067964212839409,3.3636302953452346,2025-11,validation,True
60m_trend_baseline_rr2_0,1小时趋势回踩基线 RR2.0,trend_pullback,baseline,2.0,1.2,2025-11-16T19:00:00+00:00,2025-11-16T19:00:00+00:00,2025-11-17T00:35:00+00:00,-1,94005.7,94873.78111382033,92269.53777235934,94873.98111382032,868.081113820327,-1.0002303932165024,0.10879149316046179,-1.1090218863769643,False,STOP,67,723.4009281836059,26.61577649294903,31.767451935401155,18.19735954764332,27.46934617265019,1.0804927459171672,-0.5472895943275746,3.626931509120082,0.8408830118572777,4.040083287338861,2025-11,validation,True
60m_trend_baseline_rr2_0,1小时趋势回踩基线 RR2.0,trend_pullback,baseline,2.0,1.2,2025-11-17T02:00:00+00:00,2025-11-17T02:00:00+00:00,2025-11-17T07:50:00+00:00,-1,94732.3,95806.38645547703,92584.12708904594,95806.58645547702,1074.0864554770287,-1.0001862047500663,0.08869811432956481,-1.0888843190796311,False,STOP,70,895.0720462308574,21.683927355531996,47.167183063279104,18.522911278056462,17.520480935054085,0.922219845116896,-0.02611813187222506,0.7511997007331225,0.9243202606189765,4.108272641833317,2025-11,validation,True
60m_trend_baseline_rr2_0,1小时趋势回踩基线 RR2.0,trend_pullback,baseline,2.0,1.2,2025-11-18T13:00:00+00:00,2025-11-18T13:00:00+00:00,2025-11-18T15:25:00+00:00,-1,91469.90000000001,92525.11597868065,89359.46804263872,92525.31597868065,1055.2159786806435,-1.0001895346583434,0.08718367599433689,-1.0873732106526803,False,STOP,29,879.3466489005363,40.963945090836944,43.545539219628196,14.464096537811312,24.465930909834064,1.6123390037815062,-0.08375238480468289,0.7664280282521685,0.4843691617885129,6.113629939594032,2025-11,validation,True
60m_trend_baseline_rr2_0,1小时趋势回踩基线 RR2.0,trend_pullback,baseline,2.0,1.2,2025-11-19T04:00:00+00:00,2025-11-19T04:00:00+00:00,2025-11-19T16:20:00+00:00,-1,91841.90000000001,92878.35463439125,89768.99073121753,89769.19073121753,1036.4546343912389,1.9998070344872179,0.0876116931243627,1.9121953413628552,True,TARGET,148,863.7121953260324,20.75091923652364,43.88807344795113,16.761889934590446,22.829365454425695,0.580459152784917,-0.05883384649042525,0.7199809383110204,0.7589330148302998,5.2093741692527376,2025-11,validation,True
60m_trend_baseline_rr2_0,1小时趋势回踩基线 RR2.0,trend_pullback,baseline,2.0,1.2,2025-11-21T16:00:00+00:00,2025-11-21T16:00:00+00:00,2025-11-21T17:00:00+00:00,-1,82904.8,84701.60023640044,79311.19952719913,84701.80023640044,1796.800236400432,-1.0001113089791223,0.046640298916080486,-1.0467516078952028,False,STOP,12,1497.3335303336933,50.42120572054752,35.76077601084758,13.262071767933472,37.97997832831755,1.6684291979680743,-0.27530653746468703,1.5439207753588713,0.9131832797427606,5.085106187599459,2025-11,validation,True
60m_trend_baseline_rr2_0,1小时趋势回踩基线 RR2.0,trend_pullback,baseline,2.0,1.2,2025-11-21T18:00:00+00:00,2025-11-21T18:00:00+00:00,2025-11-22T18:00:00+00:00,-1,84842.6,86686.59142832487,81154.61714335028,84515.7,1843.9914283248625,0.17727848133056376,0.0459216614021493,0.13135681992841447,True,TIME_EXIT,288,1536.659523604052,49.71862598528129,46.054067858172175,14.156000752580292,33.636039285519054,1.5142811367631543,-0.17114881922424854,1.0724156154745228,0.6892274636194952,4.954968802810684,2025-11,validation,True
60m_trend_baseline_rr2_0,1小时趋势回踩基线 RR2.0,trend_pullback,baseline,2.0,1.2,2025-11-24T02:00:00+00:00,2025-11-24T02:00:00+00:00,2025-11-24T09:25:00+00:00,1,87033.8,86145.64047727546,88810.11904544909,86145.44047727546,888.1595227245392,-1.0002251847724224,0.09749331963813589,-1.0977185044105582,False,STOP,89,740.1329356037827,28.83151196347228,56.01316465034086,19.67706313741569,19.891882674871876,0.6846006511052589,0.06218269926296918,1.1678489849827083,0.9705670177463656,3.7173051862035544,2025-11,validation,True
60m_trend_baseline_rr2_0,1小时趋势回踩基线 RR2.0,trend_pullback,baseline,2.0,1.2,2025-11-25T23:00:00+00:00,2025-11-25T23:00:00+00:00,2025-11-26T10:00:00+00:00,1,87606.4,86702.05395157385,89415.09209685228,86701.85395157385,904.346048426144,-1.000221154280871,0.09637254138221032,-1.0965936956630813,False,STOP,132,753.6217070217866,18.57998493535543,53.16119171244704,14.582055262939084,27.092772639300716,0.174599142750771,0.003556805685629412,0.8991202464468789,0.9298383573612906,3.206515918377257,2025-11,validation,True
60m_trend_baseline_rr2_0,1小时趋势回踩基线 RR2.0,trend_pullback,baseline,2.0,1.2,2025-11-26T15:00:00+00:00,2025-11-26T15:00:00+00:00,2025-11-26T16:20:00+00:00,-1,86857.8,87622.93709137745,85327.5258172451,87623.13709137744,765.1370913774483,-1.0002613910660547,0.1140193953852543,-1.114280786451309,False,STOP,16,637.6142428145403,21.805405248604256,45.56270238214142,18.284091957990125,26.710940073386805,0.01665005900200037,-0.18735444822940917,2.245159921984843,0.8473356252685804,3.2422425052404424,2025-11,validation,True
60m_trend_baseline_rr2_0,1小时趋势回踩基线 RR2.0,trend_pullback,baseline,2.0,1.2,2025-11-27T16:00:00+00:00,2025-11-27T16:00:00+00:00,2025-11-28T13:50:00+00:00,1,90913.2,90253.66832761913,92232.26334476173,92232.06334476173,659.5316723808646,1.9996967545178306,0.1388449342270552,1.8608518202907753,True,TARGET,262,549.6097269840539,34.8856659471971,59.814442806849165,25.028821344206023,17.769065483174657,2.152456204691197,0.13501140551604573,0.6086228569342695,0.9143816452154272,4.499920359072818,2025-11,validation,True
60m_trend_baseline_rr2_0,1小时趋势回踩基线 RR2.0,trend_pullback,baseline,2.0,1.2,2025-11-29T16:00:00+00:00,2025-11-29T16:00:00+00:00,2025-11-29T17:20:00+00:00,1,91030.2,90567.25840152038,91956.08319695923,90567.05840152038,462.94159847961504,-1.0004320199365544,0.19613409012920746,-1.1965661100657619,False,STOP,16,385.7846653996792,19.66224412333994,54.18426774590562,18.513431358459727,19.348973444490387,0.13800608038704745,0.009246422406695204,1.9892758935155515,0.9215888042807057,2.4464424966767684,2025-11,validation,True
60m_trend_baseline_rr2_0,1小时趋势回踩基线 RR2.0,trend_pullback,baseline,2.0,1.2,2025-11-29T22:00:00+00:00,2025-11-29T22:00:00+00:00,2025-11-30T03:20:00+00:00,1,90970.2,90484.55859551295,91941.48280897409,90484.35859551295,485.64140448704694,-1.0004118265002724,0.18681948956470484,-1.1872313160649772,False,STOP,64,404.70117040587246,20.34956623458971,53.26700473118321,14.32917994020343,24.949853907973996,0.09681840179168541,0.059823534749564804,0.822335044245595,0.7970779220779173,2.563125772430311,2025-11,validation,True
60m_trend_baseline_rr2_0,1小时趋势回踩基线 RR2.0,trend_pullback,baseline,2.0,1.2,2025-11-30T04:00:00+00:00,2025-11-30T04:00:00+00:00,2025-11-30T13:25:00+00:00,1,90873.09999999999,90440.98804683439,91737.3239063312,91737.12390633121,432.11195316560406,1.99953715698322,0.21129966732990033,1.7882374896533197,True,TARGET,113,360.09329430467005,23.36231505798684,51.60691335197613,12.946717098505927,27.632752671961022,0.11057181966464147,0.03724455237659142,1.4404869849248896,0.98265895953756,2.8806423679813307,2025-11,validation,True
60m_trend_baseline_rr2_0,1小时趋势回踩基线 RR2.0,trend_pullback,baseline,2.0,1.2,2025-12-03T16:00:00+00:00,2025-12-03T16:00:00+00:00,2025-12-04T16:00:00+00:00,1,92333.2,91379.06146194134,94241.47707611731,92933.3,954.1385380586546,0.628944305321745,0.09708574416088146,0.5318585611608635,True,TIME_EXIT,288,795.1154483822122,33.67490019521195,56.765566659967384,21.7152703315196,19.683320297934184,1.9112068027259466,0.16793033772527238,1.4724720113478822,0.42917251051893407,4.136757758502106,2025-12,validation,True
60m_trend_baseline_rr2_0,1小时趋势回踩基线 RR2.0,trend_pullback,baseline,2.0,1.2,2025-12-06T19:00:00+00:00,2025-12-06T19:00:00+00:00,2025-12-07T13:25:00+00:00,-1,89609.7,90118.85614922052,88591.38770155895,88591.58770155895,509.1561492205252,1.9996071931954276,0.17499669597860104,1.8246104972168264,True,TARGET,221,424.29679101710434,27.660834540496193,45.07764394907081,15.914007205336988,20.460474177360844,1.3936711100615946,-0.04729837375319853,0.5014123365932005,0.5132007233272845,3.3009912628435236,2025-12,validation,True
60m_trend_baseline_rr2_0,1小时趋势回踩基线 RR2.0,trend_pullback,baseline,2.0,1.2,2025-12-07T14:00:00+00:00,2025-12-07T14:00:00+00:00,2025-12-07T14:30:00+00:00,-1,89010.8,89485.1339149612,88062.1321700776,88062.3321700776,474.33391496120186,1.9995783561038076,0.1866545133975517,1.812923842706256,True,TARGET,6,395.27826246766824,23.047560197992198,41.121559961796095,14.42787964412551,26.955156179830208,1.0555110503594456,-0.1630144559539268,3.505846700464657,0.46285140562248994,2.347460227656439,2025-12,validation,True
60m_trend_baseline_rr2_0,1小时趋势回踩基线 RR2.0,trend_pullback,baseline,2.0,1.2,2025-12-08T00:00:00+00:00,2025-12-08T00:00:00+00:00,2025-12-08T09:10:00+00:00,1,90345.59999999999,89460.45595716502,92115.88808566993,92115.68808566993,885.1440428349674,1.9997740480754325,0.10306869800607658,1.8967053500693558,True,TARGET,110,737.6200356958062,23.053448063639017,53.88660446296621,22.072199691752076,31.203893165131557,0.04527745674682456,0.022819776804754718,0.9430078637756324,0.898043254376931,5.468940382285952,2025-12,validation,True
60m_trend_baseline_rr2_0,1小时趋势回踩基线 RR2.0,trend_pullback,baseline,2.0,1.2,2025-12-09T16:00:00+00:00,2025-12-09T16:00:00+00:00,2025-12-09T16:55:00+00:00,1,92677.09999999999,91817.03702903869,94397.22594192259,94397.02594192259,860.0629709612984,1.9997674588876053,0.10875606336872551,1.8910113955188799,True,TARGET,11,716.7191424677487,18.773364980262407,70.71978223081535,33.67815725090583,16.053662053264873,0.12875754520354396,0.29819009631830606,6.405653822431141,0.9275036229120562,2.7476592758768383,2025-12,validation,True
60m_trend_baseline_rr2_0,1小时趋势回踩基线 RR2.0,trend_pullback,baseline,2.0,1.2,2025-12-10T02:00:00+00:00,2025-12-10T02:00:00+00:00,2025-12-10T20:15:00+00:00,1,92269.4,91374.50197751693,94059.19604496611,94058.99604496612,894.8980224830607,1.9997765108481915,0.10410593797490099,1.8956705728732905,True,TARGET,219,745.7483520692173,22.930012720396224,54.328577509392886,24.338150991305156,22.31534175375051,0.9787299156117982,0.11663619162922102,0.4865808786497192,0.8023913043478388,6.95422254116983,2025-12,validation,True
60m_trend_baseline_rr2_0,1小时趋势回踩基线 RR2.0,trend_pullback,baseline,2.0,1.2,2025-12-10T23:00:00+00:00,2025-12-10T23:00:00+00:00,2025-12-11T00:35:00+00:00,1,92472.4,91511.36206365745,94394.47587268509,91511.16206365745,961.0379363425487,-1.0002081083299947,0.09572127962182704,-1.0959293879518217,False,STOP,19,800.864946952124,18.366637203064425,53.35330316921581,23.334222028933567,13.159853248700335,0.5044278265115553,0.031889355361311794,0.766679145367485,0.7562532569046321,3.6506779465461823,2025-12,validation,True
60m_trend_baseline_rr2_0,1小时趋势回踩基线 RR2.0,trend_pullback,baseline,2.0,1.2,2025-12-12T15:00:00+00:00,2025-12-12T15:00:00+00:00,2025-12-12T15:20:00+00:00,1,92393.2,91693.25133972066,93793.09732055865,91693.05133972067,699.9486602793272,-1.0002857352422436,0.1314998240487079,-1.1317855592909516,False,STOP,4,583.2905502327727,19.696770200198333,57.77415312425546,19.81361428604064,19.864645331523622,0.6393556033647196,0.16747308960242854,1.583721630160241,0.6957637997432606,6.336979055335162,2025-12,validation,True
60m_trend_baseline_rr2_0,1小时趋势回踩基线 RR2.0,trend_pullback,baseline,2.0,1.2,2025-12-13T12:00:00+00:00,2025-12-13T12:00:00+00:00,2025-12-14T11:05:00+00:00,-1,90298.3,90731.80137315071,89431.29725369859,89431.49725369859,433.5013731507095,1.9995386404463948,0.20730014757209822,1.7922384928742967,True,TARGET,277,361.25114429225795,26.528939602366112,41.905133595523765,15.97101696967724,22.062495443078664,1.0110541887576452,-0.11249150507849423,0.3927523111382374,0.8167232335699071,8.244126135114982,2025-12,validation,True
60m_trend_baseline_rr2_0,1小时趋势回踩基线 RR2.0,trend_pullback,baseline,2.0,1.2,2025-12-15T15:00:00+00:00,2025-12-15T15:00:00+00:00,2025-12-15T15:25:00+00:00,-1,88004.1,88661.69445466409,86688.91109067183,86689.11109067182,657.5944546640882,1.999695861182259,0.13282746672484372,1.8668683944574154,True,TARGET,5,547.9953788867401,29.34796084309225,28.133667596993718,11.945363824052773,33.93480439517718,0.5198274107597971,-0.2173304139870006,4.821480230458448,0.900097799511001,4.503870096521561,2025-12,validation,True
60m_trend_baseline_rr2_0,1小时趋势回踩基线 RR2.0,trend_pullback,baseline,2.0,1.2,2025-12-17T05:00:00+00:00,2025-12-17T05:00:00+00:00,2025-12-17T13:50:00+00:00,-1,86716.6,87457.20927738972,85235.38144522058,87457.40927738971,740.609277389712,-1.0002700479268918,0.11758832531187599,-1.1178583732387677,False,STOP,106,617.17439782476,22.306188357394408,42.54420332109198,11.006759536569557,21.922508799331357,0.4596996774210725,-0.0967555857486879,0.827440281392145,0.9397432156404985,3.6769185630482544,2025-12,validation,True
60m_trend_baseline_rr2_0,1小时趋势回踩基线 RR2.0,trend_pullback,baseline,2.0,1.2,2025-12-18T06:00:00+00:00,2025-12-18T06:00:00+00:00,2025-12-18T09:35:00+00:00,-1,86399.90000000001,87246.90199760039,84705.89600479923,87247.10199760039,847.0019976003864,-1.0002361269519549,0.10250684324804075,-1.1027429701999956,False,STOP,43,705.834998000322,20.51954540923308,47.27222461119031,24.413299708241972,16.523774090160842,0.525833894087255,-0.003055850460978257,0.324341758576655,0.8065415821500983,7.228176577321923,2025-12,validation,True
60m_trend_baseline_rr2_0,1小时趋势回踩基线 RR2.0,trend_pullback,baseline,2.0,1.2,2025-12-20T14:00:00+00:00,2025-12-20T14:00:00+00:00,2025-12-21T13:35:00+00:00,1,88231.09999999999,87721.3805271353,89250.53894572935,87721.18052713531,509.7194728646821,-1.0003923726886035,0.17259717343960126,-1.1729895461282047,False,STOP,283,424.76622738723506,29.218188186876596,57.09335230124256,23.324412536475915,19.958030810617522,0.9143041923743361,0.13953069453877992,2.097675147189837,0.8654096228868607,4.134744917935494,2025-12,validation,True
60m_trend_baseline_rr2_0,1小时趋势回踩基线 RR2.0,trend_pullback,baseline,2.0,1.2,2025-12-23T18:00:00+00:00,2025-12-23T18:00:00+00:00,2025-12-23T18:30:00+00:00,-1,87137.90000000001,87877.96523523272,85657.76952953458,87878.16523523272,740.065235232713,-1.0002702464465005,0.11824367427568669,-1.1185139207221872,False,STOP,6,616.7210293605942,31.253017933299528,40.14364588338147,14.674684318855729,24.97960529489781,0.5908971846383618,-0.1765993683789543,1.417282189021706,0.9918662853056794,3.8411208426864074,2025-12,validation,True
60m_trend_baseline_rr2_0,1小时趋势回踩基线 RR2.0,trend_pullback,baseline,2.0,1.2,2025-12-23T20:00:00+00:00,2025-12-23T20:00:00+00:00,2025-12-24T20:00:00+00:00,-1,87724.0,88478.61420793025,86214.77158413951,87521.59999999999,754.614207930248,0.26821652424906023,0.11611602204036332,0.15210050220869692,True,TIME_EXIT,288,628.8451732752067,30.55189825162756,47.64807154447259,12.409218352479215,21.203433808947622,0.5305310373834409,-0.1028196823130084,0.5616469244814931,0.7254950495049649,3.767063978025117,2025-12,validation,True
60m_trend_baseline_rr2_0,1小时趋势回踩基线 RR2.0,trend_pullback,baseline,2.0,1.2,2025-12-26T03:00:00+00:00,2025-12-26T03:00:00+00:00,2025-12-26T04:05:00+00:00,1,89152.0,88543.8808943917,90368.23821121662,88543.6808943917,608.1191056083103,-1.0003288829410995,0.1461026953894502,-1.1464315783305496,False,STOP,13,506.7659213402586,20.38972025057289,68.38088034153928,40.757138981769046,19.6498171950482,0.139693442618762,0.10868226377385336,7.814058642128329,0.8636828022378997,3.4911581965119955,2025-12,validation,True
60m_trend_baseline_rr2_0,1小时趋势回踩基线 RR2.0,trend_pullback,baseline,2.0,1.2,2025-12-29T00:00:00+00:00,2025-12-29T00:00:00+00:00,2025-12-29T02:05:00+00:00,1,87920.59999999999,87642.42358668818,88476.9528266236,88476.7528266236,278.1764133118084,1.999281031782591,0.3170602257871869,1.6822208059954042,True,TARGET,25,231.81367775984035,21.20848756830021,60.616132158653976,25.201603965782663,14.485683978419663,0.07204693648777834,0.1242766192232527,2.0789233573912433,0.7550583194477593,2.914840946960965,2025-12,validation,True
60m_trend_baseline_rr2_0,1小时趋势回踩基线 RR2.0,trend_pullback,baseline,2.0,1.2,2025-12-30T22:00:00+00:00,2025-12-30T22:00:00+00:00,2025-12-31T16:25:00+00:00,1,88245.7,87654.55288293828,89427.99423412343,87654.35288293828,591.1471170617137,-1.000338325256482,0.1487785762681601,-1.149116901524642,False,STOP,221,492.62259755142816,23.332262907711304,54.483990304268914,22.515297525041596,15.623166687750423,0.2498106034479308,0.036189979245851114,0.40132911188321596,0.8836025669395777,5.208855648835959,2025-12,validation,True
60m_trend_baseline_rr2_0,1小时趋势回踩基线 RR2.0,trend_pullback,baseline,2.0,1.2,2026-01-01T03:00:00+00:00,2026-01-01T03:00:00+00:00,2026-01-01T17:35:00+00:00,-1,87884.40000000001,88297.10259887826,87058.9948022435,88297.30259887826,412.70259887825256,-1.0004846104689997,0.21344874381424958,-1.2139333542832493,False,STOP,175,343.9188323985438,20.940765391502257,46.88501150835326,20.636885777648576,21.74229119961954,0.23992671804297422,-0.10868222532371308,0.4427744488336014,0.9065326633165537,5.825793214133071,2026-01,validation,True
60m_trend_baseline_rr2_0,1小时趋势回踩基线 RR2.0,trend_pullback,baseline,2.0,1.2,2026-01-02T15:00:00+00:00,2026-01-02T15:00:00+00:00,2026-01-02T15:20:00+00:00,1,89536.7,89027.85499328643,90554.39001342715,89027.65499328643,508.84500671357455,-1.0003930469933962,0.1754604571503628,-1.175853504143759,False,STOP,4,424.0375055946455,42.65322034531098,67.55254892768808,25.997434815024064,19.863094344315314,0.9895258685119017,0.3745873528761832,6.237514343568832,0.6579725265171247,4.398903340835889,2026-01,validation,True
60m_trend_baseline_rr2_0,1小时趋势回踩基线 RR2.0,trend_pullback,baseline,2.0,1.2,2026-01-03T13:00:00+00:00,2026-01-03T13:00:00+00:00,2026-01-04T00:10:00+00:00,1,90002.09999999999,89512.71527611982,90980.86944776033,90980.66944776033,489.3847238801708,1.9995913235737794,0.18490847856141418,1.8146828450123653,True,TARGET,134,407.82060323347565,20.46215009118171,57.28556825007044,20.148417891244637,18.563262981497953,1.0821986436629023,0.024407939221207396,0.6974752928948248,0.9483358171882698,4.413460197275941,2026-01,validation,True
60m_trend_baseline_rr2_0,1小时趋势回踩基线 RR2.0,trend_pullback,baseline,2.0,1.2,2026-01-04T14:00:00+00:00,2026-01-04T14:00:00+00:00,2026-01-04T19:10:00+00:00,1,91227.7,90823.04355331245,92037.01289337508,90822.84355331246,404.6564466875458,-1.0004942464197246,0.22494457340733065,-1.2254388198270552,False,STOP,62,337.21370557295484,47.27942636197528,59.05400779238813,26.339388208212934,12.393316415973743,1.9039738079167265,0.19523746929650593,0.7085725631916757,0.9664679582712362,5.358026587116605,2026-01,validation,True
60m_trend_baseline_rr2_0,1小时趋势回踩基线 RR2.0,trend_pullback,baseline,2.0,1.2,2026-01-04T21:00:00+00:00,2026-01-04T21:00:00+00:00,2026-01-05T00:05:00+00:00,1,91276.09999999999,90901.8589278287,92024.58214434258,92024.38214434258,374.2410721712935,1.9994655851138041,0.24489626576909265,1.7545693193447114,True,TARGET,37,311.8675601427446,38.30418566790882,58.25209818588719,23.331471443522283,18.335527501410674,1.744701855979873,0.07071198584032762,0.43063781733858314,0.8517857142856623,3.7964833516447576,2026-01,validation,True
60m_trend_baseline_rr2_0,1小时趋势回踩基线 RR2.0,trend_pullback,baseline,2.0,1.2,2026-01-05T15:00:00+00:00,2026-01-05T15:00:00+00:00,2026-01-05T20:30:00+00:00,1,93390.09999999999,92820.89872811288,94528.5025437742,94528.3025437742,569.2012718871064,1.9996486304407974,0.16507201566921775,1.8345766147715796,True,TARGET,66,474.3343932392553,35.492634212909486,70.2884800960606,31.750082533892293,15.10230150071227,1.75099374915089,0.41072584397429923,2.91386657276454,0.7967320772418116,5.4653426716463755,2026-01,validation,True
60m_trend_baseline_rr2_0,1小时趋势回踩基线 RR2.0,trend_pullback,baseline,2.0,1.2,2026-01-06T07:00:00+00:00,2026-01-06T07:00:00+00:00,2026-01-06T07:45:00+00:00,1,93727.7,93176.66728450533,94829.76543098934,93176.46728450533,551.0327154946709,-1.000362954856171,0.16959443788806483,-1.169957392744236,False,STOP,9,459.19392957889244,33.594094791513406,57.93335738942838,23.899619870883445,15.823708535098708,1.8913870717544918,0.09904666026944091,0.7035374932959292,0.5595179537629039,5.203466000065,2026-01,validation,True
60m_trend_baseline_rr2_0,1小时趋势回踩基线 RR2.0,trend_pullback,baseline,2.0,1.2,2026-01-06T15:00:00+00:00,2026-01-06T15:00:00+00:00,2026-01-06T16:25:00+00:00,1,93796.4,93269.32279861331,94850.55440277336,93269.12279861332,527.0772013866832,-1.0003794510547384,0.17745552483247626,-1.1778349758872146,False,STOP,17,439.2310011555694,25.78097081551749,57.42001210602016,30.54243705389661,15.348980566116849,1.4886360470667468,0.14700970028676424,5.275100933482056,0.34552372899270395,3.8073359931342776,2026-01,validation,True
60m_trend_baseline_rr2_0,1小时趋势回踩基线 RR2.0,trend_pullback,baseline,2.0,1.2,2026-01-09T08:00:00+00:00,2026-01-09T08:00:00+00:00,2026-01-09T15:30:00+00:00,-1,90711.90000000001,91269.30974634648,89597.08050730707,91269.50974634648,557.4097463464747,-1.0003588024811276,0.16323845334526185,-1.1635972558263894,False,STOP,90,464.5081219553956,19.69191535489982,45.15112642186103,16.01692952284136,18.878163373622776,0.5522931324236964,-0.0027292729568450065,0.5127766269087268,0.9797449362340437,5.076337503150111,2026-01,validation,True
60m_trend_baseline_rr2_0,1小时趋势回踩基线 RR2.0,trend_pullback,baseline,2.0,1.2,2026-01-12T16:00:00+00:00,2026-01-12T16:00:00+00:00,2026-01-12T17:35:00+00:00,1,91618.8,91002.86731956055,92850.6653608789,91002.66731956055,615.9326804394544,-1.0003247108106867,0.14824791175982427,-1.148572622570511,False,STOP,19,513.2772336995454,25.015397714939443,58.62629341779495,19.439805631541397,26.110092208991297,0.16349801956802504,0.013251405200945173,2.2929378119134656,0.9805261011419191,4.718697501042398,2026-01,validation,True
60m_trend_baseline_rr2_0,1小时趋势回踩基线 RR2.0,trend_pullback,baseline,2.0,1.2,2026-01-13T01:00:00+00:00,2026-01-13T01:00:00+00:00,2026-01-13T14:40:00+00:00,1,91436.59999999999,90800.64016537085,92708.51966925827,92708.31966925827,635.9598346291405,1.9996855147304746,0.1447771617343116,1.854908352996163,True,TARGET,164,529.966528857617,18.083805838914287,52.96293207898544,19.584770557666026,22.78580367611129,0.31170511994542865,0.021387658302275035,0.5922279926528552,0.7257462686567304,4.213473641087108,2026-01,validation,True
60m_trend_baseline_rr2_0,1小时趋势回踩基线 RR2.0,trend_pullback,baseline,2.0,1.2,2026-01-13T15:00:00+00:00,2026-01-13T15:00:00+00:00,2026-01-13T17:00:00+00:00,1,92414.4,91772.77079748888,93697.65840502223,93697.45840502223,641.6292025111211,1.9996882934891045,0.1450306950467988,1.8546575984423057,True,TARGET,24,534.6910020926009,22.953325621762612,62.42372989072713,27.29494369574662,10.228668504480648,0.6600369196650763,0.2474515147375938,3.367367757118235,0.601061141990905,3.37877389544537,2026-01,validation,True
60m_trend_baseline_rr2_0,1小时趋势回踩基线 RR2.0,trend_pullback,baseline,2.0,1.2,2026-01-15T08:00:00+00:00,2026-01-15T08:00:00+00:00,2026-01-15T14:45:00+00:00,1,96601.4,95856.46335725432,98091.27328549135,95856.26335725433,744.9366427456764,-1.0002684792081824,0.12917720267316743,-1.1294456818813499,False,STOP,81,620.780535621397,37.32204087985862,57.683209424930766,23.09821003389908,17.262783365039642,1.8402279760435496,0.0799455034883306,0.5933606867900548,0.7657657657657657,5.298329782050334,2026-01,validation,True
60m_trend_baseline_rr2_0,1小时趋势回踩基线 RR2.0,trend_pullback,baseline,2.0,1.2,2026-01-15T16:00:00+00:00,2026-01-15T16:00:00+00:00,2026-01-15T18:40:00+00:00,1,96717.5,95896.45461129295,98359.5907774141,95896.25461129296,821.0453887070497,-1.000243591892416,0.1172978724809682,-1.117541464373384,False,STOP,32,684.2044905892081,29.37005796785907,54.79062519350252,15.878272328895365,21.18810987545579,1.3654163930862453,0.018920510094162308,3.9971126247954594,0.9190512838452412,3.4815614816392704,2026-01,validation,True
60m_trend_baseline_rr2_0,1小时趋势回踩基线 RR2.0,trend_pullback,baseline,2.0,1.2,2026-01-16T16:00:00+00:00,2026-01-16T16:00:00+00:00,2026-01-16T18:05:00+00:00,-1,94537.40000000001,95143.79389316817,93324.61221366368,95143.99389316817,606.3938931681606,-1.0003298186249103,0.15640114126328047,-1.1567309598881907,False,STOP,25,505.3282443068005,27.684938921631122,30.98463393320803,11.876184192985361,28.77584921383381,0.04461614172410948,-0.32970203253095737,7.574581309337157,0.7872639191181637,1.6258738933681824,2026-01,validation,True
60m_trend_baseline_rr2_0,1小时趋势回踩基线 RR2.0,trend_pullback,baseline,2.0,1.2,2026-01-17T03:00:00+00:00,2026-01-17T03:00:00+00:00,2026-01-18T03:00:00+00:00,-1,95318.6,95797.90524744717,94359.98950510568,94989.2,479.30524744716286,0.6872447187975358,0.1985246364541199,0.4887200823434159,True,TIME_EXIT,288,399.4210395393024,22.61092123196446,47.65373426248582,15.071623955851695,23.297783531549246,0.1406118745569912,-0.004211615712583279,0.4519075505135177,0.22781065088760527,3.931941096071043,2026-01,validation,True
60m_trend_baseline_rr2_0,1小时趋势回踩基线 RR2.0,trend_pullback,baseline,2.0,1.2,2026-01-18T07:00:00+00:00,2026-01-18T07:00:00+00:00,2026-01-18T18:35:00+00:00,-1,95141.90000000001,95387.09638578787,94651.5072284243,95387.29638578786,245.19638578785396,-1.0008156727080566,0.3885236639471419,-1.3893393366551985,False,STOP,139,204.33032148987832,22.57170705817348,47.45455658917665,15.488191449431767,21.93002518933593,0.4468983879719671,-0.09645255307810387,0.5624253647973929,0.5244444444443582,3.9269746856427363,2026-01,validation,True
60m_trend_baseline_rr2_0,1小时趋势回踩基线 RR2.0,trend_pullback,baseline,2.0,1.2,2026-01-19T00:00:00+00:00,2026-01-19T00:00:00+00:00,2026-01-19T00:05:00+00:00,-1,93613.8,93998.52705373382,92844.34589253236,92844.54589253236,384.72705373381865,1.999480150932836,0.2423254929474461,1.7571546579853898,True,TARGET,1,320.60587811151555,21.994214695825566,24.09348168365723,13.411393585566794,48.7606786921953,0.3254536327444784,-0.34549129881237384,13.520258218475004,0.9663443757594985,1.9949727801856938,2026-01,validation,True
60m_trend_baseline_rr2_0,1小时趋势回踩基线 RR2.0,trend_pullback,baseline,2.0,1.2,2026-01-19T18:00:00+00:00,2026-01-19T18:00:00+00:00,2026-01-19T23:10:00+00:00,-1,93194.90000000001,93627.66950332202,92329.360993356,92329.56099335599,432.7695033220078,1.9995378602270688,0.21434558069508208,1.7851922795319868,True,TARGET,62,360.6412527683398,32.79223145067335,43.562426848619914,21.40514687467805,27.33049027703558,1.944166458378139,-0.1377227332701898,0.4212059795516224,0.6158680282796297,10.231774572861454,2026-01,validation,True
60m_trend_baseline_rr2_0,1小时趋势回踩基线 RR2.0,trend_pullback,baseline,2.0,1.2,2026-01-21T07:00:00+00:00,2026-01-21T07:00:00+00:00,2026-01-21T12:15:00+00:00,-1,89618.2,90320.62187787813,88213.35624424373,88213.55624424372,702.421877878136,1.9997152708275527,0.12658472197750648,1.8731305488500463,True,TARGET,63,585.3515648984467,48.13967803526032,41.903679148834996,18.265576796333843,25.44182137980151,2.2274878250285575,-0.11280541742310418,0.5367724634766249,0.6417021276595869,6.197813788418618,2026-01,validation,True
60m_trend_baseline_rr2_0,1小时趋势回踩基线 RR2.0,trend_pullback,baseline,2.0,1.2,2026-01-21T17:00:00+00:00,2026-01-21T17:00:00+00:00,2026-01-21T18:50:00+00:00,-1,87562.1,88522.73879099979,85640.82241800042,88522.93879099979,960.6387909997928,-1.0002081947989865,0.09164997314325493,-1.0918581679422414,False,STOP,22,800.5323258331607,35.989829629970686,33.778039537465844,20.873980761527317,36.54876640191288,1.4199766436486805,-0.08542148518657737,3.8047837165740113,0.9912060301507538,3.51303739929937,2026-01,validation,True
60m_trend_baseline_rr2_0,1小时趋势回踩基线 RR2.0,trend_pullback,baseline,2.0,1.2,2026-01-23T15:00:00+00:00,2026-01-23T15:00:00+00:00,2026-01-23T15:50:00+00:00,-1,88975.8,89536.4832622567,87854.4334754866,89536.6832622567,560.6832622567007,-1.0003567076341697,0.15919191393707716,-1.159548621571247,False,STOP,10,467.2360518805839,19.79474936116403,42.120003963000954,12.657772517318255,27.577376783022032,0.5792938312013958,-0.14244243285394276,4.629098416183785,0.649986377259107,2.625439529040274,2026-01,validation,True
60m_trend_baseline_rr2_0,1小时趋势回踩基线 RR2.0,trend_pullback,baseline,2.0,1.2,2026-01-23T22:00:00+00:00,2026-01-23T22:00:00+00:00,2026-01-24T22:00:00+00:00,-1,89301.0,90069.31762307389,87764.36475385222,89340.8,768.3176230738903,-0.05180149303457443,0.11625517535657237,-0.1680566683911468,False,TIME_EXIT,288,640.2646858949087,18.019531538757246,45.90816401840377,17.429355052446756,24.27216594183419,0.11462512297421362,-0.04143299339121122,0.4701238540530526,0.9168961201501951,4.162341073481329,2026-01,validation,True
60m_trend_baseline_rr2_0,1小时趋势回踩基线 RR2.0,trend_pullback,baseline,2.0,1.2,2026-01-25T00:00:00+00:00,2026-01-25T00:00:00+00:00,2026-01-25T06:20:00+00:00,-1,89180.5,89462.3834169838,88616.73316603241,88616.93316603241,281.8834169837921,1.9992904868185088,0.3153740561763084,1.6839164306422005,True,TARGET,76,234.9028474864934,21.96391608940652,41.05530248481088,14.733563924488399,26.95174001659905,0.5266975558765625,-0.16368295169043873,0.9154330116521299,0.9087681931132504,3.307750452214831,2026-01,validation,True
60m_trend_baseline_rr2_0,1小时趋势回踩基线 RR2.0,trend_pullback,baseline,2.0,1.2,2026-01-25T15:00:00+00:00,2026-01-25T15:00:00+00:00,2026-01-25T16:10:00+00:00,-1,88665.90000000001,88992.66282202078,88012.37435595847,88012.57435595847,326.7628220207669,1.9993879352652348,0.2703466588753018,1.729041276389933,True,TARGET,14,272.30235168397246,40.83144467069321,41.82982336228956,13.085766501193058,28.26678598436736,1.1236726502069665,-0.1506928545673916,1.7861215516405797,0.7300094073377003,4.995917191265544,2026-01,validation,True
60m_trend_baseline_rr2_0,1小时趋势回踩基线 RR2.0,trend_pullback,baseline,2.0,1.2,2026-01-26T03:00:00+00:00,2026-01-26T03:00:00+00:00,2026-01-26T08:25:00+00:00,-1,87514.5,88171.47345503929,86200.55308992142,88171.67345503929,656.9734550392878,-1.0003044263028662,0.13370873062484162,-1.1340131569277079,False,STOP,65,547.4778791994065,49.22156814606792,44.0544840936752,19.10624872929297,27.54321092028209,1.3865463190832603,-0.19393533405713553,0.7815853696987455,0.7799272170082217,5.3781168369865355,2026-01,validation,True
60m_trend_baseline_rr2_0,1小时趋势回踩基线 RR2.0,trend_pullback,baseline,2.0,1.2,2026-01-27T15:00:00+00:00,2026-01-27T15:00:00+00:00,2026-01-27T16:05:00+00:00,-1,87712.0,88236.82169055322,86662.35661889355,88237.02169055321,524.8216905532241,-1.0003810818104324,0.1676274293323149,-1.1680085111427472,False,STOP,13,437.35140879435346,19.983471934783488,42.28569824523606,22.534791800628337,16.680429391250872,0.19943150910708307,-0.14823203756388165,2.8670046154596296,0.8869226907630453,3.376003758785795,2026-01,validation,True
60m_trend_baseline_rr2_0,1小时趋势回踩基线 RR2.0,trend_pullback,baseline,2.0,1.2,2026-01-27T18:00:00+00:00,2026-01-27T18:00:00+00:00,2026-01-27T19:00:00+00:00,-1,87510.1,88166.54125879936,86197.21748240129,88166.74125879936,656.4412587993564,-1.0003046731102245,0.13381002405311607,-1.1341146971633407,False,STOP,12,547.034382332797,19.018812866522694,42.40776780806,22.538866364280576,20.81692004300123,0.15044909557544542,-0.01214753996554871,3.8413680637136833,0.8244356861340022,2.656688586561027,2026-01,validation,True
60m_trend_baseline_rr2_0,1小时趋势回踩基线 RR2.0,trend_pullback,baseline,2.0,1.2,2026-01-28T10:00:00+00:00,2026-01-28T10:00:00+00:00,2026-01-28T15:20:00+00:00,1,89542.8,88971.81995484662,90684.76009030675,88971.61995484662,570.9800451533756,-1.0003502749381528,0.15632281852064936,-1.156673093458802,False,STOP,64,475.81670429447973,21.595980016263702,60.8018819491737,22.859117330193328,13.982375252218702,0.6921972141861878,0.20543496506512252,0.7833720143182892,0.9833955998339563,4.694244611087983,2026-01,validation,True
60m_trend_baseline_rr2_0,1小时趋势回踩基线 RR2.0,trend_pullback,baseline,2.0,1.2,2026-01-28T17:00:00+00:00,2026-01-28T17:00:00+00:00,2026-01-28T21:05:00+00:00,1,89589.0,88927.74856721424,90911.50286557151,88927.54856721424,661.251432785759,-1.000302456811564,0.13498386522593167,-1.1352863220374956,False,STOP,49,551.0428606547991,22.52124549616821,55.73992204716915,20.078804001805736,19.470898024365816,0.8268631708815102,0.13477328173980627,0.9789485849464712,0.6540373735642004,3.8269255453089817,2026-01,validation,True
60m_trend_baseline_rr2_0,1小时趋势回踩基线 RR2.0,trend_pullback,baseline,2.0,1.2,2026-01-30T16:00:00+00:00,2026-01-30T16:00:00+00:00,2026-01-30T18:55:00+00:00,-1,82849.90000000001,83845.00814628783,80859.68370742437,83845.20814628783,995.1081462878185,-1.0002009831803162,0.0837572824462006,-1.0839582656265168,False,STOP,35,829.2567885731821,51.94126407257697,38.2982714315258,14.715438972542582,29.456305115484266,2.0931044424370913,-0.23516859704029358,1.5060460074143251,0.5821851970522319,4.461706013122951,2026-01,validation,True
60m_trend_baseline_rr2_0,1小时趋势回踩基线 RR2.0,trend_pullback,baseline,2.0,1.2,2026-02-02T02:00:00+00:00,2026-02-02T02:00:00+00:00,2026-02-02T03:35:00+00:00,-1,77481.90000000001,78729.5989489613,74986.50210207741,74986.70210207741,1247.6989489612956,1.9998397049222805,0.061099916061084655,1.938739788861196,True,TARGET,19,1039.749124134413,51.958945041112415,42.5056337034275,12.28816290089162,23.908599842809092,1.5841716465375133,-0.162874223561419,1.1678970180699235,0.3214975486554775,3.414285155522839,2026-02,validation,True
60m_trend_baseline_rr2_0,1小时趋势回踩基线 RR2.0,trend_pullback,baseline,2.0,1.2,2026-02-03T11:00:00+00:00,2026-02-03T11:00:00+00:00,2026-02-03T17:10:00+00:00,-1,78077.1,78997.01109448154,76237.27781103693,76237.47781103692,919.9110944815387,1.999782587685708,0.08387472372969289,1.9159078639560152,True,TARGET,74,766.5925787346156,20.415740067098838,47.61994803009695,12.756347936464909,21.958713616511766,0.21839982424242554,-0.0013344557358796144,0.5094721554569993,0.8721686035060182,2.342052414548013,2026-02,validation,True
60m_trend_baseline_rr2_0,1小时趋势回踩基线 RR2.0,trend_pullback,baseline,2.0,1.2,2026-02-04T03:00:00+00:00,2026-02-04T03:00:00+00:00,2026-02-04T16:25:00+00:00,-1,75926.7,77166.17752562962,73447.74494874073,73447.94494874073,1239.4775256296311,1.9998386416890543,0.06025710102039213,1.9395815406686623,True,TARGET,161,1032.8979380246926,35.791767748182174,44.70622780403617,15.908533354086666,28.388078720135248,0.867349891311242,-0.16100035324168085,0.40622754020401386,0.7152677680452327,5.9636095428556715,2026-02,validation,True
60m_trend_baseline_rr2_0,1小时趋势回踩基线 RR2.0,trend_pullback,baseline,2.0,1.2,2026-02-06T07:00:00+00:00,2026-02-06T07:00:00+00:00,2026-02-06T13:15:00+00:00,-1,64947.4,67047.25943264499,60747.68113471003,67047.45943264499,2099.8594326449847,-1.0000952444706024,0.03142945127197971,-1.031524695742582,False,STOP,75,1749.8828605374872,53.98173201479981,40.8568680703729,16.20374248515906,26.67835978156594,1.8621972454904452,-0.1668513505446459,0.6485294641297809,0.92696571545884,6.796626373234436,2026-02,validation,True
60m_trend_baseline_rr2_0,1小时趋势回踩基线 RR2.0,trend_pullback,baseline,2.0,1.2,2026-02-07T15:00:00+00:00,2026-02-07T15:00:00+00:00,2026-02-08T08:25:00+00:00,-1,68615.6,70003.52362571024,65839.75274857954,70003.72362571023,1387.923625710232,-1.0001441001480855,0.04993766265588843,-1.050081762803974,False,STOP,209,1156.6030214251934,22.811530758319204,48.51126691763616,25.078560568507854,22.259029439647616,0.18986895806430404,-0.0025767860810681294,0.5954111002428,0.6231934327667981,3.8599242067506063,2026-02,validation,True
60m_trend_baseline_rr2_0,1小时趋势回踩基线 RR2.0,trend_pullback,baseline,2.0,1.2,2026-02-09T04:00:00+00:00,2026-02-09T04:00:00+00:00,2026-02-09T06:30:00+00:00,1,71270.0,70319.5200360712,73170.95992785758,70319.3200360712,950.4799639287916,-1.0002104200063036,0.07448306403578163,-1.0746934840420852,False,STOP,30,792.0666366073264,25.73747763928318,58.83731455405495,27.055794172711742,10.43748963014367,0.6244540218521647,0.08256891887989978,0.9252845285436496,0.8089171974522293,3.944238850132005,2026-02,validation,True
60m_trend_baseline_rr2_0,1小时趋势回踩基线 RR2.0,trend_pullback,baseline,2.0,1.2,2026-02-10T15:00:00+00:00,2026-02-10T15:00:00+00:00,2026-02-10T15:35:00+00:00,-1,68426.1,69307.99381533793,66662.31236932415,69308.19381533793,881.8938153379247,-1.0002267846723967,0.07809006675172159,-1.0783168514241184,False,STOP,7,734.911512781604,24.763125340676005,38.645414411050574,15.19206065119396,20.31101837397144,0.49737221500294265,-0.29353941647205517,4.3444779503118705,0.6750014954836371,3.7650791311283736,2026-02,validation,True
60m_trend_baseline_rr2_0,1小时趋势回踩基线 RR2.0,trend_pullback,baseline,2.0,1.2,2026-02-11T02:00:00+00:00,2026-02-11T02:00:00+00:00,2026-02-11T04:45:00+00:00,-1,68947.3,69754.80586983009,67332.28826033982,67332.48826033981,807.5058698300921,1.9997523237818222,0.08438315642771398,1.9153691673541082,True,TARGET,33,672.9215581917434,20.19667852023005,47.19555153656355,14.285188735889983,17.46155511102451,0.4974912046308355,-0.05431036191723531,0.3336569113146842,0.8002030972328047,3.0834203106460274,2026-02,validation,True
60m_trend_baseline_rr2_0,1小时趋势回踩基线 RR2.0,trend_pullback,baseline,2.0,1.2,2026-02-11T15:00:00+00:00,2026-02-11T15:00:00+00:00,2026-02-11T19:10:00+00:00,-1,66559.6,67482.5715506813,64713.65689863742,67482.7715506813,922.971550681293,-1.0002166914027306,0.07261457379251707,-1.0728312651952476,False,STOP,50,769.1429589010776,32.96613912165476,35.154735110232224,21.96674213292534,19.460643221232303,1.1278225497742225,-0.2847952811306142,5.53713567535939,0.9339556399983504,4.63827947550493,2026-02,validation,True
60m_trend_baseline_rr2_0,1小时趋势回踩基线 RR2.0,trend_pullback,baseline,2.0,1.2,2026-02-12T05:00:00+00:00,2026-02-12T05:00:00+00:00,2026-02-12T10:50:00+00:00,-1,66989.6,67864.25828170948,65240.28343658106,67864.45828170948,874.6582817094728,-1.0002286607286315,0.07708956806430992,-1.0773182287929415,False,STOP,70,728.8819014245607,21.47194172632392,44.32436289017814,21.890779961566704,18.727967215013635,0.8109757059963177,-0.02982960664616488,0.5644025000702493,0.9611079219288301,4.256656659928227,2026-02,validation,True
60m_trend_baseline_rr2_0,1小时趋势回踩基线 RR2.0,trend_pullback,baseline,2.0,1.2,2026-02-15T04:00:00+00:00,2026-02-15T04:00:00+00:00,2026-02-15T13:00:00+00:00,1,69926.09999999999,69380.3002089588,71017.69958208238,69380.1002089588,545.7997910411937,-1.00036643473171,0.12761657524933423,-1.1279830099810444,False,STOP,108,454.83315920099477,38.68999594786919,59.89676268719368,22.010563188098196,12.540152242875338,1.4217964766867581,0.07265892137787336,1.4279926974133803,0.9451800847457702,3.758740904034448,2026-02,validation,True
60m_trend_baseline_rr2_0,1小时趋势回踩基线 RR2.0,trend_pullback,baseline,2.0,1.2,2026-02-19T03:00:00+00:00,2026-02-19T03:00:00+00:00,2026-02-19T14:40:00+00:00,-1,66800.6,67397.62712658996,65606.5457468201,65606.7457468201,597.0271265899511,1.9996650068462694,0.11088888582256985,1.8887761210236995,True,TARGET,140,497.52260549162594,20.964929585294104,45.34174197870987,18.818239490036984,25.342216324859027,1.0344847102675272,-0.15050980465386377,0.4517170032408873,0.4102325581395439,5.249811709397708,2026-02,validation,True
60m_trend_baseline_rr2_0,1小时趋势回踩基线 RR2.0,trend_pullback,baseline,2.0,1.2,2026-02-19T16:00:00+00:00,2026-02-19T16:00:00+00:00,2026-02-19T17:20:00+00:00,-1,66362.40000000001,66981.32725620443,65124.54548759117,66981.52725620443,618.9272562044192,-1.000323139751875,0.10772180891978976,-1.1080449486716648,False,STOP,16,515.7727135036827,20.01402146777869,42.38512047401032,11.871748780901418,25.064959319663448,0.8380551749396096,-0.3099162112350484,2.319591112489182,0.45503915130083555,3.3031991716402276,2026-02,validation,True
60m_trend_baseline_rr2_0,1小时趋势回踩基线 RR2.0,trend_pullback,baseline,2.0,1.2,2026-02-20T13:00:00+00:00,2026-02-20T13:00:00+00:00,2026-02-20T13:25:00+00:00,1,67499.09999999999,66975.02488884692,68547.25022230612,66974.82488884692,524.0751111530657,-1.0003816246865096,0.12829642357273802,-1.1286780482592476,False,STOP,5,436.7292592942214,19.299542132908687,53.66681740129138,21.363504268472823,18.37844820044963,0.294673185080196,0.13449380336525268,1.2470959378513857,0.7793453724604692,5.54096147327222,2026-02,validation,True
60m_trend_baseline_rr2_0,1小时趋势回踩基线 RR2.0,trend_pullback,baseline,2.0,1.2,2026-02-23T00:00:00+00:00,2026-02-23T00:00:00+00:00,2026-02-23T00:50:00+00:00,-1,67613.40000000001,67932.18285241081,66975.83429517841,66976.03429517841,318.7828524107985,1.9993726136820498,0.21109892404397615,1.7882736896380735,True,TARGET,10,265.65237700899877,21.571001418798165,45.89741317082774,17.23004370880857,25.25506427482817,0.30654223589599255,-0.10937604738259567,0.9424423399056648,0.34606906686259403,4.027820161246871,2026-02,validation,True
60m_trend_baseline_rr2_0,1小时趋势回踩基线 RR2.0,trend_pullback,baseline,2.0,1.2,2026-02-23T01:00:00+00:00,2026-02-23T01:00:00+00:00,2026-02-23T01:10:00+00:00,-1,66705.6,67085.2440772386,65946.31184552281,65946.51184552281,379.64407723859836,1.9994731907805512,0.17470588875031198,1.8247673020302393,True,TARGET,2,316.37006436549865,23.348515735259628,28.96197945707894,13.434453954855446,36.74672264764688,0.4217885383778568,-0.34511484684783084,2.265964542279525,0.9736599364558808,3.382115188887914,2026-02,validation,True
60m_trend_baseline_rr2_0,1小时趋势回踩基线 RR2.0,trend_pullback,baseline,2.0,1.2,2026-02-23T11:00:00+00:00,2026-02-23T11:00:00+00:00,2026-02-23T17:15:00+00:00,-1,66291.0,66877.30296990767,65118.39406018464,65118.59406018464,586.3029699076783,1.999658879435617,0.11206628723105133,1.8875925922045655,True,TARGET,75,488.5858082563986,32.61390418265016,47.0868916929768,25.610125012344486,30.773233604994722,1.3751378747745802,-0.1318198800067141,0.8090861113421967,0.7227748023463146,7.301071663808975,2026-02,validation,True
60m_trend_baseline_rr2_0,1小时趋势回踩基线 RR2.0,trend_pullback,baseline,2.0,1.2,2026-02-26T09:00:00+00:00,2026-02-26T09:00:00+00:00,2026-02-26T15:20:00+00:00,1,67923.59999999999,67130.04113967725,69510.71772064547,67129.84113967726,793.5588603227374,-1.000252029194048,0.08509352481097089,-1.085345554005019,False,STOP,76,661.2990502689478,30.20664254648898,56.40610081119543,25.23449235044239,17.65879986053454,1.5553862310551831,0.08771645772267467,0.4699566313088553,0.3700619261157417,7.135803382873214,2026-02,validation,True
60m_trend_baseline_rr2_0,1小时趋势回踩基线 RR2.0,trend_pullback,baseline,2.0,1.2,2026-02-28T15:00:00+00:00,2026-02-28T15:00:00+00:00,2026-02-28T18:00:00+00:00,-1,64402.3,65226.711886602745,62753.47622679452,65226.91188660274,824.4118866027421,-1.0002425971813933,0.07861920357600748,-1.0788618007574007,False,STOP,36,687.0099055022852,36.474642718186914,43.48558983359515,20.181119223047247,22.91684525854053,1.2554219448149053,-0.16275808583957105,2.510962270433596,0.8512539899680815,4.388874128089217,2026-02,validation,True
60m_trend_baseline_rr2_0,1小时趋势回踩基线 RR2.0,trend_pullback,baseline,2.0,1.2,2026-03-01T02:00:00+00:00,2026-03-01T02:00:00+00:00,2026-03-01T09:40:00+00:00,1,67311.9,66322.02282991185,69291.65434017628,66321.82282991185,989.8771700881442,-1.0002020452699025,0.06750015399284962,-1.0677021992627522,False,STOP,92,824.8976417401202,32.49979072774924,64.59750618042051,23.846616312824423,16.228661702184787,0.024499135214216747,0.4524305341908435,1.7898789695384265,0.7999146530111528,5.764957686105491,2026-03,validation,True
60m_trend_baseline_rr2_0,1小时趋势回踩基线 RR2.0,trend_pullback,baseline,2.0,1.2,2026-03-01T14:00:00+00:00,2026-03-01T14:00:00+00:00,2026-03-01T16:50:00+00:00,1,66907.4,66077.63445130028,68566.9310973994,66077.43445130029,829.7655486997038,-1.0002410319400663,0.08013398161667237,-1.0803750135567387,False,STOP,34,691.4712905830866,20.260113769161844,56.36574632280378,22.324190432508786,17.92863434435714,0.35761628770019555,0.017183922996499616,1.4327092889992903,0.6545823195458279,4.90114346922807,2026-03,validation,True
60m_trend_baseline_rr2_0,1小时趋势回踩基线 RR2.0,trend_pullback,baseline,2.0,1.2,2026-03-05T07:00:00+00:00,2026-03-05T07:00:00+00:00,2026-03-05T15:15:00+00:00,1,72520.5,71614.64655989992,74332.20688020014,71614.44655989992,905.8534401000749,-1.0002207862675665,0.07955754219135963,-1.0797783284589262,False,STOP,99,754.8778667500624,35.647257077047705,59.76422008961984,24.349301005077045,14.706914929052823,2.0168702102235248,0.18588077174305717,0.7390727733079032,0.8157440802885361,4.619025346459749,2026-03,validation,True
60m_trend_baseline_rr2_0,1小时趋势回踩基线 RR2.0,trend_pullback,baseline,2.0,1.2,2026-03-08T21:00:00+00:00,2026-03-08T21:00:00+00:00,2026-03-08T22:05:00+00:00,-1,67195.40000000001,67739.14249975831,66107.91500048342,66108.11500048342,543.7424997582955,1.9996321788344833,0.1225796356361141,1.8770525431983691,True,TARGET,13,453.1187497985796,36.65876243395274,47.239910854854244,15.584172440819591,20.49804939932203,1.1996766074653655,-0.1110377701948715,0.9831734625330213,0.6057614826752631,3.6714437456836855,2026-03,validation,True
60m_trend_baseline_rr2_0,1小时趋势回踩基线 RR2.0,trend_pullback,baseline,2.0,1.2,2026-03-10T01:00:00+00:00,2026-03-10T01:00:00+00:00,2026-03-10T08:10:00+00:00,1,69113.4,68337.4754533783,70665.2490932434,70665.0490932434,775.9245466217027,1.999742242978565,0.09007219174971633,1.9096700512288487,True,TARGET,86,646.6037888514189,31.090736721674453,61.194576681363344,29.092260896389888,13.367391361555146,0.5328431934402714,0.19800494693957948,0.9507829077177377,0.8395453054978803,4.120142884922348,2026-03,validation,True
60m_trend_baseline_rr2_0,1小时趋势回踩基线 RR2.0,trend_pullback,baseline,2.0,1.2,2026-03-10T15:00:00+00:00,2026-03-10T15:00:00+00:00,2026-03-10T17:45:00+00:00,1,71435.9,70491.95820080847,73323.78359838306,70491.75820080847,943.9417991915292,-1.0002118774697386,0.07517818276633538,-1.075390060236074,False,STOP,33,786.618165992941,43.987991064991256,66.16952636763762,26.357926831552167,12.147762219811286,1.155660534800585,0.31853341547997166,3.2123637442398767,0.9722690164571737,3.905706901800128,2026-03,validation,True
60m_trend_baseline_rr2_0,1小时趋势回踩基线 RR2.0,trend_pullback,baseline,2.0,1.2,2026-03-13T17:00:00+00:00,2026-03-13T17:00:00+00:00,2026-03-13T17:55:00+00:00,1,71846.2,70978.8736563328,73580.8526873344,70978.6736563328,867.326343667202,-1.0002305937107228,0.08233629400235046,-1.0825668877130732,False,STOP,11,722.7719530560016,30.560991415441976,54.25317933303327,22.75370064414343,18.896443607792847,1.0431294951202132,0.1442613999218002,2.663022083328346,0.7455189662359324,5.389390088436634,2026-03,validation,True
60m_trend_baseline_rr2_0,1小时趋势回踩基线 RR2.0,trend_pullback,baseline,2.0,1.2,2026-03-14T15:00:00+00:00,2026-03-14T15:00:00+00:00,2026-03-14T23:10:00+00:00,-1,70566.6,71066.9436196985,69565.91276060301,71067.1436196985,500.3436196985018,-1.0003997252930183,0.14153647417853005,-1.1419361994715485,False,STOP,98,416.9530164154182,18.174356315977164,43.34349408479533,16.705069966836376,22.768408507160053,0.01259079486363916,-0.11470269375147016,0.6739165734232396,0.9097567355479996,2.8686685379637806,2026-03,validation,True
60m_trend_baseline_rr2_0,1小时趋势回踩基线 RR2.0,trend_pullback,baseline,2.0,1.2,2026-03-15T15:00:00+00:00,2026-03-15T15:00:00+00:00,2026-03-15T22:45:00+00:00,1,71588.2,71221.81469792809,72320.97060414382,72320.77060414382,366.385302071912,1.9994541265742138,0.1963902069629122,1.8030639196113016,True,TARGET,93,305.3210850599267,28.05169315308067,59.38169290221049,22.692263759218136,17.33083657181912,0.8342754207752482,0.23176700572326359,1.026036850716255,0.9581459702524885,4.528675115014112,2026-03,validation,True
60m_trend_baseline_rr2_0,1小时趋势回踩基线 RR2.0,trend_pullback,baseline,2.0,1.2,2026-03-16T17:00:00+00:00,2026-03-16T17:00:00+00:00,2026-03-17T00:15:00+00:00,1,73726.59999999999,72906.21395569158,75367.3720886168,75367.1720886168,820.3860443084072,1.9997562123327315,0.09086805725364586,1.9088881550790857,True,TARGET,87,683.6550369236727,39.8496622908589,59.10698226680999,22.04771265439256,14.36030617792909,1.1631534296236585,0.15572234831159762,0.702272311068098,0.7894186806009182,4.51265599370468,2026-03,validation,True
60m_trend_baseline_rr2_0,1小时趋势回踩基线 RR2.0,trend_pullback,baseline,2.0,1.2,2026-03-17T17:00:00+00:00,2026-03-17T17:00:00+00:00,2026-03-18T11:35:00+00:00,1,74120.2,73307.17718252899,75746.245634942,73306.977182529,813.0228174709999,-1.0002459955559744,0.09066607604022606,-1.0909120715962004,False,STOP,223,677.5190145591666,19.70279185316907,52.16822216810179,19.92856741008341,14.970196637092723,0.7705513159262749,0.03653772419452587,0.6736789197406546,0.6018062397372719,3.9387824439677726,2026-03,validation,True
60m_trend_baseline_rr2_0,1小时趋势回踩基线 RR2.0,trend_pullback,baseline,2.0,1.2,2026-03-20T00:00:00+00:00,2026-03-20T00:00:00+00:00,2026-03-20T03:30:00+00:00,-1,69887.2,70618.9201146441,68423.7597707118,70619.1201146441,731.7201146441008,-1.0002733285528185,0.09601097284511889,-1.0962843013979373,False,STOP,42,609.7667622034173,37.470346715242954,41.28496920549079,14.365746030754003,25.43574078631561,1.5373470920590153,-0.06581798176636848,0.5113968051828993,0.6392177045805619,4.6711303018674775,2026-03,validation,True
60m_trend_baseline_rr2_0,1小时趋势回踩基线 RR2.0,trend_pullback,baseline,2.0,1.2,2026-03-20T13:00:00+00:00,2026-03-20T13:00:00+00:00,2026-03-21T13:00:00+00:00,-1,70304.5,70949.06954443266,69015.3609111347,70680.2,644.5695444326517,-0.5828696115803721,0.10936345132788917,-0.6922330629082613,False,TIME_EXIT,288,537.1412870272097,18.59523492146624,46.112261983961105,19.737361191978177,20.596195307897798,0.8488778140075168,-0.021453837672662023,0.8772694876466299,0.7839506172839478,4.238735794451541,2026-03,validation,True
60m_trend_baseline_rr2_0,1小时趋势回踩基线 RR2.0,trend_pullback,baseline,2.0,1.2,2026-03-23T04:00:00+00:00,2026-03-23T04:00:00+00:00,2026-03-23T05:05:00+00:00,-1,68045.0,68654.21078144388,66826.57843711223,68654.41078144388,609.2107814438837,-1.0003282935990037,0.11219385387226251,-1.112522147471266,False,STOP,13,507.6756512032364,43.93953885614242,40.45880697057333,12.38354485745813,25.054897141965764,1.3967645200302157,-0.22770648036605082,0.8740758467406516,0.957778194783261,3.780760403716124,2026-03,validation,True
60m_trend_baseline_rr2_0,1小时趋势回踩基线 RR2.0,trend_pullback,baseline,2.0,1.2,2026-03-23T07:00:00+00:00,2026-03-23T07:00:00+00:00,2026-03-23T08:10:00+00:00,-1,67845.0,68503.33434651319,66528.3313069736,68503.53434651319,658.3343465131962,-1.0003037970007964,0.10355568949779845,-1.1038594864985949,False,STOP,14,548.6119554276636,41.05280111813537,40.98950624024432,13.471868767447654,29.77528713867704,1.1548469156226673,-0.009996447473472168,2.111651529099592,0.8414322250639399,3.098729408247741,2026-03,validation,True
60m_trend_baseline_rr2_0,1小时趋势回踩基线 RR2.0,trend_pullback,baseline,2.0,1.2,2026-03-23T10:00:00+00:00,2026-03-23T10:00:00+00:00,2026-03-23T11:10:00+00:00,-1,68304.7,68982.34584522211,66949.40830955576,68982.5458452221,677.6458452221179,-1.0002951394174429,0.10129719440707427,-1.101592333824517,False,STOP,14,564.7048710184316,40.25803243609067,47.20696818817644,13.340110024747302,30.382164125098914,1.0107997809661653,-0.027884666250643668,0.9416389043122725,0.2405289492494718,3.010422058046163,2026-03,validation,True
60m_trend_baseline_rr2_0,1小时趋势回踩基线 RR2.0,trend_pullback,baseline,2.0,1.2,2026-03-24T07:00:00+00:00,2026-03-24T07:00:00+00:00,2026-03-24T14:15:00+00:00,1,70508.09999999999,69827.57521239998,71869.1495752,69827.37521239999,680.5247876000082,-1.0002938908378356,0.10310827597281064,-1.1034021668106462,False,STOP,87,567.1039896666734,21.790308488707144,55.343159978579045,23.69214744250155,17.461833917089912,0.7398677579323298,0.04654825284245165,0.2833257561255495,0.8858110187750325,6.222491931460621,2026-03,validation,True
60m_trend_baseline_rr2_0,1小时趋势回踩基线 RR2.0,trend_pullback,baseline,2.0,1.2,2026-03-25T17:00:00+00:00,2026-03-25T17:00:00+00:00,2026-03-25T20:30:00+00:00,1,71290.2,70605.68545871974,72659.22908256052,70605.48545871975,684.5145412802591,-1.0002921778690284,0.10364694750920107,-1.1039391253782294,False,STOP,42,570.4287844002159,18.887787193727608,56.47537544852933,23.42546024392981,21.328430497753235,0.7346244341190551,0.05717142696155299,1.9498367085510013,0.5777383509197875,4.806910301490322,2026-03,validation,True
60m_trend_baseline_rr2_0,1小时趋势回踩基线 RR2.0,trend_pullback,baseline,2.0,1.2,2026-03-28T09:00:00+00:00,2026-03-28T09:00:00+00:00,2026-03-28T13:45:00+00:00,-1,66374.7,66810.15921537468,65503.781569250656,66810.35921537467,435.45921537467115,-1.0004592852624141,0.15292483717537317,-1.1533841224377872,False,STOP,57,362.8826794788926,42.12665865001626,41.89239965351756,15.156412123185024,24.802607863786633,2.766006904272979,-0.0619131787274806,0.4209473186255432,0.8714043993232382,3.420389206181974,2026-03,validation,True
60m_trend_baseline_rr2_0,1小时趋势回踩基线 RR2.0,trend_pullback,baseline,2.0,1.2,2026-03-29T00:00:00+00:00,2026-03-29T00:00:00+00:00,2026-03-29T02:45:00+00:00,-1,66334.6,66723.8258676231,65556.1482647538,66724.0258676231,389.2258676230967,-1.00051384046292,0.17092726477838982,-1.1714411052413096,False,STOP,33,324.3548896859139,24.539943031979217,41.10042332869152,19.33142850222236,28.079698647292673,1.4782758370607263,-0.08350654525978178,1.672246094559449,0.7957206297941093,3.8969660707874105,2026-03,validation,True
60m_trend_baseline_rr2_0,1小时趋势回踩基线 RR2.0,trend_pullback,baseline,2.0,1.2,2026-04-01T04:00:00+00:00,2026-04-01T04:00:00+00:00,2026-04-02T01:20:00+00:00,1,68134.2,67445.49907601521,69511.60184796956,67445.29907601522,688.7009239847844,-1.000290401817437,0.09843133234928736,-1.0987217341667244,False,STOP,256,573.917436653987,27.087003680278265,57.99464386920827,25.76012685866811,13.607980103478567,0.5174589610564634,0.11182904892580937,0.47576138725419326,0.8636979343040989,4.638297828202964,2026-04,historical_test,True
60m_trend_baseline_rr2_0,1小时趋势回踩基线 RR2.0,trend_pullback,baseline,2.0,1.2,2026-04-02T16:00:00+00:00,2026-04-02T16:00:00+00:00,2026-04-03T16:00:00+00:00,-1,66810.40000000001,67402.69053120667,65625.8189375867,66806.3,592.2905312066571,0.0069222784832521376,0.11279658626973692,-0.10587430778648478,False,TIME_EXIT,288,493.57544267221425,25.175550463878057,45.94810560430545,20.655737642757494,24.87379257290674,0.822821130873529,-0.19355749525968036,1.0957399403901786,0.4117969821673286,6.003134969516184,2026-04,historical_test,True
60m_trend_baseline_rr2_0,1小时趋势回踩基线 RR2.0,trend_pullback,baseline,2.0,1.2,2026-04-04T03:00:00+00:00,2026-04-04T03:00:00+00:00,2026-04-04T10:50:00+00:00,-1,66813.8,67106.828448946,66227.743102108,67107.028448946,293.0284489460028,-1.0006825275863707,0.2285116495184124,-1.229194177104783,False,STOP,94,244.190374121669,18.31012878751976,48.68402007350386,19.294257092598844,13.935196795214903,0.43979543570022656,-0.011272006366550439,0.3619327081123334,0.6545300592717533,3.5689367491847612,2026-04,historical_test,True
60m_trend_baseline_rr2_0,1小时趋势回踩基线 RR2.0,trend_pullback,baseline,2.0,1.2,2026-04-05T12:00:00+00:00,2026-04-05T12:00:00+00:00,2026-04-05T15:30:00+00:00,-1,66972.5,67199.31245128791,66518.87509742416,67199.51245128791,226.8124512879215,-1.0008817858052095,0.29577744010395296,-1.2966592259091625,False,STOP,42,189.01037607326793,23.829057730685545,46.58784231108401,21.30855811507371,23.54340918586732,0.035853768978329745,-0.0715208912454041,0.5122196638730275,0.680033416875529,5.179609820047661,2026-04,historical_test,True
60m_trend_baseline_rr2_0,1小时趋势回踩基线 RR2.0,trend_pullback,baseline,2.0,1.2,2026-04-08T16:00:00+00:00,2026-04-08T16:00:00+00:00,2026-04-09T01:10:00+00:00,1,71275.09999999999,70569.59167981285,72686.1166403743,70569.39167981285,705.5083201871506,-1.0002834835455081,0.10052644853443095,-1.1008099320799392,False,STOP,110,587.9236001559589,44.720680974447035,55.976459461071265,33.32336319675108,15.846167601062739,1.6153715048263906,0.10126692077263355,0.8633885505827513,0.9012810851544953,7.727534664018964,2026-04,historical_test,True
60m_trend_baseline_rr2_0,1小时趋势回踩基线 RR2.0,trend_pullback,baseline,2.0,1.2,2026-04-09T10:00:00+00:00,2026-04-09T10:00:00+00:00,2026-04-09T13:35:00+00:00,1,71488.9,70954.47023795971,72557.75952408054,70954.27023795972,534.429762040274,-1.0003742306551922,0.1332665023128197,-1.1336407329680118,False,STOP,43,445.3581350335617,25.878811470425678,57.81267599662868,27.39780944791239,16.145163941112862,1.047934821840161,0.10366380856246193,0.741116021679817,0.9061639483160298,5.457405644598453,2026-04,historical_test,True
60m_trend_baseline_rr2_0,1小时趋势回踩基线 RR2.0,trend_pullback,baseline,2.0,1.2,2026-04-09T16:00:00+00:00,2026-04-09T16:00:00+00:00,2026-04-10T07:55:00+00:00,1,72108.2,71471.50232535924,73381.5953492815,71471.30232535924,636.697674640755,-1.000314120826835,0.11275327996632886,-1.1130674007931638,False,STOP,191,530.5813955339626,22.009552734110866,62.847660431279095,29.490268335738435,17.281719354386226,0.7873013524144906,0.11673996066246248,5.589096209716288,0.8519759810082388,2.447692306838277,2026-04,historical_test,True
60m_trend_baseline_rr2_0,1小时趋势回踩基线 RR2.0,trend_pullback,baseline,2.0,1.2,2026-04-10T14:00:00+00:00,2026-04-10T14:00:00+00:00,2026-04-10T20:35:00+00:00,1,72284.09999999999,71730.98983363851,73390.32033272296,73390.12033272296,553.1101663614835,1.9996384083819787,0.13168644258612125,1.8679519657958574,True,TARGET,79,460.92513863456963,22.577262235678134,59.161261455684375,25.624867716880132,15.15190129459076,0.8907594661829201,0.2461096987258066,1.1303528858591396,0.8107317073170732,3.787816835445327,2026-04,historical_test,True
60m_trend_baseline_rr2_0,1小时趋势回踩基线 RR2.0,trend_pullback,baseline,2.0,1.2,2026-04-11T02:00:00+00:00,2026-04-11T02:00:00+00:00,2026-04-12T01:40:00+00:00,1,72920.3,72386.25061218355,73988.39877563292,72386.05061218355,534.049387816458,-1.000374497199244,0.1360420533448139,-1.136416550544058,False,STOP,284,445.041156513715,33.36612055869659,58.198361017583046,21.60758333474937,12.600966421487632,1.342742459338189,0.18802278767526773,0.4591147786722153,0.8534265734265897,4.646536550010666,2026-04,historical_test,True
60m_trend_baseline_rr2_0,1小时趋势回踩基线 RR2.0,trend_pullback,baseline,2.0,1.2,2026-04-14T18:00:00+00:00,2026-04-14T18:00:00+00:00,2026-04-14T18:50:00+00:00,1,74700.09999999999,73988.33491776806,76123.63016446384,73988.13491776807,711.7650822319297,-1.0002809915869528,0.10445035773005072,-1.1047313493170035,False,STOP,10,593.1375685266081,50.215547679784066,59.0161009311723,31.582746804236727,13.112009691890895,1.65255841210687,0.3222755798717889,0.9753399581744528,0.7113167259786436,5.028007258768363,2026-04,historical_test,True
60m_trend_baseline_rr2_0,1小时趋势回踩基线 RR2.0,trend_pullback,baseline,2.0,1.2,2026-04-15T04:00:00+00:00,2026-04-15T04:00:00+00:00,2026-04-15T07:20:00+00:00,1,74297.0,73679.17079207461,75532.65841585079,73678.97079207462,617.8292079253927,-1.000323714057909,0.11975475494996653,-1.1200784690078756,False,STOP,40,514.8576732711606,36.54923376769978,52.60785042620094,23.6238049566201,16.168398866372332,1.2693574091399775,0.06950002853969332,0.262867752759463,0.8044588945657523,4.354989964030497,2026-04,historical_test,True
60m_trend_baseline_rr2_0,1小时趋势回踩基线 RR2.0,trend_pullback,baseline,2.0,1.2,2026-04-19T13:00:00+00:00,2026-04-19T13:00:00+00:00,2026-04-19T13:20:00+00:00,-1,75529.0,75935.28289966905,74716.4342006619,75935.48289966905,406.28289966905265,-1.000492267826578,0.18640272950578035,-1.1868949973323584,False,STOP,4,338.5690830575439,36.49829323592602,46.172135020375414,16.343455171375673,25.75847934239783,0.5573694488904926,-0.14022360876710743,1.3954432555225722,0.48836376655922936,3.9941626913706214,2026-04,historical_test,True
60m_trend_baseline_rr2_0,1小时趋势回踩基线 RR2.0,trend_pullback,baseline,2.0,1.2,2026-04-21T04:00:00+00:00,2026-04-21T04:00:00+00:00,2026-04-21T08:50:00+00:00,1,75669.3,75102.8346625639,76802.23067487222,76802.03067487222,566.4653374361088,1.9996469333835953,0.13458134205084465,1.8650655913327507,True,TARGET,58,472.05444786342406,23.061092205378998,52.47498997514386,22.27450075361714,19.5571634125235,0.3368955183454795,0.06566614936913784,0.4224000301457024,0.9558525718914765,4.168586926585493,2026-04,historical_test,True
60m_trend_baseline_rr2_0,1小时趋势回踩基线 RR2.0,trend_pullback,baseline,2.0,1.2,2026-04-22T00:00:00+00:00,2026-04-22T00:00:00+00:00,2026-04-22T05:20:00+00:00,1,76288.5,75580.91065854943,77703.67868290114,77703.47868290114,707.5893414505736,1.9997173501799868,0.10881451264317678,1.89090283753681,True,TARGET,64,589.6577845421447,19.53008667764847,57.72230929135903,23.922970189559,20.13371735179506,0.16955690829136222,0.03807741092952929,0.9517222509896633,0.8692335633853968,3.766761091307626,2026-04,historical_test,True
60m_trend_baseline_rr2_0,1小时趋势回踩基线 RR2.0,trend_pullback,baseline,2.0,1.2,2026-04-23T01:00:00+00:00,2026-04-23T01:00:00+00:00,2026-04-23T02:45:00+00:00,1,78390.2,77766.12274654505,79638.35450690989,77765.92274654505,624.0772534549499,-1.00032047314477,0.1251096093328592,-1.125430082477629,False,STOP,21,520.0643778791249,37.11976818542642,56.19002569571771,20.03153142503754,21.568066843395105,1.7153697482190327,0.08794435952761416,1.6950783715234063,0.8561650629897816,4.080840930991961,2026-04,historical_test,True
60m_trend_baseline_rr2_0,1小时趋势回踩基线 RR2.0,trend_pullback,baseline,2.0,1.2,2026-04-23T16:00:00+00:00,2026-04-23T16:00:00+00:00,2026-04-23T17:10:00+00:00,1,78329.5,77684.27481100216,79619.95037799569,77684.07481100217,645.2251889978401,-1.0003099692997166,0.12089854633025218,-1.1212085156299687,False,STOP,14,537.6876574982001,28.189319454464776,56.291204849911416,20.646546106654565,24.64817591665829,0.6974141599314888,0.038495036617055944,1.8710396662180846,0.556606397774683,4.67818065920253,2026-04,historical_test,True
60m_trend_baseline_rr2_0,1小时趋势回踩基线 RR2.0,trend_pullback,baseline,2.0,1.2,2026-04-23T23:00:00+00:00,2026-04-23T23:00:00+00:00,2026-04-24T03:35:00+00:00,1,78194.3,77560.79738409969,79461.30523180065,77560.59738409969,633.5026159003229,-1.0003157050894056,0.12293153451524708,-1.1232472396046527,False,STOP,55,527.9188465836024,27.326875583893187,55.18184899704566,18.13682530392015,25.703996350372037,0.49672680553611975,0.03830486221571193,0.48498251208540555,0.7814389989572411,4.060093731964465,2026-04,historical_test,True
60m_trend_baseline_rr2_0,1小时趋势回踩基线 RR2.0,trend_pullback,baseline,2.0,1.2,2026-04-26T14:00:00+00:00,2026-04-26T14:00:00+00:00,2026-04-26T19:20:00+00:00,1,77940.2,77675.76439212813,78469.07121574375,78468.87121574375,264.43560787187386,1.9992436722058746,0.2957413195493856,1.703502352656489,True,TARGET,64,220.3630065598949,19.283305066770335,57.21122240265969,24.884892686423523,19.79177632072959,0.39586308345351834,0.24768452758270307,1.1057461291377153,0.9377967711301434,4.673198174577012,2026-04,historical_test,True
60m_trend_baseline_rr2_0,1小时趋势回踩基线 RR2.0,trend_pullback,baseline,2.0,1.2,2026-04-26T22:00:00+00:00,2026-04-26T22:00:00+00:00,2026-04-26T22:35:00+00:00,1,78369.8,77987.4647347946,79134.47053041082,77987.2647347946,382.3352652054071,-1.0005231011057385,0.2044763836404063,-1.2049994847461447,False,STOP,7,318.61272100450594,25.090930137117006,65.39432796225698,34.60540191666715,9.164581217636158,0.5304731123110406,0.2967243218387535,3.4173376299522036,0.4866973230415468,3.7597368875395687,2026-04,historical_test,True
60m_trend_baseline_rr2_0,1小时趋势回踩基线 RR2.0,trend_pullback,baseline,2.0,1.2,2026-04-27T00:00:00+00:00,2026-04-27T00:00:00+00:00,2026-04-27T05:20:00+00:00,1,78614.59999999999,78137.23785806268,79569.32428387462,78137.03785806269,477.3621419373155,-1.0004189691272507,0.16418524227948353,-1.1646042114067343,False,STOP,64,397.80178494776294,29.726326626175478,68.66972881065738,24.781941289575816,6.329066249372795,0.519787182518943,0.32532862570772303,1.8162154127371752,0.7089095443210114,4.310689556672504,2026-04,historical_test,True
60m_trend_baseline_rr2_0,1小时趋势回踩基线 RR2.0,trend_pullback,baseline,2.0,1.2,2026-04-28T02:00:00+00:00,2026-04-28T02:00:00+00:00,2026-04-28T11:55:00+00:00,-1,77047.0,77521.12161826377,76098.75676347245,76098.95676347245,474.12161826377314,1.999578167304983,0.16150492918282325,1.8380732381221598,True,TARGET,119,395.1013485531443,21.642020643696757,42.312514878289754,20.529349196545507,24.746916289430757,0.7127367710775445,-0.07928184641005417,0.4695727041652645,0.841761827079944,6.3378675096149015,2026-04,historical_test,True
60m_trend_baseline_rr2_0,1小时趋势回踩基线 RR2.0,trend_pullback,baseline,2.0,1.2,2026-04-30T02:00:00+00:00,2026-04-30T02:00:00+00:00,2026-05-01T02:00:00+00:00,-1,76193.7,76746.67032167198,75087.75935665605,76644.3,552.9703216719721,-0.8148719422003746,0.13819729017090462,-0.9530692323712793,False,TIME_EXIT,288,460.8086013933101,26.716933214111886,47.759543185290624,21.122582898052805,26.081767500390132,0.7317900085495518,-0.12212593854620143,0.5754927374789821,0.7973959987297887,6.521579655660537,2026-04,historical_test,True
60m_trend_baseline_rr2_0,1小时趋势回踩基线 RR2.0,trend_pullback,baseline,2.0,1.2,2026-05-02T06:00:00+00:00,2026-05-02T06:00:00+00:00,2026-05-02T21:40:00+00:00,1,78140.3,77702.74583319572,79015.40833360856,79015.20833360856,437.55416680428044,1.999542913734633,0.17958406096485055,1.8199588527697825,True,TARGET,188,364.62847233690036,38.178397145316744,56.97114494594582,21.507627527241908,14.340519388402477,1.5429905058311817,0.19625612090415995,0.5303563839720423,0.6687473990844576,4.831767493933288,2026-05,historical_test,True
60m_trend_baseline_rr2_0,1小时趋势回踩基线 RR2.0,trend_pullback,baseline,2.0,1.2,2026-05-03T10:00:00+00:00,2026-05-03T10:00:00+00:00,2026-05-03T20:40:00+00:00,1,78496.8,78218.71426372499,79052.97147255002,79052.77147255003,278.0857362750135,1.9992807973444355,0.28327517546017,1.7160056218842654,True,TARGET,128,231.73811356251127,23.306960713771776,58.256329390735246,25.235960192711584,16.22854332494849,1.1745747794766568,0.10132439295445529,0.9884580441493142,0.7094047199718151,4.824411413439853,2026-05,historical_test,True
60m_trend_baseline_rr2_0,1小时趋势回踩基线 RR2.0,trend_pullback,baseline,2.0,1.2,2026-05-04T02:00:00+00:00,2026-05-04T02:00:00+00:00,2026-05-04T10:05:00+00:00,1,79756.2,79267.64823663334,80733.3035267333,79267.44823663334,488.5517633666534,-1.0004093732025976,0.162750050415116,-1.1631594236177136,False,STOP,97,407.12646947221117,33.53864433943846,69.76201025973926,42.43540708379197,13.590362663120281,0.812212189257379,0.2092227619086532,5.719813803348999,0.9363346667570628,3.4434017562586465,2026-05,historical_test,True
60m_trend_baseline_rr2_0,1小时趋势回踩基线 RR2.0,trend_pullback,baseline,2.0,1.2,2026-05-04T15:00:00+00:00,2026-05-04T15:00:00+00:00,2026-05-04T15:20:00+00:00,1,80165.4,79432.85364121463,81630.49271757071,79432.65364121464,732.5463587853561,-1.0002730202636345,0.10893375670165507,-1.1092067769652896,False,STOP,4,610.4552989877968,30.321514580164337,62.67854284243239,32.279697538335824,23.025965853173066,0.6734981265565182,0.0035751583035624574,2.847765697880556,0.8225984895858438,4.032891522249213,2026-05,historical_test,True
60m_trend_baseline_rr2_0,1小时趋势回踩基线 RR2.0,trend_pullback,baseline,2.0,1.2,2026-05-05T01:00:00+00:00,2026-05-05T01:00:00+00:00,2026-05-05T13:05:00+00:00,1,80131.09999999999,79485.34680534835,81422.60638930327,81422.40638930327,645.7531946516384,1.9996902841493438,0.12508920414745747,1.8746010800018864,True,TARGET,145,538.1276622096987,25.476633904301096,57.624449104371394,25.186112528694323,17.392611324423342,0.9400466460793366,0.15354663513069958,0.2886437064282878,0.9508744855966932,4.912217277858333,2026-05,historical_test,True
60m_trend_baseline_rr2_0,1小时趋势回踩基线 RR2.0,trend_pullback,baseline,2.0,1.2,2026-05-06T02:00:00+00:00,2026-05-06T02:00:00+00:00,2026-05-06T11:20:00+00:00,1,81390.59999999999,80834.80550298821,82502.18899402356,82501.98899402356,555.7944970117791,1.999640154767516,0.14743991697937786,1.8522002377881381,True,TARGET,112,463.1620808431492,27.308177067885886,59.59131201995122,22.470635143281047,17.83742160534526,1.3592415381183873,0.0262481900643844,0.6022263269386461,0.8180157135026397,2.730793500403837,2026-05,historical_test,True
60m_trend_baseline_rr2_0,1小时趋势回踩基线 RR2.0,trend_pullback,baseline,2.0,1.2,2026-05-06T16:00:00+00:00,2026-05-06T16:00:00+00:00,2026-05-06T23:05:00+00:00,1,81656.59999999999,81068.47817444835,82832.84365110328,81068.27817444835,588.1218255516463,-1.0003400655974746,0.13834283230503788,-1.1386828979025125,False,STOP,85,490.1015212930387,24.057226847896626,53.5928772273073,23.8912005227851,22.70820838736776,1.221137734926151,0.0009951246357925345,0.832928426868224,0.7636259323006174,4.442957031137314,2026-05,historical_test,True
60m_trend_baseline_rr2_0,1小时趋势回踩基线 RR2.0,trend_pullback,baseline,2.0,1.2,2026-05-08T10:00:00+00:00,2026-05-08T10:00:00+00:00,2026-05-08T11:05:00+00:00,-1,79826.0,80278.05793091706,78921.88413816587,80278.25793091705,452.0579309170616,-1.0004424211728502,0.1770837839368547,-1.1775262051097048,False,STOP,13,376.71494243088466,33.949076811980525,44.1743798407105,15.38913808240396,27.297548620368783,1.1363646736776067,-0.13048364988760522,0.795901250582933,0.7245270494523757,5.273217959397669,2026-05,historical_test,True
60m_trend_baseline_rr2_0,1小时趋势回踩基线 RR2.0,trend_pullback,baseline,2.0,1.2,2026-05-08T14:00:00+00:00,2026-05-08T14:00:00+00:00,2026-05-08T14:20:00+00:00,-1,79612.1,80090.46482728349,78655.37034543305,80090.66482728349,478.3648272834792,-1.0004180909393718,0.1669256974161309,-1.1673437883555027,False,STOP,4,398.637356069566,28.8404219619103,40.68749829166694,17.50520144997463,26.60402166859522,0.8994505631709331,-0.02078938619189871,2.4129356203818713,0.8081640124473904,3.3629562799078427,2026-05,historical_test,True
60m_trend_baseline_rr2_0,1小时趋势回踩基线 RR2.0,trend_pullback,baseline,2.0,1.2,2026-05-10T02:00:00+00:00,2026-05-10T02:00:00+00:00,2026-05-10T15:50:00+00:00,1,80654.09999999999,80377.53153628921,81207.23692742156,81207.03692742156,276.5684637107821,1.9992768517519701,0.29262399399355554,1.7066528577584146,True,TARGET,166,230.4737197589851,23.35544038280211,57.66616440393576,19.603703017645344,13.821785723301925,0.5736134212458452,0.14005819591998545,0.7765375249559744,0.9509881422925132,4.160561130365542,2026-05,historical_test,True
60m_trend_baseline_rr2_0,1小时趋势回踩基线 RR2.0,trend_pullback,baseline,2.0,1.2,2026-05-10T23:00:00+00:00,2026-05-10T23:00:00+00:00,2026-05-11T00:20:00+00:00,1,82013.4,81522.76927633915,82994.66144732169,81522.56927633916,490.6307236608472,-1.000407638556547,0.1666589161560384,-1.1670665547125854,False,STOP,16,408.85893638403934,33.143269061406166,68.6002667418962,33.19757882424731,17.535180087283134,0.6612473803759891,0.11833234579787537,5.466094574867238,0.9176339432093962,3.3331789493281776,2026-05,historical_test,True
60m_trend_baseline_rr2_0,1小时趋势回踩基线 RR2.0,trend_pullback,baseline,2.0,1.2,2026-05-11T12:00:00+00:00,2026-05-11T12:00:00+00:00,2026-05-11T14:30:00+00:00,1,81167.3,80708.56305744108,82084.77388511784,80708.36305744108,458.736942558923,-1.0004359797117846,0.17643626231023324,-1.176872242022018,False,STOP,30,382.28078546576916,18.22505675743187,53.92095366180025,23.916808562465622,23.907873569346005,0.3359517257912898,0.009307372442663525,0.43591733436051555,0.9824056301983368,5.847534286287481,2026-05,historical_test,True
60m_trend_baseline_rr2_0,1小时趋势回踩基线 RR2.0,trend_pullback,baseline,2.0,1.2,2026-05-12T21:00:00+00:00,2026-05-12T21:00:00+00:00,2026-05-13T01:35:00+00:00,-1,80656.7,81121.78358344578,79726.53283310843,81121.98358344578,465.0835834457858,-1.000430030229217,0.17392431096453023,-1.1743543411937474,False,STOP,55,387.5696528714882,33.34049295411239,46.407800091348044,13.561690797493812,24.718354743452803,0.39655814366573555,-0.05055506492550758,0.3270135652140189,0.7746365105008013,5.047608824648302,2026-05,historical_test,True
60m_trend_baseline_rr2_0,1小时趋势回踩基线 RR2.0,trend_pullback,baseline,2.0,1.2,2026-05-14T10:00:00+00:00,2026-05-14T10:00:00+00:00,2026-05-14T14:20:00+00:00,-1,79594.6,80054.62268555432,78674.55462889138,80054.82268555432,460.022685554318,-1.0004347611678177,0.17352342362548923,-1.173958184793307,False,STOP,52,383.3522379619317,29.151780727405825,46.135024275989764,16.472023272632025,25.514293805454212,1.0540002771977068,-0.0011356562054732255,0.4452915609668378,0.810233918128672,4.181011198789889,2026-05,historical_test,True
60m_trend_baseline_rr2_0,1小时趋势回踩基线 RR2.0,trend_pullback,baseline,2.0,1.2,2026-05-15T03:00:00+00:00,2026-05-15T03:00:00+00:00,2026-05-15T05:00:00+00:00,1,81262.2,80672.16414190443,82442.27171619113,80671.96414190443,590.0358580955678,-1.0003389624499095,0.1372240025077222,-1.1375629649576318,False,STOP,24,491.69654841297324,28.428689596757582,58.1884722589363,21.752100582996835,18.120156519399842,0.6474427974422898,0.284193973620436,1.1616351628875876,0.8924437299035464,5.716940680330048,2026-05,historical_test,True
60m_trend_baseline_rr2_0,1小时趋势回踩基线 RR2.0,trend_pullback,baseline,2.0,1.2,2026-05-17T06:00:00+00:00,2026-05-17T06:00:00+00:00,2026-05-17T10:15:00+00:00,-1,78087.40000000001,78402.65069719047,77456.89860561909,78402.85069719047,315.25069719046155,-1.0006344157262261,0.24819969010670495,-1.248834105832931,False,STOP,51,262.7089143253846,45.43798782409971,42.012857561995524,16.643845979252333,25.744028481379456,2.197997796366572,-0.14928203399838183,0.7197233436899987,0.9026360544217923,3.0767893890302593,2026-05,historical_test,True
60m_trend_baseline_rr2_0,1小时趋势回踩基线 RR2.0,trend_pullback,baseline,2.0,1.2,2026-05-17T17:00:00+00:00,2026-05-17T17:00:00+00:00,2026-05-17T19:45:00+00:00,-1,77994.90000000001,78289.52149201381,77405.65701597239,78289.7214920138,294.62149201380544,-1.0006788371025668,0.2652294990833367,-1.2659083361859036,False,STOP,33,245.51791001150454,28.41810849016908,40.875398025747806,19.356869729678554,25.645463999272426,1.5740331741985423,-0.219133240119028,0.7257797500450924,0.9180592991913904,3.620509802964502,2026-05,historical_test,True
60m_trend_baseline_rr2_0,1小时趋势回踩基线 RR2.0,trend_pullback,baseline,2.0,1.2,2026-05-18T14:00:00+00:00,2026-05-18T14:00:00+00:00,2026-05-19T14:00:00+00:00,-1,76913.7,77417.48797925966,75906.12404148067,76846.3,503.78797925966194,0.13378643948400948,0.1526038793402305,-0.01881743985622103,False,TIME_EXIT,288,419.8233160497183,32.18404683182024,40.715175381095186,20.394152148589725,29.98553020442291,1.2530530597139375,-0.045816510820359174,2.4643485746210163,0.7226599432713503,4.569779539764291,2026-05,historical_test,True
60m_trend_baseline_rr2_0,1小时趋势回踩基线 RR2.0,trend_pullback,baseline,2.0,1.2,2026-05-24T20:00:00+00:00,2026-05-24T20:00:00+00:00,2026-05-24T21:35:00+00:00,1,76738.7,76343.00731246835,77530.08537506327,76342.80731246836,395.6926875316364,-1.0005054427496511,0.19343484493914131,-1.1939402876887923,False,STOP,19,329.7439062763637,29.214064435958683,53.697087149434346,26.062644956959005,20.316377296437178,0.41321239873453763,0.038649713251760386,0.3050071698972371,0.9170868347338772,4.367935153873213,2026-05,historical_test,True
60m_trend_baseline_rr2_0,1小时趋势回踩基线 RR2.0,trend_pullback,baseline,2.0,1.2,2026-05-26T14:00:00+00:00,2026-05-26T14:00:00+00:00,2026-05-26T14:45:00+00:00,1,77199.4,76742.2167960142,78113.7664079716,76742.0167960142,457.18320398580516,-1.0004374613901965,0.1683585655093246,-1.1687960268995212,False,STOP,9,380.9860033215043,20.62508342853956,54.05028045459431,25.618102090264276,17.887551770802933,0.12104929266699047,0.11815659646791467,2.7840285606996598,0.7048931596914829,3.506690503988368,2026-05,historical_test,True
60m_trend_baseline_rr2_0,1小时趋势回踩基线 RR2.0,trend_pullback,baseline,2.0,1.2,2026-05-28T20:00:00+00:00,2026-05-28T20:00:00+00:00,2026-05-29T15:35:00+00:00,-1,73393.2,73946.97046817023,72285.65906365954,73947.17046817022,553.7704681702331,-1.000361160465374,0.1330337919201541,-1.133394952385528,False,STOP,235,461.475390141861,43.398392654299016,41.5602679208407,12.865265039281288,24.911612420891014,1.8719338291871164,-0.0894026868495175,0.4575594848970477,0.802065404475043,4.354078338570403,2026-05,historical_test,True
60m_trend_baseline_rr2_0,1小时趋势回踩基线 RR2.0,trend_pullback,baseline,2.0,1.2,2026-05-29T22:00:00+00:00,2026-05-29T22:00:00+00:00,2026-05-30T14:15:00+00:00,-1,73385.0,73957.7069737633,72239.5860524734,73957.9069737633,572.7069737633005,-1.000349218726431,0.12863725580776678,-1.1289864745341978,False,STOP,195,477.25581146941715,24.842561814104002,46.58651397996637,17.18761127556908,27.985533237719622,0.6901155290691094,-0.029571608046284628,0.43914632659963454,0.9664707163074056,3.8912045812123335,2026-05,historical_test,True
60m_trend_baseline_rr2_0,1小时趋势回踩基线 RR2.0,trend_pullback,baseline,2.0,1.2,2026-06-01T02:00:00+00:00,2026-06-01T02:00:00+00:00,2026-06-01T02:45:00+00:00,-1,73257.7,73624.37676883019,72524.34646233961,73624.57676883019,366.6767688301909,-1.0005454395178506,0.20028849555622083,-1.2008339350740713,False,STOP,9,305.5639740251591,21.39330471127858,37.674964939697915,14.571441983921634,23.209197023323807,0.18336952799810669,-0.16899372129048817,2.248101827808123,0.965190839694652,2.7470515877336226,2026-06,historical_test,True
60m_trend_baseline_rr2_0,1小时趋势回踩基线 RR2.0,trend_pullback,baseline,2.0,1.2,2026-06-01T05:00:00+00:00,2026-06-01T05:00:00+00:00,2026-06-01T07:50:00+00:00,-1,73497.3,73910.08034297374,72671.73931405254,72671.93931405254,412.7803429737357,1.999515480803754,0.17705450586748625,1.822460974936268,True,TARGET,34,343.98361914477977,22.10388947295039,44.89969504825329,12.943569544923216,25.651702217820656,0.17454124317956182,-0.05014343249014554,1.6731866504804835,0.6263282172372888,2.9329885025000473,2026-06,historical_test,True
60m_trend_baseline_rr2_0,1小时趋势回踩基线 RR2.0,trend_pullback,baseline,2.0,1.2,2026-06-04T15:00:00+00:00,2026-06-04T15:00:00+00:00,2026-06-05T06:25:00+00:00,-1,63923.600000000006,65011.03138396899,61748.737232062034,61748.93723206203,1087.431383968985,1.9998160803495797,0.05778412278914252,1.9420319575604372,True,TARGET,185,906.1928199741543,55.43462227280941,45.46913285477934,17.95618131237874,29.031949823194257,1.8782327655252529,-0.05339910806412788,0.7954655945446024,0.7387436704529873,5.293465026722246,2026-06,historical_test,True
60m_trend_baseline_rr2_0,1小时趋势回踩基线 RR2.0,trend_pullback,baseline,2.0,1.2,2026-06-05T23:00:00+00:00,2026-06-05T23:00:00+00:00,2026-06-06T23:00:00+00:00,-1,61556.5,62847.12966219231,58975.24067561538,60513.2,1290.6296621923086,0.8083651186412507,0.04729075410859849,0.7610743645326522,True,TIME_EXIT,288,1075.5247184935906,34.674414053690214,47.242461981163984,15.881301301071465,24.90950882079975,1.3019918075896255,-0.017923045959539134,0.6362728734145124,0.49890081469029024,4.272240257235318,2026-06,historical_test,True
60m_trend_baseline_rr2_0,1小时趋势回踩基线 RR2.0,trend_pullback,baseline,2.0,1.2,2026-06-07T01:00:00+00:00,2026-06-07T01:00:00+00:00,2026-06-07T01:20:00+00:00,-1,60748.0,61403.22218739332,59437.555625213354,61403.42218739332,655.2221873933247,-1.0003052399687367,0.0932137407261415,-1.0935189806948782,False,STOP,4,546.0184894944373,34.46914761472536,47.22957277913541,13.573756504896183,23.074198005569407,1.410444808881467,-0.05591401873993592,0.3952779255515737,0.8417746368276271,3.706284748477577,2026-06,historical_test,True
60m_trend_baseline_rr2_0,1小时趋势回踩基线 RR2.0,trend_pullback,baseline,2.0,1.2,2026-06-07T16:00:00+00:00,2026-06-07T16:00:00+00:00,2026-06-07T19:20:00+00:00,1,62071.899999999994,61414.946396894586,63385.80720621081,61414.74639689459,656.9536031054091,-1.0003044355020676,0.09398429798784512,-1.0942887334899127,False,STOP,40,547.4613359211743,24.36058835727691,55.38990108482883,23.785787963628565,17.43123499273711,0.0005437706756684954,0.06458345569941427,0.9096082462542598,0.7762187443784833,4.662247052945318,2026-06,historical_test,True
60m_trend_baseline_rr2_0,1小时趋势回踩基线 RR2.0,trend_pullback,baseline,2.0,1.2,2026-06-07T23:00:00+00:00,2026-06-07T23:00:00+00:00,2026-06-08T23:00:00+00:00,1,62833.2,62020.43577071044,64458.7284585791,63407.3,812.7642292895515,0.7063549050403395,0.07766120570435818,0.6286936993359813,True,TIME_EXIT,288,677.3035244079596,22.246266967703562,61.822538880746336,36.57018212321098,15.651484585981253,0.09430741002012333,0.14310668743194266,4.0760562832065075,0.44661483767628957,2.64637630753031,2026-06,historical_test,True
60m_trend_baseline_rr2_0,1小时趋势回踩基线 RR2.0,trend_pullback,baseline,2.0,1.2,2026-06-11T16:00:00+00:00,2026-06-11T16:00:00+00:00,2026-06-11T19:35:00+00:00,1,62721.399999999994,62174.4404941661,63815.31901166779,63815.11901166779,546.959505833897,1.9996343422175407,0.11567265735582165,1.883961684861719,True,TARGET,43,455.7995881949142,25.28862641457605,55.73392654893885,21.618455830875888,17.641564219924113,0.5406170251799717,0.18619139946910793,1.1585851313262021,0.6255178127589089,4.754940671585683,2026-06,historical_test,True
60m_trend_baseline_rr2_0,1小时趋势回踩基线 RR2.0,trend_pullback,baseline,2.0,1.2,2026-06-12T15:00:00+00:00,2026-06-12T15:00:00+00:00,2026-06-12T20:50:00+00:00,1,63971.299999999996,63435.583193604725,65042.73361279054,63435.38319360473,535.7168063952714,-1.0003733315766996,0.11891234479920294,-1.1192856763759025,False,STOP,70,446.4306719960596,20.805961298034017,60.49086275069556,27.2297225207159,20.388105169298537,0.8791459304057897,0.11599831262403315,2.5979202941907857,0.9794586756887385,2.530964091127624,2026-06,historical_test,True
60m_trend_baseline_rr2_0,1小时趋势回踩基线 RR2.0,trend_pullback,baseline,2.0,1.2,2026-06-13T01:00:00+00:00,2026-06-13T01:00:00+00:00,2026-06-13T21:45:00+00:00,1,63574.1,63137.01228991482,64448.27542017036,64448.07542017036,437.08771008517976,1.9995424259356118,0.146449067848672,1.8530933580869398,True,TARGET,249,364.2397584043165,18.083932910412027,52.61463823142714,22.751679860401158,17.91957115397086,0.8537824287712749,0.02138281021688898,0.2965764352085952,0.646694214876056,4.290031398125045,2026-06,historical_test,True
60m_trend_baseline_rr2_0,1小时趋势回踩基线 RR2.0,trend_pullback,baseline,2.0,1.2,2026-06-14T08:00:00+00:00,2026-06-14T08:00:00+00:00,2026-06-14T14:30:00+00:00,1,64392.299999999996,64118.72697898984,64939.446042020296,64118.526978989845,273.57302101015114,-1.0007310662406008,0.2348748178904333,-1.2356058841310342,False,STOP,78,227.9775175084593,34.49661442058176,58.46222500281292,25.136286586508625,12.763262379023564,1.545888000022694,0.11875673312918583,0.7326042978154399,0.9084880636604892,4.073208666137625,2026-06,historical_test,True
60m_trend_baseline_rr2_0,1小时趋势回踩基线 RR2.0,trend_pullback,baseline,2.0,1.2,2026-06-14T22:00:00+00:00,2026-06-14T22:00:00+00:00,2026-06-15T11:20:00+00:00,1,65284.6,64876.37048218174,66101.05903563653,66100.85903563653,408.2295178182643,1.9995100795232426,0.16092106682756677,1.8385890126956759,True,TARGET,160,340.1912648485536,28.06395260060331,71.46154851645278,47.36926514963809,14.329422057478983,0.5328479626037204,0.19546887599590781,8.79863816621217,0.7810079828428459,3.0341754967150965,2026-06,historical_test,True
60m_trend_baseline_rr2_0,1小时趋势回踩基线 RR2.0,trend_pullback,baseline,2.0,1.2,2026-06-16T00:00:00+00:00,2026-06-16T00:00:00+00:00,2026-06-16T02:30:00+00:00,1,66286.09999999999,65842.71452878091,67172.87094243815,65842.51452878091,443.38547121908397,-1.0004510747712227,0.14899971143111052,-1.1494507862023333,False,STOP,30,369.48789268256996,37.69326106519307,55.870339498370136,25.490624664915227,22.36984964339979,2.012379412271753,0.06808053218959832,0.37952779898164246,0.8007231820007755,5.039407344260809,2026-06,historical_test,True
60m_trend_baseline_rr2_0,1小时趋势回踩基线 RR2.0,trend_pullback,baseline,2.0,1.2,2026-06-17T15:00:00+00:00,2026-06-17T15:00:00+00:00,2026-06-17T15:50:00+00:00,-1,65072.200000000004,65556.36198923175,64103.87602153652,65556.56198923175,484.16198923174477,-1.0004130848857349,0.13490191805072302,-1.1353150029364578,False,STOP,10,403.46832435978735,22.220122985677136,39.75963102655905,17.47496897002916,22.420574487267363,0.44880178397711035,-0.2504734956576463,2.037729345097596,0.5083626141953578,4.265762381051848,2026-06,historical_test,True
60m_trend_baseline_rr2_0,1小时趋势回踩基线 RR2.0,trend_pullback,baseline,2.0,1.2,2026-06-17T20:00:00+00:00,2026-06-17T20:00:00+00:00,2026-06-18T15:45:00+00:00,-1,64271.200000000004,64988.23188126195,62837.13623747612,62837.33623747612,717.0318812619415,1.999721072374569,0.08863520546239258,1.9110858669121764,True,TARGET,237,597.5265677182846,21.271252371540836,34.12255909356391,17.301021457170627,30.39042485604039,0.25657783952396157,-0.1077276552643186,3.62458646518654,0.841496598639454,3.170068248568747,2026-06,historical_test,True
60m_trend_baseline_rr2_0,1小时趋势回踩基线 RR2.0,trend_pullback,baseline,2.0,1.2,2026-06-21T10:00:00+00:00,2026-06-21T10:00:00+00:00,2026-06-21T20:50:00+00:00,1,64190.0,63896.301975742776,64777.39604851444,63896.10197574278,293.6980242572222,-1.0006809715540483,0.21805747978672874,-1.218738451340777,False,STOP,130,244.74835354768518,29.799323434807896,56.63209783761308,22.676876355975132,16.885945456533552,0.8810733230741381,0.08318171387339392,0.9517024846456201,0.882809861533275,5.850090426536987,2026-06,historical_test,True
60m_trend_baseline_rr2_0,1小时趋势回踩基线 RR2.0,trend_pullback,baseline,2.0,1.2,2026-06-22T05:00:00+00:00,2026-06-22T05:00:00+00:00,2026-06-22T12:40:00+00:00,1,64063.7,63601.10318564456,64988.893628710866,64988.69362871087,462.5968143554346,1.999567658068991,0.1394869026589901,1.8600807554100007,True,TARGET,92,385.49734529619553,18.9671499359282,50.875069147756584,21.090921993253342,23.472700111891967,0.21458056006952883,0.03635494552437753,0.794223964773977,0.9134920634920519,4.06747288699286,2026-06,historical_test,True
60m_trend_baseline_rr2_0,1小时趋势回踩基线 RR2.0,trend_pullback,baseline,2.0,1.2,2026-06-24T08:00:00+00:00,2026-06-24T08:00:00+00:00,2026-06-24T11:50:00+00:00,-1,62630.200000000004,63038.52353601207,61813.55292797587,63038.72353601207,408.323536012068,-1.0004898076705286,0.1538840067405494,-1.154373814411078,False,STOP,46,340.26961334339,25.204729440918946,44.12302352580042,19.31616931950415,24.96971678238405,1.1426162746108444,-0.011638527901196823,0.6602077717134157,0.7631369426751565,3.4502052312712213,2026-06,historical_test,True
60m_trend_baseline_rr2_0,1小时趋势回踩基线 RR2.0,trend_pullback,baseline,2.0,1.2,2026-06-24T13:00:00+00:00,2026-06-24T13:00:00+00:00,2026-06-24T13:25:00+00:00,-1,62589.3,63026.15779053469,61715.58441893062,61715.78441893062,436.85779053468957,1.9995421851130293,0.14227179543575053,1.8572703896772786,True,TARGET,5,364.048158778908,21.009134814270155,45.7131529604206,22.51746305803589,20.226596030932413,0.9279485403953058,-0.07650939983634501,1.3859601970284796,0.8835564536499158,3.1149724910123653,2026-06,historical_test,True
60m_trend_baseline_rr2_0,1小时趋势回踩基线 RR2.0,trend_pullback,baseline,2.0,1.2,2026-06-24T14:00:00+00:00,2026-06-24T14:00:00+00:00,2026-06-24T16:00:00+00:00,-1,61308.0,61832.22223406793,60259.55553186415,60259.755531864146,524.2222340679263,1.9996184824164234,0.11595059082911005,1.8836678915873133,True,TARGET,24,436.8518617232719,22.10096167810593,29.48293065518861,17.424463842285334,37.278886823352025,0.923538246715588,-0.2993723804438978,9.492545835922986,0.9367454637461144,2.5958456386717734,2026-06,historical_test,True
60m_trend_baseline_rr2_0,1小时趋势回踩基线 RR2.0,trend_pullback,baseline,2.0,1.2,2026-06-25T13:00:00+00:00,2026-06-25T13:00:00+00:00,2026-06-25T13:45:00+00:00,-1,61216.200000000004,61777.40936721043,60093.78126557916,60093.981265579154,561.2093672104237,1.9996436267609163,0.10807925558029245,1.8915643711806238,True,TARGET,9,467.67447267535306,18.263934122728838,46.77651137111635,24.450591496099246,22.972314557068586,1.0296849909167893,-0.067440747568576,1.1760261179100027,0.7582085253456206,6.139099240494656,2026-06,historical_test,True
60m_trend_baseline_rr2_0,1小时趋势回踩基线 RR2.0,trend_pullback,baseline,2.0,1.2,2026-06-25T14:00:00+00:00,2026-06-25T14:00:00+00:00,2026-06-25T14:05:00+00:00,-1,58248.200000000004,59053.58584098111,56637.42831803779,59053.78584098111,805.3858409811079,-1.0002483281798857,0.07282347160342784,-1.0730717997833135,False,STOP,1,671.1548674842566,20.50389431818849,23.59086578732675,15.820696799853822,46.9889788531747,0.9465141236784529,-0.46778402312339995,6.972733203326638,0.9341454589313709,4.277850223692741,2026-06,historical_test,True
60m_trend_baseline_rr2_0,1小时趋势回踩基线 RR2.0,trend_pullback,baseline,2.0,1.2,2026-06-26T00:00:00+00:00,2026-06-26T00:00:00+00:00,2026-06-26T07:20:00+00:00,-1,59771.8,60585.250341490406,58144.899317019204,60585.4503414904,813.4503414903998,-1.0002458662684115,0.07397947004421465,-1.0742253363126262,False,STOP,88,677.8752845753331,25.80483926552714,43.94336052502967,17.0613015704398,23.69072559713906,1.2408082104041502,-0.12432002028685508,0.32254612639649327,0.8620386643233693,5.754893398191839,2026-06,historical_test,True
60m_trend_baseline_rr2_0,1小时趋势回踩基线 RR2.0,trend_pullback,baseline,2.0,1.2,2026-06-26T13:00:00+00:00,2026-06-26T13:00:00+00:00,2026-06-26T14:00:00+00:00,-1,59167.4,59981.464248317694,57539.27150336461,59981.66424831769,814.0642483176954,-1.0002456808543154,0.07318160974059801,-1.0734272905949134,False,STOP,12,678.3868735980795,20.585807584362687,41.79779603449698,20.25204334592838,25.299823292929748,0.9724028702859616,-0.27065899539838206,2.4331031758090456,0.7849584278155723,3.6056122180352936,2026-06,historical_test,True
60m_trend_baseline_rr2_0,1小时趋势回踩基线 RR2.0,trend_pullback,baseline,2.0,1.2,2026-06-26T15:00:00+00:00,2026-06-26T15:00:00+00:00,2026-06-26T15:45:00+00:00,-1,59568.700000000004,60492.470295743326,57721.15940851337,60492.67029574332,923.7702957433187,-1.0002165040388515,0.06498442894785605,-1.0652009329867076,False,STOP,9,769.8085797860989,20.585990972471567,46.692255068260344,16.17433459429295,23.97997737815137,0.7860530232750431,-0.07677897458425506,1.7922468262327653,0.7704828490277476,3.177413274192985,2026-06,historical_test,True
60m_trend_baseline_rr2_0,1小时趋势回踩基线 RR2.0,trend_pullback,baseline,2.0,1.2,2026-06-26T21:00:00+00:00,2026-06-26T21:00:00+00:00,2026-06-27T08:00:00+00:00,-1,59694.5,60527.23924570472,58029.021508590566,60527.439245704714,832.7392457047171,-1.0002401712192968,0.07218462433817757,-1.0724247955574744,False,STOP,132,693.9493714205976,19.113293172390893,47.6398283705614,13.721944233461084,20.928612721264898,0.6747595361258065,-0.073102737165427,0.3627381045691041,0.664975845410635,3.5247528144491933,2026-06,historical_test,True
60m_trend_baseline_rr2_0,1小时趋势回踩基线 RR2.0,trend_pullback,baseline,2.0,1.2,2026-06-28T23:00:00+00:00,2026-06-28T23:00:00+00:00,2026-06-28T23:30:00+00:00,-1,59039.8,59489.29676652332,58140.80646695336,59489.49676652332,449.4967665233209,-1.0004449420215922,0.131846662305605,-1.132291604327197,False,STOP,6,374.5806387694341,21.481215515536036,28.652916749030467,10.007716321877973,31.356526837919827,0.6549895143840222,-0.42103031223650234,3.504620620289085,0.8471663987138274,3.5204702633114597,2026-06,historical_test,True
60m_trend_baseline_rr2_0,1小时趋势回踩基线 RR2.0,trend_pullback,baseline,2.0,1.2,2026-06-29T14:00:00+00:00,2026-06-29T14:00:00+00:00,2026-06-29T17:10:00+00:00,-1,59559.200000000004,60181.163498675654,58315.273002648704,60181.36349867565,621.9634986756515,-1.00032156227885,0.09626012117563132,-1.0965816834544813,False,STOP,38,518.3029155630429,27.285755470554477,43.12052798107364,16.768345134402885,21.636643279320268,0.20562003286761135,-0.039292326823565614,2.660356223922226,0.7460898831914465,3.6818237804566043,2026-06,historical_test,True
60m_trend_baseline_rr2_0,1小时趋势回踩基线 RR2.0,trend_pullback,baseline,2.0,1.2,2026-06-30T04:00:00+00:00,2026-06-30T04:00:00+00:00,2026-06-30T13:00:00+00:00,-1,59595.9,60133.233443803656,58521.23311239269,58521.43311239269,537.3334438036551,1.999627791639801,0.10991064717307406,1.8897171444667271,True,TARGET,108,447.7778698363793,18.63081018489342,42.04522785144769,14.363095956103152,21.909164567890155,0.021503117368743774,-0.1439288946032843,0.5872314540246723,0.940397350993381,3.9535227603965355,2026-06,historical_test,True
60m_trend_pullback_confirmation_rr2_0,1小时趋势回踩·二次确认 RR2.0,trend_pullback,confirmation,2.0,1.15,2025-01-13T17:00:00+00:00,2025-01-13T17:00:00+00:00,2025-01-13T19:50:00+00:00,-1,91322.7,92449.61705657146,89068.86588685708,92449.81705657145,1126.917056571457,-1.000177475350855,0.08153772985550627,-1.0817152052063612,False,STOP,34,979.9278752795278,27.237672174819945,34.19258200963192,14.875277276202043,35.396695976748575,0.876422933325652,-0.35076367272286535,1.3976487379075435,0.9001844839304894,7.169405195250673,2025-01,development,False
60m_trend_pullback_confirmation_rr2_0,1小时趋势回踩·二次确认 RR2.0,trend_pullback,confirmation,2.0,1.15,2025-01-14T18:00:00+00:00,2025-01-14T18:00:00+00:00,2025-01-15T13:35:00+00:00,1,96481.4,95473.2241504482,98497.75169910358,98497.55169910358,1008.175849551796,1.9998016219094206,0.096698880351967,1.9031027415574535,True,TARGET,235,876.6746517841705,28.34065816342626,62.08656504989157,24.186915128256764,16.90898016946406,0.9025168872639903,0.2976616494727199,0.9039995571984707,0.9805208333333364,4.564749296510054,2025-01,development,False
60m_trend_pullback_confirmation_rr2_0,1小时趋势回踩·二次确认 RR2.0,trend_pullback,confirmation,2.0,1.15,2025-02-27T17:00:00+00:00,2025-02-27T17:00:00+00:00,2025-02-28T01:35:00+00:00,-1,84450.2,85680.84587401107,81988.90825197786,81989.10825197786,1230.6458740110713,1.9998374837114181,0.06762274662714243,1.9322147370842757,True,TARGET,103,1070.126846966149,32.510576868127735,37.87872338289244,12.620097843403249,25.80250196559849,1.2323209244551545,-0.2751069442700986,1.1225219714974277,0.905329854640328,4.526566185805848,2025-02,development,False
60m_trend_pullback_confirmation_rr2_0,1小时趋势回踩·二次确认 RR2.0,trend_pullback,confirmation,2.0,1.15,2025-03-10T09:00:00+00:00,2025-03-10T09:00:00+00:00,2025-03-10T09:20:00+00:00,-1,81309.6,82325.38760159104,79278.02479681796,82325.58760159103,1015.7876015910259,-1.0001968915545805,0.08054596617702836,-1.0807428577316087,False,STOP,4,883.2935666008922,34.40980930597034,35.07614978174419,17.249503117500506,26.83480068631519,1.7431558813043608,-0.23814286419191005,1.1293429648516395,0.8395408572804673,5.767844567922687,2025-03,development,False
60m_trend_pullback_confirmation_rr2_0,1小时趋势回踩·二次确认 RR2.0,trend_pullback,confirmation,2.0,1.15,2025-03-10T15:00:00+00:00,2025-03-10T15:00:00+00:00,2025-03-11T00:35:00+00:00,-1,79813.5,81218.12110453924,77004.25779092152,77004.45779092151,1404.621104539241,1.9998576128470869,0.055822156339578356,1.9440354565075084,True,TARGET,115,1221.4096561210793,27.517406976137615,33.853523423353195,19.94945816857057,32.07448677144466,1.1125681291954623,-0.2546455134421973,4.0411751863518015,0.7159850986368661,3.355221550331151,2025-03,development,False
60m_trend_pullback_confirmation_rr2_0,1小时趋势回踩·二次确认 RR2.0,trend_pullback,confirmation,2.0,1.15,2025-03-30T17:00:00+00:00,2025-03-30T17:00:00+00:00,2025-03-30T18:30:00+00:00,-1,82253.1,82747.42313399554,81264.45373200893,82747.62313399554,494.3231339955371,-1.0004045936478465,0.1668956111767624,-1.1673002048246088,False,STOP,18,429.8462034743801,25.152361348748602,36.15175905040492,10.764615096317993,26.84397053204501,1.3328208098232315,-0.27591908673258625,2.0392723355832323,0.8055427958964954,2.9685035942769535,2025-03,development,False
60m_trend_pullback_confirmation_rr2_0,1小时趋势回踩·二次确认 RR2.0,trend_pullback,confirmation,2.0,1.15,2025-03-31T10:00:00+00:00,2025-03-31T10:00:00+00:00,2025-03-31T10:50:00+00:00,-1,81419.7,82033.53213383113,80192.03573233774,82033.73213383113,613.8321338311306,-1.0003258219779965,0.13314180141862555,-1.133467623396622,False,STOP,10,533.7670728966353,41.9682711718913,36.01063652768661,8.413576152444747,28.361126033127555,1.1896035134715859,-0.26554455765511725,1.5294550428755092,0.797012578616343,3.5509871182463155,2025-03,development,False
60m_trend_pullback_confirmation_rr2_0,1小时趋势回踩·二次确认 RR2.0,trend_pullback,confirmation,2.0,1.15,2025-04-23T17:00:00+00:00,2025-04-23T17:00:00+00:00,2025-04-24T04:00:00+00:00,1,93585.7,92619.25083184743,95518.59833630515,92619.05083184743,966.4491681525736,-1.0002069431135985,0.09633447726370811,-1.0965414203773065,False,STOP,132,840.390581002238,61.380373266039605,62.75113309019639,31.20673635510521,12.366345451782028,2.1979770665391567,0.1400060851094848,0.9887805360795803,0.7984163642362231,4.646648937144145,2025-04,development,False
60m_trend_pullback_confirmation_rr2_0,1小时趋势回踩·二次确认 RR2.0,trend_pullback,confirmation,2.0,1.15,2025-05-11T11:00:00+00:00,2025-05-11T11:00:00+00:00,2025-05-11T14:00:00+00:00,1,104608.3,103976.16478576498,105872.57042847005,103975.96478576498,632.1352142350208,-1.0003163880060704,0.16498389908414093,-1.1653002870902114,False,STOP,36,549.6827949869747,25.701755625955457,61.099594386131045,25.678083598321034,14.347232048896238,1.2484340704130537,0.2768734667596238,1.0109066521047532,0.9382045929018668,3.7477978550316857,2025-05,development,False
60m_trend_pullback_confirmation_rr2_0,1小时趋势回踩·二次确认 RR2.0,trend_pullback,confirmation,2.0,1.15,2025-06-18T11:00:00+00:00,2025-06-18T11:00:00+00:00,2025-06-18T14:05:00+00:00,-1,104218.7,104865.66841602116,102924.76316795766,104865.86841602116,646.9684160211667,-1.0003091341015102,0.16158792549865417,-1.1618970596001643,False,STOP,37,562.5812313227538,26.699961496231587,36.84973437984871,16.665995332620636,27.729368935394497,0.9103892466350827,-0.2312234001989724,1.0054639921467725,0.8345656192236494,4.180196332662266,2025-06,development,False
60m_trend_pullback_confirmation_rr2_0,1小时趋势回踩·二次确认 RR2.0,trend_pullback,confirmation,2.0,1.15,2025-07-10T15:00:00+00:00,2025-07-10T15:00:00+00:00,2025-07-10T16:25:00+00:00,1,111195.3,110693.94082089169,112198.01835821664,112197.81835821664,501.35917910831427,1.9996010843955252,0.2227875021212632,1.776813582274262,True,TARGET,17,435.9645035724472,36.4984384750559,61.52495080553802,26.666748618667114,17.107230027001457,1.715125832810322,0.14087887611637892,1.5572284963207292,0.8873036460585131,6.772110976483177,2025-07,development,False
60m_trend_pullback_confirmation_rr2_0,1小时趋势回踩·二次确认 RR2.0,trend_pullback,confirmation,2.0,1.15,2025-07-14T00:00:00+00:00,2025-07-14T00:00:00+00:00,2025-07-14T03:45:00+00:00,1,119038.5,118445.4202611742,120224.65947765161,120224.45947765162,593.0797388258051,1.9996627772171256,0.2017123025913436,1.797950474625782,True,TARGET,45,515.7215120224392,34.342141101537315,64.49271215988921,28.900624110325126,13.04667139460242,1.432562542525721,0.20503548121948825,1.0201658390580797,0.848229141906349,4.067505332041929,2025-07,development,False
60m_trend_pullback_confirmation_rr2_0,1小时趋势回踩·二次确认 RR2.0,trend_pullback,confirmation,2.0,1.15,2025-07-25T13:00:00+00:00,2025-07-25T13:00:00+00:00,2025-07-25T19:45:00+00:00,-1,116079.5,116910.89541008518,114416.70917982965,116911.09541008518,831.3954100851796,-1.0002405594228398,0.14012020789615282,-1.1403607673189926,False,STOP,81,722.9525305088519,37.89824380346293,41.13907505182873,11.805037313394552,28.233010614658273,1.107812229024422,-0.1979758587079381,1.0546888779414125,0.7731494511680125,6.514397282329351,2025-07,development,False
60m_trend_pullback_confirmation_rr2_0,1小时趋势回踩·二次确认 RR2.0,trend_pullback,confirmation,2.0,1.15,2025-07-27T15:00:00+00:00,2025-07-27T15:00:00+00:00,2025-07-27T16:15:00+00:00,1,118415.0,118105.63134906201,119033.737301876,119033.537301876,309.3686509379974,1.99935352208639,0.38376308747175647,1.6155904346146337,True,TARGET,15,269.0162182069543,26.788600615462837,62.396012812907905,33.57765183974789,16.831777332714307,0.896808423381827,0.22046996917282186,3.1622441507623225,0.8030139935414533,2.3466986645182244,2025-07,development,False
60m_trend_pullback_confirmation_rr2_0,1小时趋势回踩·二次确认 RR2.0,trend_pullback,confirmation,2.0,1.15,2025-08-01T18:00:00+00:00,2025-08-01T18:00:00+00:00,2025-08-02T18:15:00+00:00,-1,114387.0,115370.73979212205,112419.5204157559,112419.7204157559,983.739792122049,1.9997966942055183,0.11527780121941882,1.8845188929860994,True,TARGET,291,855.4259061930862,38.774664198677634,38.34442216143245,9.979176018878013,26.990547721702463,1.122666055746165,-0.2426475319069884,0.9719432865805016,0.8852674464449947,3.477799746841528,2025-08,development,False
60m_trend_pullback_confirmation_rr2_0,1小时趋势回踩·二次确认 RR2.0,trend_pullback,confirmation,2.0,1.15,2025-08-15T14:00:00+00:00,2025-08-15T14:00:00+00:00,2025-08-17T09:25:00+00:00,-1,117723.0,118428.64511308505,116311.7097738299,118428.84511308504,705.6451130850471,-1.000283428590787,0.1673304616825307,-1.1676138902733175,False,STOP,521,613.6044461609106,35.43730703840295,32.688380187703345,11.745761672402278,32.99500922012572,1.0208999024010443,-0.23546604506353305,2.7428721142624495,0.9663326653306701,3.5527773855607307,2025-08,development,False
60m_trend_pullback_confirmation_rr2_0,1小时趋势回踩·二次确认 RR2.0,trend_pullback,confirmation,2.0,1.15,2025-09-11T14:00:00+00:00,2025-09-11T14:00:00+00:00,2025-09-11T14:20:00+00:00,1,114578.4,114005.57808952876,115724.04382094246,114005.37808952876,572.8219104712298,-1.0003491486557072,0.19952429709042133,-1.1998734457461286,False,STOP,4,498.1060091054173,33.752316666725584,68.85263200650203,24.852308064283235,9.855164509223046,1.3850489705078992,0.22700540594895766,4.242864687678683,0.9154700222057757,2.7885630259602774,2025-09,development,False
60m_trend_pullback_confirmation_rr2_0,1小时趋势回踩·二次确认 RR2.0,trend_pullback,confirmation,2.0,1.15,2025-09-12T18:00:00+00:00,2025-09-12T18:00:00+00:00,2025-09-13T16:45:00+00:00,1,115746.7,115241.83317793961,116756.43364412077,115241.63317793961,504.86682206038665,-1.0003961440745521,0.22876164870100268,-1.2291577927755548,False,STOP,273,439.01462787859714,36.20290607655064,66.13648816099084,27.43369509916799,9.587050061997667,1.4482377925583132,0.28257501476410135,1.4271165059429487,0.7558866813833514,4.427642899720261,2025-09,development,False
60m_trend_pullback_confirmation_rr2_0,1小时趋势回踩·二次确认 RR2.0,trend_pullback,confirmation,2.0,1.15,2025-09-23T19:00:00+00:00,2025-09-23T19:00:00+00:00,2025-09-24T00:25:00+00:00,-1,111728.1,112320.9426283025,110542.41474339503,112321.14262830249,592.8426283024872,-1.0003373576569075,0.18896181881339463,-1.189299176470302,False,STOP,65,515.5153289586846,33.760608662491755,32.97967459438331,10.801701839394998,25.613847453127995,1.1645790604879203,-0.35108094353837865,1.5818097947709189,0.8107162585159238,3.5880601334131024,2025-09,development,False
60m_trend_pullback_confirmation_rr2_0,1小时趋势回踩·二次确认 RR2.0,trend_pullback,confirmation,2.0,1.15,2025-09-24T04:00:00+00:00,2025-09-24T04:00:00+00:00,2025-09-24T04:35:00+00:00,-1,111639.6,112198.24364845006,110522.31270309989,112198.44364845006,558.6436484500593,-1.0003580099774727,0.20034063241341976,-1.2006986423908925,False,STOP,7,485.7770856087473,33.137175755438754,37.64151987564211,11.505035087016433,23.68788618828876,1.2283084559773707,-0.1772537739926218,1.154427383038825,0.9685397344971766,3.7904216863020492,2025-09,development,False
60m_trend_pullback_confirmation_rr2_0,1小时趋势回踩·二次确认 RR2.0,trend_pullback,confirmation,2.0,1.15,2025-09-26T15:00:00+00:00,2025-09-26T15:00:00+00:00,2025-09-26T16:25:00+00:00,-1,108796.6,109557.42881266438,107274.94237467124,109557.62881266438,760.8288126643813,-1.0002628712223582,0.14349760759453872,-1.143760478816897,False,STOP,17,661.5902718820707,54.37340202511456,37.63181107571375,9.570802575388596,24.28559481585282,1.5140876271192838,-0.17003260770192216,1.542717070536373,0.8698241369684614,2.056711015609588,2025-09,development,False
60m_trend_pullback_confirmation_rr2_0,1小时趋势回踩·二次确认 RR2.0,trend_pullback,confirmation,2.0,1.15,2025-09-30T20:00:00+00:00,2025-09-30T20:00:00+00:00,2025-10-01T08:45:00+00:00,1,114309.3,113704.18817237233,115519.52365525535,115519.32365525536,605.1118276276745,1.999669482580139,0.18990590925671758,1.8097635733234214,True,TARGET,153,526.1841979371084,29.71521938072825,63.46212306007485,29.594980807238688,12.370476799021905,1.2155045448628765,0.21836466760712314,2.0352848173917675,0.7505124117513187,4.151968091335805,2025-09,development,False
60m_trend_pullback_confirmation_rr2_0,1小时趋势回踩·二次确认 RR2.0,trend_pullback,confirmation,2.0,1.15,2025-11-21T16:00:00+00:00,2025-11-21T16:00:00+00:00,2025-11-21T17:00:00+00:00,-1,82904.8,84626.73355988375,79460.9328802325,84626.93355988375,1721.9335598837472,-1.0001161484999532,0.04864639886895355,-1.0487625473689068,False,STOP,12,1497.3335303336933,50.42120572054752,35.76077601084758,13.262071767933472,37.97997832831755,1.6684291979680743,-0.27530653746468703,1.5439207753588713,0.9131832797427606,5.085106187599459,2025-11,validation,False
60m_trend_pullback_confirmation_rr2_0,1小时趋势回踩·二次确认 RR2.0,trend_pullback,confirmation,2.0,1.15,2025-11-27T17:00:00+00:00,2025-11-27T17:00:00+00:00,2025-11-28T01:20:00+00:00,1,91410.2,90764.18532725632,92702.22934548737,90763.98532725632,646.0146727436864,-1.0003095904914074,0.1409984888992885,-1.141308079390696,False,STOP,100,561.7518893423361,34.546302293008516,65.22081644135136,30.069081607646776,16.143205413697274,2.102611762242131,0.22062511278269764,1.504058456698853,0.847276264591449,4.402655419451218,2025-11,validation,False
60m_trend_pullback_confirmation_rr2_0,1小时趋势回踩·二次确认 RR2.0,trend_pullback,confirmation,2.0,1.15,2026-01-05T00:00:00+00:00,2026-01-05T00:00:00+00:00,2026-01-05T00:50:00+00:00,1,91497.4,91140.99604443197,92210.20791113604,92210.00791113604,356.4039555680232,1.9994388390003062,0.25772358168465065,1.7417152573156556,True,TARGET,10,309.9164831026289,34.170067554686774,62.715963564326785,24.798819864340217,15.528340500745212,1.6505117672709473,0.16223631599406046,1.3943005453358888,0.8189119170984607,3.1931183204356546,2026-01,validation,False
60m_trend_pullback_confirmation_rr2_0,1小时趋势回踩·二次确认 RR2.0,trend_pullback,confirmation,2.0,1.15,2026-01-19T23:00:00+00:00,2026-01-19T23:00:00+00:00,2026-01-20T05:05:00+00:00,-1,92527.8,92928.51261424506,91726.37477150989,91726.57477150988,400.7126142450561,1.9995008891837103,0.22990837850044446,1.7695925106832657,True,TARGET,73,348.4457515174401,28.951387561526108,33.22220255394515,17.50744164238891,33.67259555984379,1.8922771011032682,-0.3050717458134452,1.3332253619288887,0.9734411085450286,3.0007540497955314,2026-01,validation,False
60m_trend_pullback_confirmation_rr2_0,1小时趋势回踩·二次确认 RR2.0,trend_pullback,confirmation,2.0,1.15,2026-01-25T16:00:00+00:00,2026-01-25T16:00:00+00:00,2026-01-25T16:20:00+00:00,-1,88405.8,88731.25251126253,87754.89497747495,87755.09497747495,325.45251126252697,1.999385471019347,0.2706399380574673,1.7287455329618797,True,TARGET,4,283.0021837065452,41.248575638225205,36.70779848855092,11.691657611842329,32.15584977537227,1.1323295862948668,-0.24762493679768557,1.2865304533058703,0.7645107794361615,4.807030045431169,2026-01,validation,False
60m_trend_pullback_confirmation_rr2_0,1小时趋势回踩·二次确认 RR2.0,trend_pullback,confirmation,2.0,1.15,2026-02-02T03:00:00+00:00,2026-02-02T03:00:00+00:00,2026-02-02T09:40:00+00:00,-1,76446.90000000001,77649.67995755783,74041.34008488437,77649.87995755783,1202.7799575578197,-1.0001662814538481,0.0640585915109706,-1.0642248729648187,False,STOP,80,1045.8956152676694,50.69919737816176,35.13821675332544,11.343380431215527,23.199276003752736,1.5883605281456163,-0.19059619851340315,0.9210696191192006,0.9611831586427456,3.394220176639206,2026-02,validation,False
60m_trend_pullback_confirmation_rr2_0,1小时趋势回踩·二次确认 RR2.0,trend_pullback,confirmation,2.0,1.15,2026-02-04T15:00:00+00:00,2026-02-04T15:00:00+00:00,2026-02-04T17:30:00+00:00,-1,74328.8,75304.52777820863,72377.34444358273,72377.54444358272,975.7277782086351,1.9997950247964065,0.07517790705565688,1.9246171177407496,True,TARGET,30,848.4589375727262,32.742588354284194,35.13835414476836,10.604225511491848,34.49763523093284,0.9657545682351419,-0.41755068914043914,2.391678985939987,0.9184848678738278,4.789035532614346,2026-02,validation,False
60m_trend_pullback_confirmation_rr2_0,1小时趋势回踩·二次确认 RR2.0,trend_pullback,confirmation,2.0,1.15,2026-04-01T16:00:00+00:00,2026-04-01T16:00:00+00:00,2026-04-01T17:50:00+00:00,1,68877.09999999999,68248.96165637241,70133.37668725514,68248.76165637242,628.138343627573,-1.000318401196221,0.10915259595876156,-1.1094709971549825,False,STOP,22,546.2072553283244,29.810352732901208,60.63702014439707,22.46288612070818,14.451433356950197,0.8580843063360318,0.1559960771193389,1.1671245105841803,0.8893464637421613,3.209587538243555,2026-04,historical_test,False
60m_trend_pullback_confirmation_rr2_0,1小时趋势回踩·二次确认 RR2.0,trend_pullback,confirmation,2.0,1.15,2026-05-18T15:00:00+00:00,2026-05-18T15:00:00+00:00,2026-05-18T19:05:00+00:00,-1,76369.5,76877.57025535309,75353.35948929381,76877.77025535308,508.070255353092,-1.0003936463469063,0.15081307027986837,-1.1512067166267748,False,STOP,49,441.800222046167,32.05839773632954,34.04370758998425,17.995403808804628,33.734077563178374,1.2618908994598528,-0.23021199821884974,2.9831169624570237,0.7665979381443259,4.342460470288133,2026-05,historical_test,False
60m_trend_pullback_confirmation_rr2_0,1小时趋势回踩·二次确认 RR2.0,trend_pullback,confirmation,2.0,1.15,2026-06-21T11:00:00+00:00,2026-06-21T11:00:00+00:00,2026-06-21T12:15:00+00:00,1,64339.2,64060.71693674729,64896.16612650541,64060.51693674729,278.48306325270664,-1.0007181765298854,0.23053415787126752,-1.231252334401153,False,STOP,15,242.15918543713624,29.402028666080625,60.32313455810561,25.986939663394153,15.847455122366505,0.9204028297002509,0.14245119313958726,1.0150301411538463,0.7836930455635561,5.912639644105896,2026-06,historical_test,False
60m_trend_pullback_confirmation_rr2_5,1小时趋势回踩·二次确认 RR2.5,trend_pullback,confirmation,2.5,1.15,2025-01-13T17:00:00+00:00,2025-01-13T17:00:00+00:00,2025-01-13T19:50:00+00:00,-1,91322.7,92449.61705657146,88505.40735857135,92449.81705657145,1126.917056571457,-1.000177475350855,0.08153772985550627,-1.0817152052063612,False,STOP,34,979.9278752795278,27.237672174819945,34.19258200963192,14.875277276202043,35.396695976748575,0.876422933325652,-0.35076367272286535,1.3976487379075435,0.9001844839304894,7.169405195250673,2025-01,development,False
60m_trend_pullback_confirmation_rr2_5,1小时趋势回踩·二次确认 RR2.5,trend_pullback,confirmation,2.5,1.15,2025-01-14T18:00:00+00:00,2025-01-14T18:00:00+00:00,2025-01-15T14:05:00+00:00,1,96481.4,95473.2241504482,99001.83962387948,99001.63962387948,1008.175849551796,2.499801621909423,0.09694888035196698,2.4028527415574557,True,TARGET,241,876.6746517841705,28.34065816342626,62.08656504989157,24.186915128256764,16.90898016946406,0.9025168872639903,0.2976616494727199,0.9039995571984707,0.9805208333333364,4.564749296510054,2025-01,development,False
60m_trend_pullback_confirmation_rr2_5,1小时趋势回踩·二次确认 RR2.5,trend_pullback,confirmation,2.5,1.15,2025-02-27T17:00:00+00:00,2025-02-27T17:00:00+00:00,2025-02-28T01:35:00+00:00,-1,84450.2,85680.84587401107,81373.58531497233,81373.78531497232,1230.6458740110713,2.499837483711417,0.06737274662714245,2.4324647370842745,True,TARGET,103,1070.126846966149,32.510576868127735,37.87872338289244,12.620097843403249,25.80250196559849,1.2323209244551545,-0.2751069442700986,1.1225219714974277,0.905329854640328,4.526566185805848,2025-02,development,False
60m_trend_pullback_confirmation_rr2_5,1小时趋势回踩·二次确认 RR2.5,trend_pullback,confirmation,2.5,1.15,2025-03-10T09:00:00+00:00,2025-03-10T09:00:00+00:00,2025-03-10T09:20:00+00:00,-1,81309.6,82325.38760159104,78770.13099602245,82325.58760159103,1015.7876015910259,-1.0001968915545805,0.08054596617702836,-1.0807428577316087,False,STOP,4,883.2935666008922,34.40980930597034,35.07614978174419,17.249503117500506,26.83480068631519,1.7431558813043608,-0.23814286419191005,1.1293429648516395,0.8395408572804673,5.767844567922687,2025-03,development,False
60m_trend_pullback_confirmation_rr2_5,1小时趋势回踩·二次确认 RR2.5,trend_pullback,confirmation,2.5,1.15,2025-03-10T15:00:00+00:00,2025-03-10T15:00:00+00:00,2025-03-11T08:50:00+00:00,-1,79813.5,81218.12110453924,76301.94723865189,81218.32110453924,1404.621104539241,-1.0001423871529131,0.05732215633957836,-1.0574645434924914,False,STOP,214,1221.4096561210793,27.517406976137615,33.853523423353195,19.94945816857057,32.07448677144466,1.1125681291954623,-0.2546455134421973,4.0411751863518015,0.7159850986368661,3.355221550331151,2025-03,development,False
60m_trend_pullback_confirmation_rr2_5,1小时趋势回踩·二次确认 RR2.5,trend_pullback,confirmation,2.5,1.15,2025-03-30T17:00:00+00:00,2025-03-30T17:00:00+00:00,2025-03-30T18:30:00+00:00,-1,82253.1,82747.42313399554,81017.29216501117,82747.62313399554,494.3231339955371,-1.0004045936478465,0.1668956111767624,-1.1673002048246088,False,STOP,18,429.8462034743801,25.152361348748602,36.15175905040492,10.764615096317993,26.84397053204501,1.3328208098232315,-0.27591908673258625,2.0392723355832323,0.8055427958964954,2.9685035942769535,2025-03,development,False
60m_trend_pullback_confirmation_rr2_5,1小时趋势回踩·二次确认 RR2.5,trend_pullback,confirmation,2.5,1.15,2025-03-31T10:00:00+00:00,2025-03-31T10:00:00+00:00,2025-03-31T10:50:00+00:00,-1,81419.7,82033.53213383113,79885.11966542217,82033.73213383113,613.8321338311306,-1.0003258219779965,0.13314180141862555,-1.133467623396622,False,STOP,10,533.7670728966353,41.9682711718913,36.01063652768661,8.413576152444747,28.361126033127555,1.1896035134715859,-0.26554455765511725,1.5294550428755092,0.797012578616343,3.5509871182463155,2025-03,development,False
60m_trend_pullback_confirmation_rr2_5,1小时趋势回踩·二次确认 RR2.5,trend_pullback,confirmation,2.5,1.15,2025-04-23T17:00:00+00:00,2025-04-23T17:00:00+00:00,2025-04-24T04:00:00+00:00,1,93585.7,92619.25083184743,96001.82292038143,92619.05083184743,966.4491681525736,-1.0002069431135985,0.09633447726370811,-1.0965414203773065,False,STOP,132,840.390581002238,61.380373266039605,62.75113309019639,31.20673635510521,12.366345451782028,2.1979770665391567,0.1400060851094848,0.9887805360795803,0.7984163642362231,4.646648937144145,2025-04,development,False
60m_trend_pullback_confirmation_rr2_5,1小时趋势回踩·二次确认 RR2.5,trend_pullback,confirmation,2.5,1.15,2025-05-11T11:00:00+00:00,2025-05-11T11:00:00+00:00,2025-05-11T14:00:00+00:00,1,104608.3,103976.16478576498,106188.63803558756,103975.96478576498,632.1352142350208,-1.0003163880060704,0.16498389908414093,-1.1653002870902114,False,STOP,36,549.6827949869747,25.701755625955457,61.099594386131045,25.678083598321034,14.347232048896238,1.2484340704130537,0.2768734667596238,1.0109066521047532,0.9382045929018668,3.7477978550316857,2025-05,development,False
60m_trend_pullback_confirmation_rr2_5,1小时趋势回踩·二次确认 RR2.5,trend_pullback,confirmation,2.5,1.15,2025-06-18T11:00:00+00:00,2025-06-18T11:00:00+00:00,2025-06-18T14:05:00+00:00,-1,104218.7,104865.66841602116,102601.27895994709,104865.86841602116,646.9684160211667,-1.0003091341015102,0.16158792549865417,-1.1618970596001643,False,STOP,37,562.5812313227538,26.699961496231587,36.84973437984871,16.665995332620636,27.729368935394497,0.9103892466350827,-0.2312234001989724,1.0054639921467725,0.8345656192236494,4.180196332662266,2025-06,development,False
60m_trend_pullback_confirmation_rr2_5,1小时趋势回踩·二次确认 RR2.5,trend_pullback,confirmation,2.5,1.15,2025-07-10T15:00:00+00:00,2025-07-10T15:00:00+00:00,2025-07-10T16:30:00+00:00,1,111195.3,110693.94082089169,112448.6979477708,112448.4979477708,501.35917910831427,2.499601084395527,0.22303750212126316,2.276563582274264,True,TARGET,18,435.9645035724472,36.4984384750559,61.52495080553802,26.666748618667114,17.107230027001457,1.715125832810322,0.14087887611637892,1.5572284963207292,0.8873036460585131,6.772110976483177,2025-07,development,False
60m_trend_pullback_confirmation_rr2_5,1小时趋势回踩·二次确认 RR2.5,trend_pullback,confirmation,2.5,1.15,2025-07-14T00:00:00+00:00,2025-07-14T00:00:00+00:00,2025-07-14T03:45:00+00:00,1,119038.5,118445.4202611742,120521.19934706451,120520.99934706451,593.0797388258051,2.499662777217115,0.2019623025913436,2.2977004746257714,True,TARGET,45,515.7215120224392,34.342141101537315,64.49271215988921,28.900624110325126,13.04667139460242,1.432562542525721,0.20503548121948825,1.0201658390580797,0.848229141906349,4.067505332041929,2025-07,development,False
60m_trend_pullback_confirmation_rr2_5,1小时趋势回踩·二次确认 RR2.5,trend_pullback,confirmation,2.5,1.15,2025-07-25T13:00:00+00:00,2025-07-25T13:00:00+00:00,2025-07-25T19:45:00+00:00,-1,116079.5,116910.89541008518,114001.01147478705,116911.09541008518,831.3954100851796,-1.0002405594228398,0.14012020789615282,-1.1403607673189926,False,STOP,81,722.9525305088519,37.89824380346293,41.13907505182873,11.805037313394552,28.233010614658273,1.107812229024422,-0.1979758587079381,1.0546888779414125,0.7731494511680125,6.514397282329351,2025-07,development,False
60m_trend_pullback_confirmation_rr2_5,1小时趋势回踩·二次确认 RR2.5,trend_pullback,confirmation,2.5,1.15,2025-07-27T15:00:00+00:00,2025-07-27T15:00:00+00:00,2025-07-27T16:20:00+00:00,1,118415.0,118105.63134906201,119188.421627345,119188.221627345,309.3686509379974,2.4993535220864036,0.3840130874717565,2.115340434614647,True,TARGET,16,269.0162182069543,26.788600615462837,62.396012812907905,33.57765183974789,16.831777332714307,0.896808423381827,0.22046996917282186,3.1622441507623225,0.8030139935414533,2.3466986645182244,2025-07,development,False
60m_trend_pullback_confirmation_rr2_5,1小时趋势回踩·二次确认 RR2.5,trend_pullback,confirmation,2.5,1.15,2025-08-01T18:00:00+00:00,2025-08-01T18:00:00+00:00,2025-08-02T19:15:00+00:00,-1,114387.0,115370.73979212205,111927.65051969487,111927.85051969487,983.739792122049,2.4997966942055285,0.1150278012194188,2.3847688929861097,True,TARGET,303,855.4259061930862,38.774664198677634,38.34442216143245,9.979176018878013,26.990547721702463,1.122666055746165,-0.2426475319069884,0.9719432865805016,0.8852674464449947,3.477799746841528,2025-08,development,False
60m_trend_pullback_confirmation_rr2_5,1小时趋势回踩·二次确认 RR2.5,trend_pullback,confirmation,2.5,1.15,2025-08-15T14:00:00+00:00,2025-08-15T14:00:00+00:00,2025-08-17T09:25:00+00:00,-1,117723.0,118428.64511308505,115958.88721728738,118428.84511308504,705.6451130850471,-1.000283428590787,0.1673304616825307,-1.1676138902733175,False,STOP,521,613.6044461609106,35.43730703840295,32.688380187703345,11.745761672402278,32.99500922012572,1.0208999024010443,-0.23546604506353305,2.7428721142624495,0.9663326653306701,3.5527773855607307,2025-08,development,False
60m_trend_pullback_confirmation_rr2_5,1小时趋势回踩·二次确认 RR2.5,trend_pullback,confirmation,2.5,1.15,2025-09-11T14:00:00+00:00,2025-09-11T14:00:00+00:00,2025-09-11T14:20:00+00:00,1,114578.4,114005.57808952876,116010.45477617807,114005.37808952876,572.8219104712298,-1.0003491486557072,0.19952429709042133,-1.1998734457461286,False,STOP,4,498.1060091054173,33.752316666725584,68.85263200650203,24.852308064283235,9.855164509223046,1.3850489705078992,0.22700540594895766,4.242864687678683,0.9154700222057757,2.7885630259602774,2025-09,development,False
60m_trend_pullback_confirmation_rr2_5,1小时趋势回踩·二次确认 RR2.5,trend_pullback,confirmation,2.5,1.15,2025-09-12T18:00:00+00:00,2025-09-12T18:00:00+00:00,2025-09-13T16:45:00+00:00,1,115746.7,115241.83317793961,117008.86705515096,115241.63317793961,504.86682206038665,-1.0003961440745521,0.22876164870100268,-1.2291577927755548,False,STOP,273,439.01462787859714,36.20290607655064,66.13648816099084,27.43369509916799,9.587050061997667,1.4482377925583132,0.28257501476410135,1.4271165059429487,0.7558866813833514,4.427642899720261,2025-09,development,False
60m_trend_pullback_confirmation_rr2_5,1小时趋势回踩·二次确认 RR2.5,trend_pullback,confirmation,2.5,1.15,2025-09-23T19:00:00+00:00,2025-09-23T19:00:00+00:00,2025-09-24T00:25:00+00:00,-1,111728.1,112320.9426283025,110245.99342924378,112321.14262830249,592.8426283024872,-1.0003373576569075,0.18896181881339463,-1.189299176470302,False,STOP,65,515.5153289586846,33.760608662491755,32.97967459438331,10.801701839394998,25.613847453127995,1.1645790604879203,-0.35108094353837865,1.5818097947709189,0.8107162585159238,3.5880601334131024,2025-09,development,False
60m_trend_pullback_confirmation_rr2_5,1小时趋势回踩·二次确认 RR2.5,trend_pullback,confirmation,2.5,1.15,2025-09-24T04:00:00+00:00,2025-09-24T04:00:00+00:00,2025-09-24T04:35:00+00:00,-1,111639.6,112198.24364845006,110242.99087887486,112198.44364845006,558.6436484500593,-1.0003580099774727,0.20034063241341976,-1.2006986423908925,False,STOP,7,485.7770856087473,33.137175755438754,37.64151987564211,11.505035087016433,23.68788618828876,1.2283084559773707,-0.1772537739926218,1.154427383038825,0.9685397344971766,3.7904216863020492,2025-09,development,False
60m_trend_pullback_confirmation_rr2_5,1小时趋势回踩·二次确认 RR2.5,trend_pullback,confirmation,2.5,1.15,2025-09-26T15:00:00+00:00,2025-09-26T15:00:00+00:00,2025-09-26T16:25:00+00:00,-1,108796.6,109557.42881266438,106894.52796833905,109557.62881266438,760.8288126643813,-1.0002628712223582,0.14349760759453872,-1.143760478816897,False,STOP,17,661.5902718820707,54.37340202511456,37.63181107571375,9.570802575388596,24.28559481585282,1.5140876271192838,-0.17003260770192216,1.542717070536373,0.8698241369684614,2.056711015609588,2025-09,development,False
60m_trend_pullback_confirmation_rr2_5,1小时趋势回踩·二次确认 RR2.5,trend_pullback,confirmation,2.5,1.15,2025-09-30T20:00:00+00:00,2025-09-30T20:00:00+00:00,2025-10-01T08:50:00+00:00,1,114309.3,113704.18817237233,115822.07956906919,115821.87956906919,605.1118276276745,2.499669482580134,0.19015590925671755,2.3095135733234162,True,TARGET,154,526.1841979371084,29.71521938072825,63.46212306007485,29.594980807238688,12.370476799021905,1.2155045448628765,0.21836466760712314,2.0352848173917675,0.7505124117513187,4.151968091335805,2025-09,development,False
60m_trend_pullback_confirmation_rr2_5,1小时趋势回踩·二次确认 RR2.5,trend_pullback,confirmation,2.5,1.15,2025-11-21T16:00:00+00:00,2025-11-21T16:00:00+00:00,2025-11-21T17:00:00+00:00,-1,82904.8,84626.73355988375,78599.96610029064,84626.93355988375,1721.9335598837472,-1.0001161484999532,0.04864639886895355,-1.0487625473689068,False,STOP,12,1497.3335303336933,50.42120572054752,35.76077601084758,13.262071767933472,37.97997832831755,1.6684291979680743,-0.27530653746468703,1.5439207753588713,0.9131832797427606,5.085106187599459,2025-11,validation,False
60m_trend_pullback_confirmation_rr2_5,1小时趋势回踩·二次确认 RR2.5,trend_pullback,confirmation,2.5,1.15,2025-11-27T17:00:00+00:00,2025-11-27T17:00:00+00:00,2025-11-28T01:20:00+00:00,1,91410.2,90764.18532725632,93025.23668185921,90763.98532725632,646.0146727436864,-1.0003095904914074,0.1409984888992885,-1.141308079390696,False,STOP,100,561.7518893423361,34.546302293008516,65.22081644135136,30.069081607646776,16.143205413697274,2.102611762242131,0.22062511278269764,1.504058456698853,0.847276264591449,4.402655419451218,2025-11,validation,False
60m_trend_pullback_confirmation_rr2_5,1小时趋势回踩·二次确认 RR2.5,trend_pullback,confirmation,2.5,1.15,2026-01-05T00:00:00+00:00,2026-01-05T00:00:00+00:00,2026-01-05T01:00:00+00:00,1,91497.4,91140.99604443197,92388.40988892005,92388.20988892006,356.4039555680232,2.4994388390003235,0.2579735816846506,2.241465257315673,True,TARGET,12,309.9164831026289,34.170067554686774,62.715963564326785,24.798819864340217,15.528340500745212,1.6505117672709473,0.16223631599406046,1.3943005453358888,0.8189119170984607,3.1931183204356546,2026-01,validation,False
60m_trend_pullback_confirmation_rr2_5,1小时趋势回踩·二次确认 RR2.5,trend_pullback,confirmation,2.5,1.15,2026-01-19T23:00:00+00:00,2026-01-19T23:00:00+00:00,2026-01-20T05:15:00+00:00,-1,92527.8,92928.51261424506,91526.01846438737,91526.21846438736,400.7126142450561,2.4995008891836945,0.22965837850044446,2.26984251068325,True,TARGET,75,348.4457515174401,28.951387561526108,33.22220255394515,17.50744164238891,33.67259555984379,1.8922771011032682,-0.3050717458134452,1.3332253619288887,0.9734411085450286,3.0007540497955314,2026-01,validation,False
60m_trend_pullback_confirmation_rr2_5,1小时趋势回踩·二次确认 RR2.5,trend_pullback,confirmation,2.5,1.15,2026-01-25T16:00:00+00:00,2026-01-25T16:00:00+00:00,2026-01-25T16:25:00+00:00,-1,88405.8,88731.25251126253,87592.16872184369,87592.36872184368,325.45251126252697,2.4993854710193473,0.2703899380574673,2.22899553296188,True,TARGET,5,283.0021837065452,41.248575638225205,36.70779848855092,11.691657611842329,32.15584977537227,1.1323295862948668,-0.24762493679768557,1.2865304533058703,0.7645107794361615,4.807030045431169,2026-01,validation,False
60m_trend_pullback_confirmation_rr2_5,1小时趋势回踩·二次确认 RR2.5,trend_pullback,confirmation,2.5,1.15,2026-02-02T03:00:00+00:00,2026-02-02T03:00:00+00:00,2026-02-02T09:40:00+00:00,-1,76446.90000000001,77649.67995755783,73439.95010610546,77649.87995755783,1202.7799575578197,-1.0001662814538481,0.0640585915109706,-1.0642248729648187,False,STOP,80,1045.8956152676694,50.69919737816176,35.13821675332544,11.343380431215527,23.199276003752736,1.5883605281456163,-0.19059619851340315,0.9210696191192006,0.9611831586427456,3.394220176639206,2026-02,validation,False
60m_trend_pullback_confirmation_rr2_5,1小时趋势回踩·二次确认 RR2.5,trend_pullback,confirmation,2.5,1.15,2026-02-04T15:00:00+00:00,2026-02-04T15:00:00+00:00,2026-02-04T22:10:00+00:00,-1,74328.8,75304.52777820863,71889.48055447842,71889.68055447841,975.7277782086351,2.499795024796397,0.07492790705565688,2.42486711774074,True,TARGET,86,848.4589375727262,32.742588354284194,35.13835414476836,10.604225511491848,34.49763523093284,0.9657545682351419,-0.41755068914043914,2.391678985939987,0.9184848678738278,4.789035532614346,2026-02,validation,False
60m_trend_pullback_confirmation_rr2_5,1小时趋势回踩·二次确认 RR2.5,trend_pullback,confirmation,2.5,1.15,2026-04-01T16:00:00+00:00,2026-04-01T16:00:00+00:00,2026-04-01T17:50:00+00:00,1,68877.09999999999,68248.96165637241,70447.44585906892,68248.76165637242,628.138343627573,-1.000318401196221,0.10915259595876156,-1.1094709971549825,False,STOP,22,546.2072553283244,29.810352732901208,60.63702014439707,22.46288612070818,14.451433356950197,0.8580843063360318,0.1559960771193389,1.1671245105841803,0.8893464637421613,3.209587538243555,2026-04,historical_test,False
60m_trend_pullback_confirmation_rr2_5,1小时趋势回踩·二次确认 RR2.5,trend_pullback,confirmation,2.5,1.15,2026-05-18T15:00:00+00:00,2026-05-18T15:00:00+00:00,2026-05-18T19:05:00+00:00,-1,76369.5,76877.57025535309,75099.32436161727,76877.77025535308,508.070255353092,-1.0003936463469063,0.15081307027986837,-1.1512067166267748,False,STOP,49,441.800222046167,32.05839773632954,34.04370758998425,17.995403808804628,33.734077563178374,1.2618908994598528,-0.23021199821884974,2.9831169624570237,0.7665979381443259,4.342460470288133,2026-05,historical_test,False
60m_trend_pullback_confirmation_rr2_5,1小时趋势回踩·二次确认 RR2.5,trend_pullback,confirmation,2.5,1.15,2026-06-21T11:00:00+00:00,2026-06-21T11:00:00+00:00,2026-06-21T12:15:00+00:00,1,64339.2,64060.71693674729,65035.407658131764,64060.51693674729,278.48306325270664,-1.0007181765298854,0.23053415787126752,-1.231252334401153,False,STOP,15,242.15918543713624,29.402028666080625,60.32313455810561,25.986939663394153,15.847455122366505,0.9204028297002509,0.14245119313958726,1.0150301411538463,0.7836930455635561,5.912639644105896,2026-06,historical_test,False
60m_trend_pullback_confirmation_rr3_0,1小时趋势回踩·二次确认 RR3.0,trend_pullback,confirmation,3.0,1.15,2025-01-13T17:00:00+00:00,2025-01-13T17:00:00+00:00,2025-01-13T19:50:00+00:00,-1,91322.7,92449.61705657146,87941.94883028563,92449.81705657145,1126.917056571457,-1.000177475350855,0.08153772985550627,-1.0817152052063612,False,STOP,34,979.9278752795278,27.237672174819945,34.19258200963192,14.875277276202043,35.396695976748575,0.876422933325652,-0.35076367272286535,1.3976487379075435,0.9001844839304894,7.169405195250673,2025-01,development,False
60m_trend_pullback_confirmation_rr3_0,1小时趋势回踩·二次确认 RR3.0,trend_pullback,confirmation,3.0,1.15,2025-01-14T18:00:00+00:00,2025-01-14T18:00:00+00:00,2025-01-15T15:05:00+00:00,1,96481.4,95473.2241504482,99505.92754865538,99505.72754865538,1008.175849551796,2.9998016219094255,0.097198880351967,2.9026027415574585,True,TARGET,253,876.6746517841705,28.34065816342626,62.08656504989157,24.186915128256764,16.90898016946406,0.9025168872639903,0.2976616494727199,0.9039995571984707,0.9805208333333364,4.564749296510054,2025-01,development,False
60m_trend_pullback_confirmation_rr3_0,1小时趋势回踩·二次确认 RR3.0,trend_pullback,confirmation,3.0,1.15,2025-02-27T17:00:00+00:00,2025-02-27T17:00:00+00:00,2025-02-28T02:35:00+00:00,-1,84450.2,85680.84587401107,80758.26237796678,80758.46237796677,1230.6458740110713,2.9998374837114277,0.06712274662714243,2.9327147370842854,True,TARGET,115,1070.126846966149,32.510576868127735,37.87872338289244,12.620097843403249,25.80250196559849,1.2323209244551545,-0.2751069442700986,1.1225219714974277,0.905329854640328,4.526566185805848,2025-02,development,False
60m_trend_pullback_confirmation_rr3_0,1小时趋势回踩·二次确认 RR3.0,trend_pullback,confirmation,3.0,1.15,2025-03-10T09:00:00+00:00,2025-03-10T09:00:00+00:00,2025-03-10T09:20:00+00:00,-1,81309.6,82325.38760159104,78262.23719522693,82325.58760159103,1015.7876015910259,-1.0001968915545805,0.08054596617702836,-1.0807428577316087,False,STOP,4,883.2935666008922,34.40980930597034,35.07614978174419,17.249503117500506,26.83480068631519,1.7431558813043608,-0.23814286419191005,1.1293429648516395,0.8395408572804673,5.767844567922687,2025-03,development,False
60m_trend_pullback_confirmation_rr3_0,1小时趋势回踩·二次确认 RR3.0,trend_pullback,confirmation,3.0,1.15,2025-03-10T15:00:00+00:00,2025-03-10T15:00:00+00:00,2025-03-11T08:50:00+00:00,-1,79813.5,81218.12110453924,75599.63668638228,81218.32110453924,1404.621104539241,-1.0001423871529131,0.05732215633957836,-1.0574645434924914,False,STOP,214,1221.4096561210793,27.517406976137615,33.853523423353195,19.94945816857057,32.07448677144466,1.1125681291954623,-0.2546455134421973,4.0411751863518015,0.7159850986368661,3.355221550331151,2025-03,development,False
60m_trend_pullback_confirmation_rr3_0,1小时趋势回踩·二次确认 RR3.0,trend_pullback,confirmation,3.0,1.15,2025-03-30T17:00:00+00:00,2025-03-30T17:00:00+00:00,2025-03-30T18:30:00+00:00,-1,82253.1,82747.42313399554,80770.13059801339,82747.62313399554,494.3231339955371,-1.0004045936478465,0.1668956111767624,-1.1673002048246088,False,STOP,18,429.8462034743801,25.152361348748602,36.15175905040492,10.764615096317993,26.84397053204501,1.3328208098232315,-0.27591908673258625,2.0392723355832323,0.8055427958964954,2.9685035942769535,2025-03,development,False
60m_trend_pullback_confirmation_rr3_0,1小时趋势回踩·二次确认 RR3.0,trend_pullback,confirmation,3.0,1.15,2025-03-31T10:00:00+00:00,2025-03-31T10:00:00+00:00,2025-03-31T10:50:00+00:00,-1,81419.7,82033.53213383113,79578.2035985066,82033.73213383113,613.8321338311306,-1.0003258219779965,0.13314180141862555,-1.133467623396622,False,STOP,10,533.7670728966353,41.9682711718913,36.01063652768661,8.413576152444747,28.361126033127555,1.1896035134715859,-0.26554455765511725,1.5294550428755092,0.797012578616343,3.5509871182463155,2025-03,development,False
60m_trend_pullback_confirmation_rr3_0,1小时趋势回踩·二次确认 RR3.0,trend_pullback,confirmation,3.0,1.15,2025-04-23T17:00:00+00:00,2025-04-23T17:00:00+00:00,2025-04-24T04:00:00+00:00,1,93585.7,92619.25083184743,96485.04750445772,92619.05083184743,966.4491681525736,-1.0002069431135985,0.09633447726370811,-1.0965414203773065,False,STOP,132,840.390581002238,61.380373266039605,62.75113309019639,31.20673635510521,12.366345451782028,2.1979770665391567,0.1400060851094848,0.9887805360795803,0.7984163642362231,4.646648937144145,2025-04,development,False
60m_trend_pullback_confirmation_rr3_0,1小时趋势回踩·二次确认 RR3.0,trend_pullback,confirmation,3.0,1.15,2025-05-11T11:00:00+00:00,2025-05-11T11:00:00+00:00,2025-05-11T14:00:00+00:00,1,104608.3,103976.16478576498,106504.70564270507,103975.96478576498,632.1352142350208,-1.0003163880060704,0.16498389908414093,-1.1653002870902114,False,STOP,36,549.6827949869747,25.701755625955457,61.099594386131045,25.678083598321034,14.347232048896238,1.2484340704130537,0.2768734667596238,1.0109066521047532,0.9382045929018668,3.7477978550316857,2025-05,development,False
60m_trend_pullback_confirmation_rr3_0,1小时趋势回踩·二次确认 RR3.0,trend_pullback,confirmation,3.0,1.15,2025-06-18T11:00:00+00:00,2025-06-18T11:00:00+00:00,2025-06-18T14:05:00+00:00,-1,104218.7,104865.66841602116,102277.7947519365,104865.86841602116,646.9684160211667,-1.0003091341015102,0.16158792549865417,-1.1618970596001643,False,STOP,37,562.5812313227538,26.699961496231587,36.84973437984871,16.665995332620636,27.729368935394497,0.9103892466350827,-0.2312234001989724,1.0054639921467725,0.8345656192236494,4.180196332662266,2025-06,development,False
60m_trend_pullback_confirmation_rr3_0,1小时趋势回踩·二次确认 RR3.0,trend_pullback,confirmation,3.0,1.15,2025-07-10T15:00:00+00:00,2025-07-10T15:00:00+00:00,2025-07-10T17:10:00+00:00,1,111195.3,110693.94082089169,112699.37753732495,112699.17753732495,501.35917910831427,2.9996010843955294,0.22328750212126314,2.776313582274266,True,TARGET,26,435.9645035724472,36.4984384750559,61.52495080553802,26.666748618667114,17.107230027001457,1.715125832810322,0.14087887611637892,1.5572284963207292,0.8873036460585131,6.772110976483177,2025-07,development,False
60m_trend_pullback_confirmation_rr3_0,1小时趋势回踩·二次确认 RR3.0,trend_pullback,confirmation,3.0,1.15,2025-07-14T00:00:00+00:00,2025-07-14T00:00:00+00:00,2025-07-14T03:45:00+00:00,1,119038.5,118445.4202611742,120817.73921647742,120817.53921647742,593.0797388258051,2.9996627772171287,0.20221230259134357,2.7974504746257853,True,TARGET,45,515.7215120224392,34.342141101537315,64.49271215988921,28.900624110325126,13.04667139460242,1.432562542525721,0.20503548121948825,1.0201658390580797,0.848229141906349,4.067505332041929,2025-07,development,False
60m_trend_pullback_confirmation_rr3_0,1小时趋势回踩·二次确认 RR3.0,trend_pullback,confirmation,3.0,1.15,2025-07-25T13:00:00+00:00,2025-07-25T13:00:00+00:00,2025-07-25T19:45:00+00:00,-1,116079.5,116910.89541008518,113585.31376974446,116911.09541008518,831.3954100851796,-1.0002405594228398,0.14012020789615282,-1.1403607673189926,False,STOP,81,722.9525305088519,37.89824380346293,41.13907505182873,11.805037313394552,28.233010614658273,1.107812229024422,-0.1979758587079381,1.0546888779414125,0.7731494511680125,6.514397282329351,2025-07,development,False
60m_trend_pullback_confirmation_rr3_0,1小时趋势回踩·二次确认 RR3.0,trend_pullback,confirmation,3.0,1.15,2025-07-27T15:00:00+00:00,2025-07-27T15:00:00+00:00,2025-07-27T16:25:00+00:00,1,118415.0,118105.63134906201,119343.10595281399,119342.90595281399,309.3686509379974,2.9993535220863703,0.38426308747175647,2.615090434614614,True,TARGET,17,269.0162182069543,26.788600615462837,62.396012812907905,33.57765183974789,16.831777332714307,0.896808423381827,0.22046996917282186,3.1622441507623225,0.8030139935414533,2.3466986645182244,2025-07,development,False
60m_trend_pullback_confirmation_rr3_0,1小时趋势回踩·二次确认 RR3.0,trend_pullback,confirmation,3.0,1.15,2025-08-01T18:00:00+00:00,2025-08-01T18:00:00+00:00,2025-08-03T18:00:00+00:00,-1,114387.0,115370.73979212205,111435.78062363385,114069.09999999999,983.739792122049,0.32315456032764406,0.11611612228635775,0.2070384380412863,True,TIME_EXIT,576,855.4259061930862,38.774664198677634,38.34442216143245,9.979176018878013,26.990547721702463,1.122666055746165,-0.2426475319069884,0.9719432865805016,0.8852674464449947,3.477799746841528,2025-08,development,False
60m_trend_pullback_confirmation_rr3_0,1小时趋势回踩·二次确认 RR3.0,trend_pullback,confirmation,3.0,1.15,2025-08-15T14:00:00+00:00,2025-08-15T14:00:00+00:00,2025-08-17T09:25:00+00:00,-1,117723.0,118428.64511308505,115606.06466074486,118428.84511308504,705.6451130850471,-1.000283428590787,0.1673304616825307,-1.1676138902733175,False,STOP,521,613.6044461609106,35.43730703840295,32.688380187703345,11.745761672402278,32.99500922012572,1.0208999024010443,-0.23546604506353305,2.7428721142624495,0.9663326653306701,3.5527773855607307,2025-08,development,False
60m_trend_pullback_confirmation_rr3_0,1小时趋势回踩·二次确认 RR3.0,trend_pullback,confirmation,3.0,1.15,2025-09-11T14:00:00+00:00,2025-09-11T14:00:00+00:00,2025-09-11T14:20:00+00:00,1,114578.4,114005.57808952876,116296.86573141368,114005.37808952876,572.8219104712298,-1.0003491486557072,0.19952429709042133,-1.1998734457461286,False,STOP,4,498.1060091054173,33.752316666725584,68.85263200650203,24.852308064283235,9.855164509223046,1.3850489705078992,0.22700540594895766,4.242864687678683,0.9154700222057757,2.7885630259602774,2025-09,development,False
60m_trend_pullback_confirmation_rr3_0,1小时趋势回踩·二次确认 RR3.0,trend_pullback,confirmation,3.0,1.15,2025-09-12T18:00:00+00:00,2025-09-12T18:00:00+00:00,2025-09-13T16:45:00+00:00,1,115746.7,115241.83317793961,117261.30046618116,115241.63317793961,504.86682206038665,-1.0003961440745521,0.22876164870100268,-1.2291577927755548,False,STOP,273,439.01462787859714,36.20290607655064,66.13648816099084,27.43369509916799,9.587050061997667,1.4482377925583132,0.28257501476410135,1.4271165059429487,0.7558866813833514,4.427642899720261,2025-09,development,False
60m_trend_pullback_confirmation_rr3_0,1小时趋势回踩·二次确认 RR3.0,trend_pullback,confirmation,3.0,1.15,2025-09-23T19:00:00+00:00,2025-09-23T19:00:00+00:00,2025-09-24T00:25:00+00:00,-1,111728.1,112320.9426283025,109949.57211509254,112321.14262830249,592.8426283024872,-1.0003373576569075,0.18896181881339463,-1.189299176470302,False,STOP,65,515.5153289586846,33.760608662491755,32.97967459438331,10.801701839394998,25.613847453127995,1.1645790604879203,-0.35108094353837865,1.5818097947709189,0.8107162585159238,3.5880601334131024,2025-09,development,False
60m_trend_pullback_confirmation_rr3_0,1小时趋势回踩·二次确认 RR3.0,trend_pullback,confirmation,3.0,1.15,2025-09-24T04:00:00+00:00,2025-09-24T04:00:00+00:00,2025-09-24T04:35:00+00:00,-1,111639.6,112198.24364845006,109963.66905464983,112198.44364845006,558.6436484500593,-1.0003580099774727,0.20034063241341976,-1.2006986423908925,False,STOP,7,485.7770856087473,33.137175755438754,37.64151987564211,11.505035087016433,23.68788618828876,1.2283084559773707,-0.1772537739926218,1.154427383038825,0.9685397344971766,3.7904216863020492,2025-09,development,False
60m_trend_pullback_confirmation_rr3_0,1小时趋势回踩·二次确认 RR3.0,trend_pullback,confirmation,3.0,1.15,2025-09-26T15:00:00+00:00,2025-09-26T15:00:00+00:00,2025-09-26T16:25:00+00:00,-1,108796.6,109557.42881266438,106514.11356200687,109557.62881266438,760.8288126643813,-1.0002628712223582,0.14349760759453872,-1.143760478816897,False,STOP,17,661.5902718820707,54.37340202511456,37.63181107571375,9.570802575388596,24.28559481585282,1.5140876271192838,-0.17003260770192216,1.542717070536373,0.8698241369684614,2.056711015609588,2025-09,development,False
60m_trend_pullback_confirmation_rr3_0,1小时趋势回踩·二次确认 RR3.0,trend_pullback,confirmation,3.0,1.15,2025-09-30T20:00:00+00:00,2025-09-30T20:00:00+00:00,2025-10-01T08:50:00+00:00,1,114309.3,113704.18817237233,116124.63548288302,116124.43548288303,605.1118276276745,2.999669482580129,0.19040590925671758,2.8092635733234115,True,TARGET,154,526.1841979371084,29.71521938072825,63.46212306007485,29.594980807238688,12.370476799021905,1.2155045448628765,0.21836466760712314,2.0352848173917675,0.7505124117513187,4.151968091335805,2025-09,development,False
60m_trend_pullback_confirmation_rr3_0,1小时趋势回踩·二次确认 RR3.0,trend_pullback,confirmation,3.0,1.15,2025-11-21T16:00:00+00:00,2025-11-21T16:00:00+00:00,2025-11-21T17:00:00+00:00,-1,82904.8,84626.73355988375,77738.99932034875,84626.93355988375,1721.9335598837472,-1.0001161484999532,0.04864639886895355,-1.0487625473689068,False,STOP,12,1497.3335303336933,50.42120572054752,35.76077601084758,13.262071767933472,37.97997832831755,1.6684291979680743,-0.27530653746468703,1.5439207753588713,0.9131832797427606,5.085106187599459,2025-11,validation,False
60m_trend_pullback_confirmation_rr3_0,1小时趋势回踩·二次确认 RR3.0,trend_pullback,confirmation,3.0,1.15,2025-11-27T17:00:00+00:00,2025-11-27T17:00:00+00:00,2025-11-28T01:20:00+00:00,1,91410.2,90764.18532725632,93348.24401823105,90763.98532725632,646.0146727436864,-1.0003095904914074,0.1409984888992885,-1.141308079390696,False,STOP,100,561.7518893423361,34.546302293008516,65.22081644135136,30.069081607646776,16.143205413697274,2.102611762242131,0.22062511278269764,1.504058456698853,0.847276264591449,4.402655419451218,2025-11,validation,False
60m_trend_pullback_confirmation_rr3_0,1小时趋势回踩·二次确认 RR3.0,trend_pullback,confirmation,3.0,1.15,2026-01-05T00:00:00+00:00,2026-01-05T00:00:00+00:00,2026-01-05T01:10:00+00:00,1,91497.4,91140.99604443197,92566.61186670406,92566.41186670406,356.4039555680232,2.9994388390003,0.25822358168465065,2.741215257315649,True,TARGET,14,309.9164831026289,34.170067554686774,62.715963564326785,24.798819864340217,15.528340500745212,1.6505117672709473,0.16223631599406046,1.3943005453358888,0.8189119170984607,3.1931183204356546,2026-01,validation,False
60m_trend_pullback_confirmation_rr3_0,1小时趋势回踩·二次确认 RR3.0,trend_pullback,confirmation,3.0,1.15,2026-01-19T23:00:00+00:00,2026-01-19T23:00:00+00:00,2026-01-20T05:15:00+00:00,-1,92527.8,92928.51261424506,91325.66215726483,91325.86215726483,400.7126142450561,2.999500889183715,0.22940837850044446,2.7700925106832703,True,TARGET,75,348.4457515174401,28.951387561526108,33.22220255394515,17.50744164238891,33.67259555984379,1.8922771011032682,-0.3050717458134452,1.3332253619288887,0.9734411085450286,3.0007540497955314,2026-01,validation,False
60m_trend_pullback_confirmation_rr3_0,1小时趋势回踩·二次确认 RR3.0,trend_pullback,confirmation,3.0,1.15,2026-01-25T16:00:00+00:00,2026-01-25T16:00:00+00:00,2026-01-25T18:15:00+00:00,-1,88405.8,88731.25251126253,87429.44246621242,87429.64246621242,325.45251126252697,2.9993854710193473,0.27013993805746733,2.72924553296188,True,TARGET,27,283.0021837065452,41.248575638225205,36.70779848855092,11.691657611842329,32.15584977537227,1.1323295862948668,-0.24762493679768557,1.2865304533058703,0.7645107794361615,4.807030045431169,2026-01,validation,False
60m_trend_pullback_confirmation_rr3_0,1小时趋势回踩·二次确认 RR3.0,trend_pullback,confirmation,3.0,1.15,2026-02-02T03:00:00+00:00,2026-02-02T03:00:00+00:00,2026-02-02T09:40:00+00:00,-1,76446.90000000001,77649.67995755783,72838.56012732655,77649.87995755783,1202.7799575578197,-1.0001662814538481,0.0640585915109706,-1.0642248729648187,False,STOP,80,1045.8956152676694,50.69919737816176,35.13821675332544,11.343380431215527,23.199276003752736,1.5883605281456163,-0.19059619851340315,0.9210696191192006,0.9611831586427456,3.394220176639206,2026-02,validation,False
60m_trend_pullback_confirmation_rr3_0,1小时趋势回踩·二次确认 RR3.0,trend_pullback,confirmation,3.0,1.15,2026-02-04T15:00:00+00:00,2026-02-04T15:00:00+00:00,2026-02-05T03:00:00+00:00,-1,74328.8,75304.52777820863,71401.6166653741,71401.81666537409,975.7277782086351,2.9997950247964025,0.07467790705565687,2.925117117740746,True,TARGET,144,848.4589375727262,32.742588354284194,35.13835414476836,10.604225511491848,34.49763523093284,0.9657545682351419,-0.41755068914043914,2.391678985939987,0.9184848678738278,4.789035532614346,2026-02,validation,False
60m_trend_pullback_confirmation_rr3_0,1小时趋势回踩·二次确认 RR3.0,trend_pullback,confirmation,3.0,1.15,2026-04-01T16:00:00+00:00,2026-04-01T16:00:00+00:00,2026-04-01T17:50:00+00:00,1,68877.09999999999,68248.96165637241,70761.51503088271,68248.76165637242,628.138343627573,-1.000318401196221,0.10915259595876156,-1.1094709971549825,False,STOP,22,546.2072553283244,29.810352732901208,60.63702014439707,22.46288612070818,14.451433356950197,0.8580843063360318,0.1559960771193389,1.1671245105841803,0.8893464637421613,3.209587538243555,2026-04,historical_test,False
60m_trend_pullback_confirmation_rr3_0,1小时趋势回踩·二次确认 RR3.0,trend_pullback,confirmation,3.0,1.15,2026-05-18T15:00:00+00:00,2026-05-18T15:00:00+00:00,2026-05-18T19:05:00+00:00,-1,76369.5,76877.57025535309,74845.28923394073,76877.77025535308,508.070255353092,-1.0003936463469063,0.15081307027986837,-1.1512067166267748,False,STOP,49,441.800222046167,32.05839773632954,34.04370758998425,17.995403808804628,33.734077563178374,1.2618908994598528,-0.23021199821884974,2.9831169624570237,0.7665979381443259,4.342460470288133,2026-05,historical_test,False
60m_trend_pullback_confirmation_rr3_0,1小时趋势回踩·二次确认 RR3.0,trend_pullback,confirmation,3.0,1.15,2026-06-21T11:00:00+00:00,2026-06-21T11:00:00+00:00,2026-06-21T12:15:00+00:00,1,64339.2,64060.71693674729,65174.649189758115,64060.51693674729,278.48306325270664,-1.0007181765298854,0.23053415787126752,-1.231252334401153,False,STOP,15,242.15918543713624,29.402028666080625,60.32313455810561,25.986939663394153,15.847455122366505,0.9204028297002509,0.14245119313958726,1.0150301411538463,0.7836930455635561,5.912639644105896,2026-06,historical_test,False
60m_trend_pullback_quality_rr2_0,1小时趋势回踩·质量过滤 RR2.0,trend_pullback,quality,2.0,1.25,2025-01-14T18:00:00+00:00,2025-01-14T18:00:00+00:00,2025-01-15T13:50:00+00:00,1,96481.4,95385.55668526978,98673.08662946042,98672.88662946042,1095.843314730213,1.9998174921566718,0.08904296992380963,1.9107745222328623,True,TARGET,238,876.6746517841705,28.34065816342626,62.08656504989157,24.186915128256764,16.90898016946406,0.9025168872639903,0.2976616494727199,0.9039995571984707,0.9805208333333364,4.564749296510054,2025-01,development,False
60m_trend_pullback_quality_rr2_0,1小时趋势回踩·质量过滤 RR2.0,trend_pullback,quality,2.0,1.25,2025-01-18T14:00:00+00:00,2025-01-18T14:00:00+00:00,2025-01-18T16:50:00+00:00,1,104327.5,103291.38455475065,106399.73089049869,103291.18455475065,1036.115445249345,-1.000193028683164,0.10019090319843,-1.100383931881594,False,STOP,34,828.892356199476,28.719456531919764,59.07052248415294,20.813436488754846,14.03546596779078,1.3625648931979126,0.1349730523233946,0.957063822529273,0.9546853362055635,4.272207330076759,2025-01,development,False
60m_trend_pullback_quality_rr2_0,1小时趋势回踩·质量过滤 RR2.0,trend_pullback,quality,2.0,1.25,2025-01-27T14:00:00+00:00,2025-01-27T14:00:00+00:00,2025-01-27T14:50:00+00:00,-1,100439.8,101696.48202509966,97926.43594980068,101696.68202509965,1256.6820250996577,-1.0001591492485753,0.0804246730628099,-1.0805838223113853,False,STOP,10,1005.3456200797261,47.96643707053269,41.21933494604819,19.42568809823746,27.52728468804007,1.6440273926494091,-0.3575744824672067,2.1530925265601724,0.7007529329364407,7.516817947046622,2025-01,development,False
60m_trend_pullback_quality_rr2_0,1小时趋势回踩·质量过滤 RR2.0,trend_pullback,quality,2.0,1.25,2025-01-30T19:00:00+00:00,2025-01-30T19:00:00+00:00,2025-01-31T00:10:00+00:00,1,105523.59999999999,104585.24942409876,107400.30115180244,104585.04942409876,938.350575901227,-1.0002131399555132,0.11195637047608915,-1.1121695104316023,False,STOP,62,750.6804607209816,35.16567558479508,61.620285752690194,21.403637964459065,13.091068726502543,1.3221587173699378,0.2627499595299085,1.0331694917960463,0.9829634073185223,4.296768290601449,2025-01,development,False
60m_trend_pullback_quality_rr2_0,1小时趋势回踩·质量过滤 RR2.0,trend_pullback,quality,2.0,1.25,2025-03-09T09:00:00+00:00,2025-03-09T09:00:00+00:00,2025-03-09T12:10:00+00:00,-1,85752.8,86340.27130179552,84577.85739640894,84578.05739640894,587.4713017955287,1.9996595578381704,0.14496951329861996,1.8546900445395504,True,TARGET,38,469.97704143642295,25.040521568436617,39.85242408883973,13.049200992178156,20.822154023742538,1.2965798699157824,-0.19658068496009282,0.8855882358018914,0.925381263616573,2.0883998865139763,2025-03,development,False
60m_trend_pullback_quality_rr2_0,1小时趋势回踩·质量过滤 RR2.0,trend_pullback,quality,2.0,1.25,2025-03-20T15:00:00+00:00,2025-03-20T15:00:00+00:00,2025-03-20T15:05:00+00:00,1,86123.8,85289.8787439404,87791.6425121192,85289.6787439404,833.9212560595993,-1.000239830797633,0.1027755783285189,-1.103015409126152,False,STOP,1,667.1370048476795,34.29902403826111,60.37626390514875,27.177156407788186,14.487504343603804,1.1854050459433159,0.10834833526204322,1.587220660976056,0.6547921967769288,5.995769940708474,2025-03,development,False
60m_trend_pullback_quality_rr2_0,1小时趋势回踩·质量过滤 RR2.0,trend_pullback,quality,2.0,1.25,2025-03-30T16:00:00+00:00,2025-03-30T16:00:00+00:00,2025-03-30T22:10:00+00:00,-1,82699.7,83215.54104313858,81668.01791372283,81668.21791372282,515.841043138588,1.999612283662453,0.15932031785764963,1.8402919658048034,True,TARGET,74,412.6728345108704,23.798352177761053,42.834365596563075,12.075090747407826,19.964204554854575,1.344653732138464,-0.2151389760135759,0.8329934646547372,0.919233971690283,3.210533597566123,2025-03,development,False
60m_trend_pullback_quality_rr2_0,1小时趋势回踩·质量过滤 RR2.0,trend_pullback,quality,2.0,1.25,2025-03-31T08:00:00+00:00,2025-03-31T08:00:00+00:00,2025-03-31T12:55:00+00:00,-1,81894.90000000001,82565.53865597442,80553.62268805118,82565.73865597442,670.6386559744122,-1.0002982231910083,0.12261494113921856,-1.1229131643302268,False,STOP,59,536.5109247795298,40.88660470367546,42.18778066667173,9.70785333323198,24.242480529063414,1.156243705809618,-0.14048642473576262,0.9005760697195251,0.6556711942141488,3.919771066850489,2025-03,development,False
60m_trend_pullback_quality_rr2_0,1小时趋势回踩·质量过滤 RR2.0,trend_pullback,quality,2.0,1.25,2025-04-22T01:00:00+00:00,2025-04-22T01:00:00+00:00,2025-04-22T13:00:00+00:00,1,87672.9,86943.19615365397,89132.30769269202,89132.10769269202,729.7038463460148,1.9997259162042194,0.12114846905223363,1.8785774471519858,True,TARGET,144,583.7630770768118,23.384910243254524,61.08642016091358,23.470107298868452,19.293492213220723,1.2551850507145073,0.1986888321452272,1.1147929330828357,0.9628214548126335,3.5822752108126843,2025-04,development,False
60m_trend_pullback_quality_rr2_0,1小时趋势回踩·质量过滤 RR2.0,trend_pullback,quality,2.0,1.25,2025-04-23T17:00:00+00:00,2025-04-23T17:00:00+00:00,2025-04-24T04:10:00+00:00,1,93585.7,92535.2117737472,95686.67645250559,92535.0117737472,1050.4882262527976,-1.0001903876645148,0.08858771908261144,-1.0887781067471263,False,STOP,134,840.390581002238,61.380373266039605,62.75113309019639,31.20673635510521,12.366345451782028,2.1979770665391567,0.1400060851094848,0.9887805360795803,0.7984163642362231,4.646648937144145,2025-04,development,False
60m_trend_pullback_quality_rr2_0,1小时趋势回踩·质量过滤 RR2.0,trend_pullback,quality,2.0,1.25,2025-05-05T15:00:00+00:00,2025-05-05T15:00:00+00:00,2025-05-05T17:35:00+00:00,-1,93839.6,94420.84799001004,92677.10401997995,94421.04799001003,581.2479900100323,-1.0003440872113658,0.16194520344643315,-1.162289290657799,False,STOP,31,464.9983920080258,47.43869754691268,35.60472783384051,9.326491174202461,26.161767425140813,1.231696530981283,-0.32543027597815466,1.9574457848406361,0.7956678700360976,4.849264080812294,2025-05,development,False
60m_trend_pullback_quality_rr2_0,1小时趋势回踩·质量过滤 RR2.0,trend_pullback,quality,2.0,1.25,2025-05-30T14:00:00+00:00,2025-05-30T14:00:00+00:00,2025-05-30T16:55:00+00:00,-1,105450.6,106280.39012611045,103791.01974777914,103791.21974777913,829.7901261104347,1.999758975199024,0.1260811699029133,1.8736778052961105,True,TARGET,35,663.8321008883478,44.69593405087126,40.71496712928065,11.289510428421138,29.812293343030408,1.2800723191304306,-0.15984157817924835,1.016441611579888,0.7900481540930933,3.5084172592486946,2025-05,development,False
60m_trend_pullback_quality_rr2_0,1小时趋势回踩·质量过滤 RR2.0,trend_pullback,quality,2.0,1.25,2025-06-12T16:00:00+00:00,2025-06-12T16:00:00+00:00,2025-06-12T16:30:00+00:00,-1,106960.40000000001,107639.32342949441,105602.55314101122,107639.52342949441,678.9234294943992,-1.0002945840301172,0.15804427576561103,-1.1583388597957283,False,STOP,6,543.1387435955194,31.97293639436253,34.2121425403885,13.023000881498831,25.009019451413923,0.9032776013644529,-0.3731746627948623,1.872352808815186,0.8343653250773994,4.834308049207001,2025-06,development,False
60m_trend_pullback_quality_rr2_0,1小时趋势回踩·质量过滤 RR2.0,trend_pullback,quality,2.0,1.25,2025-06-12T20:00:00+00:00,2025-06-12T20:00:00+00:00,2025-06-13T00:05:00+00:00,-1,106749.3,107581.3040951632,105085.2918096736,105085.4918096736,832.0040951632024,1.9997596165678062,0.1273039357865907,1.8724556807812156,True,TARGET,49,665.6032761305619,29.260632971293425,38.24705727784192,13.709832879934513,25.85470972797502,0.7031095431203731,-0.1149409799589953,1.3178648961591017,0.893815539592102,3.3698752401573557,2025-06,development,False
60m_trend_pullback_quality_rr2_0,1小时趋势回踩·质量过滤 RR2.0,trend_pullback,quality,2.0,1.25,2025-06-13T09:00:00+00:00,2025-06-13T09:00:00+00:00,2025-06-13T15:25:00+00:00,-1,104679.1,105685.29456874818,102666.71086250365,105685.49456874818,1006.1945687481807,-1.0001987687135339,0.10453474959145598,-1.1047335183049898,False,STOP,77,804.9556549985446,40.89062978134057,38.29207421088937,17.79274028433395,27.21982986747282,1.619234606323052,-0.29912924285831416,0.972429551745637,0.9410346075002911,7.1859859162185185,2025-06,development,False
60m_trend_pullback_quality_rr2_0,1小时趋势回踩·质量过滤 RR2.0,trend_pullback,quality,2.0,1.25,2025-06-14T20:00:00+00:00,2025-06-14T20:00:00+00:00,2025-06-14T21:25:00+00:00,-1,104584.0,105115.07989665474,103521.84020669053,105115.27989665474,531.0798966547399,-1.0003765911706723,0.1974272432618385,-1.1978038344325108,False,STOP,17,424.8639173237919,26.51260101298224,40.83664939983487,13.678105682219481,22.844305354086508,1.2181256488057783,-0.22368002973921577,1.3715923833188528,0.9859705611775396,4.433419556701259,2025-06,development,False
60m_trend_pullback_quality_rr2_0,1小时趋势回踩·质量过滤 RR2.0,trend_pullback,quality,2.0,1.25,2025-06-18T17:00:00+00:00,2025-06-18T17:00:00+00:00,2025-06-19T00:50:00+00:00,-1,104363.5,105146.65037255944,102797.19925488112,105146.85037255943,783.1503725594388,-1.0002553787969763,0.13376125308339698,-1.1340166318803733,False,STOP,94,626.520298047551,23.643084268508634,42.13774619683698,18.19354740235642,23.18998109694492,0.7932648221151272,-0.11726106887779207,0.8314519518356686,0.825105243015676,2.793205591987349,2025-06,development,False
60m_trend_pullback_quality_rr2_0,1小时趋势回踩·质量过滤 RR2.0,trend_pullback,quality,2.0,1.25,2025-06-22T02:00:00+00:00,2025-06-22T02:00:00+00:00,2025-06-22T13:35:00+00:00,-1,102359.8,103202.19381342157,100675.01237315687,100675.21237315687,842.393813421566,1.9997625813523148,0.12051074517539839,1.8792518361769164,True,TARGET,139,673.9150507372528,35.6293671319201,42.35131668797189,15.866767949494127,29.452264572427524,0.9599740141872538,-0.22331196906410378,1.253549630050199,0.7831527347781134,4.675218332864348,2025-06,development,False
60m_trend_pullback_quality_rr2_0,1小时趋势回踩·质量过滤 RR2.0,trend_pullback,quality,2.0,1.25,2025-07-10T15:00:00+00:00,2025-07-10T15:00:00+00:00,2025-07-10T16:25:00+00:00,1,111195.3,110650.34437053444,112285.21125893111,112285.01125893112,544.955629465559,1.999632997643864,0.2050445019515621,1.794588495692302,True,TARGET,17,435.9645035724472,36.4984384750559,61.52495080553802,26.666748618667114,17.107230027001457,1.715125832810322,0.14087887611637892,1.5572284963207292,0.8873036460585131,6.772110976483177,2025-07,development,False
60m_trend_pullback_quality_rr2_0,1小时趋势回踩·质量过滤 RR2.0,trend_pullback,quality,2.0,1.25,2025-07-11T17:00:00+00:00,2025-07-11T17:00:00+00:00,2025-07-13T05:00:00+00:00,1,117403.2,116399.14759642574,119411.30480714852,117842.6,1004.0524035742606,0.4376265605617968,0.11714816834388517,0.32047839221791163,True,TIME_EXIT,432,803.2419228594084,58.80427704857925,63.13374049165573,28.523610377834,14.886464243981465,2.9519515160108325,0.3029343229886561,0.909692936794883,0.939613240004752,7.064372312391369,2025-07,development,False
60m_trend_pullback_quality_rr2_0,1小时趋势回踩·质量过滤 RR2.0,trend_pullback,quality,2.0,1.25,2025-07-14T00:00:00+00:00,2025-07-14T00:00:00+00:00,2025-07-14T03:45:00+00:00,1,119038.5,118393.84810997195,120327.8037800561,120327.6037800561,644.651890028049,1.999689755039752,0.1856553183840361,1.814034436655716,True,TARGET,45,515.7215120224392,34.342141101537315,64.49271215988921,28.900624110325126,13.04667139460242,1.432562542525721,0.20503548121948825,1.0201658390580797,0.848229141906349,4.067505332041929,2025-07,development,False
60m_trend_pullback_quality_rr2_0,1小时趋势回踩·质量过滤 RR2.0,trend_pullback,quality,2.0,1.25,2025-07-25T13:00:00+00:00,2025-07-25T13:00:00+00:00,2025-07-25T19:45:00+00:00,-1,116079.5,116983.19066313606,114272.11867372788,116983.39066313606,903.6906631360648,-1.000221314669004,0.1289505912644606,-1.1291719059334646,False,STOP,81,722.9525305088519,37.89824380346293,41.13907505182873,11.805037313394552,28.233010614658273,1.107812229024422,-0.1979758587079381,1.0546888779414125,0.7731494511680125,6.514397282329351,2025-07,development,False
60m_trend_pullback_quality_rr2_0,1小时趋势回踩·质量过滤 RR2.0,trend_pullback,quality,2.0,1.25,2025-07-27T14:00:00+00:00,2025-07-27T14:00:00+00:00,2025-07-27T16:05:00+00:00,1,118182.5,117856.09355241372,118835.31289517257,118835.11289517257,326.40644758628406,1.9993872670056687,0.36307127914885634,1.6363159878568123,True,TARGET,25,261.12515806902724,26.293898623470152,56.990873598976634,28.68092995910168,18.67430328790377,0.8748517276184093,0.10535579907186997,0.9974922662903131,0.8991769547325322,2.417614620775535,2025-07,development,False
60m_trend_pullback_quality_rr2_0,1小时趋势回踩·质量过滤 RR2.0,trend_pullback,quality,2.0,1.25,2025-08-01T17:00:00+00:00,2025-08-01T17:00:00+00:00,2025-08-01T22:50:00+00:00,-1,114962.0,116040.371412183,112805.257175634,112805.457175634,1078.3714121830012,1.999814535142768,0.10560714731604064,1.8942073878267274,True,TARGET,70,862.697129746401,38.217766616958166,42.25000536492579,10.65622573717935,24.638096114825885,1.0794809450950686,-0.12177882922005405,0.9448290469275814,0.782559711581795,3.5431901818179767,2025-08,development,False
60m_trend_pullback_quality_rr2_0,1小时趋势回踩·质量过滤 RR2.0,trend_pullback,quality,2.0,1.25,2025-08-20T16:00:00+00:00,2025-08-20T16:00:00+00:00,2025-08-20T16:30:00+00:00,-1,113296.7,114116.83882609547,111656.42234780904,114117.03882609546,820.1388260954745,-1.0002438611532936,0.13864344156755093,-1.1388873027208444,False,STOP,6,656.1110608763796,44.10522903865096,44.37166609909162,11.660919854280435,26.160634413004427,1.184746146847998,-0.23141023587505613,2.8476952401112214,0.8745548433048481,2.5547504072878544,2025-08,development,False
60m_trend_pullback_quality_rr2_0,1小时趋势回踩·质量过滤 RR2.0,trend_pullback,quality,2.0,1.25,2025-08-26T16:00:00+00:00,2025-08-26T16:00:00+00:00,2025-08-26T18:40:00+00:00,-1,109624.40000000001,110569.23498463837,107734.73003072328,110569.43498463837,944.834984638362,-1.0002116771745873,0.11652502212802701,-1.1167366993026142,False,STOP,32,755.8679877106896,39.4211434457048,39.40891483271893,14.7374580441592,24.49901707173185,1.4422517152799061,-0.13721789857158354,1.0487899547745683,0.8784007801072534,5.069139138442466,2025-08,development,False
60m_trend_pullback_quality_rr2_0,1小时趋势回踩·质量过滤 RR2.0,trend_pullback,quality,2.0,1.25,2025-08-28T15:00:00+00:00,2025-08-28T15:00:00+00:00,2025-08-28T15:50:00+00:00,1,113115.8,112374.0665512373,114599.2668975254,112373.8665512373,741.7334487627029,-1.0002696386422054,0.1520018187985051,-1.1522714574407105,False,STOP,10,593.3867590101623,23.118178591198163,60.9354401956582,19.18532866586764,12.448630514586533,0.8689095104186453,0.30596230249665163,1.4172708835596317,0.8068337697967386,4.411962283026211,2025-08,development,False
60m_trend_pullback_quality_rr2_0,1小时趋势回踩·质量过滤 RR2.0,trend_pullback,quality,2.0,1.25,2025-09-11T14:00:00+00:00,2025-09-11T14:00:00+00:00,2025-09-11T14:20:00+00:00,1,114578.4,113955.76748861822,115823.66502276354,113955.56748861822,622.6325113817716,-1.0003212167632471,0.18352235332318761,-1.1838435700864347,False,STOP,4,498.1060091054173,33.752316666725584,68.85263200650203,24.852308064283235,9.855164509223046,1.3850489705078992,0.22700540594895766,4.242864687678683,0.9154700222057757,2.7885630259602774,2025-09,development,False
60m_trend_pullback_quality_rr2_0,1小时趋势回踩·质量过滤 RR2.0,trend_pullback,quality,2.0,1.25,2025-09-22T00:00:00+00:00,2025-09-22T00:00:00+00:00,2025-09-22T00:50:00+00:00,-1,115183.7,115470.82718781797,114609.44562436406,114609.64562436406,287.1271878179706,1.9993034445761795,0.40015950312940346,1.599143941446776,True,TARGET,10,229.70175025437646,30.969592379041455,40.15688508094238,11.161604385689467,22.996194232533917,0.8250216224531062,-0.20598370034423755,1.2463329397115965,0.9011645267244197,2.787963083828495,2025-09,development,False
60m_trend_pullback_quality_rr2_0,1小时趋势回踩·质量过滤 RR2.0,trend_pullback,quality,2.0,1.25,2025-09-26T15:00:00+00:00,2025-09-26T15:00:00+00:00,2025-09-26T17:25:00+00:00,-1,108796.6,109623.5878398526,107142.62432029482,109623.7878398526,826.9878398525884,-1.0002418415245804,0.13205779898697562,-1.132299640511556,False,STOP,29,661.5902718820707,54.37340202511456,37.63181107571375,9.570802575388596,24.28559481585282,1.5140876271192838,-0.17003260770192216,1.542717070536373,0.8698241369684614,2.056711015609588,2025-09,development,False
60m_trend_pullback_quality_rr2_0,1小时趋势回踩·质量过滤 RR2.0,trend_pullback,quality,2.0,1.25,2025-10-03T15:00:00+00:00,2025-10-03T15:00:00+00:00,2025-10-03T16:00:00+00:00,1,120861.59999999999,120195.5270420306,122193.74591593875,122193.54591593875,666.0729579693832,1.9996997325929375,0.18245384608986862,1.817245886503069,True,TARGET,12,532.8583663755065,27.343628043749433,66.55688042328308,23.70638056452929,15.332784592548593,2.204889721775452,0.30105387272895323,2.2275432034641796,0.9339673425444057,3.3761316580928757,2025-10,validation,False
60m_trend_pullback_quality_rr2_0,1小时趋势回踩·质量过滤 RR2.0,trend_pullback,quality,2.0,1.25,2025-10-14T17:00:00+00:00,2025-10-14T17:00:00+00:00,2025-10-14T22:05:00+00:00,-1,112252.90000000001,113498.34710251805,109762.00579496394,113498.54710251804,1245.4471025180333,-1.0001605849012765,0.09063068461362024,-1.0907912695148967,False,STOP,61,996.3576820144267,36.65484352411803,46.03108091820152,18.37695468743905,25.804495272987317,0.8274192398629533,-0.10123214417465162,1.6312525596148344,0.8663484486873408,6.037390094527213,2025-10,validation,False
60m_trend_pullback_quality_rr2_0,1小时趋势回踩·质量过滤 RR2.0,trend_pullback,quality,2.0,1.25,2025-10-17T17:00:00+00:00,2025-10-17T17:00:00+00:00,2025-10-19T05:00:00+00:00,-1,106330.90000000001,107805.53617094016,103381.62765811972,106989.8,1474.636170940149,-0.44682207922508427,0.07232994287126368,-0.5191520220963479,False,TIME_EXIT,432,1179.7089367521191,46.06244152260426,43.87905453772085,19.656716501897307,27.468181480632442,1.5143934095591987,-0.20581884680599302,1.2150140911748213,0.8994636015325693,4.85696074811032,2025-10,validation,False
60m_trend_pullback_quality_rr2_0,1小时趋势回踩·质量过滤 RR2.0,trend_pullback,quality,2.0,1.25,2025-10-26T22:00:00+00:00,2025-10-26T22:00:00+00:00,2025-10-26T22:05:00+00:00,1,113457.7,112925.70715329684,114521.6856934063,114521.4856934063,531.9928467031515,1.9996240550954014,0.21426903303891337,1.785355022056488,True,TARGET,1,425.59427736252115,45.554026774239304,67.4343341151926,26.137988260477094,16.737005815593804,1.9767036449157684,0.4537892230468069,1.0962346176163618,0.8766666666666667,6.579035830444121,2025-10,validation,False
60m_trend_pullback_quality_rr2_0,1小时趋势回踩·质量过滤 RR2.0,trend_pullback,quality,2.0,1.25,2025-10-27T14:00:00+00:00,2025-10-27T14:00:00+00:00,2025-10-27T14:20:00+00:00,1,115210.5,114479.77531449503,116671.94937100993,114479.57531449503,730.7246855049674,-1.000273700894429,0.15716594763441424,-1.1574396485288432,False,STOP,4,584.5797484039739,50.28948593503641,61.10903053872336,26.350123758870858,15.936287451347761,2.0867886487315404,0.2637341161462058,1.6009263361172112,0.8090703487679948,6.124399638842602,2025-10,validation,False
60m_trend_pullback_quality_rr2_0,1小时趋势回踩·质量过滤 RR2.0,trend_pullback,quality,2.0,1.25,2025-10-27T17:00:00+00:00,2025-10-27T17:00:00+00:00,2025-10-27T20:05:00+00:00,1,115438.3,114676.19030282274,116962.51939435453,114675.99030282274,762.1096971772637,-1.0002624294123774,0.15097189496153274,-1.15123432437391,False,STOP,37,609.687757741811,45.141324503565635,61.601587810862085,24.966345000491803,13.220963492563538,1.8549392742907442,0.13794363640173202,0.8395083691360169,0.7930416986441663,5.8721861387876695,2025-10,validation,False
60m_trend_pullback_quality_rr2_0,1小时趋势回踩·质量过滤 RR2.0,trend_pullback,quality,2.0,1.25,2025-11-11T03:00:00+00:00,2025-11-11T03:00:00+00:00,2025-11-11T05:05:00+00:00,1,106596.0,105578.55882256992,108630.88235486018,105578.35882256992,1017.4411774300876,-1.0001965715605272,0.10426861204816397,-1.1044651836086912,False,STOP,25,813.9529419440701,29.049973477737115,61.52818773851589,25.455475817308137,17.44731397617958,1.1183904845899406,0.2139965806585871,1.8686863095902102,0.6781792645556735,3.5112595000564353,2025-11,validation,False
60m_trend_pullback_quality_rr2_0,1小时趋势回踩·质量过滤 RR2.0,trend_pullback,quality,2.0,1.25,2025-11-16T19:00:00+00:00,2025-11-16T19:00:00+00:00,2025-11-17T00:35:00+00:00,-1,94005.7,94909.95116022951,92197.19767954099,94910.1511602295,904.2511602295074,-1.0002211774878471,0.1044598334340433,-1.1046810109218903,False,STOP,67,723.4009281836059,26.61577649294903,31.767451935401155,18.19735954764332,27.46934617265019,1.0804927459171672,-0.5472895943275746,3.626931509120082,0.8408830118572777,4.040083287338861,2025-11,validation,False
60m_trend_pullback_quality_rr2_0,1小时趋势回踩·质量过滤 RR2.0,trend_pullback,quality,2.0,1.25,2025-11-21T16:00:00+00:00,2025-11-21T16:00:00+00:00,2025-11-21T17:00:00+00:00,-1,82904.8,84776.46691291712,79161.46617416578,84776.66691291712,1871.6669129171166,-1.0001068566199576,0.044794686959437266,-1.044901543579395,False,STOP,12,1497.3335303336933,50.42120572054752,35.76077601084758,13.262071767933472,37.97997832831755,1.6684291979680743,-0.27530653746468703,1.5439207753588713,0.9131832797427606,5.085106187599459,2025-11,validation,False
60m_trend_pullback_quality_rr2_0,1小时趋势回踩·质量过滤 RR2.0,trend_pullback,quality,2.0,1.25,2025-12-06T20:00:00+00:00,2025-12-06T20:00:00+00:00,2025-12-07T14:25:00+00:00,-1,89369.3,89907.06413243058,88293.77173513887,88293.97173513887,537.7641324305681,1.9996280897368564,0.16518698535372972,1.8344411043831266,True,TARGET,221,430.21130594445447,27.324973714235025,40.81250194444199,14.574135223107529,23.260509102330786,1.3636272902368463,-0.10671416166127817,1.6375555788867204,0.6718595937685027,3.154961251007306,2025-12,validation,False
60m_trend_pullback_quality_rr2_0,1小时趋势回踩·质量过滤 RR2.0,trend_pullback,quality,2.0,1.25,2026-01-05T00:00:00+00:00,2026-01-05T00:00:00+00:00,2026-01-05T00:50:00+00:00,1,91497.4,91110.0043961217,92272.19120775656,92271.99120775657,387.3956038782861,1.9994837318802887,0.23718569514987856,1.7622980367304102,True,TARGET,10,309.9164831026289,34.170067554686774,62.715963564326785,24.798819864340217,15.528340500745212,1.6505117672709473,0.16223631599406046,1.3943005453358888,0.8189119170984607,3.1931183204356546,2026-01,validation,False
60m_trend_pullback_quality_rr2_0,1小时趋势回踩·质量过滤 RR2.0,trend_pullback,quality,2.0,1.25,2026-01-09T15:00:00+00:00,2026-01-09T15:00:00+00:00,2026-01-09T15:25:00+00:00,-1,90110.5,90742.57868910415,88846.3426217917,90742.77868910415,632.0786891041528,-1.0003164162998084,0.14306231313179385,-1.1433787294316022,False,STOP,5,505.66295128332223,23.93807361913982,39.7935383074714,16.740435801037403,28.824210650665197,0.7018938536307434,-0.198420914291634,2.3040498254219695,0.6998113715979469,3.890338406259425,2026-01,validation,False
60m_trend_pullback_quality_rr2_0,1小时趋势回踩·质量过滤 RR2.0,trend_pullback,quality,2.0,1.25,2026-01-25T15:00:00+00:00,2026-01-25T15:00:00+00:00,2026-01-25T16:10:00+00:00,-1,88665.90000000001,89006.27793960497,87985.14412079008,87985.34412079008,340.3779396049656,1.9994124178546042,0.25949279252028973,1.7399196253343145,True,TARGET,14,272.30235168397246,40.83144467069321,41.82982336228956,13.085766501193058,28.26678598436736,1.1236726502069665,-0.1506928545673916,1.7861215516405797,0.7300094073377003,4.995917191265544,2026-01,validation,False
60m_trend_pullback_quality_rr2_0,1小时趋势回踩·质量过滤 RR2.0,trend_pullback,quality,2.0,1.25,2026-02-23T11:00:00+00:00,2026-02-23T11:00:00+00:00,2026-02-23T17:15:00+00:00,-1,66291.0,66901.7322603205,65069.535479359,65069.735479359,610.7322603204982,1.9996725242581916,0.10754363574180928,1.8921288885163823,True,TARGET,75,488.5858082563986,32.61390418265016,47.0868916929768,25.610125012344486,30.773233604994722,1.3751378747745802,-0.1318198800067141,0.8090861113421967,0.7227748023463146,7.301071663808975,2026-02,validation,False
60m_trend_pullback_quality_rr2_0,1小时趋势回踩·质量过滤 RR2.0,trend_pullback,quality,2.0,1.25,2026-03-15T18:00:00+00:00,2026-03-15T18:00:00+00:00,2026-03-15T18:50:00+00:00,1,71788.09999999999,71389.26257112031,72585.77485775933,71389.06257112032,398.8374288796731,-1.000501457449875,0.1794931370575002,-1.179994594507375,False,STOP,10,319.06994310373847,25.614180044739733,62.59735090836163,26.685149141009514,15.371410600541319,0.7924637077204347,0.14525962412076782,1.4803131285492996,0.6928989139515407,4.030464253356155,2026-03,validation,False
60m_trend_pullback_quality_rr2_0,1小时趋势回踩·质量过滤 RR2.0,trend_pullback,quality,2.0,1.25,2026-03-23T04:00:00+00:00,2026-03-23T04:00:00+00:00,2026-03-23T05:05:00+00:00,-1,68045.0,68679.59456400404,66775.81087199191,68679.79456400404,634.5945640040454,-1.00031516185505,0.10772609971737204,-1.1080412615724222,False,STOP,13,507.6756512032364,43.93953885614242,40.45880697057333,12.38354485745813,25.054897141965764,1.3967645200302157,-0.22770648036605082,0.8740758467406516,0.957778194783261,3.780760403716124,2026-03,validation,False
60m_trend_pullback_quality_rr2_0,1小时趋势回踩·质量过滤 RR2.0,trend_pullback,quality,2.0,1.25,2026-03-27T08:00:00+00:00,2026-03-27T08:00:00+00:00,2026-03-27T10:40:00+00:00,-1,68501.6,69075.41662825573,67353.96674348858,67354.16674348857,573.8166282557166,1.9996514565975365,0.11837907796124861,1.881272378636288,True,TARGET,32,459.0533026045733,28.64627593023827,33.874263414215406,13.227602795202998,26.43920620671852,1.3103547675950904,-0.3019696220503453,1.098142159398895,0.8324483775811267,3.826135200497512,2026-03,validation,False
60m_trend_pullback_quality_rr2_0,1小时趋势回踩·质量过滤 RR2.0,trend_pullback,quality,2.0,1.25,2026-04-08T16:00:00+00:00,2026-04-08T16:00:00+00:00,2026-04-09T01:10:00+00:00,1,71275.09999999999,70540.19549980505,72744.90900038989,70539.99549980505,734.9045001949486,-1.000272144203685,0.09648539059305372,-1.0967575347967387,False,STOP,110,587.9236001559589,44.720680974447035,55.976459461071265,33.32336319675108,15.846167601062739,1.6153715048263906,0.10126692077263355,0.8633885505827513,0.9012810851544953,7.727534664018964,2026-04,historical_test,False
60m_trend_pullback_quality_rr2_0,1小时趋势回踩·质量过滤 RR2.0,trend_pullback,quality,2.0,1.25,2026-04-10T01:00:00+00:00,2026-04-10T01:00:00+00:00,2026-04-10T20:35:00+00:00,1,71932.5,71217.15364795008,73363.19270409984,73362.99270409984,715.3463520499242,1.9997204151535395,0.10155604504568694,1.8981643701078525,True,TARGET,235,572.2770816399394,23.69372720807258,55.31794045648317,24.32037614336547,15.14382771062132,0.9308107603750567,0.10916775496086825,0.827613122666248,0.8588261449533134,4.644253780675102,2026-04,historical_test,False
60m_trend_pullback_quality_rr2_0,1小时趋势回踩·质量过滤 RR2.0,trend_pullback,quality,2.0,1.25,2026-04-14T18:00:00+00:00,2026-04-14T18:00:00+00:00,2026-04-14T18:50:00+00:00,1,74700.09999999999,73958.67803934173,76182.94392131652,73958.47803934173,741.4219606582601,-1.0002697519234827,0.1002523434208487,-1.1005220953443313,False,STOP,10,593.1375685266081,50.215547679784066,59.0161009311723,31.582746804236727,13.112009691890895,1.65255841210687,0.3222755798717889,0.9753399581744528,0.7113167259786436,5.028007258768363,2026-04,historical_test,False
60m_trend_pullback_quality_rr2_0,1小时趋势回踩·质量过滤 RR2.0,trend_pullback,quality,2.0,1.25,2026-04-30T03:00:00+00:00,2026-04-30T03:00:00+00:00,2026-04-30T09:35:00+00:00,-1,75663.3,76275.21176947438,74439.47646105125,76275.41176947438,611.9117694743786,-1.000326844505976,0.12415083297056621,-1.1244776774765424,False,STOP,79,489.5294155795029,26.79996118038175,40.04925286722933,18.46307880484214,32.73743682750686,0.7258452484481224,-0.12080182433016319,0.9711974621902064,0.7511878549078579,6.138956933655261,2026-04,historical_test,False
60m_trend_pullback_quality_rr2_0,1小时趋势回踩·质量过滤 RR2.0,trend_pullback,quality,2.0,1.25,2026-05-03T10:00:00+00:00,2026-05-03T10:00:00+00:00,2026-05-03T20:40:00+00:00,1,78496.8,78207.12735804687,79076.14528390628,79075.94528390629,289.6726419531391,1.9993095654506907,0.2719841684417632,1.7273253970089275,True,TARGET,128,231.73811356251127,23.306960713771776,58.256329390735246,25.235960192711584,16.22854332494849,1.1745747794766568,0.10132439295445529,0.9884580441493142,0.7094047199718151,4.824411413439853,2026-05,historical_test,False
60m_trend_pullback_quality_rr2_0,1小时趋势回踩·质量过滤 RR2.0,trend_pullback,quality,2.0,1.25,2026-05-06T09:00:00+00:00,2026-05-06T09:00:00+00:00,2026-05-06T14:05:00+00:00,1,81903.9,81355.70268850158,83000.29462299682,81355.50268850158,548.197311498411,-1.000364832143108,0.14890569441343823,-1.1492705265565462,False,STOP,61,438.5578491987288,23.425371268621046,64.95029902879565,27.580808352389564,15.086888063150054,1.3317167251435558,0.2462086591895185,1.7800955525950872,0.9377443609022644,2.4949958186797145,2026-05,historical_test,False
60m_trend_pullback_quality_rr2_0,1小时趋势回踩·质量过滤 RR2.0,trend_pullback,quality,2.0,1.25,2026-05-10T11:00:00+00:00,2026-05-10T11:00:00+00:00,2026-05-10T15:50:00+00:00,1,80836.7,80591.55379295975,81326.99241408048,81326.79241408048,245.14620704024412,1.9991841603326543,0.3307485242622153,1.668435636070439,True,TARGET,58,196.1169656321953,25.75782809867316,63.03425201322625,20.78937833807353,12.695568301267672,0.7729115816627974,0.2397081759603943,1.3640003935322698,0.9011090573013182,4.350465026060614,2026-05,historical_test,False
60m_trend_pullback_quality_rr2_0,1小时趋势回踩·质量过滤 RR2.0,trend_pullback,quality,2.0,1.25,2026-06-08T13:00:00+00:00,2026-06-08T13:00:00+00:00,2026-06-08T23:35:00+00:00,1,63844.799999999996,63039.34136513457,65455.717269730856,63039.14136513457,805.4586348654291,-1.0002483057370513,0.07876502645373809,-1.0790133321907893,False,STOP,127,644.3669078923433,27.625765039625566,64.17059876856588,26.558844957059897,15.940347438800611,0.7619736834137426,0.31350173756644045,2.838317821344342,0.9195999379748818,4.810613273327651,2026-06,historical_test,False
60m_trend_pullback_quality_rr2_0,1小时趋势回踩·质量过滤 RR2.0,trend_pullback,quality,2.0,1.25,2026-06-10T09:00:00+00:00,2026-06-10T09:00:00+00:00,2026-06-10T12:35:00+00:00,-1,61228.600000000006,61802.54177361614,60080.71645276774,61802.74177361614,573.9417736161345,-1.0003484674041698,0.10718103075025721,-1.107529498154427,False,STOP,43,459.1534188929076,29.78658223687702,38.86880611845992,14.146048118006812,25.822234845792657,0.9009618168527255,-0.22993187182081684,0.8380545974978186,0.8272585938849547,4.602383240650283,2026-06,historical_test,False
60m_trend_pullback_quality_rr2_0,1小时趋势回踩·质量过滤 RR2.0,trend_pullback,quality,2.0,1.25,2026-06-14T10:00:00+00:00,2026-06-14T10:00:00+00:00,2026-06-14T12:40:00+00:00,1,64585.0,64300.34247156295,65154.315056874104,64300.142471562955,284.65752843705155,-1.000702598666868,0.22638632320603508,-1.227088921872903,False,STOP,32,227.72602274964123,35.21018998311684,63.95109655146189,27.189759353679168,11.017211570312728,1.5487293526334667,0.2736815514012082,0.9624501296167469,0.9730769230769184,3.8427755837200523,2026-06,historical_test,False
60m_trend_pullback_quality_rr2_5,1小时趋势回踩·质量过滤 RR2.5,trend_pullback,quality,2.5,1.25,2025-01-14T18:00:00+00:00,2025-01-14T18:00:00+00:00,2025-01-15T14:05:00+00:00,1,96481.4,95385.55668526978,99221.00828682553,99220.80828682553,1095.843314730213,2.4998174921566716,0.08929296992380963,2.410524522232862,True,TARGET,241,876.6746517841705,28.34065816342626,62.08656504989157,24.186915128256764,16.90898016946406,0.9025168872639903,0.2976616494727199,0.9039995571984707,0.9805208333333364,4.564749296510054,2025-01,development,False
60m_trend_pullback_quality_rr2_5,1小时趋势回踩·质量过滤 RR2.5,trend_pullback,quality,2.5,1.25,2025-01-18T14:00:00+00:00,2025-01-18T14:00:00+00:00,2025-01-18T16:50:00+00:00,1,104327.5,103291.38455475065,106917.78861312337,103291.18455475065,1036.115445249345,-1.000193028683164,0.10019090319843,-1.100383931881594,False,STOP,34,828.892356199476,28.719456531919764,59.07052248415294,20.813436488754846,14.03546596779078,1.3625648931979126,0.1349730523233946,0.957063822529273,0.9546853362055635,4.272207330076759,2025-01,development,False
60m_trend_pullback_quality_rr2_5,1小时趋势回踩·质量过滤 RR2.5,trend_pullback,quality,2.5,1.25,2025-01-27T14:00:00+00:00,2025-01-27T14:00:00+00:00,2025-01-27T14:50:00+00:00,-1,100439.8,101696.48202509966,97298.09493725086,101696.68202509965,1256.6820250996577,-1.0001591492485753,0.0804246730628099,-1.0805838223113853,False,STOP,10,1005.3456200797261,47.96643707053269,41.21933494604819,19.42568809823746,27.52728468804007,1.6440273926494091,-0.3575744824672067,2.1530925265601724,0.7007529329364407,7.516817947046622,2025-01,development,False
60m_trend_pullback_quality_rr2_5,1小时趋势回踩·质量过滤 RR2.5,trend_pullback,quality,2.5,1.25,2025-01-30T19:00:00+00:00,2025-01-30T19:00:00+00:00,2025-01-31T00:10:00+00:00,1,105523.59999999999,104585.24942409876,107869.47643975305,104585.04942409876,938.350575901227,-1.0002131399555132,0.11195637047608915,-1.1121695104316023,False,STOP,62,750.6804607209816,35.16567558479508,61.620285752690194,21.403637964459065,13.091068726502543,1.3221587173699378,0.2627499595299085,1.0331694917960463,0.9829634073185223,4.296768290601449,2025-01,development,False
60m_trend_pullback_quality_rr2_5,1小时趋势回踩·质量过滤 RR2.5,trend_pullback,quality,2.5,1.25,2025-03-09T09:00:00+00:00,2025-03-09T09:00:00+00:00,2025-03-09T12:10:00+00:00,-1,85752.8,86340.27130179552,84284.12174551118,84284.32174551117,587.4713017955287,2.499659557838177,0.14471951329861998,2.354940044539557,True,TARGET,38,469.97704143642295,25.040521568436617,39.85242408883973,13.049200992178156,20.822154023742538,1.2965798699157824,-0.19658068496009282,0.8855882358018914,0.925381263616573,2.0883998865139763,2025-03,development,False
60m_trend_pullback_quality_rr2_5,1小时趋势回踩·质量过滤 RR2.5,trend_pullback,quality,2.5,1.25,2025-03-20T15:00:00+00:00,2025-03-20T15:00:00+00:00,2025-03-20T15:05:00+00:00,1,86123.8,85289.8787439404,88208.603140149,85289.6787439404,833.9212560595993,-1.000239830797633,0.1027755783285189,-1.103015409126152,False,STOP,1,667.1370048476795,34.29902403826111,60.37626390514875,27.177156407788186,14.487504343603804,1.1854050459433159,0.10834833526204322,1.587220660976056,0.6547921967769288,5.995769940708474,2025-03,development,False
60m_trend_pullback_quality_rr2_5,1小时趋势回踩·质量过滤 RR2.5,trend_pullback,quality,2.5,1.25,2025-03-30T16:00:00+00:00,2025-03-30T16:00:00+00:00,2025-03-31T00:45:00+00:00,-1,82699.7,83215.54104313858,81410.09739215353,81410.29739215353,515.841043138588,2.499612283662451,0.1590703178576497,2.340541965804801,True,TARGET,105,412.6728345108704,23.798352177761053,42.834365596563075,12.075090747407826,19.964204554854575,1.344653732138464,-0.2151389760135759,0.8329934646547372,0.919233971690283,3.210533597566123,2025-03,development,False
60m_trend_pullback_quality_rr2_5,1小时趋势回踩·质量过滤 RR2.5,trend_pullback,quality,2.5,1.25,2025-03-31T08:00:00+00:00,2025-03-31T08:00:00+00:00,2025-03-31T12:55:00+00:00,-1,81894.90000000001,82565.53865597442,80218.30336006398,82565.73865597442,670.6386559744122,-1.0002982231910083,0.12261494113921856,-1.1229131643302268,False,STOP,59,536.5109247795298,40.88660470367546,42.18778066667173,9.70785333323198,24.242480529063414,1.156243705809618,-0.14048642473576262,0.9005760697195251,0.6556711942141488,3.919771066850489,2025-03,development,False
60m_trend_pullback_quality_rr2_5,1小时趋势回踩·质量过滤 RR2.5,trend_pullback,quality,2.5,1.25,2025-04-22T01:00:00+00:00,2025-04-22T01:00:00+00:00,2025-04-22T13:15:00+00:00,1,87672.9,86943.19615365397,89497.15961586504,89496.95961586504,729.7038463460148,2.4997259162042322,0.12139846905223364,2.3783274471519986,True,TARGET,147,583.7630770768118,23.384910243254524,61.08642016091358,23.470107298868452,19.293492213220723,1.2551850507145073,0.1986888321452272,1.1147929330828357,0.9628214548126335,3.5822752108126843,2025-04,development,False
60m_trend_pullback_quality_rr2_5,1小时趋势回踩·质量过滤 RR2.5,trend_pullback,quality,2.5,1.25,2025-04-23T17:00:00+00:00,2025-04-23T17:00:00+00:00,2025-04-24T04:10:00+00:00,1,93585.7,92535.2117737472,96211.920565632,92535.0117737472,1050.4882262527976,-1.0001903876645148,0.08858771908261144,-1.0887781067471263,False,STOP,134,840.390581002238,61.380373266039605,62.75113309019639,31.20673635510521,12.366345451782028,2.1979770665391567,0.1400060851094848,0.9887805360795803,0.7984163642362231,4.646648937144145,2025-04,development,False
60m_trend_pullback_quality_rr2_5,1小时趋势回踩·质量过滤 RR2.5,trend_pullback,quality,2.5,1.25,2025-05-05T15:00:00+00:00,2025-05-05T15:00:00+00:00,2025-05-05T17:35:00+00:00,-1,93839.6,94420.84799001004,92386.48002497492,94421.04799001003,581.2479900100323,-1.0003440872113658,0.16194520344643315,-1.162289290657799,False,STOP,31,464.9983920080258,47.43869754691268,35.60472783384051,9.326491174202461,26.161767425140813,1.231696530981283,-0.32543027597815466,1.9574457848406361,0.7956678700360976,4.849264080812294,2025-05,development,False
60m_trend_pullback_quality_rr2_5,1小时趋势回踩·质量过滤 RR2.5,trend_pullback,quality,2.5,1.25,2025-05-30T14:00:00+00:00,2025-05-30T14:00:00+00:00,2025-05-31T02:00:00+00:00,-1,105450.6,106280.39012611045,103376.12468472392,103376.32468472392,829.7901261104347,2.4997589751990192,0.1258311699029133,2.373927805296106,True,TARGET,144,663.8321008883478,44.69593405087126,40.71496712928065,11.289510428421138,29.812293343030408,1.2800723191304306,-0.15984157817924835,1.016441611579888,0.7900481540930933,3.5084172592486946,2025-05,development,False
60m_trend_pullback_quality_rr2_5,1小时趋势回踩·质量过滤 RR2.5,trend_pullback,quality,2.5,1.25,2025-06-12T16:00:00+00:00,2025-06-12T16:00:00+00:00,2025-06-12T16:30:00+00:00,-1,106960.40000000001,107639.32342949441,105263.09142626401,107639.52342949441,678.9234294943992,-1.0002945840301172,0.15804427576561103,-1.1583388597957283,False,STOP,6,543.1387435955194,31.97293639436253,34.2121425403885,13.023000881498831,25.009019451413923,0.9032776013644529,-0.3731746627948623,1.872352808815186,0.8343653250773994,4.834308049207001,2025-06,development,False
60m_trend_pullback_quality_rr2_5,1小时趋势回踩·质量过滤 RR2.5,trend_pullback,quality,2.5,1.25,2025-06-12T20:00:00+00:00,2025-06-12T20:00:00+00:00,2025-06-13T00:05:00+00:00,-1,106749.3,107581.3040951632,104669.289762092,104669.489762092,832.0040951632024,2.4997596165678027,0.1270539357865907,2.372705680781212,True,TARGET,49,665.6032761305619,29.260632971293425,38.24705727784192,13.709832879934513,25.85470972797502,0.7031095431203731,-0.1149409799589953,1.3178648961591017,0.893815539592102,3.3698752401573557,2025-06,development,False
60m_trend_pullback_quality_rr2_5,1小时趋势回踩·质量过滤 RR2.5,trend_pullback,quality,2.5,1.25,2025-06-13T09:00:00+00:00,2025-06-13T09:00:00+00:00,2025-06-13T15:25:00+00:00,-1,104679.1,105685.29456874818,102163.61357812956,105685.49456874818,1006.1945687481807,-1.0001987687135339,0.10453474959145598,-1.1047335183049898,False,STOP,77,804.9556549985446,40.89062978134057,38.29207421088937,17.79274028433395,27.21982986747282,1.619234606323052,-0.29912924285831416,0.972429551745637,0.9410346075002911,7.1859859162185185,2025-06,development,False
60m_trend_pullback_quality_rr2_5,1小时趋势回踩·质量过滤 RR2.5,trend_pullback,quality,2.5,1.25,2025-06-14T20:00:00+00:00,2025-06-14T20:00:00+00:00,2025-06-14T21:25:00+00:00,-1,104584.0,105115.07989665474,103256.30025836315,105115.27989665474,531.0798966547399,-1.0003765911706723,0.1974272432618385,-1.1978038344325108,False,STOP,17,424.8639173237919,26.51260101298224,40.83664939983487,13.678105682219481,22.844305354086508,1.2181256488057783,-0.22368002973921577,1.3715923833188528,0.9859705611775396,4.433419556701259,2025-06,development,False
60m_trend_pullback_quality_rr2_5,1小时趋势回踩·质量过滤 RR2.5,trend_pullback,quality,2.5,1.25,2025-06-18T17:00:00+00:00,2025-06-18T17:00:00+00:00,2025-06-19T00:50:00+00:00,-1,104363.5,105146.65037255944,102405.6240686014,105146.85037255943,783.1503725594388,-1.0002553787969763,0.13376125308339698,-1.1340166318803733,False,STOP,94,626.520298047551,23.643084268508634,42.13774619683698,18.19354740235642,23.18998109694492,0.7932648221151272,-0.11726106887779207,0.8314519518356686,0.825105243015676,2.793205591987349,2025-06,development,False
60m_trend_pullback_quality_rr2_5,1小时趋势回踩·质量过滤 RR2.5,trend_pullback,quality,2.5,1.25,2025-06-22T02:00:00+00:00,2025-06-22T02:00:00+00:00,2025-06-22T13:45:00+00:00,-1,102359.8,103202.19381342157,100253.81546644609,100254.01546644609,842.393813421566,2.499762581352318,0.12026074517539839,2.3795018361769196,True,TARGET,141,673.9150507372528,35.6293671319201,42.35131668797189,15.866767949494127,29.452264572427524,0.9599740141872538,-0.22331196906410378,1.253549630050199,0.7831527347781134,4.675218332864348,2025-06,development,False
60m_trend_pullback_quality_rr2_5,1小时趋势回踩·质量过滤 RR2.5,trend_pullback,quality,2.5,1.25,2025-07-10T15:00:00+00:00,2025-07-10T15:00:00+00:00,2025-07-10T16:35:00+00:00,1,111195.3,110650.34437053444,112557.6890736639,112557.4890736639,544.955629465559,2.499632997643881,0.2052945019515621,2.294338495692319,True,TARGET,19,435.9645035724472,36.4984384750559,61.52495080553802,26.666748618667114,17.107230027001457,1.715125832810322,0.14087887611637892,1.5572284963207292,0.8873036460585131,6.772110976483177,2025-07,development,False
60m_trend_pullback_quality_rr2_5,1小时趋势回踩·质量过滤 RR2.5,trend_pullback,quality,2.5,1.25,2025-07-11T17:00:00+00:00,2025-07-11T17:00:00+00:00,2025-07-13T05:00:00+00:00,1,117403.2,116399.14759642574,119913.33100893565,117842.6,1004.0524035742606,0.4376265605617968,0.11714816834388517,0.32047839221791163,True,TIME_EXIT,432,803.2419228594084,58.80427704857925,63.13374049165573,28.523610377834,14.886464243981465,2.9519515160108325,0.3029343229886561,0.909692936794883,0.939613240004752,7.064372312391369,2025-07,development,False
60m_trend_pullback_quality_rr2_5,1小时趋势回踩·质量过滤 RR2.5,trend_pullback,quality,2.5,1.25,2025-07-14T00:00:00+00:00,2025-07-14T00:00:00+00:00,2025-07-14T03:45:00+00:00,1,119038.5,118393.84810997195,120650.12972507012,120649.92972507012,644.651890028049,2.4996897550397414,0.1859053183840361,2.3137844366557054,True,TARGET,45,515.7215120224392,34.342141101537315,64.49271215988921,28.900624110325126,13.04667139460242,1.432562542525721,0.20503548121948825,1.0201658390580797,0.848229141906349,4.067505332041929,2025-07,development,False
60m_trend_pullback_quality_rr2_5,1小时趋势回踩·质量过滤 RR2.5,trend_pullback,quality,2.5,1.25,2025-07-25T13:00:00+00:00,2025-07-25T13:00:00+00:00,2025-07-25T19:45:00+00:00,-1,116079.5,116983.19066313606,113820.27334215984,116983.39066313606,903.6906631360648,-1.000221314669004,0.1289505912644606,-1.1291719059334646,False,STOP,81,722.9525305088519,37.89824380346293,41.13907505182873,11.805037313394552,28.233010614658273,1.107812229024422,-0.1979758587079381,1.0546888779414125,0.7731494511680125,6.514397282329351,2025-07,development,False
60m_trend_pullback_quality_rr2_5,1小时趋势回踩·质量过滤 RR2.5,trend_pullback,quality,2.5,1.25,2025-07-27T14:00:00+00:00,2025-07-27T14:00:00+00:00,2025-07-27T16:05:00+00:00,1,118182.5,117856.09355241372,118998.51611896571,118998.31611896571,326.40644758628406,2.499387267005668,0.3633212791488563,2.1360659878568113,True,TARGET,25,261.12515806902724,26.293898623470152,56.990873598976634,28.68092995910168,18.67430328790377,0.8748517276184093,0.10535579907186997,0.9974922662903131,0.8991769547325322,2.417614620775535,2025-07,development,False
60m_trend_pullback_quality_rr2_5,1小时趋势回踩·质量过滤 RR2.5,trend_pullback,quality,2.5,1.25,2025-08-01T17:00:00+00:00,2025-08-01T17:00:00+00:00,2025-08-02T18:35:00+00:00,-1,114962.0,116040.371412183,112266.0714695425,112266.2714695425,1078.3714121830012,2.4998145351427734,0.10535714731604065,2.3944573878267326,True,TARGET,307,862.697129746401,38.217766616958166,42.25000536492579,10.65622573717935,24.638096114825885,1.0794809450950686,-0.12177882922005405,0.9448290469275814,0.782559711581795,3.5431901818179767,2025-08,development,False
60m_trend_pullback_quality_rr2_5,1小时趋势回踩·质量过滤 RR2.5,trend_pullback,quality,2.5,1.25,2025-08-20T16:00:00+00:00,2025-08-20T16:00:00+00:00,2025-08-20T16:30:00+00:00,-1,113296.7,114116.83882609547,111246.35293476131,114117.03882609546,820.1388260954745,-1.0002438611532936,0.13864344156755093,-1.1388873027208444,False,STOP,6,656.1110608763796,44.10522903865096,44.37166609909162,11.660919854280435,26.160634413004427,1.184746146847998,-0.23141023587505613,2.8476952401112214,0.8745548433048481,2.5547504072878544,2025-08,development,False
60m_trend_pullback_quality_rr2_5,1小时趋势回踩·质量过滤 RR2.5,trend_pullback,quality,2.5,1.25,2025-08-26T16:00:00+00:00,2025-08-26T16:00:00+00:00,2025-08-26T18:40:00+00:00,-1,109624.40000000001,110569.23498463837,107262.3125384041,110569.43498463837,944.834984638362,-1.0002116771745873,0.11652502212802701,-1.1167366993026142,False,STOP,32,755.8679877106896,39.4211434457048,39.40891483271893,14.7374580441592,24.49901707173185,1.4422517152799061,-0.13721789857158354,1.0487899547745683,0.8784007801072534,5.069139138442466,2025-08,development,False
60m_trend_pullback_quality_rr2_5,1小时趋势回踩·质量过滤 RR2.5,trend_pullback,quality,2.5,1.25,2025-08-28T15:00:00+00:00,2025-08-28T15:00:00+00:00,2025-08-28T15:50:00+00:00,1,113115.8,112374.0665512373,114970.13362190676,112373.8665512373,741.7334487627029,-1.0002696386422054,0.1520018187985051,-1.1522714574407105,False,STOP,10,593.3867590101623,23.118178591198163,60.9354401956582,19.18532866586764,12.448630514586533,0.8689095104186453,0.30596230249665163,1.4172708835596317,0.8068337697967386,4.411962283026211,2025-08,development,False
60m_trend_pullback_quality_rr2_5,1小时趋势回踩·质量过滤 RR2.5,trend_pullback,quality,2.5,1.25,2025-09-11T14:00:00+00:00,2025-09-11T14:00:00+00:00,2025-09-11T14:20:00+00:00,1,114578.4,113955.76748861822,116134.98127845442,113955.56748861822,622.6325113817716,-1.0003212167632471,0.18352235332318761,-1.1838435700864347,False,STOP,4,498.1060091054173,33.752316666725584,68.85263200650203,24.852308064283235,9.855164509223046,1.3850489705078992,0.22700540594895766,4.242864687678683,0.9154700222057757,2.7885630259602774,2025-09,development,False
60m_trend_pullback_quality_rr2_5,1小时趋势回踩·质量过滤 RR2.5,trend_pullback,quality,2.5,1.25,2025-09-22T00:00:00+00:00,2025-09-22T00:00:00+00:00,2025-09-22T00:55:00+00:00,-1,115183.7,115470.82718781797,114465.88203045508,114466.08203045507,287.1271878179706,2.499303444576176,0.3999095031294035,2.0993939414467726,True,TARGET,11,229.70175025437646,30.969592379041455,40.15688508094238,11.161604385689467,22.996194232533917,0.8250216224531062,-0.20598370034423755,1.2463329397115965,0.9011645267244197,2.787963083828495,2025-09,development,False
60m_trend_pullback_quality_rr2_5,1小时趋势回踩·质量过滤 RR2.5,trend_pullback,quality,2.5,1.25,2025-09-26T15:00:00+00:00,2025-09-26T15:00:00+00:00,2025-09-26T17:25:00+00:00,-1,108796.6,109623.5878398526,106729.13040036854,109623.7878398526,826.9878398525884,-1.0002418415245804,0.13205779898697562,-1.132299640511556,False,STOP,29,661.5902718820707,54.37340202511456,37.63181107571375,9.570802575388596,24.28559481585282,1.5140876271192838,-0.17003260770192216,1.542717070536373,0.8698241369684614,2.056711015609588,2025-09,development,False
60m_trend_pullback_quality_rr2_5,1小时趋势回踩·质量过滤 RR2.5,trend_pullback,quality,2.5,1.25,2025-10-03T15:00:00+00:00,2025-10-03T15:00:00+00:00,2025-10-03T16:05:00+00:00,1,120861.59999999999,120195.5270420306,122526.78239492344,122526.58239492345,666.0729579693832,2.49969973259294,0.18270384608986862,2.3169958865030718,True,TARGET,13,532.8583663755065,27.343628043749433,66.55688042328308,23.70638056452929,15.332784592548593,2.204889721775452,0.30105387272895323,2.2275432034641796,0.9339673425444057,3.3761316580928757,2025-10,validation,False
60m_trend_pullback_quality_rr2_5,1小时趋势回踩·质量过滤 RR2.5,trend_pullback,quality,2.5,1.25,2025-10-14T17:00:00+00:00,2025-10-14T17:00:00+00:00,2025-10-14T22:05:00+00:00,-1,112252.90000000001,113498.34710251805,109139.28224370492,113498.54710251804,1245.4471025180333,-1.0001605849012765,0.09063068461362024,-1.0907912695148967,False,STOP,61,996.3576820144267,36.65484352411803,46.03108091820152,18.37695468743905,25.804495272987317,0.8274192398629533,-0.10123214417465162,1.6312525596148344,0.8663484486873408,6.037390094527213,2025-10,validation,False
60m_trend_pullback_quality_rr2_5,1小时趋势回踩·质量过滤 RR2.5,trend_pullback,quality,2.5,1.25,2025-10-17T17:00:00+00:00,2025-10-17T17:00:00+00:00,2025-10-19T05:00:00+00:00,-1,106330.90000000001,107805.53617094016,102644.30957264964,106989.8,1474.636170940149,-0.44682207922508427,0.07232994287126368,-0.5191520220963479,False,TIME_EXIT,432,1179.7089367521191,46.06244152260426,43.87905453772085,19.656716501897307,27.468181480632442,1.5143934095591987,-0.20581884680599302,1.2150140911748213,0.8994636015325693,4.85696074811032,2025-10,validation,False
60m_trend_pullback_quality_rr2_5,1小时趋势回踩·质量过滤 RR2.5,trend_pullback,quality,2.5,1.25,2025-10-26T22:00:00+00:00,2025-10-26T22:00:00+00:00,2025-10-26T22:05:00+00:00,1,113457.7,112925.70715329684,114787.68211675787,114787.48211675788,531.9928467031515,2.4996240550954063,0.2145190330389134,2.285105022056493,True,TARGET,1,425.59427736252115,45.554026774239304,67.4343341151926,26.137988260477094,16.737005815593804,1.9767036449157684,0.4537892230468069,1.0962346176163618,0.8766666666666667,6.579035830444121,2025-10,validation,False
60m_trend_pullback_quality_rr2_5,1小时趋势回踩·质量过滤 RR2.5,trend_pullback,quality,2.5,1.25,2025-10-27T14:00:00+00:00,2025-10-27T14:00:00+00:00,2025-10-27T14:20:00+00:00,1,115210.5,114479.77531449503,117037.31171376242,114479.57531449503,730.7246855049674,-1.000273700894429,0.15716594763441424,-1.1574396485288432,False,STOP,4,584.5797484039739,50.28948593503641,61.10903053872336,26.350123758870858,15.936287451347761,2.0867886487315404,0.2637341161462058,1.6009263361172112,0.8090703487679948,6.124399638842602,2025-10,validation,False
60m_trend_pullback_quality_rr2_5,1小时趋势回踩·质量过滤 RR2.5,trend_pullback,quality,2.5,1.25,2025-10-27T17:00:00+00:00,2025-10-27T17:00:00+00:00,2025-10-27T20:05:00+00:00,1,115438.3,114676.19030282274,117343.57424294316,114675.99030282274,762.1096971772637,-1.0002624294123774,0.15097189496153274,-1.15123432437391,False,STOP,37,609.687757741811,45.141324503565635,61.601587810862085,24.966345000491803,13.220963492563538,1.8549392742907442,0.13794363640173202,0.8395083691360169,0.7930416986441663,5.8721861387876695,2025-10,validation,False
60m_trend_pullback_quality_rr2_5,1小时趋势回踩·质量过滤 RR2.5,trend_pullback,quality,2.5,1.25,2025-11-11T03:00:00+00:00,2025-11-11T03:00:00+00:00,2025-11-11T05:05:00+00:00,1,106596.0,105578.55882256992,109139.60294357521,105578.35882256992,1017.4411774300876,-1.0001965715605272,0.10426861204816397,-1.1044651836086912,False,STOP,25,813.9529419440701,29.049973477737115,61.52818773851589,25.455475817308137,17.44731397617958,1.1183904845899406,0.2139965806585871,1.8686863095902102,0.6781792645556735,3.5112595000564353,2025-11,validation,False
60m_trend_pullback_quality_rr2_5,1小时趋势回踩·质量过滤 RR2.5,trend_pullback,quality,2.5,1.25,2025-11-16T19:00:00+00:00,2025-11-16T19:00:00+00:00,2025-11-17T00:35:00+00:00,-1,94005.7,94909.95116022951,91745.07209942622,94910.1511602295,904.2511602295074,-1.0002211774878471,0.1044598334340433,-1.1046810109218903,False,STOP,67,723.4009281836059,26.61577649294903,31.767451935401155,18.19735954764332,27.46934617265019,1.0804927459171672,-0.5472895943275746,3.626931509120082,0.8408830118572777,4.040083287338861,2025-11,validation,False
60m_trend_pullback_quality_rr2_5,1小时趋势回踩·质量过滤 RR2.5,trend_pullback,quality,2.5,1.25,2025-11-21T16:00:00+00:00,2025-11-21T16:00:00+00:00,2025-11-21T17:00:00+00:00,-1,82904.8,84776.46691291712,78225.63271770721,84776.66691291712,1871.6669129171166,-1.0001068566199576,0.044794686959437266,-1.044901543579395,False,STOP,12,1497.3335303336933,50.42120572054752,35.76077601084758,13.262071767933472,37.97997832831755,1.6684291979680743,-0.27530653746468703,1.5439207753588713,0.9131832797427606,5.085106187599459,2025-11,validation,False
60m_trend_pullback_quality_rr2_5,1小时趋势回踩·质量过滤 RR2.5,trend_pullback,quality,2.5,1.25,2025-12-06T20:00:00+00:00,2025-12-06T20:00:00+00:00,2025-12-07T14:30:00+00:00,-1,89369.3,89907.06413243058,88024.88966892358,88025.08966892358,537.7641324305681,2.499628089736861,0.16493698535372972,2.3346911043831313,True,TARGET,222,430.21130594445447,27.324973714235025,40.81250194444199,14.574135223107529,23.260509102330786,1.3636272902368463,-0.10671416166127817,1.6375555788867204,0.6718595937685027,3.154961251007306,2025-12,validation,False
60m_trend_pullback_quality_rr2_5,1小时趋势回踩·质量过滤 RR2.5,trend_pullback,quality,2.5,1.25,2026-01-05T00:00:00+00:00,2026-01-05T00:00:00+00:00,2026-01-05T01:05:00+00:00,1,91497.4,91110.0043961217,92465.8890096957,92465.6890096957,387.3956038782861,2.4994837318802783,0.23743569514987853,2.2620480367303997,True,TARGET,13,309.9164831026289,34.170067554686774,62.715963564326785,24.798819864340217,15.528340500745212,1.6505117672709473,0.16223631599406046,1.3943005453358888,0.8189119170984607,3.1931183204356546,2026-01,validation,False
60m_trend_pullback_quality_rr2_5,1小时趋势回踩·质量过滤 RR2.5,trend_pullback,quality,2.5,1.25,2026-01-09T15:00:00+00:00,2026-01-09T15:00:00+00:00,2026-01-09T15:25:00+00:00,-1,90110.5,90742.57868910415,88530.30327723961,90742.77868910415,632.0786891041528,-1.0003164162998084,0.14306231313179385,-1.1433787294316022,False,STOP,5,505.66295128332223,23.93807361913982,39.7935383074714,16.740435801037403,28.824210650665197,0.7018938536307434,-0.198420914291634,2.3040498254219695,0.6998113715979469,3.890338406259425,2026-01,validation,False
60m_trend_pullback_quality_rr2_5,1小时趋势回踩·质量过滤 RR2.5,trend_pullback,quality,2.5,1.25,2026-01-25T15:00:00+00:00,2026-01-25T15:00:00+00:00,2026-01-25T16:20:00+00:00,-1,88665.90000000001,89006.27793960497,87814.95515098759,87815.15515098759,340.3779396049656,2.4994124178546246,0.25924279252028964,2.240169625334335,True,TARGET,16,272.30235168397246,40.83144467069321,41.82982336228956,13.085766501193058,28.26678598436736,1.1236726502069665,-0.1506928545673916,1.7861215516405797,0.7300094073377003,4.995917191265544,2026-01,validation,False
60m_trend_pullback_quality_rr2_5,1小时趋势回踩·质量过滤 RR2.5,trend_pullback,quality,2.5,1.25,2026-02-23T11:00:00+00:00,2026-02-23T11:00:00+00:00,2026-02-23T17:20:00+00:00,-1,66291.0,66901.7322603205,64764.16934919875,64764.36934919875,610.7322603204982,2.4996725242581896,0.10729363574180928,2.3923788885163804,True,TARGET,76,488.5858082563986,32.61390418265016,47.0868916929768,25.610125012344486,30.773233604994722,1.3751378747745802,-0.1318198800067141,0.8090861113421967,0.7227748023463146,7.301071663808975,2026-02,validation,False
60m_trend_pullback_quality_rr2_5,1小时趋势回踩·质量过滤 RR2.5,trend_pullback,quality,2.5,1.25,2026-03-15T18:00:00+00:00,2026-03-15T18:00:00+00:00,2026-03-15T18:50:00+00:00,1,71788.09999999999,71389.26257112031,72785.19357219918,71389.06257112032,398.8374288796731,-1.000501457449875,0.1794931370575002,-1.179994594507375,False,STOP,10,319.06994310373847,25.614180044739733,62.59735090836163,26.685149141009514,15.371410600541319,0.7924637077204347,0.14525962412076782,1.4803131285492996,0.6928989139515407,4.030464253356155,2026-03,validation,False
60m_trend_pullback_quality_rr2_5,1小时趋势回踩·质量过滤 RR2.5,trend_pullback,quality,2.5,1.25,2026-03-23T04:00:00+00:00,2026-03-23T04:00:00+00:00,2026-03-23T05:05:00+00:00,-1,68045.0,68679.59456400404,66458.51358998989,68679.79456400404,634.5945640040454,-1.00031516185505,0.10772609971737204,-1.1080412615724222,False,STOP,13,507.6756512032364,43.93953885614242,40.45880697057333,12.38354485745813,25.054897141965764,1.3967645200302157,-0.22770648036605082,0.8740758467406516,0.957778194783261,3.780760403716124,2026-03,validation,False
60m_trend_pullback_quality_rr2_5,1小时趋势回踩·质量过滤 RR2.5,trend_pullback,quality,2.5,1.25,2026-03-27T08:00:00+00:00,2026-03-27T08:00:00+00:00,2026-03-27T10:40:00+00:00,-1,68501.6,69075.41662825573,67067.05842936071,67067.2584293607,573.8166282557166,2.499651456597553,0.11812907796124861,2.3815223786363044,True,TARGET,32,459.0533026045733,28.64627593023827,33.874263414215406,13.227602795202998,26.43920620671852,1.3103547675950904,-0.3019696220503453,1.098142159398895,0.8324483775811267,3.826135200497512,2026-03,validation,False
60m_trend_pullback_quality_rr2_5,1小时趋势回踩·质量过滤 RR2.5,trend_pullback,quality,2.5,1.25,2026-04-08T16:00:00+00:00,2026-04-08T16:00:00+00:00,2026-04-09T01:10:00+00:00,1,71275.09999999999,70540.19549980505,73112.36125048736,70539.99549980505,734.9045001949486,-1.000272144203685,0.09648539059305372,-1.0967575347967387,False,STOP,110,587.9236001559589,44.720680974447035,55.976459461071265,33.32336319675108,15.846167601062739,1.6153715048263906,0.10126692077263355,0.8633885505827513,0.9012810851544953,7.727534664018964,2026-04,historical_test,False
60m_trend_pullback_quality_rr2_5,1小时趋势回踩·质量过滤 RR2.5,trend_pullback,quality,2.5,1.25,2026-04-10T01:00:00+00:00,2026-04-10T01:00:00+00:00,2026-04-11T13:00:00+00:00,1,71932.5,71217.15364795008,73720.86588012481,72895.40000000001,715.3463520499242,1.3460612432574586,0.1012292154597389,1.2448320277977196,True,TIME_EXIT,432,572.2770816399394,23.69372720807258,55.31794045648317,24.32037614336547,15.14382771062132,0.9308107603750567,0.10916775496086825,0.827613122666248,0.8588261449533134,4.644253780675102,2026-04,historical_test,False
60m_trend_pullback_quality_rr2_5,1小时趋势回踩·质量过滤 RR2.5,trend_pullback,quality,2.5,1.25,2026-04-14T18:00:00+00:00,2026-04-14T18:00:00+00:00,2026-04-14T18:50:00+00:00,1,74700.09999999999,73958.67803934173,76553.65490164564,73958.47803934173,741.4219606582601,-1.0002697519234827,0.1002523434208487,-1.1005220953443313,False,STOP,10,593.1375685266081,50.215547679784066,59.0161009311723,31.582746804236727,13.112009691890895,1.65255841210687,0.3222755798717889,0.9753399581744528,0.7113167259786436,5.028007258768363,2026-04,historical_test,False
60m_trend_pullback_quality_rr2_5,1小时趋势回踩·质量过滤 RR2.5,trend_pullback,quality,2.5,1.25,2026-04-30T03:00:00+00:00,2026-04-30T03:00:00+00:00,2026-04-30T09:35:00+00:00,-1,75663.3,76275.21176947438,74133.52057631405,76275.41176947438,611.9117694743786,-1.000326844505976,0.12415083297056621,-1.1244776774765424,False,STOP,79,489.5294155795029,26.79996118038175,40.04925286722933,18.46307880484214,32.73743682750686,0.7258452484481224,-0.12080182433016319,0.9711974621902064,0.7511878549078579,6.138956933655261,2026-04,historical_test,False
60m_trend_pullback_quality_rr2_5,1小时趋势回踩·质量过滤 RR2.5,trend_pullback,quality,2.5,1.25,2026-05-03T10:00:00+00:00,2026-05-03T10:00:00+00:00,2026-05-03T20:40:00+00:00,1,78496.8,78207.12735804687,79220.98160488285,79220.78160488285,289.6726419531391,2.4993095654506807,0.2722341684417632,2.2270753970089174,True,TARGET,128,231.73811356251127,23.306960713771776,58.256329390735246,25.235960192711584,16.22854332494849,1.1745747794766568,0.10132439295445529,0.9884580441493142,0.7094047199718151,4.824411413439853,2026-05,historical_test,False
60m_trend_pullback_quality_rr2_5,1小时趋势回踩·质量过滤 RR2.5,trend_pullback,quality,2.5,1.25,2026-05-06T09:00:00+00:00,2026-05-06T09:00:00+00:00,2026-05-06T14:05:00+00:00,1,81903.9,81355.70268850158,83274.39327874602,81355.50268850158,548.197311498411,-1.000364832143108,0.14890569441343823,-1.1492705265565462,False,STOP,61,438.5578491987288,23.425371268621046,64.95029902879565,27.580808352389564,15.086888063150054,1.3317167251435558,0.2462086591895185,1.7800955525950872,0.9377443609022644,2.4949958186797145,2026-05,historical_test,False
60m_trend_pullback_quality_rr2_5,1小时趋势回踩·质量过滤 RR2.5,trend_pullback,quality,2.5,1.25,2026-05-10T11:00:00+00:00,2026-05-10T11:00:00+00:00,2026-05-10T16:15:00+00:00,1,80836.7,80591.55379295975,81449.56551760061,81449.36551760061,245.14620704024412,2.499184160332693,0.3309985242622154,2.1681856360704774,True,TARGET,63,196.1169656321953,25.75782809867316,63.03425201322625,20.78937833807353,12.695568301267672,0.7729115816627974,0.2397081759603943,1.3640003935322698,0.9011090573013182,4.350465026060614,2026-05,historical_test,False
60m_trend_pullback_quality_rr2_5,1小时趋势回踩·质量过滤 RR2.5,trend_pullback,quality,2.5,1.25,2026-06-08T13:00:00+00:00,2026-06-08T13:00:00+00:00,2026-06-08T23:35:00+00:00,1,63844.799999999996,63039.34136513457,65858.44658716356,63039.14136513457,805.4586348654291,-1.0002483057370513,0.07876502645373809,-1.0790133321907893,False,STOP,127,644.3669078923433,27.625765039625566,64.17059876856588,26.558844957059897,15.940347438800611,0.7619736834137426,0.31350173756644045,2.838317821344342,0.9195999379748818,4.810613273327651,2026-06,historical_test,False
60m_trend_pullback_quality_rr2_5,1小时趋势回踩·质量过滤 RR2.5,trend_pullback,quality,2.5,1.25,2026-06-10T09:00:00+00:00,2026-06-10T09:00:00+00:00,2026-06-10T12:35:00+00:00,-1,61228.600000000006,61802.54177361614,59793.74556595967,61802.74177361614,573.9417736161345,-1.0003484674041698,0.10718103075025721,-1.107529498154427,False,STOP,43,459.1534188929076,29.78658223687702,38.86880611845992,14.146048118006812,25.822234845792657,0.9009618168527255,-0.22993187182081684,0.8380545974978186,0.8272585938849547,4.602383240650283,2026-06,historical_test,False
60m_trend_pullback_quality_rr2_5,1小时趋势回踩·质量过滤 RR2.5,trend_pullback,quality,2.5,1.25,2026-06-14T10:00:00+00:00,2026-06-14T10:00:00+00:00,2026-06-14T12:40:00+00:00,1,64585.0,64300.34247156295,65296.64382109263,64300.142471562955,284.65752843705155,-1.000702598666868,0.22638632320603508,-1.227088921872903,False,STOP,32,227.72602274964123,35.21018998311684,63.95109655146189,27.189759353679168,11.017211570312728,1.5487293526334667,0.2736815514012082,0.9624501296167469,0.9730769230769184,3.8427755837200523,2026-06,historical_test,False
60m_trend_pullback_quality_rr3_0,1小时趋势回踩·质量过滤 RR3.0,trend_pullback,quality,3.0,1.25,2025-01-14T18:00:00+00:00,2025-01-14T18:00:00+00:00,2025-01-15T20:00:00+00:00,1,96481.4,95385.55668526978,99768.92994419063,99768.72994419064,1095.843314730213,2.9998174921566716,0.08954296992380963,2.910274522232862,True,TARGET,312,876.6746517841705,28.34065816342626,62.08656504989157,24.186915128256764,16.90898016946406,0.9025168872639903,0.2976616494727199,0.9039995571984707,0.9805208333333364,4.564749296510054,2025-01,development,False
60m_trend_pullback_quality_rr3_0,1小时趋势回踩·质量过滤 RR3.0,trend_pullback,quality,3.0,1.25,2025-01-18T14:00:00+00:00,2025-01-18T14:00:00+00:00,2025-01-18T16:50:00+00:00,1,104327.5,103291.38455475065,107435.84633574804,103291.18455475065,1036.115445249345,-1.000193028683164,0.10019090319843,-1.100383931881594,False,STOP,34,828.892356199476,28.719456531919764,59.07052248415294,20.813436488754846,14.03546596779078,1.3625648931979126,0.1349730523233946,0.957063822529273,0.9546853362055635,4.272207330076759,2025-01,development,False
60m_trend_pullback_quality_rr3_0,1小时趋势回踩·质量过滤 RR3.0,trend_pullback,quality,3.0,1.25,2025-01-27T14:00:00+00:00,2025-01-27T14:00:00+00:00,2025-01-27T14:50:00+00:00,-1,100439.8,101696.48202509966,96669.75392470103,101696.68202509965,1256.6820250996577,-1.0001591492485753,0.0804246730628099,-1.0805838223113853,False,STOP,10,1005.3456200797261,47.96643707053269,41.21933494604819,19.42568809823746,27.52728468804007,1.6440273926494091,-0.3575744824672067,2.1530925265601724,0.7007529329364407,7.516817947046622,2025-01,development,False
60m_trend_pullback_quality_rr3_0,1小时趋势回踩·质量过滤 RR3.0,trend_pullback,quality,3.0,1.25,2025-01-30T19:00:00+00:00,2025-01-30T19:00:00+00:00,2025-01-31T00:10:00+00:00,1,105523.59999999999,104585.24942409876,108338.65172770368,104585.04942409876,938.350575901227,-1.0002131399555132,0.11195637047608915,-1.1121695104316023,False,STOP,62,750.6804607209816,35.16567558479508,61.620285752690194,21.403637964459065,13.091068726502543,1.3221587173699378,0.2627499595299085,1.0331694917960463,0.9829634073185223,4.296768290601449,2025-01,development,False
60m_trend_pullback_quality_rr3_0,1小时趋势回踩·质量过滤 RR3.0,trend_pullback,quality,3.0,1.25,2025-03-09T09:00:00+00:00,2025-03-09T09:00:00+00:00,2025-03-09T13:55:00+00:00,-1,85752.8,86340.27130179552,83990.38609461342,83990.58609461342,587.4713017955287,2.9996595578381586,0.14446951329861996,2.8551900445395386,True,TARGET,59,469.97704143642295,25.040521568436617,39.85242408883973,13.049200992178156,20.822154023742538,1.2965798699157824,-0.19658068496009282,0.8855882358018914,0.925381263616573,2.0883998865139763,2025-03,development,False
60m_trend_pullback_quality_rr3_0,1小时趋势回踩·质量过滤 RR3.0,trend_pullback,quality,3.0,1.25,2025-03-20T15:00:00+00:00,2025-03-20T15:00:00+00:00,2025-03-20T15:05:00+00:00,1,86123.8,85289.8787439404,88625.5637681788,85289.6787439404,833.9212560595993,-1.000239830797633,0.1027755783285189,-1.103015409126152,False,STOP,1,667.1370048476795,34.29902403826111,60.37626390514875,27.177156407788186,14.487504343603804,1.1854050459433159,0.10834833526204322,1.587220660976056,0.6547921967769288,5.995769940708474,2025-03,development,False
60m_trend_pullback_quality_rr3_0,1小时趋势回踩·质量过滤 RR3.0,trend_pullback,quality,3.0,1.25,2025-03-30T16:00:00+00:00,2025-03-30T16:00:00+00:00,2025-03-31T14:10:00+00:00,-1,82699.7,83215.54104313858,81152.17687058423,83215.74104313858,515.841043138588,-1.0003877163375323,0.16082031785764964,-1.161208034195182,False,STOP,266,412.6728345108704,23.798352177761053,42.834365596563075,12.075090747407826,19.964204554854575,1.344653732138464,-0.2151389760135759,0.8329934646547372,0.919233971690283,3.210533597566123,2025-03,development,False
60m_trend_pullback_quality_rr3_0,1小时趋势回踩·质量过滤 RR3.0,trend_pullback,quality,3.0,1.25,2025-04-22T01:00:00+00:00,2025-04-22T01:00:00+00:00,2025-04-22T13:20:00+00:00,1,87672.9,86943.19615365397,89862.01153903804,89861.81153903804,729.7038463460148,2.9997259162042256,0.12164846905223364,2.878077447151992,True,TARGET,148,583.7630770768118,23.384910243254524,61.08642016091358,23.470107298868452,19.293492213220723,1.2551850507145073,0.1986888321452272,1.1147929330828357,0.9628214548126335,3.5822752108126843,2025-04,development,False
60m_trend_pullback_quality_rr3_0,1小时趋势回踩·质量过滤 RR3.0,trend_pullback,quality,3.0,1.25,2025-04-23T17:00:00+00:00,2025-04-23T17:00:00+00:00,2025-04-24T04:10:00+00:00,1,93585.7,92535.2117737472,96737.16467875839,92535.0117737472,1050.4882262527976,-1.0001903876645148,0.08858771908261144,-1.0887781067471263,False,STOP,134,840.390581002238,61.380373266039605,62.75113309019639,31.20673635510521,12.366345451782028,2.1979770665391567,0.1400060851094848,0.9887805360795803,0.7984163642362231,4.646648937144145,2025-04,development,False
60m_trend_pullback_quality_rr3_0,1小时趋势回踩·质量过滤 RR3.0,trend_pullback,quality,3.0,1.25,2025-05-05T15:00:00+00:00,2025-05-05T15:00:00+00:00,2025-05-05T17:35:00+00:00,-1,93839.6,94420.84799001004,92095.8560299699,94421.04799001003,581.2479900100323,-1.0003440872113658,0.16194520344643315,-1.162289290657799,False,STOP,31,464.9983920080258,47.43869754691268,35.60472783384051,9.326491174202461,26.161767425140813,1.231696530981283,-0.32543027597815466,1.9574457848406361,0.7956678700360976,4.849264080812294,2025-05,development,False
60m_trend_pullback_quality_rr3_0,1小时趋势回踩·质量过滤 RR3.0,trend_pullback,quality,3.0,1.25,2025-05-30T14:00:00+00:00,2025-05-30T14:00:00+00:00,2025-06-01T02:00:00+00:00,-1,105450.6,106280.39012611045,102961.2296216687,104085.4,829.7901261104347,1.6452352914817892,0.12625843174477192,1.5189768597370172,True,TIME_EXIT,432,663.8321008883478,44.69593405087126,40.71496712928065,11.289510428421138,29.812293343030408,1.2800723191304306,-0.15984157817924835,1.016441611579888,0.7900481540930933,3.5084172592486946,2025-05,development,False
60m_trend_pullback_quality_rr3_0,1小时趋势回踩·质量过滤 RR3.0,trend_pullback,quality,3.0,1.25,2025-06-12T16:00:00+00:00,2025-06-12T16:00:00+00:00,2025-06-12T16:30:00+00:00,-1,106960.40000000001,107639.32342949441,104923.62971151681,107639.52342949441,678.9234294943992,-1.0002945840301172,0.15804427576561103,-1.1583388597957283,False,STOP,6,543.1387435955194,31.97293639436253,34.2121425403885,13.023000881498831,25.009019451413923,0.9032776013644529,-0.3731746627948623,1.872352808815186,0.8343653250773994,4.834308049207001,2025-06,development,False
60m_trend_pullback_quality_rr3_0,1小时趋势回踩·质量过滤 RR3.0,trend_pullback,quality,3.0,1.25,2025-06-12T20:00:00+00:00,2025-06-12T20:00:00+00:00,2025-06-13T00:15:00+00:00,-1,106749.3,107581.3040951632,104253.2877145104,104253.4877145104,832.0040951632024,2.999759616567799,0.1268039357865907,2.8729556807812084,True,TARGET,51,665.6032761305619,29.260632971293425,38.24705727784192,13.709832879934513,25.85470972797502,0.7031095431203731,-0.1149409799589953,1.3178648961591017,0.893815539592102,3.3698752401573557,2025-06,development,False
60m_trend_pullback_quality_rr3_0,1小时趋势回踩·质量过滤 RR3.0,trend_pullback,quality,3.0,1.25,2025-06-13T09:00:00+00:00,2025-06-13T09:00:00+00:00,2025-06-13T15:25:00+00:00,-1,104679.1,105685.29456874818,101660.51629375547,105685.49456874818,1006.1945687481807,-1.0001987687135339,0.10453474959145598,-1.1047335183049898,False,STOP,77,804.9556549985446,40.89062978134057,38.29207421088937,17.79274028433395,27.21982986747282,1.619234606323052,-0.29912924285831416,0.972429551745637,0.9410346075002911,7.1859859162185185,2025-06,development,False
60m_trend_pullback_quality_rr3_0,1小时趋势回踩·质量过滤 RR3.0,trend_pullback,quality,3.0,1.25,2025-06-14T20:00:00+00:00,2025-06-14T20:00:00+00:00,2025-06-14T21:25:00+00:00,-1,104584.0,105115.07989665474,102990.76031003578,105115.27989665474,531.0798966547399,-1.0003765911706723,0.1974272432618385,-1.1978038344325108,False,STOP,17,424.8639173237919,26.51260101298224,40.83664939983487,13.678105682219481,22.844305354086508,1.2181256488057783,-0.22368002973921577,1.3715923833188528,0.9859705611775396,4.433419556701259,2025-06,development,False
60m_trend_pullback_quality_rr3_0,1小时趋势回踩·质量过滤 RR3.0,trend_pullback,quality,3.0,1.25,2025-06-18T17:00:00+00:00,2025-06-18T17:00:00+00:00,2025-06-19T00:50:00+00:00,-1,104363.5,105146.65037255944,102014.04888232169,105146.85037255943,783.1503725594388,-1.0002553787969763,0.13376125308339698,-1.1340166318803733,False,STOP,94,626.520298047551,23.643084268508634,42.13774619683698,18.19354740235642,23.18998109694492,0.7932648221151272,-0.11726106887779207,0.8314519518356686,0.825105243015676,2.793205591987349,2025-06,development,False
60m_trend_pullback_quality_rr3_0,1小时趋势回踩·质量过滤 RR3.0,trend_pullback,quality,3.0,1.25,2025-06-22T02:00:00+00:00,2025-06-22T02:00:00+00:00,2025-06-22T14:25:00+00:00,-1,102359.8,103202.19381342157,99832.6185597353,99832.8185597353,842.393813421566,2.999762581352321,0.12001074517539838,2.8797518361769225,True,TARGET,149,673.9150507372528,35.6293671319201,42.35131668797189,15.866767949494127,29.452264572427524,0.9599740141872538,-0.22331196906410378,1.253549630050199,0.7831527347781134,4.675218332864348,2025-06,development,False
60m_trend_pullback_quality_rr3_0,1小时趋势回踩·质量过滤 RR3.0,trend_pullback,quality,3.0,1.25,2025-07-10T15:00:00+00:00,2025-07-10T15:00:00+00:00,2025-07-10T17:10:00+00:00,1,111195.3,110650.34437053444,112830.16688839668,112829.96688839668,544.955629465559,2.9996329976438716,0.20554450195156213,2.7940884956923093,True,TARGET,26,435.9645035724472,36.4984384750559,61.52495080553802,26.666748618667114,17.107230027001457,1.715125832810322,0.14087887611637892,1.5572284963207292,0.8873036460585131,6.772110976483177,2025-07,development,False
60m_trend_pullback_quality_rr3_0,1小时趋势回踩·质量过滤 RR3.0,trend_pullback,quality,3.0,1.25,2025-07-11T17:00:00+00:00,2025-07-11T17:00:00+00:00,2025-07-13T05:00:00+00:00,1,117403.2,116399.14759642574,120415.35721072278,117842.6,1004.0524035742606,0.4376265605617968,0.11714816834388517,0.32047839221791163,True,TIME_EXIT,432,803.2419228594084,58.80427704857925,63.13374049165573,28.523610377834,14.886464243981465,2.9519515160108325,0.3029343229886561,0.909692936794883,0.939613240004752,7.064372312391369,2025-07,development,False
60m_trend_pullback_quality_rr3_0,1小时趋势回踩·质量过滤 RR3.0,trend_pullback,quality,3.0,1.25,2025-07-14T00:00:00+00:00,2025-07-14T00:00:00+00:00,2025-07-14T03:45:00+00:00,1,119038.5,118393.84810997195,120972.45567008415,120972.25567008415,644.651890028049,2.9996897550397534,0.1861553183840361,2.8135344366557176,True,TARGET,45,515.7215120224392,34.342141101537315,64.49271215988921,28.900624110325126,13.04667139460242,1.432562542525721,0.20503548121948825,1.0201658390580797,0.848229141906349,4.067505332041929,2025-07,development,False
60m_trend_pullback_quality_rr3_0,1小时趋势回踩·质量过滤 RR3.0,trend_pullback,quality,3.0,1.25,2025-07-25T13:00:00+00:00,2025-07-25T13:00:00+00:00,2025-07-25T19:45:00+00:00,-1,116079.5,116983.19066313606,113368.4280105918,116983.39066313606,903.6906631360648,-1.000221314669004,0.1289505912644606,-1.1291719059334646,False,STOP,81,722.9525305088519,37.89824380346293,41.13907505182873,11.805037313394552,28.233010614658273,1.107812229024422,-0.1979758587079381,1.0546888779414125,0.7731494511680125,6.514397282329351,2025-07,development,False
60m_trend_pullback_quality_rr3_0,1小时趋势回踩·质量过滤 RR3.0,trend_pullback,quality,3.0,1.25,2025-07-27T14:00:00+00:00,2025-07-27T14:00:00+00:00,2025-07-27T16:15:00+00:00,1,118182.5,117856.09355241372,119161.71934275885,119161.51934275885,326.40644758628406,2.9993872670056665,0.3635712791488564,2.63581598785681,True,TARGET,27,261.12515806902724,26.293898623470152,56.990873598976634,28.68092995910168,18.67430328790377,0.8748517276184093,0.10535579907186997,0.9974922662903131,0.8991769547325322,2.417614620775535,2025-07,development,False
60m_trend_pullback_quality_rr3_0,1小时趋势回踩·质量过滤 RR3.0,trend_pullback,quality,3.0,1.25,2025-08-01T17:00:00+00:00,2025-08-01T17:00:00+00:00,2025-08-03T05:00:00+00:00,-1,114962.0,116040.371412183,111726.88576345099,113424.4,1078.3714121830012,1.4258538223740234,0.10589412767242502,1.3199596947015984,True,TIME_EXIT,432,862.697129746401,38.217766616958166,42.25000536492579,10.65622573717935,24.638096114825885,1.0794809450950686,-0.12177882922005405,0.9448290469275814,0.782559711581795,3.5431901818179767,2025-08,development,False
60m_trend_pullback_quality_rr3_0,1小时趋势回踩·质量过滤 RR3.0,trend_pullback,quality,3.0,1.25,2025-08-20T16:00:00+00:00,2025-08-20T16:00:00+00:00,2025-08-20T16:30:00+00:00,-1,113296.7,114116.83882609547,110836.28352171357,114117.03882609546,820.1388260954745,-1.0002438611532936,0.13864344156755093,-1.1388873027208444,False,STOP,6,656.1110608763796,44.10522903865096,44.37166609909162,11.660919854280435,26.160634413004427,1.184746146847998,-0.23141023587505613,2.8476952401112214,0.8745548433048481,2.5547504072878544,2025-08,development,False
60m_trend_pullback_quality_rr3_0,1小时趋势回踩·质量过滤 RR3.0,trend_pullback,quality,3.0,1.25,2025-08-26T16:00:00+00:00,2025-08-26T16:00:00+00:00,2025-08-26T18:40:00+00:00,-1,109624.40000000001,110569.23498463837,106789.89504608492,110569.43498463837,944.834984638362,-1.0002116771745873,0.11652502212802701,-1.1167366993026142,False,STOP,32,755.8679877106896,39.4211434457048,39.40891483271893,14.7374580441592,24.49901707173185,1.4422517152799061,-0.13721789857158354,1.0487899547745683,0.8784007801072534,5.069139138442466,2025-08,development,False
60m_trend_pullback_quality_rr3_0,1小时趋势回踩·质量过滤 RR3.0,trend_pullback,quality,3.0,1.25,2025-08-28T15:00:00+00:00,2025-08-28T15:00:00+00:00,2025-08-28T15:50:00+00:00,1,113115.8,112374.0665512373,115341.00034628811,112373.8665512373,741.7334487627029,-1.0002696386422054,0.1520018187985051,-1.1522714574407105,False,STOP,10,593.3867590101623,23.118178591198163,60.9354401956582,19.18532866586764,12.448630514586533,0.8689095104186453,0.30596230249665163,1.4172708835596317,0.8068337697967386,4.411962283026211,2025-08,development,False
60m_trend_pullback_quality_rr3_0,1小时趋势回踩·质量过滤 RR3.0,trend_pullback,quality,3.0,1.25,2025-09-11T14:00:00+00:00,2025-09-11T14:00:00+00:00,2025-09-11T14:20:00+00:00,1,114578.4,113955.76748861822,116446.29753414531,113955.56748861822,622.6325113817716,-1.0003212167632471,0.18352235332318761,-1.1838435700864347,False,STOP,4,498.1060091054173,33.752316666725584,68.85263200650203,24.852308064283235,9.855164509223046,1.3850489705078992,0.22700540594895766,4.242864687678683,0.9154700222057757,2.7885630259602774,2025-09,development,False
60m_trend_pullback_quality_rr3_0,1小时趋势回踩·质量过滤 RR3.0,trend_pullback,quality,3.0,1.25,2025-09-22T00:00:00+00:00,2025-09-22T00:00:00+00:00,2025-09-22T00:55:00+00:00,-1,115183.7,115470.82718781797,114322.31843654609,114322.51843654609,287.1271878179706,2.9993034445761726,0.3996595031294035,2.599643941446769,True,TARGET,11,229.70175025437646,30.969592379041455,40.15688508094238,11.161604385689467,22.996194232533917,0.8250216224531062,-0.20598370034423755,1.2463329397115965,0.9011645267244197,2.787963083828495,2025-09,development,False
60m_trend_pullback_quality_rr3_0,1小时趋势回踩·质量过滤 RR3.0,trend_pullback,quality,3.0,1.25,2025-09-26T15:00:00+00:00,2025-09-26T15:00:00+00:00,2025-09-26T17:25:00+00:00,-1,108796.6,109623.5878398526,106315.63648044223,109623.7878398526,826.9878398525884,-1.0002418415245804,0.13205779898697562,-1.132299640511556,False,STOP,29,661.5902718820707,54.37340202511456,37.63181107571375,9.570802575388596,24.28559481585282,1.5140876271192838,-0.17003260770192216,1.542717070536373,0.8698241369684614,2.056711015609588,2025-09,development,False
60m_trend_pullback_quality_rr3_0,1小时趋势回踩·质量过滤 RR3.0,trend_pullback,quality,3.0,1.25,2025-10-03T15:00:00+00:00,2025-10-03T15:00:00+00:00,2025-10-03T16:05:00+00:00,1,120861.59999999999,120195.5270420306,122859.81887390814,122859.61887390814,666.0729579693832,2.9996997325929433,0.18295384608986862,2.8167458865030746,True,TARGET,13,532.8583663755065,27.343628043749433,66.55688042328308,23.70638056452929,15.332784592548593,2.204889721775452,0.30105387272895323,2.2275432034641796,0.9339673425444057,3.3761316580928757,2025-10,validation,False
60m_trend_pullback_quality_rr3_0,1小时趋势回踩·质量过滤 RR3.0,trend_pullback,quality,3.0,1.25,2025-10-14T17:00:00+00:00,2025-10-14T17:00:00+00:00,2025-10-14T22:05:00+00:00,-1,112252.90000000001,113498.34710251805,108516.5586924459,113498.54710251804,1245.4471025180333,-1.0001605849012765,0.09063068461362024,-1.0907912695148967,False,STOP,61,996.3576820144267,36.65484352411803,46.03108091820152,18.37695468743905,25.804495272987317,0.8274192398629533,-0.10123214417465162,1.6312525596148344,0.8663484486873408,6.037390094527213,2025-10,validation,False
60m_trend_pullback_quality_rr3_0,1小时趋势回踩·质量过滤 RR3.0,trend_pullback,quality,3.0,1.25,2025-10-17T17:00:00+00:00,2025-10-17T17:00:00+00:00,2025-10-19T05:00:00+00:00,-1,106330.90000000001,107805.53617094016,101906.99148717956,106989.8,1474.636170940149,-0.44682207922508427,0.07232994287126368,-0.5191520220963479,False,TIME_EXIT,432,1179.7089367521191,46.06244152260426,43.87905453772085,19.656716501897307,27.468181480632442,1.5143934095591987,-0.20581884680599302,1.2150140911748213,0.8994636015325693,4.85696074811032,2025-10,validation,False
60m_trend_pullback_quality_rr3_0,1小时趋势回踩·质量过滤 RR3.0,trend_pullback,quality,3.0,1.25,2025-10-26T22:00:00+00:00,2025-10-26T22:00:00+00:00,2025-10-26T22:05:00+00:00,1,113457.7,112925.70715329684,115053.67854010945,115053.47854010946,531.9928467031515,2.9996240550954116,0.2147690330389134,2.7848550220564983,True,TARGET,1,425.59427736252115,45.554026774239304,67.4343341151926,26.137988260477094,16.737005815593804,1.9767036449157684,0.4537892230468069,1.0962346176163618,0.8766666666666667,6.579035830444121,2025-10,validation,False
60m_trend_pullback_quality_rr3_0,1小时趋势回踩·质量过滤 RR3.0,trend_pullback,quality,3.0,1.25,2025-10-27T14:00:00+00:00,2025-10-27T14:00:00+00:00,2025-10-27T14:20:00+00:00,1,115210.5,114479.77531449503,117402.67405651491,114479.57531449503,730.7246855049674,-1.000273700894429,0.15716594763441424,-1.1574396485288432,False,STOP,4,584.5797484039739,50.28948593503641,61.10903053872336,26.350123758870858,15.936287451347761,2.0867886487315404,0.2637341161462058,1.6009263361172112,0.8090703487679948,6.124399638842602,2025-10,validation,False
60m_trend_pullback_quality_rr3_0,1小时趋势回踩·质量过滤 RR3.0,trend_pullback,quality,3.0,1.25,2025-10-27T17:00:00+00:00,2025-10-27T17:00:00+00:00,2025-10-27T20:05:00+00:00,1,115438.3,114676.19030282274,117724.6290915318,114675.99030282274,762.1096971772637,-1.0002624294123774,0.15097189496153274,-1.15123432437391,False,STOP,37,609.687757741811,45.141324503565635,61.601587810862085,24.966345000491803,13.220963492563538,1.8549392742907442,0.13794363640173202,0.8395083691360169,0.7930416986441663,5.8721861387876695,2025-10,validation,False
60m_trend_pullback_quality_rr3_0,1小时趋势回踩·质量过滤 RR3.0,trend_pullback,quality,3.0,1.25,2025-11-11T03:00:00+00:00,2025-11-11T03:00:00+00:00,2025-11-11T05:05:00+00:00,1,106596.0,105578.55882256992,109648.32353229026,105578.35882256992,1017.4411774300876,-1.0001965715605272,0.10426861204816397,-1.1044651836086912,False,STOP,25,813.9529419440701,29.049973477737115,61.52818773851589,25.455475817308137,17.44731397617958,1.1183904845899406,0.2139965806585871,1.8686863095902102,0.6781792645556735,3.5112595000564353,2025-11,validation,False
60m_trend_pullback_quality_rr3_0,1小时趋势回踩·质量过滤 RR3.0,trend_pullback,quality,3.0,1.25,2025-11-16T19:00:00+00:00,2025-11-16T19:00:00+00:00,2025-11-17T00:35:00+00:00,-1,94005.7,94909.95116022951,91292.94651931147,94910.1511602295,904.2511602295074,-1.0002211774878471,0.1044598334340433,-1.1046810109218903,False,STOP,67,723.4009281836059,26.61577649294903,31.767451935401155,18.19735954764332,27.46934617265019,1.0804927459171672,-0.5472895943275746,3.626931509120082,0.8408830118572777,4.040083287338861,2025-11,validation,False
60m_trend_pullback_quality_rr3_0,1小时趋势回踩·质量过滤 RR3.0,trend_pullback,quality,3.0,1.25,2025-11-21T16:00:00+00:00,2025-11-21T16:00:00+00:00,2025-11-21T17:00:00+00:00,-1,82904.8,84776.46691291712,77289.79926124866,84776.66691291712,1871.6669129171166,-1.0001068566199576,0.044794686959437266,-1.044901543579395,False,STOP,12,1497.3335303336933,50.42120572054752,35.76077601084758,13.262071767933472,37.97997832831755,1.6684291979680743,-0.27530653746468703,1.5439207753588713,0.9131832797427606,5.085106187599459,2025-11,validation,False
60m_trend_pullback_quality_rr3_0,1小时趋势回踩·质量过滤 RR3.0,trend_pullback,quality,3.0,1.25,2025-12-06T20:00:00+00:00,2025-12-06T20:00:00+00:00,2025-12-07T14:35:00+00:00,-1,89369.3,89907.06413243058,87756.0076027083,87756.2076027083,537.7641324305681,2.999628089736866,0.16468698535372975,2.834941104383136,True,TARGET,223,430.21130594445447,27.324973714235025,40.81250194444199,14.574135223107529,23.260509102330786,1.3636272902368463,-0.10671416166127817,1.6375555788867204,0.6718595937685027,3.154961251007306,2025-12,validation,False
60m_trend_pullback_quality_rr3_0,1小时趋势回踩·质量过滤 RR3.0,trend_pullback,quality,3.0,1.25,2026-01-05T00:00:00+00:00,2026-01-05T00:00:00+00:00,2026-01-05T01:10:00+00:00,1,91497.4,91110.0043961217,92659.58681163486,92659.38681163486,387.3956038782861,2.9994837318803054,0.23768569514987856,2.761798036730427,True,TARGET,14,309.9164831026289,34.170067554686774,62.715963564326785,24.798819864340217,15.528340500745212,1.6505117672709473,0.16223631599406046,1.3943005453358888,0.8189119170984607,3.1931183204356546,2026-01,validation,False
60m_trend_pullback_quality_rr3_0,1小时趋势回踩·质量过滤 RR3.0,trend_pullback,quality,3.0,1.25,2026-01-09T15:00:00+00:00,2026-01-09T15:00:00+00:00,2026-01-09T15:25:00+00:00,-1,90110.5,90742.57868910415,88214.26393268754,90742.77868910415,632.0786891041528,-1.0003164162998084,0.14306231313179385,-1.1433787294316022,False,STOP,5,505.66295128332223,23.93807361913982,39.7935383074714,16.740435801037403,28.824210650665197,0.7018938536307434,-0.198420914291634,2.3040498254219695,0.6998113715979469,3.890338406259425,2026-01,validation,False
60m_trend_pullback_quality_rr3_0,1小时趋势回踩·质量过滤 RR3.0,trend_pullback,quality,3.0,1.25,2026-01-25T15:00:00+00:00,2026-01-25T15:00:00+00:00,2026-01-25T16:20:00+00:00,-1,88665.90000000001,89006.27793960497,87644.76618118511,87644.96618118511,340.3779396049656,2.9994124178546024,0.2589927925202897,2.7404196253343125,True,TARGET,16,272.30235168397246,40.83144467069321,41.82982336228956,13.085766501193058,28.26678598436736,1.1236726502069665,-0.1506928545673916,1.7861215516405797,0.7300094073377003,4.995917191265544,2026-01,validation,False
60m_trend_pullback_quality_rr3_0,1小时趋势回踩·质量过滤 RR3.0,trend_pullback,quality,3.0,1.25,2026-02-23T11:00:00+00:00,2026-02-23T11:00:00+00:00,2026-02-23T17:40:00+00:00,-1,66291.0,66901.7322603205,64458.803219038506,64459.0032190385,610.7322603204982,2.9996725242581874,0.10704363574180929,2.892628888516378,True,TARGET,80,488.5858082563986,32.61390418265016,47.0868916929768,25.610125012344486,30.773233604994722,1.3751378747745802,-0.1318198800067141,0.8090861113421967,0.7227748023463146,7.301071663808975,2026-02,validation,False
60m_trend_pullback_quality_rr3_0,1小时趋势回踩·质量过滤 RR3.0,trend_pullback,quality,3.0,1.25,2026-03-15T18:00:00+00:00,2026-03-15T18:00:00+00:00,2026-03-15T18:50:00+00:00,1,71788.09999999999,71389.26257112031,72984.612286639,71389.06257112032,398.8374288796731,-1.000501457449875,0.1794931370575002,-1.179994594507375,False,STOP,10,319.06994310373847,25.614180044739733,62.59735090836163,26.685149141009514,15.371410600541319,0.7924637077204347,0.14525962412076782,1.4803131285492996,0.6928989139515407,4.030464253356155,2026-03,validation,False
60m_trend_pullback_quality_rr3_0,1小时趋势回踩·质量过滤 RR3.0,trend_pullback,quality,3.0,1.25,2026-03-23T04:00:00+00:00,2026-03-23T04:00:00+00:00,2026-03-23T05:05:00+00:00,-1,68045.0,68679.59456400404,66141.21630798787,68679.79456400404,634.5945640040454,-1.00031516185505,0.10772609971737204,-1.1080412615724222,False,STOP,13,507.6756512032364,43.93953885614242,40.45880697057333,12.38354485745813,25.054897141965764,1.3967645200302157,-0.22770648036605082,0.8740758467406516,0.957778194783261,3.780760403716124,2026-03,validation,False
60m_trend_pullback_quality_rr3_0,1小时趋势回踩·质量过滤 RR3.0,trend_pullback,quality,3.0,1.25,2026-03-27T08:00:00+00:00,2026-03-27T08:00:00+00:00,2026-03-27T10:40:00+00:00,-1,68501.6,69075.41662825573,66780.15011523286,66780.35011523285,573.8166282557166,2.9996514565975447,0.11787907796124861,2.8817723786362963,True,TARGET,32,459.0533026045733,28.64627593023827,33.874263414215406,13.227602795202998,26.43920620671852,1.3103547675950904,-0.3019696220503453,1.098142159398895,0.8324483775811267,3.826135200497512,2026-03,validation,False
60m_trend_pullback_quality_rr3_0,1小时趋势回踩·质量过滤 RR3.0,trend_pullback,quality,3.0,1.25,2026-04-08T16:00:00+00:00,2026-04-08T16:00:00+00:00,2026-04-09T01:10:00+00:00,1,71275.09999999999,70540.19549980505,73479.81350058483,70539.99549980505,734.9045001949486,-1.000272144203685,0.09648539059305372,-1.0967575347967387,False,STOP,110,587.9236001559589,44.720680974447035,55.976459461071265,33.32336319675108,15.846167601062739,1.6153715048263906,0.10126692077263355,0.8633885505827513,0.9012810851544953,7.727534664018964,2026-04,historical_test,False
60m_trend_pullback_quality_rr3_0,1小时趋势回踩·质量过滤 RR3.0,trend_pullback,quality,3.0,1.25,2026-04-10T01:00:00+00:00,2026-04-10T01:00:00+00:00,2026-04-11T13:00:00+00:00,1,71932.5,71217.15364795008,74078.53905614978,72895.40000000001,715.3463520499242,1.3460612432574586,0.1012292154597389,1.2448320277977196,True,TIME_EXIT,432,572.2770816399394,23.69372720807258,55.31794045648317,24.32037614336547,15.14382771062132,0.9308107603750567,0.10916775496086825,0.827613122666248,0.8588261449533134,4.644253780675102,2026-04,historical_test,False
60m_trend_pullback_quality_rr3_0,1小时趋势回踩·质量过滤 RR3.0,trend_pullback,quality,3.0,1.25,2026-04-14T18:00:00+00:00,2026-04-14T18:00:00+00:00,2026-04-14T18:50:00+00:00,1,74700.09999999999,73958.67803934173,76924.36588197477,73958.47803934173,741.4219606582601,-1.0002697519234827,0.1002523434208487,-1.1005220953443313,False,STOP,10,593.1375685266081,50.215547679784066,59.0161009311723,31.582746804236727,13.112009691890895,1.65255841210687,0.3222755798717889,0.9753399581744528,0.7113167259786436,5.028007258768363,2026-04,historical_test,False
60m_trend_pullback_quality_rr3_0,1小时趋势回踩·质量过滤 RR3.0,trend_pullback,quality,3.0,1.25,2026-04-30T03:00:00+00:00,2026-04-30T03:00:00+00:00,2026-04-30T09:35:00+00:00,-1,75663.3,76275.21176947438,73827.56469157687,76275.41176947438,611.9117694743786,-1.000326844505976,0.12415083297056621,-1.1244776774765424,False,STOP,79,489.5294155795029,26.79996118038175,40.04925286722933,18.46307880484214,32.73743682750686,0.7258452484481224,-0.12080182433016319,0.9711974621902064,0.7511878549078579,6.138956933655261,2026-04,historical_test,False
60m_trend_pullback_quality_rr3_0,1小时趋势回踩·质量过滤 RR3.0,trend_pullback,quality,3.0,1.25,2026-05-03T10:00:00+00:00,2026-05-03T10:00:00+00:00,2026-05-03T22:20:00+00:00,1,78496.8,78207.12735804687,79365.81792585942,79365.61792585942,289.6726419531391,2.999309565450671,0.2724841684417632,2.726825397008908,True,TARGET,148,231.73811356251127,23.306960713771776,58.256329390735246,25.235960192711584,16.22854332494849,1.1745747794766568,0.10132439295445529,0.9884580441493142,0.7094047199718151,4.824411413439853,2026-05,historical_test,False
60m_trend_pullback_quality_rr3_0,1小时趋势回踩·质量过滤 RR3.0,trend_pullback,quality,3.0,1.25,2026-05-06T09:00:00+00:00,2026-05-06T09:00:00+00:00,2026-05-06T14:05:00+00:00,1,81903.9,81355.70268850158,83548.49193449522,81355.50268850158,548.197311498411,-1.000364832143108,0.14890569441343823,-1.1492705265565462,False,STOP,61,438.5578491987288,23.425371268621046,64.95029902879565,27.580808352389564,15.086888063150054,1.3317167251435558,0.2462086591895185,1.7800955525950872,0.9377443609022644,2.4949958186797145,2026-05,historical_test,False
60m_trend_pullback_quality_rr3_0,1小时趋势回踩·质量过滤 RR3.0,trend_pullback,quality,3.0,1.25,2026-05-10T11:00:00+00:00,2026-05-10T11:00:00+00:00,2026-05-10T17:55:00+00:00,1,80836.7,80591.55379295975,81572.13862112073,81571.93862112073,245.14620704024412,2.9991841603326725,0.3312485242622153,2.667935636070457,True,TARGET,83,196.1169656321953,25.75782809867316,63.03425201322625,20.78937833807353,12.695568301267672,0.7729115816627974,0.2397081759603943,1.3640003935322698,0.9011090573013182,4.350465026060614,2026-05,historical_test,False
60m_trend_pullback_quality_rr3_0,1小时趋势回踩·质量过滤 RR3.0,trend_pullback,quality,3.0,1.25,2026-06-08T13:00:00+00:00,2026-06-08T13:00:00+00:00,2026-06-08T23:35:00+00:00,1,63844.799999999996,63039.34136513457,66261.17590459628,63039.14136513457,805.4586348654291,-1.0002483057370513,0.07876502645373809,-1.0790133321907893,False,STOP,127,644.3669078923433,27.625765039625566,64.17059876856588,26.558844957059897,15.940347438800611,0.7619736834137426,0.31350173756644045,2.838317821344342,0.9195999379748818,4.810613273327651,2026-06,historical_test,False
60m_trend_pullback_quality_rr3_0,1小时趋势回踩·质量过滤 RR3.0,trend_pullback,quality,3.0,1.25,2026-06-10T09:00:00+00:00,2026-06-10T09:00:00+00:00,2026-06-10T12:35:00+00:00,-1,61228.600000000006,61802.54177361614,59506.774679151604,61802.74177361614,573.9417736161345,-1.0003484674041698,0.10718103075025721,-1.107529498154427,False,STOP,43,459.1534188929076,29.78658223687702,38.86880611845992,14.146048118006812,25.822234845792657,0.9009618168527255,-0.22993187182081684,0.8380545974978186,0.8272585938849547,4.602383240650283,2026-06,historical_test,False
60m_trend_pullback_quality_rr3_0,1小时趋势回踩·质量过滤 RR3.0,trend_pullback,quality,3.0,1.25,2026-06-14T10:00:00+00:00,2026-06-14T10:00:00+00:00,2026-06-14T12:40:00+00:00,1,64585.0,64300.34247156295,65438.97258531115,64300.142471562955,284.65752843705155,-1.000702598666868,0.22638632320603508,-1.227088921872903,False,STOP,32,227.72602274964123,35.21018998311684,63.95109655146189,27.189759353679168,11.017211570312728,1.5487293526334667,0.2736815514012082,0.9624501296167469,0.9730769230769184,3.8427755837200523,2026-06,historical_test,False
