channel_id,channel_label,profile,direction_scope,source_component_id,source_component_label,reward_risk_target,stop_atr_multiple,max_holding_hours,signal_time_utc,entry_time_utc,exit_time_utc,direction,entry_price,stop_price,target_price,exit_price,stop_distance,gross_r,fee_r,net_r,win,exit_reason,holding_5m_bars,signal_atr,signal_adx,signal_rsi,signal_plus_di,signal_minus_di,signal_ema_separation_atr,signal_ema_slope_3_atr,signal_volume_ratio,signal_clv,signal_channel_width_atr,signal_adx_change_3,signal_ema50_slope_6_atr,signal_price_extension_ema20_atr,signal_atr_ratio,signal_trend_age,month,phase,is_baseline,setup_type,trigger_type,setup_time_utc,mfe_R,mae_R,bars_to_mfe,bars_to_mae
baseline_1h_shared_v10_6,基准·V10.6原1小时多空共享组合 RR2.5,baseline_1h_shared_v10_6,BOTH,60m_long_frozen_adx45_rr2_5,V10.6冻结多头·延伸保护+ADX≤45 RR2.5,2.5,1.25,36,2026-01-05T00:00:00+00:00,2026-01-05T00:00:00+00:00,2026-01-05T01:05:00+00:00,1,91497.4,91110.0043961217,92465.8890096957,92465.6890096957,387.3956038782861,2.4994837318802783,0.23743569514987853,2.2620480367303997,True,TARGET,13,309.9164831026289,34.170067554686774,62.715963564326785,24.798819864340217,15.528340500745212,1.6505117672709473,0.16223631599406046,1.3943005453358888,0.8189119170984607,3.1931183204356546,-4.134118113222044,0.5162637961927343,1.0447985751336881,0.0033871727421156393,36.0,2026-01,evaluation_2026_h1,True,V10_6_FROZEN_1H,DIRECT_1H_CLOSE,2026-01-05T00:00:00+00:00,2.5235185691656765,0.05395001851017557,13,1
baseline_1h_shared_v10_6,基准·V10.6原1小时多空共享组合 RR2.5,baseline_1h_shared_v10_6,BOTH,60m_short_frozen_adx_decay_minus4_rr2_5,V10.6冻结空头·趋势持续性+ADX衰减≥-4 RR2.5,2.5,1.25,48,2026-01-25T15:00:00+00:00,2026-01-25T15:00:00+00:00,2026-01-25T16:20:00+00:00,-1,88665.90000000001,89006.27793960497,87814.95515098759,87815.15515098759,340.3779396049656,2.4994124178546246,0.25924279252028964,2.240169625334335,True,TARGET,16,272.30235168397246,40.83144467069321,41.82982336228956,13.085766501193058,28.26678598436736,1.1236726502069665,-0.1506928545673916,1.7861215516405797,0.7300094073377003,4.995917191265544,0.09623136757169704,-0.5405942104661767,0.7801213021229134,0.003071098781653557,31.0,2026-01,evaluation_2026_h1,True,V10_6_FROZEN_1H,DIRECT_1H_CLOSE,2026-01-25T15:00:00+00:00,3.102139936640608,0.18450079365564206,16,3
baseline_1h_shared_v10_6,基准·V10.6原1小时多空共享组合 RR2.5,baseline_1h_shared_v10_6,BOTH,60m_short_frozen_adx_decay_minus4_rr2_5,V10.6冻结空头·趋势持续性+ADX衰减≥-4 RR2.5,2.5,1.25,48,2026-02-23T11:00:00+00:00,2026-02-23T11:00:00+00:00,2026-02-23T17:20:00+00:00,-1,66291.0,66901.7322603205,64764.16934919875,64764.36934919875,610.7322603204982,2.4996725242581896,0.10729363574180928,2.3923788885163804,True,TARGET,76,488.5858082563986,32.61390418265016,47.0868916929768,25.610125012344486,30.773233604994722,1.3751378747745802,-0.1318198800067141,0.8090861113421967,0.7227748023463146,7.301071663808975,-3.9020189779840564,-0.6240145855510891,0.032151542966873156,0.007370307752570082,18.0,2026-02,evaluation_2026_h1,True,V10_6_FROZEN_1H,DIRECT_1H_CLOSE,2026-02-23T11:00:00+00:00,2.523200590699628,0.3258383631078689,76,21
baseline_1h_shared_v10_6,基准·V10.6原1小时多空共享组合 RR2.5,baseline_1h_shared_v10_6,BOTH,60m_long_frozen_adx45_rr2_5,V10.6冻结多头·延伸保护+ADX≤45 RR2.5,2.5,1.25,36,2026-03-15T18:00:00+00:00,2026-03-15T18:00:00+00:00,2026-03-15T18:50:00+00:00,1,71788.09999999999,71389.26257112031,72785.19357219918,71389.06257112032,398.8374288796731,-1.000501457449875,0.1794931370575002,-1.179994594507375,False,STOP,10,319.06994310373847,25.614180044739733,62.59735090836163,26.685149141009514,15.371410600541319,0.7924637077204347,0.14525962412076782,1.4803131285492996,0.6928989139515407,4.030464253356155,-2.437513108340937,0.3335994125671363,1.136753875951784,0.004444613906275958,16.0,2026-03,evaluation_2026_h1,True,V10_6_FROZEN_1H,DIRECT_1H_CLOSE,2026-03-15T18:00:00+00:00,0.17024480423198637,1.0219702828416382,1,10
baseline_1h_shared_v10_6,基准·V10.6原1小时多空共享组合 RR2.5,baseline_1h_shared_v10_6,BOTH,60m_short_frozen_adx_decay_minus4_rr2_5,V10.6冻结空头·趋势持续性+ADX衰减≥-4 RR2.5,2.5,1.25,48,2026-03-23T04:00:00+00:00,2026-03-23T04:00:00+00:00,2026-03-23T05:05:00+00:00,-1,68045.0,68679.59456400404,66458.51358998989,68679.79456400404,634.5945640040454,-1.00031516185505,0.10772609971737204,-1.1080412615724222,False,STOP,13,507.6756512032364,43.93953885614242,40.45880697057333,12.38354485745813,25.054897141965764,1.3967645200302157,-0.22770648036605082,0.8740758467406516,0.957778194783261,3.780760403716124,0.16923675753701417,-0.5956055687478792,0.7051565307568318,0.007460870087680617,36.0,2026-03,evaluation_2026_h1,True,V10_6_FROZEN_1H,DIRECT_1H_CLOSE,2026-03-23T04:00:00+00:00,0.05326235350447698,1.1534923895051419,1,13
baseline_1h_shared_v10_6,基准·V10.6原1小时多空共享组合 RR2.5,baseline_1h_shared_v10_6,BOTH,60m_long_frozen_adx45_rr2_5,V10.6冻结多头·延伸保护+ADX≤45 RR2.5,2.5,1.25,36,2026-04-08T16:00:00+00:00,2026-04-08T16:00:00+00:00,2026-04-09T01:10:00+00:00,1,71275.09999999999,70540.19549980505,73112.36125048736,70539.99549980505,734.9045001949486,-1.000272144203685,0.09648539059305372,-1.0967575347967387,False,STOP,110,587.9236001559589,44.720680974447035,55.976459461071265,33.32336319675108,15.846167601062739,1.6153715048263906,0.10126692077263355,0.8633885505827513,0.9012810851544953,7.727534664018964,0.018355110008485553,0.622345996625487,0.36029602618368384,0.008248688178093223,21.0,2026-04,evaluation_2026_h1,True,V10_6_FROZEN_1H,DIRECT_1H_CLOSE,2026-04-08T16:00:00+00:00,0.8972594395939735,1.1303509500617248,20,110
baseline_1h_shared_v10_6,基准·V10.6原1小时多空共享组合 RR2.5,baseline_1h_shared_v10_6,BOTH,60m_long_frozen_adx45_rr2_5,V10.6冻结多头·延伸保护+ADX≤45 RR2.5,2.5,1.25,36,2026-04-10T01:00:00+00:00,2026-04-10T01:00:00+00:00,2026-04-11T13:00:00+00:00,1,71932.5,71217.15364795008,73720.86588012481,72895.40000000001,715.3463520499242,1.3460612432574586,0.1012292154597389,1.2448320277977196,True,TIME_EXIT,432,572.2770816399394,23.69372720807258,55.31794045648317,24.32037614336547,15.14382771062132,0.9308107603750567,0.10916775496086825,0.827613122666248,0.8588261449533134,4.644253780675102,1.0502583679816588,0.41670281925664876,0.42841326592709844,0.007955773437523052,10.0,2026-04,evaluation_2026_h1,True,V10_6_FROZEN_1H,DIRECT_1H_CLOSE,2026-04-10T01:00:00+00:00,2.1213500224770745,0.7694174974440655,235,83
baseline_1h_shared_v10_6,基准·V10.6原1小时多空共享组合 RR2.5,baseline_1h_shared_v10_6,BOTH,60m_long_frozen_adx45_rr2_5,V10.6冻结多头·延伸保护+ADX≤45 RR2.5,2.5,1.25,36,2026-05-03T10:00:00+00:00,2026-05-03T10:00:00+00:00,2026-05-03T20:40:00+00:00,1,78496.8,78207.12735804687,79220.98160488285,79220.78160488285,289.6726419531391,2.4993095654506807,0.2722341684417632,2.2270753970089174,True,TARGET,128,231.73811356251127,23.306960713771776,58.256329390735246,25.235960192711584,16.22854332494849,1.1745747794766568,0.10132439295445529,0.9884580441493142,0.7094047199718151,4.824411413439853,-1.744854319190452,0.28843565047423747,0.7420232679178602,0.002952209506952683,1.0,2026-05,evaluation_2026_h1,True,V10_6_FROZEN_1H,DIRECT_1H_CLOSE,2026-05-03T10:00:00+00:00,2.6554112767212312,0.5413006866743348,128,13
baseline_1h_shared_v10_6,基准·V10.6原1小时多空共享组合 RR2.5,baseline_1h_shared_v10_6,BOTH,60m_long_frozen_adx45_rr2_5,V10.6冻结多头·延伸保护+ADX≤45 RR2.5,2.5,1.25,36,2026-05-10T11:00:00+00:00,2026-05-10T11:00:00+00:00,2026-05-10T16:15:00+00:00,1,80836.7,80591.55379295975,81449.56551760061,81449.36551760061,245.14620704024412,2.499184160332693,0.3309985242622154,2.1681856360704774,True,TARGET,63,196.1169656321953,25.75782809867316,63.03425201322625,20.78937833807353,12.695568301267672,0.7729115816627974,0.2397081759603943,1.3640003935322698,0.9011090573013182,4.350465026060614,1.242464472451239,0.3196685087110198,0.8627855856321162,0.0024260942226864758,19.0,2026-05,evaluation_2026_h1,True,V10_6_FROZEN_1H,DIRECT_1H_CLOSE,2026-05-10T11:00:00+00:00,2.603752298297714,0.5094918722503021,63,5
mtf_4h_1h_15m_precision_rr2_0,实验B·4H趋势+1H确认+15M精确成交 RR2.0,mtf_4h_1h_15m_precision,BOTH,mtf_4h_1h_15m_precision_rr2_0_long,实验B·4H趋势+1H确认+15M精确成交 RR2.0·多头组件,2.0,1.25,48,2026-01-03T14:30:00+00:00,2026-01-03T14:30:00+00:00,2026-01-04T00:10:00+00:00,1,90148.59999999999,89662.36179981827,91121.07640036341,91120.87640036341,486.2382001817126,1.99958867896449,0.18639987184534348,1.8131888071191467,True,TARGET,116,388.99056014537007,19.304381361730382,56.50471399012812,19.6773447887877,18.071730208471347,1.1165813790821213,0.08668678344524622,0.468574713485127,0.6276005547850335,4.328896823025003,-3.385975926990575,0.30163291935356573,0.42781006780559194,0.004323447996165154,2.0,2026-01,evaluation_2026_h1,False,PULLBACK_END,LOCAL_HIGH_BREAK,2026-01-03T13:00:00+00:00,2.980020902221395,0.5801683205773782,116,23
mtf_4h_1h_15m_precision_rr2_0,实验B·4H趋势+1H确认+15M精确成交 RR2.0,mtf_4h_1h_15m_precision,BOTH,mtf_4h_1h_15m_precision_rr2_0_long,实验B·4H趋势+1H确认+15M精确成交 RR2.0·多头组件,2.0,1.25,48,2026-01-04T17:00:00+00:00,2026-01-04T17:00:00+00:00,2026-01-04T19:10:00+00:00,1,91282.5,90879.28447925301,92088.93104149397,90879.08447925301,403.21552074698445,-1.0004960126525724,0.2258861267812635,-1.226382139433836,False,STOP,26,322.57241659758756,45.65526245269838,59.80629440839665,26.49248037301755,11.42181877347568,1.8948782706657101,0.23005856276433942,0.6086245094981675,0.32953509571560996,5.601222879059757,-1.624163909276902,0.6539199130638385,0.6249740563499316,0.0035337893172891956,29.0,2026-01,evaluation_2026_h1,False,PULLBACK_END,EMA9_RECLAIM,2026-01-04T15:00:00+00:00,0.30107968010530034,1.2211831506083628,8,26
mtf_4h_1h_15m_precision_rr2_0,实验B·4H趋势+1H确认+15M精确成交 RR2.0,mtf_4h_1h_15m_precision,BOTH,mtf_4h_1h_15m_precision_rr2_0_long,实验B·4H趋势+1H确认+15M精确成交 RR2.0·多头组件,2.0,1.25,48,2026-01-04T21:15:00+00:00,2026-01-04T21:15:00+00:00,2026-01-05T00:05:00+00:00,1,91312.3,90922.46554982157,92091.96890035686,92091.76890035687,389.83445017843076,1.999486961709243,0.23523327506895708,1.764253686640286,True,TARGET,34,311.8675601427446,38.30418566790882,58.25209818588719,23.331471443522283,18.335527501410674,1.744701855979873,0.07071198584032762,0.43063781733858314,0.8517857142856623,3.7964833516447576,-6.929221021868081,0.5693940488893701,0.49020811388812024,0.003416756889197966,33.0,2026-01,evaluation_2026_h1,False,PULLBACK_END,EMA9_RECLAIM,2026-01-04T21:00:00+00:00,2.0424054355267196,0.5274033629041786,34,13
mtf_4h_1h_15m_precision_rr2_0,实验B·4H趋势+1H确认+15M精确成交 RR2.0,mtf_4h_1h_15m_precision,BOTH,mtf_4h_1h_15m_precision_rr2_0_long,实验B·4H趋势+1H确认+15M精确成交 RR2.0·多头组件,2.0,1.25,48,2026-01-05T00:15:00+00:00,2026-01-05T00:15:00+00:00,2026-01-05T01:10:00+00:00,1,91866.59999999999,91479.2043961217,92641.39120775656,92641.19120775656,387.3956038782861,1.9994837318802887,0.23813872609887196,1.7613450057814168,True,TARGET,11,309.9164831026289,34.170067554686774,62.715963564326785,24.798819864340217,15.528340500745212,1.6505117672709473,0.16223631599406046,1.3943005453358888,0.8189119170984607,3.1931183204356546,-4.134118113222044,0.5162637961927343,1.0447985751336881,0.0033871727421156393,36.0,2026-01,evaluation_2026_h1,False,PULLBACK_END,LOCAL_HIGH_BREAK,2026-01-05T00:00:00+00:00,2.676075798541398,0.5178169240738643,11,2
mtf_4h_1h_15m_precision_rr2_0,实验B·4H趋势+1H确认+15M精确成交 RR2.0,mtf_4h_1h_15m_precision,BOTH,mtf_4h_1h_15m_precision_rr2_0_long,实验B·4H趋势+1H确认+15M精确成交 RR2.0·多头组件,2.0,1.25,48,2026-01-05T15:45:00+00:00,2026-01-05T15:45:00+00:00,2026-01-05T17:30:00+00:00,1,93805.3,93212.38200845094,94991.13598309814,93212.18200845094,592.9179915490691,-1.0003373147768262,0.15770940051915563,-1.158046715295982,False,STOP,21,474.3343932392553,35.492634212909486,70.2884800960606,31.750082533892293,15.10230150071227,1.75099374915089,0.41072584397429923,2.91386657276454,0.7967320772418116,5.4653426716463755,-1.9938564774527947,0.7737664878235605,2.0008207445082884,0.005079070491907648,51.0,2026-01,evaluation_2026_h1,False,PULLBACK_END,LOCAL_HIGH_BREAK,2026-01-05T15:00:00+00:00,0.4035971304814061,1.0191965982027242,8,21
mtf_4h_1h_15m_precision_rr2_0,实验B·4H趋势+1H确认+15M精确成交 RR2.0,mtf_4h_1h_15m_precision,BOTH,mtf_4h_1h_15m_precision_rr2_0_long,实验B·4H趋势+1H确认+15M精确成交 RR2.0·多头组件,2.0,1.25,48,2026-01-06T11:15:00+00:00,2026-01-06T11:15:00+00:00,2026-01-06T16:25:00+00:00,1,93742.7,93198.38051974754,94831.33896050492,93198.18051974755,544.3194802524579,-1.0003674312738149,0.17171981465098726,-1.1720872459248022,False,STOP,62,435.4555842019663,26.65627020569292,53.76978233861507,22.5190639043404,17.81663734979035,1.62191185229643,-0.07172104650914089,0.40232448693513,0.6767522022213827,5.487126785568546,-4.718129001933786,0.41009508390728294,0.11783108137361908,0.00465547155705289,0.0,2026-01,evaluation_2026_h1,False,PULLBACK_END,EMA9_RECLAIM,2026-01-06T11:00:00+00:00,1.2358550895293987,1.0796967981513708,38,62
mtf_4h_1h_15m_precision_rr2_0,实验B·4H趋势+1H确认+15M精确成交 RR2.0,mtf_4h_1h_15m_precision,BOTH,mtf_4h_1h_15m_precision_rr2_0_long,实验B·4H趋势+1H确认+15M精确成交 RR2.0·多头组件,2.0,1.25,48,2026-01-07T02:45:00+00:00,2026-01-07T02:45:00+00:00,2026-01-07T09:20:00+00:00,1,92890.8,92040.1217683453,94592.15646330941,92039.9217683453,850.6782316547044,-1.0002351065215422,0.1086960468052801,-1.1089311533268222,False,STOP,79,680.5425853237635,19.845230843382005,43.14065144762882,23.27159216260319,26.9005951570393,0.24707353495485235,-0.06842473160726617,0.8037510136975432,0.1953220457322313,4.711534691799737,-3.0516898293588675,0.043115351997376844,0.8998103873827065,0.007364725177383685,0.0,2026-01,evaluation_2026_h1,False,PULLBACK_END,LOCAL_HIGH_BREAK,2026-01-07T00:00:00+00:00,0.2224107693833578,1.0060208056991606,8,79
mtf_4h_1h_15m_precision_rr2_0,实验B·4H趋势+1H确认+15M精确成交 RR2.0,mtf_4h_1h_15m_precision,BOTH,mtf_4h_1h_15m_precision_rr2_0_long,实验B·4H趋势+1H确认+15M精确成交 RR2.0·多头组件,2.0,1.25,48,2026-01-14T15:15:00+00:00,2026-01-14T15:15:00+00:00,2026-01-15T02:40:00+00:00,1,96900.2,96101.64075504038,98497.31848991923,96101.44075504038,798.5592449596172,-1.0002504510482564,0.12084365810879844,-1.1210941091570548,False,STOP,137,638.8473959676937,54.92666880128358,72.06646071638639,39.601637701918165,7.63400882026769,1.8698451450297517,0.4046173940240389,4.094701323126469,0.8196578402528053,5.830813467365799,0.0124311953887144,0.6981705073252431,2.5897363464034537,0.006623680867273831,35.0,2026-01,evaluation_2026_h1,False,PULLBACK_END,LOCAL_HIGH_BREAK,2026-01-14T15:00:00+00:00,1.2922021835113704,1.0729322907573764,60,137
mtf_4h_1h_15m_precision_rr2_0,实验B·4H趋势+1H确认+15M精确成交 RR2.0,mtf_4h_1h_15m_precision,BOTH,mtf_4h_1h_15m_precision_rr2_0_long,实验B·4H趋势+1H确认+15M精确成交 RR2.0·多头组件,2.0,1.25,48,2026-01-15T09:30:00+00:00,2026-01-15T09:30:00+00:00,2026-01-15T14:45:00+00:00,1,96700.59999999999,95944.21187829658,98213.3762434068,95944.01187829659,756.3881217034067,-1.000264414517175,0.1273450800922519,-1.127609494609427,False,STOP,63,605.1104973627254,35.68890116289825,57.608659092795236,22.003767478363972,16.444835796203993,1.8453577977138431,0.10941280997077224,0.37950735665351953,0.8779272546088672,5.435536177830342,-5.70753193772746,0.5255101099233508,0.5088801001597828,0.006264330246559651,3.0,2026-01,evaluation_2026_h1,False,PULLBACK_END,LOCAL_HIGH_BREAK,2026-01-15T08:00:00+00:00,0.6007497830302881,1.2361378678109591,6,63
mtf_4h_1h_15m_precision_rr2_0,实验B·4H趋势+1H确认+15M精确成交 RR2.0,mtf_4h_1h_15m_precision,BOTH,mtf_4h_1h_15m_precision_rr2_0_long,实验B·4H趋势+1H确认+15M精确成交 RR2.0·多头组件,2.0,1.25,48,2026-01-15T17:30:00+00:00,2026-01-15T17:30:00+00:00,2026-01-15T18:45:00+00:00,1,96685.09999999999,95821.8001448518,98411.69971029637,95821.6001448518,863.2998551481883,-1.0002316692152826,0.1114946904003635,-1.1117263596156461,False,STOP,15,690.6398841185506,27.901729531879283,54.38692046742253,16.333900904762974,19.491344532616825,1.3169239031827884,0.0009214685402255006,1.8856739654309704,0.5927934908949997,3.660952774580856,-4.15516965034989,0.4050964105571919,0.279028117263907,0.007143217945740646,11.0,2026-01,evaluation_2026_h1,False,PULLBACK_END,EMA9_RECLAIM,2026-01-15T16:00:00+00:00,0.4199004527086249,1.1410867198986099,3,15
mtf_4h_1h_15m_precision_rr2_0,实验B·4H趋势+1H确认+15M精确成交 RR2.0,mtf_4h_1h_15m_precision,BOTH,mtf_4h_1h_15m_precision_rr2_0_short,实验B·4H趋势+1H确认+15M精确成交 RR2.0·空头组件,2.0,1.25,48,2026-01-21T07:45:00+00:00,2026-01-21T07:45:00+00:00,2026-01-21T14:35:00+00:00,-1,89181.1,89912.78945612306,87717.72108775389,89912.98945612306,731.6894561230583,-1.0002733400055495,0.12238394851626941,-1.122657288521819,False,STOP,82,585.3515648984467,48.13967803526032,41.903679148834996,18.265576796333843,25.44182137980151,2.2274878250285575,-0.11280541742310418,0.5367724634766249,0.6417021276595869,6.197813788418618,-6.666276543883832,-0.8049412634008555,0.3812951163062795,0.006531600261759267,56.0,2026-01,evaluation_2026_h1,False,PULLBACK_END,LOCAL_LOW_BREAK,2026-01-21T07:00:00+00:00,1.4642824097492757,1.0727228517940905,54,82
mtf_4h_1h_15m_precision_rr2_0,实验B·4H趋势+1H确认+15M精确成交 RR2.0,mtf_4h_1h_15m_precision,BOTH,mtf_4h_1h_15m_precision_rr2_0_short,实验B·4H趋势+1H确认+15M精确成交 RR2.0·空头组件,2.0,1.25,48,2026-01-21T17:15:00+00:00,2026-01-21T17:15:00+00:00,2026-01-21T18:50:00+00:00,-1,87279.2,88279.86540729145,85277.86918541709,88280.06540729145,1000.665407291451,-1.0001998670070358,0.08772126233607201,-1.0879211293431077,False,STOP,19,800.5323258331607,35.989829629970686,33.778039537465844,20.873980761527317,36.54876640191288,1.4199766436486805,-0.08542148518657737,3.8047837165740113,0.9912060301507538,3.51303739929937,-5.357124086839761,-0.5098978377883479,2.177548683943148,0.0091424314554684,1.0,2026-01,evaluation_2026_h1,False,PULLBACK_END,LOCAL_LOW_BREAK,2026-01-21T17:00:00+00:00,0.06355770823750212,1.2648583540285738,1,19
mtf_4h_1h_15m_precision_rr2_0,实验B·4H趋势+1H确认+15M精确成交 RR2.0,mtf_4h_1h_15m_precision,BOTH,mtf_4h_1h_15m_precision_rr2_0_short,实验B·4H趋势+1H确认+15M精确成交 RR2.0·空头组件,2.0,1.25,48,2026-01-22T03:00:00+00:00,2026-01-22T03:00:00+00:00,2026-01-23T17:30:00+00:00,-1,89901.7,90900.3297414529,87904.4405170942,90900.52974145289,998.6297414528951,-1.0002002744277445,0.09052515774185024,-1.0907254321695947,False,STOP,462,798.9037931623161,20.931830485379535,52.38689716819531,24.819794940914814,23.013204737626666,0.7761375495205409,0.17008392679020334,0.41097735828328863,0.8157441103236953,4.248321298570214,-4.638774229310165,-0.10724297963021387,0.4273928212164442,0.008886404868003935,0.0,2026-01,evaluation_2026_h1,False,PULLBACK_END,LOCAL_LOW_BREAK,2026-01-22T00:00:00+00:00,1.438070528432916,1.0681636603853468,151,462
mtf_4h_1h_15m_precision_rr2_0,实验B·4H趋势+1H确认+15M精确成交 RR2.0,mtf_4h_1h_15m_precision,BOTH,mtf_4h_1h_15m_precision_rr2_0_short,实验B·4H趋势+1H确认+15M精确成交 RR2.0·空头组件,2.0,1.25,48,2026-01-24T07:30:00+00:00,2026-01-24T07:30:00+00:00,2026-01-25T08:40:00+00:00,-1,89562.6,90086.02368437129,88515.75263125742,88515.95263125742,523.4236843712903,1.9996179003626264,0.17010937596868228,1.8295085243939442,True,TARGET,302,418.7389474970322,13.411398213954485,49.83260133605732,18.689296418700522,21.320812539307298,0.0976404358831526,0.06702814318420922,0.2020314745014428,0.9860907759883302,6.364347085289667,-2.4010377049441978,0.0046851998995514005,0.052879549049331565,0.004672779074068234,0.0,2026-01,evaluation_2026_h1,False,PULLBACK_END,LOCAL_LOW_BREAK,2026-01-24T07:00:00+00:00,2.2975651196305864,0.20060230963014336,302,4
mtf_4h_1h_15m_precision_rr2_0,实验B·4H趋势+1H确认+15M精确成交 RR2.0,mtf_4h_1h_15m_precision,BOTH,mtf_4h_1h_15m_precision_rr2_0_short,实验B·4H趋势+1H确认+15M精确成交 RR2.0·空头组件,2.0,1.25,48,2026-01-26T13:00:00+00:00,2026-01-26T13:00:00+00:00,2026-01-26T14:45:00+00:00,-1,87761.90000000001,88339.06501793349,86607.56996413304,88339.26501793349,577.1650179334863,-1.0003465213479323,0.15255703269097623,-1.1529035540389085,False,STOP,21,461.732014346789,29.23564993210679,48.65854826187208,18.482540023869113,21.951717872777326,1.0120836173291368,0.055630720498356066,0.26339717208091235,0.7158855246785464,5.1724808455803615,-5.227339355406997,-0.22053033823431414,0.06189578717501329,0.0052611778244457345,0.0,2026-01,evaluation_2026_h1,False,PULLBACK_END,EMA9_REJECT,2026-01-26T10:00:00+00:00,0.6076251836185038,1.278837034584538,19,21
mtf_4h_1h_15m_precision_rr2_0,实验B·4H趋势+1H确认+15M精确成交 RR2.0,mtf_4h_1h_15m_precision,BOTH,mtf_4h_1h_15m_precision_rr2_0_short,实验B·4H趋势+1H确认+15M精确成交 RR2.0·空头组件,2.0,1.25,48,2026-01-27T09:15:00+00:00,2026-01-27T09:15:00+00:00,2026-01-27T16:10:00+00:00,-1,87969.40000000001,88547.03173816486,86814.13652367031,88547.23173816486,577.6317381648499,-1.0003462413624251,0.15279339765761704,-1.1531396390200421,False,STOP,83,462.10539053187995,27.672446451349515,49.62276404312071,22.11677499563041,14.955806980025146,0.014621992601635804,0.025241844813510935,0.4861107920960368,0.8100142045454585,4.378438428669268,-0.4620115740701429,0.10707316867326157,0.1387568489429736,0.0052430054237059135,0.0,2026-01,evaluation_2026_h1,False,PULLBACK_END,LOCAL_LOW_BREAK,2026-01-27T09:00:00+00:00,0.7606922732396825,1.039762811351246,70,83
mtf_4h_1h_15m_precision_rr2_0,实验B·4H趋势+1H确认+15M精确成交 RR2.0,mtf_4h_1h_15m_precision,BOTH,mtf_4h_1h_15m_precision_rr2_0_short,实验B·4H趋势+1H确认+15M精确成交 RR2.0·空头组件,2.0,1.25,48,2026-01-31T07:45:00+00:00,2026-01-31T07:45:00+00:00,2026-01-31T14:30:00+00:00,-1,83442.3,84209.97539794004,81906.94920411993,81907.14920411992,767.675397940038,1.9997394732193667,0.10769489920337079,1.892044574015996,True,TARGET,81,614.1403183520304,39.915859276779926,46.963987830810076,10.439636154490097,24.743263293924354,1.2682312896920018,0.03138339992207883,0.4204299160972352,0.6628696073679015,4.505485012651348,-0.7788539770511278,-0.2909341924298027,0.1391668881987689,0.007333973237735184,0.0,2026-01,evaluation_2026_h1,False,PULLBACK_END,LOCAL_LOW_BREAK,2026-01-31T07:00:00+00:00,2.9775605759070363,0.20282009872636114,81,4
mtf_4h_1h_15m_precision_rr2_0,实验B·4H趋势+1H确认+15M精确成交 RR2.0,mtf_4h_1h_15m_precision,BOTH,mtf_4h_1h_15m_precision_rr2_0_short,实验B·4H趋势+1H确认+15M精确成交 RR2.0·空头组件,2.0,1.25,48,2026-02-01T14:00:00+00:00,2026-02-01T14:00:00+00:00,2026-02-01T22:00:00+00:00,-1,78280.6,79263.06198389921,76315.67603220159,76315.87603220159,982.461983899211,1.9997964297822393,0.07867809572571788,1.9211183340565214,True,TARGET,96,785.9695871193687,58.26454196074318,36.64745292925853,8.717559166402644,27.8479421075873,2.2618060456788713,-0.2545826526320514,0.37896630698811,0.7744980264287029,6.370348270536292,-1.6126815758434176,-0.786327106998773,0.9510875955187305,0.010040400598351429,31.0,2026-02,evaluation_2026_h1,False,PULLBACK_END,LOCAL_LOW_BREAK,2026-02-01T11:00:00+00:00,2.0084237683871935,0.22331652887904724,96,11
mtf_4h_1h_15m_precision_rr2_0,实验B·4H趋势+1H确认+15M精确成交 RR2.0,mtf_4h_1h_15m_precision,BOTH,mtf_4h_1h_15m_precision_rr2_0_short,实验B·4H趋势+1H确认+15M精确成交 RR2.0·空头组件,2.0,1.25,48,2026-02-02T03:15:00+00:00,2026-02-02T03:15:00+00:00,2026-02-02T08:20:00+00:00,-1,75842.6,77149.9695190846,73227.86096183083,77150.1695190846,1307.3695190845867,-1.000152978937539,0.058511678330319845,-1.0586646572678589,False,STOP,61,1045.8956152676694,50.69919737816176,35.13821675332544,11.343380431215527,23.199276003752736,1.5883605281456163,-0.19059619851340315,0.9210696191192006,0.9611831586427456,3.394220176639206,-4.431915288866122,-0.607666478855021,1.21541647752498,0.013681280874481595,44.0,2026-02,evaluation_2026_h1,False,PULLBACK_END,LOCAL_LOW_BREAK,2026-02-02T03:00:00+00:00,0.9848783998739519,1.0059894932542814,6,61
mtf_4h_1h_15m_precision_rr2_0,实验B·4H趋势+1H确认+15M精确成交 RR2.0,mtf_4h_1h_15m_precision,BOTH,mtf_4h_1h_15m_precision_rr2_0_short,实验B·4H趋势+1H确认+15M精确成交 RR2.0·空头组件,2.0,1.25,48,2026-02-03T05:30:00+00:00,2026-02-03T05:30:00+00:00,2026-02-03T17:10:00+00:00,-1,78392.6,79441.71952607177,76294.36094785648,76294.56094785647,1049.1195260717614,1.9998093639523242,0.07372237247697344,1.926086991475351,True,TARGET,140,839.2956208574091,18.66135370989063,54.91643704960304,13.652081234244747,19.73230934468425,0.2945119552410683,0.06005748205891821,0.7141134464650575,0.37378821774795334,3.2578509074153064,0.06395354478456738,0.032398225583197215,0.5494270718653304,0.010655367840723563,0.0,2026-02,evaluation_2026_h1,False,REBREAK,EMA9_REJECT,2026-02-03T03:00:00+00:00,2.2251039485851036,0.6256675085037884,140,38
mtf_4h_1h_15m_precision_rr2_0,实验B·4H趋势+1H确认+15M精确成交 RR2.0,mtf_4h_1h_15m_precision,BOTH,mtf_4h_1h_15m_precision_rr2_0_short,实验B·4H趋势+1H确认+15M精确成交 RR2.0·空头组件,2.0,1.25,48,2026-02-03T17:15:00+00:00,2026-02-03T17:15:00+00:00,2026-02-03T18:50:00+00:00,-1,75670.1,76697.67489250824,73614.95021498356,73615.15021498356,1027.5748925082255,1.9998053669844786,0.07263959605444942,1.9271657709300292,True,TARGET,19,822.0599140065805,26.535669266187522,37.576655821075335,8.359496021080547,26.928618152085683,0.3834373129245568,-0.34905730032471405,3.6150484533484297,0.9938312670093759,2.6305868503675627,5.15170043374318,-0.21885606499832502,1.9161261376328818,0.010751756044565273,7.0,2026-02,evaluation_2026_h1,False,PULLBACK_END,LOCAL_LOW_BREAK,2026-02-03T17:00:00+00:00,2.380848362330356,0.4655621731203059,19,2
mtf_4h_1h_15m_precision_rr2_0,实验B·4H趋势+1H确认+15M精确成交 RR2.0,mtf_4h_1h_15m_precision,BOTH,mtf_4h_1h_15m_precision_rr2_0_short,实验B·4H趋势+1H确认+15M精确成交 RR2.0·空头组件,2.0,1.25,48,2026-02-04T08:30:00+00:00,2026-02-04T08:30:00+00:00,2026-02-04T15:05:00+00:00,-1,76088.2,77188.19530214113,73888.20939571773,73888.40939571772,1099.9953021411316,1.9998181810416813,0.06817147723439797,1.9316467038072833,True,TARGET,79,879.9962417129052,31.099566751262206,48.39707466398165,17.175988870395766,25.1945640013286,0.8460877551639054,-0.02469074294615664,0.2523293822007912,0.45750620347395365,6.291617779211262,-2.58078152036558,-0.26461077229623875,0.046126016710365994,0.011506392504506541,22.0,2026-02,evaluation_2026_h1,False,PULLBACK_END,EMA9_REJECT,2026-02-04T08:00:00+00:00,2.0809179780536162,0.43618368102670646,79,7
mtf_4h_1h_15m_precision_rr2_0,实验B·4H趋势+1H确认+15M精确成交 RR2.0,mtf_4h_1h_15m_precision,BOTH,mtf_4h_1h_15m_precision_rr2_0_short,实验B·4H趋势+1H确认+15M精确成交 RR2.0·空头组件,2.0,1.25,48,2026-02-06T08:45:00+00:00,2026-02-06T08:45:00+00:00,2026-02-06T13:05:00+00:00,-1,64720.9,66834.11224883815,60494.475502323694,66834.31224883815,2113.2122488381547,-1.0000946426465693,0.031126833644175424,-1.0312214762907448,False,STOP,52,1690.5697990705237,51.98716155253663,40.38909761890353,15.574227715164463,26.55115195998647,1.8988768072817728,-0.1592936032867753,0.4786820056644889,0.7595432300163147,6.636815590914237,-6.716404593755954,-0.686629114765615,0.7579920535309765,0.02608453167154016,47.0,2026-02,evaluation_2026_h1,False,PULLBACK_END,EMA9_REJECT,2026-02-06T07:00:00+00:00,0.023755304289762826,1.0205316579939845,1,52
mtf_4h_1h_15m_precision_rr2_0,实验B·4H趋势+1H确认+15M精确成交 RR2.0,mtf_4h_1h_15m_precision,BOTH,mtf_4h_1h_15m_precision_rr2_0_short,实验B·4H趋势+1H确认+15M精确成交 RR2.0·空头组件,2.0,1.25,48,2026-02-08T05:30:00+00:00,2026-02-08T05:30:00+00:00,2026-02-08T08:30:00+00:00,-1,69239.8,70204.67584763574,67310.04830472855,70204.87584763573,964.8758476357277,-1.000207280553754,0.07226042406871432,-1.0724677046224684,False,STOP,36,771.9006781085822,13.779961863598817,52.17664421944881,19.900941109436143,18.448948338624607,0.001924983915544376,0.024425973925729108,0.30115417188751176,0.10788973384032419,3.1737243786374716,-1.92278600030307,0.019414429057342163,0.15990703775855183,0.011137991470960763,0.0,2026-02,evaluation_2026_h1,False,PULLBACK_END,EMA9_REJECT,2026-02-08T04:00:00+00:00,0.19152723166698124,1.1845047244166034,8,36
mtf_4h_1h_15m_precision_rr2_0,实验B·4H趋势+1H确认+15M精确成交 RR2.0,mtf_4h_1h_15m_precision,BOTH,mtf_4h_1h_15m_precision_rr2_0_short,实验B·4H趋势+1H确认+15M精确成交 RR2.0·空头组件,2.0,1.25,48,2026-02-10T06:30:00+00:00,2026-02-10T06:30:00+00:00,2026-02-11T06:10:00+00:00,-1,69168.40000000001,70106.97615483971,67291.24769032063,67291.44769032062,938.5761548396936,1.9997869112708966,0.07269513879437285,1.9270917724765237,True,TARGET,284,750.8609238717548,16.585554404135443,43.95534706004039,13.390725117182438,23.82955659073384,0.010670240693625082,-0.19949860062473174,0.6247095435412149,0.6286576168929154,3.7467657598872566,2.0222933438597828,-0.0640355877546689,0.7633282345247348,0.010816936955854903,1.0,2026-02,evaluation_2026_h1,False,PULLBACK_END,LOCAL_LOW_BREAK,2026-02-10T06:00:00+00:00,2.2378578330266143,0.8411677581291526,284,135
mtf_4h_1h_15m_precision_rr2_0,实验B·4H趋势+1H确认+15M精确成交 RR2.0,mtf_4h_1h_15m_precision,BOTH,mtf_4h_1h_15m_precision_rr2_0_short,实验B·4H趋势+1H确认+15M精确成交 RR2.0·空头组件,2.0,1.25,48,2026-02-12T05:15:00+00:00,2026-02-12T05:15:00+00:00,2026-02-12T10:00:00+00:00,-1,66777.8,67688.90237678071,64955.5952464386,67689.1023767807,911.102376780701,-1.0002195142994887,0.0737935196985807,-1.0740130339980694,False,STOP,57,728.8819014245607,21.47194172632392,44.32436289017814,21.890779961566704,18.727967215013635,0.8109757059963177,-0.02982960664616488,0.5644025000702493,0.9611079219288301,4.256656659928227,-1.8130106202842882,-0.22545588785720724,0.5131068865880485,0.010880474540558514,1.0,2026-02,evaluation_2026_h1,False,PULLBACK_END,LOCAL_LOW_BREAK,2026-02-12T05:00:00+00:00,0.15124535234657924,1.012070677785025,1,57
mtf_4h_1h_15m_precision_rr2_0,实验B·4H趋势+1H确认+15M精确成交 RR2.0,mtf_4h_1h_15m_precision,BOTH,mtf_4h_1h_15m_precision_rr2_0_short,实验B·4H趋势+1H确认+15M精确成交 RR2.0·空头组件,2.0,1.25,48,2026-02-12T16:15:00+00:00,2026-02-12T16:15:00+00:00,2026-02-13T13:30:00+00:00,-1,66522.6,67383.2749567243,64801.25008655141,67383.4749567243,860.6749567243,-1.0002323757632652,0.07779131593788108,-1.0780236917011463,False,STOP,255,688.53996537944,17.20762052840373,45.02508655225961,20.060159392034624,18.023135030966355,0.4381012694309744,0.05722611089879567,2.781088878033377,0.8528976206930586,2.5343481682118,0.2067744249795922,-0.009782569056187043,0.5873554368555755,0.010260330001034766,0.0,2026-02,evaluation_2026_h1,False,PULLBACK_END,LOCAL_LOW_BREAK,2026-02-12T16:00:00+00:00,1.6749645016821297,1.019432473484937,28,255
mtf_4h_1h_15m_precision_rr2_0,实验B·4H趋势+1H确认+15M精确成交 RR2.0,mtf_4h_1h_15m_precision,BOTH,mtf_4h_1h_15m_precision_rr2_0_short,实验B·4H趋势+1H确认+15M精确成交 RR2.0·空头组件,2.0,1.25,48,2026-02-23T14:45:00+00:00,2026-02-23T14:45:00+00:00,2026-02-23T17:30:00+00:00,-1,65805.0,66405.61097883532,64603.778042329344,64603.97804232934,600.6109788353275,1.9996670057540669,0.10856359826722733,1.8911034074868396,True,TARGET,33,480.48878306826197,29.183096104625893,45.06621350970282,20.850440892639348,29.38359260385847,1.2818595493159841,-0.0732852314001627,0.7160506158594637,0.9024538018782292,7.274259302539102,-3.430808078024267,-0.42020524303300116,0.35733624177120293,0.007269130256902991,21.0,2026-02,evaluation_2026_h1,False,PULLBACK_END,LOCAL_LOW_BREAK,2026-02-23T12:00:00+00:00,2.103191657351197,0.724928473409358,33,7
mtf_4h_1h_15m_precision_rr2_0,实验B·4H趋势+1H确认+15M精确成交 RR2.0,mtf_4h_1h_15m_precision,BOTH,mtf_4h_1h_15m_precision_rr2_0_short,实验B·4H趋势+1H确认+15M精确成交 RR2.0·空头组件,2.0,1.25,48,2026-02-28T15:15:00+00:00,2026-02-28T15:15:00+00:00,2026-02-28T16:45:00+00:00,-1,64192.8,65051.56238187786,62475.27523624429,65051.76238187786,858.7623818778565,-1.0002328932941411,0.07525047970735436,-1.0754833730014954,False,STOP,18,687.0099055022852,36.474642718186914,43.48558983359515,20.181119223047247,22.91684525854053,1.2554219448149053,-0.16275808583957105,2.510962270433596,0.8512539899680815,4.388874128089217,-3.8415087952232128,-0.5974123442476434,0.6025470459318398,0.010667458130477826,25.0,2026-02,evaluation_2026_h1,False,PULLBACK_END,LOCAL_LOW_BREAK,2026-02-28T15:00:00+00:00,0.0,1.1384988684088138,1,18
mtf_4h_1h_15m_precision_rr2_0,实验B·4H趋势+1H确认+15M精确成交 RR2.0,mtf_4h_1h_15m_precision,BOTH,mtf_4h_1h_15m_precision_rr2_0_long,实验B·4H趋势+1H确认+15M精确成交 RR2.0·多头组件,2.0,1.25,48,2026-03-05T09:15:00+00:00,2026-03-05T09:15:00+00:00,2026-03-05T15:15:00+00:00,1,72576.7,71631.95408494413,74466.19183011174,71631.75408494413,944.7459150558707,-1.0002116971312718,0.07632129008804228,-1.0765329872193141,False,STOP,72,755.7967320446966,32.99437851026824,56.10394212687825,20.969535665128312,15.172090729838692,1.8631369772699147,0.05701942893209584,0.6408513087314831,0.9480519480519571,4.613409733285006,-3.4958614156359573,0.5948502685419116,0.2022313949838515,0.010452521340007088,27.0,2026-03,evaluation_2026_h1,False,PULLBACK_END,LOCAL_HIGH_BREAK,2026-03-05T09:00:00+00:00,1.0186865956896929,1.0782793381432645,21,72
mtf_4h_1h_15m_precision_rr2_0,实验B·4H趋势+1H确认+15M精确成交 RR2.0,mtf_4h_1h_15m_precision,BOTH,mtf_4h_1h_15m_precision_rr2_0_short,实验B·4H趋势+1H确认+15M精确成交 RR2.0·空头组件,2.0,1.25,48,2026-03-08T20:30:00+00:00,2026-03-08T20:30:00+00:00,2026-03-08T22:05:00+00:00,-1,66999.90000000001,67562.13677857502,65875.42644284999,65875.62644284999,562.2367785750115,1.9996442779846126,0.11816687515500399,1.8814774028296086,True,TARGET,19,449.7894228600092,38.4310861398569,48.94710989578631,16.270986689634277,22.238219560441088,1.2503937055078127,-0.16545510971292246,1.0351646749837364,0.22462142456533615,3.6986196549974864,-2.035210150753393,-0.45355121760975303,0.10118020497389982,0.006683448830740564,7.0,2026-03,evaluation_2026_h1,False,PULLBACK_END,EMA9_REJECT,2026-03-08T17:00:00+00:00,2.3586148230306185,0.8830799032008617,19,2
mtf_4h_1h_15m_precision_rr2_0,实验B·4H趋势+1H确认+15M精确成交 RR2.0,mtf_4h_1h_15m_precision,BOTH,mtf_4h_1h_15m_precision_rr2_0_long,实验B·4H趋势+1H确认+15M精确成交 RR2.0·多头组件,2.0,1.25,48,2026-03-10T15:15:00+00:00,2026-03-10T15:15:00+00:00,2026-03-10T18:20:00+00:00,1,71158.0,70174.72729250882,73124.54541498235,70174.52729250882,983.2727074911763,-1.0002034023709585,0.07186842786123863,-1.0720718302321972,False,STOP,37,786.618165992941,43.987991064991256,66.16952636763762,26.357926831552167,12.147762219811286,1.155660534800585,0.31853341547997166,3.2123637442398767,0.9722690164571737,3.905706901800128,-1.8042577772810944,0.5790632467683936,1.927655283044079,0.011011555370675183,25.0,2026-03,evaluation_2026_h1,False,PULLBACK_END,EMA9_RECLAIM,2026-03-10T15:00:00+00:00,0.5164386198572076,1.0759985423570746,15,37
mtf_4h_1h_15m_precision_rr2_0,实验B·4H趋势+1H确认+15M精确成交 RR2.0,mtf_4h_1h_15m_precision,BOTH,mtf_4h_1h_15m_precision_rr2_0_long,实验B·4H趋势+1H确认+15M精确成交 RR2.0·多头组件,2.0,1.25,48,2026-03-10T23:45:00+00:00,2026-03-10T23:45:00+00:00,2026-03-11T12:10:00+00:00,1,69884.8,68943.6239349563,71767.15213008742,68943.4239349563,941.1760650437081,-1.0002125000915594,0.07375252574474954,-1.073965025836309,False,STOP,149,752.9408520349665,31.206125970418952,47.34217261553186,17.131966944391596,20.522670228927865,0.9653657115196241,-0.11974303869257572,0.4435309136645612,0.6013116236996742,3.5648218485498733,-6.009550135270878,0.2427544748295654,0.5830945119159106,0.010809744350782462,0.0,2026-03,evaluation_2026_h1,False,PULLBACK_END,LOCAL_HIGH_BREAK,2026-03-10T21:00:00+00:00,0.387068916784539,1.0113941858007223,62,149
mtf_4h_1h_15m_precision_rr2_0,实验B·4H趋势+1H确认+15M精确成交 RR2.0,mtf_4h_1h_15m_precision,BOTH,mtf_4h_1h_15m_precision_rr2_0_long,实验B·4H趋势+1H确认+15M精确成交 RR2.0·多头组件,2.0,1.25,48,2026-03-15T04:15:00+00:00,2026-03-15T04:15:00+00:00,2026-03-15T22:45:00+00:00,1,71551.9,71133.4232743113,72388.85345137738,72388.65345137738,418.4767256886927,1.999522076168824,0.17198155191844003,1.827540524250384,True,TARGET,222,334.78138055095417,18.708522882967266,59.621501560447314,29.436278424145396,13.716599914257918,0.1636702238352942,0.33783281997200876,1.4014674983220834,0.4593257036807877,3.733481228684275,2.5528954688484475,0.18885342755035953,1.1936170635015522,0.004694416594465022,2.0,2026-03,evaluation_2026_h1,False,PULLBACK_END,LOCAL_HIGH_BREAK,2026-03-15T03:00:00+00:00,2.193909347023007,0.792875635924413,222,108
mtf_4h_1h_15m_precision_rr2_0,实验B·4H趋势+1H确认+15M精确成交 RR2.0,mtf_4h_1h_15m_precision,BOTH,mtf_4h_1h_15m_precision_rr2_0_long,实验B·4H趋势+1H确认+15M精确成交 RR2.0·多头组件,2.0,1.25,48,2026-03-17T11:45:00+00:00,2026-03-17T11:45:00+00:00,2026-03-18T11:35:00+00:00,1,74083.5,73312.09721676169,75626.30556647661,73311.89721676169,771.4027832383091,-1.000259267926365,0.09553724747919849,-1.0957965154055636,False,STOP,286,617.1222265906473,26.400603877573705,46.26455773840383,18.997252524418577,21.008395463187973,1.143668508545498,-0.11427884573356899,1.0677142791997374,0.473183812774274,4.978754398418494,-4.921903185778547,0.26240052780611833,0.641593687810058,0.008372742915317012,0.0,2026-03,evaluation_2026_h1,False,PULLBACK_END,LOCAL_HIGH_BREAK,2026-03-17T08:00:00+00:00,1.0016816334992238,1.3981022929065834,40,286
mtf_4h_1h_15m_precision_rr2_0,实验B·4H趋势+1H确认+15M精确成交 RR2.0,mtf_4h_1h_15m_precision,BOTH,mtf_4h_1h_15m_precision_rr2_0_short,实验B·4H趋势+1H确认+15M精确成交 RR2.0·空头组件,2.0,1.25,48,2026-03-21T23:15:00+00:00,2026-03-21T23:15:00+00:00,2026-03-21T23:55:00+00:00,-1,70118.40000000001,70471.03372517759,69413.13254964483,69413.33254964482,352.6337251775882,1.9994328392728453,0.19784229724394045,1.801590542028905,True,TARGET,8,282.10698014207054,8.891570500023569,43.13968910097658,17.27541309796315,16.623059136967914,0.4087350334519001,-0.1384692898797798,0.5514146324230425,0.793291731669262,3.2423869821985596,-1.0809412544659605,-0.21322995332128442,0.6668916552813903,0.004015574808579119,7.0,2026-03,evaluation_2026_h1,False,PULLBACK_END,LOCAL_LOW_BREAK,2026-03-21T22:00:00+00:00,3.5875751797786637,0.2064465046935766,8,1
mtf_4h_1h_15m_precision_rr2_0,实验B·4H趋势+1H确认+15M精确成交 RR2.0,mtf_4h_1h_15m_precision,BOTH,mtf_4h_1h_15m_precision_rr2_0_short,实验B·4H趋势+1H确认+15M精确成交 RR2.0·空头组件,2.0,1.25,48,2026-03-23T07:15:00+00:00,2026-03-23T07:15:00+00:00,2026-03-23T08:15:00+00:00,-1,67905.40000000001,68591.1649442846,66533.87011143085,68591.36494428459,685.7649442845795,-1.0002916451207826,0.09952153874436093,-1.0998131838651435,False,STOP,12,548.6119554276636,41.05280111813537,40.98950624024432,13.471868767447654,29.77528713867704,1.1548469156226673,-0.009996447473472168,2.111651529099592,0.8414322250639399,3.098729408247741,-2.8867377380070494,-0.38995212738603996,1.006734586973952,0.00808621902221176,1.0,2026-03,evaluation_2026_h1,False,PULLBACK_END,EMA9_REJECT,2026-03-23T07:00:00+00:00,0.43294718179236763,1.085648962089599,2,12
mtf_4h_1h_15m_precision_rr2_0,实验B·4H趋势+1H确认+15M精确成交 RR2.0,mtf_4h_1h_15m_precision,BOTH,mtf_4h_1h_15m_precision_rr2_0_short,实验B·4H趋势+1H确认+15M精确成交 RR2.0·空头组件,2.0,1.25,48,2026-03-27T08:30:00+00:00,2026-03-27T08:30:00+00:00,2026-03-27T10:40:00+00:00,-1,68200.8,68774.61662825572,67053.16674348857,67053.36674348857,573.8166282557166,1.9996514565975365,0.11785486868394975,1.8817965879135867,True,TARGET,26,459.0533026045733,28.64627593023827,33.874263414215406,13.227602795202998,26.43920620671852,1.3103547675950904,-0.3019696220503453,1.098142159398895,0.8324483775811267,3.826135200497512,0.6610233579607261,-0.5496330342396109,1.006018424310763,0.006701341756548717,23.0,2026-03,evaluation_2026_h1,False,PULLBACK_END,LOCAL_LOW_BREAK,2026-03-27T08:00:00+00:00,2.4919110558831448,0.11850475683617931,26,1
mtf_4h_1h_15m_precision_rr2_0,实验B·4H趋势+1H确认+15M精确成交 RR2.0,mtf_4h_1h_15m_precision,BOTH,mtf_4h_1h_15m_precision_rr2_0_short,实验B·4H趋势+1H确认+15M精确成交 RR2.0·空头组件,2.0,1.25,48,2026-03-28T09:45:00+00:00,2026-03-28T09:45:00+00:00,2026-03-28T13:40:00+00:00,-1,66229.1,66682.70334934862,65321.89330130277,66682.90334934862,453.6033493486158,-1.0004409138519061,0.1465068584041687,-1.1469477722560748,False,STOP,47,362.8826794788926,42.12665865001626,41.89239965351756,15.156412123185024,24.802607863786633,2.766006904272979,-0.0619131787274806,0.4209473186255432,0.8714043993232382,3.420389206181974,-4.144106384292009,-0.8575816653237247,0.2965355181033181,0.00546716724965149,48.0,2026-03,evaluation_2026_h1,False,PULLBACK_END,LOCAL_LOW_BREAK,2026-03-28T09:00:00+00:00,0.31260792100329676,1.0476113121351387,11,47
mtf_4h_1h_15m_precision_rr2_0,实验B·4H趋势+1H确认+15M精确成交 RR2.0,mtf_4h_1h_15m_precision,BOTH,mtf_4h_1h_15m_precision_rr2_0_short,实验B·4H趋势+1H确认+15M精确成交 RR2.0·空头组件,2.0,1.25,48,2026-03-28T23:15:00+00:00,2026-03-28T23:15:00+00:00,2026-03-29T02:55:00+00:00,-1,66359.40000000001,66748.39696688489,65581.40606623024,66748.59696688488,388.99696688488467,-1.0005141428263387,0.17109130442947046,-1.171605447255809,False,STOP,44,311.19757350790775,25.008251377716352,50.37384903265486,21.698658172193145,23.40067331429772,1.5412297023829338,0.09007632103719365,0.6486722905457902,0.15185373285929438,4.485896159998583,-4.442946498548377,-0.30448003289843206,0.19594321531990536,0.004663603133688617,0.0,2026-03,evaluation_2026_h1,False,PULLBACK_END,LOCAL_LOW_BREAK,2026-03-28T22:00:00+00:00,0.31825440951738543,1.184070929109059,14,44
mtf_4h_1h_15m_precision_rr2_0,实验B·4H趋势+1H确认+15M精确成交 RR2.0,mtf_4h_1h_15m_precision,BOTH,mtf_4h_1h_15m_precision_rr2_0_short,实验B·4H趋势+1H确认+15M精确成交 RR2.0·空头组件,2.0,1.25,48,2026-03-29T09:45:00+00:00,2026-03-29T09:45:00+00:00,2026-03-29T11:50:00+00:00,-1,66546.3,66903.50299009772,65831.89401980456,66903.70299009772,357.20299009772066,-1.0005599057273935,0.18679855248914573,-1.1873584582165393,False,STOP,25,285.7623920781765,16.38502556654376,50.086240690342095,23.16322037994753,21.332340618088644,1.1147357836552148,0.011087346231673418,0.4630742361860893,0.2950462710941641,3.8224064127416058,-2.913787642780264,-0.2508022967474752,0.08225493164751523,0.004284968279536906,0.0,2026-03,evaluation_2026_h1,False,PULLBACK_END,LOCAL_LOW_BREAK,2026-03-29T08:00:00+00:00,0.478159491199323,1.2331923645977645,11,25
mtf_4h_1h_15m_precision_rr2_0,实验B·4H趋势+1H确认+15M精确成交 RR2.0,mtf_4h_1h_15m_precision,BOTH,mtf_4h_1h_15m_precision_rr2_0_short,实验B·4H趋势+1H确认+15M精确成交 RR2.0·空头组件,2.0,1.25,48,2026-03-29T15:30:00+00:00,2026-03-29T15:30:00+00:00,2026-03-29T20:25:00+00:00,-1,66392.3,66762.27783260557,65652.34433478887,66762.47783260557,369.97783260556764,-1.000540572927271,0.17994967008545285,-1.1804902430127238,False,STOP,59,295.9822660844541,12.803532573700906,46.75639387628107,21.809825663560762,22.10501664117425,0.8771064428143567,-0.02060298889860276,1.403574938738953,0.6051029283850409,2.9272024012167672,-1.8035366567784354,-0.2562267586503662,0.313862279910554,0.004447102840673809,1.0,2026-03,evaluation_2026_h1,False,PULLBACK_END,LOCAL_LOW_BREAK,2026-03-29T14:00:00+00:00,0.7603158222181816,1.0151959574302858,23,59
mtf_4h_1h_15m_precision_rr2_0,实验B·4H趋势+1H确认+15M精确成交 RR2.0,mtf_4h_1h_15m_precision,BOTH,mtf_4h_1h_15m_precision_rr2_0_short,实验B·4H趋势+1H确认+15M精确成交 RR2.0·空头组件,2.0,1.25,48,2026-04-03T00:30:00+00:00,2026-04-03T00:30:00+00:00,2026-04-03T12:35:00+00:00,-1,66793.8,67342.96713918098,65695.46572163804,67343.16713918098,549.1671391809807,-1.0003641878505225,0.12212763434756017,-1.1224918221980826,False,STOP,145,439.33371134478455,14.88959223245352,47.41099916641179,18.893378990268495,18.240341748618704,0.6764759210137252,0.0020152080187357956,0.23215804826960454,0.8080929487179653,3.923896472053553,-3.346132531858647,-0.17577155324417895,0.0877727520576697,0.006570114648074722,0.0,2026-04,evaluation_2026_h1,False,PULLBACK_END,EMA9_REJECT,2026-04-03T00:00:00+00:00,1.0084361581174204,1.0128064123237692,27,145
mtf_4h_1h_15m_precision_rr2_0,实验B·4H趋势+1H确认+15M精确成交 RR2.0,mtf_4h_1h_15m_precision,BOTH,mtf_4h_1h_15m_precision_rr2_0_short,实验B·4H趋势+1H确认+15M精确成交 RR2.0·空头组件,2.0,1.25,48,2026-04-03T18:45:00+00:00,2026-04-03T18:45:00+00:00,2026-04-04T15:10:00+00:00,-1,66826.0,67276.94534020296,65924.10931959408,67277.14534020296,450.94534020296356,-1.0004435127323963,0.14869113103579826,-1.1491346437681946,False,STOP,245,360.75627216237086,15.908423747112352,49.029113527331695,23.590111168441442,15.44123533446134,0.46269021744130634,0.041616449161762166,0.8561318109337954,0.7026695305308502,3.0768695810794,1.982625102713106,-0.13403770234813292,0.02580655469843272,0.0053996538318895225,0.0,2026-04,evaluation_2026_h1,False,PULLBACK_END,EMA9_REJECT,2026-04-03T18:00:00+00:00,0.18937993673813538,1.0047780952699776,10,245
mtf_4h_1h_15m_precision_rr2_0,实验B·4H趋势+1H确认+15M精确成交 RR2.0,mtf_4h_1h_15m_precision,BOTH,mtf_4h_1h_15m_precision_rr2_0_long,实验B·4H趋势+1H确认+15M精确成交 RR2.0·多头组件,2.0,1.25,48,2026-04-08T17:45:00+00:00,2026-04-08T17:45:00+00:00,2026-04-08T19:00:00+00:00,1,71810.2,71088.8511783904,73252.89764321918,71088.6511783904,721.3488216095957,-1.0002772583721093,0.09904975713381652,-1.0993270155059258,False,STOP,15,577.0790572876765,44.4346261584933,58.911871431568315,35.58198927473752,14.990811450913894,1.6295277678464557,0.09296465295948649,0.6541796662014803,0.7842238018802922,6.728020972115286,-1.7520290953914355,0.6170053123990191,0.7806642022610542,0.008064167126009826,22.0,2026-04,evaluation_2026_h1,False,PULLBACK_END,EMA9_RECLAIM,2026-04-08T16:00:00+00:00,0.10896254023763453,1.073544416794113,1,15
mtf_4h_1h_15m_precision_rr2_0,实验B·4H趋势+1H确认+15M精确成交 RR2.0,mtf_4h_1h_15m_precision,BOTH,mtf_4h_1h_15m_precision_rr2_0_long,实验B·4H趋势+1H确认+15M精确成交 RR2.0·多头组件,2.0,1.25,48,2026-04-08T21:30:00+00:00,2026-04-08T21:30:00+00:00,2026-04-08T23:05:00+00:00,1,71627.4,70944.97274783965,72992.25450432068,70944.77274783966,682.4272521603414,-1.0002930715316016,0.10445961257885204,-1.1047526841104536,False,STOP,19,545.941801728273,41.588237226449294,54.36341763765761,32.35340874109077,17.102082912302077,1.5511270142792797,0.026908241824682842,0.27172664970777616,0.5068555758683396,4.005738327926135,-2.871319847346591,0.5176599306896033,0.2593942337183497,0.007653007093499621,26.0,2026-04,evaluation_2026_h1,False,PULLBACK_END,EMA9_RECLAIM,2026-04-08T20:00:00+00:00,0.10272157182775477,1.1378502214585586,1,19
mtf_4h_1h_15m_precision_rr2_0,实验B·4H趋势+1H确认+15M精确成交 RR2.0,mtf_4h_1h_15m_precision,BOTH,mtf_4h_1h_15m_precision_rr2_0_long,实验B·4H趋势+1H确认+15M精确成交 RR2.0·多头组件,2.0,1.25,48,2026-04-09T10:00:00+00:00,2026-04-09T10:00:00+00:00,2026-04-09T13:35:00+00:00,1,71488.9,70932.20233120804,72602.2953375839,70932.00233120804,556.6976687919522,-1.000359261428975,0.1279158422203069,-1.1282751036492817,False,STOP,43,445.3581350335617,25.878811470425678,57.81267599662868,27.39780944791239,16.145163941112862,1.047934821840161,0.10366380856246193,0.741116021679817,0.9061639483160298,5.457405644598453,-1.5386655553174649,0.2687483926159893,0.8726637186576337,0.0062297696703613546,1.0,2026-04,evaluation_2026_h1,False,PULLBACK_END,LOCAL_HIGH_BREAK,2026-04-09T09:00:00+00:00,0.01796307144899717,1.115327106268224,1,43
mtf_4h_1h_15m_precision_rr2_0,实验B·4H趋势+1H确认+15M精确成交 RR2.0,mtf_4h_1h_15m_precision,BOTH,mtf_4h_1h_15m_precision_rr2_0_long,实验B·4H趋势+1H确认+15M精确成交 RR2.0·多头组件,2.0,1.25,48,2026-04-09T15:00:00+00:00,2026-04-09T15:00:00+00:00,2026-04-09T15:50:00+00:00,1,71083.59999999999,70507.06735216582,72236.66529566835,72236.46529566836,576.5326478341807,1.9996530985699643,0.12429483901221264,1.8753582595577516,True,TARGET,10,461.22611826734453,21.694728580654427,50.62224069615497,18.26366452013403,21.409659321868446,0.8139851485906053,-0.04852727922343258,2.2218449055683265,0.8130717221264756,3.078099751447909,-3.3848240204009485,0.2522529753797462,0.014548766815413668,0.00648851165555079,0.0,2026-04,evaluation_2026_h1,False,PULLBACK_END,LOCAL_HIGH_BREAK,2026-04-09T13:00:00+00:00,2.1445446405241837,0.3396165000118143,10,3
mtf_4h_1h_15m_precision_rr2_0,实验B·4H趋势+1H确认+15M精确成交 RR2.0,mtf_4h_1h_15m_precision,BOTH,mtf_4h_1h_15m_precision_rr2_0_long,实验B·4H趋势+1H确认+15M精确成交 RR2.0·多头组件,2.0,1.25,48,2026-04-09T17:15:00+00:00,2026-04-09T17:15:00+00:00,2026-04-09T18:25:00+00:00,1,72442.8,71765.46445161237,73797.47109677528,71765.26445161237,677.3355483876344,-1.0002952746249263,0.10645245535605868,-1.106747729980985,False,STOP,14,541.8684387101075,22.394162448012565,61.88135113205419,27.570060701856747,15.713047607136753,0.8296723952905926,0.32888504770492605,2.41551274965265,0.5216381063026454,3.4916224397638245,-0.35941075433282776,0.30012344865377083,1.437380185776795,0.007520936579920435,2.0,2026-04,evaluation_2026_h1,False,PULLBACK_END,LOCAL_HIGH_BREAK,2026-04-09T16:00:00+00:00,0.11087562166014069,1.05235876324045,1,14
mtf_4h_1h_15m_precision_rr2_0,实验B·4H趋势+1H确认+15M精确成交 RR2.0,mtf_4h_1h_15m_precision,BOTH,mtf_4h_1h_15m_precision_rr2_0_long,实验B·4H趋势+1H确认+15M精确成交 RR2.0·多头组件,2.0,1.25,48,2026-04-10T05:30:00+00:00,2026-04-10T05:30:00+00:00,2026-04-10T07:55:00+00:00,1,72190.09999999999,71521.66016605325,73526.97966789347,71521.46016605325,668.4398339467374,-1.0002992041913827,0.10749775287741488,-1.1077969570687975,False,STOP,29,534.7518671573899,25.381936115036662,56.51620047366014,25.90187436532563,13.435680736264471,0.9524133008718266,0.11042311915054968,0.3768164253525202,0.7342105263158104,4.970155624005985,1.1295497201136833,0.339226848173037,0.5629065966657042,0.007417960448188761,14.0,2026-04,evaluation_2026_h1,False,PULLBACK_END,EMA9_RECLAIM,2026-04-10T05:00:00+00:00,0.06582492210289274,1.2087849331617908,1,29
mtf_4h_1h_15m_precision_rr2_0,实验B·4H趋势+1H确认+15M精确成交 RR2.0,mtf_4h_1h_15m_precision,BOTH,mtf_4h_1h_15m_precision_rr2_0_long,实验B·4H趋势+1H确认+15M精确成交 RR2.0·多头组件,2.0,1.25,48,2026-04-10T11:15:00+00:00,2026-04-10T11:15:00+00:00,2026-04-10T15:25:00+00:00,1,72085.2,71510.56215270069,73234.4756945986,73234.2756945986,574.6378472993049,1.9996519547033962,0.1264444000491563,1.87320755465424,True,TARGET,50,459.71027783944396,21.58862417754097,52.98975389614629,22.45742059558483,17.18899422278751,0.8490395051013445,-0.02257934366152419,0.4212781492089879,0.8503184713375547,5.781467433121546,-2.7491379321216236,0.21950004343145754,0.22340490687561107,0.006396200458582766,0.0,2026-04,evaluation_2026_h1,False,PULLBACK_END,EMA9_RECLAIM,2026-04-10T11:00:00+00:00,2.036935098342618,0.3771070788644506,50,29
mtf_4h_1h_15m_precision_rr2_0,实验B·4H趋势+1H确认+15M精确成交 RR2.0,mtf_4h_1h_15m_precision,BOTH,mtf_4h_1h_15m_precision_rr2_0_long,实验B·4H趋势+1H确认+15M精确成交 RR2.0·多头组件,2.0,1.25,48,2026-04-11T03:00:00+00:00,2026-04-11T03:00:00+00:00,2026-04-12T01:40:00+00:00,1,72928.4,72394.548657618,73996.10268476397,72394.348657618,533.8513423819899,-1.0003746361283117,0.13610787977904376,-1.1364825159073555,False,STOP,272,427.0810739055919,33.10130934146448,58.32742937434076,22.47506196440228,12.192956385746541,1.3824245037470262,0.17970042927985327,0.45409629916598,0.28770661157024585,4.841937810751858,-0.8308598754620391,0.5376459697767975,0.6150970059625683,0.0058561775594054965,16.0,2026-04,evaluation_2026_h1,False,PULLBACK_END,EMA9_RECLAIM,2026-04-11T02:00:00+00:00,1.5828376420853356,1.8645640105700991,194,272
mtf_4h_1h_15m_precision_rr2_0,实验B·4H趋势+1H确认+15M精确成交 RR2.0,mtf_4h_1h_15m_precision,BOTH,mtf_4h_1h_15m_precision_rr2_0_long,实验B·4H趋势+1H确认+15M精确成交 RR2.0·多头组件,2.0,1.25,48,2026-04-15T01:15:00+00:00,2026-04-15T01:15:00+00:00,2026-04-15T05:30:00+00:00,1,74701.4,74002.21721924438,76099.76556151123,74002.01721924439,699.1827807556148,-1.0002860482344504,0.10634087488434635,-1.1066269231187968,False,STOP,51,559.3462246044918,39.830824163579244,56.155052099347365,25.725795866844514,13.720127196080282,1.2779103388706905,-0.007548835564389963,0.7807189184487513,0.7914545454545507,4.008608445664284,-4.160283168365062,0.322829953925118,0.5102999214922477,0.0075059577672727,0.0,2026-04,evaluation_2026_h1,False,PULLBACK_END,LOCAL_HIGH_BREAK,2026-04-15T01:00:00+00:00,0.05406311631295042,1.060237781026096,1,51
mtf_4h_1h_15m_precision_rr2_0,实验B·4H趋势+1H确认+15M精确成交 RR2.0,mtf_4h_1h_15m_precision,BOTH,mtf_4h_1h_15m_precision_rr2_0_long,实验B·4H趋势+1H确认+15M精确成交 RR2.0·多头组件,2.0,1.25,48,2026-04-15T18:15:00+00:00,2026-04-15T18:15:00+00:00,2026-04-16T13:55:00+00:00,1,74246.8,73633.35016551394,75473.69966897213,73633.15016551394,613.449834486059,-1.0003260250288728,0.12053141255584986,-1.1208574375847227,False,STOP,236,490.75986758884716,17.751378991003687,51.0112062335963,14.446971595585797,17.422967406395014,0.5819725947059197,-0.0888042236402244,0.7394415230525317,0.696875966594497,2.6289843265686743,-1.6706565804007028,0.13245995916428813,0.06565287889891863,0.006623020624931303,0.0,2026-04,evaluation_2026_h1,False,PULLBACK_END,EMA9_RECLAIM,2026-04-15T18:00:00+00:00,1.9215915201731004,1.489608356917357,53,236
mtf_4h_1h_15m_precision_rr2_0,实验B·4H趋势+1H确认+15M精确成交 RR2.0,mtf_4h_1h_15m_precision,BOTH,mtf_4h_1h_15m_precision_rr2_0_long,实验B·4H趋势+1H确认+15M精确成交 RR2.0·多头组件,2.0,1.25,48,2026-04-16T19:45:00+00:00,2026-04-16T19:45:00+00:00,2026-04-17T13:15:00+00:00,1,75191.5,74443.32819248641,76687.84361502717,76687.64361502718,748.1718075135894,1.9997326817209713,0.1015001782276249,1.8982325034933465,True,TARGET,210,598.5374460108716,17.70252721351802,57.128488894435755,25.712568736942274,19.91224537986562,0.33052957572795144,0.01627303372444641,1.1367081895591813,0.9161882893226176,3.6234992721919186,-2.680309198320142,0.01711547696627603,0.8657077964969244,0.007980499280144954,1.0,2026-04,evaluation_2026_h1,False,PULLBACK_END,LOCAL_HIGH_BREAK,2026-04-16T19:00:00+00:00,2.2568345706735693,0.9509847776335473,210,82
mtf_4h_1h_15m_precision_rr2_0,实验B·4H趋势+1H确认+15M精确成交 RR2.0,mtf_4h_1h_15m_precision,BOTH,mtf_4h_1h_15m_precision_rr2_0_long,实验B·4H趋势+1H确认+15M精确成交 RR2.0·多头组件,2.0,1.25,48,2026-04-21T01:15:00+00:00,2026-04-21T01:15:00+00:00,2026-04-21T03:05:00+00:00,1,76081.2,75450.51502905255,77342.5699418949,75450.31502905255,630.6849709474501,-1.0003171155318553,0.12013249245610966,-1.120449607987965,False,STOP,22,504.54797675796004,25.684391866580135,59.35293569434667,23.310299693989013,16.727387973566874,0.31736901432915804,0.24619088467132752,0.503722188834606,0.9900990099009901,4.895074628720207,-1.9489099236015477,0.3263976880323581,0.947000002440834,0.0066344244149633145,6.0,2026-04,evaluation_2026_h1,False,PULLBACK_END,EMA9_RECLAIM,2026-04-21T01:00:00+00:00,0.17314508039719223,1.0276128810020309,4,22
mtf_4h_1h_15m_precision_rr2_0,实验B·4H趋势+1H确认+15M精确成交 RR2.0,mtf_4h_1h_15m_precision,BOTH,mtf_4h_1h_15m_precision_rr2_0_long,实验B·4H趋势+1H确认+15M精确成交 RR2.0·多头组件,2.0,1.25,48,2026-04-21T05:00:00+00:00,2026-04-21T05:00:00+00:00,2026-04-21T08:50:00+00:00,1,75768.4,75199.8100158728,76905.57996825437,76905.37996825438,568.5899841271886,1.9996482526854522,0.1342564802672488,1.8653917724182034,True,TARGET,46,454.8719873017509,22.15301164472345,53.99634289585348,23.196809390442727,18.84621247367401,0.3562458087232977,0.03680386168354613,0.3954797381884748,0.9049676025917927,4.3260522848917775,-3.2506569928444478,0.1919996115905754,0.3284094884032206,0.00600346038253136,10.0,2026-04,evaluation_2026_h1,False,PULLBACK_END,LOCAL_HIGH_BREAK,2026-04-21T04:00:00+00:00,2.16430122646116,0.19363689666289102,46,17
mtf_4h_1h_15m_precision_rr2_0,实验B·4H趋势+1H确认+15M精确成交 RR2.0,mtf_4h_1h_15m_precision,BOTH,mtf_4h_1h_15m_precision_rr2_0_long,实验B·4H趋势+1H确认+15M精确成交 RR2.0·多头组件,2.0,1.25,48,2026-05-02T07:30:00+00:00,2026-05-02T07:30:00+00:00,2026-05-03T20:40:00+00:00,1,78275.5,77832.39552318038,79161.70895363923,79161.50895363923,443.10447681961705,1.999548639180005,0.1776522436465138,1.8218963955334913,True,TARGET,446,354.48358145569364,37.20424567006109,59.580225158412205,22.60628854884991,13.697289997243484,1.5679039716687906,0.15594124365389522,0.27971661787728447,0.80368373764602,4.970046829151079,-3.5628470266702763,0.5960715196407849,0.694386758697102,0.004528503831274997,27.0,2026-05,evaluation_2026_h1,False,PULLBACK_END,EMA9_RECLAIM,2026-05-02T07:00:00+00:00,2.2353644610167676,0.5608158188416625,446,276
mtf_4h_1h_15m_precision_rr2_0,实验B·4H趋势+1H确认+15M精确成交 RR2.0,mtf_4h_1h_15m_precision,BOTH,mtf_4h_1h_15m_precision_rr2_0_long,实验B·4H趋势+1H确认+15M精确成交 RR2.0·多头组件,2.0,1.25,48,2026-05-04T02:15:00+00:00,2026-05-04T02:15:00+00:00,2026-05-04T10:05:00+00:00,1,79899.3,79390.39191315974,80917.11617368054,79390.19191315974,508.908086840264,-1.000392998274486,0.15650123866390583,-1.1568942369383917,False,STOP,94,407.12646947221117,33.53864433943846,69.76201025973926,42.43540708379197,13.590362663120281,0.812212189257379,0.2092227619086532,5.719813803348999,0.9363346667570628,3.4434017562586465,0.08299534798243968,0.36527162598107443,2.5241081862852157,0.005104656451399974,17.0,2026-05,evaluation_2026_h1,False,PULLBACK_END,LOCAL_HIGH_BREAK,2026-05-04T02:00:00+00:00,1.3576125392105507,1.4723680353603676,25,94
mtf_4h_1h_15m_precision_rr2_0,实验B·4H趋势+1H确认+15M精确成交 RR2.0,mtf_4h_1h_15m_precision,BOTH,mtf_4h_1h_15m_precision_rr2_0_long,实验B·4H趋势+1H确认+15M精确成交 RR2.0·多头组件,2.0,1.25,48,2026-05-05T01:15:00+00:00,2026-05-05T01:15:00+00:00,2026-05-05T13:10:00+00:00,1,80152.7,79480.04042223787,81498.01915552425,81497.81915552425,672.6595777621233,1.9997026727833758,0.12015774732095597,1.8795449254624197,True,TARGET,143,538.1276622096987,25.476633904301096,57.624449104371394,25.186112528694323,17.392611324423342,0.9400466460793366,0.15354663513069958,0.2886437064282878,0.9508744855966932,4.912217277858333,-1.4457526671329006,0.38445752730877303,0.6819306616414152,0.0067156073650701375,11.0,2026-05,evaluation_2026_h1,False,PULLBACK_END,EMA9_RECLAIM,2026-05-05T01:00:00+00:00,2.190706932178886,0.03790922012117357,143,4
mtf_4h_1h_15m_precision_rr2_0,实验B·4H趋势+1H确认+15M精确成交 RR2.0,mtf_4h_1h_15m_precision,BOTH,mtf_4h_1h_15m_precision_rr2_0_long,实验B·4H趋势+1H确认+15M精确成交 RR2.0·多头组件,2.0,1.25,48,2026-05-06T02:15:00+00:00,2026-05-06T02:15:00+00:00,2026-05-06T11:10:00+00:00,1,81278.59999999999,80699.64739894605,82436.50520210786,82436.30520210786,578.9526010539365,1.999654548576795,0.14138886750321017,1.8582656810735847,True,TARGET,107,463.1620808431492,27.308177067885886,59.59131201995122,22.470635143281047,17.83742160534526,1.3592415381183873,0.0262481900643844,0.6022263269386461,0.8180157135026397,2.730793500403837,-5.301984559755439,0.45366302981808865,0.7119571217588058,0.005690622983093206,1.0,2026-05,evaluation_2026_h1,False,PULLBACK_END,EMA9_RECLAIM,2026-05-06T02:00:00+00:00,2.0181272143402254,0.4812138325189704,107,5
mtf_4h_1h_15m_precision_rr2_0,实验B·4H趋势+1H确认+15M精确成交 RR2.0,mtf_4h_1h_15m_precision,BOTH,mtf_4h_1h_15m_precision_rr2_0_long,实验B·4H趋势+1H确认+15M精确成交 RR2.0·多头组件,2.0,1.25,48,2026-05-09T18:30:00+00:00,2026-05-09T18:30:00+00:00,2026-05-09T22:35:00+00:00,1,81000.2,80668.30577935647,81663.98844128706,80668.10577935647,331.89422064352846,-1.0006026016349792,0.2435539634674696,-1.2441565651024487,False,STOP,49,265.5153765148228,17.367171548503674,66.37537536961736,26.376156700786197,11.898549362358043,0.155301012761374,0.36867307253382586,2.170209308208977,0.6030485868529618,2.7610453662711505,3.4046574093693494,0.18986196869045036,1.6047466050660666,0.003287464731629928,2.0,2026-05,evaluation_2026_h1,False,REBREAK,LOCAL_HIGH_BREAK,2026-05-09T17:00:00+00:00,0.1295593515205684,1.108787008362074,1,49
mtf_4h_1h_15m_precision_rr2_0,实验B·4H趋势+1H确认+15M精确成交 RR2.0,mtf_4h_1h_15m_precision,BOTH,mtf_4h_1h_15m_precision_rr2_0_long,实验B·4H趋势+1H确认+15M精确成交 RR2.0·多头组件,2.0,1.25,48,2026-05-10T11:00:00+00:00,2026-05-10T11:00:00+00:00,2026-05-10T15:50:00+00:00,1,80836.7,80591.55379295975,81326.99241408048,81326.79241408048,245.14620704024412,1.9991841603326543,0.3307485242622153,1.668435636070439,True,TARGET,58,196.1169656321953,25.75782809867316,63.03425201322625,20.78937833807353,12.695568301267672,0.7729115816627974,0.2397081759603943,1.3640003935322698,0.9011090573013182,4.350465026060614,1.242464472451239,0.3196685087110198,0.8627855856321162,0.0024260942226864758,19.0,2026-05,evaluation_2026_h1,False,PULLBACK_END,LOCAL_HIGH_BREAK,2026-05-10T09:00:00+00:00,2.086102029374068,0.5094918722503021,58,5
mtf_4h_1h_15m_precision_rr2_0,实验B·4H趋势+1H确认+15M精确成交 RR2.0,mtf_4h_1h_15m_precision,BOTH,mtf_4h_1h_15m_precision_rr2_0_long,实验B·4H趋势+1H确认+15M精确成交 RR2.0·多头组件,2.0,1.25,48,2026-05-11T12:30:00+00:00,2026-05-11T12:30:00+00:00,2026-05-11T13:40:00+00:00,1,81266.2,80788.34901816779,82221.90196366442,80788.1490181678,477.85098183221146,-1.0004185405232908,0.16956578010660045,-1.1699843206298912,False,STOP,14,382.28078546576916,18.22505675743187,53.92095366180025,23.916808562465622,23.907873569346005,0.3359517257912898,0.009307372442663525,0.43591733436051555,0.9824056301983368,5.847534286287481,-3.936405395794388,0.008030220107970496,0.44970402496733325,0.0047097997275468645,1.0,2026-05,evaluation_2026_h1,False,PULLBACK_END,LOCAL_HIGH_BREAK,2026-05-11T12:00:00+00:00,0.11258740077025474,1.1514049796243584,1,14
mtf_4h_1h_15m_precision_rr2_0,实验B·4H趋势+1H确认+15M精确成交 RR2.0,mtf_4h_1h_15m_precision,BOTH,mtf_4h_1h_15m_precision_rr2_0_long,实验B·4H趋势+1H确认+15M精确成交 RR2.0·多头组件,2.0,1.25,48,2026-05-11T16:15:00+00:00,2026-05-11T16:15:00+00:00,2026-05-12T01:35:00+00:00,1,81751.8,81201.97662517936,82851.44674964128,81201.77662517937,549.8233748206428,-1.000363753178118,0.14818720346178102,-1.148550956639899,False,STOP,112,439.85869985651425,15.771566005373057,57.94618795138587,20.84211126101486,24.04895761716698,0.2972966035147894,0.07882339129857192,1.0649407306029577,0.9508145363408391,5.082086589918992,-1.5700761347319272,0.10963355836389364,0.8452667608046079,0.005403443834735579,1.0,2026-05,evaluation_2026_h1,False,PULLBACK_END,LOCAL_HIGH_BREAK,2026-05-11T16:00:00+00:00,0.6312936406409028,1.2300313718393983,28,112
mtf_4h_1h_15m_precision_rr2_0,实验B·4H趋势+1H确认+15M精确成交 RR2.0,mtf_4h_1h_15m_precision,BOTH,mtf_4h_1h_15m_precision_rr2_0_short,实验B·4H趋势+1H确认+15M精确成交 RR2.0·空头组件,2.0,1.25,48,2026-05-14T10:45:00+00:00,2026-05-14T10:45:00+00:00,2026-05-14T13:20:00+00:00,-1,79419.7,79898.89029745241,78461.31940509517,79899.0902974524,479.1902974524146,-1.0004173707211073,0.16623749598485282,-1.1666548667059602,False,STOP,31,383.3522379619317,29.151780727405825,46.135024275989764,16.472023272632025,25.514293805454212,1.0540002771977068,-0.0011356562054732255,0.4452915609668378,0.810233918128672,4.181011198789889,-2.4349900975383143,-0.2972125091204033,0.24321174225284853,0.004816291470457677,1.0,2026-05,evaluation_2026_h1,False,PULLBACK_END,EMA9_REJECT,2026-05-14T10:00:00+00:00,0.48352398041407707,1.0901723235577094,13,31
mtf_4h_1h_15m_precision_rr2_0,实验B·4H趋势+1H确认+15M精确成交 RR2.0,mtf_4h_1h_15m_precision,BOTH,mtf_4h_1h_15m_precision_rr2_0_short,实验B·4H趋势+1H确认+15M精确成交 RR2.0·空头组件,2.0,1.25,48,2026-05-17T14:15:00+00:00,2026-05-17T14:15:00+00:00,2026-05-17T19:45:00+00:00,-1,78033.90000000001,78338.24168472439,77425.21663055125,78338.44168472438,304.34168472437864,-1.0006571561177315,0.2569026024587136,-1.257559758576445,False,STOP,66,243.47334777950292,31.0434983241503,45.90302459789502,21.510244663896575,21.92089836679765,1.6489824691670796,0.10080307271446749,1.1977204429628971,0.8199309324124295,3.6509129566207155,-6.397031805043689,-0.39117749735612634,0.18800511594840477,0.003114864041188549,0.0,2026-05,evaluation_2026_h1,False,PULLBACK_END,EMA9_REJECT,2026-05-17T14:00:00+00:00,0.7685440796972518,1.163494906459085,1,66
mtf_4h_1h_15m_precision_rr2_0,实验B·4H趋势+1H确认+15M精确成交 RR2.0,mtf_4h_1h_15m_precision,BOTH,mtf_4h_1h_15m_precision_rr2_0_short,实验B·4H趋势+1H确认+15M精确成交 RR2.0·空头组件,2.0,1.25,48,2026-05-18T01:30:00+00:00,2026-05-18T01:30:00+00:00,2026-05-18T11:45:00+00:00,-1,76856.0,77306.86452074515,75954.2709585097,77307.06452074515,450.86452074514636,-1.0004435922340227,0.17096384548728624,-1.1714074377213088,False,STOP,123,360.6916165961171,25.646311488820633,28.637817763619083,13.206999765266819,39.12505813010767,1.0101789969414683,-0.5039512086896784,2.9687061040049936,0.47948762333391276,5.262944611561672,3.4591253481310495,-0.36662032868962746,2.3285793580802965,0.004673642307048943,2.0,2026-05,evaluation_2026_h1,False,PULLBACK_END,LOCAL_LOW_BREAK,2026-05-17T23:00:00+00:00,0.7130745161953642,1.1511218472951603,57,123
mtf_4h_1h_15m_precision_rr2_0,实验B·4H趋势+1H确认+15M精确成交 RR2.0,mtf_4h_1h_15m_precision,BOTH,mtf_4h_1h_15m_precision_rr2_0_short,实验B·4H趋势+1H确认+15M精确成交 RR2.0·空头组件,2.0,1.25,48,2026-05-18T14:15:00+00:00,2026-05-18T14:15:00+00:00,2026-05-19T00:25:00+00:00,-1,76667.2,77191.97914506214,75617.64170987571,77192.17914506214,524.7791450621479,-1.0003811127059363,0.14659441080384497,-1.1469755235097814,False,STOP,122,419.8233160497183,32.18404683182024,40.715175381095186,20.394152148589725,29.98553020442291,1.2530530597139375,-0.045816510820359174,2.4643485746210163,0.7226599432713503,4.569779539764291,-4.967258836486259,-0.4851401622263711,0.9177584712289386,0.005458347193615184,15.0,2026-05,evaluation_2026_h1,False,PULLBACK_END,EMA9_REJECT,2026-05-18T14:00:00+00:00,1.2443329849220044,1.367051276237453,16,122
mtf_4h_1h_15m_precision_rr2_0,实验B·4H趋势+1H确认+15M精确成交 RR2.0,mtf_4h_1h_15m_precision,BOTH,mtf_4h_1h_15m_precision_rr2_0_short,实验B·4H趋势+1H确认+15M精确成交 RR2.0·空头组件,2.0,1.25,48,2026-05-19T11:45:00+00:00,2026-05-19T11:45:00+00:00,2026-05-20T05:15:00+00:00,-1,76618.5,77111.24722122747,75633.00555754505,77111.44722122747,492.74722122747244,-1.0004058876263164,0.15599270842996735,-1.1563985960562837,False,STOP,210,394.19777698197794,16.072802116298515,50.50448848158094,17.125114511875463,20.778415427416153,0.8419946191574283,0.006068627607126608,0.5662794064064811,0.1589108910891017,3.4764275194343908,-2.1682371149009576,-0.19539131395318018,0.19376779864343005,0.005119066057127877,0.0,2026-05,evaluation_2026_h1,False,PULLBACK_END,LOCAL_LOW_BREAK,2026-05-19T10:00:00+00:00,1.0378546605012935,1.2815901801067155,37,210
mtf_4h_1h_15m_precision_rr2_0,实验B·4H趋势+1H确认+15M精确成交 RR2.0,mtf_4h_1h_15m_precision,BOTH,mtf_4h_1h_15m_precision_rr2_0_short,实验B·4H趋势+1H确认+15M精确成交 RR2.0·空头组件,2.0,1.25,48,2026-05-22T18:45:00+00:00,2026-05-22T18:45:00+00:00,2026-05-22T19:35:00+00:00,-1,76549.90000000001,76949.3444064951,75751.0111870098,75751.2111870098,399.4444064951014,1.99949930454215,0.19064118649622092,1.808858118045929,True,TARGET,10,319.55552519608113,20.74140348746827,36.306942674779926,12.24145540843945,26.582019031190022,0.357091392229609,-0.45925329516242736,1.1902562354106145,0.9991570665917311,4.176738922542545,5.403164696951322,-0.3097198668191421,1.5581217004033436,0.004165516625880128,4.0,2026-05,evaluation_2026_h1,False,PULLBACK_END,LOCAL_LOW_BREAK,2026-05-22T15:00:00+00:00,2.2270933965648494,0.021029209230138995,10,3
mtf_4h_1h_15m_precision_rr2_0,实验B·4H趋势+1H确认+15M精确成交 RR2.0,mtf_4h_1h_15m_precision,BOTH,mtf_4h_1h_15m_precision_rr2_0_short,实验B·4H趋势+1H确认+15M精确成交 RR2.0·空头组件,2.0,1.25,48,2026-05-28T22:45:00+00:00,2026-05-28T22:45:00+00:00,2026-05-29T15:35:00+00:00,-1,73471.90000000001,74042.18852636464,72331.32294727075,74042.38852636464,570.2885263646336,-1.000350699673496,0.12933303205897423,-1.1296837317324704,False,STOP,202,456.2308210917069,41.493686100968006,49.50781613608304,14.373693855394748,23.52517379915539,1.7346907346394913,-0.031892136580999396,0.44957182353085273,0.2841095890410879,4.404130337341049,-2.7901098279569325,-0.5179468225069576,0.35111609757261747,0.006182299398366949,54.0,2026-05,evaluation_2026_h1,False,PULLBACK_END,LOCAL_LOW_BREAK,2026-05-28T20:00:00+00:00,1.8164489589216641,1.0487673736181313,189,202
mtf_4h_1h_15m_precision_rr2_0,实验B·4H趋势+1H确认+15M精确成交 RR2.0,mtf_4h_1h_15m_precision,BOTH,mtf_4h_1h_15m_precision_rr2_0_short,实验B·4H趋势+1H确认+15M精确成交 RR2.0·空头组件,2.0,1.25,48,2026-05-29T19:30:00+00:00,2026-05-29T19:30:00+00:00,2026-05-30T14:10:00+00:00,-1,73303.2,73923.29583902599,72063.00832194801,73923.49583902599,620.0958390259897,-1.0003225307886483,0.11871285579845292,-1.1190353865871012,False,STOP,224,496.07667122079175,25.386310125761405,45.66034490813501,19.9577880309818,31.751457773227564,0.7299215915631297,0.1362832631134687,1.829905975831637,0.7097201017811734,3.743574547518796,-3.8194982684528895,-0.19709591678993507,0.4316462199072461,0.006763790289745331,0.0,2026-05,evaluation_2026_h1,False,PULLBACK_END,EMA9_REJECT,2026-05-29T19:00:00+00:00,0.2791503975770691,1.0027482219146802,109,224
mtf_4h_1h_15m_precision_rr2_0,实验B·4H趋势+1H确认+15M精确成交 RR2.0,mtf_4h_1h_15m_precision,BOTH,mtf_4h_1h_15m_precision_rr2_0_short,实验B·4H趋势+1H确认+15M精确成交 RR2.0·空头组件,2.0,1.25,48,2026-06-01T06:15:00+00:00,2026-06-01T06:15:00+00:00,2026-06-01T12:00:00+00:00,-1,73259.2,73678.50241507876,72420.59516984248,72420.79516984247,419.3024150787618,1.9995230172953762,0.17371709526461698,1.8258059220307592,True,TARGET,69,335.4419320630094,22.94319259502619,41.56954440431133,12.32508118923217,24.94128716344729,0.23639293420890295,-0.17337779998807132,0.7283673248365632,0.8395721925133648,3.0076740668500634,1.2195624339470612,-0.14823472141944988,1.0404835404883646,0.004575071189288108,5.0,2026-06,evaluation_2026_h1,False,PULLBACK_END,LOCAL_LOW_BREAK,2026-06-01T05:00:00+00:00,2.554719365970699,0.09086520523104813,69,1
mtf_4h_1h_15m_precision_rr2_0,实验B·4H趋势+1H确认+15M精确成交 RR2.0,mtf_4h_1h_15m_precision,BOTH,mtf_4h_1h_15m_precision_rr2_0_short,实验B·4H趋势+1H确认+15M精确成交 RR2.0·空头组件,2.0,1.25,48,2026-06-04T17:30:00+00:00,2026-06-04T17:30:00+00:00,2026-06-05T14:00:00+00:00,-1,63204.4,64285.01598581398,61043.16802837204,61043.36802837204,1080.61598581398,1.99981492037632,0.05748932537527738,1.9423255950010427,True,TARGET,246,864.492788651184,51.434647289883415,42.626865147321226,16.22945205454946,28.83597204071469,1.867472692167783,-0.10736703384034038,0.41071831754435223,0.7602880658436214,5.187550502297471,-6.450990743618647,-0.6253279027388939,0.5726512670864485,0.013607759378353707,88.0,2026-06,evaluation_2026_h1,False,PULLBACK_END,EMA9_REJECT,2026-06-04T17:00:00+00:00,2.3260807104446224,0.8757967792667073,246,24
mtf_4h_1h_15m_precision_rr2_0,实验B·4H趋势+1H确认+15M精确成交 RR2.0,mtf_4h_1h_15m_precision,BOTH,mtf_4h_1h_15m_precision_rr2_0_short,实验B·4H趋势+1H确认+15M精确成交 RR2.0·空头组件,2.0,1.25,48,2026-06-06T02:15:00+00:00,2026-06-06T02:15:00+00:00,2026-06-07T05:20:00+00:00,-1,60848.8,62103.800549622094,58338.79890075582,62104.00054962209,1255.0005496220924,-1.0001593624800051,0.04898515804899282,-1.049144520528998,False,STOP,325,1004.000439697674,33.9827204205785,44.35856014775398,13.62129906528327,26.436182799278004,1.3175701150614645,-0.14282470156089067,0.21305771053478145,0.7409693644261611,4.576591621198517,-0.6916936331117114,-0.40475807132721603,0.47717883390956667,0.016452119105714223,121.0,2026-06,evaluation_2026_h1,False,PULLBACK_END,EMA9_REJECT,2026-06-06T00:00:00+00:00,1.113545329060467,1.0224696717355193,28,325
mtf_4h_1h_15m_precision_rr2_0,实验B·4H趋势+1H确认+15M精确成交 RR2.0,mtf_4h_1h_15m_precision,BOTH,mtf_4h_1h_15m_precision_rr2_0_short,实验B·4H趋势+1H确认+15M精确成交 RR2.0·空头组件,2.0,1.25,48,2026-06-09T23:00:00+00:00,2026-06-09T23:00:00+00:00,2026-06-10T13:45:00+00:00,-1,61687.700000000004,62309.956880447004,60443.186239106,62310.156880447,622.256880447002,-1.0003214106686145,0.09963558521954181,-1.0999569958881563,False,STOP,177,497.8055043576016,24.708674468371434,39.268317473403656,15.32337246486216,26.780250165725814,0.5535272412097303,-0.2554969437556115,0.3376601490853995,0.8166243654822268,5.514000901902816,-0.011005160513029466,-0.3456280758228943,1.0273543590358334,0.008069730001906394,8.0,2026-06,evaluation_2026_h1,False,PULLBACK_END,EMA9_REJECT,2026-06-09T22:00:00+00:00,1.6003037190760574,1.076243623885547,125,177
mtf_4h_1h_15m_precision_rr2_0,实验B·4H趋势+1H确认+15M精确成交 RR2.0,mtf_4h_1h_15m_precision,BOTH,mtf_4h_1h_15m_precision_rr2_0_short,实验B·4H趋势+1H确认+15M精确成交 RR2.0·空头组件,2.0,1.25,48,2026-06-10T21:15:00+00:00,2026-06-10T21:15:00+00:00,2026-06-11T01:40:00+00:00,-1,61519.0,62217.4244493077,60122.15110138461,62217.624449307696,698.4244493076949,-1.000286358818336,0.08858268390515266,-1.0888690427234886,False,STOP,53,558.7395594461559,20.215542987901394,48.3470572447966,17.97528178840208,16.607984616267128,0.3536605854104866,0.005152676803041094,0.37664060411737343,0.5458815028901768,3.844904058931272,-4.048822035818716,-0.0008447746820852485,0.1139083319191978,0.009045469562881651,0.0,2026-06,evaluation_2026_h1,False,PULLBACK_END,LOCAL_LOW_BREAK,2026-06-10T21:00:00+00:00,0.6448800588903427,1.06267757484105,14,53
mtf_4h_1h_15m_precision_rr2_0,实验B·4H趋势+1H确认+15M精确成交 RR2.0,mtf_4h_1h_15m_precision,BOTH,mtf_4h_1h_15m_precision_rr2_0_long,实验B·4H趋势+1H确认+15M精确成交 RR2.0·多头组件,2.0,1.25,48,2026-06-16T00:15:00+00:00,2026-06-16T00:15:00+00:00,2026-06-16T02:30:00+00:00,1,66351.09999999999,65889.24013414678,67274.81973170642,65889.04013414678,461.85986585321245,-1.000433031780384,0.14316045830249205,-1.1435934900828761,False,STOP,27,369.48789268256996,37.69326106519307,55.870339498370136,25.490624664915227,22.36984964339979,2.012379412271753,0.06808053218959832,0.37952779898164246,0.8007231820007755,5.039407344260809,-7.025417565886421,0.7137292061496535,0.25696555773947477,0.005574155177535041,27.0,2026-06,evaluation_2026_h1,False,PULLBACK_END,LOCAL_HIGH_BREAK,2026-06-16T00:00:00+00:00,0.16411904476691105,1.3642666241111512,6,27
mtf_4h_1h_15m_precision_rr2_0,实验B·4H趋势+1H确认+15M精确成交 RR2.0,mtf_4h_1h_15m_precision,BOTH,mtf_4h_1h_15m_precision_rr2_0_long,实验B·4H趋势+1H确认+15M精确成交 RR2.0·多头组件,2.0,1.25,48,2026-06-16T08:30:00+00:00,2026-06-16T08:30:00+00:00,2026-06-16T13:15:00+00:00,1,66519.09999999999,66042.32623180332,67472.64753639333,66042.12623180333,476.77376819666915,-1.0004194861658449,0.13901900133180337,-1.1394384874976482,False,STOP,57,381.41901455733534,25.542356024431573,54.8966968998931,23.635389311177242,19.776214485156462,1.3821942077735019,0.09989514597762582,0.5454060343782337,0.3094708759448336,4.321494044844516,-4.081517305280638,0.3216532448963216,0.4761152569516292,0.005749310231081437,1.0,2026-06,evaluation_2026_h1,False,PULLBACK_END,LOCAL_HIGH_BREAK,2026-06-16T07:00:00+00:00,0.9178357308858818,1.1516992683487728,6,57
mtf_4h_1h_15m_precision_rr2_0,实验B·4H趋势+1H确认+15M精确成交 RR2.0,mtf_4h_1h_15m_precision,BOTH,mtf_4h_1h_15m_precision_rr2_0_short,实验B·4H趋势+1H确认+15M精确成交 RR2.0·空头组件,2.0,1.25,48,2026-06-19T20:00:00+00:00,2026-06-19T20:00:00+00:00,2026-06-20T00:00:00+00:00,-1,63001.600000000006,63478.98689811734,62046.82620376533,63479.18689811734,477.38689811733644,-1.0004189474004959,0.13247199221105327,-1.1328909396115492,False,STOP,48,381.90951849386914,21.505842961165712,48.46952027282977,17.231747623089618,17.238154177801462,1.2778250107366527,0.08517639968418793,0.3396190678020917,0.5491412213740426,3.0716699720560587,-4.904817900925764,-0.2715666125863157,0.046187838964218526,0.006061873030716044,0.0,2026-06,evaluation_2026_h1,False,PULLBACK_END,EMA9_REJECT,2026-06-19T17:00:00+00:00,0.15794316998929503,1.3477537874151158,5,48
mtf_4h_1h_15m_precision_rr2_0,实验B·4H趋势+1H确认+15M精确成交 RR2.0,mtf_4h_1h_15m_precision,BOTH,mtf_4h_1h_15m_precision_rr2_0_short,实验B·4H趋势+1H确认+15M精确成交 RR2.0·空头组件,2.0,1.25,48,2026-06-24T03:15:00+00:00,2026-06-24T03:15:00+00:00,2026-06-24T05:40:00+00:00,-1,62555.700000000004,63007.30705267402,61652.48589465197,63007.50705267402,451.6070526740186,-1.00044286288004,0.13901820876046941,-1.1394610716405094,False,STOP,29,361.2856421392149,30.434069235321715,42.790513772760946,19.596173017803682,26.76039173995867,1.2887809013012128,0.04840084719946025,0.5740586066904273,0.9386982248520676,4.164018229709522,-4.413015475200389,-0.38206261477722503,0.46329007186798454,0.005771520530036341,0.0,2026-06,evaluation_2026_h1,False,PULLBACK_END,LOCAL_LOW_BREAK,2026-06-24T03:00:00+00:00,0.33856867180143124,1.1022857084548685,1,29
mtf_4h_1h_15m_precision_rr2_0,实验B·4H趋势+1H确认+15M精确成交 RR2.0,mtf_4h_1h_15m_precision,BOTH,mtf_4h_1h_15m_precision_rr2_0_short,实验B·4H趋势+1H确认+15M精确成交 RR2.0·空头组件,2.0,1.25,48,2026-06-24T07:45:00+00:00,2026-06-24T07:45:00+00:00,2026-06-24T11:50:00+00:00,-1,62668.5,63102.40140257764,61800.69719484472,63102.60140257764,433.9014025776407,-1.0004609342094994,0.1449305080087551,-1.1453914422182545,False,STOP,49,347.12112206211253,26.16155282963766,47.081880951379006,20.391436141075342,23.496587193856197,1.1432004074346869,0.014773398533154724,0.363822744101994,0.7095744680851142,3.3821047622389537,-3.6382582277345534,-0.315921512332681,0.02915303289698317,0.0055314052206868105,0.0,2026-06,evaluation_2026_h1,False,PULLBACK_END,EMA9_REJECT,2026-06-24T07:00:00+00:00,0.9135716032378373,1.2470575038143052,41,49
mtf_4h_1h_15m_precision_rr2_0,实验B·4H趋势+1H确认+15M精确成交 RR2.0,mtf_4h_1h_15m_precision,BOTH,mtf_4h_1h_15m_precision_rr2_0_short,实验B·4H趋势+1H确认+15M精确成交 RR2.0·空头组件,2.0,1.25,48,2026-06-24T13:15:00+00:00,2026-06-24T13:15:00+00:00,2026-06-24T14:15:00+00:00,-1,62012.4,62467.46019847364,61102.27960305273,61102.47960305273,455.06019847363496,1.9995604977085055,0.13527317925848628,1.8642873184500193,True,TARGET,12,364.048158778908,21.009134814270155,45.7131529604206,22.51746305803589,20.226596030932413,0.9279485403953058,-0.07650939983634501,1.3859601970284796,0.8835564536499158,3.1149724910123653,-2.482099680524975,-0.2953917500336203,0.34801401494669765,0.005816441396382907,6.0,2026-06,evaluation_2026_h1,False,PULLBACK_END,EMA9_REJECT,2026-06-24T13:00:00+00:00,2.054233710475039,0.42983324108784066,12,1
mtf_4h_1h_15m_precision_rr2_0,实验B·4H趋势+1H确认+15M精确成交 RR2.0,mtf_4h_1h_15m_precision,BOTH,mtf_4h_1h_15m_precision_rr2_0_short,实验B·4H趋势+1H确认+15M精确成交 RR2.0·空头组件,2.0,1.25,48,2026-06-25T03:45:00+00:00,2026-06-25T03:45:00+00:00,2026-06-25T05:05:00+00:00,-1,60718.3,61389.188174682,59376.523650636016,61389.388174682,670.888174681995,-1.0002981122749615,0.09100450178046571,-1.0913026140554272,False,STOP,16,536.710539745596,28.595550050835318,42.00155690606836,17.78617420389441,26.67995967452664,1.5878019689715361,-0.2121418529771966,0.32856751018318847,0.6301075268817309,7.731541851156741,-2.2431181147863057,-0.5526514166569148,0.6993361595522419,0.008832822164494233,20.0,2026-06,evaluation_2026_h1,False,PULLBACK_END,EMA9_REJECT,2026-06-25T01:00:00+00:00,0.004024515712002498,1.2698092352034671,1,16
mtf_4h_1h_15m_precision_rr2_0,实验B·4H趋势+1H确认+15M精确成交 RR2.0,mtf_4h_1h_15m_precision,BOTH,mtf_4h_1h_15m_precision_rr2_0_short,实验B·4H趋势+1H确认+15M精确成交 RR2.0·空头组件,2.0,1.25,48,2026-06-25T12:30:00+00:00,2026-06-25T12:30:00+00:00,2026-06-25T12:35:00+00:00,-1,61076.700000000004,61639.49255937067,59951.11488125867,61639.69255937067,562.7925593706674,-1.0003553707252653,0.10902453356579205,-1.1093799042910573,False,STOP,1,450.23404749653395,19.429065876626304,47.38555582692457,21.412597340362108,25.69773042553612,1.097104070666465,0.03746044209281655,1.0414601929787106,0.378938640132683,6.37690555826323,-3.0169423330581715,-0.1620598834713267,0.18367108837506818,0.007349775989117114,0.0,2026-06,evaluation_2026_h1,False,PULLBACK_END,LOCAL_LOW_BREAK,2026-06-25T11:00:00+00:00,0.0,1.1837398858736925,1,1
mtf_4h_1h_15m_precision_rr2_0,实验B·4H趋势+1H确认+15M精确成交 RR2.0,mtf_4h_1h_15m_precision,BOTH,mtf_4h_1h_15m_precision_rr2_0_short,实验B·4H趋势+1H确认+15M精确成交 RR2.0·空头组件,2.0,1.25,48,2026-06-26T01:15:00+00:00,2026-06-26T01:15:00+00:00,2026-06-26T06:45:00+00:00,-1,59573.8,60385.09274102494,57951.214517950124,60385.29274102494,811.2927410249401,-1.0002465201398743,0.07393083080558295,-1.0741773509454573,False,STOP,66,649.0341928199521,25.28722184460124,42.78061543806983,16.546635447827803,24.08761995336871,1.2892820344327978,-0.19708374771779366,0.2712261553697941,0.8901860634804863,6.010623235503709,-2.0412998428579066,-0.5188561058149442,0.7131438873151967,0.010882860193968833,13.0,2026-06,evaluation_2026_h1,False,PULLBACK_END,EMA9_REJECT,2026-06-26T01:00:00+00:00,1.5848779792798318,1.0304541846927486,22,66
mtf_4h_1h_15m_precision_rr2_0,实验B·4H趋势+1H确认+15M精确成交 RR2.0,mtf_4h_1h_15m_precision,BOTH,mtf_4h_1h_15m_precision_rr2_0_short,实验B·4H趋势+1H确认+15M精确成交 RR2.0·空头组件,2.0,1.25,48,2026-06-26T08:15:00+00:00,2026-06-26T08:15:00+00:00,2026-06-26T13:20:00+00:00,-1,60242.8,61111.9841722912,58504.431655417604,58504.6316554176,869.1841722912004,1.9997698991693882,0.06830970664272173,1.9314601925266666,True,TARGET,61,695.3473378329603,22.520895756679217,53.48861262805357,22.230551852039905,23.150364705765227,0.9680091125886495,0.13135437918587348,0.8998831082182508,0.5047777316161182,5.339633587397055,-3.1061083434945616,-0.30153325861607977,0.712921082415734,0.011495054435088862,0.0,2026-06,evaluation_2026_h1,False,PULLBACK_END,LOCAL_LOW_BREAK,2026-06-26T05:00:00+00:00,2.133955103106266,0.11804172610453927,61,3
mtf_4h_1h_15m_precision_rr2_0,实验B·4H趋势+1H确认+15M精确成交 RR2.0,mtf_4h_1h_15m_precision,BOTH,mtf_4h_1h_15m_precision_rr2_0_short,实验B·4H趋势+1H确认+15M精确成交 RR2.0·空头组件,2.0,1.25,48,2026-06-26T19:45:00+00:00,2026-06-26T19:45:00+00:00,2026-06-27T15:15:00+00:00,-1,59857.5,60773.39184022513,58025.71631954975,60773.591840225126,915.8918402251265,-1.0002183663956987,0.06585444183593445,-1.066072808231633,False,STOP,234,732.7134721801012,18.899452192240343,47.17126002698045,15.072268655981224,22.64554766319709,0.6681801569359513,0.006724320421611807,0.4344635295442101,0.8062295081967141,3.3382762742470393,-1.161982555728244,-0.15163633496042433,0.29132715053316643,0.012283771740637316,0.0,2026-06,evaluation_2026_h1,False,PULLBACK_END,EMA9_REJECT,2026-06-26T19:00:00+00:00,0.3291873415161021,1.1440215470665764,11,234
mtf_4h_1h_15m_precision_rr2_0,实验B·4H趋势+1H确认+15M精确成交 RR2.0,mtf_4h_1h_15m_precision,BOTH,mtf_4h_1h_15m_precision_rr2_0_short,实验B·4H趋势+1H确认+15M精确成交 RR2.0·空头组件,2.0,1.25,48,2026-06-28T05:15:00+00:00,2026-06-28T05:15:00+00:00,2026-06-28T08:40:00+00:00,-1,59990.0,60373.98777479212,59222.02445041575,60374.18777479212,383.9877747921231,-1.000520849915345,0.15672919253738335,-1.1572500424527283,False,STOP,41,307.1902198336985,9.956779100316743,46.24689022635608,16.99234554071131,19.330568899018825,0.16456610136068756,-0.11917294635753331,0.3843307955659224,0.6691884456671385,3.59679419676234,-1.4857569500841006,-0.14667341483108576,0.41952448062288,0.005110629346688691,7.0,2026-06,evaluation_2026_h1,False,PULLBACK_END,LOCAL_LOW_BREAK,2026-06-28T05:00:00+00:00,0.7166894835362408,1.4409312908452339,3,41
mtf_4h_1h_15m_precision_rr2_0,实验B·4H趋势+1H确认+15M精确成交 RR2.0,mtf_4h_1h_15m_precision,BOTH,mtf_4h_1h_15m_precision_rr2_0_short,实验B·4H趋势+1H确认+15M精确成交 RR2.0·空头组件,2.0,1.25,48,2026-06-28T13:30:00+00:00,2026-06-28T13:30:00+00:00,2026-06-28T19:50:00+00:00,-1,60097.4,60470.98456696503,59350.23086606994,59350.43086606994,373.58456696503,1.9994646459792966,0.15986719129815,1.8395974546811467,True,TARGET,76,298.867653572024,9.711039401096006,51.65451642626493,22.447873341953695,19.728413144113972,0.14755566313824975,0.03504838557104423,0.7081672785586819,0.6037873270211195,3.798336776938712,-1.484936403427863,-0.010130728093851245,0.18242551888140074,0.0049588129014770865,0.0,2026-06,evaluation_2026_h1,False,PULLBACK_END,EMA9_REJECT,2026-06-28T11:00:00+00:00,2.33628494637923,0.3509245605755186,76,10
mtf_4h_1h_15m_precision_rr2_0,实验B·4H趋势+1H确认+15M精确成交 RR2.0,mtf_4h_1h_15m_precision,BOTH,mtf_4h_1h_15m_precision_rr2_0_short,实验B·4H趋势+1H确认+15M精确成交 RR2.0·空头组件,2.0,1.25,48,2026-06-28T22:45:00+00:00,2026-06-28T22:45:00+00:00,2026-06-28T23:30:00+00:00,-1,59076.9,59485.45085988193,58259.79828023614,59485.65085988193,408.55085988193076,-1.0004895351341394,0.1451013356013324,-1.1455908707354718,False,STOP,9,326.8406879055446,19.163481954735452,34.900566075206086,12.351761001767361,29.004408309813304,0.6325377957190954,-0.400856145611824,1.2289300123002398,0.7507387083157496,4.034687383784672,4.988852528030716,-0.4438632502610991,1.3947397818388976,0.005500692346364906,8.0,2026-06,evaluation_2026_h1,False,PULLBACK_END,LOCAL_LOW_BREAK,2026-06-28T22:00:00+00:00,0.46236593420606836,1.1824721165428758,2,9
mtf_4h_1h_15m_precision_rr2_0,实验B·4H趋势+1H确认+15M精确成交 RR2.0,mtf_4h_1h_15m_precision,BOTH,mtf_4h_1h_15m_precision_rr2_0_short,实验B·4H趋势+1H确认+15M精确成交 RR2.0·空头组件,2.0,1.25,48,2026-06-29T11:45:00+00:00,2026-06-29T11:45:00+00:00,2026-06-29T12:05:00+00:00,-1,59830.200000000004,60361.22719635013,58768.14560729974,60361.42719635013,531.027196350131,-1.0003766285443942,0.11316899400111156,-1.1135456225455058,False,STOP,4,424.8217570801048,30.20911234375044,54.004927627524246,14.532330543872906,23.000190544512325,0.2501163470901692,0.08727233361762518,0.8316527930447198,0.8784206411258833,3.4720443937193934,0.09227691979388197,0.018411819385544807,0.4543096531777429,0.007073006691043062,0.0,2026-06,evaluation_2026_h1,False,PULLBACK_END,LOCAL_LOW_BREAK,2026-06-29T09:00:00+00:00,0.5227604196320129,1.0504170103412407,4,4
mtf_4h_1h_direct_rr2_0,实验A·4H趋势+1H回踩/突破直接成交 RR2.0,mtf_4h_1h_direct,BOTH,mtf_4h_1h_direct_rr2_0_long,实验A·4H趋势+1H回踩/突破直接成交 RR2.0·多头组件,2.0,1.25,48,2026-01-03T13:00:00+00:00,2026-01-03T13:00:00+00:00,2026-01-04T00:10:00+00:00,1,90002.09999999999,89492.32424595815,91021.65150808368,91021.45150808369,509.77575404184455,1.9996076706308445,0.17755213941895762,1.822055531211887,True,TARGET,134,407.82060323347565,20.46215009118171,57.28556825007044,20.148417891244637,18.563262981497953,1.0821986436629023,0.024407939221207396,0.6974752928948248,0.9483358171882698,4.413460197275941,-3.399190363623209,0.25577223999933474,0.5233461663741736,0.004531249410939288,1.0,2026-01,evaluation_2026_h1,False,PULLBACK_END,DIRECT_1H_CLOSE,2026-01-03T13:00:00+00:00,3.129807542531827,0.2659993122953836,134,41
mtf_4h_1h_direct_rr2_0,实验A·4H趋势+1H回踩/突破直接成交 RR2.0,mtf_4h_1h_direct,BOTH,mtf_4h_1h_direct_rr2_0_long,实验A·4H趋势+1H回踩/突破直接成交 RR2.0·多头组件,2.0,1.25,48,2026-01-04T15:00:00+00:00,2026-01-04T15:00:00+00:00,2026-01-04T19:10:00+00:00,1,91305.09999999999,90889.0305203171,92137.23895936577,90888.8305203171,416.06947968289376,-1.000480688946822,0.2189465214549932,-1.2194272104018153,False,STOP,50,332.855583746315,46.82419476258011,60.491057202689774,27.79970856274294,11.658756324183997,1.9035012866699133,0.19105930111732278,0.7271346863369434,0.738595220854461,5.428179932162564,-1.8707233933958705,0.7359314563976513,0.8114042049474034,0.0036455351157802423,27.0,2026-01,evaluation_2026_h1,False,PULLBACK_END,DIRECT_1H_CLOSE,2026-01-04T15:00:00+00:00,0.298748180459518,1.2377740381065474,14,50
mtf_4h_1h_direct_rr2_0,实验A·4H趋势+1H回踩/突破直接成交 RR2.0,mtf_4h_1h_direct,BOTH,mtf_4h_1h_direct_rr2_0_long,实验A·4H趋势+1H回踩/突破直接成交 RR2.0·多头组件,2.0,1.25,48,2026-01-04T21:00:00+00:00,2026-01-04T21:00:00+00:00,2026-01-05T00:05:00+00:00,1,91276.09999999999,90886.26554982156,92055.76890035685,92055.56890035686,389.83445017843076,1.999486961709243,0.23514041513832898,1.764346546570914,True,TARGET,37,311.8675601427446,38.30418566790882,58.25209818588719,23.331471443522283,18.335527501410674,1.744701855979873,0.07071198584032762,0.43063781733858314,0.8517857142856623,3.7964833516447576,-6.929221021868081,0.5693940488893701,0.49020811388812024,0.003416756889197966,33.0,2026-01,evaluation_2026_h1,False,PULLBACK_END,DIRECT_1H_CLOSE,2026-01-04T21:00:00+00:00,2.135265366154817,0.43454343227608094,37,16
mtf_4h_1h_direct_rr2_0,实验A·4H趋势+1H回踩/突破直接成交 RR2.0,mtf_4h_1h_direct,BOTH,mtf_4h_1h_direct_rr2_0_long,实验A·4H趋势+1H回踩/突破直接成交 RR2.0·多头组件,2.0,1.25,48,2026-01-05T15:00:00+00:00,2026-01-05T15:00:00+00:00,2026-01-05T20:30:00+00:00,1,93390.09999999999,92797.18200845092,94575.93598309813,94575.73598309813,592.9179915490691,1.9996626852231663,0.15850913504244907,1.8411535501807172,True,TARGET,66,474.3343932392553,35.492634212909486,70.2884800960606,31.750082533892293,15.10230150071227,1.75099374915089,0.41072584397429923,2.91386657276454,0.7967320772418116,5.4653426716463755,-1.9938564774527947,0.7737664878235605,2.0008207445082884,0.005079070491907648,51.0,2026-01,evaluation_2026_h1,False,PULLBACK_END,DIRECT_1H_CLOSE,2026-01-05T15:00:00+00:00,2.3109435360870063,0.4648197624766847,66,2
mtf_4h_1h_direct_rr2_0,实验A·4H趋势+1H回踩/突破直接成交 RR2.0,mtf_4h_1h_direct,BOTH,mtf_4h_1h_direct_rr2_0_long,实验A·4H趋势+1H回踩/突破直接成交 RR2.0·多头组件,2.0,1.25,48,2026-01-06T11:00:00+00:00,2026-01-06T11:00:00+00:00,2026-01-06T16:30:00+00:00,1,93536.59999999999,92992.28051974754,94625.23896050491,92992.08051974754,544.3194802524579,-1.0003674312738149,0.17134117672330476,-1.1717086079971197,False,STOP,66,435.4555842019663,26.65627020569292,53.76978233861507,22.5190639043404,17.81663734979035,1.62191185229643,-0.07172104650914089,0.40232448693513,0.6767522022213827,5.487126785568546,-4.718129001933786,0.41009508390728294,0.11783108137361908,0.00465547155705289,0.0,2026-01,evaluation_2026_h1,False,PULLBACK_END,DIRECT_1H_CLOSE,2026-01-06T11:00:00+00:00,1.614493017211898,1.412773247878837,41,66
mtf_4h_1h_direct_rr2_0,实验A·4H趋势+1H回踩/突破直接成交 RR2.0,mtf_4h_1h_direct,BOTH,mtf_4h_1h_direct_rr2_0_long,实验A·4H趋势+1H回踩/突破直接成交 RR2.0·多头组件,2.0,1.25,48,2026-01-07T00:00:00+00:00,2026-01-07T00:00:00+00:00,2026-01-07T00:55:00+00:00,1,93708.3,92886.8270212762,95351.2459574476,92886.6270212762,821.4729787237986,-1.0002434650988912,0.11357338089876141,-1.1138168459976525,False,STOP,11,657.1783829790389,22.3620543948247,56.9468168812234,27.949078993205507,20.4858423321051,0.3800876046771051,0.16138085263107882,0.4212079819673031,0.9236739974126885,4.879040581744552,-2.5456789902352703,-0.015077706918201554,0.8857579562588432,0.0070130445957553135,1.0,2026-01,evaluation_2026_h1,False,PULLBACK_END,DIRECT_1H_CLOSE,2026-01-07T00:00:00+00:00,0.0,1.0067281839078723,1,11
mtf_4h_1h_direct_rr2_0,实验A·4H趋势+1H回踩/突破直接成交 RR2.0,mtf_4h_1h_direct,BOTH,mtf_4h_1h_direct_rr2_0_long,实验A·4H趋势+1H回踩/突破直接成交 RR2.0·多头组件,2.0,1.25,48,2026-01-14T15:00:00+00:00,2026-01-14T15:00:00+00:00,2026-01-15T14:50:00+00:00,1,96449.2,95650.64075504038,98046.31848991923,95650.44075504038,798.5592449596172,-1.0002504510482564,0.12027889099496607,-1.1205293420432225,False,STOP,286,638.8473959676937,54.92666880128358,72.06646071638639,39.601637701918165,7.63400882026769,1.8698451450297517,0.4046173940240389,4.094701323126469,0.8196578402528053,5.830813467365799,0.0124311953887144,0.6981705073252431,2.5897363464034537,0.006623680867273831,35.0,2026-01,evaluation_2026_h1,False,PULLBACK_END,DIRECT_1H_CLOSE,2026-01-14T15:00:00+00:00,1.856969297343741,1.1260279129890598,63,286
mtf_4h_1h_direct_rr2_0,实验A·4H趋势+1H回踩/突破直接成交 RR2.0,mtf_4h_1h_direct,BOTH,mtf_4h_1h_direct_rr2_0_long,实验A·4H趋势+1H回踩/突破直接成交 RR2.0·多头组件,2.0,1.25,48,2026-01-15T16:00:00+00:00,2026-01-15T16:00:00+00:00,2026-01-15T18:45:00+00:00,1,96717.5,95862.24438676349,98428.01122647303,95862.04438676349,855.2556132365102,-1.0002338482167261,0.11258595758172944,-1.1128198057984555,False,STOP,33,684.2044905892081,29.37005796785907,54.79062519350252,15.878272328895365,21.18810987545579,1.3654163930862453,0.018920510094162308,3.9971126247954594,0.9190512838452412,3.4815614816392704,-3.3488023781319782,0.4302796044242914,0.35894677243225126,0.007074272033950577,10.0,2026-01,evaluation_2026_h1,False,PULLBACK_END,DIRECT_1H_CLOSE,2026-01-15T16:00:00+00:00,0.3859664817057691,1.1897028025919816,21,33
mtf_4h_1h_direct_rr2_0,实验A·4H趋势+1H回踩/突破直接成交 RR2.0,mtf_4h_1h_direct,BOTH,mtf_4h_1h_direct_rr2_0_short,实验A·4H趋势+1H回踩/突破直接成交 RR2.0·空头组件,2.0,1.25,48,2026-01-21T07:00:00+00:00,2026-01-21T07:00:00+00:00,2026-01-21T12:15:00+00:00,-1,89618.2,90349.88945612306,88154.82108775388,88155.02108775388,731.6894561230583,1.9997266599944505,0.12148133309840624,1.8782453268960444,True,TARGET,63,585.3515648984467,48.13967803526032,41.903679148834996,18.265576796333843,25.44182137980151,2.2274878250285575,-0.11280541742310418,0.5367724634766249,0.6417021276595869,6.197813788418618,-6.666276543883832,-0.8049412634008555,0.3812951163062795,0.006531600261759267,56.0,2026-01,evaluation_2026_h1,False,PULLBACK_END,DIRECT_1H_CLOSE,2026-01-21T07:00:00+00:00,2.061666991886097,0.15703383319040803,63,2
mtf_4h_1h_direct_rr2_0,实验A·4H趋势+1H回踩/突破直接成交 RR2.0,mtf_4h_1h_direct,BOTH,mtf_4h_1h_direct_rr2_0_short,实验A·4H趋势+1H回踩/突破直接成交 RR2.0·空头组件,2.0,1.25,48,2026-01-21T17:00:00+00:00,2026-01-21T17:00:00+00:00,2026-01-21T18:55:00+00:00,-1,87562.1,88562.76540729146,85560.7691854171,88562.96540729146,1000.665407291451,-1.0001998670070358,0.08800397421752473,-1.0882038412245605,False,STOP,23,800.5323258331607,35.989829629970686,33.778039537465844,20.873980761527317,36.54876640191288,1.4199766436486805,-0.08542148518657737,3.8047837165740113,0.9912060301507538,3.51303739929937,-5.357124086839761,-0.5098978377883479,2.177548683943148,0.0091424314554684,1.0,2026-01,evaluation_2026_h1,False,PULLBACK_END,DIRECT_1H_CLOSE,2026-01-21T17:00:00+00:00,0.3563628735455462,1.0701878891753145,3,23
mtf_4h_1h_direct_rr2_0,实验A·4H趋势+1H回踩/突破直接成交 RR2.0,mtf_4h_1h_direct,BOTH,mtf_4h_1h_direct_rr2_0_short,实验A·4H趋势+1H回踩/突破直接成交 RR2.0·空头组件,2.0,1.25,48,2026-01-22T00:00:00+00:00,2026-01-22T00:00:00+00:00,2026-01-23T17:30:00+00:00,-1,89411.2,90502.83752186925,87227.92495626149,90503.03752186925,1091.6375218692522,-1.0001832109981508,0.08240566759458547,-1.0825888785927362,False,STOP,498,873.3100174954017,25.5706047146897,48.9480430349568,25.130457264201315,26.294032332480835,0.8995537816743387,0.13251276834223383,0.7000886577612816,0.8930205949656751,3.886363298263518,-5.261495703630338,-0.151560473223232,0.014970124502529892,0.009767322930805263,0.0,2026-01,evaluation_2026_h1,False,PULLBACK_END,DIRECT_1H_CLOSE,2026-01-22T00:00:00+00:00,0.8662215992546726,1.4264808315983355,187,498
mtf_4h_1h_direct_rr2_0,实验A·4H趋势+1H回踩/突破直接成交 RR2.0,mtf_4h_1h_direct,BOTH,mtf_4h_1h_direct_rr2_0_short,实验A·4H趋势+1H回踩/突破直接成交 RR2.0·空头组件,2.0,1.25,48,2026-01-24T01:00:00+00:00,2026-01-24T01:00:00+00:00,2026-01-25T16:10:00+00:00,-1,89414.0,90120.37336685091,88001.25326629818,88001.45326629818,706.3733668509087,1.9997168636171985,0.12558192422885084,1.8741349393883477,True,TARGET,470,565.098693480727,17.4455651159034,47.43323852138722,16.373493121542218,22.574762075730444,0.14341471416644208,-0.04882518882098949,0.21518173155285303,0.8520481927710983,4.715990376096828,-0.5739664228538466,-0.06609926619167991,0.31538426623145854,0.006320010618903116,4.0,2026-01,evaluation_2026_h1,False,PULLBACK_END,DIRECT_1H_CLOSE,2026-01-24T01:00:00+00:00,2.143342417834326,0.6793857505407401,470,30
mtf_4h_1h_direct_rr2_0,实验A·4H趋势+1H回踩/突破直接成交 RR2.0,mtf_4h_1h_direct,BOTH,mtf_4h_1h_direct_rr2_0_short,实验A·4H趋势+1H回踩/突破直接成交 RR2.0·空头组件,2.0,1.25,48,2026-01-26T04:00:00+00:00,2026-01-26T04:00:00+00:00,2026-01-26T06:30:00+00:00,-1,87232.90000000001,87923.28503835647,85852.1299232871,87923.48503835646,690.3850383564545,-1.0002896934158299,0.12685412871586668,-1.1271438221316965,False,STOP,30,552.3080306851637,47.586250529363575,40.46378495158464,17.58636011894515,30.15538821483028,1.363264813315057,-0.1006969832178795,0.7182029231456949,0.6673711591611057,5.296681991697485,-6.265570012911944,-0.6324167039503747,0.6903031427522882,0.006331404371564963,44.0,2026-01,evaluation_2026_h1,False,PULLBACK_END,DIRECT_1H_CLOSE,2026-01-26T04:00:00+00:00,0.06460163173029002,1.0347848813478204,1,30
mtf_4h_1h_direct_rr2_0,实验A·4H趋势+1H回踩/突破直接成交 RR2.0,mtf_4h_1h_direct,BOTH,mtf_4h_1h_direct_rr2_0_short,实验A·4H趋势+1H回踩/突破直接成交 RR2.0·空头组件,2.0,1.25,48,2026-01-26T10:00:00+00:00,2026-01-26T10:00:00+00:00,2026-01-26T14:45:00+00:00,-1,87630.2,88272.28229822917,86346.03540354165,88272.48229822917,642.0822982291702,-1.0003114865501672,0.1369782991863813,-1.1372897857365485,False,STOP,57,513.6658385833362,34.462989287513786,46.40465814875552,20.366501220627537,24.165820869014947,1.057087049606999,0.08835238742870455,0.6652842866096758,0.8213851761846902,5.695142211652834,-6.825704095413563,-0.22675893602377276,0.15074829403957077,0.005861731072588236,0.0,2026-01,evaluation_2026_h1,False,PULLBACK_END,DIRECT_1H_CLOSE,2026-01-26T10:00:00+00:00,0.34107777243507675,1.354655006685072,55,57
mtf_4h_1h_direct_rr2_0,实验A·4H趋势+1H回踩/突破直接成交 RR2.0,mtf_4h_1h_direct,BOTH,mtf_4h_1h_direct_rr2_0_short,实验A·4H趋势+1H回踩/突破直接成交 RR2.0·空头组件,2.0,1.25,48,2026-01-26T21:00:00+00:00,2026-01-26T21:00:00+00:00,2026-01-26T23:30:00+00:00,-1,87595.1,88358.98297526783,86067.33404946433,88359.18297526783,763.8829752678323,-1.000261820208682,0.11517096772157728,-1.1154327879302592,False,STOP,30,611.1063802142659,24.195724823313718,46.305042574692266,22.15911702127912,16.71625683563169,0.5044486111601038,0.08708749007969607,0.5279724784838725,0.847728836889194,3.8796845799068973,-0.28259096018777896,-0.13519533519222954,0.32969408314484383,0.0069764745393219255,0.0,2026-01,evaluation_2026_h1,False,PULLBACK_END,DIRECT_1H_CLOSE,2026-01-26T21:00:00+00:00,0.0809024444854719,1.083935663980058,2,30
mtf_4h_1h_direct_rr2_0,实验A·4H趋势+1H回踩/突破直接成交 RR2.0,mtf_4h_1h_direct,BOTH,mtf_4h_1h_direct_rr2_0_short,实验A·4H趋势+1H回踩/突破直接成交 RR2.0·空头组件,2.0,1.25,48,2026-01-27T09:00:00+00:00,2026-01-27T09:00:00+00:00,2026-01-27T16:45:00+00:00,-1,88137.40000000001,88715.03173816486,86982.13652367031,88715.23173816486,577.6317381648499,-1.0003462413624251,0.15308424040205093,-1.153430481764476,False,STOP,93,462.10539053187995,27.672446451349515,49.62276404312071,22.11677499563041,14.955806980025146,0.014621992601635804,0.025241844813510935,0.4861107920960368,0.8100142045454585,4.378438428669268,-0.4620115740701429,0.10707316867326157,0.1387568489429736,0.0052430054237059135,0.0,2026-01,evaluation_2026_h1,False,PULLBACK_END,DIRECT_1H_CLOSE,2026-01-27T09:00:00+00:00,1.0515350176736016,1.1043368254428296,73,93
mtf_4h_1h_direct_rr2_0,实验A·4H趋势+1H回踩/突破直接成交 RR2.0,mtf_4h_1h_direct,BOTH,mtf_4h_1h_direct_rr2_0_short,实验A·4H趋势+1H回踩/突破直接成交 RR2.0·空头组件,2.0,1.25,48,2026-01-27T18:00:00+00:00,2026-01-27T18:00:00+00:00,2026-01-27T19:00:00+00:00,-1,87510.1,88193.892977916,86142.51404416801,88194.09297791599,683.7929779159963,-1.000292486185804,0.12847762309099142,-1.1287701092767954,False,STOP,12,547.034382332797,19.018812866522694,42.40776780806,22.538866364280576,20.81692004300123,0.15044909557544542,-0.01214753996554871,3.8413680637136833,0.8244356861340022,2.656688586561027,-0.9646590682607936,-0.08348465034248817,0.9684748610857226,0.006251078527041324,1.0,2026-01,evaluation_2026_h1,False,REBREAK,DIRECT_1H_CLOSE,2026-01-27T18:00:00+00:00,0.14097834156444267,1.4312811503019414,1,12
mtf_4h_1h_direct_rr2_0,实验A·4H趋势+1H回踩/突破直接成交 RR2.0,mtf_4h_1h_direct,BOTH,mtf_4h_1h_direct_rr2_0_short,实验A·4H趋势+1H回踩/突破直接成交 RR2.0·空头组件,2.0,1.25,48,2026-01-31T07:00:00+00:00,2026-01-31T07:00:00+00:00,2026-01-31T14:20:00+00:00,-1,83738.90000000001,84506.57539794005,82203.54920411993,82203.74920411993,767.675397940038,1.9997394732193667,0.10808126041905636,1.8916582128003103,True,TARGET,88,614.1403183520304,39.915859276779926,46.963987830810076,10.439636154490097,24.743263293924354,1.2682312896920018,0.03138339992207883,0.4204299160972352,0.6628696073679015,4.505485012651348,-0.7788539770511278,-0.2909341924298027,0.1391668881987689,0.007333973237735184,0.0,2026-01,evaluation_2026_h1,False,PULLBACK_END,DIRECT_1H_CLOSE,2026-01-31T07:00:00+00:00,2.003320679712771,0.027355311966928145,88,1
mtf_4h_1h_direct_rr2_0,实验A·4H趋势+1H回踩/突破直接成交 RR2.0,mtf_4h_1h_direct,BOTH,mtf_4h_1h_direct_rr2_0_short,实验A·4H趋势+1H回踩/突破直接成交 RR2.0·空头组件,2.0,1.25,48,2026-02-01T11:00:00+00:00,2026-02-01T11:00:00+00:00,2026-02-01T23:10:00+00:00,-1,78239.8,79289.97987429197,76139.44025141609,76139.64025141609,1050.1798742919577,1.9998095564341922,0.07350142772232249,1.9263081287118697,True,TARGET,146,840.1438994335663,59.8772235365866,33.91666842125289,10.185937733785888,31.605923585259955,2.2330346022742957,-0.26563750226808197,0.612565198348499,0.871961250228485,8.806467564649672,-2.180833532491718,-0.8415179344624147,1.1764891083629636,0.010738049248958222,28.0,2026-02,evaluation_2026_h1,False,PULLBACK_END,DIRECT_1H_CLOSE,2026-02-01T11:00:00+00:00,2.456436333575006,0.570092814246366,146,10
mtf_4h_1h_direct_rr2_0,实验A·4H趋势+1H回踩/突破直接成交 RR2.0,mtf_4h_1h_direct,BOTH,mtf_4h_1h_direct_rr2_0_short,实验A·4H趋势+1H回踩/突破直接成交 RR2.0·空头组件,2.0,1.25,48,2026-02-02T03:00:00+00:00,2026-02-02T03:00:00+00:00,2026-02-02T09:50:00+00:00,-1,76446.90000000001,77754.2695190846,73832.16096183083,77754.4695190846,1307.3695190845867,-1.000152978937539,0.05897390419009294,-1.059126883127632,False,STOP,82,1045.8956152676694,50.69919737816176,35.13821675332544,11.343380431215527,23.199276003752736,1.5883605281456163,-0.19059619851340315,0.9210696191192006,0.9611831586427456,3.394220176639206,-4.431915288866122,-0.607666478855021,1.21541647752498,0.013681280874481595,44.0,2026-02,evaluation_2026_h1,False,PULLBACK_END,DIRECT_1H_CLOSE,2026-02-02T03:00:00+00:00,1.447104259647041,1.0171569556945976,9,82
mtf_4h_1h_direct_rr2_0,实验A·4H趋势+1H回踩/突破直接成交 RR2.0,mtf_4h_1h_direct,BOTH,mtf_4h_1h_direct_rr2_0_short,实验A·4H趋势+1H回踩/突破直接成交 RR2.0·空头组件,2.0,1.25,48,2026-02-03T03:00:00+00:00,2026-02-03T03:00:00+00:00,2026-02-03T04:00:00+00:00,-1,77774.6,78809.97826692347,75703.84346615308,78810.17826692347,1035.3782669234638,-1.000193166117531,0.07561718420659992,-1.075810350324131,False,STOP,12,828.3026135387711,18.512198384307798,46.39086552105324,15.113204673108497,21.482538289441223,0.39586576511048,0.14491952845483377,0.8266555247339052,0.9799983738515281,5.325227673923703,-2.3430152867716743,0.024166170785874998,0.525468373854672,0.010650012774558997,0.0,2026-02,evaluation_2026_h1,False,REBREAK,DIRECT_1H_CLOSE,2026-02-03T03:00:00+00:00,0.2009893452934422,1.0627033956096392,1,12
mtf_4h_1h_direct_rr2_0,实验A·4H趋势+1H回踩/突破直接成交 RR2.0,mtf_4h_1h_direct,BOTH,mtf_4h_1h_direct_rr2_0_short,实验A·4H趋势+1H回踩/突破直接成交 RR2.0·空头组件,2.0,1.25,48,2026-02-03T06:00:00+00:00,2026-02-03T06:00:00+00:00,2026-02-03T17:10:00+00:00,-1,78202.6,79229.63063135235,76148.53873729531,76148.73873729531,1027.0306313523492,1.9998052638413149,0.07514446698344925,1.9246607968578655,True,TARGET,134,821.6245050818794,19.00128452613779,49.723627226313006,12.949582114463565,20.87033755394831,0.29609644909707744,0.10512933833402134,0.4604044261599817,0.967731035647928,3.2862943878857727,0.48908614182999344,0.008428848060458937,0.11382774904548064,0.010506317605637125,0.0,2026-02,evaluation_2026_h1,False,PULLBACK_END,DIRECT_1H_CLOSE,2026-02-03T06:00:00+00:00,2.0879610934061006,0.8241234235491998,134,32
mtf_4h_1h_direct_rr2_0,实验A·4H趋势+1H回踩/突破直接成交 RR2.0,mtf_4h_1h_direct,BOTH,mtf_4h_1h_direct_rr2_0_short,实验A·4H趋势+1H回踩/突破直接成交 RR2.0·空头组件,2.0,1.25,48,2026-02-04T05:00:00+00:00,2026-02-04T05:00:00+00:00,2026-02-04T15:05:00+00:00,-1,76447.8,77688.65428269243,73966.09143461514,73966.29143461514,1240.854282692429,1.9998388207199007,0.060609087437827024,1.9392297332820736,True,TARGET,121,992.6834261539433,33.680348271627786,48.01453518500027,16.8157357634853,25.46908094053471,0.8323098113372788,-0.06317741860080849,0.18825836841785204,0.851755833136941,6.205200809955654,-2.697502698764751,-0.3217639180922642,0.09390554923354191,0.012985080396530234,19.0,2026-02,evaluation_2026_h1,False,PULLBACK_END,DIRECT_1H_CLOSE,2026-02-04T05:00:00+00:00,2.1344972064350887,0.252406752644968,121,22
mtf_4h_1h_direct_rr2_0,实验A·4H趋势+1H回踩/突破直接成交 RR2.0,mtf_4h_1h_direct,BOTH,mtf_4h_1h_direct_rr2_0_short,实验A·4H趋势+1H回踩/突破直接成交 RR2.0·空头组件,2.0,1.25,48,2026-02-06T07:00:00+00:00,2026-02-06T07:00:00+00:00,2026-02-06T13:20:00+00:00,-1,64947.4,67134.75357567186,60572.69284865628,67134.95357567185,2187.353575671859,-1.0000914346917746,0.030192273221100515,-1.030283707912875,False,STOP,76,1749.8828605374872,53.98173201479981,40.8568680703729,16.20374248515906,26.67835978156594,1.8621972454904452,-0.1668513505446459,0.6485294641297809,0.92696571545884,6.796626373234436,-5.537781667771945,-0.6704928885306322,0.731435665141836,0.026942994976527034,46.0,2026-02,evaluation_2026_h1,False,PULLBACK_END,DIRECT_1H_CLOSE,2026-02-06T07:00:00+00:00,0.23247270384432986,1.0325719742434671,13,76
mtf_4h_1h_direct_rr2_0,实验A·4H趋势+1H回踩/突破直接成交 RR2.0,mtf_4h_1h_direct,BOTH,mtf_4h_1h_direct_rr2_0_short,实验A·4H趋势+1H回踩/突破直接成交 RR2.0·空头组件,2.0,1.25,48,2026-02-07T08:00:00+00:00,2026-02-07T08:00:00+00:00,2026-02-07T12:20:00+00:00,-1,68050.3,69658.92554258487,64833.048914830266,69659.12554258486,1608.625542584868,-1.0001243297428142,0.042803443653301174,-1.0429277733961153,False,STOP,52,1286.9004340678944,31.233272806138572,44.356093849669904,22.846999450905233,27.00220061154943,0.02453443690450579,-0.10298770183666266,2.5608392579042856,0.5552777777777778,4.648611377874766,-4.075504539939921,0.09150077443105091,0.9548826415487944,0.018910962212884467,1.0,2026-02,evaluation_2026_h1,False,PULLBACK_END,DIRECT_1H_CLOSE,2026-02-07T08:00:00+00:00,0.3108865219163468,1.2120284978610145,34,52
mtf_4h_1h_direct_rr2_0,实验A·4H趋势+1H回踩/突破直接成交 RR2.0,mtf_4h_1h_direct,BOTH,mtf_4h_1h_direct_rr2_0_short,实验A·4H趋势+1H回踩/突破直接成交 RR2.0·空头组件,2.0,1.25,48,2026-02-07T15:00:00+00:00,2026-02-07T15:00:00+00:00,2026-02-08T08:25:00+00:00,-1,68615.6,70061.3537767815,65724.09244643702,70061.5537767815,1445.7537767814918,-1.000138336142164,0.0479601561496529,-1.048098492291817,False,STOP,209,1156.6030214251934,22.811530758319204,48.51126691763616,25.078560568507854,22.259029439647616,0.18986895806430404,-0.0025767860810681294,0.5954111002428,0.6231934327667981,3.8599242067506063,-3.0611743366581976,-0.14952675850518085,0.23261068428013032,0.01685619545069282,8.0,2026-02,evaluation_2026_h1,False,PULLBACK_END,DIRECT_1H_CLOSE,2026-02-07T15:00:00+00:00,0.09510609773823296,1.048795461821684,28,209
mtf_4h_1h_direct_rr2_0,实验A·4H趋势+1H回踩/突破直接成交 RR2.0,mtf_4h_1h_direct,BOTH,mtf_4h_1h_direct_rr2_0_short,实验A·4H趋势+1H回踩/突破直接成交 RR2.0·空头组件,2.0,1.25,48,2026-02-10T06:00:00+00:00,2026-02-10T06:00:00+00:00,2026-02-11T04:30:00+00:00,-1,69415.2,70353.7761548397,67538.04769032061,67538.24769032061,938.5761548396936,1.9997869112708966,0.07295809028608441,1.9268288209848121,True,TARGET,270,750.8609238717548,16.585554404135443,43.95534706004039,13.390725117182438,23.82955659073384,0.010670240693625082,-0.19949860062473174,0.6247095435412149,0.6286576168929154,3.7467657598872566,2.0222933438597828,-0.0640355877546689,0.7633282345247348,0.010816936955854903,1.0,2026-02,evaluation_2026_h1,False,PULLBACK_END,DIRECT_1H_CLOSE,2026-02-10T06:00:00+00:00,2.040537669878379,0.5782162664176024,270,141
mtf_4h_1h_direct_rr2_0,实验A·4H趋势+1H回踩/突破直接成交 RR2.0,mtf_4h_1h_direct,BOTH,mtf_4h_1h_direct_rr2_0_short,实验A·4H趋势+1H回踩/突破直接成交 RR2.0·空头组件,2.0,1.25,48,2026-02-12T00:00:00+00:00,2026-02-12T00:00:00+00:00,2026-02-12T11:05:00+00:00,-1,67054.6,68078.71691693543,65006.36616612916,68078.91691693543,1024.1169169354212,-1.0001952902024114,0.06597562967776692,-1.0661709198801783,False,STOP,133,819.2935335483369,24.130564536547897,44.705074170359396,23.345099023138566,18.425210957307794,0.8906062298705216,0.015790035602951502,0.6142865777686591,0.6149358226371077,3.7869211374862606,-0.5009251577875524,-0.21818305747216227,0.3582362539892397,0.01221834113120596,0.0,2026-02,evaluation_2026_h1,False,PULLBACK_END,DIRECT_1H_CLOSE,2026-02-12T00:00:00+00:00,0.4048365895962928,1.0119938288895072,64,133
mtf_4h_1h_direct_rr2_0,实验A·4H趋势+1H回踩/突破直接成交 RR2.0,mtf_4h_1h_direct,BOTH,mtf_4h_1h_direct_rr2_0_short,实验A·4H趋势+1H回踩/突破直接成交 RR2.0·空头组件,2.0,1.25,48,2026-02-12T16:00:00+00:00,2026-02-12T16:00:00+00:00,2026-02-12T18:00:00+00:00,-1,67106.8,67967.4749567243,65385.450086551406,65385.6500865514,860.6749567243,1.9997676242367257,0.0769700855424057,1.92279753869432,True,TARGET,24,688.53996537944,17.20762052840373,45.02508655225961,20.060159392034624,18.023135030966355,0.4381012694309744,0.05722611089879567,2.781088878033377,0.8528976206930586,2.5343481682118,0.2067744249795922,-0.009782569056187043,0.5873554368555755,0.010260330001034766,0.0,2026-02,evaluation_2026_h1,False,PULLBACK_END,DIRECT_1H_CLOSE,2026-02-12T16:00:00+00:00,2.0755803175672494,0.13373225176442685,24,1
mtf_4h_1h_direct_rr2_0,实验A·4H趋势+1H回踩/突破直接成交 RR2.0,mtf_4h_1h_direct,BOTH,mtf_4h_1h_direct_rr2_0_short,实验A·4H趋势+1H回踩/突破直接成交 RR2.0·空头组件,2.0,1.25,48,2026-02-13T01:00:00+00:00,2026-02-13T01:00:00+00:00,2026-02-13T09:15:00+00:00,-1,65881.3,66783.61320678046,64076.673586439094,66783.81320678045,902.3132067804534,-1.0002216525243068,0.07351389307496854,-1.0737355455992754,False,STOP,99,721.8505654243627,18.482394840600442,41.07390504569405,17.12457133791843,22.73033362397735,0.9534270054089514,-0.1959231026709478,0.6460136152086451,0.928517682468021,4.577124626975444,-2.028481767279647,-0.4890904331280118,0.8845844621278508,0.010956818850606738,9.0,2026-02,evaluation_2026_h1,False,PULLBACK_END,DIRECT_1H_CLOSE,2026-02-13T01:00:00+00:00,0.0,1.0566175833797489,1,99
mtf_4h_1h_direct_rr2_0,实验A·4H趋势+1H回踩/突破直接成交 RR2.0,mtf_4h_1h_direct,BOTH,mtf_4h_1h_direct_rr2_0_short,实验A·4H趋势+1H回踩/突破直接成交 RR2.0·空头组件,2.0,1.25,48,2026-02-23T12:00:00+00:00,2026-02-23T12:00:00+00:00,2026-02-23T17:20:00+00:00,-1,66170.6,66772.49424172618,64966.81151654765,64967.011516547645,601.8942417261774,1.9996677157112839,0.10893741991986584,1.890730295791418,True,TARGET,64,481.51539338094193,31.131617767043544,45.78986169879901,24.130020319955463,30.62500339170164,1.3564352126819408,-0.015833062504851135,0.6017406572301255,0.7476899383983536,7.408278217136608,-4.909780239246892,-0.5155923722606383,0.2555589529044817,0.00727685615680847,19.0,2026-02,evaluation_2026_h1,False,PULLBACK_END,DIRECT_1H_CLOSE,2026-02-23T12:00:00+00:00,2.3602153028177435,0.5306580090947279,64,9
mtf_4h_1h_direct_rr2_0,实验A·4H趋势+1H回踩/突破直接成交 RR2.0,mtf_4h_1h_direct,BOTH,mtf_4h_1h_direct_rr2_0_short,实验A·4H趋势+1H回踩/突破直接成交 RR2.0·空头组件,2.0,1.25,48,2026-02-28T07:00:00+00:00,2026-02-28T07:00:00+00:00,2026-02-28T07:40:00+00:00,-1,63173.600000000006,63920.603987091425,61679.59202581717,63920.80398709142,747.0039870914178,-1.0002677361880983,0.08506942813113641,-1.0853371643192347,False,STOP,8,597.6031896731342,30.833111554662946,20.96451512572368,9.087428921749932,47.66311162466268,0.9936928949350445,-0.5842042512635366,5.2291807556804875,0.9247045146289468,4.192414035424339,3.6401013423506683,-0.47368801191045506,4.230416258716433,0.009459668243372002,17.0,2026-02,evaluation_2026_h1,False,PULLBACK_END,DIRECT_1H_CLOSE,2026-02-28T07:00:00+00:00,0.2575622129530387,1.5061499261613744,1,8
mtf_4h_1h_direct_rr2_0,实验A·4H趋势+1H回踩/突破直接成交 RR2.0,mtf_4h_1h_direct,BOTH,mtf_4h_1h_direct_rr2_0_short,实验A·4H趋势+1H回踩/突破直接成交 RR2.0·空头组件,2.0,1.25,48,2026-02-28T15:00:00+00:00,2026-02-28T15:00:00+00:00,2026-02-28T18:00:00+00:00,-1,64402.3,65261.06238187786,62684.77523624429,65261.26238187786,858.7623818778565,-1.0002328932941411,0.07549443543296716,-1.0757273287271083,False,STOP,36,687.0099055022852,36.474642718186914,43.48558983359515,20.181119223047247,22.91684525854053,1.2554219448149053,-0.16275808583957105,2.510962270433596,0.8512539899680815,4.388874128089217,-3.8415087952232128,-0.5974123442476434,0.6025470459318398,0.010667458130477826,25.0,2026-02,evaluation_2026_h1,False,PULLBACK_END,DIRECT_1H_CLOSE,2026-02-28T15:00:00+00:00,0.2637516556148073,1.3729059689618444,3,36
mtf_4h_1h_direct_rr2_0,实验A·4H趋势+1H回踩/突破直接成交 RR2.0,mtf_4h_1h_direct,BOTH,mtf_4h_1h_direct_rr2_0_long,实验A·4H趋势+1H回踩/突破直接成交 RR2.0·多头组件,2.0,1.25,48,2026-03-05T09:00:00+00:00,2026-03-05T09:00:00+00:00,2026-03-05T15:30:00+00:00,1,72307.8,71363.05408494413,74197.29183011175,71362.85408494413,944.7459150558707,-1.0002116971312718,0.07603666329504463,-1.0762483604263164,False,STOP,78,755.7967320446966,32.99437851026824,56.10394212687825,20.969535665128312,15.172090729838692,1.8631369772699147,0.05701942893209584,0.6408513087314831,0.9480519480519571,4.613409733285006,-3.4958614156359573,0.5948502685419116,0.2022313949838515,0.010452521340007088,27.0,2026-03,evaluation_2026_h1,False,PULLBACK_END,DIRECT_1H_CLOSE,2026-03-05T09:00:00+00:00,1.3033133886873551,1.1479276943323586,24,78
mtf_4h_1h_direct_rr2_0,实验A·4H趋势+1H回踩/突破直接成交 RR2.0,mtf_4h_1h_direct,BOTH,mtf_4h_1h_direct_rr2_0_short,实验A·4H趋势+1H回踩/突破直接成交 RR2.0·空头组件,2.0,1.25,48,2026-03-08T13:00:00+00:00,2026-03-08T13:00:00+00:00,2026-03-08T22:05:00+00:00,-1,67285.8,67829.00672696359,66199.38654607283,66199.58654607282,543.2067269635895,1.999631816047055,0.12286794319745253,1.8767638728496023,True,TARGET,109,434.5653815708716,43.376356019127456,44.912981877010374,16.918122731455643,29.200701138385924,1.423367733080267,0.07582373080022926,2.0467145173356545,0.43669819878191174,3.828192650750059,-7.463367601620639,-0.3373432950614832,0.3427617308425279,0.006458481431068448,0.0,2026-03,evaluation_2026_h1,False,PULLBACK_END,DIRECT_1H_CLOSE,2026-03-08T13:00:00+00:00,2.967562660740117,0.38769770245151536,109,92
mtf_4h_1h_direct_rr2_0,实验A·4H趋势+1H回踩/突破直接成交 RR2.0,mtf_4h_1h_direct,BOTH,mtf_4h_1h_direct_rr2_0_long,实验A·4H趋势+1H回踩/突破直接成交 RR2.0·多头组件,2.0,1.25,48,2026-03-10T15:00:00+00:00,2026-03-10T15:00:00+00:00,2026-03-10T18:15:00+00:00,1,71435.9,70452.62729250881,73402.44541498234,70452.42729250882,983.2727074911763,-1.0002034023709585,0.07215105545568194,-1.0723544578266404,False,STOP,39,786.618165992941,43.987991064991256,66.16952636763762,26.357926831552167,12.147762219811286,1.155660534800585,0.31853341547997166,3.2123637442398767,0.9722690164571737,3.905706901800128,-1.8042577772810944,0.5790632467683936,1.927655283044079,0.011011555370675183,25.0,2026-03,evaluation_2026_h1,False,PULLBACK_END,DIRECT_1H_CLOSE,2026-03-10T15:00:00+00:00,0.31751110106227903,1.1361039429745545,2,39
mtf_4h_1h_direct_rr2_0,实验A·4H趋势+1H回踩/突破直接成交 RR2.0,mtf_4h_1h_direct,BOTH,mtf_4h_1h_direct_rr2_0_long,实验A·4H趋势+1H回踩/突破直接成交 RR2.0·多头组件,2.0,1.25,48,2026-03-10T21:00:00+00:00,2026-03-10T21:00:00+00:00,2026-03-11T12:00:00+00:00,1,70193.09999999999,69232.89654586646,72113.50690826705,69232.69654586646,960.2034541335317,-1.0002082891903117,0.07260221567921847,-1.0728105048695302,False,STOP,180,768.1627633068254,34.92973133245132,52.560544262991534,19.475302170873032,17.545606103924115,1.0991631880768216,-0.05421615691128999,0.3681053993094869,0.6645909991508523,4.430180897275171,-7.311575965532306,0.42879572072901373,0.011548459032602654,0.010943596336763768,0.0,2026-03,evaluation_2026_h1,False,PULLBACK_END,DIRECT_1H_CLOSE,2026-03-10T21:00:00+00:00,0.18985559697294233,1.14048746157468,2,180
mtf_4h_1h_direct_rr2_0,实验A·4H趋势+1H回踩/突破直接成交 RR2.0,mtf_4h_1h_direct,BOTH,mtf_4h_1h_direct_rr2_0_long,实验A·4H趋势+1H回踩/突破直接成交 RR2.0·多头组件,2.0,1.25,48,2026-03-15T03:00:00+00:00,2026-03-15T03:00:00+00:00,2026-03-15T22:05:00+00:00,1,71404.5,70984.91929541218,72243.66140917565,72243.46140917565,419.58070458782265,1.9995233336571334,0.17118037106864697,1.8283429625884864,True,TARGET,229,335.66456367025813,17.345495453028278,62.06301135863069,31.617198546045863,14.732856396345184,0.09317998642104941,0.25813723036907427,2.7210329187920403,0.6941010796432442,2.877575128689638,1.4137233988809168,0.12974901452734489,1.582722946190149,0.004700894674141344,1.0,2026-03,evaluation_2026_h1,False,PULLBACK_END,DIRECT_1H_CLOSE,2026-03-15T03:00:00+00:00,2.0866069159687695,0.5677096143732209,229,7
mtf_4h_1h_direct_rr2_0,实验A·4H趋势+1H回踩/突破直接成交 RR2.0,mtf_4h_1h_direct,BOTH,mtf_4h_1h_direct_rr2_0_long,实验A·4H趋势+1H回踩/突破直接成交 RR2.0·多头组件,2.0,1.25,48,2026-03-17T08:00:00+00:00,2026-03-17T08:00:00+00:00,2026-03-17T13:55:00+00:00,1,74213.0,73389.03619153121,75860.92761693757,73388.83619153121,823.9638084687854,-1.0002427291076943,0.08956815498111947,-1.0898108840888137,False,STOP,71,659.1710467750283,31.32250706335225,53.39902347921885,22.18087192382953,17.439213526116916,1.2769853854099262,-0.04286414802035195,0.3931956946844464,0.47868515665125055,4.661157396144901,-5.52033107845244,0.4071784449450459,0.060885955591025935,0.008882186563418774,0.0,2026-03,evaluation_2026_h1,False,PULLBACK_END,DIRECT_1H_CLOSE,2026-03-17T08:00:00+00:00,0.24940415815336756,1.0712849167979408,1,71
mtf_4h_1h_direct_rr2_0,实验A·4H趋势+1H回踩/突破直接成交 RR2.0,mtf_4h_1h_direct,BOTH,mtf_4h_1h_direct_rr2_0_long,实验A·4H趋势+1H回踩/突破直接成交 RR2.0·多头组件,2.0,1.25,48,2026-03-17T15:00:00+00:00,2026-03-17T15:00:00+00:00,2026-03-18T00:40:00+00:00,1,74340.4,73527.87835167458,75965.44329665083,73527.67835167458,812.5216483254194,-1.0002461472877786,0.09099331608974719,-1.0912394633775258,False,STOP,116,650.0173186603355,20.580678892936184,55.28190090112279,18.549608058725937,18.096451866231135,0.8759690531237997,-0.07713002985525591,1.1627305768492968,0.9521521521521492,4.105429076105063,-4.232946785694878,0.16857623752344206,0.4588932809352048,0.008743819880230824,0.0,2026-03,evaluation_2026_h1,False,PULLBACK_END,DIRECT_1H_CLOSE,2026-03-17T15:00:00+00:00,0.6348138551914893,1.0400953645256281,1,116
mtf_4h_1h_direct_rr2_0,实验A·4H趋势+1H回踩/突破直接成交 RR2.0,mtf_4h_1h_direct,BOTH,mtf_4h_1h_direct_rr2_0_long,实验A·4H趋势+1H回踩/突破直接成交 RR2.0·多头组件,2.0,1.25,48,2026-03-18T03:00:00+00:00,2026-03-18T03:00:00+00:00,2026-03-18T11:30:00+00:00,1,74300.09999999999,73581.17017477086,75737.95965045827,73580.97017477086,718.9298252291389,-1.0002781912684289,0.10284805622554179,-1.1031262474939707,False,STOP,102,575.1438601833112,16.276795581264278,52.80224043738694,20.236709027965805,17.766549797597712,0.7010668206186023,-0.06098291421600818,0.45261847809156003,0.6870717222476037,2.653075353205815,-2.683938151226137,0.18142034296173548,0.2289979040889966,0.007740832573126665,0.0,2026-03,evaluation_2026_h1,False,PULLBACK_END,DIRECT_1H_CLOSE,2026-03-18T03:00:00+00:00,0.4630493663187587,1.1138778388346255,8,102
mtf_4h_1h_direct_rr2_0,实验A·4H趋势+1H回踩/突破直接成交 RR2.0,mtf_4h_1h_direct,BOTH,mtf_4h_1h_direct_rr2_0_short,实验A·4H趋势+1H回踩/突破直接成交 RR2.0·空头组件,2.0,1.25,48,2026-03-20T12:00:00+00:00,2026-03-20T12:00:00+00:00,2026-03-21T23:55:00+00:00,-1,70439.8,71120.81711715202,69077.76576569598,69077.96576569598,681.0171171520136,1.9997063216254594,0.10243337667425578,1.8972729449512036,True,TARGET,431,544.8136937216109,19.861843069149966,48.294669663829964,20.956284832913184,21.07889748481734,0.8520495575593405,0.023050025240123125,0.8951548099013998,0.6621989121989255,4.757956765537102,-4.434060392662445,-0.15491954386311418,0.07809076087926585,0.007734447290833901,0.0,2026-03,evaluation_2026_h1,False,PULLBACK_END,DIRECT_1H_CLOSE,2026-03-20T12:00:00+00:00,2.329603706048799,0.9366871755994424,431,315
mtf_4h_1h_direct_rr2_0,实验A·4H趋势+1H回踩/突破直接成交 RR2.0,mtf_4h_1h_direct,BOTH,mtf_4h_1h_direct_rr2_0_short,实验A·4H趋势+1H回踩/突破直接成交 RR2.0·空头组件,2.0,1.25,48,2026-03-22T00:00:00+00:00,2026-03-22T00:00:00+00:00,2026-03-22T02:30:00+00:00,-1,68881.3,69365.37060195062,67913.15879609877,69365.57060195062,484.0706019506173,-1.0004131628716797,0.14279618514827094,-1.1432093480199506,False,STOP,30,387.25648156049385,12.340150591255753,22.011830322227354,11.685811982825605,42.88469274995202,0.5117302733580299,-0.47267798868540833,7.904788432598315,0.7889636301447966,2.3620004920617723,2.3648779539209848,-0.2908711807440768,3.6443007768132283,0.005622068067049844,8.0,2026-03,evaluation_2026_h1,False,PULLBACK_END,DIRECT_1H_CLOSE,2026-03-22T00:00:00+00:00,1.4301632803361777,1.0258834103927925,1,30
mtf_4h_1h_direct_rr2_0,实验A·4H趋势+1H回踩/突破直接成交 RR2.0,mtf_4h_1h_direct,BOTH,mtf_4h_1h_direct_rr2_0_short,实验A·4H趋势+1H回踩/突破直接成交 RR2.0·空头组件,2.0,1.25,48,2026-03-23T07:00:00+00:00,2026-03-23T07:00:00+00:00,2026-03-23T08:10:00+00:00,-1,67845.0,68530.76494428457,66473.47011143084,68530.96494428457,685.7649442845795,-1.0002916451207613,0.09943346191788649,-1.0997251070386478,False,STOP,14,548.6119554276636,41.05280111813537,40.98950624024432,13.471868767447654,29.77528713867704,1.1548469156226673,-0.009996447473472168,2.111651529099592,0.8414322250639399,3.098729408247741,-2.8867377380070494,-0.38995212738603996,1.006734586973952,0.00808621902221176,1.0,2026-03,evaluation_2026_h1,False,PULLBACK_END,DIRECT_1H_CLOSE,2026-03-23T07:00:00+00:00,0.566229001987109,1.0236743739246654,2,14
mtf_4h_1h_direct_rr2_0,实验A·4H趋势+1H回踩/突破直接成交 RR2.0,mtf_4h_1h_direct,BOTH,mtf_4h_1h_direct_rr2_0_short,实验A·4H趋势+1H回踩/突破直接成交 RR2.0·空头组件,2.0,1.25,48,2026-03-23T10:00:00+00:00,2026-03-23T10:00:00+00:00,2026-03-23T11:10:00+00:00,-1,68304.7,69010.58108877303,66892.93782245393,69010.78108877303,705.8810887730396,-1.0002833338407482,0.0972653066307913,-1.0975486404715395,False,STOP,14,564.7048710184316,40.25803243609067,47.20696818817644,13.340110024747302,30.382164125098914,1.0107997809661653,-0.027884666250643668,0.9416389043122725,0.2405289492494718,3.010422058046163,-0.7947686820446975,-0.28250253006399967,0.13610653536486586,0.008267401669254543,4.0,2026-03,evaluation_2026_h1,False,PULLBACK_END,DIRECT_1H_CLOSE,2026-03-23T10:00:00+00:00,0.061908444205462855,4.105932353334214,9,14
mtf_4h_1h_direct_rr2_0,实验A·4H趋势+1H回踩/突破直接成交 RR2.0,mtf_4h_1h_direct,BOTH,mtf_4h_1h_direct_rr2_0_short,实验A·4H趋势+1H回踩/突破直接成交 RR2.0·空头组件,2.0,1.25,48,2026-03-27T08:00:00+00:00,2026-03-27T08:00:00+00:00,2026-03-27T10:40:00+00:00,-1,68501.6,69075.41662825573,67353.96674348858,67354.16674348857,573.8166282557166,1.9996514565975365,0.11837907796124861,1.881272378636288,True,TARGET,32,459.0533026045733,28.64627593023827,33.874263414215406,13.227602795202998,26.43920620671852,1.3103547675950904,-0.3019696220503453,1.098142159398895,0.8324483775811267,3.826135200497512,0.6610233579607261,-0.5496330342396109,1.006018424310763,0.006701341756548717,23.0,2026-03,evaluation_2026_h1,False,PULLBACK_END,DIRECT_1H_CLOSE,2026-03-27T08:00:00+00:00,3.0161203331820134,0.20616342255468578,32,1
mtf_4h_1h_direct_rr2_0,实验A·4H趋势+1H回踩/突破直接成交 RR2.0,mtf_4h_1h_direct,BOTH,mtf_4h_1h_direct_rr2_0_short,实验A·4H趋势+1H回踩/突破直接成交 RR2.0·空头组件,2.0,1.25,48,2026-03-28T09:00:00+00:00,2026-03-28T09:00:00+00:00,2026-03-28T13:45:00+00:00,-1,66374.7,66828.30334934861,65467.49330130276,66828.50334934861,453.6033493486158,-1.0004409138519061,0.14682784368835824,-1.1472687575402645,False,STOP,57,362.8826794788926,42.12665865001626,41.89239965351756,15.156412123185024,24.802607863786633,2.766006904272979,-0.0619131787274806,0.4209473186255432,0.8714043993232382,3.420389206181974,-4.144106384292009,-0.8575816653237247,0.2965355181033181,0.00546716724965149,48.0,2026-03,evaluation_2026_h1,False,PULLBACK_END,DIRECT_1H_CLOSE,2026-03-28T09:00:00+00:00,0.6335932051928338,1.7063366068867893,20,57
mtf_4h_1h_direct_rr2_0,实验A·4H趋势+1H回踩/突破直接成交 RR2.0,mtf_4h_1h_direct,BOTH,mtf_4h_1h_direct_rr2_0_short,实验A·4H趋势+1H回踩/突破直接成交 RR2.0·空头组件,2.0,1.25,48,2026-03-28T22:00:00+00:00,2026-03-28T22:00:00+00:00,2026-03-29T03:20:00+00:00,-1,66644.7,67044.68711818372,65844.72576363255,67044.88711818372,399.9871181837225,-1.0005000161027817,0.16711736583573836,-1.16761738193852,False,STOP,64,319.989694546978,26.64166106559698,48.048978452531465,22.72572629511009,24.508303354145443,1.5723422972001153,0.14419250274593046,0.6359631550416429,0.6751101321585877,4.3626404968334125,-4.158893153375267,-0.2871154848406614,0.052515158955050434,0.0048014202840578404,0.0,2026-03,evaluation_2026_h1,False,PULLBACK_END,DIRECT_1H_CLOSE,2026-03-28T22:00:00+00:00,1.0277830992826233,1.138286657999006,15,64
mtf_4h_1h_direct_rr2_0,实验A·4H趋势+1H回踩/突破直接成交 RR2.0,mtf_4h_1h_direct,BOTH,mtf_4h_1h_direct_rr2_0_short,实验A·4H趋势+1H回踩/突破直接成交 RR2.0·空头组件,2.0,1.25,48,2026-03-29T08:00:00+00:00,2026-03-29T08:00:00+00:00,2026-03-29T22:45:00+00:00,-1,66632.2,66999.2166816437,65898.1666367126,65898.3666367126,367.0166816436994,1.9994550656414174,0.18055114830635074,1.8189039173350667,True,TARGET,177,293.61334531495953,17.328893148488945,48.4090039984484,23.657089040335784,22.359005063817477,1.1343708955023697,0.03049755220325456,0.7546560829495383,0.4405840886203295,3.8213521895485667,-3.0597012389488363,-0.24235420930531942,0.10565045973417207,0.004406458489700365,0.0,2026-03,evaluation_2026_h1,False,PULLBACK_END,DIRECT_1H_CLOSE,2026-03-29T08:00:00+00:00,2.806956881050212,0.9661686177639529,177,46
mtf_4h_1h_direct_rr2_0,实验A·4H趋势+1H回踩/突破直接成交 RR2.0,mtf_4h_1h_direct,BOTH,mtf_4h_1h_direct_rr2_0_short,实验A·4H趋势+1H回踩/突破直接成交 RR2.0·空头组件,2.0,1.25,48,2026-03-29T23:00:00+00:00,2026-03-29T23:00:00+00:00,2026-03-29T23:05:00+00:00,-1,65820.0,66326.80640777227,64806.387184455474,66327.00640777226,506.8064077722645,-1.000394628001801,0.1303722727072869,-1.130766900709088,False,STOP,1,405.4451262178116,15.028387486771697,33.97914615811818,13.653882855736777,41.416814496432885,0.6656004332631104,-0.1391472823812493,7.678484801501374,0.4897335822161879,2.4392943361432673,0.9249549255393514,-0.27526885739060114,1.6629752281310222,0.006159879645304132,9.0,2026-03,evaluation_2026_h1,False,PULLBACK_END,DIRECT_1H_CLOSE,2026-03-29T23:00:00+00:00,0.0019731400090137654,1.0465534607808897,1,1
mtf_4h_1h_direct_rr2_0,实验A·4H趋势+1H回踩/突破直接成交 RR2.0,mtf_4h_1h_direct,BOTH,mtf_4h_1h_direct_rr2_0_short,实验A·4H趋势+1H回踩/突破直接成交 RR2.0·空头组件,2.0,1.25,48,2026-04-02T18:00:00+00:00,2026-04-02T18:00:00+00:00,2026-04-03T12:35:00+00:00,-1,66641.2,67286.2832258393,65351.03354832137,67286.4832258393,645.0832258393121,-1.0003100375145089,0.10380651508306322,-1.104116552597572,False,STOP,223,516.0665806714497,22.097887891855635,44.13143611682356,22.84384148026719,20.512587624925345,0.742847211247587,-0.047559371277574265,1.4740615718299965,0.9755658436213993,5.7415072220814345,-4.301594328459878,-0.35164730812989714,0.49746285481711594,0.007743933660929239,14.0,2026-04,evaluation_2026_h1,False,PULLBACK_END,DIRECT_1H_CLOSE,2026-04-02T18:00:00+00:00,0.6219352541340681,1.0987729514711677,105,223
mtf_4h_1h_direct_rr2_0,实验A·4H趋势+1H回踩/突破直接成交 RR2.0,mtf_4h_1h_direct,BOTH,mtf_4h_1h_direct_rr2_0_short,实验A·4H趋势+1H回踩/突破直接成交 RR2.0·空头组件,2.0,1.25,48,2026-04-03T18:00:00+00:00,2026-04-03T18:00:00+00:00,2026-04-04T15:10:00+00:00,-1,66810.8,67261.74534020296,65908.90931959408,67261.94534020296,450.94534020296356,-1.0004435127323963,0.14865742406813529,-1.1491009368005316,False,STOP,254,360.75627216237086,15.908423747112352,49.029113527331695,23.590111168441442,15.44123533446134,0.46269021744130634,0.041616449161762166,0.8561318109337954,0.7026695305308502,3.0768695810794,1.982625102713106,-0.13403770234813292,0.02580655469843272,0.0053996538318895225,0.0,2026-04,evaluation_2026_h1,False,PULLBACK_END,DIRECT_1H_CLOSE,2026-04-03T18:00:00+00:00,0.15567296907514588,1.0384850629329672,19,254
mtf_4h_1h_direct_rr2_0,实验A·4H趋势+1H回踩/突破直接成交 RR2.0,mtf_4h_1h_direct,BOTH,mtf_4h_1h_direct_rr2_0_long,实验A·4H趋势+1H回踩/突破直接成交 RR2.0·多头组件,2.0,1.25,48,2026-04-07T09:00:00+00:00,2026-04-07T09:00:00+00:00,2026-04-07T10:50:00+00:00,1,68907.3,68403.683437346,69914.53312530802,68403.483437346,503.61656265400916,-1.0003971275268158,0.13632472958567113,-1.1367218571124869,False,STOP,22,402.89325012320734,24.077490507984567,50.72429026936578,25.743541213650328,25.745545929693517,0.7581968584583423,-0.18020831715939778,0.7632033053570288,0.856633562515944,5.224709024924785,-4.122561731219495,0.0752390654371257,0.0190343274879805,0.005846904747452836,0.0,2026-04,evaluation_2026_h1,False,PULLBACK_END,DIRECT_1H_CLOSE,2026-04-07T09:00:00+00:00,0.6189232505725568,1.0875337322380196,9,22
mtf_4h_1h_direct_rr2_0,实验A·4H趋势+1H回踩/突破直接成交 RR2.0,mtf_4h_1h_direct,BOTH,mtf_4h_1h_direct_rr2_0_long,实验A·4H趋势+1H回踩/突破直接成交 RR2.0·多头组件,2.0,1.25,48,2026-04-08T16:00:00+00:00,2026-04-08T16:00:00+00:00,2026-04-09T01:10:00+00:00,1,71275.09999999999,70540.19549980505,72744.90900038989,70539.99549980505,734.9045001949486,-1.000272144203685,0.09648539059305372,-1.0967575347967387,False,STOP,110,587.9236001559589,44.720680974447035,55.976459461071265,33.32336319675108,15.846167601062739,1.6153715048263906,0.10126692077263355,0.8633885505827513,0.9012810851544953,7.727534664018964,0.018355110008485553,0.622345996625487,0.36029602618368384,0.008248688178093223,21.0,2026-04,evaluation_2026_h1,False,PULLBACK_END,DIRECT_1H_CLOSE,2026-04-08T16:00:00+00:00,0.8972594395939735,1.1303509500617248,20,110
mtf_4h_1h_direct_rr2_0,实验A·4H趋势+1H回踩/突破直接成交 RR2.0,mtf_4h_1h_direct,BOTH,mtf_4h_1h_direct_rr2_0_long,实验A·4H趋势+1H回踩/突破直接成交 RR2.0·多头组件,2.0,1.25,48,2026-04-09T09:00:00+00:00,2026-04-09T09:00:00+00:00,2026-04-09T14:00:00+00:00,1,71207.7,70653.5736643779,72315.9526712442,70653.3736643779,554.1263356221018,-1.000360928523228,0.12800426955444605,-1.128365198077674,False,STOP,60,443.3010684976814,25.88159536659103,53.698133804277674,26.327952379626804,17.46778163790063,1.0392675373331708,-0.0012207541201623082,0.6135817432214119,0.7365222505391243,5.482729848219872,-2.7971065119930465,0.2324468738306105,0.33489247064534117,0.006225474085598748,0.0,2026-04,evaluation_2026_h1,False,PULLBACK_END,DIRECT_1H_CLOSE,2026-04-09T09:00:00+00:00,0.5870502430367217,1.114727744001777,12,60
mtf_4h_1h_direct_rr2_0,实验A·4H趋势+1H回踩/突破直接成交 RR2.0,mtf_4h_1h_direct,BOTH,mtf_4h_1h_direct_rr2_0_long,实验A·4H趋势+1H回踩/突破直接成交 RR2.0·多头组件,2.0,1.25,48,2026-04-09T16:00:00+00:00,2026-04-09T16:00:00+00:00,2026-04-10T07:55:00+00:00,1,72108.2,71444.97325558255,73434.6534888349,71444.77325558255,663.2267444174532,-1.0003015559937498,0.10822314876767572,-1.1085247047614255,False,STOP,191,530.5813955339626,22.009552734110866,62.847660431279095,29.490268335738435,17.281719354386226,0.7873013524144906,0.11673996066246248,5.589096209716288,0.8519759810082388,2.447692306838277,-2.2317644812317603,0.25645331966637624,1.7355628776048506,0.007358148825844047,1.0,2026-04,evaluation_2026_h1,False,PULLBACK_END,DIRECT_1H_CLOSE,2026-04-09T16:00:00+00:00,1.5376340121744436,1.0947990353401127,76,191
mtf_4h_1h_direct_rr2_0,实验A·4H趋势+1H回踩/突破直接成交 RR2.0,mtf_4h_1h_direct,BOTH,mtf_4h_1h_direct_rr2_0_long,实验A·4H趋势+1H回踩/突破直接成交 RR2.0·多头组件,2.0,1.25,48,2026-04-10T11:00:00+00:00,2026-04-10T11:00:00+00:00,2026-04-10T14:25:00+00:00,1,71872.7,71298.06215270069,73021.9756945986,73021.7756945986,574.6378472993049,1.9996519547033962,0.12607460192152042,1.8735773527818758,True,TARGET,41,459.71027783944396,21.58862417754097,52.98975389614629,22.45742059558483,17.18899422278751,0.8490395051013445,-0.02257934366152419,0.4212781492089879,0.8503184713375547,5.781467433121546,-2.7491379321216236,0.21950004343145754,0.22340490687561107,0.006396200458582766,0.0,2026-04,evaluation_2026_h1,False,PULLBACK_END,DIRECT_1H_CLOSE,2026-04-10T11:00:00+00:00,2.0157043352501156,0.01949053660950995,41,1
mtf_4h_1h_direct_rr2_0,实验A·4H趋势+1H回踩/突破直接成交 RR2.0,mtf_4h_1h_direct,BOTH,mtf_4h_1h_direct_rr2_0_long,实验A·4H趋势+1H回踩/突破直接成交 RR2.0·多头组件,2.0,1.25,48,2026-04-11T02:00:00+00:00,2026-04-11T02:00:00+00:00,2026-04-12T01:40:00+00:00,1,72920.3,72363.99855435787,74032.90289128429,72363.79855435787,556.3014456421438,-1.0003595173112654,0.13058037121102134,-1.1309398885222868,False,STOP,284,445.041156513715,33.36612055869659,58.198361017583046,21.60758333474937,12.600966421487632,1.342742459338189,0.18802278767526773,0.4591147786722153,0.8534265734265897,4.646536550010666,-0.5292950213946597,0.5720607965349538,0.6339830075740172,0.006103134204611828,15.0,2026-04,evaluation_2026_h1,False,PULLBACK_END,DIRECT_1H_CLOSE,2026-04-11T02:00:00+00:00,1.5335210912767812,1.774757207147563,206,284
mtf_4h_1h_direct_rr2_0,实验A·4H趋势+1H回踩/突破直接成交 RR2.0,mtf_4h_1h_direct,BOTH,mtf_4h_1h_direct_rr2_0_long,实验A·4H趋势+1H回踩/突破直接成交 RR2.0·多头组件,2.0,1.25,48,2026-04-15T01:00:00+00:00,2026-04-15T01:00:00+00:00,2026-04-15T07:10:00+00:00,1,74520.5,73821.31721924439,75918.86556151124,73821.11721924439,699.1827807556148,-1.0002860482344504,0.10608214425627725,-1.1063681924907276,False,STOP,74,559.3462246044918,39.830824163579244,56.155052099347365,25.725795866844514,13.720127196080282,1.2779103388706905,-0.007548835564389963,0.7807189184487513,0.7914545454545507,4.008608445664284,-4.160283168365062,0.322829953925118,0.5102999214922477,0.0075059577672727,0.0,2026-04,evaluation_2026_h1,False,PULLBACK_END,DIRECT_1H_CLOSE,2026-04-15T01:00:00+00:00,0.312793744382042,1.0476516587098712,4,74
mtf_4h_1h_direct_rr2_0,实验A·4H趋势+1H回踩/突破直接成交 RR2.0,mtf_4h_1h_direct,BOTH,mtf_4h_1h_direct_rr2_0_long,实验A·4H趋势+1H回踩/突破直接成交 RR2.0·多头组件,2.0,1.25,48,2026-04-15T12:00:00+00:00,2026-04-15T12:00:00+00:00,2026-04-15T15:35:00+00:00,1,74155.2,73576.29679589417,75313.00640821164,73576.09679589418,578.9032041058225,-1.0003454809000532,0.12759585345885316,-1.1279413343589062,False,STOP,43,463.12256328465804,23.25007442341457,51.60566800118115,17.21748024429728,19.751806860992435,0.8485382435907743,-0.09048212383425173,0.6935321569063172,0.8197211155378658,4.8278796527253185,-4.390814610255532,0.12829399257618104,0.09901788621937169,0.006245323157606935,0.0,2026-04,evaluation_2026_h1,False,PULLBACK_END,DIRECT_1H_CLOSE,2026-04-15T12:00:00+00:00,0.5498328524397288,1.0626992485734101,8,43
mtf_4h_1h_direct_rr2_0,实验A·4H趋势+1H回踩/突破直接成交 RR2.0,mtf_4h_1h_direct,BOTH,mtf_4h_1h_direct_rr2_0_long,实验A·4H趋势+1H回踩/突破直接成交 RR2.0·多头组件,2.0,1.25,48,2026-04-15T18:00:00+00:00,2026-04-15T18:00:00+00:00,2026-04-15T22:40:00+00:00,1,74099.2,73485.75016551393,75326.09966897212,75325.89966897212,613.449834486059,1.999673974971143,0.12179080608454212,1.877883168886601,True,TARGET,56,490.75986758884716,17.751378991003687,51.0112062335963,14.446971595585797,17.422967406395014,0.5819725947059197,-0.0888042236402244,0.7394415230525317,0.696875966594497,2.6289843265686743,-1.6706565804007028,0.13245995916428813,0.06565287889891863,0.006623020624931303,0.0,2026-04,evaluation_2026_h1,False,PULLBACK_END,DIRECT_1H_CLOSE,2026-04-15T18:00:00+00:00,2.1621979914808374,0.11606491027851952,56,1
mtf_4h_1h_direct_rr2_0,实验A·4H趋势+1H回踩/突破直接成交 RR2.0,mtf_4h_1h_direct,BOTH,mtf_4h_1h_direct_rr2_0_long,实验A·4H趋势+1H回踩/突破直接成交 RR2.0·多头组件,2.0,1.25,48,2026-04-16T03:00:00+00:00,2026-04-16T03:00:00+00:00,2026-04-16T13:55:00+00:00,1,74840.9,74212.82685137629,76097.0462972474,74212.62685137629,628.073148623709,-1.0003184342467621,0.11865936887924275,-1.118977803126005,False,STOP,131,502.4585188989672,24.31309867498246,58.57811370170312,28.95418704876829,12.260100228726843,0.7997312864286917,0.18646135301559494,1.0385024383357793,0.42026627218935775,3.9338570760653266,2.2362287680446364,0.376206011008171,0.7243576271041269,0.006713697861313176,9.0,2026-04,evaluation_2026_h1,False,PULLBACK_END,DIRECT_1H_CLOSE,2026-04-16T03:00:00+00:00,0.46029670370960457,2.400835003540976,21,131
mtf_4h_1h_direct_rr2_0,实验A·4H趋势+1H回踩/突破直接成交 RR2.0,mtf_4h_1h_direct,BOTH,mtf_4h_1h_direct_rr2_0_long,实验A·4H趋势+1H回踩/突破直接成交 RR2.0·多头组件,2.0,1.25,48,2026-04-16T19:00:00+00:00,2026-04-16T19:00:00+00:00,2026-04-17T13:10:00+00:00,1,75000.3,74252.12819248642,76496.64361502718,76496.44361502718,748.1718075135894,1.9997326817209713,0.10124462195287642,1.8984880597680949,True,TARGET,218,598.5374460108716,17.70252721351802,57.128488894435755,25.712568736942274,19.91224537986562,0.33052957572795144,0.01627303372444641,1.1367081895591813,0.9161882893226176,3.6234992721919186,-2.680309198320142,0.01711547696627603,0.8657077964969244,0.007980499280144954,1.0,2026-04,evaluation_2026_h1,False,PULLBACK_END,DIRECT_1H_CLOSE,2026-04-16T19:00:00+00:00,2.2036382331474726,0.6954285028850842,218,91
mtf_4h_1h_direct_rr2_0,实验A·4H趋势+1H回踩/突破直接成交 RR2.0,mtf_4h_1h_direct,BOTH,mtf_4h_1h_direct_rr2_0_long,实验A·4H趋势+1H回踩/突破直接成交 RR2.0·多头组件,2.0,1.25,48,2026-04-21T01:00:00+00:00,2026-04-21T01:00:00+00:00,2026-04-21T15:05:00+00:00,1,76050.09999999999,75419.41502905254,77311.46994189489,75419.21502905255,630.6849709474501,-1.0003171155318553,0.12008318099090494,-1.1204002965227602,False,STOP,169,504.54797675796004,25.684391866580135,59.35293569434667,23.310299693989013,16.727387973566874,0.31736901432915804,0.24619088467132752,0.503722188834606,0.9900990099009901,4.895074628720207,-1.9489099236015477,0.3263976880323581,0.947000002440834,0.0066344244149633145,6.0,2026-04,evaluation_2026_h1,False,PULLBACK_END,DIRECT_1H_CLOSE,2026-04-21T01:00:00+00:00,1.5045546409240074,1.1018179154579768,94,169
mtf_4h_1h_direct_rr2_0,实验A·4H趋势+1H回踩/突破直接成交 RR2.0,mtf_4h_1h_direct,BOTH,mtf_4h_1h_direct_rr2_0_long,实验A·4H趋势+1H回踩/突破直接成交 RR2.0·多头组件,2.0,1.25,48,2026-04-23T01:00:00+00:00,2026-04-23T01:00:00+00:00,2026-04-23T02:45:00+00:00,1,78390.2,77740.11952765108,79690.36094469781,77739.91952765109,650.0804723489061,-1.000307654218994,0.12008522495954481,-1.1203928791785387,False,STOP,21,520.0643778791249,37.11976818542642,56.19002569571771,20.03153142503754,21.568066843395105,1.7153697482190327,0.08794435952761416,1.6950783715234063,0.8561650629897816,4.080840930991961,-4.677081127131785,0.6022430762516995,0.3171480330865161,0.006634328885215123,26.0,2026-04,evaluation_2026_h1,False,PULLBACK_END,DIRECT_1H_CLOSE,2026-04-23T01:00:00+00:00,0.08460491022176225,1.0386406433042477,2,21
mtf_4h_1h_direct_rr2_0,实验A·4H趋势+1H回踩/突破直接成交 RR2.0,mtf_4h_1h_direct,BOTH,mtf_4h_1h_direct_rr2_0_long,实验A·4H趋势+1H回踩/突破直接成交 RR2.0·多头组件,2.0,1.25,48,2026-04-23T07:00:00+00:00,2026-04-23T07:00:00+00:00,2026-04-23T09:10:00+00:00,1,78167.2,77561.35665136497,79378.88669727005,77561.15665136497,605.8433486350239,-1.0003301183390885,0.12852196611733363,-1.128852084456422,False,STOP,26,484.6746789080191,28.700916268178215,53.05493411638011,19.45507027859273,21.71341776402747,1.332979669211817,-0.0716224968559259,0.8028392185362044,0.5501414649481194,4.195185117945639,-3.746724732453462,0.28934904913936116,0.09870217466404647,0.00620050249987871,0.0,2026-04,evaluation_2026_h1,False,PULLBACK_END,DIRECT_1H_CLOSE,2026-04-23T07:00:00+00:00,0.07213085709111768,1.2660038304094037,2,26
mtf_4h_1h_direct_rr2_0,实验A·4H趋势+1H回踩/突破直接成交 RR2.0,mtf_4h_1h_direct,BOTH,mtf_4h_1h_direct_rr2_0_long,实验A·4H趋势+1H回踩/突破直接成交 RR2.0·多头组件,2.0,1.25,48,2026-04-23T16:00:00+00:00,2026-04-23T16:00:00+00:00,2026-04-23T17:10:00+00:00,1,78329.5,77657.39042812726,79673.7191437455,77657.19042812726,672.1095718727502,-1.0002975705277257,0.11604260447704207,-1.1163401750047677,False,STOP,14,537.6876574982001,28.189319454464776,56.291204849911416,20.646546106654565,24.64817591665829,0.6974141599314888,0.038495036617055944,1.8710396662180846,0.556606397774683,4.67818065920253,-1.005956065520266,0.1217720623007887,0.7022561330793807,0.006864459965098586,1.0,2026-04,evaluation_2026_h1,False,PULLBACK_END,DIRECT_1H_CLOSE,2026-04-23T16:00:00+00:00,0.2042821672922072,1.02765981754351,2,14
mtf_4h_1h_direct_rr2_0,实验A·4H趋势+1H回踩/突破直接成交 RR2.0,mtf_4h_1h_direct,BOTH,mtf_4h_1h_direct_rr2_0_long,实验A·4H趋势+1H回踩/突破直接成交 RR2.0·多头组件,2.0,1.25,48,2026-05-02T07:00:00+00:00,2026-05-02T07:00:00+00:00,2026-05-03T20:40:00+00:00,1,78278.5,77835.39552318038,79164.70895363923,79164.50895363923,443.10447681961705,1.999548639180005,0.1776590140588137,1.8218896251211913,True,TARGET,452,354.48358145569364,37.20424567006109,59.580225158412205,22.60628854884991,13.697289997243484,1.5679039716687906,0.15594124365389522,0.27971661787728447,0.80368373764602,4.970046829151079,-3.5628470266702763,0.5960715196407849,0.694386758697102,0.004528503831274997,27.0,2026-05,evaluation_2026_h1,False,PULLBACK_END,DIRECT_1H_CLOSE,2026-05-02T07:00:00+00:00,2.228594048716868,0.5675862311415618,452,282
mtf_4h_1h_direct_rr2_0,实验A·4H趋势+1H回踩/突破直接成交 RR2.0,mtf_4h_1h_direct,BOTH,mtf_4h_1h_direct_rr2_0_long,实验A·4H趋势+1H回踩/突破直接成交 RR2.0·多头组件,2.0,1.25,48,2026-05-04T02:00:00+00:00,2026-05-04T02:00:00+00:00,2026-05-04T10:05:00+00:00,1,79756.2,79247.29191315973,80774.01617368053,79247.09191315973,508.908086840264,-1.000392998274486,0.15622004839851136,-1.1566130466729974,False,STOP,97,407.12646947221117,33.53864433943846,69.76201025973926,42.43540708379197,13.590362663120281,0.812212189257379,0.2092227619086532,5.719813803348999,0.9363346667570628,3.4434017562586465,0.08299534798243968,0.36527162598107443,2.5241081862852157,0.005104656451399974,17.0,2026-05,evaluation_2026_h1,False,PULLBACK_END,DIRECT_1H_CLOSE,2026-05-04T02:00:00+00:00,1.6388028046050207,1.1911777699658976,28,97
mtf_4h_1h_direct_rr2_0,实验A·4H趋势+1H回踩/突破直接成交 RR2.0,mtf_4h_1h_direct,BOTH,mtf_4h_1h_direct_rr2_0_long,实验A·4H趋势+1H回踩/突破直接成交 RR2.0·多头组件,2.0,1.25,48,2026-05-05T01:00:00+00:00,2026-05-05T01:00:00+00:00,2026-05-05T13:10:00+00:00,1,80131.09999999999,79458.44042223787,81476.41915552424,81476.21915552425,672.6595777621233,1.9997026727833758,0.1201256359815592,1.8795770368018165,True,TARGET,146,538.1276622096987,25.476633904301096,57.624449104371394,25.186112528694323,17.392611324423342,0.9400466460793366,0.15354663513069958,0.2886437064282878,0.9508744855966932,4.912217277858333,-1.4457526671329006,0.38445752730877303,0.6819306616414152,0.0067156073650701375,11.0,2026-05,evaluation_2026_h1,False,PULLBACK_END,DIRECT_1H_CLOSE,2026-05-05T01:00:00+00:00,2.2228182715756533,0.14806895388504143,146,1
mtf_4h_1h_direct_rr2_0,实验A·4H趋势+1H回踩/突破直接成交 RR2.0,mtf_4h_1h_direct,BOTH,mtf_4h_1h_direct_rr2_0_long,实验A·4H趋势+1H回踩/突破直接成交 RR2.0·多头组件,2.0,1.25,48,2026-05-06T02:00:00+00:00,2026-05-06T02:00:00+00:00,2026-05-06T11:20:00+00:00,1,81390.59999999999,80811.64739894605,82548.50520210786,82548.30520210786,578.9526010539365,1.999654548576795,0.14158232030020274,1.8580722282765922,True,TARGET,112,463.1620808431492,27.308177067885886,59.59131201995122,22.470635143281047,17.83742160534526,1.3592415381183873,0.0262481900643844,0.6022263269386461,0.8180157135026397,2.730793500403837,-5.301984559755439,0.45366302981808865,0.7119571217588058,0.005690622983093206,1.0,2026-05,evaluation_2026_h1,False,PULLBACK_END,DIRECT_1H_CLOSE,2026-05-06T02:00:00+00:00,2.0542268880647194,0.6746666295115273,112,8
mtf_4h_1h_direct_rr2_0,实验A·4H趋势+1H回踩/突破直接成交 RR2.0,mtf_4h_1h_direct,BOTH,mtf_4h_1h_direct_rr2_0_long,实验A·4H趋势+1H回踩/突破直接成交 RR2.0·多头组件,2.0,1.25,48,2026-05-06T16:00:00+00:00,2026-05-06T16:00:00+00:00,2026-05-06T23:05:00+00:00,1,81656.59999999999,81043.97309838369,82881.85380323259,81043.7730983837,612.6269016162984,-1.000326462973581,0.13278911901283638,-1.1331155819864174,False,STOP,85,490.1015212930387,24.057226847896626,53.5928772273073,23.8912005227851,22.70820838736776,1.221137734926151,0.0009951246357925345,0.832928426868224,0.7636259323006174,4.442957031137314,-4.1221567552968565,0.5191313394468436,0.14976099631225204,0.006001997654721965,15.0,2026-05,evaluation_2026_h1,False,PULLBACK_END,DIRECT_1H_CLOSE,2026-05-06T16:00:00+00:00,0.3238512697966225,1.1863664460089267,3,85
mtf_4h_1h_direct_rr2_0,实验A·4H趋势+1H回踩/突破直接成交 RR2.0,mtf_4h_1h_direct,BOTH,mtf_4h_1h_direct_rr2_0_long,实验A·4H趋势+1H回踩/突破直接成交 RR2.0·多头组件,2.0,1.25,48,2026-05-07T08:00:00+00:00,2026-05-07T08:00:00+00:00,2026-05-07T09:30:00+00:00,1,81480.2,80971.91503231027,82496.76993537946,80971.71503231027,508.2849676897286,-1.0003934800608187,0.1598039735177408,-1.1601974535785595,False,STOP,18,406.6279741517829,13.969773093429156,53.933328775444224,23.014944087459103,17.021765313499145,0.462238534506754,0.025867969131567824,1.1866088088960416,0.39352692075016193,5.2945201433592874,-1.1253834378545555,0.021490159746190732,0.4630057422559876,0.004990518840204944,1.0,2026-05,evaluation_2026_h1,False,PULLBACK_END,DIRECT_1H_CLOSE,2026-05-07T08:00:00+00:00,0.16604858566568678,1.0466569617788652,2,18
mtf_4h_1h_direct_rr2_0,实验A·4H趋势+1H回踩/突破直接成交 RR2.0,mtf_4h_1h_direct,BOTH,mtf_4h_1h_direct_rr2_0_long,实验A·4H趋势+1H回踩/突破直接成交 RR2.0·多头组件,2.0,1.25,48,2026-05-09T17:00:00+00:00,2026-05-09T17:00:00+00:00,2026-05-10T15:50:00+00:00,1,80576.3,80249.15430084543,81230.59139830915,81230.39139830915,327.1456991545697,1.9993886515992378,0.24730065505439944,1.7520879965448384,True,TARGET,274,261.71655932365576,15.793452287811672,61.593358790303206,26.051628205656087,12.999815087470187,0.05906404478999392,0.222912058559069,2.290026336711369,0.3813393107313198,2.2814758131585897,1.4110202342498752,0.1294261118434827,1.0738179570565314,0.003248066850141118,1.0,2026-05,evaluation_2026_h1,False,REBREAK,DIRECT_1H_CLOSE,2026-05-09T17:00:00+00:00,2.359193478607656,0.13021720936602682,274,104
mtf_4h_1h_direct_rr2_0,实验A·4H趋势+1H回踩/突破直接成交 RR2.0,mtf_4h_1h_direct,BOTH,mtf_4h_1h_direct_rr2_0_long,实验A·4H趋势+1H回踩/突破直接成交 RR2.0·多头组件,2.0,1.25,48,2026-05-11T12:00:00+00:00,2026-05-11T12:00:00+00:00,2026-05-11T14:35:00+00:00,1,81167.3,80689.4490181678,82123.00196366443,80689.2490181678,477.85098183221146,-1.0004185405232908,0.16935881181782395,-1.1697773523411148,False,STOP,31,382.28078546576916,18.22505675743187,53.92095366180025,23.916808562465622,23.907873569346005,0.3359517257912898,0.009307372442663525,0.43591733436051555,0.9824056301983368,5.847534286287481,-3.936405395794388,0.008030220107970496,0.44970402496733325,0.0047097997275468645,1.0,2026-05,evaluation_2026_h1,False,PULLBACK_END,DIRECT_1H_CLOSE,2026-05-11T12:00:00+00:00,0.3195556895467777,1.6182869333760894,7,31
mtf_4h_1h_direct_rr2_0,实验A·4H趋势+1H回踩/突破直接成交 RR2.0,mtf_4h_1h_direct,BOTH,mtf_4h_1h_direct_rr2_0_long,实验A·4H趋势+1H回踩/突破直接成交 RR2.0·多头组件,2.0,1.25,48,2026-05-11T16:00:00+00:00,2026-05-11T16:00:00+00:00,2026-05-12T01:40:00+00:00,1,81403.59999999999,80853.77662517935,82503.24674964127,80853.57662517935,549.8233748206428,-1.000363753178118,0.1475539091786604,-1.1479176623567784,False,STOP,116,439.85869985651425,15.771566005373057,57.94618795138587,20.84211126101486,24.04895761716698,0.2972966035147894,0.07882339129857192,1.0649407306029577,0.9508145363408391,5.082086589918992,-1.5700761347319272,0.10963355836389364,0.8452667608046079,0.005403443834735579,1.0,2026-05,evaluation_2026_h1,False,PULLBACK_END,DIRECT_1H_CLOSE,2026-05-11T16:00:00+00:00,1.2645879237615458,1.1525519448981514,31,116
mtf_4h_1h_direct_rr2_0,实验A·4H趋势+1H回踩/突破直接成交 RR2.0,mtf_4h_1h_direct,BOTH,mtf_4h_1h_direct_rr2_0_short,实验A·4H趋势+1H回踩/突破直接成交 RR2.0·空头组件,2.0,1.25,48,2026-05-14T10:00:00+00:00,2026-05-14T10:00:00+00:00,2026-05-14T14:20:00+00:00,-1,79594.6,80073.79029745242,78636.21940509518,80073.99029745242,479.1902974524146,-1.0004173707211073,0.16660248668046967,-1.1670198574015769,False,STOP,52,383.3522379619317,29.151780727405825,46.135024275989764,16.472023272632025,25.514293805454212,1.0540002771977068,-0.0011356562054732255,0.4452915609668378,0.810233918128672,4.181011198789889,-2.4349900975383143,-0.2972125091204033,0.24321174225284853,0.004816291470457677,1.0,2026-05,evaluation_2026_h1,False,PULLBACK_END,DIRECT_1H_CLOSE,2026-05-14T10:00:00+00:00,0.848514676030941,1.3677238531005063,22,52
mtf_4h_1h_direct_rr2_0,实验A·4H趋势+1H回踩/突破直接成交 RR2.0,mtf_4h_1h_direct,BOTH,mtf_4h_1h_direct_rr2_0_short,实验A·4H趋势+1H回踩/突破直接成交 RR2.0·空头组件,2.0,1.25,48,2026-05-17T14:00:00+00:00,2026-05-17T14:00:00+00:00,2026-05-17T23:45:00+00:00,-1,78164.8,78469.14168472438,77556.11663055125,77556.31663055124,304.34168472437864,1.999342843882271,0.25583271113777456,1.7435101327444964,True,TARGET,117,243.47334777950292,31.0434983241503,45.90302459789502,21.510244663896575,21.92089836679765,1.6489824691670796,0.10080307271446749,1.1977204429628971,0.8199309324124295,3.6509129566207155,-6.397031805043689,-0.39117749735612634,0.18800511594840477,0.003114864041188549,0.0,2026-05,evaluation_2026_h1,False,PULLBACK_END,DIRECT_1H_CLOSE,2026-05-17T14:00:00+00:00,4.924727946345448,0.9469619656636916,117,92
mtf_4h_1h_direct_rr2_0,实验A·4H趋势+1H回踩/突破直接成交 RR2.0,mtf_4h_1h_direct,BOTH,mtf_4h_1h_direct_rr2_0_short,实验A·4H趋势+1H回踩/突破直接成交 RR2.0·空头组件,2.0,1.25,48,2026-05-18T14:00:00+00:00,2026-05-18T14:00:00+00:00,2026-05-20T07:25:00+00:00,-1,76913.7,77438.47914506214,75864.14170987571,77438.67914506214,524.7791450621479,-1.0003811127059363,0.14706413221392656,-1.1474452449198629,False,STOP,497,419.8233160497183,32.18404683182024,40.715175381095186,20.394152148589725,29.98553020442291,1.2530530597139375,-0.045816510820359174,2.4643485746210163,0.7226599432713503,4.569779539764291,-4.967258836486259,-0.4851401622263711,0.9177584712289386,0.005458347193615184,15.0,2026-05,evaluation_2026_h1,False,PULLBACK_END,DIRECT_1H_CLOSE,2026-05-18T14:00:00+00:00,1.7140543950035878,1.0105203398225766,19,497
mtf_4h_1h_direct_rr2_0,实验A·4H趋势+1H回踩/突破直接成交 RR2.0,mtf_4h_1h_direct,BOTH,mtf_4h_1h_direct_rr2_0_short,实验A·4H趋势+1H回踩/突破直接成交 RR2.0·空头组件,2.0,1.25,48,2026-05-22T15:00:00+00:00,2026-05-22T15:00:00+00:00,2026-05-22T19:35:00+00:00,-1,76734.5,77124.1998527185,75955.10029456299,75955.30029456299,389.6998527185062,1.9994867845122284,0.19590692584230485,1.8035798586699237,True,TARGET,55,311.75988217480494,15.338238790516947,34.4991893970291,12.741338073606277,29.754510036749465,0.11295188439570351,-0.25164399349875,5.0602736681099385,0.9399133886683452,2.580511624484493,2.4604164759958564,-0.1440847859393164,2.003347325732119,0.0040628332222335806,1.0,2026-05,evaluation_2026_h1,False,PULLBACK_END,DIRECT_1H_CLOSE,2026-05-22T15:00:00+00:00,2.756480384856417,0.8611755884917448,55,31
mtf_4h_1h_direct_rr2_0,实验A·4H趋势+1H回踩/突破直接成交 RR2.0,mtf_4h_1h_direct,BOTH,mtf_4h_1h_direct_rr2_0_short,实验A·4H趋势+1H回踩/突破直接成交 RR2.0·空头组件,2.0,1.25,48,2026-05-23T17:00:00+00:00,2026-05-23T17:00:00+00:00,2026-05-23T18:25:00+00:00,-1,75406.40000000001,75820.5239985008,74578.15200299844,75820.72399850079,414.12399850078776,-1.0004829471383414,0.1825867669417535,-1.183069714080095,False,STOP,17,331.2991988006302,47.92571089707945,45.26974427524827,21.301022229385147,29.004260792886985,2.0658226043331642,0.049698205384497304,0.6140473522619164,0.8537313432836318,5.585585497034652,-8.119782935748319,-0.7388772427396394,0.024094242010478478,0.004393515653852063,0.0,2026-05,evaluation_2026_h1,False,PULLBACK_END,DIRECT_1H_CLOSE,2026-05-23T17:00:00+00:00,0.17651717906869085,1.1759762818938857,10,17
mtf_4h_1h_direct_rr2_0,实验A·4H趋势+1H回踩/突破直接成交 RR2.0,mtf_4h_1h_direct,BOTH,mtf_4h_1h_direct_rr2_0_short,实验A·4H趋势+1H回踩/突破直接成交 RR2.0·空头组件,2.0,1.25,48,2026-05-28T20:00:00+00:00,2026-05-28T20:00:00+00:00,2026-05-29T15:35:00+00:00,-1,73393.2,73970.04423767733,72239.51152464535,73970.24423767733,576.8442376773262,-1.0003467140467714,0.12773244024334793,-1.1280791542901194,False,STOP,235,461.475390141861,43.398392654299016,41.5602679208407,12.865265039281288,24.911612420891014,1.8719338291871164,-0.0894026868495175,0.4575594848970477,0.802065404475043,4.354078338570403,-3.520459228911541,-0.6864852331981798,0.5041845100575928,0.006287687467444133,52.0,2026-05,evaluation_2026_h1,False,PULLBACK_END,DIRECT_1H_CLOSE,2026-05-28T20:00:00+00:00,1.6593734278324082,1.1732803342634581,222,235
mtf_4h_1h_direct_rr2_0,实验A·4H趋势+1H回踩/突破直接成交 RR2.0,mtf_4h_1h_direct,BOTH,mtf_4h_1h_direct_rr2_0_short,实验A·4H趋势+1H回踩/突破直接成交 RR2.0·空头组件,2.0,1.25,48,2026-05-29T19:00:00+00:00,2026-05-29T19:00:00+00:00,2026-05-30T14:15:00+00:00,-1,73342.7,73962.79583902599,72102.50832194801,73962.99583902599,620.0958390259897,-1.0003225307886483,0.11877655562921142,-1.1190990864178598,False,STOP,231,496.07667122079175,25.386310125761405,45.66034490813501,19.9577880309818,31.751457773227564,0.7299215915631297,0.1362832631134687,1.829905975831637,0.7097201017811734,3.743574547518796,-3.8194982684528895,-0.19709591678993507,0.4316462199072461,0.006763790289745331,0.0,2026-05,evaluation_2026_h1,False,PULLBACK_END,DIRECT_1H_CLOSE,2026-05-29T19:00:00+00:00,0.34285022833556006,1.0406455895811242,115,231
mtf_4h_1h_direct_rr2_0,实验A·4H趋势+1H回踩/突破直接成交 RR2.0,mtf_4h_1h_direct,BOTH,mtf_4h_1h_direct_rr2_0_short,实验A·4H趋势+1H回踩/突破直接成交 RR2.0·空头组件,2.0,1.25,48,2026-06-01T05:00:00+00:00,2026-06-01T05:00:00+00:00,2026-06-01T08:30:00+00:00,-1,73497.3,73927.27952393098,72637.34095213805,72637.54095213805,429.9795239309747,1.9995348615716213,0.1699323256327868,1.8296025359388346,True,TARGET,42,343.98361914477977,22.10388947295039,44.89969504825329,12.943569544923216,25.651702217820656,0.17454124317956182,-0.05014343249014554,1.6731866504804835,0.6263282172372888,2.9329885025000473,0.7105847616718073,-0.11085786606108493,0.6036942904943631,0.004680202062989536,4.0,2026-06,evaluation_2026_h1,False,PULLBACK_END,DIRECT_1H_CLOSE,2026-06-01T05:00:00+00:00,2.148474400721235,0.02465233670450992,42,1
mtf_4h_1h_direct_rr2_0,实验A·4H趋势+1H回踩/突破直接成交 RR2.0,mtf_4h_1h_direct,BOTH,mtf_4h_1h_direct_rr2_0_short,实验A·4H趋势+1H回踩/突破直接成交 RR2.0·空头组件,2.0,1.25,48,2026-06-04T15:00:00+00:00,2026-06-04T15:00:00+00:00,2026-06-05T06:25:00+00:00,-1,63923.600000000006,65056.341024967696,61658.11795006462,61658.317950064615,1132.741024967693,1.9998234371355972,0.05543275787757681,1.9443906792580203,True,TARGET,185,906.1928199741543,55.43462227280941,45.46913285477934,17.95618131237874,29.031949823194257,1.8782327655252529,-0.05339910806412788,0.7954655945446024,0.7387436704529873,5.293465026722246,-6.639511168137567,-0.7278434532438397,0.1930655767817062,0.014176119103717926,86.0,2026-06,evaluation_2026_h1,False,PULLBACK_END,DIRECT_1H_CLOSE,2026-06-04T15:00:00+00:00,2.521317703736795,0.4029164565775405,185,4
mtf_4h_1h_direct_rr2_0,实验A·4H趋势+1H回踩/突破直接成交 RR2.0,mtf_4h_1h_direct,BOTH,mtf_4h_1h_direct_rr2_0_short,实验A·4H趋势+1H回踩/突破直接成交 RR2.0·空头组件,2.0,1.25,48,2026-06-06T00:00:00+00:00,2026-06-06T00:00:00+00:00,2026-06-07T08:05:00+00:00,-1,61021.8,62385.08761968007,58295.22476063988,62385.287619680064,1363.2876196800607,-1.0001467041856125,0.04526084071996543,-1.045407544905578,False,STOP,385,1090.6300957440485,34.3951905053824,44.10792498782629,14.542675724231676,27.467103888354902,1.2657677615828802,-0.06525964979746747,0.6492839020860344,0.5617715617715617,4.213069140426822,-2.516862840553145,-0.5033832085018366,0.5193848892935294,0.01787273599265918,119.0,2026-06,evaluation_2026_h1,False,PULLBACK_END,DIRECT_1H_CLOSE,2026-06-06T00:00:00+00:00,1.1519946175177387,1.0157064290842468,55,385
mtf_4h_1h_direct_rr2_0,实验A·4H趋势+1H回踩/突破直接成交 RR2.0,mtf_4h_1h_direct,BOTH,mtf_4h_1h_direct_rr2_0_short,实验A·4H趋势+1H回踩/突破直接成交 RR2.0·空头组件,2.0,1.25,48,2026-06-07T14:00:00+00:00,2026-06-07T14:00:00+00:00,2026-06-07T22:15:00+00:00,-1,61674.9,62352.474126039575,60319.751747920855,62352.67412603957,677.5741260395722,-1.0002951706570724,0.0915232513754488,-1.091818422032521,False,STOP,99,542.0593008316578,25.690218448514624,50.47019978834633,22.13335266001393,19.884216401517435,0.048771838661635245,0.1777862167429125,0.8496730827855344,0.7654966392830387,4.758519955367506,-2.5053222323224666,0.2551069448162495,0.12477854006556195,0.008788963126577344,0.0,2026-06,evaluation_2026_h1,False,PULLBACK_END,DIRECT_1H_CLOSE,2026-06-07T14:00:00+00:00,0.7743802188358067,3.1093277016261873,70,99
mtf_4h_1h_direct_rr2_0,实验A·4H趋势+1H回踩/突破直接成交 RR2.0,mtf_4h_1h_direct,BOTH,mtf_4h_1h_direct_rr2_0_short,实验A·4H趋势+1H回踩/突破直接成交 RR2.0·空头组件,2.0,1.25,48,2026-06-09T22:00:00+00:00,2026-06-09T22:00:00+00:00,2026-06-10T13:50:00+00:00,-1,61732.3,62372.11510201985,60452.669795960304,62372.31510201985,639.8151020198479,-1.0003125903083048,0.09698474974272331,-1.097297340051028,False,STOP,190,511.8520816158783,24.516176754060073,39.81403658460186,16.04923225828543,27.600970274941172,0.4959171627761797,-0.19632969351964508,0.6130124208144659,0.8525928950592147,5.362682107953063,-0.03483199565603101,-0.37542070067006145,1.0179828064344396,0.008291492634571233,7.0,2026-06,evaluation_2026_h1,False,PULLBACK_END,DIRECT_1H_CLOSE,2026-06-09T22:00:00+00:00,1.6260947838141633,1.1139155636527758,137,190
mtf_4h_1h_direct_rr2_0,实验A·4H趋势+1H回踩/突破直接成交 RR2.0,mtf_4h_1h_direct,BOTH,mtf_4h_1h_direct_rr2_0_short,实验A·4H趋势+1H回踩/突破直接成交 RR2.0·空头组件,2.0,1.25,48,2026-06-10T21:00:00+00:00,2026-06-10T21:00:00+00:00,2026-06-11T03:35:00+00:00,-1,61769.9,62468.32444930769,60373.05110138461,62468.52444930769,698.4244493076949,-1.0002863588183255,0.08894192104275386,-1.0892282798610793,False,STOP,79,558.7395594461559,20.215542987901394,48.3470572447966,17.97528178840208,16.607984616267128,0.3536605854104866,0.005152676803041094,0.37664060411737343,0.5458815028901768,3.844904058931272,-4.048822035818716,-0.0008447746820852485,0.1139083319191978,0.009045469562881651,0.0,2026-06,evaluation_2026_h1,False,PULLBACK_END,DIRECT_1H_CLOSE,2026-06-10T21:00:00+00:00,1.004117196491558,1.120522056144715,17,79
mtf_4h_1h_direct_rr2_0,实验A·4H趋势+1H回踩/突破直接成交 RR2.0,mtf_4h_1h_direct,BOTH,mtf_4h_1h_direct_rr2_0_long,实验A·4H趋势+1H回踩/突破直接成交 RR2.0·多头组件,2.0,1.25,48,2026-06-16T00:00:00+00:00,2026-06-16T00:00:00+00:00,2026-06-16T02:30:00+00:00,1,66286.09999999999,65824.24013414678,67209.81973170642,65824.04013414678,461.85986585321245,-1.000433031780384,0.14301972297386606,-1.1434527547542501,False,STOP,30,369.48789268256996,37.69326106519307,55.870339498370136,25.490624664915227,22.36984964339979,2.012379412271753,0.06808053218959832,0.37952779898164246,0.8007231820007755,5.039407344260809,-7.025417565886421,0.7137292061496535,0.25696555773947477,0.005574155177535041,27.0,2026-06,evaluation_2026_h1,False,PULLBACK_END,DIRECT_1H_CLOSE,2026-06-16T00:00:00+00:00,0.3048543733928848,1.2235312954851774,9,30
mtf_4h_1h_direct_rr2_0,实验A·4H趋势+1H回踩/突破直接成交 RR2.0,mtf_4h_1h_direct,BOTH,mtf_4h_1h_direct_rr2_0_long,实验A·4H趋势+1H回踩/突破直接成交 RR2.0·多头组件,2.0,1.25,48,2026-06-16T07:00:00+00:00,2026-06-16T07:00:00+00:00,2026-06-16T13:40:00+00:00,1,66406.5,65914.67632655743,67390.14734688513,65914.47632655743,491.8236734425674,-1.0004066498031772,0.13452074744629916,-1.1349273972494762,False,STOP,80,393.4589387540539,26.82332717559592,56.04854945277125,24.67461397939338,20.64575505697978,1.3648433484918352,-0.0349210423639127,0.7653863726855273,0.7355324074073932,4.346578083638407,-4.330895588559798,0.3212387097059343,0.6745688395197856,0.005925015341202865,0.0,2026-06,evaluation_2026_h1,False,PULLBACK_END,DIRECT_1H_CLOSE,2026-06-16T07:00:00+00:00,1.1186936085219708,1.04366671983703,24,80
mtf_4h_1h_direct_rr2_0,实验A·4H趋势+1H回踩/突破直接成交 RR2.0,mtf_4h_1h_direct,BOTH,mtf_4h_1h_direct_rr2_0_short,实验A·4H趋势+1H回踩/突破直接成交 RR2.0·空头组件,2.0,1.25,48,2026-06-19T17:00:00+00:00,2026-06-19T17:00:00+00:00,2026-06-20T00:00:00+00:00,-1,62943.5,63457.67724098041,61915.14551803917,63457.87724098041,514.1772409804144,-1.0003889709307476,0.12291615338707222,-1.1233051243178198,False,STOP,84,411.3417927843315,26.410660862091476,47.38378925739165,19.98209509627669,17.747629953076395,1.3869445028546004,0.12281369600354011,1.2698212169209997,0.9041353383458759,2.8518862429694027,-5.904914438096142,-0.3509049773806262,0.019523294280696397,0.006535074880954433,0.0,2026-06,evaluation_2026_h1,False,PULLBACK_END,DIRECT_1H_CLOSE,2026-06-19T17:00:00+00:00,0.2079049624914717,1.3643155396423332,6,84
mtf_4h_1h_direct_rr2_0,实验A·4H趋势+1H回踩/突破直接成交 RR2.0,mtf_4h_1h_direct,BOTH,mtf_4h_1h_direct_rr2_0_short,实验A·4H趋势+1H回踩/突破直接成交 RR2.0·空头组件,2.0,1.25,48,2026-06-24T03:00:00+00:00,2026-06-24T03:00:00+00:00,2026-06-24T05:40:00+00:00,-1,62597.8,63049.40705267402,61694.585894651966,63049.607052674015,451.6070526740186,-1.00044286288004,0.13911143139672077,-1.1395542942767607,False,STOP,32,361.2856421392149,30.434069235321715,42.790513772760946,19.596173017803682,26.76039173995867,1.2887809013012128,0.04840084719946025,0.5740586066904273,0.9386982248520676,4.164018229709522,-4.413015475200389,-0.38206261477722503,0.46329007186798454,0.005771520530036341,0.0,2026-06,evaluation_2026_h1,False,PULLBACK_END,DIRECT_1H_CLOSE,2026-06-24T03:00:00+00:00,0.43179130805283494,1.0090630722034648,4,32
mtf_4h_1h_direct_rr2_0,实验A·4H趋势+1H回踩/突破直接成交 RR2.0,mtf_4h_1h_direct,BOTH,mtf_4h_1h_direct_rr2_0_short,实验A·4H趋势+1H回踩/突破直接成交 RR2.0·空头组件,2.0,1.25,48,2026-06-24T07:00:00+00:00,2026-06-24T07:00:00+00:00,2026-06-24T11:50:00+00:00,-1,62754.5,63188.40140257764,61886.69719484472,63188.60140257764,433.9014025776407,-1.0004609342094994,0.145128709718842,-1.1455896439283415,False,STOP,58,347.12112206211253,26.16155282963766,47.081880951379006,20.391436141075342,23.496587193856197,1.1432004074346869,0.014773398533154724,0.363822744101994,0.7095744680851142,3.3821047622389537,-3.6382582277345534,-0.315921512332681,0.02915303289698317,0.0055314052206868105,0.0,2026-06,evaluation_2026_h1,False,PULLBACK_END,DIRECT_1H_CLOSE,2026-06-24T07:00:00+00:00,1.1117733133247538,1.0488557937273888,50,58
mtf_4h_1h_direct_rr2_0,实验A·4H趋势+1H回踩/突破直接成交 RR2.0,mtf_4h_1h_direct,BOTH,mtf_4h_1h_direct_rr2_0_short,实验A·4H趋势+1H回踩/突破直接成交 RR2.0·空头组件,2.0,1.25,48,2026-06-24T13:00:00+00:00,2026-06-24T13:00:00+00:00,2026-06-24T13:25:00+00:00,-1,62589.3,63044.36019847364,61679.17960305273,61679.37960305273,455.06019847363496,1.9995604977085055,0.13654092361832051,1.863019574090185,True,TARGET,5,364.048158778908,21.009134814270155,45.7131529604206,22.51746305803589,20.226596030932413,0.9279485403953058,-0.07650939983634501,1.3859601970284796,0.8835564536499158,3.1149724910123653,-2.482099680524975,-0.2953917500336203,0.34801401494669765,0.005816441396382907,6.0,2026-06,evaluation_2026_h1,False,PULLBACK_END,DIRECT_1H_CLOSE,2026-06-24T13:00:00+00:00,2.080603847965091,0.03230341842530702,5,1
mtf_4h_1h_direct_rr2_0,实验A·4H趋势+1H回踩/突破直接成交 RR2.0,mtf_4h_1h_direct,BOTH,mtf_4h_1h_direct_rr2_0_short,实验A·4H趋势+1H回踩/突破直接成交 RR2.0·空头组件,2.0,1.25,48,2026-06-25T01:00:00+00:00,2026-06-25T01:00:00+00:00,2026-06-25T05:05:00+00:00,-1,60786.700000000004,61509.56365229392,59340.97269541218,61509.763652293914,722.8636522939115,-1.0002766773503733,0.0845916538092643,-1.0848683311596377,False,STOP,49,578.2909218351292,30.018362221217092,41.93462733197245,19.144571822524735,28.333699151590576,1.521072437740553,-0.19035131960123813,0.41566755930728777,0.7443434129837152,7.17562708200882,-3.120088513716592,-0.6120433411222048,0.7282952585674267,0.009513413611076223,18.0,2026-06,evaluation_2026_h1,False,PULLBACK_END,DIRECT_1H_CLOSE,2026-06-25T01:00:00+00:00,0.19187574248595624,1.0838835200990669,28,49
mtf_4h_1h_direct_rr2_0,实验A·4H趋势+1H回踩/突破直接成交 RR2.0,mtf_4h_1h_direct,BOTH,mtf_4h_1h_direct_rr2_0_short,实验A·4H趋势+1H回踩/突破直接成交 RR2.0·空头组件,2.0,1.25,48,2026-06-25T11:00:00+00:00,2026-06-25T11:00:00+00:00,2026-06-25T13:45:00+00:00,-1,61245.200000000004,61816.49583316842,60102.608333663185,60102.80833366318,571.2958331684108,1.9996499186789258,0.10620417766804484,1.893445741010881,True,TARGET,33,457.0366665347286,20.223920743751588,47.188504949600414,22.716495033580827,23.982237509075368,1.1132269813962388,0.13940898013516886,0.5992672585299221,0.9661661661661632,6.28199050585766,-2.935692645365709,-0.13857722344908283,0.22820863103729658,0.0074623957517512135,0.0,2026-06,evaluation_2026_h1,False,PULLBACK_END,DIRECT_1H_CLOSE,2026-06-25T11:00:00+00:00,2.0910357307784753,0.8711773674940867,33,19
mtf_4h_1h_direct_rr2_0,实验A·4H趋势+1H回踩/突破直接成交 RR2.0,mtf_4h_1h_direct,BOTH,mtf_4h_1h_direct_rr2_0_short,实验A·4H趋势+1H回踩/突破直接成交 RR2.0·空头组件,2.0,1.25,48,2026-06-25T14:00:00+00:00,2026-06-25T14:00:00+00:00,2026-06-25T14:05:00+00:00,-1,58248.200000000004,59087.143584355326,56570.31283128936,59087.34358435532,838.9435843553207,-1.0002383950526923,0.06993053273929073,-1.070168927791983,False,STOP,1,671.1548674842566,20.50389431818849,23.59086578732675,15.820696799853822,46.9889788531747,0.9465141236784529,-0.46778402312339995,6.972733203326638,0.9341454589313709,4.277850223692741,0.27997357443690163,-0.3397261658060728,4.15290765661993,0.011522288466022355,2.0,2026-06,evaluation_2026_h1,False,PULLBACK_END,DIRECT_1H_CLOSE,2026-06-25T14:00:00+00:00,0.0,1.0088878630026157,1,1
mtf_4h_1h_direct_rr2_0,实验A·4H趋势+1H回踩/突破直接成交 RR2.0,mtf_4h_1h_direct,BOTH,mtf_4h_1h_direct_rr2_0_short,实验A·4H趋势+1H回踩/突破直接成交 RR2.0·空头组件,2.0,1.25,48,2026-06-26T01:00:00+00:00,2026-06-26T01:00:00+00:00,2026-06-26T07:15:00+00:00,-1,59638.0,60449.29274102494,58015.41451795012,60449.49274102494,811.2927410249401,-1.0002465201398743,0.074009963770484,-1.0742564839103583,False,STOP,75,649.0341928199521,25.28722184460124,42.78061543806983,16.546635447827803,24.08761995336871,1.2892820344327978,-0.19708374771779366,0.2712261553697941,0.8901860634804863,6.010623235503709,-2.0412998428579066,-0.5188561058149442,0.7131438873151967,0.010882860193968833,13.0,2026-06,evaluation_2026_h1,False,PULLBACK_END,DIRECT_1H_CLOSE,2026-06-26T01:00:00+00:00,1.6640109441808741,1.0846886154660513,25,75
mtf_4h_1h_direct_rr2_0,实验A·4H趋势+1H回踩/突破直接成交 RR2.0,mtf_4h_1h_direct,BOTH,mtf_4h_1h_direct_rr2_0_short,实验A·4H趋势+1H回踩/突破直接成交 RR2.0·空头组件,2.0,1.25,48,2026-06-26T10:00:00+00:00,2026-06-26T10:00:00+00:00,2026-06-26T16:05:00+00:00,-1,59709.100000000006,60555.419515904156,58016.46096819171,60555.61951590415,846.3195159041476,-1.0002363173674254,0.07105160477566318,-1.0712879221430884,False,STOP,73,677.0556127233181,20.996638440014593,46.095949095790616,19.68603852224526,27.862880257190987,0.9256212395891693,0.06484804222516395,0.6604263826782952,0.7597431031966072,4.8982682333294,-3.100720722791422,-0.21012149815165487,0.41015254547086677,0.011339198629414815,0.0,2026-06,evaluation_2026_h1,False,PULLBACK_END,DIRECT_1H_CLOSE,2026-06-26T10:00:00+00:00,1.5609943705346752,1.029043976457977,40,73
mtf_4h_1h_direct_rr2_0,实验A·4H趋势+1H回踩/突破直接成交 RR2.0,mtf_4h_1h_direct,BOTH,mtf_4h_1h_direct_rr2_0_short,实验A·4H趋势+1H回踩/突破直接成交 RR2.0·空头组件,2.0,1.25,48,2026-06-26T19:00:00+00:00,2026-06-26T19:00:00+00:00,2026-06-27T13:40:00+00:00,-1,59648.700000000004,60564.59184022513,57816.91631954975,60564.79184022513,915.8918402251265,-1.0002183663956987,0.0656264673188248,-1.0658448337145234,False,STOP,224,732.7134721801012,18.899452192240343,47.17126002698045,15.072268655981224,22.64554766319709,0.6681801569359513,0.006724320421611807,0.4344635295442101,0.8062295081967141,3.3382762742470393,-1.161982555728244,-0.15163633496042433,0.29132715053316643,0.012283771740637316,0.0,2026-06,evaluation_2026_h1,False,PULLBACK_END,DIRECT_1H_CLOSE,2026-06-26T19:00:00+00:00,0.10121282440644812,1.0857177194149588,20,224
mtf_4h_1h_direct_rr2_0,实验A·4H趋势+1H回踩/突破直接成交 RR2.0,mtf_4h_1h_direct,BOTH,mtf_4h_1h_direct_rr2_0_short,实验A·4H趋势+1H回踩/突破直接成交 RR2.0·空头组件,2.0,1.25,48,2026-06-28T05:00:00+00:00,2026-06-28T05:00:00+00:00,2026-06-28T08:40:00+00:00,-1,60107.8,60491.78777479212,59339.824450415756,60491.98777479212,383.9877747921231,-1.000520849915345,0.15703597313753076,-1.1575568230528759,False,STOP,44,307.1902198336985,9.956779100316743,46.24689022635608,16.99234554071131,19.330568899018825,0.16456610136068756,-0.11917294635753331,0.3843307955659224,0.6691884456671385,3.59679419676234,-1.4857569500841006,-0.14667341483108576,0.41952448062288,0.005110629346688691,7.0,2026-06,evaluation_2026_h1,False,PULLBACK_END,DIRECT_1H_CLOSE,2026-06-28T05:00:00+00:00,1.0234700836836688,1.134150690697806,6,44
mtf_4h_1h_direct_rr2_0,实验A·4H趋势+1H回踩/突破直接成交 RR2.0,mtf_4h_1h_direct,BOTH,mtf_4h_1h_direct_rr2_0_short,实验A·4H趋势+1H回踩/突破直接成交 RR2.0·空头组件,2.0,1.25,48,2026-06-28T11:00:00+00:00,2026-06-28T11:00:00+00:00,2026-06-28T17:40:00+00:00,-1,60138.200000000004,60518.04437943874,59378.51124112254,59378.71124112254,379.84437943873223,1.9994734685812792,0.157323522093079,1.8421499464882,True,TARGET,80,303.8755035509858,10.594289491803076,48.015300850607176,21.289138802043162,22.50322400373584,0.19155021667642355,0.035524457513146555,0.7172257793853847,0.5677172061328845,3.981564771959287,-1.1094800815447812,-0.10086082373534729,0.19800991336978022,0.005052927883984233,0.0,2026-06,evaluation_2026_h1,False,PULLBACK_END,DIRECT_1H_CLOSE,2026-06-28T11:00:00+00:00,2.0313582134350434,0.7834787510604735,80,19
mtf_4h_1h_direct_rr2_0,实验A·4H趋势+1H回踩/突破直接成交 RR2.0,mtf_4h_1h_direct,BOTH,mtf_4h_1h_direct_rr2_0_short,实验A·4H趋势+1H回踩/突破直接成交 RR2.0·空头组件,2.0,1.25,48,2026-06-28T22:00:00+00:00,2026-06-28T22:00:00+00:00,2026-06-28T22:05:00+00:00,-1,59417.9,59826.45085988193,58600.79828023614,59826.65085988193,408.55085988193076,-1.0004895351341394,0.14593599300506066,-1.1464255281392002,False,STOP,1,326.8406879055446,19.163481954735452,34.900566075206086,12.351761001767361,29.004408309813304,0.6325377957190954,-0.400856145611824,1.2289300123002398,0.7507387083157496,4.034687383784672,4.988852528030716,-0.4438632502610991,1.3947397818388976,0.005500692346364906,8.0,2026-06,evaluation_2026_h1,False,PULLBACK_END,DIRECT_1H_CLOSE,2026-06-28T22:00:00+00:00,0.0,1.1389034896033876,1,1
mtf_4h_1h_direct_rr2_0,实验A·4H趋势+1H回踩/突破直接成交 RR2.0,mtf_4h_1h_direct,BOTH,mtf_4h_1h_direct_rr2_0_short,实验A·4H趋势+1H回踩/突破直接成交 RR2.0·空头组件,2.0,1.25,48,2026-06-29T09:00:00+00:00,2026-06-29T09:00:00+00:00,2026-06-29T12:05:00+00:00,-1,59806.700000000004,60363.48154132915,58693.13691734171,60363.68154132915,556.7815413291464,-1.0003592073105003,0.10791519888972877,-1.108274406200229,False,STOP,37,445.42523306331714,30.51329882627469,48.89717153698979,12.063938181082154,25.440915508312642,0.31384613699751185,0.0897505651819229,0.7591460698116503,0.7366358802127073,3.560193456248541,0.0874720189626288,-0.006465890973573459,0.05164242110252846,0.007447723140027607,0.0,2026-06,evaluation_2026_h1,False,PULLBACK_END,DIRECT_1H_CLOSE,2026-06-29T09:00:00+00:00,0.45637288799736325,1.044036047984491,37,37
mtf_4h_1h_direct_rr2_0,实验A·4H趋势+1H回踩/突破直接成交 RR2.0,mtf_4h_1h_direct,BOTH,mtf_4h_1h_direct_rr2_0_short,实验A·4H趋势+1H回踩/突破直接成交 RR2.0·空头组件,2.0,1.25,48,2026-06-30T04:00:00+00:00,2026-06-30T04:00:00+00:00,2026-06-30T13:00:00+00:00,-1,59595.9,60155.62233729548,58476.45532540906,58476.655325409054,559.7223372954741,1.9996426799742044,0.10547422128615108,1.8941684586880534,True,TARGET,108,447.7778698363793,18.63081018489342,42.04522785144769,14.363095956103152,21.909164567890155,0.021503117368743774,-0.1439288946032843,0.5872314540246723,0.940397350993381,3.9535227603965355,-0.4086616362243909,-0.026628636107253443,0.8687625996081841,0.007513543165347721,1.0,2026-06,evaluation_2026_h1,False,PULLBACK_END,DIRECT_1H_CLOSE,2026-06-30T04:00:00+00:00,2.224138500555904,0.184019813284005,108,30
