month,signal_i,direction,v961_exit_i,v961_day,v961_net_r,v961_win,v961_probability,v961_online_percentile,v961_rank_pass,v961_router,v961_micro,v961_meta_probability,v961_meta_decision,v961_meta_pass,v961_expected_utility,v961_brier_penalty,v961_sample_uncertainty_penalty,v961_total_penalty,v961_utility,v961_utility_pass,v961_cap_pass,v961_selected,v961_first_reject_stage,v964_exit_i,v964_day,v964_net_r,v964_win,v964_probability,v964_online_percentile,v964_rank_pass,v964_router,v964_micro,v964_meta_probability,v964_meta_decision,v964_meta_pass,v964_expected_utility,v964_brier_penalty,v964_sample_uncertainty_penalty,v964_total_penalty,v964_utility,v964_utility_pass,v964_cap_pass,v964_selected,v964_first_reject_stage,v966_exit_i,v966_day,v966_net_r,v966_win,v966_probability,v966_online_percentile,v966_rank_pass,v966_router,v966_micro,v966_meta_probability,v966_meta_decision,v966_meta_pass,v966_expected_utility,v966_raw_expected_utility,v966_brier_penalty_diagnostic,v966_sample_uncertainty_penalty,v966_evidence_weight,v966_calibration_weight,v966_reliability_weight,v966_evidence_utility,v966_utility,v966_utility_pass,v966_signal_class,v966_allocation_bucket,v966_cap_pass,v966_selected,v966_first_reject_stage,selection_pattern,outcome_net_r,outcome_win,profit_rejected_v961,profit_rejected_v964,profit_rejected_v966,profit_rejected_v967
2025-05,28722,-1,28724,2025-05-01,-1.2713351710988023,False,0.11876943405489065,0.3137254901960784,False,0.5010832645874378,0.7347648007877192,0.12102569510926724,REJECT,False,-0.5810229459607715,0.03249408676915442,0.0,0.03249408676915442,-0.613517032729926,False,False,False,ONLINE_RANK,28724,2025-05-01,-1.2713351710988023,False,0.11876943405489065,0.3137254901960784,False,0.5010832645874378,0.7347648007877192,0.12102569510926724,REJECT,False,-0.5810229459607715,0.03249408676915442,0.07778174593052023,0.11027583269967464,-0.6912987786604462,False,False,False,ONLINE_RANK,28724,2025-05-01,-1.2713351710988023,False,0.11876943405489065,1.0,True,0.5010832645874378,0.7347648007877192,0.12102569510926724,REJECT,False,-0.5810229459607715,-0.5810229459607715,0.03249408676915442,0.0,0.6756756756756757,0.6750591323084558,0.4561210353435512,-0.2650167876699873,-0.2650167876699873,False,NEUTRAL,,False,False,META_PROBABILITY,0000,-1.2713351710988023,False,False,False,False,False
2025-05,29050,-1,29054,2025-05-02,-0.170774393056048,False,0.1194534847077435,0.46153846153846156,False,0.5217942903269635,0.7358845879981404,0.12080008420657908,REJECT,False,-0.5799218773944903,0.03249408676915442,0.0,0.03249408676915442,-0.6124159641636447,False,False,False,ONLINE_RANK,29054,2025-05-02,-0.170774393056048,False,0.1194534847077435,0.46153846153846156,False,0.5217942903269635,0.7358845879981404,0.12080008420657908,REJECT,False,-0.5799218773944903,0.03249408676915442,0.07778174593052023,0.11027583269967464,-0.690197710094165,False,False,False,ONLINE_RANK,29054,2025-05-02,-0.170774393056048,False,0.1194534847077435,1.0,True,0.5217942903269635,0.7358845879981404,0.12080008420657908,REJECT,False,-0.5799218773944903,-0.5799218773944903,0.03249408676915442,0.0,0.6756756756756757,0.6750591323084558,0.4561210353435512,-0.2645145671355509,-0.2645145671355509,False,NEUTRAL,,False,False,META_PROBABILITY,0000,-0.170774393056048,False,False,False,False,False
2025-05,29051,-1,29054,2025-05-02,-0.17077442529137518,False,0.11951821443973347,0.4716981132075472,False,0.5215007164051922,0.5964052710242564,0.12102993585295745,REJECT,False,-0.5796662586987984,0.03249408676915442,0.0,0.03249408676915442,-0.6121603454679528,False,False,False,ONLINE_RANK,29054,2025-05-02,-0.17077442529137518,False,0.11951821443973347,0.4716981132075472,False,0.5215007164051922,0.5964052710242564,0.12102993585295745,REJECT,False,-0.5796662586987984,0.03249408676915442,0.07778174593052023,0.11027583269967464,-0.6899420913984731,False,False,False,ONLINE_RANK,29054,2025-05-02,-0.17077442529137518,False,0.11951821443973347,1.0,True,0.5215007164051922,0.5964052710242564,0.12102993585295745,REJECT,False,-0.5796662586987984,-0.5796662586987984,0.03249408676915442,0.0,0.6756756756756757,0.6750591323084558,0.4561210353435512,-0.26439797407141874,-0.26439797407141874,False,NEUTRAL,,False,False,META_PROBABILITY,0000,-0.17077442529137518,False,False,False,False,False
2025-05,30378,-1,30391,2025-05-07,1.8302246003102882,True,0.12068624508671975,0.6481481481481481,False,0.5229417975668658,0.6000321448086827,0.12100882210320481,REJECT,False,-0.57756666296781,0.03249408676915442,0.0,0.03249408676915442,-0.6100607497369644,False,False,False,ONLINE_RANK,30391,2025-05-07,1.8302246003102882,True,0.12068624508671975,0.6481481481481481,False,0.5229417975668658,0.6000321448086827,0.12100882210320481,REJECT,False,-0.57756666296781,0.03249408676915442,0.07778174593052023,0.11027583269967464,-0.6878424956674847,False,False,False,ONLINE_RANK,30391,2025-05-07,1.8302246003102882,True,0.12068624508671975,1.0,True,0.5229417975668658,0.6000321448086827,0.12100882210320481,REJECT,False,-0.57756666296781,-0.57756666296781,0.03249408676915442,0.0,0.6756756756756757,0.6750591323084558,0.4561210353435512,-0.2634403042927974,-0.2634403042927974,False,NEUTRAL,,False,False,META_PROBABILITY,0000,1.8302246003102882,True,True,True,True,True
2025-05,30740,-1,30753,2025-05-08,-0.17074476158654914,False,0.11875696610924975,0.3090909090909091,False,0.4771180854558395,0.6069887399949909,0.12146946973694729,REJECT,False,-0.5807779790587029,0.03249408676915442,0.0,0.03249408676915442,-0.6132720658278573,False,False,False,ONLINE_RANK,30753,2025-05-08,-0.17074476158654914,False,0.11875696610924975,0.3090909090909091,False,0.4771180854558395,0.6069887399949909,0.12146946973694729,REJECT,False,-0.5807779790587029,0.03249408676915442,0.07778174593052023,0.11027583269967464,-0.6910538117583775,False,False,False,ONLINE_RANK,30753,2025-05-08,-0.17074476158654914,False,0.11875696610924975,0.9454545454545454,True,0.4771180854558395,0.6069887399949909,0.12146946973694729,REJECT,False,-0.5807779790587029,-0.5807779790587029,0.03249408676915442,0.0,0.6756756756756757,0.6750591323084558,0.4561210353435512,-0.26490505311299084,-0.26490505311299084,False,NEUTRAL,,False,False,META_PROBABILITY,0000,-0.17074476158654914,False,False,False,False,False
2025-05,31007,-1,31030,2025-05-10,-0.17074121897203623,False,0.1193073040363429,0.39285714285714285,False,0.5082244666507303,0.7578555885314076,0.12091212593919023,REJECT,False,-0.5801186970585138,0.03249408676915442,0.0,0.03249408676915442,-0.6126127838276683,False,False,False,ONLINE_RANK,31030,2025-05-10,-0.17074121897203623,False,0.1193073040363429,0.39285714285714285,False,0.5082244666507303,0.7578555885314076,0.12091212593919023,REJECT,False,-0.5801186970585138,0.03249408676915442,0.07778174593052023,0.11027583269967464,-0.6903945297581885,False,False,False,ONLINE_RANK,31030,2025-05-10,-0.17074121897203623,False,0.1193073040363429,0.9464285714285714,True,0.5082244666507303,0.7578555885314076,0.12091212593919023,REJECT,False,-0.5801186970585138,-0.5801186970585138,0.03249408676915442,0.0,0.6756756756756757,0.6750591323084558,0.4561210353435512,-0.26460434072448125,-0.26460434072448125,False,NEUTRAL,,False,False,META_PROBABILITY,0000,-0.17074121897203623,False,False,False,False,False
2025-05,31243,-1,31291,2025-05-11,-0.17073886384760387,False,0.1215918447400799,0.7894736842105263,False,0.49716929920724184,0.6226410468186814,0.12123811725797404,REJECT,False,-0.5757907096637537,0.03249408676915442,0.0,0.03249408676915442,-0.6082847964329081,False,False,False,ONLINE_RANK,31291,2025-05-11,-0.17073886384760387,False,0.1215918447400799,0.7894736842105263,False,0.49716929920724184,0.6226410468186814,0.12123811725797404,REJECT,False,-0.5757907096637537,0.03249408676915442,0.07778174593052023,0.11027583269967464,-0.6860665423634283,False,False,False,ONLINE_RANK,31291,2025-05-11,-0.17073886384760387,False,0.1215918447400799,1.0,True,0.49716929920724184,0.6226410468186814,0.12123811725797404,REJECT,False,-0.5757907096637537,-0.5757907096637537,0.03249408676915442,0.0,0.6756756756756757,0.6750591323084558,0.4561210353435512,-0.2626302546330294,-0.2626302546330294,False,NEUTRAL,,False,False,META_PROBABILITY,0000,-0.17073886384760387,False,False,False,False,False
2025-05,31366,-1,31397,2025-05-11,-0.17073827066745162,False,0.1211297218888256,0.6896551724137931,False,0.5037465625936527,0.6646226037379099,0.12110499110110005,REJECT,False,-0.5767066857142978,0.03249408676915442,0.0,0.03249408676915442,-0.6092007724834523,False,False,False,ONLINE_RANK,31397,2025-05-11,-0.17073827066745162,False,0.1211297218888256,0.6896551724137931,False,0.5037465625936527,0.6646226037379099,0.12110499110110005,REJECT,False,-0.5767066857142978,0.03249408676915442,0.07778174593052023,0.11027583269967464,-0.6869825184139725,False,False,False,ONLINE_RANK,31397,2025-05-11,-0.17073827066745162,False,0.1211297218888256,0.9827586206896551,True,0.5037465625936527,0.6646226037379099,0.12110499110110005,REJECT,False,-0.5767066857142978,-0.5767066857142978,0.03249408676915442,0.0,0.6756756756756757,0.6750591323084558,0.4561210353435512,-0.26304805057755354,-0.26304805057755354,False,NEUTRAL,,False,False,META_PROBABILITY,0000,-0.17073827066745162,False,False,False,False,False
2025-05,32111,-1,32130,2025-05-14,-1.2712912244948205,False,0.11812486920546593,0.23728813559322035,False,0.5108051497872518,0.6174944236391173,0.12110648827296468,REJECT,False,-0.5821399049606362,0.03249408676915442,0.0,0.03249408676915442,-0.6146339917297906,False,False,False,ONLINE_RANK,32130,2025-05-14,-1.2712912244948205,False,0.11812486920546593,0.23728813559322035,False,0.5108051497872518,0.6174944236391173,0.12110648827296468,REJECT,False,-0.5821399049606362,0.03249408676915442,0.07778174593052023,0.11027583269967464,-0.6924157376603108,False,False,False,ONLINE_RANK,32130,2025-05-14,-1.2712912244948205,False,0.11812486920546593,0.864406779661017,True,0.5108051497872518,0.6174944236391173,0.12110648827296468,REJECT,False,-0.5821399049606362,-0.5821399049606362,0.03249408676915442,0.0,0.6756756756756757,0.6750591323084558,0.4561210353435512,-0.26552625616544184,-0.26552625616544184,False,NEUTRAL,,False,False,META_PROBABILITY,0000,-1.2712912244948205,False,False,False,False,False
2025-05,32113,-1,32122,2025-05-14,-1.2712917934674208,False,0.11847266292365152,0.26666666666666666,False,0.511876382992889,0.6872656268006989,0.12098459103773261,REJECT,False,-0.5815844195119838,0.03249408676915442,0.0,0.03249408676915442,-0.6140785062811382,False,False,False,ONLINE_RANK,32122,2025-05-14,-1.2712917934674208,False,0.11847266292365152,0.26666666666666666,False,0.511876382992889,0.6872656268006989,0.12098459103773261,REJECT,False,-0.5815844195119838,0.03249408676915442,0.07778174593052023,0.11027583269967464,-0.6918602522116585,False,False,False,ONLINE_RANK,32122,2025-05-14,-1.2712917934674208,False,0.11847266292365152,0.8666666666666667,True,0.511876382992889,0.6872656268006989,0.12098459103773261,REJECT,False,-0.5815844195119838,-0.5815844195119838,0.03249408676915442,0.0,0.6756756756756757,0.6750591323084558,0.4561210353435512,-0.2652728875674843,-0.2652728875674843,False,NEUTRAL,,False,False,META_PROBABILITY,0000,-1.2712917934674208,False,False,False,False,False
2025-05,32393,-1,32399,2025-05-15,-1.271298473216036,False,0.11935237896599503,0.26229508196721313,False,0.8067494293572486,0.6341506396779291,0.11803931471475754,REJECT,False,-0.5817689585524415,0.03249408676915442,0.0,0.03249408676915442,-0.6142630453215959,False,False,False,ONLINE_RANK,32399,2025-05-15,-1.271298473216036,False,0.11935237896599503,0.26229508196721313,False,0.8067494293572486,0.6341506396779291,0.11803931471475754,REJECT,False,-0.5817689585524415,0.03249408676915442,0.07778174593052023,0.11027583269967464,-0.6920447912521162,False,False,False,ONLINE_RANK,32399,2025-05-15,-1.271298473216036,False,0.11935237896599503,0.8524590163934426,True,0.8067494293572486,0.6341506396779291,0.11803931471475754,REJECT,False,-0.5817689585524415,-0.5817689585524415,0.03249408676915442,0.0,0.6756756756756757,0.6750591323084558,0.4561210353435512,-0.26535705970567913,-0.26535705970567913,False,NEUTRAL,,False,False,META_PROBABILITY,0000,-1.271298473216036,False,False,False,False,False
2025-05,33250,-1,33258,2025-05-18,1.8302692507302938,True,0.12233660640642412,0.8387096774193549,True,0.5186194838013645,0.5102326549306968,0.12119751901238457,REJECT,False,-0.5744683197176197,0.03249408676915442,0.0,0.03249408676915442,-0.6069624064867741,False,False,False,META_PROBABILITY,33258,2025-05-18,1.8302692507302938,True,0.12233660640642412,0.8387096774193549,True,0.5186194838013645,0.5102326549306968,0.12119751901238457,REJECT,False,-0.5744683197176197,0.03249408676915442,0.07778174593052023,0.11027583269967464,-0.6847441524172944,False,False,False,META_PROBABILITY,33258,2025-05-18,1.8302692507302938,True,0.12233660640642412,1.0,True,0.5186194838013645,0.5102326549306968,0.12119751901238457,REJECT,False,-0.5744683197176197,-0.5744683197176197,0.03249408676915442,0.0,0.6756756756756757,0.6750591323084558,0.4561210353435512,-0.26202708476167086,-0.26202708476167086,False,NEUTRAL,,False,False,META_PROBABILITY,0000,1.8302692507302938,True,True,True,True,True
2025-05,33501,-1,33506,2025-05-19,-1.271287505470875,False,0.12066014898463032,0.5714285714285714,False,0.6377404516813296,0.7001342021064727,0.1196287936759979,REJECT,False,-0.5784457599417054,0.03249408676915442,0.0,0.03249408676915442,-0.6109398467108599,False,False,False,ONLINE_RANK,33506,2025-05-19,-1.271287505470875,False,0.12066014898463032,0.5714285714285714,False,0.6377404516813296,0.7001342021064727,0.1196287936759979,REJECT,False,-0.5784457599417054,0.03249408676915442,0.07778174593052023,0.11027583269967464,-0.6887215926413801,False,False,False,ONLINE_RANK,33506,2025-05-19,-1.271287505470875,False,0.12066014898463032,0.9365079365079365,True,0.6377404516813296,0.7001342021064727,0.1196287936759979,REJECT,False,-0.5784457599417054,-0.5784457599417054,0.03249408676915442,0.0,0.6756756756756757,0.6750591323084558,0.4561210353435512,-0.26384127891469794,-0.26384127891469794,False,NEUTRAL,,False,False,META_PROBABILITY,0000,-1.271287505470875,False,False,False,False,False
2025-05,33502,-1,33505,2025-05-19,-1.2712878032467372,False,0.1205744511285336,0.5625,False,0.6379184779742371,0.6934631262326574,0.11964090568476618,REJECT,False,-0.5785934387982201,0.03249408676915442,0.0,0.03249408676915442,-0.6110875255673746,False,False,False,ONLINE_RANK,33505,2025-05-19,-1.2712878032467372,False,0.1205744511285336,0.5625,False,0.6379184779742371,0.6934631262326574,0.11964090568476618,REJECT,False,-0.5785934387982201,0.03249408676915442,0.07778174593052023,0.11027583269967464,-0.6888692714978948,False,False,False,ONLINE_RANK,33505,2025-05-19,-1.2712878032467372,False,0.1205744511285336,0.921875,True,0.6379184779742371,0.6934631262326574,0.11964090568476618,REJECT,False,-0.5785934387982201,-0.5785934387982201,0.03249408676915442,0.0,0.6756756756756757,0.6750591323084558,0.4561210353435512,-0.2639086383476298,-0.2639086383476298,False,NEUTRAL,,False,False,META_PROBABILITY,0000,-1.2712878032467372,False,False,False,False,False
2025-05,34025,-1,34027,2025-05-21,-1.2712750537566382,False,0.11890851204366991,0.3076923076923077,False,0.516766590598636,0.8057792960672701,0.12074240598945787,REJECT,False,-0.5809422018353363,0.03249408676915442,0.0,0.03249408676915442,-0.6134362886044907,False,False,False,ONLINE_RANK,34027,2025-05-21,-1.2712750537566382,False,0.11890851204366991,0.3076923076923077,False,0.516766590598636,0.8057792960672701,0.12074240598945787,REJECT,False,-0.5809422018353363,0.03249408676915442,0.07778174593052023,0.11027583269967464,-0.691218034535011,False,False,False,ONLINE_RANK,34027,2025-05-21,-1.2712750537566382,False,0.11890851204366991,0.8461538461538461,True,0.516766590598636,0.8057792960672701,0.12074240598945787,REJECT,False,-0.5809422018353363,-0.5809422018353363,0.03249408676915442,0.0,0.6756756756756757,0.6750591323084558,0.4561210353435512,-0.2649799585758959,-0.2649799585758959,False,NEUTRAL,,False,False,META_PROBABILITY,0000,-1.2712750537566382,False,False,False,False,False
2025-05,34037,-1,34042,2025-05-21,-1.2067456225748443,False,0.11948499333154289,0.4696969696969697,False,0.5275072133403842,0.7067134052720203,0.12078653809238354,REJECT,False,-0.5798730614837422,0.03249408676915442,0.0,0.03249408676915442,-0.6123671482528966,False,False,False,ONLINE_RANK,34042,2025-05-21,-1.2067456225748443,False,0.11948499333154289,0.4696969696969697,False,0.5275072133403842,0.7067134052720203,0.12078653809238354,REJECT,False,-0.5798730614837422,0.03249408676915442,0.07778174593052023,0.11027583269967464,-0.6901488941834169,False,False,False,ONLINE_RANK,34042,2025-05-21,-1.2067456225748443,False,0.11948499333154289,0.8939393939393939,True,0.5275072133403842,0.7067134052720203,0.12078653809238354,REJECT,False,-0.5798730614837422,-0.5798730614837422,0.03249408676915442,0.0,0.6756756756756757,0.6750591323084558,0.4561210353435512,-0.2644923011717992,-0.2644923011717992,False,NEUTRAL,,False,False,META_PROBABILITY,0000,-1.2067456225748443,False,False,False,False,False
2025-05,34108,-1,34114,2025-05-21,-1.2712684902739906,False,0.12162156974904209,0.7910447761194029,False,0.5335237813189312,0.4909069994106284,0.12108303842975314,REJECT,False,-0.575830437543844,0.03249408676915442,0.0,0.03249408676915442,-0.6083245243129984,False,False,False,ONLINE_RANK,34114,2025-05-21,-1.2712684902739906,False,0.12162156974904209,0.7910447761194029,False,0.5335237813189312,0.4909069994106284,0.12108303842975314,REJECT,False,-0.575830437543844,0.03249408676915442,0.07778174593052023,0.11027583269967464,-0.6861062702435187,False,False,False,ONLINE_RANK,34114,2025-05-21,-1.2712684902739906,False,0.12162156974904209,0.9701492537313433,True,0.5335237813189312,0.4909069994106284,0.12108303842975314,REJECT,False,-0.575830437543844,-0.575830437543844,0.03249408676915442,0.0,0.6756756756756757,0.6750591323084558,0.4561210353435512,-0.2626483753548282,-0.2626483753548282,False,NEUTRAL,,False,False,META_PROBABILITY,0000,-1.2712684902739906,False,False,False,False,False
2025-05,34179,-1,34208,2025-05-22,1.8302946289957382,True,0.12144192246607624,0.75,False,0.49962516205584406,0.5945622646067144,0.12125592259629363,REJECT,False,-0.5760511030504822,0.03249408676915442,0.0,0.03249408676915442,-0.6085451898196367,False,False,False,ONLINE_RANK,34208,2025-05-22,1.8302946289957382,True,0.12144192246607624,0.75,False,0.49962516205584406,0.5945622646067144,0.12125592259629363,REJECT,False,-0.5760511030504822,0.03249408676915442,0.07778174593052023,0.11027583269967464,-0.6863269357501569,False,False,False,ONLINE_RANK,34208,2025-05-22,1.8302946289957382,True,0.12144192246607624,0.9558823529411765,True,0.49962516205584406,0.5945622646067144,0.12125592259629363,REJECT,False,-0.5760511030504822,-0.5760511030504822,0.03249408676915442,0.0,0.6756756756756757,0.6750591323084558,0.4561210353435512,-0.26274902553418067,-0.26274902553418067,False,NEUTRAL,,False,False,META_PROBABILITY,0000,1.8302946289957382,True,True,True,True,True
2025-05,34585,-1,34601,2025-05-24,-1.2712700225305744,False,0.11862551278455467,0.14492753623188406,False,0.800898616921636,0.7038011567464131,0.11790897412904877,REJECT,False,-0.5831620301324576,0.03249408676915442,0.0,0.03249408676915442,-0.615656116901612,False,False,False,ONLINE_RANK,34601,2025-05-24,-1.2712700225305744,False,0.11862551278455467,0.14492753623188406,False,0.800898616921636,0.7038011567464131,0.11790897412904877,REJECT,False,-0.5831620301324576,0.03249408676915442,0.07778174593052023,0.11027583269967464,-0.6934378628321323,False,False,False,ONLINE_RANK,34601,2025-05-24,-1.2712700225305744,False,0.11862551278455467,0.7391304347826086,False,0.800898616921636,0.7038011567464131,0.11790897412904877,REJECT,False,-0.5831620301324576,-0.5831620301324576,0.03249408676915442,0.0,0.6756756756756757,0.6750591323084558,0.4561210353435512,-0.26599246895706374,-0.26599246895706374,False,NEUTRAL,,False,False,ONLINE_RANK,0000,-1.2712700225305744,False,False,False,False,False
2025-05,34611,-1,34656,2025-05-24,-0.17071531292548595,False,0.11968068928978243,0.3,False,0.795969546992718,0.5631561502295728,0.11834151811986787,REJECT,False,-0.5809930530791103,0.03249408676915442,0.0,0.03249408676915442,-0.6134871398482648,False,False,False,ONLINE_RANK,34656,2025-05-24,-0.17071531292548595,False,0.11968068928978243,0.3,False,0.795969546992718,0.5631561502295728,0.11834151811986787,REJECT,False,-0.5809930530791103,0.03249408676915442,0.07778174593052023,0.11027583269967464,-0.691268885778785,False,False,False,ONLINE_RANK,34656,2025-05-24,-0.17071531292548595,False,0.11968068928978243,0.8,True,0.795969546992718,0.5631561502295728,0.11834151811986787,REJECT,False,-0.5809930530791103,-0.5809930530791103,0.03249408676915442,0.0,0.6756756756756757,0.6750591323084558,0.4561210353435512,-0.2650031528978546,-0.2650031528978546,False,NEUTRAL,,False,False,META_PROBABILITY,0000,-0.17071531292548595,False,False,False,False,False
2025-05,35014,-1,35023,2025-05-25,-1.2712670499623988,False,0.11976223849299525,0.2676056338028169,False,0.7983755220150366,0.8135513976817388,0.11763643855448831,REJECT,False,-0.5812706089280459,0.03249408676915442,0.0,0.03249408676915442,-0.6137646956972004,False,False,False,ONLINE_RANK,35023,2025-05-25,-1.2712670499623988,False,0.11976223849299525,0.2676056338028169,False,0.7983755220150366,0.8135513976817388,0.11763643855448831,REJECT,False,-0.5812706089280459,0.03249408676915442,0.07778174593052023,0.11027583269967464,-0.6915464416277206,False,False,False,ONLINE_RANK,35023,2025-05-25,-1.2712670499623988,False,0.11976223849299525,0.7746478873239436,False,0.7983755220150366,0.8135513976817388,0.11763643855448831,REJECT,False,-0.5812706089280459,-0.5812706089280459,0.03249408676915442,0.0,0.6756756756756757,0.6750591323084558,0.4561210353435512,-0.26512975195903676,-0.26512975195903676,False,NEUTRAL,,False,False,ONLINE_RANK,0000,-1.2712670499623988,False,False,False,False,False
2025-05,35015,-1,35024,2025-05-25,-1.2712666905286227,False,0.12033944492244791,0.4861111111111111,False,0.7980287859483093,0.593764897837912,0.1182373186661758,REJECT,False,-0.5798645404676596,0.03249408676915442,0.0,0.03249408676915442,-0.612358627236814,False,False,False,ONLINE_RANK,35024,2025-05-25,-1.2712666905286227,False,0.12033944492244791,0.4861111111111111,False,0.7980287859483093,0.593764897837912,0.1182373186661758,REJECT,False,-0.5798645404676596,0.03249408676915442,0.07778174593052023,0.11027583269967464,-0.6901403731673342,False,False,False,ONLINE_RANK,35024,2025-05-25,-1.2712666905286227,False,0.12033944492244791,0.875,True,0.7980287859483093,0.593764897837912,0.1182373186661758,REJECT,False,-0.5798645404676596,-0.5798645404676596,0.03249408676915442,0.0,0.6756756756756757,0.6750591323084558,0.4561210353435512,-0.2644884145571214,-0.2644884145571214,False,NEUTRAL,,False,False,META_PROBABILITY,0000,-1.2712666905286227,False,False,False,False,False
2025-05,35946,-1,35971,2025-05-29,1.8302831163570576,True,0.11890032425694615,0.3424657534246575,False,0.4733108865139196,0.6729460542336889,0.12141431293507805,REJECT,False,-0.5805519726251958,0.03249408676915442,0.0,0.03249408676915442,-0.6130460593943502,False,False,False,ONLINE_RANK,35971,2025-05-29,1.8302831163570576,True,0.11890032425694615,0.3424657534246575,False,0.4733108865139196,0.6729460542336889,0.12141431293507805,REJECT,False,-0.5805519726251958,0.03249408676915442,0.07778174593052023,0.11027583269967464,-0.6908278053248704,False,False,False,ONLINE_RANK,35971,2025-05-29,1.8302831163570576,True,0.11890032425694615,0.821917808219178,True,0.4733108865139196,0.6729460542336889,0.12141431293507805,REJECT,False,-0.5805519726251958,-0.5805519726251958,0.03249408676915442,0.0,0.6756756756756757,0.6750591323084558,0.4561210353435512,-0.26480196682454527,-0.26480196682454527,False,NEUTRAL,,False,False,META_PROBABILITY,0000,1.8302831163570576,True,True,True,True,True
2025-06,37326,-1,37329,2025-06-03,-1.271277877803177,False,0.1791250235817403,0.7083333333333334,False,0.5151994755957683,0.720454461991008,0.17439640303877896,REJECT,False,-0.38328110889711864,0.037738018322949964,0.0,0.037738018322949964,-0.4210191272200686,False,False,False,ONLINE_RANK,37329,2025-06-03,-1.271277877803177,False,0.1791250235817403,0.7083333333333334,False,0.5151994755957683,0.720454461991008,0.17439640303877896,REJECT,False,-0.38328110889711864,0.037738018322949964,0.11468292773139113,0.1524209460543411,-0.5357020549514597,False,False,False,ONLINE_RANK,37329,2025-06-03,-1.271277877803177,False,0.1791250235817403,1.0,True,0.5151994755957683,0.720454461991008,0.17439640303877896,REJECT,False,-0.38328110889711864,-0.38328110889711864,0.037738018322949964,0.0,0.48936170212765956,0.65,0.3180851063829787,-0.12191601229812603,-0.12191601229812603,False,NEUTRAL,,False,False,META_PROBABILITY,0000,-1.271277877803177,False,False,False,False,False
2025-06,37327,-1,37355,2025-06-03,1.8302719187380592,True,0.18062276698423196,0.76,False,0.5149060634235357,0.7373811390242246,0.17404256129946258,REJECT,False,-0.38049458139018005,0.037738018322949964,0.0,0.037738018322949964,-0.41823259971313004,False,False,False,ONLINE_RANK,37355,2025-06-03,1.8302719187380592,True,0.18062276698423196,0.76,False,0.5149060634235357,0.7373811390242246,0.17404256129946258,REJECT,False,-0.38049458139018005,0.037738018322949964,0.11468292773139113,0.1524209460543411,-0.5329155274445212,False,False,False,ONLINE_RANK,37355,2025-06-03,1.8302719187380592,True,0.18062276698423196,1.0,True,0.5149060634235357,0.7373811390242246,0.17404256129946258,REJECT,False,-0.38049458139018005,-0.38049458139018005,0.037738018322949964,0.0,0.48936170212765956,0.65,0.3180851063829787,-0.12102965939964237,-0.12102965939964237,False,NEUTRAL,,False,False,META_PROBABILITY,0000,1.8302719187380592,True,True,True,True,True
2025-06,37838,-1,37845,2025-06-05,1.8302684321375402,True,0.16653936148458057,0.2692307692307692,False,0.6308325054120962,0.8108685507824196,0.1691421753891197,REJECT,False,-0.41223512751018915,0.037738018322949964,0.0,0.037738018322949964,-0.44997314583313913,False,False,False,ONLINE_RANK,37845,2025-06-05,1.8302684321375402,True,0.16653936148458057,0.2692307692307692,False,0.6308325054120962,0.8108685507824196,0.1691421753891197,REJECT,False,-0.41223512751018915,0.037738018322949964,0.11468292773139113,0.1524209460543411,-0.5646560735645303,False,False,False,ONLINE_RANK,37845,2025-06-05,1.8302684321375402,True,0.16653936148458057,0.9230769230769231,True,0.6308325054120962,0.8108685507824196,0.1691421753891197,REJECT,False,-0.41223512751018915,-0.41223512751018915,0.037738018322949964,0.0,0.48936170212765956,0.65,0.3180851063829787,-0.1311258543888793,-0.1311258543888793,False,NEUTRAL,,False,False,META_PROBABILITY,0000,1.8302684321375402,True,True,True,True,True
2025-06,37839,-1,37845,2025-06-05,1.830268411124264,True,0.1661949979827461,0.25925925925925924,False,0.6317116451488625,0.8386069105459324,0.16849040925723371,REJECT,False,-0.41336932870958065,0.037738018322949964,0.0,0.037738018322949964,-0.45110734703253064,False,False,False,ONLINE_RANK,37845,2025-06-05,1.830268411124264,True,0.1661949979827461,0.25925925925925924,False,0.6317116451488625,0.8386069105459324,0.16849040925723371,REJECT,False,-0.41336932870958065,0.037738018322949964,0.11468292773139113,0.1524209460543411,-0.5657902747639217,False,False,False,ONLINE_RANK,37845,2025-06-05,1.830268411124264,True,0.1661949979827461,0.8888888888888888,True,0.6317116451488625,0.8386069105459324,0.16849040925723371,REJECT,False,-0.41336932870958065,-0.41336932870958065,0.037738018322949964,0.0,0.48936170212765956,0.65,0.3180851063829787,-0.13148662689804747,-0.13148662689804747,False,NEUTRAL,,False,False,META_PROBABILITY,0000,1.830268411124264,True,True,True,True,True
2025-06,37937,-1,37945,2025-06-05,-1.2102328383631702,False,0.228012085579096,1.0,True,0.8112508318098424,0.6568770470700505,0.16775436568433189,REJECT,False,-0.2890238986405545,0.037738018322949964,0.0,0.037738018322949964,-0.3267619169635045,False,False,False,META_PROBABILITY,37945,2025-06-05,-1.2102328383631702,False,0.228012085579096,1.0,True,0.8112508318098424,0.6568770470700505,0.16775436568433189,REJECT,False,-0.2890238986405545,0.037738018322949964,0.11468292773139113,0.1524209460543411,-0.4414448446948956,False,False,False,META_PROBABILITY,37945,2025-06-05,-1.2102328383631702,False,0.228012085579096,1.0,True,0.8112508318098424,0.6568770470700505,0.16775436568433189,REJECT,False,-0.2890238986405545,-0.2890238986405545,0.037738018322949964,0.0,0.48936170212765956,0.65,0.3180851063829787,-0.09193419754630404,-0.09193419754630404,False,NEUTRAL,,False,False,META_PROBABILITY,0000,-1.2102328383631702,False,False,False,False,False
2025-06,37938,-1,37945,2025-06-05,-1.2193521428688319,False,0.2274236657344238,0.9655172413793104,True,0.8112234896715151,0.7085612024448968,0.16644167801028706,REJECT,False,-0.29109589179271744,0.037738018322949964,0.0,0.037738018322949964,-0.3288339101156674,False,False,False,META_PROBABILITY,37945,2025-06-05,-1.2193521428688319,False,0.2274236657344238,0.9655172413793104,True,0.8112234896715151,0.7085612024448968,0.16644167801028706,REJECT,False,-0.29109589179271744,0.037738018322949964,0.11468292773139113,0.1524209460543411,-0.44351683784705853,False,False,False,META_PROBABILITY,37945,2025-06-05,-1.2193521428688319,False,0.2274236657344238,0.9655172413793104,True,0.8112234896715151,0.7085612024448968,0.16644167801028706,REJECT,False,-0.29109589179271744,-0.29109589179271744,0.037738018322949964,0.0,0.48936170212765956,0.65,0.3180851063829787,-0.09259326770853459,-0.09259326770853459,False,NEUTRAL,,False,False,META_PROBABILITY,0000,-1.2193521428688319,False,False,False,False,False
2025-06,39260,-1,39271,2025-06-10,-1.271262435725339,False,0.185059973760796,0.8,True,0.52297539895955,0.7401069208015156,0.17374885000496731,REJECT,False,-0.37173126722229416,0.037738018322949964,0.0,0.037738018322949964,-0.40946928554524414,False,False,False,META_PROBABILITY,39271,2025-06-10,-1.271262435725339,False,0.185059973760796,0.8,True,0.52297539895955,0.7401069208015156,0.17374885000496731,REJECT,False,-0.37173126722229416,0.037738018322949964,0.11468292773139113,0.1524209460543411,-0.5241522132766352,False,False,False,META_PROBABILITY,39271,2025-06-10,-1.271262435725339,False,0.185059973760796,0.9333333333333333,True,0.52297539895955,0.7401069208015156,0.17374885000496731,REJECT,False,-0.37173126722229416,-0.37173126722229416,0.037738018322949964,0.0,0.48936170212765956,0.65,0.3180851063829787,-0.11824217968028293,-0.11824217968028293,False,NEUTRAL,,False,False,META_PROBABILITY,0000,-1.271262435725339,False,False,False,False,False
2025-06,39741,-1,39747,2025-06-12,-1.2712723007044655,False,0.18768263572397587,0.8387096774193549,True,0.633825691364183,0.5614927766397149,0.17475123402413603,REJECT,False,-0.36575996737028255,0.037738018322949964,0.0,0.037738018322949964,-0.40349798569323253,False,False,False,META_PROBABILITY,39747,2025-06-12,-1.2712723007044655,False,0.18768263572397587,0.8387096774193549,True,0.633825691364183,0.5614927766397149,0.17475123402413603,REJECT,False,-0.36575996737028255,0.037738018322949964,0.11468292773139113,0.1524209460543411,-0.5181809134246236,False,False,False,META_PROBABILITY,39747,2025-06-12,-1.2712723007044655,False,0.18768263572397587,0.9354838709677419,True,0.633825691364183,0.5614927766397149,0.17475123402413603,REJECT,False,-0.36575996737028255,-0.36575996737028255,0.037738018322949964,0.0,0.48936170212765956,0.65,0.3180851063829787,-0.11634279813161115,-0.11634279813161115,False,NEUTRAL,,False,False,META_PROBABILITY,0000,-1.2712723007044655,False,False,False,False,False
2025-06,39847,-1,39855,2025-06-13,-0.11749607068943006,False,0.21940540234549205,0.9375,True,0.8053706457696956,0.6266232840958765,0.16869734664240424,REJECT,False,-0.3057704873883552,0.037738018322949964,0.0,0.037738018322949964,-0.3435085057113052,False,False,False,META_PROBABILITY,39855,2025-06-13,-0.11749607068943006,False,0.21940540234549205,0.9375,True,0.8053706457696956,0.6266232840958765,0.16869734664240424,REJECT,False,-0.3057704873883552,0.037738018322949964,0.11468292773139113,0.1524209460543411,-0.4581914334426963,False,False,False,META_PROBABILITY,39855,2025-06-13,-0.11749607068943006,False,0.21940540234549205,0.9375,True,0.8053706457696956,0.6266232840958765,0.16869734664240424,REJECT,False,-0.3057704873883552,-0.3057704873883552,0.037738018322949964,0.0,0.48936170212765956,0.65,0.3180851063829787,-0.09726103800970022,-0.09726103800970022,False,NEUTRAL,,False,False,META_PROBABILITY,0000,-0.11749607068943006,False,False,False,False,False
2025-06,39848,-1,39855,2025-06-13,-0.1216288540795459,False,0.22013412967637594,0.9393939393939394,True,0.805413332509086,0.5865066921627218,0.1697211199964847,REJECT,False,-0.3036096298272643,0.037738018322949964,0.0,0.037738018322949964,-0.3413476481502143,False,False,False,META_PROBABILITY,39855,2025-06-13,-0.1216288540795459,False,0.22013412967637594,0.9393939393939394,True,0.805413332509086,0.5865066921627218,0.1697211199964847,REJECT,False,-0.3036096298272643,0.037738018322949964,0.11468292773139113,0.1524209460543411,-0.4560305758816054,False,False,False,META_PROBABILITY,39855,2025-06-13,-0.1216288540795459,False,0.22013412967637594,0.9393939393939394,True,0.805413332509086,0.5865066921627218,0.1697211199964847,REJECT,False,-0.3036096298272643,-0.3036096298272643,0.037738018322949964,0.0,0.48936170212765956,0.65,0.3180851063829787,-0.09657370140250215,-0.09657370140250215,False,NEUTRAL,,False,False,META_PROBABILITY,0000,-0.1216288540795459,False,False,False,False,False
2025-06,39851,-1,39855,2025-06-13,-0.1293377959722016,False,0.21354196785913182,0.8823529411764706,True,0.8054734021257106,0.5276610385132777,0.17124642602563125,REJECT,False,-0.31589584405584253,0.037738018322949964,0.0,0.037738018322949964,-0.3536338623787925,False,False,False,META_PROBABILITY,39855,2025-06-13,-0.1293377959722016,False,0.21354196785913182,0.8823529411764706,True,0.8054734021257106,0.5276610385132777,0.17124642602563125,REJECT,False,-0.31589584405584253,0.037738018322949964,0.11468292773139113,0.1524209460543411,-0.4683167901101836,False,False,False,META_PROBABILITY,39855,2025-06-13,-0.1293377959722016,False,0.21354196785913182,0.8823529411764706,True,0.8054734021257106,0.5276610385132777,0.17124642602563125,REJECT,False,-0.31589584405584253,-0.31589584405584253,0.037738018322949964,0.0,0.48936170212765956,0.65,0.3180851063829787,-0.10048176316244352,-0.10048176316244352,False,NEUTRAL,,False,False,META_PROBABILITY,0000,-0.1293377959722016,False,False,False,False,False
2025-06,39916,-1,39960,2025-06-13,-0.17073422649574604,False,0.16715873673833542,0.2571428571428571,False,0.8166077261488399,0.5075732580901455,0.1715816613548363,REJECT,False,-0.409342088264539,0.037738018322949964,0.0,0.037738018322949964,-0.447080106587489,False,False,False,ONLINE_RANK,39960,2025-06-13,-0.17073422649574604,False,0.16715873673833542,0.2571428571428571,False,0.8166077261488399,0.5075732580901455,0.1715816613548363,REJECT,False,-0.409342088264539,0.037738018322949964,0.11468292773139113,0.1524209460543411,-0.5617630343188801,False,False,False,ONLINE_RANK,39960,2025-06-13,-0.17073422649574604,False,0.16715873673833542,0.7428571428571429,False,0.8166077261488399,0.5075732580901455,0.1715816613548363,REJECT,False,-0.409342088264539,-0.409342088264539,0.037738018322949964,0.0,0.48936170212765956,0.65,0.3180851063829787,-0.13020562169265654,-0.13020562169265654,False,NEUTRAL,,False,False,ONLINE_RANK,0000,-0.17073422649574604,False,False,False,False,False
2025-06,40685,-1,40689,2025-06-16,-1.2712786994412184,False,0.19677905924176617,0.8333333333333334,True,0.5059919567534952,0.5113710930806608,0.17909742918099256,REJECT,False,-0.3444638034382298,0.037738018322949964,0.0,0.037738018322949964,-0.3822018217611798,False,False,False,META_PROBABILITY,40689,2025-06-16,-1.2712786994412184,False,0.19677905924176617,0.8333333333333334,True,0.5059919567534952,0.5113710930806608,0.17909742918099256,REJECT,False,-0.3444638034382298,0.037738018322949964,0.11468292773139113,0.1524209460543411,-0.4968847494925709,False,False,False,META_PROBABILITY,40689,2025-06-16,-1.2712786994412184,False,0.19677905924176617,0.8611111111111112,True,0.5059919567534952,0.5113710930806608,0.17909742918099256,REJECT,False,-0.3444638034382298,-0.3444638034382298,0.037738018322949964,0.0,0.48936170212765956,0.65,0.3180851063829787,-0.10956880556173479,-0.10956880556173479,False,NEUTRAL,,False,False,META_PROBABILITY,0000,-1.2712786994412184,False,False,False,False,False
2025-06,40795,-1,40815,2025-06-16,-1.2712729356414545,False,0.165138706112431,0.24324324324324326,False,0.5198663147673541,0.6576463475707763,0.17563049041265752,REJECT,False,-0.4106960175259318,0.037738018322949964,0.0,0.037738018322949964,-0.4484340358488818,False,False,False,ONLINE_RANK,40815,2025-06-16,-1.2712729356414545,False,0.165138706112431,0.24324324324324326,False,0.5198663147673541,0.6576463475707763,0.17563049041265752,REJECT,False,-0.4106960175259318,0.037738018322949964,0.11468292773139113,0.1524209460543411,-0.5631169635802729,False,False,False,ONLINE_RANK,40815,2025-06-16,-1.2712729356414545,False,0.165138706112431,0.7027027027027027,False,0.5198663147673541,0.6576463475707763,0.17563049041265752,REJECT,False,-0.4106960175259318,-0.4106960175259318,0.037738018322949964,0.0,0.48936170212765956,0.65,0.3180851063829787,-0.13063628642580172,-0.13063628642580172,False,NEUTRAL,,False,False,ONLINE_RANK,0000,-1.2712729356414545,False,False,False,False,False
2025-06,40797,-1,40818,2025-06-16,-1.2712729111833063,False,0.16799947634862655,0.34210526315789475,False,0.5179465971339468,0.5630559032508438,0.17771355531729477,REJECT,False,-0.403516367017967,0.037738018322949964,0.0,0.037738018322949964,-0.441254385340917,False,False,False,ONLINE_RANK,40818,2025-06-16,-1.2712729111833063,False,0.16799947634862655,0.34210526315789475,False,0.5179465971339468,0.5630559032508438,0.17771355531729477,REJECT,False,-0.403516367017967,0.037738018322949964,0.11468292773139113,0.1524209460543411,-0.5559373130723081,False,False,False,ONLINE_RANK,40818,2025-06-16,-1.2712729111833063,False,0.16799947634862655,0.7368421052631579,False,0.5179465971339468,0.5630559032508438,0.17771355531729477,REJECT,False,-0.403516367017967,-0.403516367017967,0.037738018322949964,0.0,0.48936170212765956,0.65,0.3180851063829787,-0.1283525465301831,-0.1283525465301831,False,NEUTRAL,,False,False,ONLINE_RANK,0000,-1.2712729111833063,False,False,False,False,False
2025-06,41785,-1,41848,2025-06-20,1.830271222596088,True,0.1658003902483611,0.2564102564102564,False,0.5082596686401085,0.7444324162965148,0.17410565830126173,REJECT,False,-0.41038620931995656,0.037738018322949964,0.0,0.037738018322949964,-0.44812422764290655,False,False,False,ONLINE_RANK,41848,2025-06-20,1.830271222596088,True,0.1658003902483611,0.2564102564102564,False,0.5082596686401085,0.7444324162965148,0.17410565830126173,REJECT,False,-0.41038620931995656,0.037738018322949964,0.11468292773139113,0.1524209460543411,-0.5628071553742977,False,False,False,ONLINE_RANK,41848,2025-06-20,1.830271222596088,True,0.1658003902483611,0.6923076923076923,False,0.5082596686401085,0.7444324162965148,0.17410565830126173,REJECT,False,-0.41038620931995656,-0.41038620931995656,0.037738018322949964,0.0,0.48936170212765956,0.65,0.3180851063829787,-0.13053774104964574,-0.13053774104964574,False,NEUTRAL,,False,False,ONLINE_RANK,0000,1.830271222596088,True,True,True,True,True
2025-06,42212,-1,42226,2025-06-21,-0.16344537885406285,False,0.22649589554765545,1.0,True,0.8226309488566466,0.4647719042945106,0.1724467818907263,REJECT,False,-0.28892706521911066,0.037738018322949964,0.0,0.037738018322949964,-0.32666508354206064,False,False,False,META_PROBABILITY,42226,2025-06-21,-0.16344537885406285,False,0.22649589554765545,1.0,True,0.8226309488566466,0.4647719042945106,0.1724467818907263,REJECT,False,-0.28892706521911066,0.037738018322949964,0.11468292773139113,0.1524209460543411,-0.44134801127345175,False,False,False,META_PROBABILITY,42226,2025-06-21,-0.16344537885406285,False,0.22649589554765545,1.0,True,0.8226309488566466,0.4647719042945106,0.1724467818907263,REJECT,False,-0.28892706521911066,-0.28892706521911066,0.037738018322949964,0.0,0.48936170212765956,0.65,0.3180851063829787,-0.09190339627714264,-0.09190339627714264,False,NEUTRAL,,False,False,META_PROBABILITY,0000,-0.16344537885406285,False,False,False,False,False
2025-06,42215,-1,42226,2025-06-21,-0.17075164512592228,False,0.2384233430526831,1.0,True,0.8224764427954393,0.5949304051770191,0.1690345216586321,REJECT,False,-0.2671363767207364,0.037738018322949964,0.0,0.037738018322949964,-0.3048743950436864,False,False,False,META_PROBABILITY,42226,2025-06-21,-0.17075164512592228,False,0.2384233430526831,1.0,True,0.8224764427954393,0.5949304051770191,0.1690345216586321,REJECT,False,-0.2671363767207364,0.037738018322949964,0.11468292773139113,0.1524209460543411,-0.4195573227750775,False,False,False,META_PROBABILITY,42226,2025-06-21,-0.17075164512592228,False,0.2384233430526831,1.0,True,0.8224764427954393,0.5949304051770191,0.1690345216586321,REJECT,False,-0.2671363767207364,-0.2671363767207364,0.037738018322949964,0.0,0.48936170212765956,0.65,0.3180851063829787,-0.08497210280797893,-0.08497210280797893,False,NEUTRAL,,False,False,META_PROBABILITY,0000,-0.17075164512592228,False,False,False,False,False
2025-06,42233,-1,42248,2025-06-22,-0.10070590116413027,False,0.18106932785331106,0.5238095238095238,False,0.8157732602804522,0.7053257396880332,0.16650075123994235,REJECT,False,-0.3846696905591468,0.037738018322949964,0.0,0.037738018322949964,-0.4224077088820968,False,False,False,ONLINE_RANK,42248,2025-06-22,-0.10070590116413027,False,0.18106932785331106,0.5238095238095238,False,0.8157732602804522,0.7053257396880332,0.16650075123994235,REJECT,False,-0.3846696905591468,0.037738018322949964,0.11468292773139113,0.1524209460543411,-0.5370906366134879,False,False,False,ONLINE_RANK,42248,2025-06-22,-0.10070590116413027,False,0.18106932785331106,0.7142857142857143,False,0.8157732602804522,0.7053257396880332,0.16650075123994235,REJECT,False,-0.3846696905591468,-0.3846696905591468,0.037738018322949964,0.0,0.48936170212765956,0.65,0.3180851063829787,-0.12235769944381371,-0.12235769944381371,False,NEUTRAL,,False,False,ONLINE_RANK,0000,-0.10070590116413027,False,False,False,False,False
2025-06,42418,-1,42451,2025-06-22,1.8666648007087157,True,0.18586792588575082,0.6511627906976745,False,0.8045382768055671,0.6769754573743627,0.1675081888576308,REJECT,False,-0.37430063986487644,0.037738018322949964,0.0,0.037738018322949964,-0.4120386581878264,False,False,False,ONLINE_RANK,42451,2025-06-22,1.8666648007087157,True,0.18586792588575082,0.6511627906976745,False,0.8045382768055671,0.6769754573743627,0.1675081888576308,REJECT,False,-0.37430063986487644,0.037738018322949964,0.11468292773139113,0.1524209460543411,-0.5267215859192176,False,False,False,ONLINE_RANK,42451,2025-06-22,1.8666648007087157,True,0.18586792588575082,0.7674418604651163,False,0.8045382768055671,0.6769754573743627,0.1675081888576308,REJECT,False,-0.37430063986487644,-0.37430063986487644,0.037738018322949964,0.0,0.48936170212765956,0.65,0.3180851063829787,-0.11905945885063622,-0.11905945885063622,False,NEUTRAL,,False,False,ONLINE_RANK,0000,1.8666648007087157,True,True,True,True,True
2025-06,42487,-1,42500,2025-06-22,-1.2603376989318307,False,0.17965871810469938,0.4772727272727273,False,0.8036464717885481,0.7184997166823885,0.16649738219791743,REJECT,False,-0.38752071471820815,0.037738018322949964,0.0,0.037738018322949964,-0.42525873304115813,False,False,False,ONLINE_RANK,42500,2025-06-22,-1.2603376989318307,False,0.17965871810469938,0.4772727272727273,False,0.8036464717885481,0.7184997166823885,0.16649738219791743,REJECT,False,-0.38752071471820815,0.037738018322949964,0.11468292773139113,0.1524209460543411,-0.5399416607725492,False,False,False,ONLINE_RANK,42500,2025-06-22,-1.2603376989318307,False,0.17965871810469938,0.6818181818181818,False,0.8036464717885481,0.7184997166823885,0.16649738219791743,REJECT,False,-0.38752071471820815,-0.38752071471820815,0.037738018322949964,0.0,0.48936170212765956,0.65,0.3180851063829787,-0.12326456776674918,-0.12326456776674918,False,NEUTRAL,,False,False,ONLINE_RANK,0000,-1.2603376989318307,False,False,False,False,False
2025-06,42567,-1,42646,2025-06-23,1.830249063978905,True,0.17946920997581564,0.4888888888888889,False,0.6783406126711439,0.8128848951260641,0.16770302000050225,REJECT,False,-0.3870918267140512,0.037738018322949964,0.0,0.037738018322949964,-0.42482984503700116,False,False,False,ONLINE_RANK,42646,2025-06-23,1.830249063978905,True,0.17946920997581564,0.4888888888888889,False,0.6783406126711439,0.8128848951260641,0.16770302000050225,REJECT,False,-0.3870918267140512,0.037738018322949964,0.11468292773139113,0.1524209460543411,-0.5395127727683923,False,False,False,ONLINE_RANK,42646,2025-06-23,1.830249063978905,True,0.17946920997581564,0.6888888888888889,False,0.6783406126711439,0.8128848951260641,0.16770302000050225,REJECT,False,-0.3870918267140512,-0.3870918267140512,0.037738018322949964,0.0,0.48936170212765956,0.65,0.3180851063829787,-0.12312814488032053,-0.12312814488032053,False,NEUTRAL,,False,False,ONLINE_RANK,0000,1.830249063978905,True,True,True,True,True
2025-06,42568,-1,42646,2025-06-23,1.8302493299654674,True,0.1768732623516953,0.41304347826086957,False,0.6783693999682651,0.6724729261193314,0.17099977828600305,REJECT,False,-0.39011510680325756,0.037738018322949964,0.0,0.037738018322949964,-0.42785312512620755,False,False,False,ONLINE_RANK,42646,2025-06-23,1.8302493299654674,True,0.1768732623516953,0.41304347826086957,False,0.6783693999682651,0.6724729261193314,0.17099977828600305,REJECT,False,-0.39011510680325756,0.037738018322949964,0.11468292773139113,0.1524209460543411,-0.5425360528575986,False,False,False,ONLINE_RANK,42646,2025-06-23,1.8302493299654674,True,0.1768732623516953,0.6521739130434783,False,0.6783693999682651,0.6724729261193314,0.17099977828600305,REJECT,False,-0.39011510680325756,-0.39011510680325756,0.037738018322949964,0.0,0.48936170212765956,0.65,0.3180851063829787,-0.12408980524912128,-0.12408980524912128,False,NEUTRAL,,False,False,ONLINE_RANK,0000,1.8302493299654674,True,True,True,True,True
2025-06,42569,-1,42646,2025-06-23,1.830249246597126,True,0.1768732623516953,0.40425531914893614,False,0.6775734489620701,0.6958513021370099,0.17046969226874528,REJECT,False,-0.390471946775996,0.037738018322949964,0.0,0.037738018322949964,-0.428209965098946,False,False,False,ONLINE_RANK,42646,2025-06-23,1.830249246597126,True,0.1768732623516953,0.40425531914893614,False,0.6775734489620701,0.6958513021370099,0.17046969226874528,REJECT,False,-0.390471946775996,0.037738018322949964,0.11468292773139113,0.1524209460543411,-0.5428928928303371,False,False,False,ONLINE_RANK,42646,2025-06-23,1.830249246597126,True,0.1768732623516953,0.6382978723404256,False,0.6775734489620701,0.6958513021370099,0.17046969226874528,REJECT,False,-0.390471946775996,-0.390471946775996,0.037738018322949964,0.0,0.48936170212765956,0.65,0.3180851063829787,-0.12420331072981149,-0.12420331072981149,False,NEUTRAL,,False,False,ONLINE_RANK,0000,1.830249246597126,True,True,True,True,True
2025-06,42571,-1,42646,2025-06-23,1.830248958669137,True,0.18013578982663433,0.6041666666666666,False,0.6679336448682817,0.6381391292811189,0.17208214175980727,REJECT,False,-0.3827977449565896,0.037738018322949964,0.0,0.037738018322949964,-0.42053576327953957,False,False,False,ONLINE_RANK,42646,2025-06-23,1.830248958669137,True,0.18013578982663433,0.6041666666666666,False,0.6679336448682817,0.6381391292811189,0.17208214175980727,REJECT,False,-0.3827977449565896,0.037738018322949964,0.11468292773139113,0.1524209460543411,-0.5352186910109307,False,False,False,ONLINE_RANK,42646,2025-06-23,1.830248958669137,True,0.18013578982663433,0.75,False,0.6679336448682817,0.6381391292811189,0.17208214175980727,REJECT,False,-0.3827977449565896,-0.3827977449565896,0.037738018322949964,0.0,0.48936170212765956,0.65,0.3180851063829787,-0.12176226142768115,-0.12176226142768115,False,NEUTRAL,,False,False,ONLINE_RANK,0000,1.830248958669137,True,True,True,True,True
2025-06,43182,-1,43183,2025-06-25,-1.2712724268556954,False,0.17319070756621432,0.3877551020408163,False,0.524262127382762,0.7187570798209022,0.17418806625605926,REJECT,False,-0.3954058323914723,0.037738018322949964,0.0,0.037738018322949964,-0.4331438507144223,False,False,False,ONLINE_RANK,43183,2025-06-25,-1.2712724268556954,False,0.17319070756621432,0.3877551020408163,False,0.524262127382762,0.7187570798209022,0.17418806625605926,REJECT,False,-0.3954058323914723,0.037738018322949964,0.11468292773139113,0.1524209460543411,-0.5478267784458134,False,False,False,ONLINE_RANK,43183,2025-06-25,-1.2712724268556954,False,0.17319070756621432,0.6122448979591837,False,0.524262127382762,0.7187570798209022,0.17418806625605926,REJECT,False,-0.3954058323914723,-0.3954058323914723,0.037738018322949964,0.0,0.48936170212765956,0.65,0.3180851063829787,-0.12577270626069173,-0.12577270626069173,False,NEUTRAL,,False,False,ONLINE_RANK,0000,-1.2712724268556954,False,False,False,False,False
2025-06,43183,-1,43196,2025-06-25,-0.17072141097329482,False,0.17413550120059904,0.4,False,0.5262807000425501,0.64989857892026,0.17560995930063017,REJECT,False,-0.39254062065219403,0.037738018322949964,0.0,0.037738018322949964,-0.430278638975144,False,False,False,ONLINE_RANK,43196,2025-06-25,-0.17072141097329482,False,0.17413550120059904,0.4,False,0.5262807000425501,0.64989857892026,0.17560995930063017,REJECT,False,-0.39254062065219403,0.037738018322949964,0.11468292773139113,0.1524209460543411,-0.5449615667065351,False,False,False,ONLINE_RANK,43196,2025-06-25,-0.17072141097329482,False,0.17413550120059904,0.62,False,0.5262807000425501,0.64989857892026,0.17560995930063017,REJECT,False,-0.39254062065219403,-0.39254062065219403,0.037738018322949964,0.0,0.48936170212765956,0.65,0.3180851063829787,-0.12486132507979363,-0.12486132507979363,False,NEUTRAL,,False,False,ONLINE_RANK,0000,-0.17072141097329482,False,False,False,False,False
2025-06,43746,-1,43758,2025-06-27,1.830276961244383,True,0.19820704397102928,0.8431372549019608,True,0.5314342789308255,0.4991869943922272,0.17872526483667664,REJECT,False,-0.34183048934266963,0.037738018322949964,0.0,0.037738018322949964,-0.3795685076656196,False,False,False,META_PROBABILITY,43758,2025-06-27,1.830276961244383,True,0.19820704397102928,0.8431372549019608,True,0.5314342789308255,0.4991869943922272,0.17872526483667664,REJECT,False,-0.34183048934266963,0.037738018322949964,0.11468292773139113,0.1524209460543411,-0.4942514353970107,False,False,False,META_PROBABILITY,43758,2025-06-27,1.830276961244383,True,0.19820704397102928,0.8627450980392157,True,0.5314342789308255,0.4991869943922272,0.17872526483667664,REJECT,False,-0.34183048934266963,-0.34183048934266963,0.037738018322949964,0.0,0.48936170212765956,0.65,0.3180851063829787,-0.10873118756750874,-0.10873118756750874,False,NEUTRAL,,False,False,META_PROBABILITY,0000,1.830276961244383,True,True,True,True,True
2025-07,46991,-1,47015,2025-07-09,-0.17070497156980752,False,0.3988605210759058,0.6206896551724138,False,0.5034888250717671,0.6141634969273098,0.35916167632057105,NEUTRAL,False,0.24703987948665634,0.0457750281601203,0.0,0.0457750281601203,0.20126485132653604,False,False,False,ONLINE_RANK,47015,2025-07-09,-0.17070497156980752,False,0.3988605210759058,0.6206896551724138,False,0.5034888250717671,0.6141634969273098,0.35916167632057105,NEUTRAL,False,0.24703987948665634,0.0457750281601203,0.10394023007753748,0.1497152582376578,0.09732462124899854,False,False,False,ONLINE_RANK,47015,2025-07-09,-0.17070497156980752,False,0.3988605210759058,0.8620689655172413,True,0.5034888250717671,0.6141634969273098,0.35916167632057105,NEUTRAL,True,0.24703987948665634,0.24703987948665634,0.0457750281601203,0.0,0.5384615384615384,0.65,0.35,0.08646395782032971,0.08646395782032971,True,NEUTRAL,NEUTRAL,True,True,SELECTED,0010,-0.17070497156980752,False,False,False,False,False
2025-07,46992,-1,47005,2025-07-09,-0.17070601868161106,False,0.38469009643321006,0.6,False,0.5022566805635784,0.599330477006514,0.3573733551751862,NEUTRAL,False,0.21827966771783913,0.0457750281601203,0.0,0.0457750281601203,0.17250463955771883,False,False,False,ONLINE_RANK,47005,2025-07-09,-0.17070601868161106,False,0.38469009643321006,0.6,False,0.5022566805635784,0.599330477006514,0.3573733551751862,NEUTRAL,False,0.21827966771783913,0.0457750281601203,0.10394023007753748,0.1497152582376578,0.06856440948018133,False,False,False,ONLINE_RANK,47005,2025-07-09,-0.17070601868161106,False,0.38469009643321006,0.8333333333333334,True,0.5022566805635784,0.599330477006514,0.3573733551751862,NEUTRAL,True,0.21827966771783913,0.21827966771783913,0.0457750281601203,0.0,0.5384615384615384,0.65,0.35,0.07639788370124369,0.07639788370124369,True,NEUTRAL,NEUTRAL,False,False,POSITION_OVERLAP,0000,-0.17070601868161106,False,False,False,False,False
2025-07,47334,-1,47358,2025-07-11,-1.27123368019497,False,0.3985835723078632,0.6129032258064516,False,0.47670948129113055,0.5530143826026395,0.3555331944166258,NEUTRAL,False,0.2441447915428922,0.0457750281601203,0.0,0.0457750281601203,0.1983697633827719,False,False,False,ONLINE_RANK,47358,2025-07-11,-1.27123368019497,False,0.3985835723078632,0.6129032258064516,False,0.47670948129113055,0.5530143826026395,0.3555331944166258,NEUTRAL,False,0.2441447915428922,0.0457750281601203,0.10394023007753748,0.1497152582376578,0.0944295333052344,False,False,False,ONLINE_RANK,47358,2025-07-11,-1.27123368019497,False,0.3985835723078632,0.8387096774193549,True,0.47670948129113055,0.5530143826026395,0.3555331944166258,NEUTRAL,True,0.2441447915428922,0.2441447915428922,0.0457750281601203,0.0,0.5384615384615384,0.65,0.35,0.08545067704001226,0.08545067704001226,True,NEUTRAL,NEUTRAL,True,True,SELECTED,0010,-1.27123368019497,False,False,False,False,False
2025-07,47454,-1,47484,2025-07-14,-1.2712123899677013,False,0.32307129939717094,0.3125,False,0.5227332611841322,0.7132173848047298,0.36063088700365964,NEUTRAL,False,0.10038193882898483,0.0457750281601203,0.0,0.0457750281601203,0.05460691066886453,False,False,False,ONLINE_RANK,47484,2025-07-14,-1.2712123899677013,False,0.32307129939717094,0.3125,False,0.5227332611841322,0.7132173848047298,0.36063088700365964,NEUTRAL,False,0.10038193882898483,0.0457750281601203,0.10394023007753748,0.1497152582376578,-0.04933331940867297,False,False,False,ONLINE_RANK,47484,2025-07-14,-1.2712123899677013,False,0.32307129939717094,0.59375,False,0.5227332611841322,0.7132173848047298,0.36063088700365964,NEUTRAL,False,0.10038193882898483,0.10038193882898483,0.0457750281601203,0.0,0.5384615384615384,0.65,0.35,0.035133678590144685,0.035133678590144685,False,NEUTRAL,,False,False,ONLINE_RANK,0000,-1.2712123899677013,False,False,False,False,False
2025-07,47460,-1,47484,2025-07-14,-1.2712125542859891,False,0.3922165847878344,0.6060606060606061,False,0.5193717932608286,0.5757811900807783,0.35602501888807503,NEUTRAL,False,0.23206335487565571,0.0457750281601203,0.0,0.0457750281601203,0.1862883267155354,False,False,False,ONLINE_RANK,47484,2025-07-14,-1.2712125542859891,False,0.3922165847878344,0.6060606060606061,False,0.5193717932608286,0.5757811900807783,0.35602501888807503,NEUTRAL,False,0.23206335487565571,0.0457750281601203,0.10394023007753748,0.1497152582376578,0.08234809663799791,False,False,False,ONLINE_RANK,47484,2025-07-14,-1.2712125542859891,False,0.3922165847878344,0.8181818181818182,True,0.5193717932608286,0.5757811900807783,0.35602501888807503,NEUTRAL,True,0.23206335487565571,0.23206335487565571,0.0457750281601203,0.0,0.5384615384615384,0.65,0.35,0.0812221742064795,0.0812221742064795,True,NEUTRAL,NEUTRAL,False,False,NEUTRAL_MONTHLY_CAP,0000,-1.2712125542859891,False,False,False,False,False
2025-07,47461,-1,47482,2025-07-14,-1.2712126683671485,False,0.41344396516277415,0.7352941176470589,False,0.5193194151321789,0.5341992021916928,0.354499948809773,NEUTRAL,False,0.27241700874681196,0.0457750281601203,0.0,0.0457750281601203,0.22664198058669166,False,False,False,ONLINE_RANK,47482,2025-07-14,-1.2712126683671485,False,0.41344396516277415,0.7352941176470589,False,0.5193194151321789,0.5341992021916928,0.354499948809773,NEUTRAL,False,0.27241700874681196,0.0457750281601203,0.10394023007753748,0.1497152582376578,0.12270175050915416,False,False,False,ONLINE_RANK,47482,2025-07-14,-1.2712126683671485,False,0.41344396516277415,0.9411764705882353,True,0.5193194151321789,0.5341992021916928,0.354499948809773,NEUTRAL,True,0.27241700874681196,0.27241700874681196,0.0457750281601203,0.0,0.5384615384615384,0.65,0.35,0.09534595306138419,0.09534595306138419,True,NEUTRAL,NEUTRAL,False,False,NEUTRAL_MONTHLY_CAP,0000,-1.2712126683671485,False,False,False,False,False
2025-08,47911,-1,47922,2025-08-01,-0.16999661605873476,False,,,False,,,,,False,,,,,,False,False,False,MODEL_UNAVAILABLE,47922,2025-08-01,-0.16999661605873476,False,,,False,,,,,False,,,,,,False,False,False,MODEL_UNAVAILABLE,47922,2025-08-01,-0.16999661605873476,False,,,False,,,,,False,,,,,,,,,,False,,,False,False,MODEL_UNAVAILABLE,0000,-0.16999661605873476,False,False,False,False,False
2025-08,49851,-1,49941,2025-08-08,-0.17068297938745836,False,,,False,,,,,False,,,,,,False,False,False,MODEL_UNAVAILABLE,49941,2025-08-08,-0.17068297938745836,False,,,False,,,,,False,,,,,,False,False,False,MODEL_UNAVAILABLE,49941,2025-08-08,-0.17068297938745836,False,,,False,,,,,False,,,,,,,,,,False,,,False,False,MODEL_UNAVAILABLE,0000,-0.17068297938745836,False,False,False,False,False
2025-08,50666,-1,50677,2025-08-13,1.8449715074516468,True,,,False,,,,,False,,,,,,False,False,False,MODEL_UNAVAILABLE,50677,2025-08-13,1.8449715074516468,True,,,False,,,,,False,,,,,,False,False,False,MODEL_UNAVAILABLE,50677,2025-08-13,1.8449715074516468,True,,,False,,,,,False,,,,,,,,,,False,,,False,False,MODEL_UNAVAILABLE,0000,1.8449715074516468,True,True,True,True,True
2025-08,50667,-1,50677,2025-08-13,1.8401691359480234,True,,,False,,,,,False,,,,,,False,False,False,MODEL_UNAVAILABLE,50677,2025-08-13,1.8401691359480234,True,,,False,,,,,False,,,,,,False,False,False,MODEL_UNAVAILABLE,50677,2025-08-13,1.8401691359480234,True,,,False,,,,,False,,,,,,,,,,False,,,False,False,MODEL_UNAVAILABLE,0000,1.8401691359480234,True,True,True,True,True
2025-08,50668,-1,50672,2025-08-13,1.8339175215752659,True,,,False,,,,,False,,,,,,False,False,False,MODEL_UNAVAILABLE,50672,2025-08-13,1.8339175215752659,True,,,False,,,,,False,,,,,,False,False,False,MODEL_UNAVAILABLE,50672,2025-08-13,1.8339175215752659,True,,,False,,,,,False,,,,,,,,,,False,,,False,False,MODEL_UNAVAILABLE,0000,1.8339175215752659,True,True,True,True,True
2025-08,50670,-1,50677,2025-08-13,1.830335786958877,True,,,False,,,,,False,,,,,,False,False,False,MODEL_UNAVAILABLE,50677,2025-08-13,1.830335786958877,True,,,False,,,,,False,,,,,,False,False,False,MODEL_UNAVAILABLE,50677,2025-08-13,1.830335786958877,True,,,False,,,,,False,,,,,,,,,,False,,,False,False,MODEL_UNAVAILABLE,0000,1.830335786958877,True,True,True,True,True
2025-08,52727,-1,52739,2025-08-22,-0.12987683503728378,False,,,False,,,,,False,,,,,,False,False,False,MODEL_UNAVAILABLE,52739,2025-08-22,-0.12987683503728378,False,,,False,,,,,False,,,,,,False,False,False,MODEL_UNAVAILABLE,52739,2025-08-22,-0.12987683503728378,False,,,False,,,,,False,,,,,,,,,,False,,,False,False,MODEL_UNAVAILABLE,0000,-0.12987683503728378,False,False,False,False,False
2025-08,53430,-1,53434,2025-08-26,-1.2712548800568824,False,,,False,,,,,False,,,,,,False,False,False,MODEL_UNAVAILABLE,53434,2025-08-26,-1.2712548800568824,False,,,False,,,,,False,,,,,,False,False,False,MODEL_UNAVAILABLE,53434,2025-08-26,-1.2712548800568824,False,,,False,,,,,False,,,,,,,,,,False,,,False,False,MODEL_UNAVAILABLE,0000,-1.2712548800568824,False,False,False,False,False
2025-08,53878,-1,53886,2025-08-28,-0.1706976466099136,False,,,False,,,,,False,,,,,,False,False,False,MODEL_UNAVAILABLE,53886,2025-08-28,-0.1706976466099136,False,,,False,,,,,False,,,,,,False,False,False,MODEL_UNAVAILABLE,53886,2025-08-28,-0.1706976466099136,False,,,False,,,,,False,,,,,,,,,,False,,,False,False,MODEL_UNAVAILABLE,0000,-0.1706976466099136,False,False,False,False,False
2025-08,54643,-1,54674,2025-08-31,-1.2712670961024612,False,,,False,,,,,False,,,,,,False,False,False,MODEL_UNAVAILABLE,54674,2025-08-31,-1.2712670961024612,False,,,False,,,,,False,,,,,,False,False,False,MODEL_UNAVAILABLE,54674,2025-08-31,-1.2712670961024612,False,,,False,,,,,False,,,,,,,,,,False,,,False,False,MODEL_UNAVAILABLE,0000,-1.2712670961024612,False,False,False,False,False
2025-09,54863,-1,54874,2025-09-01,-1.2712679853992956,False,,,False,,,,,False,,,,,,False,False,False,MODEL_UNAVAILABLE,54874,2025-09-01,-1.2712679853992956,False,,,False,,,,,False,,,,,,False,False,False,MODEL_UNAVAILABLE,54874,2025-09-01,-1.2712679853992956,False,,,False,,,,,False,,,,,,,,,,False,,,False,False,MODEL_UNAVAILABLE,0000,-1.2712679853992956,False,False,False,False,False
2025-09,55160,-1,55163,2025-09-02,-1.239009443135294,False,,,False,,,,,False,,,,,,False,False,False,MODEL_UNAVAILABLE,55163,2025-09-02,-1.239009443135294,False,,,False,,,,,False,,,,,,False,False,False,MODEL_UNAVAILABLE,55163,2025-09-02,-1.239009443135294,False,,,False,,,,,False,,,,,,,,,,False,,,False,False,MODEL_UNAVAILABLE,0000,-1.239009443135294,False,False,False,False,False
2025-09,55167,-1,55172,2025-09-02,-0.14163418019028354,False,,,False,,,,,False,,,,,,False,False,False,MODEL_UNAVAILABLE,55172,2025-09-02,-0.14163418019028354,False,,,False,,,,,False,,,,,,False,False,False,MODEL_UNAVAILABLE,55172,2025-09-02,-0.14163418019028354,False,,,False,,,,,False,,,,,,,,,,False,,,False,False,MODEL_UNAVAILABLE,0000,-0.14163418019028354,False,False,False,False,False
2025-09,55825,-1,55864,2025-09-05,-1.271256631178375,False,,,False,,,,,False,,,,,,False,False,False,MODEL_UNAVAILABLE,55864,2025-09-05,-1.271256631178375,False,,,False,,,,,False,,,,,,False,False,False,MODEL_UNAVAILABLE,55864,2025-09-05,-1.271256631178375,False,,,False,,,,,False,,,,,,,,,,False,,,False,False,MODEL_UNAVAILABLE,0000,-1.271256631178375,False,False,False,False,False
2025-09,55826,-1,55864,2025-09-05,-1.27125610897182,False,,,False,,,,,False,,,,,,False,False,False,MODEL_UNAVAILABLE,55864,2025-09-05,-1.27125610897182,False,,,False,,,,,False,,,,,,False,False,False,MODEL_UNAVAILABLE,55864,2025-09-05,-1.27125610897182,False,,,False,,,,,False,,,,,,,,,,False,,,False,False,MODEL_UNAVAILABLE,0000,-1.27125610897182,False,False,False,False,False
2025-09,56430,-1,56630,2025-09-07,-0.17070658654606624,False,,,False,,,,,False,,,,,,False,False,False,MODEL_UNAVAILABLE,56630,2025-09-07,-0.17070658654606624,False,,,False,,,,,False,,,,,,False,False,False,MODEL_UNAVAILABLE,56630,2025-09-07,-0.17070658654606624,False,,,False,,,,,False,,,,,,,,,,False,,,False,False,MODEL_UNAVAILABLE,0000,-0.17070658654606624,False,False,False,False,False
2025-09,57138,-1,57184,2025-09-10,-0.1706999455596066,False,,,False,,,,,False,,,,,,False,False,False,MODEL_UNAVAILABLE,57184,2025-09-10,-0.1706999455596066,False,,,False,,,,,False,,,,,,False,False,False,MODEL_UNAVAILABLE,57184,2025-09-10,-0.1706999455596066,False,,,False,,,,,False,,,,,,,,,,False,,,False,False,MODEL_UNAVAILABLE,0000,-0.1706999455596066,False,False,False,False,False
2025-09,57789,-1,57832,2025-09-12,-0.17068468051953192,False,,,False,,,,,False,,,,,,False,False,False,MODEL_UNAVAILABLE,57832,2025-09-12,-0.17068468051953192,False,,,False,,,,,False,,,,,,False,False,False,MODEL_UNAVAILABLE,57832,2025-09-12,-0.17068468051953192,False,,,False,,,,,False,,,,,,,,,,False,,,False,False,MODEL_UNAVAILABLE,0000,-0.17068468051953192,False,False,False,False,False
2025-09,58828,-1,58837,2025-09-16,-1.2712370958117465,False,,,False,,,,,False,,,,,,False,False,False,MODEL_UNAVAILABLE,58837,2025-09-16,-1.2712370958117465,False,,,False,,,,,False,,,,,,False,False,False,MODEL_UNAVAILABLE,58837,2025-09-16,-1.2712370958117465,False,,,False,,,,,False,,,,,,,,,,False,,,False,False,MODEL_UNAVAILABLE,0000,-1.2712370958117465,False,False,False,False,False
2025-09,59222,-1,59336,2025-09-18,-0.1706795293153434,False,,,False,,,,,False,,,,,,False,False,False,MODEL_UNAVAILABLE,59336,2025-09-18,-0.1706795293153434,False,,,False,,,,,False,,,,,,False,False,False,MODEL_UNAVAILABLE,59336,2025-09-18,-0.1706795293153434,False,,,False,,,,,False,,,,,,,,,,False,,,False,False,MODEL_UNAVAILABLE,0000,-0.1706795293153434,False,False,False,False,False
2025-09,59224,-1,59336,2025-09-18,-0.17067953614423303,False,,,False,,,,,False,,,,,,False,False,False,MODEL_UNAVAILABLE,59336,2025-09-18,-0.17067953614423303,False,,,False,,,,,False,,,,,,False,False,False,MODEL_UNAVAILABLE,59336,2025-09-18,-0.17067953614423303,False,,,False,,,,,False,,,,,,,,,,False,,,False,False,MODEL_UNAVAILABLE,0000,-0.17067953614423303,False,False,False,False,False
2025-09,59226,-1,59344,2025-09-18,-0.1706794494902915,False,,,False,,,,,False,,,,,,False,False,False,MODEL_UNAVAILABLE,59344,2025-09-18,-0.1706794494902915,False,,,False,,,,,False,,,,,,False,False,False,MODEL_UNAVAILABLE,59344,2025-09-18,-0.1706794494902915,False,,,False,,,,,False,,,,,,,,,,False,,,False,False,MODEL_UNAVAILABLE,0000,-0.1706794494902915,False,False,False,False,False
2025-09,59227,-1,59336,2025-09-18,-0.17068018265143736,False,,,False,,,,,False,,,,,,False,False,False,MODEL_UNAVAILABLE,59336,2025-09-18,-0.17068018265143736,False,,,False,,,,,False,,,,,,False,False,False,MODEL_UNAVAILABLE,59336,2025-09-18,-0.17068018265143736,False,,,False,,,,,False,,,,,,,,,,False,,,False,False,MODEL_UNAVAILABLE,0000,-0.17068018265143736,False,False,False,False,False
2025-09,59228,-1,59336,2025-09-18,-0.1706798358204316,False,,,False,,,,,False,,,,,,False,False,False,MODEL_UNAVAILABLE,59336,2025-09-18,-0.1706798358204316,False,,,False,,,,,False,,,,,,False,False,False,MODEL_UNAVAILABLE,59336,2025-09-18,-0.1706798358204316,False,,,False,,,,,False,,,,,,,,,,False,,,False,False,MODEL_UNAVAILABLE,0000,-0.1706798358204316,False,False,False,False,False
2025-09,60841,-1,60851,2025-09-24,-1.2712521274089024,False,,,False,,,,,False,,,,,,False,False,False,MODEL_UNAVAILABLE,60851,2025-09-24,-1.2712521274089024,False,,,False,,,,,False,,,,,,False,False,False,MODEL_UNAVAILABLE,60851,2025-09-24,-1.2712521274089024,False,,,False,,,,,False,,,,,,,,,,False,,,False,False,MODEL_UNAVAILABLE,0000,-1.2712521274089024,False,False,False,False,False
2025-09,61232,-1,61242,2025-09-25,1.8302942754952483,True,,,False,,,,,False,,,,,,False,False,False,MODEL_UNAVAILABLE,61242,2025-09-25,1.8302942754952483,True,,,False,,,,,False,,,,,,False,False,False,MODEL_UNAVAILABLE,61242,2025-09-25,1.8302942754952483,True,,,False,,,,,False,,,,,,,,,,False,,,False,False,MODEL_UNAVAILABLE,0000,1.8302942754952483,True,True,True,True,True
2025-09,62585,-1,62599,2025-09-30,-1.2712469146935177,False,,,False,,,,,False,,,,,,False,False,False,MODEL_UNAVAILABLE,62599,2025-09-30,-1.2712469146935177,False,,,False,,,,,False,,,,,,False,False,False,MODEL_UNAVAILABLE,62599,2025-09-30,-1.2712469146935177,False,,,False,,,,,False,,,,,,,,,,False,,,False,False,MODEL_UNAVAILABLE,0000,-1.2712469146935177,False,False,False,False,False
2025-10,62834,-1,62837,2025-10-01,-1.2712293453146417,False,,,False,,,,,False,,,,,,False,False,False,MODEL_UNAVAILABLE,62837,2025-10-01,-1.2712293453146417,False,,,False,,,,,False,,,,,,False,False,False,MODEL_UNAVAILABLE,62837,2025-10-01,-1.2712293453146417,False,,,False,,,,,False,,,,,,,,,,False,,,False,False,MODEL_UNAVAILABLE,0000,-1.2712293453146417,False,False,False,False,False
2025-10,63359,-1,63361,2025-10-03,-1.2712180612156554,False,,,False,,,,,False,,,,,,False,False,False,MODEL_UNAVAILABLE,63361,2025-10-03,-1.2712180612156554,False,,,False,,,,,False,,,,,,False,False,False,MODEL_UNAVAILABLE,63361,2025-10-03,-1.2712180612156554,False,,,False,,,,,False,,,,,,,,,,False,,,False,False,MODEL_UNAVAILABLE,0000,-1.2712180612156554,False,False,False,False,False
2025-10,63486,-1,63494,2025-10-05,-0.17065676201038057,False,,,False,,,,,False,,,,,,False,False,False,MODEL_UNAVAILABLE,63494,2025-10-05,-0.17065676201038057,False,,,False,,,,,False,,,,,,False,False,False,MODEL_UNAVAILABLE,63494,2025-10-05,-0.17065676201038057,False,,,False,,,,,False,,,,,,,,,,False,,,False,False,MODEL_UNAVAILABLE,0000,-0.17065676201038057,False,False,False,False,False
2025-10,63521,-1,63557,2025-10-05,1.830348455305814,True,,,False,,,,,False,,,,,,False,False,False,MODEL_UNAVAILABLE,63557,2025-10-05,1.830348455305814,True,,,False,,,,,False,,,,,,False,False,False,MODEL_UNAVAILABLE,63557,2025-10-05,1.830348455305814,True,,,False,,,,,False,,,,,,,,,,False,,,False,False,MODEL_UNAVAILABLE,0000,1.830348455305814,True,True,True,True,True
2025-10,63934,-1,63961,2025-10-06,1.8303500305196259,True,,,False,,,,,False,,,,,,False,False,False,MODEL_UNAVAILABLE,63961,2025-10-06,1.8303500305196259,True,,,False,,,,,False,,,,,,False,False,False,MODEL_UNAVAILABLE,63961,2025-10-06,1.8303500305196259,True,,,False,,,,,False,,,,,,,,,,False,,,False,False,MODEL_UNAVAILABLE,0000,1.8303500305196259,True,True,True,True,True
2025-10,64352,-1,64373,2025-10-08,-1.2712116152663937,False,,,False,,,,,False,,,,,,False,False,False,MODEL_UNAVAILABLE,64373,2025-10-08,-1.2712116152663937,False,,,False,,,,,False,,,,,,False,False,False,MODEL_UNAVAILABLE,64373,2025-10-08,-1.2712116152663937,False,,,False,,,,,False,,,,,,,,,,False,,,False,False,MODEL_UNAVAILABLE,0000,-1.2712116152663937,False,False,False,False,False
2025-10,64359,-1,64373,2025-10-08,-1.2712113619569512,False,,,False,,,,,False,,,,,,False,False,False,MODEL_UNAVAILABLE,64373,2025-10-08,-1.2712113619569512,False,,,False,,,,,False,,,,,,False,False,False,MODEL_UNAVAILABLE,64373,2025-10-08,-1.2712113619569512,False,,,False,,,,,False,,,,,,,,,,False,,,False,False,MODEL_UNAVAILABLE,0000,-1.2712113619569512,False,False,False,False,False
2025-10,64422,-1,64434,2025-10-08,-1.2712116098584325,False,,,False,,,,,False,,,,,,False,False,False,MODEL_UNAVAILABLE,64434,2025-10-08,-1.2712116098584325,False,,,False,,,,,False,,,,,,False,False,False,MODEL_UNAVAILABLE,64434,2025-10-08,-1.2712116098584325,False,,,False,,,,,False,,,,,,,,,,False,,,False,False,MODEL_UNAVAILABLE,0000,-1.2712116098584325,False,False,False,False,False
2025-10,65293,-1,65301,2025-10-12,-1.2712562533754626,False,,,False,,,,,False,,,,,,False,False,False,MODEL_UNAVAILABLE,65301,2025-10-12,-1.2712562533754626,False,,,False,,,,,False,,,,,,False,False,False,MODEL_UNAVAILABLE,65301,2025-10-12,-1.2712562533754626,False,,,False,,,,,False,,,,,,,,,,False,,,False,False,MODEL_UNAVAILABLE,0000,-1.2712562533754626,False,False,False,False,False
2025-10,65469,-1,65473,2025-10-12,-1.2712404281727847,False,,,False,,,,,False,,,,,,False,False,False,MODEL_UNAVAILABLE,65473,2025-10-12,-1.2712404281727847,False,,,False,,,,,False,,,,,,False,False,False,MODEL_UNAVAILABLE,65473,2025-10-12,-1.2712404281727847,False,,,False,,,,,False,,,,,,,,,,False,,,False,False,MODEL_UNAVAILABLE,0000,-1.2712404281727847,False,False,False,False,False
2025-10,65470,-1,65473,2025-10-12,-1.2712403894106281,False,,,False,,,,,False,,,,,,False,False,False,MODEL_UNAVAILABLE,65473,2025-10-12,-1.2712403894106281,False,,,False,,,,,False,,,,,,False,False,False,MODEL_UNAVAILABLE,65473,2025-10-12,-1.2712403894106281,False,,,False,,,,,False,,,,,,,,,,False,,,False,False,MODEL_UNAVAILABLE,0000,-1.2712403894106281,False,False,False,False,False
2025-10,65493,-1,65500,2025-10-12,-0.17068884812827717,False,,,False,,,,,False,,,,,,False,False,False,MODEL_UNAVAILABLE,65500,2025-10-12,-0.17068884812827717,False,,,False,,,,,False,,,,,,False,False,False,MODEL_UNAVAILABLE,65500,2025-10-12,-0.17068884812827717,False,,,False,,,,,False,,,,,,,,,,False,,,False,False,MODEL_UNAVAILABLE,0000,-0.17068884812827717,False,False,False,False,False
2025-10,65935,-1,65937,2025-10-14,-1.222618593933134,False,,,False,,,,,False,,,,,,False,False,False,MODEL_UNAVAILABLE,65937,2025-10-14,-1.222618593933134,False,,,False,,,,,False,,,,,,False,False,False,MODEL_UNAVAILABLE,65937,2025-10-14,-1.222618593933134,False,,,False,,,,,False,,,,,,,,,,False,,,False,False,MODEL_UNAVAILABLE,0000,-1.222618593933134,False,False,False,False,False
2025-10,66515,-1,66523,2025-10-16,-0.11951851064527158,False,,,False,,,,,False,,,,,,False,False,False,MODEL_UNAVAILABLE,66523,2025-10-16,-0.11951851064527158,False,,,False,,,,,False,,,,,,False,False,False,MODEL_UNAVAILABLE,66523,2025-10-16,-0.11951851064527158,False,,,False,,,,,False,,,,,,,,,,False,,,False,False,MODEL_UNAVAILABLE,0000,-0.11951851064527158,False,False,False,False,False
2025-10,67402,-1,67412,2025-10-20,-1.2712671641861617,False,,,False,,,,,False,,,,,,False,False,False,MODEL_UNAVAILABLE,67412,2025-10-20,-1.2712671641861617,False,,,False,,,,,False,,,,,,False,False,False,MODEL_UNAVAILABLE,67412,2025-10-20,-1.2712671641861617,False,,,False,,,,,False,,,,,,,,,,False,,,False,False,MODEL_UNAVAILABLE,0000,-1.2712671641861617,False,False,False,False,False
2025-10,67531,-1,67540,2025-10-20,-1.2712570514567267,False,,,False,,,,,False,,,,,,False,False,False,MODEL_UNAVAILABLE,67540,2025-10-20,-1.2712570514567267,False,,,False,,,,,False,,,,,,False,False,False,MODEL_UNAVAILABLE,67540,2025-10-20,-1.2712570514567267,False,,,False,,,,,False,,,,,,,,,,False,,,False,False,MODEL_UNAVAILABLE,0000,-1.2712570514567267,False,False,False,False,False
2025-10,67763,-1,67776,2025-10-21,-1.2712692398319674,False,,,False,,,,,False,,,,,,False,False,False,MODEL_UNAVAILABLE,67776,2025-10-21,-1.2712692398319674,False,,,False,,,,,False,,,,,,False,False,False,MODEL_UNAVAILABLE,67776,2025-10-21,-1.2712692398319674,False,,,False,,,,,False,,,,,,,,,,False,,,False,False,MODEL_UNAVAILABLE,0000,-1.2712692398319674,False,False,False,False,False
2025-10,68213,-1,68241,2025-10-23,-1.2712681110632584,False,,,False,,,,,False,,,,,,False,False,False,MODEL_UNAVAILABLE,68241,2025-10-23,-1.2712681110632584,False,,,False,,,,,False,,,,,,False,False,False,MODEL_UNAVAILABLE,68241,2025-10-23,-1.2712681110632584,False,,,False,,,,,False,,,,,,,,,,False,,,False,False,MODEL_UNAVAILABLE,0000,-1.2712681110632584,False,False,False,False,False
2025-10,68330,-1,68335,2025-10-23,-0.1707142691959988,False,,,False,,,,,False,,,,,,False,False,False,MODEL_UNAVAILABLE,68335,2025-10-23,-0.1707142691959988,False,,,False,,,,,False,,,,,,False,False,False,MODEL_UNAVAILABLE,68335,2025-10-23,-0.1707142691959988,False,,,False,,,,,False,,,,,,,,,,False,,,False,False,MODEL_UNAVAILABLE,0000,-0.1707142691959988,False,False,False,False,False
2025-10,68372,-1,68395,2025-10-23,1.8302923776142146,True,,,False,,,,,False,,,,,,False,False,False,MODEL_UNAVAILABLE,68395,2025-10-23,1.8302923776142146,True,,,False,,,,,False,,,,,,False,False,False,MODEL_UNAVAILABLE,68395,2025-10-23,1.8302923776142146,True,,,False,,,,,False,,,,,,,,,,False,,,False,False,MODEL_UNAVAILABLE,0000,1.8302923776142146,True,True,True,True,True
2025-10,68373,-1,68395,2025-10-23,1.8302920107642446,True,,,False,,,,,False,,,,,,False,False,False,MODEL_UNAVAILABLE,68395,2025-10-23,1.8302920107642446,True,,,False,,,,,False,,,,,,False,False,False,MODEL_UNAVAILABLE,68395,2025-10-23,1.8302920107642446,True,,,False,,,,,False,,,,,,,,,,False,,,False,False,MODEL_UNAVAILABLE,0000,1.8302920107642446,True,True,True,True,True
2025-10,68374,-1,68395,2025-10-23,1.8302918772563184,True,,,False,,,,,False,,,,,,False,False,False,MODEL_UNAVAILABLE,68395,2025-10-23,1.8302918772563184,True,,,False,,,,,False,,,,,,False,False,False,MODEL_UNAVAILABLE,68395,2025-10-23,1.8302918772563184,True,,,False,,,,,False,,,,,,,,,,False,,,False,False,MODEL_UNAVAILABLE,0000,1.8302918772563184,True,True,True,True,True
2025-10,69324,-1,69363,2025-10-27,1.8303135393255048,True,,,False,,,,,False,,,,,,False,False,False,MODEL_UNAVAILABLE,69363,2025-10-27,1.8303135393255048,True,,,False,,,,,False,,,,,,False,False,False,MODEL_UNAVAILABLE,69363,2025-10-27,1.8303135393255048,True,,,False,,,,,False,,,,,,,,,,False,,,False,False,MODEL_UNAVAILABLE,0000,1.8303135393255048,True,True,True,True,True
2025-10,69326,-1,69328,2025-10-27,1.8303138277175421,True,,,False,,,,,False,,,,,,False,False,False,MODEL_UNAVAILABLE,69328,2025-10-27,1.8303138277175421,True,,,False,,,,,False,,,,,,False,False,False,MODEL_UNAVAILABLE,69328,2025-10-27,1.8303138277175421,True,,,False,,,,,False,,,,,,,,,,False,,,False,False,MODEL_UNAVAILABLE,0000,1.8303138277175421,True,True,True,True,True
2025-10,70021,-1,70029,2025-10-30,-1.241564548005948,False,,,False,,,,,False,,,,,,False,False,False,MODEL_UNAVAILABLE,70029,2025-10-30,-1.241564548005948,False,,,False,,,,,False,,,,,,False,False,False,MODEL_UNAVAILABLE,70029,2025-10-30,-1.241564548005948,False,,,False,,,,,False,,,,,,,,,,False,,,False,False,MODEL_UNAVAILABLE,0000,-1.241564548005948,False,False,False,False,False
2025-10,70033,-1,70035,2025-10-30,-1.2712586115256548,False,,,False,,,,,False,,,,,,False,False,False,MODEL_UNAVAILABLE,70035,2025-10-30,-1.2712586115256548,False,,,False,,,,,False,,,,,,False,False,False,MODEL_UNAVAILABLE,70035,2025-10-30,-1.2712586115256548,False,,,False,,,,,False,,,,,,,,,,False,,,False,False,MODEL_UNAVAILABLE,0000,-1.2712586115256548,False,False,False,False,False
2025-10,70039,-1,70053,2025-10-30,1.8305193373507584,True,,,False,,,,,False,,,,,,False,False,False,MODEL_UNAVAILABLE,70053,2025-10-30,1.8305193373507584,True,,,False,,,,,False,,,,,,False,False,False,MODEL_UNAVAILABLE,70053,2025-10-30,1.8305193373507584,True,,,False,,,,,False,,,,,,,,,,False,,,False,False,MODEL_UNAVAILABLE,0000,1.8305193373507584,True,True,True,True,True
2025-10,70236,-1,70249,2025-10-31,1.8302871314746165,True,,,False,,,,,False,,,,,,False,False,False,MODEL_UNAVAILABLE,70249,2025-10-31,1.8302871314746165,True,,,False,,,,,False,,,,,,False,False,False,MODEL_UNAVAILABLE,70249,2025-10-31,1.8302871314746165,True,,,False,,,,,False,,,,,,,,,,False,,,False,False,MODEL_UNAVAILABLE,0000,1.8302871314746165,True,True,True,True,True
2025-10,70278,-1,70311,2025-10-31,-0.1707119529498316,False,,,False,,,,,False,,,,,,False,False,False,MODEL_UNAVAILABLE,70311,2025-10-31,-0.1707119529498316,False,,,False,,,,,False,,,,,,False,False,False,MODEL_UNAVAILABLE,70311,2025-10-31,-0.1707119529498316,False,,,False,,,,,False,,,,,,,,,,False,,,False,False,MODEL_UNAVAILABLE,0000,-0.1707119529498316,False,False,False,False,False
2025-10,70279,-1,70310,2025-10-31,-0.1707126918649927,False,,,False,,,,,False,,,,,,False,False,False,MODEL_UNAVAILABLE,70310,2025-10-31,-0.1707126918649927,False,,,False,,,,,False,,,,,,False,False,False,MODEL_UNAVAILABLE,70310,2025-10-31,-0.1707126918649927,False,,,False,,,,,False,,,,,,,,,,False,,,False,False,MODEL_UNAVAILABLE,0000,-0.1707126918649927,False,False,False,False,False
2025-10,70280,-1,70310,2025-10-31,-0.17071284591826139,False,,,False,,,,,False,,,,,,False,False,False,MODEL_UNAVAILABLE,70310,2025-10-31,-0.17071284591826139,False,,,False,,,,,False,,,,,,False,False,False,MODEL_UNAVAILABLE,70310,2025-10-31,-0.17071284591826139,False,,,False,,,,,False,,,,,,,,,,False,,,False,False,MODEL_UNAVAILABLE,0000,-0.17071284591826139,False,False,False,False,False
2025-10,70394,-1,70539,2025-10-31,-0.13079605408316622,False,,,False,,,,,False,,,,,,False,False,False,MODEL_UNAVAILABLE,70539,2025-10-31,-0.13079605408316622,False,,,False,,,,,False,,,,,,False,False,False,MODEL_UNAVAILABLE,70539,2025-10-31,-0.13079605408316622,False,,,False,,,,,False,,,,,,,,,,False,,,False,False,MODEL_UNAVAILABLE,0000,-0.13079605408316622,False,False,False,False,False
2025-10,70395,-1,70539,2025-10-31,-0.13466549182021448,False,,,False,,,,,False,,,,,,False,False,False,MODEL_UNAVAILABLE,70539,2025-10-31,-0.13466549182021448,False,,,False,,,,,False,,,,,,False,False,False,MODEL_UNAVAILABLE,70539,2025-10-31,-0.13466549182021448,False,,,False,,,,,False,,,,,,,,,,False,,,False,False,MODEL_UNAVAILABLE,0000,-0.13466549182021448,False,False,False,False,False
2025-11,71235,-1,71247,2025-11-04,1.9523845120845313,True,0.2244712552738848,0.08823529411764706,False,0.8226488397743956,0.6383513929413951,0.267410134421454,REJECT,False,-0.21955342119866256,0.04384364712439985,0.0,0.04384364712439985,-0.2633970683230624,False,False,False,ONLINE_RANK,71247,2025-11-04,1.9523845120845313,True,0.2244712552738848,0.08823529411764706,False,0.8226488397743956,0.6383513929413951,0.267410134421454,REJECT,False,-0.21955342119866256,0.04384364712439985,0.09574271077563382,0.13958635790003365,-0.3591397790986962,False,False,False,ONLINE_RANK,71247,2025-11-04,1.9523845120845313,True,0.2244712552738848,0.7647058823529411,False,0.8226488397743956,0.6383513929413951,0.267410134421454,REJECT,False,-0.21955342119866256,-0.21955342119866256,0.04384364712439985,0.0,0.5789473684210527,0.65,0.3763157894736842,-0.08262141903002301,-0.08262141903002301,False,NEUTRAL,,False,False,ONLINE_RANK,0000,1.9523845120845313,True,True,True,True,True
2025-11,71237,-1,71247,2025-11-04,1.9511183705947617,True,0.2173729664873914,0.05714285714285714,False,0.8228389536816574,0.6547550571084566,0.26755553672343557,REJECT,False,-0.23372521942239777,0.04384364712439985,0.0,0.04384364712439985,-0.27756886654679763,False,False,False,ONLINE_RANK,71247,2025-11-04,1.9511183705947617,True,0.2173729664873914,0.05714285714285714,False,0.8228389536816574,0.6547550571084566,0.26755553672343557,REJECT,False,-0.23372521942239777,0.04384364712439985,0.09574271077563382,0.13958635790003365,-0.3733115773224314,False,False,False,ONLINE_RANK,71247,2025-11-04,1.9511183705947617,True,0.2173729664873914,0.6857142857142857,False,0.8228389536816574,0.6547550571084566,0.26755553672343557,REJECT,False,-0.23372521942239777,-0.23372521942239777,0.04384364712439985,0.0,0.5789473684210527,0.65,0.3763157894736842,-0.0879544904668497,-0.0879544904668497,False,NEUTRAL,,False,False,ONLINE_RANK,0000,1.9511183705947617,True,True,True,True,True
2025-11,71238,-1,71247,2025-11-04,1.9509528470021675,True,0.2219564460263444,0.08333333333333333,False,0.8222199389595565,0.6234291911225487,0.2671635054855624,REJECT,False,-0.2247740396927005,0.04384364712439985,0.0,0.04384364712439985,-0.26861768681710035,False,False,False,ONLINE_RANK,71247,2025-11-04,1.9509528470021675,True,0.2219564460263444,0.08333333333333333,False,0.8222199389595565,0.6234291911225487,0.2671635054855624,REJECT,False,-0.2247740396927005,0.04384364712439985,0.09574271077563382,0.13958635790003365,-0.36436039759273414,False,False,False,ONLINE_RANK,71247,2025-11-04,1.9509528470021675,True,0.2219564460263444,0.7222222222222222,False,0.8222199389595565,0.6234291911225487,0.2671635054855624,REJECT,False,-0.2247740396927005,-0.2247740396927005,0.04384364712439985,0.0,0.5789473684210527,0.65,0.3763157894736842,-0.08458602020014781,-0.08458602020014781,False,NEUTRAL,,False,False,ONLINE_RANK,0000,1.9509528470021675,True,True,True,True,True
2025-11,71815,-1,71825,2025-11-06,-0.17075330407362674,False,0.1931920789161804,0.02702702702702703,False,0.8130788868125726,0.5048863226181187,0.26525904096500874,REJECT,False,-0.28387332011264366,0.04384364712439985,0.0,0.04384364712439985,-0.3277169672370435,False,False,False,ONLINE_RANK,71825,2025-11-06,-0.17075330407362674,False,0.1931920789161804,0.02702702702702703,False,0.8130788868125726,0.5048863226181187,0.26525904096500874,REJECT,False,-0.28387332011264366,0.04384364712439985,0.09574271077563382,0.13958635790003365,-0.4234596780126773,False,False,False,ONLINE_RANK,71825,2025-11-06,-0.17075330407362674,False,0.1931920789161804,0.35135135135135137,False,0.8130788868125726,0.5048863226181187,0.26525904096500874,REJECT,False,-0.28387332011264366,-0.28387332011264366,0.04384364712439985,0.0,0.5789473684210527,0.65,0.3763157894736842,-0.10682601256870537,-0.10682601256870537,False,NEUTRAL,,False,False,ONLINE_RANK,0000,-0.17075330407362674,False,False,False,False,False
2025-11,72046,-1,72052,2025-11-07,-1.271293321181501,False,0.27864627337417436,0.6842105263157895,False,0.545521634912592,0.5146657904842278,0.27285279746116325,REJECT,False,-0.10700188836641211,0.04384364712439985,0.0,0.04384364712439985,-0.15084553549081198,False,False,False,ONLINE_RANK,72052,2025-11-07,-1.271293321181501,False,0.27864627337417436,0.6842105263157895,False,0.545521634912592,0.5146657904842278,0.27285279746116325,REJECT,False,-0.10700188836641211,0.04384364712439985,0.09574271077563382,0.13958635790003365,-0.24658824626644577,False,False,False,ONLINE_RANK,72052,2025-11-07,-1.271293321181501,False,0.27864627337417436,0.9736842105263158,True,0.545521634912592,0.5146657904842278,0.27285279746116325,REJECT,False,-0.10700188836641211,-0.10700188836641211,0.04384364712439985,0.0,0.5789473684210527,0.65,0.3763157894736842,-0.0402665000957814,-0.0402665000957814,False,NEUTRAL,,False,False,META_PROBABILITY,0000,-1.271293321181501,False,False,False,False,False
2025-11,72072,-1,72090,2025-11-07,1.8302598896927755,True,0.29059729104889653,0.7692307692307693,False,0.522406149178515,0.46232059730342906,0.27267366613979727,REJECT,False,-0.0830975653610182,0.04384364712439985,0.0,0.04384364712439985,-0.12694121248541806,False,False,False,ONLINE_RANK,72090,2025-11-07,1.8302598896927755,True,0.29059729104889653,0.7692307692307693,False,0.522406149178515,0.46232059730342906,0.27267366613979727,REJECT,False,-0.0830975653610182,0.04384364712439985,0.09574271077563382,0.13958635790003365,-0.22268392326105185,False,False,False,ONLINE_RANK,72090,2025-11-07,1.8302598896927755,True,0.29059729104889653,0.9743589743589743,True,0.522406149178515,0.46232059730342906,0.27267366613979727,REJECT,False,-0.0830975653610182,-0.0830975653610182,0.04384364712439985,0.0,0.5789473684210527,0.65,0.3763157894736842,-0.03127092591217264,-0.03127092591217264,False,NEUTRAL,,False,False,META_PROBABILITY,0000,1.8302598896927755,True,True,True,True,True
2025-11,73260,-1,73272,2025-11-12,-1.2712871862754191,False,0.3471583778756316,0.975,True,0.8128701101513794,0.7618056181027908,0.2712933271653086,REJECT,False,0.029678580528999854,0.04384364712439985,0.0,0.04384364712439985,-0.014165066595399997,False,False,False,META_PROBABILITY,73272,2025-11-12,-1.2712871862754191,False,0.3471583778756316,0.975,True,0.8128701101513794,0.7618056181027908,0.2712933271653086,REJECT,False,0.029678580528999854,0.04384364712439985,0.09574271077563382,0.13958635790003365,-0.1099077773710338,False,False,False,META_PROBABILITY,73272,2025-11-12,-1.2712871862754191,False,0.3471583778756316,1.0,True,0.8128701101513794,0.7618056181027908,0.2712933271653086,REJECT,False,0.029678580528999854,0.029678580528999854,0.04384364712439985,0.0,0.5789473684210527,0.65,0.3763157894736842,0.011168518462228893,0.011168518462228893,False,NEUTRAL,,False,False,META_PROBABILITY,0000,-1.2712871862754191,False,False,False,False,False
2025-11,73709,-1,73715,2025-11-14,-1.2234844010159187,False,0.20945182033329623,0.07317073170731707,False,0.820232845819229,0.5183847649127604,0.26548772169123785,REJECT,False,-0.25103418344128403,0.04384364712439985,0.0,0.04384364712439985,-0.2948778305656839,False,False,False,ONLINE_RANK,73715,2025-11-14,-1.2234844010159187,False,0.20945182033329623,0.07317073170731707,False,0.820232845819229,0.5183847649127604,0.26548772169123785,REJECT,False,-0.25103418344128403,0.04384364712439985,0.09574271077563382,0.13958635790003365,-0.3906205413413177,False,False,False,ONLINE_RANK,73715,2025-11-14,-1.2234844010159187,False,0.20945182033329623,0.5609756097560976,False,0.820232845819229,0.5183847649127604,0.26548772169123785,REJECT,False,-0.25103418344128403,-0.25103418344128403,0.04384364712439985,0.0,0.5789473684210527,0.65,0.3763157894736842,-0.09446812692658847,-0.09446812692658847,False,NEUTRAL,,False,False,ONLINE_RANK,0000,-1.2234844010159187,False,False,False,False,False
2025-11,73710,-1,73715,2025-11-14,-1.227104640485646,False,0.22857210778024728,0.21428571428571427,False,0.8200252850449667,0.6228622229907192,0.2672957029434002,REJECT,False,-0.2113864216704764,0.04384364712439985,0.0,0.04384364712439985,-0.25523006879487625,False,False,False,ONLINE_RANK,73715,2025-11-14,-1.227104640485646,False,0.22857210778024728,0.21428571428571427,False,0.8200252850449667,0.6228622229907192,0.2672957029434002,REJECT,False,-0.2113864216704764,0.04384364712439985,0.09574271077563382,0.13958635790003365,-0.35097277957051004,False,False,False,ONLINE_RANK,73715,2025-11-14,-1.227104640485646,False,0.22857210778024728,0.7619047619047619,False,0.8200252850449667,0.6228622229907192,0.2672957029434002,REJECT,False,-0.2113864216704764,-0.2113864216704764,0.04384364712439985,0.0,0.5789473684210527,0.65,0.3763157894736842,-0.07954804815494243,-0.07954804815494243,False,NEUTRAL,,False,False,ONLINE_RANK,0000,-1.227104640485646,False,False,False,False,False
2025-11,73791,-1,73808,2025-11-14,-0.12349390865604246,False,0.18863205000650443,0.023255813953488372,False,0.8161031753678644,0.568258580665925,0.26606040074534376,REJECT,False,-0.29250307636553285,0.04384364712439985,0.0,0.04384364712439985,-0.3363467234899327,False,False,False,ONLINE_RANK,73808,2025-11-14,-0.12349390865604246,False,0.18863205000650443,0.023255813953488372,False,0.8161031753678644,0.568258580665925,0.26606040074534376,REJECT,False,-0.29250307636553285,0.04384364712439985,0.09574271077563382,0.13958635790003365,-0.4320894342655665,False,False,False,ONLINE_RANK,73808,2025-11-14,-0.12349390865604246,False,0.18863205000650443,0.23255813953488372,False,0.8161031753678644,0.568258580665925,0.26606040074534376,REJECT,False,-0.29250307636553285,-0.29250307636553285,0.04384364712439985,0.0,0.5789473684210527,0.65,0.3763157894736842,-0.11007352610597684,-0.11007352610597684,False,NEUTRAL,,False,False,ONLINE_RANK,0000,-0.12349390865604246,False,False,False,False,False
2025-11,73999,-1,74023,2025-11-15,-0.17078146175925912,False,0.2266734813896139,0.20454545454545456,False,0.8207465106516554,0.47938971294725036,0.26510428415490644,REJECT,False,-0.21667152936499262,0.04384364712439985,0.0,0.04384364712439985,-0.2605151764893925,False,False,False,ONLINE_RANK,74023,2025-11-15,-0.17078146175925912,False,0.2266734813896139,0.20454545454545456,False,0.8207465106516554,0.47938971294725036,0.26510428415490644,REJECT,False,-0.21667152936499262,0.04384364712439985,0.09574271077563382,0.13958635790003365,-0.3562578872650263,False,False,False,ONLINE_RANK,74023,2025-11-15,-0.17078146175925912,False,0.2266734813896139,0.7272727272727273,False,0.8207465106516554,0.47938971294725036,0.26510428415490644,REJECT,False,-0.21667152936499262,-0.21667152936499262,0.04384364712439985,0.0,0.5789473684210527,0.65,0.3763157894736842,-0.08153691762945775,-0.08153691762945775,False,NEUTRAL,,False,False,ONLINE_RANK,0000,-0.17078146175925912,False,False,False,False,False
2025-11,74485,-1,74486,2025-11-16,-1.185441811154667,False,0.34692988124613117,0.9555555555555556,True,0.829020804077641,0.6616849259579992,0.26927176539531633,REJECT,False,0.027864643788990673,0.04384364712439985,0.0,0.04384364712439985,-0.015979003335409178,False,False,False,META_PROBABILITY,74486,2025-11-16,-1.185441811154667,False,0.34692988124613117,0.9555555555555556,True,0.829020804077641,0.6616849259579992,0.26927176539531633,REJECT,False,0.027864643788990673,0.04384364712439985,0.09574271077563382,0.13958635790003365,-0.11172171411104298,False,False,False,META_PROBABILITY,74486,2025-11-16,-1.185441811154667,False,0.34692988124613117,0.9777777777777777,True,0.829020804077641,0.6616849259579992,0.26927176539531633,REJECT,False,0.027864643788990673,0.027864643788990673,0.04384364712439985,0.0,0.5789473684210527,0.65,0.3763157894736842,0.010485905425857017,0.010485905425857017,False,NEUTRAL,,False,False,META_PROBABILITY,0000,-1.185441811154667,False,False,False,False,False
2025-11,74486,-1,74488,2025-11-16,-1.1790319427350429,False,0.33650647505006953,0.9347826086956522,True,0.8286699210742047,0.6125297424464227,0.26835230172615915,REJECT,False,0.006295034242527642,0.04384364712439985,0.0,0.04384364712439985,-0.03754861288187221,False,False,False,META_PROBABILITY,74488,2025-11-16,-1.1790319427350429,False,0.33650647505006953,0.9347826086956522,True,0.8286699210742047,0.6125297424464227,0.26835230172615915,REJECT,False,0.006295034242527642,0.04384364712439985,0.09574271077563382,0.13958635790003365,-0.133291323657506,False,False,False,META_PROBABILITY,74488,2025-11-16,-1.1790319427350429,False,0.33650647505006953,0.9565217391304348,True,0.8286699210742047,0.6125297424464227,0.26835230172615915,REJECT,False,0.006295034242527642,0.006295034242527642,0.04384364712439985,0.0,0.5789473684210527,0.65,0.3763157894736842,0.0023689207807406653,0.0023689207807406653,False,NEUTRAL,,False,False,META_PROBABILITY,0000,-1.1790319427350429,False,False,False,False,False
2025-11,74583,-1,74592,2025-11-17,-0.1707843384974318,False,0.28732764834985397,0.7021276595744681,False,0.5285457417069441,0.6953008235479836,0.27643483377669625,REJECT,False,-0.08715003878137695,0.04384364712439985,0.0,0.04384364712439985,-0.1309936859057768,False,False,False,ONLINE_RANK,74592,2025-11-17,-0.1707843384974318,False,0.28732764834985397,0.7021276595744681,False,0.5285457417069441,0.6953008235479836,0.27643483377669625,REJECT,False,-0.08715003878137695,0.04384364712439985,0.09574271077563382,0.13958635790003365,-0.2267363966814106,False,False,False,ONLINE_RANK,74592,2025-11-17,-0.1707843384974318,False,0.28732764834985397,0.8936170212765957,True,0.5285457417069441,0.6953008235479836,0.27643483377669625,REJECT,False,-0.08715003878137695,-0.08715003878137695,0.04384364712439985,0.0,0.5789473684210527,0.65,0.3763157894736842,-0.032795935646676065,-0.032795935646676065,False,NEUTRAL,,False,False,META_PROBABILITY,0000,-0.1707843384974318,False,False,False,False,False
2025-11,75212,-1,75214,2025-11-20,-1.271358478960571,False,0.33782687956664387,0.9375,True,0.8227640703670855,0.5950877050915163,0.26823371680526664,REJECT,False,0.008869896538256872,0.04384364712439985,0.0,0.04384364712439985,-0.03497375058614298,False,False,False,META_PROBABILITY,75214,2025-11-20,-1.271358478960571,False,0.33782687956664387,0.9375,True,0.8227640703670855,0.5950877050915163,0.26823371680526664,REJECT,False,0.008869896538256872,0.04384364712439985,0.09574271077563382,0.13958635790003365,-0.13071646136177678,False,False,False,META_PROBABILITY,75214,2025-11-20,-1.271358478960571,False,0.33782687956664387,0.9583333333333334,True,0.8227640703670855,0.5950877050915163,0.26823371680526664,REJECT,False,0.008869896538256872,0.008869896538256872,0.04384364712439985,0.0,0.5789473684210527,0.65,0.3763157894736842,0.0033378821183440333,0.0033378821183440333,False,NEUTRAL,,False,False,META_PROBABILITY,0000,-1.271358478960571,False,False,False,False,False
2025-11,75222,-1,75258,2025-11-20,-0.17080479766639714,False,0.3057460146220996,0.8163265306122449,True,0.5407326370098795,0.600069127415759,0.27476387917615785,REJECT,False,-0.05124446321884879,0.04384364712439985,0.0,0.04384364712439985,-0.09508811034324864,False,False,False,META_PROBABILITY,75258,2025-11-20,-0.17080479766639714,False,0.3057460146220996,0.8163265306122449,True,0.5407326370098795,0.600069127415759,0.27476387917615785,REJECT,False,-0.05124446321884879,0.04384364712439985,0.09574271077563382,0.13958635790003365,-0.19083082111888244,False,False,False,META_PROBABILITY,75258,2025-11-20,-0.17080479766639714,False,0.3057460146220996,0.8979591836734694,True,0.5407326370098795,0.600069127415759,0.27476387917615785,REJECT,False,-0.05124446321884879,-0.05124446321884879,0.04384364712439985,0.0,0.5789473684210527,0.65,0.3763157894736842,-0.019284100632356256,-0.019284100632356256,False,NEUTRAL,,False,False,META_PROBABILITY,0000,-0.17080479766639714,False,False,False,False,False
2025-11,75462,-1,75465,2025-11-20,1.8431367898140198,True,0.15709975782350644,0.02,False,0.815658836258788,0.5687171826650894,0.2656762214937878,REJECT,False,-0.35614782661656735,0.04384364712439985,0.0,0.04384364712439985,-0.3999914737409672,False,False,False,ONLINE_RANK,75465,2025-11-20,1.8431367898140198,True,0.15709975782350644,0.02,False,0.815658836258788,0.5687171826650894,0.2656762214937878,REJECT,False,-0.35614782661656735,0.04384364712439985,0.09574271077563382,0.13958635790003365,-0.495734184516601,False,False,False,ONLINE_RANK,75465,2025-11-20,1.8431367898140198,True,0.15709975782350644,0.06,False,0.815658836258788,0.5687171826650894,0.2656762214937878,REJECT,False,-0.35614782661656735,-0.35614782661656735,0.04384364712439985,0.0,0.5789473684210527,0.65,0.3763157894736842,-0.13402405054255034,-0.13402405054255034,False,NEUTRAL,,False,False,ONLINE_RANK,0000,1.8431367898140198,True,True,True,True,True
2025-11,75463,-1,75467,2025-11-20,1.853153075027752,True,0.18516332033542235,0.0392156862745098,False,0.8159552509550743,0.616254559362289,0.26672268810385286,REJECT,False,-0.2990322540216398,0.04384364712439985,0.0,0.04384364712439985,-0.34287590114603966,False,False,False,ONLINE_RANK,75467,2025-11-20,1.853153075027752,True,0.18516332033542235,0.0392156862745098,False,0.8159552509550743,0.616254559362289,0.26672268810385286,REJECT,False,-0.2990322540216398,0.04384364712439985,0.09574271077563382,0.13958635790003365,-0.43861861192167345,False,False,False,ONLINE_RANK,75467,2025-11-20,1.853153075027752,True,0.18516332033542235,0.17647058823529413,False,0.8159552509550743,0.616254559362289,0.26672268810385286,REJECT,False,-0.2990322540216398,-0.2990322540216398,0.04384364712439985,0.0,0.5789473684210527,0.65,0.3763157894736842,-0.11253055875024866,-0.11253055875024866,False,NEUTRAL,,False,False,ONLINE_RANK,0000,1.853153075027752,True,True,True,True,True
2025-11,75536,-1,75555,2025-11-21,1.8532633197143376,True,0.3201327315701041,0.8846153846153846,True,0.8245856928258217,0.5382321482162329,0.26705995297898827,REJECT,False,-0.027486014300028838,0.04384364712439985,0.0,0.04384364712439985,-0.07132966142442869,False,False,False,META_PROBABILITY,75555,2025-11-21,1.8532633197143376,True,0.3201327315701041,0.8846153846153846,True,0.8245856928258217,0.5382321482162329,0.26705995297898827,REJECT,False,-0.027486014300028838,0.04384364712439985,0.09574271077563382,0.13958635790003365,-0.1670723722000625,False,False,False,META_PROBABILITY,75555,2025-11-21,1.8532633197143376,True,0.3201327315701041,0.9230769230769231,True,0.8245856928258217,0.5382321482162329,0.26705995297898827,REJECT,False,-0.027486014300028838,-0.027486014300028838,0.04384364712439985,0.0,0.5789473684210527,0.65,0.3763157894736842,-0.010343421170800325,-0.010343421170800325,False,NEUTRAL,,False,False,META_PROBABILITY,0000,1.8532633197143376,True,True,True,True,True
2025-11,75596,-1,75609,2025-11-21,1.9512117896482253,True,0.154853969576331,0.018867924528301886,False,0.8287581365944082,0.6092826261886652,0.2659155321810936,REJECT,False,-0.36050203203061354,0.04384364712439985,0.0,0.04384364712439985,-0.4043456791550134,False,False,False,ONLINE_RANK,75609,2025-11-21,1.9512117896482253,True,0.154853969576331,0.018867924528301886,False,0.8287581365944082,0.6092826261886652,0.2659155321810936,REJECT,False,-0.36050203203061354,0.04384364712439985,0.09574271077563382,0.13958635790003365,-0.5000883899306472,False,False,False,ONLINE_RANK,75609,2025-11-21,1.9512117896482253,True,0.154853969576331,0.05660377358490566,False,0.8287581365944082,0.6092826261886652,0.2659155321810936,REJECT,False,-0.36050203203061354,-0.36050203203061354,0.04384364712439985,0.0,0.5789473684210527,0.65,0.3763157894736842,-0.13566260679046774,-0.13566260679046774,False,NEUTRAL,,False,False,ONLINE_RANK,0000,1.9512117896482253,True,True,True,True,True
2025-11,75597,-1,75608,2025-11-21,1.9492510831203553,True,0.15549346434186706,0.037037037037037035,False,0.8289069481976852,0.5048364553431767,0.26442680520309814,REJECT,False,-0.3602140609506847,0.04384364712439985,0.0,0.04384364712439985,-0.40405770807508457,False,False,False,ONLINE_RANK,75608,2025-11-21,1.9492510831203553,True,0.15549346434186706,0.037037037037037035,False,0.8289069481976852,0.5048364553431767,0.26442680520309814,REJECT,False,-0.3602140609506847,0.04384364712439985,0.09574271077563382,0.13958635790003365,-0.49980041885071835,False,False,False,ONLINE_RANK,75608,2025-11-21,1.9492510831203553,True,0.15549346434186706,0.07407407407407407,False,0.8289069481976852,0.5048364553431767,0.26442680520309814,REJECT,False,-0.3602140609506847,-0.3602140609506847,0.04384364712439985,0.0,0.5789473684210527,0.65,0.3763157894736842,-0.13555423872617872,-0.13555423872617872,False,NEUTRAL,,False,False,ONLINE_RANK,0000,1.9492510831203553,True,True,True,True,True
2025-11,75705,-1,75711,2025-11-21,-1.1679452780892239,False,0.20151827281545603,0.12727272727272726,False,0.8285916372978969,0.5792922352269309,0.26608843220800155,REJECT,False,-0.2665799558890127,0.04384364712439985,0.0,0.04384364712439985,-0.31042360301341254,False,False,False,ONLINE_RANK,75711,2025-11-21,-1.1679452780892239,False,0.20151827281545603,0.12727272727272726,False,0.8285916372978969,0.5792922352269309,0.26608843220800155,REJECT,False,-0.2665799558890127,0.04384364712439985,0.09574271077563382,0.13958635790003365,-0.40616631378904633,False,False,False,ONLINE_RANK,75711,2025-11-21,-1.1679452780892239,False,0.20151827281545603,0.4727272727272727,False,0.8285916372978969,0.5792922352269309,0.26608843220800155,REJECT,False,-0.2665799558890127,-0.2665799558890127,0.04384364712439985,0.0,0.5789473684210527,0.65,0.3763157894736842,-0.10031824655823372,-0.10031824655823372,False,NEUTRAL,,False,False,ONLINE_RANK,0000,-1.1679452780892239,False,False,False,False,False
2025-11,75706,-1,75710,2025-11-21,-1.1737950294946553,False,0.1782153103069472,0.07142857142857142,False,0.8286345984336558,0.5908708947385335,0.2659567096025069,REJECT,False,-0.3135126531689802,0.04384364712439985,0.0,0.04384364712439985,-0.35735630029338006,False,False,False,ONLINE_RANK,75710,2025-11-21,-1.1737950294946553,False,0.1782153103069472,0.07142857142857142,False,0.8286345984336558,0.5908708947385335,0.2659567096025069,REJECT,False,-0.3135126531689802,0.04384364712439985,0.09574271077563382,0.13958635790003365,-0.45309901106901385,False,False,False,ONLINE_RANK,75710,2025-11-21,-1.1737950294946553,False,0.1782153103069472,0.14285714285714285,False,0.8286345984336558,0.5908708947385335,0.2659567096025069,REJECT,False,-0.3135126531689802,-0.3135126531689802,0.04384364712439985,0.0,0.5789473684210527,0.65,0.3763157894736842,-0.11797976158727412,-0.11797976158727412,False,NEUTRAL,,False,False,ONLINE_RANK,0000,-1.1737950294946553,False,False,False,False,False
2025-11,76059,-1,76084,2025-11-23,1.8301557408228823,True,0.34424017272207247,0.9473684210526315,True,0.526610851136868,0.6435622186088439,0.2763871999128936,REJECT,False,0.027225596049681,0.04384364712439985,0.0,0.04384364712439985,-0.01661805107471885,False,False,False,META_PROBABILITY,76084,2025-11-23,1.8301557408228823,True,0.34424017272207247,0.9473684210526315,True,0.526610851136868,0.6435622186088439,0.2763871999128936,REJECT,False,0.027225596049681,0.04384364712439985,0.09574271077563382,0.13958635790003365,-0.11236076185035265,False,False,False,META_PROBABILITY,76084,2025-11-23,1.8301557408228823,True,0.34424017272207247,0.9649122807017544,True,0.526610851136868,0.6435622186088439,0.2763871999128936,REJECT,False,0.027225596049681,0.027225596049681,0.04384364712439985,0.0,0.5789473684210527,0.65,0.3763157894736842,0.010245421671327325,0.010245421671327325,False,NEUTRAL,,False,False,META_PROBABILITY,0000,1.8301557408228823,True,True,True,True,True
2025-11,76060,-1,76085,2025-11-23,1.8301551802551717,True,0.3062466155469212,0.8275862068965517,True,0.5236956267715982,0.662133958968669,0.2762551186164658,REJECT,False,-0.049238890395463586,0.04384364712439985,0.0,0.04384364712439985,-0.09308253751986344,False,False,False,META_PROBABILITY,76085,2025-11-23,1.8301551802551717,True,0.3062466155469212,0.8275862068965517,True,0.5236956267715982,0.662133958968669,0.2762551186164658,REJECT,False,-0.049238890395463586,0.04384364712439985,0.09574271077563382,0.13958635790003365,-0.18882524829549724,False,False,False,META_PROBABILITY,76085,2025-11-23,1.8301551802551717,True,0.3062466155469212,0.8793103448275862,True,0.5236956267715982,0.662133958968669,0.2762551186164658,REJECT,False,-0.049238890395463586,-0.049238890395463586,0.04384364712439985,0.0,0.5789473684210527,0.65,0.3763157894736842,-0.018529371911977087,-0.018529371911977087,False,NEUTRAL,,False,False,META_PROBABILITY,0000,1.8301551802551717,True,True,True,True,True
2025-11,76167,-1,76176,2025-11-23,-0.17084307456577152,False,0.34805382490868614,0.9830508474576272,True,0.532332619415436,0.5389207712032926,0.2744668498770501,REJECT,False,0.033605148470435275,0.04384364712439985,0.0,0.04384364712439985,-0.010238498653964576,False,False,False,META_PROBABILITY,76176,2025-11-23,-0.17084307456577152,False,0.34805382490868614,0.9830508474576272,True,0.532332619415436,0.5389207712032926,0.2744668498770501,REJECT,False,0.033605148470435275,0.04384364712439985,0.09574271077563382,0.13958635790003365,-0.10598120942959838,False,False,False,META_PROBABILITY,76176,2025-11-23,-0.17084307456577152,False,0.34805382490868614,1.0,True,0.532332619415436,0.5389207712032926,0.2744668498770501,REJECT,False,0.033605148470435275,0.033605148470435275,0.04384364712439985,0.0,0.5789473684210527,0.65,0.3763157894736842,0.012646147977032222,0.012646147977032222,False,NEUTRAL,,False,False,META_PROBABILITY,0000,-0.17084307456577152,False,False,False,False,False
2025-11,76184,-1,76186,2025-11-23,-1.271390755236715,False,0.368165555566499,0.9833333333333333,True,0.5288244061844349,0.5329705461782077,0.27470483462790724,REJECT,False,0.07419392348494991,0.04384364712439985,0.0,0.04384364712439985,0.030350276360550058,False,False,False,META_PROBABILITY,76186,2025-11-23,-1.271390755236715,False,0.368165555566499,0.9833333333333333,True,0.5288244061844349,0.5329705461782077,0.27470483462790724,REJECT,False,0.07419392348494991,0.04384364712439985,0.09574271077563382,0.13958635790003365,-0.06539243441508374,False,False,False,META_PROBABILITY,76186,2025-11-23,-1.271390755236715,False,0.368165555566499,1.0,True,0.5288244061844349,0.5329705461782077,0.27470483462790724,REJECT,False,0.07419392348494991,0.07419392348494991,0.04384364712439985,0.0,0.5789473684210527,0.65,0.3763157894736842,0.027920344890389043,0.027920344890389043,False,NEUTRAL,,False,False,META_PROBABILITY,0000,-1.271390755236715,False,False,False,False,False
2025-11,76453,-1,76455,2025-11-24,-1.2147025124475934,False,0.2793235267148202,0.6065573770491803,False,0.5344558040478568,0.4779217577697395,0.2725112981096202,REJECT,False,-0.10586928126576767,0.04384364712439985,0.0,0.04384364712439985,-0.14971292839016753,False,False,False,ONLINE_RANK,76455,2025-11-24,-1.2147025124475934,False,0.2793235267148202,0.6065573770491803,False,0.5344558040478568,0.4779217577697395,0.2725112981096202,REJECT,False,-0.10586928126576767,0.04384364712439985,0.09574271077563382,0.13958635790003365,-0.24545563916580132,False,False,False,ONLINE_RANK,76455,2025-11-24,-1.2147025124475934,False,0.2793235267148202,0.7868852459016393,False,0.5344558040478568,0.4779217577697395,0.2725112981096202,REJECT,False,-0.10586928126576767,-0.10586928126576767,0.04384364712439985,0.0,0.5789473684210527,0.65,0.3763157894736842,-0.039840282160538885,-0.039840282160538885,False,NEUTRAL,,False,False,ONLINE_RANK,0000,-1.2147025124475934,False,False,False,False,False
2025-11,76507,-1,76519,2025-11-24,-0.17082715118256717,False,0.2935839308179296,0.7258064516129032,False,0.5177842121354046,0.5394642818234221,0.27413183778999,REJECT,False,-0.0761166280416673,0.04384364712439985,0.0,0.04384364712439985,-0.11996027516606715,False,False,False,ONLINE_RANK,76519,2025-11-24,-0.17082715118256717,False,0.2935839308179296,0.7258064516129032,False,0.5177842121354046,0.5394642818234221,0.27413183778999,REJECT,False,-0.0761166280416673,0.04384364712439985,0.09574271077563382,0.13958635790003365,-0.21570298594170095,False,False,False,ONLINE_RANK,76519,2025-11-24,-0.17082715118256717,False,0.2935839308179296,0.8225806451612904,True,0.5177842121354046,0.5394642818234221,0.27413183778999,REJECT,False,-0.0761166280416673,-0.0761166280416673,0.04384364712439985,0.0,0.5789473684210527,0.65,0.3763157894736842,-0.0286438889735748,-0.0286438889735748,False,NEUTRAL,,False,False,META_PROBABILITY,0000,-0.17082715118256717,False,False,False,False,False
2025-11,76508,-1,76537,2025-11-24,1.8301722838894627,True,0.22987875820577552,0.2857142857142857,False,0.5177910628659202,0.5427863934207077,0.2733709692432137,REJECT,False,-0.20468884265334653,0.04384364712439985,0.0,0.04384364712439985,-0.2485324897777464,False,False,False,ONLINE_RANK,76537,2025-11-24,1.8301722838894627,True,0.22987875820577552,0.2857142857142857,False,0.5177910628659202,0.5427863934207077,0.2733709692432137,REJECT,False,-0.20468884265334653,0.04384364712439985,0.09574271077563382,0.13958635790003365,-0.3442752005533802,False,False,False,ONLINE_RANK,76537,2025-11-24,1.8301722838894627,True,0.22987875820577552,0.6507936507936508,False,0.5177910628659202,0.5427863934207077,0.2733709692432137,REJECT,False,-0.20468884265334653,-0.20468884265334653,0.04384364712439985,0.0,0.5789473684210527,0.65,0.3763157894736842,-0.07702764341954882,-0.07702764341954882,False,NEUTRAL,,False,False,ONLINE_RANK,0000,1.8301722838894627,True,True,True,True,True
2025-11,76735,-1,76749,2025-11-25,1.8375221824337566,True,0.2678776195259137,0.546875,False,0.5399369653410051,0.6428663839786435,0.2749941908054327,REJECT,False,-0.12721451280368223,0.04384364712439985,0.0,0.04384364712439985,-0.1710581599280821,False,False,False,ONLINE_RANK,76749,2025-11-25,1.8375221824337566,True,0.2678776195259137,0.546875,False,0.5399369653410051,0.6428663839786435,0.2749941908054327,REJECT,False,-0.12721451280368223,0.04384364712439985,0.09574271077563382,0.13958635790003365,-0.2668008707037159,False,False,False,ONLINE_RANK,76749,2025-11-25,1.8375221824337566,True,0.2678776195259137,0.75,False,0.5399369653410051,0.6428663839786435,0.2749941908054327,REJECT,False,-0.12721451280368223,-0.12721451280368223,0.04384364712439985,0.0,0.5789473684210527,0.65,0.3763157894736842,-0.04787282981822779,-0.04787282981822779,False,NEUTRAL,,False,False,ONLINE_RANK,0000,1.8375221824337566,True,True,True,True,True
2025-11,76773,-1,76786,2025-11-25,1.8301607712705452,True,0.3126268256834427,0.8153846153846154,True,0.5358932050999484,0.615300287368256,0.2752360207557743,REJECT,False,-0.037096043555974734,0.04384364712439985,0.0,0.04384364712439985,-0.08093969068037458,False,False,False,META_PROBABILITY,76786,2025-11-25,1.8301607712705452,True,0.3126268256834427,0.8153846153846154,True,0.5358932050999484,0.615300287368256,0.2752360207557743,REJECT,False,-0.037096043555974734,0.04384364712439985,0.09574271077563382,0.13958635790003365,-0.1766824014560084,False,False,False,META_PROBABILITY,76786,2025-11-25,1.8301607712705452,True,0.3126268256834427,0.8769230769230769,True,0.5358932050999484,0.615300287368256,0.2752360207557743,REJECT,False,-0.037096043555974734,-0.037096043555974734,0.04384364712439985,0.0,0.5789473684210527,0.65,0.3763157894736842,-0.013959826917116808,-0.013959826917116808,False,NEUTRAL,,False,False,META_PROBABILITY,0000,1.8301607712705452,True,True,True,True,True
2025-11,77012,-1,77046,2025-11-26,-1.2224190290603023,False,0.32470497142043164,0.8787878787878788,True,0.5377331972848596,0.6875869877891612,0.2766039057535005,REJECT,False,-0.011899541099141264,0.04384364712439985,0.0,0.04384364712439985,-0.055743188223541115,False,False,False,META_PROBABILITY,77046,2025-11-26,-1.2224190290603023,False,0.32470497142043164,0.8787878787878788,True,0.5377331972848596,0.6875869877891612,0.2766039057535005,REJECT,False,-0.011899541099141264,0.04384364712439985,0.09574271077563382,0.13958635790003365,-0.15148589899917492,False,False,False,META_PROBABILITY,77046,2025-11-26,-1.2224190290603023,False,0.32470497142043164,0.8939393939393939,True,0.5377331972848596,0.6875869877891612,0.2766039057535005,REJECT,False,-0.011899541099141264,-0.011899541099141264,0.04384364712439985,0.0,0.5789473684210527,0.65,0.3763157894736842,-0.0044779852030978964,-0.0044779852030978964,False,NEUTRAL,,False,False,META_PROBABILITY,0000,-1.2224190290603023,False,False,False,False,False
2025-11,77057,-1,77081,2025-11-26,-1.2713693126949368,False,0.24378878875292312,0.29850746268656714,False,0.5364727406974201,0.7793262271546939,0.2770119389105533,REJECT,False,-0.1742866762288593,0.04384364712439985,0.0,0.04384364712439985,-0.21813032335325916,False,False,False,ONLINE_RANK,77081,2025-11-26,-1.2713693126949368,False,0.24378878875292312,0.29850746268656714,False,0.5364727406974201,0.7793262271546939,0.2770119389105533,REJECT,False,-0.1742866762288593,0.04384364712439985,0.09574271077563382,0.13958635790003365,-0.31387303412889295,False,False,False,ONLINE_RANK,77081,2025-11-26,-1.2713693126949368,False,0.24378878875292312,0.6716417910447762,False,0.5364727406974201,0.7793262271546939,0.2770119389105533,REJECT,False,-0.1742866762288593,-0.1742866762288593,0.04384364712439985,0.0,0.5789473684210527,0.65,0.3763157894736842,-0.06558682815980758,-0.06558682815980758,False,NEUTRAL,,False,False,ONLINE_RANK,0000,-1.2713693126949368,False,False,False,False,False
2025-11,77105,-1,77144,2025-11-27,-0.1708114938841681,False,0.38101431424517895,1.0,True,0.5158294571806736,0.5809385301905421,0.2760417314232544,REJECT,False,0.10091877459002419,0.04384364712439985,0.0,0.04384364712439985,0.057075127465624334,False,False,False,META_PROBABILITY,77144,2025-11-27,-0.1708114938841681,False,0.38101431424517895,1.0,True,0.5158294571806736,0.5809385301905421,0.2760417314232544,REJECT,False,0.10091877459002419,0.04384364712439985,0.09574271077563382,0.13958635790003365,-0.03866758331000947,False,False,False,META_PROBABILITY,77144,2025-11-27,-0.1708114938841681,False,0.38101431424517895,1.0,True,0.5158294571806736,0.5809385301905421,0.2760417314232544,REJECT,False,0.10091877459002419,0.10091877459002419,0.04384364712439985,0.0,0.5789473684210527,0.65,0.3763157894736842,0.03797732833256173,0.03797732833256173,False,NEUTRAL,,False,False,META_PROBABILITY,0000,-0.1708114938841681,False,False,False,False,False
2025-11,77106,-1,77133,2025-11-27,-0.17081088668787453,False,0.2798794250985387,0.5942028985507246,False,0.5158946440552755,0.5052374850967327,0.27342378036700116,REJECT,False,-0.10414036021529549,0.04384364712439985,0.0,0.04384364712439985,-0.14798400733969536,False,False,False,ONLINE_RANK,77133,2025-11-27,-0.17081088668787453,False,0.2798794250985387,0.5942028985507246,False,0.5158946440552755,0.5052374850967327,0.27342378036700116,REJECT,False,-0.10414036021529549,0.04384364712439985,0.09574271077563382,0.13958635790003365,-0.24372671811532914,False,False,False,ONLINE_RANK,77133,2025-11-27,-0.17081088668787453,False,0.2798794250985387,0.7536231884057971,False,0.5158946440552755,0.5052374850967327,0.27342378036700116,REJECT,False,-0.10414036021529549,-0.10414036021529549,0.04384364712439985,0.0,0.5789473684210527,0.65,0.3763157894736842,-0.039189661870492776,-0.039189661870492776,False,NEUTRAL,,False,False,ONLINE_RANK,0000,-0.17081088668787453,False,False,False,False,False
2025-11,77109,-1,77133,2025-11-27,-0.17081120297401162,False,0.3055842734099465,0.7571428571428571,False,0.5138162236067968,0.614450497428255,0.2756704382385732,REJECT,False,-0.050962135466952496,0.04384364712439985,0.0,0.04384364712439985,-0.09480578259135235,False,False,False,ONLINE_RANK,77133,2025-11-27,-0.17081120297401162,False,0.3055842734099465,0.7571428571428571,False,0.5138162236067968,0.614450497428255,0.2756704382385732,REJECT,False,-0.050962135466952496,0.04384364712439985,0.09574271077563382,0.13958635790003365,-0.19054849336698615,False,False,False,ONLINE_RANK,77133,2025-11-27,-0.17081120297401162,False,0.3055842734099465,0.8142857142857143,True,0.5138162236067968,0.614450497428255,0.2756704382385732,REJECT,False,-0.050962135466952496,-0.050962135466952496,0.04384364712439985,0.0,0.5789473684210527,0.65,0.3763157894736842,-0.01917785624151107,-0.01917785624151107,False,NEUTRAL,,False,False,META_PROBABILITY,0000,-0.17081120297401162,False,False,False,False,False
2025-11,77842,-1,77914,2025-11-29,-0.1708152468523025,False,0.26832058929014957,0.49295774647887325,False,0.6829939270408277,0.6525140771766824,0.27163289464959856,REJECT,False,-0.12857637126300275,0.04384364712439985,0.0,0.04384364712439985,-0.17242001838740262,False,False,False,ONLINE_RANK,77914,2025-11-29,-0.1708152468523025,False,0.26832058929014957,0.49295774647887325,False,0.6829939270408277,0.6525140771766824,0.27163289464959856,REJECT,False,-0.12857637126300275,0.04384364712439985,0.09574271077563382,0.13958635790003365,-0.2681627291630364,False,False,False,ONLINE_RANK,77914,2025-11-29,-0.1708152468523025,False,0.26832058929014957,0.6901408450704225,False,0.6829939270408277,0.6525140771766824,0.27163289464959856,REJECT,False,-0.12857637126300275,-0.12857637126300275,0.04384364712439985,0.0,0.5789473684210527,0.65,0.3763157894736842,-0.048385318659498404,-0.048385318659498404,False,NEUTRAL,,False,False,ONLINE_RANK,0000,-0.1708152468523025,False,False,False,False,False
2025-11,77843,-1,77914,2025-11-29,-0.17081544944985608,False,0.24539030443188836,0.2777777777777778,False,0.6828019944536525,0.4985744368915233,0.2688898560634799,REJECT,False,-0.17650968518899335,0.04384364712439985,0.0,0.04384364712439985,-0.2203533323133932,False,False,False,ONLINE_RANK,77914,2025-11-29,-0.17081544944985608,False,0.24539030443188836,0.2777777777777778,False,0.6828019944536525,0.4985744368915233,0.2688898560634799,REJECT,False,-0.17650968518899335,0.04384364712439985,0.09574271077563382,0.13958635790003365,-0.316096043089027,False,False,False,ONLINE_RANK,77914,2025-11-29,-0.17081544944985608,False,0.24539030443188836,0.625,False,0.6828019944536525,0.4985744368915233,0.2688898560634799,REJECT,False,-0.17650968518899335,-0.17650968518899335,0.04384364712439985,0.0,0.5789473684210527,0.65,0.3763157894736842,-0.0664233815316475,-0.0664233815316475,False,NEUTRAL,,False,False,ONLINE_RANK,0000,-0.17081544944985608,False,False,False,False,False
2025-12,78238,-1,78274,2025-12-01,1.8301569031770728,True,0.3337119895617896,0.525,False,0.8040016647212999,0.7420063879635059,0.36410341956181186,NEUTRAL,False,0.1679838406744728,0.046093411762780645,0.0,0.046093411762780645,0.12189042891169216,False,False,False,ONLINE_RANK,78274,2025-12-01,1.8301569031770728,True,0.3337119895617896,0.525,False,0.8040016647212999,0.7420063879635059,0.36410341956181186,NEUTRAL,False,0.1679838406744728,0.046093411762780645,0.08807048459279793,0.13416389635557857,0.033819944318894235,False,False,False,ONLINE_RANK,78274,2025-12-01,1.8301569031770728,True,0.3337119895617896,0.675,False,0.8040016647212999,0.7420063879635059,0.36410341956181186,NEUTRAL,False,0.1679838406744728,0.1679838406744728,0.046093411762780645,0.0,0.6190476190476191,0.65,0.4023809523809524,0.06759349779520453,0.06759349779520453,False,NEUTRAL,,False,False,ONLINE_RANK,0000,1.8301569031770728,True,True,True,True,True
2025-12,78294,-1,78298,2025-12-01,-1.2519316330718555,False,0.3043092725186274,0.3902439024390244,False,0.8061365141908305,0.5818951278821317,0.3582115024509693,NEUTRAL,False,0.10690858726910413,0.046093411762780645,0.0,0.046093411762780645,0.06081517550632348,False,False,False,ONLINE_RANK,78298,2025-12-01,-1.2519316330718555,False,0.3043092725186274,0.3902439024390244,False,0.8061365141908305,0.5818951278821317,0.3582115024509693,NEUTRAL,False,0.10690858726910413,0.046093411762780645,0.08807048459279793,0.13416389635557857,-0.027255309086474444,False,False,False,ONLINE_RANK,78298,2025-12-01,-1.2519316330718555,False,0.3043092725186274,0.5609756097560976,False,0.8061365141908305,0.5818951278821317,0.3582115024509693,NEUTRAL,False,0.10690858726910413,0.10690858726910413,0.046093411762780645,0.0,0.6190476190476191,0.65,0.4023809523809524,0.043017979163044284,0.043017979163044284,False,NEUTRAL,,False,False,ONLINE_RANK,0000,-1.2519316330718555,False,False,False,False,False
2025-12,78371,-1,78376,2025-12-01,-1.2483246791386824,False,0.4340055032241077,0.7857142857142857,False,0.8210696968095994,0.46866425754243957,0.3665815983296189,NEUTRAL,False,0.3648775414785033,0.046093411762780645,0.0,0.046093411762780645,0.3187841297157227,False,False,False,ONLINE_RANK,78376,2025-12-01,-1.2483246791386824,False,0.4340055032241077,0.7857142857142857,False,0.8210696968095994,0.46866425754243957,0.3665815983296189,NEUTRAL,False,0.3648775414785033,0.046093411762780645,0.08807048459279793,0.13416389635557857,0.23071364512292475,False,False,False,ONLINE_RANK,78376,2025-12-01,-1.2483246791386824,False,0.4340055032241077,0.8571428571428571,True,0.8210696968095994,0.46866425754243957,0.3665815983296189,NEUTRAL,True,0.3648775414785033,0.3648775414785033,0.046093411762780645,0.0,0.6190476190476191,0.65,0.4023809523809524,0.14681977264254062,0.14681977264254062,True,NEUTRAL,NEUTRAL,True,True,SELECTED,0010,-1.2483246791386824,False,False,False,False,False
2025-12,78458,-1,78511,2025-12-02,-0.17084221390320423,False,0.33382425588009024,0.4883720930232558,False,0.7000995978238372,0.6607495920603597,0.3587981828243571,NEUTRAL,False,0.1647590970342957,0.046093411762780645,0.0,0.046093411762780645,0.11866568527151505,False,False,False,ONLINE_RANK,78511,2025-12-02,-0.17084221390320423,False,0.33382425588009024,0.4883720930232558,False,0.7000995978238372,0.6607495920603597,0.3587981828243571,NEUTRAL,False,0.1647590970342957,0.046093411762780645,0.08807048459279793,0.13416389635557857,0.030595200678717127,False,False,False,ONLINE_RANK,78511,2025-12-02,-0.17084221390320423,False,0.33382425588009024,0.627906976744186,False,0.7000995978238372,0.6607495920603597,0.3587981828243571,NEUTRAL,False,0.1647590970342957,0.1647590970342957,0.046093411762780645,0.0,0.6190476190476191,0.65,0.4023809523809524,0.06629592237808565,0.06629592237808565,False,NEUTRAL,,False,False,ONLINE_RANK,0000,-0.17084221390320423,False,False,False,False,False
2025-12,78459,-1,78511,2025-12-02,-0.17084141765720165,False,0.3694879984265396,0.5909090909090909,False,0.6996974278421546,0.48273854790795334,0.3577598088252192,NEUTRAL,False,0.23352735093790344,0.046093411762780645,0.0,0.046093411762780645,0.1874339391751228,False,False,False,ONLINE_RANK,78511,2025-12-02,-0.17084141765720165,False,0.3694879984265396,0.5909090909090909,False,0.6996974278421546,0.48273854790795334,0.3577598088252192,NEUTRAL,False,0.23352735093790344,0.046093411762780645,0.08807048459279793,0.13416389635557857,0.09936345458232487,False,False,False,ONLINE_RANK,78511,2025-12-02,-0.17084141765720165,False,0.3694879984265396,0.7727272727272727,False,0.6996974278421546,0.48273854790795334,0.3577598088252192,NEUTRAL,False,0.23352735093790344,0.23352735093790344,0.046093411762780645,0.0,0.6190476190476191,0.65,0.4023809523809524,0.09396695787739448,0.09396695787739448,False,NEUTRAL,,False,False,ONLINE_RANK,0000,-0.17084141765720165,False,False,False,False,False
2025-12,78742,-1,78744,2025-12-03,-1.2713480550860838,False,0.2943138214262616,0.35555555555555557,False,0.5314820103324533,0.6461186572361752,0.34996439671957247,NEUTRAL,False,0.08209332155065924,0.046093411762780645,0.0,0.046093411762780645,0.03599990978787859,False,False,False,ONLINE_RANK,78744,2025-12-03,-1.2713480550860838,False,0.2943138214262616,0.35555555555555557,False,0.5314820103324533,0.6461186572361752,0.34996439671957247,NEUTRAL,False,0.08209332155065924,0.046093411762780645,0.08807048459279793,0.13416389635557857,-0.052070574804919334,False,False,False,ONLINE_RANK,78744,2025-12-03,-1.2713480550860838,False,0.2943138214262616,0.5111111111111111,False,0.5314820103324533,0.6461186572361752,0.34996439671957247,NEUTRAL,False,0.08209332155065924,0.08209332155065924,0.046093411762780645,0.0,0.6190476190476191,0.65,0.4023809523809524,0.03303278890967003,0.03303278890967003,False,NEUTRAL,,False,False,ONLINE_RANK,0000,-1.2713480550860838,False,False,False,False,False
2025-12,79916,-1,79919,2025-12-07,-1.2383962735968532,False,0.3454475547449128,0.5434782608695652,False,0.8008088733247769,0.496429281249859,0.3594877599659746,NEUTRAL,False,0.18783882386133915,0.046093411762780645,0.0,0.046093411762780645,0.1417454120985585,False,False,False,ONLINE_RANK,79919,2025-12-07,-1.2383962735968532,False,0.3454475547449128,0.5434782608695652,False,0.8008088733247769,0.496429281249859,0.3594877599659746,NEUTRAL,False,0.18783882386133915,0.046093411762780645,0.08807048459279793,0.13416389635557857,0.05367492750576058,False,False,False,ONLINE_RANK,79919,2025-12-07,-1.2383962735968532,False,0.3454475547449128,0.717391304347826,False,0.8008088733247769,0.496429281249859,0.3594877599659746,NEUTRAL,False,0.18783882386133915,0.18783882386133915,0.046093411762780645,0.0,0.6190476190476191,0.65,0.4023809523809524,0.07558276483944361,0.07558276483944361,False,NEUTRAL,,False,False,ONLINE_RANK,0000,-1.2383962735968532,False,False,False,False,False
2025-12,79917,-1,79919,2025-12-07,-1.24783814351255,False,0.33178280687131284,0.46808510638297873,False,0.8006600935537816,0.6444342981353808,0.36166165259350264,NEUTRAL,False,0.16264263836927279,0.046093411762780645,0.0,0.046093411762780645,0.11654922660649214,False,False,False,ONLINE_RANK,79919,2025-12-07,-1.24783814351255,False,0.33178280687131284,0.46808510638297873,False,0.8006600935537816,0.6444342981353808,0.36166165259350264,NEUTRAL,False,0.16264263836927279,0.046093411762780645,0.08807048459279793,0.13416389635557857,0.028478742013694214,False,False,False,ONLINE_RANK,79919,2025-12-07,-1.24783814351255,False,0.33178280687131284,0.5957446808510638,False,0.8006600935537816,0.6444342981353808,0.36166165259350264,NEUTRAL,False,0.16264263836927279,0.16264263836927279,0.046093411762780645,0.0,0.6190476190476191,0.65,0.4023809523809524,0.06544429972477882,0.06544429972477882,False,NEUTRAL,,False,False,ONLINE_RANK,0000,-1.24783814351255,False,False,False,False,False
2025-12,80770,-1,80779,2025-12-10,1.9710930230968304,True,0.3251026774044309,0.4375,False,0.5434314275747598,0.7448620656615217,0.354466662820948,NEUTRAL,False,0.14496563074722774,0.046093411762780645,0.0,0.046093411762780645,0.09887221898444709,False,False,False,ONLINE_RANK,80779,2025-12-10,1.9710930230968304,True,0.3251026774044309,0.4375,False,0.5434314275747598,0.7448620656615217,0.354466662820948,NEUTRAL,False,0.14496563074722774,0.046093411762780645,0.08807048459279793,0.13416389635557857,0.010801734391649165,False,False,False,ONLINE_RANK,80779,2025-12-10,1.9710930230968304,True,0.3251026774044309,0.5625,False,0.5434314275747598,0.7448620656615217,0.354466662820948,NEUTRAL,False,0.14496563074722774,0.14496563074722774,0.046093411762780645,0.0,0.6190476190476191,0.65,0.4023809523809524,0.058331408562574974,0.058331408562574974,False,NEUTRAL,,False,False,ONLINE_RANK,0000,1.9710930230968304,True,True,True,True,True
2025-12,80771,-1,80779,2025-12-10,1.9664628291275352,True,0.31748921208749636,0.40816326530612246,False,0.5432590715321856,0.5734613487490366,0.3507020687659406,NEUTRAL,False,0.1276977739131368,0.046093411762780645,0.0,0.046093411762780645,0.08160436215035616,False,False,False,ONLINE_RANK,80779,2025-12-10,1.9664628291275352,True,0.31748921208749636,0.40816326530612246,False,0.5432590715321856,0.5734613487490366,0.3507020687659406,NEUTRAL,False,0.1276977739131368,0.046093411762780645,0.08807048459279793,0.13416389635557857,-0.0064661224424417685,False,False,False,ONLINE_RANK,80779,2025-12-10,1.9664628291275352,True,0.31748921208749636,0.5510204081632653,False,0.5432590715321856,0.5734613487490366,0.3507020687659406,NEUTRAL,False,0.1276977739131368,0.1276977739131368,0.046093411762780645,0.0,0.6190476190476191,0.65,0.4023809523809524,0.05138315188409553,0.05138315188409553,False,NEUTRAL,,False,False,ONLINE_RANK,0000,1.9664628291275352,True,True,True,True,True
2025-12,80775,-1,80779,2025-12-10,1.9561332797121298,True,0.3683189116018096,0.62,False,0.5438306544325607,0.6714454417157223,0.35633028306322456,NEUTRAL,False,0.23032315060073616,0.046093411762780645,0.0,0.046093411762780645,0.18422973883795551,False,False,False,ONLINE_RANK,80779,2025-12-10,1.9561332797121298,True,0.3683189116018096,0.62,False,0.5438306544325607,0.6714454417157223,0.35633028306322456,NEUTRAL,False,0.23032315060073616,0.046093411762780645,0.08807048459279793,0.13416389635557857,0.09615925424515759,False,False,False,ONLINE_RANK,80779,2025-12-10,1.9561332797121298,True,0.3683189116018096,0.78,False,0.5438306544325607,0.6714454417157223,0.35633028306322456,NEUTRAL,False,0.23032315060073616,0.23032315060073616,0.046093411762780645,0.0,0.6190476190476191,0.65,0.4023809523809524,0.09267764869410575,0.09267764869410575,False,NEUTRAL,,False,False,ONLINE_RANK,0000,1.9561332797121298,True,True,True,True,True
2025-12,81055,-1,81084,2025-12-11,1.8958571511706412,True,0.3791973936295041,0.6862745098039216,False,0.6985522503668766,0.6744889425286087,0.3626934087080852,NEUTRAL,False,0.2556350095108538,0.046093411762780645,0.0,0.046093411762780645,0.20954159774807313,False,False,False,ONLINE_RANK,81084,2025-12-11,1.8958571511706412,True,0.3791973936295041,0.6862745098039216,False,0.6985522503668766,0.6744889425286087,0.3626934087080852,NEUTRAL,False,0.2556350095108538,0.046093411762780645,0.08807048459279793,0.13416389635557857,0.1214711131552752,False,False,False,ONLINE_RANK,81084,2025-12-11,1.8958571511706412,True,0.3791973936295041,0.803921568627451,True,0.6985522503668766,0.6744889425286087,0.3626934087080852,NEUTRAL,True,0.2556350095108538,0.2556350095108538,0.046093411762780645,0.0,0.6190476190476191,0.65,0.4023809523809524,0.10286265858889117,0.10286265858889117,True,NEUTRAL,NEUTRAL,True,True,SELECTED,0010,1.8958571511706412,True,True,True,False,True
2025-12,81057,-1,81085,2025-12-11,1.8897682675375294,True,0.3445454981570197,0.5384615384615384,False,0.69866826615219,0.6933217891898837,0.36029989201787915,NEUTRAL,False,0.18660950665287002,0.046093411762780645,0.0,0.046093411762780645,0.14051609489008937,False,False,False,ONLINE_RANK,81085,2025-12-11,1.8897682675375294,True,0.3445454981570197,0.5384615384615384,False,0.69866826615219,0.6933217891898837,0.36029989201787915,NEUTRAL,False,0.18660950665287002,0.046093411762780645,0.08807048459279793,0.13416389635557857,0.052445610297291445,False,False,False,ONLINE_RANK,81085,2025-12-11,1.8897682675375294,True,0.3445454981570197,0.6923076923076923,False,0.69866826615219,0.6933217891898837,0.36029989201787915,NEUTRAL,False,0.18660950665287002,0.18660950665287002,0.046093411762780645,0.0,0.6190476190476191,0.65,0.4023809523809524,0.0750881110103215,0.0750881110103215,False,NEUTRAL,,False,False,ONLINE_RANK,0000,1.8897682675375294,True,True,True,True,True
2025-12,81058,-1,81084,2025-12-11,1.890496985958381,True,0.42839656269611254,0.8113207547169812,True,0.5391596279699132,0.6219557484654006,0.3596012992306042,NEUTRAL,True,0.3494256299575373,0.046093411762780645,0.0,0.046093411762780645,0.30333221819475664,True,True,True,SELECTED,81084,2025-12-11,1.890496985958381,True,0.42839656269611254,0.8113207547169812,True,0.5391596279699132,0.6219557484654006,0.3596012992306042,NEUTRAL,True,0.3494256299575373,0.046093411762780645,0.08807048459279793,0.13416389635557857,0.21526173360195872,True,True,True,SELECTED,81084,2025-12-11,1.890496985958381,True,0.42839656269611254,0.8679245283018868,True,0.5391596279699132,0.6219557484654006,0.3596012992306042,NEUTRAL,True,0.3494256299575373,0.3494256299575373,0.046093411762780645,0.0,0.6190476190476191,0.65,0.4023809523809524,0.1406022177686281,0.1406022177686281,True,NEUTRAL,NEUTRAL,False,False,POSITION_OVERLAP,1101,1.890496985958381,True,False,False,True,False
2025-12,82208,-1,82215,2025-12-16,-1.2713992753421024,False,0.3410022973591356,0.5185185185185185,False,0.8170052953458771,0.4804246637427492,0.3592943075744082,NEUTRAL,False,0.17905773758633547,0.046093411762780645,0.0,0.046093411762780645,0.13296432582355483,False,False,False,ONLINE_RANK,82215,2025-12-16,-1.2713992753421024,False,0.3410022973591356,0.5185185185185185,False,0.8170052953458771,0.4804246637427492,0.3592943075744082,NEUTRAL,False,0.17905773758633547,0.046093411762780645,0.08807048459279793,0.13416389635557857,0.044893841230756903,False,False,False,ONLINE_RANK,82215,2025-12-16,-1.2713992753421024,False,0.3410022973591356,0.6481481481481481,False,0.8170052953458771,0.4804246637427492,0.3592943075744082,NEUTRAL,False,0.17905773758633547,0.17905773758633547,0.046093411762780645,0.0,0.6190476190476191,0.65,0.4023809523809524,0.07204942298116833,0.07204942298116833,False,NEUTRAL,,False,False,ONLINE_RANK,0000,-1.2713992753421024,False,False,False,False,False
2025-12,82327,-1,82346,2025-12-16,-0.10682475096522681,False,0.37083749454473497,0.6363636363636364,False,0.6926640239996066,0.6855472825561286,0.3620518766610358,NEUTRAL,False,0.2389407538439413,0.046093411762780645,0.0,0.046093411762780645,0.19284734208116067,False,False,False,ONLINE_RANK,82346,2025-12-16,-0.10682475096522681,False,0.37083749454473497,0.6363636363636364,False,0.6926640239996066,0.6855472825561286,0.3620518766610358,NEUTRAL,False,0.2389407538439413,0.046093411762780645,0.08807048459279793,0.13416389635557857,0.10477685748836274,False,False,False,ONLINE_RANK,82346,2025-12-16,-0.10682475096522681,False,0.37083749454473497,0.7818181818181819,False,0.6926640239996066,0.6855472825561286,0.3620518766610358,NEUTRAL,False,0.2389407538439413,0.2389407538439413,0.046093411762780645,0.0,0.6190476190476191,0.65,0.4023809523809524,0.09614520809434782,0.09614520809434782,False,NEUTRAL,,False,False,ONLINE_RANK,0000,-0.10682475096522681,False,False,False,False,False
2025-12,82530,-1,82545,2025-12-17,-1.2713940368692886,False,0.3348885750195493,0.5,False,0.8193887721206523,0.6630924382901018,0.3629702780658299,NEUTRAL,False,0.16953935347784455,0.046093411762780645,0.0,0.046093411762780645,0.1234459417150639,False,False,False,ONLINE_RANK,82545,2025-12-17,-1.2713940368692886,False,0.3348885750195493,0.5,False,0.8193887721206523,0.6630924382901018,0.3629702780658299,NEUTRAL,False,0.16953935347784455,0.046093411762780645,0.08807048459279793,0.13416389635557857,0.035375457122265974,False,False,False,ONLINE_RANK,82545,2025-12-17,-1.2713940368692886,False,0.3348885750195493,0.6071428571428571,False,0.8193887721206523,0.6630924382901018,0.3629702780658299,NEUTRAL,False,0.16953935347784455,0.16953935347784455,0.046093411762780645,0.0,0.6190476190476191,0.65,0.4023809523809524,0.06821940651846602,0.06821940651846602,False,NEUTRAL,,False,False,ONLINE_RANK,0000,-1.2713940368692886,False,False,False,False,False
2025-12,83668,-1,83678,2025-12-22,-1.2713745188088577,False,0.3058925149402901,0.2982456140350877,False,0.532555362425028,0.5572199927650288,0.34924099919350565,NEUTRAL,False,0.10416911036830784,0.046093411762780645,0.0,0.046093411762780645,0.05807569860552719,False,False,False,ONLINE_RANK,83678,2025-12-22,-1.2713745188088577,False,0.3058925149402901,0.2982456140350877,False,0.532555362425028,0.5572199927650288,0.34924099919350565,NEUTRAL,False,0.10416911036830784,0.046093411762780645,0.08807048459279793,0.13416389635557857,-0.029994785987270733,False,False,False,ONLINE_RANK,83678,2025-12-22,-1.2713745188088577,False,0.3058925149402901,0.42105263157894735,False,0.532555362425028,0.5572199927650288,0.34924099919350565,NEUTRAL,False,0.10416911036830784,0.10416911036830784,0.046093411762780645,0.0,0.6190476190476191,0.65,0.4023809523809524,0.04191566583867625,0.04191566583867625,False,NEUTRAL,,False,False,ONLINE_RANK,0000,-1.2713745188088577,False,False,False,False,False
2025-12,84671,-1,84708,2025-12-26,-0.17082607522799248,False,0.31990978910085244,0.3793103448275862,False,0.822361606428685,0.5437025996569802,0.35917263007354594,NEUTRAL,False,0.13790875207446518,0.046093411762780645,0.0,0.046093411762780645,0.09181534031168453,False,False,False,ONLINE_RANK,84708,2025-12-26,-0.17082607522799248,False,0.31990978910085244,0.3793103448275862,False,0.822361606428685,0.5437025996569802,0.35917263007354594,NEUTRAL,False,0.13790875207446518,0.046093411762780645,0.08807048459279793,0.13416389635557857,0.0037448557188866083,False,False,False,ONLINE_RANK,84708,2025-12-26,-0.17082607522799248,False,0.31990978910085244,0.5,False,0.822361606428685,0.5437025996569802,0.35917263007354594,NEUTRAL,False,0.13790875207446518,0.13790875207446518,0.046093411762780645,0.0,0.6190476190476191,0.65,0.4023809523809524,0.05549185500139194,0.05549185500139194,False,NEUTRAL,,False,False,ONLINE_RANK,0000,-0.17082607522799248,False,False,False,False,False
2025-12,84672,-1,84690,2025-12-26,-0.170827300512494,False,0.27124494301808155,0.15254237288135594,False,0.8221943292089667,0.7059416244298242,0.3585692677562227,NEUTRAL,False,0.042760001460658836,0.046093411762780645,0.0,0.046093411762780645,-0.0033334103021218087,False,False,False,ONLINE_RANK,84690,2025-12-26,-0.170827300512494,False,0.27124494301808155,0.15254237288135594,False,0.8221943292089667,0.7059416244298242,0.3585692677562227,NEUTRAL,False,0.042760001460658836,0.046093411762780645,0.08807048459279793,0.13416389635557857,-0.09140389489491973,False,False,False,ONLINE_RANK,84690,2025-12-26,-0.170827300512494,False,0.27124494301808155,0.3559322033898305,False,0.8221943292089667,0.7059416244298242,0.3585692677562227,NEUTRAL,False,0.042760001460658836,0.042760001460658836,0.046093411762780645,0.0,0.6190476190476191,0.65,0.4023809523809524,0.01720581011155082,0.01720581011155082,False,NEUTRAL,,False,False,ONLINE_RANK,0000,-0.170827300512494,False,False,False,False,False
2025-12,85788,-1,85793,2025-12-30,-1.2683530965091394,False,0.3256995169664315,0.43333333333333335,False,0.53923280860747,0.6878377626066354,0.3533006020126685,NEUTRAL,False,0.14537093250562255,0.046093411762780645,0.0,0.046093411762780645,0.09927752074284191,False,False,False,ONLINE_RANK,85793,2025-12-30,-1.2683530965091394,False,0.3256995169664315,0.43333333333333335,False,0.53923280860747,0.6878377626066354,0.3533006020126685,NEUTRAL,False,0.14537093250562255,0.046093411762780645,0.08807048459279793,0.13416389635557857,0.01120703615004398,False,False,False,ONLINE_RANK,85793,2025-12-30,-1.2683530965091394,False,0.3256995169664315,0.5333333333333333,False,0.53923280860747,0.6878377626066354,0.3533006020126685,NEUTRAL,False,0.14537093250562255,0.14537093250562255,0.046093411762780645,0.0,0.6190476190476191,0.65,0.4023809523809524,0.05849449427011955,0.05849449427011955,False,NEUTRAL,,False,False,ONLINE_RANK,0000,-1.2683530965091394,False,False,False,False,False
2025-12,85793,-1,85794,2025-12-30,-1.2713778691837487,False,0.258532786925669,0.11475409836065574,False,0.5416127309038967,0.6666227066138002,0.3480065557506218,NEUTRAL,False,0.011152003379171882,0.046093411762780645,0.0,0.046093411762780645,-0.03494140838360876,False,False,False,ONLINE_RANK,85794,2025-12-30,-1.2713778691837487,False,0.258532786925669,0.11475409836065574,False,0.5416127309038967,0.6666227066138002,0.3480065557506218,REJECT,False,0.011152003379171882,0.046093411762780645,0.08807048459279793,0.13416389635557857,-0.12301189297640669,False,False,False,ONLINE_RANK,85794,2025-12-30,-1.2713778691837487,False,0.258532786925669,0.3114754098360656,False,0.5416127309038967,0.6666227066138002,0.3480065557506218,NEUTRAL,False,0.011152003379171882,0.011152003379171882,0.046093411762780645,0.0,0.6190476190476191,0.65,0.4023809523809524,0.004487353740666781,0.004487353740666781,False,NEUTRAL,,False,False,ONLINE_RANK,0000,-1.2713778691837487,False,False,False,False,False
2026-01,86524,-1,86538,2026-01-02,1.8837997881465247,True,0.3799471579399241,0.8695652173913043,True,0.5438746210242331,0.4412836233072719,0.3184094017426857,NEUTRAL,True,0.13013779587024232,0.044346237169198166,0.0,0.044346237169198166,0.08579155870104416,True,True,True,SELECTED,86538,2026-01-02,1.8837997881465247,True,0.3799471579399241,0.8695652173913043,True,0.5438746210242331,0.4412836233072719,0.3184094017426857,NEUTRAL,True,0.13013779587024232,0.044346237169198166,0.11726039399558574,0.1616066311647839,-0.031468835294541586,False,False,False,MINIMUM_UTILITY,86538,2026-01-02,1.8837997881465247,True,0.3799471579399241,1.0,True,0.5438746210242331,0.4412836233072719,0.3184094017426857,NEUTRAL,True,0.13013779587024232,0.13013779587024232,0.044346237169198166,0.0,0.4782608695652174,0.65,0.31086956521739134,0.04045588002053186,0.04045588002053186,True,NEUTRAL,NEUTRAL,True,True,SELECTED,1011,1.8837997881465247,True,False,True,False,False
2026-01,87301,-1,87303,2026-01-05,-1.271348763189079,False,0.319306748925585,0.5833333333333334,False,0.529416586327319,0.6673666939213856,0.3247078495192425,NEUTRAL,False,0.006861969303144977,0.044346237169198166,0.0,0.044346237169198166,-0.03748426786605319,False,False,False,ONLINE_RANK,87303,2026-01-05,-1.271348763189079,False,0.319306748925585,0.5833333333333334,False,0.529416586327319,0.6673666939213856,0.3247078495192425,REJECT,False,0.006861969303144977,0.044346237169198166,0.11726039399558574,0.1616066311647839,-0.15474466186163893,False,False,False,ONLINE_RANK,87303,2026-01-05,-1.271348763189079,False,0.319306748925585,0.875,True,0.529416586327319,0.6673666939213856,0.3247078495192425,NEUTRAL,True,0.006861969303144977,0.006861969303144977,0.044346237169198166,0.0,0.4782608695652174,0.65,0.31086956521739134,0.0021331774138037647,0.0021331774138037647,True,NEUTRAL,NEUTRAL,True,True,SELECTED,0010,-1.271348763189079,False,False,False,False,False
2026-01,87305,-1,87322,2026-01-05,1.8321953397565938,True,0.36760392815462356,0.84,True,0.5333354570967384,0.5084309396820403,0.32070566074460527,NEUTRAL,True,0.10575717534776796,0.044346237169198166,0.0,0.044346237169198166,0.061410938178569796,True,True,True,SELECTED,87322,2026-01-05,1.8321953397565938,True,0.36760392815462356,0.84,True,0.5333354570967384,0.5084309396820403,0.32070566074460527,NEUTRAL,True,0.10575717534776796,0.044346237169198166,0.11726039399558574,0.1616066311647839,-0.05584945581701595,False,False,False,MINIMUM_UTILITY,87322,2026-01-05,1.8321953397565938,True,0.36760392815462356,0.96,True,0.5333354570967384,0.5084309396820403,0.32070566074460527,NEUTRAL,True,0.10575717534776796,0.10575717534776796,0.044346237169198166,0.0,0.4782608695652174,0.65,0.31086956521739134,0.03287668711898004,0.03287668711898004,True,NEUTRAL,NEUTRAL,False,False,MARKET_CLUSTER_DUPLICATE,1001,1.8321953397565938,True,False,True,True,False
2026-01,89185,-1,89192,2026-01-12,1.8301926884775166,True,0.23097101851530755,0.038461538461538464,False,0.5358791535458773,0.6123039842169808,0.3196798589723226,REJECT,False,-0.18268525443906658,0.044346237169198166,0.0,0.044346237169198166,-0.22703149160826475,False,False,False,ONLINE_RANK,89192,2026-01-12,1.8301926884775166,True,0.23097101851530755,0.038461538461538464,False,0.5358791535458773,0.6123039842169808,0.3196798589723226,REJECT,False,-0.18268525443906658,0.044346237169198166,0.11726039399558574,0.1616066311647839,-0.3442918856038505,False,False,False,ONLINE_RANK,89192,2026-01-12,1.8301926884775166,True,0.23097101851530755,0.38461538461538464,False,0.5358791535458773,0.6123039842169808,0.3196798589723226,REJECT,False,-0.18268525443906658,-0.18268525443906658,0.044346237169198166,0.0,0.4782608695652174,0.65,0.31086956521739134,-0.05679128561910114,-0.05679128561910114,False,NEUTRAL,,False,False,ONLINE_RANK,0000,1.8301926884775166,True,True,True,True,True
2026-01,89334,-1,89363,2026-01-13,-1.2713582137541857,False,0.2868486731081366,0.2962962962962963,False,0.5350343260719851,0.6373042204970509,0.3224024510446486,REJECT,False,-0.06310667786988844,0.044346237169198166,0.0,0.044346237169198166,-0.1074529150390866,False,False,False,ONLINE_RANK,89363,2026-01-13,-1.2713582137541857,False,0.2868486731081366,0.2962962962962963,False,0.5350343260719851,0.6373042204970509,0.3224024510446486,REJECT,False,-0.06310667786988844,0.044346237169198166,0.11726039399558574,0.1616066311647839,-0.22471330903467235,False,False,False,ONLINE_RANK,89363,2026-01-13,-1.2713582137541857,False,0.2868486731081366,0.7777777777777778,False,0.5350343260719851,0.6373042204970509,0.3224024510446486,NEUTRAL,False,-0.06310667786988844,-0.06310667786988844,0.044346237169198166,0.0,0.4782608695652174,0.65,0.31086956521739134,-0.01961794551172619,-0.01961794551172619,False,NEUTRAL,,False,False,ONLINE_RANK,0000,-1.2713582137541857,False,False,False,False,False
2026-01,89434,-1,89436,2026-01-13,-0.17080459542339413,False,0.3532851336304587,0.75,False,0.533025914034753,0.6544542408256104,0.32532619168333826,NEUTRAL,False,0.07884788749615534,0.044346237169198166,0.0,0.044346237169198166,0.03450165032695718,False,False,False,ONLINE_RANK,89436,2026-01-13,-0.17080459542339413,False,0.3532851336304587,0.75,False,0.533025914034753,0.6544542408256104,0.32532619168333826,NEUTRAL,False,0.07884788749615534,0.044346237169198166,0.11726039399558574,0.1616066311647839,-0.08275874366862856,False,False,False,ONLINE_RANK,89436,2026-01-13,-0.17080459542339413,False,0.3532851336304587,0.8928571428571429,True,0.533025914034753,0.6544542408256104,0.32532619168333826,NEUTRAL,True,0.07884788749615534,0.07884788749615534,0.044346237169198166,0.0,0.4782608695652174,0.65,0.31086956521739134,0.0245114085042396,0.0245114085042396,True,NEUTRAL,NEUTRAL,False,False,NEUTRAL_MONTHLY_CAP,0000,-0.17080459542339413,False,False,False,False,False
2026-01,89436,-1,89441,2026-01-13,-1.2713556731613804,False,0.35613384911750967,0.7586206896551724,False,0.5308015638800346,0.5805054862188725,0.32292355318852906,NEUTRAL,False,0.08316023254464988,0.044346237169198166,0.0,0.044346237169198166,0.038813995375451715,False,False,False,ONLINE_RANK,89441,2026-01-13,-1.2713556731613804,False,0.35613384911750967,0.7586206896551724,False,0.5308015638800346,0.5805054862188725,0.32292355318852906,NEUTRAL,False,0.08316023254464988,0.044346237169198166,0.11726039399558574,0.1616066311647839,-0.07844639862013403,False,False,False,ONLINE_RANK,89441,2026-01-13,-1.2713556731613804,False,0.35613384911750967,0.896551724137931,True,0.5308015638800346,0.5805054862188725,0.32292355318852906,NEUTRAL,True,0.08316023254464988,0.08316023254464988,0.044346237169198166,0.0,0.4782608695652174,0.65,0.31086956521739134,0.025851985334532465,0.025851985334532465,True,NEUTRAL,NEUTRAL,False,False,NEUTRAL_MONTHLY_CAP,0000,-1.2713556731613804,False,False,False,False,False
2026-01,89494,-1,89513,2026-01-13,-1.271343544511908,False,0.35696632175707343,0.7666666666666667,False,0.5343983398809803,0.6566174284575508,0.32548520543962717,NEUTRAL,False,0.08671137243348803,0.044346237169198166,0.0,0.044346237169198166,0.042365135264289866,False,False,False,ONLINE_RANK,89513,2026-01-13,-1.271343544511908,False,0.35696632175707343,0.7666666666666667,False,0.5343983398809803,0.6566174284575508,0.32548520543962717,NEUTRAL,False,0.08671137243348803,0.044346237169198166,0.11726039399558574,0.1616066311647839,-0.07489525873129588,False,False,False,ONLINE_RANK,89513,2026-01-13,-1.271343544511908,False,0.35696632175707343,0.9333333333333333,True,0.5343983398809803,0.6566174284575508,0.32548520543962717,NEUTRAL,True,0.08671137243348803,0.08671137243348803,0.044346237169198166,0.0,0.4782608695652174,0.65,0.31086956521739134,0.026955926647801717,0.026955926647801717,True,NEUTRAL,NEUTRAL,False,False,NEUTRAL_MONTHLY_CAP,0000,-1.271343544511908,False,False,False,False,False
2026-01,89702,-1,89704,2026-01-14,-1.2643270542932266,False,0.38449573646316265,0.9032258064516129,True,0.5259893454180284,0.6872295488882065,0.32779272559141814,NEUTRAL,True,0.14630270538101064,0.044346237169198166,0.0,0.044346237169198166,0.10195646821181248,True,True,True,SELECTED,89704,2026-01-14,-1.2643270542932266,False,0.38449573646316265,0.9032258064516129,True,0.5259893454180284,0.6872295488882065,0.32779272559141814,NEUTRAL,True,0.14630270538101064,0.044346237169198166,0.11726039399558574,0.1616066311647839,-0.015303925783773265,False,False,False,MINIMUM_UTILITY,89704,2026-01-14,-1.2643270542932266,False,0.38449573646316265,1.0,True,0.5259893454180284,0.6872295488882065,0.32779272559141814,NEUTRAL,True,0.14630270538101064,0.14630270538101064,0.044346237169198166,0.0,0.4782608695652174,0.65,0.31086956521739134,0.04548105841192288,0.04548105841192288,True,NEUTRAL,NEUTRAL,False,False,NEUTRAL_MONTHLY_CAP,1001,-1.2643270542932266,False,False,False,False,False
2026-01,89703,-1,89704,2026-01-14,-1.2651195544318625,False,0.40767510462071344,0.9375,True,0.5269858245318149,0.6335410344968728,0.32664491718586686,NEUTRAL,True,0.1943082677121295,0.044346237169198166,0.0,0.044346237169198166,0.14996203054293133,True,False,False,MONTHLY_TARGET_CAP,89704,2026-01-14,-1.2651195544318625,False,0.40767510462071344,0.9375,True,0.5269858245318149,0.6335410344968728,0.32664491718586686,NEUTRAL,True,0.1943082677121295,0.044346237169198166,0.11726039399558574,0.1616066311647839,0.03270163654734559,True,True,True,SELECTED,89704,2026-01-14,-1.2651195544318625,False,0.40767510462071344,1.0,True,0.5269858245318149,0.6335410344968728,0.32664491718586686,NEUTRAL,True,0.1943082677121295,0.1943082677121295,0.044346237169198166,0.0,0.4782608695652174,0.65,0.31086956521739134,0.060404526701814176,0.060404526701814176,True,NEUTRAL,NEUTRAL,False,False,NEUTRAL_MONTHLY_CAP,0100,-1.2651195544318625,False,False,False,False,False
2026-01,89723,-1,89726,2026-01-14,1.8306211803089454,True,0.3071286218574489,0.36363636363636365,False,0.5262913670601924,0.6035504134174932,0.32223398971622885,NEUTRAL,False,-0.020519291676801776,0.044346237169198166,0.0,0.044346237169198166,-0.06486552884599994,False,False,False,ONLINE_RANK,89726,2026-01-14,1.8306211803089454,True,0.3071286218574489,0.36363636363636365,False,0.5262913670601924,0.6035504134174932,0.32223398971622885,REJECT,False,-0.020519291676801776,0.044346237169198166,0.11726039399558574,0.1616066311647839,-0.18212592284158569,False,False,False,ONLINE_RANK,89726,2026-01-14,1.8306211803089454,True,0.3071286218574489,0.6666666666666666,False,0.5262913670601924,0.6035504134174932,0.32223398971622885,NEUTRAL,False,-0.020519291676801776,-0.020519291676801776,0.044346237169198166,0.0,0.4782608695652174,0.65,0.31086956521739134,-0.0063788232821362055,-0.0063788232821362055,False,NEUTRAL,,False,False,ONLINE_RANK,0000,1.8306211803089454,True,True,True,True,True
2026-01,89980,-1,89982,2026-01-15,-1.214180595850759,False,0.3420912398253301,0.6176470588235294,False,0.5438317972743993,0.6471418156747022,0.32434470017276995,NEUTRAL,False,0.05458677667086831,0.044346237169198166,0.0,0.044346237169198166,0.010240539501670143,False,False,False,ONLINE_RANK,89982,2026-01-15,-1.214180595850759,False,0.3420912398253301,0.6176470588235294,False,0.5438317972743993,0.6471418156747022,0.32434470017276995,REJECT,False,0.05458677667086831,0.044346237169198166,0.11726039399558574,0.1616066311647839,-0.1070198544939156,False,False,False,ONLINE_RANK,89982,2026-01-15,-1.214180595850759,False,0.3420912398253301,0.7647058823529411,False,0.5438317972743993,0.6471418156747022,0.32434470017276995,NEUTRAL,False,0.05458677667086831,0.05458677667086831,0.044346237169198166,0.0,0.4782608695652174,0.65,0.31086956521739134,0.01696936753029167,0.01696936753029167,False,NEUTRAL,,False,False,ONLINE_RANK,0000,-1.214180595850759,False,False,False,False,False
2026-01,91401,-1,91405,2026-01-21,-1.2713815747300643,False,0.27048825231828366,0.17142857142857143,False,0.8329731217796444,0.5818150390682617,0.3106566226206105,REJECT,False,-0.10580335951091613,0.044346237169198166,0.0,0.044346237169198166,-0.1501495966801143,False,False,False,ONLINE_RANK,91405,2026-01-21,-1.2713815747300643,False,0.27048825231828366,0.17142857142857143,False,0.8329731217796444,0.5818150390682617,0.3106566226206105,REJECT,False,-0.10580335951091613,0.044346237169198166,0.11726039399558574,0.1616066311647839,-0.26740999067570004,False,False,False,ONLINE_RANK,91405,2026-01-21,-1.2713815747300643,False,0.27048825231828366,0.5142857142857142,False,0.8329731217796444,0.5818150390682617,0.3106566226206105,REJECT,False,-0.10580335951091613,-0.10580335951091613,0.044346237169198166,0.0,0.4782608695652174,0.65,0.31086956521739134,-0.03289104436969784,-0.03289104436969784,False,NEUTRAL,,False,False,ONLINE_RANK,0000,-1.2713815747300643,False,False,False,False,False
2026-01,92944,-1,92947,2026-01-26,-1.2713844105632546,False,0.26277891867354913,0.16666666666666666,False,0.653159886479536,0.7388331876477954,0.3211407453822106,REJECT,False,-0.11467854380791731,0.044346237169198166,0.0,0.044346237169198166,-0.15902478097711548,False,False,False,ONLINE_RANK,92947,2026-01-26,-1.2713844105632546,False,0.26277891867354913,0.16666666666666666,False,0.653159886479536,0.7388331876477954,0.3211407453822106,REJECT,False,-0.11467854380791731,0.044346237169198166,0.11726039399558574,0.1616066311647839,-0.2762851749727012,False,False,False,ONLINE_RANK,92947,2026-01-26,-1.2713844105632546,False,0.26277891867354913,0.5,False,0.653159886479536,0.7388331876477954,0.3211407453822106,REJECT,False,-0.11467854380791731,-0.11467854380791731,0.044346237169198166,0.0,0.4782608695652174,0.65,0.31086956521739134,-0.03565006905333082,-0.03565006905333082,False,NEUTRAL,,False,False,ONLINE_RANK,0000,-1.2713844105632546,False,False,False,False,False
2026-01,93407,-1,93419,2026-01-28,-1.2713710258873312,False,0.2781361273919606,0.24324324324324326,False,0.5276192075024684,0.8195846111757603,0.32839194512096964,REJECT,False,-0.07724937052850978,0.044346237169198166,0.0,0.044346237169198166,-0.12159560769770794,False,False,False,ONLINE_RANK,93419,2026-01-28,-1.2713710258873312,False,0.2781361273919606,0.24324324324324326,False,0.5276192075024684,0.8195846111757603,0.32839194512096964,REJECT,False,-0.07724937052850978,0.044346237169198166,0.11726039399558574,0.1616066311647839,-0.23885600169329368,False,False,False,ONLINE_RANK,93419,2026-01-28,-1.2713710258873312,False,0.2781361273919606,0.5675675675675675,False,0.5276192075024684,0.8195846111757603,0.32839194512096964,NEUTRAL,False,-0.07724937052850978,-0.07724937052850978,0.044346237169198166,0.0,0.4782608695652174,0.65,0.31086956521739134,-0.024014478229515,-0.024014478229515,False,NEUTRAL,,False,False,ONLINE_RANK,0000,-1.2713710258873312,False,False,False,False,False
2026-01,93842,-1,93849,2026-01-30,-1.2142246515575827,False,0.3526110064422245,0.6842105263157895,False,0.8235804183181532,0.46305335218078814,0.3096464056815214,NEUTRAL,False,0.06642211136445553,0.044346237169198166,0.0,0.044346237169198166,0.02207587419525736,False,False,False,ONLINE_RANK,93849,2026-01-30,-1.2142246515575827,False,0.3526110064422245,0.6842105263157895,False,0.8235804183181532,0.46305335218078814,0.3096464056815214,NEUTRAL,False,0.06642211136445553,0.044346237169198166,0.11726039399558574,0.1616066311647839,-0.09518451980032838,False,False,False,ONLINE_RANK,93849,2026-01-30,-1.2142246515575827,False,0.3526110064422245,0.7894736842105263,False,0.8235804183181532,0.46305335218078814,0.3096464056815214,NEUTRAL,False,0.06642211136445553,0.06642211136445553,0.044346237169198166,0.0,0.4782608695652174,0.65,0.31086956521739134,0.020648612880689438,0.020648612880689438,False,NEUTRAL,,False,False,ONLINE_RANK,0000,-1.2142246515575827,False,False,False,False,False
2026-01,93975,-1,93984,2026-01-30,-0.11431472267443507,False,0.330909207327207,0.5897435897435898,False,0.8181950601112894,0.6259969248301529,0.31460680590540974,NEUTRAL,False,0.024204215343474167,0.044346237169198166,0.0,0.044346237169198166,-0.020142021825724,False,False,False,ONLINE_RANK,93984,2026-01-30,-0.11431472267443507,False,0.330909207327207,0.5897435897435898,False,0.8181950601112894,0.6259969248301529,0.31460680590540974,REJECT,False,0.024204215343474167,0.044346237169198166,0.11726039399558574,0.1616066311647839,-0.13740241582130974,False,False,False,ONLINE_RANK,93984,2026-01-30,-0.11431472267443507,False,0.330909207327207,0.717948717948718,False,0.8181950601112894,0.6259969248301529,0.31460680590540974,NEUTRAL,False,0.024204215343474167,0.024204215343474167,0.044346237169198166,0.0,0.4782608695652174,0.65,0.31086956521739134,0.007524353900253927,0.007524353900253927,False,NEUTRAL,,False,False,ONLINE_RANK,0000,-0.11431472267443507,False,False,False,False,False
2026-01,93990,-1,93995,2026-01-30,-0.09074335126279931,False,0.4029731142484952,0.925,True,0.8272523311050863,0.4727694930034963,0.3114158059888896,NEUTRAL,True,0.17371693818909517,0.044346237169198166,0.0,0.044346237169198166,0.129370701019897,True,False,False,MONTHLY_TARGET_CAP,93995,2026-01-30,-0.09074335126279931,False,0.4029731142484952,0.925,True,0.8272523311050863,0.4727694930034963,0.3114158059888896,NEUTRAL,True,0.17371693818909517,0.044346237169198166,0.11726039399558574,0.1616066311647839,0.012110307024311262,False,False,False,MINIMUM_UTILITY,93995,2026-01-30,-0.09074335126279931,False,0.4029731142484952,0.975,True,0.8272523311050863,0.4727694930034963,0.3114158059888896,NEUTRAL,True,0.17371693818909517,0.17371693818909517,0.044346237169198166,0.0,0.4782608695652174,0.65,0.31086956521739134,0.05400330904574046,0.05400330904574046,True,NEUTRAL,NEUTRAL,False,False,NEUTRAL_MONTHLY_CAP,0001,-0.09074335126279931,False,False,False,False,False
2026-01,94026,-1,94032,2026-01-30,-0.08164347753032455,False,0.5012431359502408,1.0,True,0.8295641425201912,0.6367347187065682,0.32051698077526813,NEUTRAL,True,0.3870429626214231,0.044346237169198166,0.0,0.044346237169198166,0.34269672545222496,True,False,False,MONTHLY_TARGET_CAP,94032,2026-01-30,-0.08164347753032455,False,0.5012431359502408,1.0,True,0.8295641425201912,0.6367347187065682,0.32051698077526813,NEUTRAL,True,0.3870429626214231,0.044346237169198166,0.11726039399558574,0.1616066311647839,0.22543633145663922,True,True,True,SELECTED,94032,2026-01-30,-0.08164347753032455,False,0.5012431359502408,1.0,True,0.8295641425201912,0.6367347187065682,0.32051698077526813,NEUTRAL,True,0.3870429626214231,0.3870429626214231,0.044346237169198166,0.0,0.4782608695652174,0.65,0.31086956521739134,0.12031987751057285,0.12031987751057285,True,NEUTRAL,NEUTRAL,False,False,NEUTRAL_MONTHLY_CAP,0100,-0.08164347753032455,False,False,False,False,False
2026-02,94681,-1,94683,2026-02-02,-1.147716252048491,False,0.22823163183757503,0.9,True,0.8252178811643591,0.7309115752048618,0.2001010767525651,REJECT,False,-0.3352949511781767,0.04064205786225327,0.0,0.04064205786225327,-0.37593700904043,False,False,False,META_PROBABILITY,94683,2026-02-02,-1.147716252048491,False,0.22823163183757503,0.9,True,0.8252178811643591,0.7309115752048618,0.2001010767525651,REJECT,False,-0.3352949511781767,0.04064205786225327,0.12617865362880898,0.16682071149106226,-0.5021156626692389,False,False,False,META_PROBABILITY,94683,2026-02-02,-1.147716252048491,False,0.22823163183757503,1.0,True,0.8252178811643591,0.7309115752048618,0.2001010767525651,REJECT,False,-0.3352949511781767,-0.3352949511781767,0.04064205786225327,0.0,0.4418604651162791,0.65,0.2872093023255814,-0.09629982900117401,-0.09629982900117401,False,NEUTRAL,,False,False,META_PROBABILITY,0000,-1.147716252048491,False,False,False,False,False
2026-02,94954,-1,94956,2026-02-03,-1.271458451286327,False,0.2267696194947425,0.9047619047619048,True,0.8235731749235685,0.5539680705976251,0.20594882739989198,REJECT,False,-0.3342722891914852,0.04064205786225327,0.0,0.04064205786225327,-0.3749143470537385,False,False,False,META_PROBABILITY,94956,2026-02-03,-1.271458451286327,False,0.2267696194947425,0.9047619047619048,True,0.8235731749235685,0.5539680705976251,0.20594882739989198,REJECT,False,-0.3342722891914852,0.04064205786225327,0.12617865362880898,0.16682071149106226,-0.5010930006825475,False,False,False,META_PROBABILITY,94956,2026-02-03,-1.271458451286327,False,0.2267696194947425,1.0,True,0.8235731749235685,0.5539680705976251,0.20594882739989198,REJECT,False,-0.3342722891914852,-0.3342722891914852,0.04064205786225327,0.0,0.4418604651162791,0.65,0.2872093023255814,-0.09600611096546145,-0.09600611096546145,False,NEUTRAL,,False,False,META_PROBABILITY,0000,-1.271458451286327,False,False,False,False,False
2026-02,95736,-1,95739,2026-02-06,-1.1426924344671443,False,0.1910120564482237,0.045454545454545456,False,0.8151231157899994,0.4802510570213202,0.20876788355017498,REJECT,False,-0.4073514193671459,0.04064205786225327,0.0,0.04064205786225327,-0.4479934772293992,False,False,False,ONLINE_RANK,95739,2026-02-06,-1.1426924344671443,False,0.1910120564482237,0.045454545454545456,False,0.8151231157899994,0.4802510570213202,0.20876788355017498,REJECT,False,-0.4073514193671459,0.04064205786225327,0.12617865362880898,0.16682071149106226,-0.5741721308582082,False,False,False,ONLINE_RANK,95739,2026-02-06,-1.1426924344671443,False,0.1910120564482237,0.9090909090909091,True,0.8151231157899994,0.4802510570213202,0.20876788355017498,REJECT,False,-0.4073514193671459,-0.4073514193671459,0.04064205786225327,0.0,0.4418604651162791,0.65,0.2872093023255814,-0.1169951169577733,-0.1169951169577733,False,NEUTRAL,,False,False,META_PROBABILITY,0000,-1.1426924344671443,False,False,False,False,False
2026-02,95899,-1,95904,2026-02-06,-1.1564385284876815,False,0.20592201300118168,0.43478260869565216,False,0.5359909865907312,0.5149427879229135,0.21578498565949428,REJECT,False,-0.3711475691244992,0.04064205786225327,0.0,0.04064205786225327,-0.4117896269867525,False,False,False,ONLINE_RANK,95904,2026-02-06,-1.1564385284876815,False,0.20592201300118168,0.43478260869565216,False,0.5359909865907312,0.5149427879229135,0.21578498565949428,REJECT,False,-0.3711475691244992,0.04064205786225327,0.12617865362880898,0.16682071149106226,-0.5379682806155615,False,False,False,ONLINE_RANK,95904,2026-02-06,-1.1564385284876815,False,0.20592201300118168,0.9130434782608695,True,0.5359909865907312,0.5149427879229135,0.21578498565949428,REJECT,False,-0.3711475691244992,-0.3711475691244992,0.04064205786225327,0.0,0.4418604651162791,0.65,0.2872093023255814,-0.1065970343880829,-0.1065970343880829,False,NEUTRAL,,False,False,META_PROBABILITY,0000,-1.1564385284876815,False,False,False,False,False
2026-02,95934,-1,95937,2026-02-06,1.9173976943992475,True,0.20731622212460998,0.4166666666666667,False,0.5379231141446924,0.7838313041946534,0.20817371870074905,REJECT,False,-0.37354635595115027,0.04064205786225327,0.0,0.04064205786225327,-0.41418841381340354,False,False,False,ONLINE_RANK,95937,2026-02-06,1.9173976943992475,True,0.20731622212460998,0.4166666666666667,False,0.5379231141446924,0.7838313041946534,0.20817371870074905,REJECT,False,-0.37354635595115027,0.04064205786225327,0.12617865362880898,0.16682071149106226,-0.5403670674422125,False,False,False,ONLINE_RANK,95937,2026-02-06,1.9173976943992475,True,0.20731622212460998,0.875,True,0.5379231141446924,0.7838313041946534,0.20817371870074905,REJECT,False,-0.37354635595115027,-0.37354635595115027,0.04064205786225327,0.0,0.4418604651162791,0.65,0.2872093023255814,-0.10728598827899316,-0.10728598827899316,False,NEUTRAL,,False,False,META_PROBABILITY,0000,1.9173976943992475,True,True,True,True,True
2026-02,96087,-1,96112,2026-02-07,-0.03536910160585229,False,0.20528271910263018,0.24,False,0.8280718001233414,0.5362454256248628,0.20648543139132589,REJECT,False,-0.37899564907708,0.04064205786225327,0.0,0.04064205786225327,-0.4196377069393333,False,False,False,ONLINE_RANK,96112,2026-02-07,-0.03536910160585229,False,0.20528271910263018,0.24,False,0.8280718001233414,0.5362454256248628,0.20648543139132589,REJECT,False,-0.37899564907708,0.04064205786225327,0.12617865362880898,0.16682071149106226,-0.5458163605681423,False,False,False,ONLINE_RANK,96112,2026-02-07,-0.03536910160585229,False,0.20528271910263018,0.84,True,0.8280718001233414,0.5362454256248628,0.20648543139132589,REJECT,False,-0.37899564907708,-0.37899564907708,0.04064205786225327,0.0,0.4418604651162791,0.65,0.2872093023255814,-0.10885107595585902,-0.10885107595585902,False,NEUTRAL,,False,False,META_PROBABILITY,0000,-0.03536910160585229,False,False,False,False,False
2026-02,96356,-1,96357,2026-02-08,-1.2560392680815227,False,0.20130731146166095,0.23076923076923078,False,0.5376979422253222,0.46517018965249385,0.21716514534052714,REJECT,False,-0.3798677469538861,0.04064205786225327,0.0,0.04064205786225327,-0.42050980481613937,False,False,False,ONLINE_RANK,96357,2026-02-08,-1.2560392680815227,False,0.20130731146166095,0.23076923076923078,False,0.5376979422253222,0.46517018965249385,0.21716514534052714,REJECT,False,-0.3798677469538861,0.04064205786225327,0.12617865362880898,0.16682071149106226,-0.5466884584449483,False,False,False,ONLINE_RANK,96357,2026-02-08,-1.2560392680815227,False,0.20130731146166095,0.8076923076923077,True,0.5376979422253222,0.46517018965249385,0.21716514534052714,REJECT,False,-0.3798677469538861,-0.3798677469538861,0.04064205786225327,0.0,0.4418604651162791,0.65,0.2872093023255814,-0.10910155057861612,-0.10910155057861612,False,NEUTRAL,,False,False,META_PROBABILITY,0000,-1.2560392680815227,False,False,False,False,False
2026-02,96360,-1,96392,2026-02-08,1.8457320172273326,True,0.22386463280930674,0.8518518518518519,True,0.5384071013079459,0.7689934501961346,0.20850956891969885,REJECT,False,-0.3385779789476718,0.04064205786225327,0.0,0.04064205786225327,-0.37922003680992505,False,False,False,META_PROBABILITY,96392,2026-02-08,1.8457320172273326,True,0.22386463280930674,0.8518518518518519,True,0.5384071013079459,0.7689934501961346,0.20850956891969885,REJECT,False,-0.3385779789476718,0.04064205786225327,0.12617865362880898,0.16682071149106226,-0.505398690438734,False,False,False,META_PROBABILITY,96392,2026-02-08,1.8457320172273326,True,0.22386463280930674,0.9259259259259259,True,0.5384071013079459,0.7689934501961346,0.20850956891969885,REJECT,False,-0.3385779789476718,-0.3385779789476718,0.04064205786225327,0.0,0.4418604651162791,0.65,0.2872093023255814,-0.0972427451163662,-0.0972427451163662,False,NEUTRAL,,False,False,META_PROBABILITY,0000,1.8457320172273326,True,True,True,True,True
2026-02,96361,-1,96366,2026-02-08,-1.2562792545353076,False,0.2196272576725514,0.7857142857142857,False,0.5383499708724803,0.666376360404185,0.21139300820798818,REJECT,False,-0.34545444472495485,0.04064205786225327,0.0,0.04064205786225327,-0.3860965025872081,False,False,False,ONLINE_RANK,96366,2026-02-08,-1.2562792545353076,False,0.2196272576725514,0.7857142857142857,False,0.5383499708724803,0.666376360404185,0.21139300820798818,REJECT,False,-0.34545444472495485,0.04064205786225327,0.12617865362880898,0.16682071149106226,-0.512275156216017,False,False,False,ONLINE_RANK,96366,2026-02-08,-1.2562792545353076,False,0.2196272576725514,0.8928571428571429,True,0.5383499708724803,0.666376360404185,0.21139300820798818,REJECT,False,-0.34545444472495485,-0.34545444472495485,0.04064205786225327,0.0,0.4418604651162791,0.65,0.2872093023255814,-0.09921773005472541,-0.09921773005472541,False,NEUTRAL,,False,False,META_PROBABILITY,0000,-1.2562792545353076,False,False,False,False,False
2026-02,96362,-1,96365,2026-02-08,-1.2556453186754493,False,0.21567255897850546,0.6551724137931034,False,0.5381740941083428,0.6639228927078087,0.21148056362999532,REJECT,False,-0.35369369235369985,0.04064205786225327,0.0,0.04064205786225327,-0.39433575021595313,False,False,False,ONLINE_RANK,96365,2026-02-08,-1.2556453186754493,False,0.21567255897850546,0.6551724137931034,False,0.5381740941083428,0.6639228927078087,0.21148056362999532,REJECT,False,-0.35369369235369985,0.04064205786225327,0.12617865362880898,0.16682071149106226,-0.5205144038447621,False,False,False,ONLINE_RANK,96365,2026-02-08,-1.2556453186754493,False,0.21567255897850546,0.8620689655172413,True,0.5381740941083428,0.6639228927078087,0.21148056362999532,REJECT,False,-0.35369369235369985,-0.35369369235369985,0.04064205786225327,0.0,0.4418604651162791,0.65,0.2872093023255814,-0.10158411861786495,-0.10158411861786495,False,NEUTRAL,,False,False,META_PROBABILITY,0000,-1.2556453186754493,False,False,False,False,False
2026-02,96368,-1,96378,2026-02-08,-0.17097720463001453,False,0.22527333253707882,0.9666666666666667,True,0.5374301617835004,0.5222014504041129,0.21548011067180226,REJECT,False,-0.3307444478675828,0.04064205786225327,0.0,0.04064205786225327,-0.37138650572983606,False,False,False,META_PROBABILITY,96378,2026-02-08,-0.17097720463001453,False,0.22527333253707882,0.9666666666666667,True,0.5374301617835004,0.5222014504041129,0.21548011067180226,REJECT,False,-0.3307444478675828,0.04064205786225327,0.12617865362880898,0.16682071149106226,-0.49756515935864504,False,False,False,META_PROBABILITY,96378,2026-02-08,-0.17097720463001453,False,0.22527333253707882,1.0,True,0.5374301617835004,0.5222014504041129,0.21548011067180226,REJECT,False,-0.3307444478675828,-0.3307444478675828,0.04064205786225327,0.0,0.4418604651162791,0.65,0.2872093023255814,-0.09499288212010808,-0.09499288212010808,False,NEUTRAL,,False,False,META_PROBABILITY,0000,-0.17097720463001453,False,False,False,False,False
2026-02,97014,-1,97042,2026-02-11,1.8299966383944701,True,0.21054621503777085,0.45161290322580644,False,0.8157640479661389,0.6174247221666993,0.20416353482458285,REJECT,False,-0.369572588296463,0.04064205786225327,0.0,0.04064205786225327,-0.4102146461587163,False,False,False,ONLINE_RANK,97042,2026-02-11,1.8299966383944701,True,0.21054621503777085,0.45161290322580644,False,0.8157640479661389,0.6174247221666993,0.20416353482458285,REJECT,False,-0.369572588296463,0.04064205786225327,0.12617865362880898,0.16682071149106226,-0.5363932997875253,False,False,False,ONLINE_RANK,97042,2026-02-11,1.8299966383944701,True,0.21054621503777085,0.8064516129032258,True,0.8157640479661389,0.6174247221666993,0.20416353482458285,REJECT,False,-0.369572588296463,-0.369572588296463,0.04064205786225327,0.0,0.4418604651162791,0.65,0.2872093023255814,-0.10614468524328646,-0.10614468524328646,False,NEUTRAL,,False,False,META_PROBABILITY,0000,1.8299966383944701,True,True,True,True,True
2026-02,97407,-1,97429,2026-02-12,-0.17101391236728516,False,0.2019404075449991,0.21875,False,0.5208868499391603,0.5172629844903673,0.2161822744312909,REJECT,False,-0.379226591828637,0.04064205786225327,0.0,0.04064205786225327,-0.41986864969089027,False,False,False,ONLINE_RANK,97429,2026-02-12,-0.17101391236728516,False,0.2019404075449991,0.21875,False,0.5208868499391603,0.5172629844903673,0.2161822744312909,REJECT,False,-0.379226591828637,0.04064205786225327,0.12617865362880898,0.16682071149106226,-0.5460473033196993,False,False,False,ONLINE_RANK,97429,2026-02-12,-0.17101391236728516,False,0.2019404075449991,0.6875,False,0.5208868499391603,0.5172629844903673,0.2161822744312909,REJECT,False,-0.379226591828637,-0.379226591828637,0.04064205786225327,0.0,0.4418604651162791,0.65,0.2872093023255814,-0.10891740486241086,-0.10891740486241086,False,NEUTRAL,,False,False,ONLINE_RANK,0000,-0.17101391236728516,False,False,False,False,False
2026-02,98164,-1,98168,2026-02-15,1.8300155557064772,True,0.20561190139161226,0.30303030303030304,False,0.5159214190230423,0.7698252962110346,0.20931924692331402,REJECT,False,-0.37632210070726146,0.04064205786225327,0.0,0.04064205786225327,-0.41696415856951474,False,False,False,ONLINE_RANK,98168,2026-02-15,1.8300155557064772,True,0.20561190139161226,0.30303030303030304,False,0.5159214190230423,0.7698252962110346,0.20931924692331402,REJECT,False,-0.37632210070726146,0.04064205786225327,0.12617865362880898,0.16682071149106226,-0.5431428121983237,False,False,False,ONLINE_RANK,98168,2026-02-15,1.8300155557064772,True,0.20561190139161226,0.7272727272727273,False,0.5159214190230423,0.7698252962110346,0.20931924692331402,REJECT,False,-0.37632210070726146,-0.37632210070726146,0.04064205786225327,0.0,0.4418604651162791,0.65,0.2872093023255814,-0.10808320799382974,-0.10808320799382974,False,NEUTRAL,,False,False,ONLINE_RANK,0000,1.8300155557064772,True,True,True,True,True
2026-02,99318,-1,99333,2026-02-19,-1.1861141632068202,False,0.20477674842919422,0.14705882352941177,False,0.826944150002161,0.739992962905103,0.19985288118817865,REJECT,False,-0.3846979752937359,0.04064205786225327,0.0,0.04064205786225327,-0.4253400331559892,False,False,False,ONLINE_RANK,99333,2026-02-19,-1.1861141632068202,False,0.20477674842919422,0.14705882352941177,False,0.826944150002161,0.739992962905103,0.19985288118817865,REJECT,False,-0.3846979752937359,0.04064205786225327,0.12617865362880898,0.16682071149106226,-0.5515186867847981,False,False,False,ONLINE_RANK,99333,2026-02-19,-1.1861141632068202,False,0.20477674842919422,0.6176470588235294,False,0.826944150002161,0.739992962905103,0.19985288118817865,REJECT,False,-0.3846979752937359,-0.3846979752937359,0.04064205786225327,0.0,0.4418604651162791,0.65,0.2872093023255814,-0.11048883709017764,-0.11048883709017764,False,NEUTRAL,,False,False,ONLINE_RANK,0000,-1.1861141632068202,False,False,False,False,False
2026-02,99590,-1,99609,2026-02-20,-0.070515503470127,False,0.22278749294849629,0.8285714285714286,True,0.695196340018879,0.6281389257852499,0.20751012312090353,REJECT,False,-0.34153802881000733,0.04064205786225327,0.0,0.04064205786225327,-0.3821800866722606,False,False,False,META_PROBABILITY,99609,2026-02-20,-0.070515503470127,False,0.22278749294849629,0.8285714285714286,True,0.695196340018879,0.6281389257852499,0.20751012312090353,REJECT,False,-0.34153802881000733,0.04064205786225327,0.12617865362880898,0.16682071149106226,-0.5083587403010696,False,False,False,META_PROBABILITY,99609,2026-02-20,-0.070515503470127,False,0.22278749294849629,0.8857142857142857,True,0.695196340018879,0.6281389257852499,0.20751012312090353,REJECT,False,-0.34153802881000733,-0.34153802881000733,0.04064205786225327,0.0,0.4418604651162791,0.65,0.2872093023255814,-0.09809289897217652,-0.09809289897217652,False,NEUTRAL,,False,False,META_PROBABILITY,0000,-0.070515503470127,False,False,False,False,False
2026-02,99673,-1,99773,2026-02-20,-0.1710144801858375,False,0.2128092900819261,0.6111111111111112,False,0.5177510305714303,0.7171054850306937,0.21068166930594567,REJECT,False,-0.3602623303601673,0.04064205786225327,0.0,0.04064205786225327,-0.4009043882224206,False,False,False,ONLINE_RANK,99773,2026-02-20,-0.1710144801858375,False,0.2128092900819261,0.6111111111111112,False,0.5177510305714303,0.7171054850306937,0.21068166930594567,REJECT,False,-0.3602623303601673,0.04064205786225327,0.12617865362880898,0.16682071149106226,-0.5270830418512296,False,False,False,ONLINE_RANK,99773,2026-02-20,-0.1710144801858375,False,0.2128092900819261,0.8055555555555556,True,0.5177510305714303,0.7171054850306937,0.21068166930594567,REJECT,False,-0.3602623303601673,-0.3602623303601673,0.04064205786225327,0.0,0.4418604651162791,0.65,0.2872093023255814,-0.10347069255693177,-0.10347069255693177,False,NEUTRAL,,False,False,META_PROBABILITY,0000,-0.1710144801858375,False,False,False,False,False
2026-02,100294,-1,100317,2026-02-23,-1.2715920467379538,False,0.23429801633550934,0.972972972972973,True,0.8018245037380864,0.7471083172366932,0.20031554960726689,REJECT,False,-0.32241218436176033,0.04064205786225327,0.0,0.04064205786225327,-0.3630542422240136,False,False,False,META_PROBABILITY,100317,2026-02-23,-1.2715920467379538,False,0.23429801633550934,0.972972972972973,True,0.8018245037380864,0.7471083172366932,0.20031554960726689,REJECT,False,-0.32241218436176033,0.04064205786225327,0.12617865362880898,0.16682071149106226,-0.4892328958528226,False,False,False,META_PROBABILITY,100317,2026-02-23,-1.2715920467379538,False,0.23429801633550934,1.0,True,0.8018245037380864,0.7471083172366932,0.20031554960726689,REJECT,False,-0.32241218436176033,-0.32241218436176033,0.04064205786225327,0.0,0.4418604651162791,0.65,0.2872093023255814,-0.09259977853180791,-0.09259977853180791,False,NEUTRAL,,False,False,META_PROBABILITY,0000,-1.2715920467379538,False,False,False,False,False
2026-02,100296,-1,100317,2026-02-23,-1.2715917392088396,False,0.22569843831068037,0.8421052631578947,True,0.8206820310034237,0.5656665748751474,0.2056528819383847,REJECT,False,-0.33672764088335116,0.04064205786225327,0.0,0.04064205786225327,-0.37736969874560444,False,False,False,META_PROBABILITY,100317,2026-02-23,-1.2715917392088396,False,0.22569843831068037,0.8421052631578947,True,0.8206820310034237,0.5656665748751474,0.2056528819383847,REJECT,False,-0.33672764088335116,0.04064205786225327,0.12617865362880898,0.16682071149106226,-0.5035483523744134,False,False,False,META_PROBABILITY,100317,2026-02-23,-1.2715917392088396,False,0.22569843831068037,0.8947368421052632,True,0.8206820310034237,0.5656665748751474,0.2056528819383847,REJECT,False,-0.33672764088335116,-0.33672764088335116,0.04064205786225327,0.0,0.4418604651162791,0.65,0.2872093023255814,-0.09671131081184621,-0.09671131081184621,False,NEUTRAL,,False,False,META_PROBABILITY,0000,-1.2715917392088396,False,False,False,False,False
2026-02,100465,-1,100479,2026-02-23,-0.17105267317091122,False,0.21065449472342596,0.4358974358974359,False,0.8216035703740082,0.6456033966395689,0.20306318507974655,REJECT,False,-0.3701151605832245,0.04064205786225327,0.0,0.04064205786225327,-0.4107572184454778,False,False,False,ONLINE_RANK,100479,2026-02-23,-0.17105267317091122,False,0.21065449472342596,0.4358974358974359,False,0.8216035703740082,0.6456033966395689,0.20306318507974655,REJECT,False,-0.3701151605832245,0.04064205786225327,0.12617865362880898,0.16682071149106226,-0.5369358720742867,False,False,False,ONLINE_RANK,100479,2026-02-23,-0.17105267317091122,False,0.21065449472342596,0.717948717948718,False,0.8216035703740082,0.6456033966395689,0.20306318507974655,REJECT,False,-0.3701151605832245,-0.3701151605832245,0.04064205786225327,0.0,0.4418604651162791,0.65,0.2872093023255814,-0.10630051705122844,-0.10630051705122844,False,NEUTRAL,,False,False,ONLINE_RANK,0000,-0.17105267317091122,False,False,False,False,False
2026-02,100929,-1,100933,2026-02-25,-1.2081732491448367,False,0.24944300391556926,1.0,True,0.5393643663912624,0.6523491776611512,0.2116574493199563,REJECT,False,-0.2826892603866325,0.04064205786225327,0.0,0.04064205786225327,-0.3233313182488858,False,False,False,META_PROBABILITY,100933,2026-02-25,-1.2081732491448367,False,0.24944300391556926,1.0,True,0.5393643663912624,0.6523491776611512,0.2116574493199563,REJECT,False,-0.2826892603866325,0.04064205786225327,0.12617865362880898,0.16682071149106226,-0.44950997187769476,False,False,False,META_PROBABILITY,100933,2026-02-25,-1.2081732491448367,False,0.24944300391556926,1.0,True,0.5393643663912624,0.6523491776611512,0.2116574493199563,REJECT,False,-0.2826892603866325,-0.2826892603866325,0.04064205786225327,0.0,0.4418604651162791,0.65,0.2872093023255814,-0.08119098525057933,-0.08119098525057933,False,NEUTRAL,,False,False,META_PROBABILITY,0000,-1.2081732491448367,False,False,False,False,False
2026-02,100956,-1,100979,2026-02-25,-0.096494148906579,False,0.24271512713684018,0.975609756097561,True,0.5282620573704895,0.6207185657571499,0.2129252387001544,REJECT,False,-0.29592339273841756,0.04064205786225327,0.0,0.04064205786225327,-0.33656545060067083,False,False,False,META_PROBABILITY,100979,2026-02-25,-0.096494148906579,False,0.24271512713684018,0.975609756097561,True,0.5282620573704895,0.6207185657571499,0.2129252387001544,REJECT,False,-0.29592339273841756,0.04064205786225327,0.12617865362880898,0.16682071149106226,-0.4627441042294798,False,False,False,META_PROBABILITY,100979,2026-02-25,-0.096494148906579,False,0.24271512713684018,0.975609756097561,True,0.5282620573704895,0.6207185657571499,0.2129252387001544,REJECT,False,-0.29592339273841756,-0.29592339273841756,0.04064205786225327,0.0,0.4418604651162791,0.65,0.2872093023255814,-0.08499195117021993,-0.08499195117021993,False,NEUTRAL,,False,False,META_PROBABILITY,0000,-0.096494148906579,False,False,False,False,False
2026-02,100957,-1,100972,2026-02-25,1.8956864420871675,True,0.24197653859196772,0.9761904761904762,True,0.5285131419707914,0.5161684842262584,0.21587182867144483,REJECT,False,-0.295412084464049,0.04064205786225327,0.0,0.04064205786225327,-0.33605414232630226,False,False,False,META_PROBABILITY,100972,2026-02-25,1.8956864420871675,True,0.24197653859196772,0.9761904761904762,True,0.5285131419707914,0.5161684842262584,0.21587182867144483,REJECT,False,-0.295412084464049,0.04064205786225327,0.12617865362880898,0.16682071149106226,-0.46223279595511124,False,False,False,META_PROBABILITY,100972,2026-02-25,1.8956864420871675,True,0.24197653859196772,0.9761904761904762,True,0.5285131419707914,0.5161684842262584,0.21587182867144483,REJECT,False,-0.295412084464049,-0.295412084464049,0.04064205786225327,0.0,0.4418604651162791,0.65,0.2872093023255814,-0.08484509867746523,-0.08484509867746523,False,NEUTRAL,,False,False,META_PROBABILITY,0000,1.8956864420871675,True,True,True,True,True
2026-02,100958,-1,100962,2026-02-25,-0.09855083137035946,False,0.23041669970023695,0.8837209302325582,True,0.528527947357008,0.6940231859059482,0.2109052842016221,REJECT,False,-0.32314974739116126,0.04064205786225327,0.0,0.04064205786225327,-0.36379180525341454,False,False,False,META_PROBABILITY,100962,2026-02-25,-0.09855083137035946,False,0.23041669970023695,0.8837209302325582,True,0.528527947357008,0.6940231859059482,0.2109052842016221,REJECT,False,-0.32314974739116126,0.04064205786225327,0.12617865362880898,0.16682071149106226,-0.4899704588822235,False,False,False,META_PROBABILITY,100962,2026-02-25,-0.09855083137035946,False,0.23041669970023695,0.9069767441860465,True,0.528527947357008,0.6940231859059482,0.2109052842016221,REJECT,False,-0.32314974739116126,-0.32314974739116126,0.04064205786225327,0.0,0.4418604651162791,0.65,0.2872093023255814,-0.09281161349490329,-0.09281161349490329,False,NEUTRAL,,False,False,META_PROBABILITY,0000,-0.09855083137035946,False,False,False,False,False
2026-02,100959,-1,100976,2026-02-25,-0.09927463890849905,False,0.22441083794169375,0.7727272727272727,False,0.5288790930303747,0.6739918484204714,0.2114722516188678,REJECT,False,-0.33535876241172546,0.04064205786225327,0.0,0.04064205786225327,-0.37600082027397874,False,False,False,ONLINE_RANK,100976,2026-02-25,-0.09927463890849905,False,0.22441083794169375,0.7727272727272727,False,0.5288790930303747,0.6739918484204714,0.2114722516188678,REJECT,False,-0.33535876241172546,0.04064205786225327,0.12617865362880898,0.16682071149106226,-0.5021794739027877,False,False,False,ONLINE_RANK,100976,2026-02-25,-0.09927463890849905,False,0.22441083794169375,0.8181818181818182,True,0.5288790930303747,0.6739918484204714,0.2114722516188678,REJECT,False,-0.33535876241172546,-0.33535876241172546,0.04064205786225327,0.0,0.4418604651162791,0.65,0.2872093023255814,-0.09631815618104209,-0.09631815618104209,False,NEUTRAL,,False,False,META_PROBABILITY,0000,-0.09927463890849905,False,False,False,False,False
2026-02,101371,-1,101388,2026-02-27,1.829983805372121,True,0.19281687897475203,0.06666666666666667,False,0.526197314135511,0.5817517596343265,0.21423647260467193,REJECT,False,-0.3997372819770866,0.04064205786225327,0.0,0.04064205786225327,-0.44037933983933986,False,False,False,ONLINE_RANK,101388,2026-02-27,1.829983805372121,True,0.19281687897475203,0.06666666666666667,False,0.526197314135511,0.5817517596343265,0.21423647260467193,REJECT,False,-0.3997372819770866,0.04064205786225327,0.12617865362880898,0.16682071149106226,-0.5665579934681488,False,False,False,ONLINE_RANK,101388,2026-02-27,1.829983805372121,True,0.19281687897475203,0.4666666666666667,False,0.526197314135511,0.5817517596343265,0.21423647260467193,REJECT,False,-0.3997372819770866,-0.3997372819770866,0.04064205786225327,0.0,0.4418604651162791,0.65,0.2872093023255814,-0.11480826587016324,-0.11480826587016324,False,NEUTRAL,,False,False,ONLINE_RANK,0000,1.829983805372121,True,True,True,True,True
2026-02,101373,-1,101383,2026-02-27,-1.2715668036486347,False,0.1925736335999573,0.06521739130434782,False,0.5255783282945075,0.6763837066545355,0.21161763119381802,REJECT,False,-0.40208005480937364,0.04064205786225327,0.0,0.04064205786225327,-0.4427221126716269,False,False,False,ONLINE_RANK,101383,2026-02-27,-1.2715668036486347,False,0.1925736335999573,0.06521739130434782,False,0.5255783282945075,0.6763837066545355,0.21161763119381802,REJECT,False,-0.40208005480937364,0.04064205786225327,0.12617865362880898,0.16682071149106226,-0.568900766300436,False,False,False,ONLINE_RANK,101383,2026-02-27,-1.2715668036486347,False,0.1925736335999573,0.45652173913043476,False,0.5255783282945075,0.6763837066545355,0.21161763119381802,REJECT,False,-0.40208005480937364,-0.40208005480937364,0.04064205786225327,0.0,0.4418604651162791,0.65,0.2872093023255814,-0.11548113202083173,-0.11548113202083173,False,NEUTRAL,,False,False,ONLINE_RANK,0000,-1.2715668036486347,False,False,False,False,False
2026-02,101748,-1,101753,2026-02-28,-1.2715983976005274,False,0.19813707516249315,0.1276595744680851,False,0.5443363618527649,0.645964087929294,0.21184429123274717,REJECT,False,-0.39024438673704154,0.04064205786225327,0.0,0.04064205786225327,-0.4308864445992948,False,False,False,ONLINE_RANK,101753,2026-02-28,-1.2715983976005274,False,0.19813707516249315,0.1276595744680851,False,0.5443363618527649,0.645964087929294,0.21184429123274717,REJECT,False,-0.39024438673704154,0.04064205786225327,0.12617865362880898,0.16682071149106226,-0.5570650982281038,False,False,False,ONLINE_RANK,101753,2026-02-28,-1.2715983976005274,False,0.19813707516249315,0.48936170212765956,False,0.5443363618527649,0.645964087929294,0.21184429123274717,REJECT,False,-0.39024438673704154,-0.39024438673704154,0.04064205786225327,0.0,0.4418604651162791,0.65,0.2872093023255814,-0.11208181805122007,-0.11208181805122007,False,NEUTRAL,,False,False,ONLINE_RANK,0000,-1.2715983976005274,False,False,False,False,False
2026-02,101768,-1,101774,2026-02-28,-1.1998472091112342,False,0.21183653592073762,0.5208333333333334,False,0.5430143294393339,0.7508465443203018,0.2089012854648912,REJECT,False,-0.36354965485601837,0.04064205786225327,0.0,0.04064205786225327,-0.40419171271827165,False,False,False,ONLINE_RANK,101774,2026-02-28,-1.1998472091112342,False,0.21183653592073762,0.5208333333333334,False,0.5430143294393339,0.7508465443203018,0.2089012854648912,REJECT,False,-0.36354965485601837,0.04064205786225327,0.12617865362880898,0.16682071149106226,-0.5303703663470807,False,False,False,ONLINE_RANK,101774,2026-02-28,-1.1998472091112342,False,0.21183653592073762,0.6875,False,0.5430143294393339,0.7508465443203018,0.2089012854648912,REJECT,False,-0.36354965485601837,-0.36354965485601837,0.04064205786225327,0.0,0.4418604651162791,0.65,0.2872093023255814,-0.10441484273190295,-0.10441484273190295,False,NEUTRAL,,False,False,ONLINE_RANK,0000,-1.1998472091112342,False,False,False,False,False
2026-03,102055,-1,102063,2026-03-01,-1.2715948749560528,False,0.21946152605094912,0.7,False,0.544397639241918,0.5614035690466743,0.20770067784859572,REJECT,False,-0.2193819917669395,0.04021639454520452,0.0,0.04021639454520452,-0.25959838631214405,False,False,False,ONLINE_RANK,102063,2026-03-01,-1.2715948749560528,False,0.21946152605094912,0.7,False,0.544397639241918,0.5614035690466743,0.20770067784859572,REJECT,False,-0.2193819917669395,0.04021639454520452,0.10213243599737853,0.14234883054258307,-0.3617308223095226,False,False,False,ONLINE_RANK,102063,2026-03-01,-1.2715948749560528,False,0.21946152605094912,1.0,True,0.544397639241918,0.5614035690466743,0.20770067784859572,REJECT,False,-0.2193819917669395,-0.2193819917669395,0.04021639454520452,0.0,0.5471698113207547,0.65,0.3556603773584906,-0.07802548197748699,-0.07802548197748699,False,NEUTRAL,,False,False,META_PROBABILITY,0000,-1.2715948749560528,False,False,False,False,False
2026-03,102318,-1,102326,2026-03-02,-1.2281244566321963,False,0.20505411015741867,0.45161290322580644,False,0.5434510580954119,0.5100482783860304,0.2070681217435558,REJECT,False,-0.24845397464319957,0.04021639454520452,0.0,0.04021639454520452,-0.2886703691884041,False,False,False,ONLINE_RANK,102326,2026-03-02,-1.2281244566321963,False,0.20505411015741867,0.45161290322580644,False,0.5434510580954119,0.5100482783860304,0.2070681217435558,REJECT,False,-0.24845397464319957,0.04021639454520452,0.10213243599737853,0.14234883054258307,-0.39080280518578264,False,False,False,ONLINE_RANK,102326,2026-03-02,-1.2281244566321963,False,0.20505411015741867,0.967741935483871,True,0.5434510580954119,0.5100482783860304,0.2070681217435558,REJECT,False,-0.24845397464319957,-0.24845397464319957,0.04021639454520452,0.0,0.5471698113207547,0.65,0.3556603773584906,-0.08836523437781721,-0.08836523437781721,False,NEUTRAL,,False,False,META_PROBABILITY,0000,-1.2281244566321963,False,False,False,False,False
2026-03,102492,-1,102504,2026-03-03,1.8441729471574129,True,0.2095941887556118,0.53125,False,0.5376284212260418,0.4777133080892641,0.20682209725932907,REJECT,False,-0.2395880167860251,0.04021639454520452,0.0,0.04021639454520452,-0.27980441133122963,False,False,False,ONLINE_RANK,102504,2026-03-03,1.8441729471574129,True,0.2095941887556118,0.53125,False,0.5376284212260418,0.4777133080892641,0.20682209725932907,REJECT,False,-0.2395880167860251,0.04021639454520452,0.10213243599737853,0.14234883054258307,-0.38193684732860816,False,False,False,ONLINE_RANK,102504,2026-03-03,1.8441729471574129,True,0.2095941887556118,0.96875,True,0.5376284212260418,0.4777133080892641,0.20682209725932907,REJECT,False,-0.2395880167860251,-0.2395880167860251,0.04021639454520452,0.0,0.5471698113207547,0.65,0.3556603773584906,-0.08521196446069007,-0.08521196446069007,False,NEUTRAL,,False,False,META_PROBABILITY,0000,1.8441729471574129,True,True,True,True,True
2026-03,102806,-1,102825,2026-03-04,-1.1726146833327746,False,0.21027869522810608,0.5454545454545454,False,0.5459836295095827,0.7322175571358676,0.20961227735175694,REJECT,False,-0.23637705841762835,0.04021639454520452,0.0,0.04021639454520452,-0.2765934529628329,False,False,False,ONLINE_RANK,102825,2026-03-04,-1.1726146833327746,False,0.21027869522810608,0.5454545454545454,False,0.5459836295095827,0.7322175571358676,0.20961227735175694,REJECT,False,-0.23637705841762835,0.04021639454520452,0.10213243599737853,0.14234883054258307,-0.3787258889602114,False,False,False,ONLINE_RANK,102825,2026-03-04,-1.1726146833327746,False,0.21027869522810608,0.9696969696969697,True,0.5459836295095827,0.7322175571358676,0.20961227735175694,REJECT,False,-0.23637705841762835,-0.23637705841762835,0.04021639454520452,0.0,0.5471698113207547,0.65,0.3556603773584906,-0.08406995379570367,-0.08406995379570367,False,NEUTRAL,,False,False,META_PROBABILITY,0000,-1.1726146833327746,False,False,False,False,False
2026-03,104107,-1,104114,2026-03-09,-1.205545845546496,False,0.20484109304545448,0.4411764705882353,False,0.5490966035144078,0.6585373436237276,0.20867109350900606,REJECT,False,-0.2478149778674037,0.04021639454520452,0.0,0.04021639454520452,-0.28803137241260823,False,False,False,ONLINE_RANK,104114,2026-03-09,-1.205545845546496,False,0.20484109304545448,0.4411764705882353,False,0.5490966035144078,0.6585373436237276,0.20867109350900606,REJECT,False,-0.2478149778674037,0.04021639454520452,0.10213243599737853,0.14234883054258307,-0.39016380840998677,False,False,False,ONLINE_RANK,104114,2026-03-09,-1.205545845546496,False,0.20484109304545448,0.9117647058823529,True,0.5490966035144078,0.6585373436237276,0.20867109350900606,REJECT,False,-0.2478149778674037,-0.2478149778674037,0.04021639454520452,0.0,0.5471698113207547,0.65,0.3556603773584906,-0.08813796854340679,-0.08813796854340679,False,NEUTRAL,,False,False,META_PROBABILITY,0000,-1.205545845546496,False,False,False,False,False
2026-03,104110,-1,104111,2026-03-09,-1.1953875319940082,False,0.20623561024525683,0.4857142857142857,False,0.5499870247399239,0.6227040427153014,0.20824623370350512,REJECT,False,-0.24532328678599513,0.04021639454520452,0.0,0.04021639454520452,-0.28553968133119967,False,False,False,ONLINE_RANK,104111,2026-03-09,-1.1953875319940082,False,0.20623561024525683,0.4857142857142857,False,0.5499870247399239,0.6227040427153014,0.20824623370350512,REJECT,False,-0.24532328678599513,0.04021639454520452,0.10213243599737853,0.14234883054258307,-0.3876721173285782,False,False,False,ONLINE_RANK,104111,2026-03-09,-1.1953875319940082,False,0.20623561024525683,0.9142857142857143,True,0.5499870247399239,0.6227040427153014,0.20824623370350512,REJECT,False,-0.24532328678599513,-0.24532328678599513,0.04021639454520452,0.0,0.5471698113207547,0.65,0.3556603773584906,-0.08725177275313224,-0.08725177275313224,False,NEUTRAL,,False,False,META_PROBABILITY,0000,-1.1953875319940082,False,False,False,False,False
2026-03,104249,-1,104259,2026-03-10,1.8667662586489724,True,0.23595828005382813,0.8333333333333334,True,0.5414151565292521,0.7232933303135798,0.20972465373835164,REJECT,False,-0.18523245938306981,0.04021639454520452,0.0,0.04021639454520452,-0.22544885392827435,False,False,False,META_PROBABILITY,104259,2026-03-10,1.8667662586489724,True,0.23595828005382813,0.8333333333333334,True,0.5414151565292521,0.7232933303135798,0.20972465373835164,REJECT,False,-0.18523245938306981,0.04021639454520452,0.10213243599737853,0.14234883054258307,-0.3275812899256529,False,False,False,META_PROBABILITY,104259,2026-03-10,1.8667662586489724,True,0.23595828005382813,1.0,True,0.5414151565292521,0.7232933303135798,0.20972465373835164,REJECT,False,-0.18523245938306981,-0.18523245938306981,0.04021639454520452,0.0,0.5471698113207547,0.65,0.3556603773584906,-0.06587984640322389,-0.06587984640322389,False,NEUTRAL,,False,False,META_PROBABILITY,0000,1.8667662586489724,True,True,True,True,True
2026-03,104251,-1,104259,2026-03-10,1.8733285576468404,True,0.2258564776705606,0.7837837837837838,False,0.5412873953045165,0.5627483105866071,0.20780209028140534,REJECT,False,-0.2065968466049547,0.04021639454520452,0.0,0.04021639454520452,-0.24681324115015923,False,False,False,ONLINE_RANK,104259,2026-03-10,1.8733285576468404,True,0.2258564776705606,0.7837837837837838,False,0.5412873953045165,0.5627483105866071,0.20780209028140534,REJECT,False,-0.2065968466049547,0.04021639454520452,0.10213243599737853,0.14234883054258307,-0.34894567714753777,False,False,False,ONLINE_RANK,104259,2026-03-10,1.8733285576468404,True,0.2258564776705606,0.972972972972973,True,0.5412873953045165,0.5627483105866071,0.20780209028140534,REJECT,False,-0.2065968466049547,-0.2065968466049547,0.04021639454520452,0.0,0.5471698113207547,0.65,0.3556603773584906,-0.07347831242459238,-0.07347831242459238,False,NEUTRAL,,False,False,META_PROBABILITY,0000,1.8733285576468404,True,True,True,True,True
2026-03,104307,-1,104317,2026-03-10,-0.1709824858332862,False,0.23746803453782003,0.868421052631579,True,0.5468755290324424,0.6318637837162198,0.20855061469616779,REJECT,False,-0.18300823265834698,0.04021639454520452,0.0,0.04021639454520452,-0.22322462720355152,False,False,False,META_PROBABILITY,104317,2026-03-10,-0.1709824858332862,False,0.23746803453782003,0.868421052631579,True,0.5468755290324424,0.6318637837162198,0.20855061469616779,REJECT,False,-0.18300823265834698,0.04021639454520452,0.10213243599737853,0.14234883054258307,-0.32535706320093005,False,False,False,META_PROBABILITY,104317,2026-03-10,-0.1709824858332862,False,0.23746803453782003,1.0,True,0.5468755290324424,0.6318637837162198,0.20855061469616779,REJECT,False,-0.18300823265834698,-0.18300823265834698,0.04021639454520452,0.0,0.5471698113207547,0.65,0.3556603773584906,-0.06508877708697813,-0.06508877708697813,False,NEUTRAL,,False,False,META_PROBABILITY,0000,-0.1709824858332862,False,False,False,False,False
2026-03,104944,-1,104969,2026-03-12,-0.11970486019910959,False,0.23501211289989662,0.7948717948717948,False,0.546121033019705,0.6435837061012684,0.20869162205935957,REJECT,False,-0.18779895462322638,0.04021639454520452,0.0,0.04021639454520452,-0.22801534916843091,False,False,False,ONLINE_RANK,104969,2026-03-12,-0.11970486019910959,False,0.23501211289989662,0.7948717948717948,False,0.546121033019705,0.6435837061012684,0.20869162205935957,REJECT,False,-0.18779895462322638,0.04021639454520452,0.10213243599737853,0.14234883054258307,-0.33014778516580945,False,False,False,ONLINE_RANK,104969,2026-03-12,-0.11970486019910959,False,0.23501211289989662,0.9487179487179487,True,0.546121033019705,0.6435837061012684,0.20869162205935957,REJECT,False,-0.18779895462322638,-0.18779895462322638,0.04021639454520452,0.0,0.5471698113207547,0.65,0.3556603773584906,-0.06679264706882675,-0.06679264706882675,False,NEUTRAL,,False,False,META_PROBABILITY,0000,-0.11970486019910959,False,False,False,False,False
2026-03,105085,-1,105100,2026-03-13,-0.1709761653066637,False,0.20403666024407435,0.35,False,0.5287000418128676,0.547568979267683,0.2077773768372203,REJECT,False,-0.2500072459283626,0.04021639454520452,0.0,0.04021639454520452,-0.29022364047356713,False,False,False,ONLINE_RANK,105100,2026-03-13,-0.1709761653066637,False,0.20403666024407435,0.35,False,0.5287000418128676,0.547568979267683,0.2077773768372203,REJECT,False,-0.2500072459283626,0.04021639454520452,0.10213243599737853,0.14234883054258307,-0.39235607647094567,False,False,False,ONLINE_RANK,105100,2026-03-13,-0.1709761653066637,False,0.20403666024407435,0.75,False,0.5287000418128676,0.547568979267683,0.2077773768372203,REJECT,False,-0.2500072459283626,-0.2500072459283626,0.04021639454520452,0.0,0.5471698113207547,0.65,0.3556603773584906,-0.0889176714292384,-0.0889176714292384,False,NEUTRAL,,False,False,ONLINE_RANK,0000,-0.1709761653066637,False,False,False,False,False
2026-03,106103,-1,106123,2026-03-17,1.8929812581432537,True,0.1926539645456701,0.2682926829268293,False,0.5284253395934125,0.6941920253872691,0.2094330890721801,REJECT,False,-0.2715469105489986,0.04021639454520452,0.0,0.04021639454520452,-0.31176330509420314,False,False,False,ONLINE_RANK,106123,2026-03-17,1.8929812581432537,True,0.1926539645456701,0.2682926829268293,False,0.5284253395934125,0.6941920253872691,0.2094330890721801,REJECT,False,-0.2715469105489986,0.04021639454520452,0.10213243599737853,0.14234883054258307,-0.41389574109158167,False,False,False,ONLINE_RANK,106123,2026-03-17,1.8929812581432537,True,0.1926539645456701,0.7317073170731707,False,0.5284253395934125,0.6941920253872691,0.2094330890721801,REJECT,False,-0.2715469105489986,-0.2715469105489986,0.04021639454520452,0.0,0.5471698113207547,0.65,0.3556603773584906,-0.09657847667638914,-0.09657847667638914,False,NEUTRAL,,False,False,ONLINE_RANK,0000,1.8929812581432537,True,True,True,True,True
2026-03,106104,-1,106124,2026-03-17,1.8931749981825314,True,0.19416463728842778,0.3333333333333333,False,0.5280758478963509,0.6029094228419145,0.20838889306243716,REJECT,False,-0.2692347828215963,0.04021639454520452,0.0,0.04021639454520452,-0.30945117736680083,False,False,False,ONLINE_RANK,106124,2026-03-17,1.8931749981825314,True,0.19416463728842778,0.3333333333333333,False,0.5280758478963509,0.6029094228419145,0.20838889306243716,REJECT,False,-0.2692347828215963,0.04021639454520452,0.10213243599737853,0.14234883054258307,-0.41158361336417937,False,False,False,ONLINE_RANK,106124,2026-03-17,1.8931749981825314,True,0.19416463728842778,0.7380952380952381,False,0.5280758478963509,0.6029094228419145,0.20838889306243716,REJECT,False,-0.2692347828215963,-0.2692347828215963,0.04021639454520452,0.0,0.5471698113207547,0.65,0.3556603773584906,-0.0957561444563602,-0.0957561444563602,False,NEUTRAL,,False,False,ONLINE_RANK,0000,1.8931749981825314,True,True,True,True,True
2026-03,106105,-1,106124,2026-03-17,1.8892514261015307,True,0.19726335994471533,0.3488372093023256,False,0.5274943093995276,0.6575490969697555,0.2090474831039016,REJECT,False,-0.2626356299482145,0.04021639454520452,0.0,0.04021639454520452,-0.302852024493419,False,False,False,ONLINE_RANK,106124,2026-03-17,1.8892514261015307,True,0.19726335994471533,0.3488372093023256,False,0.5274943093995276,0.6575490969697555,0.2090474831039016,REJECT,False,-0.2626356299482145,0.04021639454520452,0.10213243599737853,0.14234883054258307,-0.40498446049079756,False,False,False,ONLINE_RANK,106124,2026-03-17,1.8892514261015307,True,0.19726335994471533,0.7441860465116279,False,0.5274943093995276,0.6575490969697555,0.2090474831039016,REJECT,False,-0.2626356299482145,-0.2626356299482145,0.04021639454520452,0.0,0.5471698113207547,0.65,0.3556603773584906,-0.09340908725516686,-0.09340908725516686,False,NEUTRAL,,False,False,ONLINE_RANK,0000,1.8892514261015307,True,True,True,True,True
2026-03,106107,-1,106124,2026-03-17,1.8805240496491884,True,0.20984763012104882,0.5454545454545454,False,0.5281122952208162,0.4706715883906945,0.2069199507562392,REJECT,False,-0.23901911846380552,0.04021639454520452,0.0,0.04021639454520452,-0.27923551300901006,False,False,False,ONLINE_RANK,106124,2026-03-17,1.8805240496491884,True,0.20984763012104882,0.5454545454545454,False,0.5281122952208162,0.4706715883906945,0.2069199507562392,REJECT,False,-0.23901911846380552,0.04021639454520452,0.10213243599737853,0.14234883054258307,-0.3813679490063886,False,False,False,ONLINE_RANK,106124,2026-03-17,1.8805240496491884,True,0.20984763012104882,0.8636363636363636,True,0.5281122952208162,0.4706715883906945,0.2069199507562392,REJECT,False,-0.23901911846380552,-0.23901911846380552,0.04021639454520452,0.0,0.5471698113207547,0.65,0.3556603773584906,-0.08500962986873084,-0.08500962986873084,False,NEUTRAL,,False,False,META_PROBABILITY,0000,1.8805240496491884,True,True,True,True,True
2026-03,106778,-1,106783,2026-03-19,1.8816323640944537,True,0.21450752465007558,0.6,False,0.8109109427902574,0.7780438329778043,0.2048838869265247,REJECT,False,-0.23110152041083093,0.04021639454520452,0.0,0.04021639454520452,-0.27131791495603547,False,False,False,ONLINE_RANK,106783,2026-03-19,1.8816323640944537,True,0.21450752465007558,0.6,False,0.8109109427902574,0.7780438329778043,0.2048838869265247,REJECT,False,-0.23110152041083093,0.04021639454520452,0.10213243599737853,0.14234883054258307,-0.373450350953414,False,False,False,ONLINE_RANK,106783,2026-03-19,1.8816323640944537,True,0.21450752465007558,0.8888888888888888,True,0.8109109427902574,0.7780438329778043,0.2048838869265247,REJECT,False,-0.23110152041083093,-0.23110152041083093,0.04021639454520452,0.0,0.5471698113207547,0.65,0.3556603773584906,-0.08219365395743705,-0.08219365395743705,False,NEUTRAL,,False,False,META_PROBABILITY,0000,1.8816323640944537,True,True,True,True,True
2026-03,106779,-1,106790,2026-03-19,-0.11468370528859864,False,0.21665172036030442,0.6521739130434783,False,0.8113706648661828,0.7629933241579971,0.20472701548468328,REJECT,False,-0.22694125783311636,0.04021639454520452,0.0,0.04021639454520452,-0.2671576523783209,False,False,False,ONLINE_RANK,106790,2026-03-19,-0.11468370528859864,False,0.21665172036030442,0.6521739130434783,False,0.8113706648661828,0.7629933241579971,0.20472701548468328,REJECT,False,-0.22694125783311636,0.04021639454520452,0.10213243599737853,0.14234883054258307,-0.36929008837569943,False,False,False,ONLINE_RANK,106790,2026-03-19,-0.11468370528859864,False,0.21665172036030442,0.8913043478260869,True,0.8113706648661828,0.7629933241579971,0.20472701548468328,REJECT,False,-0.22694125783311636,-0.22694125783311636,0.04021639454520452,0.0,0.5471698113207547,0.65,0.3556603773584906,-0.08071401339913667,-0.08071401339913667,False,NEUTRAL,,False,False,META_PROBABILITY,0000,-0.11468370528859864,False,False,False,False,False
2026-03,106803,-1,106811,2026-03-19,-0.1262382065395386,False,0.2275803511429442,0.7659574468085106,False,0.8132025205182656,0.5294469308812224,0.2022967462236386,REJECT,False,-0.20681807682668413,0.04021639454520452,0.0,0.04021639454520452,-0.24703447137188866,False,False,False,ONLINE_RANK,106811,2026-03-19,-0.1262382065395386,False,0.2275803511429442,0.7659574468085106,False,0.8132025205182656,0.5294469308812224,0.2022967462236386,REJECT,False,-0.20681807682668413,0.04021639454520452,0.10213243599737853,0.14234883054258307,-0.3491669073692672,False,False,False,ONLINE_RANK,106811,2026-03-19,-0.1262382065395386,False,0.2275803511429442,0.9148936170212766,True,0.8132025205182656,0.5294469308812224,0.2022967462236386,REJECT,False,-0.20681807682668413,-0.20681807682668413,0.04021639454520452,0.0,0.5471698113207547,0.65,0.3556603773584906,-0.07355699524873578,-0.07355699524873578,False,NEUTRAL,,False,False,META_PROBABILITY,0000,-0.1262382065395386,False,False,False,False,False
2026-03,107955,-1,107963,2026-03-24,-0.17098355244013475,False,0.22740456094921443,0.8125,True,0.5315240520533739,0.7403343528793409,0.21008065254716243,REJECT,False,-0.20200761446836796,0.04021639454520452,0.0,0.04021639454520452,-0.2422240090135725,False,False,False,META_PROBABILITY,107963,2026-03-24,-0.17098355244013475,False,0.22740456094921443,0.8125,True,0.5315240520533739,0.7403343528793409,0.21008065254716243,REJECT,False,-0.20200761446836796,0.04021639454520452,0.10213243599737853,0.14234883054258307,-0.34435644501095103,False,False,False,META_PROBABILITY,107963,2026-03-24,-0.17098355244013475,False,0.22740456094921443,0.9375,True,0.5315240520533739,0.7403343528793409,0.21008065254716243,REJECT,False,-0.20200761446836796,-0.20200761446836796,0.04021639454520452,0.0,0.5471698113207547,0.65,0.3556603773584906,-0.07184610439110824,-0.07184610439110824,False,NEUTRAL,,False,False,META_PROBABILITY,0000,-0.17098355244013475,False,False,False,False,False
2026-03,108044,-1,108062,2026-03-24,-0.1709805573440218,False,0.202982957370083,0.3469387755102041,False,0.5380690763656399,0.6278002829251432,0.20852212038903292,REJECT,False,-0.2516090892357893,0.04021639454520452,0.0,0.04021639454520452,-0.2918254837809938,False,False,False,ONLINE_RANK,108062,2026-03-24,-0.1709805573440218,False,0.202982957370083,0.3469387755102041,False,0.5380690763656399,0.6278002829251432,0.20852212038903292,REJECT,False,-0.2516090892357893,0.04021639454520452,0.10213243599737853,0.14234883054258307,-0.39395791977837236,False,False,False,ONLINE_RANK,108062,2026-03-24,-0.1709805573440218,False,0.202982957370083,0.673469387755102,False,0.5380690763656399,0.6278002829251432,0.20852212038903292,REJECT,False,-0.2516090892357893,-0.2516090892357893,0.04021639454520452,0.0,0.5471698113207547,0.65,0.3556603773584906,-0.08948738362442696,-0.08948738362442696,False,NEUTRAL,,False,False,ONLINE_RANK,0000,-0.1709805573440218,False,False,False,False,False
2026-03,108206,-1,108215,2026-03-24,-0.17098730482941166,False,0.20289985898145652,0.34,False,0.5419982660397162,0.5226860846259644,0.20723271963720802,REJECT,False,-0.25262911298483937,0.04021639454520452,0.0,0.04021639454520452,-0.2928455075300439,False,False,False,ONLINE_RANK,108215,2026-03-24,-0.17098730482941166,False,0.20289985898145652,0.34,False,0.5419982660397162,0.5226860846259644,0.20723271963720802,REJECT,False,-0.25262911298483937,0.04021639454520452,0.10213243599737853,0.14234883054258307,-0.39497794352742244,False,False,False,ONLINE_RANK,108215,2026-03-24,-0.17098730482941166,False,0.20289985898145652,0.66,False,0.5419982660397162,0.5226860846259644,0.20723271963720802,REJECT,False,-0.25262911298483937,-0.25262911298483937,0.04021639454520452,0.0,0.5471698113207547,0.65,0.3556603773584906,-0.08985016565592872,-0.08985016565592872,False,NEUTRAL,,False,False,ONLINE_RANK,0000,-0.17098730482941166,False,False,False,False,False
2026-03,108463,-1,108476,2026-03-25,-1.271531187316225,False,0.23170700157257204,0.8235294117647058,True,0.5374438613016208,0.5287024540777219,0.20750208780688478,REJECT,False,-0.19516053217657964,0.04021639454520452,0.0,0.04021639454520452,-0.23537692672178417,False,False,False,META_PROBABILITY,108476,2026-03-25,-1.271531187316225,False,0.23170700157257204,0.8235294117647058,True,0.5374438613016208,0.5287024540777219,0.20750208780688478,REJECT,False,-0.19516053217657964,0.04021639454520452,0.10213243599737853,0.14234883054258307,-0.3375093627191627,False,False,False,META_PROBABILITY,108476,2026-03-25,-1.271531187316225,False,0.23170700157257204,0.9411764705882353,True,0.5374438613016208,0.5287024540777219,0.20750208780688478,REJECT,False,-0.19516053217657964,-0.19516053217657964,0.04021639454520452,0.0,0.5471698113207547,0.65,0.3556603773584906,-0.06941086851940616,-0.06941086851940616,False,NEUTRAL,,False,False,META_PROBABILITY,0000,-1.271531187316225,False,False,False,False,False
2026-03,108892,-1,108900,2026-03-27,-0.17103078347391923,False,0.21764833076343157,0.6346153846153846,False,0.8224914243149534,0.5093647304345397,0.20188290344059395,REJECT,False,-0.22684465849365004,0.04021639454520452,0.0,0.04021639454520452,-0.2670610530388546,False,False,False,ONLINE_RANK,108900,2026-03-27,-0.17103078347391923,False,0.21764833076343157,0.6346153846153846,False,0.8224914243149534,0.5093647304345397,0.20188290344059395,REJECT,False,-0.22684465849365004,0.04021639454520452,0.10213243599737853,0.14234883054258307,-0.3691934890362331,False,False,False,ONLINE_RANK,108900,2026-03-27,-0.17103078347391923,False,0.21764833076343157,0.8461538461538461,True,0.8224914243149534,0.5093647304345397,0.20188290344059395,REJECT,False,-0.22684465849365004,-0.22684465849365004,0.04021639454520452,0.0,0.5471698113207547,0.65,0.3556603773584906,-0.0806796568416095,-0.0806796568416095,False,NEUTRAL,,False,False,META_PROBABILITY,0000,-0.17103078347391923,False,False,False,False,False
2026-04,110268,-1,110279,2026-04-01,-1.2715560653592688,False,0.34224627143976405,0.5833333333333334,False,0.5436787164123129,0.5023337538837325,0.34719714738526813,NEUTRAL,False,0.2628177307364539,0.0458821100747641,0.0,0.0458821100747641,0.2169356206616898,False,False,False,ONLINE_RANK,110279,2026-04-01,-1.2715560653592688,False,0.34224627143976405,0.5833333333333334,False,0.5436787164123129,0.5023337538837325,0.34719714738526813,NEUTRAL,False,0.2628177307364539,0.0458821100747641,0.11468292773139113,0.16056503780615522,0.1022526929302987,False,False,False,ONLINE_RANK,110279,2026-04-01,-1.2715560653592688,False,0.34224627143976405,0.875,True,0.5436787164123129,0.5023337538837325,0.34719714738526813,NEUTRAL,True,0.2628177307364539,0.2628177307364539,0.0458821100747641,0.0,0.48936170212765956,0.65,0.3180851063829787,0.083598405840638,0.083598405840638,True,NEUTRAL,NEUTRAL,True,True,SELECTED,0010,-1.2715560653592688,False,False,False,False,False
2026-04,110715,-1,110764,2026-04-03,-0.17102508223255208,False,0.30640383116588704,0.28,False,0.6594040126019258,0.48491200258086364,0.34484995953568237,NEUTRAL,False,0.1952498505391564,0.0458821100747641,0.0,0.0458821100747641,0.14936774046439227,False,False,False,ONLINE_RANK,110764,2026-04-03,-0.17102508223255208,False,0.30640383116588704,0.28,False,0.6594040126019258,0.48491200258086364,0.34484995953568237,NEUTRAL,False,0.1952498505391564,0.0458821100747641,0.11468292773139113,0.16056503780615522,0.03468481273300117,False,False,False,ONLINE_RANK,110764,2026-04-03,-0.17102508223255208,False,0.30640383116588704,0.8,True,0.6594040126019258,0.48491200258086364,0.34484995953568237,NEUTRAL,True,0.1952498505391564,0.1952498505391564,0.0458821100747641,0.0,0.48936170212765956,0.65,0.3180851063829787,0.062106069480008255,0.062106069480008255,True,NEUTRAL,NEUTRAL,True,True,SELECTED,0010,-0.17102508223255208,False,False,False,False,False
2026-04,111532,-1,111579,2026-04-06,1.8300055315261816,True,0.3489831855181098,0.6153846153846154,False,0.534654856216511,0.5825443002139574,0.3481556910539604,NEUTRAL,False,0.2758358892802677,0.0458821100747641,0.0,0.0458821100747641,0.22995377920550358,False,False,False,ONLINE_RANK,111579,2026-04-06,1.8300055315261816,True,0.3489831855181098,0.6153846153846154,False,0.534654856216511,0.5825443002139574,0.3481556910539604,NEUTRAL,False,0.2758358892802677,0.0458821100747641,0.11468292773139113,0.16056503780615522,0.11527085147411248,False,False,False,ONLINE_RANK,111579,2026-04-06,1.8300055315261816,True,0.3489831855181098,0.9230769230769231,True,0.534654856216511,0.5825443002139574,0.3481556910539604,NEUTRAL,True,0.2758358892802677,0.2758358892802677,0.0458821100747641,0.0,0.48936170212765956,0.65,0.3180851063829787,0.08773928818595748,0.08773928818595748,True,NEUTRAL,NEUTRAL,False,False,NEUTRAL_MONTHLY_CAP,0000,1.8300055315261816,True,True,True,True,True
2026-04,112112,-1,112114,2026-04-08,1.830033640997342,True,0.3159572026290567,0.37037037037037035,False,0.5184439270336059,0.6405222538963247,0.34787166709023526,NEUTRAL,False,0.21473274584796842,0.0458821100747641,0.0,0.0458821100747641,0.1688506357732043,False,False,False,ONLINE_RANK,112114,2026-04-08,1.830033640997342,True,0.3159572026290567,0.37037037037037035,False,0.5184439270336059,0.6405222538963247,0.34787166709023526,NEUTRAL,False,0.21473274584796842,0.0458821100747641,0.11468292773139113,0.16056503780615522,0.0541677080418132,False,False,False,ONLINE_RANK,112114,2026-04-08,1.830033640997342,True,0.3159572026290567,0.7777777777777778,False,0.5184439270336059,0.6405222538963247,0.34787166709023526,NEUTRAL,False,0.21473274584796842,0.21473274584796842,0.0458821100747641,0.0,0.48936170212765956,0.65,0.3180851063829787,0.06830328830696017,0.06830328830696017,False,NEUTRAL,,False,False,ONLINE_RANK,0000,1.830033640997342,True,True,True,True,True
2026-04,112113,-1,112118,2026-04-08,1.8527370445175673,True,0.4049030107702573,0.8571428571428571,True,0.5247359190577253,0.8019318191574336,0.3518636909468548,NEUTRAL,True,0.3812806734483217,0.0458821100747641,0.0,0.0458821100747641,0.3353985633735576,True,True,True,SELECTED,112118,2026-04-08,1.8527370445175673,True,0.4049030107702573,0.8571428571428571,True,0.5247359190577253,0.8019318191574336,0.3518636909468548,NEUTRAL,True,0.3812806734483217,0.0458821100747641,0.11468292773139113,0.16056503780615522,0.2207156356421665,True,True,True,SELECTED,112118,2026-04-08,1.8527370445175673,True,0.4049030107702573,1.0,True,0.5247359190577253,0.8019318191574336,0.3518636909468548,NEUTRAL,True,0.3812806734483217,0.3812806734483217,0.0458821100747641,0.0,0.48936170212765956,0.65,0.3180851063829787,0.12127970357558318,0.12127970357558318,True,NEUTRAL,NEUTRAL,False,False,NEUTRAL_MONTHLY_CAP,1101,1.8527370445175673,True,False,False,True,False
2026-04,112463,-1,112477,2026-04-09,-1.27151783652678,False,0.3404646976803737,0.5517241379310345,False,0.5527950539598251,0.7895744618244593,0.3494520613079034,NEUTRAL,False,0.26091763820583525,0.0458821100747641,0.0,0.0458821100747641,0.21503552813107113,False,False,False,ONLINE_RANK,112477,2026-04-09,-1.27151783652678,False,0.3404646976803737,0.5517241379310345,False,0.5527950539598251,0.7895744618244593,0.3494520613079034,NEUTRAL,False,0.26091763820583525,0.0458821100747641,0.11468292773139113,0.16056503780615522,0.10035260039968003,False,False,False,ONLINE_RANK,112477,2026-04-09,-1.27151783652678,False,0.3404646976803737,0.7931034482758621,False,0.5527950539598251,0.7895744618244593,0.3494520613079034,NEUTRAL,False,0.26091763820583525,0.26091763820583525,0.0458821100747641,0.0,0.48936170212765956,0.65,0.3180851063829787,0.08299401470589865,0.08299401470589865,False,NEUTRAL,,False,False,ONLINE_RANK,0000,-1.27151783652678,False,False,False,False,False
2026-04,112516,-1,112550,2026-04-10,-0.1709693360188157,False,0.30400656687049926,0.2,False,0.5456662134449218,0.6779403672298914,0.34752367303673576,NEUTRAL,False,0.19247143496026642,0.0458821100747641,0.0,0.0458821100747641,0.1465893248855023,False,False,False,ONLINE_RANK,112550,2026-04-10,-0.1709693360188157,False,0.30400656687049926,0.2,False,0.5456662134449218,0.6779403672298914,0.34752367303673576,NEUTRAL,False,0.19247143496026642,0.0458821100747641,0.11468292773139113,0.16056503780615522,0.0319063971541112,False,False,False,ONLINE_RANK,112550,2026-04-10,-0.1709693360188157,False,0.30400656687049926,0.6666666666666666,False,0.5456662134449218,0.6779403672298914,0.34752367303673576,NEUTRAL,False,0.19247143496026642,0.19247143496026642,0.0458821100747641,0.0,0.48936170212765956,0.65,0.3180851063829787,0.06122229686502091,0.06122229686502091,False,NEUTRAL,,False,False,ONLINE_RANK,0000,-0.1709693360188157,False,False,False,False,False
2026-04,113469,-1,113475,2026-04-13,-1.251441395218504,False,0.2657611802102746,0.06451612903225806,False,0.5495341026992175,0.5876526134319595,0.345689393823567,NEUTRAL,False,0.1207858587037669,0.0458821100747641,0.0,0.0458821100747641,0.0749037486290028,False,False,False,ONLINE_RANK,113475,2026-04-13,-1.251441395218504,False,0.2657611802102746,0.06451612903225806,False,0.5495341026992175,0.5876526134319595,0.345689393823567,NEUTRAL,False,0.1207858587037669,0.0458821100747641,0.11468292773139113,0.16056503780615522,-0.03977917910238832,False,False,False,ONLINE_RANK,113475,2026-04-13,-1.251441395218504,False,0.2657611802102746,0.45161290322580644,False,0.5495341026992175,0.5876526134319595,0.345689393823567,NEUTRAL,False,0.1207858587037669,0.1207858587037669,0.0458821100747641,0.0,0.48936170212765956,0.65,0.3180851063829787,0.03842018271534713,0.03842018271534713,False,NEUTRAL,,False,False,ONLINE_RANK,0000,-1.251441395218504,False,False,False,False,False
2026-04,113727,-1,113733,2026-04-14,1.8619666030568092,True,0.39266361597202337,0.84375,True,0.5191697223300527,0.7498393752757464,0.3510697966783391,NEUTRAL,True,0.35821243252765156,0.0458821100747641,0.0,0.0458821100747641,0.31233032245288744,True,True,True,SELECTED,113733,2026-04-14,1.8619666030568092,True,0.39266361597202337,0.84375,True,0.5191697223300527,0.7498393752757464,0.3510697966783391,NEUTRAL,True,0.35821243252765156,0.0458821100747641,0.11468292773139113,0.16056503780615522,0.19764739472149634,True,True,True,SELECTED,113733,2026-04-14,1.8619666030568092,True,0.39266361597202337,0.96875,True,0.5191697223300527,0.7498393752757464,0.3510697966783391,NEUTRAL,True,0.35821243252765156,0.35821243252765156,0.0458821100747641,0.0,0.48936170212765956,0.65,0.3180851063829787,0.11394203970826362,0.11394203970826362,True,NEUTRAL,NEUTRAL,False,False,NEUTRAL_MONTHLY_CAP,1101,1.8619666030568092,True,False,False,True,False
2026-04,114469,-1,114479,2026-04-17,1.853407714439175,True,0.30575876673221797,0.30303030303030304,False,0.5464280134818001,0.6088954659981456,0.3470202878572682,NEUTRAL,False,0.19539444799941147,0.0458821100747641,0.0,0.0458821100747641,0.14951233792464735,False,False,False,ONLINE_RANK,114479,2026-04-17,1.853407714439175,True,0.30575876673221797,0.30303030303030304,False,0.5464280134818001,0.6088954659981456,0.3470202878572682,NEUTRAL,False,0.19539444799941147,0.0458821100747641,0.11468292773139113,0.16056503780615522,0.03482941019325625,False,False,False,ONLINE_RANK,114479,2026-04-17,1.853407714439175,True,0.30575876673221797,0.696969696969697,False,0.5464280134818001,0.6088954659981456,0.3470202878572682,NEUTRAL,False,0.19539444799941147,0.19539444799941147,0.0458821100747641,0.0,0.48936170212765956,0.65,0.3180851063829787,0.0621520637785362,0.0621520637785362,False,NEUTRAL,,False,False,ONLINE_RANK,0000,1.853407714439175,True,True,True,True,True
2026-04,114531,-1,114542,2026-04-17,-1.194673848969825,False,0.40732464617868314,0.8823529411764706,True,0.5365942304273893,0.7124072532528167,0.3509815937402566,NEUTRAL,True,0.3852058138681698,0.0458821100747641,0.0,0.0458821100747641,0.3393237037934057,True,True,True,SELECTED,114542,2026-04-17,-1.194673848969825,False,0.40732464617868314,0.8823529411764706,True,0.5365942304273893,0.7124072532528167,0.3509815937402566,NEUTRAL,True,0.3852058138681698,0.0458821100747641,0.11468292773139113,0.16056503780615522,0.2246407760620146,True,True,True,SELECTED,114542,2026-04-17,-1.194673848969825,False,0.40732464617868314,1.0,True,0.5365942304273893,0.7124072532528167,0.3509815937402566,NEUTRAL,True,0.3852058138681698,0.3852058138681698,0.0458821100747641,0.0,0.48936170212765956,0.65,0.3180851063829787,0.12252823228359869,0.12252823228359869,True,NEUTRAL,NEUTRAL,False,False,NEUTRAL_MONTHLY_CAP,1101,-1.194673848969825,False,False,False,False,False
2026-04,114532,-1,114542,2026-04-17,-1.1947261496607022,False,0.417591333705021,0.8857142857142857,True,0.5366880178896923,0.5627131874031621,0.34988247301672326,NEUTRAL,True,0.40347055703114615,0.0458821100747641,0.0,0.0458821100747641,0.35758844695638203,True,False,False,MONTHLY_TARGET_CAP,114542,2026-04-17,-1.1947261496607022,False,0.417591333705021,0.8857142857142857,True,0.5366880178896923,0.5627131874031621,0.34988247301672326,NEUTRAL,True,0.40347055703114615,0.0458821100747641,0.11468292773139113,0.16056503780615522,0.24290551922499093,True,False,False,MONTHLY_TARGET_CAP,114542,2026-04-17,-1.1947261496607022,False,0.417591333705021,1.0,True,0.5366880178896923,0.5627131874031621,0.34988247301672326,NEUTRAL,True,0.40347055703114615,0.40347055703114615,0.0458821100747641,0.0,0.48936170212765956,0.65,0.3180851063829787,0.1283379750556518,0.1283379750556518,True,NEUTRAL,NEUTRAL,False,False,NEUTRAL_MONTHLY_CAP,0000,-1.1947261496607022,False,False,False,False,False
2026-04,114535,-1,114542,2026-04-17,-1.202651479906994,False,0.39786801317872145,0.8055555555555556,True,0.5355431889637883,0.5935741097353844,0.3496244403721945,NEUTRAL,True,0.36692501391459115,0.0458821100747641,0.0,0.0458821100747641,0.32104290383982703,True,False,False,MONTHLY_TARGET_CAP,114542,2026-04-17,-1.202651479906994,False,0.39786801317872145,0.8055555555555556,True,0.5355431889637883,0.5935741097353844,0.3496244403721945,NEUTRAL,True,0.36692501391459115,0.0458821100747641,0.11468292773139113,0.16056503780615522,0.20635997610843593,True,False,False,MONTHLY_TARGET_CAP,114542,2026-04-17,-1.202651479906994,False,0.39786801317872145,0.9166666666666666,True,0.5355431889637883,0.5935741097353844,0.3496244403721945,NEUTRAL,True,0.36692501391459115,0.36692501391459115,0.0458821100747641,0.0,0.48936170212765956,0.65,0.3180851063829787,0.11671338208559867,0.11671338208559867,True,NEUTRAL,NEUTRAL,False,False,NEUTRAL_MONTHLY_CAP,0000,-1.202651479906994,False,False,False,False,False
2026-04,115599,-1,115601,2026-04-21,1.8300695210444844,True,0.3481629751616513,0.5675675675675675,False,0.7020734241646618,0.6917207984873697,0.3472425819728655,NEUTRAL,False,0.27376119085330197,0.0458821100747641,0.0,0.0458821100747641,0.22787908077853786,False,False,False,ONLINE_RANK,115601,2026-04-21,1.8300695210444844,True,0.3481629751616513,0.5675675675675675,False,0.7020734241646618,0.6917207984873697,0.3472425819728655,NEUTRAL,False,0.27376119085330197,0.0458821100747641,0.11468292773139113,0.16056503780615522,0.11319615304714675,False,False,False,ONLINE_RANK,115601,2026-04-21,1.8300695210444844,True,0.3481629751616513,0.7837837837837838,False,0.7020734241646618,0.6917207984873697,0.3472425819728655,NEUTRAL,False,0.27376119085330197,0.27376119085330197,0.0458821100747641,0.0,0.48936170212765956,0.65,0.3180851063829787,0.08707935751610349,0.08707935751610349,False,NEUTRAL,,False,False,ONLINE_RANK,0000,1.8300695210444844,True,True,True,True,True
2026-04,115699,-1,115721,2026-04-22,-1.2714789171698233,False,0.3777112531145595,0.6578947368421053,False,0.7046485759521622,0.6937759290232166,0.3481333494403339,NEUTRAL,False,0.3288215579663339,0.0458821100747641,0.0,0.0458821100747641,0.2829394478915698,False,False,False,ONLINE_RANK,115721,2026-04-22,-1.2714789171698233,False,0.3777112531145595,0.6578947368421053,False,0.7046485759521622,0.6937759290232166,0.3481333494403339,NEUTRAL,False,0.3288215579663339,0.0458821100747641,0.11468292773139113,0.16056503780615522,0.16825652016017867,False,False,False,ONLINE_RANK,115721,2026-04-22,-1.2714789171698233,False,0.3777112531145595,0.8421052631578947,True,0.7046485759521622,0.6937759290232166,0.3481333494403339,NEUTRAL,True,0.3288215579663339,0.3288215579663339,0.0458821100747641,0.0,0.48936170212765956,0.65,0.3180851063829787,0.10459324024673812,0.10459324024673812,True,NEUTRAL,NEUTRAL,False,False,NEUTRAL_MONTHLY_CAP,0000,-1.2714789171698233,False,False,False,False,False
2026-04,115700,-1,115721,2026-04-22,-1.271479000834533,False,0.3941677477885529,0.7948717948717948,False,0.7044987502368705,0.7052543997422485,0.348738372041295,NEUTRAL,False,0.35955363146776953,0.0458821100747641,0.0,0.0458821100747641,0.3136715213930054,False,False,False,ONLINE_RANK,115721,2026-04-22,-1.271479000834533,False,0.3941677477885529,0.7948717948717948,False,0.7044987502368705,0.7052543997422485,0.348738372041295,NEUTRAL,False,0.35955363146776953,0.0458821100747641,0.11468292773139113,0.16056503780615522,0.1989885936616143,False,False,False,ONLINE_RANK,115721,2026-04-22,-1.271479000834533,False,0.3941677477885529,0.8974358974358975,True,0.7044987502368705,0.7052543997422485,0.348738372041295,NEUTRAL,True,0.35955363146776953,0.35955363146776953,0.0458821100747641,0.0,0.48936170212765956,0.65,0.3180851063829787,0.11436865511581179,0.11436865511581179,True,NEUTRAL,NEUTRAL,False,False,NEUTRAL_MONTHLY_CAP,0000,-1.271479000834533,False,False,False,False,False
2026-04,115701,-1,115721,2026-04-22,-1.2714791849665645,False,0.3667376547464626,0.625,False,0.7043290849091166,0.6979961782096284,0.34783721978671756,NEUTRAL,False,0.3083946434826392,0.0458821100747641,0.0,0.0458821100747641,0.26251253340787506,False,False,False,ONLINE_RANK,115721,2026-04-22,-1.2714791849665645,False,0.3667376547464626,0.625,False,0.7043290849091166,0.6979961782096284,0.34783721978671756,NEUTRAL,False,0.3083946434826392,0.0458821100747641,0.11468292773139113,0.16056503780615522,0.14782960567648396,False,False,False,ONLINE_RANK,115721,2026-04-22,-1.2714791849665645,False,0.3667376547464626,0.8,True,0.7043290849091166,0.6979961782096284,0.34783721978671756,NEUTRAL,True,0.3083946434826392,0.3083946434826392,0.0458821100747641,0.0,0.48936170212765956,0.65,0.3180851063829787,0.09809574298011607,0.09809574298011607,True,NEUTRAL,NEUTRAL,False,False,NEUTRAL_MONTHLY_CAP,0000,-1.2714791849665645,False,False,False,False,False
2026-04,115862,-1,115867,2026-04-22,-0.17090486016205067,False,0.4030435219494544,0.8292682926829268,True,0.5285353980007402,0.7298715606393671,0.35110008728673864,NEUTRAL,True,0.37738058561699495,0.0458821100747641,0.0,0.0458821100747641,0.33149847554223083,True,False,False,MONTHLY_TARGET_CAP,115867,2026-04-22,-0.17090486016205067,False,0.4030435219494544,0.8292682926829268,True,0.5285353980007402,0.7298715606393671,0.35110008728673864,NEUTRAL,True,0.37738058561699495,0.0458821100747641,0.11468292773139113,0.16056503780615522,0.21681554781083973,True,False,False,MONTHLY_TARGET_CAP,115867,2026-04-22,-0.17090486016205067,False,0.4030435219494544,0.926829268292683,True,0.5285353980007402,0.7298715606393671,0.35110008728673864,NEUTRAL,True,0.37738058561699495,0.37738058561699495,0.0458821100747641,0.0,0.48936170212765956,0.65,0.3180851063829787,0.12003914372285264,0.12003914372285264,True,NEUTRAL,NEUTRAL,False,False,NEUTRAL_MONTHLY_CAP,0001,-0.17090486016205067,False,False,False,False,False
2026-04,116137,-1,116139,2026-04-23,-1.2714632256319955,False,0.3475671349378779,0.5,False,0.6917281005357752,0.644603316712721,0.34695091809782946,NEUTRAL,False,0.27248258588809876,0.0458821100747641,0.0,0.0458821100747641,0.22660047581333465,False,False,False,ONLINE_RANK,116139,2026-04-23,-1.2714632256319955,False,0.3475671349378779,0.5,False,0.6917281005357752,0.644603316712721,0.34695091809782946,NEUTRAL,False,0.27248258588809876,0.0458821100747641,0.11468292773139113,0.16056503780615522,0.11191754808194354,False,False,False,ONLINE_RANK,116139,2026-04-23,-1.2714632256319955,False,0.3475671349378779,0.6904761904761905,False,0.6917281005357752,0.644603316712721,0.34695091809782946,NEUTRAL,False,0.27248258588809876,0.27248258588809876,0.0458821100747641,0.0,0.48936170212765956,0.65,0.3180851063829787,0.08667265231972503,0.08667265231972503,False,NEUTRAL,,False,False,ONLINE_RANK,0000,-1.2714632256319955,False,False,False,False,False
2026-04,116138,-1,116139,2026-04-23,-1.2714623734423003,False,0.32504205406937137,0.3953488372093023,False,0.6919823325059486,0.47616424393176376,0.34494942729555117,NEUTRAL,False,0.22969602470779,0.0458821100747641,0.0,0.0458821100747641,0.18381391463302588,False,False,False,ONLINE_RANK,116139,2026-04-23,-1.2714623734423003,False,0.32504205406937137,0.3953488372093023,False,0.6919823325059486,0.47616424393176376,0.34494942729555117,NEUTRAL,False,0.22969602470779,0.0458821100747641,0.11468292773139113,0.16056503780615522,0.06913098690163477,False,False,False,ONLINE_RANK,116139,2026-04-23,-1.2714623734423003,False,0.32504205406937137,0.5813953488372093,False,0.6919823325059486,0.47616424393176376,0.34494942729555117,NEUTRAL,False,0.22969602470779,0.22969602470779,0.0458821100747641,0.0,0.48936170212765956,0.65,0.3180851063829787,0.07306288445492469,0.07306288445492469,False,NEUTRAL,,False,False,ONLINE_RANK,0000,-1.2714623734423003,False,False,False,False,False
2026-04,116168,-1,116215,2026-04-23,-1.2266337306900452,False,0.3298286799653701,0.4090909090909091,False,0.7070529331470417,0.5409307780229405,0.3454352833377099,NEUTRAL,False,0.23882548312586305,0.0458821100747641,0.0,0.0458821100747641,0.19294337305109893,False,False,False,ONLINE_RANK,116215,2026-04-23,-1.2266337306900452,False,0.3298286799653701,0.4090909090909091,False,0.7070529331470417,0.5409307780229405,0.3454352833377099,NEUTRAL,False,0.23882548312586305,0.0458821100747641,0.11468292773139113,0.16056503780615522,0.07826044531970783,False,False,False,ONLINE_RANK,116215,2026-04-23,-1.2266337306900452,False,0.3298286799653701,0.5909090909090909,False,0.7070529331470417,0.5409307780229405,0.3454352833377099,NEUTRAL,False,0.23882548312586305,0.23882548312586305,0.0458821100747641,0.0,0.48936170212765956,0.65,0.3180851063829787,0.07596682920705644,0.07596682920705644,False,NEUTRAL,,False,False,ONLINE_RANK,0000,-1.2266337306900452,False,False,False,False,False
2026-04,116169,-1,116215,2026-04-23,-1.2384774891627814,False,0.40080574991716367,0.8222222222222222,True,0.7070524798291995,0.49497713793710857,0.34705600601907366,NEUTRAL,True,0.3707652701525429,0.0458821100747641,0.0,0.0458821100747641,0.3248831600777788,True,False,False,MONTHLY_TARGET_CAP,116215,2026-04-23,-1.2384774891627814,False,0.40080574991716367,0.8222222222222222,True,0.7070524798291995,0.49497713793710857,0.34705600601907366,NEUTRAL,True,0.3707652701525429,0.0458821100747641,0.11468292773139113,0.16056503780615522,0.21020023234638768,True,False,False,MONTHLY_TARGET_CAP,116215,2026-04-23,-1.2384774891627814,False,0.40080574991716367,0.9111111111111111,True,0.7070524798291995,0.49497713793710857,0.34705600601907366,NEUTRAL,True,0.3707652701525429,0.3707652701525429,0.0458821100747641,0.0,0.48936170212765956,0.65,0.3180851063829787,0.11793491039958545,0.11793491039958545,True,NEUTRAL,NEUTRAL,False,False,NEUTRAL_MONTHLY_CAP,0001,-1.2384774891627814,False,False,False,False,False
2026-05,119074,-1,119077,2026-05-04,1.8618115116088623,True,0.26185088578816473,0.391304347826087,False,0.5530905527636555,0.7792153533855946,0.2764452580473555,REJECT,False,-0.2783168247165793,0.043828739810657616,0.0,0.043828739810657616,-0.3221455645272369,False,False,False,ONLINE_RANK,119077,2026-05-04,1.8618115116088623,True,0.26185088578816473,0.391304347826087,False,0.5530905527636555,0.7792153533855946,0.2764452580473555,REJECT,False,-0.2783168247165793,0.043828739810657616,0.11726039399558574,0.16108913380624335,-0.43940595852282266,False,False,False,ONLINE_RANK,119077,2026-05-04,1.8618115116088623,True,0.26185088578816473,1.0,True,0.5530905527636555,0.7792153533855946,0.2764452580473555,REJECT,False,-0.2783168247165793,-0.2783168247165793,0.043828739810657616,0.0,0.4782608695652174,0.65,0.31086956521739134,-0.08652023029232793,-0.08652023029232793,False,NEUTRAL,,False,False,META_PROBABILITY,0000,1.8618115116088623,True,True,True,True,True
2026-05,119077,-1,119080,2026-05-04,-1.1999214545598806,False,0.2400144472410186,0.20833333333333334,False,0.5528989907712549,0.7270636104603885,0.2751710311110448,REJECT,False,-0.3265371791458937,0.043828739810657616,0.0,0.043828739810657616,-0.3703659189565513,False,False,False,ONLINE_RANK,119080,2026-05-04,-1.1999214545598806,False,0.2400144472410186,0.20833333333333334,False,0.5528989907712549,0.7270636104603885,0.2751710311110448,REJECT,False,-0.3265371791458937,0.043828739810657616,0.11726039399558574,0.16108913380624335,-0.48762631295213704,False,False,False,ONLINE_RANK,119080,2026-05-04,-1.1999214545598806,False,0.2400144472410186,0.8333333333333334,True,0.5528989907712549,0.7270636104603885,0.2751710311110448,REJECT,False,-0.3265371791458937,-0.3265371791458937,0.043828739810657616,0.0,0.4782608695652174,0.65,0.31086956521739134,-0.1015104709083974,-0.1015104709083974,False,NEUTRAL,,False,False,META_PROBABILITY,0000,-1.1999214545598806,False,False,False,False,False
2026-05,119078,-1,119081,2026-05-04,-1.2008120672610882,False,0.18851895884802294,0.04,False,0.5529978457166425,0.6562066355116172,0.273252604645821,REJECT,False,-0.4394676859512511,0.043828739810657616,0.0,0.043828739810657616,-0.4832964257619087,False,False,False,ONLINE_RANK,119081,2026-05-04,-1.2008120672610882,False,0.18851895884802294,0.04,False,0.5529978457166425,0.6562066355116172,0.273252604645821,REJECT,False,-0.4394676859512511,0.043828739810657616,0.11726039399558574,0.16108913380624335,-0.6005568197574944,False,False,False,ONLINE_RANK,119081,2026-05-04,-1.2008120672610882,False,0.18851895884802294,0.36,False,0.5529978457166425,0.6562066355116172,0.273252604645821,REJECT,False,-0.4394676859512511,-0.4394676859512511,0.043828739810657616,0.0,0.4782608695652174,0.65,0.31086956521739134,-0.1366171284587585,-0.1366171284587585,False,NEUTRAL,,False,False,ONLINE_RANK,0000,-1.2008120672610882,False,False,False,False,False
2026-05,119556,-1,119560,2026-05-06,-1.271428067132503,False,0.30281593209386737,0.8076923076923077,True,0.5231224123558571,0.6615026980212617,0.27508346784848536,REJECT,False,-0.19056494867088647,0.043828739810657616,0.0,0.043828739810657616,-0.23439368848154407,False,False,False,META_PROBABILITY,119560,2026-05-06,-1.271428067132503,False,0.30281593209386737,0.8076923076923077,True,0.5231224123558571,0.6615026980212617,0.27508346784848536,REJECT,False,-0.19056494867088647,0.043828739810657616,0.11726039399558574,0.16108913380624335,-0.3516540824771298,False,False,False,META_PROBABILITY,119560,2026-05-06,-1.271428067132503,False,0.30281593209386737,1.0,True,0.5231224123558571,0.6615026980212617,0.27508346784848536,REJECT,False,-0.19056494867088647,-0.19056494867088647,0.043828739810657616,0.0,0.4782608695652174,0.65,0.31086956521739134,-0.05924084273899297,-0.05924084273899297,False,NEUTRAL,,False,False,META_PROBABILITY,0000,-1.271428067132503,False,False,False,False,False
2026-05,119566,-1,119583,2026-05-06,1.8301262444399897,True,0.29223814573343826,0.7407407407407407,False,0.5071666901487623,0.6469363717215904,0.2749914671592771,REJECT,False,-0.21354411492561354,0.043828739810657616,0.0,0.043828739810657616,-0.25737285473627114,False,False,False,ONLINE_RANK,119583,2026-05-06,1.8301262444399897,True,0.29223814573343826,0.7407407407407407,False,0.5071666901487623,0.6469363717215904,0.2749914671592771,REJECT,False,-0.21354411492561354,0.043828739810657616,0.11726039399558574,0.16108913380624335,-0.3746332487318569,False,False,False,ONLINE_RANK,119583,2026-05-06,1.8301262444399897,True,0.29223814573343826,0.9629629629629629,True,0.5071666901487623,0.6469363717215904,0.2749914671592771,REJECT,False,-0.21354411492561354,-0.21354411492561354,0.043828739810657616,0.0,0.4782608695652174,0.65,0.31086956521739134,-0.06638436616165813,-0.06638436616165813,False,NEUTRAL,,False,False,META_PROBABILITY,0000,1.8301262444399897,True,True,True,True,True
2026-05,119568,-1,119584,2026-05-06,1.8301248455616579,True,0.29120498938144684,0.7142857142857143,False,0.5116057330046544,0.524585505781713,0.27241869168166866,REJECT,False,-0.21763969942535277,0.043828739810657616,0.0,0.043828739810657616,-0.2614684392360104,False,False,False,ONLINE_RANK,119584,2026-05-06,1.8301248455616579,True,0.29120498938144684,0.7142857142857143,False,0.5116057330046544,0.524585505781713,0.27241869168166866,REJECT,False,-0.21763969942535277,0.043828739810657616,0.11726039399558574,0.16108913380624335,-0.3787288332315961,False,False,False,ONLINE_RANK,119584,2026-05-06,1.8301248455616579,True,0.29120498938144684,0.9285714285714286,True,0.5116057330046544,0.524585505781713,0.27241869168166866,REJECT,False,-0.21763969942535277,-0.21763969942535277,0.043828739810657616,0.0,0.4782608695652174,0.65,0.31086956521739134,-0.06765755873440316,-0.06765755873440316,False,NEUTRAL,,False,False,META_PROBABILITY,0000,1.8301248455616579,True,True,True,True,True
2026-05,120138,-1,120163,2026-05-08,-0.17089434421946553,False,0.23652653786010777,0.1724137931034483,False,0.6935211726484284,0.5130683978588453,0.26824333911743814,REJECT,False,-0.3390944711168472,0.043828739810657616,0.0,0.043828739810657616,-0.3829232109275048,False,False,False,ONLINE_RANK,120163,2026-05-08,-0.17089434421946553,False,0.23652653786010777,0.1724137931034483,False,0.6935211726484284,0.5130683978588453,0.26824333911743814,REJECT,False,-0.3390944711168472,0.043828739810657616,0.11726039399558574,0.16108913380624335,-0.5001836049230906,False,False,False,ONLINE_RANK,120163,2026-05-08,-0.17089434421946553,False,0.23652653786010777,0.6896551724137931,False,0.6935211726484284,0.5130683978588453,0.26824333911743814,REJECT,False,-0.3390944711168472,-0.3390944711168472,0.043828739810657616,0.0,0.4782608695652174,0.65,0.31086956521739134,-0.10541415080371555,-0.10541415080371555,False,NEUTRAL,,False,False,ONLINE_RANK,0000,-0.17089434421946553,False,False,False,False,False
2026-05,120956,-1,120962,2026-05-11,-0.17088195587974908,False,0.2512053652136267,0.3,False,0.5482211014694833,0.527837768661297,0.2714259508387009,REJECT,False,-0.305000421144287,0.043828739810657616,0.0,0.043828739810657616,-0.3488291609549446,False,False,False,ONLINE_RANK,120962,2026-05-11,-0.17088195587974908,False,0.2512053652136267,0.3,False,0.5482211014694833,0.527837768661297,0.2714259508387009,REJECT,False,-0.305000421144287,0.043828739810657616,0.11726039399558574,0.16108913380624335,-0.46608955495053034,False,False,False,ONLINE_RANK,120962,2026-05-11,-0.17088195587974908,False,0.2512053652136267,0.8666666666666667,True,0.5482211014694833,0.527837768661297,0.2714259508387009,REJECT,False,-0.305000421144287,-0.305000421144287,0.043828739810657616,0.0,0.4782608695652174,0.65,0.31086956521739134,-0.09481534831224575,-0.09481534831224575,False,NEUTRAL,,False,False,META_PROBABILITY,0000,-0.17088195587974908,False,False,False,False,False
2026-05,122008,-1,122031,2026-05-15,-1.2714531142707768,False,0.25946064799626367,0.41935483870967744,False,0.6911902810519236,0.6189105159530015,0.27055755788203595,REJECT,False,-0.287745514853818,0.043828739810657616,0.0,0.043828739810657616,-0.3315742546644756,False,False,False,ONLINE_RANK,122031,2026-05-15,-1.2714531142707768,False,0.25946064799626367,0.41935483870967744,False,0.6911902810519236,0.6189105159530015,0.27055755788203595,REJECT,False,-0.287745514853818,0.043828739810657616,0.11726039399558574,0.16108913380624335,-0.44883464866006134,False,False,False,ONLINE_RANK,122031,2026-05-15,-1.2714531142707768,False,0.25946064799626367,0.8709677419354839,True,0.6911902810519236,0.6189105159530015,0.27055755788203595,REJECT,False,-0.287745514853818,-0.287745514853818,0.043828739810657616,0.0,0.4782608695652174,0.65,0.31086956521739134,-0.08945132309586082,-0.08945132309586082,False,NEUTRAL,,False,False,META_PROBABILITY,0000,-1.2714531142707768,False,False,False,False,False
2026-05,125584,-1,125636,2026-05-29,1.8300463643567926,True,0.2300846822896588,0.15625,False,0.5319263488969799,0.6165648312766627,0.27329299326365036,REJECT,False,-0.34940224361770367,0.043828739810657616,0.0,0.043828739810657616,-0.39323098342836127,False,False,False,ONLINE_RANK,125636,2026-05-29,1.8300463643567926,True,0.2300846822896588,0.15625,False,0.5319263488969799,0.6165648312766627,0.27329299326365036,REJECT,False,-0.34940224361770367,0.043828739810657616,0.11726039399558574,0.16108913380624335,-0.510491377423947,False,False,False,ONLINE_RANK,125636,2026-05-29,1.8300463643567926,True,0.2300846822896588,0.59375,False,0.5319263488969799,0.6165648312766627,0.27329299326365036,REJECT,False,-0.34940224361770367,-0.34940224361770367,0.043828739810657616,0.0,0.4782608695652174,0.65,0.31086956521739134,-0.10861852355941659,-0.10861852355941659,False,NEUTRAL,,False,False,ONLINE_RANK,0000,1.8300463643567926,True,True,True,True,True
2026-06,127033,-1,127034,2026-06-04,-1.1222944519841664,False,,,False,,,,,False,,,,,,False,False,False,MODEL_UNAVAILABLE,127034,2026-06-04,-1.1222944519841664,False,,,False,,,,,False,,,,,,False,False,False,MODEL_UNAVAILABLE,127034,2026-06-04,-1.1222944519841664,False,,,False,,,,,False,,,,,,,,,,False,,,False,False,MODEL_UNAVAILABLE,0000,-1.1222944519841664,False,False,False,False,False
2026-06,127148,-1,127154,2026-06-04,-0.06602797526920008,False,,,False,,,,,False,,,,,,False,False,False,MODEL_UNAVAILABLE,127154,2026-06-04,-0.06602797526920008,False,,,False,,,,,False,,,,,,False,False,False,MODEL_UNAVAILABLE,127154,2026-06-04,-0.06602797526920008,False,,,False,,,,,False,,,,,,,,,,False,,,False,False,MODEL_UNAVAILABLE,0000,-0.06602797526920008,False,False,False,False,False
2026-06,127164,-1,127191,2026-06-04,1.946076095860926,True,,,False,,,,,False,,,,,,False,False,False,MODEL_UNAVAILABLE,127191,2026-06-04,1.946076095860926,True,,,False,,,,,False,,,,,,False,False,False,MODEL_UNAVAILABLE,127191,2026-06-04,1.946076095860926,True,,,False,,,,,False,,,,,,,,,,False,,,False,False,MODEL_UNAVAILABLE,0000,1.946076095860926,True,True,True,True,True
2026-06,127168,-1,127174,2026-06-04,-1.1718073126379087,False,,,False,,,,,False,,,,,,False,False,False,MODEL_UNAVAILABLE,127174,2026-06-04,-1.1718073126379087,False,,,False,,,,,False,,,,,,False,False,False,MODEL_UNAVAILABLE,127174,2026-06-04,-1.1718073126379087,False,,,False,,,,,False,,,,,,,,,,False,,,False,False,MODEL_UNAVAILABLE,0000,-1.1718073126379087,False,False,False,False,False
2026-06,127328,-1,127335,2026-06-05,1.903124205835836,True,,,False,,,,,False,,,,,,False,False,False,MODEL_UNAVAILABLE,127335,2026-06-05,1.903124205835836,True,,,False,,,,,False,,,,,,False,False,False,MODEL_UNAVAILABLE,127335,2026-06-05,1.903124205835836,True,,,False,,,,,False,,,,,,,,,,False,,,False,False,MODEL_UNAVAILABLE,0000,1.903124205835836,True,True,True,True,True
2026-06,127329,-1,127335,2026-06-05,1.8976501309125287,True,,,False,,,,,False,,,,,,False,False,False,MODEL_UNAVAILABLE,127335,2026-06-05,1.8976501309125287,True,,,False,,,,,False,,,,,,False,False,False,MODEL_UNAVAILABLE,127335,2026-06-05,1.8976501309125287,True,,,False,,,,,False,,,,,,,,,,False,,,False,False,MODEL_UNAVAILABLE,0000,1.8976501309125287,True,True,True,True,True
2026-06,127330,-1,127335,2026-06-05,1.8954073685868644,True,,,False,,,,,False,,,,,,False,False,False,MODEL_UNAVAILABLE,127335,2026-06-05,1.8954073685868644,True,,,False,,,,,False,,,,,,False,False,False,MODEL_UNAVAILABLE,127335,2026-06-05,1.8954073685868644,True,,,False,,,,,False,,,,,,,,,,False,,,False,False,MODEL_UNAVAILABLE,0000,1.8954073685868644,True,True,True,True,True
2026-06,127358,-1,127366,2026-06-05,-0.05487582360770554,False,,,False,,,,,False,,,,,,False,False,False,MODEL_UNAVAILABLE,127366,2026-06-05,-0.05487582360770554,False,,,False,,,,,False,,,,,,False,False,False,MODEL_UNAVAILABLE,127366,2026-06-05,-0.05487582360770554,False,,,False,,,,,False,,,,,,,,,,False,,,False,False,MODEL_UNAVAILABLE,0000,-0.05487582360770554,False,False,False,False,False
2026-06,127449,-1,127454,2026-06-05,-1.1025543970692389,False,,,False,,,,,False,,,,,,False,False,False,MODEL_UNAVAILABLE,127454,2026-06-05,-1.1025543970692389,False,,,False,,,,,False,,,,,,False,False,False,MODEL_UNAVAILABLE,127454,2026-06-05,-1.1025543970692389,False,,,False,,,,,False,,,,,,,,,,False,,,False,False,MODEL_UNAVAILABLE,0000,-1.1025543970692389,False,False,False,False,False
2026-06,127491,-1,127492,2026-06-05,-1.1226220689167936,False,,,False,,,,,False,,,,,,False,False,False,MODEL_UNAVAILABLE,127492,2026-06-05,-1.1226220689167936,False,,,False,,,,,False,,,,,,False,False,False,MODEL_UNAVAILABLE,127492,2026-06-05,-1.1226220689167936,False,,,False,,,,,False,,,,,,,,,,False,,,False,False,MODEL_UNAVAILABLE,0000,-1.1226220689167936,False,False,False,False,False
2026-06,127506,-1,127522,2026-06-05,-0.038931752165420504,False,,,False,,,,,False,,,,,,False,False,False,MODEL_UNAVAILABLE,127522,2026-06-05,-0.038931752165420504,False,,,False,,,,,False,,,,,,False,False,False,MODEL_UNAVAILABLE,127522,2026-06-05,-0.038931752165420504,False,,,False,,,,,False,,,,,,,,,,False,,,False,False,MODEL_UNAVAILABLE,0000,-0.038931752165420504,False,False,False,False,False
2026-06,127527,-1,127532,2026-06-05,1.9361732058003047,True,,,False,,,,,False,,,,,,False,False,False,MODEL_UNAVAILABLE,127532,2026-06-05,1.9361732058003047,True,,,False,,,,,False,,,,,,False,False,False,MODEL_UNAVAILABLE,127532,2026-06-05,1.9361732058003047,True,,,False,,,,,False,,,,,,,,,,False,,,False,False,MODEL_UNAVAILABLE,0000,1.9361732058003047,True,True,True,True,True
2026-06,127979,-1,127982,2026-06-07,-1.2716418173155373,False,,,False,,,,,False,,,,,,False,False,False,MODEL_UNAVAILABLE,127982,2026-06-07,-1.2716418173155373,False,,,False,,,,,False,,,,,,False,False,False,MODEL_UNAVAILABLE,127982,2026-06-07,-1.2716418173155373,False,,,False,,,,,False,,,,,,,,,,False,,,False,False,MODEL_UNAVAILABLE,0000,-1.2716418173155373,False,False,False,False,False
2026-06,128217,-1,128222,2026-06-08,-0.11589618404814342,False,,,False,,,,,False,,,,,,False,False,False,MODEL_UNAVAILABLE,128222,2026-06-08,-0.11589618404814342,False,,,False,,,,,False,,,,,,False,False,False,MODEL_UNAVAILABLE,128222,2026-06-08,-0.11589618404814342,False,,,False,,,,,False,,,,,,,,,,False,,,False,False,MODEL_UNAVAILABLE,0000,-0.11589618404814342,False,False,False,False,False
2026-06,128236,-1,128241,2026-06-08,-1.2321896327242594,False,,,False,,,,,False,,,,,,False,False,False,MODEL_UNAVAILABLE,128241,2026-06-08,-1.2321896327242594,False,,,False,,,,,False,,,,,,False,False,False,MODEL_UNAVAILABLE,128241,2026-06-08,-1.2321896327242594,False,,,False,,,,,False,,,,,,,,,,False,,,False,False,MODEL_UNAVAILABLE,0000,-1.2321896327242594,False,False,False,False,False
2026-06,129984,-1,130057,2026-06-15,-0.17104135949073934,False,,,False,,,,,False,,,,,,False,False,False,MODEL_UNAVAILABLE,130057,2026-06-15,-0.17104135949073934,False,,,False,,,,,False,,,,,,False,False,False,MODEL_UNAVAILABLE,130057,2026-06-15,-0.17104135949073934,False,,,False,,,,,False,,,,,,,,,,False,,,False,False,MODEL_UNAVAILABLE,0000,-0.17104135949073934,False,False,False,False,False
2026-06,130253,-1,130272,2026-06-16,-0.17103740313051022,False,,,False,,,,,False,,,,,,False,False,False,MODEL_UNAVAILABLE,130272,2026-06-16,-0.17103740313051022,False,,,False,,,,,False,,,,,,False,False,False,MODEL_UNAVAILABLE,130272,2026-06-16,-0.17103740313051022,False,,,False,,,,,False,,,,,,,,,,False,,,False,False,MODEL_UNAVAILABLE,0000,-0.17103740313051022,False,False,False,False,False
2026-06,130254,-1,130267,2026-06-16,-0.17103760833714854,False,,,False,,,,,False,,,,,,False,False,False,MODEL_UNAVAILABLE,130267,2026-06-16,-0.17103760833714854,False,,,False,,,,,False,,,,,,False,False,False,MODEL_UNAVAILABLE,130267,2026-06-16,-0.17103760833714854,False,,,False,,,,,False,,,,,,,,,,False,,,False,False,MODEL_UNAVAILABLE,0000,-0.17103760833714854,False,False,False,False,False
2026-06,130273,-1,130280,2026-06-16,-1.2715885900554593,False,,,False,,,,,False,,,,,,False,False,False,MODEL_UNAVAILABLE,130280,2026-06-16,-1.2715885900554593,False,,,False,,,,,False,,,,,,False,False,False,MODEL_UNAVAILABLE,130280,2026-06-16,-1.2715885900554593,False,,,False,,,,,False,,,,,,,,,,False,,,False,False,MODEL_UNAVAILABLE,0000,-1.2715885900554593,False,False,False,False,False
2026-06,130632,-1,130634,2026-06-17,-1.2716004102392249,False,,,False,,,,,False,,,,,,False,False,False,MODEL_UNAVAILABLE,130634,2026-06-17,-1.2716004102392249,False,,,False,,,,,False,,,,,,False,False,False,MODEL_UNAVAILABLE,130634,2026-06-17,-1.2716004102392249,False,,,False,,,,,False,,,,,,,,,,False,,,False,False,MODEL_UNAVAILABLE,0000,-1.2716004102392249,False,False,False,False,False
2026-06,130656,-1,130672,2026-06-17,1.8423408285367848,True,,,False,,,,,False,,,,,,False,False,False,MODEL_UNAVAILABLE,130672,2026-06-17,1.8423408285367848,True,,,False,,,,,False,,,,,,False,False,False,MODEL_UNAVAILABLE,130672,2026-06-17,1.8423408285367848,True,,,False,,,,,False,,,,,,,,,,False,,,False,False,MODEL_UNAVAILABLE,0000,1.8423408285367848,True,True,True,True,True
2026-06,130657,-1,130671,2026-06-17,-1.265876035255469,False,,,False,,,,,False,,,,,,False,False,False,MODEL_UNAVAILABLE,130671,2026-06-17,-1.265876035255469,False,,,False,,,,,False,,,,,,False,False,False,MODEL_UNAVAILABLE,130671,2026-06-17,-1.265876035255469,False,,,False,,,,,False,,,,,,,,,,False,,,False,False,MODEL_UNAVAILABLE,0000,-1.265876035255469,False,False,False,False,False
2026-06,130890,-1,130895,2026-06-18,1.829938871146305,True,,,False,,,,,False,,,,,,False,False,False,MODEL_UNAVAILABLE,130895,2026-06-18,1.829938871146305,True,,,False,,,,,False,,,,,,False,False,False,MODEL_UNAVAILABLE,130895,2026-06-18,1.829938871146305,True,,,False,,,,,False,,,,,,,,,,False,,,False,False,MODEL_UNAVAILABLE,0000,1.829938871146305,True,True,True,True,True
2026-06,131385,-1,131434,2026-06-20,1.8299309914859119,True,,,False,,,,,False,,,,,,False,False,False,MODEL_UNAVAILABLE,131434,2026-06-20,1.8299309914859119,True,,,False,,,,,False,,,,,,False,False,False,MODEL_UNAVAILABLE,131434,2026-06-20,1.8299309914859119,True,,,False,,,,,False,,,,,,,,,,False,,,False,False,MODEL_UNAVAILABLE,0000,1.8299309914859119,True,True,True,True,True
2026-06,131956,-1,131962,2026-06-22,-1.2716004279047515,False,,,False,,,,,False,,,,,,False,False,False,MODEL_UNAVAILABLE,131962,2026-06-22,-1.2716004279047515,False,,,False,,,,,False,,,,,,False,False,False,MODEL_UNAVAILABLE,131962,2026-06-22,-1.2716004279047515,False,,,False,,,,,False,,,,,,,,,,False,,,False,False,MODEL_UNAVAILABLE,0000,-1.2716004279047515,False,False,False,False,False
2026-06,131957,-1,131961,2026-06-22,-1.2716008738789168,False,,,False,,,,,False,,,,,,False,False,False,MODEL_UNAVAILABLE,131961,2026-06-22,-1.2716008738789168,False,,,False,,,,,False,,,,,,False,False,False,MODEL_UNAVAILABLE,131961,2026-06-22,-1.2716008738789168,False,,,False,,,,,False,,,,,,,,,,False,,,False,False,MODEL_UNAVAILABLE,0000,-1.2716008738789168,False,False,False,False,False
2026-06,132777,-1,132785,2026-06-25,-0.000419480124115138,False,,,False,,,,,False,,,,,,False,False,False,MODEL_UNAVAILABLE,132785,2026-06-25,-0.000419480124115138,False,,,False,,,,,False,,,,,,False,False,False,MODEL_UNAVAILABLE,132785,2026-06-25,-0.000419480124115138,False,,,False,,,,,False,,,,,,,,,,False,,,False,False,MODEL_UNAVAILABLE,0000,-0.000419480124115138,False,False,False,False,False
2026-06,132922,-1,132923,2026-06-26,-1.183982317577962,False,,,False,,,,,False,,,,,,False,False,False,MODEL_UNAVAILABLE,132923,2026-06-26,-1.183982317577962,False,,,False,,,,,False,,,,,,False,False,False,MODEL_UNAVAILABLE,132923,2026-06-26,-1.183982317577962,False,,,False,,,,,False,,,,,,,,,,False,,,False,False,MODEL_UNAVAILABLE,0000,-1.183982317577962,False,False,False,False,False
