rank,score_train_only,diagnostic_qualified,family,direction,train_trades,train_win_rate,train_ratio,test_trades,test_win_rate,test_ratio,total_net_R,max_drawdown_R,first_half_trades,first_half_win_rate,first_half_net_R,second_half_trades,second_half_win_rate,second_half_net_R,config
1,690.3187936780034,False,趋势回踩,双向,15.0,0.6666666666666666,1.6781137635575847,25.0,0.28,1.7255009272250093,7.281262688487653,2.46693300934443,7.0,0.5714285714285714,5.170508286716714,8.0,0.75,9.360763828823263,"{""family_mask"": 1, ""direction"": 0, ""rr"": 2.6, ""sl_atr"": 0.995960977679367, ""min_stop_pct"": 0.004304206377123488, ""max_hold"": 288, ""cooldown"": 10, ""session_start"": 0, ""session_end"": 24, ""weekday_mask"": 62, ""adx_trend_min"": 31.222232128720716, ""adx_range_max"": 17.68417806388294, ""rsi_long_min"": 40.88118637957586, ""rsi_long_max"": 73.10933202643793, ""volz_break"": 0.8489611135854283, ""body_min"": 0.2947536747606919, ""close_loc_min"": 0.6751774353415394, ""eff_min"": 0.20576142875234493, ""atr_rank_min"": 0.37791344563643037, ""squeeze_rank_max"": 0.3163156785082504, ""vwap_dev_entry"": 1.7151422715826243, ""pull_idx"": 5, ""don_idx"": 0, ""trail_trigger"": 2.189758314490689, ""trail_lock"": 2.004677420942996}"
2,501.07806952210433,False,趋势回踩,双向,15.0,0.6666666666666666,1.400625062913548,19.0,0.3157894736842105,1.3637975920312824,5.320073352450078,1.2599024779633385,7.0,0.5714285714285714,2.9198882096737053,8.0,0.75,8.423084673664945,"{""family_mask"": 1, ""direction"": 0, ""rr"": 2.2, ""sl_atr"": 0.9759477895003575, ""min_stop_pct"": 0.0038655754913534896, ""max_hold"": 576, ""cooldown"": 23, ""session_start"": 0, ""session_end"": 24, ""weekday_mask"": 62, ""adx_trend_min"": 33.7314910132651, ""adx_range_max"": 21.595059806908807, ""rsi_long_min"": 45.003533244113534, ""rsi_long_max"": 69.73596159968622, ""volz_break"": 1.1305574626151809, ""body_min"": 0.32694736480984243, ""close_loc_min"": 0.592640465417027, ""eff_min"": 0.24814277341173607, ""atr_rank_min"": 0.4979495974207506, ""squeeze_rank_max"": 0.35838662331565907, ""vwap_dev_entry"": 1.5731940196720025, ""pull_idx"": 8, ""don_idx"": 1, ""trail_trigger"": 1.9056580411020598, ""trail_lock"": 1.8459207135708924}"
3,487.32830844777277,False,趋势回踩+压缩突破,双向,16.0,0.6875,1.3162659962223298,21.0,0.23809523809523808,1.3657547252454667,1.1750816627780245,1.2835374229349341,7.0,0.5714285714285714,2.487826463050661,9.0,0.7777777777777778,9.638632871044667,"{""family_mask"": 3, ""direction"": 0, ""rr"": 2.4, ""sl_atr"": 2.422689860993133, ""min_stop_pct"": 0.0035427495103898914, ""max_hold"": 576, ""cooldown"": 23, ""session_start"": 0, ""session_end"": 24, ""weekday_mask"": 62, ""adx_trend_min"": 31.27547403565251, ""adx_range_max"": 19.899124619293293, ""rsi_long_min"": 53.887727430002684, ""rsi_long_max"": 69.66924432628025, ""volz_break"": 0.7680485403311126, ""body_min"": 0.4776999572888069, ""close_loc_min"": 0.606496167372783, ""eff_min"": 0.18075580158829715, ""atr_rank_min"": 0.2817001793485615, ""squeeze_rank_max"": 0.17314459629516624, ""vwap_dev_entry"": 2.125884043547009, ""pull_idx"": 5, ""don_idx"": 1, ""trail_trigger"": 1.9343059812478323, ""trail_lock"": 1.8449154871177942}"
4,425.9961637999492,False,趋势回踩+压缩突破,双向,16.0,0.625,1.5091029710494184,11.0,0.45454545454545453,1.6046339815381174,13.55896051485973,2.5524441699988967,8.0,0.5,2.806568891234641,8.0,0.75,8.662371893360147,"{""family_mask"": 3, ""direction"": 0, ""rr"": 2.6, ""sl_atr"": 2.4020753506052666, ""min_stop_pct"": 0.0036109543288627773, ""max_hold"": 288, ""cooldown"": 22, ""session_start"": 0, ""session_end"": 24, ""weekday_mask"": 62, ""adx_trend_min"": 30.744725863971535, ""adx_range_max"": 19.4774648157884, ""rsi_long_min"": 46.14043951938697, ""rsi_long_max"": 75.33665038557263, ""volz_break"": 1.6137107912868747, ""body_min"": 0.23964562558052327, ""close_loc_min"": 0.8277076490383386, ""eff_min"": 0.3544495631949916, ""atr_rank_min"": 0.2111292666083215, ""squeeze_rank_max"": 0.26466623290453245, ""vwap_dev_entry"": 1.001260612307703, ""pull_idx"": 5, ""don_idx"": 1, ""trail_trigger"": 1.9891033929238577, ""trail_lock"": 1.8707760565857703}"
5,419.4928474693698,False,三策略组合,双向,20.0,0.6,1.5768423888453251,27.0,0.37037037037037035,1.5947382292225547,13.053403931657225,3.946976624237518,7.0,0.7142857142857143,7.314246431030538,13.0,0.5384615384615384,7.053773336729143,"{""family_mask"": 7, ""direction"": 0, ""rr"": 2.8, ""sl_atr"": 2.1836012573118952, ""min_stop_pct"": 0.0031777974379753027, ""max_hold"": 288, ""cooldown"": 25, ""session_start"": 0, ""session_end"": 24, ""weekday_mask"": 124, ""adx_trend_min"": 20.819365389014617, ""adx_range_max"": 19.589456255431177, ""rsi_long_min"": 43.31236608267226, ""rsi_long_max"": 71.96528164034096, ""volz_break"": -0.28311879136717216, ""body_min"": 0.3718795228724381, ""close_loc_min"": 0.5978215428477823, ""eff_min"": 0.4546904411808838, ""atr_rank_min"": 0.15262745234963937, ""squeeze_rank_max"": 0.32602021954685206, ""vwap_dev_entry"": 1.092050077895514, ""pull_idx"": 4, ""don_idx"": 1, ""trail_trigger"": 2.2423051573905584, ""trail_lock"": 2.1600735404642277}"
6,389.3833756757922,False,趋势回踩+压缩突破,双向,16.0,0.625,1.4454741408017493,11.0,0.45454545454545453,1.4819157778124497,12.3286733689803,2.557695657605059,7.0,0.5714285714285714,3.388484990326634,9.0,0.6666666666666666,7.2420506733712795,"{""family_mask"": 3, ""direction"": 0, ""rr"": 2.2, ""sl_atr"": 2.446991430935176, ""min_stop_pct"": 0.003595449741422063, ""max_hold"": 432, ""cooldown"": 21, ""session_start"": 0, ""session_end"": 24, ""weekday_mask"": 62, ""adx_trend_min"": 34.47340809955262, ""adx_range_max"": 18.125509749672837, ""rsi_long_min"": 48.2527216478337, ""rsi_long_max"": 75.90896498339161, ""volz_break"": 0.2752516417308665, ""body_min"": 0.44882199192013716, ""close_loc_min"": 0.6349013423808862, ""eff_min"": 0.2035153255472124, ""atr_rank_min"": 0.29836867191613914, ""squeeze_rank_max"": 0.3153090806891524, ""vwap_dev_entry"": 0.806148597840114, ""pull_idx"": 7, ""don_idx"": 1, ""trail_trigger"": 2.0433310248229395, ""trail_lock"": 1.9064953390542179}"
7,376.0892764821048,False,趋势回踩+震荡反转,双向,15.0,0.6,1.6509150247273632,13.0,0.46153846153846156,1.5826669401075908,13.48952753396925,2.377080745061763,7.0,0.5714285714285714,4.481913590250391,8.0,0.625,6.048042682436625,"{""family_mask"": 5, ""direction"": 0, ""rr"": 2.2, ""sl_atr"": 2.1081152290625074, ""min_stop_pct"": 0.005317092384195952, ""max_hold"": 576, ""cooldown"": 27, ""session_start"": 0, ""session_end"": 24, ""weekday_mask"": 124, ""adx_trend_min"": 15.93141848188915, ""adx_range_max"": 24.64731970773242, ""rsi_long_min"": 40.375430931029754, ""rsi_long_max"": 58.16502208606754, ""volz_break"": 0.24706504694658687, ""body_min"": 0.23961621236039743, ""close_loc_min"": 0.6767000375129953, ""eff_min"": 0.4629490689187131, ""atr_rank_min"": 0.7720707352684678, ""squeeze_rank_max"": 0.3000203835367775, ""vwap_dev_entry"": 0.8760403180765313, ""pull_idx"": 0, ""don_idx"": 0, ""trail_trigger"": 2.073097011822206, ""trail_lock"": 1.7518039067621651}"
8,366.6324805568587,False,三策略组合,双向,15.0,0.6,1.8477533657125604,31.0,0.45161290322580644,1.7455929499443068,18.34021991641621,2.249316755568385,8.0,0.5,3.3093829827379198,7.0,0.7142857142857143,7.113951301461778,"{""family_mask"": 7, ""direction"": 0, ""rr"": 2.2, ""sl_atr"": 1.3044702475786627, ""min_stop_pct"": 0.008042725144668313, ""max_hold"": 432, ""cooldown"": 3, ""session_start"": 0, ""session_end"": 24, ""weekday_mask"": 62, ""adx_trend_min"": 16.713031965530316, ""adx_range_max"": 12.342765056402495, ""rsi_long_min"": 42.41075973608322, ""rsi_long_max"": 65.62424494835189, ""volz_break"": 0.6406191187637313, ""body_min"": 0.5997453174545667, ""close_loc_min"": 0.6302278153468731, ""eff_min"": 0.23461972996774358, ""atr_rank_min"": 0.5776426465069274, ""squeeze_rank_max"": 0.5167441811645345, ""vwap_dev_entry"": 1.0427908411788158, ""pull_idx"": 3, ""don_idx"": 0, ""trail_trigger"": 1.93374593988309, ""trail_lock"": 1.8605311609445632}"
9,366.08747840540997,False,趋势回踩,双向,15.0,0.6,1.6011340753740324,21.0,0.2857142857142857,1.6542504669441769,4.237599528121767,2.4656046128416484,7.0,0.5714285714285714,3.996227227573282,8.0,0.625,6.371619809438499,"{""family_mask"": 1, ""direction"": 0, ""rr"": 2.6, ""sl_atr"": 1.6770615985394712, ""min_stop_pct"": 0.004316512954674717, ""max_hold"": 432, ""cooldown"": 27, ""session_start"": 0, ""session_end"": 24, ""weekday_mask"": 62, ""adx_trend_min"": 32.18060433400913, ""adx_range_max"": 20.15724102313991, ""rsi_long_min"": 47.3122749287315, ""rsi_long_max"": 73.47258558195169, ""volz_break"": 0.791518666239925, ""body_min"": 0.270465149973516, ""close_loc_min"": 0.6411077319705131, ""eff_min"": 0.2137021402894927, ""atr_rank_min"": 0.4188969516667831, ""squeeze_rank_max"": 0.35067990721825015, ""vwap_dev_entry"": 1.0965824714414478, ""pull_idx"": 5, ""don_idx"": 0, ""trail_trigger"": 2.0653676941288133, ""trail_lock"": 2.0085837065441954}"
10,362.57347661714965,False,趋势回踩,双向,17.0,0.6470588235294118,1.3476220119829856,23.0,0.34782608695652173,1.4186498522819586,7.0075856102472205,1.311298546407718,10.0,0.6,5.209177512460995,7.0,0.7142857142857143,6.152409434576378,"{""family_mask"": 1, ""direction"": 0, ""rr"": 2.2, ""sl_atr"": 2.4034925658556503, ""min_stop_pct"": 0.0032263043154945542, ""max_hold"": 216, ""cooldown"": 24, ""session_start"": 0, ""session_end"": 24, ""weekday_mask"": 62, ""adx_trend_min"": 21.10718516127566, ""adx_range_max"": 22.321811948272952, ""rsi_long_min"": 39.29338857716345, ""rsi_long_max"": 68.06947642542721, ""volz_break"": 1.4032135925112459, ""body_min"": 0.400781776124138, ""close_loc_min"": 0.6608141047755753, ""eff_min"": 0.4403957939450726, ""atr_rank_min"": 0.561342756430938, ""squeeze_rank_max"": 0.3919991833771891, ""vwap_dev_entry"": 0.5968926945209735, ""pull_idx"": 4, ""don_idx"": 0, ""trail_trigger"": 1.9394565565452875, ""trail_lock"": 1.8197747876984338}"
11,351.6517780006712,False,趋势回踩,双向,15.0,0.6,1.53282079781972,13.0,0.15384615384615385,1.597094156831223,0.3422475343640037,2.54641628769284,7.0,0.5714285714285714,3.8514139392392908,8.0,0.625,6.142122449521431,"{""family_mask"": 1, ""direction"": 0, ""rr"": 2.6, ""sl_atr"": 2.166573715395074, ""min_stop_pct"": 0.0034415655945617602, ""max_hold"": 216, ""cooldown"": 12, ""session_start"": 0, ""session_end"": 24, ""weekday_mask"": 124, ""adx_trend_min"": 27.61924806195914, ""adx_range_max"": 19.419487574974667, ""rsi_long_min"": 52.32088579392935, ""rsi_long_max"": 67.73807268095987, ""volz_break"": 1.2997521551248261, ""body_min"": 0.5281024404352828, ""close_loc_min"": 0.6388822357662604, ""eff_min"": 0.24826181201811923, ""atr_rank_min"": 0.7298027649034461, ""squeeze_rank_max"": 0.3714548982139421, ""vwap_dev_entry"": 0.7499105932325807, ""pull_idx"": 3, ""don_idx"": 1, ""trail_trigger"": 2.329718408813018, ""trail_lock"": 1.8077022669687668}"
12,344.3495924430641,False,趋势回踩+压缩突破,双向,15.0,0.6,1.7303588142372608,24.0,0.2916666666666667,1.5827942026871733,3.1190167888744322,2.4534183693765885,8.0,0.5,2.6387535795559423,7.0,0.7142857142857143,7.661888598047238,"{""family_mask"": 3, ""direction"": 0, ""rr"": 2.8, ""sl_atr"": 1.1921652034672279, ""min_stop_pct"": 0.00443183127776069, ""max_hold"": 432, ""cooldown"": 8, ""session_start"": 0, ""session_end"": 24, ""weekday_mask"": 62, ""adx_trend_min"": 31.312990802879856, ""adx_range_max"": 16.19314776926818, ""rsi_long_min"": 42.21417416983796, ""rsi_long_max"": 72.40858016935357, ""volz_break"": 1.724436236998877, ""body_min"": 0.27753894376316934, ""close_loc_min"": 0.6225582424768018, ""eff_min"": 0.2904994765529649, ""atr_rank_min"": 0.40946473443615405, ""squeeze_rank_max"": 0.4061700963818294, ""vwap_dev_entry"": 1.9773800094815468, ""pull_idx"": 2, ""don_idx"": 1, ""trail_trigger"": 1.9370827919371336, ""trail_lock"": 1.8842431394932657}"
13,343.2749983407692,False,趋势回踩+压缩突破,双向,15.0,0.6,1.5122634169870763,17.0,0.29411764705882354,1.7814839016582174,5.412705221535136,2.372625330614463,7.0,0.5714285714285714,3.050178399098885,8.0,0.625,5.97663662837412,"{""family_mask"": 3, ""direction"": 0, ""rr"": 2.6, ""sl_atr"": 1.850751881922884, ""min_stop_pct"": 0.00539648851927415, ""max_hold"": 288, ""cooldown"": 33, ""session_start"": 0, ""session_end"": 24, ""weekday_mask"": 62, ""adx_trend_min"": 31.375428738472827, ""adx_range_max"": 22.76464247096184, ""rsi_long_min"": 45.16228847773108, ""rsi_long_max"": 67.38670805137042, ""volz_break"": -0.2695577535285006, ""body_min"": 0.39836011487974754, ""close_loc_min"": 0.7030511146323355, ""eff_min"": 0.18610227037668117, ""atr_rank_min"": 0.33811439161708584, ""squeeze_rank_max"": 0.48864147443118, ""vwap_dev_entry"": 1.0473277081013632, ""pull_idx"": 5, ""don_idx"": 1, ""trail_trigger"": 1.9181442331186325, ""trail_lock"": 1.7527581588187724}"
14,309.977382925143,False,三策略组合,双向,15.0,0.6,1.8409255375964166,20.0,0.2,1.590110141887998,0.5946980769614127,2.668142882281046,7.0,0.42857142857142855,2.4312142125618257,8.0,0.75,9.867977399087893,"{""family_mask"": 7, ""direction"": 0, ""rr"": 2.8, ""sl_atr"": 2.064637172580341, ""min_stop_pct"": 0.004027225182800987, ""max_hold"": 144, ""cooldown"": 9, ""session_start"": 0, ""session_end"": 24, ""weekday_mask"": 62, ""adx_trend_min"": 30.79984708032646, ""adx_range_max"": 13.055422191161087, ""rsi_long_min"": 46.65302305276472, ""rsi_long_max"": 71.06164684093184, ""volz_break"": 0.9667243632492482, ""body_min"": 0.6048490481271429, ""close_loc_min"": 0.6810781881202491, ""eff_min"": 0.19418090730970147, ""atr_rank_min"": 0.45759226313612833, ""squeeze_rank_max"": 0.4633491890804711, ""vwap_dev_entry"": 1.9813957672427824, ""pull_idx"": 5, ""don_idx"": 0, ""trail_trigger"": 2.1493224132621727, ""trail_lock"": 2.063445454613042}"
15,302.31303486874316,False,趋势回踩,双向,15.0,0.6,1.7933427293950588,23.0,0.34782608695652173,1.4558398774696923,8.80559957457052,3.7358717515868376,7.0,0.42857142857142855,1.986952879198925,8.0,0.75,10.77239654915375,"{""family_mask"": 1, ""direction"": 0, ""rr"": 2.6, ""sl_atr"": 2.5858541548026768, ""min_stop_pct"": 0.003447335037965003, ""max_hold"": 288, ""cooldown"": 13, ""session_start"": 0, ""session_end"": 24, ""weekday_mask"": 62, ""adx_trend_min"": 31.024997933828455, ""adx_range_max"": 23.352670943641336, ""rsi_long_min"": 49.09461044245691, ""rsi_long_max"": 73.39803533842273, ""volz_break"": 0.5315583216330972, ""body_min"": 0.27854047238636176, ""close_loc_min"": 0.6011444214070274, ""eff_min"": 0.20103493313722345, ""atr_rank_min"": 0.3319791103818365, ""squeeze_rank_max"": 0.26550866023127406, ""vwap_dev_entry"": 0.8716234503598468, ""pull_idx"": 5, ""don_idx"": 0, ""trail_trigger"": 2.2120154934682517, ""trail_lock"": 1.766754267761372}"
16,295.5013365958745,False,趋势回踩+震荡反转,双向,17.0,0.5882352941176471,1.6219387565044965,21.0,0.38095238095238093,1.6618614287233069,11.06440843601108,3.4895757824058555,8.0,0.5,2.991496944747841,9.0,0.6666666666666666,7.732943916277849,"{""family_mask"": 5, ""direction"": 0, ""rr"": 2.2, ""sl_atr"": 1.9890576306907204, ""min_stop_pct"": 0.006149364698907011, ""max_hold"": 576, ""cooldown"": 4, ""session_start"": 0, ""session_end"": 24, ""weekday_mask"": 127, ""adx_trend_min"": 30.314901940887832, ""adx_range_max"": 23.5220404546193, ""rsi_long_min"": 53.72816606848312, ""rsi_long_max"": 67.45961401858781, ""volz_break"": -0.25970899298248884, ""body_min"": 0.3248811109289196, ""close_loc_min"": 0.6468026399193175, ""eff_min"": 0.5803065025842777, ""atr_rank_min"": 0.33812532136030493, ""squeeze_rank_max"": 0.2377182181539262, ""vwap_dev_entry"": 1.9700292391946803, ""pull_idx"": 8, ""don_idx"": 0, ""trail_trigger"": 2.032018704947925, ""trail_lock"": 1.9489398720432287}"
17,290.2285911667887,False,趋势回踩+压缩突破,双向,19.0,0.5789473684210527,1.6480807254873477,21.0,0.2857142857142857,1.2213837443532598,3.454574003633968,3.805650737414341,7.0,0.7142857142857143,8.706388569344767,12.0,0.5,3.960862627084554,"{""family_mask"": 3, ""direction"": 0, ""rr"": 3.0, ""sl_atr"": 2.3423053881237683, ""min_stop_pct"": 0.0037356304626991713, ""max_hold"": 144, ""cooldown"": 4, ""session_start"": 6, ""session_end"": 16, ""weekday_mask"": 124, ""adx_trend_min"": 16.784827453843498, ""adx_range_max"": 20.163983208631727, ""rsi_long_min"": 53.7329048332293, ""rsi_long_max"": 71.476443913005, ""volz_break"": 1.6328398946754008, ""body_min"": 0.5367160941617172, ""close_loc_min"": 0.634718077282286, ""eff_min"": 0.23850231906402847, ""atr_rank_min"": 0.22967440560625518, ""squeeze_rank_max"": 0.2022611412050998, ""vwap_dev_entry"": 1.3694041579657448, ""pull_idx"": 7, ""don_idx"": 0, ""trail_trigger"": 2.1594294315514353, ""trail_lock"": 1.7598907787553522}"
18,268.6163608471233,False,趋势回踩+压缩突破,只做空,16.0,0.625,1.393128711388344,27.0,0.3333333333333333,1.6261366540369708,6.1841409749452945,3.8677533087463,8.0,0.75,6.521734120327573,8.0,0.5,3.804393314366032,"{""family_mask"": 3, ""direction"": 2, ""rr"": 2.8, ""sl_atr"": 1.5515344697485032, ""min_stop_pct"": 0.0031912953651268765, ""max_hold"": 432, ""cooldown"": 3, ""session_start"": 0, ""session_end"": 24, ""weekday_mask"": 62, ""adx_trend_min"": 19.069351946453224, ""adx_range_max"": 13.568489618636285, ""rsi_long_min"": 39.54896196365873, ""rsi_long_max"": 64.72790158733166, ""volz_break"": 0.03881582772156705, ""body_min"": 0.31422474774461556, ""close_loc_min"": 0.6057832329676064, ""eff_min"": 0.37697445115746087, ""atr_rank_min"": 0.47409336156118864, ""squeeze_rank_max"": 0.3447912445725571, ""vwap_dev_entry"": 0.7264653237957754, ""pull_idx"": 6, ""don_idx"": 1, ""trail_trigger"": 2.1332656489848483, ""trail_lock"": 1.838388277959045}"
19,256.7043840994016,False,趋势回踩,双向,15.0,0.6,1.472390664341179,18.0,0.2777777777777778,1.6002279614641737,2.845856217170878,2.4293189078687956,8.0,0.5,2.6381288472184052,7.0,0.7142857142857143,6.169765820214419,"{""family_mask"": 1, ""direction"": 0, ""rr"": 2.2, ""sl_atr"": 1.5546358710649262, ""min_stop_pct"": 0.004682193088582429, ""max_hold"": 432, ""cooldown"": 7, ""session_start"": 0, ""session_end"": 24, ""weekday_mask"": 62, ""adx_trend_min"": 32.19787651855508, ""adx_range_max"": 19.25158631361986, ""rsi_long_min"": 40.5402310150506, ""rsi_long_max"": 75.79350908363676, ""volz_break"": 0.9912688179095024, ""body_min"": 0.3878860880328776, ""close_loc_min"": 0.7526070569397187, ""eff_min"": 0.2567887853519622, ""atr_rank_min"": 0.33201238532007704, ""squeeze_rank_max"": 0.5175371356328166, ""vwap_dev_entry"": 0.7445931660892953, ""pull_idx"": 5, ""don_idx"": 0, ""trail_trigger"": 2.0156980104412496, ""trail_lock"": 1.754969447186243}"
20,244.51070417117256,False,三策略组合,双向,15.0,0.6,1.555169659370637,9.0,0.4444444444444444,1.441154837855706,10.766381355531722,3.6648107488129504,7.0,0.42857142857142855,0.46724027458671435,8.0,0.75,9.407905429477509,"{""family_mask"": 7, ""direction"": 0, ""rr"": 2.4, ""sl_atr"": 2.5725200129577432, ""min_stop_pct"": 0.003840377549003742, ""max_hold"": 432, ""cooldown"": 17, ""session_start"": 0, ""session_end"": 24, ""weekday_mask"": 62, ""adx_trend_min"": 33.93310378594414, ""adx_range_max"": 18.51096893277444, ""rsi_long_min"": 38.10151681058684, ""rsi_long_max"": 66.18293627916323, ""volz_break"": 1.4044818424281704, ""body_min"": 0.33007368284658, ""close_loc_min"": 0.5818084253878577, ""eff_min"": 0.1877812669247676, ""atr_rank_min"": 0.3905260481067214, ""squeeze_rank_max"": 0.4122071211068582, ""vwap_dev_entry"": 2.334181950942811, ""pull_idx"": 8, ""don_idx"": 1, ""trail_trigger"": 1.9641192116841517, ""trail_lock"": 1.8625382755597537}"
21,243.37448224229357,False,趋势回踩+压缩突破,双向,16.0,0.625,1.3438190209246688,22.0,0.4090909090909091,1.5166653552918221,10.466717131317058,2.572098234935983,9.0,0.6666666666666666,6.449603943116065,7.0,0.5714285714285714,3.2088479383109227,"{""family_mask"": 3, ""direction"": 0, ""rr"": 2.6, ""sl_atr"": 1.8006204411398108, ""min_stop_pct"": 0.003292985731790695, ""max_hold"": 288, ""cooldown"": 13, ""session_start"": 0, ""session_end"": 24, ""weekday_mask"": 62, ""adx_trend_min"": 24.47682080166404, ""adx_range_max"": 21.924498024048773, ""rsi_long_min"": 38.91216873617092, ""rsi_long_max"": 71.5764504658308, ""volz_break"": 0.9997673311234627, ""body_min"": 0.47096913688910125, ""close_loc_min"": 0.6658876601046786, ""eff_min"": 0.2721741688169295, ""atr_rank_min"": 0.28909896764365084, ""squeeze_rank_max"": 0.2576875004495348, ""vwap_dev_entry"": 1.2828611934948122, ""pull_idx"": 3, ""don_idx"": 0, ""trail_trigger"": 1.9640721184562904, ""trail_lock"": 1.9103736683695904}"
22,241.21373961469175,False,趋势回踩+压缩突破,双向,15.0,0.6,1.5474555401725771,22.0,0.3181818181818182,1.3609236391595814,2.8802750335006557,3.3173357852941434,7.0,0.42857142857142855,0.7584607600979931,8.0,0.75,8.655463392154745,"{""family_mask"": 3, ""direction"": 0, ""rr"": 2.2, ""sl_atr"": 2.054343717019158, ""min_stop_pct"": 0.0037200290819702554, ""max_hold"": 144, ""cooldown"": 14, ""session_start"": 0, ""session_end"": 24, ""weekday_mask"": 62, ""adx_trend_min"": 33.75960554822831, ""adx_range_max"": 22.30467689861706, ""rsi_long_min"": 38.47426197105263, ""rsi_long_max"": 71.81487446907732, ""volz_break"": 0.09512821669364624, ""body_min"": 0.3069796354743622, ""close_loc_min"": 0.6033484836987962, ""eff_min"": 0.28870930170736, ""atr_rank_min"": 0.5093066873301623, ""squeeze_rank_max"": 0.2783745308220705, ""vwap_dev_entry"": 0.8579133527491494, ""pull_idx"": 8, ""don_idx"": 0, ""trail_trigger"": 2.0772260434241097, ""trail_lock"": 1.7540955514106413}"
23,239.12663870257668,False,趋势回踩+压缩突破,双向,20.0,0.6,1.38339513206256,20.0,0.55,1.3759238446736226,18.25654649731817,2.5175326218101874,10.0,0.6,4.560909766775271,10.0,0.6,6.359871787676676,"{""family_mask"": 3, ""direction"": 0, ""rr"": 2.6, ""sl_atr"": 2.0269108548765824, ""min_stop_pct"": 0.003282896178206882, ""max_hold"": 144, ""cooldown"": 19, ""session_start"": 0, ""session_end"": 24, ""weekday_mask"": 62, ""adx_trend_min"": 18.998990280808663, ""adx_range_max"": 17.108817497184774, ""rsi_long_min"": 47.22147090584755, ""rsi_long_max"": 69.118493486451, ""volz_break"": 1.1303919257672475, ""body_min"": 0.26359307812625316, ""close_loc_min"": 0.8400613313259849, ""eff_min"": 0.44071933014591225, ""atr_rank_min"": 0.7291811252515256, ""squeeze_rank_max"": 0.3320059036864415, ""vwap_dev_entry"": 0.8632481407361574, ""pull_idx"": 4, ""don_idx"": 0, ""trail_trigger"": 1.9002417519976589, ""trail_lock"": 1.7866479769997201}"
24,231.1722330303228,False,趋势回踩+压缩突破,双向,17.0,0.5882352941176471,1.4417638267549846,27.0,0.25925925925925924,1.621993100812728,-1.3111662483393767,2.446184996208876,8.0,0.625,5.440094179989927,9.0,0.5555555555555556,3.631091229024275,"{""family_mask"": 3, ""direction"": 0, ""rr"": 2.4, ""sl_atr"": 1.6604687557095301, ""min_stop_pct"": 0.004504791548492562, ""max_hold"": 288, ""cooldown"": 10, ""session_start"": 0, ""session_end"": 24, ""weekday_mask"": 62, ""adx_trend_min"": 30.377924394878857, ""adx_range_max"": 22.70402656178477, ""rsi_long_min"": 43.68118500501629, ""rsi_long_max"": 70.48891346676099, ""volz_break"": 0.7085554225064983, ""body_min"": 0.30825773715598404, ""close_loc_min"": 0.5920543985407549, ""eff_min"": 0.23392748885795542, ""atr_rank_min"": 0.22182552692152252, ""squeeze_rank_max"": 0.3477028508720578, ""vwap_dev_entry"": 1.400428179868362, ""pull_idx"": 2, ""don_idx"": 0, ""trail_trigger"": 2.0996162274064014, ""trail_lock"": 1.8076069409823372}"
25,199.3366889425388,False,趋势回踩+压缩突破,双向,17.0,0.5882352941176471,1.5772375660222846,21.0,0.2857142857142857,1.5712177916450736,4.215740923741981,3.786820712479289,10.0,0.4,0.07081221348920241,7.0,0.8571428571428571,11.101280757446624,"{""family_mask"": 3, ""direction"": 0, ""rr"": 2.6, ""sl_atr"": 1.5859446518837235, ""min_stop_pct"": 0.003665727552524056, ""max_hold"": 432, ""cooldown"": 6, ""session_start"": 0, ""session_end"": 24, ""weekday_mask"": 62, ""adx_trend_min"": 29.319867699598863, ""adx_range_max"": 21.564951558088822, ""rsi_long_min"": 48.645441612050824, ""rsi_long_max"": 69.65186571941526, ""volz_break"": 1.7342054694740427, ""body_min"": 0.28560946129319625, ""close_loc_min"": 0.5989180197844811, ""eff_min"": 0.1942886739687664, ""atr_rank_min"": 0.4880836845576857, ""squeeze_rank_max"": 0.39831807603160596, ""vwap_dev_entry"": 1.171080420069441, ""pull_idx"": 1, ""don_idx"": 0, ""trail_trigger"": 2.1747593744751614, ""trail_lock"": 1.8041965076621795}"
26,177.69899401171722,False,趋势回踩+震荡反转,双向,18.0,0.5555555555555556,1.6701254199613809,24.0,0.25,1.6956393974169388,1.6668024863197985,2.4821398900939284,8.0,0.5,4.298472059138233,10.0,0.6,6.466848639836379,"{""family_mask"": 5, ""direction"": 0, ""rr"": 2.8, ""sl_atr"": 2.413845331917602, ""min_stop_pct"": 0.004167296871169597, ""max_hold"": 432, ""cooldown"": 23, ""session_start"": 0, ""session_end"": 24, ""weekday_mask"": 62, ""adx_trend_min"": 30.83995472867881, ""adx_range_max"": 13.12480474871105, ""rsi_long_min"": 52.48729119659298, ""rsi_long_max"": 70.4539275773216, ""volz_break"": 1.085977137142247, ""body_min"": 0.4021785847435675, ""close_loc_min"": 0.5837739322605189, ""eff_min"": 0.24932586941651907, ""atr_rank_min"": 0.6698735812128569, ""squeeze_rank_max"": 0.302719510966656, ""vwap_dev_entry"": 2.285568768089413, ""pull_idx"": 8, ""don_idx"": 0, ""trail_trigger"": 2.0455523558673465, ""trail_lock"": 1.8001045781379648}"
27,176.2183858627056,False,趋势回踩+震荡反转,双向,17.0,0.5882352941176471,1.4335379156891535,15.0,0.4666666666666667,1.457164929367275,12.126190355733309,2.556597286714254,8.0,0.5,2.274546626332885,9.0,0.6666666666666666,7.102719753048578,"{""family_mask"": 5, ""direction"": 0, ""rr"": 2.2, ""sl_atr"": 1.6095000100188834, ""min_stop_pct"": 0.0036025423980615787, ""max_hold"": 432, ""cooldown"": 10, ""session_start"": 0, ""session_end"": 24, ""weekday_mask"": 62, ""adx_trend_min"": 29.349031692628497, ""adx_range_max"": 20.885024493448956, ""rsi_long_min"": 52.489675192008406, ""rsi_long_max"": 64.10053831339872, ""volz_break"": 0.5207050756451481, ""body_min"": 0.4885540382854152, ""close_loc_min"": 0.6233548510565269, ""eff_min"": 0.20159619387147087, ""atr_rank_min"": 0.7364982851681804, ""squeeze_rank_max"": 0.4307166843305505, ""vwap_dev_entry"": 0.5566044107249417, ""pull_idx"": 4, ""don_idx"": 0, ""trail_trigger"": 1.9722038994702025, ""trail_lock"": 1.900878854974531}"
28,176.09327202869866,False,趋势回踩+压缩突破,双向,16.0,0.5625,1.6686806935308578,18.0,0.3333333333333333,1.5185146590459064,5.106952457645621,2.531296421370527,8.0,0.5,2.747047628812478,8.0,0.625,5.925293644476165,"{""family_mask"": 3, ""direction"": 0, ""rr"": 2.2, ""sl_atr"": 1.168007302689284, ""min_stop_pct"": 0.0038568438156524783, ""max_hold"": 216, ""cooldown"": 8, ""session_start"": 0, ""session_end"": 24, ""weekday_mask"": 62, ""adx_trend_min"": 34.40801331255598, ""adx_range_max"": 12.518944743306317, ""rsi_long_min"": 52.65422801245181, ""rsi_long_max"": 75.6640207218039, ""volz_break"": 0.36919573504320286, ""body_min"": 0.28988320095298714, ""close_loc_min"": 0.7300085141665067, ""eff_min"": 0.24474047747884667, ""atr_rank_min"": 0.6268412112925997, ""squeeze_rank_max"": 0.13419680865498207, ""vwap_dev_entry"": 2.26082077447793, ""pull_idx"": 8, ""don_idx"": 1, ""trail_trigger"": 2.042688287585545, ""trail_lock"": 1.7925538582423546}"
29,175.45027191006702,False,趋势回踩+压缩突破,只做空,20.0,0.55,1.518289186140882,42.0,0.2857142857142857,1.5117562109521194,-4.941720351022606,3.7394323221442685,7.0,0.5714285714285714,3.918284049364684,13.0,0.5384615384615384,5.680830845795891,"{""family_mask"": 3, ""direction"": 2, ""rr"": 2.4, ""sl_atr"": 1.3387171306342127, ""min_stop_pct"": 0.004076546025161771, ""max_hold"": 288, ""cooldown"": 5, ""session_start"": 0, ""session_end"": 24, ""weekday_mask"": 124, ""adx_trend_min"": 19.073424470515604, ""adx_range_max"": 24.90975631119867, ""rsi_long_min"": 38.857974047447925, ""rsi_long_max"": 74.743854488663, ""volz_break"": 1.5536942239946454, ""body_min"": 0.2885541206233708, ""close_loc_min"": 0.6390178365360567, ""eff_min"": 0.31799369298395375, ""atr_rank_min"": 0.40505357025484423, ""squeeze_rank_max"": 0.47095499079001096, ""vwap_dev_entry"": 1.3974166152650616, ""pull_idx"": 7, ""don_idx"": 0, ""trail_trigger"": 2.0093299460509098, ""trail_lock"": 1.9184582865914932}"
30,174.9530105576926,False,趋势回踩+震荡反转,双向,16.0,0.5625,1.4903242023032952,18.0,0.05555555555555555,1.3213441740801282,-11.013381770696393,2.495936086842981,7.0,0.5714285714285714,3.81973804299247,9.0,0.5555555555555556,4.1807330959821485,"{""family_mask"": 5, ""direction"": 0, ""rr"": 3.0, ""sl_atr"": 1.8093494501635998, ""min_stop_pct"": 0.004051134705842283, ""max_hold"": 576, ""cooldown"": 36, ""session_start"": 0, ""session_end"": 24, ""weekday_mask"": 124, ""adx_trend_min"": 29.18628300810805, ""adx_range_max"": 20.717158966098932, ""rsi_long_min"": 40.85125754775528, ""rsi_long_max"": 74.49624628247254, ""volz_break"": 0.22533312509360254, ""body_min"": 0.5493480201639335, ""close_loc_min"": 0.603060902813761, ""eff_min"": 0.27640079512832727, ""atr_rank_min"": 0.3114847491463175, ""squeeze_rank_max"": 0.18428467117926695, ""vwap_dev_entry"": 2.1015284201214435, ""pull_idx"": 2, ""don_idx"": 1, ""trail_trigger"": 1.9371976602648018, ""trail_lock"": 1.8509676059650912}"
31,172.5680754334674,False,趋势回踩+震荡反转,只做空,22.0,0.5454545454545454,1.5032827645863454,37.0,0.40540540540540543,1.6494806489122096,14.162854347905098,5.280915976536873,7.0,0.5714285714285714,3.0485736347224415,15.0,0.5333333333333333,7.564988730024156,"{""family_mask"": 5, ""direction"": 2, ""rr"": 3.0, ""sl_atr"": 1.0470188016613695, ""min_stop_pct"": 0.003136223244642147, ""max_hold"": 216, ""cooldown"": 22, ""session_start"": 0, ""session_end"": 24, ""weekday_mask"": 62, ""adx_trend_min"": 17.248011054690874, ""adx_range_max"": 21.596984211402024, ""rsi_long_min"": 38.864576306291085, ""rsi_long_max"": 75.55439546917216, ""volz_break"": 0.7146542423833528, ""body_min"": 0.36987354490786123, ""close_loc_min"": 0.652352861833298, ""eff_min"": 0.45805690625728246, ""atr_rank_min"": 0.190290726087883, ""squeeze_rank_max"": 0.4487820676506486, ""vwap_dev_entry"": 1.161795635642188, ""pull_idx"": 7, ""don_idx"": 1, ""trail_trigger"": 2.1756812184169187, ""trail_lock"": 2.0708766806186034}"
32,172.5173888937514,False,趋势回踩+震荡反转,双向,15.0,0.6,1.381884007117347,22.0,0.2727272727272727,1.4748996050725174,-0.8106117190865603,2.4890866924249533,7.0,0.5714285714285714,2.3851062721230507,8.0,0.625,5.624824344862757,"{""family_mask"": 5, ""direction"": 0, ""rr"": 2.2, ""sl_atr"": 0.9593132250037835, ""min_stop_pct"": 0.004108226286698062, ""max_hold"": 144, ""cooldown"": 13, ""session_start"": 5, ""session_end"": 16, ""weekday_mask"": 62, ""adx_trend_min"": 22.700789947172428, ""adx_range_max"": 22.955057535087327, ""rsi_long_min"": 53.63262138009635, ""rsi_long_max"": 72.21298429661542, ""volz_break"": 0.9422236795143857, ""body_min"": 0.43526962779069583, ""close_loc_min"": 0.622513223109037, ""eff_min"": 0.22156111881806154, ""atr_rank_min"": 0.30777514893427677, ""squeeze_rank_max"": 0.35621093568792345, ""vwap_dev_entry"": 1.9992513016888593, ""pull_idx"": 4, ""don_idx"": 0, ""trail_trigger"": 2.0212074768921657, ""trail_lock"": 1.7734357233949314}"
33,171.2565886497697,False,趋势回踩+震荡反转,双向,20.0,0.55,1.6339591433339513,19.0,0.10526315789473684,1.6987654229714881,-5.6494392708281325,2.5412841096384913,8.0,0.625,7.438068323782497,12.0,0.5,3.960791639500305,"{""family_mask"": 5, ""direction"": 0, ""rr"": 3.0, ""sl_atr"": 1.0705333313393204, ""min_stop_pct"": 0.003711883792907223, ""max_hold"": 288, ""cooldown"": 3, ""session_start"": 0, ""session_end"": 24, ""weekday_mask"": 124, ""adx_trend_min"": 28.702173298430743, ""adx_range_max"": 13.17897277695787, ""rsi_long_min"": 38.46474647492821, ""rsi_long_max"": 74.94560794360765, ""volz_break"": 1.0202645953794245, ""body_min"": 0.5838774479858959, ""close_loc_min"": 0.6856346010778588, ""eff_min"": 0.23568107933345994, ""atr_rank_min"": 0.7177328943229184, ""squeeze_rank_max"": 0.14209634349398562, ""vwap_dev_entry"": 1.8258261502384967, ""pull_idx"": 7, ""don_idx"": 1, ""trail_trigger"": 2.2070788165736945, ""trail_lock"": 1.7993498362686866}"
34,164.60523099409858,False,趋势回踩+震荡反转,双向,17.0,0.5882352941176471,1.4708372703538446,20.0,0.3,1.5468519366717535,4.238130496809949,3.8118673570255037,7.0,0.42857142857142855,0.6867101262771869,10.0,0.7,9.231711065945646,"{""family_mask"": 5, ""direction"": 0, ""rr"": 2.2, ""sl_atr"": 2.3199474684639525, ""min_stop_pct"": 0.0031740300121689694, ""max_hold"": 144, ""cooldown"": 22, ""session_start"": 0, ""session_end"": 24, ""weekday_mask"": 62, ""adx_trend_min"": 32.43902486355548, ""adx_range_max"": 17.062646065060495, ""rsi_long_min"": 44.15163136701843, ""rsi_long_max"": 74.76483778210246, ""volz_break"": -0.1499194792510223, ""body_min"": 0.5302709121228263, ""close_loc_min"": 0.631058649824747, ""eff_min"": 0.28999469647417025, ""atr_rank_min"": 0.5505641364196028, ""squeeze_rank_max"": 0.3962335907219288, ""vwap_dev_entry"": 2.0048899477898, ""pull_idx"": 8, ""don_idx"": 1, ""trail_trigger"": 1.993024306074822, ""trail_lock"": 1.8611147093596052}"
35,157.69744873700682,False,趋势回踩,双向,16.0,0.5625,1.5592962927567544,20.0,0.35,1.6622403431866437,7.483490074317533,3.925424835595,8.0,0.5,2.4973953270031313,8.0,0.625,6.658826134454616,"{""family_mask"": 1, ""direction"": 0, ""rr"": 2.4, ""sl_atr"": 1.882440109987686, ""min_stop_pct"": 0.0032516349525587057, ""max_hold"": 576, ""cooldown"": 15, ""session_start"": 0, ""session_end"": 24, ""weekday_mask"": 62, ""adx_trend_min"": 32.924816505067085, ""adx_range_max"": 23.874077532879546, ""rsi_long_min"": 45.885735922042976, ""rsi_long_max"": 75.10489332198577, ""volz_break"": 0.45408269747094104, ""body_min"": 0.3093647486007459, ""close_loc_min"": 0.8006092420443425, ""eff_min"": 0.2660490706737484, ""atr_rank_min"": 0.5607541815971916, ""squeeze_rank_max"": 0.5282166666089425, ""vwap_dev_entry"": 1.5546414125166477, ""pull_idx"": 8, ""don_idx"": 0, ""trail_trigger"": 2.154594988209473, ""trail_lock"": 2.0781375324061884}"
36,152.24000458185424,False,三策略组合,双向,24.0,0.5833333333333334,1.3699290893613811,36.0,0.4166666666666667,1.4332530539180424,12.546175734809102,5.167951258828702,11.0,0.6363636363636364,6.859204569968327,13.0,0.5384615384615384,5.079584879575498,"{""family_mask"": 7, ""direction"": 0, ""rr"": 2.2, ""sl_atr"": 1.8713673969448128, ""min_stop_pct"": 0.003198390601492013, ""max_hold"": 216, ""cooldown"": 5, ""session_start"": 0, ""session_end"": 24, ""weekday_mask"": 62, ""adx_trend_min"": 22.641094084339194, ""adx_range_max"": 22.51572191049089, ""rsi_long_min"": 47.90660873935531, ""rsi_long_max"": 75.58700440204535, ""volz_break"": 0.09622454220584009, ""body_min"": 0.3154249756856244, ""close_loc_min"": 0.6292358662595172, ""eff_min"": 0.694300319311463, ""atr_rank_min"": 0.20902013955050544, ""squeeze_rank_max"": 0.22425062680042523, ""vwap_dev_entry"": 2.032759458919463, ""pull_idx"": 8, ""don_idx"": 0, ""trail_trigger"": 1.9776177643046493, ""trail_lock"": 1.8122039322614087}"
37,150.9203856325995,False,趋势回踩+压缩突破,双向,18.0,0.5555555555555556,1.5794301095149539,19.0,0.42105263157894735,1.3884385539697084,8.986010589305094,3.7134248525455615,10.0,0.5,3.605444038375553,8.0,0.625,5.251325413777245,"{""family_mask"": 3, ""direction"": 0, ""rr"": 2.2, ""sl_atr"": 2.1958987761487534, ""min_stop_pct"": 0.004056408446955531, ""max_hold"": 144, ""cooldown"": 4, ""session_start"": 6, ""session_end"": 17, ""weekday_mask"": 62, ""adx_trend_min"": 22.68493373950419, ""adx_range_max"": 20.55791940304634, ""rsi_long_min"": 39.46866229901242, ""rsi_long_max"": 68.89913613652762, ""volz_break"": 0.9743173879394258, ""body_min"": 0.6003143618456891, ""close_loc_min"": 0.6001304371360037, ""eff_min"": 0.27670997112791823, ""atr_rank_min"": 0.30624206545863064, ""squeeze_rank_max"": 0.5177131829285042, ""vwap_dev_entry"": 1.4733820579742143, ""pull_idx"": 7, ""don_idx"": 0, ""trail_trigger"": 2.021569787680905, ""trail_lock"": 1.750041084526763}"
38,139.33900051300657,False,趋势回踩+压缩突破,双向,18.0,0.5555555555555556,1.524414334430517,20.0,0.35,1.5695720091036156,6.06471966005192,3.475848761476394,10.0,0.6,5.647791758361722,8.0,0.5,2.7474805922000765,"{""family_mask"": 3, ""direction"": 0, ""rr"": 2.2, ""sl_atr"": 0.9747000958973071, ""min_stop_pct"": 0.006314139579560224, ""max_hold"": 576, ""cooldown"": 6, ""session_start"": 0, ""session_end"": 24, ""weekday_mask"": 62, ""adx_trend_min"": 25.644514307152033, ""adx_range_max"": 21.793063653437937, ""rsi_long_min"": 39.25473608956866, ""rsi_long_max"": 63.34271624782011, ""volz_break"": 0.04973516494515595, ""body_min"": 0.5265516441884767, ""close_loc_min"": 0.6636179510532242, ""eff_min"": 0.29236082726630663, ""atr_rank_min"": 0.29709555930288345, ""squeeze_rank_max"": 0.42808986506646846, ""vwap_dev_entry"": 2.16711910250576, ""pull_idx"": 8, ""don_idx"": 0, ""trail_trigger"": 2.0032916046604687, ""trail_lock"": 1.8068976619023331}"
39,135.71432022972473,False,趋势回踩+压缩突破,双向,20.0,0.55,1.6740431745205644,23.0,0.2608695652173913,1.6406437593916368,2.6641967992083915,4.679071474710425,11.0,0.45454545454545453,3.3408073868610524,9.0,0.6666666666666666,8.259360075288583,"{""family_mask"": 3, ""direction"": 0, ""rr"": 2.8, ""sl_atr"": 1.6553230194439357, ""min_stop_pct"": 0.003558136791732474, ""max_hold"": 144, ""cooldown"": 11, ""session_start"": 0, ""session_end"": 24, ""weekday_mask"": 62, ""adx_trend_min"": 29.2861007925763, ""adx_range_max"": 20.34258368265475, ""rsi_long_min"": 46.77591921708816, ""rsi_long_max"": 72.23047909751101, ""volz_break"": 0.33619738622948087, ""body_min"": 0.35804729913598843, ""close_loc_min"": 0.595715283047487, ""eff_min"": 0.19475243092598887, ""atr_rank_min"": 0.30699854114036185, ""squeeze_rank_max"": 0.18704606092883175, ""vwap_dev_entry"": 1.4470425837473857, ""pull_idx"": 4, ""don_idx"": 0, ""trail_trigger"": 2.310254626280366, ""trail_lock"": 1.796364009544496}"
40,133.55987712009886,False,趋势回踩+压缩突破,双向,15.0,0.7333333333333333,2.3730287362481155,21.0,0.38095238095238093,1.950084462076449,24.412597211530528,2.567958319716147,6.0,0.5,4.099484118072869,9.0,0.8888888888888888,17.182584320784937,"{""family_mask"": 3, ""direction"": 0, ""rr"": 2.8, ""sl_atr"": 1.896174242884099, ""min_stop_pct"": 0.00353116145500956, ""max_hold"": 216, ""cooldown"": 3, ""session_start"": 0, ""session_end"": 24, ""weekday_mask"": 62, ""adx_trend_min"": 33.377700517444836, ""adx_range_max"": 13.163418324987882, ""rsi_long_min"": 49.94917274740926, ""rsi_long_max"": 75.13119555530376, ""volz_break"": 0.1351404667247298, ""body_min"": 0.3289854732617387, ""close_loc_min"": 0.5980106402797506, ""eff_min"": 0.3285483265780188, ""atr_rank_min"": 0.5783470318647032, ""squeeze_rank_max"": 0.4877742733829833, ""vwap_dev_entry"": 2.005999406412413, ""pull_idx"": 8, ""don_idx"": 0, ""trail_trigger"": 2.4285047048755333, ""trail_lock"": 2.3578049364710383}"
41,126.50859804282035,False,趋势回踩+压缩突破,双向,19.0,0.5789473684210527,1.3798358260818335,27.0,0.4074074074074074,1.487144622807346,9.798592853266694,3.9049474573500094,12.0,0.5833333333333334,5.43256189079365,7.0,0.5714285714285714,3.9101481753079286,"{""family_mask"": 3, ""direction"": 0, ""rr"": 2.6, ""sl_atr"": 1.2967720218058527, ""min_stop_pct"": 0.003328930703591962, ""max_hold"": 576, ""cooldown"": 18, ""session_start"": 0, ""session_end"": 24, ""weekday_mask"": 62, ""adx_trend_min"": 22.08860160217407, ""adx_range_max"": 17.64459675454879, ""rsi_long_min"": 52.3738838152085, ""rsi_long_max"": 75.67828355192562, ""volz_break"": 1.1949119534680228, ""body_min"": 0.3491108584413057, ""close_loc_min"": 0.6183622539732956, ""eff_min"": 0.2929747262277705, ""atr_rank_min"": 0.27381389741537465, ""squeeze_rank_max"": 0.26470538423376416, ""vwap_dev_entry"": 0.6250530029732907, ""pull_idx"": 3, ""don_idx"": 1, ""trail_trigger"": 1.979646968815958, ""trail_lock"": 1.9077529189212092}"
42,122.68677533425311,False,趋势回踩+压缩突破,双向,24.0,0.5416666666666666,1.4837609127530733,30.0,0.3333333333333333,1.5596305510866475,4.785415398674082,4.898683187004845,13.0,0.5384615384615384,6.0513345607447855,11.0,0.5454545454545454,4.101657204635344,"{""family_mask"": 3, ""direction"": 0, ""rr"": 2.6, ""sl_atr"": 1.151926539928911, ""min_stop_pct"": 0.004462456135902829, ""max_hold"": 576, ""cooldown"": 23, ""session_start"": 0, ""session_end"": 24, ""weekday_mask"": 62, ""adx_trend_min"": 25.672685698913803, ""adx_range_max"": 16.41661521601695, ""rsi_long_min"": 43.96220122646525, ""rsi_long_max"": 70.15627974465845, ""volz_break"": 1.6986480387696452, ""body_min"": 0.3818736674486408, ""close_loc_min"": 0.5849161807864098, ""eff_min"": 0.23875127860061368, ""atr_rank_min"": 0.40630779342467005, ""squeeze_rank_max"": 0.3984896937820572, ""vwap_dev_entry"": 0.6668743625631248, ""pull_idx"": 5, ""don_idx"": 1, ""trail_trigger"": 1.9465367382488004, ""trail_lock"": 1.7935728030903273}"
43,117.10271310702201,False,趋势回踩+压缩突破,双向,15.0,0.6,1.3755768277197795,20.0,0.35,1.6530049588614997,6.174558158381693,3.3414833512410955,8.0,0.5,2.965916215611865,7.0,0.7142857142857143,4.909589545571357,"{""family_mask"": 3, ""direction"": 0, ""rr"": 2.6, ""sl_atr"": 2.4549220008283212, ""min_stop_pct"": 0.004197022297429431, ""max_hold"": 216, ""cooldown"": 17, ""session_start"": 0, ""session_end"": 24, ""weekday_mask"": 62, ""adx_trend_min"": 28.399448396866763, ""adx_range_max"": 22.16132178058487, ""rsi_long_min"": 47.85352863970994, ""rsi_long_max"": 64.21279235293561, ""volz_break"": 1.4390423258261094, ""body_min"": 0.3750958999216291, ""close_loc_min"": 0.6350984707746874, ""eff_min"": 0.26036380132846126, ""atr_rank_min"": 0.16877283326864195, ""squeeze_rank_max"": 0.12344512390002897, ""vwap_dev_entry"": 0.8807544660035669, ""pull_idx"": 5, ""don_idx"": 0, ""trail_trigger"": 1.9933338445177204, ""trail_lock"": 1.8248808148323676}"
44,113.3383560198862,False,趋势回踩+震荡反转,双向,24.0,0.5833333333333334,1.3444030398381215,29.0,0.4482758620689655,1.3868496931686123,14.071396117763049,2.609750243026051,9.0,0.6666666666666666,6.252410292416673,15.0,0.5333333333333333,5.25524258253285,"{""family_mask"": 5, ""direction"": 0, ""rr"": 2.2, ""sl_atr"": 1.7487993310633692, ""min_stop_pct"": 0.0032939017631515312, ""max_hold"": 432, ""cooldown"": 26, ""session_start"": 0, ""session_end"": 24, ""weekday_mask"": 124, ""adx_trend_min"": 21.02082021400657, ""adx_range_max"": 20.989801005775902, ""rsi_long_min"": 45.40945533179351, ""rsi_long_max"": 69.7759294816384, ""volz_break"": 1.3823864043453706, ""body_min"": 0.28572130466380935, ""close_loc_min"": 0.5822602638780005, ""eff_min"": 0.6538079610595167, ""atr_rank_min"": 0.26961098572299047, ""squeeze_rank_max"": 0.5131546313764042, ""vwap_dev_entry"": 0.8971500332215447, ""pull_idx"": 8, ""don_idx"": 1, ""trail_trigger"": 1.9356203261425975, ""trail_lock"": 1.79788236768239}"
45,112.68083236975403,False,趋势回踩+压缩突破,双向,22.0,0.5454545454545454,1.501353972262906,29.0,0.3793103448275862,1.3562159750578704,6.508254357610175,3.8975584732321638,7.0,0.7142857142857143,6.633332824861405,15.0,0.4666666666666667,3.737125582275711,"{""family_mask"": 3, ""direction"": 0, ""rr"": 2.4, ""sl_atr"": 1.5624564054917398, ""min_stop_pct"": 0.003349122030283854, ""max_hold"": 432, ""cooldown"": 8, ""session_start"": 0, ""session_end"": 24, ""weekday_mask"": 124, ""adx_trend_min"": 19.690542289433022, ""adx_range_max"": 12.774017763959215, ""rsi_long_min"": 42.48435722005656, ""rsi_long_max"": 75.12711362992577, ""volz_break"": 0.8493961394159111, ""body_min"": 0.302475752163186, ""close_loc_min"": 0.5846466626024771, ""eff_min"": 0.6304757888167496, ""atr_rank_min"": 0.36132381365725197, ""squeeze_rank_max"": 0.2312254358494087, ""vwap_dev_entry"": 2.0192630479638014, ""pull_idx"": 8, ""don_idx"": 1, ""trail_trigger"": 2.0760308448121756, ""trail_lock"": 1.764225683452626}"
46,107.52866747941003,False,趋势回踩,双向,16.0,0.5625,1.687313574970682,19.0,0.3684210526315789,1.4905907838869794,5.672456759689419,3.4322569049310667,7.0,0.42857142857142855,0.357144387734875,9.0,0.6666666666666666,7.023498498499564,"{""family_mask"": 1, ""direction"": 0, ""rr"": 2.2, ""sl_atr"": 2.3925010551351753, ""min_stop_pct"": 0.006949478143663024, ""max_hold"": 144, ""cooldown"": 36, ""session_start"": 0, ""session_end"": 24, ""weekday_mask"": 124, ""adx_trend_min"": 15.492439371565965, ""adx_range_max"": 16.27283982412108, ""rsi_long_min"": 43.73773864064349, ""rsi_long_max"": 61.33838107987672, ""volz_break"": 0.3360568365152143, ""body_min"": 0.6358080960413821, ""close_loc_min"": 0.6710250606712602, ""eff_min"": 0.27730769850645104, ""atr_rank_min"": 0.37348193822224146, ""squeeze_rank_max"": 0.2984318599845988, ""vwap_dev_entry"": 0.8883237294762469, ""pull_idx"": 5, ""don_idx"": 0, ""trail_trigger"": 2.0218320187237446, ""trail_lock"": 1.8765098809614034}"
47,103.86649358858377,False,趋势回踩+压缩突破,双向,22.0,0.5909090909090909,1.3049041491760116,27.0,0.4074074074074074,1.4552863942136451,10.193023542973178,3.329790034449278,11.0,0.5454545454545454,2.8965107547112643,11.0,0.6363636363636364,7.286493957876518,"{""family_mask"": 3, ""direction"": 0, ""rr"": 2.2, ""sl_atr"": 1.7662210614499312, ""min_stop_pct"": 0.0034306427996452778, ""max_hold"": 216, ""cooldown"": 15, ""session_start"": 0, ""session_end"": 24, ""weekday_mask"": 62, ""adx_trend_min"": 21.435353073819847, ""adx_range_max"": 23.269634303583633, ""rsi_long_min"": 52.65694982831413, ""rsi_long_max"": 74.17332035295328, ""volz_break"": -0.06457802779611871, ""body_min"": 0.28392575778006035, ""close_loc_min"": 0.5888911649376725, ""eff_min"": 0.48248633053732376, ""atr_rank_min"": 0.44161547926956624, ""squeeze_rank_max"": 0.4435670607472914, ""vwap_dev_entry"": 0.8784447538210841, ""pull_idx"": 4, ""don_idx"": 1, ""trail_trigger"": 1.9165360392840454, ""trail_lock"": 1.8483356528450374}"
48,99.66603216213159,False,趋势回踩,双向,18.0,0.5555555555555556,1.4431901860789285,25.0,0.4,1.3936460407756335,6.816521134910662,4.388908873358551,9.0,0.5555555555555556,3.5167816556659544,9.0,0.5555555555555556,4.619925947847449,"{""family_mask"": 1, ""direction"": 0, ""rr"": 2.2, ""sl_atr"": 1.3726960116590714, ""min_stop_pct"": 0.003784281516845769, ""max_hold"": 288, ""cooldown"": 28, ""session_start"": 0, ""session_end"": 24, ""weekday_mask"": 62, ""adx_trend_min"": 18.771295250399927, ""adx_range_max"": 19.598228663888026, ""rsi_long_min"": 38.29574567179889, ""rsi_long_max"": 64.48461007065067, ""volz_break"": 0.689732464403545, ""body_min"": 0.4647767645062793, ""close_loc_min"": 0.5874081969589686, ""eff_min"": 0.24688363360305354, ""atr_rank_min"": 0.6088789121397246, ""squeeze_rank_max"": 0.3358356535694049, ""vwap_dev_entry"": 1.8206032533519998, ""pull_idx"": 0, ""don_idx"": 1, ""trail_trigger"": 1.988847758009004, ""trail_lock"": 1.8339557934885173}"
49,97.28604002462573,False,趋势回踩+压缩突破,只做空,17.0,0.5294117647058824,1.925524576933043,24.0,0.2916666666666667,1.6153820958029743,3.7102361067199223,3.4231547967461715,7.0,0.5714285714285714,5.081185377348249,10.0,0.5,5.029258264600902,"{""family_mask"": 3, ""direction"": 2, ""rr"": 2.4, ""sl_atr"": 2.788468241729917, ""min_stop_pct"": 0.006931613271377972, ""max_hold"": 288, ""cooldown"": 36, ""session_start"": 0, ""session_end"": 24, ""weekday_mask"": 124, ""adx_trend_min"": 19.408715048011437, ""adx_range_max"": 22.50978098054, ""rsi_long_min"": 48.28870854736155, ""rsi_long_max"": 69.28731502404469, ""volz_break"": 0.7407826762361627, ""body_min"": 0.26662403510500776, ""close_loc_min"": 0.5826753397182522, ""eff_min"": 0.19531469449229968, ""atr_rank_min"": 0.3619120581494064, ""squeeze_rank_max"": 0.3275021365996733, ""vwap_dev_entry"": 2.2473817721795744, ""pull_idx"": 8, ""don_idx"": 1, ""trail_trigger"": 2.1991739960577767, ""trail_lock"": 1.8905321645503108}"
50,92.88536434761299,False,趋势回踩+震荡反转,双向,20.0,0.55,1.5785828974013885,31.0,0.41935483870967744,1.50534987357624,12.793109195768022,3.9008195936718533,7.0,0.42857142857142855,0.5285222209389284,13.0,0.6153846153846154,10.29308119800417,"{""family_mask"": 5, ""direction"": 0, ""rr"": 2.6, ""sl_atr"": 2.1361878390910127, ""min_stop_pct"": 0.0031003548573015445, ""max_hold"": 216, ""cooldown"": 26, ""session_start"": 0, ""session_end"": 24, ""weekday_mask"": 127, ""adx_trend_min"": 19.653383270919758, ""adx_range_max"": 17.479964015431754, ""rsi_long_min"": 43.169519151607155, ""rsi_long_max"": 75.34256581231287, ""volz_break"": 0.3014969012584248, ""body_min"": 0.3905092388129885, ""close_loc_min"": 0.8353564927185113, ""eff_min"": 0.6844830858368176, ""atr_rank_min"": 0.17569653068233854, ""squeeze_rank_max"": 0.18568691194448386, ""vwap_dev_entry"": 2.3205634500675147, ""pull_idx"": 5, ""don_idx"": 1, ""trail_trigger"": 2.1206351132155903, ""trail_lock"": 2.061496479256065}"
51,91.79755019732688,False,趋势回踩+压缩突破,双向,15.0,0.6,1.3569969969438602,28.0,0.25,1.5074571612618621,-5.004334578357881,2.4949921274073796,8.0,0.5,1.2506630006896287,7.0,0.7142857142857143,6.497975494376143,"{""family_mask"": 3, ""direction"": 0, ""rr"": 2.4, ""sl_atr"": 1.473535781205587, ""min_stop_pct"": 0.004058853914453575, ""max_hold"": 288, ""cooldown"": 20, ""session_start"": 0, ""session_end"": 24, ""weekday_mask"": 62, ""adx_trend_min"": 32.873095312217, ""adx_range_max"": 13.947025499138206, ""rsi_long_min"": 49.859407887070795, ""rsi_long_max"": 74.26038583378113, ""volz_break"": 0.6834333217079958, ""body_min"": 0.2416771814589169, ""close_loc_min"": 0.639306720377107, ""eff_min"": 0.21719862169228726, ""atr_rank_min"": 0.5485356406779279, ""squeeze_rank_max"": 0.4967349762596068, ""vwap_dev_entry"": 1.7718524545180006, ""pull_idx"": 8, ""don_idx"": 0, ""trail_trigger"": 1.9143981332437834, ""trail_lock"": 1.8073439589739282}"
52,91.32509828550117,False,三策略组合,双向,18.0,0.5555555555555556,1.4713519081861037,21.0,0.42857142857142855,1.6054363973183021,11.059441681113745,6.05556775890291,10.0,0.5,1.3140363970721134,8.0,0.625,6.817049414699434,"{""family_mask"": 7, ""direction"": 0, ""rr"": 2.4, ""sl_atr"": 1.5125506757628555, ""min_stop_pct"": 0.004750806548701268, ""max_hold"": 216, ""cooldown"": 26, ""session_start"": 0, ""session_end"": 24, ""weekday_mask"": 31, ""adx_trend_min"": 17.96595377751797, ""adx_range_max"": 22.663127903733546, ""rsi_long_min"": 44.511033951044034, ""rsi_long_max"": 69.7025085032696, ""volz_break"": 0.7307491742292223, ""body_min"": 0.2630537281815413, ""close_loc_min"": 0.7970128105936176, ""eff_min"": 0.31419955508692743, ""atr_rank_min"": 0.5489711927911591, ""squeeze_rank_max"": 0.18317612774807912, ""vwap_dev_entry"": 2.248288059575607, ""pull_idx"": 0, ""don_idx"": 1, ""trail_trigger"": 2.118046801539399, ""trail_lock"": 1.9001874935825978}"
53,90.21809633703985,False,趋势回踩+压缩突破,双向,16.0,0.5625,1.4323136712218074,22.0,0.36363636363636365,1.703710756090327,6.859215274606946,3.6890161645901065,7.0,0.5714285714285714,2.852475504387704,9.0,0.5555555555555556,4.440248056524835,"{""family_mask"": 3, ""direction"": 0, ""rr"": 3.0, ""sl_atr"": 2.4998592551569065, ""min_stop_pct"": 0.0038860052732194806, ""max_hold"": 432, ""cooldown"": 21, ""session_start"": 0, ""session_end"": 24, ""weekday_mask"": 62, ""adx_trend_min"": 31.729016762331526, ""adx_range_max"": 20.015869915358323, ""rsi_long_min"": 48.78773860856053, ""rsi_long_max"": 72.80050077803509, ""volz_break"": 0.6872795551377884, ""body_min"": 0.30958232396331864, ""close_loc_min"": 0.6704251184326981, ""eff_min"": 0.3553757761562369, ""atr_rank_min"": 0.7138261102392742, ""squeeze_rank_max"": 0.27566830099511486, ""vwap_dev_entry"": 1.3885286215573354, ""pull_idx"": 8, ""don_idx"": 1, ""trail_trigger"": 1.9458360260516097, ""trail_lock"": 1.8921152415238995}"
54,85.32861939945731,False,趋势回踩,双向,16.0,0.5625,1.4640114316023967,18.0,0.7222222222222222,1.393814156596356,22.206994159019416,3.5502141647572953,8.0,0.625,3.0085664039677043,8.0,0.5,3.5560651848064184,"{""family_mask"": 1, ""direction"": 0, ""rr"": 2.8, ""sl_atr"": 2.3872662736751553, ""min_stop_pct"": 0.005088229337115724, ""max_hold"": 144, ""cooldown"": 20, ""session_start"": 0, ""session_end"": 24, ""weekday_mask"": 62, ""adx_trend_min"": 18.13751381390648, ""adx_range_max"": 17.499648996051185, ""rsi_long_min"": 45.124069992707945, ""rsi_long_max"": 74.72678611294718, ""volz_break"": 1.513540511777997, ""body_min"": 0.5215357424870006, ""close_loc_min"": 0.8247393991261704, ""eff_min"": 0.3171241621002031, ""atr_rank_min"": 0.27782997626875594, ""squeeze_rank_max"": 0.4943475207701484, ""vwap_dev_entry"": 2.2831695523156457, ""pull_idx"": 3, ""don_idx"": 0, ""trail_trigger"": 1.9254919464583156, ""trail_lock"": 1.7963232392417057}"
55,84.85107314766788,False,趋势回踩,双向,19.0,0.5789473684210527,1.3498788548476959,28.0,0.5357142857142857,1.4280129969077922,19.914005877092833,2.6248536341220126,9.0,0.5555555555555556,3.2897801078206577,10.0,0.6,5.671092658084932,"{""family_mask"": 1, ""direction"": 0, ""rr"": 2.2, ""sl_atr"": 1.3415470871225323, ""min_stop_pct"": 0.003208687446359785, ""max_hold"": 576, ""cooldown"": 28, ""session_start"": 0, ""session_end"": 24, ""weekday_mask"": 127, ""adx_trend_min"": 19.3792499079119, ""adx_range_max"": 23.16713733354286, ""rsi_long_min"": 51.36669149492262, ""rsi_long_max"": 74.37534636446775, ""volz_break"": -0.03108508162496798, ""body_min"": 0.33547894249742954, ""close_loc_min"": 0.5813958288101289, ""eff_min"": 0.6346324516180435, ""atr_rank_min"": 0.2763269875993458, ""squeeze_rank_max"": 0.4870070637528149, ""vwap_dev_entry"": 0.9145641042725449, ""pull_idx"": 4, ""don_idx"": 1, ""trail_trigger"": 2.058814384174076, ""trail_lock"": 1.9756285952777841}"
56,79.53369006308635,False,趋势回踩+压缩突破,双向,15.0,0.5333333333333333,1.8898059059876067,20.0,0.4,1.7659929136773673,10.593283063470604,2.264416099559366,8.0,0.5,4.279268922161311,7.0,0.5714285714285714,3.91752815077158,"{""family_mask"": 3, ""direction"": 0, ""rr"": 2.6, ""sl_atr"": 1.54637060178995, ""min_stop_pct"": 0.00761335074661055, ""max_hold"": 432, ""cooldown"": 10, ""session_start"": 9, ""session_end"": 21, ""weekday_mask"": 62, ""adx_trend_min"": 19.370519633509783, ""adx_range_max"": 20.00418875649605, ""rsi_long_min"": 42.268369280166276, ""rsi_long_max"": 67.58491581821147, ""volz_break"": -0.27477835617365864, ""body_min"": 0.3886038381983603, ""close_loc_min"": 0.5978415977595934, ""eff_min"": 0.339340820134587, ""atr_rank_min"": 0.4488102618646268, ""squeeze_rank_max"": 0.5233984406358339, ""vwap_dev_entry"": 1.902361474366131, ""pull_idx"": 4, ""don_idx"": 1, ""trail_trigger"": 2.1063416813488685, ""trail_lock"": 1.959734082772112}"
57,74.07153468584822,False,趋势回踩,双向,24.0,0.5833333333333334,1.3576348683913644,29.0,0.20689655172413793,1.4471274472005544,-6.141197126462468,4.353335669682664,7.0,0.8571428571428571,8.922199383536695,17.0,0.47058823529411764,2.7953290590772797,"{""family_mask"": 1, ""direction"": 0, ""rr"": 2.4, ""sl_atr"": 1.9880322418614083, ""min_stop_pct"": 0.0031965978816018356, ""max_hold"": 216, ""cooldown"": 8, ""session_start"": 0, ""session_end"": 24, ""weekday_mask"": 124, ""adx_trend_min"": 19.912561096637845, ""adx_range_max"": 12.761022456624344, ""rsi_long_min"": 52.86103254511728, ""rsi_long_max"": 75.45861659561592, ""volz_break"": 1.4880016601062727, ""body_min"": 0.2963111930913289, ""close_loc_min"": 0.6716239101313103, ""eff_min"": 0.5089106746294105, ""atr_rank_min"": 0.2859479713464213, ""squeeze_rank_max"": 0.4330785396319822, ""vwap_dev_entry"": 2.23307456639622, ""pull_idx"": 7, ""don_idx"": 0, ""trail_trigger"": 2.026996652819958, ""trail_lock"": 1.9363197735227988}"
58,68.97926520231739,False,趋势回踩+压缩突破,双向,18.0,0.6111111111111112,1.2840313649388266,19.0,0.2631578947368421,2.0546371905696557,4.0176900343144775,2.2438805134816517,8.0,0.75,4.9859885547800165,10.0,0.5,3.005041054197336,"{""family_mask"": 3, ""direction"": 0, ""rr"": 2.6, ""sl_atr"": 1.6756647260096016, ""min_stop_pct"": 0.008256043834585114, ""max_hold"": 288, ""cooldown"": 11, ""session_start"": 13, ""session_end"": 24, ""weekday_mask"": 127, ""adx_trend_min"": 24.777448837292887, ""adx_range_max"": 12.570284285474562, ""rsi_long_min"": 48.49192696072671, ""rsi_long_max"": 73.76505210099366, ""volz_break"": 0.05727020324971305, ""body_min"": 0.5336838819838186, ""close_loc_min"": 0.6201993420841394, ""eff_min"": 0.20341763685531622, ""atr_rank_min"": 0.15494361650553534, ""squeeze_rank_max"": 0.32802688697857924, ""vwap_dev_entry"": 1.349545736227314, ""pull_idx"": 7, ""don_idx"": 0, ""trail_trigger"": 2.1976364704847056, ""trail_lock"": 1.8772240636775137}"
59,65.19073945686122,False,趋势回踩,双向,18.0,0.5555555555555556,1.4499816167667694,32.0,0.25,1.4913724159545572,-6.26658891917034,5.335119527013146,8.0,0.625,5.371567602787784,10.0,0.5,3.231226435064366,"{""family_mask"": 1, ""direction"": 0, ""rr"": 2.4, ""sl_atr"": 2.3129182672181967, ""min_stop_pct"": 0.003006108036318507, ""max_hold"": 576, ""cooldown"": 17, ""session_start"": 0, ""session_end"": 24, ""weekday_mask"": 127, ""adx_trend_min"": 20.234039276062127, ""adx_range_max"": 22.406176835904667, ""rsi_long_min"": 39.71622849586242, ""rsi_long_max"": 71.42470503037428, ""volz_break"": 0.12587286132228298, ""body_min"": 0.40743850784610347, ""close_loc_min"": 0.6354041209170034, ""eff_min"": 0.6956364151019363, ""atr_rank_min"": 0.4379666051511487, ""squeeze_rank_max"": 0.5426171398283908, ""vwap_dev_entry"": 0.7749364703486854, ""pull_idx"": 2, ""don_idx"": 0, ""trail_trigger"": 2.1388922261009444, ""trail_lock"": 1.8315493587036993}"
60,64.18240568855519,False,三策略组合,双向,16.0,0.5625,1.4912306348258595,26.0,0.34615384615384615,1.5867595713553688,4.5126608163230015,3.6066172502479956,7.0,0.42857142857142855,1.1836344196445494,9.0,0.6666666666666666,6.537153138157499,"{""family_mask"": 7, ""direction"": 0, ""rr"": 2.2, ""sl_atr"": 1.897169475972749, ""min_stop_pct"": 0.0049618959797228315, ""max_hold"": 432, ""cooldown"": 9, ""session_start"": 0, ""session_end"": 24, ""weekday_mask"": 62, ""adx_trend_min"": 31.906060138743722, ""adx_range_max"": 18.24618006492237, ""rsi_long_min"": 41.94223885008671, ""rsi_long_max"": 73.30045766252833, ""volz_break"": 0.9418759596353878, ""body_min"": 0.2420249885662445, ""close_loc_min"": 0.5844311668797336, ""eff_min"": 0.22043078597573434, ""atr_rank_min"": 0.6080516738307673, ""squeeze_rank_max"": 0.177228627836397, ""vwap_dev_entry"": 1.5178478078081097, ""pull_idx"": 5, ""don_idx"": 0, ""trail_trigger"": 2.063789113286423, ""trail_lock"": 1.764378426249865}"
61,59.76529631480987,False,趋势回踩+压缩突破,双向,15.0,0.5333333333333333,1.7568314350946275,15.0,0.2,1.9028464348992313,1.0496554749033908,2.50083804439884,8.0,0.5,3.7818605265895653,7.0,0.5714285714285714,5.039131073810803,"{""family_mask"": 3, ""direction"": 0, ""rr"": 2.6, ""sl_atr"": 0.9551304012217569, ""min_stop_pct"": 0.004012243270806488, ""max_hold"": 432, ""cooldown"": 28, ""session_start"": 0, ""session_end"": 24, ""weekday_mask"": 62, ""adx_trend_min"": 31.507423956032383, ""adx_range_max"": 22.319653427533723, ""rsi_long_min"": 42.76461009535844, ""rsi_long_max"": 72.13600284427935, ""volz_break"": 0.24294597167479987, ""body_min"": 0.3146587802078431, ""close_loc_min"": 0.7645545028482197, ""eff_min"": 0.25495974370842406, ""atr_rank_min"": 0.3076480226466687, ""squeeze_rank_max"": 0.24906396865191252, ""vwap_dev_entry"": 2.1583797527077513, ""pull_idx"": 5, ""don_idx"": 0, ""trail_trigger"": 2.3680751805084355, ""trail_lock"": 1.9850104403478115}"
62,56.35170762890628,False,趋势回踩+压缩突破,只做空,21.0,0.5238095238095238,1.6439123875537789,43.0,0.37209302325581395,1.7407603826105091,11.344460240281157,3.8201594696947296,8.0,0.5,2.9273665463342784,13.0,0.5384615384615384,7.365460297105842,"{""family_mask"": 3, ""direction"": 2, ""rr"": 2.6, ""sl_atr"": 1.4225074038991408, ""min_stop_pct"": 0.003674034437189795, ""max_hold"": 288, ""cooldown"": 4, ""session_start"": 0, ""session_end"": 24, ""weekday_mask"": 62, ""adx_trend_min"": 21.404569493492396, ""adx_range_max"": 14.157443733386273, ""rsi_long_min"": 44.641687622572405, ""rsi_long_max"": 72.8031486653901, ""volz_break"": 0.8543146348964019, ""body_min"": 0.3991850619314299, ""close_loc_min"": 0.5935199504554645, ""eff_min"": 0.23894967929913632, ""atr_rank_min"": 0.7310670665696293, ""squeeze_rank_max"": 0.16700656919916657, ""vwap_dev_entry"": 1.6680134101474207, ""pull_idx"": 7, ""don_idx"": 1, ""trail_trigger"": 2.285181371396032, ""trail_lock"": 2.169239446967822}"
63,55.93468613600267,False,趋势回踩+压缩突破,双向,15.0,0.5333333333333333,1.7714087536640977,13.0,0.38461538461538464,1.2948246567912225,5.661022709935989,2.404952818860446,7.0,0.5714285714285714,4.578063187349381,8.0,0.5,2.9581650917983273,"{""family_mask"": 3, ""direction"": 0, ""rr"": 2.6, ""sl_atr"": 1.9859773240510608, ""min_stop_pct"": 0.0041491390719828585, ""max_hold"": 216, ""cooldown"": 10, ""session_start"": 0, ""session_end"": 24, ""weekday_mask"": 127, ""adx_trend_min"": 34.903311963648065, ""adx_range_max"": 22.796761382561183, ""rsi_long_min"": 43.968472339358215, ""rsi_long_max"": 74.62398777850647, ""volz_break"": 0.5607473402323104, ""body_min"": 0.5837293454434664, ""close_loc_min"": 0.64694804219588, ""eff_min"": 0.22624777227956794, ""atr_rank_min"": 0.24090942806622795, ""squeeze_rank_max"": 0.15455341542076612, ""vwap_dev_entry"": 1.7206429792884284, ""pull_idx"": 4, ""don_idx"": 1, ""trail_trigger"": 1.9314582715458444, ""trail_lock"": 1.8042956958219043}"
64,51.83243622937482,False,趋势回踩+压缩突破,双向,16.0,0.5625,1.4727220352432993,17.0,0.23529411764705882,1.3119268950599703,-1.714800844934248,4.999508496107594,7.0,0.7142857142857143,6.955668023970609,9.0,0.4444444444444444,0.8621415690628746,"{""family_mask"": 3, ""direction"": 0, ""rr"": 2.6, ""sl_atr"": 1.6049283666716554, ""min_stop_pct"": 0.004012240316563666, ""max_hold"": 432, ""cooldown"": 10, ""session_start"": 0, ""session_end"": 24, ""weekday_mask"": 124, ""adx_trend_min"": 24.712436380581433, ""adx_range_max"": 15.064810585759023, ""rsi_long_min"": 47.63849164148827, ""rsi_long_max"": 70.60248978259959, ""volz_break"": 0.520599851701856, ""body_min"": 0.5624038767890523, ""close_loc_min"": 0.6096570301127165, ""eff_min"": 0.30843047378277794, ""atr_rank_min"": 0.33639678340054163, ""squeeze_rank_max"": 0.5071593124434189, ""vwap_dev_entry"": 1.534597722165244, ""pull_idx"": 1, ""don_idx"": 0, ""trail_trigger"": 1.9211423156010556, ""trail_lock"": 1.8355342033080364}"
65,50.36703129487985,False,趋势回踩+压缩突破,双向,15.0,0.5333333333333333,1.7622130826195093,9.0,0.4444444444444444,1.2176525653242296,6.563052405643641,2.305648195023787,7.0,0.5714285714285714,3.497148047267262,8.0,0.5,3.214368969451094,"{""family_mask"": 3, ""direction"": 0, ""rr"": 2.8, ""sl_atr"": 2.2541761184095903, ""min_stop_pct"": 0.006582934647267006, ""max_hold"": 144, ""cooldown"": 28, ""session_start"": 0, ""session_end"": 24, ""weekday_mask"": 62, ""adx_trend_min"": 17.774335592326366, ""adx_range_max"": 15.870927202316825, ""rsi_long_min"": 41.138255138640595, ""rsi_long_max"": 58.288656250444504, ""volz_break"": 0.7094768437161294, ""body_min"": 0.5681693618750295, ""close_loc_min"": 0.5819798656936737, ""eff_min"": 0.38125685348096017, ""atr_rank_min"": 0.3141419902407175, ""squeeze_rank_max"": 0.5066251384299307, ""vwap_dev_entry"": 2.2721772219531866, ""pull_idx"": 5, ""don_idx"": 0, ""trail_trigger"": 2.2144778092029513, ""trail_lock"": 2.1595056176969507}"
66,50.13810880993181,False,三策略组合,双向,15.0,0.5333333333333333,1.7131468738833602,17.0,0.29411764705882354,1.7386998134836262,4.2879035739014535,2.500110284410793,7.0,0.5714285714285714,5.0908921177450255,8.0,0.5,3.2897624004656563,"{""family_mask"": 7, ""direction"": 0, ""rr"": 2.6, ""sl_atr"": 1.8077428439730188, ""min_stop_pct"": 0.0040180811156894005, ""max_hold"": 432, ""cooldown"": 9, ""session_start"": 0, ""session_end"": 24, ""weekday_mask"": 62, ""adx_trend_min"": 31.430138815206178, ""adx_range_max"": 16.187011691869174, ""rsi_long_min"": 40.28100133580296, ""rsi_long_max"": 67.58642897291145, ""volz_break"": -0.08366049207753096, ""body_min"": 0.34739010678156, ""close_loc_min"": 0.6108000684473861, ""eff_min"": 0.18878837094648526, ""atr_rank_min"": 0.5428279785613584, ""squeeze_rank_max"": 0.5440995020434443, ""vwap_dev_entry"": 1.1842978598722211, ""pull_idx"": 4, ""don_idx"": 0, ""trail_trigger"": 2.352956323486234, ""trail_lock"": 2.04117913777003}"
67,49.67097545269809,False,趋势回踩+震荡反转,双向,16.0,0.5625,1.4716997787658883,18.0,0.3888888888888889,1.5341055015150502,7.676164962798891,6.37397820683907,9.0,0.4444444444444444,1.256071116084143,7.0,0.7142857142857143,6.7404395834775475,"{""family_mask"": 5, ""direction"": 0, ""rr"": 2.2, ""sl_atr"": 2.068489623133218, ""min_stop_pct"": 0.0034054085810633046, ""max_hold"": 144, ""cooldown"": 13, ""session_start"": 0, ""session_end"": 24, ""weekday_mask"": 62, ""adx_trend_min"": 25.60857823217816, ""adx_range_max"": 24.599304880980924, ""rsi_long_min"": 50.26889915095973, ""rsi_long_max"": 69.2279040749848, ""volz_break"": 0.6290391241606506, ""body_min"": 0.32362523446751534, ""close_loc_min"": 0.6251945779731068, ""eff_min"": 0.19503234347427223, ""atr_rank_min"": 0.1596199452216335, ""squeeze_rank_max"": 0.5404817917011477, ""vwap_dev_entry"": 2.122884961664441, ""pull_idx"": 0, ""don_idx"": 0, ""trail_trigger"": 2.051234232495889, ""trail_lock"": 1.9071625248802824}"
68,49.5577756780513,False,趋势回踩,双向,19.0,0.5789473684210527,1.358237197774076,21.0,0.23809523809523808,1.345754069874978,-2.844864202153885,4.147679686739195,7.0,0.7142857142857143,5.146101081775853,12.0,0.5,3.817822173751047,"{""family_mask"": 1, ""direction"": 0, ""rr"": 2.6, ""sl_atr"": 0.9683708082171955, ""min_stop_pct"": 0.003440788588895359, ""max_hold"": 432, ""cooldown"": 11, ""session_start"": 0, ""session_end"": 24, ""weekday_mask"": 124, ""adx_trend_min"": 19.725169516806684, ""adx_range_max"": 24.86139949853097, ""rsi_long_min"": 48.197606007991986, ""rsi_long_max"": 72.840145027001, ""volz_break"": 0.35399679248165855, ""body_min"": 0.4656156381390284, ""close_loc_min"": 0.7932290030305766, ""eff_min"": 0.4259892910281574, ""atr_rank_min"": 0.7680120005872554, ""squeeze_rank_max"": 0.5391067680904349, ""vwap_dev_entry"": 1.300330753483119, ""pull_idx"": 4, ""don_idx"": 0, ""trail_trigger"": 1.9232122861118819, ""trail_lock"": 1.8369339212072182}"
69,49.18173775907583,False,趋势回踩,双向,15.0,0.5333333333333333,1.7246255737215364,18.0,0.3333333333333333,1.5292063822650148,4.52675830553764,2.2802360200386236,7.0,0.5714285714285714,4.440588661816577,8.0,0.5,3.3057460282756264,"{""family_mask"": 1, ""direction"": 0, ""rr"": 2.2, ""sl_atr"": 1.5223204681504319, ""min_stop_pct"": 0.0071819958152493715, ""max_hold"": 576, ""cooldown"": 11, ""session_start"": 0, ""session_end"": 24, ""weekday_mask"": 124, ""adx_trend_min"": 17.345792071222125, ""adx_range_max"": 13.352428285828218, ""rsi_long_min"": 45.860930236742554, ""rsi_long_max"": 63.764862765325624, ""volz_break"": 0.1888852809510284, ""body_min"": 0.6561641146648832, ""close_loc_min"": 0.8732173336173632, ""eff_min"": 0.19708380426539307, ""atr_rank_min"": 0.1626404787780919, ""squeeze_rank_max"": 0.3228698357661426, ""vwap_dev_entry"": 2.3688595856491435, ""pull_idx"": 5, ""don_idx"": 0, ""trail_trigger"": 1.9910622287254405, ""trail_lock"": 1.8183677483273681}"
70,47.73878085817921,False,趋势回踩+震荡反转,双向,22.0,0.5454545454545454,1.4106149982640734,23.0,0.43478260869565216,1.5350186981231297,11.726302277417213,5.1829430601915405,11.0,0.5454545454545454,4.056141811593697,11.0,0.5454545454545454,4.844583352644575,"{""family_mask"": 5, ""direction"": 0, ""rr"": 2.8, ""sl_atr"": 2.329465190713959, ""min_stop_pct"": 0.003390109971271528, ""max_hold"": 144, ""cooldown"": 7, ""session_start"": 0, ""session_end"": 24, ""weekday_mask"": 62, ""adx_trend_min"": 25.487793313719916, ""adx_range_max"": 18.140270654470978, ""rsi_long_min"": 54.59311927747699, ""rsi_long_max"": 66.35541515385667, ""volz_break"": 1.2764373025801452, ""body_min"": 0.3100671060268585, ""close_loc_min"": 0.6014391951748225, ""eff_min"": 0.20303104370457523, ""atr_rank_min"": 0.7420553483256512, ""squeeze_rank_max"": 0.14818121485504343, ""vwap_dev_entry"": 1.0278857195743307, ""pull_idx"": 4, ""don_idx"": 1, ""trail_trigger"": 2.080954187703912, ""trail_lock"": 2.0232140162027052}"
71,43.36973487998769,False,趋势回踩,双向,20.0,0.55,1.4343014628398074,33.0,0.42424242424242425,1.4601043227365995,10.70854187318126,4.174487773821701,8.0,0.5,1.6019546044924848,12.0,0.5833333333333334,7.27843447309287,"{""family_mask"": 1, ""direction"": 0, ""rr"": 2.6, ""sl_atr"": 1.7658871193398544, ""min_stop_pct"": 0.0030864747952567212, ""max_hold"": 432, ""cooldown"": 21, ""session_start"": 0, ""session_end"": 24, ""weekday_mask"": 127, ""adx_trend_min"": 18.242495368230983, ""adx_range_max"": 12.112436470286767, ""rsi_long_min"": 38.16803139211646, ""rsi_long_max"": 74.8671027279631, ""volz_break"": 0.20639960852138667, ""body_min"": 0.4148218970244077, ""close_loc_min"": 0.8568608763511762, ""eff_min"": 0.6740611036135229, ""atr_rank_min"": 0.6446612135422884, ""squeeze_rank_max"": 0.4455488006048072, ""vwap_dev_entry"": 1.578157675461572, ""pull_idx"": 5, ""don_idx"": 0, ""trail_trigger"": 2.046823482634424, ""trail_lock"": 1.8665715592466707}"
72,42.56470163960731,False,趋势回踩+压缩突破,双向,21.0,0.5238095238095238,1.5546305072813937,25.0,0.32,1.5830918486084358,3.8183702819838734,3.9231852701164414,11.0,0.5454545454545454,5.978167116953603,10.0,0.5,3.332042827166079,"{""family_mask"": 3, ""direction"": 0, ""rr"": 2.4, ""sl_atr"": 1.6110688524893981, ""min_stop_pct"": 0.0032096946146271035, ""max_hold"": 432, ""cooldown"": 5, ""session_start"": 0, ""session_end"": 24, ""weekday_mask"": 62, ""adx_trend_min"": 25.832176942730452, ""adx_range_max"": 22.695945681582145, ""rsi_long_min"": 49.420577680820905, ""rsi_long_max"": 69.54265163918606, ""volz_break"": 0.5987025776723625, ""body_min"": 0.4821099567475394, ""close_loc_min"": 0.5867845251093414, ""eff_min"": 0.19786899021586205, ""atr_rank_min"": 0.38531505007833367, ""squeeze_rank_max"": 0.17618412874393324, ""vwap_dev_entry"": 1.957479453743751, ""pull_idx"": 3, ""don_idx"": 1, ""trail_trigger"": 2.269452202117141, ""trail_lock"": 1.8516182571365187}"
73,39.78544358225254,False,趋势回踩,双向,15.0,0.5333333333333333,1.7000335313632529,19.0,0.47368421052631576,1.6395397837983412,12.1647551521101,2.3003545808664434,7.0,0.5714285714285714,3.17549091103855,8.0,0.5,3.5325428384692934,"{""family_mask"": 1, ""direction"": 0, ""rr"": 3.0, ""sl_atr"": 1.1335270098409884, ""min_stop_pct"": 0.0066993193208531275, ""max_hold"": 216, ""cooldown"": 33, ""session_start"": 0, ""session_end"": 24, ""weekday_mask"": 31, ""adx_trend_min"": 17.577456900922936, ""adx_range_max"": 20.830733278845443, ""rsi_long_min"": 48.84678571711726, ""rsi_long_max"": 65.088290424102, ""volz_break"": 0.5657702178490642, ""body_min"": 0.5612065706837798, ""close_loc_min"": 0.8470801870716602, ""eff_min"": 0.2674775780643529, ""atr_rank_min"": 0.7190480504571614, ""squeeze_rank_max"": 0.427182151991793, ""vwap_dev_entry"": 1.2565680291724703, ""pull_idx"": 3, ""don_idx"": 0, ""trail_trigger"": 2.1845245132745985, ""trail_lock"": 1.9088329465960143}"
74,39.34245961384744,False,趋势回踩,双向,17.0,0.5294117647058824,1.8560019710766085,18.0,0.3333333333333333,1.8471337973077364,9.55806970784158,2.4605303126969478,8.0,0.625,7.275762294301858,9.0,0.4444444444444444,3.3700136627065245,"{""family_mask"": 1, ""direction"": 0, ""rr"": 2.6, ""sl_atr"": 2.290583514208926, ""min_stop_pct"": 0.004344542805169285, ""max_hold"": 576, ""cooldown"": 19, ""session_start"": 0, ""session_end"": 24, ""weekday_mask"": 62, ""adx_trend_min"": 20.803751455882995, ""adx_range_max"": 20.41778991154277, ""rsi_long_min"": 39.75871284207979, ""rsi_long_max"": 71.11342189455647, ""volz_break"": 0.04630035893423362, ""body_min"": 0.6780419757960799, ""close_loc_min"": 0.6574005077532525, ""eff_min"": 0.42513290847394003, ""atr_rank_min"": 0.2797676892659594, ""squeeze_rank_max"": 0.3897539752756368, ""vwap_dev_entry"": 0.5986625189004863, ""pull_idx"": 6, ""don_idx"": 0, ""trail_trigger"": 2.3461330665279867, ""trail_lock"": 2.151487930121516}"
75,38.14090861852938,False,趋势回踩+震荡反转,双向,23.0,0.5217391304347826,1.5417178637713482,26.0,0.4230769230769231,1.513716021686398,10.499057181872226,3.6446941019394368,11.0,0.5454545454545454,3.230226868388678,12.0,0.5,5.276558828343246,"{""family_mask"": 5, ""direction"": 0, ""rr"": 2.4, ""sl_atr"": 2.598371850034251, ""min_stop_pct"": 0.0030127469397678527, ""max_hold"": 216, ""cooldown"": 35, ""session_start"": 0, ""session_end"": 24, ""weekday_mask"": 62, ""adx_trend_min"": 19.22586715917676, ""adx_range_max"": 16.09835210926335, ""rsi_long_min"": 46.85984049093648, ""rsi_long_max"": 69.02912899063887, ""volz_break"": 0.8785135764693959, ""body_min"": 0.41938948253751085, ""close_loc_min"": 0.6486229238476657, ""eff_min"": 0.5250710276701049, ""atr_rank_min"": 0.19968658727436023, ""squeeze_rank_max"": 0.4951696128140673, ""vwap_dev_entry"": 0.9201329389864221, ""pull_idx"": 7, ""don_idx"": 0, ""trail_trigger"": 2.0617433019087157, ""trail_lock"": 1.7682075689853585}"
76,38.006499169619005,False,趋势回踩+压缩突破,双向,15.0,0.5333333333333333,1.9996040050677533,23.0,0.30434782608695654,1.7205164662271872,4.329380928968095,1.812788434696489,7.0,0.42857142857142855,0.724960280284799,8.0,0.625,8.18201546280543,"{""family_mask"": 3, ""direction"": 0, ""rr"": 3.0, ""sl_atr"": 1.0597796980066065, ""min_stop_pct"": 0.006303485974207334, ""max_hold"": 288, ""cooldown"": 28, ""session_start"": 0, ""session_end"": 24, ""weekday_mask"": 124, ""adx_trend_min"": 17.458926077253036, ""adx_range_max"": 23.01757274885481, ""rsi_long_min"": 44.41483150495575, ""rsi_long_max"": 67.13631938305389, ""volz_break"": 0.3930327170304568, ""body_min"": 0.515598955242944, ""close_loc_min"": 0.7872384544143503, ""eff_min"": 0.301289692250635, ""atr_rank_min"": 0.7171825659050419, ""squeeze_rank_max"": 0.5309269640653017, ""vwap_dev_entry"": 2.2010275207412633, ""pull_idx"": 1, ""don_idx"": 0, ""trail_trigger"": 2.0910253157173626, ""trail_lock"": 2.0071811250309755}"
77,35.602545998309736,False,趋势回踩,双向,17.0,0.5294117647058824,1.6123629190707172,14.0,0.2857142857142857,1.3080705531269172,2.203496696063315,2.508004986344446,7.0,0.5714285714285714,4.158315950149674,10.0,0.5,4.004144092126156,"{""family_mask"": 1, ""direction"": 0, ""rr"": 2.6, ""sl_atr"": 1.787592760148649, ""min_stop_pct"": 0.003955538904078821, ""max_hold"": 144, ""cooldown"": 4, ""session_start"": 0, ""session_end"": 24, ""weekday_mask"": 127, ""adx_trend_min"": 30.113419695935907, ""adx_range_max"": 16.20134149922919, ""rsi_long_min"": 53.4865715927931, ""rsi_long_max"": 75.60373273430436, ""volz_break"": 0.5861783708949109, ""body_min"": 0.564093819108595, ""close_loc_min"": 0.7963479947158378, ""eff_min"": 0.20419273303711902, ""atr_rank_min"": 0.3493705440261907, ""squeeze_rank_max"": 0.4696440396929603, ""vwap_dev_entry"": 1.8027281722083286, ""pull_idx"": 3, ""don_idx"": 0, ""trail_trigger"": 1.93084467915004, ""trail_lock"": 1.8668130413743047}"
78,35.11570660542007,False,趋势回踩,双向,17.0,0.5294117647058824,1.9338932216185991,24.0,0.2916666666666667,1.70429950216918,4.346936538575496,3.7318466935185697,7.0,0.42857142857142855,3.244131721105743,10.0,0.6,7.0799863106472785,"{""family_mask"": 1, ""direction"": 0, ""rr"": 2.6, ""sl_atr"": 2.4796936615348786, ""min_stop_pct"": 0.0036232342087621624, ""max_hold"": 216, ""cooldown"": 11, ""session_start"": 0, ""session_end"": 24, ""weekday_mask"": 62, ""adx_trend_min"": 31.634653508620072, ""adx_range_max"": 22.133765251735237, ""rsi_long_min"": 40.5110144569901, ""rsi_long_max"": 71.31035079608894, ""volz_break"": 0.01410910385044506, ""body_min"": 0.2714872033700706, ""close_loc_min"": 0.7395785437462453, ""eff_min"": 0.25448129399644526, ""atr_rank_min"": 0.73407811794686, ""squeeze_rank_max"": 0.15844431594217975, ""vwap_dev_entry"": 2.049392339330393, ""pull_idx"": 8, ""don_idx"": 0, ""trail_trigger"": 2.246281535216872, ""trail_lock"": 1.9120415629741774}"
79,34.15841729506106,False,趋势回踩+压缩突破,双向,19.0,0.5263157894736842,1.5561160846167446,22.0,0.2727272727272727,1.7961565131448096,1.9894311351347571,3.96224462005192,12.0,0.5,3.4649539324595917,7.0,0.5714285714285714,5.229209143281382,"{""family_mask"": 3, ""direction"": 0, ""rr"": 2.8, ""sl_atr"": 1.681922539587938, ""min_stop_pct"": 0.0030650413392312556, ""max_hold"": 576, ""cooldown"": 5, ""session_start"": 0, ""session_end"": 24, ""weekday_mask"": 62, ""adx_trend_min"": 27.20594227402642, ""adx_range_max"": 19.21015181505338, ""rsi_long_min"": 41.845515184174964, ""rsi_long_max"": 75.65787257105345, ""volz_break"": 0.530966727110908, ""body_min"": 0.3387008357631564, ""close_loc_min"": 0.6098783533394383, ""eff_min"": 0.24085586968268244, ""atr_rank_min"": 0.35400226185197536, ""squeeze_rank_max"": 0.28363700185705076, ""vwap_dev_entry"": 0.8154272272823662, ""pull_idx"": 3, ""don_idx"": 1, ""trail_trigger"": 2.422056279241894, ""trail_lock"": 2.1143402923547296}"
80,34.02971627079906,False,趋势回踩,双向,17.0,0.5294117647058824,1.621432179004229,26.0,0.34615384615384615,1.6260695946554602,4.806301264763589,2.2707892267494785,8.0,0.5,2.3334722880216923,9.0,0.5555555555555556,5.150268846201463,"{""family_mask"": 1, ""direction"": 0, ""rr"": 2.4, ""sl_atr"": 1.7870658141300044, ""min_stop_pct"": 0.007433476686771099, ""max_hold"": 576, ""cooldown"": 15, ""session_start"": 0, ""session_end"": 24, ""weekday_mask"": 62, ""adx_trend_min"": 18.39350976227291, ""adx_range_max"": 19.64530186708517, ""rsi_long_min"": 43.234938484368655, ""rsi_long_max"": 71.20750960059144, ""volz_break"": 0.7404153982053476, ""body_min"": 0.2788846406725928, ""close_loc_min"": 0.8723645931259754, ""eff_min"": 0.22186639934804256, ""atr_rank_min"": 0.4840213197284683, ""squeeze_rank_max"": 0.14635375137514453, ""vwap_dev_entry"": 1.0481431552622673, ""pull_idx"": 3, ""don_idx"": 0, ""trail_trigger"": 1.996313696342498, ""trail_lock"": 1.85334162703005}"
81,33.064822360069385,False,趋势回踩+压缩突破,双向,20.0,0.55,1.427981958594123,23.0,0.4782608695652174,1.4890896787221295,13.835646112310931,3.772761021550843,10.0,0.5,1.304603351390765,10.0,0.6,7.153443800675529,"{""family_mask"": 3, ""direction"": 0, ""rr"": 2.8, ""sl_atr"": 1.730001064800713, ""min_stop_pct"": 0.0038201889266212107, ""max_hold"": 432, ""cooldown"": 17, ""session_start"": 0, ""session_end"": 24, ""weekday_mask"": 62, ""adx_trend_min"": 21.561974378348303, ""adx_range_max"": 19.57654887982583, ""rsi_long_min"": 39.931312405278625, ""rsi_long_max"": 72.44864549491163, ""volz_break"": 1.2626098783049724, ""body_min"": 0.5602558179560291, ""close_loc_min"": 0.6327435529979105, ""eff_min"": 0.4558561961501825, ""atr_rank_min"": 0.36629453334120166, ""squeeze_rank_max"": 0.30886461621927974, ""vwap_dev_entry"": 1.7462611949985798, ""pull_idx"": 4, ""don_idx"": 1, ""trail_trigger"": 1.910785814714721, ""trail_lock"": 1.7856824333992054}"
82,30.340177757334644,False,趋势回踩+压缩突破,双向,17.0,0.5294117647058824,1.6276020756404304,32.0,0.3125,1.7473675629614023,1.4807278924285174,2.298248519837932,7.0,0.5714285714285714,2.0019757117046293,10.0,0.5,4.5414427016156065,"{""family_mask"": 3, ""direction"": 0, ""rr"": 3.0, ""sl_atr"": 1.2023028640447524, ""min_stop_pct"": 0.006722518238763428, ""max_hold"": 144, ""cooldown"": 3, ""session_start"": 0, ""session_end"": 24, ""weekday_mask"": 124, ""adx_trend_min"": 15.674701411607817, ""adx_range_max"": 19.128886758142308, ""rsi_long_min"": 49.5010212628285, ""rsi_long_max"": 66.23161964324788, ""volz_break"": 0.5910133311382104, ""body_min"": 0.38136913690876684, ""close_loc_min"": 0.7891670124875262, ""eff_min"": 0.2795133334544726, ""atr_rank_min"": 0.38645973990253596, ""squeeze_rank_max"": 0.4875070042178617, ""vwap_dev_entry"": 1.1540237984418038, ""pull_idx"": 0, ""don_idx"": 0, ""trail_trigger"": 2.5730804945982255, ""trail_lock"": 2.4741250864853637}"
83,29.31582691266756,False,趋势回踩,双向,15.0,0.5333333333333333,1.6355999948699322,21.0,0.38095238095238093,1.7863215515480313,8.579906417304299,3.49526198936078,7.0,0.5714285714285714,3.8233042926140897,8.0,0.5,3.2683241417883027,"{""family_mask"": 1, ""direction"": 0, ""rr"": 2.6, ""sl_atr"": 1.7955306987842798, ""min_stop_pct"": 0.0060669171272813415, ""max_hold"": 576, ""cooldown"": 15, ""session_start"": 0, ""session_end"": 24, ""weekday_mask"": 62, ""adx_trend_min"": 22.523620138978075, ""adx_range_max"": 24.04457421635012, ""rsi_long_min"": 51.156037566090056, ""rsi_long_max"": 63.0425047350387, ""volz_break"": 1.7804400983075508, ""body_min"": 0.4765552200569504, ""close_loc_min"": 0.707005460712523, ""eff_min"": 0.20972679381976073, ""atr_rank_min"": 0.4560479474929622, ""squeeze_rank_max"": 0.3000329608908393, ""vwap_dev_entry"": 1.65947823295145, ""pull_idx"": 6, ""don_idx"": 1, ""trail_trigger"": 2.049504113066877, ""trail_lock"": 1.9953725653770216}"
84,26.17649493758377,False,趋势回踩+压缩突破,双向,15.0,0.5333333333333333,1.6112667122270203,22.0,0.36363636363636365,1.6754107516785124,6.458053997188585,2.9426889454800027,8.0,0.5,2.9033185541270763,7.0,0.5714285714285714,4.255157564586177,"{""family_mask"": 3, ""direction"": 0, ""rr"": 2.2, ""sl_atr"": 2.680331219152865, ""min_stop_pct"": 0.0039829631455695, ""max_hold"": 216, ""cooldown"": 32, ""session_start"": 0, ""session_end"": 24, ""weekday_mask"": 31, ""adx_trend_min"": 18.00395122858439, ""adx_range_max"": 14.511069414345371, ""rsi_long_min"": 45.065534993322466, ""rsi_long_max"": 60.63637941926439, ""volz_break"": 0.5965037706170886, ""body_min"": 0.51680256448391, ""close_loc_min"": 0.6523720264329208, ""eff_min"": 0.32439625717898435, ""atr_rank_min"": 0.2191186947986313, ""squeeze_rank_max"": 0.4446880739420808, ""vwap_dev_entry"": 0.9406485718937148, ""pull_idx"": 3, ""don_idx"": 0, ""trail_trigger"": 2.092002853824769, ""trail_lock"": 1.7973496669650404}"
85,24.646056265916513,False,趋势回踩+压缩突破,双向,15.0,0.7333333333333333,1.732135526744006,17.0,0.4117647058823529,1.7560825179663666,21.96405075181852,1.275042576104724,6.0,0.6666666666666666,7.210150290402623,9.0,0.7777777777777778,11.979271929212867,"{""family_mask"": 3, ""direction"": 0, ""rr"": 3.0, ""sl_atr"": 1.7697287498269678, ""min_stop_pct"": 0.003652402026084799, ""max_hold"": 576, ""cooldown"": 11, ""session_start"": 0, ""session_end"": 24, ""weekday_mask"": 62, ""adx_trend_min"": 34.7322213909695, ""adx_range_max"": 19.069381045579433, ""rsi_long_min"": 54.52914581319927, ""rsi_long_max"": 75.08619388102835, ""volz_break"": 0.938445325213167, ""body_min"": 0.4422818784764565, ""close_loc_min"": 0.6327884418980334, ""eff_min"": 0.29987040315477637, ""atr_rank_min"": 0.6885250878589059, ""squeeze_rank_max"": 0.42147032800146056, ""vwap_dev_entry"": 1.0097361466332453, ""pull_idx"": 8, ""don_idx"": 0, ""trail_trigger"": 2.040669676423448, ""trail_lock"": 1.8604205003125731}"
86,22.238167727085127,False,趋势回踩+压缩突破,双向,17.0,0.5294117647058824,1.5537665487945158,24.0,0.25,1.5723234152139198,-3.128431497166538,2.498441142380687,10.0,0.5,3.6600537604093004,7.0,0.5714285714285714,3.812187348176634,"{""family_mask"": 3, ""direction"": 0, ""rr"": 2.6, ""sl_atr"": 1.34116758017351, ""min_stop_pct"": 0.0040307230456317535, ""max_hold"": 576, ""cooldown"": 6, ""session_start"": 0, ""session_end"": 24, ""weekday_mask"": 62, ""adx_trend_min"": 28.661042658818587, ""adx_range_max"": 17.88496496909943, ""rsi_long_min"": 38.03630117249812, ""rsi_long_max"": 71.27721044913301, ""volz_break"": 1.5512208304295034, ""body_min"": 0.3720334842674895, ""close_loc_min"": 0.6282038384137048, ""eff_min"": 0.23685980614161328, ""atr_rank_min"": 0.399506688840121, ""squeeze_rank_max"": 0.3501682854034994, ""vwap_dev_entry"": 1.0573859791200366, ""pull_idx"": 4, ""don_idx"": 1, ""trail_trigger"": 2.0423621694491474, ""trail_lock"": 1.9828866168010308}"
87,20.9135113887274,False,趋势回踩+压缩突破,双向,17.0,0.5294117647058824,1.5577455601131196,21.0,0.23809523809523808,1.6345563857813294,-2.18979096536626,3.664625594746327,7.0,0.5714285714285714,4.1338047814758445,10.0,0.5,3.218600319588588,"{""family_mask"": 3, ""direction"": 0, ""rr"": 2.4, ""sl_atr"": 0.9492911605824299, ""min_stop_pct"": 0.00453640900039995, ""max_hold"": 288, ""cooldown"": 17, ""session_start"": 0, ""session_end"": 24, ""weekday_mask"": 62, ""adx_trend_min"": 32.416189255946826, ""adx_range_max"": 15.115409426712816, ""rsi_long_min"": 46.590938097648056, ""rsi_long_max"": 68.22322600921284, ""volz_break"": -0.18463003886709545, ""body_min"": 0.4510406044229943, ""close_loc_min"": 0.6331676508972816, ""eff_min"": 0.25150707716104237, ""atr_rank_min"": 0.37849524105507854, ""squeeze_rank_max"": 0.5020225893667178, ""vwap_dev_entry"": 1.8802238521287786, ""pull_idx"": 8, ""don_idx"": 0, ""trail_trigger"": 2.225455152824368, ""trail_lock"": 1.9329241095264273}"
88,19.62676043999268,False,趋势回踩+震荡反转,双向,17.0,0.5294117647058824,1.5482072161266975,18.0,0.2777777777777778,1.6068417228733782,1.4060817092698226,3.7724642607876175,7.0,0.5714285714285714,4.172782147500783,10.0,0.5,3.27126544620664,"{""family_mask"": 5, ""direction"": 0, ""rr"": 2.4, ""sl_atr"": 2.0288121261762786, ""min_stop_pct"": 0.0038217992703713536, ""max_hold"": 288, ""cooldown"": 23, ""session_start"": 0, ""session_end"": 24, ""weekday_mask"": 62, ""adx_trend_min"": 30.70592528657085, ""adx_range_max"": 16.935795911166572, ""rsi_long_min"": 39.11142979844322, ""rsi_long_max"": 70.61081349784332, ""volz_break"": 0.9394621508261412, ""body_min"": 0.5563735555503511, ""close_loc_min"": 0.6647622277805116, ""eff_min"": 0.3367930540148791, ""atr_rank_min"": 0.5494389056838045, ""squeeze_rank_max"": 0.16069670532477204, ""vwap_dev_entry"": 1.955558839922358, ""pull_idx"": 8, ""don_idx"": 0, ""trail_trigger"": 1.956325113952035, ""trail_lock"": 1.812557530729861}"
89,19.512268598608742,False,三策略组合,双向,19.0,0.5263157894736842,1.5144878519495537,29.0,0.3793103448275862,1.5492145287221841,5.940101357795843,3.522891996105213,7.0,0.5714285714285714,2.8067739350680316,12.0,0.5,4.25882396394927,"{""family_mask"": 7, ""direction"": 0, ""rr"": 2.2, ""sl_atr"": 1.1683239254363396, ""min_stop_pct"": 0.005746675064648162, ""max_hold"": 216, ""cooldown"": 27, ""session_start"": 0, ""session_end"": 24, ""weekday_mask"": 124, ""adx_trend_min"": 16.03518911112145, ""adx_range_max"": 24.71361702472189, ""rsi_long_min"": 54.69239709356727, ""rsi_long_max"": 74.50121627546972, ""volz_break"": -0.07050169466058256, ""body_min"": 0.3513700782165336, ""close_loc_min"": 0.5916792119222063, ""eff_min"": 0.6530366811758936, ""atr_rank_min"": 0.6061329005097418, ""squeeze_rank_max"": 0.13754047850519185, ""vwap_dev_entry"": 1.3533955078055038, ""pull_idx"": 1, ""don_idx"": 0, ""trail_trigger"": 2.0125381924951196, ""trail_lock"": 1.9310701438973237}"
90,19.469075490537946,False,三策略组合,双向,17.0,0.5294117647058824,1.5594889066716868,14.0,0.35714285714285715,1.856915785421075,7.282673378832159,3.457713532293032,9.0,0.5555555555555556,3.7180757140128717,8.0,0.5,3.2367274477533856,"{""family_mask"": 7, ""direction"": 0, ""rr"": 3.0, ""sl_atr"": 0.9562988936561877, ""min_stop_pct"": 0.006592313703416935, ""max_hold"": 576, ""cooldown"": 24, ""session_start"": 13, ""session_end"": 23, ""weekday_mask"": 127, ""adx_trend_min"": 20.187249951487473, ""adx_range_max"": 15.611378994688051, ""rsi_long_min"": 44.55556833547543, ""rsi_long_max"": 62.32799331791029, ""volz_break"": 0.009884780291014916, ""body_min"": 0.5580691373970151, ""close_loc_min"": 0.5883059399890503, ""eff_min"": 0.30761409338342105, ""atr_rank_min"": 0.2716838973673429, ""squeeze_rank_max"": 0.5190128202042621, ""vwap_dev_entry"": 1.4614453260424445, ""pull_idx"": 1, ""don_idx"": 1, ""trail_trigger"": 2.0355268903940162, ""trail_lock"": 1.8173591771357314}"
91,16.803128077289628,False,趋势回踩+压缩突破,双向,17.0,0.5294117647058824,1.550509629392436,12.0,0.3333333333333333,1.2852071031346453,3.0177511076528605,2.7767017813727346,7.0,0.5714285714285714,3.6225848232095856,10.0,0.5,2.9397590535207536,"{""family_mask"": 3, ""direction"": 0, ""rr"": 2.6, ""sl_atr"": 1.985256039802795, ""min_stop_pct"": 0.003539171654732089, ""max_hold"": 216, ""cooldown"": 3, ""session_start"": 0, ""session_end"": 24, ""weekday_mask"": 127, ""adx_trend_min"": 35.632804033188634, ""adx_range_max"": 12.100786331272829, ""rsi_long_min"": 43.798255881650235, ""rsi_long_max"": 75.2263595129848, ""volz_break"": 0.4424753914269585, ""body_min"": 0.6489658896770188, ""close_loc_min"": 0.7066522396450301, ""eff_min"": 0.2515273887826527, ""atr_rank_min"": 0.7400269128061489, ""squeeze_rank_max"": 0.45216446616860645, ""vwap_dev_entry"": 1.3143463362509546, ""pull_idx"": 5, ""don_idx"": 1, ""trail_trigger"": 1.9630129133155685, ""trail_lock"": 1.8167425533836397}"
92,15.649735349426976,False,趋势回踩+压缩突破,双向,17.0,0.5294117647058824,1.7750266224625921,26.0,0.5,1.7619759432983257,20.453288028851386,4.596097910822616,9.0,0.4444444444444444,2.0042616389348082,8.0,0.625,7.1585456230394495,"{""family_mask"": 3, ""direction"": 0, ""rr"": 3.0, ""sl_atr"": 1.6810114385418298, ""min_stop_pct"": 0.006738336738603438, ""max_hold"": 576, ""cooldown"": 12, ""session_start"": 0, ""session_end"": 24, ""weekday_mask"": 62, ""adx_trend_min"": 17.335356775927252, ""adx_range_max"": 18.350044850522202, ""rsi_long_min"": 40.922605235075146, ""rsi_long_max"": 62.447752880609336, ""volz_break"": -0.14577586802775838, ""body_min"": 0.609223017389215, ""close_loc_min"": 0.7081885354836557, ""eff_min"": 0.32129165775373264, ""atr_rank_min"": 0.3449523754548598, ""squeeze_rank_max"": 0.5466703943194257, ""vwap_dev_entry"": 0.7578814386190682, ""pull_idx"": 4, ""don_idx"": 0, ""trail_trigger"": 2.1513211853182916, ""trail_lock"": 2.085933305195915}"
93,14.759457448870037,False,趋势回踩+震荡反转,双向,17.0,0.5294117647058824,1.5845339389109225,13.0,0.6153846153846154,1.1094420532394929,9.580603287568035,3.4488796117814626,7.0,0.5714285714285714,0.9621893307791356,10.0,0.5,4.200169614626677,"{""family_mask"": 5, ""direction"": 0, ""rr"": 2.6, ""sl_atr"": 1.0049819664230892, ""min_stop_pct"": 0.007169103369635638, ""max_hold"": 144, ""cooldown"": 7, ""session_start"": 0, ""session_end"": 24, ""weekday_mask"": 124, ""adx_trend_min"": 16.10138500620963, ""adx_range_max"": 22.765610344846284, ""rsi_long_min"": 47.29597168122805, ""rsi_long_max"": 64.46173485967434, ""volz_break"": 1.3831450130728622, ""body_min"": 0.3865281783910114, ""close_loc_min"": 0.7440912075443535, ""eff_min"": 0.5498794527475424, ""atr_rank_min"": 0.6178008197679952, ""squeeze_rank_max"": 0.2688778943303073, ""vwap_dev_entry"": 1.731410000333869, ""pull_idx"": 8, ""don_idx"": 1, ""trail_trigger"": 1.9421976145141384, ""trail_lock"": 1.7796357476099165}"
94,14.753020818012558,False,趋势回踩+压缩突破,双向,15.0,0.5333333333333333,1.551485019677938,17.0,0.29411764705882354,1.4506585305084037,0.9452956336848586,2.5143755935514793,7.0,0.5714285714285714,3.5524545230028606,8.0,0.5,3.2511091140021127,"{""family_mask"": 3, ""direction"": 0, ""rr"": 2.8, ""sl_atr"": 1.5642353117136707, ""min_stop_pct"": 0.003906441707247353, ""max_hold"": 576, ""cooldown"": 25, ""session_start"": 0, ""session_end"": 24, ""weekday_mask"": 62, ""adx_trend_min"": 31.894547817594827, ""adx_range_max"": 18.424176519463824, ""rsi_long_min"": 45.28258615905995, ""rsi_long_max"": 69.05747321152522, ""volz_break"": 1.306892299011493, ""body_min"": 0.2861624547122116, ""close_loc_min"": 0.7446516783794163, ""eff_min"": 0.2503699838325478, ""atr_rank_min"": 0.40438064793984196, ""squeeze_rank_max"": 0.45809477444233065, ""vwap_dev_entry"": 0.5594086368263411, ""pull_idx"": 5, ""don_idx"": 1, ""trail_trigger"": 2.0134976355912757, ""trail_lock"": 1.8508846504515162}"
95,13.772007842413771,False,趋势回踩,双向,15.0,0.5333333333333333,1.5468781595189007,14.0,0.35714285714285715,1.5774884856385345,5.364691018178592,2.5177701437921733,7.0,0.5714285714285714,3.5323911383277338,8.0,0.5,3.2324178410225124,"{""family_mask"": 1, ""direction"": 0, ""rr"": 2.8, ""sl_atr"": 1.5366052644416324, ""min_stop_pct"": 0.0038807811446223916, ""max_hold"": 576, ""cooldown"": 17, ""session_start"": 0, ""session_end"": 24, ""weekday_mask"": 127, ""adx_trend_min"": 32.463078769601054, ""adx_range_max"": 13.978568780658357, ""rsi_long_min"": 54.20595987371418, ""rsi_long_max"": 75.805816040432, ""volz_break"": -0.24085596217296987, ""body_min"": 0.592906600079387, ""close_loc_min"": 0.6419308842552336, ""eff_min"": 0.320297483112296, ""atr_rank_min"": 0.18175820475110188, ""squeeze_rank_max"": 0.2811668338788582, ""vwap_dev_entry"": 1.8012275507656066, ""pull_idx"": 4, ""don_idx"": 0, ""trail_trigger"": 1.953235787196102, ""trail_lock"": 1.8478210599082927}"
96,11.438584971343289,False,趋势回踩+震荡反转,双向,17.0,0.5882352941176471,1.2881092965791139,18.0,0.3888888888888889,1.5832613139218639,7.6656551820853425,2.5767422259463864,7.0,0.5714285714285714,3.4582910041214427,10.0,0.6,4.106148856774168,"{""family_mask"": 5, ""direction"": 0, ""rr"": 3.0, ""sl_atr"": 1.873341731837269, ""min_stop_pct"": 0.003482964131204619, ""max_hold"": 432, ""cooldown"": 10, ""session_start"": 0, ""session_end"": 24, ""weekday_mask"": 62, ""adx_trend_min"": 34.369529591542985, ""adx_range_max"": 23.48286362640726, ""rsi_long_min"": 49.17961608116477, ""rsi_long_max"": 74.55645006826725, ""volz_break"": -0.17945760787892995, ""body_min"": 0.254188469105302, ""close_loc_min"": 0.6075004641314437, ""eff_min"": 0.2934063391846279, ""atr_rank_min"": 0.5335873514214543, ""squeeze_rank_max"": 0.14750369798442006, ""vwap_dev_entry"": 1.2349662749384884, ""pull_idx"": 5, ""don_idx"": 0, ""trail_trigger"": 1.9947400037234475, ""trail_lock"": 1.8189770608945963}"
97,11.282717490146709,False,趋势回踩+压缩突破,双向,17.0,0.5294117647058824,1.5084388051354396,18.0,0.3888888888888889,1.8875326300002724,9.452161955662001,2.4725367658801005,7.0,0.5714285714285714,4.309119425475831,10.0,0.5,2.501291901813478,"{""family_mask"": 3, ""direction"": 0, ""rr"": 2.6, ""sl_atr"": 2.6710820902477437, ""min_stop_pct"": 0.0037785213197922864, ""max_hold"": 288, ""cooldown"": 8, ""session_start"": 0, ""session_end"": 24, ""weekday_mask"": 127, ""adx_trend_min"": 31.576582005999075, ""adx_range_max"": 24.39567552221902, ""rsi_long_min"": 49.77389768918789, ""rsi_long_max"": 75.17288187129697, ""volz_break"": 1.0089561639977476, ""body_min"": 0.6556747713281569, ""close_loc_min"": 0.6841123513445195, ""eff_min"": 0.3150523502572673, ""atr_rank_min"": 0.7718804182203856, ""squeeze_rank_max"": 0.5471416563460676, ""vwap_dev_entry"": 1.6931252770584855, ""pull_idx"": 7, ""don_idx"": 1, ""trail_trigger"": 2.3357135005164045, ""trail_lock"": 2.0962764324844843}"
98,5.472947422956807,False,三策略组合,双向,15.0,0.5333333333333333,1.5325391153620287,18.0,0.3888888888888889,1.4697559242188198,5.144910263389087,4.001299773108862,7.0,0.5714285714285714,3.241674382587626,8.0,0.5,2.7068971252408884,"{""family_mask"": 7, ""direction"": 0, ""rr"": 2.4, ""sl_atr"": 2.5406589938263955, ""min_stop_pct"": 0.007675207744278837, ""max_hold"": 432, ""cooldown"": 16, ""session_start"": 0, ""session_end"": 24, ""weekday_mask"": 31, ""adx_trend_min"": 14.495907643053274, ""adx_range_max"": 24.419688811442786, ""rsi_long_min"": 41.14217790119759, ""rsi_long_max"": 65.0803126325412, ""volz_break"": 1.1386261908351785, ""body_min"": 0.5367863938496952, ""close_loc_min"": 0.7657349517002291, ""eff_min"": 0.5402819616917067, ""atr_rank_min"": 0.76760447618051, ""squeeze_rank_max"": 0.2864991283998653, ""vwap_dev_entry"": 2.380810493413716, ""pull_idx"": 7, ""don_idx"": 0, ""trail_trigger"": 1.9881571390129944, ""trail_lock"": 1.783032818292412}"
99,5.311719085695955,False,趋势回踩+震荡反转,双向,19.0,0.5263157894736842,1.629462207182691,23.0,0.30434782608695654,1.5301108107169097,2.2722367578930074,3.5627095765465695,8.0,0.625,5.657784230913316,11.0,0.45454545454545453,2.8754999454373324,"{""family_mask"": 5, ""direction"": 0, ""rr"": 2.4, ""sl_atr"": 1.5030992110160155, ""min_stop_pct"": 0.005340312022988007, ""max_hold"": 216, ""cooldown"": 3, ""session_start"": 0, ""session_end"": 24, ""weekday_mask"": 124, ""adx_trend_min"": 18.713119007899294, ""adx_range_max"": 24.84288803811557, ""rsi_long_min"": 45.61550123795331, ""rsi_long_max"": 75.55934190417591, ""volz_break"": 1.310650539176283, ""body_min"": 0.5751919793032957, ""close_loc_min"": 0.7106635924769212, ""eff_min"": 0.6830887905154792, ""atr_rank_min"": 0.43633150122374076, ""squeeze_rank_max"": 0.377315836472821, ""vwap_dev_entry"": 0.916771849983062, ""pull_idx"": 4, ""don_idx"": 1, ""trail_trigger"": 2.045844912012396, ""trail_lock"": 1.7871119076570863}"
100,4.888412761839234,False,趋势回踩+压缩突破,双向,17.0,0.5294117647058824,1.5052005329787044,24.0,0.3333333333333333,1.7051115346900452,3.2160712041702544,3.5199443210898522,7.0,0.5714285714285714,1.9633867080617744,10.0,0.5,3.929237956125784,"{""family_mask"": 3, ""direction"": 0, ""rr"": 2.8, ""sl_atr"": 2.519617163139938, ""min_stop_pct"": 0.005778600899154246, ""max_hold"": 144, ""cooldown"": 14, ""session_start"": 0, ""session_end"": 24, ""weekday_mask"": 124, ""adx_trend_min"": 17.094689687342207, ""adx_range_max"": 17.734108102205482, ""rsi_long_min"": 49.264626053836096, ""rsi_long_max"": 61.02760970200643, ""volz_break"": 0.8994736027305441, ""body_min"": 0.5242411900734523, ""close_loc_min"": 0.7286222003225078, ""eff_min"": 0.18893028885692292, ""atr_rank_min"": 0.7492207073686369, ""squeeze_rank_max"": 0.21445816866367295, ""vwap_dev_entry"": 1.9240400332280123, ""pull_idx"": 3, ""don_idx"": 0, ""trail_trigger"": 2.4340891329906986, ""trail_lock"": 1.9302129303324775}"
101,4.703395370884962,False,趋势回踩,双向,15.0,0.5333333333333333,1.5464982358813288,24.0,0.4583333333333333,1.43501828343002,8.034407237449132,2.255216760147487,7.0,0.5714285714285714,3.377900695468127,8.0,0.5,1.5230903811790797,"{""family_mask"": 1, ""direction"": 0, ""rr"": 2.4, ""sl_atr"": 2.7904552678417454, ""min_stop_pct"": 0.0078888265518791, ""max_hold"": 144, ""cooldown"": 16, ""session_start"": 0, ""session_end"": 24, ""weekday_mask"": 62, ""adx_trend_min"": 16.654303195527405, ""adx_range_max"": 13.056873256445446, ""rsi_long_min"": 43.58188762413153, ""rsi_long_max"": 62.815908817595115, ""volz_break"": 0.6475871688958172, ""body_min"": 0.5894182588349571, ""close_loc_min"": 0.82190808871235, ""eff_min"": 0.2395601475103678, ""atr_rank_min"": 0.1649498676455594, ""squeeze_rank_max"": 0.45232607916606843, ""vwap_dev_entry"": 2.0619787708078636, ""pull_idx"": 5, ""don_idx"": 0, ""trail_trigger"": 1.9425799125195344, ""trail_lock"": 1.8117504554076158}"
102,2.511866549266699,False,趋势回踩+压缩突破,双向,17.0,0.5294117647058824,1.6797562121979939,19.0,0.3157894736842105,1.796730174803577,6.46370391621359,2.6099447048987177,8.0,0.625,6.736922130902153,9.0,0.4444444444444444,2.548919749331586,"{""family_mask"": 3, ""direction"": 0, ""rr"": 2.8, ""sl_atr"": 1.3961745188208508, ""min_stop_pct"": 0.00329286045121603, ""max_hold"": 576, ""cooldown"": 15, ""session_start"": 0, ""session_end"": 24, ""weekday_mask"": 127, ""adx_trend_min"": 28.23134031729598, ""adx_range_max"": 24.93285182412446, ""rsi_long_min"": 43.56356085516062, ""rsi_long_max"": 64.7744283775904, ""volz_break"": 1.5991080913556626, ""body_min"": 0.4318440876277037, ""close_loc_min"": 0.6753775741283777, ""eff_min"": 0.2602847830734353, ""atr_rank_min"": 0.6070666227383008, ""squeeze_rank_max"": 0.17463428091123664, ""vwap_dev_entry"": 2.1231123999967862, ""pull_idx"": 3, ""don_idx"": 1, ""trail_trigger"": 2.4077642693499937, ""trail_lock"": 2.343478747270399}"
103,0.35726195468684807,False,趋势回踩+压缩突破,双向,15.0,0.5333333333333333,1.4984623644819532,12.0,0.3333333333333333,1.7465225989148747,5.202934962235214,3.8774322341855196,8.0,0.5,1.0027958513119735,7.0,0.5714285714285714,5.420552407774728,"{""family_mask"": 3, ""direction"": 0, ""rr"": 2.8, ""sl_atr"": 1.9840787344311477, ""min_stop_pct"": 0.0031577607714351657, ""max_hold"": 216, ""cooldown"": 11, ""session_start"": 15, ""session_end"": 24, ""weekday_mask"": 31, ""adx_trend_min"": 18.374801120967568, ""adx_range_max"": 17.101991719926623, ""rsi_long_min"": 45.173883450762766, ""rsi_long_max"": 66.99197874302126, ""volz_break"": 1.4957879982672029, ""body_min"": 0.37119520929527394, ""close_loc_min"": 0.5867645360923897, ""eff_min"": 0.2495548410467565, ""atr_rank_min"": 0.743492341873096, ""squeeze_rank_max"": 0.23173457190261457, ""vwap_dev_entry"": 0.8978512618326666, ""pull_idx"": 4, ""don_idx"": 1, ""trail_trigger"": 2.3240030120520005, ""trail_lock"": 2.0659942664250335}"
104,-0.08963058334794027,False,趋势回踩+压缩突破,双向,19.0,0.5263157894736842,1.7418870063172391,24.0,0.3333333333333333,1.7957459532693878,8.524568135692068,3.6470814671484586,7.0,0.7142857142857143,7.562907324615161,12.0,0.4166666666666667,2.9310781079749035,"{""family_mask"": 3, ""direction"": 0, ""rr"": 2.6, ""sl_atr"": 2.197091784353116, ""min_stop_pct"": 0.003562243095391899, ""max_hold"": 432, ""cooldown"": 4, ""session_start"": 0, ""session_end"": 24, ""weekday_mask"": 127, ""adx_trend_min"": 33.269668645607915, ""adx_range_max"": 21.21338848784946, ""rsi_long_min"": 41.45184212555807, ""rsi_long_max"": 70.74278390916537, ""volz_break"": 0.486810107500211, ""body_min"": 0.6474703808880709, ""close_loc_min"": 0.5880592416605085, ""eff_min"": 0.19272432945127835, ""atr_rank_min"": 0.44304447365150235, ""squeeze_rank_max"": 0.4189474918970589, ""vwap_dev_entry"": 0.6541673965427738, ""pull_idx"": 8, ""don_idx"": 1, ""trail_trigger"": 2.279866513411358, ""trail_lock"": 1.8044608768007824}"
105,-0.13157419469682452,False,趋势回踩+压缩突破,双向,15.0,0.5333333333333333,1.503348990869737,18.0,0.2777777777777778,1.7940721197516354,1.1249468887749507,3.3843951037646436,7.0,0.5714285714285714,4.4609321156787,8.0,0.5,1.2111421807143792,"{""family_mask"": 3, ""direction"": 0, ""rr"": 2.4, ""sl_atr"": 1.0727917210597715, ""min_stop_pct"": 0.007814386286016436, ""max_hold"": 288, ""cooldown"": 5, ""session_start"": 0, ""session_end"": 24, ""weekday_mask"": 124, ""adx_trend_min"": 15.200576347244162, ""adx_range_max"": 19.79511904285431, ""rsi_long_min"": 53.16316804031987, ""rsi_long_max"": 61.05009869978531, ""volz_break"": -0.2722048234739885, ""body_min"": 0.35888123318695575, ""close_loc_min"": 0.6765072256723966, ""eff_min"": 0.4106355062500193, ""atr_rank_min"": 0.15264478226157865, ""squeeze_rank_max"": 0.26065865470872207, ""vwap_dev_entry"": 2.0075496994384077, ""pull_idx"": 8, ""don_idx"": 0, ""trail_trigger"": 2.0954884896887327, ""trail_lock"": 1.77941139305909}"
106,-0.9710160625255142,False,三策略组合,双向,15.0,0.5333333333333333,1.4965693961764148,18.0,0.3333333333333333,1.5171169581231903,2.7564306804726035,2.5629998848969224,8.0,0.5,1.7096549967514971,7.0,0.5714285714285714,4.651247210780998,"{""family_mask"": 7, ""direction"": 0, ""rr"": 2.4, ""sl_atr"": 2.0632110362159404, ""min_stop_pct"": 0.0035677071275666715, ""max_hold"": 288, ""cooldown"": 18, ""session_start"": 0, ""session_end"": 24, ""weekday_mask"": 62, ""adx_trend_min"": 30.474975125357144, ""adx_range_max"": 19.340424745362792, ""rsi_long_min"": 43.05797236975337, ""rsi_long_max"": 69.80445252703842, ""volz_break"": 1.5063792545895127, ""body_min"": 0.32230560028956906, ""close_loc_min"": 0.6753672203976008, ""eff_min"": 0.19333558726596892, ""atr_rank_min"": 0.2374843376626522, ""squeeze_rank_max"": 0.35973557044630616, ""vwap_dev_entry"": 1.0401749747409954, ""pull_idx"": 1, ""don_idx"": 0, ""trail_trigger"": 2.087351487205926, ""trail_lock"": 1.8535713452283784}"
107,-3.922766682691204,False,趋势回踩+压缩突破,双向,20.0,0.55,1.401690973395257,35.0,0.4,1.4143222203758687,6.908727264458513,4.432458220392363,8.0,0.5,1.450854746888478,12.0,0.5833333333333334,6.986337971725188,"{""family_mask"": 3, ""direction"": 0, ""rr"": 2.4, ""sl_atr"": 1.6390823329126485, ""min_stop_pct"": 0.003082900624582947, ""max_hold"": 216, ""cooldown"": 27, ""session_start"": 0, ""session_end"": 24, ""weekday_mask"": 127, ""adx_trend_min"": 16.205732061881093, ""adx_range_max"": 23.905097707445442, ""rsi_long_min"": 42.50542626253651, ""rsi_long_max"": 75.93638393077941, ""volz_break"": 1.5014786352036356, ""body_min"": 0.4124197175816431, ""close_loc_min"": 0.8583608076493263, ""eff_min"": 0.6910216553444051, ""atr_rank_min"": 0.5045270633081334, ""squeeze_rank_max"": 0.4497679585478967, ""vwap_dev_entry"": 0.9584156454933439, ""pull_idx"": 5, ""don_idx"": 1, ""trail_trigger"": 2.103291934559381, ""trail_lock"": 1.8838395472573062}"
108,-4.306865441630251,False,趋势回踩+震荡反转,双向,15.0,0.5333333333333333,1.4953523864283316,8.0,0.5,1.74569818329969,9.657546157455222,2.5757888947327174,7.0,0.5714285714285714,3.838891969451435,8.0,0.5,2.1913703955955226,"{""family_mask"": 5, ""direction"": 0, ""rr"": 2.8, ""sl_atr"": 2.135938029059941, ""min_stop_pct"": 0.0034824149991963564, ""max_hold"": 144, ""cooldown"": 7, ""session_start"": 0, ""session_end"": 24, ""weekday_mask"": 62, ""adx_trend_min"": 34.41857223446549, ""adx_range_max"": 12.739234640509025, ""rsi_long_min"": 53.35699217055979, ""rsi_long_max"": 72.77917051593651, ""volz_break"": 0.8487607530674908, ""body_min"": 0.5423345415055257, ""close_loc_min"": 0.7690422322626724, ""eff_min"": 0.18822155157819062, ""atr_rank_min"": 0.3689448638495061, ""squeeze_rank_max"": 0.1206260496513713, ""vwap_dev_entry"": 1.1344938699400624, ""pull_idx"": 7, ""don_idx"": 1, ""trail_trigger"": 1.9134922622834634, ""trail_lock"": 1.8627442359065733}"
109,-4.381898199405697,False,三策略组合,双向,16.0,0.5625,1.4400673735678775,25.0,0.64,1.1111514577433605,14.82367741583844,1.843464813591704,7.0,0.7142857142857143,2.403458651410726,9.0,0.4444444444444444,2.394065532803833,"{""family_mask"": 7, ""direction"": 0, ""rr"": 2.2, ""sl_atr"": 2.0614192284818187, ""min_stop_pct"": 0.007071906630185172, ""max_hold"": 144, ""cooldown"": 29, ""session_start"": 0, ""session_end"": 24, ""weekday_mask"": 124, ""adx_trend_min"": 15.447706977882092, ""adx_range_max"": 24.08974800928784, ""rsi_long_min"": 54.173147156346104, ""rsi_long_max"": 75.62606689056092, ""volz_break"": -0.2909407274440561, ""body_min"": 0.5222636731282785, ""close_loc_min"": 0.6296183669545333, ""eff_min"": 0.47226628390740744, ""atr_rank_min"": 0.47823170577096397, ""squeeze_rank_max"": 0.17029928408027173, ""vwap_dev_entry"": 0.9484839630259251, ""pull_idx"": 3, ""don_idx"": 0, ""trail_trigger"": 2.029669324295092, ""trail_lock"": 1.9055458572939474}"
110,-4.6368201475034425,False,趋势回踩,双向,19.0,0.5263157894736842,1.6069584836862925,20.0,0.3,1.5660352595101188,3.279094991528293,2.52147570742922,10.0,0.6,7.052214679934937,9.0,0.4444444444444444,1.8197731108034263,"{""family_mask"": 1, ""direction"": 0, ""rr"": 2.8, ""sl_atr"": 2.0006799634368413, ""min_stop_pct"": 0.003837767278495166, ""max_hold"": 576, ""cooldown"": 6, ""session_start"": 0, ""session_end"": 24, ""weekday_mask"": 62, ""adx_trend_min"": 28.17119172214753, ""adx_range_max"": 15.214713721689945, ""rsi_long_min"": 38.95115814552339, ""rsi_long_max"": 72.74357457825084, ""volz_break"": 0.1678302853089918, ""body_min"": 0.44734172441183373, ""close_loc_min"": 0.8202281048922262, ""eff_min"": 0.19554473640308487, ""atr_rank_min"": 0.41229614906596335, ""squeeze_rank_max"": 0.1395393497798635, ""vwap_dev_entry"": 0.9830595081695952, ""pull_idx"": 7, ""don_idx"": 0, ""trail_trigger"": 1.9398355980413198, ""trail_lock"": 1.7549674263303519}"
111,-18.45053636382137,False,趋势回踩+压缩突破,双向,17.0,0.5294117647058824,1.696740360360767,27.0,0.25925925925925924,1.6857770506660497,-1.9238225610596358,3.5853968598934873,7.0,0.42857142857142855,2.3982555598926742,10.0,0.6,5.211019093051117,"{""family_mask"": 3, ""direction"": 0, ""rr"": 2.4, ""sl_atr"": 2.2562442663254902, ""min_stop_pct"": 0.005151957302686118, ""max_hold"": 216, ""cooldown"": 19, ""session_start"": 0, ""session_end"": 24, ""weekday_mask"": 62, ""adx_trend_min"": 31.939984831112067, ""adx_range_max"": 20.83037093397671, ""rsi_long_min"": 38.51329557566821, ""rsi_long_max"": 75.97294548324632, ""volz_break"": 1.7070546877087802, ""body_min"": 0.22526461488878086, ""close_loc_min"": 0.7302919068142423, ""eff_min"": 0.20640691491321517, ""atr_rank_min"": 0.6073439251256754, ""squeeze_rank_max"": 0.3892776903176057, ""vwap_dev_entry"": 0.9748595236635103, ""pull_idx"": 8, ""don_idx"": 0, ""trail_trigger"": 2.197192353090747, ""trail_lock"": 1.7759677534542258}"
112,-18.766944373789954,False,趋势回踩,双向,19.0,0.5263157894736842,1.5618783745013174,19.0,0.631578947368421,1.5672018388767404,22.101294706215775,3.8298918543049485,10.0,0.6,5.829750687296729,9.0,0.4444444444444444,2.052938043682537,"{""family_mask"": 1, ""direction"": 0, ""rr"": 2.2, ""sl_atr"": 2.0962033777985565, ""min_stop_pct"": 0.0033454378471630343, ""max_hold"": 216, ""cooldown"": 9, ""session_start"": 0, ""session_end"": 24, ""weekday_mask"": 62, ""adx_trend_min"": 16.295420234175992, ""adx_range_max"": 14.763405226060048, ""rsi_long_min"": 44.33110831474925, ""rsi_long_max"": 71.24607203083147, ""volz_break"": 0.06245539424933266, ""body_min"": 0.38171335655174055, ""close_loc_min"": 0.8282131750441535, ""eff_min"": 0.39373518544538866, ""atr_rank_min"": 0.29613121065479664, ""squeeze_rank_max"": 0.28205551588479083, ""vwap_dev_entry"": 1.740739023631952, ""pull_idx"": 3, ""don_idx"": 1, ""trail_trigger"": 2.0737437037435402, ""trail_lock"": 1.9702557956142652}"
113,-19.30666532468105,False,趋势回踩,双向,15.0,0.5333333333333333,1.7145151419076197,37.0,0.35135135135135137,1.393162247560099,0.9918223295187811,4.656940469915777,7.0,0.42857142857142855,0.17662997143945702,8.0,0.625,7.643330708687901,"{""family_mask"": 1, ""direction"": 0, ""rr"": 2.8, ""sl_atr"": 1.68401986577115, ""min_stop_pct"": 0.006113308877894066, ""max_hold"": 576, ""cooldown"": 13, ""session_start"": 0, ""session_end"": 24, ""weekday_mask"": 62, ""adx_trend_min"": 16.047876821121314, ""adx_range_max"": 17.81436653585533, ""rsi_long_min"": 46.52163611301945, ""rsi_long_max"": 72.11708995812299, ""volz_break"": 0.879970883778721, ""body_min"": 0.5420069716622132, ""close_loc_min"": 0.6747528744298856, ""eff_min"": 0.4041962566238486, ""atr_rank_min"": 0.4852180346111896, ""squeeze_rank_max"": 0.4223755652386861, ""vwap_dev_entry"": 1.2524191432072134, ""pull_idx"": 1, ""don_idx"": 0, ""trail_trigger"": 1.9651360880161226, ""trail_lock"": 1.77547053814967}"
114,-22.263222690578,False,趋势回踩+压缩突破,双向,17.0,0.5294117647058824,1.4770638816321495,16.0,0.1875,1.5592726623279622,-3.6818746962664983,2.7817819087051454,7.0,0.5714285714285714,4.831965236418421,10.0,0.5,1.9109708309620261,"{""family_mask"": 3, ""direction"": 0, ""rr"": 2.6, ""sl_atr"": 1.6816007446517975, ""min_stop_pct"": 0.003554352787482935, ""max_hold"": 288, ""cooldown"": 19, ""session_start"": 0, ""session_end"": 24, ""weekday_mask"": 127, ""adx_trend_min"": 31.126691396038986, ""adx_range_max"": 20.18849973728073, ""rsi_long_min"": 39.93043853173339, ""rsi_long_max"": 73.33880862141056, ""volz_break"": 0.9799891816599817, ""body_min"": 0.46821729065269635, ""close_loc_min"": 0.831437070183086, ""eff_min"": 0.27797775704779054, ""atr_rank_min"": 0.5926864223734907, ""squeeze_rank_max"": 0.1823599077985332, ""vwap_dev_entry"": 0.9779561455977209, ""pull_idx"": 2, ""don_idx"": 1, ""trail_trigger"": 2.3994820036802205, ""trail_lock"": 1.9835177105389492}"
115,-22.9185355452189,False,趋势回踩+压缩突破,双向,17.0,0.5882352941176471,1.266635396677707,21.0,0.3333333333333333,1.287572672103045,0.8566418182788704,4.766862987860694,8.0,0.625,4.501256453330136,9.0,0.5555555555555556,2.6441846599007546,"{""family_mask"": 3, ""direction"": 0, ""rr"": 2.4, ""sl_atr"": 0.994387192901341, ""min_stop_pct"": 0.003846125895380383, ""max_hold"": 216, ""cooldown"": 32, ""session_start"": 0, ""session_end"": 24, ""weekday_mask"": 127, ""adx_trend_min"": 26.654908588016703, ""adx_range_max"": 21.105723639947705, ""rsi_long_min"": 38.29636425369236, ""rsi_long_max"": 68.0150889117843, ""volz_break"": 1.2267247991276857, ""body_min"": 0.5179087904159805, ""close_loc_min"": 0.581738202343938, ""eff_min"": 0.2257182203283552, ""atr_rank_min"": 0.4382719198876718, ""squeeze_rank_max"": 0.39523191996130924, ""vwap_dev_entry"": 1.8373377130876678, ""pull_idx"": 0, ""don_idx"": 0, ""trail_trigger"": 1.935652771889165, ""trail_lock"": 1.7977384253856967}"
116,-23.109014538311627,False,趋势回踩+震荡反转,双向,15.0,0.5333333333333333,1.6976913642232985,20.0,0.25,1.966188081841175,0.9635259044587439,2.53243106451539,7.0,0.42857142857142855,2.4198268648537815,8.0,0.625,4.701790156518312,"{""family_mask"": 5, ""direction"": 0, ""rr"": 2.6, ""sl_atr"": 1.1535178923190026, ""min_stop_pct"": 0.0038486127680318, ""max_hold"": 216, ""cooldown"": 18, ""session_start"": 0, ""session_end"": 24, ""weekday_mask"": 127, ""adx_trend_min"": 32.270457092562296, ""adx_range_max"": 12.953897779065779, ""rsi_long_min"": 40.73566614430282, ""rsi_long_max"": 74.62455878477661, ""volz_break"": 1.3211647325693452, ""body_min"": 0.4483490442970948, ""close_loc_min"": 0.6380879462054364, ""eff_min"": 0.25274162959343394, ""atr_rank_min"": 0.23090023296129183, ""squeeze_rank_max"": 0.3247922922583784, ""vwap_dev_entry"": 0.9060190153188299, ""pull_idx"": 1, ""don_idx"": 0, ""trail_trigger"": 2.229491212314252, ""trail_lock"": 1.7953760368892722}"
117,-24.48389232339925,False,趋势回踩+震荡反转,双向,18.0,0.5555555555555556,1.3583539125874413,18.0,0.2777777777777778,1.3684531881726543,-0.632504091781799,3.935646990740089,7.0,0.5714285714285714,3.2633665621266097,11.0,0.5454545454545454,4.061521252420094,"{""family_mask"": 5, ""direction"": 0, ""rr"": 2.2, ""sl_atr"": 1.0248308363840786, ""min_stop_pct"": 0.003216055634512988, ""max_hold"": 432, ""cooldown"": 33, ""session_start"": 0, ""session_end"": 24, ""weekday_mask"": 124, ""adx_trend_min"": 21.214252589567543, ""adx_range_max"": 15.535818212071717, ""rsi_long_min"": 52.219434191680776, ""rsi_long_max"": 73.80296615367216, ""volz_break"": -0.09594982991314083, ""body_min"": 0.4482323367635409, ""close_loc_min"": 0.8327967393467736, ""eff_min"": 0.43368360689748964, ""atr_rank_min"": 0.3569299380766053, ""squeeze_rank_max"": 0.4851183775226306, ""vwap_dev_entry"": 0.5847691428809363, ""pull_idx"": 4, ""don_idx"": 0, ""trail_trigger"": 2.027600141907993, ""trail_lock"": 1.8435167972418334}"
118,-24.828761184838996,False,趋势回踩+压缩突破,双向,15.0,0.5333333333333333,1.6840131257545443,22.0,0.4090909090909091,1.668540593192441,9.773077909615965,3.4612169275812037,7.0,0.42857142857142855,0.9061433020887986,8.0,0.625,6.55949310505125,"{""family_mask"": 3, ""direction"": 0, ""rr"": 2.4, ""sl_atr"": 1.6736647673271163, ""min_stop_pct"": 0.006527808194433109, ""max_hold"": 432, ""cooldown"": 17, ""session_start"": 0, ""session_end"": 24, ""weekday_mask"": 62, ""adx_trend_min"": 16.502350604184475, ""adx_range_max"": 14.755163757489727, ""rsi_long_min"": 44.972707315638814, ""rsi_long_max"": 62.39268498559354, ""volz_break"": 1.6496804982749749, ""body_min"": 0.5733373412014388, ""close_loc_min"": 0.7633851476392656, ""eff_min"": 0.31875425437045674, ""atr_rank_min"": 0.3493556206483872, ""squeeze_rank_max"": 0.2321504335362592, ""vwap_dev_entry"": 1.3518170454960816, ""pull_idx"": 8, ""don_idx"": 0, ""trail_trigger"": 2.1049088234012756, ""trail_lock"": 1.7911750362604848}"
119,-26.693756375051464,False,趋势回踩+压缩突破,双向,20.0,0.6,1.2000862885756063,22.0,0.3181818181818182,1.2344042056904152,0.39134050946643684,2.6490087696692193,9.0,0.5555555555555556,1.9552767897019283,11.0,0.6363636363636364,6.517875248853242,"{""family_mask"": 3, ""direction"": 0, ""rr"": 2.6, ""sl_atr"": 1.6183173962203128, ""min_stop_pct"": 0.0030896667766214633, ""max_hold"": 432, ""cooldown"": 25, ""session_start"": 0, ""session_end"": 24, ""weekday_mask"": 127, ""adx_trend_min"": 21.371428296635703, ""adx_range_max"": 12.074954599675838, ""rsi_long_min"": 49.964641945947584, ""rsi_long_max"": 67.83652101011904, ""volz_break"": 0.30295712644941547, ""body_min"": 0.30661591811068817, ""close_loc_min"": 0.6530187456043289, ""eff_min"": 0.6597284971103452, ""atr_rank_min"": 0.5774808888309478, ""squeeze_rank_max"": 0.5074215934122899, ""vwap_dev_entry"": 1.57758775632797, ""pull_idx"": 2, ""don_idx"": 0, ""trail_trigger"": 1.9261183865692275, ""trail_lock"": 1.7734135491969236}"
120,-30.08410585315393,False,趋势回踩,双向,15.0,0.5333333333333333,1.6458021884732823,14.0,0.5,1.738587533392014,13.446425157726724,2.798477533009609,8.0,0.625,6.491579818080476,7.0,0.42857142857142855,1.0631020682622907,"{""family_mask"": 1, ""direction"": 0, ""rr"": 2.4, ""sl_atr"": 2.7715300229898254, ""min_stop_pct"": 0.0041328204060793764, ""max_hold"": 288, ""cooldown"": 36, ""session_start"": 0, ""session_end"": 24, ""weekday_mask"": 62, ""adx_trend_min"": 19.375678152349796, ""adx_range_max"": 21.2713491379345, ""rsi_long_min"": 48.251931747783786, ""rsi_long_max"": 62.737819340325885, ""volz_break"": 0.7298152644750278, ""body_min"": 0.5334732102070903, ""close_loc_min"": 0.8497387724585231, ""eff_min"": 0.32055613603717215, ""atr_rank_min"": 0.6826486616510326, ""squeeze_rank_max"": 0.40264761431663443, ""vwap_dev_entry"": 1.1687412245433921, ""pull_idx"": 5, ""don_idx"": 0, ""trail_trigger"": 2.1899569295098154, ""trail_lock"": 1.8005859476579589}"
