channel_id,channel_label,profile,direction_scope,source_component_id,source_component_label,reward_risk_target,stop_atr_multiple,max_holding_hours,signal_time_utc,entry_time_utc,exit_time_utc,direction,entry_price,stop_price,target_price,exit_price,stop_distance,gross_r,fee_r,net_r,win,exit_reason,holding_5m_bars,signal_atr,signal_adx,signal_rsi,signal_plus_di,signal_minus_di,signal_ema_separation_atr,signal_ema_slope_3_atr,signal_volume_ratio,signal_clv,signal_channel_width_atr,signal_adx_change_3,signal_ema50_slope_6_atr,signal_price_extension_ema20_atr,signal_atr_ratio,signal_trend_age,month,phase,is_baseline
60m_long_frozen_adx45_rr2_5,V10.6冻结多头·延伸保护+ADX≤45 RR2.5,long_frozen_adx45,LONG,60m_long_frozen_adx45_rr2_5,V10.6冻结多头·延伸保护+ADX≤45 RR2.5,2.5,1.25,36,2020-01-11T17:00:00+00:00,2020-01-11T17:00:00+00:00,2020-01-11T21:55:00+00:00,1,8174.32,8071.425090239797,8431.557274400506,8071.225090239797,102.8949097602022,-1.0019437307488421,0.07894241380890576,-1.080886144557748,False,STOP,59,82.31592780816176,28.564091780565153,60.11021902682124,25.50727542302841,12.060515292200948,0.7169515558270808,0.14148751866063133,1.5541925641074437,0.8834615717126337,3.3523281258896156,-0.3980365618777739,0.23336626630634058,1.1111139844691658,0.010071998752948733,4.0,2020-01,backcast_2020_2021,True
60m_long_frozen_adx45_rr2_5,V10.6冻结多头·延伸保护+ADX≤45 RR2.5,long_frozen_adx45,LONG,60m_long_frozen_adx45_rr2_5,V10.6冻结多头·延伸保护+ADX≤45 RR2.5,2.5,1.25,36,2020-01-15T17:00:00+00:00,2020-01-15T17:00:00+00:00,2020-01-16T01:35:00+00:00,1,8783.92,8645.99394705978,9128.73513235055,8645.79394705978,137.92605294022025,-1.0014500523703607,0.0631849950589616,-1.0646350474293222,False,STOP,103,110.3408423521762,42.63200567370002,55.90502592460458,22.459350037525706,13.654875367653727,1.3516989593069515,0.2026092848044807,1.5132710197546526,0.7147602242059297,3.178152282730729,-1.7291906953997653,0.5276226120673824,0.4175234994923747,0.012561986034622752,8.0,2020-01,backcast_2020_2021,True
60m_long_frozen_adx45_rr2_5,V10.6冻结多头·延伸保护+ADX≤45 RR2.5,long_frozen_adx45,LONG,60m_long_frozen_adx45_rr2_5,V10.6冻结多头·延伸保护+ADX≤45 RR2.5,2.5,1.25,36,2020-01-27T10:00:00+00:00,2020-01-27T10:00:00+00:00,2020-01-27T16:20:00+00:00,1,8641.980000000001,8579.015618430767,8799.390953923088,8799.190953923087,62.964381569235016,2.4968236009785683,0.1385002958755733,2.358323305102995,True,TARGET,76,50.371505255388016,41.62286068052996,62.84776577414855,22.720370568859245,17.853938869862603,1.5859360182529978,0.2786272893175373,1.0215089775680182,0.8433392539964507,5.115987673853279,-4.200940226261842,0.6930293247611652,0.921848770452091,0.0058294213520784285,22.0,2020-01,backcast_2020_2021,True
60m_long_frozen_adx45_rr2_5,V10.6冻结多头·延伸保护+ADX≤45 RR2.5,long_frozen_adx45,LONG,60m_long_frozen_adx45_rr2_5,V10.6冻结多头·延伸保护+ADX≤45 RR2.5,2.5,1.25,36,2020-01-28T11:00:00+00:00,2020-01-28T11:00:00+00:00,2020-01-28T17:25:00+00:00,1,9027.550000000001,8932.942428023327,9264.068929941688,8932.742428023326,94.6075719766747,-1.0021139956963425,0.09491995224468606,-1.0970339479410285,False,STOP,77,75.68605758133977,42.681383757151366,61.7096073485451,22.578778049883827,17.963700227677915,2.2166512717164935,0.19189897286586588,1.1015498627547482,0.787404858721724,6.099934581793127,-6.555065960905857,0.8161430941335318,0.818473776187648,0.008383545018773935,47.0,2020-01,backcast_2020_2021,True
60m_long_frozen_adx45_rr2_5,V10.6冻结多头·延伸保护+ADX≤45 RR2.5,long_frozen_adx45,LONG,60m_long_frozen_adx45_rr2_5,V10.6冻结多头·延伸保护+ADX≤45 RR2.5,2.5,1.25,36,2020-03-06T06:00:00+00:00,2020-03-06T06:00:00+00:00,2020-03-06T15:50:00+00:00,1,9115.2,9040.7666240769,9301.283439807754,9040.566624076899,74.43337592310115,-1.0026869666667741,0.1219598493210495,-1.1246468159878236,False,STOP,118,59.54670073848092,30.179192657519767,61.23768520716281,25.022308423955618,15.655975854511238,1.468474113432725,0.1554640475500573,1.1375169679845265,0.8700133868808454,4.291757508486926,-3.5549097165640937,0.42366016564966413,1.1486026614721276,0.006532832261854475,3.0,2020-03,backcast_2020_2021,True
60m_long_frozen_adx45_rr2_5,V10.6冻结多头·延伸保护+ADX≤45 RR2.5,long_frozen_adx45,LONG,60m_long_frozen_adx45_rr2_5,V10.6冻结多头·延伸保护+ADX≤45 RR2.5,2.5,1.25,36,2020-04-18T12:00:00+00:00,2020-04-18T12:00:00+00:00,2020-04-18T13:50:00+00:00,1,7098.389999999999,7042.645953570369,7237.750116074075,7237.550116074075,55.744046429630096,2.49641217290797,0.1285871858456796,2.3678249870622903,True,TARGET,22,44.595237143704075,26.08264289838308,58.917279133428394,23.404124447767643,12.707582045160992,1.0052521957682135,0.12774550728209055,0.9797638918078388,0.7619047619047673,2.9574907198048273,0.9989096657386121,0.3604019884051141,0.6295175885938954,0.006281373196194725,12.0,2020-04,backcast_2020_2021,True
60m_long_frozen_adx45_rr2_5,V10.6冻结多头·延伸保护+ADX≤45 RR2.5,long_frozen_adx45,LONG,60m_long_frozen_adx45_rr2_5,V10.6冻结多头·延伸保护+ADX≤45 RR2.5,2.5,1.25,36,2020-05-07T03:00:00+00:00,2020-05-07T03:00:00+00:00,2020-05-07T17:10:00+00:00,1,9333.69,9190.297865397242,9692.170336506897,9691.970336506896,143.39213460275872,2.4986052233579263,0.06634136659313272,2.4322638567647936,True,TARGET,170,114.71370768220697,30.01323720597109,62.432399379890825,29.374949502217348,18.682223014319625,0.9988147730118315,0.14805143945758942,1.110349578736115,0.7458918918918908,3.5776020869008667,-4.8828022337572925,0.3898833525845196,1.1052491054738778,0.012292523639888918,1.0,2020-05,backcast_2020_2021,True
60m_long_frozen_adx45_rr2_5,V10.6冻结多头·延伸保护+ADX≤45 RR2.5,long_frozen_adx45,LONG,60m_long_frozen_adx45_rr2_5,V10.6冻结多头·延伸保护+ADX≤45 RR2.5,2.5,1.25,36,2020-05-18T01:00:00+00:00,2020-05-18T01:00:00+00:00,2020-05-18T08:45:00+00:00,1,9774.390000000001,9657.238715196503,10067.268212008745,9657.038715196502,117.15128480349773,-1.0017071942517455,0.0829330585139957,-1.0846402527657413,False,STOP,93,93.72102784279818,27.676845068198332,61.44710179336763,25.41547406077976,16.804947084175215,1.0713472210043926,0.16529714779544305,0.987888402613413,0.8675431535640858,4.6187073484306,-3.4046307244194978,0.47024153547046466,1.0952857768769744,0.009588623491337715,22.0,2020-05,backcast_2020_2021,True
60m_long_frozen_adx45_rr2_5,V10.6冻结多头·延伸保护+ADX≤45 RR2.5,long_frozen_adx45,LONG,60m_long_frozen_adx45_rr2_5,V10.6冻结多头·延伸保护+ADX≤45 RR2.5,2.5,1.25,36,2020-05-27T23:00:00+00:00,2020-05-27T23:00:00+00:00,2020-05-28T12:10:00+00:00,1,9098.43,9014.335832668263,9308.665418329343,9308.465418329342,84.09416733173693,2.4976217137722374,0.10944216467307018,2.388179549099167,True,TARGET,158,67.27533386538954,38.1051751122498,58.51356055126359,28.055307262704623,18.526207037826676,1.1545915239071693,0.23549404032435312,0.8870108662157529,0.6607097591888396,6.228137058946038,-1.7131011974345185,0.6141650316351316,0.561518048908642,0.007394332069577219,12.0,2020-05,backcast_2020_2021,True
60m_long_frozen_adx45_rr2_5,V10.6冻结多头·延伸保护+ADX≤45 RR2.5,long_frozen_adx45,LONG,60m_long_frozen_adx45_rr2_5,V10.6冻结多头·延伸保护+ADX≤45 RR2.5,2.5,1.25,36,2020-07-23T16:00:00+00:00,2020-07-23T16:00:00+00:00,2020-07-23T17:05:00+00:00,1,9527.59,9475.04665389085,9658.948365272874,9658.748365272873,52.543346109149844,2.496193618891611,0.18257628973054482,2.313617329161066,True,TARGET,13,42.034676887319876,38.5429328631628,67.56791055548072,31.854459533328686,7.6344860935491665,1.608273354666502,0.25859503653612176,1.2529102217154369,0.8037985416313407,5.7764212307587695,3.8479209636264713,0.6012890794175813,1.1680307841357875,0.004411977757553989,25.0,2020-07,backcast_2020_2021,True
60m_long_frozen_adx45_rr2_5,V10.6冻结多头·延伸保护+ADX≤45 RR2.5,long_frozen_adx45,LONG,60m_long_frozen_adx45_rr2_5,V10.6冻结多头·延伸保护+ADX≤45 RR2.5,2.5,1.25,36,2020-07-24T17:00:00+00:00,2020-07-24T17:00:00+00:00,2020-07-24T17:15:00+00:00,1,9576.53,9525.953917262812,9702.970206842972,9525.753917262811,50.57608273718863,-1.003954438326908,0.18884700913399222,-1.1928014474609,False,STOP,3,40.4608661897509,26.25264644702711,58.31971510419727,24.032267919262274,14.497021174884331,0.9853674988143584,0.1500089135268972,1.7028320012139246,0.8206205559146706,3.533043492682597,-2.3755951354095934,0.26577147263632467,0.8772578159148149,0.004225091051556379,1.0,2020-07,backcast_2020_2021,True
60m_long_frozen_adx45_rr2_5,V10.6冻结多头·延伸保护+ADX≤45 RR2.5,long_frozen_adx45,LONG,60m_long_frozen_adx45_rr2_5,V10.6冻结多头·延伸保护+ADX≤45 RR2.5,2.5,1.25,36,2020-07-25T13:00:00+00:00,2020-07-25T13:00:00+00:00,2020-07-25T13:40:00+00:00,1,9606.84,9559.205732363724,9725.92566909069,9559.005732363723,47.63426763627589,-1.0041986580234314,0.20117707989875727,-1.2053757379221888,False,STOP,8,38.10741410902071,27.55758085213224,59.472536218020196,24.481192848423223,12.051971961894584,0.8342642306246855,0.12656740384869627,0.8155445906173865,0.9692524682651571,3.5426177072467135,0.7358788283315576,0.28764045375713176,0.8110669607757311,0.003966778614481308,11.0,2020-07,backcast_2020_2021,True
60m_long_frozen_adx45_rr2_5,V10.6冻结多头·延伸保护+ADX≤45 RR2.5,long_frozen_adx45,LONG,60m_long_frozen_adx45_rr2_5,V10.6冻结多头·延伸保护+ADX≤45 RR2.5,2.5,1.25,36,2020-07-25T17:00:00+00:00,2020-07-25T17:00:00+00:00,2020-07-26T08:45:00+00:00,1,9617.87,9568.876929262296,9740.352676844263,9740.152676844262,48.993070737704926,2.4959177900672516,0.19755878112316796,2.2983590089440837,True,TARGET,189,39.19445659016394,27.411486980418395,60.76397095829908,25.2723155027077,11.233098528356996,0.7931837660007519,0.15683370032155866,1.8586068151220971,0.669072826435689,3.444364630734005,0.2265278509895161,0.2995533100986234,0.8908067076559403,0.004075254878797457,15.0,2020-07,backcast_2020_2021,True
60m_long_frozen_adx45_rr2_5,V10.6冻结多头·延伸保护+ADX≤45 RR2.5,long_frozen_adx45,LONG,60m_long_frozen_adx45_rr2_5,V10.6冻结多头·延伸保护+ADX≤45 RR2.5,2.5,1.25,36,2020-08-01T15:00:00+00:00,2020-08-01T15:00:00+00:00,2020-08-02T02:20:00+00:00,1,11613.37,11467.214300853466,11978.759247866335,11978.559247866335,146.15569914653423,2.4986315962964873,0.08070820838882685,2.4179233879076607,True,TARGET,136,116.92455931722738,36.39784003756384,60.821015871809664,24.654256473478405,16.257861766259754,1.5063766145002375,0.29588533183998134,0.9719937179512521,0.943670095164851,4.8240506810008865,-1.8143449197976835,0.707659840149953,0.8714848800334208,0.01006827242839185,33.0,2020-08,backcast_2020_2021,True
60m_long_frozen_adx45_rr2_5,V10.6冻结多头·延伸保护+ADX≤45 RR2.5,long_frozen_adx45,LONG,60m_long_frozen_adx45_rr2_5,V10.6冻结多头·延伸保护+ADX≤45 RR2.5,2.5,1.25,36,2020-08-24T20:00:00+00:00,2020-08-24T20:00:00+00:00,2020-08-25T02:55:00+00:00,1,11755.460000000001,11698.270342352165,11898.43414411959,11698.070342352165,57.18965764783547,-1.0034971358148799,0.20505045236304054,-1.2085475881779204,False,STOP,83,45.75172611826837,29.656008230542636,57.19256395321981,22.10695586870203,16.29685803240739,0.8564331090433116,0.11302622403334373,0.9162827831646345,0.929868144467799,5.179258141812108,-1.545326604666645,0.34073366441258107,0.4684426026852022,0.003892018313341027,17.0,2020-08,backcast_2020_2021,True
60m_long_frozen_adx45_rr2_5,V10.6冻结多头·延伸保护+ADX≤45 RR2.5,long_frozen_adx45,LONG,60m_long_frozen_adx45_rr2_5,V10.6冻结多头·延伸保护+ADX≤45 RR2.5,2.5,1.25,36,2020-09-15T10:00:00+00:00,2020-09-15T10:00:00+00:00,2020-09-15T12:35:00+00:00,1,10689.570000000002,10598.965971670877,10916.080070822813,10915.880070822812,90.6040283291243,2.49779259262873,0.11923007436457342,2.3785625182641565,True,TARGET,31,72.48322266329944,40.032396190112784,57.36673316839316,23.068384511961934,18.032990063280778,1.4721507537830336,0.1310477472012735,0.9023752816723212,0.9250532481363267,4.652386960862111,-4.0886914090643955,0.5774403847507421,0.40943441129371394,0.006780869467826396,23.0,2020-09,backcast_2020_2021,True
60m_long_frozen_adx45_rr2_5,V10.6冻结多头·延伸保护+ADX≤45 RR2.5,long_frozen_adx45,LONG,60m_long_frozen_adx45_rr2_5,V10.6冻结多头·延伸保护+ADX≤45 RR2.5,2.5,1.25,36,2020-09-15T21:00:00+00:00,2020-09-15T21:00:00+00:00,2020-09-15T23:00:00+00:00,1,10851.76,10743.727202969218,11121.841992576956,10743.527202969217,108.03279703078186,-1.0018512896592364,0.0999478297170074,-1.1017991193762438,False,STOP,24,86.42623762462549,30.092717069825614,62.828730096573466,25.27110410192572,15.16381872364823,1.3116792463201492,0.1948498381664835,0.924237643836522,0.833094213295066,3.8347151178725887,-3.898008849833527,0.4715201209092195,1.0953985795378796,0.007964414081363998,34.0,2020-09,backcast_2020_2021,True
60m_long_frozen_adx45_rr2_5,V10.6冻结多头·延伸保护+ADX≤45 RR2.5,long_frozen_adx45,LONG,60m_long_frozen_adx45_rr2_5,V10.6冻结多头·延伸保护+ADX≤45 RR2.5,2.5,1.25,36,2020-10-05T08:00:00+00:00,2020-10-05T08:00:00+00:00,2020-10-06T15:05:00+00:00,1,10678.19,10627.636909847202,10804.572725381995,10627.436909847202,50.55309015279791,-1.003956236886736,0.21072526768838903,-1.2146815045751251,False,STOP,373,40.44247212223833,35.4206342581732,58.669711585210116,24.032996686644914,15.42641571149095,0.7582932484483085,0.14555704091539262,1.714970391449842,0.9100487498034362,4.222541082153536,-2.535333184982427,0.34823927858434817,0.8658799989418079,0.0037874611347489865,21.0,2020-10,backcast_2020_2021,True
60m_long_frozen_adx45_rr2_5,V10.6冻结多头·延伸保护+ADX≤45 RR2.5,long_frozen_adx45,LONG,60m_long_frozen_adx45_rr2_5,V10.6冻结多头·延伸保护+ADX≤45 RR2.5,2.5,1.25,36,2020-10-11T11:00:00+00:00,2020-10-11T11:00:00+00:00,2020-10-11T13:05:00+00:00,1,11399.53,11336.343831207261,11557.49542198185,11336.14383120726,63.186168792739956,-1.0031652496712724,0.17991021030079907,-1.1830754599720714,False,STOP,25,50.54893503419196,29.148499760304855,64.85004994997738,29.14573128576242,15.986407415271486,2.124271527498282,0.20859981206070183,1.7529982961394215,0.8232902570059543,3.1060990680376666,-1.9727558891562538,0.6867655699554839,1.176800444739761,0.004434377725198934,69.0,2020-10,backcast_2020_2021,True
60m_long_frozen_adx45_rr2_5,V10.6冻结多头·延伸保护+ADX≤45 RR2.5,long_frozen_adx45,LONG,60m_long_frozen_adx45_rr2_5,V10.6冻结多头·延伸保护+ADX≤45 RR2.5,2.5,1.25,36,2020-10-11T14:00:00+00:00,2020-10-11T14:00:00+00:00,2020-10-11T21:05:00+00:00,1,11368.58,11305.66055290173,11525.878617745671,11305.46055290173,62.91944709826887,-1.0031786674744423,0.18018308804819083,-1.183361755522633,False,STOP,85,50.335557678615096,28.550096822002562,57.52119318818361,23.713599530297145,15.59648575576125,1.9696884076730932,0.13823298003870393,1.3684347163933497,0.6690007570022416,2.967683420808997,-0.5984029383022929,0.6475327840497827,0.4286825473814103,0.004427680784651384,72.0,2020-10,backcast_2020_2021,True
60m_long_frozen_adx45_rr2_5,V10.6冻结多头·延伸保护+ADX≤45 RR2.5,long_frozen_adx45,LONG,60m_long_frozen_adx45_rr2_5,V10.6冻结多头·延伸保护+ADX≤45 RR2.5,2.5,1.25,36,2020-10-18T21:00:00+00:00,2020-10-18T21:00:00+00:00,2020-10-19T13:05:00+00:00,1,11435.880000000001,11391.858640355973,11545.93339911007,11545.73339911007,44.021359644027584,2.495456750958677,0.26102798260830196,2.2344287683503747,True,TARGET,193,35.217087715222064,34.8758879966026,58.07630045693171,25.758259666646325,12.01457212190382,0.7404683228437278,0.15551511488855033,0.8827419846050087,0.8452054794520437,4.1587765911913825,3.149159156358415,0.3930098893568651,0.49069452512980927,0.0030795796765231333,15.0,2020-10,backcast_2020_2021,True
60m_long_frozen_adx45_rr2_5,V10.6冻结多头·延伸保护+ADX≤45 RR2.5,long_frozen_adx45,LONG,60m_long_frozen_adx45_rr2_5,V10.6冻结多头·延伸保护+ADX≤45 RR2.5,2.5,1.25,36,2020-10-22T10:00:00+00:00,2020-10-22T10:00:00+00:00,2020-10-23T22:00:00+00:00,1,12874.0,12684.543561526307,13347.641096184232,12905.07,189.45643847369263,0.16399548228768165,0.06803429381361353,0.09596118847406812,True,TIME_EXIT,432,151.5651507789541,44.961280414177715,60.76507402941844,24.893795108142847,17.565232579275804,1.9967842760922752,0.2101336678605578,1.001461953381771,0.8629982628292393,5.8347185712218295,-5.974158330780661,0.6699629207796521,0.9768572838517494,0.01177313870400092,76.0,2020-10,backcast_2020_2021,True
60m_long_frozen_adx45_rr2_5,V10.6冻结多头·延伸保护+ADX≤45 RR2.5,long_frozen_adx45,LONG,60m_long_frozen_adx45_rr2_5,V10.6冻结多头·延伸保护+ADX≤45 RR2.5,2.5,1.25,36,2020-11-12T19:00:00+00:00,2020-11-12T19:00:00+00:00,2020-11-14T07:00:00+00:00,1,16095.380000000001,15842.943866173939,16726.470334565158,16164.789999999999,252.4361338260623,0.27496063637159035,0.0638976867357437,0.21106294963584665,True,TIME_EXIT,432,201.94890706084985,23.755839291936862,60.62900052951184,20.205874190223795,13.711491911703714,0.8877439387739137,0.2978968830211355,1.0026860661204087,0.9181609195402302,3.8181934788469216,0.8471219493828812,0.46023869821876134,1.0543790149631795,0.012547166733198998,14.0,2020-11,backcast_2020_2021,True
60m_long_frozen_adx45_rr2_5,V10.6冻结多头·延伸保护+ADX≤45 RR2.5,long_frozen_adx45,LONG,60m_long_frozen_adx45_rr2_5,V10.6冻结多头·延伸保护+ADX≤45 RR2.5,2.5,1.25,36,2021-01-07T09:00:00+00:00,2021-01-07T09:00:00+00:00,2021-01-07T17:30:00+00:00,1,37296.659999999996,36290.61598470455,39811.77003823861,39811.57003823861,1006.0440152954443,2.4998012015409334,0.038322493283553936,2.4614787082573795,True,TARGET,102,804.8352122363555,42.216038232149636,65.4783600449085,21.964078236194762,12.303094853919491,1.7069293870594684,0.3386148114840696,1.1254237946371983,0.8667678739246707,4.5747749899872945,-1.0298787827817932,0.7836204006047561,1.17489246818877,0.021579341693613446,39.0,2021-01,backcast_2020_2021,True
60m_long_frozen_adx45_rr2_5,V10.6冻结多头·延伸保护+ADX≤45 RR2.5,long_frozen_adx45,LONG,60m_long_frozen_adx45_rr2_5,V10.6冻结多头·延伸保护+ADX≤45 RR2.5,2.5,1.25,36,2021-01-14T23:00:00+00:00,2021-01-14T23:00:00+00:00,2021-01-15T05:55:00+00:00,1,39046.03999999999,38114.282610308815,41375.433474227946,38114.08261030882,931.7573896911804,-1.0002146481500525,0.04140569394136096,-1.0416203420914134,False,STOP,83,745.4059117529443,41.25797932238752,59.365604964481655,24.076378912184868,15.972032349563493,1.7269563762029994,0.2183528188298218,0.8307305538907087,0.7929315068493102,4.594892455233427,-2.763063244339982,0.7304033696772375,0.6046691250846499,0.019089066711148,26.0,2021-01,backcast_2020_2021,True
60m_long_frozen_adx45_rr2_5,V10.6冻结多头·延伸保护+ADX≤45 RR2.5,long_frozen_adx45,LONG,60m_long_frozen_adx45_rr2_5,V10.6冻结多头·延伸保护+ADX≤45 RR2.5,2.5,1.25,36,2021-02-03T13:00:00+00:00,2021-02-03T13:00:00+00:00,2021-02-04T00:00:00+00:00,1,36235.7,35650.91711949313,37697.65720126716,37697.45720126716,584.7828805068655,2.4996579927240274,0.0632141942469186,2.436443798477109,True,TARGET,132,467.8263044054924,39.080529157211195,60.48417354275127,26.36189846747525,14.65835217090794,1.5176156864853312,0.1640095963309696,1.1017238786739239,0.70305318129364,4.94846052519833,-3.4923911364169484,0.5389870544532098,0.7427364100257705,0.012912613307620674,33.0,2021-02,backcast_2020_2021,True
60m_long_frozen_adx45_rr2_5,V10.6冻结多头·延伸保护+ADX≤45 RR2.5,long_frozen_adx45,LONG,60m_long_frozen_adx45_rr2_5,V10.6冻结多头·延伸保护+ADX≤45 RR2.5,2.5,1.25,36,2021-02-14T17:00:00+00:00,2021-02-14T17:00:00+00:00,2021-02-15T01:20:00+00:00,1,49083.46,48280.16278727855,51091.703031803634,48279.96278727855,803.2972127214545,-1.0002489738503109,0.06060236562842374,-1.0608513394787347,False,STOP,100,642.6377701771636,31.268975866548523,61.56428799717422,24.567700566768494,15.051756371274777,0.9328313629030995,0.20281009857515492,0.9314517914681637,0.8347161262919475,4.924967293981921,-1.3982904007885324,0.4717836298928883,0.9219622646844311,0.013092809446177038,18.0,2021-02,backcast_2020_2021,True
60m_long_frozen_adx45_rr2_5,V10.6冻结多头·延伸保护+ADX≤45 RR2.5,long_frozen_adx45,LONG,60m_long_frozen_adx45_rr2_5,V10.6冻结多头·延伸保护+ADX≤45 RR2.5,2.5,1.25,36,2021-03-02T14:00:00+00:00,2021-03-02T14:00:00+00:00,2021-03-02T16:40:00+00:00,1,49022.02,48220.071064686,51026.892338284975,48219.871064686005,801.9489353139925,-1.0002493924378373,0.06062848068163606,-1.0608778731194732,False,STOP,32,641.559148251194,37.0296905461097,58.094816016259706,20.640907251489047,11.275483276344277,1.2671795327366244,0.12356693125590032,0.831667453778409,0.7742823541989704,3.6329775771312276,-2.072317356876134,0.4418099416077983,0.5208000666894597,0.013087216024439605,28.0,2021-03,backcast_2020_2021,True
60m_long_frozen_adx45_rr2_5,V10.6冻结多头·延伸保护+ADX≤45 RR2.5,long_frozen_adx45,LONG,60m_long_frozen_adx45_rr2_5,V10.6冻结多头·延伸保护+ADX≤45 RR2.5,2.5,1.25,36,2021-03-14T09:00:00+00:00,2021-03-14T09:00:00+00:00,2021-03-14T11:15:00+00:00,1,60868.43,60075.075579880024,62851.81605029993,60074.87557988003,793.3544201199733,-1.0002520941396786,0.07622274642497777,-1.0764748405646565,False,STOP,27,634.6835360959786,38.410011203197925,60.38576732297675,23.05107203389873,15.000874135221451,2.1689753227606765,0.1638556287829127,0.9654070220312954,0.8490019666444784,4.326471136923825,-2.7115864766146984,0.8054546428189798,0.5281737241558938,0.010427167395551945,27.0,2021-03,backcast_2020_2021,True
60m_long_frozen_adx45_rr2_5,V10.6冻结多头·延伸保护+ADX≤45 RR2.5,long_frozen_adx45,LONG,60m_long_frozen_adx45_rr2_5,V10.6冻结多头·延伸保护+ADX≤45 RR2.5,2.5,1.25,36,2021-03-27T16:00:00+00:00,2021-03-27T16:00:00+00:00,2021-03-29T04:00:00+00:00,1,54976.869999999995,54291.233884182904,56690.960289542716,55415.840000000004,685.6361158170885,0.6402375689863969,0.08050386163544086,0.5597337073509561,True,TIME_EXIT,432,548.5088926536707,25.944990335162505,59.85106134154986,21.705406696873606,14.832942419472603,0.8849823837346517,0.16017252621560762,1.0513821080199681,0.826569558403249,3.719082821302647,-3.343232703282105,0.29198722622951573,0.7752462447988934,0.009977061182925054,20.0,2021-03,backcast_2020_2021,True
60m_long_frozen_adx45_rr2_5,V10.6冻结多头·延伸保护+ADX≤45 RR2.5,long_frozen_adx45,LONG,60m_long_frozen_adx45_rr2_5,V10.6冻结多头·延伸保护+ADX≤45 RR2.5,2.5,1.25,36,2021-04-27T18:00:00+00:00,2021-04-27T18:00:00+00:00,2021-04-28T06:10:00+00:00,1,54884.479999999996,54122.437845954664,56789.585385113314,54122.23784595467,762.0421540453287,-1.0002624526726485,0.07152276108827346,-1.0717852137609218,False,STOP,146,609.633723236263,26.475360279498982,61.876693922514484,23.947208204083736,18.349146229312396,1.7728875739204957,0.2792968194490208,1.0494004052554127,0.9045142168044497,4.490844084980149,-0.8736029313678273,0.6986926528443035,0.8626767752323588,0.011107619945752463,38.0,2021-04,backcast_2020_2021,True
60m_long_frozen_adx45_rr2_5,V10.6冻结多头·延伸保护+ADX≤45 RR2.5,long_frozen_adx45,LONG,60m_long_frozen_adx45_rr2_5,V10.6冻结多头·延伸保护+ADX≤45 RR2.5,2.5,1.25,36,2021-05-09T02:00:00+00:00,2021-05-09T02:00:00+00:00,2021-05-09T04:15:00+00:00,1,59231.2,58390.11211878016,61333.91970304959,58389.912118780165,841.0878812198373,-1.0002377872805692,0.06992201097238092,-1.07015979825295,False,STOP,27,672.8703049758699,23.23335343100448,59.07621230786513,20.790227612332423,15.25562804551598,0.9233999078144728,0.15128405313173005,1.1821120769720121,0.8866632832662066,3.0800735069952605,-1.324546167582799,0.34273789726903064,0.8709859006012771,0.011360251428634834,37.0,2021-05,backcast_2020_2021,True
60m_long_frozen_adx45_rr2_5,V10.6冻结多头·延伸保护+ADX≤45 RR2.5,long_frozen_adx45,LONG,60m_long_frozen_adx45_rr2_5,V10.6冻结多头·延伸保护+ADX≤45 RR2.5,2.5,1.25,36,2021-06-03T15:00:00+00:00,2021-06-03T15:00:00+00:00,2021-06-04T01:20:00+00:00,1,38624.259999999995,38008.73919070599,40163.06202323502,38008.53919070599,615.5208092940096,-1.0003249280885,0.06225037239488485,-1.0625753004833849,False,STOP,124,492.4166474352077,31.59699061756616,57.363689367358035,23.67725492976683,13.70460358351067,1.3414206785804785,0.2469568159905229,1.3083177717820313,0.66637957239841,4.711152663264182,-0.44338988931945167,0.6490146264595201,0.5834835406753927,0.012748961332268223,11.0,2021-06,backcast_2020_2021,True
60m_long_frozen_adx45_rr2_5,V10.6冻结多头·延伸保护+ADX≤45 RR2.5,long_frozen_adx45,LONG,60m_long_frozen_adx45_rr2_5,V10.6冻结多头·延伸保护+ADX≤45 RR2.5,2.5,1.25,36,2021-06-25T02:00:00+00:00,2021-06-25T02:00:00+00:00,2021-06-25T06:35:00+00:00,1,34817.6,34190.08075352811,36386.39811617972,34189.880753528116,627.5192464718887,-1.0003187153240616,0.054984353979188653,-1.0553030693032501,False,STOP,55,502.015397177511,33.646622618299396,64.2527717544553,27.52246707586936,14.24171974778643,0.9516465066196009,0.28590600293323765,1.0656106354757962,0.9937211512354108,5.8691426927651795,1.7039097192789612,0.5034011947086362,1.0896100790528203,0.014418835280415083,14.0,2021-06,backcast_2020_2021,True
60m_long_frozen_adx45_rr2_5,V10.6冻结多头·延伸保护+ADX≤45 RR2.5,long_frozen_adx45,LONG,60m_long_frozen_adx45_rr2_5,V10.6冻结多头·延伸保护+ADX≤45 RR2.5,2.5,1.25,36,2021-06-28T13:00:00+00:00,2021-06-28T13:00:00+00:00,2021-06-29T13:15:00+00:00,1,34413.25,33754.90687868856,36059.1078032786,36058.907803278606,658.3431213114415,2.4996962070483857,0.053522362064705495,2.4461738449836803,True,TARGET,291,526.6744970491532,28.526373134815074,58.45268063670742,25.94200230317974,16.228239636127082,1.1845875677237188,0.10953035890552151,1.5642191066667983,0.8368036776636057,5.510196556430479,-2.400009218961422,0.5274210636242689,0.6395697878630884,0.015304961757512947,15.0,2021-06,backcast_2020_2021,True
60m_long_frozen_adx45_rr2_5,V10.6冻结多头·延伸保护+ADX≤45 RR2.5,long_frozen_adx45,LONG,60m_long_frozen_adx45_rr2_5,V10.6冻结多头·延伸保护+ADX≤45 RR2.5,2.5,1.25,36,2021-07-04T00:00:00+00:00,2021-07-04T00:00:00+00:00,2021-07-04T07:55:00+00:00,1,34653.52,34262.67266905721,35630.63832735696,35630.43832735696,390.84733094278397,2.499488291247858,0.08991229153058462,2.4095759997172737,True,TARGET,95,312.6778647542272,30.715753224398163,61.56467990515026,22.781621742921434,15.239544446488107,0.9904220022490948,0.19219688133566296,0.9558072426534767,0.8917637605464139,5.280770358649693,-1.589898449399584,0.45486546056615723,0.7552658185202492,0.009023126602078414,16.0,2021-07,backcast_2020_2021,True
60m_long_frozen_adx45_rr2_5,V10.6冻结多头·延伸保护+ADX≤45 RR2.5,long_frozen_adx45,LONG,60m_long_frozen_adx45_rr2_5,V10.6冻结多头·延伸保护+ADX≤45 RR2.5,2.5,1.25,36,2021-08-09T22:00:00+00:00,2021-08-09T22:00:00+00:00,2021-08-10T15:35:00+00:00,1,45743.719999999994,44909.99016974524,47828.044575636886,44909.79016974524,833.7298302547566,-1.0002398858631893,0.05436623884624886,-1.0546061247094383,False,STOP,211,666.9838642038053,31.519633966678175,60.35402492619107,24.030357695126252,16.961111691208945,1.1663440675251946,0.27474044347060445,1.7569863191960624,0.7182533546380773,5.5443620130366895,0.7599119959450853,0.5794604955104526,0.8038814269246584,0.014580950701067873,13.0,2021-08,backcast_2020_2021,True
60m_long_frozen_adx45_rr2_5,V10.6冻结多头·延伸保护+ADX≤45 RR2.5,long_frozen_adx45,LONG,60m_long_frozen_adx45_rr2_5,V10.6冻结多头·延伸保护+ADX≤45 RR2.5,2.5,1.25,36,2021-10-26T11:00:00+00:00,2021-10-26T11:00:00+00:00,2021-10-26T12:30:00+00:00,1,63059.2,62504.222673372904,64446.64331656772,62504.02267337291,554.9773266270898,-1.000360375082737,0.11312464189887848,-1.1134850169816155,False,STOP,18,443.98186130167187,26.46044518770619,58.1680700173669,26.9287202601074,14.310641523269172,0.8278855687248573,0.1245325439955652,0.9249392688982092,0.9490072596868719,3.4936337161442492,0.3014550268253302,0.1943323381975434,0.7140299258167793,0.007040737425294912,2.0,2021-10,backcast_2020_2021,True
60m_long_frozen_adx45_rr2_5,V10.6冻结多头·延伸保护+ADX≤45 RR2.5,long_frozen_adx45,LONG,60m_long_frozen_adx45_rr2_5,V10.6冻结多头·延伸保护+ADX≤45 RR2.5,2.5,1.25,36,2021-11-03T00:00:00+00:00,2021-11-03T00:00:00+00:00,2021-11-03T12:45:00+00:00,1,63266.89,62574.87265432347,64996.93336419132,62574.672654323476,692.0173456765264,-1.0002890100967068,0.09092370548262696,-1.0912127155793336,False,STOP,153,553.6138765412211,29.900133624441786,57.79721150392644,22.57451819632725,17.251937527970092,1.2102491127796946,0.15118201956230828,1.19557206885586,0.912899636525482,6.373666104695758,-1.773408866095,0.5034718575990529,0.6731351262929032,0.008750479542097445,18.0,2021-11,backcast_2020_2021,True
60m_long_frozen_adx45_rr2_5,V10.6冻结多头·延伸保护+ADX≤45 RR2.5,long_frozen_adx45,LONG,60m_long_frozen_adx45_rr2_5,V10.6冻结多头·延伸保护+ADX≤45 RR2.5,2.5,1.25,36,2021-12-16T14:00:00+00:00,2021-12-16T14:00:00+00:00,2021-12-16T15:05:00+00:00,1,49006.909999999996,48366.86925364921,50607.01186587697,48366.66925364921,640.0407463507893,-1.0003124801055798,0.07606826581653393,-1.0763807459221137,False,STOP,13,512.0325970806314,23.90744004652223,56.51576408885113,21.207682933713368,16.387384643429314,0.691185162443975,0.1641231727580156,1.3981072580424734,0.6874277685875478,5.143598308029727,-0.2573261499338706,0.3157270405846049,0.5649996160784065,0.010448214072738844,18.0,2021-12,backcast_2020_2021,True
60m_long_frozen_adx45_rr2_5,V10.6冻结多头·延伸保护+ADX≤45 RR2.5,long_frozen_adx45,LONG,60m_long_frozen_adx45_rr2_5,V10.6冻结多头·延伸保护+ADX≤45 RR2.5,2.5,1.25,36,2021-12-22T11:00:00+00:00,2021-12-22T11:00:00+00:00,2021-12-22T12:55:00+00:00,1,49071.409999999996,48567.187958612696,50331.96510346825,48566.9879586127,504.2220413872988,-1.0003966506490833,0.09682083481512811,-1.0972174854642114,False,STOP,23,403.37763310983905,42.20335897712318,56.781580515644436,25.668859206299654,13.800877622656985,1.5115286187798473,0.16892378050571247,0.8382372891112424,0.7487290720531418,3.2310418154620564,-1.8059214528857126,0.5393419437206323,0.478070473848196,0.008220248714212506,32.0,2021-12,backcast_2020_2021,True
60m_long_frozen_adx45_rr2_5,V10.6冻结多头·延伸保护+ADX≤45 RR2.5,long_frozen_adx45,LONG,60m_long_frozen_adx45_rr2_5,V10.6冻结多头·延伸保护+ADX≤45 RR2.5,2.5,1.25,36,2022-01-13T13:00:00+00:00,2022-01-13T13:00:00+00:00,2022-01-13T15:20:00+00:00,1,43788.299999999996,43416.432795062516,44717.96801234369,43416.23279506252,371.8672049374782,-1.0005378263997022,0.11725224977787993,-1.117790076177582,False,STOP,28,297.49376394998257,37.853600767182755,58.764159537782085,22.127904659480325,15.531276917525762,1.4622152087166262,0.1186831994376486,0.8517308748023151,0.9498360104280535,3.361414998158178,-3.318902559015676,0.5274534125763511,0.5775521155684904,0.006794127100799156,45.0,2022-01,backcast_2022,True
60m_long_frozen_adx45_rr2_5,V10.6冻结多头·延伸保护+ADX≤45 RR2.5,long_frozen_adx45,LONG,60m_long_frozen_adx45_rr2_5,V10.6冻结多头·延伸保护+ADX≤45 RR2.5,2.5,1.25,36,2022-02-01T16:00:00+00:00,2022-02-01T16:00:00+00:00,2022-02-02T14:35:00+00:00,1,38605.46,38127.251238711404,39800.98190322148,38127.05123871141,478.208761288592,-1.0004182273855908,0.08022909391281988,-1.0806473212984107,False,STOP,271,382.5670090308736,35.14777691996253,57.75846186299862,28.914808095191383,12.293281277345164,0.79268931677521,0.24098413582990996,2.1241312070501834,0.9454814750277737,2.9563448318899006,2.71707395688977,0.3322503779414693,0.6007229889081738,0.009909786460936858,22.0,2022-02,backcast_2022,True
60m_long_frozen_adx45_rr2_5,V10.6冻结多头·延伸保护+ADX≤45 RR2.5,long_frozen_adx45,LONG,60m_long_frozen_adx45_rr2_5,V10.6冻结多头·延伸保护+ADX≤45 RR2.5,2.5,1.25,36,2022-02-07T02:00:00+00:00,2022-02-07T02:00:00+00:00,2022-02-07T14:45:00+00:00,1,42083.95,41580.650165259576,43342.19958685104,43341.999586851045,503.2998347404194,2.4996026225597636,0.08486586294123274,2.4147367596185307,True,TARGET,153,402.6398677923355,38.011894649925246,59.31757976330804,27.441059433985696,5.900201978916053,1.257832694133951,0.3417734096135876,1.2866930118976274,0.7107638162938144,3.866482493489527,6.621590954301066,0.4538913033215476,1.0016060586721651,0.009567585298181257,9.0,2022-02,backcast_2022,True
60m_long_frozen_adx45_rr2_5,V10.6冻结多头·延伸保护+ADX≤45 RR2.5,long_frozen_adx45,LONG,60m_long_frozen_adx45_rr2_5,V10.6冻结多头·延伸保护+ADX≤45 RR2.5,2.5,1.25,36,2022-03-17T14:00:00+00:00,2022-03-17T14:00:00+00:00,2022-03-18T01:00:00+00:00,1,41112.2,40528.561356765786,42571.29660808553,40528.36135676579,583.6386432342149,-1.0003426777892659,0.0699410177026295,-1.0702836954918955,False,STOP,132,466.91091458737196,25.098905759266117,58.00580560883324,22.646270801756067,14.696105055182883,1.0542748380234834,0.12358278098031099,0.8352174964039973,0.8209239130434743,4.772644910152354,-2.152559139130336,0.3271146017086797,0.6451121969735478,0.011357019334633161,32.0,2022-03,backcast_2022,True
60m_long_frozen_adx45_rr2_5,V10.6冻结多头·延伸保护+ADX≤45 RR2.5,long_frozen_adx45,LONG,60m_long_frozen_adx45_rr2_5,V10.6冻结多头·延伸保护+ADX≤45 RR2.5,2.5,1.25,36,2022-03-19T15:00:00+00:00,2022-03-19T15:00:00+00:00,2022-03-20T12:05:00+00:00,1,41800.799999999996,41497.47422061811,42559.114448454704,41497.274220618114,303.32577938188285,-1.000659357079397,0.13730793734440064,-1.1379672944237975,False,STOP,253,242.66062350550627,26.65516384742516,60.31416413712367,23.38467366951323,14.369466628124231,1.5437636317857666,0.22914100627535433,0.8052531786497077,0.8994791666666515,3.3907437808150713,-0.4487592716939197,0.5466846802703598,0.7277036178512549,0.005805194746140158,24.0,2022-03,backcast_2022,True
60m_long_frozen_adx45_rr2_5,V10.6冻结多头·延伸保护+ADX≤45 RR2.5,long_frozen_adx45,LONG,60m_long_frozen_adx45_rr2_5,V10.6冻结多头·延伸保护+ADX≤45 RR2.5,2.5,1.25,36,2022-03-25T09:00:00+00:00,2022-03-25T09:00:00+00:00,2022-03-25T13:35:00+00:00,1,43996.1,43617.84698614726,44941.73253463183,44941.532534631835,378.25301385273355,2.4994712533868264,0.11756367996747569,2.3819075734193507,True,TARGET,55,302.60241108218685,38.28278644931787,60.411851689612334,25.343048258719023,16.3601476237246,1.7127111798648533,0.21936582694090728,1.8532827571338453,0.8425085702762688,6.3416546918352195,0.3759324461660256,0.6528933320882195,0.6356713189855858,0.006878437454275277,36.0,2022-03,backcast_2022,True
60m_long_frozen_adx45_rr2_5,V10.6冻结多头·延伸保护+ADX≤45 RR2.5,long_frozen_adx45,LONG,60m_long_frozen_adx45_rr2_5,V10.6冻结多头·延伸保护+ADX≤45 RR2.5,2.5,1.25,36,2022-03-29T15:00:00+00:00,2022-03-29T15:00:00+00:00,2022-03-29T15:50:00+00:00,1,47777.2,47362.58642632344,48813.73393419138,47362.38642632344,414.61357367655575,-1.0004823768749902,0.11473284097126883,-1.115215217846259,False,STOP,10,331.6908589412446,35.84176137956791,59.78581620941488,25.679571273764196,16.74255003332907,1.8713223151482734,0.2261976230085723,0.993140440031022,0.7837434750186405,4.054980605414429,-2.449184585189407,0.6555987555403633,0.7047957456738579,0.006942479832162852,49.0,2022-03,backcast_2022,True
60m_long_frozen_adx45_rr2_5,V10.6冻结多头·延伸保护+ADX≤45 RR2.5,long_frozen_adx45,LONG,60m_long_frozen_adx45_rr2_5,V10.6冻结多头·延伸保护+ADX≤45 RR2.5,2.5,1.25,36,2022-04-26T12:00:00+00:00,2022-04-26T12:00:00+00:00,2022-04-26T13:40:00+00:00,1,40452.5,40046.32193047998,41467.945173800064,40046.12193047998,406.17806952002474,-1.000492394875553,0.09909277232225282,-1.0995851671978059,False,STOP,20,324.9424556160198,36.095193787290775,63.73264573708742,21.66723643342658,13.815559161526986,1.0202067497281326,0.20883495329088267,0.8572092732576864,0.6890710382513582,5.847189147376928,-1.9104571603326619,0.48758948766543425,0.75078255922838,0.008032751138776625,14.0,2022-04,backcast_2022,True
60m_long_frozen_adx45_rr2_5,V10.6冻结多头·延伸保护+ADX≤45 RR2.5,long_frozen_adx45,LONG,60m_long_frozen_adx45_rr2_5,V10.6冻结多头·延伸保护+ADX≤45 RR2.5,2.5,1.25,36,2022-05-20T14:00:00+00:00,2022-05-20T14:00:00+00:00,2022-05-20T14:25:00+00:00,1,30355.5,29959.553037057558,31345.367407356105,29959.353037057557,395.94696294244267,-1.0005051181565172,0.07616531844168395,-1.0766704365982012,False,STOP,5,316.7575703539541,29.17107017082117,57.377562494672944,20.786303154189632,14.091515863938564,0.6867791821762699,0.18455205867256985,1.8645211828822434,0.7764350453172205,2.983669810776487,-1.4641438456292342,0.3138587046401194,0.5895950899510751,0.010434416126559085,20.0,2022-05,backcast_2022,True
60m_long_frozen_adx45_rr2_5,V10.6冻结多头·延伸保护+ADX≤45 RR2.5,long_frozen_adx45,LONG,60m_long_frozen_adx45_rr2_5,V10.6冻结多头·延伸保护+ADX≤45 RR2.5,2.5,1.25,36,2022-06-01T01:00:00+00:00,2022-06-01T01:00:00+00:00,2022-06-01T04:10:00+00:00,1,31925.7,31537.548898767713,32896.07775308072,31537.348898767712,388.15110123228754,-1.0005152632553824,0.08175044292968332,-1.0822657061850658,False,STOP,38,310.52088098583005,43.71353290353867,59.46457416514387,22.535863116625045,13.72140987424938,1.7519264763411135,0.1887821704123787,0.813223760487596,0.8020254818686742,3.8821865897482444,-3.870441726876116,0.5599237688235452,0.7426847156069027,0.009726421856692301,62.0,2022-06,backcast_2022,True
60m_long_frozen_adx45_rr2_5,V10.6冻结多头·延伸保护+ADX≤45 RR2.5,long_frozen_adx45,LONG,60m_long_frozen_adx45_rr2_5,V10.6冻结多头·延伸保护+ADX≤45 RR2.5,2.5,1.25,36,2022-06-21T13:00:00+00:00,2022-06-21T13:00:00+00:00,2022-06-21T23:25:00+00:00,1,21089.100000000002,20611.942142999465,22281.994642501344,20611.742142999465,477.1578570005369,-1.0004191484999487,0.04369711357697767,-1.0441162620769264,False,STOP,125,381.72628560042955,27.571565131103263,58.30524968074933,21.481608092997416,13.75919127381169,0.9944421540847229,0.2610911844951746,1.253861141819468,0.8023971493359253,4.327708261959263,0.060235384109397216,0.5110366389632917,0.7077547521177641,0.01810072955571291,16.0,2022-06,backcast_2022,True
60m_long_frozen_adx45_rr2_5,V10.6冻结多头·延伸保护+ADX≤45 RR2.5,long_frozen_adx45,LONG,60m_long_frozen_adx45_rr2_5,V10.6冻结多头·延伸保护+ADX≤45 RR2.5,2.5,1.25,36,2022-07-07T14:00:00+00:00,2022-07-07T14:00:00+00:00,2022-07-07T16:45:00+00:00,1,20532.8,20320.514241167944,21063.514397080136,21063.314397080136,212.28575883205417,2.49905787368357,0.0979719850872995,2.4010858885962705,True,TARGET,33,169.82860706564333,27.41930636318631,58.33192439949391,21.58270859123875,12.82142640188571,1.0572104163094922,0.14756662072236543,1.356975841370809,0.9098949695964651,2.918236265156646,-0.5293922063196597,0.42464643546572334,0.6870653986143538,0.008271209402929178,33.0,2022-07,backcast_2022,True
60m_long_frozen_adx45_rr2_5,V10.6冻结多头·延伸保护+ADX≤45 RR2.5,long_frozen_adx45,LONG,60m_long_frozen_adx45_rr2_5,V10.6冻结多头·延伸保护+ADX≤45 RR2.5,2.5,1.25,36,2022-08-13T10:00:00+00:00,2022-08-13T10:00:00+00:00,2022-08-13T11:40:00+00:00,1,24570.3,24318.384896864896,25200.08775783776,24318.184896864896,251.91510313510392,-1.0007939182586147,0.09703365198918948,-1.0978275702478042,False,STOP,20,201.53208250808314,31.259963471466815,59.468500548361995,24.689795602831733,15.140649312510662,0.9982050213630147,0.18905928578074369,1.42895112338363,0.7506821282401023,5.899805059337443,0.07171352187955904,0.5282722169527753,0.8285473814463634,0.008202330576924113,16.0,2022-08,backcast_2022,True
60m_long_frozen_adx45_rr2_5,V10.6冻结多头·延伸保护+ADX≤45 RR2.5,long_frozen_adx45,LONG,60m_long_frozen_adx45_rr2_5,V10.6冻结多头·延伸保护+ADX≤45 RR2.5,2.5,1.25,36,2022-09-12T17:00:00+00:00,2022-09-12T17:00:00+00:00,2022-09-13T12:35:00+00:00,1,22210.100000000002,21908.31398891969,22964.56502770078,21908.11398891969,301.78601108031114,-1.0006627212417363,0.07309519389415796,-1.0737579151358942,False,STOP,235,241.42880886424894,41.70398012165085,59.08283966233199,25.265169925751966,14.555881445380832,1.3232101899295818,0.24717291912111075,1.047853183825699,0.7745060054242642,4.2766230130413145,-1.3803700572624322,0.6259071588652458,0.7308821293441401,0.010870323993545622,49.0,2022-09,backcast_2022,True
60m_long_frozen_adx45_rr2_5,V10.6冻结多头·延伸保护+ADX≤45 RR2.5,long_frozen_adx45,LONG,60m_long_frozen_adx45_rr2_5,V10.6冻结多头·延伸保护+ADX≤45 RR2.5,2.5,1.25,36,2022-11-23T15:00:00+00:00,2022-11-23T15:00:00+00:00,2022-11-25T03:00:00+00:00,1,16456.4,16286.038099957581,16882.304750106054,16519.1,170.36190004242084,0.36804003702931537,0.09678073557464716,0.2712593014546682,True,TIME_EXIT,432,136.28952003393667,35.92800003621963,56.647215787073144,24.23832066255823,17.325033928349846,0.9547112582916009,0.14473002861141906,1.8509673978587513,0.8431931575196,4.798608138301105,-2.5397808913997366,0.49315020351050526,0.4725975734761301,0.008281905412148337,13.0,2022-11,backcast_2022,True
60m_long_frozen_adx45_rr2_5,V10.6冻结多头·延伸保护+ADX≤45 RR2.5,long_frozen_adx45,LONG,60m_long_frozen_adx45_rr2_5,V10.6冻结多头·延伸保护+ADX≤45 RR2.5,2.5,1.25,36,2022-11-30T19:00:00+00:00,2022-11-30T19:00:00+00:00,2022-12-01T13:35:00+00:00,1,16913.600000000002,16777.116364394904,17254.809089012746,17254.609089012745,136.48363560509688,2.498534622857074,0.12517328153492108,2.3733613413221533,True,TARGET,223,109.18690848407749,32.00398488333441,63.48038975749544,25.874172336060294,17.430655222583002,1.3815325287584992,0.2139190945312709,2.9657877438650115,0.7687319884726318,6.080399282454422,-3.815340858104314,0.5174472056982631,1.1755357930632266,0.006455645138415545,33.0,2022-11,backcast_2022,True
60m_long_frozen_adx45_rr2_5,V10.6冻结多头·延伸保护+ADX≤45 RR2.5,long_frozen_adx45,LONG,60m_long_frozen_adx45_rr2_5,V10.6冻结多头·延伸保护+ADX≤45 RR2.5,2.5,1.25,36,2022-12-01T15:00:00+00:00,2022-12-01T15:00:00+00:00,2022-12-01T15:20:00+00:00,1,17099.9,16971.21765109809,17421.605872254782,16971.01765109809,128.682348901913,-1.0015542147132532,0.13238380376887723,-1.1339380184821304,False,STOP,4,102.94587912153041,32.6455669658226,59.14448040886619,29.810351906287803,11.456693013743225,1.6260782719633755,0.1376672449029881,1.484437972349273,0.6714406065711899,6.299426509675323,1.0272240675044806,0.541056657721098,0.36176433386028883,0.006020332469080183,53.0,2022-12,backcast_2022,True
60m_long_frozen_adx45_rr2_5,V10.6冻结多头·延伸保护+ADX≤45 RR2.5,long_frozen_adx45,LONG,60m_long_frozen_adx45_rr2_5,V10.6冻结多头·延伸保护+ADX≤45 RR2.5,2.5,1.25,36,2023-01-04T16:00:00+00:00,2023-01-04T16:00:00+00:00,2023-01-04T19:30:00+00:00,1,16846.7,16787.234056014382,16995.364859964047,16787.03405601438,59.46594398561834,-1.0033632695724028,0.28279828589073264,-1.2861615554631354,False,STOP,42,47.57275518849467,38.62500212148535,64.95462482376875,27.797928815987856,13.747357145380946,1.1971695093805925,0.2649305368014657,2.701129561110393,0.9571899012074494,6.274599795981364,1.0218109672312323,0.5116968785980055,1.1014028661042548,0.002823895479090296,15.0,2023-01,backcast_2023_2024,True
60m_long_frozen_adx45_rr2_5,V10.6冻结多头·延伸保护+ADX≤45 RR2.5,long_frozen_adx45,LONG,60m_long_frozen_adx45_rr2_5,V10.6冻结多头·延伸保护+ADX≤45 RR2.5,2.5,1.25,36,2023-01-18T14:00:00+00:00,2023-01-18T14:00:00+00:00,2023-01-18T15:50:00+00:00,1,21401.4,21228.050838346564,21834.77290413359,21227.850838346563,173.34916165343574,-1.0011537407974451,0.12295776464028162,-1.1241115054377266,False,STOP,22,138.6793293227486,23.938594034982202,60.81120197639965,26.561198651586942,12.11308549424714,0.6950130439533253,0.10048235161057492,5.026836999392621,0.7206303724928375,2.4928012104489823,-0.5834939403105075,0.19174369831943588,1.0628499835114995,0.0064799791284016126,1.0,2023-01,backcast_2023_2024,True
60m_long_frozen_adx45_rr2_5,V10.6冻结多头·延伸保护+ADX≤45 RR2.5,long_frozen_adx45,LONG,60m_long_frozen_adx45_rr2_5,V10.6冻结多头·延伸保护+ADX≤45 RR2.5,2.5,1.25,36,2023-01-22T15:00:00+00:00,2023-01-22T15:00:00+00:00,2023-01-22T15:25:00+00:00,1,22993.4,22779.161133945257,23528.99716513686,22778.961133945257,214.23886605474436,-1.000933537428028,0.10682553071917648,-1.1077590681472045,False,STOP,5,171.3910928437955,27.452997808126483,58.99163258456866,23.26325704286566,16.101342859573798,1.8872278422268296,0.12180499381024178,1.166452848749596,0.6679005817028041,4.135570806156152,-4.69472614621484,0.538084043534943,0.7396415681717904,0.00745399043385851,2.0,2023-01,backcast_2023_2024,True
60m_long_frozen_adx45_rr2_5,V10.6冻结多头·延伸保护+ADX≤45 RR2.5,long_frozen_adx45,LONG,60m_long_frozen_adx45_rr2_5,V10.6冻结多头·延伸保护+ADX≤45 RR2.5,2.5,1.25,36,2023-04-14T14:00:00+00:00,2023-04-14T14:00:00+00:00,2023-04-14T14:35:00+00:00,1,30701.8,30471.268262659672,31278.129343350818,30471.06826265967,230.53173734032814,-1.0008675595052847,0.1326777583173976,-1.1335453178226822,False,STOP,7,184.4253898722625,38.979649884787506,56.4838319477375,25.320233199468362,15.65957112941315,1.4283159260642164,0.15729190550025327,1.0693023723769097,0.7374909354604761,4.73904379763195,-2.3668279951296753,0.5495720314574231,0.4767313781439262,0.006007009053969731,37.0,2023-04,backcast_2023_2024,True
60m_long_frozen_adx45_rr2_5,V10.6冻结多头·延伸保护+ADX≤45 RR2.5,long_frozen_adx45,LONG,60m_long_frozen_adx45_rr2_5,V10.6冻结多头·延伸保护+ADX≤45 RR2.5,2.5,1.25,36,2023-09-19T15:00:00+00:00,2023-09-19T15:00:00+00:00,2023-09-20T19:20:00+00:00,1,27153.8,26918.753657580874,27741.415856047817,26918.553657580873,235.0463424191273,-1.0008508960315685,0.1150248778625126,-1.1158757738940812,False,STOP,340,188.03707393530186,25.75722175125457,58.11206913819006,26.81817831204229,15.26342355107637,0.7191122020600004,0.1950987490730125,2.1581548071043675,0.8897196261682198,4.567184449463873,2.5474633556605895,0.4400816127720509,0.9464546488976552,0.006924940852605249,7.0,2023-09,backcast_2023_2024,True
60m_long_frozen_adx45_rr2_5,V10.6冻结多头·延伸保护+ADX≤45 RR2.5,long_frozen_adx45,LONG,60m_long_frozen_adx45_rr2_5,V10.6冻结多头·延伸保护+ADX≤45 RR2.5,2.5,1.25,36,2023-10-08T02:00:00+00:00,2023-10-08T02:00:00+00:00,2023-10-08T05:30:00+00:00,1,28001.600000000002,27898.87885826369,28258.402854340777,27898.67885826369,102.72114173630953,-1.001947018857278,0.2720972426580041,-1.2740442615152823,False,STOP,42,82.17691338904763,24.250127625014876,61.977147461137655,24.355658566948108,12.27592753767763,1.012978721419951,0.20940491421941723,1.362382595703769,0.8304347826086719,2.2743614026383123,0.457826967923026,0.36588140920295914,1.0153708574647067,0.0029347535074817107,4.0,2023-10,backcast_2023_2024,True
60m_long_frozen_adx45_rr2_5,V10.6冻结多头·延伸保护+ADX≤45 RR2.5,long_frozen_adx45,LONG,60m_long_frozen_adx45_rr2_5,V10.6冻结多头·延伸保护+ADX≤45 RR2.5,2.5,1.25,36,2023-12-02T16:00:00+00:00,2023-12-02T16:00:00+00:00,2023-12-02T19:10:00+00:00,1,38787.1,38627.78194776937,39185.395130576566,39185.19513057657,159.3180522306261,2.49874464947823,0.24470640344543373,2.2540382460327963,True,TARGET,38,127.45444178450089,34.27662445665385,60.50996353364991,26.598708043058636,15.213180601926105,1.8994752443391465,0.2260459266640431,1.5103945335150792,0.7888446215139442,2.1639104619541127,-0.782652822190478,0.6514988081239527,0.6980986652616852,0.0032860092759043205,39.0,2023-12,backcast_2023_2024,True
60m_long_frozen_adx45_rr2_5,V10.6冻结多头·延伸保护+ADX≤45 RR2.5,long_frozen_adx45,LONG,60m_long_frozen_adx45_rr2_5,V10.6冻结多头·延伸保护+ADX≤45 RR2.5,2.5,1.25,36,2024-01-30T15:00:00+00:00,2024-01-30T15:00:00+00:00,2024-01-30T23:30:00+00:00,1,43455.2,43103.2924769318,44334.96880767049,43103.0924769318,351.9075230681967,-1.0005683311293145,0.12298443028760929,-1.1235527614169238,False,STOP,102,281.5260184545574,37.841543900890734,60.485754692301285,24.983728344209624,11.529902750078984,1.5350415123339538,0.16661278377276065,1.5724167221020502,0.9260204081632653,3.6394504693546987,1.1764471402931491,0.5718802099393796,0.7686198106306189,0.006478564456439015,24.0,2024-01,backcast_2023_2024,True
60m_long_frozen_adx45_rr2_5,V10.6冻结多头·延伸保护+ADX≤45 RR2.5,long_frozen_adx45,LONG,60m_long_frozen_adx45_rr2_5,V10.6冻结多头·延伸保护+ADX≤45 RR2.5,2.5,1.25,36,2024-02-10T14:00:00+00:00,2024-02-10T14:00:00+00:00,2024-02-10T20:50:00+00:00,1,47286.2,46930.53606481553,48175.35983796116,48175.15983796116,355.66393518446364,2.499437671407724,0.13420163023902115,2.365236041168703,True,TARGET,82,284.5311481475709,34.141071065853154,58.733471540199304,22.9675170211061,16.37315467572004,2.2847523550193,0.12706988138469988,0.9189137079958746,0.6896316507503379,4.898936404941722,-5.765722255782812,0.6143382838539567,0.5722285602260294,0.006017238678415829,1.0,2024-02,backcast_2023_2024,True
60m_long_frozen_adx45_rr2_5,V10.6冻结多头·延伸保护+ADX≤45 RR2.5,long_frozen_adx45,LONG,60m_long_frozen_adx45_rr2_5,V10.6冻结多头·延伸保护+ADX≤45 RR2.5,2.5,1.25,36,2024-02-11T15:00:00+00:00,2024-02-11T15:00:00+00:00,2024-02-12T06:50:00+00:00,1,48227.1,47867.79633762081,49125.359155947954,47867.59633762082,359.3036623791824,-1.000556632233235,0.13372351356136417,-1.1342801457945992,False,STOP,190,287.44292990334594,30.82188994833863,59.853727459337065,24.04566400323078,19.38705007419208,2.009107591961276,0.2264020336368969,1.0126483487415383,0.9598036207425638,4.9835979631911105,-2.6985761678094704,0.7415989147710582,0.7942311431401908,0.0059602199167548804,26.0,2024-02,backcast_2023_2024,True
60m_long_frozen_adx45_rr2_5,V10.6冻结多头·延伸保护+ADX≤45 RR2.5,long_frozen_adx45,LONG,60m_long_frozen_adx45_rr2_5,V10.6冻结多头·延伸保护+ADX≤45 RR2.5,2.5,1.25,36,2024-02-13T12:00:00+00:00,2024-02-13T12:00:00+00:00,2024-02-13T13:35:00+00:00,1,50004.1,49581.849371363794,51059.72657159051,49581.6493713638,422.25062863620474,-1.0004736523439701,0.11792255904154395,-1.1183962113855141,False,STOP,19,337.8005029089638,39.39161395292165,58.6442186236536,25.007652120308368,16.821342399745987,2.0786957119517235,0.2688194500380469,0.9897409953518235,0.9121447028423773,5.177020119686735,-1.6372261710316423,0.7876230448153706,0.6841818660533542,0.006755469620609627,22.0,2024-02,backcast_2023_2024,True
60m_long_frozen_adx45_rr2_5,V10.6冻结多头·延伸保护+ADX≤45 RR2.5,long_frozen_adx45,LONG,60m_long_frozen_adx45_rr2_5,V10.6冻结多头·延伸保护+ADX≤45 RR2.5,2.5,1.25,36,2024-02-15T17:00:00+00:00,2024-02-15T17:00:00+00:00,2024-02-15T19:35:00+00:00,1,52295.399999999994,51706.10036365094,53768.64909087263,51705.900363650944,589.2996363490535,-1.0003393859212872,0.0882414428489898,-1.088580828770277,False,STOP,31,471.4397090792428,26.582106035979436,57.45331648159771,21.11690230522308,13.75200659452584,1.6147413351143263,0.1901070406751363,1.6705602943824753,0.8109923664122204,2.91871892312048,0.17309060569145984,0.594857527897863,0.550367777756937,0.009014953716285072,43.0,2024-02,backcast_2023_2024,True
60m_long_frozen_adx45_rr2_5,V10.6冻结多头·延伸保护+ADX≤45 RR2.5,long_frozen_adx45,LONG,60m_long_frozen_adx45_rr2_5,V10.6冻结多头·延伸保护+ADX≤45 RR2.5,2.5,1.25,36,2024-02-29T14:00:00+00:00,2024-02-29T14:00:00+00:00,2024-02-29T16:45:00+00:00,1,63004.299999999996,61795.8503953008,66025.424011748,61795.6503953008,1208.4496046992015,-1.0001655013160804,0.05163639009438259,-1.051801891410463,False,STOP,33,966.7596837593611,43.73175458867656,65.79222247423303,25.22854673935371,13.625754140220156,2.1208678467352353,0.32200641683799575,0.8197449562429115,0.8754128440366946,5.48223109531245,-1.4136614939855647,0.8110890313323353,1.0089130475932153,0.01534436884778096,71.0,2024-02,backcast_2023_2024,True
60m_long_frozen_adx45_rr2_5,V10.6冻结多头·延伸保护+ADX≤45 RR2.5,long_frozen_adx45,LONG,60m_long_frozen_adx45_rr2_5,V10.6冻结多头·延伸保护+ADX≤45 RR2.5,2.5,1.25,36,2024-03-08T14:00:00+00:00,2024-03-08T14:00:00+00:00,2024-03-08T15:30:00+00:00,1,67837.09999999999,67187.60005831094,69460.84985422263,69460.64985422263,649.4999416890529,2.4996920707960792,0.1056949670366204,2.393997103759459,True,TARGET,18,519.5999533512423,23.057540774050263,60.021002704773,21.25355804310091,10.530095423749191,0.8423048924205899,0.2751631195064589,1.789900867558745,0.8114999999999903,2.504426706752112,2.1814310950280067,0.3355809855650656,0.998768572873169,0.007659547434379259,12.0,2024-03,backcast_2023_2024,True
60m_long_frozen_adx45_rr2_5,V10.6冻结多头·延伸保护+ADX≤45 RR2.5,long_frozen_adx45,LONG,60m_long_frozen_adx45_rr2_5,V10.6冻结多头·延伸保护+ADX≤45 RR2.5,2.5,1.25,36,2024-05-17T19:00:00+00:00,2024-05-17T19:00:00+00:00,2024-05-19T07:00:00+00:00,1,66785.9,66157.78262658206,68356.19343354483,66993.90000000001,628.1173734179366,0.33114829935075774,0.1064926760997149,0.22465562325104282,True,TIME_EXIT,432,502.4938987343493,39.32482024502024,60.07134945063935,24.52310560237749,17.683836355908422,1.4189613594798667,0.3685065684783908,1.612517241519809,0.9526195899772254,4.655578915271102,-1.1937914339389621,0.6342915593966372,1.0564116167443707,0.007523974424679974,15.0,2024-05,backcast_2023_2024,True
60m_long_frozen_adx45_rr2_5,V10.6冻结多头·延伸保护+ADX≤45 RR2.5,long_frozen_adx45,LONG,60m_long_frozen_adx45_rr2_5,V10.6冻结多头·延伸保护+ADX≤45 RR2.5,2.5,1.25,36,2024-06-05T15:00:00+00:00,2024-06-05T15:00:00+00:00,2024-06-06T20:05:00+00:00,1,70907.59999999999,70362.60923351347,72270.07691621628,70362.40923351348,544.9907664865126,-1.0003669786945029,0.12960770890144027,-1.129974687595943,False,STOP,349,435.9926131892101,36.682775648779256,57.709248295827926,20.80915440233463,13.696702326708179,1.4965979269264147,0.10806115690901964,2.4232905048846836,0.7038114634855869,3.009684018271508,-1.6051913874896968,0.5033420754544929,0.3523073845143413,0.006148760400031733,26.0,2024-06,backcast_2023_2024,True
60m_long_frozen_adx45_rr2_5,V10.6冻结多头·延伸保护+ADX≤45 RR2.5,long_frozen_adx45,LONG,60m_long_frozen_adx45_rr2_5,V10.6冻结多头·延伸保护+ADX≤45 RR2.5,2.5,1.25,36,2024-07-10T11:00:00+00:00,2024-07-10T11:00:00+00:00,2024-07-10T12:35:00+00:00,1,58633.399999999994,57978.44127047756,60270.796823806086,57978.24127047756,654.958729522437,-1.000305362751848,0.0890221291924034,-1.0893274919442513,False,STOP,19,523.9669836179496,29.36657365331022,58.151027874762356,25.807996001907195,15.206771064140831,1.0986784835123047,0.24737633181327132,0.8811659513320237,0.8338164251207659,4.93676143893465,0.40640857697183463,0.5939098499392689,0.748439092366085,0.008936353185873356,29.0,2024-07,backcast_2023_2024,True
60m_long_frozen_adx45_rr2_5,V10.6冻结多头·延伸保护+ADX≤45 RR2.5,long_frozen_adx45,LONG,60m_long_frozen_adx45_rr2_5,V10.6冻结多头·延伸保护+ADX≤45 RR2.5,2.5,1.25,36,2024-07-20T14:00:00+00:00,2024-07-20T14:00:00+00:00,2024-07-20T17:20:00+00:00,1,66503.2,66090.01882490545,67536.15293773638,67535.95293773638,413.1811750945507,2.4995159508417863,0.16220384787262315,2.3373121029691633,True,TARGET,40,330.54494007564057,30.62759967056594,61.30546680505766,22.762473739159645,16.759916163703434,2.0831013373958682,0.1720017292715369,1.0331699743154987,0.6861716085016951,3.641562323490861,-1.683565851667094,0.7122968475916541,0.601687074729898,0.004970383849059824,24.0,2024-07,backcast_2023_2024,True
60m_long_frozen_adx45_rr2_5,V10.6冻结多头·延伸保护+ADX≤45 RR2.5,long_frozen_adx45,LONG,60m_long_frozen_adx45_rr2_5,V10.6冻结多头·延伸保护+ADX≤45 RR2.5,2.5,1.25,36,2024-08-18T09:00:00+00:00,2024-08-18T09:00:00+00:00,2024-08-18T23:15:00+00:00,1,59675.899999999994,59269.23878966311,60692.5530258422,59269.038789663115,406.6612103368829,-1.000491809877394,0.14624573940938174,-1.1467375492867757,False,STOP,171,325.32896826950633,27.509843327630403,56.29416543150727,25.855183698135775,11.909072167458893,0.713211376189325,0.1617026856679306,0.862905777770331,0.9468782338737448,3.640007855122816,3.3191041134505923,0.23973697187453494,0.6981878612192339,0.00545162458809809,34.0,2024-08,backcast_2023_2024,True
60m_long_frozen_adx45_rr2_5,V10.6冻结多头·延伸保护+ADX≤45 RR2.5,long_frozen_adx45,LONG,60m_long_frozen_adx45_rr2_5,V10.6冻结多头·延伸保护+ADX≤45 RR2.5,2.5,1.25,36,2024-09-19T23:00:00+00:00,2024-09-19T23:00:00+00:00,2024-09-21T11:00:00+00:00,1,62914.1,62295.80375529306,64459.84061176734,62956.9,618.2962447069357,0.06922248091655409,0.10178858522718444,-0.03256610431063035,False,TIME_EXIT,432,494.63699576554853,40.26109466608301,60.4962327225965,24.05954347736856,16.590048240849512,2.1043696393462437,0.2065369463992445,0.9063208448161428,0.6580615942028974,4.154561865756687,-3.497861594823263,0.8804416583071708,0.5832237123534578,0.007862113293790707,29.0,2024-09,backcast_2023_2024,True
60m_long_frozen_adx45_rr2_5,V10.6冻结多头·延伸保护+ADX≤45 RR2.5,long_frozen_adx45,LONG,60m_long_frozen_adx45_rr2_5,V10.6冻结多头·延伸保护+ADX≤45 RR2.5,2.5,1.25,36,2024-10-15T16:00:00+00:00,2024-10-15T16:00:00+00:00,2024-10-16T11:35:00+00:00,1,65994.9,65079.051220633366,68284.52194841656,68284.32194841656,915.8487793666246,2.4997816233372787,0.07330862090643409,2.4264730024308445,True,TARGET,235,732.6790234932997,34.77681402616481,53.73839083854388,25.41161315940661,16.199109856967517,1.0701672777175477,0.27186146304271974,4.026769503841174,0.8107803487369929,3.8916086151961062,0.31491326193073377,0.39148895172053244,0.39412859245393334,0.011102105679757127,37.0,2024-10,backcast_2023_2024,True
60m_long_frozen_adx45_rr2_5,V10.6冻结多头·延伸保护+ADX≤45 RR2.5,long_frozen_adx45,LONG,60m_long_frozen_adx45_rr2_5,V10.6冻结多头·延伸保护+ADX≤45 RR2.5,2.5,1.25,36,2024-10-17T02:00:00+00:00,2024-10-17T02:00:00+00:00,2024-10-17T04:45:00+00:00,1,67877.0,67292.5618933157,69338.09526671076,67292.3618933157,584.4381066843026,-1.0003422090341343,0.1156404419453183,-1.1159826509794526,False,STOP,33,467.55048534744213,30.685369386292003,59.91893207489508,22.09645832417543,14.509639029315247,1.5653935903378609,0.14819939694247605,0.8024995969032832,0.984096198603574,3.566032016330842,-1.1937310251199555,0.5125098834802303,0.7364650697108754,0.006888232417713916,71.0,2024-10,backcast_2023_2024,True
60m_long_frozen_adx45_rr2_5,V10.6冻结多头·延伸保护+ADX≤45 RR2.5,long_frozen_adx45,LONG,60m_long_frozen_adx45_rr2_5,V10.6冻结多头·延伸保护+ADX≤45 RR2.5,2.5,1.25,36,2024-10-21T04:00:00+00:00,2024-10-21T04:00:00+00:00,2024-10-21T07:50:00+00:00,1,68938.09999999999,68548.00515562062,69913.33711094844,68547.80515562062,390.0948443793788,-1.000512695829937,0.1762211256269661,-1.1767338214569032,False,STOP,46,312.075875503503,29.92098298927814,57.92308291000011,26.74985310824216,16.582897930639515,0.8836549653037339,0.26149312932493235,1.2463300317374668,0.9830508474576272,4.451801978472406,2.107922854943883,0.507066651306236,0.7087644686697635,0.00452690643046655,22.0,2024-10,backcast_2023_2024,True
60m_long_frozen_adx45_rr2_5,V10.6冻结多头·延伸保护+ADX≤45 RR2.5,long_frozen_adx45,LONG,60m_long_frozen_adx45_rr2_5,V10.6冻结多头·延伸保护+ADX≤45 RR2.5,2.5,1.25,36,2024-10-28T03:00:00+00:00,2024-10-28T03:00:00+00:00,2024-10-28T07:20:00+00:00,1,67779.2,67461.03737593214,68574.60656016965,68574.40656016965,318.16262406785887,2.499371390650989,0.21428287964315956,2.2850885110078294,True,TARGET,52,254.53009925428708,29.248030074645264,57.16356536430777,24.51482273691763,15.530539417260815,0.8125047844279483,0.18782256826365443,0.9227232464835216,0.6808510638297872,5.087806918686801,-0.1693534369539833,0.475620698810406,0.5469751256669472,0.0037552944017215815,13.0,2024-10,backcast_2023_2024,True
60m_long_frozen_adx45_rr2_5,V10.6冻结多头·延伸保护+ADX≤45 RR2.5,long_frozen_adx45,LONG,60m_long_frozen_adx45_rr2_5,V10.6冻结多头·延伸保护+ADX≤45 RR2.5,2.5,1.25,36,2024-11-08T14:00:00+00:00,2024-11-08T14:00:00+00:00,2024-11-08T14:45:00+00:00,1,76280.5,75692.65348079857,77750.11629800359,75692.45348079858,587.8465192014326,-1.0003402248605004,0.1292624422504433,-1.1296026671109438,False,STOP,9,470.2772153611461,32.26172013232165,58.892938925901674,22.336248176594413,9.180922592671928,1.8628031553768458,0.14676254205665132,0.8522243080819112,0.9557303370786582,3.0384206449438134,1.8383768408731456,0.5914058575725026,0.7712635788268608,0.006165120160266099,72.0,2024-11,backcast_2023_2024,True
60m_long_frozen_adx45_rr2_5,V10.6冻结多头·延伸保护+ADX≤45 RR2.5,long_frozen_adx45,LONG,60m_long_frozen_adx45_rr2_5,V10.6冻结多头·延伸保护+ADX≤45 RR2.5,2.5,1.25,36,2024-11-08T16:00:00+00:00,2024-11-08T16:00:00+00:00,2024-11-09T17:20:00+00:00,1,76423.5,75767.95185334163,78062.37036664595,75767.75185334163,655.5481466583784,-1.000305088193768,0.11607938534273066,-1.1163844735364987,False,STOP,304,524.4385173267027,32.13950640376166,58.57678618522644,21.326351898060345,10.046709899968933,1.581298795022296,0.13851457018469182,3.398894435538956,0.7970626178426113,2.724628250578801,0.6068990019102323,0.5190975653676744,0.8985706682929293,0.0068622856815487255,74.0,2024-11,backcast_2023_2024,True
60m_long_frozen_adx45_rr2_5,V10.6冻结多头·延伸保护+ADX≤45 RR2.5,long_frozen_adx45,LONG,60m_long_frozen_adx45_rr2_5,V10.6冻结多头·延伸保护+ADX≤45 RR2.5,2.5,1.25,36,2024-11-21T17:00:00+00:00,2024-11-21T17:00:00+00:00,2024-11-23T05:00:00+00:00,1,97175.7,96035.95258721143,100025.06853197141,98611.0,1139.7474127885666,1.2593141110874044,0.08589039018784779,1.1734237208995566,True,TIME_EXIT,432,911.7979302308532,29.53195081496486,61.56138176844879,24.692125928112336,19.960936410880592,1.7434689323771535,0.21245211194051244,1.0256399914125833,0.7270815811606391,5.14214810600953,-4.0698311297220116,0.7269037602745225,0.8210875601321199,0.009383002199431474,36.0,2024-11,backcast_2023_2024,True
60m_long_frozen_adx45_rr2_5,V10.6冻结多头·延伸保护+ADX≤45 RR2.5,long_frozen_adx45,LONG,60m_long_frozen_adx45_rr2_5,V10.6冻结多头·延伸保护+ADX≤45 RR2.5,2.5,1.25,36,2024-12-15T23:00:00+00:00,2024-12-15T23:00:00+00:00,2024-12-15T23:25:00+00:00,1,103235.8,102599.14921816466,104827.42695458836,104827.22695458836,636.6507818353431,2.499685856036455,0.16340435988689297,2.336281496149562,True,TARGET,5,509.3206254682745,35.1318286240183,62.82777387254044,26.767449227262677,13.55941777986489,1.3050274055461564,0.29774558727088823,1.0649500177078397,0.8168888888888926,4.001605075636082,0.2902695065318994,0.6121531939180552,1.1810261743894397,0.004933570707306431,23.0,2024-12,backcast_2023_2024,True
60m_long_frozen_adx45_rr2_5,V10.6冻结多头·延伸保护+ADX≤45 RR2.5,long_frozen_adx45,LONG,60m_long_frozen_adx45_rr2_5,V10.6冻结多头·延伸保护+ADX≤45 RR2.5,2.5,1.25,36,2024-12-26T04:00:00+00:00,2024-12-26T04:00:00+00:00,2024-12-26T05:15:00+00:00,1,98957.9,98060.00564047517,101202.63589881206,98059.80564047517,897.8943595248268,-1.0002227433526854,0.1097109607330302,-1.1099337040857156,False,STOP,15,718.3154876198614,25.521120928377595,57.41118985205029,20.44430455788107,13.794423295016202,1.1858038667324085,0.13901207953130068,0.8527225146067402,0.6925670498084202,3.3133073712306143,-1.1810186073148152,0.4588344704304449,0.5005922813308008,0.00725881348919651,36.0,2024-12,backcast_2023_2024,True
60m_long_frozen_adx45_rr2_5,V10.6冻结多头·延伸保护+ADX≤45 RR2.5,long_frozen_adx45,LONG,60m_long_frozen_adx45_rr2_5,V10.6冻结多头·延伸保护+ADX≤45 RR2.5,2.5,1.25,36,2025-01-14T18:00:00+00:00,2025-01-14T18:00:00+00:00,2025-01-15T14:05:00+00:00,1,96481.4,95385.55668527656,99221.00828680857,99220.80828680858,1095.8433147234327,2.4998174921566685,0.08929296992435437,2.410524522232314,True,TARGET,241,876.6746517787462,28.340658139525125,62.08656505265422,24.186915128970902,16.90898017006167,0.9025179701368476,0.2976616494745616,0.9039995571984707,0.9805208333333364,4.564749296538297,-0.9588653547002295,0.4702029064812094,1.1667731689162946,0.009086472215639158,14.0,2025-01,v10_development,True
60m_long_frozen_adx45_rr2_5,V10.6冻结多头·延伸保护+ADX≤45 RR2.5,long_frozen_adx45,LONG,60m_long_frozen_adx45_rr2_5,V10.6冻结多头·延伸保护+ADX≤45 RR2.5,2.5,1.25,36,2025-01-18T14:00:00+00:00,2025-01-18T14:00:00+00:00,2025-01-18T16:50:00+00:00,1,104327.5,103291.38455475066,106917.78861312334,103291.18455475067,1036.1154452493377,-1.0001930286831568,0.10019090319843073,-1.1003839318815876,False,STOP,34,828.8923561994701,28.7194565318875,59.070522484155696,20.81343648875565,14.035465967791453,1.3625649220713898,0.13497305232339557,0.957063822529273,0.9546853362055635,4.272207330076789,-3.9109990239341634,0.3766494337884706,1.0371178725435732,0.007945107001607154,1.0,2025-01,v10_development,True
60m_long_frozen_adx45_rr2_5,V10.6冻结多头·延伸保护+ADX≤45 RR2.5,long_frozen_adx45,LONG,60m_long_frozen_adx45_rr2_5,V10.6冻结多头·延伸保护+ADX≤45 RR2.5,2.5,1.25,36,2025-01-30T19:00:00+00:00,2025-01-30T19:00:00+00:00,2025-01-31T00:10:00+00:00,1,105523.59999999999,104585.24942409876,107869.47643975305,104585.04942409876,938.350575901227,-1.0002131399555132,0.11195637047608915,-1.1121695104316023,False,STOP,62,750.6804607209816,35.16567558479508,61.620285752690194,21.403637964459065,13.091068726502543,1.322158717370248,0.2627499595299085,1.0331694917960463,0.9829634073185223,4.296768290601449,-0.20464139421353167,0.5543390790055333,0.8220548352766506,0.007113876739386541,25.0,2025-01,v10_development,True
60m_long_frozen_adx45_rr2_5,V10.6冻结多头·延伸保护+ADX≤45 RR2.5,long_frozen_adx45,LONG,60m_long_frozen_adx45_rr2_5,V10.6冻结多头·延伸保护+ADX≤45 RR2.5,2.5,1.25,36,2025-03-20T15:00:00+00:00,2025-03-20T15:00:00+00:00,2025-03-20T15:05:00+00:00,1,86123.8,85289.8787439404,88208.603140149,85289.6787439404,833.9212560595993,-1.000239830797633,0.1027755783285189,-1.103015409126152,False,STOP,1,667.1370048476795,34.29902403826111,60.37626390514875,27.177156407788186,14.487504343603804,1.1854050459433159,0.10834833526204322,1.587220660976056,0.6547921967769288,5.995769940708474,-3.8077531790489374,0.36518233120670135,0.9975274765851544,0.007746265021680205,2.0,2025-03,v10_development,True
60m_long_frozen_adx45_rr2_5,V10.6冻结多头·延伸保护+ADX≤45 RR2.5,long_frozen_adx45,LONG,60m_long_frozen_adx45_rr2_5,V10.6冻结多头·延伸保护+ADX≤45 RR2.5,2.5,1.25,36,2025-04-22T01:00:00+00:00,2025-04-22T01:00:00+00:00,2025-04-22T13:15:00+00:00,1,87672.9,86943.19615365397,89497.15961586504,89496.95961586504,729.7038463460148,2.4997259162042322,0.12139846905223364,2.3783274471519986,True,TARGET,147,583.7630770768118,23.384910243254524,61.08642016091358,23.470107298868452,19.293492213220723,1.2551850507145073,0.1986888321452272,1.1147929330828357,0.9628214548126335,3.5822752108126843,-4.157285800061221,0.4641340077314153,0.9683500833459114,0.00665843617313955,25.0,2025-04,v10_development,True
60m_long_frozen_adx45_rr2_5,V10.6冻结多头·延伸保护+ADX≤45 RR2.5,long_frozen_adx45,LONG,60m_long_frozen_adx45_rr2_5,V10.6冻结多头·延伸保护+ADX≤45 RR2.5,2.5,1.25,36,2025-07-10T15:00:00+00:00,2025-07-10T15:00:00+00:00,2025-07-10T16:35:00+00:00,1,111195.3,110650.34437053444,112557.6890736639,112557.4890736639,544.955629465559,2.499632997643881,0.2052945019515621,2.294338495692319,True,TARGET,19,435.9645035724472,36.4984384750559,61.52495080553802,26.666748618667114,17.107230027001457,1.715125832810322,0.14087887611637892,1.5572284963207292,0.8873036460585131,6.772110976483177,-4.161660277195054,0.5925143913897465,1.007527427989316,0.003920720388258889,33.0,2025-07,v10_development,True
60m_long_frozen_adx45_rr2_5,V10.6冻结多头·延伸保护+ADX≤45 RR2.5,long_frozen_adx45,LONG,60m_long_frozen_adx45_rr2_5,V10.6冻结多头·延伸保护+ADX≤45 RR2.5,2.5,1.25,36,2025-07-27T14:00:00+00:00,2025-07-27T14:00:00+00:00,2025-07-27T16:05:00+00:00,1,118182.5,117856.09355241372,118998.51611896571,118998.31611896571,326.40644758628406,2.499387267005668,0.3633212791488563,2.1360659878568113,True,TARGET,25,261.12515806902724,26.293898623470152,56.990873598976634,28.68092995910168,18.67430328790377,0.8748517276184093,0.10535579907186997,0.9974922662903131,0.8991769547325322,2.417614620775535,-1.1116694837605365,0.2666641567175302,0.5976995600229322,0.0022095115602677154,4.0,2025-07,v10_development,True
60m_long_frozen_adx45_rr2_5,V10.6冻结多头·延伸保护+ADX≤45 RR2.5,long_frozen_adx45,LONG,60m_long_frozen_adx45_rr2_5,V10.6冻结多头·延伸保护+ADX≤45 RR2.5,2.5,1.25,36,2025-08-28T15:00:00+00:00,2025-08-28T15:00:00+00:00,2025-08-28T15:50:00+00:00,1,113115.8,112374.0665512373,114970.13362190676,112373.8665512373,741.7334487627029,-1.0002696386422054,0.1520018187985051,-1.1522714574407105,False,STOP,10,593.3867590101623,23.118178591198163,60.9354401956582,19.18532866586764,12.448630514586533,0.8689095104186453,0.30596230249665163,1.4172708835596317,0.8068337697967386,4.411962283026211,0.7299462610313228,0.4507976067841055,1.0210274552059786,0.005245848349785505,12.0,2025-08,v10_development,True
60m_long_frozen_adx45_rr2_5,V10.6冻结多头·延伸保护+ADX≤45 RR2.5,long_frozen_adx45,LONG,60m_long_frozen_adx45_rr2_5,V10.6冻结多头·延伸保护+ADX≤45 RR2.5,2.5,1.25,36,2025-11-11T03:00:00+00:00,2025-11-11T03:00:00+00:00,2025-11-11T05:05:00+00:00,1,106596.0,105578.55882256992,109139.60294357521,105578.35882256992,1017.4411774300876,-1.0001965715605272,0.10426861204816397,-1.1044651836086912,False,STOP,25,813.9529419440701,29.049973477737115,61.52818773851589,25.455475817308137,17.44731397617958,1.1183904845899406,0.2139965806585871,1.8686863095902102,0.6781792645556735,3.5112595000564353,-2.914598676137114,0.4034202097487102,1.0180030510544436,0.0076358819197761075,9.0,2025-11,v10_validation,True
60m_long_frozen_adx45_rr2_5,V10.6冻结多头·延伸保护+ADX≤45 RR2.5,long_frozen_adx45,LONG,60m_long_frozen_adx45_rr2_5,V10.6冻结多头·延伸保护+ADX≤45 RR2.5,2.5,1.25,36,2026-01-05T00:00:00+00:00,2026-01-05T00:00:00+00:00,2026-01-05T01:05:00+00:00,1,91497.4,91110.0043961217,92465.8890096957,92465.6890096957,387.3956038782861,2.4994837318802783,0.23743569514987853,2.2620480367303997,True,TARGET,13,309.9164831026289,34.170067554686774,62.715963564326785,24.798819864340217,15.528340500745212,1.6505117672709473,0.16223631599406046,1.3943005453358888,0.8189119170984607,3.1931183204356546,-4.134118113222044,0.5162637961927343,1.0447985751336881,0.0033871727421156393,36.0,2026-01,v10_validation,True
60m_long_frozen_adx45_rr2_5,V10.6冻结多头·延伸保护+ADX≤45 RR2.5,long_frozen_adx45,LONG,60m_long_frozen_adx45_rr2_5,V10.6冻结多头·延伸保护+ADX≤45 RR2.5,2.5,1.25,36,2026-03-15T18:00:00+00:00,2026-03-15T18:00:00+00:00,2026-03-15T18:50:00+00:00,1,71788.09999999999,71389.26257112031,72785.19357219918,71389.06257112032,398.8374288796731,-1.000501457449875,0.1794931370575002,-1.179994594507375,False,STOP,10,319.06994310373847,25.614180044739733,62.59735090836163,26.685149141009514,15.371410600541319,0.7924637077204347,0.14525962412076782,1.4803131285492996,0.6928989139515407,4.030464253356155,-2.437513108340937,0.3335994125671363,1.136753875951784,0.004444613906275958,16.0,2026-03,v10_validation,True
60m_long_frozen_adx45_rr2_5,V10.6冻结多头·延伸保护+ADX≤45 RR2.5,long_frozen_adx45,LONG,60m_long_frozen_adx45_rr2_5,V10.6冻结多头·延伸保护+ADX≤45 RR2.5,2.5,1.25,36,2026-04-08T16:00:00+00:00,2026-04-08T16:00:00+00:00,2026-04-09T01:10:00+00:00,1,71275.09999999999,70540.19549980505,73112.36125048736,70539.99549980505,734.9045001949486,-1.000272144203685,0.09648539059305372,-1.0967575347967387,False,STOP,110,587.9236001559589,44.720680974447035,55.976459461071265,33.32336319675108,15.846167601062739,1.6153715048263906,0.10126692077263355,0.8633885505827513,0.9012810851544953,7.727534664018964,0.018355110008485553,0.622345996625487,0.36029602618368384,0.008248688178093223,21.0,2026-04,v10_historical_test,True
60m_long_frozen_adx45_rr2_5,V10.6冻结多头·延伸保护+ADX≤45 RR2.5,long_frozen_adx45,LONG,60m_long_frozen_adx45_rr2_5,V10.6冻结多头·延伸保护+ADX≤45 RR2.5,2.5,1.25,36,2026-04-10T01:00:00+00:00,2026-04-10T01:00:00+00:00,2026-04-11T13:00:00+00:00,1,71932.5,71217.15364795008,73720.86588012481,72895.40000000001,715.3463520499242,1.3460612432574586,0.1012292154597389,1.2448320277977196,True,TIME_EXIT,432,572.2770816399394,23.69372720807258,55.31794045648317,24.32037614336547,15.14382771062132,0.9308107603750567,0.10916775496086825,0.827613122666248,0.8588261449533134,4.644253780675102,1.0502583679816588,0.41670281925664876,0.42841326592709844,0.007955773437523052,10.0,2026-04,v10_historical_test,True
60m_long_frozen_adx45_rr2_5,V10.6冻结多头·延伸保护+ADX≤45 RR2.5,long_frozen_adx45,LONG,60m_long_frozen_adx45_rr2_5,V10.6冻结多头·延伸保护+ADX≤45 RR2.5,2.5,1.25,36,2026-05-03T10:00:00+00:00,2026-05-03T10:00:00+00:00,2026-05-03T20:40:00+00:00,1,78496.8,78207.12735804687,79220.98160488285,79220.78160488285,289.6726419531391,2.4993095654506807,0.2722341684417632,2.2270753970089174,True,TARGET,128,231.73811356251127,23.306960713771776,58.256329390735246,25.235960192711584,16.22854332494849,1.1745747794766568,0.10132439295445529,0.9884580441493142,0.7094047199718151,4.824411413439853,-1.744854319190452,0.28843565047423747,0.7420232679178602,0.002952209506952683,1.0,2026-05,v10_historical_test,True
60m_long_frozen_adx45_rr2_5,V10.6冻结多头·延伸保护+ADX≤45 RR2.5,long_frozen_adx45,LONG,60m_long_frozen_adx45_rr2_5,V10.6冻结多头·延伸保护+ADX≤45 RR2.5,2.5,1.25,36,2026-05-10T11:00:00+00:00,2026-05-10T11:00:00+00:00,2026-05-10T16:15:00+00:00,1,80836.7,80591.55379295975,81449.56551760061,81449.36551760061,245.14620704024412,2.499184160332693,0.3309985242622154,2.1681856360704774,True,TARGET,63,196.1169656321953,25.75782809867316,63.03425201322625,20.78937833807353,12.695568301267672,0.7729115816627974,0.2397081759603943,1.3640003935322698,0.9011090573013182,4.350465026060614,1.242464472451239,0.3196685087110198,0.8627855856321162,0.0024260942226864758,19.0,2026-05,v10_historical_test,True
60m_portfolio_frozen_v10_6,V10.6冻结多空组合·共享单一仓位,portfolio_frozen_v10_6,BOTH,60m_long_frozen_adx45_rr2_5,V10.6冻结多头·延伸保护+ADX≤45 RR2.5,2.5,1.25,36,2020-01-11T17:00:00+00:00,2020-01-11T17:00:00+00:00,2020-01-11T21:55:00+00:00,1,8174.32,8071.425090239797,8431.557274400506,8071.225090239797,102.8949097602022,-1.0019437307488421,0.07894241380890576,-1.080886144557748,False,STOP,59,82.31592780816176,28.564091780565153,60.11021902682124,25.50727542302841,12.060515292200948,0.7169515558270808,0.14148751866063133,1.5541925641074437,0.8834615717126337,3.3523281258896156,-0.3980365618777739,0.23336626630634058,1.1111139844691658,0.010071998752948733,4.0,2020-01,backcast_2020_2021,True
60m_portfolio_frozen_v10_6,V10.6冻结多空组合·共享单一仓位,portfolio_frozen_v10_6,BOTH,60m_long_frozen_adx45_rr2_5,V10.6冻结多头·延伸保护+ADX≤45 RR2.5,2.5,1.25,36,2020-01-15T17:00:00+00:00,2020-01-15T17:00:00+00:00,2020-01-16T01:35:00+00:00,1,8783.92,8645.99394705978,9128.73513235055,8645.79394705978,137.92605294022025,-1.0014500523703607,0.0631849950589616,-1.0646350474293222,False,STOP,103,110.3408423521762,42.63200567370002,55.90502592460458,22.459350037525706,13.654875367653727,1.3516989593069515,0.2026092848044807,1.5132710197546526,0.7147602242059297,3.178152282730729,-1.7291906953997653,0.5276226120673824,0.4175234994923747,0.012561986034622752,8.0,2020-01,backcast_2020_2021,True
60m_portfolio_frozen_v10_6,V10.6冻结多空组合·共享单一仓位,portfolio_frozen_v10_6,BOTH,60m_long_frozen_adx45_rr2_5,V10.6冻结多头·延伸保护+ADX≤45 RR2.5,2.5,1.25,36,2020-01-27T10:00:00+00:00,2020-01-27T10:00:00+00:00,2020-01-27T16:20:00+00:00,1,8641.980000000001,8579.015618430767,8799.390953923088,8799.190953923087,62.964381569235016,2.4968236009785683,0.1385002958755733,2.358323305102995,True,TARGET,76,50.371505255388016,41.62286068052996,62.84776577414855,22.720370568859245,17.853938869862603,1.5859360182529978,0.2786272893175373,1.0215089775680182,0.8433392539964507,5.115987673853279,-4.200940226261842,0.6930293247611652,0.921848770452091,0.0058294213520784285,22.0,2020-01,backcast_2020_2021,True
60m_portfolio_frozen_v10_6,V10.6冻结多空组合·共享单一仓位,portfolio_frozen_v10_6,BOTH,60m_long_frozen_adx45_rr2_5,V10.6冻结多头·延伸保护+ADX≤45 RR2.5,2.5,1.25,36,2020-01-28T11:00:00+00:00,2020-01-28T11:00:00+00:00,2020-01-28T17:25:00+00:00,1,9027.550000000001,8932.942428023327,9264.068929941688,8932.742428023326,94.6075719766747,-1.0021139956963425,0.09491995224468606,-1.0970339479410285,False,STOP,77,75.68605758133977,42.681383757151366,61.7096073485451,22.578778049883827,17.963700227677915,2.2166512717164935,0.19189897286586588,1.1015498627547482,0.787404858721724,6.099934581793127,-6.555065960905857,0.8161430941335318,0.818473776187648,0.008383545018773935,47.0,2020-01,backcast_2020_2021,True
60m_portfolio_frozen_v10_6,V10.6冻结多空组合·共享单一仓位,portfolio_frozen_v10_6,BOTH,60m_short_frozen_adx_decay_minus4_rr2_5,V10.6冻结空头·趋势持续性+ADX衰减≥-4 RR2.5,2.5,1.25,48,2020-02-28T17:00:00+00:00,2020-02-28T17:00:00+00:00,2020-02-28T22:45:00+00:00,-1,8648.58,8779.734997964928,8320.69250508768,8779.934997964929,131.15499796492804,-1.0015249132942248,0.06644243554723496,-1.0679673488414598,False,STOP,69,104.92399837194243,34.81201477365073,41.560647041642305,14.116294155279975,23.647635784491303,1.1901020189821205,-0.13609801926939624,0.9171721409092747,0.9139605611694259,4.488963509857526,-1.220414868275455,-0.5251839934209548,0.6728404771978558,0.012131667089301997,13.0,2020-02,backcast_2020_2021,True
60m_portfolio_frozen_v10_6,V10.6冻结多空组合·共享单一仓位,portfolio_frozen_v10_6,BOTH,60m_short_frozen_adx_decay_minus4_rr2_5,V10.6冻结空头·趋势持续性+ADX衰减≥-4 RR2.5,2.5,1.25,48,2020-03-01T05:00:00+00:00,2020-03-01T05:00:00+00:00,2020-03-01T12:05:00+00:00,-1,8587.99,8681.316242983752,8354.674392540619,8681.516242983753,93.32624298375244,-1.0021430199438697,0.09252224074845847,-1.0946652606923282,False,STOP,85,74.66099438700195,26.574455978197996,43.178058209417834,11.212012724767735,23.33746553516534,0.7971438074257958,-0.11208052591002142,1.302915149639874,0.7191299648743728,3.4146344030529563,0.23287716005544823,-0.3646070818902054,0.7007944570224539,0.00869341893745176,19.0,2020-03,backcast_2020_2021,True
60m_portfolio_frozen_v10_6,V10.6冻结多空组合·共享单一仓位,portfolio_frozen_v10_6,BOTH,60m_long_frozen_adx45_rr2_5,V10.6冻结多头·延伸保护+ADX≤45 RR2.5,2.5,1.25,36,2020-03-06T06:00:00+00:00,2020-03-06T06:00:00+00:00,2020-03-06T15:50:00+00:00,1,9115.2,9040.7666240769,9301.283439807754,9040.566624076899,74.43337592310115,-1.0026869666667741,0.1219598493210495,-1.1246468159878236,False,STOP,118,59.54670073848092,30.179192657519767,61.23768520716281,25.022308423955618,15.655975854511238,1.468474113432725,0.1554640475500573,1.1375169679845265,0.8700133868808454,4.291757508486926,-3.5549097165640937,0.42366016564966413,1.1486026614721276,0.006532832261854475,3.0,2020-03,backcast_2020_2021,True
60m_portfolio_frozen_v10_6,V10.6冻结多空组合·共享单一仓位,portfolio_frozen_v10_6,BOTH,60m_short_frozen_adx_decay_minus4_rr2_5,V10.6冻结空头·趋势持续性+ADX衰减≥-4 RR2.5,2.5,1.25,48,2020-03-23T12:00:00+00:00,2020-03-23T12:00:00+00:00,2020-03-23T12:15:00+00:00,-1,5838.46,5999.657332510804,5435.466668722991,5999.857332510804,161.19733251080356,-1.0012407153200666,0.03671995419563594,-1.0379606695157026,False,STOP,3,128.95786600864284,28.628159027140722,42.39341799963598,15.530737349125875,23.624057735042665,0.7638151195907024,-0.22451986722086423,1.0399194874991378,0.7208674304419008,3.6905077195376634,0.3931750300767263,-0.37133210776722636,0.5618141908170232,0.022085948577498685,19.0,2020-03,backcast_2020_2021,True
60m_portfolio_frozen_v10_6,V10.6冻结多空组合·共享单一仓位,portfolio_frozen_v10_6,BOTH,60m_short_frozen_adx_decay_minus4_rr2_5,V10.6冻结空头·趋势持续性+ADX衰减≥-4 RR2.5,2.5,1.25,48,2020-03-29T12:00:00+00:00,2020-03-29T12:00:00+00:00,2020-03-29T19:35:00+00:00,-1,6135.88,6227.7555395199,5906.191151200252,5906.391151200251,91.87553951989955,2.497823142034917,0.06553578468288607,2.432287357352031,True,TARGET,91,73.50043161591964,39.94702315452657,41.99570906689913,14.309384676428838,23.67157871751295,1.4904249063733233,-0.23973280375830006,1.081661857799687,0.8536206896551761,3.891133612582141,-1.631277726730083,-0.5733409965089336,0.6059714302935907,0.011979553648676738,37.0,2020-03,backcast_2020_2021,True
60m_portfolio_frozen_v10_6,V10.6冻结多空组合·共享单一仓位,portfolio_frozen_v10_6,BOTH,60m_long_frozen_adx45_rr2_5,V10.6冻结多头·延伸保护+ADX≤45 RR2.5,2.5,1.25,36,2020-04-18T12:00:00+00:00,2020-04-18T12:00:00+00:00,2020-04-18T13:50:00+00:00,1,7098.389999999999,7042.645953570369,7237.750116074075,7237.550116074075,55.744046429630096,2.49641217290797,0.1285871858456796,2.3678249870622903,True,TARGET,22,44.595237143704075,26.08264289838308,58.917279133428394,23.404124447767643,12.707582045160992,1.0052521957682135,0.12774550728209055,0.9797638918078388,0.7619047619047673,2.9574907198048273,0.9989096657386121,0.3604019884051141,0.6295175885938954,0.006281373196194725,12.0,2020-04,backcast_2020_2021,True
60m_portfolio_frozen_v10_6,V10.6冻结多空组合·共享单一仓位,portfolio_frozen_v10_6,BOTH,60m_long_frozen_adx45_rr2_5,V10.6冻结多头·延伸保护+ADX≤45 RR2.5,2.5,1.25,36,2020-05-07T03:00:00+00:00,2020-05-07T03:00:00+00:00,2020-05-07T17:10:00+00:00,1,9333.69,9190.297865397242,9692.170336506897,9691.970336506896,143.39213460275872,2.4986052233579263,0.06634136659313272,2.4322638567647936,True,TARGET,170,114.71370768220697,30.01323720597109,62.432399379890825,29.374949502217348,18.682223014319625,0.9988147730118315,0.14805143945758942,1.110349578736115,0.7458918918918908,3.5776020869008667,-4.8828022337572925,0.3898833525845196,1.1052491054738778,0.012292523639888918,1.0,2020-05,backcast_2020_2021,True
60m_portfolio_frozen_v10_6,V10.6冻结多空组合·共享单一仓位,portfolio_frozen_v10_6,BOTH,60m_long_frozen_adx45_rr2_5,V10.6冻结多头·延伸保护+ADX≤45 RR2.5,2.5,1.25,36,2020-05-18T01:00:00+00:00,2020-05-18T01:00:00+00:00,2020-05-18T08:45:00+00:00,1,9774.390000000001,9657.238715196503,10067.268212008745,9657.038715196502,117.15128480349773,-1.0017071942517455,0.0829330585139957,-1.0846402527657413,False,STOP,93,93.72102784279818,27.676845068198332,61.44710179336763,25.41547406077976,16.804947084175215,1.0713472210043926,0.16529714779544305,0.987888402613413,0.8675431535640858,4.6187073484306,-3.4046307244194978,0.47024153547046466,1.0952857768769744,0.009588623491337715,22.0,2020-05,backcast_2020_2021,True
60m_portfolio_frozen_v10_6,V10.6冻结多空组合·共享单一仓位,portfolio_frozen_v10_6,BOTH,60m_long_frozen_adx45_rr2_5,V10.6冻结多头·延伸保护+ADX≤45 RR2.5,2.5,1.25,36,2020-05-27T23:00:00+00:00,2020-05-27T23:00:00+00:00,2020-05-28T12:10:00+00:00,1,9098.43,9014.335832668263,9308.665418329343,9308.465418329342,84.09416733173693,2.4976217137722374,0.10944216467307018,2.388179549099167,True,TARGET,158,67.27533386538954,38.1051751122498,58.51356055126359,28.055307262704623,18.526207037826676,1.1545915239071693,0.23549404032435312,0.8870108662157529,0.6607097591888396,6.228137058946038,-1.7131011974345185,0.6141650316351316,0.561518048908642,0.007394332069577219,12.0,2020-05,backcast_2020_2021,True
60m_portfolio_frozen_v10_6,V10.6冻结多空组合·共享单一仓位,portfolio_frozen_v10_6,BOTH,60m_short_frozen_adx_decay_minus4_rr2_5,V10.6冻结空头·趋势持续性+ADX衰减≥-4 RR2.5,2.5,1.25,48,2020-07-03T17:00:00+00:00,2020-07-03T17:00:00+00:00,2020-07-04T17:35:00+00:00,-1,9087.98,9133.523944563252,8974.120138591868,9133.723944563253,45.54394456325261,-1.0043913631530788,0.200045298220233,-1.2044366613733117,False,STOP,295,36.435155650602084,26.88535250251151,43.971605870090876,18.589665182110018,24.123960920847285,0.7412393155417113,-0.1000090488550404,1.0230106788059614,0.7449563384522864,3.1271994853716967,-2.575955754658576,-0.2561345600357076,0.3685855863507635,0.004009035354468522,24.0,2020-07,backcast_2020_2021,True
60m_portfolio_frozen_v10_6,V10.6冻结多空组合·共享单一仓位,portfolio_frozen_v10_6,BOTH,60m_long_frozen_adx45_rr2_5,V10.6冻结多头·延伸保护+ADX≤45 RR2.5,2.5,1.25,36,2020-07-23T16:00:00+00:00,2020-07-23T16:00:00+00:00,2020-07-23T17:05:00+00:00,1,9527.59,9475.04665389085,9658.948365272874,9658.748365272873,52.543346109149844,2.496193618891611,0.18257628973054482,2.313617329161066,True,TARGET,13,42.034676887319876,38.5429328631628,67.56791055548072,31.854459533328686,7.6344860935491665,1.608273354666502,0.25859503653612176,1.2529102217154369,0.8037985416313407,5.7764212307587695,3.8479209636264713,0.6012890794175813,1.1680307841357875,0.004411977757553989,25.0,2020-07,backcast_2020_2021,True
60m_portfolio_frozen_v10_6,V10.6冻结多空组合·共享单一仓位,portfolio_frozen_v10_6,BOTH,60m_long_frozen_adx45_rr2_5,V10.6冻结多头·延伸保护+ADX≤45 RR2.5,2.5,1.25,36,2020-07-24T17:00:00+00:00,2020-07-24T17:00:00+00:00,2020-07-24T17:15:00+00:00,1,9576.53,9525.953917262812,9702.970206842972,9525.753917262811,50.57608273718863,-1.003954438326908,0.18884700913399222,-1.1928014474609,False,STOP,3,40.4608661897509,26.25264644702711,58.31971510419727,24.032267919262274,14.497021174884331,0.9853674988143584,0.1500089135268972,1.7028320012139246,0.8206205559146706,3.533043492682597,-2.3755951354095934,0.26577147263632467,0.8772578159148149,0.004225091051556379,1.0,2020-07,backcast_2020_2021,True
60m_portfolio_frozen_v10_6,V10.6冻结多空组合·共享单一仓位,portfolio_frozen_v10_6,BOTH,60m_long_frozen_adx45_rr2_5,V10.6冻结多头·延伸保护+ADX≤45 RR2.5,2.5,1.25,36,2020-07-25T13:00:00+00:00,2020-07-25T13:00:00+00:00,2020-07-25T13:40:00+00:00,1,9606.84,9559.205732363724,9725.92566909069,9559.005732363723,47.63426763627589,-1.0041986580234314,0.20117707989875727,-1.2053757379221888,False,STOP,8,38.10741410902071,27.55758085213224,59.472536218020196,24.481192848423223,12.051971961894584,0.8342642306246855,0.12656740384869627,0.8155445906173865,0.9692524682651571,3.5426177072467135,0.7358788283315576,0.28764045375713176,0.8110669607757311,0.003966778614481308,11.0,2020-07,backcast_2020_2021,True
60m_portfolio_frozen_v10_6,V10.6冻结多空组合·共享单一仓位,portfolio_frozen_v10_6,BOTH,60m_long_frozen_adx45_rr2_5,V10.6冻结多头·延伸保护+ADX≤45 RR2.5,2.5,1.25,36,2020-07-25T17:00:00+00:00,2020-07-25T17:00:00+00:00,2020-07-26T08:45:00+00:00,1,9617.87,9568.876929262296,9740.352676844263,9740.152676844262,48.993070737704926,2.4959177900672516,0.19755878112316796,2.2983590089440837,True,TARGET,189,39.19445659016394,27.411486980418395,60.76397095829908,25.2723155027077,11.233098528356996,0.7931837660007519,0.15683370032155866,1.8586068151220971,0.669072826435689,3.444364630734005,0.2265278509895161,0.2995533100986234,0.8908067076559403,0.004075254878797457,15.0,2020-07,backcast_2020_2021,True
60m_portfolio_frozen_v10_6,V10.6冻结多空组合·共享单一仓位,portfolio_frozen_v10_6,BOTH,60m_long_frozen_adx45_rr2_5,V10.6冻结多头·延伸保护+ADX≤45 RR2.5,2.5,1.25,36,2020-08-01T15:00:00+00:00,2020-08-01T15:00:00+00:00,2020-08-02T02:20:00+00:00,1,11613.37,11467.214300853466,11978.759247866335,11978.559247866335,146.15569914653423,2.4986315962964873,0.08070820838882685,2.4179233879076607,True,TARGET,136,116.92455931722738,36.39784003756384,60.821015871809664,24.654256473478405,16.257861766259754,1.5063766145002375,0.29588533183998134,0.9719937179512521,0.943670095164851,4.8240506810008865,-1.8143449197976835,0.707659840149953,0.8714848800334208,0.01006827242839185,33.0,2020-08,backcast_2020_2021,True
60m_portfolio_frozen_v10_6,V10.6冻结多空组合·共享单一仓位,portfolio_frozen_v10_6,BOTH,60m_long_frozen_adx45_rr2_5,V10.6冻结多头·延伸保护+ADX≤45 RR2.5,2.5,1.25,36,2020-08-24T20:00:00+00:00,2020-08-24T20:00:00+00:00,2020-08-25T02:55:00+00:00,1,11755.460000000001,11698.270342352165,11898.43414411959,11698.070342352165,57.18965764783547,-1.0034971358148799,0.20505045236304054,-1.2085475881779204,False,STOP,83,45.75172611826837,29.656008230542636,57.19256395321981,22.10695586870203,16.29685803240739,0.8564331090433116,0.11302622403334373,0.9162827831646345,0.929868144467799,5.179258141812108,-1.545326604666645,0.34073366441258107,0.4684426026852022,0.003892018313341027,17.0,2020-08,backcast_2020_2021,True
60m_portfolio_frozen_v10_6,V10.6冻结多空组合·共享单一仓位,portfolio_frozen_v10_6,BOTH,60m_long_frozen_adx45_rr2_5,V10.6冻结多头·延伸保护+ADX≤45 RR2.5,2.5,1.25,36,2020-09-15T10:00:00+00:00,2020-09-15T10:00:00+00:00,2020-09-15T12:35:00+00:00,1,10689.570000000002,10598.965971670877,10916.080070822813,10915.880070822812,90.6040283291243,2.49779259262873,0.11923007436457342,2.3785625182641565,True,TARGET,31,72.48322266329944,40.032396190112784,57.36673316839316,23.068384511961934,18.032990063280778,1.4721507537830336,0.1310477472012735,0.9023752816723212,0.9250532481363267,4.652386960862111,-4.0886914090643955,0.5774403847507421,0.40943441129371394,0.006780869467826396,23.0,2020-09,backcast_2020_2021,True
60m_portfolio_frozen_v10_6,V10.6冻结多空组合·共享单一仓位,portfolio_frozen_v10_6,BOTH,60m_long_frozen_adx45_rr2_5,V10.6冻结多头·延伸保护+ADX≤45 RR2.5,2.5,1.25,36,2020-09-15T21:00:00+00:00,2020-09-15T21:00:00+00:00,2020-09-15T23:00:00+00:00,1,10851.76,10743.727202969218,11121.841992576956,10743.527202969217,108.03279703078186,-1.0018512896592364,0.0999478297170074,-1.1017991193762438,False,STOP,24,86.42623762462549,30.092717069825614,62.828730096573466,25.27110410192572,15.16381872364823,1.3116792463201492,0.1948498381664835,0.924237643836522,0.833094213295066,3.8347151178725887,-3.898008849833527,0.4715201209092195,1.0953985795378796,0.007964414081363998,34.0,2020-09,backcast_2020_2021,True
60m_portfolio_frozen_v10_6,V10.6冻结多空组合·共享单一仓位,portfolio_frozen_v10_6,BOTH,60m_long_frozen_adx45_rr2_5,V10.6冻结多头·延伸保护+ADX≤45 RR2.5,2.5,1.25,36,2020-10-05T08:00:00+00:00,2020-10-05T08:00:00+00:00,2020-10-06T15:05:00+00:00,1,10678.19,10627.636909847202,10804.572725381995,10627.436909847202,50.55309015279791,-1.003956236886736,0.21072526768838903,-1.2146815045751251,False,STOP,373,40.44247212223833,35.4206342581732,58.669711585210116,24.032996686644914,15.42641571149095,0.7582932484483085,0.14555704091539262,1.714970391449842,0.9100487498034362,4.222541082153536,-2.535333184982427,0.34823927858434817,0.8658799989418079,0.0037874611347489865,21.0,2020-10,backcast_2020_2021,True
60m_portfolio_frozen_v10_6,V10.6冻结多空组合·共享单一仓位,portfolio_frozen_v10_6,BOTH,60m_long_frozen_adx45_rr2_5,V10.6冻结多头·延伸保护+ADX≤45 RR2.5,2.5,1.25,36,2020-10-11T11:00:00+00:00,2020-10-11T11:00:00+00:00,2020-10-11T13:05:00+00:00,1,11399.53,11336.343831207261,11557.49542198185,11336.14383120726,63.186168792739956,-1.0031652496712724,0.17991021030079907,-1.1830754599720714,False,STOP,25,50.54893503419196,29.148499760304855,64.85004994997738,29.14573128576242,15.986407415271486,2.124271527498282,0.20859981206070183,1.7529982961394215,0.8232902570059543,3.1060990680376666,-1.9727558891562538,0.6867655699554839,1.176800444739761,0.004434377725198934,69.0,2020-10,backcast_2020_2021,True
60m_portfolio_frozen_v10_6,V10.6冻结多空组合·共享单一仓位,portfolio_frozen_v10_6,BOTH,60m_long_frozen_adx45_rr2_5,V10.6冻结多头·延伸保护+ADX≤45 RR2.5,2.5,1.25,36,2020-10-11T14:00:00+00:00,2020-10-11T14:00:00+00:00,2020-10-11T21:05:00+00:00,1,11368.58,11305.66055290173,11525.878617745671,11305.46055290173,62.91944709826887,-1.0031786674744423,0.18018308804819083,-1.183361755522633,False,STOP,85,50.335557678615096,28.550096822002562,57.52119318818361,23.713599530297145,15.59648575576125,1.9696884076730932,0.13823298003870393,1.3684347163933497,0.6690007570022416,2.967683420808997,-0.5984029383022929,0.6475327840497827,0.4286825473814103,0.004427680784651384,72.0,2020-10,backcast_2020_2021,True
60m_portfolio_frozen_v10_6,V10.6冻结多空组合·共享单一仓位,portfolio_frozen_v10_6,BOTH,60m_long_frozen_adx45_rr2_5,V10.6冻结多头·延伸保护+ADX≤45 RR2.5,2.5,1.25,36,2020-10-18T21:00:00+00:00,2020-10-18T21:00:00+00:00,2020-10-19T13:05:00+00:00,1,11435.880000000001,11391.858640355973,11545.93339911007,11545.73339911007,44.021359644027584,2.495456750958677,0.26102798260830196,2.2344287683503747,True,TARGET,193,35.217087715222064,34.8758879966026,58.07630045693171,25.758259666646325,12.01457212190382,0.7404683228437278,0.15551511488855033,0.8827419846050087,0.8452054794520437,4.1587765911913825,3.149159156358415,0.3930098893568651,0.49069452512980927,0.0030795796765231333,15.0,2020-10,backcast_2020_2021,True
60m_portfolio_frozen_v10_6,V10.6冻结多空组合·共享单一仓位,portfolio_frozen_v10_6,BOTH,60m_long_frozen_adx45_rr2_5,V10.6冻结多头·延伸保护+ADX≤45 RR2.5,2.5,1.25,36,2020-10-22T10:00:00+00:00,2020-10-22T10:00:00+00:00,2020-10-23T22:00:00+00:00,1,12874.0,12684.543561526307,13347.641096184232,12905.07,189.45643847369263,0.16399548228768165,0.06803429381361353,0.09596118847406812,True,TIME_EXIT,432,151.5651507789541,44.961280414177715,60.76507402941844,24.893795108142847,17.565232579275804,1.9967842760922752,0.2101336678605578,1.001461953381771,0.8629982628292393,5.8347185712218295,-5.974158330780661,0.6699629207796521,0.9768572838517494,0.01177313870400092,76.0,2020-10,backcast_2020_2021,True
60m_portfolio_frozen_v10_6,V10.6冻结多空组合·共享单一仓位,portfolio_frozen_v10_6,BOTH,60m_long_frozen_adx45_rr2_5,V10.6冻结多头·延伸保护+ADX≤45 RR2.5,2.5,1.25,36,2020-11-12T19:00:00+00:00,2020-11-12T19:00:00+00:00,2020-11-14T07:00:00+00:00,1,16095.380000000001,15842.943866173939,16726.470334565158,16164.789999999999,252.4361338260623,0.27496063637159035,0.0638976867357437,0.21106294963584665,True,TIME_EXIT,432,201.94890706084985,23.755839291936862,60.62900052951184,20.205874190223795,13.711491911703714,0.8877439387739137,0.2978968830211355,1.0026860661204087,0.9181609195402302,3.8181934788469216,0.8471219493828812,0.46023869821876134,1.0543790149631795,0.012547166733198998,14.0,2020-11,backcast_2020_2021,True
60m_portfolio_frozen_v10_6,V10.6冻结多空组合·共享单一仓位,portfolio_frozen_v10_6,BOTH,60m_long_frozen_adx45_rr2_5,V10.6冻结多头·延伸保护+ADX≤45 RR2.5,2.5,1.25,36,2021-01-07T09:00:00+00:00,2021-01-07T09:00:00+00:00,2021-01-07T17:30:00+00:00,1,37296.659999999996,36290.61598470455,39811.77003823861,39811.57003823861,1006.0440152954443,2.4998012015409334,0.038322493283553936,2.4614787082573795,True,TARGET,102,804.8352122363555,42.216038232149636,65.4783600449085,21.964078236194762,12.303094853919491,1.7069293870594684,0.3386148114840696,1.1254237946371983,0.8667678739246707,4.5747749899872945,-1.0298787827817932,0.7836204006047561,1.17489246818877,0.021579341693613446,39.0,2021-01,backcast_2020_2021,True
60m_portfolio_frozen_v10_6,V10.6冻结多空组合·共享单一仓位,portfolio_frozen_v10_6,BOTH,60m_short_frozen_adx_decay_minus4_rr2_5,V10.6冻结空头·趋势持续性+ADX衰减≥-4 RR2.5,2.5,1.25,48,2021-01-13T05:00:00+00:00,2021-01-13T05:00:00+00:00,2021-01-13T07:30:00+00:00,-1,33219.15,34642.110773801614,29661.748065495965,34642.31077380161,1422.9607738016146,-1.0001405520121691,0.023845162151765218,-1.0239857141639344,False,STOP,30,1138.3686190412916,23.24059708162994,43.10117920149462,16.5582008337333,21.401825154426533,0.7711271296237561,-0.20850682554683214,0.8379265037576726,0.8923092138609782,3.627998814196225,-1.2833216117225454,-0.38629044611097985,0.7336842844420972,0.0342682491296122,9.0,2021-01,backcast_2020_2021,True
60m_portfolio_frozen_v10_6,V10.6冻结多空组合·共享单一仓位,portfolio_frozen_v10_6,BOTH,60m_long_frozen_adx45_rr2_5,V10.6冻结多头·延伸保护+ADX≤45 RR2.5,2.5,1.25,36,2021-01-14T23:00:00+00:00,2021-01-14T23:00:00+00:00,2021-01-15T05:55:00+00:00,1,39046.03999999999,38114.282610308815,41375.433474227946,38114.08261030882,931.7573896911804,-1.0002146481500525,0.04140569394136096,-1.0416203420914134,False,STOP,83,745.4059117529443,41.25797932238752,59.365604964481655,24.076378912184868,15.972032349563493,1.7269563762029994,0.2183528188298218,0.8307305538907087,0.7929315068493102,4.594892455233427,-2.763063244339982,0.7304033696772375,0.6046691250846499,0.019089066711148,26.0,2021-01,backcast_2020_2021,True
60m_portfolio_frozen_v10_6,V10.6冻结多空组合·共享单一仓位,portfolio_frozen_v10_6,BOTH,60m_long_frozen_adx45_rr2_5,V10.6冻结多头·延伸保护+ADX≤45 RR2.5,2.5,1.25,36,2021-02-03T13:00:00+00:00,2021-02-03T13:00:00+00:00,2021-02-04T00:00:00+00:00,1,36235.7,35650.91711949313,37697.65720126716,37697.45720126716,584.7828805068655,2.4996579927240274,0.0632141942469186,2.436443798477109,True,TARGET,132,467.8263044054924,39.080529157211195,60.48417354275127,26.36189846747525,14.65835217090794,1.5176156864853312,0.1640095963309696,1.1017238786739239,0.70305318129364,4.94846052519833,-3.4923911364169484,0.5389870544532098,0.7427364100257705,0.012912613307620674,33.0,2021-02,backcast_2020_2021,True
60m_portfolio_frozen_v10_6,V10.6冻结多空组合·共享单一仓位,portfolio_frozen_v10_6,BOTH,60m_long_frozen_adx45_rr2_5,V10.6冻结多头·延伸保护+ADX≤45 RR2.5,2.5,1.25,36,2021-02-14T17:00:00+00:00,2021-02-14T17:00:00+00:00,2021-02-15T01:20:00+00:00,1,49083.46,48280.16278727855,51091.703031803634,48279.96278727855,803.2972127214545,-1.0002489738503109,0.06060236562842374,-1.0608513394787347,False,STOP,100,642.6377701771636,31.268975866548523,61.56428799717422,24.567700566768494,15.051756371274777,0.9328313629030995,0.20281009857515492,0.9314517914681637,0.8347161262919475,4.924967293981921,-1.3982904007885324,0.4717836298928883,0.9219622646844311,0.013092809446177038,18.0,2021-02,backcast_2020_2021,True
60m_portfolio_frozen_v10_6,V10.6冻结多空组合·共享单一仓位,portfolio_frozen_v10_6,BOTH,60m_long_frozen_adx45_rr2_5,V10.6冻结多头·延伸保护+ADX≤45 RR2.5,2.5,1.25,36,2021-03-02T14:00:00+00:00,2021-03-02T14:00:00+00:00,2021-03-02T16:40:00+00:00,1,49022.02,48220.071064686,51026.892338284975,48219.871064686005,801.9489353139925,-1.0002493924378373,0.06062848068163606,-1.0608778731194732,False,STOP,32,641.559148251194,37.0296905461097,58.094816016259706,20.640907251489047,11.275483276344277,1.2671795327366244,0.12356693125590032,0.831667453778409,0.7742823541989704,3.6329775771312276,-2.072317356876134,0.4418099416077983,0.5208000666894597,0.013087216024439605,28.0,2021-03,backcast_2020_2021,True
60m_portfolio_frozen_v10_6,V10.6冻结多空组合·共享单一仓位,portfolio_frozen_v10_6,BOTH,60m_long_frozen_adx45_rr2_5,V10.6冻结多头·延伸保护+ADX≤45 RR2.5,2.5,1.25,36,2021-03-14T09:00:00+00:00,2021-03-14T09:00:00+00:00,2021-03-14T11:15:00+00:00,1,60868.43,60075.075579880024,62851.81605029993,60074.87557988003,793.3544201199733,-1.0002520941396786,0.07622274642497777,-1.0764748405646565,False,STOP,27,634.6835360959786,38.410011203197925,60.38576732297675,23.05107203389873,15.000874135221451,2.1689753227606765,0.1638556287829127,0.9654070220312954,0.8490019666444784,4.326471136923825,-2.7115864766146984,0.8054546428189798,0.5281737241558938,0.010427167395551945,27.0,2021-03,backcast_2020_2021,True
60m_portfolio_frozen_v10_6,V10.6冻结多空组合·共享单一仓位,portfolio_frozen_v10_6,BOTH,60m_long_frozen_adx45_rr2_5,V10.6冻结多头·延伸保护+ADX≤45 RR2.5,2.5,1.25,36,2021-03-27T16:00:00+00:00,2021-03-27T16:00:00+00:00,2021-03-29T04:00:00+00:00,1,54976.869999999995,54291.233884182904,56690.960289542716,55415.840000000004,685.6361158170885,0.6402375689863969,0.08050386163544086,0.5597337073509561,True,TIME_EXIT,432,548.5088926536707,25.944990335162505,59.85106134154986,21.705406696873606,14.832942419472603,0.8849823837346517,0.16017252621560762,1.0513821080199681,0.826569558403249,3.719082821302647,-3.343232703282105,0.29198722622951573,0.7752462447988934,0.009977061182925054,20.0,2021-03,backcast_2020_2021,True
60m_portfolio_frozen_v10_6,V10.6冻结多空组合·共享单一仓位,portfolio_frozen_v10_6,BOTH,60m_short_frozen_adx_decay_minus4_rr2_5,V10.6冻结空头·趋势持续性+ADX衰减≥-4 RR2.5,2.5,1.25,48,2021-04-20T10:00:00+00:00,2021-04-20T10:00:00+00:00,2021-04-20T10:40:00+00:00,-1,54929.79,56084.793523614106,52042.281190964735,56084.9935236141,1155.0035236141052,-1.0001731596448908,0.048058201232252226,-1.048231360877143,False,STOP,8,924.0028188912842,34.551057489258625,46.12527793797167,17.534886047489195,27.092376786746723,1.0253987994970797,-0.12042410857745055,0.9120762154450338,0.8060578931662135,3.705811205325858,-1.2043047593734357,-0.40103254691781354,0.29791845129565775,0.016821466508658553,11.0,2021-04,backcast_2020_2021,True
60m_portfolio_frozen_v10_6,V10.6冻结多空组合·共享单一仓位,portfolio_frozen_v10_6,BOTH,60m_long_frozen_adx45_rr2_5,V10.6冻结多头·延伸保护+ADX≤45 RR2.5,2.5,1.25,36,2021-04-27T18:00:00+00:00,2021-04-27T18:00:00+00:00,2021-04-28T06:10:00+00:00,1,54884.479999999996,54122.437845954664,56789.585385113314,54122.23784595467,762.0421540453287,-1.0002624526726485,0.07152276108827346,-1.0717852137609218,False,STOP,146,609.633723236263,26.475360279498982,61.876693922514484,23.947208204083736,18.349146229312396,1.7728875739204957,0.2792968194490208,1.0494004052554127,0.9045142168044497,4.490844084980149,-0.8736029313678273,0.6986926528443035,0.8626767752323588,0.011107619945752463,38.0,2021-04,backcast_2020_2021,True
60m_portfolio_frozen_v10_6,V10.6冻结多空组合·共享单一仓位,portfolio_frozen_v10_6,BOTH,60m_long_frozen_adx45_rr2_5,V10.6冻结多头·延伸保护+ADX≤45 RR2.5,2.5,1.25,36,2021-05-09T02:00:00+00:00,2021-05-09T02:00:00+00:00,2021-05-09T04:15:00+00:00,1,59231.2,58390.11211878016,61333.91970304959,58389.912118780165,841.0878812198373,-1.0002377872805692,0.06992201097238092,-1.07015979825295,False,STOP,27,672.8703049758699,23.23335343100448,59.07621230786513,20.790227612332423,15.25562804551598,0.9233999078144728,0.15128405313173005,1.1821120769720121,0.8866632832662066,3.0800735069952605,-1.324546167582799,0.34273789726903064,0.8709859006012771,0.011360251428634834,37.0,2021-05,backcast_2020_2021,True
60m_portfolio_frozen_v10_6,V10.6冻结多空组合·共享单一仓位,portfolio_frozen_v10_6,BOTH,60m_long_frozen_adx45_rr2_5,V10.6冻结多头·延伸保护+ADX≤45 RR2.5,2.5,1.25,36,2021-06-03T15:00:00+00:00,2021-06-03T15:00:00+00:00,2021-06-04T01:20:00+00:00,1,38624.259999999995,38008.73919070599,40163.06202323502,38008.53919070599,615.5208092940096,-1.0003249280885,0.06225037239488485,-1.0625753004833849,False,STOP,124,492.4166474352077,31.59699061756616,57.363689367358035,23.67725492976683,13.70460358351067,1.3414206785804785,0.2469568159905229,1.3083177717820313,0.66637957239841,4.711152663264182,-0.44338988931945167,0.6490146264595201,0.5834835406753927,0.012748961332268223,11.0,2021-06,backcast_2020_2021,True
60m_portfolio_frozen_v10_6,V10.6冻结多空组合·共享单一仓位,portfolio_frozen_v10_6,BOTH,60m_long_frozen_adx45_rr2_5,V10.6冻结多头·延伸保护+ADX≤45 RR2.5,2.5,1.25,36,2021-06-25T02:00:00+00:00,2021-06-25T02:00:00+00:00,2021-06-25T06:35:00+00:00,1,34817.6,34190.08075352811,36386.39811617972,34189.880753528116,627.5192464718887,-1.0003187153240616,0.054984353979188653,-1.0553030693032501,False,STOP,55,502.015397177511,33.646622618299396,64.2527717544553,27.52246707586936,14.24171974778643,0.9516465066196009,0.28590600293323765,1.0656106354757962,0.9937211512354108,5.8691426927651795,1.7039097192789612,0.5034011947086362,1.0896100790528203,0.014418835280415083,14.0,2021-06,backcast_2020_2021,True
60m_portfolio_frozen_v10_6,V10.6冻结多空组合·共享单一仓位,portfolio_frozen_v10_6,BOTH,60m_long_frozen_adx45_rr2_5,V10.6冻结多头·延伸保护+ADX≤45 RR2.5,2.5,1.25,36,2021-06-28T13:00:00+00:00,2021-06-28T13:00:00+00:00,2021-06-29T13:15:00+00:00,1,34413.25,33754.90687868856,36059.1078032786,36058.907803278606,658.3431213114415,2.4996962070483857,0.053522362064705495,2.4461738449836803,True,TARGET,291,526.6744970491532,28.526373134815074,58.45268063670742,25.94200230317974,16.228239636127082,1.1845875677237188,0.10953035890552151,1.5642191066667983,0.8368036776636057,5.510196556430479,-2.400009218961422,0.5274210636242689,0.6395697878630884,0.015304961757512947,15.0,2021-06,backcast_2020_2021,True
60m_portfolio_frozen_v10_6,V10.6冻结多空组合·共享单一仓位,portfolio_frozen_v10_6,BOTH,60m_long_frozen_adx45_rr2_5,V10.6冻结多头·延伸保护+ADX≤45 RR2.5,2.5,1.25,36,2021-07-04T00:00:00+00:00,2021-07-04T00:00:00+00:00,2021-07-04T07:55:00+00:00,1,34653.52,34262.67266905721,35630.63832735696,35630.43832735696,390.84733094278397,2.499488291247858,0.08991229153058462,2.4095759997172737,True,TARGET,95,312.6778647542272,30.715753224398163,61.56467990515026,22.781621742921434,15.239544446488107,0.9904220022490948,0.19219688133566296,0.9558072426534767,0.8917637605464139,5.280770358649693,-1.589898449399584,0.45486546056615723,0.7552658185202492,0.009023126602078414,16.0,2021-07,backcast_2020_2021,True
60m_portfolio_frozen_v10_6,V10.6冻结多空组合·共享单一仓位,portfolio_frozen_v10_6,BOTH,60m_short_frozen_adx_decay_minus4_rr2_5,V10.6冻结空头·趋势持续性+ADX衰减≥-4 RR2.5,2.5,1.25,48,2021-07-05T21:00:00+00:00,2021-07-05T21:00:00+00:00,2021-07-06T04:10:00+00:00,-1,33826.71000000001,34280.79993058898,32691.48517352757,34280.99993058898,454.0899305889752,-1.0004404413895251,0.07499363599876592,-1.075434077388291,False,STOP,86,363.2719444711802,35.04520535665646,41.46347718133487,17.68480788950377,33.37898380798371,0.7833283865541536,-0.1208549773625725,0.8826955300534804,0.7182326621924002,6.192468298851713,-1.9834135103076704,-0.41971116276261095,0.7018862889862354,0.010738810494611119,11.0,2021-07,backcast_2020_2021,True
60m_portfolio_frozen_v10_6,V10.6冻结多空组合·共享单一仓位,portfolio_frozen_v10_6,BOTH,60m_short_frozen_adx_decay_minus4_rr2_5,V10.6冻结空头·趋势持续性+ADX衰减≥-4 RR2.5,2.5,1.25,48,2021-07-16T01:00:00+00:00,2021-07-16T01:00:00+00:00,2021-07-16T02:15:00+00:00,-1,31629.8,32027.07608097059,30636.60979757352,32027.27608097059,397.2760809705919,-1.0005034282444358,0.0801169251436544,-1.0806203533880903,False,STOP,15,317.8208647764735,29.916857507505572,40.48082207834136,12.880967612199111,21.825574186998228,1.1234877594217207,-0.13968469879836698,0.8361637970967583,0.792159206048167,4.8299535056630845,-0.6178569106348846,-0.45799665452746396,0.7597183187861026,0.010048082983764575,21.0,2021-07,backcast_2020_2021,True
60m_portfolio_frozen_v10_6,V10.6冻结多空组合·共享单一仓位,portfolio_frozen_v10_6,BOTH,60m_short_frozen_adx_decay_minus4_rr2_5,V10.6冻结空头·趋势持续性+ADX衰减≥-4 RR2.5,2.5,1.25,48,2021-07-20T01:00:00+00:00,2021-07-20T01:00:00+00:00,2021-07-20T03:20:00+00:00,-1,30787.82,31113.361154474926,29973.96711381269,29974.16711381269,325.5411544749242,2.4993856383524697,0.093324586275148,2.406061052077322,True,TARGET,28,260.43292357993937,27.16841831478644,39.24183129883055,15.22471797795396,21.093193512019276,1.192427029908658,-0.2003868648705432,0.8917112451772501,0.8316507936507973,5.879556159611254,-1.0096164458607184,-0.5197497074568005,0.6682114001633364,0.008458901838797071,17.0,2021-07,backcast_2020_2021,True
60m_portfolio_frozen_v10_6,V10.6冻结多空组合·共享单一仓位,portfolio_frozen_v10_6,BOTH,60m_short_frozen_adx_decay_minus4_rr2_5,V10.6冻结空头·趋势持续性+ADX衰减≥-4 RR2.5,2.5,1.25,48,2021-08-02T08:00:00+00:00,2021-08-02T08:00:00+00:00,2021-08-03T03:40:00+00:00,-1,40097.270000000004,40711.12764634097,38562.625884147594,38562.82588414759,613.8576463409652,2.499674191563481,0.06407030714125544,2.435603884422225,True,TARGET,236,491.08611707277214,39.08019124408962,40.21738724329252,14.821272075160302,26.45419315526279,0.6950754802669,-0.28373649192968897,0.9230765722718538,0.7778000000000045,5.315564641818553,0.4544353234824001,-0.4877178233457781,0.679943521107615,0.012246539639355824,8.0,2021-08,backcast_2020_2021,True
60m_portfolio_frozen_v10_6,V10.6冻结多空组合·共享单一仓位,portfolio_frozen_v10_6,BOTH,60m_long_frozen_adx45_rr2_5,V10.6冻结多头·延伸保护+ADX≤45 RR2.5,2.5,1.25,36,2021-08-09T22:00:00+00:00,2021-08-09T22:00:00+00:00,2021-08-10T15:35:00+00:00,1,45743.719999999994,44909.99016974524,47828.044575636886,44909.79016974524,833.7298302547566,-1.0002398858631893,0.05436623884624886,-1.0546061247094383,False,STOP,211,666.9838642038053,31.519633966678175,60.35402492619107,24.030357695126252,16.961111691208945,1.1663440675251946,0.27474044347060445,1.7569863191960624,0.7182533546380773,5.5443620130366895,0.7599119959450853,0.5794604955104526,0.8038814269246584,0.014580950701067873,13.0,2021-08,backcast_2020_2021,True
60m_portfolio_frozen_v10_6,V10.6冻结多空组合·共享单一仓位,portfolio_frozen_v10_6,BOTH,60m_short_frozen_adx_decay_minus4_rr2_5,V10.6冻结空头·趋势持续性+ADX衰减≥-4 RR2.5,2.5,1.25,48,2021-08-19T11:00:00+00:00,2021-08-19T11:00:00+00:00,2021-08-19T13:55:00+00:00,-1,44386.8,44966.688445242115,42937.07888689472,44966.88844524211,579.8884452421119,-1.0003448939216462,0.07704386005478663,-1.0773887539764329,False,STOP,35,463.9107561936895,24.320800413612986,41.840907450183686,17.325095816294258,25.7247450869026,0.9262235252981894,-0.10623184438214646,0.8509395382927193,0.9499146500652772,4.551780642737179,-2.4257940024851052,-0.362119554557916,0.7852889911924309,0.010451502933487707,16.0,2021-08,backcast_2020_2021,True
60m_portfolio_frozen_v10_6,V10.6冻结多空组合·共享单一仓位,portfolio_frozen_v10_6,BOTH,60m_long_frozen_adx45_rr2_5,V10.6冻结多头·延伸保护+ADX≤45 RR2.5,2.5,1.25,36,2021-10-26T11:00:00+00:00,2021-10-26T11:00:00+00:00,2021-10-26T12:30:00+00:00,1,63059.2,62504.222673372904,64446.64331656772,62504.02267337291,554.9773266270898,-1.000360375082737,0.11312464189887848,-1.1134850169816155,False,STOP,18,443.98186130167187,26.46044518770619,58.1680700173669,26.9287202601074,14.310641523269172,0.8278855687248573,0.1245325439955652,0.9249392688982092,0.9490072596868719,3.4936337161442492,0.3014550268253302,0.1943323381975434,0.7140299258167793,0.007040737425294912,2.0,2021-10,backcast_2020_2021,True
60m_portfolio_frozen_v10_6,V10.6冻结多空组合·共享单一仓位,portfolio_frozen_v10_6,BOTH,60m_long_frozen_adx45_rr2_5,V10.6冻结多头·延伸保护+ADX≤45 RR2.5,2.5,1.25,36,2021-11-03T00:00:00+00:00,2021-11-03T00:00:00+00:00,2021-11-03T12:45:00+00:00,1,63266.89,62574.87265432347,64996.93336419132,62574.672654323476,692.0173456765264,-1.0002890100967068,0.09092370548262696,-1.0912127155793336,False,STOP,153,553.6138765412211,29.900133624441786,57.79721150392644,22.57451819632725,17.251937527970092,1.2102491127796946,0.15118201956230828,1.19557206885586,0.912899636525482,6.373666104695758,-1.773408866095,0.5034718575990529,0.6731351262929032,0.008750479542097445,18.0,2021-11,backcast_2020_2021,True
60m_portfolio_frozen_v10_6,V10.6冻结多空组合·共享单一仓位,portfolio_frozen_v10_6,BOTH,60m_long_frozen_adx45_rr2_5,V10.6冻结多头·延伸保护+ADX≤45 RR2.5,2.5,1.25,36,2021-12-16T14:00:00+00:00,2021-12-16T14:00:00+00:00,2021-12-16T15:05:00+00:00,1,49006.909999999996,48366.86925364921,50607.01186587697,48366.66925364921,640.0407463507893,-1.0003124801055798,0.07606826581653393,-1.0763807459221137,False,STOP,13,512.0325970806314,23.90744004652223,56.51576408885113,21.207682933713368,16.387384643429314,0.691185162443975,0.1641231727580156,1.3981072580424734,0.6874277685875478,5.143598308029727,-0.2573261499338706,0.3157270405846049,0.5649996160784065,0.010448214072738844,18.0,2021-12,backcast_2020_2021,True
60m_portfolio_frozen_v10_6,V10.6冻结多空组合·共享单一仓位,portfolio_frozen_v10_6,BOTH,60m_long_frozen_adx45_rr2_5,V10.6冻结多头·延伸保护+ADX≤45 RR2.5,2.5,1.25,36,2021-12-22T11:00:00+00:00,2021-12-22T11:00:00+00:00,2021-12-22T12:55:00+00:00,1,49071.409999999996,48567.187958612696,50331.96510346825,48566.9879586127,504.2220413872988,-1.0003966506490833,0.09682083481512811,-1.0972174854642114,False,STOP,23,403.37763310983905,42.20335897712318,56.781580515644436,25.668859206299654,13.800877622656985,1.5115286187798473,0.16892378050571247,0.8382372891112424,0.7487290720531418,3.2310418154620564,-1.8059214528857126,0.5393419437206323,0.478070473848196,0.008220248714212506,32.0,2021-12,backcast_2020_2021,True
60m_portfolio_frozen_v10_6,V10.6冻结多空组合·共享单一仓位,portfolio_frozen_v10_6,BOTH,60m_long_frozen_adx45_rr2_5,V10.6冻结多头·延伸保护+ADX≤45 RR2.5,2.5,1.25,36,2022-01-13T13:00:00+00:00,2022-01-13T13:00:00+00:00,2022-01-13T15:20:00+00:00,1,43788.299999999996,43416.432795062516,44717.96801234369,43416.23279506252,371.8672049374782,-1.0005378263997022,0.11725224977787993,-1.117790076177582,False,STOP,28,297.49376394998257,37.853600767182755,58.764159537782085,22.127904659480325,15.531276917525762,1.4622152087166262,0.1186831994376486,0.8517308748023151,0.9498360104280535,3.361414998158178,-3.318902559015676,0.5274534125763511,0.5775521155684904,0.006794127100799156,45.0,2022-01,backcast_2022,True
60m_portfolio_frozen_v10_6,V10.6冻结多空组合·共享单一仓位,portfolio_frozen_v10_6,BOTH,60m_short_frozen_adx_decay_minus4_rr2_5,V10.6冻结空头·趋势持续性+ADX衰减≥-4 RR2.5,2.5,1.25,48,2022-01-18T08:00:00+00:00,2022-01-18T08:00:00+00:00,2022-01-18T21:55:00+00:00,-1,42039.8,42410.30074284717,41113.548142882086,42410.500742847165,370.50074284716794,-1.0005398099838008,0.11396778869304863,-1.1145075986768493,False,STOP,167,296.40059427773434,34.932650361440146,41.3629858440122,14.67266294436267,26.727283039789135,0.9311630964754902,-0.15701326775136498,0.9292495447721946,0.698166609012857,4.395470269466554,-1.7216624888026217,-0.3801126024423018,0.6953896297783931,0.007050442299660665,31.0,2022-01,backcast_2022,True
60m_portfolio_frozen_v10_6,V10.6冻结多空组合·共享单一仓位,portfolio_frozen_v10_6,BOTH,60m_long_frozen_adx45_rr2_5,V10.6冻结多头·延伸保护+ADX≤45 RR2.5,2.5,1.25,36,2022-02-01T16:00:00+00:00,2022-02-01T16:00:00+00:00,2022-02-02T14:35:00+00:00,1,38605.46,38127.251238711404,39800.98190322148,38127.05123871141,478.208761288592,-1.0004182273855908,0.08022909391281988,-1.0806473212984107,False,STOP,271,382.5670090308736,35.14777691996253,57.75846186299862,28.914808095191383,12.293281277345164,0.79268931677521,0.24098413582990996,2.1241312070501834,0.9454814750277737,2.9563448318899006,2.71707395688977,0.3322503779414693,0.6007229889081738,0.009909786460936858,22.0,2022-02,backcast_2022,True
60m_portfolio_frozen_v10_6,V10.6冻结多空组合·共享单一仓位,portfolio_frozen_v10_6,BOTH,60m_short_frozen_adx_decay_minus4_rr2_5,V10.6冻结空头·趋势持续性+ADX衰减≥-4 RR2.5,2.5,1.25,48,2022-02-03T17:00:00+00:00,2022-02-03T17:00:00+00:00,2022-02-04T00:00:00+00:00,-1,36668.37,37113.83713828347,35554.70215429135,37114.037138283464,445.4671382834624,-1.0004489668997119,0.08281464646594626,-1.0832636133656581,False,STOP,84,356.37371062676993,39.100787288199896,41.51421879118955,13.75782531439785,19.79767055022242,1.325019118514751,-0.2229358130892378,1.0458590382876563,0.9993051212563341,4.000575680772178,-2.3062676783594185,-0.5414659893034665,0.6809868385576867,0.009718778524135791,25.0,2022-02,backcast_2022,True
60m_portfolio_frozen_v10_6,V10.6冻结多空组合·共享单一仓位,portfolio_frozen_v10_6,BOTH,60m_long_frozen_adx45_rr2_5,V10.6冻结多头·延伸保护+ADX≤45 RR2.5,2.5,1.25,36,2022-02-07T02:00:00+00:00,2022-02-07T02:00:00+00:00,2022-02-07T14:45:00+00:00,1,42083.95,41580.650165259576,43342.19958685104,43341.999586851045,503.2998347404194,2.4996026225597636,0.08486586294123274,2.4147367596185307,True,TARGET,153,402.6398677923355,38.011894649925246,59.31757976330804,27.441059433985696,5.900201978916053,1.257832694133951,0.3417734096135876,1.2866930118976274,0.7107638162938144,3.866482493489527,6.621590954301066,0.4538913033215476,1.0016060586721651,0.009567585298181257,9.0,2022-02,backcast_2022,True
60m_portfolio_frozen_v10_6,V10.6冻结多空组合·共享单一仓位,portfolio_frozen_v10_6,BOTH,60m_long_frozen_adx45_rr2_5,V10.6冻结多头·延伸保护+ADX≤45 RR2.5,2.5,1.25,36,2022-03-17T14:00:00+00:00,2022-03-17T14:00:00+00:00,2022-03-18T01:00:00+00:00,1,41112.2,40528.561356765786,42571.29660808553,40528.36135676579,583.6386432342149,-1.0003426777892659,0.0699410177026295,-1.0702836954918955,False,STOP,132,466.91091458737196,25.098905759266117,58.00580560883324,22.646270801756067,14.696105055182883,1.0542748380234834,0.12358278098031099,0.8352174964039973,0.8209239130434743,4.772644910152354,-2.152559139130336,0.3271146017086797,0.6451121969735478,0.011357019334633161,32.0,2022-03,backcast_2022,True
60m_portfolio_frozen_v10_6,V10.6冻结多空组合·共享单一仓位,portfolio_frozen_v10_6,BOTH,60m_long_frozen_adx45_rr2_5,V10.6冻结多头·延伸保护+ADX≤45 RR2.5,2.5,1.25,36,2022-03-19T15:00:00+00:00,2022-03-19T15:00:00+00:00,2022-03-20T12:05:00+00:00,1,41800.799999999996,41497.47422061811,42559.114448454704,41497.274220618114,303.32577938188285,-1.000659357079397,0.13730793734440064,-1.1379672944237975,False,STOP,253,242.66062350550627,26.65516384742516,60.31416413712367,23.38467366951323,14.369466628124231,1.5437636317857666,0.22914100627535433,0.8052531786497077,0.8994791666666515,3.3907437808150713,-0.4487592716939197,0.5466846802703598,0.7277036178512549,0.005805194746140158,24.0,2022-03,backcast_2022,True
60m_portfolio_frozen_v10_6,V10.6冻结多空组合·共享单一仓位,portfolio_frozen_v10_6,BOTH,60m_long_frozen_adx45_rr2_5,V10.6冻结多头·延伸保护+ADX≤45 RR2.5,2.5,1.25,36,2022-03-25T09:00:00+00:00,2022-03-25T09:00:00+00:00,2022-03-25T13:35:00+00:00,1,43996.1,43617.84698614726,44941.73253463183,44941.532534631835,378.25301385273355,2.4994712533868264,0.11756367996747569,2.3819075734193507,True,TARGET,55,302.60241108218685,38.28278644931787,60.411851689612334,25.343048258719023,16.3601476237246,1.7127111798648533,0.21936582694090728,1.8532827571338453,0.8425085702762688,6.3416546918352195,0.3759324461660256,0.6528933320882195,0.6356713189855858,0.006878437454275277,36.0,2022-03,backcast_2022,True
60m_portfolio_frozen_v10_6,V10.6冻结多空组合·共享单一仓位,portfolio_frozen_v10_6,BOTH,60m_long_frozen_adx45_rr2_5,V10.6冻结多头·延伸保护+ADX≤45 RR2.5,2.5,1.25,36,2022-03-29T15:00:00+00:00,2022-03-29T15:00:00+00:00,2022-03-29T15:50:00+00:00,1,47777.2,47362.58642632344,48813.73393419138,47362.38642632344,414.61357367655575,-1.0004823768749902,0.11473284097126883,-1.115215217846259,False,STOP,10,331.6908589412446,35.84176137956791,59.78581620941488,25.679571273764196,16.74255003332907,1.8713223151482734,0.2261976230085723,0.993140440031022,0.7837434750186405,4.054980605414429,-2.449184585189407,0.6555987555403633,0.7047957456738579,0.006942479832162852,49.0,2022-03,backcast_2022,True
60m_portfolio_frozen_v10_6,V10.6冻结多空组合·共享单一仓位,portfolio_frozen_v10_6,BOTH,60m_short_frozen_adx_decay_minus4_rr2_5,V10.6冻结空头·趋势持续性+ADX衰减≥-4 RR2.5,2.5,1.25,48,2022-04-18T14:00:00+00:00,2022-04-18T14:00:00+00:00,2022-04-18T17:10:00+00:00,-1,39312.100000000006,39683.14705611084,38384.48235972291,39683.34705611084,371.04705611083875,-1.0005390151914757,0.10644936505373245,-1.106988380245208,False,STOP,38,296.837644888671,37.51627015122088,43.58190193317215,20.747520340102017,28.854367511824844,1.344599004680821,-0.20995784786504346,2.0976587200581664,0.7524856096284687,6.642014697089565,-1.777733189477253,-0.6706768747611853,0.3190741508209967,0.007550738313831538,22.0,2022-04,backcast_2022,True
60m_portfolio_frozen_v10_6,V10.6冻结多空组合·共享单一仓位,portfolio_frozen_v10_6,BOTH,60m_long_frozen_adx45_rr2_5,V10.6冻结多头·延伸保护+ADX≤45 RR2.5,2.5,1.25,36,2022-04-26T12:00:00+00:00,2022-04-26T12:00:00+00:00,2022-04-26T13:40:00+00:00,1,40452.5,40046.32193047998,41467.945173800064,40046.12193047998,406.17806952002474,-1.000492394875553,0.09909277232225282,-1.0995851671978059,False,STOP,20,324.9424556160198,36.095193787290775,63.73264573708742,21.66723643342658,13.815559161526986,1.0202067497281326,0.20883495329088267,0.8572092732576864,0.6890710382513582,5.847189147376928,-1.9104571603326619,0.48758948766543425,0.75078255922838,0.008032751138776625,14.0,2022-04,backcast_2022,True
60m_portfolio_frozen_v10_6,V10.6冻结多空组合·共享单一仓位,portfolio_frozen_v10_6,BOTH,60m_short_frozen_adx_decay_minus4_rr2_5,V10.6冻结空头·趋势持续性+ADX衰减≥-4 RR2.5,2.5,1.25,48,2022-05-12T12:00:00+00:00,2022-05-12T12:00:00+00:00,2022-05-12T15:10:00+00:00,-1,28460.3,29755.135762422095,25223.210593944757,29755.335762422095,1294.8357624220964,-1.0001544597437018,0.02247993044829291,-1.0226343901919948,False,STOP,38,1035.868609937677,31.557341747289534,44.65263796312687,17.27876988525379,21.787801720242104,1.120687278199483,-0.13759373792230475,0.9283310279742232,0.8386929460580913,5.0285334935609205,-3.032614973960605,-0.48496356361444765,0.3136649465157938,0.03639671158053011,20.0,2022-05,backcast_2022,True
60m_portfolio_frozen_v10_6,V10.6冻结多空组合·共享单一仓位,portfolio_frozen_v10_6,BOTH,60m_long_frozen_adx45_rr2_5,V10.6冻结多头·延伸保护+ADX≤45 RR2.5,2.5,1.25,36,2022-05-20T14:00:00+00:00,2022-05-20T14:00:00+00:00,2022-05-20T14:25:00+00:00,1,30355.5,29959.553037057558,31345.367407356105,29959.353037057557,395.94696294244267,-1.0005051181565172,0.07616531844168395,-1.0766704365982012,False,STOP,5,316.7575703539541,29.17107017082117,57.377562494672944,20.786303154189632,14.091515863938564,0.6867791821762699,0.18455205867256985,1.8645211828822434,0.7764350453172205,2.983669810776487,-1.4641438456292342,0.3138587046401194,0.5895950899510751,0.010434416126559085,20.0,2022-05,backcast_2022,True
60m_portfolio_frozen_v10_6,V10.6冻结多空组合·共享单一仓位,portfolio_frozen_v10_6,BOTH,60m_short_frozen_adx_decay_minus4_rr2_5,V10.6冻结空头·趋势持续性+ADX衰减≥-4 RR2.5,2.5,1.25,48,2022-05-24T17:00:00+00:00,2022-05-24T17:00:00+00:00,2022-05-24T23:10:00+00:00,-1,29319.7,29691.346563455092,28390.583591362276,29691.546563455093,371.6465634550906,-1.000538145699888,0.07939162145728539,-1.0799297671571735,False,STOP,74,297.31725076407247,37.646317220771394,46.74549127635442,18.950991662664375,26.395517020229885,0.7203635293456548,-0.10518301060867778,1.6124079708113335,0.7311018131101874,3.4791119497496625,-1.9967927014554547,-0.32538444945329903,0.0965343808102014,0.010140493822061286,19.0,2022-05,backcast_2022,True
60m_portfolio_frozen_v10_6,V10.6冻结多空组合·共享单一仓位,portfolio_frozen_v10_6,BOTH,60m_long_frozen_adx45_rr2_5,V10.6冻结多头·延伸保护+ADX≤45 RR2.5,2.5,1.25,36,2022-06-01T01:00:00+00:00,2022-06-01T01:00:00+00:00,2022-06-01T04:10:00+00:00,1,31925.7,31537.548898767713,32896.07775308072,31537.348898767712,388.15110123228754,-1.0005152632553824,0.08175044292968332,-1.0822657061850658,False,STOP,38,310.52088098583005,43.71353290353867,59.46457416514387,22.535863116625045,13.72140987424938,1.7519264763411135,0.1887821704123787,0.813223760487596,0.8020254818686742,3.8821865897482444,-3.870441726876116,0.5599237688235452,0.7426847156069027,0.009726421856692301,62.0,2022-06,backcast_2022,True
60m_portfolio_frozen_v10_6,V10.6冻结多空组合·共享单一仓位,portfolio_frozen_v10_6,BOTH,60m_long_frozen_adx45_rr2_5,V10.6冻结多头·延伸保护+ADX≤45 RR2.5,2.5,1.25,36,2022-06-21T13:00:00+00:00,2022-06-21T13:00:00+00:00,2022-06-21T23:25:00+00:00,1,21089.100000000002,20611.942142999465,22281.994642501344,20611.742142999465,477.1578570005369,-1.0004191484999487,0.04369711357697767,-1.0441162620769264,False,STOP,125,381.72628560042955,27.571565131103263,58.30524968074933,21.481608092997416,13.75919127381169,0.9944421540847229,0.2610911844951746,1.253861141819468,0.8023971493359253,4.327708261959263,0.060235384109397216,0.5110366389632917,0.7077547521177641,0.01810072955571291,16.0,2022-06,backcast_2022,True
60m_portfolio_frozen_v10_6,V10.6冻结多空组合·共享单一仓位,portfolio_frozen_v10_6,BOTH,60m_long_frozen_adx45_rr2_5,V10.6冻结多头·延伸保护+ADX≤45 RR2.5,2.5,1.25,36,2022-07-07T14:00:00+00:00,2022-07-07T14:00:00+00:00,2022-07-07T16:45:00+00:00,1,20532.8,20320.514241167944,21063.514397080136,21063.314397080136,212.28575883205417,2.49905787368357,0.0979719850872995,2.4010858885962705,True,TARGET,33,169.82860706564333,27.41930636318631,58.33192439949391,21.58270859123875,12.82142640188571,1.0572104163094922,0.14756662072236543,1.356975841370809,0.9098949695964651,2.918236265156646,-0.5293922063196597,0.42464643546572334,0.6870653986143538,0.008271209402929178,33.0,2022-07,backcast_2022,True
60m_portfolio_frozen_v10_6,V10.6冻结多空组合·共享单一仓位,portfolio_frozen_v10_6,BOTH,60m_short_frozen_adx_decay_minus4_rr2_5,V10.6冻结空头·趋势持续性+ADX衰减≥-4 RR2.5,2.5,1.25,48,2022-07-12T16:00:00+00:00,2022-07-12T16:00:00+00:00,2022-07-12T19:45:00+00:00,-1,19876.7,20113.42311279704,19284.892218007404,19285.092218007405,236.7231127970391,2.4991551310827287,0.0827164524732822,2.4164386786094463,True,TARGET,45,189.3784902376313,31.30807950228749,43.2417347983872,17.21179366063107,23.24169009980432,1.910427076386337,-0.1526808819458188,0.9283465433972437,0.7957597173144774,5.430394965708968,-3.473107508570614,-0.7109338835177758,0.3326921608741818,0.009527566684826672,55.0,2022-07,backcast_2022,True
60m_portfolio_frozen_v10_6,V10.6冻结多空组合·共享单一仓位,portfolio_frozen_v10_6,BOTH,60m_long_frozen_adx45_rr2_5,V10.6冻结多头·延伸保护+ADX≤45 RR2.5,2.5,1.25,36,2022-08-13T10:00:00+00:00,2022-08-13T10:00:00+00:00,2022-08-13T11:40:00+00:00,1,24570.3,24318.384896864896,25200.08775783776,24318.184896864896,251.91510313510392,-1.0007939182586147,0.09703365198918948,-1.0978275702478042,False,STOP,20,201.53208250808314,31.259963471466815,59.468500548361995,24.689795602831733,15.140649312510662,0.9982050213630147,0.18905928578074369,1.42895112338363,0.7506821282401023,5.899805059337443,0.07171352187955904,0.5282722169527753,0.8285473814463634,0.008202330576924113,16.0,2022-08,backcast_2022,True
60m_portfolio_frozen_v10_6,V10.6冻结多空组合·共享单一仓位,portfolio_frozen_v10_6,BOTH,60m_short_frozen_adx_decay_minus4_rr2_5,V10.6冻结空头·趋势持续性+ADX衰减≥-4 RR2.5,2.5,1.25,48,2022-08-29T05:00:00+00:00,2022-08-29T05:00:00+00:00,2022-08-29T12:30:00+00:00,-1,19795.8,19981.087694178354,19332.580764554117,19981.287694178354,185.28769417835252,-1.0010794024983114,0.10733871958029248,-1.1084181220786038,False,STOP,90,148.23015534268202,31.233707340578373,43.27787529649709,18.370660968745206,22.647303442947315,1.509843659175311,-0.14922078046727694,1.03811875115197,0.8429118773946438,4.263639868277323,-3.304968276115499,-0.6907341792120556,0.4690310401202534,0.007487884185829563,62.0,2022-08,backcast_2022,True
60m_portfolio_frozen_v10_6,V10.6冻结多空组合·共享单一仓位,portfolio_frozen_v10_6,BOTH,60m_long_frozen_adx45_rr2_5,V10.6冻结多头·延伸保护+ADX≤45 RR2.5,2.5,1.25,36,2022-09-12T17:00:00+00:00,2022-09-12T17:00:00+00:00,2022-09-13T12:35:00+00:00,1,22210.100000000002,21908.31398891969,22964.56502770078,21908.11398891969,301.78601108031114,-1.0006627212417363,0.07309519389415796,-1.0737579151358942,False,STOP,235,241.42880886424894,41.70398012165085,59.08283966233199,25.265169925751966,14.555881445380832,1.3232101899295818,0.24717291912111075,1.047853183825699,0.7745060054242642,4.2766230130413145,-1.3803700572624322,0.6259071588652458,0.7308821293441401,0.010870323993545622,49.0,2022-09,backcast_2022,True
60m_portfolio_frozen_v10_6,V10.6冻结多空组合·共享单一仓位,portfolio_frozen_v10_6,BOTH,60m_short_frozen_adx_decay_minus4_rr2_5,V10.6冻结空头·趋势持续性+ADX衰减≥-4 RR2.5,2.5,1.25,48,2022-10-10T14:00:00+00:00,2022-10-10T14:00:00+00:00,2022-10-10T22:10:00+00:00,-1,19308.0,19429.95480525389,19003.112986865282,19003.312986865283,121.95480525388757,2.4983600482196193,0.15707176485218496,2.3412882833674344,True,TARGET,98,97.56384420311005,32.692728513666836,43.277388665044484,11.790322731885897,25.3941026197824,0.666876855982888,-0.13838287881115838,1.9818347242672998,0.8474930362117128,4.266949538533342,1.850813448174172,-0.3841672975376801,0.7873701354170766,0.005052948431664624,10.0,2022-10,backcast_2022,True
60m_portfolio_frozen_v10_6,V10.6冻结多空组合·共享单一仓位,portfolio_frozen_v10_6,BOTH,60m_long_frozen_adx45_rr2_5,V10.6冻结多头·延伸保护+ADX≤45 RR2.5,2.5,1.25,36,2022-11-23T15:00:00+00:00,2022-11-23T15:00:00+00:00,2022-11-25T03:00:00+00:00,1,16456.4,16286.038099957581,16882.304750106054,16519.1,170.36190004242084,0.36804003702931537,0.09678073557464716,0.2712593014546682,True,TIME_EXIT,432,136.28952003393667,35.92800003621963,56.647215787073144,24.23832066255823,17.325033928349846,0.9547112582916009,0.14473002861141906,1.8509673978587513,0.8431931575196,4.798608138301105,-2.5397808913997366,0.49315020351050526,0.4725975734761301,0.008281905412148337,13.0,2022-11,backcast_2022,True
60m_portfolio_frozen_v10_6,V10.6冻结多空组合·共享单一仓位,portfolio_frozen_v10_6,BOTH,60m_long_frozen_adx45_rr2_5,V10.6冻结多头·延伸保护+ADX≤45 RR2.5,2.5,1.25,36,2022-11-30T19:00:00+00:00,2022-11-30T19:00:00+00:00,2022-12-01T13:35:00+00:00,1,16913.600000000002,16777.116364394904,17254.809089012746,17254.609089012745,136.48363560509688,2.498534622857074,0.12517328153492108,2.3733613413221533,True,TARGET,223,109.18690848407749,32.00398488333441,63.48038975749544,25.874172336060294,17.430655222583002,1.3815325287584992,0.2139190945312709,2.9657877438650115,0.7687319884726318,6.080399282454422,-3.815340858104314,0.5174472056982631,1.1755357930632266,0.006455645138415545,33.0,2022-11,backcast_2022,True
60m_portfolio_frozen_v10_6,V10.6冻结多空组合·共享单一仓位,portfolio_frozen_v10_6,BOTH,60m_long_frozen_adx45_rr2_5,V10.6冻结多头·延伸保护+ADX≤45 RR2.5,2.5,1.25,36,2022-12-01T15:00:00+00:00,2022-12-01T15:00:00+00:00,2022-12-01T15:20:00+00:00,1,17099.9,16971.21765109809,17421.605872254782,16971.01765109809,128.682348901913,-1.0015542147132532,0.13238380376887723,-1.1339380184821304,False,STOP,4,102.94587912153041,32.6455669658226,59.14448040886619,29.810351906287803,11.456693013743225,1.6260782719633755,0.1376672449029881,1.484437972349273,0.6714406065711899,6.299426509675323,1.0272240675044806,0.541056657721098,0.36176433386028883,0.006020332469080183,53.0,2022-12,backcast_2022,True
60m_portfolio_frozen_v10_6,V10.6冻结多空组合·共享单一仓位,portfolio_frozen_v10_6,BOTH,60m_long_frozen_adx45_rr2_5,V10.6冻结多头·延伸保护+ADX≤45 RR2.5,2.5,1.25,36,2023-01-04T16:00:00+00:00,2023-01-04T16:00:00+00:00,2023-01-04T19:30:00+00:00,1,16846.7,16787.234056014382,16995.364859964047,16787.03405601438,59.46594398561834,-1.0033632695724028,0.28279828589073264,-1.2861615554631354,False,STOP,42,47.57275518849467,38.62500212148535,64.95462482376875,27.797928815987856,13.747357145380946,1.1971695093805925,0.2649305368014657,2.701129561110393,0.9571899012074494,6.274599795981364,1.0218109672312323,0.5116968785980055,1.1014028661042548,0.002823895479090296,15.0,2023-01,backcast_2023_2024,True
60m_portfolio_frozen_v10_6,V10.6冻结多空组合·共享单一仓位,portfolio_frozen_v10_6,BOTH,60m_long_frozen_adx45_rr2_5,V10.6冻结多头·延伸保护+ADX≤45 RR2.5,2.5,1.25,36,2023-01-18T14:00:00+00:00,2023-01-18T14:00:00+00:00,2023-01-18T15:50:00+00:00,1,21401.4,21228.050838346564,21834.77290413359,21227.850838346563,173.34916165343574,-1.0011537407974451,0.12295776464028162,-1.1241115054377266,False,STOP,22,138.6793293227486,23.938594034982202,60.81120197639965,26.561198651586942,12.11308549424714,0.6950130439533253,0.10048235161057492,5.026836999392621,0.7206303724928375,2.4928012104489823,-0.5834939403105075,0.19174369831943588,1.0628499835114995,0.0064799791284016126,1.0,2023-01,backcast_2023_2024,True
60m_portfolio_frozen_v10_6,V10.6冻结多空组合·共享单一仓位,portfolio_frozen_v10_6,BOTH,60m_long_frozen_adx45_rr2_5,V10.6冻结多头·延伸保护+ADX≤45 RR2.5,2.5,1.25,36,2023-01-22T15:00:00+00:00,2023-01-22T15:00:00+00:00,2023-01-22T15:25:00+00:00,1,22993.4,22779.161133945257,23528.99716513686,22778.961133945257,214.23886605474436,-1.000933537428028,0.10682553071917648,-1.1077590681472045,False,STOP,5,171.3910928437955,27.452997808126483,58.99163258456866,23.26325704286566,16.101342859573798,1.8872278422268296,0.12180499381024178,1.166452848749596,0.6679005817028041,4.135570806156152,-4.69472614621484,0.538084043534943,0.7396415681717904,0.00745399043385851,2.0,2023-01,backcast_2023_2024,True
60m_portfolio_frozen_v10_6,V10.6冻结多空组合·共享单一仓位,portfolio_frozen_v10_6,BOTH,60m_short_frozen_adx_decay_minus4_rr2_5,V10.6冻结空头·趋势持续性+ADX衰减≥-4 RR2.5,2.5,1.25,48,2023-02-09T15:00:00+00:00,2023-02-09T15:00:00+00:00,2023-02-09T19:25:00+00:00,-1,22685.7,22855.089896955928,22262.225257610182,22262.425257610183,169.38989695592713,2.4988192920381094,0.13267652340949548,2.366142768628614,True,TARGET,53,135.5119175647417,40.16007870986782,41.513785486746784,13.371332297305017,27.572461183154907,0.8922917614077787,-0.16031466857416002,1.5929608493703276,0.8831615120275029,5.082947775946896,1.0044107786137175,-0.3745519157096913,0.6239339758324465,0.0059734246782014175,21.0,2023-02,backcast_2023_2024,True
60m_portfolio_frozen_v10_6,V10.6冻结多空组合·共享单一仓位,portfolio_frozen_v10_6,BOTH,60m_long_frozen_adx45_rr2_5,V10.6冻结多头·延伸保护+ADX≤45 RR2.5,2.5,1.25,36,2023-04-14T14:00:00+00:00,2023-04-14T14:00:00+00:00,2023-04-14T14:35:00+00:00,1,30701.8,30471.268262659672,31278.129343350818,30471.06826265967,230.53173734032814,-1.0008675595052847,0.1326777583173976,-1.1335453178226822,False,STOP,7,184.4253898722625,38.979649884787506,56.4838319477375,25.320233199468362,15.65957112941315,1.4283159260642164,0.15729190550025327,1.0693023723769097,0.7374909354604761,4.73904379763195,-2.3668279951296753,0.5495720314574231,0.4767313781439262,0.006007009053969731,37.0,2023-04,backcast_2023_2024,True
60m_portfolio_frozen_v10_6,V10.6冻结多空组合·共享单一仓位,portfolio_frozen_v10_6,BOTH,60m_long_frozen_adx45_rr2_5,V10.6冻结多头·延伸保护+ADX≤45 RR2.5,2.5,1.25,36,2023-09-19T15:00:00+00:00,2023-09-19T15:00:00+00:00,2023-09-20T19:20:00+00:00,1,27153.8,26918.753657580874,27741.415856047817,26918.553657580873,235.0463424191273,-1.0008508960315685,0.1150248778625126,-1.1158757738940812,False,STOP,340,188.03707393530186,25.75722175125457,58.11206913819006,26.81817831204229,15.26342355107637,0.7191122020600004,0.1950987490730125,2.1581548071043675,0.8897196261682198,4.567184449463873,2.5474633556605895,0.4400816127720509,0.9464546488976552,0.006924940852605249,7.0,2023-09,backcast_2023_2024,True
60m_portfolio_frozen_v10_6,V10.6冻结多空组合·共享单一仓位,portfolio_frozen_v10_6,BOTH,60m_long_frozen_adx45_rr2_5,V10.6冻结多头·延伸保护+ADX≤45 RR2.5,2.5,1.25,36,2023-10-08T02:00:00+00:00,2023-10-08T02:00:00+00:00,2023-10-08T05:30:00+00:00,1,28001.600000000002,27898.87885826369,28258.402854340777,27898.67885826369,102.72114173630953,-1.001947018857278,0.2720972426580041,-1.2740442615152823,False,STOP,42,82.17691338904763,24.250127625014876,61.977147461137655,24.355658566948108,12.27592753767763,1.012978721419951,0.20940491421941723,1.362382595703769,0.8304347826086719,2.2743614026383123,0.457826967923026,0.36588140920295914,1.0153708574647067,0.0029347535074817107,4.0,2023-10,backcast_2023_2024,True
60m_portfolio_frozen_v10_6,V10.6冻结多空组合·共享单一仓位,portfolio_frozen_v10_6,BOTH,60m_short_frozen_adx_decay_minus4_rr2_5,V10.6冻结空头·趋势持续性+ADX衰减≥-4 RR2.5,2.5,1.25,48,2023-10-09T19:00:00+00:00,2023-10-09T19:00:00+00:00,2023-10-11T02:35:00+00:00,-1,27554.8,27735.783997921793,27102.34000519551,27102.54000519551,180.98399792179498,2.4988949299258723,0.15100047692838983,2.3478944529974823,True,TARGET,379,144.787198337436,37.248614300944126,41.99130151418381,15.091947943341726,26.99165268826773,0.7643797153013814,-0.2799376393528502,1.8445130092243582,0.9782838983050731,5.021162149333667,3.088192759943894,-0.4632568276110731,0.5228776271676289,0.00525449913944293,10.0,2023-10,backcast_2023_2024,True
60m_portfolio_frozen_v10_6,V10.6冻结多空组合·共享单一仓位,portfolio_frozen_v10_6,BOTH,60m_long_frozen_adx45_rr2_5,V10.6冻结多头·延伸保护+ADX≤45 RR2.5,2.5,1.25,36,2023-12-02T16:00:00+00:00,2023-12-02T16:00:00+00:00,2023-12-02T19:10:00+00:00,1,38787.1,38627.78194776937,39185.395130576566,39185.19513057657,159.3180522306261,2.49874464947823,0.24470640344543373,2.2540382460327963,True,TARGET,38,127.45444178450089,34.27662445665385,60.50996353364991,26.598708043058636,15.213180601926105,1.8994752443391465,0.2260459266640431,1.5103945335150792,0.7888446215139442,2.1639104619541127,-0.782652822190478,0.6514988081239527,0.6980986652616852,0.0032860092759043205,39.0,2023-12,backcast_2023_2024,True
60m_portfolio_frozen_v10_6,V10.6冻结多空组合·共享单一仓位,portfolio_frozen_v10_6,BOTH,60m_short_frozen_adx_decay_minus4_rr2_5,V10.6冻结空头·趋势持续性+ADX衰减≥-4 RR2.5,2.5,1.25,48,2024-01-13T17:00:00+00:00,2024-01-13T17:00:00+00:00,2024-01-15T17:00:00+00:00,-1,42899.0,43419.06453008288,41598.83867479281,42525.2,520.0645300828771,0.7187569587574727,0.08212846200680794,0.6366284967506648,True,TIME_EXIT,576,416.0516240663017,44.20324510657306,39.62325728041473,16.028412391885748,29.450518262176985,2.292476884668905,-0.1628713474975521,0.9284786679579266,0.6712204007285975,6.321330930752201,-2.962191683623054,-0.8349632810392136,0.6488308996291734,0.009698376517602974,32.0,2024-01,backcast_2023_2024,True
60m_portfolio_frozen_v10_6,V10.6冻结多空组合·共享单一仓位,portfolio_frozen_v10_6,BOTH,60m_long_frozen_adx45_rr2_5,V10.6冻结多头·延伸保护+ADX≤45 RR2.5,2.5,1.25,36,2024-01-30T15:00:00+00:00,2024-01-30T15:00:00+00:00,2024-01-30T23:30:00+00:00,1,43455.2,43103.2924769318,44334.96880767049,43103.0924769318,351.9075230681967,-1.0005683311293145,0.12298443028760929,-1.1235527614169238,False,STOP,102,281.5260184545574,37.841543900890734,60.485754692301285,24.983728344209624,11.529902750078984,1.5350415123339538,0.16661278377276065,1.5724167221020502,0.9260204081632653,3.6394504693546987,1.1764471402931491,0.5718802099393796,0.7686198106306189,0.006478564456439015,24.0,2024-01,backcast_2023_2024,True
60m_portfolio_frozen_v10_6,V10.6冻结多空组合·共享单一仓位,portfolio_frozen_v10_6,BOTH,60m_long_frozen_adx45_rr2_5,V10.6冻结多头·延伸保护+ADX≤45 RR2.5,2.5,1.25,36,2024-02-10T14:00:00+00:00,2024-02-10T14:00:00+00:00,2024-02-10T20:50:00+00:00,1,47286.2,46930.53606481553,48175.35983796116,48175.15983796116,355.66393518446364,2.499437671407724,0.13420163023902115,2.365236041168703,True,TARGET,82,284.5311481475709,34.141071065853154,58.733471540199304,22.9675170211061,16.37315467572004,2.2847523550193,0.12706988138469988,0.9189137079958746,0.6896316507503379,4.898936404941722,-5.765722255782812,0.6143382838539567,0.5722285602260294,0.006017238678415829,1.0,2024-02,backcast_2023_2024,True
60m_portfolio_frozen_v10_6,V10.6冻结多空组合·共享单一仓位,portfolio_frozen_v10_6,BOTH,60m_long_frozen_adx45_rr2_5,V10.6冻结多头·延伸保护+ADX≤45 RR2.5,2.5,1.25,36,2024-02-11T15:00:00+00:00,2024-02-11T15:00:00+00:00,2024-02-12T06:50:00+00:00,1,48227.1,47867.79633762081,49125.359155947954,47867.59633762082,359.3036623791824,-1.000556632233235,0.13372351356136417,-1.1342801457945992,False,STOP,190,287.44292990334594,30.82188994833863,59.853727459337065,24.04566400323078,19.38705007419208,2.009107591961276,0.2264020336368969,1.0126483487415383,0.9598036207425638,4.9835979631911105,-2.6985761678094704,0.7415989147710582,0.7942311431401908,0.0059602199167548804,26.0,2024-02,backcast_2023_2024,True
60m_portfolio_frozen_v10_6,V10.6冻结多空组合·共享单一仓位,portfolio_frozen_v10_6,BOTH,60m_long_frozen_adx45_rr2_5,V10.6冻结多头·延伸保护+ADX≤45 RR2.5,2.5,1.25,36,2024-02-13T12:00:00+00:00,2024-02-13T12:00:00+00:00,2024-02-13T13:35:00+00:00,1,50004.1,49581.849371363794,51059.72657159051,49581.6493713638,422.25062863620474,-1.0004736523439701,0.11792255904154395,-1.1183962113855141,False,STOP,19,337.8005029089638,39.39161395292165,58.6442186236536,25.007652120308368,16.821342399745987,2.0786957119517235,0.2688194500380469,0.9897409953518235,0.9121447028423773,5.177020119686735,-1.6372261710316423,0.7876230448153706,0.6841818660533542,0.006755469620609627,22.0,2024-02,backcast_2023_2024,True
60m_portfolio_frozen_v10_6,V10.6冻结多空组合·共享单一仓位,portfolio_frozen_v10_6,BOTH,60m_long_frozen_adx45_rr2_5,V10.6冻结多头·延伸保护+ADX≤45 RR2.5,2.5,1.25,36,2024-02-15T17:00:00+00:00,2024-02-15T17:00:00+00:00,2024-02-15T19:35:00+00:00,1,52295.399999999994,51706.10036365094,53768.64909087263,51705.900363650944,589.2996363490535,-1.0003393859212872,0.0882414428489898,-1.088580828770277,False,STOP,31,471.4397090792428,26.582106035979436,57.45331648159771,21.11690230522308,13.75200659452584,1.6147413351143263,0.1901070406751363,1.6705602943824753,0.8109923664122204,2.91871892312048,0.17309060569145984,0.594857527897863,0.550367777756937,0.009014953716285072,43.0,2024-02,backcast_2023_2024,True
60m_portfolio_frozen_v10_6,V10.6冻结多空组合·共享单一仓位,portfolio_frozen_v10_6,BOTH,60m_long_frozen_adx45_rr2_5,V10.6冻结多头·延伸保护+ADX≤45 RR2.5,2.5,1.25,36,2024-02-29T14:00:00+00:00,2024-02-29T14:00:00+00:00,2024-02-29T16:45:00+00:00,1,63004.299999999996,61795.8503953008,66025.424011748,61795.6503953008,1208.4496046992015,-1.0001655013160804,0.05163639009438259,-1.051801891410463,False,STOP,33,966.7596837593611,43.73175458867656,65.79222247423303,25.22854673935371,13.625754140220156,2.1208678467352353,0.32200641683799575,0.8197449562429115,0.8754128440366946,5.48223109531245,-1.4136614939855647,0.8110890313323353,1.0089130475932153,0.01534436884778096,71.0,2024-02,backcast_2023_2024,True
60m_portfolio_frozen_v10_6,V10.6冻结多空组合·共享单一仓位,portfolio_frozen_v10_6,BOTH,60m_long_frozen_adx45_rr2_5,V10.6冻结多头·延伸保护+ADX≤45 RR2.5,2.5,1.25,36,2024-03-08T14:00:00+00:00,2024-03-08T14:00:00+00:00,2024-03-08T15:30:00+00:00,1,67837.09999999999,67187.60005831094,69460.84985422263,69460.64985422263,649.4999416890529,2.4996920707960792,0.1056949670366204,2.393997103759459,True,TARGET,18,519.5999533512423,23.057540774050263,60.021002704773,21.25355804310091,10.530095423749191,0.8423048924205899,0.2751631195064589,1.789900867558745,0.8114999999999903,2.504426706752112,2.1814310950280067,0.3355809855650656,0.998768572873169,0.007659547434379259,12.0,2024-03,backcast_2023_2024,True
60m_portfolio_frozen_v10_6,V10.6冻结多空组合·共享单一仓位,portfolio_frozen_v10_6,BOTH,60m_short_frozen_adx_decay_minus4_rr2_5,V10.6冻结空头·趋势持续性+ADX衰减≥-4 RR2.5,2.5,1.25,48,2024-03-20T09:00:00+00:00,2024-03-20T09:00:00+00:00,2024-03-20T12:20:00+00:00,-1,62737.3,64096.383993897834,59339.59001525543,64096.58399389783,1359.0839938978293,-1.0001471579393897,0.04666153253344573,-1.0468086904728353,False,STOP,40,1087.2671951182633,30.16058137266312,44.554513127258645,18.618993906010445,23.819299518561923,1.3531581402378314,-0.1858546743482824,0.827339309170078,0.9824203421754872,4.601260869878303,-2.3454442370084756,-0.6092708567282066,0.3503833305241784,0.017330391904029855,14.0,2024-03,backcast_2023_2024,True
60m_portfolio_frozen_v10_6,V10.6冻结多空组合·共享单一仓位,portfolio_frozen_v10_6,BOTH,60m_long_frozen_adx45_rr2_5,V10.6冻结多头·延伸保护+ADX≤45 RR2.5,2.5,1.25,36,2024-05-17T19:00:00+00:00,2024-05-17T19:00:00+00:00,2024-05-19T07:00:00+00:00,1,66785.9,66157.78262658206,68356.19343354483,66993.90000000001,628.1173734179366,0.33114829935075774,0.1064926760997149,0.22465562325104282,True,TIME_EXIT,432,502.4938987343493,39.32482024502024,60.07134945063935,24.52310560237749,17.683836355908422,1.4189613594798667,0.3685065684783908,1.612517241519809,0.9526195899772254,4.655578915271102,-1.1937914339389621,0.6342915593966372,1.0564116167443707,0.007523974424679974,15.0,2024-05,backcast_2023_2024,True
60m_portfolio_frozen_v10_6,V10.6冻结多空组合·共享单一仓位,portfolio_frozen_v10_6,BOTH,60m_long_frozen_adx45_rr2_5,V10.6冻结多头·延伸保护+ADX≤45 RR2.5,2.5,1.25,36,2024-06-05T15:00:00+00:00,2024-06-05T15:00:00+00:00,2024-06-06T20:05:00+00:00,1,70907.59999999999,70362.60923351347,72270.07691621628,70362.40923351348,544.9907664865126,-1.0003669786945029,0.12960770890144027,-1.129974687595943,False,STOP,349,435.9926131892101,36.682775648779256,57.709248295827926,20.80915440233463,13.696702326708179,1.4965979269264147,0.10806115690901964,2.4232905048846836,0.7038114634855869,3.009684018271508,-1.6051913874896968,0.5033420754544929,0.3523073845143413,0.006148760400031733,26.0,2024-06,backcast_2023_2024,True
60m_portfolio_frozen_v10_6,V10.6冻结多空组合·共享单一仓位,portfolio_frozen_v10_6,BOTH,60m_long_frozen_adx45_rr2_5,V10.6冻结多头·延伸保护+ADX≤45 RR2.5,2.5,1.25,36,2024-07-10T11:00:00+00:00,2024-07-10T11:00:00+00:00,2024-07-10T12:35:00+00:00,1,58633.399999999994,57978.44127047756,60270.796823806086,57978.24127047756,654.958729522437,-1.000305362751848,0.0890221291924034,-1.0893274919442513,False,STOP,19,523.9669836179496,29.36657365331022,58.151027874762356,25.807996001907195,15.206771064140831,1.0986784835123047,0.24737633181327132,0.8811659513320237,0.8338164251207659,4.93676143893465,0.40640857697183463,0.5939098499392689,0.748439092366085,0.008936353185873356,29.0,2024-07,backcast_2023_2024,True
60m_portfolio_frozen_v10_6,V10.6冻结多空组合·共享单一仓位,portfolio_frozen_v10_6,BOTH,60m_long_frozen_adx45_rr2_5,V10.6冻结多头·延伸保护+ADX≤45 RR2.5,2.5,1.25,36,2024-07-20T14:00:00+00:00,2024-07-20T14:00:00+00:00,2024-07-20T17:20:00+00:00,1,66503.2,66090.01882490545,67536.15293773638,67535.95293773638,413.1811750945507,2.4995159508417863,0.16220384787262315,2.3373121029691633,True,TARGET,40,330.54494007564057,30.62759967056594,61.30546680505766,22.762473739159645,16.759916163703434,2.0831013373958682,0.1720017292715369,1.0331699743154987,0.6861716085016951,3.641562323490861,-1.683565851667094,0.7122968475916541,0.601687074729898,0.004970383849059824,24.0,2024-07,backcast_2023_2024,True
60m_portfolio_frozen_v10_6,V10.6冻结多空组合·共享单一仓位,portfolio_frozen_v10_6,BOTH,60m_long_frozen_adx45_rr2_5,V10.6冻结多头·延伸保护+ADX≤45 RR2.5,2.5,1.25,36,2024-08-18T09:00:00+00:00,2024-08-18T09:00:00+00:00,2024-08-18T23:15:00+00:00,1,59675.899999999994,59269.23878966311,60692.5530258422,59269.038789663115,406.6612103368829,-1.000491809877394,0.14624573940938174,-1.1467375492867757,False,STOP,171,325.32896826950633,27.509843327630403,56.29416543150727,25.855183698135775,11.909072167458893,0.713211376189325,0.1617026856679306,0.862905777770331,0.9468782338737448,3.640007855122816,3.3191041134505923,0.23973697187453494,0.6981878612192339,0.00545162458809809,34.0,2024-08,backcast_2023_2024,True
60m_portfolio_frozen_v10_6,V10.6冻结多空组合·共享单一仓位,portfolio_frozen_v10_6,BOTH,60m_short_frozen_adx_decay_minus4_rr2_5,V10.6冻结空头·趋势持续性+ADX衰减≥-4 RR2.5,2.5,1.25,48,2024-08-30T08:00:00+00:00,2024-08-30T08:00:00+00:00,2024-08-30T12:35:00+00:00,-1,59235.8,59813.46073904842,57791.648152378955,59813.66073904842,577.6607390484176,-1.0003462239797178,0.10304444520079294,-1.1033906691805109,False,STOP,55,462.1285912387341,31.38721125699148,46.61212079221885,19.258821121066397,28.397283209677862,0.8625047068940414,-0.17592658891867027,0.9032630367678703,0.8997206703910574,5.3987137937352685,-0.4044368073859488,-0.3937614262789164,0.2622154293776914,0.00780149522905424,13.0,2024-08,backcast_2023_2024,True
60m_portfolio_frozen_v10_6,V10.6冻结多空组合·共享单一仓位,portfolio_frozen_v10_6,BOTH,60m_short_frozen_adx_decay_minus4_rr2_5,V10.6冻结空头·趋势持续性+ADX衰减≥-4 RR2.5,2.5,1.25,48,2024-09-01T17:00:00+00:00,2024-09-01T17:00:00+00:00,2024-09-01T18:30:00+00:00,-1,58099.700000000004,58588.437274099786,56877.85681475054,58588.63727409978,488.73727409978363,-1.0004092178161845,0.11937736638670614,-1.1197865842028907,False,STOP,18,390.9898192798269,41.16909205002259,43.15185264294437,9.193850354492982,29.14275638982688,0.9773524633245866,-0.24166940523836267,0.8515089824812434,0.7973903588256572,5.0755797264882645,3.818752096559507,-0.43562205756092937,0.5673712709965464,0.00672961260311682,28.0,2024-09,backcast_2023_2024,True
60m_portfolio_frozen_v10_6,V10.6冻结多空组合·共享单一仓位,portfolio_frozen_v10_6,BOTH,60m_long_frozen_adx45_rr2_5,V10.6冻结多头·延伸保护+ADX≤45 RR2.5,2.5,1.25,36,2024-09-19T23:00:00+00:00,2024-09-19T23:00:00+00:00,2024-09-21T11:00:00+00:00,1,62914.1,62295.80375529306,64459.84061176734,62956.9,618.2962447069357,0.06922248091655409,0.10178858522718444,-0.03256610431063035,False,TIME_EXIT,432,494.63699576554853,40.26109466608301,60.4962327225965,24.05954347736856,16.590048240849512,2.1043696393462437,0.2065369463992445,0.9063208448161428,0.6580615942028974,4.154561865756687,-3.497861594823263,0.8804416583071708,0.5832237123534578,0.007862113293790707,29.0,2024-09,backcast_2023_2024,True
60m_portfolio_frozen_v10_6,V10.6冻结多空组合·共享单一仓位,portfolio_frozen_v10_6,BOTH,60m_long_frozen_adx45_rr2_5,V10.6冻结多头·延伸保护+ADX≤45 RR2.5,2.5,1.25,36,2024-10-15T16:00:00+00:00,2024-10-15T16:00:00+00:00,2024-10-16T11:35:00+00:00,1,65994.9,65079.051220633366,68284.52194841656,68284.32194841656,915.8487793666246,2.4997816233372787,0.07330862090643409,2.4264730024308445,True,TARGET,235,732.6790234932997,34.77681402616481,53.73839083854388,25.41161315940661,16.199109856967517,1.0701672777175477,0.27186146304271974,4.026769503841174,0.8107803487369929,3.8916086151961062,0.31491326193073377,0.39148895172053244,0.39412859245393334,0.011102105679757127,37.0,2024-10,backcast_2023_2024,True
60m_portfolio_frozen_v10_6,V10.6冻结多空组合·共享单一仓位,portfolio_frozen_v10_6,BOTH,60m_long_frozen_adx45_rr2_5,V10.6冻结多头·延伸保护+ADX≤45 RR2.5,2.5,1.25,36,2024-10-17T02:00:00+00:00,2024-10-17T02:00:00+00:00,2024-10-17T04:45:00+00:00,1,67877.0,67292.5618933157,69338.09526671076,67292.3618933157,584.4381066843026,-1.0003422090341343,0.1156404419453183,-1.1159826509794526,False,STOP,33,467.55048534744213,30.685369386292003,59.91893207489508,22.09645832417543,14.509639029315247,1.5653935903378609,0.14819939694247605,0.8024995969032832,0.984096198603574,3.566032016330842,-1.1937310251199555,0.5125098834802303,0.7364650697108754,0.006888232417713916,71.0,2024-10,backcast_2023_2024,True
60m_portfolio_frozen_v10_6,V10.6冻结多空组合·共享单一仓位,portfolio_frozen_v10_6,BOTH,60m_long_frozen_adx45_rr2_5,V10.6冻结多头·延伸保护+ADX≤45 RR2.5,2.5,1.25,36,2024-10-21T04:00:00+00:00,2024-10-21T04:00:00+00:00,2024-10-21T07:50:00+00:00,1,68938.09999999999,68548.00515562062,69913.33711094844,68547.80515562062,390.0948443793788,-1.000512695829937,0.1762211256269661,-1.1767338214569032,False,STOP,46,312.075875503503,29.92098298927814,57.92308291000011,26.74985310824216,16.582897930639515,0.8836549653037339,0.26149312932493235,1.2463300317374668,0.9830508474576272,4.451801978472406,2.107922854943883,0.507066651306236,0.7087644686697635,0.00452690643046655,22.0,2024-10,backcast_2023_2024,True
60m_portfolio_frozen_v10_6,V10.6冻结多空组合·共享单一仓位,portfolio_frozen_v10_6,BOTH,60m_long_frozen_adx45_rr2_5,V10.6冻结多头·延伸保护+ADX≤45 RR2.5,2.5,1.25,36,2024-10-28T03:00:00+00:00,2024-10-28T03:00:00+00:00,2024-10-28T07:20:00+00:00,1,67779.2,67461.03737593214,68574.60656016965,68574.40656016965,318.16262406785887,2.499371390650989,0.21428287964315956,2.2850885110078294,True,TARGET,52,254.53009925428708,29.248030074645264,57.16356536430777,24.51482273691763,15.530539417260815,0.8125047844279483,0.18782256826365443,0.9227232464835216,0.6808510638297872,5.087806918686801,-0.1693534369539833,0.475620698810406,0.5469751256669472,0.0037552944017215815,13.0,2024-10,backcast_2023_2024,True
60m_portfolio_frozen_v10_6,V10.6冻结多空组合·共享单一仓位,portfolio_frozen_v10_6,BOTH,60m_short_frozen_adx_decay_minus4_rr2_5,V10.6冻结空头·趋势持续性+ADX衰减≥-4 RR2.5,2.5,1.25,48,2024-11-02T18:00:00+00:00,2024-11-02T18:00:00+00:00,2024-11-03T02:25:00+00:00,-1,69400.8,69833.41309447029,68319.26726382427,68319.46726382426,432.61309447029197,2.4995376931430275,0.1591725597585693,2.3403651333844584,True,TARGET,101,346.0904755762336,26.27366954404564,44.00536609609683,15.56757322633771,26.345796856900158,1.0810139705040651,-0.10561128620822786,0.8248951934634643,0.7443609022556391,3.0535367904605075,0.6429042042865767,-0.4124881110740858,0.47212476974285644,0.004986822604519151,9.0,2024-11,backcast_2023_2024,True
60m_portfolio_frozen_v10_6,V10.6冻结多空组合·共享单一仓位,portfolio_frozen_v10_6,BOTH,60m_long_frozen_adx45_rr2_5,V10.6冻结多头·延伸保护+ADX≤45 RR2.5,2.5,1.25,36,2024-11-08T14:00:00+00:00,2024-11-08T14:00:00+00:00,2024-11-08T14:45:00+00:00,1,76280.5,75692.65348079857,77750.11629800359,75692.45348079858,587.8465192014326,-1.0003402248605004,0.1292624422504433,-1.1296026671109438,False,STOP,9,470.2772153611461,32.26172013232165,58.892938925901674,22.336248176594413,9.180922592671928,1.8628031553768458,0.14676254205665132,0.8522243080819112,0.9557303370786582,3.0384206449438134,1.8383768408731456,0.5914058575725026,0.7712635788268608,0.006165120160266099,72.0,2024-11,backcast_2023_2024,True
60m_portfolio_frozen_v10_6,V10.6冻结多空组合·共享单一仓位,portfolio_frozen_v10_6,BOTH,60m_long_frozen_adx45_rr2_5,V10.6冻结多头·延伸保护+ADX≤45 RR2.5,2.5,1.25,36,2024-11-08T16:00:00+00:00,2024-11-08T16:00:00+00:00,2024-11-09T17:20:00+00:00,1,76423.5,75767.95185334163,78062.37036664595,75767.75185334163,655.5481466583784,-1.000305088193768,0.11607938534273066,-1.1163844735364987,False,STOP,304,524.4385173267027,32.13950640376166,58.57678618522644,21.326351898060345,10.046709899968933,1.581298795022296,0.13851457018469182,3.398894435538956,0.7970626178426113,2.724628250578801,0.6068990019102323,0.5190975653676744,0.8985706682929293,0.0068622856815487255,74.0,2024-11,backcast_2023_2024,True
60m_portfolio_frozen_v10_6,V10.6冻结多空组合·共享单一仓位,portfolio_frozen_v10_6,BOTH,60m_long_frozen_adx45_rr2_5,V10.6冻结多头·延伸保护+ADX≤45 RR2.5,2.5,1.25,36,2024-11-21T17:00:00+00:00,2024-11-21T17:00:00+00:00,2024-11-23T05:00:00+00:00,1,97175.7,96035.95258721143,100025.06853197141,98611.0,1139.7474127885666,1.2593141110874044,0.08589039018784779,1.1734237208995566,True,TIME_EXIT,432,911.7979302308532,29.53195081496486,61.56138176844879,24.692125928112336,19.960936410880592,1.7434689323771535,0.21245211194051244,1.0256399914125833,0.7270815811606391,5.14214810600953,-4.0698311297220116,0.7269037602745225,0.8210875601321199,0.009383002199431474,36.0,2024-11,backcast_2023_2024,True
60m_portfolio_frozen_v10_6,V10.6冻结多空组合·共享单一仓位,portfolio_frozen_v10_6,BOTH,60m_long_frozen_adx45_rr2_5,V10.6冻结多头·延伸保护+ADX≤45 RR2.5,2.5,1.25,36,2024-12-15T23:00:00+00:00,2024-12-15T23:00:00+00:00,2024-12-15T23:25:00+00:00,1,103235.8,102599.14921816466,104827.42695458836,104827.22695458836,636.6507818353431,2.499685856036455,0.16340435988689297,2.336281496149562,True,TARGET,5,509.3206254682745,35.1318286240183,62.82777387254044,26.767449227262677,13.55941777986489,1.3050274055461564,0.29774558727088823,1.0649500177078397,0.8168888888888926,4.001605075636082,0.2902695065318994,0.6121531939180552,1.1810261743894397,0.004933570707306431,23.0,2024-12,backcast_2023_2024,True
60m_portfolio_frozen_v10_6,V10.6冻结多空组合·共享单一仓位,portfolio_frozen_v10_6,BOTH,60m_long_frozen_adx45_rr2_5,V10.6冻结多头·延伸保护+ADX≤45 RR2.5,2.5,1.25,36,2024-12-26T04:00:00+00:00,2024-12-26T04:00:00+00:00,2024-12-26T05:15:00+00:00,1,98957.9,98060.00564047517,101202.63589881206,98059.80564047517,897.8943595248268,-1.0002227433526854,0.1097109607330302,-1.1099337040857156,False,STOP,15,718.3154876198614,25.521120928377595,57.41118985205029,20.44430455788107,13.794423295016202,1.1858038667324085,0.13901207953130068,0.8527225146067402,0.6925670498084202,3.3133073712306143,-1.1810186073148152,0.4588344704304449,0.5005922813308008,0.00725881348919651,36.0,2024-12,backcast_2023_2024,True
60m_portfolio_frozen_v10_6,V10.6冻结多空组合·共享单一仓位,portfolio_frozen_v10_6,BOTH,60m_long_frozen_adx45_rr2_5,V10.6冻结多头·延伸保护+ADX≤45 RR2.5,2.5,1.25,36,2025-01-14T18:00:00+00:00,2025-01-14T18:00:00+00:00,2025-01-15T14:05:00+00:00,1,96481.4,95385.55668527656,99221.00828680857,99220.80828680858,1095.8433147234327,2.4998174921566685,0.08929296992435437,2.410524522232314,True,TARGET,241,876.6746517787462,28.340658139525125,62.08656505265422,24.186915128970902,16.90898017006167,0.9025179701368476,0.2976616494745616,0.9039995571984707,0.9805208333333364,4.564749296538297,-0.9588653547002295,0.4702029064812094,1.1667731689162946,0.009086472215639158,14.0,2025-01,v10_development,True
60m_portfolio_frozen_v10_6,V10.6冻结多空组合·共享单一仓位,portfolio_frozen_v10_6,BOTH,60m_long_frozen_adx45_rr2_5,V10.6冻结多头·延伸保护+ADX≤45 RR2.5,2.5,1.25,36,2025-01-18T14:00:00+00:00,2025-01-18T14:00:00+00:00,2025-01-18T16:50:00+00:00,1,104327.5,103291.38455475066,106917.78861312334,103291.18455475067,1036.1154452493377,-1.0001930286831568,0.10019090319843073,-1.1003839318815876,False,STOP,34,828.8923561994701,28.7194565318875,59.070522484155696,20.81343648875565,14.035465967791453,1.3625649220713898,0.13497305232339557,0.957063822529273,0.9546853362055635,4.272207330076789,-3.9109990239341634,0.3766494337884706,1.0371178725435732,0.007945107001607154,1.0,2025-01,v10_development,True
60m_portfolio_frozen_v10_6,V10.6冻结多空组合·共享单一仓位,portfolio_frozen_v10_6,BOTH,60m_long_frozen_adx45_rr2_5,V10.6冻结多头·延伸保护+ADX≤45 RR2.5,2.5,1.25,36,2025-01-30T19:00:00+00:00,2025-01-30T19:00:00+00:00,2025-01-31T00:10:00+00:00,1,105523.59999999999,104585.24942409876,107869.47643975305,104585.04942409876,938.350575901227,-1.0002131399555132,0.11195637047608915,-1.1121695104316023,False,STOP,62,750.6804607209816,35.16567558479508,61.620285752690194,21.403637964459065,13.091068726502543,1.322158717370248,0.2627499595299085,1.0331694917960463,0.9829634073185223,4.296768290601449,-0.20464139421353167,0.5543390790055333,0.8220548352766506,0.007113876739386541,25.0,2025-01,v10_development,True
60m_portfolio_frozen_v10_6,V10.6冻结多空组合·共享单一仓位,portfolio_frozen_v10_6,BOTH,60m_long_frozen_adx45_rr2_5,V10.6冻结多头·延伸保护+ADX≤45 RR2.5,2.5,1.25,36,2025-03-20T15:00:00+00:00,2025-03-20T15:00:00+00:00,2025-03-20T15:05:00+00:00,1,86123.8,85289.8787439404,88208.603140149,85289.6787439404,833.9212560595993,-1.000239830797633,0.1027755783285189,-1.103015409126152,False,STOP,1,667.1370048476795,34.29902403826111,60.37626390514875,27.177156407788186,14.487504343603804,1.1854050459433159,0.10834833526204322,1.587220660976056,0.6547921967769288,5.995769940708474,-3.8077531790489374,0.36518233120670135,0.9975274765851544,0.007746265021680205,2.0,2025-03,v10_development,True
60m_portfolio_frozen_v10_6,V10.6冻结多空组合·共享单一仓位,portfolio_frozen_v10_6,BOTH,60m_short_frozen_adx_decay_minus4_rr2_5,V10.6冻结空头·趋势持续性+ADX衰减≥-4 RR2.5,2.5,1.25,48,2025-03-31T08:00:00+00:00,2025-03-31T08:00:00+00:00,2025-03-31T12:55:00+00:00,-1,81894.90000000001,82565.53865597442,80218.30336006398,82565.73865597442,670.6386559744122,-1.0002982231910083,0.12261494113921856,-1.1229131643302268,False,STOP,59,536.5109247795298,40.88660470367546,42.18778066667173,9.70785333323198,24.242480529063414,1.156243705809618,-0.14048642473576262,0.9005760697195251,0.6556711942141488,3.919771066850489,-0.18365534449736032,-0.4871725995195164,0.6097116872975358,0.006551188894825702,19.0,2025-03,v10_development,True
60m_portfolio_frozen_v10_6,V10.6冻结多空组合·共享单一仓位,portfolio_frozen_v10_6,BOTH,60m_long_frozen_adx45_rr2_5,V10.6冻结多头·延伸保护+ADX≤45 RR2.5,2.5,1.25,36,2025-04-22T01:00:00+00:00,2025-04-22T01:00:00+00:00,2025-04-22T13:15:00+00:00,1,87672.9,86943.19615365397,89497.15961586504,89496.95961586504,729.7038463460148,2.4997259162042322,0.12139846905223364,2.3783274471519986,True,TARGET,147,583.7630770768118,23.384910243254524,61.08642016091358,23.470107298868452,19.293492213220723,1.2551850507145073,0.1986888321452272,1.1147929330828357,0.9628214548126335,3.5822752108126843,-4.157285800061221,0.4641340077314153,0.9683500833459114,0.00665843617313955,25.0,2025-04,v10_development,True
60m_portfolio_frozen_v10_6,V10.6冻结多空组合·共享单一仓位,portfolio_frozen_v10_6,BOTH,60m_short_frozen_adx_decay_minus4_rr2_5,V10.6冻结空头·趋势持续性+ADX衰减≥-4 RR2.5,2.5,1.25,48,2025-05-30T14:00:00+00:00,2025-05-30T14:00:00+00:00,2025-05-31T02:00:00+00:00,-1,105450.6,106280.39012611045,103376.12468472392,103376.32468472392,829.7901261104347,2.4997589751990192,0.1258311699029133,2.373927805296106,True,TARGET,144,663.8321008883478,44.69593405087126,40.71496712928065,11.289510428421138,29.812293343030408,1.2800723191304306,-0.15984157817924835,1.016441611579888,0.7900481540930933,3.5084172592486946,-0.5520683004807267,-0.48664779192145563,0.7170411133553792,0.006295183164929501,24.0,2025-05,v10_development,True
60m_portfolio_frozen_v10_6,V10.6冻结多空组合·共享单一仓位,portfolio_frozen_v10_6,BOTH,60m_short_frozen_adx_decay_minus4_rr2_5,V10.6冻结空头·趋势持续性+ADX衰减≥-4 RR2.5,2.5,1.25,48,2025-06-22T02:00:00+00:00,2025-06-22T02:00:00+00:00,2025-06-22T13:45:00+00:00,-1,102359.8,103202.19381342157,100253.81546644609,100254.01546644609,842.393813421566,2.499762581352318,0.12026074517539839,2.3795018361769196,True,TARGET,141,673.9150507372528,35.6293671319201,42.35131668797189,15.866767949494127,29.452264572427524,0.9599740141872538,-0.22331196906410378,1.253549630050199,0.7831527347781134,4.675218332864348,1.7309376679499593,-0.5272652948117235,0.7370076796172326,0.006583767021888927,13.0,2025-06,v10_development,True
60m_portfolio_frozen_v10_6,V10.6冻结多空组合·共享单一仓位,portfolio_frozen_v10_6,BOTH,60m_long_frozen_adx45_rr2_5,V10.6冻结多头·延伸保护+ADX≤45 RR2.5,2.5,1.25,36,2025-07-10T15:00:00+00:00,2025-07-10T15:00:00+00:00,2025-07-10T16:35:00+00:00,1,111195.3,110650.34437053444,112557.6890736639,112557.4890736639,544.955629465559,2.499632997643881,0.2052945019515621,2.294338495692319,True,TARGET,19,435.9645035724472,36.4984384750559,61.52495080553802,26.666748618667114,17.107230027001457,1.715125832810322,0.14087887611637892,1.5572284963207292,0.8873036460585131,6.772110976483177,-4.161660277195054,0.5925143913897465,1.007527427989316,0.003920720388258889,33.0,2025-07,v10_development,True
60m_portfolio_frozen_v10_6,V10.6冻结多空组合·共享单一仓位,portfolio_frozen_v10_6,BOTH,60m_long_frozen_adx45_rr2_5,V10.6冻结多头·延伸保护+ADX≤45 RR2.5,2.5,1.25,36,2025-07-27T14:00:00+00:00,2025-07-27T14:00:00+00:00,2025-07-27T16:05:00+00:00,1,118182.5,117856.09355241372,118998.51611896571,118998.31611896571,326.40644758628406,2.499387267005668,0.3633212791488563,2.1360659878568113,True,TARGET,25,261.12515806902724,26.293898623470152,56.990873598976634,28.68092995910168,18.67430328790377,0.8748517276184093,0.10535579907186997,0.9974922662903131,0.8991769547325322,2.417614620775535,-1.1116694837605365,0.2666641567175302,0.5976995600229322,0.0022095115602677154,4.0,2025-07,v10_development,True
60m_portfolio_frozen_v10_6,V10.6冻结多空组合·共享单一仓位,portfolio_frozen_v10_6,BOTH,60m_short_frozen_adx_decay_minus4_rr2_5,V10.6冻结空头·趋势持续性+ADX衰减≥-4 RR2.5,2.5,1.25,48,2025-08-01T17:00:00+00:00,2025-08-01T17:00:00+00:00,2025-08-02T18:35:00+00:00,-1,114962.0,116040.371412183,112266.0714695425,112266.2714695425,1078.3714121830012,2.4998145351427734,0.10535714731604065,2.3944573878267326,True,TARGET,307,862.697129746401,38.217766616958166,42.25000536492579,10.65622573717935,24.638096114825885,1.0794809450950686,-0.12177882922005405,0.9448290469275814,0.782559711581795,3.5431901818179767,0.66310406758722,-0.41410851052026904,0.6911892409783134,0.007504180763297857,22.0,2025-08,v10_development,True
60m_portfolio_frozen_v10_6,V10.6冻结多空组合·共享单一仓位,portfolio_frozen_v10_6,BOTH,60m_long_frozen_adx45_rr2_5,V10.6冻结多头·延伸保护+ADX≤45 RR2.5,2.5,1.25,36,2025-08-28T15:00:00+00:00,2025-08-28T15:00:00+00:00,2025-08-28T15:50:00+00:00,1,113115.8,112374.0665512373,114970.13362190676,112373.8665512373,741.7334487627029,-1.0002696386422054,0.1520018187985051,-1.1522714574407105,False,STOP,10,593.3867590101623,23.118178591198163,60.9354401956582,19.18532866586764,12.448630514586533,0.8689095104186453,0.30596230249665163,1.4172708835596317,0.8068337697967386,4.411962283026211,0.7299462610313228,0.4507976067841055,1.0210274552059786,0.005245848349785505,12.0,2025-08,v10_development,True
60m_portfolio_frozen_v10_6,V10.6冻结多空组合·共享单一仓位,portfolio_frozen_v10_6,BOTH,60m_short_frozen_adx_decay_minus4_rr2_5,V10.6冻结空头·趋势持续性+ADX衰减≥-4 RR2.5,2.5,1.25,48,2025-10-14T17:00:00+00:00,2025-10-14T17:00:00+00:00,2025-10-14T22:05:00+00:00,-1,112252.90000000001,113498.34710251805,109139.28224370492,113498.54710251804,1245.4471025180333,-1.0001605849012765,0.09063068461362024,-1.0907912695148967,False,STOP,61,996.3576820144267,36.65484352411803,46.03108091820152,18.37695468743905,25.804495272987317,0.8274192398629533,-0.10123214417465162,1.6312525596148344,0.8663484486873408,6.037390094527213,-2.496451258728044,-0.4587685747019128,0.21244181927281022,0.008875992574052981,12.0,2025-10,v10_validation,True
60m_portfolio_frozen_v10_6,V10.6冻结多空组合·共享单一仓位,portfolio_frozen_v10_6,BOTH,60m_long_frozen_adx45_rr2_5,V10.6冻结多头·延伸保护+ADX≤45 RR2.5,2.5,1.25,36,2025-11-11T03:00:00+00:00,2025-11-11T03:00:00+00:00,2025-11-11T05:05:00+00:00,1,106596.0,105578.55882256992,109139.60294357521,105578.35882256992,1017.4411774300876,-1.0001965715605272,0.10426861204816397,-1.1044651836086912,False,STOP,25,813.9529419440701,29.049973477737115,61.52818773851589,25.455475817308137,17.44731397617958,1.1183904845899406,0.2139965806585871,1.8686863095902102,0.6781792645556735,3.5112595000564353,-2.914598676137114,0.4034202097487102,1.0180030510544436,0.0076358819197761075,9.0,2025-11,v10_validation,True
60m_portfolio_frozen_v10_6,V10.6冻结多空组合·共享单一仓位,portfolio_frozen_v10_6,BOTH,60m_long_frozen_adx45_rr2_5,V10.6冻结多头·延伸保护+ADX≤45 RR2.5,2.5,1.25,36,2026-01-05T00:00:00+00:00,2026-01-05T00:00:00+00:00,2026-01-05T01:05:00+00:00,1,91497.4,91110.0043961217,92465.8890096957,92465.6890096957,387.3956038782861,2.4994837318802783,0.23743569514987853,2.2620480367303997,True,TARGET,13,309.9164831026289,34.170067554686774,62.715963564326785,24.798819864340217,15.528340500745212,1.6505117672709473,0.16223631599406046,1.3943005453358888,0.8189119170984607,3.1931183204356546,-4.134118113222044,0.5162637961927343,1.0447985751336881,0.0033871727421156393,36.0,2026-01,v10_validation,True
60m_portfolio_frozen_v10_6,V10.6冻结多空组合·共享单一仓位,portfolio_frozen_v10_6,BOTH,60m_short_frozen_adx_decay_minus4_rr2_5,V10.6冻结空头·趋势持续性+ADX衰减≥-4 RR2.5,2.5,1.25,48,2026-01-25T15:00:00+00:00,2026-01-25T15:00:00+00:00,2026-01-25T16:20:00+00:00,-1,88665.90000000001,89006.27793960497,87814.95515098759,87815.15515098759,340.3779396049656,2.4994124178546246,0.25924279252028964,2.240169625334335,True,TARGET,16,272.30235168397246,40.83144467069321,41.82982336228956,13.085766501193058,28.26678598436736,1.1236726502069665,-0.1506928545673916,1.7861215516405797,0.7300094073377003,4.995917191265544,0.09623136757169704,-0.5405942104661767,0.7801213021229134,0.003071098781653557,31.0,2026-01,v10_validation,True
60m_portfolio_frozen_v10_6,V10.6冻结多空组合·共享单一仓位,portfolio_frozen_v10_6,BOTH,60m_short_frozen_adx_decay_minus4_rr2_5,V10.6冻结空头·趋势持续性+ADX衰减≥-4 RR2.5,2.5,1.25,48,2026-02-23T11:00:00+00:00,2026-02-23T11:00:00+00:00,2026-02-23T17:20:00+00:00,-1,66291.0,66901.7322603205,64764.16934919875,64764.36934919875,610.7322603204982,2.4996725242581896,0.10729363574180928,2.3923788885163804,True,TARGET,76,488.5858082563986,32.61390418265016,47.0868916929768,25.610125012344486,30.773233604994722,1.3751378747745802,-0.1318198800067141,0.8090861113421967,0.7227748023463146,7.301071663808975,-3.9020189779840564,-0.6240145855510891,0.032151542966873156,0.007370307752570082,18.0,2026-02,v10_validation,True
60m_portfolio_frozen_v10_6,V10.6冻结多空组合·共享单一仓位,portfolio_frozen_v10_6,BOTH,60m_long_frozen_adx45_rr2_5,V10.6冻结多头·延伸保护+ADX≤45 RR2.5,2.5,1.25,36,2026-03-15T18:00:00+00:00,2026-03-15T18:00:00+00:00,2026-03-15T18:50:00+00:00,1,71788.09999999999,71389.26257112031,72785.19357219918,71389.06257112032,398.8374288796731,-1.000501457449875,0.1794931370575002,-1.179994594507375,False,STOP,10,319.06994310373847,25.614180044739733,62.59735090836163,26.685149141009514,15.371410600541319,0.7924637077204347,0.14525962412076782,1.4803131285492996,0.6928989139515407,4.030464253356155,-2.437513108340937,0.3335994125671363,1.136753875951784,0.004444613906275958,16.0,2026-03,v10_validation,True
60m_portfolio_frozen_v10_6,V10.6冻结多空组合·共享单一仓位,portfolio_frozen_v10_6,BOTH,60m_short_frozen_adx_decay_minus4_rr2_5,V10.6冻结空头·趋势持续性+ADX衰减≥-4 RR2.5,2.5,1.25,48,2026-03-23T04:00:00+00:00,2026-03-23T04:00:00+00:00,2026-03-23T05:05:00+00:00,-1,68045.0,68679.59456400404,66458.51358998989,68679.79456400404,634.5945640040454,-1.00031516185505,0.10772609971737204,-1.1080412615724222,False,STOP,13,507.6756512032364,43.93953885614242,40.45880697057333,12.38354485745813,25.054897141965764,1.3967645200302157,-0.22770648036605082,0.8740758467406516,0.957778194783261,3.780760403716124,0.16923675753701417,-0.5956055687478792,0.7051565307568318,0.007460870087680617,36.0,2026-03,v10_validation,True
60m_portfolio_frozen_v10_6,V10.6冻结多空组合·共享单一仓位,portfolio_frozen_v10_6,BOTH,60m_long_frozen_adx45_rr2_5,V10.6冻结多头·延伸保护+ADX≤45 RR2.5,2.5,1.25,36,2026-04-08T16:00:00+00:00,2026-04-08T16:00:00+00:00,2026-04-09T01:10:00+00:00,1,71275.09999999999,70540.19549980505,73112.36125048736,70539.99549980505,734.9045001949486,-1.000272144203685,0.09648539059305372,-1.0967575347967387,False,STOP,110,587.9236001559589,44.720680974447035,55.976459461071265,33.32336319675108,15.846167601062739,1.6153715048263906,0.10126692077263355,0.8633885505827513,0.9012810851544953,7.727534664018964,0.018355110008485553,0.622345996625487,0.36029602618368384,0.008248688178093223,21.0,2026-04,v10_historical_test,True
60m_portfolio_frozen_v10_6,V10.6冻结多空组合·共享单一仓位,portfolio_frozen_v10_6,BOTH,60m_long_frozen_adx45_rr2_5,V10.6冻结多头·延伸保护+ADX≤45 RR2.5,2.5,1.25,36,2026-04-10T01:00:00+00:00,2026-04-10T01:00:00+00:00,2026-04-11T13:00:00+00:00,1,71932.5,71217.15364795008,73720.86588012481,72895.40000000001,715.3463520499242,1.3460612432574586,0.1012292154597389,1.2448320277977196,True,TIME_EXIT,432,572.2770816399394,23.69372720807258,55.31794045648317,24.32037614336547,15.14382771062132,0.9308107603750567,0.10916775496086825,0.827613122666248,0.8588261449533134,4.644253780675102,1.0502583679816588,0.41670281925664876,0.42841326592709844,0.007955773437523052,10.0,2026-04,v10_historical_test,True
60m_portfolio_frozen_v10_6,V10.6冻结多空组合·共享单一仓位,portfolio_frozen_v10_6,BOTH,60m_long_frozen_adx45_rr2_5,V10.6冻结多头·延伸保护+ADX≤45 RR2.5,2.5,1.25,36,2026-05-03T10:00:00+00:00,2026-05-03T10:00:00+00:00,2026-05-03T20:40:00+00:00,1,78496.8,78207.12735804687,79220.98160488285,79220.78160488285,289.6726419531391,2.4993095654506807,0.2722341684417632,2.2270753970089174,True,TARGET,128,231.73811356251127,23.306960713771776,58.256329390735246,25.235960192711584,16.22854332494849,1.1745747794766568,0.10132439295445529,0.9884580441493142,0.7094047199718151,4.824411413439853,-1.744854319190452,0.28843565047423747,0.7420232679178602,0.002952209506952683,1.0,2026-05,v10_historical_test,True
60m_portfolio_frozen_v10_6,V10.6冻结多空组合·共享单一仓位,portfolio_frozen_v10_6,BOTH,60m_long_frozen_adx45_rr2_5,V10.6冻结多头·延伸保护+ADX≤45 RR2.5,2.5,1.25,36,2026-05-10T11:00:00+00:00,2026-05-10T11:00:00+00:00,2026-05-10T16:15:00+00:00,1,80836.7,80591.55379295975,81449.56551760061,81449.36551760061,245.14620704024412,2.499184160332693,0.3309985242622154,2.1681856360704774,True,TARGET,63,196.1169656321953,25.75782809867316,63.03425201322625,20.78937833807353,12.695568301267672,0.7729115816627974,0.2397081759603943,1.3640003935322698,0.9011090573013182,4.350465026060614,1.242464472451239,0.3196685087110198,0.8627855856321162,0.0024260942226864758,19.0,2026-05,v10_historical_test,True
60m_short_frozen_adx_decay_minus4_rr2_5,V10.6冻结空头·趋势持续性+ADX衰减≥-4 RR2.5,short_frozen_adx_decay_minus4,SHORT,60m_short_frozen_adx_decay_minus4_rr2_5,V10.6冻结空头·趋势持续性+ADX衰减≥-4 RR2.5,2.5,1.25,48,2020-02-28T17:00:00+00:00,2020-02-28T17:00:00+00:00,2020-02-28T22:45:00+00:00,-1,8648.58,8779.734997964928,8320.69250508768,8779.934997964929,131.15499796492804,-1.0015249132942248,0.06644243554723496,-1.0679673488414598,False,STOP,69,104.92399837194243,34.81201477365073,41.560647041642305,14.116294155279975,23.647635784491303,1.1901020189821205,-0.13609801926939624,0.9171721409092747,0.9139605611694259,4.488963509857526,-1.220414868275455,-0.5251839934209548,0.6728404771978558,0.012131667089301997,13.0,2020-02,backcast_2020_2021,True
60m_short_frozen_adx_decay_minus4_rr2_5,V10.6冻结空头·趋势持续性+ADX衰减≥-4 RR2.5,short_frozen_adx_decay_minus4,SHORT,60m_short_frozen_adx_decay_minus4_rr2_5,V10.6冻结空头·趋势持续性+ADX衰减≥-4 RR2.5,2.5,1.25,48,2020-03-01T05:00:00+00:00,2020-03-01T05:00:00+00:00,2020-03-01T12:05:00+00:00,-1,8587.99,8681.316242983752,8354.674392540619,8681.516242983753,93.32624298375244,-1.0021430199438697,0.09252224074845847,-1.0946652606923282,False,STOP,85,74.66099438700195,26.574455978197996,43.178058209417834,11.212012724767735,23.33746553516534,0.7971438074257958,-0.11208052591002142,1.302915149639874,0.7191299648743728,3.4146344030529563,0.23287716005544823,-0.3646070818902054,0.7007944570224539,0.00869341893745176,19.0,2020-03,backcast_2020_2021,True
60m_short_frozen_adx_decay_minus4_rr2_5,V10.6冻结空头·趋势持续性+ADX衰减≥-4 RR2.5,short_frozen_adx_decay_minus4,SHORT,60m_short_frozen_adx_decay_minus4_rr2_5,V10.6冻结空头·趋势持续性+ADX衰减≥-4 RR2.5,2.5,1.25,48,2020-03-23T12:00:00+00:00,2020-03-23T12:00:00+00:00,2020-03-23T12:15:00+00:00,-1,5838.46,5999.657332510804,5435.466668722991,5999.857332510804,161.19733251080356,-1.0012407153200666,0.03671995419563594,-1.0379606695157026,False,STOP,3,128.95786600864284,28.628159027140722,42.39341799963598,15.530737349125875,23.624057735042665,0.7638151195907024,-0.22451986722086423,1.0399194874991378,0.7208674304419008,3.6905077195376634,0.3931750300767263,-0.37133210776722636,0.5618141908170232,0.022085948577498685,19.0,2020-03,backcast_2020_2021,True
60m_short_frozen_adx_decay_minus4_rr2_5,V10.6冻结空头·趋势持续性+ADX衰减≥-4 RR2.5,short_frozen_adx_decay_minus4,SHORT,60m_short_frozen_adx_decay_minus4_rr2_5,V10.6冻结空头·趋势持续性+ADX衰减≥-4 RR2.5,2.5,1.25,48,2020-03-29T12:00:00+00:00,2020-03-29T12:00:00+00:00,2020-03-29T19:35:00+00:00,-1,6135.88,6227.7555395199,5906.191151200252,5906.391151200251,91.87553951989955,2.497823142034917,0.06553578468288607,2.432287357352031,True,TARGET,91,73.50043161591964,39.94702315452657,41.99570906689913,14.309384676428838,23.67157871751295,1.4904249063733233,-0.23973280375830006,1.081661857799687,0.8536206896551761,3.891133612582141,-1.631277726730083,-0.5733409965089336,0.6059714302935907,0.011979553648676738,37.0,2020-03,backcast_2020_2021,True
60m_short_frozen_adx_decay_minus4_rr2_5,V10.6冻结空头·趋势持续性+ADX衰减≥-4 RR2.5,short_frozen_adx_decay_minus4,SHORT,60m_short_frozen_adx_decay_minus4_rr2_5,V10.6冻结空头·趋势持续性+ADX衰减≥-4 RR2.5,2.5,1.25,48,2020-07-03T17:00:00+00:00,2020-07-03T17:00:00+00:00,2020-07-04T17:35:00+00:00,-1,9087.98,9133.523944563252,8974.120138591868,9133.723944563253,45.54394456325261,-1.0043913631530788,0.200045298220233,-1.2044366613733117,False,STOP,295,36.435155650602084,26.88535250251151,43.971605870090876,18.589665182110018,24.123960920847285,0.7412393155417113,-0.1000090488550404,1.0230106788059614,0.7449563384522864,3.1271994853716967,-2.575955754658576,-0.2561345600357076,0.3685855863507635,0.004009035354468522,24.0,2020-07,backcast_2020_2021,True
60m_short_frozen_adx_decay_minus4_rr2_5,V10.6冻结空头·趋势持续性+ADX衰减≥-4 RR2.5,short_frozen_adx_decay_minus4,SHORT,60m_short_frozen_adx_decay_minus4_rr2_5,V10.6冻结空头·趋势持续性+ADX衰减≥-4 RR2.5,2.5,1.25,48,2021-01-13T05:00:00+00:00,2021-01-13T05:00:00+00:00,2021-01-13T07:30:00+00:00,-1,33219.15,34642.110773801614,29661.748065495965,34642.31077380161,1422.9607738016146,-1.0001405520121691,0.023845162151765218,-1.0239857141639344,False,STOP,30,1138.3686190412916,23.24059708162994,43.10117920149462,16.5582008337333,21.401825154426533,0.7711271296237561,-0.20850682554683214,0.8379265037576726,0.8923092138609782,3.627998814196225,-1.2833216117225454,-0.38629044611097985,0.7336842844420972,0.0342682491296122,9.0,2021-01,backcast_2020_2021,True
60m_short_frozen_adx_decay_minus4_rr2_5,V10.6冻结空头·趋势持续性+ADX衰减≥-4 RR2.5,short_frozen_adx_decay_minus4,SHORT,60m_short_frozen_adx_decay_minus4_rr2_5,V10.6冻结空头·趋势持续性+ADX衰减≥-4 RR2.5,2.5,1.25,48,2021-04-20T10:00:00+00:00,2021-04-20T10:00:00+00:00,2021-04-20T10:40:00+00:00,-1,54929.79,56084.793523614106,52042.281190964735,56084.9935236141,1155.0035236141052,-1.0001731596448908,0.048058201232252226,-1.048231360877143,False,STOP,8,924.0028188912842,34.551057489258625,46.12527793797167,17.534886047489195,27.092376786746723,1.0253987994970797,-0.12042410857745055,0.9120762154450338,0.8060578931662135,3.705811205325858,-1.2043047593734357,-0.40103254691781354,0.29791845129565775,0.016821466508658553,11.0,2021-04,backcast_2020_2021,True
60m_short_frozen_adx_decay_minus4_rr2_5,V10.6冻结空头·趋势持续性+ADX衰减≥-4 RR2.5,short_frozen_adx_decay_minus4,SHORT,60m_short_frozen_adx_decay_minus4_rr2_5,V10.6冻结空头·趋势持续性+ADX衰减≥-4 RR2.5,2.5,1.25,48,2021-07-05T21:00:00+00:00,2021-07-05T21:00:00+00:00,2021-07-06T04:10:00+00:00,-1,33826.71000000001,34280.79993058898,32691.48517352757,34280.99993058898,454.0899305889752,-1.0004404413895251,0.07499363599876592,-1.075434077388291,False,STOP,86,363.2719444711802,35.04520535665646,41.46347718133487,17.68480788950377,33.37898380798371,0.7833283865541536,-0.1208549773625725,0.8826955300534804,0.7182326621924002,6.192468298851713,-1.9834135103076704,-0.41971116276261095,0.7018862889862354,0.010738810494611119,11.0,2021-07,backcast_2020_2021,True
60m_short_frozen_adx_decay_minus4_rr2_5,V10.6冻结空头·趋势持续性+ADX衰减≥-4 RR2.5,short_frozen_adx_decay_minus4,SHORT,60m_short_frozen_adx_decay_minus4_rr2_5,V10.6冻结空头·趋势持续性+ADX衰减≥-4 RR2.5,2.5,1.25,48,2021-07-16T01:00:00+00:00,2021-07-16T01:00:00+00:00,2021-07-16T02:15:00+00:00,-1,31629.8,32027.07608097059,30636.60979757352,32027.27608097059,397.2760809705919,-1.0005034282444358,0.0801169251436544,-1.0806203533880903,False,STOP,15,317.8208647764735,29.916857507505572,40.48082207834136,12.880967612199111,21.825574186998228,1.1234877594217207,-0.13968469879836698,0.8361637970967583,0.792159206048167,4.8299535056630845,-0.6178569106348846,-0.45799665452746396,0.7597183187861026,0.010048082983764575,21.0,2021-07,backcast_2020_2021,True
60m_short_frozen_adx_decay_minus4_rr2_5,V10.6冻结空头·趋势持续性+ADX衰减≥-4 RR2.5,short_frozen_adx_decay_minus4,SHORT,60m_short_frozen_adx_decay_minus4_rr2_5,V10.6冻结空头·趋势持续性+ADX衰减≥-4 RR2.5,2.5,1.25,48,2021-07-20T01:00:00+00:00,2021-07-20T01:00:00+00:00,2021-07-20T03:20:00+00:00,-1,30787.82,31113.361154474926,29973.96711381269,29974.16711381269,325.5411544749242,2.4993856383524697,0.093324586275148,2.406061052077322,True,TARGET,28,260.43292357993937,27.16841831478644,39.24183129883055,15.22471797795396,21.093193512019276,1.192427029908658,-0.2003868648705432,0.8917112451772501,0.8316507936507973,5.879556159611254,-1.0096164458607184,-0.5197497074568005,0.6682114001633364,0.008458901838797071,17.0,2021-07,backcast_2020_2021,True
60m_short_frozen_adx_decay_minus4_rr2_5,V10.6冻结空头·趋势持续性+ADX衰减≥-4 RR2.5,short_frozen_adx_decay_minus4,SHORT,60m_short_frozen_adx_decay_minus4_rr2_5,V10.6冻结空头·趋势持续性+ADX衰减≥-4 RR2.5,2.5,1.25,48,2021-08-02T08:00:00+00:00,2021-08-02T08:00:00+00:00,2021-08-03T03:40:00+00:00,-1,40097.270000000004,40711.12764634097,38562.625884147594,38562.82588414759,613.8576463409652,2.499674191563481,0.06407030714125544,2.435603884422225,True,TARGET,236,491.08611707277214,39.08019124408962,40.21738724329252,14.821272075160302,26.45419315526279,0.6950754802669,-0.28373649192968897,0.9230765722718538,0.7778000000000045,5.315564641818553,0.4544353234824001,-0.4877178233457781,0.679943521107615,0.012246539639355824,8.0,2021-08,backcast_2020_2021,True
60m_short_frozen_adx_decay_minus4_rr2_5,V10.6冻结空头·趋势持续性+ADX衰减≥-4 RR2.5,short_frozen_adx_decay_minus4,SHORT,60m_short_frozen_adx_decay_minus4_rr2_5,V10.6冻结空头·趋势持续性+ADX衰减≥-4 RR2.5,2.5,1.25,48,2021-08-19T11:00:00+00:00,2021-08-19T11:00:00+00:00,2021-08-19T13:55:00+00:00,-1,44386.8,44966.688445242115,42937.07888689472,44966.88844524211,579.8884452421119,-1.0003448939216462,0.07704386005478663,-1.0773887539764329,False,STOP,35,463.9107561936895,24.320800413612986,41.840907450183686,17.325095816294258,25.7247450869026,0.9262235252981894,-0.10623184438214646,0.8509395382927193,0.9499146500652772,4.551780642737179,-2.4257940024851052,-0.362119554557916,0.7852889911924309,0.010451502933487707,16.0,2021-08,backcast_2020_2021,True
60m_short_frozen_adx_decay_minus4_rr2_5,V10.6冻结空头·趋势持续性+ADX衰减≥-4 RR2.5,short_frozen_adx_decay_minus4,SHORT,60m_short_frozen_adx_decay_minus4_rr2_5,V10.6冻结空头·趋势持续性+ADX衰减≥-4 RR2.5,2.5,1.25,48,2022-01-18T08:00:00+00:00,2022-01-18T08:00:00+00:00,2022-01-18T21:55:00+00:00,-1,42039.8,42410.30074284717,41113.548142882086,42410.500742847165,370.50074284716794,-1.0005398099838008,0.11396778869304863,-1.1145075986768493,False,STOP,167,296.40059427773434,34.932650361440146,41.3629858440122,14.67266294436267,26.727283039789135,0.9311630964754902,-0.15701326775136498,0.9292495447721946,0.698166609012857,4.395470269466554,-1.7216624888026217,-0.3801126024423018,0.6953896297783931,0.007050442299660665,31.0,2022-01,backcast_2022,True
60m_short_frozen_adx_decay_minus4_rr2_5,V10.6冻结空头·趋势持续性+ADX衰减≥-4 RR2.5,short_frozen_adx_decay_minus4,SHORT,60m_short_frozen_adx_decay_minus4_rr2_5,V10.6冻结空头·趋势持续性+ADX衰减≥-4 RR2.5,2.5,1.25,48,2022-02-03T17:00:00+00:00,2022-02-03T17:00:00+00:00,2022-02-04T00:00:00+00:00,-1,36668.37,37113.83713828347,35554.70215429135,37114.037138283464,445.4671382834624,-1.0004489668997119,0.08281464646594626,-1.0832636133656581,False,STOP,84,356.37371062676993,39.100787288199896,41.51421879118955,13.75782531439785,19.79767055022242,1.325019118514751,-0.2229358130892378,1.0458590382876563,0.9993051212563341,4.000575680772178,-2.3062676783594185,-0.5414659893034665,0.6809868385576867,0.009718778524135791,25.0,2022-02,backcast_2022,True
60m_short_frozen_adx_decay_minus4_rr2_5,V10.6冻结空头·趋势持续性+ADX衰减≥-4 RR2.5,short_frozen_adx_decay_minus4,SHORT,60m_short_frozen_adx_decay_minus4_rr2_5,V10.6冻结空头·趋势持续性+ADX衰减≥-4 RR2.5,2.5,1.25,48,2022-04-18T14:00:00+00:00,2022-04-18T14:00:00+00:00,2022-04-18T17:10:00+00:00,-1,39312.100000000006,39683.14705611084,38384.48235972291,39683.34705611084,371.04705611083875,-1.0005390151914757,0.10644936505373245,-1.106988380245208,False,STOP,38,296.837644888671,37.51627015122088,43.58190193317215,20.747520340102017,28.854367511824844,1.344599004680821,-0.20995784786504346,2.0976587200581664,0.7524856096284687,6.642014697089565,-1.777733189477253,-0.6706768747611853,0.3190741508209967,0.007550738313831538,22.0,2022-04,backcast_2022,True
60m_short_frozen_adx_decay_minus4_rr2_5,V10.6冻结空头·趋势持续性+ADX衰减≥-4 RR2.5,short_frozen_adx_decay_minus4,SHORT,60m_short_frozen_adx_decay_minus4_rr2_5,V10.6冻结空头·趋势持续性+ADX衰减≥-4 RR2.5,2.5,1.25,48,2022-05-12T12:00:00+00:00,2022-05-12T12:00:00+00:00,2022-05-12T15:10:00+00:00,-1,28460.3,29755.135762422095,25223.210593944757,29755.335762422095,1294.8357624220964,-1.0001544597437018,0.02247993044829291,-1.0226343901919948,False,STOP,38,1035.868609937677,31.557341747289534,44.65263796312687,17.27876988525379,21.787801720242104,1.120687278199483,-0.13759373792230475,0.9283310279742232,0.8386929460580913,5.0285334935609205,-3.032614973960605,-0.48496356361444765,0.3136649465157938,0.03639671158053011,20.0,2022-05,backcast_2022,True
60m_short_frozen_adx_decay_minus4_rr2_5,V10.6冻结空头·趋势持续性+ADX衰减≥-4 RR2.5,short_frozen_adx_decay_minus4,SHORT,60m_short_frozen_adx_decay_minus4_rr2_5,V10.6冻结空头·趋势持续性+ADX衰减≥-4 RR2.5,2.5,1.25,48,2022-05-24T17:00:00+00:00,2022-05-24T17:00:00+00:00,2022-05-24T23:10:00+00:00,-1,29319.7,29691.346563455092,28390.583591362276,29691.546563455093,371.6465634550906,-1.000538145699888,0.07939162145728539,-1.0799297671571735,False,STOP,74,297.31725076407247,37.646317220771394,46.74549127635442,18.950991662664375,26.395517020229885,0.7203635293456548,-0.10518301060867778,1.6124079708113335,0.7311018131101874,3.4791119497496625,-1.9967927014554547,-0.32538444945329903,0.0965343808102014,0.010140493822061286,19.0,2022-05,backcast_2022,True
60m_short_frozen_adx_decay_minus4_rr2_5,V10.6冻结空头·趋势持续性+ADX衰减≥-4 RR2.5,short_frozen_adx_decay_minus4,SHORT,60m_short_frozen_adx_decay_minus4_rr2_5,V10.6冻结空头·趋势持续性+ADX衰减≥-4 RR2.5,2.5,1.25,48,2022-07-12T16:00:00+00:00,2022-07-12T16:00:00+00:00,2022-07-12T19:45:00+00:00,-1,19876.7,20113.42311279704,19284.892218007404,19285.092218007405,236.7231127970391,2.4991551310827287,0.0827164524732822,2.4164386786094463,True,TARGET,45,189.3784902376313,31.30807950228749,43.2417347983872,17.21179366063107,23.24169009980432,1.910427076386337,-0.1526808819458188,0.9283465433972437,0.7957597173144774,5.430394965708968,-3.473107508570614,-0.7109338835177758,0.3326921608741818,0.009527566684826672,55.0,2022-07,backcast_2022,True
60m_short_frozen_adx_decay_minus4_rr2_5,V10.6冻结空头·趋势持续性+ADX衰减≥-4 RR2.5,short_frozen_adx_decay_minus4,SHORT,60m_short_frozen_adx_decay_minus4_rr2_5,V10.6冻结空头·趋势持续性+ADX衰减≥-4 RR2.5,2.5,1.25,48,2022-08-29T05:00:00+00:00,2022-08-29T05:00:00+00:00,2022-08-29T12:30:00+00:00,-1,19795.8,19981.087694178354,19332.580764554117,19981.287694178354,185.28769417835252,-1.0010794024983114,0.10733871958029248,-1.1084181220786038,False,STOP,90,148.23015534268202,31.233707340578373,43.27787529649709,18.370660968745206,22.647303442947315,1.509843659175311,-0.14922078046727694,1.03811875115197,0.8429118773946438,4.263639868277323,-3.304968276115499,-0.6907341792120556,0.4690310401202534,0.007487884185829563,62.0,2022-08,backcast_2022,True
60m_short_frozen_adx_decay_minus4_rr2_5,V10.6冻结空头·趋势持续性+ADX衰减≥-4 RR2.5,short_frozen_adx_decay_minus4,SHORT,60m_short_frozen_adx_decay_minus4_rr2_5,V10.6冻结空头·趋势持续性+ADX衰减≥-4 RR2.5,2.5,1.25,48,2022-10-10T14:00:00+00:00,2022-10-10T14:00:00+00:00,2022-10-10T22:10:00+00:00,-1,19308.0,19429.95480525389,19003.112986865282,19003.312986865283,121.95480525388757,2.4983600482196193,0.15707176485218496,2.3412882833674344,True,TARGET,98,97.56384420311005,32.692728513666836,43.277388665044484,11.790322731885897,25.3941026197824,0.666876855982888,-0.13838287881115838,1.9818347242672998,0.8474930362117128,4.266949538533342,1.850813448174172,-0.3841672975376801,0.7873701354170766,0.005052948431664624,10.0,2022-10,backcast_2022,True
60m_short_frozen_adx_decay_minus4_rr2_5,V10.6冻结空头·趋势持续性+ADX衰减≥-4 RR2.5,short_frozen_adx_decay_minus4,SHORT,60m_short_frozen_adx_decay_minus4_rr2_5,V10.6冻结空头·趋势持续性+ADX衰减≥-4 RR2.5,2.5,1.25,48,2023-02-09T15:00:00+00:00,2023-02-09T15:00:00+00:00,2023-02-09T19:25:00+00:00,-1,22685.7,22855.089896955928,22262.225257610182,22262.425257610183,169.38989695592713,2.4988192920381094,0.13267652340949548,2.366142768628614,True,TARGET,53,135.5119175647417,40.16007870986782,41.513785486746784,13.371332297305017,27.572461183154907,0.8922917614077787,-0.16031466857416002,1.5929608493703276,0.8831615120275029,5.082947775946896,1.0044107786137175,-0.3745519157096913,0.6239339758324465,0.0059734246782014175,21.0,2023-02,backcast_2023_2024,True
60m_short_frozen_adx_decay_minus4_rr2_5,V10.6冻结空头·趋势持续性+ADX衰减≥-4 RR2.5,short_frozen_adx_decay_minus4,SHORT,60m_short_frozen_adx_decay_minus4_rr2_5,V10.6冻结空头·趋势持续性+ADX衰减≥-4 RR2.5,2.5,1.25,48,2023-10-09T19:00:00+00:00,2023-10-09T19:00:00+00:00,2023-10-11T02:35:00+00:00,-1,27554.8,27735.783997921793,27102.34000519551,27102.54000519551,180.98399792179498,2.4988949299258723,0.15100047692838983,2.3478944529974823,True,TARGET,379,144.787198337436,37.248614300944126,41.99130151418381,15.091947943341726,26.99165268826773,0.7643797153013814,-0.2799376393528502,1.8445130092243582,0.9782838983050731,5.021162149333667,3.088192759943894,-0.4632568276110731,0.5228776271676289,0.00525449913944293,10.0,2023-10,backcast_2023_2024,True
60m_short_frozen_adx_decay_minus4_rr2_5,V10.6冻结空头·趋势持续性+ADX衰减≥-4 RR2.5,short_frozen_adx_decay_minus4,SHORT,60m_short_frozen_adx_decay_minus4_rr2_5,V10.6冻结空头·趋势持续性+ADX衰减≥-4 RR2.5,2.5,1.25,48,2024-01-13T17:00:00+00:00,2024-01-13T17:00:00+00:00,2024-01-15T17:00:00+00:00,-1,42899.0,43419.06453008288,41598.83867479281,42525.2,520.0645300828771,0.7187569587574727,0.08212846200680794,0.6366284967506648,True,TIME_EXIT,576,416.0516240663017,44.20324510657306,39.62325728041473,16.028412391885748,29.450518262176985,2.292476884668905,-0.1628713474975521,0.9284786679579266,0.6712204007285975,6.321330930752201,-2.962191683623054,-0.8349632810392136,0.6488308996291734,0.009698376517602974,32.0,2024-01,backcast_2023_2024,True
60m_short_frozen_adx_decay_minus4_rr2_5,V10.6冻结空头·趋势持续性+ADX衰减≥-4 RR2.5,short_frozen_adx_decay_minus4,SHORT,60m_short_frozen_adx_decay_minus4_rr2_5,V10.6冻结空头·趋势持续性+ADX衰减≥-4 RR2.5,2.5,1.25,48,2024-03-20T09:00:00+00:00,2024-03-20T09:00:00+00:00,2024-03-20T12:20:00+00:00,-1,62737.3,64096.383993897834,59339.59001525543,64096.58399389783,1359.0839938978293,-1.0001471579393897,0.04666153253344573,-1.0468086904728353,False,STOP,40,1087.2671951182633,30.16058137266312,44.554513127258645,18.618993906010445,23.819299518561923,1.3531581402378314,-0.1858546743482824,0.827339309170078,0.9824203421754872,4.601260869878303,-2.3454442370084756,-0.6092708567282066,0.3503833305241784,0.017330391904029855,14.0,2024-03,backcast_2023_2024,True
60m_short_frozen_adx_decay_minus4_rr2_5,V10.6冻结空头·趋势持续性+ADX衰减≥-4 RR2.5,short_frozen_adx_decay_minus4,SHORT,60m_short_frozen_adx_decay_minus4_rr2_5,V10.6冻结空头·趋势持续性+ADX衰减≥-4 RR2.5,2.5,1.25,48,2024-08-30T08:00:00+00:00,2024-08-30T08:00:00+00:00,2024-08-30T12:35:00+00:00,-1,59235.8,59813.46073904842,57791.648152378955,59813.66073904842,577.6607390484176,-1.0003462239797178,0.10304444520079294,-1.1033906691805109,False,STOP,55,462.1285912387341,31.38721125699148,46.61212079221885,19.258821121066397,28.397283209677862,0.8625047068940414,-0.17592658891867027,0.9032630367678703,0.8997206703910574,5.3987137937352685,-0.4044368073859488,-0.3937614262789164,0.2622154293776914,0.00780149522905424,13.0,2024-08,backcast_2023_2024,True
60m_short_frozen_adx_decay_minus4_rr2_5,V10.6冻结空头·趋势持续性+ADX衰减≥-4 RR2.5,short_frozen_adx_decay_minus4,SHORT,60m_short_frozen_adx_decay_minus4_rr2_5,V10.6冻结空头·趋势持续性+ADX衰减≥-4 RR2.5,2.5,1.25,48,2024-09-01T17:00:00+00:00,2024-09-01T17:00:00+00:00,2024-09-01T18:30:00+00:00,-1,58099.700000000004,58588.437274099786,56877.85681475054,58588.63727409978,488.73727409978363,-1.0004092178161845,0.11937736638670614,-1.1197865842028907,False,STOP,18,390.9898192798269,41.16909205002259,43.15185264294437,9.193850354492982,29.14275638982688,0.9773524633245866,-0.24166940523836267,0.8515089824812434,0.7973903588256572,5.0755797264882645,3.818752096559507,-0.43562205756092937,0.5673712709965464,0.00672961260311682,28.0,2024-09,backcast_2023_2024,True
60m_short_frozen_adx_decay_minus4_rr2_5,V10.6冻结空头·趋势持续性+ADX衰减≥-4 RR2.5,short_frozen_adx_decay_minus4,SHORT,60m_short_frozen_adx_decay_minus4_rr2_5,V10.6冻结空头·趋势持续性+ADX衰减≥-4 RR2.5,2.5,1.25,48,2024-11-02T18:00:00+00:00,2024-11-02T18:00:00+00:00,2024-11-03T02:25:00+00:00,-1,69400.8,69833.41309447029,68319.26726382427,68319.46726382426,432.61309447029197,2.4995376931430275,0.1591725597585693,2.3403651333844584,True,TARGET,101,346.0904755762336,26.27366954404564,44.00536609609683,15.56757322633771,26.345796856900158,1.0810139705040651,-0.10561128620822786,0.8248951934634643,0.7443609022556391,3.0535367904605075,0.6429042042865767,-0.4124881110740858,0.47212476974285644,0.004986822604519151,9.0,2024-11,backcast_2023_2024,True
60m_short_frozen_adx_decay_minus4_rr2_5,V10.6冻结空头·趋势持续性+ADX衰减≥-4 RR2.5,short_frozen_adx_decay_minus4,SHORT,60m_short_frozen_adx_decay_minus4_rr2_5,V10.6冻结空头·趋势持续性+ADX衰减≥-4 RR2.5,2.5,1.25,48,2025-03-31T08:00:00+00:00,2025-03-31T08:00:00+00:00,2025-03-31T12:55:00+00:00,-1,81894.90000000001,82565.53865597442,80218.30336006398,82565.73865597442,670.6386559744122,-1.0002982231910083,0.12261494113921856,-1.1229131643302268,False,STOP,59,536.5109247795298,40.88660470367546,42.18778066667173,9.70785333323198,24.242480529063414,1.156243705809618,-0.14048642473576262,0.9005760697195251,0.6556711942141488,3.919771066850489,-0.18365534449736032,-0.4871725995195164,0.6097116872975358,0.006551188894825702,19.0,2025-03,v10_development,True
60m_short_frozen_adx_decay_minus4_rr2_5,V10.6冻结空头·趋势持续性+ADX衰减≥-4 RR2.5,short_frozen_adx_decay_minus4,SHORT,60m_short_frozen_adx_decay_minus4_rr2_5,V10.6冻结空头·趋势持续性+ADX衰减≥-4 RR2.5,2.5,1.25,48,2025-05-30T14:00:00+00:00,2025-05-30T14:00:00+00:00,2025-05-31T02:00:00+00:00,-1,105450.6,106280.39012611045,103376.12468472392,103376.32468472392,829.7901261104347,2.4997589751990192,0.1258311699029133,2.373927805296106,True,TARGET,144,663.8321008883478,44.69593405087126,40.71496712928065,11.289510428421138,29.812293343030408,1.2800723191304306,-0.15984157817924835,1.016441611579888,0.7900481540930933,3.5084172592486946,-0.5520683004807267,-0.48664779192145563,0.7170411133553792,0.006295183164929501,24.0,2025-05,v10_development,True
60m_short_frozen_adx_decay_minus4_rr2_5,V10.6冻结空头·趋势持续性+ADX衰减≥-4 RR2.5,short_frozen_adx_decay_minus4,SHORT,60m_short_frozen_adx_decay_minus4_rr2_5,V10.6冻结空头·趋势持续性+ADX衰减≥-4 RR2.5,2.5,1.25,48,2025-06-22T02:00:00+00:00,2025-06-22T02:00:00+00:00,2025-06-22T13:45:00+00:00,-1,102359.8,103202.19381342157,100253.81546644609,100254.01546644609,842.393813421566,2.499762581352318,0.12026074517539839,2.3795018361769196,True,TARGET,141,673.9150507372528,35.6293671319201,42.35131668797189,15.866767949494127,29.452264572427524,0.9599740141872538,-0.22331196906410378,1.253549630050199,0.7831527347781134,4.675218332864348,1.7309376679499593,-0.5272652948117235,0.7370076796172326,0.006583767021888927,13.0,2025-06,v10_development,True
60m_short_frozen_adx_decay_minus4_rr2_5,V10.6冻结空头·趋势持续性+ADX衰减≥-4 RR2.5,short_frozen_adx_decay_minus4,SHORT,60m_short_frozen_adx_decay_minus4_rr2_5,V10.6冻结空头·趋势持续性+ADX衰减≥-4 RR2.5,2.5,1.25,48,2025-08-01T17:00:00+00:00,2025-08-01T17:00:00+00:00,2025-08-02T18:35:00+00:00,-1,114962.0,116040.371412183,112266.0714695425,112266.2714695425,1078.3714121830012,2.4998145351427734,0.10535714731604065,2.3944573878267326,True,TARGET,307,862.697129746401,38.217766616958166,42.25000536492579,10.65622573717935,24.638096114825885,1.0794809450950686,-0.12177882922005405,0.9448290469275814,0.782559711581795,3.5431901818179767,0.66310406758722,-0.41410851052026904,0.6911892409783134,0.007504180763297857,22.0,2025-08,v10_development,True
60m_short_frozen_adx_decay_minus4_rr2_5,V10.6冻结空头·趋势持续性+ADX衰减≥-4 RR2.5,short_frozen_adx_decay_minus4,SHORT,60m_short_frozen_adx_decay_minus4_rr2_5,V10.6冻结空头·趋势持续性+ADX衰减≥-4 RR2.5,2.5,1.25,48,2025-10-14T17:00:00+00:00,2025-10-14T17:00:00+00:00,2025-10-14T22:05:00+00:00,-1,112252.90000000001,113498.34710251805,109139.28224370492,113498.54710251804,1245.4471025180333,-1.0001605849012765,0.09063068461362024,-1.0907912695148967,False,STOP,61,996.3576820144267,36.65484352411803,46.03108091820152,18.37695468743905,25.804495272987317,0.8274192398629533,-0.10123214417465162,1.6312525596148344,0.8663484486873408,6.037390094527213,-2.496451258728044,-0.4587685747019128,0.21244181927281022,0.008875992574052981,12.0,2025-10,v10_validation,True
60m_short_frozen_adx_decay_minus4_rr2_5,V10.6冻结空头·趋势持续性+ADX衰减≥-4 RR2.5,short_frozen_adx_decay_minus4,SHORT,60m_short_frozen_adx_decay_minus4_rr2_5,V10.6冻结空头·趋势持续性+ADX衰减≥-4 RR2.5,2.5,1.25,48,2026-01-25T15:00:00+00:00,2026-01-25T15:00:00+00:00,2026-01-25T16:20:00+00:00,-1,88665.90000000001,89006.27793960497,87814.95515098759,87815.15515098759,340.3779396049656,2.4994124178546246,0.25924279252028964,2.240169625334335,True,TARGET,16,272.30235168397246,40.83144467069321,41.82982336228956,13.085766501193058,28.26678598436736,1.1236726502069665,-0.1506928545673916,1.7861215516405797,0.7300094073377003,4.995917191265544,0.09623136757169704,-0.5405942104661767,0.7801213021229134,0.003071098781653557,31.0,2026-01,v10_validation,True
60m_short_frozen_adx_decay_minus4_rr2_5,V10.6冻结空头·趋势持续性+ADX衰减≥-4 RR2.5,short_frozen_adx_decay_minus4,SHORT,60m_short_frozen_adx_decay_minus4_rr2_5,V10.6冻结空头·趋势持续性+ADX衰减≥-4 RR2.5,2.5,1.25,48,2026-02-23T11:00:00+00:00,2026-02-23T11:00:00+00:00,2026-02-23T17:20:00+00:00,-1,66291.0,66901.7322603205,64764.16934919875,64764.36934919875,610.7322603204982,2.4996725242581896,0.10729363574180928,2.3923788885163804,True,TARGET,76,488.5858082563986,32.61390418265016,47.0868916929768,25.610125012344486,30.773233604994722,1.3751378747745802,-0.1318198800067141,0.8090861113421967,0.7227748023463146,7.301071663808975,-3.9020189779840564,-0.6240145855510891,0.032151542966873156,0.007370307752570082,18.0,2026-02,v10_validation,True
60m_short_frozen_adx_decay_minus4_rr2_5,V10.6冻结空头·趋势持续性+ADX衰减≥-4 RR2.5,short_frozen_adx_decay_minus4,SHORT,60m_short_frozen_adx_decay_minus4_rr2_5,V10.6冻结空头·趋势持续性+ADX衰减≥-4 RR2.5,2.5,1.25,48,2026-03-23T04:00:00+00:00,2026-03-23T04:00:00+00:00,2026-03-23T05:05:00+00:00,-1,68045.0,68679.59456400404,66458.51358998989,68679.79456400404,634.5945640040454,-1.00031516185505,0.10772609971737204,-1.1080412615724222,False,STOP,13,507.6756512032364,43.93953885614242,40.45880697057333,12.38354485745813,25.054897141965764,1.3967645200302157,-0.22770648036605082,0.8740758467406516,0.957778194783261,3.780760403716124,0.16923675753701417,-0.5956055687478792,0.7051565307568318,0.007460870087680617,36.0,2026-03,v10_validation,True
