expert_id,expert,rank,policy_key,aggregate_score,eligible,elimination_reasons,monthly_target,min_probability,min_percentile,cooldown,risk_rr,risk_sl_atr,risk_min_stop_pct,risk_max_hold,risk_breakeven_trigger,risk_breakeven_lock,risk_early_bars,risk_early_cut_r,model_max_depth,model_learning_rate,model_max_iter,model_l2_regularization,model_min_samples_leaf,2025-12_trades,2025-12_wins,2025-12_win_rate,2025-12_avg_win_R,2025-12_avg_loss_R,2025-12_avg_win_loss_ratio,2025-12_profit_factor,2025-12_net_R,2025-12_max_drawdown_R,2025-12_expectancy_R,2025-12_funnel_model_available,2025-12_funnel_training_candidates,2025-12_funnel_calibration_month,2025-12_funnel_calibration_candidates,2025-12_funnel_calibration_base_rate,2025-12_funnel_calibration_brier,2025-12_funnel_raw_structural_candidates,2025-12_funnel_probability_threshold,2025-12_funnel_quantile,2025-12_funnel_score_drift,2025-12_funnel_raw_eval_after_probability,2025-12_funnel_capped_eval_candidates,2025-12_funnel_after_cooldown,2026-01_trades,2026-01_wins,2026-01_win_rate,2026-01_avg_win_R,2026-01_avg_loss_R,2026-01_avg_win_loss_ratio,2026-01_profit_factor,2026-01_net_R,2026-01_max_drawdown_R,2026-01_expectancy_R,2026-01_funnel_model_available,2026-01_funnel_training_candidates,2026-01_funnel_calibration_month,2026-01_funnel_calibration_candidates,2026-01_funnel_calibration_base_rate,2026-01_funnel_calibration_brier,2026-01_funnel_raw_structural_candidates,2026-01_funnel_probability_threshold,2026-01_funnel_quantile,2026-01_funnel_score_drift,2026-01_funnel_raw_eval_after_probability,2026-01_funnel_capped_eval_candidates,2026-01_funnel_after_cooldown,2026-02_trades,2026-02_wins,2026-02_win_rate,2026-02_avg_win_R,2026-02_avg_loss_R,2026-02_avg_win_loss_ratio,2026-02_profit_factor,2026-02_net_R,2026-02_max_drawdown_R,2026-02_expectancy_R,2026-02_funnel_model_available,2026-02_funnel_training_candidates,2026-02_funnel_calibration_month,2026-02_funnel_calibration_candidates,2026-02_funnel_calibration_base_rate,2026-02_funnel_calibration_brier,2026-02_funnel_raw_structural_candidates,2026-02_funnel_probability_threshold,2026-02_funnel_quantile,2026-02_funnel_score_drift,2026-02_funnel_raw_eval_after_probability,2026-02_funnel_capped_eval_candidates,2026-02_funnel_after_cooldown,2026-03_trades,2026-03_wins,2026-03_win_rate,2026-03_avg_win_R,2026-03_avg_loss_R,2026-03_avg_win_loss_ratio,2026-03_profit_factor,2026-03_net_R,2026-03_max_drawdown_R,2026-03_expectancy_R,2026-03_funnel_model_available,2026-03_funnel_training_candidates,2026-03_funnel_calibration_month,2026-03_funnel_calibration_candidates,2026-03_funnel_calibration_base_rate,2026-03_funnel_calibration_brier,2026-03_funnel_raw_structural_candidates,2026-03_funnel_probability_threshold,2026-03_funnel_quantile,2026-03_funnel_score_drift,2026-03_funnel_raw_eval_after_probability,2026-03_funnel_capped_eval_candidates,2026-03_funnel_after_cooldown,2026-04_trades,2026-04_wins,2026-04_win_rate,2026-04_avg_win_R,2026-04_avg_loss_R,2026-04_avg_win_loss_ratio,2026-04_profit_factor,2026-04_net_R,2026-04_max_drawdown_R,2026-04_expectancy_R,2026-04_funnel_model_available,2026-04_funnel_training_candidates,2026-04_funnel_calibration_month,2026-04_funnel_calibration_candidates,2026-04_funnel_calibration_base_rate,2026-04_funnel_calibration_brier,2026-04_funnel_raw_structural_candidates,2026-04_funnel_probability_threshold,2026-04_funnel_quantile,2026-04_funnel_score_drift,2026-04_funnel_raw_eval_after_probability,2026-04_funnel_capped_eval_candidates,2026-04_funnel_after_cooldown,2026-05_trades,2026-05_wins,2026-05_win_rate,2026-05_avg_win_R,2026-05_avg_loss_R,2026-05_avg_win_loss_ratio,2026-05_profit_factor,2026-05_net_R,2026-05_max_drawdown_R,2026-05_expectancy_R,2026-05_funnel_model_available,2026-05_funnel_training_candidates,2026-05_funnel_calibration_month,2026-05_funnel_calibration_candidates,2026-05_funnel_calibration_base_rate,2026-05_funnel_calibration_brier,2026-05_funnel_raw_structural_candidates,2026-05_funnel_probability_threshold,2026-05_funnel_quantile,2026-05_funnel_score_drift,2026-05_funnel_raw_eval_after_probability,2026-05_funnel_capped_eval_candidates,2026-05_funnel_after_cooldown
0,趋势多头,1,39c307edcb9bfa80,-999997911.0,False,连续两个有机会开发月无交易|有效开发月份不足|开发交易样本不足,4,0.34,0.65,2,1.8,1.1,0.003,180,0.9,0.08,48,0.38,2,0.035,220,5.0,38,0,0,0.0,0.0,0.0,0.0,0.0,0.0,0.0,0.0,True,786,2025-11,231,0.2727272727272727,0.19821264708480735,353,0.34,0.65,-0.0011560043930703978,0,0,0,0,0,0.0,0.0,0.0,0.0,0.0,0.0,0.0,0.0,True,1017,2025-12,353,0.24645892351274787,0.18151628802086728,308,0.34,0.65,0.002244709395450628,10,0,0,0,0,0.0,0.0,0.0,0.0,0.0,0.0,0.0,0.0,True,1370,2026-01,308,0.24025974025974026,0.18033238777459404,187,0.34,0.65,0.004207950552923889,0,0,0,0,0,0.0,0.0,0.0,0.0,0.0,0.0,0.0,0.0,True,1678,2026-02,187,0.25133689839572193,0.1850680188382753,411,0.34,0.65,0.005073626112187091,41,0,0,0,0,0.0,0.0,0.0,0.0,0.0,0.0,0.0,0.0,True,1865,2026-03,411,0.22384428223844283,0.1736752847053957,489,0.34,0.65,0.001952814899233657,0,0,0,0,0,0.0,0.0,0.0,0.0,0.0,0.0,0.0,0.0,True,2276,2026-04,489,0.2310838445807771,0.17182483593018377,341,0.34,0.65,-0.00821738225344601,13,0,0
0,趋势多头,2,c43952719a267d97,-999997911.0,False,连续两个有机会开发月无交易|有效开发月份不足|开发交易样本不足,4,0.34,0.65,5,1.8,1.1,0.003,180,0.9,0.08,48,0.38,2,0.035,220,5.0,38,0,0,0.0,0.0,0.0,0.0,0.0,0.0,0.0,0.0,True,786,2025-11,231,0.2727272727272727,0.19821264708480735,353,0.34,0.65,-0.0011560043930703978,0,0,0,0,0,0.0,0.0,0.0,0.0,0.0,0.0,0.0,0.0,True,1017,2025-12,353,0.24645892351274787,0.18151628802086728,308,0.34,0.65,0.002244709395450628,10,0,0,0,0,0.0,0.0,0.0,0.0,0.0,0.0,0.0,0.0,True,1370,2026-01,308,0.24025974025974026,0.18033238777459404,187,0.34,0.65,0.004207950552923889,0,0,0,0,0,0.0,0.0,0.0,0.0,0.0,0.0,0.0,0.0,True,1678,2026-02,187,0.25133689839572193,0.1850680188382753,411,0.34,0.65,0.005073626112187091,41,0,0,0,0,0.0,0.0,0.0,0.0,0.0,0.0,0.0,0.0,True,1865,2026-03,411,0.22384428223844283,0.1736752847053957,489,0.34,0.65,0.001952814899233657,0,0,0,0,0,0.0,0.0,0.0,0.0,0.0,0.0,0.0,0.0,True,2276,2026-04,489,0.2310838445807771,0.17182483593018377,341,0.34,0.65,-0.00821738225344601,13,0,0
0,趋势多头,3,f1dc6211d39a1054,-999997911.0,False,连续两个有机会开发月无交易|有效开发月份不足|开发交易样本不足,4,0.34,0.65,8,1.8,1.1,0.003,180,0.9,0.08,48,0.38,2,0.035,220,5.0,38,0,0,0.0,0.0,0.0,0.0,0.0,0.0,0.0,0.0,True,786,2025-11,231,0.2727272727272727,0.19821264708480735,353,0.34,0.65,-0.0011560043930703978,0,0,0,0,0,0.0,0.0,0.0,0.0,0.0,0.0,0.0,0.0,True,1017,2025-12,353,0.24645892351274787,0.18151628802086728,308,0.34,0.65,0.002244709395450628,10,0,0,0,0,0.0,0.0,0.0,0.0,0.0,0.0,0.0,0.0,True,1370,2026-01,308,0.24025974025974026,0.18033238777459404,187,0.34,0.65,0.004207950552923889,0,0,0,0,0,0.0,0.0,0.0,0.0,0.0,0.0,0.0,0.0,True,1678,2026-02,187,0.25133689839572193,0.1850680188382753,411,0.34,0.65,0.005073626112187091,41,0,0,0,0,0.0,0.0,0.0,0.0,0.0,0.0,0.0,0.0,True,1865,2026-03,411,0.22384428223844283,0.1736752847053957,489,0.34,0.65,0.001952814899233657,0,0,0,0,0,0.0,0.0,0.0,0.0,0.0,0.0,0.0,0.0,True,2276,2026-04,489,0.2310838445807771,0.17182483593018377,341,0.34,0.65,-0.00821738225344601,13,0,0
0,趋势多头,4,32869b22c961acd3,-999997911.0,False,连续两个有机会开发月无交易|有效开发月份不足|开发交易样本不足,4,0.34,0.75,2,1.8,1.1,0.003,180,0.9,0.08,48,0.38,2,0.035,220,5.0,38,0,0,0.0,0.0,0.0,0.0,0.0,0.0,0.0,0.0,True,786,2025-11,231,0.2727272727272727,0.19821264708480735,353,0.34,0.75,-0.0011560043930703978,0,0,0,0,0,0.0,0.0,0.0,0.0,0.0,0.0,0.0,0.0,True,1017,2025-12,353,0.24645892351274787,0.18151628802086728,308,0.34,0.75,0.002244709395450628,10,0,0,0,0,0.0,0.0,0.0,0.0,0.0,0.0,0.0,0.0,True,1370,2026-01,308,0.24025974025974026,0.18033238777459404,187,0.34,0.75,0.004207950552923889,0,0,0,0,0,0.0,0.0,0.0,0.0,0.0,0.0,0.0,0.0,True,1678,2026-02,187,0.25133689839572193,0.1850680188382753,411,0.34,0.75,0.005073626112187091,41,0,0,0,0,0.0,0.0,0.0,0.0,0.0,0.0,0.0,0.0,True,1865,2026-03,411,0.22384428223844283,0.1736752847053957,489,0.34,0.75,0.001952814899233657,0,0,0,0,0,0.0,0.0,0.0,0.0,0.0,0.0,0.0,0.0,True,2276,2026-04,489,0.2310838445807771,0.17182483593018377,341,0.34,0.75,-0.00821738225344601,13,0,0
0,趋势多头,5,f95922eeba1804bf,-999997911.0,False,连续两个有机会开发月无交易|有效开发月份不足|开发交易样本不足,4,0.34,0.75,5,1.8,1.1,0.003,180,0.9,0.08,48,0.38,2,0.035,220,5.0,38,0,0,0.0,0.0,0.0,0.0,0.0,0.0,0.0,0.0,True,786,2025-11,231,0.2727272727272727,0.19821264708480735,353,0.34,0.75,-0.0011560043930703978,0,0,0,0,0,0.0,0.0,0.0,0.0,0.0,0.0,0.0,0.0,True,1017,2025-12,353,0.24645892351274787,0.18151628802086728,308,0.34,0.75,0.002244709395450628,10,0,0,0,0,0.0,0.0,0.0,0.0,0.0,0.0,0.0,0.0,True,1370,2026-01,308,0.24025974025974026,0.18033238777459404,187,0.34,0.75,0.004207950552923889,0,0,0,0,0,0.0,0.0,0.0,0.0,0.0,0.0,0.0,0.0,True,1678,2026-02,187,0.25133689839572193,0.1850680188382753,411,0.34,0.75,0.005073626112187091,41,0,0,0,0,0.0,0.0,0.0,0.0,0.0,0.0,0.0,0.0,True,1865,2026-03,411,0.22384428223844283,0.1736752847053957,489,0.34,0.75,0.001952814899233657,0,0,0,0,0,0.0,0.0,0.0,0.0,0.0,0.0,0.0,0.0,True,2276,2026-04,489,0.2310838445807771,0.17182483593018377,341,0.34,0.75,-0.00821738225344601,13,0,0
0,趋势多头,6,7ec9c49fdfb5517b,-999997911.0,False,连续两个有机会开发月无交易|有效开发月份不足|开发交易样本不足,4,0.34,0.75,8,1.8,1.1,0.003,180,0.9,0.08,48,0.38,2,0.035,220,5.0,38,0,0,0.0,0.0,0.0,0.0,0.0,0.0,0.0,0.0,True,786,2025-11,231,0.2727272727272727,0.19821264708480735,353,0.34,0.75,-0.0011560043930703978,0,0,0,0,0,0.0,0.0,0.0,0.0,0.0,0.0,0.0,0.0,True,1017,2025-12,353,0.24645892351274787,0.18151628802086728,308,0.34,0.75,0.002244709395450628,10,0,0,0,0,0.0,0.0,0.0,0.0,0.0,0.0,0.0,0.0,True,1370,2026-01,308,0.24025974025974026,0.18033238777459404,187,0.34,0.75,0.004207950552923889,0,0,0,0,0,0.0,0.0,0.0,0.0,0.0,0.0,0.0,0.0,True,1678,2026-02,187,0.25133689839572193,0.1850680188382753,411,0.34,0.75,0.005073626112187091,41,0,0,0,0,0.0,0.0,0.0,0.0,0.0,0.0,0.0,0.0,True,1865,2026-03,411,0.22384428223844283,0.1736752847053957,489,0.34,0.75,0.001952814899233657,0,0,0,0,0,0.0,0.0,0.0,0.0,0.0,0.0,0.0,0.0,True,2276,2026-04,489,0.2310838445807771,0.17182483593018377,341,0.34,0.75,-0.00821738225344601,13,0,0
0,趋势多头,7,5f79422d7ac68e17,-999997911.0,False,连续两个有机会开发月无交易|有效开发月份不足|开发交易样本不足,4,0.34,0.85,2,1.8,1.1,0.003,180,0.9,0.08,48,0.38,2,0.035,220,5.0,38,0,0,0.0,0.0,0.0,0.0,0.0,0.0,0.0,0.0,True,786,2025-11,231,0.2727272727272727,0.19821264708480735,353,0.34,0.85,-0.0011560043930703978,0,0,0,0,0,0.0,0.0,0.0,0.0,0.0,0.0,0.0,0.0,True,1017,2025-12,353,0.24645892351274787,0.18151628802086728,308,0.34,0.85,0.002244709395450628,10,0,0,0,0,0.0,0.0,0.0,0.0,0.0,0.0,0.0,0.0,True,1370,2026-01,308,0.24025974025974026,0.18033238777459404,187,0.34,0.85,0.004207950552923889,0,0,0,0,0,0.0,0.0,0.0,0.0,0.0,0.0,0.0,0.0,True,1678,2026-02,187,0.25133689839572193,0.1850680188382753,411,0.34,0.85,0.005073626112187091,41,0,0,0,0,0.0,0.0,0.0,0.0,0.0,0.0,0.0,0.0,True,1865,2026-03,411,0.22384428223844283,0.1736752847053957,489,0.34,0.85,0.001952814899233657,0,0,0,0,0,0.0,0.0,0.0,0.0,0.0,0.0,0.0,0.0,True,2276,2026-04,489,0.2310838445807771,0.17182483593018377,341,0.34,0.85,-0.00821738225344601,13,0,0
0,趋势多头,8,c7f4225584de0ae8,-999997911.0,False,连续两个有机会开发月无交易|有效开发月份不足|开发交易样本不足,4,0.34,0.85,5,1.8,1.1,0.003,180,0.9,0.08,48,0.38,2,0.035,220,5.0,38,0,0,0.0,0.0,0.0,0.0,0.0,0.0,0.0,0.0,True,786,2025-11,231,0.2727272727272727,0.19821264708480735,353,0.34,0.85,-0.0011560043930703978,0,0,0,0,0,0.0,0.0,0.0,0.0,0.0,0.0,0.0,0.0,True,1017,2025-12,353,0.24645892351274787,0.18151628802086728,308,0.34,0.85,0.002244709395450628,10,0,0,0,0,0.0,0.0,0.0,0.0,0.0,0.0,0.0,0.0,True,1370,2026-01,308,0.24025974025974026,0.18033238777459404,187,0.34,0.85,0.004207950552923889,0,0,0,0,0,0.0,0.0,0.0,0.0,0.0,0.0,0.0,0.0,True,1678,2026-02,187,0.25133689839572193,0.1850680188382753,411,0.34,0.85,0.005073626112187091,41,0,0,0,0,0.0,0.0,0.0,0.0,0.0,0.0,0.0,0.0,True,1865,2026-03,411,0.22384428223844283,0.1736752847053957,489,0.34,0.85,0.001952814899233657,0,0,0,0,0,0.0,0.0,0.0,0.0,0.0,0.0,0.0,0.0,True,2276,2026-04,489,0.2310838445807771,0.17182483593018377,341,0.34,0.85,-0.00821738225344601,13,0,0
0,趋势多头,9,f6ed1fdb03cfe5af,-999997911.0,False,连续两个有机会开发月无交易|有效开发月份不足|开发交易样本不足,4,0.34,0.85,8,1.8,1.1,0.003,180,0.9,0.08,48,0.38,2,0.035,220,5.0,38,0,0,0.0,0.0,0.0,0.0,0.0,0.0,0.0,0.0,True,786,2025-11,231,0.2727272727272727,0.19821264708480735,353,0.34,0.85,-0.0011560043930703978,0,0,0,0,0,0.0,0.0,0.0,0.0,0.0,0.0,0.0,0.0,True,1017,2025-12,353,0.24645892351274787,0.18151628802086728,308,0.34,0.85,0.002244709395450628,10,0,0,0,0,0.0,0.0,0.0,0.0,0.0,0.0,0.0,0.0,True,1370,2026-01,308,0.24025974025974026,0.18033238777459404,187,0.34,0.85,0.004207950552923889,0,0,0,0,0,0.0,0.0,0.0,0.0,0.0,0.0,0.0,0.0,True,1678,2026-02,187,0.25133689839572193,0.1850680188382753,411,0.34,0.85,0.005073626112187091,41,0,0,0,0,0.0,0.0,0.0,0.0,0.0,0.0,0.0,0.0,True,1865,2026-03,411,0.22384428223844283,0.1736752847053957,489,0.34,0.85,0.001952814899233657,0,0,0,0,0,0.0,0.0,0.0,0.0,0.0,0.0,0.0,0.0,True,2276,2026-04,489,0.2310838445807771,0.17182483593018377,341,0.34,0.85,-0.00821738225344601,13,0,0
0,趋势多头,10,0da41ff8804ad746,-999997911.0,False,连续两个有机会开发月无交易|有效开发月份不足|开发交易样本不足,4,0.38,0.65,2,1.8,1.1,0.003,180,0.9,0.08,48,0.38,2,0.035,220,5.0,38,0,0,0.0,0.0,0.0,0.0,0.0,0.0,0.0,0.0,True,786,2025-11,231,0.2727272727272727,0.19821264708480735,353,0.38,0.65,-0.0011560043930703978,0,0,0,0,0,0.0,0.0,0.0,0.0,0.0,0.0,0.0,0.0,True,1017,2025-12,353,0.24645892351274787,0.18151628802086728,308,0.38,0.65,0.002244709395450628,3,0,0,0,0,0.0,0.0,0.0,0.0,0.0,0.0,0.0,0.0,True,1370,2026-01,308,0.24025974025974026,0.18033238777459404,187,0.38,0.65,0.004207950552923889,0,0,0,0,0,0.0,0.0,0.0,0.0,0.0,0.0,0.0,0.0,True,1678,2026-02,187,0.25133689839572193,0.1850680188382753,411,0.38,0.65,0.005073626112187091,15,0,0,0,0,0.0,0.0,0.0,0.0,0.0,0.0,0.0,0.0,True,1865,2026-03,411,0.22384428223844283,0.1736752847053957,489,0.38,0.65,0.001952814899233657,0,0,0,0,0,0.0,0.0,0.0,0.0,0.0,0.0,0.0,0.0,True,2276,2026-04,489,0.2310838445807771,0.17182483593018377,341,0.38,0.65,-0.00821738225344601,1,0,0
0,趋势多头,11,b45e593028670cf5,-999997911.0,False,连续两个有机会开发月无交易|有效开发月份不足|开发交易样本不足,4,0.38,0.65,5,1.8,1.1,0.003,180,0.9,0.08,48,0.38,2,0.035,220,5.0,38,0,0,0.0,0.0,0.0,0.0,0.0,0.0,0.0,0.0,True,786,2025-11,231,0.2727272727272727,0.19821264708480735,353,0.38,0.65,-0.0011560043930703978,0,0,0,0,0,0.0,0.0,0.0,0.0,0.0,0.0,0.0,0.0,True,1017,2025-12,353,0.24645892351274787,0.18151628802086728,308,0.38,0.65,0.002244709395450628,3,0,0,0,0,0.0,0.0,0.0,0.0,0.0,0.0,0.0,0.0,True,1370,2026-01,308,0.24025974025974026,0.18033238777459404,187,0.38,0.65,0.004207950552923889,0,0,0,0,0,0.0,0.0,0.0,0.0,0.0,0.0,0.0,0.0,True,1678,2026-02,187,0.25133689839572193,0.1850680188382753,411,0.38,0.65,0.005073626112187091,15,0,0,0,0,0.0,0.0,0.0,0.0,0.0,0.0,0.0,0.0,True,1865,2026-03,411,0.22384428223844283,0.1736752847053957,489,0.38,0.65,0.001952814899233657,0,0,0,0,0,0.0,0.0,0.0,0.0,0.0,0.0,0.0,0.0,True,2276,2026-04,489,0.2310838445807771,0.17182483593018377,341,0.38,0.65,-0.00821738225344601,1,0,0
0,趋势多头,12,98cadfe176d3ae3c,-999997911.0,False,连续两个有机会开发月无交易|有效开发月份不足|开发交易样本不足,4,0.38,0.65,8,1.8,1.1,0.003,180,0.9,0.08,48,0.38,2,0.035,220,5.0,38,0,0,0.0,0.0,0.0,0.0,0.0,0.0,0.0,0.0,True,786,2025-11,231,0.2727272727272727,0.19821264708480735,353,0.38,0.65,-0.0011560043930703978,0,0,0,0,0,0.0,0.0,0.0,0.0,0.0,0.0,0.0,0.0,True,1017,2025-12,353,0.24645892351274787,0.18151628802086728,308,0.38,0.65,0.002244709395450628,3,0,0,0,0,0.0,0.0,0.0,0.0,0.0,0.0,0.0,0.0,True,1370,2026-01,308,0.24025974025974026,0.18033238777459404,187,0.38,0.65,0.004207950552923889,0,0,0,0,0,0.0,0.0,0.0,0.0,0.0,0.0,0.0,0.0,True,1678,2026-02,187,0.25133689839572193,0.1850680188382753,411,0.38,0.65,0.005073626112187091,15,0,0,0,0,0.0,0.0,0.0,0.0,0.0,0.0,0.0,0.0,True,1865,2026-03,411,0.22384428223844283,0.1736752847053957,489,0.38,0.65,0.001952814899233657,0,0,0,0,0,0.0,0.0,0.0,0.0,0.0,0.0,0.0,0.0,True,2276,2026-04,489,0.2310838445807771,0.17182483593018377,341,0.38,0.65,-0.00821738225344601,1,0,0
0,趋势多头,13,7d53140d02526797,-999997911.0,False,连续两个有机会开发月无交易|有效开发月份不足|开发交易样本不足,4,0.38,0.75,2,1.8,1.1,0.003,180,0.9,0.08,48,0.38,2,0.035,220,5.0,38,0,0,0.0,0.0,0.0,0.0,0.0,0.0,0.0,0.0,True,786,2025-11,231,0.2727272727272727,0.19821264708480735,353,0.38,0.75,-0.0011560043930703978,0,0,0,0,0,0.0,0.0,0.0,0.0,0.0,0.0,0.0,0.0,True,1017,2025-12,353,0.24645892351274787,0.18151628802086728,308,0.38,0.75,0.002244709395450628,3,0,0,0,0,0.0,0.0,0.0,0.0,0.0,0.0,0.0,0.0,True,1370,2026-01,308,0.24025974025974026,0.18033238777459404,187,0.38,0.75,0.004207950552923889,0,0,0,0,0,0.0,0.0,0.0,0.0,0.0,0.0,0.0,0.0,True,1678,2026-02,187,0.25133689839572193,0.1850680188382753,411,0.38,0.75,0.005073626112187091,15,0,0,0,0,0.0,0.0,0.0,0.0,0.0,0.0,0.0,0.0,True,1865,2026-03,411,0.22384428223844283,0.1736752847053957,489,0.38,0.75,0.001952814899233657,0,0,0,0,0,0.0,0.0,0.0,0.0,0.0,0.0,0.0,0.0,True,2276,2026-04,489,0.2310838445807771,0.17182483593018377,341,0.38,0.75,-0.00821738225344601,1,0,0
0,趋势多头,14,300169d2a1d7321c,-999997911.0,False,连续两个有机会开发月无交易|有效开发月份不足|开发交易样本不足,4,0.38,0.75,5,1.8,1.1,0.003,180,0.9,0.08,48,0.38,2,0.035,220,5.0,38,0,0,0.0,0.0,0.0,0.0,0.0,0.0,0.0,0.0,True,786,2025-11,231,0.2727272727272727,0.19821264708480735,353,0.38,0.75,-0.0011560043930703978,0,0,0,0,0,0.0,0.0,0.0,0.0,0.0,0.0,0.0,0.0,True,1017,2025-12,353,0.24645892351274787,0.18151628802086728,308,0.38,0.75,0.002244709395450628,3,0,0,0,0,0.0,0.0,0.0,0.0,0.0,0.0,0.0,0.0,True,1370,2026-01,308,0.24025974025974026,0.18033238777459404,187,0.38,0.75,0.004207950552923889,0,0,0,0,0,0.0,0.0,0.0,0.0,0.0,0.0,0.0,0.0,True,1678,2026-02,187,0.25133689839572193,0.1850680188382753,411,0.38,0.75,0.005073626112187091,15,0,0,0,0,0.0,0.0,0.0,0.0,0.0,0.0,0.0,0.0,True,1865,2026-03,411,0.22384428223844283,0.1736752847053957,489,0.38,0.75,0.001952814899233657,0,0,0,0,0,0.0,0.0,0.0,0.0,0.0,0.0,0.0,0.0,True,2276,2026-04,489,0.2310838445807771,0.17182483593018377,341,0.38,0.75,-0.00821738225344601,1,0,0
0,趋势多头,15,4b9fad283fa2a298,-999997911.0,False,连续两个有机会开发月无交易|有效开发月份不足|开发交易样本不足,4,0.38,0.75,8,1.8,1.1,0.003,180,0.9,0.08,48,0.38,2,0.035,220,5.0,38,0,0,0.0,0.0,0.0,0.0,0.0,0.0,0.0,0.0,True,786,2025-11,231,0.2727272727272727,0.19821264708480735,353,0.38,0.75,-0.0011560043930703978,0,0,0,0,0,0.0,0.0,0.0,0.0,0.0,0.0,0.0,0.0,True,1017,2025-12,353,0.24645892351274787,0.18151628802086728,308,0.38,0.75,0.002244709395450628,3,0,0,0,0,0.0,0.0,0.0,0.0,0.0,0.0,0.0,0.0,True,1370,2026-01,308,0.24025974025974026,0.18033238777459404,187,0.38,0.75,0.004207950552923889,0,0,0,0,0,0.0,0.0,0.0,0.0,0.0,0.0,0.0,0.0,True,1678,2026-02,187,0.25133689839572193,0.1850680188382753,411,0.38,0.75,0.005073626112187091,15,0,0,0,0,0.0,0.0,0.0,0.0,0.0,0.0,0.0,0.0,True,1865,2026-03,411,0.22384428223844283,0.1736752847053957,489,0.38,0.75,0.001952814899233657,0,0,0,0,0,0.0,0.0,0.0,0.0,0.0,0.0,0.0,0.0,True,2276,2026-04,489,0.2310838445807771,0.17182483593018377,341,0.38,0.75,-0.00821738225344601,1,0,0
0,趋势多头,16,4d29c28f81e9444d,-999997911.0,False,连续两个有机会开发月无交易|有效开发月份不足|开发交易样本不足,4,0.38,0.85,2,1.8,1.1,0.003,180,0.9,0.08,48,0.38,2,0.035,220,5.0,38,0,0,0.0,0.0,0.0,0.0,0.0,0.0,0.0,0.0,True,786,2025-11,231,0.2727272727272727,0.19821264708480735,353,0.38,0.85,-0.0011560043930703978,0,0,0,0,0,0.0,0.0,0.0,0.0,0.0,0.0,0.0,0.0,True,1017,2025-12,353,0.24645892351274787,0.18151628802086728,308,0.38,0.85,0.002244709395450628,3,0,0,0,0,0.0,0.0,0.0,0.0,0.0,0.0,0.0,0.0,True,1370,2026-01,308,0.24025974025974026,0.18033238777459404,187,0.38,0.85,0.004207950552923889,0,0,0,0,0,0.0,0.0,0.0,0.0,0.0,0.0,0.0,0.0,True,1678,2026-02,187,0.25133689839572193,0.1850680188382753,411,0.38,0.85,0.005073626112187091,15,0,0,0,0,0.0,0.0,0.0,0.0,0.0,0.0,0.0,0.0,True,1865,2026-03,411,0.22384428223844283,0.1736752847053957,489,0.38,0.85,0.001952814899233657,0,0,0,0,0,0.0,0.0,0.0,0.0,0.0,0.0,0.0,0.0,True,2276,2026-04,489,0.2310838445807771,0.17182483593018377,341,0.38,0.85,-0.00821738225344601,1,0,0
0,趋势多头,17,e8497d4d254d336f,-999997911.0,False,连续两个有机会开发月无交易|有效开发月份不足|开发交易样本不足,4,0.38,0.85,5,1.8,1.1,0.003,180,0.9,0.08,48,0.38,2,0.035,220,5.0,38,0,0,0.0,0.0,0.0,0.0,0.0,0.0,0.0,0.0,True,786,2025-11,231,0.2727272727272727,0.19821264708480735,353,0.38,0.85,-0.0011560043930703978,0,0,0,0,0,0.0,0.0,0.0,0.0,0.0,0.0,0.0,0.0,True,1017,2025-12,353,0.24645892351274787,0.18151628802086728,308,0.38,0.85,0.002244709395450628,3,0,0,0,0,0.0,0.0,0.0,0.0,0.0,0.0,0.0,0.0,True,1370,2026-01,308,0.24025974025974026,0.18033238777459404,187,0.38,0.85,0.004207950552923889,0,0,0,0,0,0.0,0.0,0.0,0.0,0.0,0.0,0.0,0.0,True,1678,2026-02,187,0.25133689839572193,0.1850680188382753,411,0.38,0.85,0.005073626112187091,15,0,0,0,0,0.0,0.0,0.0,0.0,0.0,0.0,0.0,0.0,True,1865,2026-03,411,0.22384428223844283,0.1736752847053957,489,0.38,0.85,0.001952814899233657,0,0,0,0,0,0.0,0.0,0.0,0.0,0.0,0.0,0.0,0.0,True,2276,2026-04,489,0.2310838445807771,0.17182483593018377,341,0.38,0.85,-0.00821738225344601,1,0,0
0,趋势多头,18,730be1c0888e20cb,-999997911.0,False,连续两个有机会开发月无交易|有效开发月份不足|开发交易样本不足,4,0.38,0.85,8,1.8,1.1,0.003,180,0.9,0.08,48,0.38,2,0.035,220,5.0,38,0,0,0.0,0.0,0.0,0.0,0.0,0.0,0.0,0.0,True,786,2025-11,231,0.2727272727272727,0.19821264708480735,353,0.38,0.85,-0.0011560043930703978,0,0,0,0,0,0.0,0.0,0.0,0.0,0.0,0.0,0.0,0.0,True,1017,2025-12,353,0.24645892351274787,0.18151628802086728,308,0.38,0.85,0.002244709395450628,3,0,0,0,0,0.0,0.0,0.0,0.0,0.0,0.0,0.0,0.0,True,1370,2026-01,308,0.24025974025974026,0.18033238777459404,187,0.38,0.85,0.004207950552923889,0,0,0,0,0,0.0,0.0,0.0,0.0,0.0,0.0,0.0,0.0,True,1678,2026-02,187,0.25133689839572193,0.1850680188382753,411,0.38,0.85,0.005073626112187091,15,0,0,0,0,0.0,0.0,0.0,0.0,0.0,0.0,0.0,0.0,True,1865,2026-03,411,0.22384428223844283,0.1736752847053957,489,0.38,0.85,0.001952814899233657,0,0,0,0,0,0.0,0.0,0.0,0.0,0.0,0.0,0.0,0.0,True,2276,2026-04,489,0.2310838445807771,0.17182483593018377,341,0.38,0.85,-0.00821738225344601,1,0,0
0,趋势多头,19,abece78dd64d035c,-999997911.0,False,连续两个有机会开发月无交易|有效开发月份不足|开发交易样本不足,4,0.42,0.65,2,1.8,1.1,0.003,180,0.9,0.08,48,0.38,2,0.035,220,5.0,38,0,0,0.0,0.0,0.0,0.0,0.0,0.0,0.0,0.0,True,786,2025-11,231,0.2727272727272727,0.19821264708480735,353,0.42,0.65,-0.0011560043930703978,0,0,0,0,0,0.0,0.0,0.0,0.0,0.0,0.0,0.0,0.0,True,1017,2025-12,353,0.24645892351274787,0.18151628802086728,308,0.42,0.65,0.002244709395450628,0,0,0,0,0,0.0,0.0,0.0,0.0,0.0,0.0,0.0,0.0,True,1370,2026-01,308,0.24025974025974026,0.18033238777459404,187,0.42,0.65,0.004207950552923889,0,0,0,0,0,0.0,0.0,0.0,0.0,0.0,0.0,0.0,0.0,True,1678,2026-02,187,0.25133689839572193,0.1850680188382753,411,0.42,0.65,0.005073626112187091,4,0,0,0,0,0.0,0.0,0.0,0.0,0.0,0.0,0.0,0.0,True,1865,2026-03,411,0.22384428223844283,0.1736752847053957,489,0.42,0.65,0.001952814899233657,0,0,0,0,0,0.0,0.0,0.0,0.0,0.0,0.0,0.0,0.0,True,2276,2026-04,489,0.2310838445807771,0.17182483593018377,341,0.42,0.65,-0.00821738225344601,0,0,0
0,趋势多头,20,c2d2d5a6ebd2389f,-999997911.0,False,连续两个有机会开发月无交易|有效开发月份不足|开发交易样本不足,4,0.42,0.65,5,1.8,1.1,0.003,180,0.9,0.08,48,0.38,2,0.035,220,5.0,38,0,0,0.0,0.0,0.0,0.0,0.0,0.0,0.0,0.0,True,786,2025-11,231,0.2727272727272727,0.19821264708480735,353,0.42,0.65,-0.0011560043930703978,0,0,0,0,0,0.0,0.0,0.0,0.0,0.0,0.0,0.0,0.0,True,1017,2025-12,353,0.24645892351274787,0.18151628802086728,308,0.42,0.65,0.002244709395450628,0,0,0,0,0,0.0,0.0,0.0,0.0,0.0,0.0,0.0,0.0,True,1370,2026-01,308,0.24025974025974026,0.18033238777459404,187,0.42,0.65,0.004207950552923889,0,0,0,0,0,0.0,0.0,0.0,0.0,0.0,0.0,0.0,0.0,True,1678,2026-02,187,0.25133689839572193,0.1850680188382753,411,0.42,0.65,0.005073626112187091,4,0,0,0,0,0.0,0.0,0.0,0.0,0.0,0.0,0.0,0.0,True,1865,2026-03,411,0.22384428223844283,0.1736752847053957,489,0.42,0.65,0.001952814899233657,0,0,0,0,0,0.0,0.0,0.0,0.0,0.0,0.0,0.0,0.0,True,2276,2026-04,489,0.2310838445807771,0.17182483593018377,341,0.42,0.65,-0.00821738225344601,0,0,0
0,趋势多头,21,496dbb6c692c422c,-999997911.0,False,连续两个有机会开发月无交易|有效开发月份不足|开发交易样本不足,4,0.42,0.65,8,1.8,1.1,0.003,180,0.9,0.08,48,0.38,2,0.035,220,5.0,38,0,0,0.0,0.0,0.0,0.0,0.0,0.0,0.0,0.0,True,786,2025-11,231,0.2727272727272727,0.19821264708480735,353,0.42,0.65,-0.0011560043930703978,0,0,0,0,0,0.0,0.0,0.0,0.0,0.0,0.0,0.0,0.0,True,1017,2025-12,353,0.24645892351274787,0.18151628802086728,308,0.42,0.65,0.002244709395450628,0,0,0,0,0,0.0,0.0,0.0,0.0,0.0,0.0,0.0,0.0,True,1370,2026-01,308,0.24025974025974026,0.18033238777459404,187,0.42,0.65,0.004207950552923889,0,0,0,0,0,0.0,0.0,0.0,0.0,0.0,0.0,0.0,0.0,True,1678,2026-02,187,0.25133689839572193,0.1850680188382753,411,0.42,0.65,0.005073626112187091,4,0,0,0,0,0.0,0.0,0.0,0.0,0.0,0.0,0.0,0.0,True,1865,2026-03,411,0.22384428223844283,0.1736752847053957,489,0.42,0.65,0.001952814899233657,0,0,0,0,0,0.0,0.0,0.0,0.0,0.0,0.0,0.0,0.0,True,2276,2026-04,489,0.2310838445807771,0.17182483593018377,341,0.42,0.65,-0.00821738225344601,0,0,0
0,趋势多头,22,cf54359ebfab8ce6,-999997911.0,False,连续两个有机会开发月无交易|有效开发月份不足|开发交易样本不足,4,0.42,0.75,2,1.8,1.1,0.003,180,0.9,0.08,48,0.38,2,0.035,220,5.0,38,0,0,0.0,0.0,0.0,0.0,0.0,0.0,0.0,0.0,True,786,2025-11,231,0.2727272727272727,0.19821264708480735,353,0.42,0.75,-0.0011560043930703978,0,0,0,0,0,0.0,0.0,0.0,0.0,0.0,0.0,0.0,0.0,True,1017,2025-12,353,0.24645892351274787,0.18151628802086728,308,0.42,0.75,0.002244709395450628,0,0,0,0,0,0.0,0.0,0.0,0.0,0.0,0.0,0.0,0.0,True,1370,2026-01,308,0.24025974025974026,0.18033238777459404,187,0.42,0.75,0.004207950552923889,0,0,0,0,0,0.0,0.0,0.0,0.0,0.0,0.0,0.0,0.0,True,1678,2026-02,187,0.25133689839572193,0.1850680188382753,411,0.42,0.75,0.005073626112187091,4,0,0,0,0,0.0,0.0,0.0,0.0,0.0,0.0,0.0,0.0,True,1865,2026-03,411,0.22384428223844283,0.1736752847053957,489,0.42,0.75,0.001952814899233657,0,0,0,0,0,0.0,0.0,0.0,0.0,0.0,0.0,0.0,0.0,True,2276,2026-04,489,0.2310838445807771,0.17182483593018377,341,0.42,0.75,-0.00821738225344601,0,0,0
0,趋势多头,23,464b170ae9d07dcd,-999997911.0,False,连续两个有机会开发月无交易|有效开发月份不足|开发交易样本不足,4,0.42,0.75,5,1.8,1.1,0.003,180,0.9,0.08,48,0.38,2,0.035,220,5.0,38,0,0,0.0,0.0,0.0,0.0,0.0,0.0,0.0,0.0,True,786,2025-11,231,0.2727272727272727,0.19821264708480735,353,0.42,0.75,-0.0011560043930703978,0,0,0,0,0,0.0,0.0,0.0,0.0,0.0,0.0,0.0,0.0,True,1017,2025-12,353,0.24645892351274787,0.18151628802086728,308,0.42,0.75,0.002244709395450628,0,0,0,0,0,0.0,0.0,0.0,0.0,0.0,0.0,0.0,0.0,True,1370,2026-01,308,0.24025974025974026,0.18033238777459404,187,0.42,0.75,0.004207950552923889,0,0,0,0,0,0.0,0.0,0.0,0.0,0.0,0.0,0.0,0.0,True,1678,2026-02,187,0.25133689839572193,0.1850680188382753,411,0.42,0.75,0.005073626112187091,4,0,0,0,0,0.0,0.0,0.0,0.0,0.0,0.0,0.0,0.0,True,1865,2026-03,411,0.22384428223844283,0.1736752847053957,489,0.42,0.75,0.001952814899233657,0,0,0,0,0,0.0,0.0,0.0,0.0,0.0,0.0,0.0,0.0,True,2276,2026-04,489,0.2310838445807771,0.17182483593018377,341,0.42,0.75,-0.00821738225344601,0,0,0
0,趋势多头,24,89d40eb28a115f98,-999997911.0,False,连续两个有机会开发月无交易|有效开发月份不足|开发交易样本不足,4,0.42,0.75,8,1.8,1.1,0.003,180,0.9,0.08,48,0.38,2,0.035,220,5.0,38,0,0,0.0,0.0,0.0,0.0,0.0,0.0,0.0,0.0,True,786,2025-11,231,0.2727272727272727,0.19821264708480735,353,0.42,0.75,-0.0011560043930703978,0,0,0,0,0,0.0,0.0,0.0,0.0,0.0,0.0,0.0,0.0,True,1017,2025-12,353,0.24645892351274787,0.18151628802086728,308,0.42,0.75,0.002244709395450628,0,0,0,0,0,0.0,0.0,0.0,0.0,0.0,0.0,0.0,0.0,True,1370,2026-01,308,0.24025974025974026,0.18033238777459404,187,0.42,0.75,0.004207950552923889,0,0,0,0,0,0.0,0.0,0.0,0.0,0.0,0.0,0.0,0.0,True,1678,2026-02,187,0.25133689839572193,0.1850680188382753,411,0.42,0.75,0.005073626112187091,4,0,0,0,0,0.0,0.0,0.0,0.0,0.0,0.0,0.0,0.0,True,1865,2026-03,411,0.22384428223844283,0.1736752847053957,489,0.42,0.75,0.001952814899233657,0,0,0,0,0,0.0,0.0,0.0,0.0,0.0,0.0,0.0,0.0,True,2276,2026-04,489,0.2310838445807771,0.17182483593018377,341,0.42,0.75,-0.00821738225344601,0,0,0
0,趋势多头,25,228b0539526aea09,-999997911.0,False,连续两个有机会开发月无交易|有效开发月份不足|开发交易样本不足,4,0.42,0.85,2,1.8,1.1,0.003,180,0.9,0.08,48,0.38,2,0.035,220,5.0,38,0,0,0.0,0.0,0.0,0.0,0.0,0.0,0.0,0.0,True,786,2025-11,231,0.2727272727272727,0.19821264708480735,353,0.42,0.85,-0.0011560043930703978,0,0,0,0,0,0.0,0.0,0.0,0.0,0.0,0.0,0.0,0.0,True,1017,2025-12,353,0.24645892351274787,0.18151628802086728,308,0.42,0.85,0.002244709395450628,0,0,0,0,0,0.0,0.0,0.0,0.0,0.0,0.0,0.0,0.0,True,1370,2026-01,308,0.24025974025974026,0.18033238777459404,187,0.42,0.85,0.004207950552923889,0,0,0,0,0,0.0,0.0,0.0,0.0,0.0,0.0,0.0,0.0,True,1678,2026-02,187,0.25133689839572193,0.1850680188382753,411,0.42,0.85,0.005073626112187091,4,0,0,0,0,0.0,0.0,0.0,0.0,0.0,0.0,0.0,0.0,True,1865,2026-03,411,0.22384428223844283,0.1736752847053957,489,0.42,0.85,0.001952814899233657,0,0,0,0,0,0.0,0.0,0.0,0.0,0.0,0.0,0.0,0.0,True,2276,2026-04,489,0.2310838445807771,0.17182483593018377,341,0.42,0.85,-0.00821738225344601,0,0,0
0,趋势多头,26,58857ec60080a192,-999997911.0,False,连续两个有机会开发月无交易|有效开发月份不足|开发交易样本不足,4,0.42,0.85,5,1.8,1.1,0.003,180,0.9,0.08,48,0.38,2,0.035,220,5.0,38,0,0,0.0,0.0,0.0,0.0,0.0,0.0,0.0,0.0,True,786,2025-11,231,0.2727272727272727,0.19821264708480735,353,0.42,0.85,-0.0011560043930703978,0,0,0,0,0,0.0,0.0,0.0,0.0,0.0,0.0,0.0,0.0,True,1017,2025-12,353,0.24645892351274787,0.18151628802086728,308,0.42,0.85,0.002244709395450628,0,0,0,0,0,0.0,0.0,0.0,0.0,0.0,0.0,0.0,0.0,True,1370,2026-01,308,0.24025974025974026,0.18033238777459404,187,0.42,0.85,0.004207950552923889,0,0,0,0,0,0.0,0.0,0.0,0.0,0.0,0.0,0.0,0.0,True,1678,2026-02,187,0.25133689839572193,0.1850680188382753,411,0.42,0.85,0.005073626112187091,4,0,0,0,0,0.0,0.0,0.0,0.0,0.0,0.0,0.0,0.0,True,1865,2026-03,411,0.22384428223844283,0.1736752847053957,489,0.42,0.85,0.001952814899233657,0,0,0,0,0,0.0,0.0,0.0,0.0,0.0,0.0,0.0,0.0,True,2276,2026-04,489,0.2310838445807771,0.17182483593018377,341,0.42,0.85,-0.00821738225344601,0,0,0
0,趋势多头,27,54f1ada5d83ef463,-999997911.0,False,连续两个有机会开发月无交易|有效开发月份不足|开发交易样本不足,4,0.42,0.85,8,1.8,1.1,0.003,180,0.9,0.08,48,0.38,2,0.035,220,5.0,38,0,0,0.0,0.0,0.0,0.0,0.0,0.0,0.0,0.0,True,786,2025-11,231,0.2727272727272727,0.19821264708480735,353,0.42,0.85,-0.0011560043930703978,0,0,0,0,0,0.0,0.0,0.0,0.0,0.0,0.0,0.0,0.0,True,1017,2025-12,353,0.24645892351274787,0.18151628802086728,308,0.42,0.85,0.002244709395450628,0,0,0,0,0,0.0,0.0,0.0,0.0,0.0,0.0,0.0,0.0,True,1370,2026-01,308,0.24025974025974026,0.18033238777459404,187,0.42,0.85,0.004207950552923889,0,0,0,0,0,0.0,0.0,0.0,0.0,0.0,0.0,0.0,0.0,True,1678,2026-02,187,0.25133689839572193,0.1850680188382753,411,0.42,0.85,0.005073626112187091,4,0,0,0,0,0.0,0.0,0.0,0.0,0.0,0.0,0.0,0.0,True,1865,2026-03,411,0.22384428223844283,0.1736752847053957,489,0.42,0.85,0.001952814899233657,0,0,0,0,0,0.0,0.0,0.0,0.0,0.0,0.0,0.0,0.0,True,2276,2026-04,489,0.2310838445807771,0.17182483593018377,341,0.42,0.85,-0.00821738225344601,0,0,0
0,趋势多头,28,33101a8620529486,-999997911.0,False,连续两个有机会开发月无交易|有效开发月份不足|开发交易样本不足,7,0.34,0.65,2,1.8,1.1,0.003,180,0.9,0.08,48,0.38,2,0.035,220,5.0,38,0,0,0.0,0.0,0.0,0.0,0.0,0.0,0.0,0.0,True,786,2025-11,231,0.2727272727272727,0.19821264708480735,353,0.34,0.65,-0.0011560043930703978,0,0,0,0,0,0.0,0.0,0.0,0.0,0.0,0.0,0.0,0.0,True,1017,2025-12,353,0.24645892351274787,0.18151628802086728,308,0.34,0.65,0.002244709395450628,10,0,0,0,0,0.0,0.0,0.0,0.0,0.0,0.0,0.0,0.0,True,1370,2026-01,308,0.24025974025974026,0.18033238777459404,187,0.34,0.65,0.004207950552923889,0,0,0,0,0,0.0,0.0,0.0,0.0,0.0,0.0,0.0,0.0,True,1678,2026-02,187,0.25133689839572193,0.1850680188382753,411,0.34,0.65,0.005073626112187091,41,0,0,0,0,0.0,0.0,0.0,0.0,0.0,0.0,0.0,0.0,True,1865,2026-03,411,0.22384428223844283,0.1736752847053957,489,0.34,0.65,0.001952814899233657,0,0,0,0,0,0.0,0.0,0.0,0.0,0.0,0.0,0.0,0.0,True,2276,2026-04,489,0.2310838445807771,0.17182483593018377,341,0.34,0.65,-0.00821738225344601,13,0,0
0,趋势多头,29,33ce643803c8779e,-999997911.0,False,连续两个有机会开发月无交易|有效开发月份不足|开发交易样本不足,7,0.34,0.65,5,1.8,1.1,0.003,180,0.9,0.08,48,0.38,2,0.035,220,5.0,38,0,0,0.0,0.0,0.0,0.0,0.0,0.0,0.0,0.0,True,786,2025-11,231,0.2727272727272727,0.19821264708480735,353,0.34,0.65,-0.0011560043930703978,0,0,0,0,0,0.0,0.0,0.0,0.0,0.0,0.0,0.0,0.0,True,1017,2025-12,353,0.24645892351274787,0.18151628802086728,308,0.34,0.65,0.002244709395450628,10,0,0,0,0,0.0,0.0,0.0,0.0,0.0,0.0,0.0,0.0,True,1370,2026-01,308,0.24025974025974026,0.18033238777459404,187,0.34,0.65,0.004207950552923889,0,0,0,0,0,0.0,0.0,0.0,0.0,0.0,0.0,0.0,0.0,True,1678,2026-02,187,0.25133689839572193,0.1850680188382753,411,0.34,0.65,0.005073626112187091,41,0,0,0,0,0.0,0.0,0.0,0.0,0.0,0.0,0.0,0.0,True,1865,2026-03,411,0.22384428223844283,0.1736752847053957,489,0.34,0.65,0.001952814899233657,0,0,0,0,0,0.0,0.0,0.0,0.0,0.0,0.0,0.0,0.0,True,2276,2026-04,489,0.2310838445807771,0.17182483593018377,341,0.34,0.65,-0.00821738225344601,13,0,0
0,趋势多头,30,6626636a6b1100ad,-999997911.0,False,连续两个有机会开发月无交易|有效开发月份不足|开发交易样本不足,7,0.34,0.65,8,1.8,1.1,0.003,180,0.9,0.08,48,0.38,2,0.035,220,5.0,38,0,0,0.0,0.0,0.0,0.0,0.0,0.0,0.0,0.0,True,786,2025-11,231,0.2727272727272727,0.19821264708480735,353,0.34,0.65,-0.0011560043930703978,0,0,0,0,0,0.0,0.0,0.0,0.0,0.0,0.0,0.0,0.0,True,1017,2025-12,353,0.24645892351274787,0.18151628802086728,308,0.34,0.65,0.002244709395450628,10,0,0,0,0,0.0,0.0,0.0,0.0,0.0,0.0,0.0,0.0,True,1370,2026-01,308,0.24025974025974026,0.18033238777459404,187,0.34,0.65,0.004207950552923889,0,0,0,0,0,0.0,0.0,0.0,0.0,0.0,0.0,0.0,0.0,True,1678,2026-02,187,0.25133689839572193,0.1850680188382753,411,0.34,0.65,0.005073626112187091,41,0,0,0,0,0.0,0.0,0.0,0.0,0.0,0.0,0.0,0.0,True,1865,2026-03,411,0.22384428223844283,0.1736752847053957,489,0.34,0.65,0.001952814899233657,0,0,0,0,0,0.0,0.0,0.0,0.0,0.0,0.0,0.0,0.0,True,2276,2026-04,489,0.2310838445807771,0.17182483593018377,341,0.34,0.65,-0.00821738225344601,13,0,0
1,趋势空头,1,afa8e3bfaa2571bb,1007.3668160989555,False,连续两个有机会开发月无交易|有效开发月份不足|开发交易样本不足,6,0.38,0.7,1,1.8,1.15,0.003,180,0.9,0.08,48,0.38,2,0.035,220,5.0,38,0,0,0.0,0.0,0.0,0.0,0.0,0.0,0.0,0.0,True,668,2025-11,446,0.30493273542600896,0.21184406011202883,510,0.38,0.7,0.008640142734359035,0,0,0,0,0,0.0,0.0,0.0,0.0,0.0,0.0,0.0,0.0,True,1114,2025-12,510,0.18627450980392157,0.1491413408861209,432,0.38,0.7,0.017959455965787657,0,0,0,0,0,0.0,0.0,0.0,0.0,0.0,0.0,0.0,0.0,True,1624,2026-01,432,0.30092592592592593,0.20670308866441992,413,0.38,0.7,0.01831002648865232,23,0,0,0,0,0.0,0.0,0.0,0.0,0.0,0.0,0.0,0.0,True,2056,2026-02,413,0.27602905569007263,0.1994411079367934,287,0.38,0.7,0.009385430509343873,0,0,0,0,0,0.0,0.0,0.0,0.0,0.0,0.0,0.0,0.0,True,2469,2026-03,287,0.33797909407665505,0.22357662196827202,238,0.38,0.7,0.010049422872655367,20,0,0,2,1,0.5,1.4667233889812281,1.3346752171146279,1.098936557878155,1.098936557878155,0.13204817186660023,1.3346752171146279,0.06602408593330011,True,2756,2026-04,238,0.3067226890756303,0.19519784239736004,370,0.38,0.7,-0.07782270443448588,31,3,2
1,趋势空头,2,fd8a86b79b816184,1007.3668160989555,False,连续两个有机会开发月无交易|有效开发月份不足|开发交易样本不足,6,0.38,0.7,3,1.8,1.15,0.003,180,0.9,0.08,48,0.38,2,0.035,220,5.0,38,0,0,0.0,0.0,0.0,0.0,0.0,0.0,0.0,0.0,True,668,2025-11,446,0.30493273542600896,0.21184406011202883,510,0.38,0.7,0.008640142734359035,0,0,0,0,0,0.0,0.0,0.0,0.0,0.0,0.0,0.0,0.0,True,1114,2025-12,510,0.18627450980392157,0.1491413408861209,432,0.38,0.7,0.017959455965787657,0,0,0,0,0,0.0,0.0,0.0,0.0,0.0,0.0,0.0,0.0,True,1624,2026-01,432,0.30092592592592593,0.20670308866441992,413,0.38,0.7,0.01831002648865232,23,0,0,0,0,0.0,0.0,0.0,0.0,0.0,0.0,0.0,0.0,True,2056,2026-02,413,0.27602905569007263,0.1994411079367934,287,0.38,0.7,0.009385430509343873,0,0,0,0,0,0.0,0.0,0.0,0.0,0.0,0.0,0.0,0.0,True,2469,2026-03,287,0.33797909407665505,0.22357662196827202,238,0.38,0.7,0.010049422872655367,20,0,0,2,1,0.5,1.4667233889812281,1.3346752171146279,1.098936557878155,1.098936557878155,0.13204817186660023,1.3346752171146279,0.06602408593330011,True,2756,2026-04,238,0.3067226890756303,0.19519784239736004,370,0.38,0.7,-0.07782270443448588,31,3,2
1,趋势空头,3,00e47f3400219408,1007.3668160989555,False,连续两个有机会开发月无交易|有效开发月份不足|开发交易样本不足,6,0.38,0.7,6,1.8,1.15,0.003,180,0.9,0.08,48,0.38,2,0.035,220,5.0,38,0,0,0.0,0.0,0.0,0.0,0.0,0.0,0.0,0.0,True,668,2025-11,446,0.30493273542600896,0.21184406011202883,510,0.38,0.7,0.008640142734359035,0,0,0,0,0,0.0,0.0,0.0,0.0,0.0,0.0,0.0,0.0,True,1114,2025-12,510,0.18627450980392157,0.1491413408861209,432,0.38,0.7,0.017959455965787657,0,0,0,0,0,0.0,0.0,0.0,0.0,0.0,0.0,0.0,0.0,True,1624,2026-01,432,0.30092592592592593,0.20670308866441992,413,0.38,0.7,0.01831002648865232,23,0,0,0,0,0.0,0.0,0.0,0.0,0.0,0.0,0.0,0.0,True,2056,2026-02,413,0.27602905569007263,0.1994411079367934,287,0.38,0.7,0.009385430509343873,0,0,0,0,0,0.0,0.0,0.0,0.0,0.0,0.0,0.0,0.0,True,2469,2026-03,287,0.33797909407665505,0.22357662196827202,238,0.38,0.7,0.010049422872655367,20,0,0,2,1,0.5,1.4667233889812281,1.3346752171146279,1.098936557878155,1.098936557878155,0.13204817186660023,1.3346752171146279,0.06602408593330011,True,2756,2026-04,238,0.3067226890756303,0.19519784239736004,370,0.38,0.7,-0.07782270443448588,31,3,2
1,趋势空头,4,33ac4d7b6fbfcb2b,1007.3668160989555,False,连续两个有机会开发月无交易|有效开发月份不足|开发交易样本不足,6,0.38,0.78,1,1.8,1.15,0.003,180,0.9,0.08,48,0.38,2,0.035,220,5.0,38,0,0,0.0,0.0,0.0,0.0,0.0,0.0,0.0,0.0,True,668,2025-11,446,0.30493273542600896,0.21184406011202883,510,0.38,0.78,0.008640142734359035,0,0,0,0,0,0.0,0.0,0.0,0.0,0.0,0.0,0.0,0.0,True,1114,2025-12,510,0.18627450980392157,0.1491413408861209,432,0.38,0.78,0.017959455965787657,0,0,0,0,0,0.0,0.0,0.0,0.0,0.0,0.0,0.0,0.0,True,1624,2026-01,432,0.30092592592592593,0.20670308866441992,413,0.38,0.78,0.01831002648865232,23,0,0,0,0,0.0,0.0,0.0,0.0,0.0,0.0,0.0,0.0,True,2056,2026-02,413,0.27602905569007263,0.1994411079367934,287,0.38,0.78,0.009385430509343873,0,0,0,0,0,0.0,0.0,0.0,0.0,0.0,0.0,0.0,0.0,True,2469,2026-03,287,0.33797909407665505,0.22357662196827202,238,0.38,0.78,0.010049422872655367,20,0,0,2,1,0.5,1.4667233889812281,1.3346752171146279,1.098936557878155,1.098936557878155,0.13204817186660023,1.3346752171146279,0.06602408593330011,True,2756,2026-04,238,0.3067226890756303,0.19519784239736004,370,0.38,0.78,-0.07782270443448588,30,3,2
1,趋势空头,5,dc460345d98e6eeb,1007.3668160989555,False,连续两个有机会开发月无交易|有效开发月份不足|开发交易样本不足,6,0.38,0.78,3,1.8,1.15,0.003,180,0.9,0.08,48,0.38,2,0.035,220,5.0,38,0,0,0.0,0.0,0.0,0.0,0.0,0.0,0.0,0.0,True,668,2025-11,446,0.30493273542600896,0.21184406011202883,510,0.38,0.78,0.008640142734359035,0,0,0,0,0,0.0,0.0,0.0,0.0,0.0,0.0,0.0,0.0,True,1114,2025-12,510,0.18627450980392157,0.1491413408861209,432,0.38,0.78,0.017959455965787657,0,0,0,0,0,0.0,0.0,0.0,0.0,0.0,0.0,0.0,0.0,True,1624,2026-01,432,0.30092592592592593,0.20670308866441992,413,0.38,0.78,0.01831002648865232,23,0,0,0,0,0.0,0.0,0.0,0.0,0.0,0.0,0.0,0.0,True,2056,2026-02,413,0.27602905569007263,0.1994411079367934,287,0.38,0.78,0.009385430509343873,0,0,0,0,0,0.0,0.0,0.0,0.0,0.0,0.0,0.0,0.0,True,2469,2026-03,287,0.33797909407665505,0.22357662196827202,238,0.38,0.78,0.010049422872655367,20,0,0,2,1,0.5,1.4667233889812281,1.3346752171146279,1.098936557878155,1.098936557878155,0.13204817186660023,1.3346752171146279,0.06602408593330011,True,2756,2026-04,238,0.3067226890756303,0.19519784239736004,370,0.38,0.78,-0.07782270443448588,30,3,2
1,趋势空头,6,09116d4d98687391,1007.3668160989555,False,连续两个有机会开发月无交易|有效开发月份不足|开发交易样本不足,6,0.38,0.78,6,1.8,1.15,0.003,180,0.9,0.08,48,0.38,2,0.035,220,5.0,38,0,0,0.0,0.0,0.0,0.0,0.0,0.0,0.0,0.0,True,668,2025-11,446,0.30493273542600896,0.21184406011202883,510,0.38,0.78,0.008640142734359035,0,0,0,0,0,0.0,0.0,0.0,0.0,0.0,0.0,0.0,0.0,True,1114,2025-12,510,0.18627450980392157,0.1491413408861209,432,0.38,0.78,0.017959455965787657,0,0,0,0,0,0.0,0.0,0.0,0.0,0.0,0.0,0.0,0.0,True,1624,2026-01,432,0.30092592592592593,0.20670308866441992,413,0.38,0.78,0.01831002648865232,23,0,0,0,0,0.0,0.0,0.0,0.0,0.0,0.0,0.0,0.0,True,2056,2026-02,413,0.27602905569007263,0.1994411079367934,287,0.38,0.78,0.009385430509343873,0,0,0,0,0,0.0,0.0,0.0,0.0,0.0,0.0,0.0,0.0,True,2469,2026-03,287,0.33797909407665505,0.22357662196827202,238,0.38,0.78,0.010049422872655367,20,0,0,2,1,0.5,1.4667233889812281,1.3346752171146279,1.098936557878155,1.098936557878155,0.13204817186660023,1.3346752171146279,0.06602408593330011,True,2756,2026-04,238,0.3067226890756303,0.19519784239736004,370,0.38,0.78,-0.07782270443448588,30,3,2
1,趋势空头,7,66933dd32509598e,1007.3668160989555,False,连续两个有机会开发月无交易|有效开发月份不足|开发交易样本不足,6,0.38,0.86,1,1.8,1.15,0.003,180,0.9,0.08,48,0.38,2,0.035,220,5.0,38,0,0,0.0,0.0,0.0,0.0,0.0,0.0,0.0,0.0,True,668,2025-11,446,0.30493273542600896,0.21184406011202883,510,0.38,0.86,0.008640142734359035,0,0,0,0,0,0.0,0.0,0.0,0.0,0.0,0.0,0.0,0.0,True,1114,2025-12,510,0.18627450980392157,0.1491413408861209,432,0.38,0.86,0.017959455965787657,0,0,0,0,0,0.0,0.0,0.0,0.0,0.0,0.0,0.0,0.0,True,1624,2026-01,432,0.30092592592592593,0.20670308866441992,413,0.38,0.86,0.01831002648865232,23,0,0,0,0,0.0,0.0,0.0,0.0,0.0,0.0,0.0,0.0,True,2056,2026-02,413,0.27602905569007263,0.1994411079367934,287,0.38,0.86,0.009385430509343873,0,0,0,0,0,0.0,0.0,0.0,0.0,0.0,0.0,0.0,0.0,True,2469,2026-03,287,0.33797909407665505,0.22357662196827202,238,0.38,0.86,0.010049422872655367,20,0,0,2,1,0.5,1.4667233889812281,1.3346752171146279,1.098936557878155,1.098936557878155,0.13204817186660023,1.3346752171146279,0.06602408593330011,True,2756,2026-04,238,0.3067226890756303,0.19519784239736004,370,0.38,0.86,-0.07782270443448588,24,3,2
1,趋势空头,8,53d1fc8f43d9e570,1007.3668160989555,False,连续两个有机会开发月无交易|有效开发月份不足|开发交易样本不足,6,0.38,0.86,3,1.8,1.15,0.003,180,0.9,0.08,48,0.38,2,0.035,220,5.0,38,0,0,0.0,0.0,0.0,0.0,0.0,0.0,0.0,0.0,True,668,2025-11,446,0.30493273542600896,0.21184406011202883,510,0.38,0.86,0.008640142734359035,0,0,0,0,0,0.0,0.0,0.0,0.0,0.0,0.0,0.0,0.0,True,1114,2025-12,510,0.18627450980392157,0.1491413408861209,432,0.38,0.86,0.017959455965787657,0,0,0,0,0,0.0,0.0,0.0,0.0,0.0,0.0,0.0,0.0,True,1624,2026-01,432,0.30092592592592593,0.20670308866441992,413,0.38,0.86,0.01831002648865232,23,0,0,0,0,0.0,0.0,0.0,0.0,0.0,0.0,0.0,0.0,True,2056,2026-02,413,0.27602905569007263,0.1994411079367934,287,0.38,0.86,0.009385430509343873,0,0,0,0,0,0.0,0.0,0.0,0.0,0.0,0.0,0.0,0.0,True,2469,2026-03,287,0.33797909407665505,0.22357662196827202,238,0.38,0.86,0.010049422872655367,20,0,0,2,1,0.5,1.4667233889812281,1.3346752171146279,1.098936557878155,1.098936557878155,0.13204817186660023,1.3346752171146279,0.06602408593330011,True,2756,2026-04,238,0.3067226890756303,0.19519784239736004,370,0.38,0.86,-0.07782270443448588,24,3,2
1,趋势空头,9,d69e0aacec4f10a9,1007.3668160989555,False,连续两个有机会开发月无交易|有效开发月份不足|开发交易样本不足,6,0.38,0.86,6,1.8,1.15,0.003,180,0.9,0.08,48,0.38,2,0.035,220,5.0,38,0,0,0.0,0.0,0.0,0.0,0.0,0.0,0.0,0.0,True,668,2025-11,446,0.30493273542600896,0.21184406011202883,510,0.38,0.86,0.008640142734359035,0,0,0,0,0,0.0,0.0,0.0,0.0,0.0,0.0,0.0,0.0,True,1114,2025-12,510,0.18627450980392157,0.1491413408861209,432,0.38,0.86,0.017959455965787657,0,0,0,0,0,0.0,0.0,0.0,0.0,0.0,0.0,0.0,0.0,True,1624,2026-01,432,0.30092592592592593,0.20670308866441992,413,0.38,0.86,0.01831002648865232,23,0,0,0,0,0.0,0.0,0.0,0.0,0.0,0.0,0.0,0.0,True,2056,2026-02,413,0.27602905569007263,0.1994411079367934,287,0.38,0.86,0.009385430509343873,0,0,0,0,0,0.0,0.0,0.0,0.0,0.0,0.0,0.0,0.0,True,2469,2026-03,287,0.33797909407665505,0.22357662196827202,238,0.38,0.86,0.010049422872655367,20,0,0,2,1,0.5,1.4667233889812281,1.3346752171146279,1.098936557878155,1.098936557878155,0.13204817186660023,1.3346752171146279,0.06602408593330011,True,2756,2026-04,238,0.3067226890756303,0.19519784239736004,370,0.38,0.86,-0.07782270443448588,24,3,2
1,趋势空头,10,bd85bb54fde595bc,1007.3668160989555,False,连续两个有机会开发月无交易|有效开发月份不足|开发交易样本不足,6,0.42,0.7,1,1.8,1.15,0.003,180,0.9,0.08,48,0.38,2,0.035,220,5.0,38,0,0,0.0,0.0,0.0,0.0,0.0,0.0,0.0,0.0,True,668,2025-11,446,0.30493273542600896,0.21184406011202883,510,0.42,0.7,0.008640142734359035,0,0,0,0,0,0.0,0.0,0.0,0.0,0.0,0.0,0.0,0.0,True,1114,2025-12,510,0.18627450980392157,0.1491413408861209,432,0.42,0.7,0.017959455965787657,0,0,0,0,0,0.0,0.0,0.0,0.0,0.0,0.0,0.0,0.0,True,1624,2026-01,432,0.30092592592592593,0.20670308866441992,413,0.42,0.7,0.01831002648865232,0,0,0,0,0,0.0,0.0,0.0,0.0,0.0,0.0,0.0,0.0,True,2056,2026-02,413,0.27602905569007263,0.1994411079367934,287,0.42,0.7,0.009385430509343873,0,0,0,0,0,0.0,0.0,0.0,0.0,0.0,0.0,0.0,0.0,True,2469,2026-03,287,0.33797909407665505,0.22357662196827202,238,0.42,0.7,0.010049422872655367,0,0,0,2,1,0.5,1.4667233889812281,1.3346752171146279,1.098936557878155,1.098936557878155,0.13204817186660023,1.3346752171146279,0.06602408593330011,True,2756,2026-04,238,0.3067226890756303,0.19519784239736004,370,0.42,0.7,-0.07782270443448588,18,3,2
1,趋势空头,11,20b0e7e2620a8d42,1007.3668160989555,False,连续两个有机会开发月无交易|有效开发月份不足|开发交易样本不足,6,0.42,0.7,3,1.8,1.15,0.003,180,0.9,0.08,48,0.38,2,0.035,220,5.0,38,0,0,0.0,0.0,0.0,0.0,0.0,0.0,0.0,0.0,True,668,2025-11,446,0.30493273542600896,0.21184406011202883,510,0.42,0.7,0.008640142734359035,0,0,0,0,0,0.0,0.0,0.0,0.0,0.0,0.0,0.0,0.0,True,1114,2025-12,510,0.18627450980392157,0.1491413408861209,432,0.42,0.7,0.017959455965787657,0,0,0,0,0,0.0,0.0,0.0,0.0,0.0,0.0,0.0,0.0,True,1624,2026-01,432,0.30092592592592593,0.20670308866441992,413,0.42,0.7,0.01831002648865232,0,0,0,0,0,0.0,0.0,0.0,0.0,0.0,0.0,0.0,0.0,True,2056,2026-02,413,0.27602905569007263,0.1994411079367934,287,0.42,0.7,0.009385430509343873,0,0,0,0,0,0.0,0.0,0.0,0.0,0.0,0.0,0.0,0.0,True,2469,2026-03,287,0.33797909407665505,0.22357662196827202,238,0.42,0.7,0.010049422872655367,0,0,0,2,1,0.5,1.4667233889812281,1.3346752171146279,1.098936557878155,1.098936557878155,0.13204817186660023,1.3346752171146279,0.06602408593330011,True,2756,2026-04,238,0.3067226890756303,0.19519784239736004,370,0.42,0.7,-0.07782270443448588,18,3,2
1,趋势空头,12,63555778dd03bdef,1007.3668160989555,False,连续两个有机会开发月无交易|有效开发月份不足|开发交易样本不足,6,0.42,0.7,6,1.8,1.15,0.003,180,0.9,0.08,48,0.38,2,0.035,220,5.0,38,0,0,0.0,0.0,0.0,0.0,0.0,0.0,0.0,0.0,True,668,2025-11,446,0.30493273542600896,0.21184406011202883,510,0.42,0.7,0.008640142734359035,0,0,0,0,0,0.0,0.0,0.0,0.0,0.0,0.0,0.0,0.0,True,1114,2025-12,510,0.18627450980392157,0.1491413408861209,432,0.42,0.7,0.017959455965787657,0,0,0,0,0,0.0,0.0,0.0,0.0,0.0,0.0,0.0,0.0,True,1624,2026-01,432,0.30092592592592593,0.20670308866441992,413,0.42,0.7,0.01831002648865232,0,0,0,0,0,0.0,0.0,0.0,0.0,0.0,0.0,0.0,0.0,True,2056,2026-02,413,0.27602905569007263,0.1994411079367934,287,0.42,0.7,0.009385430509343873,0,0,0,0,0,0.0,0.0,0.0,0.0,0.0,0.0,0.0,0.0,True,2469,2026-03,287,0.33797909407665505,0.22357662196827202,238,0.42,0.7,0.010049422872655367,0,0,0,2,1,0.5,1.4667233889812281,1.3346752171146279,1.098936557878155,1.098936557878155,0.13204817186660023,1.3346752171146279,0.06602408593330011,True,2756,2026-04,238,0.3067226890756303,0.19519784239736004,370,0.42,0.7,-0.07782270443448588,18,3,2
1,趋势空头,13,aa996ea30a99dc4c,1007.3668160989555,False,连续两个有机会开发月无交易|有效开发月份不足|开发交易样本不足,6,0.42,0.78,1,1.8,1.15,0.003,180,0.9,0.08,48,0.38,2,0.035,220,5.0,38,0,0,0.0,0.0,0.0,0.0,0.0,0.0,0.0,0.0,True,668,2025-11,446,0.30493273542600896,0.21184406011202883,510,0.42,0.78,0.008640142734359035,0,0,0,0,0,0.0,0.0,0.0,0.0,0.0,0.0,0.0,0.0,True,1114,2025-12,510,0.18627450980392157,0.1491413408861209,432,0.42,0.78,0.017959455965787657,0,0,0,0,0,0.0,0.0,0.0,0.0,0.0,0.0,0.0,0.0,True,1624,2026-01,432,0.30092592592592593,0.20670308866441992,413,0.42,0.78,0.01831002648865232,0,0,0,0,0,0.0,0.0,0.0,0.0,0.0,0.0,0.0,0.0,True,2056,2026-02,413,0.27602905569007263,0.1994411079367934,287,0.42,0.78,0.009385430509343873,0,0,0,0,0,0.0,0.0,0.0,0.0,0.0,0.0,0.0,0.0,True,2469,2026-03,287,0.33797909407665505,0.22357662196827202,238,0.42,0.78,0.010049422872655367,0,0,0,2,1,0.5,1.4667233889812281,1.3346752171146279,1.098936557878155,1.098936557878155,0.13204817186660023,1.3346752171146279,0.06602408593330011,True,2756,2026-04,238,0.3067226890756303,0.19519784239736004,370,0.42,0.78,-0.07782270443448588,18,3,2
1,趋势空头,14,ee13a2390bbbb6ad,1007.3668160989555,False,连续两个有机会开发月无交易|有效开发月份不足|开发交易样本不足,6,0.42,0.78,3,1.8,1.15,0.003,180,0.9,0.08,48,0.38,2,0.035,220,5.0,38,0,0,0.0,0.0,0.0,0.0,0.0,0.0,0.0,0.0,True,668,2025-11,446,0.30493273542600896,0.21184406011202883,510,0.42,0.78,0.008640142734359035,0,0,0,0,0,0.0,0.0,0.0,0.0,0.0,0.0,0.0,0.0,True,1114,2025-12,510,0.18627450980392157,0.1491413408861209,432,0.42,0.78,0.017959455965787657,0,0,0,0,0,0.0,0.0,0.0,0.0,0.0,0.0,0.0,0.0,True,1624,2026-01,432,0.30092592592592593,0.20670308866441992,413,0.42,0.78,0.01831002648865232,0,0,0,0,0,0.0,0.0,0.0,0.0,0.0,0.0,0.0,0.0,True,2056,2026-02,413,0.27602905569007263,0.1994411079367934,287,0.42,0.78,0.009385430509343873,0,0,0,0,0,0.0,0.0,0.0,0.0,0.0,0.0,0.0,0.0,True,2469,2026-03,287,0.33797909407665505,0.22357662196827202,238,0.42,0.78,0.010049422872655367,0,0,0,2,1,0.5,1.4667233889812281,1.3346752171146279,1.098936557878155,1.098936557878155,0.13204817186660023,1.3346752171146279,0.06602408593330011,True,2756,2026-04,238,0.3067226890756303,0.19519784239736004,370,0.42,0.78,-0.07782270443448588,18,3,2
1,趋势空头,15,f429bc71459dd07a,1007.3668160989555,False,连续两个有机会开发月无交易|有效开发月份不足|开发交易样本不足,6,0.42,0.78,6,1.8,1.15,0.003,180,0.9,0.08,48,0.38,2,0.035,220,5.0,38,0,0,0.0,0.0,0.0,0.0,0.0,0.0,0.0,0.0,True,668,2025-11,446,0.30493273542600896,0.21184406011202883,510,0.42,0.78,0.008640142734359035,0,0,0,0,0,0.0,0.0,0.0,0.0,0.0,0.0,0.0,0.0,True,1114,2025-12,510,0.18627450980392157,0.1491413408861209,432,0.42,0.78,0.017959455965787657,0,0,0,0,0,0.0,0.0,0.0,0.0,0.0,0.0,0.0,0.0,True,1624,2026-01,432,0.30092592592592593,0.20670308866441992,413,0.42,0.78,0.01831002648865232,0,0,0,0,0,0.0,0.0,0.0,0.0,0.0,0.0,0.0,0.0,True,2056,2026-02,413,0.27602905569007263,0.1994411079367934,287,0.42,0.78,0.009385430509343873,0,0,0,0,0,0.0,0.0,0.0,0.0,0.0,0.0,0.0,0.0,True,2469,2026-03,287,0.33797909407665505,0.22357662196827202,238,0.42,0.78,0.010049422872655367,0,0,0,2,1,0.5,1.4667233889812281,1.3346752171146279,1.098936557878155,1.098936557878155,0.13204817186660023,1.3346752171146279,0.06602408593330011,True,2756,2026-04,238,0.3067226890756303,0.19519784239736004,370,0.42,0.78,-0.07782270443448588,18,3,2
1,趋势空头,16,ff0b70d369de0088,1007.3668160989555,False,连续两个有机会开发月无交易|有效开发月份不足|开发交易样本不足,6,0.42,0.86,1,1.8,1.15,0.003,180,0.9,0.08,48,0.38,2,0.035,220,5.0,38,0,0,0.0,0.0,0.0,0.0,0.0,0.0,0.0,0.0,True,668,2025-11,446,0.30493273542600896,0.21184406011202883,510,0.42,0.86,0.008640142734359035,0,0,0,0,0,0.0,0.0,0.0,0.0,0.0,0.0,0.0,0.0,True,1114,2025-12,510,0.18627450980392157,0.1491413408861209,432,0.42,0.86,0.017959455965787657,0,0,0,0,0,0.0,0.0,0.0,0.0,0.0,0.0,0.0,0.0,True,1624,2026-01,432,0.30092592592592593,0.20670308866441992,413,0.42,0.86,0.01831002648865232,0,0,0,0,0,0.0,0.0,0.0,0.0,0.0,0.0,0.0,0.0,True,2056,2026-02,413,0.27602905569007263,0.1994411079367934,287,0.42,0.86,0.009385430509343873,0,0,0,0,0,0.0,0.0,0.0,0.0,0.0,0.0,0.0,0.0,True,2469,2026-03,287,0.33797909407665505,0.22357662196827202,238,0.42,0.86,0.010049422872655367,0,0,0,2,1,0.5,1.4667233889812281,1.3346752171146279,1.098936557878155,1.098936557878155,0.13204817186660023,1.3346752171146279,0.06602408593330011,True,2756,2026-04,238,0.3067226890756303,0.19519784239736004,370,0.42,0.86,-0.07782270443448588,18,3,2
1,趋势空头,17,4fa16e73b93b00bb,1007.3668160989555,False,连续两个有机会开发月无交易|有效开发月份不足|开发交易样本不足,6,0.42,0.86,3,1.8,1.15,0.003,180,0.9,0.08,48,0.38,2,0.035,220,5.0,38,0,0,0.0,0.0,0.0,0.0,0.0,0.0,0.0,0.0,True,668,2025-11,446,0.30493273542600896,0.21184406011202883,510,0.42,0.86,0.008640142734359035,0,0,0,0,0,0.0,0.0,0.0,0.0,0.0,0.0,0.0,0.0,True,1114,2025-12,510,0.18627450980392157,0.1491413408861209,432,0.42,0.86,0.017959455965787657,0,0,0,0,0,0.0,0.0,0.0,0.0,0.0,0.0,0.0,0.0,True,1624,2026-01,432,0.30092592592592593,0.20670308866441992,413,0.42,0.86,0.01831002648865232,0,0,0,0,0,0.0,0.0,0.0,0.0,0.0,0.0,0.0,0.0,True,2056,2026-02,413,0.27602905569007263,0.1994411079367934,287,0.42,0.86,0.009385430509343873,0,0,0,0,0,0.0,0.0,0.0,0.0,0.0,0.0,0.0,0.0,True,2469,2026-03,287,0.33797909407665505,0.22357662196827202,238,0.42,0.86,0.010049422872655367,0,0,0,2,1,0.5,1.4667233889812281,1.3346752171146279,1.098936557878155,1.098936557878155,0.13204817186660023,1.3346752171146279,0.06602408593330011,True,2756,2026-04,238,0.3067226890756303,0.19519784239736004,370,0.42,0.86,-0.07782270443448588,18,3,2
1,趋势空头,18,31fb556a902e304e,1007.3668160989555,False,连续两个有机会开发月无交易|有效开发月份不足|开发交易样本不足,6,0.42,0.86,6,1.8,1.15,0.003,180,0.9,0.08,48,0.38,2,0.035,220,5.0,38,0,0,0.0,0.0,0.0,0.0,0.0,0.0,0.0,0.0,True,668,2025-11,446,0.30493273542600896,0.21184406011202883,510,0.42,0.86,0.008640142734359035,0,0,0,0,0,0.0,0.0,0.0,0.0,0.0,0.0,0.0,0.0,True,1114,2025-12,510,0.18627450980392157,0.1491413408861209,432,0.42,0.86,0.017959455965787657,0,0,0,0,0,0.0,0.0,0.0,0.0,0.0,0.0,0.0,0.0,True,1624,2026-01,432,0.30092592592592593,0.20670308866441992,413,0.42,0.86,0.01831002648865232,0,0,0,0,0,0.0,0.0,0.0,0.0,0.0,0.0,0.0,0.0,True,2056,2026-02,413,0.27602905569007263,0.1994411079367934,287,0.42,0.86,0.009385430509343873,0,0,0,0,0,0.0,0.0,0.0,0.0,0.0,0.0,0.0,0.0,True,2469,2026-03,287,0.33797909407665505,0.22357662196827202,238,0.42,0.86,0.010049422872655367,0,0,0,2,1,0.5,1.4667233889812281,1.3346752171146279,1.098936557878155,1.098936557878155,0.13204817186660023,1.3346752171146279,0.06602408593330011,True,2756,2026-04,238,0.3067226890756303,0.19519784239736004,370,0.42,0.86,-0.07782270443448588,18,3,2
1,趋势空头,19,4edc9d2bebb77471,1007.3668160989555,False,连续两个有机会开发月无交易|有效开发月份不足|开发交易样本不足,6,0.46,0.7,1,1.8,1.15,0.003,180,0.9,0.08,48,0.38,2,0.035,220,5.0,38,0,0,0.0,0.0,0.0,0.0,0.0,0.0,0.0,0.0,True,668,2025-11,446,0.30493273542600896,0.21184406011202883,510,0.46,0.7,0.008640142734359035,0,0,0,0,0,0.0,0.0,0.0,0.0,0.0,0.0,0.0,0.0,True,1114,2025-12,510,0.18627450980392157,0.1491413408861209,432,0.46,0.7,0.017959455965787657,0,0,0,0,0,0.0,0.0,0.0,0.0,0.0,0.0,0.0,0.0,True,1624,2026-01,432,0.30092592592592593,0.20670308866441992,413,0.46,0.7,0.01831002648865232,0,0,0,0,0,0.0,0.0,0.0,0.0,0.0,0.0,0.0,0.0,True,2056,2026-02,413,0.27602905569007263,0.1994411079367934,287,0.46,0.7,0.009385430509343873,0,0,0,0,0,0.0,0.0,0.0,0.0,0.0,0.0,0.0,0.0,True,2469,2026-03,287,0.33797909407665505,0.22357662196827202,238,0.46,0.7,0.010049422872655367,0,0,0,2,1,0.5,1.4667233889812281,1.3346752171146279,1.098936557878155,1.098936557878155,0.13204817186660023,1.3346752171146279,0.06602408593330011,True,2756,2026-04,238,0.3067226890756303,0.19519784239736004,370,0.46,0.7,-0.07782270443448588,8,3,2
1,趋势空头,20,c2cb9ce674417999,1007.3668160989555,False,连续两个有机会开发月无交易|有效开发月份不足|开发交易样本不足,6,0.46,0.7,3,1.8,1.15,0.003,180,0.9,0.08,48,0.38,2,0.035,220,5.0,38,0,0,0.0,0.0,0.0,0.0,0.0,0.0,0.0,0.0,True,668,2025-11,446,0.30493273542600896,0.21184406011202883,510,0.46,0.7,0.008640142734359035,0,0,0,0,0,0.0,0.0,0.0,0.0,0.0,0.0,0.0,0.0,True,1114,2025-12,510,0.18627450980392157,0.1491413408861209,432,0.46,0.7,0.017959455965787657,0,0,0,0,0,0.0,0.0,0.0,0.0,0.0,0.0,0.0,0.0,True,1624,2026-01,432,0.30092592592592593,0.20670308866441992,413,0.46,0.7,0.01831002648865232,0,0,0,0,0,0.0,0.0,0.0,0.0,0.0,0.0,0.0,0.0,True,2056,2026-02,413,0.27602905569007263,0.1994411079367934,287,0.46,0.7,0.009385430509343873,0,0,0,0,0,0.0,0.0,0.0,0.0,0.0,0.0,0.0,0.0,True,2469,2026-03,287,0.33797909407665505,0.22357662196827202,238,0.46,0.7,0.010049422872655367,0,0,0,2,1,0.5,1.4667233889812281,1.3346752171146279,1.098936557878155,1.098936557878155,0.13204817186660023,1.3346752171146279,0.06602408593330011,True,2756,2026-04,238,0.3067226890756303,0.19519784239736004,370,0.46,0.7,-0.07782270443448588,8,3,2
1,趋势空头,21,4a68361a6f7b0f35,1007.3668160989555,False,连续两个有机会开发月无交易|有效开发月份不足|开发交易样本不足,6,0.46,0.7,6,1.8,1.15,0.003,180,0.9,0.08,48,0.38,2,0.035,220,5.0,38,0,0,0.0,0.0,0.0,0.0,0.0,0.0,0.0,0.0,True,668,2025-11,446,0.30493273542600896,0.21184406011202883,510,0.46,0.7,0.008640142734359035,0,0,0,0,0,0.0,0.0,0.0,0.0,0.0,0.0,0.0,0.0,True,1114,2025-12,510,0.18627450980392157,0.1491413408861209,432,0.46,0.7,0.017959455965787657,0,0,0,0,0,0.0,0.0,0.0,0.0,0.0,0.0,0.0,0.0,True,1624,2026-01,432,0.30092592592592593,0.20670308866441992,413,0.46,0.7,0.01831002648865232,0,0,0,0,0,0.0,0.0,0.0,0.0,0.0,0.0,0.0,0.0,True,2056,2026-02,413,0.27602905569007263,0.1994411079367934,287,0.46,0.7,0.009385430509343873,0,0,0,0,0,0.0,0.0,0.0,0.0,0.0,0.0,0.0,0.0,True,2469,2026-03,287,0.33797909407665505,0.22357662196827202,238,0.46,0.7,0.010049422872655367,0,0,0,2,1,0.5,1.4667233889812281,1.3346752171146279,1.098936557878155,1.098936557878155,0.13204817186660023,1.3346752171146279,0.06602408593330011,True,2756,2026-04,238,0.3067226890756303,0.19519784239736004,370,0.46,0.7,-0.07782270443448588,8,3,2
1,趋势空头,22,de8b623f8d5fa3ce,1007.3668160989555,False,连续两个有机会开发月无交易|有效开发月份不足|开发交易样本不足,6,0.46,0.78,1,1.8,1.15,0.003,180,0.9,0.08,48,0.38,2,0.035,220,5.0,38,0,0,0.0,0.0,0.0,0.0,0.0,0.0,0.0,0.0,True,668,2025-11,446,0.30493273542600896,0.21184406011202883,510,0.46,0.78,0.008640142734359035,0,0,0,0,0,0.0,0.0,0.0,0.0,0.0,0.0,0.0,0.0,True,1114,2025-12,510,0.18627450980392157,0.1491413408861209,432,0.46,0.78,0.017959455965787657,0,0,0,0,0,0.0,0.0,0.0,0.0,0.0,0.0,0.0,0.0,True,1624,2026-01,432,0.30092592592592593,0.20670308866441992,413,0.46,0.78,0.01831002648865232,0,0,0,0,0,0.0,0.0,0.0,0.0,0.0,0.0,0.0,0.0,True,2056,2026-02,413,0.27602905569007263,0.1994411079367934,287,0.46,0.78,0.009385430509343873,0,0,0,0,0,0.0,0.0,0.0,0.0,0.0,0.0,0.0,0.0,True,2469,2026-03,287,0.33797909407665505,0.22357662196827202,238,0.46,0.78,0.010049422872655367,0,0,0,2,1,0.5,1.4667233889812281,1.3346752171146279,1.098936557878155,1.098936557878155,0.13204817186660023,1.3346752171146279,0.06602408593330011,True,2756,2026-04,238,0.3067226890756303,0.19519784239736004,370,0.46,0.78,-0.07782270443448588,8,3,2
1,趋势空头,23,7ce6996abb1d9d68,1007.3668160989555,False,连续两个有机会开发月无交易|有效开发月份不足|开发交易样本不足,6,0.46,0.78,3,1.8,1.15,0.003,180,0.9,0.08,48,0.38,2,0.035,220,5.0,38,0,0,0.0,0.0,0.0,0.0,0.0,0.0,0.0,0.0,True,668,2025-11,446,0.30493273542600896,0.21184406011202883,510,0.46,0.78,0.008640142734359035,0,0,0,0,0,0.0,0.0,0.0,0.0,0.0,0.0,0.0,0.0,True,1114,2025-12,510,0.18627450980392157,0.1491413408861209,432,0.46,0.78,0.017959455965787657,0,0,0,0,0,0.0,0.0,0.0,0.0,0.0,0.0,0.0,0.0,True,1624,2026-01,432,0.30092592592592593,0.20670308866441992,413,0.46,0.78,0.01831002648865232,0,0,0,0,0,0.0,0.0,0.0,0.0,0.0,0.0,0.0,0.0,True,2056,2026-02,413,0.27602905569007263,0.1994411079367934,287,0.46,0.78,0.009385430509343873,0,0,0,0,0,0.0,0.0,0.0,0.0,0.0,0.0,0.0,0.0,True,2469,2026-03,287,0.33797909407665505,0.22357662196827202,238,0.46,0.78,0.010049422872655367,0,0,0,2,1,0.5,1.4667233889812281,1.3346752171146279,1.098936557878155,1.098936557878155,0.13204817186660023,1.3346752171146279,0.06602408593330011,True,2756,2026-04,238,0.3067226890756303,0.19519784239736004,370,0.46,0.78,-0.07782270443448588,8,3,2
1,趋势空头,24,21cb117e1598e42b,1007.3668160989555,False,连续两个有机会开发月无交易|有效开发月份不足|开发交易样本不足,6,0.46,0.78,6,1.8,1.15,0.003,180,0.9,0.08,48,0.38,2,0.035,220,5.0,38,0,0,0.0,0.0,0.0,0.0,0.0,0.0,0.0,0.0,True,668,2025-11,446,0.30493273542600896,0.21184406011202883,510,0.46,0.78,0.008640142734359035,0,0,0,0,0,0.0,0.0,0.0,0.0,0.0,0.0,0.0,0.0,True,1114,2025-12,510,0.18627450980392157,0.1491413408861209,432,0.46,0.78,0.017959455965787657,0,0,0,0,0,0.0,0.0,0.0,0.0,0.0,0.0,0.0,0.0,True,1624,2026-01,432,0.30092592592592593,0.20670308866441992,413,0.46,0.78,0.01831002648865232,0,0,0,0,0,0.0,0.0,0.0,0.0,0.0,0.0,0.0,0.0,True,2056,2026-02,413,0.27602905569007263,0.1994411079367934,287,0.46,0.78,0.009385430509343873,0,0,0,0,0,0.0,0.0,0.0,0.0,0.0,0.0,0.0,0.0,True,2469,2026-03,287,0.33797909407665505,0.22357662196827202,238,0.46,0.78,0.010049422872655367,0,0,0,2,1,0.5,1.4667233889812281,1.3346752171146279,1.098936557878155,1.098936557878155,0.13204817186660023,1.3346752171146279,0.06602408593330011,True,2756,2026-04,238,0.3067226890756303,0.19519784239736004,370,0.46,0.78,-0.07782270443448588,8,3,2
1,趋势空头,25,a7ee8cd196fb4775,1007.3668160989555,False,连续两个有机会开发月无交易|有效开发月份不足|开发交易样本不足,6,0.46,0.86,1,1.8,1.15,0.003,180,0.9,0.08,48,0.38,2,0.035,220,5.0,38,0,0,0.0,0.0,0.0,0.0,0.0,0.0,0.0,0.0,True,668,2025-11,446,0.30493273542600896,0.21184406011202883,510,0.46,0.86,0.008640142734359035,0,0,0,0,0,0.0,0.0,0.0,0.0,0.0,0.0,0.0,0.0,True,1114,2025-12,510,0.18627450980392157,0.1491413408861209,432,0.46,0.86,0.017959455965787657,0,0,0,0,0,0.0,0.0,0.0,0.0,0.0,0.0,0.0,0.0,True,1624,2026-01,432,0.30092592592592593,0.20670308866441992,413,0.46,0.86,0.01831002648865232,0,0,0,0,0,0.0,0.0,0.0,0.0,0.0,0.0,0.0,0.0,True,2056,2026-02,413,0.27602905569007263,0.1994411079367934,287,0.46,0.86,0.009385430509343873,0,0,0,0,0,0.0,0.0,0.0,0.0,0.0,0.0,0.0,0.0,True,2469,2026-03,287,0.33797909407665505,0.22357662196827202,238,0.46,0.86,0.010049422872655367,0,0,0,2,1,0.5,1.4667233889812281,1.3346752171146279,1.098936557878155,1.098936557878155,0.13204817186660023,1.3346752171146279,0.06602408593330011,True,2756,2026-04,238,0.3067226890756303,0.19519784239736004,370,0.46,0.86,-0.07782270443448588,8,3,2
1,趋势空头,26,ede2bbf010f07843,1007.3668160989555,False,连续两个有机会开发月无交易|有效开发月份不足|开发交易样本不足,6,0.46,0.86,3,1.8,1.15,0.003,180,0.9,0.08,48,0.38,2,0.035,220,5.0,38,0,0,0.0,0.0,0.0,0.0,0.0,0.0,0.0,0.0,True,668,2025-11,446,0.30493273542600896,0.21184406011202883,510,0.46,0.86,0.008640142734359035,0,0,0,0,0,0.0,0.0,0.0,0.0,0.0,0.0,0.0,0.0,True,1114,2025-12,510,0.18627450980392157,0.1491413408861209,432,0.46,0.86,0.017959455965787657,0,0,0,0,0,0.0,0.0,0.0,0.0,0.0,0.0,0.0,0.0,True,1624,2026-01,432,0.30092592592592593,0.20670308866441992,413,0.46,0.86,0.01831002648865232,0,0,0,0,0,0.0,0.0,0.0,0.0,0.0,0.0,0.0,0.0,True,2056,2026-02,413,0.27602905569007263,0.1994411079367934,287,0.46,0.86,0.009385430509343873,0,0,0,0,0,0.0,0.0,0.0,0.0,0.0,0.0,0.0,0.0,True,2469,2026-03,287,0.33797909407665505,0.22357662196827202,238,0.46,0.86,0.010049422872655367,0,0,0,2,1,0.5,1.4667233889812281,1.3346752171146279,1.098936557878155,1.098936557878155,0.13204817186660023,1.3346752171146279,0.06602408593330011,True,2756,2026-04,238,0.3067226890756303,0.19519784239736004,370,0.46,0.86,-0.07782270443448588,8,3,2
1,趋势空头,27,9e9e84b464f0005e,1007.3668160989555,False,连续两个有机会开发月无交易|有效开发月份不足|开发交易样本不足,6,0.46,0.86,6,1.8,1.15,0.003,180,0.9,0.08,48,0.38,2,0.035,220,5.0,38,0,0,0.0,0.0,0.0,0.0,0.0,0.0,0.0,0.0,True,668,2025-11,446,0.30493273542600896,0.21184406011202883,510,0.46,0.86,0.008640142734359035,0,0,0,0,0,0.0,0.0,0.0,0.0,0.0,0.0,0.0,0.0,True,1114,2025-12,510,0.18627450980392157,0.1491413408861209,432,0.46,0.86,0.017959455965787657,0,0,0,0,0,0.0,0.0,0.0,0.0,0.0,0.0,0.0,0.0,True,1624,2026-01,432,0.30092592592592593,0.20670308866441992,413,0.46,0.86,0.01831002648865232,0,0,0,0,0,0.0,0.0,0.0,0.0,0.0,0.0,0.0,0.0,True,2056,2026-02,413,0.27602905569007263,0.1994411079367934,287,0.46,0.86,0.009385430509343873,0,0,0,0,0,0.0,0.0,0.0,0.0,0.0,0.0,0.0,0.0,True,2469,2026-03,287,0.33797909407665505,0.22357662196827202,238,0.46,0.86,0.010049422872655367,0,0,0,2,1,0.5,1.4667233889812281,1.3346752171146279,1.098936557878155,1.098936557878155,0.13204817186660023,1.3346752171146279,0.06602408593330011,True,2756,2026-04,238,0.3067226890756303,0.19519784239736004,370,0.46,0.86,-0.07782270443448588,8,3,2
1,趋势空头,28,60aca2b28b7ea932,979.3668160989555,False,连续两个有机会开发月无交易|有效开发月份不足|开发交易样本不足,8,0.38,0.7,1,1.8,1.15,0.003,180,0.9,0.08,48,0.38,2,0.035,220,5.0,38,0,0,0.0,0.0,0.0,0.0,0.0,0.0,0.0,0.0,True,668,2025-11,446,0.30493273542600896,0.21184406011202883,510,0.38,0.7,0.008640142734359035,0,0,0,0,0,0.0,0.0,0.0,0.0,0.0,0.0,0.0,0.0,True,1114,2025-12,510,0.18627450980392157,0.1491413408861209,432,0.38,0.7,0.017959455965787657,0,0,0,0,0,0.0,0.0,0.0,0.0,0.0,0.0,0.0,0.0,True,1624,2026-01,432,0.30092592592592593,0.20670308866441992,413,0.38,0.7,0.01831002648865232,23,0,0,0,0,0.0,0.0,0.0,0.0,0.0,0.0,0.0,0.0,True,2056,2026-02,413,0.27602905569007263,0.1994411079367934,287,0.38,0.7,0.009385430509343873,0,0,0,0,0,0.0,0.0,0.0,0.0,0.0,0.0,0.0,0.0,True,2469,2026-03,287,0.33797909407665505,0.22357662196827202,238,0.38,0.7,0.010049422872655367,20,0,0,2,1,0.5,1.4667233889812281,1.3346752171146279,1.098936557878155,1.098936557878155,0.13204817186660023,1.3346752171146279,0.06602408593330011,True,2756,2026-04,238,0.3067226890756303,0.19519784239736004,370,0.38,0.7,-0.07782270443448588,31,3,2
1,趋势空头,29,1e5202cf47192b04,979.3668160989555,False,连续两个有机会开发月无交易|有效开发月份不足|开发交易样本不足,8,0.38,0.7,3,1.8,1.15,0.003,180,0.9,0.08,48,0.38,2,0.035,220,5.0,38,0,0,0.0,0.0,0.0,0.0,0.0,0.0,0.0,0.0,True,668,2025-11,446,0.30493273542600896,0.21184406011202883,510,0.38,0.7,0.008640142734359035,0,0,0,0,0,0.0,0.0,0.0,0.0,0.0,0.0,0.0,0.0,True,1114,2025-12,510,0.18627450980392157,0.1491413408861209,432,0.38,0.7,0.017959455965787657,0,0,0,0,0,0.0,0.0,0.0,0.0,0.0,0.0,0.0,0.0,True,1624,2026-01,432,0.30092592592592593,0.20670308866441992,413,0.38,0.7,0.01831002648865232,23,0,0,0,0,0.0,0.0,0.0,0.0,0.0,0.0,0.0,0.0,True,2056,2026-02,413,0.27602905569007263,0.1994411079367934,287,0.38,0.7,0.009385430509343873,0,0,0,0,0,0.0,0.0,0.0,0.0,0.0,0.0,0.0,0.0,True,2469,2026-03,287,0.33797909407665505,0.22357662196827202,238,0.38,0.7,0.010049422872655367,20,0,0,2,1,0.5,1.4667233889812281,1.3346752171146279,1.098936557878155,1.098936557878155,0.13204817186660023,1.3346752171146279,0.06602408593330011,True,2756,2026-04,238,0.3067226890756303,0.19519784239736004,370,0.38,0.7,-0.07782270443448588,31,3,2
1,趋势空头,30,bedb3b70fab36328,979.3668160989555,False,连续两个有机会开发月无交易|有效开发月份不足|开发交易样本不足,8,0.38,0.7,6,1.8,1.15,0.003,180,0.9,0.08,48,0.38,2,0.035,220,5.0,38,0,0,0.0,0.0,0.0,0.0,0.0,0.0,0.0,0.0,True,668,2025-11,446,0.30493273542600896,0.21184406011202883,510,0.38,0.7,0.008640142734359035,0,0,0,0,0,0.0,0.0,0.0,0.0,0.0,0.0,0.0,0.0,True,1114,2025-12,510,0.18627450980392157,0.1491413408861209,432,0.38,0.7,0.017959455965787657,0,0,0,0,0,0.0,0.0,0.0,0.0,0.0,0.0,0.0,0.0,True,1624,2026-01,432,0.30092592592592593,0.20670308866441992,413,0.38,0.7,0.01831002648865232,23,0,0,0,0,0.0,0.0,0.0,0.0,0.0,0.0,0.0,0.0,True,2056,2026-02,413,0.27602905569007263,0.1994411079367934,287,0.38,0.7,0.009385430509343873,0,0,0,0,0,0.0,0.0,0.0,0.0,0.0,0.0,0.0,0.0,True,2469,2026-03,287,0.33797909407665505,0.22357662196827202,238,0.38,0.7,0.010049422872655367,20,0,0,2,1,0.5,1.4667233889812281,1.3346752171146279,1.098936557878155,1.098936557878155,0.13204817186660023,1.3346752171146279,0.06602408593330011,True,2756,2026-04,238,0.3067226890756303,0.19519784239736004,370,0.38,0.7,-0.07782270443448588,31,3,2
2,震荡多头反转,1,681335ff9501ca20,3811.3836545516115,False,连续两个有机会开发月无交易|有效开发月份不足|开发交易样本不足,6,0.38,0.75,2,2.0,1.2,0.0033,180,0.95,0.1,48,0.3,2,0.035,220,6.0,32,0,0,0.0,0.0,0.0,0.0,0.0,0.0,0.0,0.0,True,103,2025-11,62,0.27419354838709675,0.19416980097021255,63,0.38,0.75,0.012677201313837427,3,0,0,0,0,0.0,0.0,0.0,0.0,0.0,0.0,0.0,0.0,True,165,2025-12,63,0.19047619047619047,0.15309826979081687,54,0.38,0.75,0.006030042981961553,0,0,0,0,0,0.0,0.0,0.0,0.0,0.0,0.0,0.0,0.0,True,228,2026-01,54,0.09259259259259259,0.08388220727896674,81,0.38,0.75,-0.0012470554880364693,0,0,0,0,0,0.0,0.0,0.0,0.0,0.0,0.0,0.0,0.0,True,282,2026-02,81,0.12345679012345678,0.10773741711613576,103,0.38,0.75,0.0011916914855075317,0,0,0,0,0,0.0,0.0,0.0,0.0,0.0,0.0,0.0,0.0,True,363,2026-03,103,0.20388349514563106,0.16165845959133465,53,0.38,0.75,0.00013114015926338207,0,0,0,5,3,0.6,1.6952174254060648,0.7535718349005818,2.249576413149403,3.3743646197241044,3.5785086064170306,1.5071436698011635,0.7157017212834061,True,466,2026-04,53,0.4716981132075472,0.24918455706375478,90,0.38,0.75,-6.722526929658912e-05,17,6,5
2,震荡多头反转,2,51e2064a79fa314f,3811.3836545516115,False,连续两个有机会开发月无交易|有效开发月份不足|开发交易样本不足,6,0.38,0.75,5,2.0,1.2,0.0033,180,0.95,0.1,48,0.3,2,0.035,220,6.0,32,0,0,0.0,0.0,0.0,0.0,0.0,0.0,0.0,0.0,True,103,2025-11,62,0.27419354838709675,0.19416980097021255,63,0.38,0.75,0.012677201313837427,3,0,0,0,0,0.0,0.0,0.0,0.0,0.0,0.0,0.0,0.0,True,165,2025-12,63,0.19047619047619047,0.15309826979081687,54,0.38,0.75,0.006030042981961553,0,0,0,0,0,0.0,0.0,0.0,0.0,0.0,0.0,0.0,0.0,True,228,2026-01,54,0.09259259259259259,0.08388220727896674,81,0.38,0.75,-0.0012470554880364693,0,0,0,0,0,0.0,0.0,0.0,0.0,0.0,0.0,0.0,0.0,True,282,2026-02,81,0.12345679012345678,0.10773741711613576,103,0.38,0.75,0.0011916914855075317,0,0,0,0,0,0.0,0.0,0.0,0.0,0.0,0.0,0.0,0.0,True,363,2026-03,103,0.20388349514563106,0.16165845959133465,53,0.38,0.75,0.00013114015926338207,0,0,0,5,3,0.6,1.6952174254060648,0.7535718349005818,2.249576413149403,3.3743646197241044,3.5785086064170306,1.5071436698011635,0.7157017212834061,True,466,2026-04,53,0.4716981132075472,0.24918455706375478,90,0.38,0.75,-6.722526929658912e-05,17,6,5
2,震荡多头反转,3,5caa7891cbb37d3a,3811.3836545516115,False,连续两个有机会开发月无交易|有效开发月份不足|开发交易样本不足,6,0.38,0.75,8,2.0,1.2,0.0033,180,0.95,0.1,48,0.3,2,0.035,220,6.0,32,0,0,0.0,0.0,0.0,0.0,0.0,0.0,0.0,0.0,True,103,2025-11,62,0.27419354838709675,0.19416980097021255,63,0.38,0.75,0.012677201313837427,3,0,0,0,0,0.0,0.0,0.0,0.0,0.0,0.0,0.0,0.0,True,165,2025-12,63,0.19047619047619047,0.15309826979081687,54,0.38,0.75,0.006030042981961553,0,0,0,0,0,0.0,0.0,0.0,0.0,0.0,0.0,0.0,0.0,True,228,2026-01,54,0.09259259259259259,0.08388220727896674,81,0.38,0.75,-0.0012470554880364693,0,0,0,0,0,0.0,0.0,0.0,0.0,0.0,0.0,0.0,0.0,True,282,2026-02,81,0.12345679012345678,0.10773741711613576,103,0.38,0.75,0.0011916914855075317,0,0,0,0,0,0.0,0.0,0.0,0.0,0.0,0.0,0.0,0.0,True,363,2026-03,103,0.20388349514563106,0.16165845959133465,53,0.38,0.75,0.00013114015926338207,0,0,0,5,3,0.6,1.6952174254060648,0.7535718349005818,2.249576413149403,3.3743646197241044,3.5785086064170306,1.5071436698011635,0.7157017212834061,True,466,2026-04,53,0.4716981132075472,0.24918455706375478,90,0.38,0.75,-6.722526929658912e-05,17,6,5
2,震荡多头反转,4,fe26965547d0e57b,3811.3836545516115,False,连续两个有机会开发月无交易|有效开发月份不足|开发交易样本不足,6,0.42,0.75,2,2.0,1.2,0.0033,180,0.95,0.1,48,0.3,2,0.035,220,6.0,32,0,0,0.0,0.0,0.0,0.0,0.0,0.0,0.0,0.0,True,103,2025-11,62,0.27419354838709675,0.19416980097021255,63,0.42,0.75,0.012677201313837427,0,0,0,0,0,0.0,0.0,0.0,0.0,0.0,0.0,0.0,0.0,True,165,2025-12,63,0.19047619047619047,0.15309826979081687,54,0.42,0.75,0.006030042981961553,0,0,0,0,0,0.0,0.0,0.0,0.0,0.0,0.0,0.0,0.0,True,228,2026-01,54,0.09259259259259259,0.08388220727896674,81,0.42,0.75,-0.0012470554880364693,0,0,0,0,0,0.0,0.0,0.0,0.0,0.0,0.0,0.0,0.0,True,282,2026-02,81,0.12345679012345678,0.10773741711613576,103,0.42,0.75,0.0011916914855075317,0,0,0,0,0,0.0,0.0,0.0,0.0,0.0,0.0,0.0,0.0,True,363,2026-03,103,0.20388349514563106,0.16165845959133465,53,0.42,0.75,0.00013114015926338207,0,0,0,5,3,0.6,1.6952174254060648,0.7535718349005818,2.249576413149403,3.3743646197241044,3.5785086064170306,1.5071436698011635,0.7157017212834061,True,466,2026-04,53,0.4716981132075472,0.24918455706375478,90,0.42,0.75,-6.722526929658912e-05,17,6,5
2,震荡多头反转,5,b35381dd1620bf93,3811.3836545516115,False,连续两个有机会开发月无交易|有效开发月份不足|开发交易样本不足,6,0.42,0.75,5,2.0,1.2,0.0033,180,0.95,0.1,48,0.3,2,0.035,220,6.0,32,0,0,0.0,0.0,0.0,0.0,0.0,0.0,0.0,0.0,True,103,2025-11,62,0.27419354838709675,0.19416980097021255,63,0.42,0.75,0.012677201313837427,0,0,0,0,0,0.0,0.0,0.0,0.0,0.0,0.0,0.0,0.0,True,165,2025-12,63,0.19047619047619047,0.15309826979081687,54,0.42,0.75,0.006030042981961553,0,0,0,0,0,0.0,0.0,0.0,0.0,0.0,0.0,0.0,0.0,True,228,2026-01,54,0.09259259259259259,0.08388220727896674,81,0.42,0.75,-0.0012470554880364693,0,0,0,0,0,0.0,0.0,0.0,0.0,0.0,0.0,0.0,0.0,True,282,2026-02,81,0.12345679012345678,0.10773741711613576,103,0.42,0.75,0.0011916914855075317,0,0,0,0,0,0.0,0.0,0.0,0.0,0.0,0.0,0.0,0.0,True,363,2026-03,103,0.20388349514563106,0.16165845959133465,53,0.42,0.75,0.00013114015926338207,0,0,0,5,3,0.6,1.6952174254060648,0.7535718349005818,2.249576413149403,3.3743646197241044,3.5785086064170306,1.5071436698011635,0.7157017212834061,True,466,2026-04,53,0.4716981132075472,0.24918455706375478,90,0.42,0.75,-6.722526929658912e-05,17,6,5
2,震荡多头反转,6,87d4a7f25136789f,3811.3836545516115,False,连续两个有机会开发月无交易|有效开发月份不足|开发交易样本不足,6,0.42,0.75,8,2.0,1.2,0.0033,180,0.95,0.1,48,0.3,2,0.035,220,6.0,32,0,0,0.0,0.0,0.0,0.0,0.0,0.0,0.0,0.0,True,103,2025-11,62,0.27419354838709675,0.19416980097021255,63,0.42,0.75,0.012677201313837427,0,0,0,0,0,0.0,0.0,0.0,0.0,0.0,0.0,0.0,0.0,True,165,2025-12,63,0.19047619047619047,0.15309826979081687,54,0.42,0.75,0.006030042981961553,0,0,0,0,0,0.0,0.0,0.0,0.0,0.0,0.0,0.0,0.0,True,228,2026-01,54,0.09259259259259259,0.08388220727896674,81,0.42,0.75,-0.0012470554880364693,0,0,0,0,0,0.0,0.0,0.0,0.0,0.0,0.0,0.0,0.0,True,282,2026-02,81,0.12345679012345678,0.10773741711613576,103,0.42,0.75,0.0011916914855075317,0,0,0,0,0,0.0,0.0,0.0,0.0,0.0,0.0,0.0,0.0,True,363,2026-03,103,0.20388349514563106,0.16165845959133465,53,0.42,0.75,0.00013114015926338207,0,0,0,5,3,0.6,1.6952174254060648,0.7535718349005818,2.249576413149403,3.3743646197241044,3.5785086064170306,1.5071436698011635,0.7157017212834061,True,466,2026-04,53,0.4716981132075472,0.24918455706375478,90,0.42,0.75,-6.722526929658912e-05,17,6,5
2,震荡多头反转,7,cca10ffb79f3fec4,3811.3836545516115,False,连续两个有机会开发月无交易|有效开发月份不足|开发交易样本不足,6,0.46,0.75,2,2.0,1.2,0.0033,180,0.95,0.1,48,0.3,2,0.035,220,6.0,32,0,0,0.0,0.0,0.0,0.0,0.0,0.0,0.0,0.0,True,103,2025-11,62,0.27419354838709675,0.19416980097021255,63,0.46,0.75,0.012677201313837427,0,0,0,0,0,0.0,0.0,0.0,0.0,0.0,0.0,0.0,0.0,True,165,2025-12,63,0.19047619047619047,0.15309826979081687,54,0.46,0.75,0.006030042981961553,0,0,0,0,0,0.0,0.0,0.0,0.0,0.0,0.0,0.0,0.0,True,228,2026-01,54,0.09259259259259259,0.08388220727896674,81,0.46,0.75,-0.0012470554880364693,0,0,0,0,0,0.0,0.0,0.0,0.0,0.0,0.0,0.0,0.0,True,282,2026-02,81,0.12345679012345678,0.10773741711613576,103,0.46,0.75,0.0011916914855075317,0,0,0,0,0,0.0,0.0,0.0,0.0,0.0,0.0,0.0,0.0,True,363,2026-03,103,0.20388349514563106,0.16165845959133465,53,0.46,0.75,0.00013114015926338207,0,0,0,5,3,0.6,1.6952174254060648,0.7535718349005818,2.249576413149403,3.3743646197241044,3.5785086064170306,1.5071436698011635,0.7157017212834061,True,466,2026-04,53,0.4716981132075472,0.24918455706375478,90,0.46,0.75,-6.722526929658912e-05,17,6,5
2,震荡多头反转,8,150c5e5459ae68fc,3811.3836545516115,False,连续两个有机会开发月无交易|有效开发月份不足|开发交易样本不足,6,0.46,0.75,5,2.0,1.2,0.0033,180,0.95,0.1,48,0.3,2,0.035,220,6.0,32,0,0,0.0,0.0,0.0,0.0,0.0,0.0,0.0,0.0,True,103,2025-11,62,0.27419354838709675,0.19416980097021255,63,0.46,0.75,0.012677201313837427,0,0,0,0,0,0.0,0.0,0.0,0.0,0.0,0.0,0.0,0.0,True,165,2025-12,63,0.19047619047619047,0.15309826979081687,54,0.46,0.75,0.006030042981961553,0,0,0,0,0,0.0,0.0,0.0,0.0,0.0,0.0,0.0,0.0,True,228,2026-01,54,0.09259259259259259,0.08388220727896674,81,0.46,0.75,-0.0012470554880364693,0,0,0,0,0,0.0,0.0,0.0,0.0,0.0,0.0,0.0,0.0,True,282,2026-02,81,0.12345679012345678,0.10773741711613576,103,0.46,0.75,0.0011916914855075317,0,0,0,0,0,0.0,0.0,0.0,0.0,0.0,0.0,0.0,0.0,True,363,2026-03,103,0.20388349514563106,0.16165845959133465,53,0.46,0.75,0.00013114015926338207,0,0,0,5,3,0.6,1.6952174254060648,0.7535718349005818,2.249576413149403,3.3743646197241044,3.5785086064170306,1.5071436698011635,0.7157017212834061,True,466,2026-04,53,0.4716981132075472,0.24918455706375478,90,0.46,0.75,-6.722526929658912e-05,17,6,5
2,震荡多头反转,9,5263925dedbcc3cd,3811.3836545516115,False,连续两个有机会开发月无交易|有效开发月份不足|开发交易样本不足,6,0.46,0.75,8,2.0,1.2,0.0033,180,0.95,0.1,48,0.3,2,0.035,220,6.0,32,0,0,0.0,0.0,0.0,0.0,0.0,0.0,0.0,0.0,True,103,2025-11,62,0.27419354838709675,0.19416980097021255,63,0.46,0.75,0.012677201313837427,0,0,0,0,0,0.0,0.0,0.0,0.0,0.0,0.0,0.0,0.0,True,165,2025-12,63,0.19047619047619047,0.15309826979081687,54,0.46,0.75,0.006030042981961553,0,0,0,0,0,0.0,0.0,0.0,0.0,0.0,0.0,0.0,0.0,True,228,2026-01,54,0.09259259259259259,0.08388220727896674,81,0.46,0.75,-0.0012470554880364693,0,0,0,0,0,0.0,0.0,0.0,0.0,0.0,0.0,0.0,0.0,True,282,2026-02,81,0.12345679012345678,0.10773741711613576,103,0.46,0.75,0.0011916914855075317,0,0,0,0,0,0.0,0.0,0.0,0.0,0.0,0.0,0.0,0.0,True,363,2026-03,103,0.20388349514563106,0.16165845959133465,53,0.46,0.75,0.00013114015926338207,0,0,0,5,3,0.6,1.6952174254060648,0.7535718349005818,2.249576413149403,3.3743646197241044,3.5785086064170306,1.5071436698011635,0.7157017212834061,True,466,2026-04,53,0.4716981132075472,0.24918455706375478,90,0.46,0.75,-6.722526929658912e-05,17,6,5
2,震荡多头反转,10,337cb08719f9a1ae,2543.99603007139,False,连续两个有机会开发月无交易|有效开发月份不足|开发交易样本不足,8,0.38,0.88,2,1.6,0.95,0.0028,120,0.8,0.06,36,0.32,2,0.035,220,6.0,32,0,0,0.0,0.0,0.0,0.0,0.0,0.0,0.0,0.0,True,103,2025-11,62,0.3064516129032258,0.21180605503219493,63,0.38,0.88,0.008423453184477514,0,0,0,0,0,0.0,0.0,0.0,0.0,0.0,0.0,0.0,0.0,True,165,2025-12,63,0.19047619047619047,0.15409790258679187,54,0.38,0.88,-0.0006146655022377656,0,0,0,0,0,0.0,0.0,0.0,0.0,0.0,0.0,0.0,0.0,True,228,2026-01,54,0.12962962962962962,0.11218855372221116,81,0.38,0.88,-0.0004702234121001514,0,0,0,0,0,0.0,0.0,0.0,0.0,0.0,0.0,0.0,0.0,True,282,2026-02,81,0.18518518518518517,0.1501459721837169,103,0.38,0.88,-0.00269372226429318,0,0,0,0,0,0.0,0.0,0.0,0.0,0.0,0.0,0.0,0.0,True,363,2026-03,103,0.24271844660194175,0.18293680369688642,53,0.38,0.88,0.012615754271185858,0,0,0,5,2,0.4,1.2411260409527478,0.2980730366152598,4.163831975700443,2.7758879838002954,1.588032972059716,0.5961568198764557,0.31760659441194317,True,466,2026-04,53,0.4528301886792453,0.2417425170691968,90,0.38,0.88,-0.0038731452193245808,17,8,5
2,震荡多头反转,11,2a565cb3fbde8aea,2543.99603007139,False,连续两个有机会开发月无交易|有效开发月份不足|开发交易样本不足,8,0.38,0.88,5,1.6,0.95,0.0028,120,0.8,0.06,36,0.32,2,0.035,220,6.0,32,0,0,0.0,0.0,0.0,0.0,0.0,0.0,0.0,0.0,True,103,2025-11,62,0.3064516129032258,0.21180605503219493,63,0.38,0.88,0.008423453184477514,0,0,0,0,0,0.0,0.0,0.0,0.0,0.0,0.0,0.0,0.0,True,165,2025-12,63,0.19047619047619047,0.15409790258679187,54,0.38,0.88,-0.0006146655022377656,0,0,0,0,0,0.0,0.0,0.0,0.0,0.0,0.0,0.0,0.0,True,228,2026-01,54,0.12962962962962962,0.11218855372221116,81,0.38,0.88,-0.0004702234121001514,0,0,0,0,0,0.0,0.0,0.0,0.0,0.0,0.0,0.0,0.0,True,282,2026-02,81,0.18518518518518517,0.1501459721837169,103,0.38,0.88,-0.00269372226429318,0,0,0,0,0,0.0,0.0,0.0,0.0,0.0,0.0,0.0,0.0,True,363,2026-03,103,0.24271844660194175,0.18293680369688642,53,0.38,0.88,0.012615754271185858,0,0,0,5,2,0.4,1.2411260409527478,0.2980730366152598,4.163831975700443,2.7758879838002954,1.588032972059716,0.5961568198764557,0.31760659441194317,True,466,2026-04,53,0.4528301886792453,0.2417425170691968,90,0.38,0.88,-0.0038731452193245808,17,8,5
2,震荡多头反转,12,79fb157e5def9c0a,2543.99603007139,False,连续两个有机会开发月无交易|有效开发月份不足|开发交易样本不足,8,0.38,0.88,8,1.6,0.95,0.0028,120,0.8,0.06,36,0.32,2,0.035,220,6.0,32,0,0,0.0,0.0,0.0,0.0,0.0,0.0,0.0,0.0,True,103,2025-11,62,0.3064516129032258,0.21180605503219493,63,0.38,0.88,0.008423453184477514,0,0,0,0,0,0.0,0.0,0.0,0.0,0.0,0.0,0.0,0.0,True,165,2025-12,63,0.19047619047619047,0.15409790258679187,54,0.38,0.88,-0.0006146655022377656,0,0,0,0,0,0.0,0.0,0.0,0.0,0.0,0.0,0.0,0.0,True,228,2026-01,54,0.12962962962962962,0.11218855372221116,81,0.38,0.88,-0.0004702234121001514,0,0,0,0,0,0.0,0.0,0.0,0.0,0.0,0.0,0.0,0.0,True,282,2026-02,81,0.18518518518518517,0.1501459721837169,103,0.38,0.88,-0.00269372226429318,0,0,0,0,0,0.0,0.0,0.0,0.0,0.0,0.0,0.0,0.0,True,363,2026-03,103,0.24271844660194175,0.18293680369688642,53,0.38,0.88,0.012615754271185858,0,0,0,5,2,0.4,1.2411260409527478,0.2980730366152598,4.163831975700443,2.7758879838002954,1.588032972059716,0.5961568198764557,0.31760659441194317,True,466,2026-04,53,0.4528301886792453,0.2417425170691968,90,0.38,0.88,-0.0038731452193245808,17,8,5
2,震荡多头反转,13,80b6432d8b3c7f73,2543.99603007139,False,连续两个有机会开发月无交易|有效开发月份不足|开发交易样本不足,8,0.42,0.88,2,1.6,0.95,0.0028,120,0.8,0.06,36,0.32,2,0.035,220,6.0,32,0,0,0.0,0.0,0.0,0.0,0.0,0.0,0.0,0.0,True,103,2025-11,62,0.3064516129032258,0.21180605503219493,63,0.42,0.88,0.008423453184477514,0,0,0,0,0,0.0,0.0,0.0,0.0,0.0,0.0,0.0,0.0,True,165,2025-12,63,0.19047619047619047,0.15409790258679187,54,0.42,0.88,-0.0006146655022377656,0,0,0,0,0,0.0,0.0,0.0,0.0,0.0,0.0,0.0,0.0,True,228,2026-01,54,0.12962962962962962,0.11218855372221116,81,0.42,0.88,-0.0004702234121001514,0,0,0,0,0,0.0,0.0,0.0,0.0,0.0,0.0,0.0,0.0,True,282,2026-02,81,0.18518518518518517,0.1501459721837169,103,0.42,0.88,-0.00269372226429318,0,0,0,0,0,0.0,0.0,0.0,0.0,0.0,0.0,0.0,0.0,True,363,2026-03,103,0.24271844660194175,0.18293680369688642,53,0.42,0.88,0.012615754271185858,0,0,0,5,2,0.4,1.2411260409527478,0.2980730366152598,4.163831975700443,2.7758879838002954,1.588032972059716,0.5961568198764557,0.31760659441194317,True,466,2026-04,53,0.4528301886792453,0.2417425170691968,90,0.42,0.88,-0.0038731452193245808,17,8,5
2,震荡多头反转,14,6c39334789d9206f,2543.99603007139,False,连续两个有机会开发月无交易|有效开发月份不足|开发交易样本不足,8,0.42,0.88,5,1.6,0.95,0.0028,120,0.8,0.06,36,0.32,2,0.035,220,6.0,32,0,0,0.0,0.0,0.0,0.0,0.0,0.0,0.0,0.0,True,103,2025-11,62,0.3064516129032258,0.21180605503219493,63,0.42,0.88,0.008423453184477514,0,0,0,0,0,0.0,0.0,0.0,0.0,0.0,0.0,0.0,0.0,True,165,2025-12,63,0.19047619047619047,0.15409790258679187,54,0.42,0.88,-0.0006146655022377656,0,0,0,0,0,0.0,0.0,0.0,0.0,0.0,0.0,0.0,0.0,True,228,2026-01,54,0.12962962962962962,0.11218855372221116,81,0.42,0.88,-0.0004702234121001514,0,0,0,0,0,0.0,0.0,0.0,0.0,0.0,0.0,0.0,0.0,True,282,2026-02,81,0.18518518518518517,0.1501459721837169,103,0.42,0.88,-0.00269372226429318,0,0,0,0,0,0.0,0.0,0.0,0.0,0.0,0.0,0.0,0.0,True,363,2026-03,103,0.24271844660194175,0.18293680369688642,53,0.42,0.88,0.012615754271185858,0,0,0,5,2,0.4,1.2411260409527478,0.2980730366152598,4.163831975700443,2.7758879838002954,1.588032972059716,0.5961568198764557,0.31760659441194317,True,466,2026-04,53,0.4528301886792453,0.2417425170691968,90,0.42,0.88,-0.0038731452193245808,17,8,5
2,震荡多头反转,15,eb32564439f80c21,2543.99603007139,False,连续两个有机会开发月无交易|有效开发月份不足|开发交易样本不足,8,0.42,0.88,8,1.6,0.95,0.0028,120,0.8,0.06,36,0.32,2,0.035,220,6.0,32,0,0,0.0,0.0,0.0,0.0,0.0,0.0,0.0,0.0,True,103,2025-11,62,0.3064516129032258,0.21180605503219493,63,0.42,0.88,0.008423453184477514,0,0,0,0,0,0.0,0.0,0.0,0.0,0.0,0.0,0.0,0.0,True,165,2025-12,63,0.19047619047619047,0.15409790258679187,54,0.42,0.88,-0.0006146655022377656,0,0,0,0,0,0.0,0.0,0.0,0.0,0.0,0.0,0.0,0.0,True,228,2026-01,54,0.12962962962962962,0.11218855372221116,81,0.42,0.88,-0.0004702234121001514,0,0,0,0,0,0.0,0.0,0.0,0.0,0.0,0.0,0.0,0.0,True,282,2026-02,81,0.18518518518518517,0.1501459721837169,103,0.42,0.88,-0.00269372226429318,0,0,0,0,0,0.0,0.0,0.0,0.0,0.0,0.0,0.0,0.0,True,363,2026-03,103,0.24271844660194175,0.18293680369688642,53,0.42,0.88,0.012615754271185858,0,0,0,5,2,0.4,1.2411260409527478,0.2980730366152598,4.163831975700443,2.7758879838002954,1.588032972059716,0.5961568198764557,0.31760659441194317,True,466,2026-04,53,0.4528301886792453,0.2417425170691968,90,0.42,0.88,-0.0038731452193245808,17,8,5
2,震荡多头反转,16,46e36d49be9c920e,2543.99603007139,False,连续两个有机会开发月无交易|有效开发月份不足|开发交易样本不足,8,0.46,0.88,2,1.6,0.95,0.0028,120,0.8,0.06,36,0.32,2,0.035,220,6.0,32,0,0,0.0,0.0,0.0,0.0,0.0,0.0,0.0,0.0,True,103,2025-11,62,0.3064516129032258,0.21180605503219493,63,0.46,0.88,0.008423453184477514,0,0,0,0,0,0.0,0.0,0.0,0.0,0.0,0.0,0.0,0.0,True,165,2025-12,63,0.19047619047619047,0.15409790258679187,54,0.46,0.88,-0.0006146655022377656,0,0,0,0,0,0.0,0.0,0.0,0.0,0.0,0.0,0.0,0.0,True,228,2026-01,54,0.12962962962962962,0.11218855372221116,81,0.46,0.88,-0.0004702234121001514,0,0,0,0,0,0.0,0.0,0.0,0.0,0.0,0.0,0.0,0.0,True,282,2026-02,81,0.18518518518518517,0.1501459721837169,103,0.46,0.88,-0.00269372226429318,0,0,0,0,0,0.0,0.0,0.0,0.0,0.0,0.0,0.0,0.0,True,363,2026-03,103,0.24271844660194175,0.18293680369688642,53,0.46,0.88,0.012615754271185858,0,0,0,5,2,0.4,1.2411260409527478,0.2980730366152598,4.163831975700443,2.7758879838002954,1.588032972059716,0.5961568198764557,0.31760659441194317,True,466,2026-04,53,0.4528301886792453,0.2417425170691968,90,0.46,0.88,-0.0038731452193245808,17,8,5
2,震荡多头反转,17,6ab82ebae2ef3167,2543.99603007139,False,连续两个有机会开发月无交易|有效开发月份不足|开发交易样本不足,8,0.46,0.88,5,1.6,0.95,0.0028,120,0.8,0.06,36,0.32,2,0.035,220,6.0,32,0,0,0.0,0.0,0.0,0.0,0.0,0.0,0.0,0.0,True,103,2025-11,62,0.3064516129032258,0.21180605503219493,63,0.46,0.88,0.008423453184477514,0,0,0,0,0,0.0,0.0,0.0,0.0,0.0,0.0,0.0,0.0,True,165,2025-12,63,0.19047619047619047,0.15409790258679187,54,0.46,0.88,-0.0006146655022377656,0,0,0,0,0,0.0,0.0,0.0,0.0,0.0,0.0,0.0,0.0,True,228,2026-01,54,0.12962962962962962,0.11218855372221116,81,0.46,0.88,-0.0004702234121001514,0,0,0,0,0,0.0,0.0,0.0,0.0,0.0,0.0,0.0,0.0,True,282,2026-02,81,0.18518518518518517,0.1501459721837169,103,0.46,0.88,-0.00269372226429318,0,0,0,0,0,0.0,0.0,0.0,0.0,0.0,0.0,0.0,0.0,True,363,2026-03,103,0.24271844660194175,0.18293680369688642,53,0.46,0.88,0.012615754271185858,0,0,0,5,2,0.4,1.2411260409527478,0.2980730366152598,4.163831975700443,2.7758879838002954,1.588032972059716,0.5961568198764557,0.31760659441194317,True,466,2026-04,53,0.4528301886792453,0.2417425170691968,90,0.46,0.88,-0.0038731452193245808,17,8,5
2,震荡多头反转,18,4e16376ba7ac3483,2543.99603007139,False,连续两个有机会开发月无交易|有效开发月份不足|开发交易样本不足,8,0.46,0.88,8,1.6,0.95,0.0028,120,0.8,0.06,36,0.32,2,0.035,220,6.0,32,0,0,0.0,0.0,0.0,0.0,0.0,0.0,0.0,0.0,True,103,2025-11,62,0.3064516129032258,0.21180605503219493,63,0.46,0.88,0.008423453184477514,0,0,0,0,0,0.0,0.0,0.0,0.0,0.0,0.0,0.0,0.0,True,165,2025-12,63,0.19047619047619047,0.15409790258679187,54,0.46,0.88,-0.0006146655022377656,0,0,0,0,0,0.0,0.0,0.0,0.0,0.0,0.0,0.0,0.0,True,228,2026-01,54,0.12962962962962962,0.11218855372221116,81,0.46,0.88,-0.0004702234121001514,0,0,0,0,0,0.0,0.0,0.0,0.0,0.0,0.0,0.0,0.0,True,282,2026-02,81,0.18518518518518517,0.1501459721837169,103,0.46,0.88,-0.00269372226429318,0,0,0,0,0,0.0,0.0,0.0,0.0,0.0,0.0,0.0,0.0,True,363,2026-03,103,0.24271844660194175,0.18293680369688642,53,0.46,0.88,0.012615754271185858,0,0,0,5,2,0.4,1.2411260409527478,0.2980730366152598,4.163831975700443,2.7758879838002954,1.588032972059716,0.5961568198764557,0.31760659441194317,True,466,2026-04,53,0.4528301886792453,0.2417425170691968,90,0.46,0.88,-0.0038731452193245808,17,8,5
2,震荡多头反转,19,b052edae16b75f68,2515.99603007139,False,连续两个有机会开发月无交易|有效开发月份不足|开发交易样本不足,10,0.38,0.88,2,1.6,0.95,0.0028,120,0.8,0.06,36,0.32,2,0.035,220,6.0,32,0,0,0.0,0.0,0.0,0.0,0.0,0.0,0.0,0.0,True,103,2025-11,62,0.3064516129032258,0.21180605503219493,63,0.38,0.88,0.008423453184477514,0,0,0,0,0,0.0,0.0,0.0,0.0,0.0,0.0,0.0,0.0,True,165,2025-12,63,0.19047619047619047,0.15409790258679187,54,0.38,0.88,-0.0006146655022377656,0,0,0,0,0,0.0,0.0,0.0,0.0,0.0,0.0,0.0,0.0,True,228,2026-01,54,0.12962962962962962,0.11218855372221116,81,0.38,0.88,-0.0004702234121001514,0,0,0,0,0,0.0,0.0,0.0,0.0,0.0,0.0,0.0,0.0,True,282,2026-02,81,0.18518518518518517,0.1501459721837169,103,0.38,0.88,-0.00269372226429318,0,0,0,0,0,0.0,0.0,0.0,0.0,0.0,0.0,0.0,0.0,True,363,2026-03,103,0.24271844660194175,0.18293680369688642,53,0.38,0.88,0.012615754271185858,0,0,0,5,2,0.4,1.2411260409527478,0.2980730366152598,4.163831975700443,2.7758879838002954,1.588032972059716,0.5961568198764557,0.31760659441194317,True,466,2026-04,53,0.4528301886792453,0.2417425170691968,90,0.38,0.88,-0.0038731452193245808,17,10,5
2,震荡多头反转,20,870de39a376c6179,2515.99603007139,False,连续两个有机会开发月无交易|有效开发月份不足|开发交易样本不足,10,0.38,0.88,5,1.6,0.95,0.0028,120,0.8,0.06,36,0.32,2,0.035,220,6.0,32,0,0,0.0,0.0,0.0,0.0,0.0,0.0,0.0,0.0,True,103,2025-11,62,0.3064516129032258,0.21180605503219493,63,0.38,0.88,0.008423453184477514,0,0,0,0,0,0.0,0.0,0.0,0.0,0.0,0.0,0.0,0.0,True,165,2025-12,63,0.19047619047619047,0.15409790258679187,54,0.38,0.88,-0.0006146655022377656,0,0,0,0,0,0.0,0.0,0.0,0.0,0.0,0.0,0.0,0.0,True,228,2026-01,54,0.12962962962962962,0.11218855372221116,81,0.38,0.88,-0.0004702234121001514,0,0,0,0,0,0.0,0.0,0.0,0.0,0.0,0.0,0.0,0.0,True,282,2026-02,81,0.18518518518518517,0.1501459721837169,103,0.38,0.88,-0.00269372226429318,0,0,0,0,0,0.0,0.0,0.0,0.0,0.0,0.0,0.0,0.0,True,363,2026-03,103,0.24271844660194175,0.18293680369688642,53,0.38,0.88,0.012615754271185858,0,0,0,5,2,0.4,1.2411260409527478,0.2980730366152598,4.163831975700443,2.7758879838002954,1.588032972059716,0.5961568198764557,0.31760659441194317,True,466,2026-04,53,0.4528301886792453,0.2417425170691968,90,0.38,0.88,-0.0038731452193245808,17,10,5
2,震荡多头反转,21,e3e701efed872ba4,2515.99603007139,False,连续两个有机会开发月无交易|有效开发月份不足|开发交易样本不足,10,0.38,0.88,8,1.6,0.95,0.0028,120,0.8,0.06,36,0.32,2,0.035,220,6.0,32,0,0,0.0,0.0,0.0,0.0,0.0,0.0,0.0,0.0,True,103,2025-11,62,0.3064516129032258,0.21180605503219493,63,0.38,0.88,0.008423453184477514,0,0,0,0,0,0.0,0.0,0.0,0.0,0.0,0.0,0.0,0.0,True,165,2025-12,63,0.19047619047619047,0.15409790258679187,54,0.38,0.88,-0.0006146655022377656,0,0,0,0,0,0.0,0.0,0.0,0.0,0.0,0.0,0.0,0.0,True,228,2026-01,54,0.12962962962962962,0.11218855372221116,81,0.38,0.88,-0.0004702234121001514,0,0,0,0,0,0.0,0.0,0.0,0.0,0.0,0.0,0.0,0.0,True,282,2026-02,81,0.18518518518518517,0.1501459721837169,103,0.38,0.88,-0.00269372226429318,0,0,0,0,0,0.0,0.0,0.0,0.0,0.0,0.0,0.0,0.0,True,363,2026-03,103,0.24271844660194175,0.18293680369688642,53,0.38,0.88,0.012615754271185858,0,0,0,5,2,0.4,1.2411260409527478,0.2980730366152598,4.163831975700443,2.7758879838002954,1.588032972059716,0.5961568198764557,0.31760659441194317,True,466,2026-04,53,0.4528301886792453,0.2417425170691968,90,0.38,0.88,-0.0038731452193245808,17,10,5
2,震荡多头反转,22,2cac376a978bc516,2515.99603007139,False,连续两个有机会开发月无交易|有效开发月份不足|开发交易样本不足,10,0.42,0.88,2,1.6,0.95,0.0028,120,0.8,0.06,36,0.32,2,0.035,220,6.0,32,0,0,0.0,0.0,0.0,0.0,0.0,0.0,0.0,0.0,True,103,2025-11,62,0.3064516129032258,0.21180605503219493,63,0.42,0.88,0.008423453184477514,0,0,0,0,0,0.0,0.0,0.0,0.0,0.0,0.0,0.0,0.0,True,165,2025-12,63,0.19047619047619047,0.15409790258679187,54,0.42,0.88,-0.0006146655022377656,0,0,0,0,0,0.0,0.0,0.0,0.0,0.0,0.0,0.0,0.0,True,228,2026-01,54,0.12962962962962962,0.11218855372221116,81,0.42,0.88,-0.0004702234121001514,0,0,0,0,0,0.0,0.0,0.0,0.0,0.0,0.0,0.0,0.0,True,282,2026-02,81,0.18518518518518517,0.1501459721837169,103,0.42,0.88,-0.00269372226429318,0,0,0,0,0,0.0,0.0,0.0,0.0,0.0,0.0,0.0,0.0,True,363,2026-03,103,0.24271844660194175,0.18293680369688642,53,0.42,0.88,0.012615754271185858,0,0,0,5,2,0.4,1.2411260409527478,0.2980730366152598,4.163831975700443,2.7758879838002954,1.588032972059716,0.5961568198764557,0.31760659441194317,True,466,2026-04,53,0.4528301886792453,0.2417425170691968,90,0.42,0.88,-0.0038731452193245808,17,10,5
2,震荡多头反转,23,bba4e41fbe21f060,2515.99603007139,False,连续两个有机会开发月无交易|有效开发月份不足|开发交易样本不足,10,0.42,0.88,5,1.6,0.95,0.0028,120,0.8,0.06,36,0.32,2,0.035,220,6.0,32,0,0,0.0,0.0,0.0,0.0,0.0,0.0,0.0,0.0,True,103,2025-11,62,0.3064516129032258,0.21180605503219493,63,0.42,0.88,0.008423453184477514,0,0,0,0,0,0.0,0.0,0.0,0.0,0.0,0.0,0.0,0.0,True,165,2025-12,63,0.19047619047619047,0.15409790258679187,54,0.42,0.88,-0.0006146655022377656,0,0,0,0,0,0.0,0.0,0.0,0.0,0.0,0.0,0.0,0.0,True,228,2026-01,54,0.12962962962962962,0.11218855372221116,81,0.42,0.88,-0.0004702234121001514,0,0,0,0,0,0.0,0.0,0.0,0.0,0.0,0.0,0.0,0.0,True,282,2026-02,81,0.18518518518518517,0.1501459721837169,103,0.42,0.88,-0.00269372226429318,0,0,0,0,0,0.0,0.0,0.0,0.0,0.0,0.0,0.0,0.0,True,363,2026-03,103,0.24271844660194175,0.18293680369688642,53,0.42,0.88,0.012615754271185858,0,0,0,5,2,0.4,1.2411260409527478,0.2980730366152598,4.163831975700443,2.7758879838002954,1.588032972059716,0.5961568198764557,0.31760659441194317,True,466,2026-04,53,0.4528301886792453,0.2417425170691968,90,0.42,0.88,-0.0038731452193245808,17,10,5
2,震荡多头反转,24,94ad41d6a418acd3,2515.99603007139,False,连续两个有机会开发月无交易|有效开发月份不足|开发交易样本不足,10,0.42,0.88,8,1.6,0.95,0.0028,120,0.8,0.06,36,0.32,2,0.035,220,6.0,32,0,0,0.0,0.0,0.0,0.0,0.0,0.0,0.0,0.0,True,103,2025-11,62,0.3064516129032258,0.21180605503219493,63,0.42,0.88,0.008423453184477514,0,0,0,0,0,0.0,0.0,0.0,0.0,0.0,0.0,0.0,0.0,True,165,2025-12,63,0.19047619047619047,0.15409790258679187,54,0.42,0.88,-0.0006146655022377656,0,0,0,0,0,0.0,0.0,0.0,0.0,0.0,0.0,0.0,0.0,True,228,2026-01,54,0.12962962962962962,0.11218855372221116,81,0.42,0.88,-0.0004702234121001514,0,0,0,0,0,0.0,0.0,0.0,0.0,0.0,0.0,0.0,0.0,True,282,2026-02,81,0.18518518518518517,0.1501459721837169,103,0.42,0.88,-0.00269372226429318,0,0,0,0,0,0.0,0.0,0.0,0.0,0.0,0.0,0.0,0.0,True,363,2026-03,103,0.24271844660194175,0.18293680369688642,53,0.42,0.88,0.012615754271185858,0,0,0,5,2,0.4,1.2411260409527478,0.2980730366152598,4.163831975700443,2.7758879838002954,1.588032972059716,0.5961568198764557,0.31760659441194317,True,466,2026-04,53,0.4528301886792453,0.2417425170691968,90,0.42,0.88,-0.0038731452193245808,17,10,5
2,震荡多头反转,25,66553589093cd0f6,2515.99603007139,False,连续两个有机会开发月无交易|有效开发月份不足|开发交易样本不足,10,0.46,0.88,2,1.6,0.95,0.0028,120,0.8,0.06,36,0.32,2,0.035,220,6.0,32,0,0,0.0,0.0,0.0,0.0,0.0,0.0,0.0,0.0,True,103,2025-11,62,0.3064516129032258,0.21180605503219493,63,0.46,0.88,0.008423453184477514,0,0,0,0,0,0.0,0.0,0.0,0.0,0.0,0.0,0.0,0.0,True,165,2025-12,63,0.19047619047619047,0.15409790258679187,54,0.46,0.88,-0.0006146655022377656,0,0,0,0,0,0.0,0.0,0.0,0.0,0.0,0.0,0.0,0.0,True,228,2026-01,54,0.12962962962962962,0.11218855372221116,81,0.46,0.88,-0.0004702234121001514,0,0,0,0,0,0.0,0.0,0.0,0.0,0.0,0.0,0.0,0.0,True,282,2026-02,81,0.18518518518518517,0.1501459721837169,103,0.46,0.88,-0.00269372226429318,0,0,0,0,0,0.0,0.0,0.0,0.0,0.0,0.0,0.0,0.0,True,363,2026-03,103,0.24271844660194175,0.18293680369688642,53,0.46,0.88,0.012615754271185858,0,0,0,5,2,0.4,1.2411260409527478,0.2980730366152598,4.163831975700443,2.7758879838002954,1.588032972059716,0.5961568198764557,0.31760659441194317,True,466,2026-04,53,0.4528301886792453,0.2417425170691968,90,0.46,0.88,-0.0038731452193245808,17,10,5
2,震荡多头反转,26,03cd2f67dc832340,2515.99603007139,False,连续两个有机会开发月无交易|有效开发月份不足|开发交易样本不足,10,0.46,0.88,5,1.6,0.95,0.0028,120,0.8,0.06,36,0.32,2,0.035,220,6.0,32,0,0,0.0,0.0,0.0,0.0,0.0,0.0,0.0,0.0,True,103,2025-11,62,0.3064516129032258,0.21180605503219493,63,0.46,0.88,0.008423453184477514,0,0,0,0,0,0.0,0.0,0.0,0.0,0.0,0.0,0.0,0.0,True,165,2025-12,63,0.19047619047619047,0.15409790258679187,54,0.46,0.88,-0.0006146655022377656,0,0,0,0,0,0.0,0.0,0.0,0.0,0.0,0.0,0.0,0.0,True,228,2026-01,54,0.12962962962962962,0.11218855372221116,81,0.46,0.88,-0.0004702234121001514,0,0,0,0,0,0.0,0.0,0.0,0.0,0.0,0.0,0.0,0.0,True,282,2026-02,81,0.18518518518518517,0.1501459721837169,103,0.46,0.88,-0.00269372226429318,0,0,0,0,0,0.0,0.0,0.0,0.0,0.0,0.0,0.0,0.0,True,363,2026-03,103,0.24271844660194175,0.18293680369688642,53,0.46,0.88,0.012615754271185858,0,0,0,5,2,0.4,1.2411260409527478,0.2980730366152598,4.163831975700443,2.7758879838002954,1.588032972059716,0.5961568198764557,0.31760659441194317,True,466,2026-04,53,0.4528301886792453,0.2417425170691968,90,0.46,0.88,-0.0038731452193245808,17,10,5
2,震荡多头反转,27,05e94b7ddbc2f47c,2515.99603007139,False,连续两个有机会开发月无交易|有效开发月份不足|开发交易样本不足,10,0.46,0.88,8,1.6,0.95,0.0028,120,0.8,0.06,36,0.32,2,0.035,220,6.0,32,0,0,0.0,0.0,0.0,0.0,0.0,0.0,0.0,0.0,True,103,2025-11,62,0.3064516129032258,0.21180605503219493,63,0.46,0.88,0.008423453184477514,0,0,0,0,0,0.0,0.0,0.0,0.0,0.0,0.0,0.0,0.0,True,165,2025-12,63,0.19047619047619047,0.15409790258679187,54,0.46,0.88,-0.0006146655022377656,0,0,0,0,0,0.0,0.0,0.0,0.0,0.0,0.0,0.0,0.0,True,228,2026-01,54,0.12962962962962962,0.11218855372221116,81,0.46,0.88,-0.0004702234121001514,0,0,0,0,0,0.0,0.0,0.0,0.0,0.0,0.0,0.0,0.0,True,282,2026-02,81,0.18518518518518517,0.1501459721837169,103,0.46,0.88,-0.00269372226429318,0,0,0,0,0,0.0,0.0,0.0,0.0,0.0,0.0,0.0,0.0,True,363,2026-03,103,0.24271844660194175,0.18293680369688642,53,0.46,0.88,0.012615754271185858,0,0,0,5,2,0.4,1.2411260409527478,0.2980730366152598,4.163831975700443,2.7758879838002954,1.588032972059716,0.5961568198764557,0.31760659441194317,True,466,2026-04,53,0.4528301886792453,0.2417425170691968,90,0.46,0.88,-0.0038731452193245808,17,10,5
2,震荡多头反转,28,f89a1a3c17ac875a,1289.2639382943307,False,连续两个有机会开发月无交易|有效开发月份不足|开发交易样本不足,10,0.38,0.82,2,1.6,0.95,0.0028,120,0.8,0.06,36,0.32,2,0.035,220,6.0,32,0,0,0.0,0.0,0.0,0.0,0.0,0.0,0.0,0.0,True,103,2025-11,62,0.3064516129032258,0.21180605503219493,63,0.38,0.82,0.008423453184477514,0,0,0,0,0,0.0,0.0,0.0,0.0,0.0,0.0,0.0,0.0,True,165,2025-12,63,0.19047619047619047,0.15409790258679187,54,0.38,0.82,-0.0006146655022377656,0,0,0,0,0,0.0,0.0,0.0,0.0,0.0,0.0,0.0,0.0,True,228,2026-01,54,0.12962962962962962,0.11218855372221116,81,0.38,0.82,-0.0004702234121001514,0,0,0,0,0,0.0,0.0,0.0,0.0,0.0,0.0,0.0,0.0,True,282,2026-02,81,0.18518518518518517,0.1501459721837169,103,0.38,0.82,-0.00269372226429318,0,0,0,0,0,0.0,0.0,0.0,0.0,0.0,0.0,0.0,0.0,True,363,2026-03,103,0.24271844660194175,0.18293680369688642,53,0.38,0.82,0.012615754271185858,0,0,0,7,3,0.42857142857142855,1.2411350830773216,0.5629353791818307,2.2047558724789784,1.6535669043592336,1.4716637325046416,1.9536792267579992,0.21023767607209165,True,466,2026-04,53,0.4528301886792453,0.2417425170691968,90,0.38,0.82,-0.0038731452193245808,21,10,7
2,震荡多头反转,29,28e16388d5dc7ee8,1289.2639382943307,False,连续两个有机会开发月无交易|有效开发月份不足|开发交易样本不足,10,0.38,0.82,5,1.6,0.95,0.0028,120,0.8,0.06,36,0.32,2,0.035,220,6.0,32,0,0,0.0,0.0,0.0,0.0,0.0,0.0,0.0,0.0,True,103,2025-11,62,0.3064516129032258,0.21180605503219493,63,0.38,0.82,0.008423453184477514,0,0,0,0,0,0.0,0.0,0.0,0.0,0.0,0.0,0.0,0.0,True,165,2025-12,63,0.19047619047619047,0.15409790258679187,54,0.38,0.82,-0.0006146655022377656,0,0,0,0,0,0.0,0.0,0.0,0.0,0.0,0.0,0.0,0.0,True,228,2026-01,54,0.12962962962962962,0.11218855372221116,81,0.38,0.82,-0.0004702234121001514,0,0,0,0,0,0.0,0.0,0.0,0.0,0.0,0.0,0.0,0.0,True,282,2026-02,81,0.18518518518518517,0.1501459721837169,103,0.38,0.82,-0.00269372226429318,0,0,0,0,0,0.0,0.0,0.0,0.0,0.0,0.0,0.0,0.0,True,363,2026-03,103,0.24271844660194175,0.18293680369688642,53,0.38,0.82,0.012615754271185858,0,0,0,7,3,0.42857142857142855,1.2411350830773216,0.5629353791818307,2.2047558724789784,1.6535669043592336,1.4716637325046416,1.9536792267579992,0.21023767607209165,True,466,2026-04,53,0.4528301886792453,0.2417425170691968,90,0.38,0.82,-0.0038731452193245808,21,10,7
2,震荡多头反转,30,aac72e1f0766a76c,1289.2639382943307,False,连续两个有机会开发月无交易|有效开发月份不足|开发交易样本不足,10,0.38,0.82,8,1.6,0.95,0.0028,120,0.8,0.06,36,0.32,2,0.035,220,6.0,32,0,0,0.0,0.0,0.0,0.0,0.0,0.0,0.0,0.0,True,103,2025-11,62,0.3064516129032258,0.21180605503219493,63,0.38,0.82,0.008423453184477514,0,0,0,0,0,0.0,0.0,0.0,0.0,0.0,0.0,0.0,0.0,True,165,2025-12,63,0.19047619047619047,0.15409790258679187,54,0.38,0.82,-0.0006146655022377656,0,0,0,0,0,0.0,0.0,0.0,0.0,0.0,0.0,0.0,0.0,True,228,2026-01,54,0.12962962962962962,0.11218855372221116,81,0.38,0.82,-0.0004702234121001514,0,0,0,0,0,0.0,0.0,0.0,0.0,0.0,0.0,0.0,0.0,True,282,2026-02,81,0.18518518518518517,0.1501459721837169,103,0.38,0.82,-0.00269372226429318,0,0,0,0,0,0.0,0.0,0.0,0.0,0.0,0.0,0.0,0.0,True,363,2026-03,103,0.24271844660194175,0.18293680369688642,53,0.38,0.82,0.012615754271185858,0,0,0,7,3,0.42857142857142855,1.2411350830773216,0.5629353791818307,2.2047558724789784,1.6535669043592336,1.4716637325046416,1.9536792267579992,0.21023767607209165,True,466,2026-04,53,0.4528301886792453,0.2417425170691968,90,0.38,0.82,-0.0038731452193245808,21,10,7
3,震荡空头反转,1,c72af9c1bbc6a659,-999999613.0,False,连续两个有机会开发月无交易|有效开发月份不足|开发交易样本不足,4,0.34,0.65,2,1.6,0.95,0.0028,120,0.8,0.06,36,0.32,2,0.035,220,6.0,32,0,0,0.0,0.0,0.0,0.0,0.0,0.0,0.0,0.0,True,92,2025-11,56,0.32142857142857145,0.21549624256708086,46,0.34,0.65,-0.00473434978375703,4,0,0,0,0,0.0,0.0,0.0,0.0,0.0,0.0,0.0,0.0,True,148,2025-12,46,0.13043478260869565,0.11184455875616255,58,0.34,0.65,-0.005158494971566341,0,0,0,0,0,0.0,0.0,0.0,0.0,0.0,0.0,0.0,0.0,True,194,2026-01,58,0.3620689655172414,0.2236222069159562,61,0.34,0.65,0.035377957289130235,32,0,0,0,0,0.0,0.0,0.0,0.0,0.0,0.0,0.0,0.0,True,252,2026-02,61,0.32786885245901637,0.2161069818678401,59,0.34,0.65,-0.0011438157616817657,25,0,0,0,0,0.0,0.0,0.0,0.0,0.0,0.0,0.0,0.0,True,313,2026-03,59,0.3050847457627119,0.21196293267100982,60,0.34,0.65,0.0020417358924337825,0,0,0,0,0,0.0,0.0,0.0,0.0,0.0,0.0,0.0,0.0,True,372,2026-04,60,0.25,0.18375081075700544,103,0.34,0.65,7.425725294391006e-05,0,0,0
3,震荡空头反转,2,39c66b81838790ed,-999999613.0,False,连续两个有机会开发月无交易|有效开发月份不足|开发交易样本不足,4,0.34,0.65,5,1.6,0.95,0.0028,120,0.8,0.06,36,0.32,2,0.035,220,6.0,32,0,0,0.0,0.0,0.0,0.0,0.0,0.0,0.0,0.0,True,92,2025-11,56,0.32142857142857145,0.21549624256708086,46,0.34,0.65,-0.00473434978375703,4,0,0,0,0,0.0,0.0,0.0,0.0,0.0,0.0,0.0,0.0,True,148,2025-12,46,0.13043478260869565,0.11184455875616255,58,0.34,0.65,-0.005158494971566341,0,0,0,0,0,0.0,0.0,0.0,0.0,0.0,0.0,0.0,0.0,True,194,2026-01,58,0.3620689655172414,0.2236222069159562,61,0.34,0.65,0.035377957289130235,32,0,0,0,0,0.0,0.0,0.0,0.0,0.0,0.0,0.0,0.0,True,252,2026-02,61,0.32786885245901637,0.2161069818678401,59,0.34,0.65,-0.0011438157616817657,25,0,0,0,0,0.0,0.0,0.0,0.0,0.0,0.0,0.0,0.0,True,313,2026-03,59,0.3050847457627119,0.21196293267100982,60,0.34,0.65,0.0020417358924337825,0,0,0,0,0,0.0,0.0,0.0,0.0,0.0,0.0,0.0,0.0,True,372,2026-04,60,0.25,0.18375081075700544,103,0.34,0.65,7.425725294391006e-05,0,0,0
3,震荡空头反转,3,3d42221889a7301d,-999999613.0,False,连续两个有机会开发月无交易|有效开发月份不足|开发交易样本不足,4,0.34,0.65,8,1.6,0.95,0.0028,120,0.8,0.06,36,0.32,2,0.035,220,6.0,32,0,0,0.0,0.0,0.0,0.0,0.0,0.0,0.0,0.0,True,92,2025-11,56,0.32142857142857145,0.21549624256708086,46,0.34,0.65,-0.00473434978375703,4,0,0,0,0,0.0,0.0,0.0,0.0,0.0,0.0,0.0,0.0,True,148,2025-12,46,0.13043478260869565,0.11184455875616255,58,0.34,0.65,-0.005158494971566341,0,0,0,0,0,0.0,0.0,0.0,0.0,0.0,0.0,0.0,0.0,True,194,2026-01,58,0.3620689655172414,0.2236222069159562,61,0.34,0.65,0.035377957289130235,32,0,0,0,0,0.0,0.0,0.0,0.0,0.0,0.0,0.0,0.0,True,252,2026-02,61,0.32786885245901637,0.2161069818678401,59,0.34,0.65,-0.0011438157616817657,25,0,0,0,0,0.0,0.0,0.0,0.0,0.0,0.0,0.0,0.0,True,313,2026-03,59,0.3050847457627119,0.21196293267100982,60,0.34,0.65,0.0020417358924337825,0,0,0,0,0,0.0,0.0,0.0,0.0,0.0,0.0,0.0,0.0,True,372,2026-04,60,0.25,0.18375081075700544,103,0.34,0.65,7.425725294391006e-05,0,0,0
3,震荡空头反转,4,76ccefe78833e8b2,-999999613.0,False,连续两个有机会开发月无交易|有效开发月份不足|开发交易样本不足,4,0.34,0.75,2,1.6,0.95,0.0028,120,0.8,0.06,36,0.32,2,0.035,220,6.0,32,0,0,0.0,0.0,0.0,0.0,0.0,0.0,0.0,0.0,True,92,2025-11,56,0.32142857142857145,0.21549624256708086,46,0.34,0.75,-0.00473434978375703,4,0,0,0,0,0.0,0.0,0.0,0.0,0.0,0.0,0.0,0.0,True,148,2025-12,46,0.13043478260869565,0.11184455875616255,58,0.34,0.75,-0.005158494971566341,0,0,0,0,0,0.0,0.0,0.0,0.0,0.0,0.0,0.0,0.0,True,194,2026-01,58,0.3620689655172414,0.2236222069159562,61,0.34,0.75,0.035377957289130235,24,0,0,0,0,0.0,0.0,0.0,0.0,0.0,0.0,0.0,0.0,True,252,2026-02,61,0.32786885245901637,0.2161069818678401,59,0.34,0.75,-0.0011438157616817657,18,0,0,0,0,0.0,0.0,0.0,0.0,0.0,0.0,0.0,0.0,True,313,2026-03,59,0.3050847457627119,0.21196293267100982,60,0.34,0.75,0.0020417358924337825,0,0,0,0,0,0.0,0.0,0.0,0.0,0.0,0.0,0.0,0.0,True,372,2026-04,60,0.25,0.18375081075700544,103,0.34,0.75,7.425725294391006e-05,0,0,0
3,震荡空头反转,5,734b3a7d7e39cc31,-999999613.0,False,连续两个有机会开发月无交易|有效开发月份不足|开发交易样本不足,4,0.34,0.75,5,1.6,0.95,0.0028,120,0.8,0.06,36,0.32,2,0.035,220,6.0,32,0,0,0.0,0.0,0.0,0.0,0.0,0.0,0.0,0.0,True,92,2025-11,56,0.32142857142857145,0.21549624256708086,46,0.34,0.75,-0.00473434978375703,4,0,0,0,0,0.0,0.0,0.0,0.0,0.0,0.0,0.0,0.0,True,148,2025-12,46,0.13043478260869565,0.11184455875616255,58,0.34,0.75,-0.005158494971566341,0,0,0,0,0,0.0,0.0,0.0,0.0,0.0,0.0,0.0,0.0,True,194,2026-01,58,0.3620689655172414,0.2236222069159562,61,0.34,0.75,0.035377957289130235,24,0,0,0,0,0.0,0.0,0.0,0.0,0.0,0.0,0.0,0.0,True,252,2026-02,61,0.32786885245901637,0.2161069818678401,59,0.34,0.75,-0.0011438157616817657,18,0,0,0,0,0.0,0.0,0.0,0.0,0.0,0.0,0.0,0.0,True,313,2026-03,59,0.3050847457627119,0.21196293267100982,60,0.34,0.75,0.0020417358924337825,0,0,0,0,0,0.0,0.0,0.0,0.0,0.0,0.0,0.0,0.0,True,372,2026-04,60,0.25,0.18375081075700544,103,0.34,0.75,7.425725294391006e-05,0,0,0
3,震荡空头反转,6,eb76e29f20729770,-999999613.0,False,连续两个有机会开发月无交易|有效开发月份不足|开发交易样本不足,4,0.34,0.75,8,1.6,0.95,0.0028,120,0.8,0.06,36,0.32,2,0.035,220,6.0,32,0,0,0.0,0.0,0.0,0.0,0.0,0.0,0.0,0.0,True,92,2025-11,56,0.32142857142857145,0.21549624256708086,46,0.34,0.75,-0.00473434978375703,4,0,0,0,0,0.0,0.0,0.0,0.0,0.0,0.0,0.0,0.0,True,148,2025-12,46,0.13043478260869565,0.11184455875616255,58,0.34,0.75,-0.005158494971566341,0,0,0,0,0,0.0,0.0,0.0,0.0,0.0,0.0,0.0,0.0,True,194,2026-01,58,0.3620689655172414,0.2236222069159562,61,0.34,0.75,0.035377957289130235,24,0,0,0,0,0.0,0.0,0.0,0.0,0.0,0.0,0.0,0.0,True,252,2026-02,61,0.32786885245901637,0.2161069818678401,59,0.34,0.75,-0.0011438157616817657,18,0,0,0,0,0.0,0.0,0.0,0.0,0.0,0.0,0.0,0.0,True,313,2026-03,59,0.3050847457627119,0.21196293267100982,60,0.34,0.75,0.0020417358924337825,0,0,0,0,0,0.0,0.0,0.0,0.0,0.0,0.0,0.0,0.0,True,372,2026-04,60,0.25,0.18375081075700544,103,0.34,0.75,7.425725294391006e-05,0,0,0
3,震荡空头反转,7,4222453462ea9f98,-999999613.0,False,连续两个有机会开发月无交易|有效开发月份不足|开发交易样本不足,4,0.34,0.85,2,1.6,0.95,0.0028,120,0.8,0.06,36,0.32,2,0.035,220,6.0,32,0,0,0.0,0.0,0.0,0.0,0.0,0.0,0.0,0.0,True,92,2025-11,56,0.32142857142857145,0.21549624256708086,46,0.34,0.85,-0.00473434978375703,4,0,0,0,0,0.0,0.0,0.0,0.0,0.0,0.0,0.0,0.0,True,148,2025-12,46,0.13043478260869565,0.11184455875616255,58,0.34,0.85,-0.005158494971566341,0,0,0,0,0,0.0,0.0,0.0,0.0,0.0,0.0,0.0,0.0,True,194,2026-01,58,0.3620689655172414,0.2236222069159562,61,0.34,0.85,0.035377957289130235,17,0,0,0,0,0.0,0.0,0.0,0.0,0.0,0.0,0.0,0.0,True,252,2026-02,61,0.32786885245901637,0.2161069818678401,59,0.34,0.85,-0.0011438157616817657,9,0,0,0,0,0.0,0.0,0.0,0.0,0.0,0.0,0.0,0.0,True,313,2026-03,59,0.3050847457627119,0.21196293267100982,60,0.34,0.85,0.0020417358924337825,0,0,0,0,0,0.0,0.0,0.0,0.0,0.0,0.0,0.0,0.0,True,372,2026-04,60,0.25,0.18375081075700544,103,0.34,0.85,7.425725294391006e-05,0,0,0
3,震荡空头反转,8,8b43c02fb8b71728,-999999613.0,False,连续两个有机会开发月无交易|有效开发月份不足|开发交易样本不足,4,0.34,0.85,5,1.6,0.95,0.0028,120,0.8,0.06,36,0.32,2,0.035,220,6.0,32,0,0,0.0,0.0,0.0,0.0,0.0,0.0,0.0,0.0,True,92,2025-11,56,0.32142857142857145,0.21549624256708086,46,0.34,0.85,-0.00473434978375703,4,0,0,0,0,0.0,0.0,0.0,0.0,0.0,0.0,0.0,0.0,True,148,2025-12,46,0.13043478260869565,0.11184455875616255,58,0.34,0.85,-0.005158494971566341,0,0,0,0,0,0.0,0.0,0.0,0.0,0.0,0.0,0.0,0.0,True,194,2026-01,58,0.3620689655172414,0.2236222069159562,61,0.34,0.85,0.035377957289130235,17,0,0,0,0,0.0,0.0,0.0,0.0,0.0,0.0,0.0,0.0,True,252,2026-02,61,0.32786885245901637,0.2161069818678401,59,0.34,0.85,-0.0011438157616817657,9,0,0,0,0,0.0,0.0,0.0,0.0,0.0,0.0,0.0,0.0,True,313,2026-03,59,0.3050847457627119,0.21196293267100982,60,0.34,0.85,0.0020417358924337825,0,0,0,0,0,0.0,0.0,0.0,0.0,0.0,0.0,0.0,0.0,True,372,2026-04,60,0.25,0.18375081075700544,103,0.34,0.85,7.425725294391006e-05,0,0,0
3,震荡空头反转,9,dfda48026aca82e9,-999999613.0,False,连续两个有机会开发月无交易|有效开发月份不足|开发交易样本不足,4,0.34,0.85,8,1.6,0.95,0.0028,120,0.8,0.06,36,0.32,2,0.035,220,6.0,32,0,0,0.0,0.0,0.0,0.0,0.0,0.0,0.0,0.0,True,92,2025-11,56,0.32142857142857145,0.21549624256708086,46,0.34,0.85,-0.00473434978375703,4,0,0,0,0,0.0,0.0,0.0,0.0,0.0,0.0,0.0,0.0,True,148,2025-12,46,0.13043478260869565,0.11184455875616255,58,0.34,0.85,-0.005158494971566341,0,0,0,0,0,0.0,0.0,0.0,0.0,0.0,0.0,0.0,0.0,True,194,2026-01,58,0.3620689655172414,0.2236222069159562,61,0.34,0.85,0.035377957289130235,17,0,0,0,0,0.0,0.0,0.0,0.0,0.0,0.0,0.0,0.0,True,252,2026-02,61,0.32786885245901637,0.2161069818678401,59,0.34,0.85,-0.0011438157616817657,9,0,0,0,0,0.0,0.0,0.0,0.0,0.0,0.0,0.0,0.0,True,313,2026-03,59,0.3050847457627119,0.21196293267100982,60,0.34,0.85,0.0020417358924337825,0,0,0,0,0,0.0,0.0,0.0,0.0,0.0,0.0,0.0,0.0,True,372,2026-04,60,0.25,0.18375081075700544,103,0.34,0.85,7.425725294391006e-05,0,0,0
3,震荡空头反转,10,1237f25d0d123624,-999999613.0,False,连续两个有机会开发月无交易|有效开发月份不足|开发交易样本不足,4,0.38,0.65,2,1.6,0.95,0.0028,120,0.8,0.06,36,0.32,2,0.035,220,6.0,32,0,0,0.0,0.0,0.0,0.0,0.0,0.0,0.0,0.0,True,92,2025-11,56,0.32142857142857145,0.21549624256708086,46,0.38,0.65,-0.00473434978375703,0,0,0,0,0,0.0,0.0,0.0,0.0,0.0,0.0,0.0,0.0,True,148,2025-12,46,0.13043478260869565,0.11184455875616255,58,0.38,0.65,-0.005158494971566341,0,0,0,0,0,0.0,0.0,0.0,0.0,0.0,0.0,0.0,0.0,True,194,2026-01,58,0.3620689655172414,0.2236222069159562,61,0.38,0.65,0.035377957289130235,32,0,0,0,0,0.0,0.0,0.0,0.0,0.0,0.0,0.0,0.0,True,252,2026-02,61,0.32786885245901637,0.2161069818678401,59,0.38,0.65,-0.0011438157616817657,4,0,0,0,0,0.0,0.0,0.0,0.0,0.0,0.0,0.0,0.0,True,313,2026-03,59,0.3050847457627119,0.21196293267100982,60,0.38,0.65,0.0020417358924337825,0,0,0,0,0,0.0,0.0,0.0,0.0,0.0,0.0,0.0,0.0,True,372,2026-04,60,0.25,0.18375081075700544,103,0.38,0.65,7.425725294391006e-05,0,0,0
3,震荡空头反转,11,745c35ff4089a00f,-999999613.0,False,连续两个有机会开发月无交易|有效开发月份不足|开发交易样本不足,4,0.38,0.65,5,1.6,0.95,0.0028,120,0.8,0.06,36,0.32,2,0.035,220,6.0,32,0,0,0.0,0.0,0.0,0.0,0.0,0.0,0.0,0.0,True,92,2025-11,56,0.32142857142857145,0.21549624256708086,46,0.38,0.65,-0.00473434978375703,0,0,0,0,0,0.0,0.0,0.0,0.0,0.0,0.0,0.0,0.0,True,148,2025-12,46,0.13043478260869565,0.11184455875616255,58,0.38,0.65,-0.005158494971566341,0,0,0,0,0,0.0,0.0,0.0,0.0,0.0,0.0,0.0,0.0,True,194,2026-01,58,0.3620689655172414,0.2236222069159562,61,0.38,0.65,0.035377957289130235,32,0,0,0,0,0.0,0.0,0.0,0.0,0.0,0.0,0.0,0.0,True,252,2026-02,61,0.32786885245901637,0.2161069818678401,59,0.38,0.65,-0.0011438157616817657,4,0,0,0,0,0.0,0.0,0.0,0.0,0.0,0.0,0.0,0.0,True,313,2026-03,59,0.3050847457627119,0.21196293267100982,60,0.38,0.65,0.0020417358924337825,0,0,0,0,0,0.0,0.0,0.0,0.0,0.0,0.0,0.0,0.0,True,372,2026-04,60,0.25,0.18375081075700544,103,0.38,0.65,7.425725294391006e-05,0,0,0
3,震荡空头反转,12,40a0bd35c2a837ab,-999999613.0,False,连续两个有机会开发月无交易|有效开发月份不足|开发交易样本不足,4,0.38,0.65,8,1.6,0.95,0.0028,120,0.8,0.06,36,0.32,2,0.035,220,6.0,32,0,0,0.0,0.0,0.0,0.0,0.0,0.0,0.0,0.0,True,92,2025-11,56,0.32142857142857145,0.21549624256708086,46,0.38,0.65,-0.00473434978375703,0,0,0,0,0,0.0,0.0,0.0,0.0,0.0,0.0,0.0,0.0,True,148,2025-12,46,0.13043478260869565,0.11184455875616255,58,0.38,0.65,-0.005158494971566341,0,0,0,0,0,0.0,0.0,0.0,0.0,0.0,0.0,0.0,0.0,True,194,2026-01,58,0.3620689655172414,0.2236222069159562,61,0.38,0.65,0.035377957289130235,32,0,0,0,0,0.0,0.0,0.0,0.0,0.0,0.0,0.0,0.0,True,252,2026-02,61,0.32786885245901637,0.2161069818678401,59,0.38,0.65,-0.0011438157616817657,4,0,0,0,0,0.0,0.0,0.0,0.0,0.0,0.0,0.0,0.0,True,313,2026-03,59,0.3050847457627119,0.21196293267100982,60,0.38,0.65,0.0020417358924337825,0,0,0,0,0,0.0,0.0,0.0,0.0,0.0,0.0,0.0,0.0,True,372,2026-04,60,0.25,0.18375081075700544,103,0.38,0.65,7.425725294391006e-05,0,0,0
3,震荡空头反转,13,67e9f782c4235c34,-999999613.0,False,连续两个有机会开发月无交易|有效开发月份不足|开发交易样本不足,4,0.38,0.75,2,1.6,0.95,0.0028,120,0.8,0.06,36,0.32,2,0.035,220,6.0,32,0,0,0.0,0.0,0.0,0.0,0.0,0.0,0.0,0.0,True,92,2025-11,56,0.32142857142857145,0.21549624256708086,46,0.38,0.75,-0.00473434978375703,0,0,0,0,0,0.0,0.0,0.0,0.0,0.0,0.0,0.0,0.0,True,148,2025-12,46,0.13043478260869565,0.11184455875616255,58,0.38,0.75,-0.005158494971566341,0,0,0,0,0,0.0,0.0,0.0,0.0,0.0,0.0,0.0,0.0,True,194,2026-01,58,0.3620689655172414,0.2236222069159562,61,0.38,0.75,0.035377957289130235,24,0,0,0,0,0.0,0.0,0.0,0.0,0.0,0.0,0.0,0.0,True,252,2026-02,61,0.32786885245901637,0.2161069818678401,59,0.38,0.75,-0.0011438157616817657,4,0,0,0,0,0.0,0.0,0.0,0.0,0.0,0.0,0.0,0.0,True,313,2026-03,59,0.3050847457627119,0.21196293267100982,60,0.38,0.75,0.0020417358924337825,0,0,0,0,0,0.0,0.0,0.0,0.0,0.0,0.0,0.0,0.0,True,372,2026-04,60,0.25,0.18375081075700544,103,0.38,0.75,7.425725294391006e-05,0,0,0
3,震荡空头反转,14,7e47a3ff7d20a12a,-999999613.0,False,连续两个有机会开发月无交易|有效开发月份不足|开发交易样本不足,4,0.38,0.75,5,1.6,0.95,0.0028,120,0.8,0.06,36,0.32,2,0.035,220,6.0,32,0,0,0.0,0.0,0.0,0.0,0.0,0.0,0.0,0.0,True,92,2025-11,56,0.32142857142857145,0.21549624256708086,46,0.38,0.75,-0.00473434978375703,0,0,0,0,0,0.0,0.0,0.0,0.0,0.0,0.0,0.0,0.0,True,148,2025-12,46,0.13043478260869565,0.11184455875616255,58,0.38,0.75,-0.005158494971566341,0,0,0,0,0,0.0,0.0,0.0,0.0,0.0,0.0,0.0,0.0,True,194,2026-01,58,0.3620689655172414,0.2236222069159562,61,0.38,0.75,0.035377957289130235,24,0,0,0,0,0.0,0.0,0.0,0.0,0.0,0.0,0.0,0.0,True,252,2026-02,61,0.32786885245901637,0.2161069818678401,59,0.38,0.75,-0.0011438157616817657,4,0,0,0,0,0.0,0.0,0.0,0.0,0.0,0.0,0.0,0.0,True,313,2026-03,59,0.3050847457627119,0.21196293267100982,60,0.38,0.75,0.0020417358924337825,0,0,0,0,0,0.0,0.0,0.0,0.0,0.0,0.0,0.0,0.0,True,372,2026-04,60,0.25,0.18375081075700544,103,0.38,0.75,7.425725294391006e-05,0,0,0
3,震荡空头反转,15,206c3dc57a8dee28,-999999613.0,False,连续两个有机会开发月无交易|有效开发月份不足|开发交易样本不足,4,0.38,0.75,8,1.6,0.95,0.0028,120,0.8,0.06,36,0.32,2,0.035,220,6.0,32,0,0,0.0,0.0,0.0,0.0,0.0,0.0,0.0,0.0,True,92,2025-11,56,0.32142857142857145,0.21549624256708086,46,0.38,0.75,-0.00473434978375703,0,0,0,0,0,0.0,0.0,0.0,0.0,0.0,0.0,0.0,0.0,True,148,2025-12,46,0.13043478260869565,0.11184455875616255,58,0.38,0.75,-0.005158494971566341,0,0,0,0,0,0.0,0.0,0.0,0.0,0.0,0.0,0.0,0.0,True,194,2026-01,58,0.3620689655172414,0.2236222069159562,61,0.38,0.75,0.035377957289130235,24,0,0,0,0,0.0,0.0,0.0,0.0,0.0,0.0,0.0,0.0,True,252,2026-02,61,0.32786885245901637,0.2161069818678401,59,0.38,0.75,-0.0011438157616817657,4,0,0,0,0,0.0,0.0,0.0,0.0,0.0,0.0,0.0,0.0,True,313,2026-03,59,0.3050847457627119,0.21196293267100982,60,0.38,0.75,0.0020417358924337825,0,0,0,0,0,0.0,0.0,0.0,0.0,0.0,0.0,0.0,0.0,True,372,2026-04,60,0.25,0.18375081075700544,103,0.38,0.75,7.425725294391006e-05,0,0,0
3,震荡空头反转,16,10672b24ee88a418,-999999613.0,False,连续两个有机会开发月无交易|有效开发月份不足|开发交易样本不足,4,0.38,0.85,2,1.6,0.95,0.0028,120,0.8,0.06,36,0.32,2,0.035,220,6.0,32,0,0,0.0,0.0,0.0,0.0,0.0,0.0,0.0,0.0,True,92,2025-11,56,0.32142857142857145,0.21549624256708086,46,0.38,0.85,-0.00473434978375703,0,0,0,0,0,0.0,0.0,0.0,0.0,0.0,0.0,0.0,0.0,True,148,2025-12,46,0.13043478260869565,0.11184455875616255,58,0.38,0.85,-0.005158494971566341,0,0,0,0,0,0.0,0.0,0.0,0.0,0.0,0.0,0.0,0.0,True,194,2026-01,58,0.3620689655172414,0.2236222069159562,61,0.38,0.85,0.035377957289130235,17,0,0,0,0,0.0,0.0,0.0,0.0,0.0,0.0,0.0,0.0,True,252,2026-02,61,0.32786885245901637,0.2161069818678401,59,0.38,0.85,-0.0011438157616817657,4,0,0,0,0,0.0,0.0,0.0,0.0,0.0,0.0,0.0,0.0,True,313,2026-03,59,0.3050847457627119,0.21196293267100982,60,0.38,0.85,0.0020417358924337825,0,0,0,0,0,0.0,0.0,0.0,0.0,0.0,0.0,0.0,0.0,True,372,2026-04,60,0.25,0.18375081075700544,103,0.38,0.85,7.425725294391006e-05,0,0,0
3,震荡空头反转,17,77ff7843297c3838,-999999613.0,False,连续两个有机会开发月无交易|有效开发月份不足|开发交易样本不足,4,0.38,0.85,5,1.6,0.95,0.0028,120,0.8,0.06,36,0.32,2,0.035,220,6.0,32,0,0,0.0,0.0,0.0,0.0,0.0,0.0,0.0,0.0,True,92,2025-11,56,0.32142857142857145,0.21549624256708086,46,0.38,0.85,-0.00473434978375703,0,0,0,0,0,0.0,0.0,0.0,0.0,0.0,0.0,0.0,0.0,True,148,2025-12,46,0.13043478260869565,0.11184455875616255,58,0.38,0.85,-0.005158494971566341,0,0,0,0,0,0.0,0.0,0.0,0.0,0.0,0.0,0.0,0.0,True,194,2026-01,58,0.3620689655172414,0.2236222069159562,61,0.38,0.85,0.035377957289130235,17,0,0,0,0,0.0,0.0,0.0,0.0,0.0,0.0,0.0,0.0,True,252,2026-02,61,0.32786885245901637,0.2161069818678401,59,0.38,0.85,-0.0011438157616817657,4,0,0,0,0,0.0,0.0,0.0,0.0,0.0,0.0,0.0,0.0,True,313,2026-03,59,0.3050847457627119,0.21196293267100982,60,0.38,0.85,0.0020417358924337825,0,0,0,0,0,0.0,0.0,0.0,0.0,0.0,0.0,0.0,0.0,True,372,2026-04,60,0.25,0.18375081075700544,103,0.38,0.85,7.425725294391006e-05,0,0,0
3,震荡空头反转,18,185b1f309dc4ff34,-999999613.0,False,连续两个有机会开发月无交易|有效开发月份不足|开发交易样本不足,4,0.38,0.85,8,1.6,0.95,0.0028,120,0.8,0.06,36,0.32,2,0.035,220,6.0,32,0,0,0.0,0.0,0.0,0.0,0.0,0.0,0.0,0.0,True,92,2025-11,56,0.32142857142857145,0.21549624256708086,46,0.38,0.85,-0.00473434978375703,0,0,0,0,0,0.0,0.0,0.0,0.0,0.0,0.0,0.0,0.0,True,148,2025-12,46,0.13043478260869565,0.11184455875616255,58,0.38,0.85,-0.005158494971566341,0,0,0,0,0,0.0,0.0,0.0,0.0,0.0,0.0,0.0,0.0,True,194,2026-01,58,0.3620689655172414,0.2236222069159562,61,0.38,0.85,0.035377957289130235,17,0,0,0,0,0.0,0.0,0.0,0.0,0.0,0.0,0.0,0.0,True,252,2026-02,61,0.32786885245901637,0.2161069818678401,59,0.38,0.85,-0.0011438157616817657,4,0,0,0,0,0.0,0.0,0.0,0.0,0.0,0.0,0.0,0.0,True,313,2026-03,59,0.3050847457627119,0.21196293267100982,60,0.38,0.85,0.0020417358924337825,0,0,0,0,0,0.0,0.0,0.0,0.0,0.0,0.0,0.0,0.0,True,372,2026-04,60,0.25,0.18375081075700544,103,0.38,0.85,7.425725294391006e-05,0,0,0
3,震荡空头反转,19,0680226143275a31,-999999613.0,False,连续两个有机会开发月无交易|有效开发月份不足|开发交易样本不足,4,0.42,0.65,2,1.6,0.95,0.0028,120,0.8,0.06,36,0.32,2,0.035,220,6.0,32,0,0,0.0,0.0,0.0,0.0,0.0,0.0,0.0,0.0,True,92,2025-11,56,0.32142857142857145,0.21549624256708086,46,0.42,0.65,-0.00473434978375703,0,0,0,0,0,0.0,0.0,0.0,0.0,0.0,0.0,0.0,0.0,True,148,2025-12,46,0.13043478260869565,0.11184455875616255,58,0.42,0.65,-0.005158494971566341,0,0,0,0,0,0.0,0.0,0.0,0.0,0.0,0.0,0.0,0.0,True,194,2026-01,58,0.3620689655172414,0.2236222069159562,61,0.42,0.65,0.035377957289130235,23,0,0,0,0,0.0,0.0,0.0,0.0,0.0,0.0,0.0,0.0,True,252,2026-02,61,0.32786885245901637,0.2161069818678401,59,0.42,0.65,-0.0011438157616817657,0,0,0,0,0,0.0,0.0,0.0,0.0,0.0,0.0,0.0,0.0,True,313,2026-03,59,0.3050847457627119,0.21196293267100982,60,0.42,0.65,0.0020417358924337825,0,0,0,0,0,0.0,0.0,0.0,0.0,0.0,0.0,0.0,0.0,True,372,2026-04,60,0.25,0.18375081075700544,103,0.42,0.65,7.425725294391006e-05,0,0,0
3,震荡空头反转,20,bd1b3bcc7da2c542,-999999613.0,False,连续两个有机会开发月无交易|有效开发月份不足|开发交易样本不足,4,0.42,0.65,5,1.6,0.95,0.0028,120,0.8,0.06,36,0.32,2,0.035,220,6.0,32,0,0,0.0,0.0,0.0,0.0,0.0,0.0,0.0,0.0,True,92,2025-11,56,0.32142857142857145,0.21549624256708086,46,0.42,0.65,-0.00473434978375703,0,0,0,0,0,0.0,0.0,0.0,0.0,0.0,0.0,0.0,0.0,True,148,2025-12,46,0.13043478260869565,0.11184455875616255,58,0.42,0.65,-0.005158494971566341,0,0,0,0,0,0.0,0.0,0.0,0.0,0.0,0.0,0.0,0.0,True,194,2026-01,58,0.3620689655172414,0.2236222069159562,61,0.42,0.65,0.035377957289130235,23,0,0,0,0,0.0,0.0,0.0,0.0,0.0,0.0,0.0,0.0,True,252,2026-02,61,0.32786885245901637,0.2161069818678401,59,0.42,0.65,-0.0011438157616817657,0,0,0,0,0,0.0,0.0,0.0,0.0,0.0,0.0,0.0,0.0,True,313,2026-03,59,0.3050847457627119,0.21196293267100982,60,0.42,0.65,0.0020417358924337825,0,0,0,0,0,0.0,0.0,0.0,0.0,0.0,0.0,0.0,0.0,True,372,2026-04,60,0.25,0.18375081075700544,103,0.42,0.65,7.425725294391006e-05,0,0,0
3,震荡空头反转,21,6c03e567430a25bc,-999999613.0,False,连续两个有机会开发月无交易|有效开发月份不足|开发交易样本不足,4,0.42,0.65,8,1.6,0.95,0.0028,120,0.8,0.06,36,0.32,2,0.035,220,6.0,32,0,0,0.0,0.0,0.0,0.0,0.0,0.0,0.0,0.0,True,92,2025-11,56,0.32142857142857145,0.21549624256708086,46,0.42,0.65,-0.00473434978375703,0,0,0,0,0,0.0,0.0,0.0,0.0,0.0,0.0,0.0,0.0,True,148,2025-12,46,0.13043478260869565,0.11184455875616255,58,0.42,0.65,-0.005158494971566341,0,0,0,0,0,0.0,0.0,0.0,0.0,0.0,0.0,0.0,0.0,True,194,2026-01,58,0.3620689655172414,0.2236222069159562,61,0.42,0.65,0.035377957289130235,23,0,0,0,0,0.0,0.0,0.0,0.0,0.0,0.0,0.0,0.0,True,252,2026-02,61,0.32786885245901637,0.2161069818678401,59,0.42,0.65,-0.0011438157616817657,0,0,0,0,0,0.0,0.0,0.0,0.0,0.0,0.0,0.0,0.0,True,313,2026-03,59,0.3050847457627119,0.21196293267100982,60,0.42,0.65,0.0020417358924337825,0,0,0,0,0,0.0,0.0,0.0,0.0,0.0,0.0,0.0,0.0,True,372,2026-04,60,0.25,0.18375081075700544,103,0.42,0.65,7.425725294391006e-05,0,0,0
3,震荡空头反转,22,ca828b303848b456,-999999613.0,False,连续两个有机会开发月无交易|有效开发月份不足|开发交易样本不足,4,0.42,0.75,2,1.6,0.95,0.0028,120,0.8,0.06,36,0.32,2,0.035,220,6.0,32,0,0,0.0,0.0,0.0,0.0,0.0,0.0,0.0,0.0,True,92,2025-11,56,0.32142857142857145,0.21549624256708086,46,0.42,0.75,-0.00473434978375703,0,0,0,0,0,0.0,0.0,0.0,0.0,0.0,0.0,0.0,0.0,True,148,2025-12,46,0.13043478260869565,0.11184455875616255,58,0.42,0.75,-0.005158494971566341,0,0,0,0,0,0.0,0.0,0.0,0.0,0.0,0.0,0.0,0.0,True,194,2026-01,58,0.3620689655172414,0.2236222069159562,61,0.42,0.75,0.035377957289130235,23,0,0,0,0,0.0,0.0,0.0,0.0,0.0,0.0,0.0,0.0,True,252,2026-02,61,0.32786885245901637,0.2161069818678401,59,0.42,0.75,-0.0011438157616817657,0,0,0,0,0,0.0,0.0,0.0,0.0,0.0,0.0,0.0,0.0,True,313,2026-03,59,0.3050847457627119,0.21196293267100982,60,0.42,0.75,0.0020417358924337825,0,0,0,0,0,0.0,0.0,0.0,0.0,0.0,0.0,0.0,0.0,True,372,2026-04,60,0.25,0.18375081075700544,103,0.42,0.75,7.425725294391006e-05,0,0,0
3,震荡空头反转,23,6320c50c87e4595b,-999999613.0,False,连续两个有机会开发月无交易|有效开发月份不足|开发交易样本不足,4,0.42,0.75,5,1.6,0.95,0.0028,120,0.8,0.06,36,0.32,2,0.035,220,6.0,32,0,0,0.0,0.0,0.0,0.0,0.0,0.0,0.0,0.0,True,92,2025-11,56,0.32142857142857145,0.21549624256708086,46,0.42,0.75,-0.00473434978375703,0,0,0,0,0,0.0,0.0,0.0,0.0,0.0,0.0,0.0,0.0,True,148,2025-12,46,0.13043478260869565,0.11184455875616255,58,0.42,0.75,-0.005158494971566341,0,0,0,0,0,0.0,0.0,0.0,0.0,0.0,0.0,0.0,0.0,True,194,2026-01,58,0.3620689655172414,0.2236222069159562,61,0.42,0.75,0.035377957289130235,23,0,0,0,0,0.0,0.0,0.0,0.0,0.0,0.0,0.0,0.0,True,252,2026-02,61,0.32786885245901637,0.2161069818678401,59,0.42,0.75,-0.0011438157616817657,0,0,0,0,0,0.0,0.0,0.0,0.0,0.0,0.0,0.0,0.0,True,313,2026-03,59,0.3050847457627119,0.21196293267100982,60,0.42,0.75,0.0020417358924337825,0,0,0,0,0,0.0,0.0,0.0,0.0,0.0,0.0,0.0,0.0,True,372,2026-04,60,0.25,0.18375081075700544,103,0.42,0.75,7.425725294391006e-05,0,0,0
3,震荡空头反转,24,3e0f643294f60840,-999999613.0,False,连续两个有机会开发月无交易|有效开发月份不足|开发交易样本不足,4,0.42,0.75,8,1.6,0.95,0.0028,120,0.8,0.06,36,0.32,2,0.035,220,6.0,32,0,0,0.0,0.0,0.0,0.0,0.0,0.0,0.0,0.0,True,92,2025-11,56,0.32142857142857145,0.21549624256708086,46,0.42,0.75,-0.00473434978375703,0,0,0,0,0,0.0,0.0,0.0,0.0,0.0,0.0,0.0,0.0,True,148,2025-12,46,0.13043478260869565,0.11184455875616255,58,0.42,0.75,-0.005158494971566341,0,0,0,0,0,0.0,0.0,0.0,0.0,0.0,0.0,0.0,0.0,True,194,2026-01,58,0.3620689655172414,0.2236222069159562,61,0.42,0.75,0.035377957289130235,23,0,0,0,0,0.0,0.0,0.0,0.0,0.0,0.0,0.0,0.0,True,252,2026-02,61,0.32786885245901637,0.2161069818678401,59,0.42,0.75,-0.0011438157616817657,0,0,0,0,0,0.0,0.0,0.0,0.0,0.0,0.0,0.0,0.0,True,313,2026-03,59,0.3050847457627119,0.21196293267100982,60,0.42,0.75,0.0020417358924337825,0,0,0,0,0,0.0,0.0,0.0,0.0,0.0,0.0,0.0,0.0,True,372,2026-04,60,0.25,0.18375081075700544,103,0.42,0.75,7.425725294391006e-05,0,0,0
3,震荡空头反转,25,aee3fa5687733949,-999999613.0,False,连续两个有机会开发月无交易|有效开发月份不足|开发交易样本不足,4,0.42,0.85,2,1.6,0.95,0.0028,120,0.8,0.06,36,0.32,2,0.035,220,6.0,32,0,0,0.0,0.0,0.0,0.0,0.0,0.0,0.0,0.0,True,92,2025-11,56,0.32142857142857145,0.21549624256708086,46,0.42,0.85,-0.00473434978375703,0,0,0,0,0,0.0,0.0,0.0,0.0,0.0,0.0,0.0,0.0,True,148,2025-12,46,0.13043478260869565,0.11184455875616255,58,0.42,0.85,-0.005158494971566341,0,0,0,0,0,0.0,0.0,0.0,0.0,0.0,0.0,0.0,0.0,True,194,2026-01,58,0.3620689655172414,0.2236222069159562,61,0.42,0.85,0.035377957289130235,17,0,0,0,0,0.0,0.0,0.0,0.0,0.0,0.0,0.0,0.0,True,252,2026-02,61,0.32786885245901637,0.2161069818678401,59,0.42,0.85,-0.0011438157616817657,0,0,0,0,0,0.0,0.0,0.0,0.0,0.0,0.0,0.0,0.0,True,313,2026-03,59,0.3050847457627119,0.21196293267100982,60,0.42,0.85,0.0020417358924337825,0,0,0,0,0,0.0,0.0,0.0,0.0,0.0,0.0,0.0,0.0,True,372,2026-04,60,0.25,0.18375081075700544,103,0.42,0.85,7.425725294391006e-05,0,0,0
3,震荡空头反转,26,d736e4b67e9708ce,-999999613.0,False,连续两个有机会开发月无交易|有效开发月份不足|开发交易样本不足,4,0.42,0.85,5,1.6,0.95,0.0028,120,0.8,0.06,36,0.32,2,0.035,220,6.0,32,0,0,0.0,0.0,0.0,0.0,0.0,0.0,0.0,0.0,True,92,2025-11,56,0.32142857142857145,0.21549624256708086,46,0.42,0.85,-0.00473434978375703,0,0,0,0,0,0.0,0.0,0.0,0.0,0.0,0.0,0.0,0.0,True,148,2025-12,46,0.13043478260869565,0.11184455875616255,58,0.42,0.85,-0.005158494971566341,0,0,0,0,0,0.0,0.0,0.0,0.0,0.0,0.0,0.0,0.0,True,194,2026-01,58,0.3620689655172414,0.2236222069159562,61,0.42,0.85,0.035377957289130235,17,0,0,0,0,0.0,0.0,0.0,0.0,0.0,0.0,0.0,0.0,True,252,2026-02,61,0.32786885245901637,0.2161069818678401,59,0.42,0.85,-0.0011438157616817657,0,0,0,0,0,0.0,0.0,0.0,0.0,0.0,0.0,0.0,0.0,True,313,2026-03,59,0.3050847457627119,0.21196293267100982,60,0.42,0.85,0.0020417358924337825,0,0,0,0,0,0.0,0.0,0.0,0.0,0.0,0.0,0.0,0.0,True,372,2026-04,60,0.25,0.18375081075700544,103,0.42,0.85,7.425725294391006e-05,0,0,0
3,震荡空头反转,27,dc0f1ab70c591a83,-999999613.0,False,连续两个有机会开发月无交易|有效开发月份不足|开发交易样本不足,4,0.42,0.85,8,1.6,0.95,0.0028,120,0.8,0.06,36,0.32,2,0.035,220,6.0,32,0,0,0.0,0.0,0.0,0.0,0.0,0.0,0.0,0.0,True,92,2025-11,56,0.32142857142857145,0.21549624256708086,46,0.42,0.85,-0.00473434978375703,0,0,0,0,0,0.0,0.0,0.0,0.0,0.0,0.0,0.0,0.0,True,148,2025-12,46,0.13043478260869565,0.11184455875616255,58,0.42,0.85,-0.005158494971566341,0,0,0,0,0,0.0,0.0,0.0,0.0,0.0,0.0,0.0,0.0,True,194,2026-01,58,0.3620689655172414,0.2236222069159562,61,0.42,0.85,0.035377957289130235,17,0,0,0,0,0.0,0.0,0.0,0.0,0.0,0.0,0.0,0.0,True,252,2026-02,61,0.32786885245901637,0.2161069818678401,59,0.42,0.85,-0.0011438157616817657,0,0,0,0,0,0.0,0.0,0.0,0.0,0.0,0.0,0.0,0.0,True,313,2026-03,59,0.3050847457627119,0.21196293267100982,60,0.42,0.85,0.0020417358924337825,0,0,0,0,0,0.0,0.0,0.0,0.0,0.0,0.0,0.0,0.0,True,372,2026-04,60,0.25,0.18375081075700544,103,0.42,0.85,7.425725294391006e-05,0,0,0
3,震荡空头反转,28,36cbe43759de1833,-999999613.0,False,连续两个有机会开发月无交易|有效开发月份不足|开发交易样本不足,7,0.34,0.65,2,1.6,0.95,0.0028,120,0.8,0.06,36,0.32,2,0.035,220,6.0,32,0,0,0.0,0.0,0.0,0.0,0.0,0.0,0.0,0.0,True,92,2025-11,56,0.32142857142857145,0.21549624256708086,46,0.34,0.65,-0.00473434978375703,4,0,0,0,0,0.0,0.0,0.0,0.0,0.0,0.0,0.0,0.0,True,148,2025-12,46,0.13043478260869565,0.11184455875616255,58,0.34,0.65,-0.005158494971566341,0,0,0,0,0,0.0,0.0,0.0,0.0,0.0,0.0,0.0,0.0,True,194,2026-01,58,0.3620689655172414,0.2236222069159562,61,0.34,0.65,0.035377957289130235,32,0,0,0,0,0.0,0.0,0.0,0.0,0.0,0.0,0.0,0.0,True,252,2026-02,61,0.32786885245901637,0.2161069818678401,59,0.34,0.65,-0.0011438157616817657,25,0,0,0,0,0.0,0.0,0.0,0.0,0.0,0.0,0.0,0.0,True,313,2026-03,59,0.3050847457627119,0.21196293267100982,60,0.34,0.65,0.0020417358924337825,0,0,0,0,0,0.0,0.0,0.0,0.0,0.0,0.0,0.0,0.0,True,372,2026-04,60,0.25,0.18375081075700544,103,0.34,0.65,7.425725294391006e-05,0,0,0
3,震荡空头反转,29,c7887d89f5fc7f41,-999999613.0,False,连续两个有机会开发月无交易|有效开发月份不足|开发交易样本不足,7,0.34,0.65,5,1.6,0.95,0.0028,120,0.8,0.06,36,0.32,2,0.035,220,6.0,32,0,0,0.0,0.0,0.0,0.0,0.0,0.0,0.0,0.0,True,92,2025-11,56,0.32142857142857145,0.21549624256708086,46,0.34,0.65,-0.00473434978375703,4,0,0,0,0,0.0,0.0,0.0,0.0,0.0,0.0,0.0,0.0,True,148,2025-12,46,0.13043478260869565,0.11184455875616255,58,0.34,0.65,-0.005158494971566341,0,0,0,0,0,0.0,0.0,0.0,0.0,0.0,0.0,0.0,0.0,True,194,2026-01,58,0.3620689655172414,0.2236222069159562,61,0.34,0.65,0.035377957289130235,32,0,0,0,0,0.0,0.0,0.0,0.0,0.0,0.0,0.0,0.0,True,252,2026-02,61,0.32786885245901637,0.2161069818678401,59,0.34,0.65,-0.0011438157616817657,25,0,0,0,0,0.0,0.0,0.0,0.0,0.0,0.0,0.0,0.0,True,313,2026-03,59,0.3050847457627119,0.21196293267100982,60,0.34,0.65,0.0020417358924337825,0,0,0,0,0,0.0,0.0,0.0,0.0,0.0,0.0,0.0,0.0,True,372,2026-04,60,0.25,0.18375081075700544,103,0.34,0.65,7.425725294391006e-05,0,0,0
3,震荡空头反转,30,b73f08696115a331,-999999613.0,False,连续两个有机会开发月无交易|有效开发月份不足|开发交易样本不足,7,0.34,0.65,8,1.6,0.95,0.0028,120,0.8,0.06,36,0.32,2,0.035,220,6.0,32,0,0,0.0,0.0,0.0,0.0,0.0,0.0,0.0,0.0,True,92,2025-11,56,0.32142857142857145,0.21549624256708086,46,0.34,0.65,-0.00473434978375703,4,0,0,0,0,0.0,0.0,0.0,0.0,0.0,0.0,0.0,0.0,True,148,2025-12,46,0.13043478260869565,0.11184455875616255,58,0.34,0.65,-0.005158494971566341,0,0,0,0,0,0.0,0.0,0.0,0.0,0.0,0.0,0.0,0.0,True,194,2026-01,58,0.3620689655172414,0.2236222069159562,61,0.34,0.65,0.035377957289130235,32,0,0,0,0,0.0,0.0,0.0,0.0,0.0,0.0,0.0,0.0,True,252,2026-02,61,0.32786885245901637,0.2161069818678401,59,0.34,0.65,-0.0011438157616817657,25,0,0,0,0,0.0,0.0,0.0,0.0,0.0,0.0,0.0,0.0,True,313,2026-03,59,0.3050847457627119,0.21196293267100982,60,0.34,0.65,0.0020417358924337825,0,0,0,0,0,0.0,0.0,0.0,0.0,0.0,0.0,0.0,0.0,True,372,2026-04,60,0.25,0.18375081075700544,103,0.34,0.65,7.425725294391006e-05,0,0,0
4,高波动多头突破,1,6bc4ab50313f2ac7,-999999673.0,False,连续两个有机会开发月无交易|有效开发月份不足|开发交易样本不足,4,0.35,0.68,2,1.9,1.25,0.0035,180,0.95,0.1,42,0.36,2,0.035,220,6.0,32,0,0,0.0,0.0,0.0,0.0,0.0,0.0,0.0,0.0,True,129,2025-11,48,0.16666666666666666,0.13835495255260963,53,0.35,0.68,0.0003228925024427731,0,0,0,0,0,0.0,0.0,0.0,0.0,0.0,0.0,0.0,0.0,True,177,2025-12,53,0.20754716981132076,0.1634821915420342,43,0.35,0.68,-0.009827904371377372,0,0,0,0,0,0.0,0.0,0.0,0.0,0.0,0.0,0.0,0.0,True,230,2026-01,43,0.20930232558139536,0.16544367208927835,36,0.35,0.68,-0.0004868020828066866,0,0,0,0,0,0.0,0.0,0.0,0.0,0.0,0.0,0.0,0.0,True,273,2026-02,36,0.16666666666666666,0.13774415189538258,65,0.35,0.68,0.0052309261038758215,0,0,0,0,0,0.0,0.0,0.0,0.0,0.0,0.0,0.0,0.0,True,309,2026-03,65,0.18461538461538463,0.14586361380047097,91,0.35,0.68,-0.0038197693730947224,0,0,0,0,0,0.0,0.0,0.0,0.0,0.0,0.0,0.0,0.0,True,374,2026-04,91,0.25274725274725274,0.18869681544094147,39,0.35,0.68,0.0001362897622315673,0,0,0
4,高波动多头突破,2,88a39dd4507803ce,-999999673.0,False,连续两个有机会开发月无交易|有效开发月份不足|开发交易样本不足,4,0.35,0.68,5,1.9,1.25,0.0035,180,0.95,0.1,42,0.36,2,0.035,220,6.0,32,0,0,0.0,0.0,0.0,0.0,0.0,0.0,0.0,0.0,True,129,2025-11,48,0.16666666666666666,0.13835495255260963,53,0.35,0.68,0.0003228925024427731,0,0,0,0,0,0.0,0.0,0.0,0.0,0.0,0.0,0.0,0.0,True,177,2025-12,53,0.20754716981132076,0.1634821915420342,43,0.35,0.68,-0.009827904371377372,0,0,0,0,0,0.0,0.0,0.0,0.0,0.0,0.0,0.0,0.0,True,230,2026-01,43,0.20930232558139536,0.16544367208927835,36,0.35,0.68,-0.0004868020828066866,0,0,0,0,0,0.0,0.0,0.0,0.0,0.0,0.0,0.0,0.0,True,273,2026-02,36,0.16666666666666666,0.13774415189538258,65,0.35,0.68,0.0052309261038758215,0,0,0,0,0,0.0,0.0,0.0,0.0,0.0,0.0,0.0,0.0,True,309,2026-03,65,0.18461538461538463,0.14586361380047097,91,0.35,0.68,-0.0038197693730947224,0,0,0,0,0,0.0,0.0,0.0,0.0,0.0,0.0,0.0,0.0,True,374,2026-04,91,0.25274725274725274,0.18869681544094147,39,0.35,0.68,0.0001362897622315673,0,0,0
4,高波动多头突破,3,4bdb1dc5242419a6,-999999673.0,False,连续两个有机会开发月无交易|有效开发月份不足|开发交易样本不足,4,0.35,0.68,8,1.9,1.25,0.0035,180,0.95,0.1,42,0.36,2,0.035,220,6.0,32,0,0,0.0,0.0,0.0,0.0,0.0,0.0,0.0,0.0,True,129,2025-11,48,0.16666666666666666,0.13835495255260963,53,0.35,0.68,0.0003228925024427731,0,0,0,0,0,0.0,0.0,0.0,0.0,0.0,0.0,0.0,0.0,True,177,2025-12,53,0.20754716981132076,0.1634821915420342,43,0.35,0.68,-0.009827904371377372,0,0,0,0,0,0.0,0.0,0.0,0.0,0.0,0.0,0.0,0.0,True,230,2026-01,43,0.20930232558139536,0.16544367208927835,36,0.35,0.68,-0.0004868020828066866,0,0,0,0,0,0.0,0.0,0.0,0.0,0.0,0.0,0.0,0.0,True,273,2026-02,36,0.16666666666666666,0.13774415189538258,65,0.35,0.68,0.0052309261038758215,0,0,0,0,0,0.0,0.0,0.0,0.0,0.0,0.0,0.0,0.0,True,309,2026-03,65,0.18461538461538463,0.14586361380047097,91,0.35,0.68,-0.0038197693730947224,0,0,0,0,0,0.0,0.0,0.0,0.0,0.0,0.0,0.0,0.0,True,374,2026-04,91,0.25274725274725274,0.18869681544094147,39,0.35,0.68,0.0001362897622315673,0,0,0
4,高波动多头突破,4,01d7ba98e39329fa,-999999673.0,False,连续两个有机会开发月无交易|有效开发月份不足|开发交易样本不足,4,0.35,0.78,2,1.9,1.25,0.0035,180,0.95,0.1,42,0.36,2,0.035,220,6.0,32,0,0,0.0,0.0,0.0,0.0,0.0,0.0,0.0,0.0,True,129,2025-11,48,0.16666666666666666,0.13835495255260963,53,0.35,0.78,0.0003228925024427731,0,0,0,0,0,0.0,0.0,0.0,0.0,0.0,0.0,0.0,0.0,True,177,2025-12,53,0.20754716981132076,0.1634821915420342,43,0.35,0.78,-0.009827904371377372,0,0,0,0,0,0.0,0.0,0.0,0.0,0.0,0.0,0.0,0.0,True,230,2026-01,43,0.20930232558139536,0.16544367208927835,36,0.35,0.78,-0.0004868020828066866,0,0,0,0,0,0.0,0.0,0.0,0.0,0.0,0.0,0.0,0.0,True,273,2026-02,36,0.16666666666666666,0.13774415189538258,65,0.35,0.78,0.0052309261038758215,0,0,0,0,0,0.0,0.0,0.0,0.0,0.0,0.0,0.0,0.0,True,309,2026-03,65,0.18461538461538463,0.14586361380047097,91,0.35,0.78,-0.0038197693730947224,0,0,0,0,0,0.0,0.0,0.0,0.0,0.0,0.0,0.0,0.0,True,374,2026-04,91,0.25274725274725274,0.18869681544094147,39,0.35,0.78,0.0001362897622315673,0,0,0
4,高波动多头突破,5,e963b55a28c1fd0f,-999999673.0,False,连续两个有机会开发月无交易|有效开发月份不足|开发交易样本不足,4,0.35,0.78,5,1.9,1.25,0.0035,180,0.95,0.1,42,0.36,2,0.035,220,6.0,32,0,0,0.0,0.0,0.0,0.0,0.0,0.0,0.0,0.0,True,129,2025-11,48,0.16666666666666666,0.13835495255260963,53,0.35,0.78,0.0003228925024427731,0,0,0,0,0,0.0,0.0,0.0,0.0,0.0,0.0,0.0,0.0,True,177,2025-12,53,0.20754716981132076,0.1634821915420342,43,0.35,0.78,-0.009827904371377372,0,0,0,0,0,0.0,0.0,0.0,0.0,0.0,0.0,0.0,0.0,True,230,2026-01,43,0.20930232558139536,0.16544367208927835,36,0.35,0.78,-0.0004868020828066866,0,0,0,0,0,0.0,0.0,0.0,0.0,0.0,0.0,0.0,0.0,True,273,2026-02,36,0.16666666666666666,0.13774415189538258,65,0.35,0.78,0.0052309261038758215,0,0,0,0,0,0.0,0.0,0.0,0.0,0.0,0.0,0.0,0.0,True,309,2026-03,65,0.18461538461538463,0.14586361380047097,91,0.35,0.78,-0.0038197693730947224,0,0,0,0,0,0.0,0.0,0.0,0.0,0.0,0.0,0.0,0.0,True,374,2026-04,91,0.25274725274725274,0.18869681544094147,39,0.35,0.78,0.0001362897622315673,0,0,0
4,高波动多头突破,6,65cfee4d669c1639,-999999673.0,False,连续两个有机会开发月无交易|有效开发月份不足|开发交易样本不足,4,0.35,0.78,8,1.9,1.25,0.0035,180,0.95,0.1,42,0.36,2,0.035,220,6.0,32,0,0,0.0,0.0,0.0,0.0,0.0,0.0,0.0,0.0,True,129,2025-11,48,0.16666666666666666,0.13835495255260963,53,0.35,0.78,0.0003228925024427731,0,0,0,0,0,0.0,0.0,0.0,0.0,0.0,0.0,0.0,0.0,True,177,2025-12,53,0.20754716981132076,0.1634821915420342,43,0.35,0.78,-0.009827904371377372,0,0,0,0,0,0.0,0.0,0.0,0.0,0.0,0.0,0.0,0.0,True,230,2026-01,43,0.20930232558139536,0.16544367208927835,36,0.35,0.78,-0.0004868020828066866,0,0,0,0,0,0.0,0.0,0.0,0.0,0.0,0.0,0.0,0.0,True,273,2026-02,36,0.16666666666666666,0.13774415189538258,65,0.35,0.78,0.0052309261038758215,0,0,0,0,0,0.0,0.0,0.0,0.0,0.0,0.0,0.0,0.0,True,309,2026-03,65,0.18461538461538463,0.14586361380047097,91,0.35,0.78,-0.0038197693730947224,0,0,0,0,0,0.0,0.0,0.0,0.0,0.0,0.0,0.0,0.0,True,374,2026-04,91,0.25274725274725274,0.18869681544094147,39,0.35,0.78,0.0001362897622315673,0,0,0
4,高波动多头突破,7,1a527cfde9e2a6a8,-999999673.0,False,连续两个有机会开发月无交易|有效开发月份不足|开发交易样本不足,4,0.35,0.86,2,1.9,1.25,0.0035,180,0.95,0.1,42,0.36,2,0.035,220,6.0,32,0,0,0.0,0.0,0.0,0.0,0.0,0.0,0.0,0.0,True,129,2025-11,48,0.16666666666666666,0.13835495255260963,53,0.35,0.86,0.0003228925024427731,0,0,0,0,0,0.0,0.0,0.0,0.0,0.0,0.0,0.0,0.0,True,177,2025-12,53,0.20754716981132076,0.1634821915420342,43,0.35,0.86,-0.009827904371377372,0,0,0,0,0,0.0,0.0,0.0,0.0,0.0,0.0,0.0,0.0,True,230,2026-01,43,0.20930232558139536,0.16544367208927835,36,0.35,0.86,-0.0004868020828066866,0,0,0,0,0,0.0,0.0,0.0,0.0,0.0,0.0,0.0,0.0,True,273,2026-02,36,0.16666666666666666,0.13774415189538258,65,0.35,0.86,0.0052309261038758215,0,0,0,0,0,0.0,0.0,0.0,0.0,0.0,0.0,0.0,0.0,True,309,2026-03,65,0.18461538461538463,0.14586361380047097,91,0.35,0.86,-0.0038197693730947224,0,0,0,0,0,0.0,0.0,0.0,0.0,0.0,0.0,0.0,0.0,True,374,2026-04,91,0.25274725274725274,0.18869681544094147,39,0.35,0.86,0.0001362897622315673,0,0,0
4,高波动多头突破,8,335d8e60ad3ddc18,-999999673.0,False,连续两个有机会开发月无交易|有效开发月份不足|开发交易样本不足,4,0.35,0.86,5,1.9,1.25,0.0035,180,0.95,0.1,42,0.36,2,0.035,220,6.0,32,0,0,0.0,0.0,0.0,0.0,0.0,0.0,0.0,0.0,True,129,2025-11,48,0.16666666666666666,0.13835495255260963,53,0.35,0.86,0.0003228925024427731,0,0,0,0,0,0.0,0.0,0.0,0.0,0.0,0.0,0.0,0.0,True,177,2025-12,53,0.20754716981132076,0.1634821915420342,43,0.35,0.86,-0.009827904371377372,0,0,0,0,0,0.0,0.0,0.0,0.0,0.0,0.0,0.0,0.0,True,230,2026-01,43,0.20930232558139536,0.16544367208927835,36,0.35,0.86,-0.0004868020828066866,0,0,0,0,0,0.0,0.0,0.0,0.0,0.0,0.0,0.0,0.0,True,273,2026-02,36,0.16666666666666666,0.13774415189538258,65,0.35,0.86,0.0052309261038758215,0,0,0,0,0,0.0,0.0,0.0,0.0,0.0,0.0,0.0,0.0,True,309,2026-03,65,0.18461538461538463,0.14586361380047097,91,0.35,0.86,-0.0038197693730947224,0,0,0,0,0,0.0,0.0,0.0,0.0,0.0,0.0,0.0,0.0,True,374,2026-04,91,0.25274725274725274,0.18869681544094147,39,0.35,0.86,0.0001362897622315673,0,0,0
4,高波动多头突破,9,0e6ee17527221659,-999999673.0,False,连续两个有机会开发月无交易|有效开发月份不足|开发交易样本不足,4,0.35,0.86,8,1.9,1.25,0.0035,180,0.95,0.1,42,0.36,2,0.035,220,6.0,32,0,0,0.0,0.0,0.0,0.0,0.0,0.0,0.0,0.0,True,129,2025-11,48,0.16666666666666666,0.13835495255260963,53,0.35,0.86,0.0003228925024427731,0,0,0,0,0,0.0,0.0,0.0,0.0,0.0,0.0,0.0,0.0,True,177,2025-12,53,0.20754716981132076,0.1634821915420342,43,0.35,0.86,-0.009827904371377372,0,0,0,0,0,0.0,0.0,0.0,0.0,0.0,0.0,0.0,0.0,True,230,2026-01,43,0.20930232558139536,0.16544367208927835,36,0.35,0.86,-0.0004868020828066866,0,0,0,0,0,0.0,0.0,0.0,0.0,0.0,0.0,0.0,0.0,True,273,2026-02,36,0.16666666666666666,0.13774415189538258,65,0.35,0.86,0.0052309261038758215,0,0,0,0,0,0.0,0.0,0.0,0.0,0.0,0.0,0.0,0.0,True,309,2026-03,65,0.18461538461538463,0.14586361380047097,91,0.35,0.86,-0.0038197693730947224,0,0,0,0,0,0.0,0.0,0.0,0.0,0.0,0.0,0.0,0.0,True,374,2026-04,91,0.25274725274725274,0.18869681544094147,39,0.35,0.86,0.0001362897622315673,0,0,0
4,高波动多头突破,10,dddfd77539d2f96d,-999999673.0,False,连续两个有机会开发月无交易|有效开发月份不足|开发交易样本不足,4,0.4,0.68,2,1.9,1.25,0.0035,180,0.95,0.1,42,0.36,2,0.035,220,6.0,32,0,0,0.0,0.0,0.0,0.0,0.0,0.0,0.0,0.0,True,129,2025-11,48,0.16666666666666666,0.13835495255260963,53,0.4,0.68,0.0003228925024427731,0,0,0,0,0,0.0,0.0,0.0,0.0,0.0,0.0,0.0,0.0,True,177,2025-12,53,0.20754716981132076,0.1634821915420342,43,0.4,0.68,-0.009827904371377372,0,0,0,0,0,0.0,0.0,0.0,0.0,0.0,0.0,0.0,0.0,True,230,2026-01,43,0.20930232558139536,0.16544367208927835,36,0.4,0.68,-0.0004868020828066866,0,0,0,0,0,0.0,0.0,0.0,0.0,0.0,0.0,0.0,0.0,True,273,2026-02,36,0.16666666666666666,0.13774415189538258,65,0.4,0.68,0.0052309261038758215,0,0,0,0,0,0.0,0.0,0.0,0.0,0.0,0.0,0.0,0.0,True,309,2026-03,65,0.18461538461538463,0.14586361380047097,91,0.4,0.68,-0.0038197693730947224,0,0,0,0,0,0.0,0.0,0.0,0.0,0.0,0.0,0.0,0.0,True,374,2026-04,91,0.25274725274725274,0.18869681544094147,39,0.4,0.68,0.0001362897622315673,0,0,0
4,高波动多头突破,11,7c72582a8fa64be4,-999999673.0,False,连续两个有机会开发月无交易|有效开发月份不足|开发交易样本不足,4,0.4,0.68,5,1.9,1.25,0.0035,180,0.95,0.1,42,0.36,2,0.035,220,6.0,32,0,0,0.0,0.0,0.0,0.0,0.0,0.0,0.0,0.0,True,129,2025-11,48,0.16666666666666666,0.13835495255260963,53,0.4,0.68,0.0003228925024427731,0,0,0,0,0,0.0,0.0,0.0,0.0,0.0,0.0,0.0,0.0,True,177,2025-12,53,0.20754716981132076,0.1634821915420342,43,0.4,0.68,-0.009827904371377372,0,0,0,0,0,0.0,0.0,0.0,0.0,0.0,0.0,0.0,0.0,True,230,2026-01,43,0.20930232558139536,0.16544367208927835,36,0.4,0.68,-0.0004868020828066866,0,0,0,0,0,0.0,0.0,0.0,0.0,0.0,0.0,0.0,0.0,True,273,2026-02,36,0.16666666666666666,0.13774415189538258,65,0.4,0.68,0.0052309261038758215,0,0,0,0,0,0.0,0.0,0.0,0.0,0.0,0.0,0.0,0.0,True,309,2026-03,65,0.18461538461538463,0.14586361380047097,91,0.4,0.68,-0.0038197693730947224,0,0,0,0,0,0.0,0.0,0.0,0.0,0.0,0.0,0.0,0.0,True,374,2026-04,91,0.25274725274725274,0.18869681544094147,39,0.4,0.68,0.0001362897622315673,0,0,0
4,高波动多头突破,12,e7b06d0725ae542b,-999999673.0,False,连续两个有机会开发月无交易|有效开发月份不足|开发交易样本不足,4,0.4,0.68,8,1.9,1.25,0.0035,180,0.95,0.1,42,0.36,2,0.035,220,6.0,32,0,0,0.0,0.0,0.0,0.0,0.0,0.0,0.0,0.0,True,129,2025-11,48,0.16666666666666666,0.13835495255260963,53,0.4,0.68,0.0003228925024427731,0,0,0,0,0,0.0,0.0,0.0,0.0,0.0,0.0,0.0,0.0,True,177,2025-12,53,0.20754716981132076,0.1634821915420342,43,0.4,0.68,-0.009827904371377372,0,0,0,0,0,0.0,0.0,0.0,0.0,0.0,0.0,0.0,0.0,True,230,2026-01,43,0.20930232558139536,0.16544367208927835,36,0.4,0.68,-0.0004868020828066866,0,0,0,0,0,0.0,0.0,0.0,0.0,0.0,0.0,0.0,0.0,True,273,2026-02,36,0.16666666666666666,0.13774415189538258,65,0.4,0.68,0.0052309261038758215,0,0,0,0,0,0.0,0.0,0.0,0.0,0.0,0.0,0.0,0.0,True,309,2026-03,65,0.18461538461538463,0.14586361380047097,91,0.4,0.68,-0.0038197693730947224,0,0,0,0,0,0.0,0.0,0.0,0.0,0.0,0.0,0.0,0.0,True,374,2026-04,91,0.25274725274725274,0.18869681544094147,39,0.4,0.68,0.0001362897622315673,0,0,0
4,高波动多头突破,13,f03be06c1cdf6b40,-999999673.0,False,连续两个有机会开发月无交易|有效开发月份不足|开发交易样本不足,4,0.4,0.78,2,1.9,1.25,0.0035,180,0.95,0.1,42,0.36,2,0.035,220,6.0,32,0,0,0.0,0.0,0.0,0.0,0.0,0.0,0.0,0.0,True,129,2025-11,48,0.16666666666666666,0.13835495255260963,53,0.4,0.78,0.0003228925024427731,0,0,0,0,0,0.0,0.0,0.0,0.0,0.0,0.0,0.0,0.0,True,177,2025-12,53,0.20754716981132076,0.1634821915420342,43,0.4,0.78,-0.009827904371377372,0,0,0,0,0,0.0,0.0,0.0,0.0,0.0,0.0,0.0,0.0,True,230,2026-01,43,0.20930232558139536,0.16544367208927835,36,0.4,0.78,-0.0004868020828066866,0,0,0,0,0,0.0,0.0,0.0,0.0,0.0,0.0,0.0,0.0,True,273,2026-02,36,0.16666666666666666,0.13774415189538258,65,0.4,0.78,0.0052309261038758215,0,0,0,0,0,0.0,0.0,0.0,0.0,0.0,0.0,0.0,0.0,True,309,2026-03,65,0.18461538461538463,0.14586361380047097,91,0.4,0.78,-0.0038197693730947224,0,0,0,0,0,0.0,0.0,0.0,0.0,0.0,0.0,0.0,0.0,True,374,2026-04,91,0.25274725274725274,0.18869681544094147,39,0.4,0.78,0.0001362897622315673,0,0,0
4,高波动多头突破,14,ae046d70f5a3a12c,-999999673.0,False,连续两个有机会开发月无交易|有效开发月份不足|开发交易样本不足,4,0.4,0.78,5,1.9,1.25,0.0035,180,0.95,0.1,42,0.36,2,0.035,220,6.0,32,0,0,0.0,0.0,0.0,0.0,0.0,0.0,0.0,0.0,True,129,2025-11,48,0.16666666666666666,0.13835495255260963,53,0.4,0.78,0.0003228925024427731,0,0,0,0,0,0.0,0.0,0.0,0.0,0.0,0.0,0.0,0.0,True,177,2025-12,53,0.20754716981132076,0.1634821915420342,43,0.4,0.78,-0.009827904371377372,0,0,0,0,0,0.0,0.0,0.0,0.0,0.0,0.0,0.0,0.0,True,230,2026-01,43,0.20930232558139536,0.16544367208927835,36,0.4,0.78,-0.0004868020828066866,0,0,0,0,0,0.0,0.0,0.0,0.0,0.0,0.0,0.0,0.0,True,273,2026-02,36,0.16666666666666666,0.13774415189538258,65,0.4,0.78,0.0052309261038758215,0,0,0,0,0,0.0,0.0,0.0,0.0,0.0,0.0,0.0,0.0,True,309,2026-03,65,0.18461538461538463,0.14586361380047097,91,0.4,0.78,-0.0038197693730947224,0,0,0,0,0,0.0,0.0,0.0,0.0,0.0,0.0,0.0,0.0,True,374,2026-04,91,0.25274725274725274,0.18869681544094147,39,0.4,0.78,0.0001362897622315673,0,0,0
4,高波动多头突破,15,d8909002e6618547,-999999673.0,False,连续两个有机会开发月无交易|有效开发月份不足|开发交易样本不足,4,0.4,0.78,8,1.9,1.25,0.0035,180,0.95,0.1,42,0.36,2,0.035,220,6.0,32,0,0,0.0,0.0,0.0,0.0,0.0,0.0,0.0,0.0,True,129,2025-11,48,0.16666666666666666,0.13835495255260963,53,0.4,0.78,0.0003228925024427731,0,0,0,0,0,0.0,0.0,0.0,0.0,0.0,0.0,0.0,0.0,True,177,2025-12,53,0.20754716981132076,0.1634821915420342,43,0.4,0.78,-0.009827904371377372,0,0,0,0,0,0.0,0.0,0.0,0.0,0.0,0.0,0.0,0.0,True,230,2026-01,43,0.20930232558139536,0.16544367208927835,36,0.4,0.78,-0.0004868020828066866,0,0,0,0,0,0.0,0.0,0.0,0.0,0.0,0.0,0.0,0.0,True,273,2026-02,36,0.16666666666666666,0.13774415189538258,65,0.4,0.78,0.0052309261038758215,0,0,0,0,0,0.0,0.0,0.0,0.0,0.0,0.0,0.0,0.0,True,309,2026-03,65,0.18461538461538463,0.14586361380047097,91,0.4,0.78,-0.0038197693730947224,0,0,0,0,0,0.0,0.0,0.0,0.0,0.0,0.0,0.0,0.0,True,374,2026-04,91,0.25274725274725274,0.18869681544094147,39,0.4,0.78,0.0001362897622315673,0,0,0
4,高波动多头突破,16,8f0d44e9550e7b57,-999999673.0,False,连续两个有机会开发月无交易|有效开发月份不足|开发交易样本不足,4,0.4,0.86,2,1.9,1.25,0.0035,180,0.95,0.1,42,0.36,2,0.035,220,6.0,32,0,0,0.0,0.0,0.0,0.0,0.0,0.0,0.0,0.0,True,129,2025-11,48,0.16666666666666666,0.13835495255260963,53,0.4,0.86,0.0003228925024427731,0,0,0,0,0,0.0,0.0,0.0,0.0,0.0,0.0,0.0,0.0,True,177,2025-12,53,0.20754716981132076,0.1634821915420342,43,0.4,0.86,-0.009827904371377372,0,0,0,0,0,0.0,0.0,0.0,0.0,0.0,0.0,0.0,0.0,True,230,2026-01,43,0.20930232558139536,0.16544367208927835,36,0.4,0.86,-0.0004868020828066866,0,0,0,0,0,0.0,0.0,0.0,0.0,0.0,0.0,0.0,0.0,True,273,2026-02,36,0.16666666666666666,0.13774415189538258,65,0.4,0.86,0.0052309261038758215,0,0,0,0,0,0.0,0.0,0.0,0.0,0.0,0.0,0.0,0.0,True,309,2026-03,65,0.18461538461538463,0.14586361380047097,91,0.4,0.86,-0.0038197693730947224,0,0,0,0,0,0.0,0.0,0.0,0.0,0.0,0.0,0.0,0.0,True,374,2026-04,91,0.25274725274725274,0.18869681544094147,39,0.4,0.86,0.0001362897622315673,0,0,0
4,高波动多头突破,17,2538aed780c744fc,-999999673.0,False,连续两个有机会开发月无交易|有效开发月份不足|开发交易样本不足,4,0.4,0.86,5,1.9,1.25,0.0035,180,0.95,0.1,42,0.36,2,0.035,220,6.0,32,0,0,0.0,0.0,0.0,0.0,0.0,0.0,0.0,0.0,True,129,2025-11,48,0.16666666666666666,0.13835495255260963,53,0.4,0.86,0.0003228925024427731,0,0,0,0,0,0.0,0.0,0.0,0.0,0.0,0.0,0.0,0.0,True,177,2025-12,53,0.20754716981132076,0.1634821915420342,43,0.4,0.86,-0.009827904371377372,0,0,0,0,0,0.0,0.0,0.0,0.0,0.0,0.0,0.0,0.0,True,230,2026-01,43,0.20930232558139536,0.16544367208927835,36,0.4,0.86,-0.0004868020828066866,0,0,0,0,0,0.0,0.0,0.0,0.0,0.0,0.0,0.0,0.0,True,273,2026-02,36,0.16666666666666666,0.13774415189538258,65,0.4,0.86,0.0052309261038758215,0,0,0,0,0,0.0,0.0,0.0,0.0,0.0,0.0,0.0,0.0,True,309,2026-03,65,0.18461538461538463,0.14586361380047097,91,0.4,0.86,-0.0038197693730947224,0,0,0,0,0,0.0,0.0,0.0,0.0,0.0,0.0,0.0,0.0,True,374,2026-04,91,0.25274725274725274,0.18869681544094147,39,0.4,0.86,0.0001362897622315673,0,0,0
4,高波动多头突破,18,41df4825a361d64d,-999999673.0,False,连续两个有机会开发月无交易|有效开发月份不足|开发交易样本不足,4,0.4,0.86,8,1.9,1.25,0.0035,180,0.95,0.1,42,0.36,2,0.035,220,6.0,32,0,0,0.0,0.0,0.0,0.0,0.0,0.0,0.0,0.0,True,129,2025-11,48,0.16666666666666666,0.13835495255260963,53,0.4,0.86,0.0003228925024427731,0,0,0,0,0,0.0,0.0,0.0,0.0,0.0,0.0,0.0,0.0,True,177,2025-12,53,0.20754716981132076,0.1634821915420342,43,0.4,0.86,-0.009827904371377372,0,0,0,0,0,0.0,0.0,0.0,0.0,0.0,0.0,0.0,0.0,True,230,2026-01,43,0.20930232558139536,0.16544367208927835,36,0.4,0.86,-0.0004868020828066866,0,0,0,0,0,0.0,0.0,0.0,0.0,0.0,0.0,0.0,0.0,True,273,2026-02,36,0.16666666666666666,0.13774415189538258,65,0.4,0.86,0.0052309261038758215,0,0,0,0,0,0.0,0.0,0.0,0.0,0.0,0.0,0.0,0.0,True,309,2026-03,65,0.18461538461538463,0.14586361380047097,91,0.4,0.86,-0.0038197693730947224,0,0,0,0,0,0.0,0.0,0.0,0.0,0.0,0.0,0.0,0.0,True,374,2026-04,91,0.25274725274725274,0.18869681544094147,39,0.4,0.86,0.0001362897622315673,0,0,0
4,高波动多头突破,19,5202e350741640da,-999999673.0,False,连续两个有机会开发月无交易|有效开发月份不足|开发交易样本不足,4,0.45,0.68,2,1.9,1.25,0.0035,180,0.95,0.1,42,0.36,2,0.035,220,6.0,32,0,0,0.0,0.0,0.0,0.0,0.0,0.0,0.0,0.0,True,129,2025-11,48,0.16666666666666666,0.13835495255260963,53,0.45,0.68,0.0003228925024427731,0,0,0,0,0,0.0,0.0,0.0,0.0,0.0,0.0,0.0,0.0,True,177,2025-12,53,0.20754716981132076,0.1634821915420342,43,0.45,0.68,-0.009827904371377372,0,0,0,0,0,0.0,0.0,0.0,0.0,0.0,0.0,0.0,0.0,True,230,2026-01,43,0.20930232558139536,0.16544367208927835,36,0.45,0.68,-0.0004868020828066866,0,0,0,0,0,0.0,0.0,0.0,0.0,0.0,0.0,0.0,0.0,True,273,2026-02,36,0.16666666666666666,0.13774415189538258,65,0.45,0.68,0.0052309261038758215,0,0,0,0,0,0.0,0.0,0.0,0.0,0.0,0.0,0.0,0.0,True,309,2026-03,65,0.18461538461538463,0.14586361380047097,91,0.45,0.68,-0.0038197693730947224,0,0,0,0,0,0.0,0.0,0.0,0.0,0.0,0.0,0.0,0.0,True,374,2026-04,91,0.25274725274725274,0.18869681544094147,39,0.45,0.68,0.0001362897622315673,0,0,0
4,高波动多头突破,20,3283df27028cf60f,-999999673.0,False,连续两个有机会开发月无交易|有效开发月份不足|开发交易样本不足,4,0.45,0.68,5,1.9,1.25,0.0035,180,0.95,0.1,42,0.36,2,0.035,220,6.0,32,0,0,0.0,0.0,0.0,0.0,0.0,0.0,0.0,0.0,True,129,2025-11,48,0.16666666666666666,0.13835495255260963,53,0.45,0.68,0.0003228925024427731,0,0,0,0,0,0.0,0.0,0.0,0.0,0.0,0.0,0.0,0.0,True,177,2025-12,53,0.20754716981132076,0.1634821915420342,43,0.45,0.68,-0.009827904371377372,0,0,0,0,0,0.0,0.0,0.0,0.0,0.0,0.0,0.0,0.0,True,230,2026-01,43,0.20930232558139536,0.16544367208927835,36,0.45,0.68,-0.0004868020828066866,0,0,0,0,0,0.0,0.0,0.0,0.0,0.0,0.0,0.0,0.0,True,273,2026-02,36,0.16666666666666666,0.13774415189538258,65,0.45,0.68,0.0052309261038758215,0,0,0,0,0,0.0,0.0,0.0,0.0,0.0,0.0,0.0,0.0,True,309,2026-03,65,0.18461538461538463,0.14586361380047097,91,0.45,0.68,-0.0038197693730947224,0,0,0,0,0,0.0,0.0,0.0,0.0,0.0,0.0,0.0,0.0,True,374,2026-04,91,0.25274725274725274,0.18869681544094147,39,0.45,0.68,0.0001362897622315673,0,0,0
4,高波动多头突破,21,15eb5a36560d0be3,-999999673.0,False,连续两个有机会开发月无交易|有效开发月份不足|开发交易样本不足,4,0.45,0.68,8,1.9,1.25,0.0035,180,0.95,0.1,42,0.36,2,0.035,220,6.0,32,0,0,0.0,0.0,0.0,0.0,0.0,0.0,0.0,0.0,True,129,2025-11,48,0.16666666666666666,0.13835495255260963,53,0.45,0.68,0.0003228925024427731,0,0,0,0,0,0.0,0.0,0.0,0.0,0.0,0.0,0.0,0.0,True,177,2025-12,53,0.20754716981132076,0.1634821915420342,43,0.45,0.68,-0.009827904371377372,0,0,0,0,0,0.0,0.0,0.0,0.0,0.0,0.0,0.0,0.0,True,230,2026-01,43,0.20930232558139536,0.16544367208927835,36,0.45,0.68,-0.0004868020828066866,0,0,0,0,0,0.0,0.0,0.0,0.0,0.0,0.0,0.0,0.0,True,273,2026-02,36,0.16666666666666666,0.13774415189538258,65,0.45,0.68,0.0052309261038758215,0,0,0,0,0,0.0,0.0,0.0,0.0,0.0,0.0,0.0,0.0,True,309,2026-03,65,0.18461538461538463,0.14586361380047097,91,0.45,0.68,-0.0038197693730947224,0,0,0,0,0,0.0,0.0,0.0,0.0,0.0,0.0,0.0,0.0,True,374,2026-04,91,0.25274725274725274,0.18869681544094147,39,0.45,0.68,0.0001362897622315673,0,0,0
4,高波动多头突破,22,bc9abfc8482c80a5,-999999673.0,False,连续两个有机会开发月无交易|有效开发月份不足|开发交易样本不足,4,0.45,0.78,2,1.9,1.25,0.0035,180,0.95,0.1,42,0.36,2,0.035,220,6.0,32,0,0,0.0,0.0,0.0,0.0,0.0,0.0,0.0,0.0,True,129,2025-11,48,0.16666666666666666,0.13835495255260963,53,0.45,0.78,0.0003228925024427731,0,0,0,0,0,0.0,0.0,0.0,0.0,0.0,0.0,0.0,0.0,True,177,2025-12,53,0.20754716981132076,0.1634821915420342,43,0.45,0.78,-0.009827904371377372,0,0,0,0,0,0.0,0.0,0.0,0.0,0.0,0.0,0.0,0.0,True,230,2026-01,43,0.20930232558139536,0.16544367208927835,36,0.45,0.78,-0.0004868020828066866,0,0,0,0,0,0.0,0.0,0.0,0.0,0.0,0.0,0.0,0.0,True,273,2026-02,36,0.16666666666666666,0.13774415189538258,65,0.45,0.78,0.0052309261038758215,0,0,0,0,0,0.0,0.0,0.0,0.0,0.0,0.0,0.0,0.0,True,309,2026-03,65,0.18461538461538463,0.14586361380047097,91,0.45,0.78,-0.0038197693730947224,0,0,0,0,0,0.0,0.0,0.0,0.0,0.0,0.0,0.0,0.0,True,374,2026-04,91,0.25274725274725274,0.18869681544094147,39,0.45,0.78,0.0001362897622315673,0,0,0
4,高波动多头突破,23,3d030338f8068264,-999999673.0,False,连续两个有机会开发月无交易|有效开发月份不足|开发交易样本不足,4,0.45,0.78,5,1.9,1.25,0.0035,180,0.95,0.1,42,0.36,2,0.035,220,6.0,32,0,0,0.0,0.0,0.0,0.0,0.0,0.0,0.0,0.0,True,129,2025-11,48,0.16666666666666666,0.13835495255260963,53,0.45,0.78,0.0003228925024427731,0,0,0,0,0,0.0,0.0,0.0,0.0,0.0,0.0,0.0,0.0,True,177,2025-12,53,0.20754716981132076,0.1634821915420342,43,0.45,0.78,-0.009827904371377372,0,0,0,0,0,0.0,0.0,0.0,0.0,0.0,0.0,0.0,0.0,True,230,2026-01,43,0.20930232558139536,0.16544367208927835,36,0.45,0.78,-0.0004868020828066866,0,0,0,0,0,0.0,0.0,0.0,0.0,0.0,0.0,0.0,0.0,True,273,2026-02,36,0.16666666666666666,0.13774415189538258,65,0.45,0.78,0.0052309261038758215,0,0,0,0,0,0.0,0.0,0.0,0.0,0.0,0.0,0.0,0.0,True,309,2026-03,65,0.18461538461538463,0.14586361380047097,91,0.45,0.78,-0.0038197693730947224,0,0,0,0,0,0.0,0.0,0.0,0.0,0.0,0.0,0.0,0.0,True,374,2026-04,91,0.25274725274725274,0.18869681544094147,39,0.45,0.78,0.0001362897622315673,0,0,0
4,高波动多头突破,24,e66d14eda6f6600a,-999999673.0,False,连续两个有机会开发月无交易|有效开发月份不足|开发交易样本不足,4,0.45,0.78,8,1.9,1.25,0.0035,180,0.95,0.1,42,0.36,2,0.035,220,6.0,32,0,0,0.0,0.0,0.0,0.0,0.0,0.0,0.0,0.0,True,129,2025-11,48,0.16666666666666666,0.13835495255260963,53,0.45,0.78,0.0003228925024427731,0,0,0,0,0,0.0,0.0,0.0,0.0,0.0,0.0,0.0,0.0,True,177,2025-12,53,0.20754716981132076,0.1634821915420342,43,0.45,0.78,-0.009827904371377372,0,0,0,0,0,0.0,0.0,0.0,0.0,0.0,0.0,0.0,0.0,True,230,2026-01,43,0.20930232558139536,0.16544367208927835,36,0.45,0.78,-0.0004868020828066866,0,0,0,0,0,0.0,0.0,0.0,0.0,0.0,0.0,0.0,0.0,True,273,2026-02,36,0.16666666666666666,0.13774415189538258,65,0.45,0.78,0.0052309261038758215,0,0,0,0,0,0.0,0.0,0.0,0.0,0.0,0.0,0.0,0.0,True,309,2026-03,65,0.18461538461538463,0.14586361380047097,91,0.45,0.78,-0.0038197693730947224,0,0,0,0,0,0.0,0.0,0.0,0.0,0.0,0.0,0.0,0.0,True,374,2026-04,91,0.25274725274725274,0.18869681544094147,39,0.45,0.78,0.0001362897622315673,0,0,0
4,高波动多头突破,25,40fafba25355743c,-999999673.0,False,连续两个有机会开发月无交易|有效开发月份不足|开发交易样本不足,4,0.45,0.86,2,1.9,1.25,0.0035,180,0.95,0.1,42,0.36,2,0.035,220,6.0,32,0,0,0.0,0.0,0.0,0.0,0.0,0.0,0.0,0.0,True,129,2025-11,48,0.16666666666666666,0.13835495255260963,53,0.45,0.86,0.0003228925024427731,0,0,0,0,0,0.0,0.0,0.0,0.0,0.0,0.0,0.0,0.0,True,177,2025-12,53,0.20754716981132076,0.1634821915420342,43,0.45,0.86,-0.009827904371377372,0,0,0,0,0,0.0,0.0,0.0,0.0,0.0,0.0,0.0,0.0,True,230,2026-01,43,0.20930232558139536,0.16544367208927835,36,0.45,0.86,-0.0004868020828066866,0,0,0,0,0,0.0,0.0,0.0,0.0,0.0,0.0,0.0,0.0,True,273,2026-02,36,0.16666666666666666,0.13774415189538258,65,0.45,0.86,0.0052309261038758215,0,0,0,0,0,0.0,0.0,0.0,0.0,0.0,0.0,0.0,0.0,True,309,2026-03,65,0.18461538461538463,0.14586361380047097,91,0.45,0.86,-0.0038197693730947224,0,0,0,0,0,0.0,0.0,0.0,0.0,0.0,0.0,0.0,0.0,True,374,2026-04,91,0.25274725274725274,0.18869681544094147,39,0.45,0.86,0.0001362897622315673,0,0,0
4,高波动多头突破,26,5f6b9e0c0b9bf4ab,-999999673.0,False,连续两个有机会开发月无交易|有效开发月份不足|开发交易样本不足,4,0.45,0.86,5,1.9,1.25,0.0035,180,0.95,0.1,42,0.36,2,0.035,220,6.0,32,0,0,0.0,0.0,0.0,0.0,0.0,0.0,0.0,0.0,True,129,2025-11,48,0.16666666666666666,0.13835495255260963,53,0.45,0.86,0.0003228925024427731,0,0,0,0,0,0.0,0.0,0.0,0.0,0.0,0.0,0.0,0.0,True,177,2025-12,53,0.20754716981132076,0.1634821915420342,43,0.45,0.86,-0.009827904371377372,0,0,0,0,0,0.0,0.0,0.0,0.0,0.0,0.0,0.0,0.0,True,230,2026-01,43,0.20930232558139536,0.16544367208927835,36,0.45,0.86,-0.0004868020828066866,0,0,0,0,0,0.0,0.0,0.0,0.0,0.0,0.0,0.0,0.0,True,273,2026-02,36,0.16666666666666666,0.13774415189538258,65,0.45,0.86,0.0052309261038758215,0,0,0,0,0,0.0,0.0,0.0,0.0,0.0,0.0,0.0,0.0,True,309,2026-03,65,0.18461538461538463,0.14586361380047097,91,0.45,0.86,-0.0038197693730947224,0,0,0,0,0,0.0,0.0,0.0,0.0,0.0,0.0,0.0,0.0,True,374,2026-04,91,0.25274725274725274,0.18869681544094147,39,0.45,0.86,0.0001362897622315673,0,0,0
4,高波动多头突破,27,b8ffac4d2ffce4b8,-999999673.0,False,连续两个有机会开发月无交易|有效开发月份不足|开发交易样本不足,4,0.45,0.86,8,1.9,1.25,0.0035,180,0.95,0.1,42,0.36,2,0.035,220,6.0,32,0,0,0.0,0.0,0.0,0.0,0.0,0.0,0.0,0.0,True,129,2025-11,48,0.16666666666666666,0.13835495255260963,53,0.45,0.86,0.0003228925024427731,0,0,0,0,0,0.0,0.0,0.0,0.0,0.0,0.0,0.0,0.0,True,177,2025-12,53,0.20754716981132076,0.1634821915420342,43,0.45,0.86,-0.009827904371377372,0,0,0,0,0,0.0,0.0,0.0,0.0,0.0,0.0,0.0,0.0,True,230,2026-01,43,0.20930232558139536,0.16544367208927835,36,0.45,0.86,-0.0004868020828066866,0,0,0,0,0,0.0,0.0,0.0,0.0,0.0,0.0,0.0,0.0,True,273,2026-02,36,0.16666666666666666,0.13774415189538258,65,0.45,0.86,0.0052309261038758215,0,0,0,0,0,0.0,0.0,0.0,0.0,0.0,0.0,0.0,0.0,True,309,2026-03,65,0.18461538461538463,0.14586361380047097,91,0.45,0.86,-0.0038197693730947224,0,0,0,0,0,0.0,0.0,0.0,0.0,0.0,0.0,0.0,0.0,True,374,2026-04,91,0.25274725274725274,0.18869681544094147,39,0.45,0.86,0.0001362897622315673,0,0,0
4,高波动多头突破,28,2ea810ea7fdf209d,-999999673.0,False,连续两个有机会开发月无交易|有效开发月份不足|开发交易样本不足,7,0.35,0.68,2,1.9,1.25,0.0035,180,0.95,0.1,42,0.36,2,0.035,220,6.0,32,0,0,0.0,0.0,0.0,0.0,0.0,0.0,0.0,0.0,True,129,2025-11,48,0.16666666666666666,0.13835495255260963,53,0.35,0.68,0.0003228925024427731,0,0,0,0,0,0.0,0.0,0.0,0.0,0.0,0.0,0.0,0.0,True,177,2025-12,53,0.20754716981132076,0.1634821915420342,43,0.35,0.68,-0.009827904371377372,0,0,0,0,0,0.0,0.0,0.0,0.0,0.0,0.0,0.0,0.0,True,230,2026-01,43,0.20930232558139536,0.16544367208927835,36,0.35,0.68,-0.0004868020828066866,0,0,0,0,0,0.0,0.0,0.0,0.0,0.0,0.0,0.0,0.0,True,273,2026-02,36,0.16666666666666666,0.13774415189538258,65,0.35,0.68,0.0052309261038758215,0,0,0,0,0,0.0,0.0,0.0,0.0,0.0,0.0,0.0,0.0,True,309,2026-03,65,0.18461538461538463,0.14586361380047097,91,0.35,0.68,-0.0038197693730947224,0,0,0,0,0,0.0,0.0,0.0,0.0,0.0,0.0,0.0,0.0,True,374,2026-04,91,0.25274725274725274,0.18869681544094147,39,0.35,0.68,0.0001362897622315673,0,0,0
4,高波动多头突破,29,d6c2cd0df9bfe37d,-999999673.0,False,连续两个有机会开发月无交易|有效开发月份不足|开发交易样本不足,7,0.35,0.68,5,1.9,1.25,0.0035,180,0.95,0.1,42,0.36,2,0.035,220,6.0,32,0,0,0.0,0.0,0.0,0.0,0.0,0.0,0.0,0.0,True,129,2025-11,48,0.16666666666666666,0.13835495255260963,53,0.35,0.68,0.0003228925024427731,0,0,0,0,0,0.0,0.0,0.0,0.0,0.0,0.0,0.0,0.0,True,177,2025-12,53,0.20754716981132076,0.1634821915420342,43,0.35,0.68,-0.009827904371377372,0,0,0,0,0,0.0,0.0,0.0,0.0,0.0,0.0,0.0,0.0,True,230,2026-01,43,0.20930232558139536,0.16544367208927835,36,0.35,0.68,-0.0004868020828066866,0,0,0,0,0,0.0,0.0,0.0,0.0,0.0,0.0,0.0,0.0,True,273,2026-02,36,0.16666666666666666,0.13774415189538258,65,0.35,0.68,0.0052309261038758215,0,0,0,0,0,0.0,0.0,0.0,0.0,0.0,0.0,0.0,0.0,True,309,2026-03,65,0.18461538461538463,0.14586361380047097,91,0.35,0.68,-0.0038197693730947224,0,0,0,0,0,0.0,0.0,0.0,0.0,0.0,0.0,0.0,0.0,True,374,2026-04,91,0.25274725274725274,0.18869681544094147,39,0.35,0.68,0.0001362897622315673,0,0,0
4,高波动多头突破,30,7e5449f7f49c1bc1,-999999673.0,False,连续两个有机会开发月无交易|有效开发月份不足|开发交易样本不足,7,0.35,0.68,8,1.9,1.25,0.0035,180,0.95,0.1,42,0.36,2,0.035,220,6.0,32,0,0,0.0,0.0,0.0,0.0,0.0,0.0,0.0,0.0,True,129,2025-11,48,0.16666666666666666,0.13835495255260963,53,0.35,0.68,0.0003228925024427731,0,0,0,0,0,0.0,0.0,0.0,0.0,0.0,0.0,0.0,0.0,True,177,2025-12,53,0.20754716981132076,0.1634821915420342,43,0.35,0.68,-0.009827904371377372,0,0,0,0,0,0.0,0.0,0.0,0.0,0.0,0.0,0.0,0.0,True,230,2026-01,43,0.20930232558139536,0.16544367208927835,36,0.35,0.68,-0.0004868020828066866,0,0,0,0,0,0.0,0.0,0.0,0.0,0.0,0.0,0.0,0.0,True,273,2026-02,36,0.16666666666666666,0.13774415189538258,65,0.35,0.68,0.0052309261038758215,0,0,0,0,0,0.0,0.0,0.0,0.0,0.0,0.0,0.0,0.0,True,309,2026-03,65,0.18461538461538463,0.14586361380047097,91,0.35,0.68,-0.0038197693730947224,0,0,0,0,0,0.0,0.0,0.0,0.0,0.0,0.0,0.0,0.0,True,374,2026-04,91,0.25274725274725274,0.18869681544094147,39,0.35,0.68,0.0001362897622315673,0,0,0
5,高波动空头突破,1,b7831e5138638594,-999999596.0,False,连续两个有机会开发月无交易|有效开发月份不足|开发交易样本不足,4,0.35,0.68,2,1.9,1.25,0.0035,180,0.95,0.1,42,0.36,2,0.035,220,6.0,32,0,0,0.0,0.0,0.0,0.0,0.0,0.0,0.0,0.0,True,103,2025-11,63,0.23809523809523808,0.17265146315838,57,0.35,0.68,0.010475125634970495,0,0,0,0,0,0.0,0.0,0.0,0.0,0.0,0.0,0.0,0.0,True,166,2025-12,57,0.3157894736842105,0.21551216919059762,65,0.35,0.68,0.0008518805558417331,3,0,0,0,0,0.0,0.0,0.0,0.0,0.0,0.0,0.0,0.0,True,223,2026-01,65,0.3230769230769231,0.21289464437390515,92,0.35,0.68,-0.006897388543998129,26,0,0,0,0,0.0,0.0,0.0,0.0,0.0,0.0,0.0,0.0,True,288,2026-02,92,0.22826086956521738,0.17577679941144012,75,0.35,0.68,-0.0022063356773568132,0,0,0,0,0,0.0,0.0,0.0,0.0,0.0,0.0,0.0,0.0,True,380,2026-03,75,0.21333333333333335,0.16476075472391816,49,0.35,0.68,-0.010562068595411617,0,0,0,0,0,0.0,0.0,0.0,0.0,0.0,0.0,0.0,0.0,True,455,2026-04,49,0.16326530612244897,0.13572900260547777,66,0.35,0.68,-0.003138031097084243,0,0,0
5,高波动空头突破,2,00bb7070446315e0,-999999596.0,False,连续两个有机会开发月无交易|有效开发月份不足|开发交易样本不足,4,0.35,0.68,5,1.9,1.25,0.0035,180,0.95,0.1,42,0.36,2,0.035,220,6.0,32,0,0,0.0,0.0,0.0,0.0,0.0,0.0,0.0,0.0,True,103,2025-11,63,0.23809523809523808,0.17265146315838,57,0.35,0.68,0.010475125634970495,0,0,0,0,0,0.0,0.0,0.0,0.0,0.0,0.0,0.0,0.0,True,166,2025-12,57,0.3157894736842105,0.21551216919059762,65,0.35,0.68,0.0008518805558417331,3,0,0,0,0,0.0,0.0,0.0,0.0,0.0,0.0,0.0,0.0,True,223,2026-01,65,0.3230769230769231,0.21289464437390515,92,0.35,0.68,-0.006897388543998129,26,0,0,0,0,0.0,0.0,0.0,0.0,0.0,0.0,0.0,0.0,True,288,2026-02,92,0.22826086956521738,0.17577679941144012,75,0.35,0.68,-0.0022063356773568132,0,0,0,0,0,0.0,0.0,0.0,0.0,0.0,0.0,0.0,0.0,True,380,2026-03,75,0.21333333333333335,0.16476075472391816,49,0.35,0.68,-0.010562068595411617,0,0,0,0,0,0.0,0.0,0.0,0.0,0.0,0.0,0.0,0.0,True,455,2026-04,49,0.16326530612244897,0.13572900260547777,66,0.35,0.68,-0.003138031097084243,0,0,0
5,高波动空头突破,3,437f919082b96040,-999999596.0,False,连续两个有机会开发月无交易|有效开发月份不足|开发交易样本不足,4,0.35,0.68,8,1.9,1.25,0.0035,180,0.95,0.1,42,0.36,2,0.035,220,6.0,32,0,0,0.0,0.0,0.0,0.0,0.0,0.0,0.0,0.0,True,103,2025-11,63,0.23809523809523808,0.17265146315838,57,0.35,0.68,0.010475125634970495,0,0,0,0,0,0.0,0.0,0.0,0.0,0.0,0.0,0.0,0.0,True,166,2025-12,57,0.3157894736842105,0.21551216919059762,65,0.35,0.68,0.0008518805558417331,3,0,0,0,0,0.0,0.0,0.0,0.0,0.0,0.0,0.0,0.0,True,223,2026-01,65,0.3230769230769231,0.21289464437390515,92,0.35,0.68,-0.006897388543998129,26,0,0,0,0,0.0,0.0,0.0,0.0,0.0,0.0,0.0,0.0,True,288,2026-02,92,0.22826086956521738,0.17577679941144012,75,0.35,0.68,-0.0022063356773568132,0,0,0,0,0,0.0,0.0,0.0,0.0,0.0,0.0,0.0,0.0,True,380,2026-03,75,0.21333333333333335,0.16476075472391816,49,0.35,0.68,-0.010562068595411617,0,0,0,0,0,0.0,0.0,0.0,0.0,0.0,0.0,0.0,0.0,True,455,2026-04,49,0.16326530612244897,0.13572900260547777,66,0.35,0.68,-0.003138031097084243,0,0,0
5,高波动空头突破,4,4dc396d294113f88,-999999596.0,False,连续两个有机会开发月无交易|有效开发月份不足|开发交易样本不足,4,0.35,0.78,2,1.9,1.25,0.0035,180,0.95,0.1,42,0.36,2,0.035,220,6.0,32,0,0,0.0,0.0,0.0,0.0,0.0,0.0,0.0,0.0,True,103,2025-11,63,0.23809523809523808,0.17265146315838,57,0.35,0.78,0.010475125634970495,0,0,0,0,0,0.0,0.0,0.0,0.0,0.0,0.0,0.0,0.0,True,166,2025-12,57,0.3157894736842105,0.21551216919059762,65,0.35,0.78,0.0008518805558417331,3,0,0,0,0,0.0,0.0,0.0,0.0,0.0,0.0,0.0,0.0,True,223,2026-01,65,0.3230769230769231,0.21289464437390515,92,0.35,0.78,-0.006897388543998129,26,0,0,0,0,0.0,0.0,0.0,0.0,0.0,0.0,0.0,0.0,True,288,2026-02,92,0.22826086956521738,0.17577679941144012,75,0.35,0.78,-0.0022063356773568132,0,0,0,0,0,0.0,0.0,0.0,0.0,0.0,0.0,0.0,0.0,True,380,2026-03,75,0.21333333333333335,0.16476075472391816,49,0.35,0.78,-0.010562068595411617,0,0,0,0,0,0.0,0.0,0.0,0.0,0.0,0.0,0.0,0.0,True,455,2026-04,49,0.16326530612244897,0.13572900260547777,66,0.35,0.78,-0.003138031097084243,0,0,0
5,高波动空头突破,5,c02216eccb81f93c,-999999596.0,False,连续两个有机会开发月无交易|有效开发月份不足|开发交易样本不足,4,0.35,0.78,5,1.9,1.25,0.0035,180,0.95,0.1,42,0.36,2,0.035,220,6.0,32,0,0,0.0,0.0,0.0,0.0,0.0,0.0,0.0,0.0,True,103,2025-11,63,0.23809523809523808,0.17265146315838,57,0.35,0.78,0.010475125634970495,0,0,0,0,0,0.0,0.0,0.0,0.0,0.0,0.0,0.0,0.0,True,166,2025-12,57,0.3157894736842105,0.21551216919059762,65,0.35,0.78,0.0008518805558417331,3,0,0,0,0,0.0,0.0,0.0,0.0,0.0,0.0,0.0,0.0,True,223,2026-01,65,0.3230769230769231,0.21289464437390515,92,0.35,0.78,-0.006897388543998129,26,0,0,0,0,0.0,0.0,0.0,0.0,0.0,0.0,0.0,0.0,True,288,2026-02,92,0.22826086956521738,0.17577679941144012,75,0.35,0.78,-0.0022063356773568132,0,0,0,0,0,0.0,0.0,0.0,0.0,0.0,0.0,0.0,0.0,True,380,2026-03,75,0.21333333333333335,0.16476075472391816,49,0.35,0.78,-0.010562068595411617,0,0,0,0,0,0.0,0.0,0.0,0.0,0.0,0.0,0.0,0.0,True,455,2026-04,49,0.16326530612244897,0.13572900260547777,66,0.35,0.78,-0.003138031097084243,0,0,0
5,高波动空头突破,6,0a005231f4fd1a22,-999999596.0,False,连续两个有机会开发月无交易|有效开发月份不足|开发交易样本不足,4,0.35,0.78,8,1.9,1.25,0.0035,180,0.95,0.1,42,0.36,2,0.035,220,6.0,32,0,0,0.0,0.0,0.0,0.0,0.0,0.0,0.0,0.0,True,103,2025-11,63,0.23809523809523808,0.17265146315838,57,0.35,0.78,0.010475125634970495,0,0,0,0,0,0.0,0.0,0.0,0.0,0.0,0.0,0.0,0.0,True,166,2025-12,57,0.3157894736842105,0.21551216919059762,65,0.35,0.78,0.0008518805558417331,3,0,0,0,0,0.0,0.0,0.0,0.0,0.0,0.0,0.0,0.0,True,223,2026-01,65,0.3230769230769231,0.21289464437390515,92,0.35,0.78,-0.006897388543998129,26,0,0,0,0,0.0,0.0,0.0,0.0,0.0,0.0,0.0,0.0,True,288,2026-02,92,0.22826086956521738,0.17577679941144012,75,0.35,0.78,-0.0022063356773568132,0,0,0,0,0,0.0,0.0,0.0,0.0,0.0,0.0,0.0,0.0,True,380,2026-03,75,0.21333333333333335,0.16476075472391816,49,0.35,0.78,-0.010562068595411617,0,0,0,0,0,0.0,0.0,0.0,0.0,0.0,0.0,0.0,0.0,True,455,2026-04,49,0.16326530612244897,0.13572900260547777,66,0.35,0.78,-0.003138031097084243,0,0,0
5,高波动空头突破,7,7820f9ad660281ac,-999999596.0,False,连续两个有机会开发月无交易|有效开发月份不足|开发交易样本不足,4,0.35,0.86,2,1.9,1.25,0.0035,180,0.95,0.1,42,0.36,2,0.035,220,6.0,32,0,0,0.0,0.0,0.0,0.0,0.0,0.0,0.0,0.0,True,103,2025-11,63,0.23809523809523808,0.17265146315838,57,0.35,0.86,0.010475125634970495,0,0,0,0,0,0.0,0.0,0.0,0.0,0.0,0.0,0.0,0.0,True,166,2025-12,57,0.3157894736842105,0.21551216919059762,65,0.35,0.86,0.0008518805558417331,3,0,0,0,0,0.0,0.0,0.0,0.0,0.0,0.0,0.0,0.0,True,223,2026-01,65,0.3230769230769231,0.21289464437390515,92,0.35,0.86,-0.006897388543998129,26,0,0,0,0,0.0,0.0,0.0,0.0,0.0,0.0,0.0,0.0,True,288,2026-02,92,0.22826086956521738,0.17577679941144012,75,0.35,0.86,-0.0022063356773568132,0,0,0,0,0,0.0,0.0,0.0,0.0,0.0,0.0,0.0,0.0,True,380,2026-03,75,0.21333333333333335,0.16476075472391816,49,0.35,0.86,-0.010562068595411617,0,0,0,0,0,0.0,0.0,0.0,0.0,0.0,0.0,0.0,0.0,True,455,2026-04,49,0.16326530612244897,0.13572900260547777,66,0.35,0.86,-0.003138031097084243,0,0,0
5,高波动空头突破,8,8becf47135008876,-999999596.0,False,连续两个有机会开发月无交易|有效开发月份不足|开发交易样本不足,4,0.35,0.86,5,1.9,1.25,0.0035,180,0.95,0.1,42,0.36,2,0.035,220,6.0,32,0,0,0.0,0.0,0.0,0.0,0.0,0.0,0.0,0.0,True,103,2025-11,63,0.23809523809523808,0.17265146315838,57,0.35,0.86,0.010475125634970495,0,0,0,0,0,0.0,0.0,0.0,0.0,0.0,0.0,0.0,0.0,True,166,2025-12,57,0.3157894736842105,0.21551216919059762,65,0.35,0.86,0.0008518805558417331,3,0,0,0,0,0.0,0.0,0.0,0.0,0.0,0.0,0.0,0.0,True,223,2026-01,65,0.3230769230769231,0.21289464437390515,92,0.35,0.86,-0.006897388543998129,26,0,0,0,0,0.0,0.0,0.0,0.0,0.0,0.0,0.0,0.0,True,288,2026-02,92,0.22826086956521738,0.17577679941144012,75,0.35,0.86,-0.0022063356773568132,0,0,0,0,0,0.0,0.0,0.0,0.0,0.0,0.0,0.0,0.0,True,380,2026-03,75,0.21333333333333335,0.16476075472391816,49,0.35,0.86,-0.010562068595411617,0,0,0,0,0,0.0,0.0,0.0,0.0,0.0,0.0,0.0,0.0,True,455,2026-04,49,0.16326530612244897,0.13572900260547777,66,0.35,0.86,-0.003138031097084243,0,0,0
5,高波动空头突破,9,b60f0e5631aba3e9,-999999596.0,False,连续两个有机会开发月无交易|有效开发月份不足|开发交易样本不足,4,0.35,0.86,8,1.9,1.25,0.0035,180,0.95,0.1,42,0.36,2,0.035,220,6.0,32,0,0,0.0,0.0,0.0,0.0,0.0,0.0,0.0,0.0,True,103,2025-11,63,0.23809523809523808,0.17265146315838,57,0.35,0.86,0.010475125634970495,0,0,0,0,0,0.0,0.0,0.0,0.0,0.0,0.0,0.0,0.0,True,166,2025-12,57,0.3157894736842105,0.21551216919059762,65,0.35,0.86,0.0008518805558417331,3,0,0,0,0,0.0,0.0,0.0,0.0,0.0,0.0,0.0,0.0,True,223,2026-01,65,0.3230769230769231,0.21289464437390515,92,0.35,0.86,-0.006897388543998129,26,0,0,0,0,0.0,0.0,0.0,0.0,0.0,0.0,0.0,0.0,True,288,2026-02,92,0.22826086956521738,0.17577679941144012,75,0.35,0.86,-0.0022063356773568132,0,0,0,0,0,0.0,0.0,0.0,0.0,0.0,0.0,0.0,0.0,True,380,2026-03,75,0.21333333333333335,0.16476075472391816,49,0.35,0.86,-0.010562068595411617,0,0,0,0,0,0.0,0.0,0.0,0.0,0.0,0.0,0.0,0.0,True,455,2026-04,49,0.16326530612244897,0.13572900260547777,66,0.35,0.86,-0.003138031097084243,0,0,0
5,高波动空头突破,10,5eb3f4b1670f3f90,-999999596.0,False,连续两个有机会开发月无交易|有效开发月份不足|开发交易样本不足,4,0.4,0.68,2,1.9,1.25,0.0035,180,0.95,0.1,42,0.36,2,0.035,220,6.0,32,0,0,0.0,0.0,0.0,0.0,0.0,0.0,0.0,0.0,True,103,2025-11,63,0.23809523809523808,0.17265146315838,57,0.4,0.68,0.010475125634970495,0,0,0,0,0,0.0,0.0,0.0,0.0,0.0,0.0,0.0,0.0,True,166,2025-12,57,0.3157894736842105,0.21551216919059762,65,0.4,0.68,0.0008518805558417331,0,0,0,0,0,0.0,0.0,0.0,0.0,0.0,0.0,0.0,0.0,True,223,2026-01,65,0.3230769230769231,0.21289464437390515,92,0.4,0.68,-0.006897388543998129,0,0,0,0,0,0.0,0.0,0.0,0.0,0.0,0.0,0.0,0.0,True,288,2026-02,92,0.22826086956521738,0.17577679941144012,75,0.4,0.68,-0.0022063356773568132,0,0,0,0,0,0.0,0.0,0.0,0.0,0.0,0.0,0.0,0.0,True,380,2026-03,75,0.21333333333333335,0.16476075472391816,49,0.4,0.68,-0.010562068595411617,0,0,0,0,0,0.0,0.0,0.0,0.0,0.0,0.0,0.0,0.0,True,455,2026-04,49,0.16326530612244897,0.13572900260547777,66,0.4,0.68,-0.003138031097084243,0,0,0
5,高波动空头突破,11,561f993e9a531096,-999999596.0,False,连续两个有机会开发月无交易|有效开发月份不足|开发交易样本不足,4,0.4,0.68,5,1.9,1.25,0.0035,180,0.95,0.1,42,0.36,2,0.035,220,6.0,32,0,0,0.0,0.0,0.0,0.0,0.0,0.0,0.0,0.0,True,103,2025-11,63,0.23809523809523808,0.17265146315838,57,0.4,0.68,0.010475125634970495,0,0,0,0,0,0.0,0.0,0.0,0.0,0.0,0.0,0.0,0.0,True,166,2025-12,57,0.3157894736842105,0.21551216919059762,65,0.4,0.68,0.0008518805558417331,0,0,0,0,0,0.0,0.0,0.0,0.0,0.0,0.0,0.0,0.0,True,223,2026-01,65,0.3230769230769231,0.21289464437390515,92,0.4,0.68,-0.006897388543998129,0,0,0,0,0,0.0,0.0,0.0,0.0,0.0,0.0,0.0,0.0,True,288,2026-02,92,0.22826086956521738,0.17577679941144012,75,0.4,0.68,-0.0022063356773568132,0,0,0,0,0,0.0,0.0,0.0,0.0,0.0,0.0,0.0,0.0,True,380,2026-03,75,0.21333333333333335,0.16476075472391816,49,0.4,0.68,-0.010562068595411617,0,0,0,0,0,0.0,0.0,0.0,0.0,0.0,0.0,0.0,0.0,True,455,2026-04,49,0.16326530612244897,0.13572900260547777,66,0.4,0.68,-0.003138031097084243,0,0,0
5,高波动空头突破,12,bfffe96302d477fd,-999999596.0,False,连续两个有机会开发月无交易|有效开发月份不足|开发交易样本不足,4,0.4,0.68,8,1.9,1.25,0.0035,180,0.95,0.1,42,0.36,2,0.035,220,6.0,32,0,0,0.0,0.0,0.0,0.0,0.0,0.0,0.0,0.0,True,103,2025-11,63,0.23809523809523808,0.17265146315838,57,0.4,0.68,0.010475125634970495,0,0,0,0,0,0.0,0.0,0.0,0.0,0.0,0.0,0.0,0.0,True,166,2025-12,57,0.3157894736842105,0.21551216919059762,65,0.4,0.68,0.0008518805558417331,0,0,0,0,0,0.0,0.0,0.0,0.0,0.0,0.0,0.0,0.0,True,223,2026-01,65,0.3230769230769231,0.21289464437390515,92,0.4,0.68,-0.006897388543998129,0,0,0,0,0,0.0,0.0,0.0,0.0,0.0,0.0,0.0,0.0,True,288,2026-02,92,0.22826086956521738,0.17577679941144012,75,0.4,0.68,-0.0022063356773568132,0,0,0,0,0,0.0,0.0,0.0,0.0,0.0,0.0,0.0,0.0,True,380,2026-03,75,0.21333333333333335,0.16476075472391816,49,0.4,0.68,-0.010562068595411617,0,0,0,0,0,0.0,0.0,0.0,0.0,0.0,0.0,0.0,0.0,True,455,2026-04,49,0.16326530612244897,0.13572900260547777,66,0.4,0.68,-0.003138031097084243,0,0,0
5,高波动空头突破,13,532f1a6063d82843,-999999596.0,False,连续两个有机会开发月无交易|有效开发月份不足|开发交易样本不足,4,0.4,0.78,2,1.9,1.25,0.0035,180,0.95,0.1,42,0.36,2,0.035,220,6.0,32,0,0,0.0,0.0,0.0,0.0,0.0,0.0,0.0,0.0,True,103,2025-11,63,0.23809523809523808,0.17265146315838,57,0.4,0.78,0.010475125634970495,0,0,0,0,0,0.0,0.0,0.0,0.0,0.0,0.0,0.0,0.0,True,166,2025-12,57,0.3157894736842105,0.21551216919059762,65,0.4,0.78,0.0008518805558417331,0,0,0,0,0,0.0,0.0,0.0,0.0,0.0,0.0,0.0,0.0,True,223,2026-01,65,0.3230769230769231,0.21289464437390515,92,0.4,0.78,-0.006897388543998129,0,0,0,0,0,0.0,0.0,0.0,0.0,0.0,0.0,0.0,0.0,True,288,2026-02,92,0.22826086956521738,0.17577679941144012,75,0.4,0.78,-0.0022063356773568132,0,0,0,0,0,0.0,0.0,0.0,0.0,0.0,0.0,0.0,0.0,True,380,2026-03,75,0.21333333333333335,0.16476075472391816,49,0.4,0.78,-0.010562068595411617,0,0,0,0,0,0.0,0.0,0.0,0.0,0.0,0.0,0.0,0.0,True,455,2026-04,49,0.16326530612244897,0.13572900260547777,66,0.4,0.78,-0.003138031097084243,0,0,0
5,高波动空头突破,14,a5ba7a6c37a82f06,-999999596.0,False,连续两个有机会开发月无交易|有效开发月份不足|开发交易样本不足,4,0.4,0.78,5,1.9,1.25,0.0035,180,0.95,0.1,42,0.36,2,0.035,220,6.0,32,0,0,0.0,0.0,0.0,0.0,0.0,0.0,0.0,0.0,True,103,2025-11,63,0.23809523809523808,0.17265146315838,57,0.4,0.78,0.010475125634970495,0,0,0,0,0,0.0,0.0,0.0,0.0,0.0,0.0,0.0,0.0,True,166,2025-12,57,0.3157894736842105,0.21551216919059762,65,0.4,0.78,0.0008518805558417331,0,0,0,0,0,0.0,0.0,0.0,0.0,0.0,0.0,0.0,0.0,True,223,2026-01,65,0.3230769230769231,0.21289464437390515,92,0.4,0.78,-0.006897388543998129,0,0,0,0,0,0.0,0.0,0.0,0.0,0.0,0.0,0.0,0.0,True,288,2026-02,92,0.22826086956521738,0.17577679941144012,75,0.4,0.78,-0.0022063356773568132,0,0,0,0,0,0.0,0.0,0.0,0.0,0.0,0.0,0.0,0.0,True,380,2026-03,75,0.21333333333333335,0.16476075472391816,49,0.4,0.78,-0.010562068595411617,0,0,0,0,0,0.0,0.0,0.0,0.0,0.0,0.0,0.0,0.0,True,455,2026-04,49,0.16326530612244897,0.13572900260547777,66,0.4,0.78,-0.003138031097084243,0,0,0
5,高波动空头突破,15,cc14d37fd0cdefa9,-999999596.0,False,连续两个有机会开发月无交易|有效开发月份不足|开发交易样本不足,4,0.4,0.78,8,1.9,1.25,0.0035,180,0.95,0.1,42,0.36,2,0.035,220,6.0,32,0,0,0.0,0.0,0.0,0.0,0.0,0.0,0.0,0.0,True,103,2025-11,63,0.23809523809523808,0.17265146315838,57,0.4,0.78,0.010475125634970495,0,0,0,0,0,0.0,0.0,0.0,0.0,0.0,0.0,0.0,0.0,True,166,2025-12,57,0.3157894736842105,0.21551216919059762,65,0.4,0.78,0.0008518805558417331,0,0,0,0,0,0.0,0.0,0.0,0.0,0.0,0.0,0.0,0.0,True,223,2026-01,65,0.3230769230769231,0.21289464437390515,92,0.4,0.78,-0.006897388543998129,0,0,0,0,0,0.0,0.0,0.0,0.0,0.0,0.0,0.0,0.0,True,288,2026-02,92,0.22826086956521738,0.17577679941144012,75,0.4,0.78,-0.0022063356773568132,0,0,0,0,0,0.0,0.0,0.0,0.0,0.0,0.0,0.0,0.0,True,380,2026-03,75,0.21333333333333335,0.16476075472391816,49,0.4,0.78,-0.010562068595411617,0,0,0,0,0,0.0,0.0,0.0,0.0,0.0,0.0,0.0,0.0,True,455,2026-04,49,0.16326530612244897,0.13572900260547777,66,0.4,0.78,-0.003138031097084243,0,0,0
5,高波动空头突破,16,70d3c6888d7887d2,-999999596.0,False,连续两个有机会开发月无交易|有效开发月份不足|开发交易样本不足,4,0.4,0.86,2,1.9,1.25,0.0035,180,0.95,0.1,42,0.36,2,0.035,220,6.0,32,0,0,0.0,0.0,0.0,0.0,0.0,0.0,0.0,0.0,True,103,2025-11,63,0.23809523809523808,0.17265146315838,57,0.4,0.86,0.010475125634970495,0,0,0,0,0,0.0,0.0,0.0,0.0,0.0,0.0,0.0,0.0,True,166,2025-12,57,0.3157894736842105,0.21551216919059762,65,0.4,0.86,0.0008518805558417331,0,0,0,0,0,0.0,0.0,0.0,0.0,0.0,0.0,0.0,0.0,True,223,2026-01,65,0.3230769230769231,0.21289464437390515,92,0.4,0.86,-0.006897388543998129,0,0,0,0,0,0.0,0.0,0.0,0.0,0.0,0.0,0.0,0.0,True,288,2026-02,92,0.22826086956521738,0.17577679941144012,75,0.4,0.86,-0.0022063356773568132,0,0,0,0,0,0.0,0.0,0.0,0.0,0.0,0.0,0.0,0.0,True,380,2026-03,75,0.21333333333333335,0.16476075472391816,49,0.4,0.86,-0.010562068595411617,0,0,0,0,0,0.0,0.0,0.0,0.0,0.0,0.0,0.0,0.0,True,455,2026-04,49,0.16326530612244897,0.13572900260547777,66,0.4,0.86,-0.003138031097084243,0,0,0
5,高波动空头突破,17,884be28ecbbf819e,-999999596.0,False,连续两个有机会开发月无交易|有效开发月份不足|开发交易样本不足,4,0.4,0.86,5,1.9,1.25,0.0035,180,0.95,0.1,42,0.36,2,0.035,220,6.0,32,0,0,0.0,0.0,0.0,0.0,0.0,0.0,0.0,0.0,True,103,2025-11,63,0.23809523809523808,0.17265146315838,57,0.4,0.86,0.010475125634970495,0,0,0,0,0,0.0,0.0,0.0,0.0,0.0,0.0,0.0,0.0,True,166,2025-12,57,0.3157894736842105,0.21551216919059762,65,0.4,0.86,0.0008518805558417331,0,0,0,0,0,0.0,0.0,0.0,0.0,0.0,0.0,0.0,0.0,True,223,2026-01,65,0.3230769230769231,0.21289464437390515,92,0.4,0.86,-0.006897388543998129,0,0,0,0,0,0.0,0.0,0.0,0.0,0.0,0.0,0.0,0.0,True,288,2026-02,92,0.22826086956521738,0.17577679941144012,75,0.4,0.86,-0.0022063356773568132,0,0,0,0,0,0.0,0.0,0.0,0.0,0.0,0.0,0.0,0.0,True,380,2026-03,75,0.21333333333333335,0.16476075472391816,49,0.4,0.86,-0.010562068595411617,0,0,0,0,0,0.0,0.0,0.0,0.0,0.0,0.0,0.0,0.0,True,455,2026-04,49,0.16326530612244897,0.13572900260547777,66,0.4,0.86,-0.003138031097084243,0,0,0
5,高波动空头突破,18,426e0e0d2f7096c2,-999999596.0,False,连续两个有机会开发月无交易|有效开发月份不足|开发交易样本不足,4,0.4,0.86,8,1.9,1.25,0.0035,180,0.95,0.1,42,0.36,2,0.035,220,6.0,32,0,0,0.0,0.0,0.0,0.0,0.0,0.0,0.0,0.0,True,103,2025-11,63,0.23809523809523808,0.17265146315838,57,0.4,0.86,0.010475125634970495,0,0,0,0,0,0.0,0.0,0.0,0.0,0.0,0.0,0.0,0.0,True,166,2025-12,57,0.3157894736842105,0.21551216919059762,65,0.4,0.86,0.0008518805558417331,0,0,0,0,0,0.0,0.0,0.0,0.0,0.0,0.0,0.0,0.0,True,223,2026-01,65,0.3230769230769231,0.21289464437390515,92,0.4,0.86,-0.006897388543998129,0,0,0,0,0,0.0,0.0,0.0,0.0,0.0,0.0,0.0,0.0,True,288,2026-02,92,0.22826086956521738,0.17577679941144012,75,0.4,0.86,-0.0022063356773568132,0,0,0,0,0,0.0,0.0,0.0,0.0,0.0,0.0,0.0,0.0,True,380,2026-03,75,0.21333333333333335,0.16476075472391816,49,0.4,0.86,-0.010562068595411617,0,0,0,0,0,0.0,0.0,0.0,0.0,0.0,0.0,0.0,0.0,True,455,2026-04,49,0.16326530612244897,0.13572900260547777,66,0.4,0.86,-0.003138031097084243,0,0,0
5,高波动空头突破,19,ab7e7eafdb14b492,-999999596.0,False,连续两个有机会开发月无交易|有效开发月份不足|开发交易样本不足,4,0.45,0.68,2,1.9,1.25,0.0035,180,0.95,0.1,42,0.36,2,0.035,220,6.0,32,0,0,0.0,0.0,0.0,0.0,0.0,0.0,0.0,0.0,True,103,2025-11,63,0.23809523809523808,0.17265146315838,57,0.45,0.68,0.010475125634970495,0,0,0,0,0,0.0,0.0,0.0,0.0,0.0,0.0,0.0,0.0,True,166,2025-12,57,0.3157894736842105,0.21551216919059762,65,0.45,0.68,0.0008518805558417331,0,0,0,0,0,0.0,0.0,0.0,0.0,0.0,0.0,0.0,0.0,True,223,2026-01,65,0.3230769230769231,0.21289464437390515,92,0.45,0.68,-0.006897388543998129,0,0,0,0,0,0.0,0.0,0.0,0.0,0.0,0.0,0.0,0.0,True,288,2026-02,92,0.22826086956521738,0.17577679941144012,75,0.45,0.68,-0.0022063356773568132,0,0,0,0,0,0.0,0.0,0.0,0.0,0.0,0.0,0.0,0.0,True,380,2026-03,75,0.21333333333333335,0.16476075472391816,49,0.45,0.68,-0.010562068595411617,0,0,0,0,0,0.0,0.0,0.0,0.0,0.0,0.0,0.0,0.0,True,455,2026-04,49,0.16326530612244897,0.13572900260547777,66,0.45,0.68,-0.003138031097084243,0,0,0
5,高波动空头突破,20,4a0ef2bb96d900cd,-999999596.0,False,连续两个有机会开发月无交易|有效开发月份不足|开发交易样本不足,4,0.45,0.68,5,1.9,1.25,0.0035,180,0.95,0.1,42,0.36,2,0.035,220,6.0,32,0,0,0.0,0.0,0.0,0.0,0.0,0.0,0.0,0.0,True,103,2025-11,63,0.23809523809523808,0.17265146315838,57,0.45,0.68,0.010475125634970495,0,0,0,0,0,0.0,0.0,0.0,0.0,0.0,0.0,0.0,0.0,True,166,2025-12,57,0.3157894736842105,0.21551216919059762,65,0.45,0.68,0.0008518805558417331,0,0,0,0,0,0.0,0.0,0.0,0.0,0.0,0.0,0.0,0.0,True,223,2026-01,65,0.3230769230769231,0.21289464437390515,92,0.45,0.68,-0.006897388543998129,0,0,0,0,0,0.0,0.0,0.0,0.0,0.0,0.0,0.0,0.0,True,288,2026-02,92,0.22826086956521738,0.17577679941144012,75,0.45,0.68,-0.0022063356773568132,0,0,0,0,0,0.0,0.0,0.0,0.0,0.0,0.0,0.0,0.0,True,380,2026-03,75,0.21333333333333335,0.16476075472391816,49,0.45,0.68,-0.010562068595411617,0,0,0,0,0,0.0,0.0,0.0,0.0,0.0,0.0,0.0,0.0,True,455,2026-04,49,0.16326530612244897,0.13572900260547777,66,0.45,0.68,-0.003138031097084243,0,0,0
5,高波动空头突破,21,3526168ff8e38ff5,-999999596.0,False,连续两个有机会开发月无交易|有效开发月份不足|开发交易样本不足,4,0.45,0.68,8,1.9,1.25,0.0035,180,0.95,0.1,42,0.36,2,0.035,220,6.0,32,0,0,0.0,0.0,0.0,0.0,0.0,0.0,0.0,0.0,True,103,2025-11,63,0.23809523809523808,0.17265146315838,57,0.45,0.68,0.010475125634970495,0,0,0,0,0,0.0,0.0,0.0,0.0,0.0,0.0,0.0,0.0,True,166,2025-12,57,0.3157894736842105,0.21551216919059762,65,0.45,0.68,0.0008518805558417331,0,0,0,0,0,0.0,0.0,0.0,0.0,0.0,0.0,0.0,0.0,True,223,2026-01,65,0.3230769230769231,0.21289464437390515,92,0.45,0.68,-0.006897388543998129,0,0,0,0,0,0.0,0.0,0.0,0.0,0.0,0.0,0.0,0.0,True,288,2026-02,92,0.22826086956521738,0.17577679941144012,75,0.45,0.68,-0.0022063356773568132,0,0,0,0,0,0.0,0.0,0.0,0.0,0.0,0.0,0.0,0.0,True,380,2026-03,75,0.21333333333333335,0.16476075472391816,49,0.45,0.68,-0.010562068595411617,0,0,0,0,0,0.0,0.0,0.0,0.0,0.0,0.0,0.0,0.0,True,455,2026-04,49,0.16326530612244897,0.13572900260547777,66,0.45,0.68,-0.003138031097084243,0,0,0
5,高波动空头突破,22,8ff5b4a7d1e76e76,-999999596.0,False,连续两个有机会开发月无交易|有效开发月份不足|开发交易样本不足,4,0.45,0.78,2,1.9,1.25,0.0035,180,0.95,0.1,42,0.36,2,0.035,220,6.0,32,0,0,0.0,0.0,0.0,0.0,0.0,0.0,0.0,0.0,True,103,2025-11,63,0.23809523809523808,0.17265146315838,57,0.45,0.78,0.010475125634970495,0,0,0,0,0,0.0,0.0,0.0,0.0,0.0,0.0,0.0,0.0,True,166,2025-12,57,0.3157894736842105,0.21551216919059762,65,0.45,0.78,0.0008518805558417331,0,0,0,0,0,0.0,0.0,0.0,0.0,0.0,0.0,0.0,0.0,True,223,2026-01,65,0.3230769230769231,0.21289464437390515,92,0.45,0.78,-0.006897388543998129,0,0,0,0,0,0.0,0.0,0.0,0.0,0.0,0.0,0.0,0.0,True,288,2026-02,92,0.22826086956521738,0.17577679941144012,75,0.45,0.78,-0.0022063356773568132,0,0,0,0,0,0.0,0.0,0.0,0.0,0.0,0.0,0.0,0.0,True,380,2026-03,75,0.21333333333333335,0.16476075472391816,49,0.45,0.78,-0.010562068595411617,0,0,0,0,0,0.0,0.0,0.0,0.0,0.0,0.0,0.0,0.0,True,455,2026-04,49,0.16326530612244897,0.13572900260547777,66,0.45,0.78,-0.003138031097084243,0,0,0
5,高波动空头突破,23,00bf213dd1ab15ca,-999999596.0,False,连续两个有机会开发月无交易|有效开发月份不足|开发交易样本不足,4,0.45,0.78,5,1.9,1.25,0.0035,180,0.95,0.1,42,0.36,2,0.035,220,6.0,32,0,0,0.0,0.0,0.0,0.0,0.0,0.0,0.0,0.0,True,103,2025-11,63,0.23809523809523808,0.17265146315838,57,0.45,0.78,0.010475125634970495,0,0,0,0,0,0.0,0.0,0.0,0.0,0.0,0.0,0.0,0.0,True,166,2025-12,57,0.3157894736842105,0.21551216919059762,65,0.45,0.78,0.0008518805558417331,0,0,0,0,0,0.0,0.0,0.0,0.0,0.0,0.0,0.0,0.0,True,223,2026-01,65,0.3230769230769231,0.21289464437390515,92,0.45,0.78,-0.006897388543998129,0,0,0,0,0,0.0,0.0,0.0,0.0,0.0,0.0,0.0,0.0,True,288,2026-02,92,0.22826086956521738,0.17577679941144012,75,0.45,0.78,-0.0022063356773568132,0,0,0,0,0,0.0,0.0,0.0,0.0,0.0,0.0,0.0,0.0,True,380,2026-03,75,0.21333333333333335,0.16476075472391816,49,0.45,0.78,-0.010562068595411617,0,0,0,0,0,0.0,0.0,0.0,0.0,0.0,0.0,0.0,0.0,True,455,2026-04,49,0.16326530612244897,0.13572900260547777,66,0.45,0.78,-0.003138031097084243,0,0,0
5,高波动空头突破,24,1774423849534bc8,-999999596.0,False,连续两个有机会开发月无交易|有效开发月份不足|开发交易样本不足,4,0.45,0.78,8,1.9,1.25,0.0035,180,0.95,0.1,42,0.36,2,0.035,220,6.0,32,0,0,0.0,0.0,0.0,0.0,0.0,0.0,0.0,0.0,True,103,2025-11,63,0.23809523809523808,0.17265146315838,57,0.45,0.78,0.010475125634970495,0,0,0,0,0,0.0,0.0,0.0,0.0,0.0,0.0,0.0,0.0,True,166,2025-12,57,0.3157894736842105,0.21551216919059762,65,0.45,0.78,0.0008518805558417331,0,0,0,0,0,0.0,0.0,0.0,0.0,0.0,0.0,0.0,0.0,True,223,2026-01,65,0.3230769230769231,0.21289464437390515,92,0.45,0.78,-0.006897388543998129,0,0,0,0,0,0.0,0.0,0.0,0.0,0.0,0.0,0.0,0.0,True,288,2026-02,92,0.22826086956521738,0.17577679941144012,75,0.45,0.78,-0.0022063356773568132,0,0,0,0,0,0.0,0.0,0.0,0.0,0.0,0.0,0.0,0.0,True,380,2026-03,75,0.21333333333333335,0.16476075472391816,49,0.45,0.78,-0.010562068595411617,0,0,0,0,0,0.0,0.0,0.0,0.0,0.0,0.0,0.0,0.0,True,455,2026-04,49,0.16326530612244897,0.13572900260547777,66,0.45,0.78,-0.003138031097084243,0,0,0
5,高波动空头突破,25,bd3cc4188c0d4bbf,-999999596.0,False,连续两个有机会开发月无交易|有效开发月份不足|开发交易样本不足,4,0.45,0.86,2,1.9,1.25,0.0035,180,0.95,0.1,42,0.36,2,0.035,220,6.0,32,0,0,0.0,0.0,0.0,0.0,0.0,0.0,0.0,0.0,True,103,2025-11,63,0.23809523809523808,0.17265146315838,57,0.45,0.86,0.010475125634970495,0,0,0,0,0,0.0,0.0,0.0,0.0,0.0,0.0,0.0,0.0,True,166,2025-12,57,0.3157894736842105,0.21551216919059762,65,0.45,0.86,0.0008518805558417331,0,0,0,0,0,0.0,0.0,0.0,0.0,0.0,0.0,0.0,0.0,True,223,2026-01,65,0.3230769230769231,0.21289464437390515,92,0.45,0.86,-0.006897388543998129,0,0,0,0,0,0.0,0.0,0.0,0.0,0.0,0.0,0.0,0.0,True,288,2026-02,92,0.22826086956521738,0.17577679941144012,75,0.45,0.86,-0.0022063356773568132,0,0,0,0,0,0.0,0.0,0.0,0.0,0.0,0.0,0.0,0.0,True,380,2026-03,75,0.21333333333333335,0.16476075472391816,49,0.45,0.86,-0.010562068595411617,0,0,0,0,0,0.0,0.0,0.0,0.0,0.0,0.0,0.0,0.0,True,455,2026-04,49,0.16326530612244897,0.13572900260547777,66,0.45,0.86,-0.003138031097084243,0,0,0
5,高波动空头突破,26,a8d2a3e417b78b08,-999999596.0,False,连续两个有机会开发月无交易|有效开发月份不足|开发交易样本不足,4,0.45,0.86,5,1.9,1.25,0.0035,180,0.95,0.1,42,0.36,2,0.035,220,6.0,32,0,0,0.0,0.0,0.0,0.0,0.0,0.0,0.0,0.0,True,103,2025-11,63,0.23809523809523808,0.17265146315838,57,0.45,0.86,0.010475125634970495,0,0,0,0,0,0.0,0.0,0.0,0.0,0.0,0.0,0.0,0.0,True,166,2025-12,57,0.3157894736842105,0.21551216919059762,65,0.45,0.86,0.0008518805558417331,0,0,0,0,0,0.0,0.0,0.0,0.0,0.0,0.0,0.0,0.0,True,223,2026-01,65,0.3230769230769231,0.21289464437390515,92,0.45,0.86,-0.006897388543998129,0,0,0,0,0,0.0,0.0,0.0,0.0,0.0,0.0,0.0,0.0,True,288,2026-02,92,0.22826086956521738,0.17577679941144012,75,0.45,0.86,-0.0022063356773568132,0,0,0,0,0,0.0,0.0,0.0,0.0,0.0,0.0,0.0,0.0,True,380,2026-03,75,0.21333333333333335,0.16476075472391816,49,0.45,0.86,-0.010562068595411617,0,0,0,0,0,0.0,0.0,0.0,0.0,0.0,0.0,0.0,0.0,True,455,2026-04,49,0.16326530612244897,0.13572900260547777,66,0.45,0.86,-0.003138031097084243,0,0,0
5,高波动空头突破,27,d796071da926259e,-999999596.0,False,连续两个有机会开发月无交易|有效开发月份不足|开发交易样本不足,4,0.45,0.86,8,1.9,1.25,0.0035,180,0.95,0.1,42,0.36,2,0.035,220,6.0,32,0,0,0.0,0.0,0.0,0.0,0.0,0.0,0.0,0.0,True,103,2025-11,63,0.23809523809523808,0.17265146315838,57,0.45,0.86,0.010475125634970495,0,0,0,0,0,0.0,0.0,0.0,0.0,0.0,0.0,0.0,0.0,True,166,2025-12,57,0.3157894736842105,0.21551216919059762,65,0.45,0.86,0.0008518805558417331,0,0,0,0,0,0.0,0.0,0.0,0.0,0.0,0.0,0.0,0.0,True,223,2026-01,65,0.3230769230769231,0.21289464437390515,92,0.45,0.86,-0.006897388543998129,0,0,0,0,0,0.0,0.0,0.0,0.0,0.0,0.0,0.0,0.0,True,288,2026-02,92,0.22826086956521738,0.17577679941144012,75,0.45,0.86,-0.0022063356773568132,0,0,0,0,0,0.0,0.0,0.0,0.0,0.0,0.0,0.0,0.0,True,380,2026-03,75,0.21333333333333335,0.16476075472391816,49,0.45,0.86,-0.010562068595411617,0,0,0,0,0,0.0,0.0,0.0,0.0,0.0,0.0,0.0,0.0,True,455,2026-04,49,0.16326530612244897,0.13572900260547777,66,0.45,0.86,-0.003138031097084243,0,0,0
5,高波动空头突破,28,418e1320934848ad,-999999596.0,False,连续两个有机会开发月无交易|有效开发月份不足|开发交易样本不足,7,0.35,0.68,2,1.9,1.25,0.0035,180,0.95,0.1,42,0.36,2,0.035,220,6.0,32,0,0,0.0,0.0,0.0,0.0,0.0,0.0,0.0,0.0,True,103,2025-11,63,0.23809523809523808,0.17265146315838,57,0.35,0.68,0.010475125634970495,0,0,0,0,0,0.0,0.0,0.0,0.0,0.0,0.0,0.0,0.0,True,166,2025-12,57,0.3157894736842105,0.21551216919059762,65,0.35,0.68,0.0008518805558417331,3,0,0,0,0,0.0,0.0,0.0,0.0,0.0,0.0,0.0,0.0,True,223,2026-01,65,0.3230769230769231,0.21289464437390515,92,0.35,0.68,-0.006897388543998129,26,0,0,0,0,0.0,0.0,0.0,0.0,0.0,0.0,0.0,0.0,True,288,2026-02,92,0.22826086956521738,0.17577679941144012,75,0.35,0.68,-0.0022063356773568132,0,0,0,0,0,0.0,0.0,0.0,0.0,0.0,0.0,0.0,0.0,True,380,2026-03,75,0.21333333333333335,0.16476075472391816,49,0.35,0.68,-0.010562068595411617,0,0,0,0,0,0.0,0.0,0.0,0.0,0.0,0.0,0.0,0.0,True,455,2026-04,49,0.16326530612244897,0.13572900260547777,66,0.35,0.68,-0.003138031097084243,0,0,0
5,高波动空头突破,29,eeaf4c384429583b,-999999596.0,False,连续两个有机会开发月无交易|有效开发月份不足|开发交易样本不足,7,0.35,0.68,5,1.9,1.25,0.0035,180,0.95,0.1,42,0.36,2,0.035,220,6.0,32,0,0,0.0,0.0,0.0,0.0,0.0,0.0,0.0,0.0,True,103,2025-11,63,0.23809523809523808,0.17265146315838,57,0.35,0.68,0.010475125634970495,0,0,0,0,0,0.0,0.0,0.0,0.0,0.0,0.0,0.0,0.0,True,166,2025-12,57,0.3157894736842105,0.21551216919059762,65,0.35,0.68,0.0008518805558417331,3,0,0,0,0,0.0,0.0,0.0,0.0,0.0,0.0,0.0,0.0,True,223,2026-01,65,0.3230769230769231,0.21289464437390515,92,0.35,0.68,-0.006897388543998129,26,0,0,0,0,0.0,0.0,0.0,0.0,0.0,0.0,0.0,0.0,True,288,2026-02,92,0.22826086956521738,0.17577679941144012,75,0.35,0.68,-0.0022063356773568132,0,0,0,0,0,0.0,0.0,0.0,0.0,0.0,0.0,0.0,0.0,True,380,2026-03,75,0.21333333333333335,0.16476075472391816,49,0.35,0.68,-0.010562068595411617,0,0,0,0,0,0.0,0.0,0.0,0.0,0.0,0.0,0.0,0.0,True,455,2026-04,49,0.16326530612244897,0.13572900260547777,66,0.35,0.68,-0.003138031097084243,0,0,0
5,高波动空头突破,30,82ae6f4719175cae,-999999596.0,False,连续两个有机会开发月无交易|有效开发月份不足|开发交易样本不足,7,0.35,0.68,8,1.9,1.25,0.0035,180,0.95,0.1,42,0.36,2,0.035,220,6.0,32,0,0,0.0,0.0,0.0,0.0,0.0,0.0,0.0,0.0,True,103,2025-11,63,0.23809523809523808,0.17265146315838,57,0.35,0.68,0.010475125634970495,0,0,0,0,0,0.0,0.0,0.0,0.0,0.0,0.0,0.0,0.0,True,166,2025-12,57,0.3157894736842105,0.21551216919059762,65,0.35,0.68,0.0008518805558417331,3,0,0,0,0,0.0,0.0,0.0,0.0,0.0,0.0,0.0,0.0,True,223,2026-01,65,0.3230769230769231,0.21289464437390515,92,0.35,0.68,-0.006897388543998129,26,0,0,0,0,0.0,0.0,0.0,0.0,0.0,0.0,0.0,0.0,True,288,2026-02,92,0.22826086956521738,0.17577679941144012,75,0.35,0.68,-0.0022063356773568132,0,0,0,0,0,0.0,0.0,0.0,0.0,0.0,0.0,0.0,0.0,True,380,2026-03,75,0.21333333333333335,0.16476075472391816,49,0.35,0.68,-0.010562068595411617,0,0,0,0,0,0.0,0.0,0.0,0.0,0.0,0.0,0.0,0.0,True,455,2026-04,49,0.16326530612244897,0.13572900260547777,66,0.35,0.68,-0.003138031097084243,0,0,0
