expert_id,expert,family,rank,selected,policy_key,tier,eligible,reasons,score,cluster_robust,cluster_positive_share,cluster_signal_consensus,trades,wins,win_rate,avg_win_R,avg_loss_R,avg_win_loss_ratio,profit_factor,net_R,max_drawdown_R,expectancy_R,shrunk_win_rate,wilson_lower,active_months,positive_months,worst_month_R,max_single_month_profit_share,max_trades_single_month
0,趋势回踩重新站稳多头,趋势回踩,1,True,e024946a7a7bbea6,CANDIDATE,False,总交易不足|活跃月份不足|收缩后胜率不足|利润过度集中,115.83145477323927,True,0.8333333333333334,0.6499999999999999,4,2,0.5,1.7126012590423616,0.7357114230102177,2.327816594222673,2.327816594222673,1.9537796720642875,1.4714228460204355,0.48844491801607187,0.5,0.276393202250021,2,2,0.0,0.8764831981350861,3
0,趋势回踩重新站稳多头,趋势回踩,2,False,4f78680cc446fc4d,CANDIDATE,False,总交易不足|活跃月份不足|收缩后胜率不足|利润过度集中,115.83145477323927,True,0.8333333333333334,0.6499999999999999,4,2,0.5,1.7126012590423616,0.7357114230102177,2.327816594222673,2.327816594222673,1.9537796720642875,1.4714228460204355,0.48844491801607187,0.5,0.276393202250021,2,2,0.0,0.8764831981350861,3
0,趋势回踩重新站稳多头,趋势回踩,3,False,1b33e623d700f1dd,CANDIDATE,False,总交易不足|活跃月份不足|正收益月份不足|收缩后胜率不足|盈利因子不足|利润过度集中,97.11224276860715,True,1.0,0.8666666666666667,3,1,0.3333333333333333,1.7124550554222264,0.7357114230102177,2.327617870082253,1.1638089350411265,0.24103220940179093,1.4714228460204355,0.08034406980059698,0.45454545454545453,0.13564322306091547,2,1,-1.4714228460204355,1.0,2
0,趋势回踩重新站稳多头,趋势回踩,4,False,cf61261d0d156ada,CANDIDATE,False,总交易不足|活跃月份不足|正收益月份不足|收缩后胜率不足|盈利因子不足|利润过度集中,97.11224276860715,True,1.0,0.8666666666666667,3,1,0.3333333333333333,1.7124550554222264,0.7357114230102177,2.327617870082253,1.1638089350411265,0.24103220940179093,1.4714228460204355,0.08034406980059698,0.45454545454545453,0.13564322306091547,2,1,-1.4714228460204355,1.0,2
0,趋势回踩重新站稳多头,趋势回踩,5,False,b64115b0307570f8,REJECTED,False,总交易不足,28.06783224570563,True,1.0,0.9,2,1,0.5,1.7124550554222264,0.7575122510686786,2.2606301785962395,2.2606301785962395,0.9549428043535478,0.7575122510686786,0.4774714021767739,0.5,0.21132486540518713,2,1,-0.7575122510686786,1.0,1
0,趋势回踩重新站稳多头,趋势回踩,6,False,d86f5e691767a819,REJECTED,False,总交易不足,28.06783224570563,True,1.0,0.9,2,1,0.5,1.7124550554222264,0.7575122510686786,2.2606301785962395,2.2606301785962395,0.9549428043535478,0.7575122510686786,0.4774714021767739,0.5,0.21132486540518713,2,1,-0.7575122510686786,1.0,1
0,趋势回踩重新站稳多头,趋势回踩,7,False,12eff90a29076783,REJECTED,False,盈利因子不足|累计净R不足|最差月份亏损过大,-11.366987758482718,False,0.3333333333333333,0.6499999999999999,4,1,0.25,1.7124550554222264,1.2857499935704115,1.3318724977527656,0.44395749925092187,-2.144794925289008,3.857249980711235,-0.536198731322252,0.4166666666666667,0.1,2,1,-3.857249980711235,1.0,3
0,趋势回踩重新站稳多头,趋势回踩,8,False,61a9c4464c24f1aa,REJECTED,False,盈利因子不足|累计净R不足|最差月份亏损过大,-11.366987758482718,False,0.3333333333333333,0.6499999999999999,4,1,0.25,1.7124550554222264,1.2857499935704115,1.3318724977527656,0.44395749925092187,-2.144794925289008,3.857249980711235,-0.536198731322252,0.4166666666666667,0.1,2,1,-3.857249980711235,1.0,3
0,趋势回踩重新站稳多头,趋势回踩,9,False,dea253e979ba4233,REJECTED,False,盈利因子不足|累计净R不足|最差月份亏损过大,3.1240819665758606,False,0.3333333333333333,0.8666666666666667,3,1,0.3333333333333333,1.7124550554222264,1.2857566266191882,1.331865626798295,0.6659328133991474,-0.85905819781615,2.5715132532383764,-0.28635273260538335,0.45454545454545453,0.13564322306091547,2,1,-2.5715132532383764,1.0,2
0,趋势回踩重新站稳多头,趋势回踩,10,False,507ffa897d874aa4,REJECTED,False,盈利因子不足|累计净R不足|最差月份亏损过大,3.1240819665758606,False,0.3333333333333333,0.8666666666666667,3,1,0.3333333333333333,1.7124550554222264,1.2857566266191882,1.331865626798295,0.6659328133991474,-0.85905819781615,2.5715132532383764,-0.28635273260538335,0.45454545454545453,0.13564322306091547,2,1,-2.5715132532383764,1.0,2
0,趋势回踩重新站稳多头,趋势回踩,11,False,027f1e6882c8e0ac,REJECTED,False,总交易不足,19.07031862017652,False,0.5,0.9,2,1,0.5,1.7124550554222264,1.2857574512297423,1.3318647726166206,1.3318647726166206,0.42669760419248415,1.2857574512297423,0.21334880209624207,0.5,0.21132486540518713,2,1,-1.2857574512297423,1.0,1
0,趋势回踩重新站稳多头,趋势回踩,12,False,2cc5288833a70fca,REJECTED,False,总交易不足,19.07031862017652,False,0.5,0.9,2,1,0.5,1.7124550554222264,1.2857574512297423,1.3318647726166206,1.3318647726166206,0.42669760419248415,1.2857574512297423,0.21334880209624207,0.5,0.21132486540518713,2,1,-1.2857574512297423,1.0,1
0,趋势回踩重新站稳多头,趋势回踩,13,False,5f6a7560061fafca,REJECTED,False,总交易不足|活跃月份不足|盈利因子不足|实际盈亏比不足|累计净R不足,11.0,False,0.0,0.0,0,0,0.0,0.0,0.0,0.0,0.0,0.0,0.0,0.0,0.5,0.0,0,0,0.0,0.0,0
0,趋势回踩重新站稳多头,趋势回踩,14,False,6e2c77bd09e9eb5f,REJECTED,False,总交易不足|活跃月份不足|盈利因子不足|实际盈亏比不足|累计净R不足,11.0,False,0.0,0.0,0,0,0.0,0.0,0.0,0.0,0.0,0.0,0.0,0.0,0.5,0.0,0,0,0.0,0.0,0
0,趋势回踩重新站稳多头,趋势回踩,15,False,edfb7369df95cb4f,REJECTED,False,总交易不足|活跃月份不足|盈利因子不足|实际盈亏比不足|累计净R不足,11.0,False,0.0,0.0,0,0,0.0,0.0,0.0,0.0,0.0,0.0,0.0,0.0,0.5,0.0,0,0,0.0,0.0,0
0,趋势回踩重新站稳多头,趋势回踩,16,False,fd0c8086e72deb39,REJECTED,False,总交易不足|活跃月份不足|盈利因子不足|实际盈亏比不足|累计净R不足,11.0,False,0.0,0.0,0,0,0.0,0.0,0.0,0.0,0.0,0.0,0.0,0.0,0.5,0.0,0,0,0.0,0.0,0
0,趋势回踩重新站稳多头,趋势回踩,17,False,9b3fd54c23e3a8be,REJECTED,False,总交易不足|活跃月份不足|盈利因子不足|实际盈亏比不足|累计净R不足,11.0,False,0.0,0.0,0,0,0.0,0.0,0.0,0.0,0.0,0.0,0.0,0.0,0.5,0.0,0,0,0.0,0.0,0
0,趋势回踩重新站稳多头,趋势回踩,18,False,0e677f5d9ed93755,REJECTED,False,总交易不足|活跃月份不足|盈利因子不足|实际盈亏比不足|累计净R不足,11.0,False,0.0,0.0,0,0,0.0,0.0,0.0,0.0,0.0,0.0,0.0,0.0,0.5,0.0,0,0,0.0,0.0,0
0,趋势回踩重新站稳多头,趋势回踩,19,False,d42befd25a2aecba,REJECTED,False,总交易不足|活跃月份不足|盈利因子不足|实际盈亏比不足|累计净R不足,11.0,False,0.0,0.0,0,0,0.0,0.0,0.0,0.0,0.0,0.0,0.0,0.0,0.5,0.0,0,0,0.0,0.0,0
0,趋势回踩重新站稳多头,趋势回踩,20,False,65af7b138fe0c3fc,REJECTED,False,总交易不足|活跃月份不足|盈利因子不足|实际盈亏比不足|累计净R不足,11.0,False,0.0,0.0,0,0,0.0,0.0,0.0,0.0,0.0,0.0,0.0,0.0,0.5,0.0,0,0,0.0,0.0,0
0,趋势回踩重新站稳多头,趋势回踩,21,False,9aaab087ee0edcb3,REJECTED,False,总交易不足|活跃月份不足|盈利因子不足|实际盈亏比不足|累计净R不足,11.0,False,0.0,0.0,0,0,0.0,0.0,0.0,0.0,0.0,0.0,0.0,0.0,0.5,0.0,0,0,0.0,0.0,0
0,趋势回踩重新站稳多头,趋势回踩,22,False,dbd1d70c5a727471,REJECTED,False,总交易不足|活跃月份不足|盈利因子不足|实际盈亏比不足|累计净R不足,11.0,False,0.0,0.0,0,0,0.0,0.0,0.0,0.0,0.0,0.0,0.0,0.0,0.5,0.0,0,0,0.0,0.0,0
0,趋势回踩重新站稳多头,趋势回踩,23,False,d638fc03935cf81c,REJECTED,False,总交易不足|活跃月份不足|盈利因子不足|实际盈亏比不足|累计净R不足,11.0,False,0.0,0.0,0,0,0.0,0.0,0.0,0.0,0.0,0.0,0.0,0.0,0.5,0.0,0,0,0.0,0.0,0
0,趋势回踩重新站稳多头,趋势回踩,24,False,e1cd8092e9f51925,REJECTED,False,总交易不足|活跃月份不足|盈利因子不足|实际盈亏比不足|累计净R不足,11.0,False,0.0,0.0,0,0,0.0,0.0,0.0,0.0,0.0,0.0,0.0,0.0,0.5,0.0,0,0,0.0,0.0,0
1,趋势反抽失败空头,趋势回踩,1,True,da51c7f197a1b096,CANDIDATE,False,总交易不足|活跃月份不足|正收益月份不足|收缩后胜率不足|盈利因子不足|利润过度集中,97.66972593869485,False,0.3333333333333333,0.7333333333333334,3,1,0.3333333333333333,1.714741469113497,0.7366079016041253,2.327889051121053,1.1639445255605265,0.2415256659052465,1.2870177022047267,0.08050855530174883,0.45454545454545453,0.13564322306091547,2,1,-1.2870177022047267,1.0,2
1,趋势反抽失败空头,趋势回踩,2,False,ea610f2e76039d9d,CANDIDATE,False,总交易不足|活跃月份不足|正收益月份不足|收缩后胜率不足|盈利因子不足|利润过度集中,97.66972363638772,False,0.3333333333333333,0.7333333333333334,3,1,0.3333333333333333,1.7147412611874862,0.7366079016041253,2.327888768846032,1.163944384423016,0.24152545797923564,1.2870177022047267,0.08050848599307854,0.45454545454545453,0.13564322306091547,2,1,-1.2870177022047267,1.0,2
1,趋势反抽失败空头,趋势回踩,3,False,10f0933547048a02,REJECTED,False,活跃月份不足,15.673456770103023,True,0.6666666666666666,0.6,3,1,0.3333333333333333,1.714741469113497,0.7364813575734597,2.3282890347193366,1.1641445173596683,0.24177875396657766,1.2867646141433955,0.08059291798885922,0.45454545454545453,0.13564322306091547,1,1,0.0,1.0,3
1,趋势反抽失败空头,趋势回踩,4,False,43f9a8c929c8de10,REJECTED,False,活跃月份不足,15.67345446765038,True,0.6666666666666666,0.6,3,1,0.3333333333333333,1.7147412611874862,0.7364813575734597,2.3282887523958147,1.1641443761979073,0.2417785460405668,1.2867646141433955,0.08059284868018894,0.45454545454545453,0.13564322306091547,1,1,0.0,1.0,3
1,趋势反抽失败空头,趋势回踩,5,False,db8df4b18426d594,REJECTED,False,总交易不足|活跃月份不足,42.75445792781111,True,0.6666666666666666,0.6,2,1,0.5,1.714741469113497,0.1861981010035239,9.209231779872152,9.209231779872152,1.5285433681099732,0.1861981010035239,0.7642716840549866,0.5,0.21132486540518713,1,1,0.0,1.0,2
1,趋势反抽失败空头,趋势回踩,6,False,2bf636f6d1166fd7,REJECTED,False,总交易不足|活跃月份不足,42.75445647232903,True,0.6666666666666666,0.6,2,1,0.5,1.7147412611874862,0.1861981010035239,9.209230663179715,9.209230663179715,1.5285431601839623,0.1861981010035239,0.7642715800919812,0.5,0.21132486540518713,1,1,0.0,1.0,2
1,趋势反抽失败空头,趋势回踩,7,False,1e5e17a24022c0e5,REJECTED,False,盈利因子不足|累计净R不足,1.598947472909165,False,0.5,0.6499999999999999,4,1,0.25,1.714741469113497,0.9199934724505487,1.8638626473577151,0.6212875491192384,-1.045238948238149,2.5737823163481224,-0.26130973705953725,0.4166666666666667,0.1,2,1,-1.2870177022047267,1.0,3
1,趋势反抽失败空头,趋势回踩,8,False,9041ae9da2c76ff2,REJECTED,False,盈利因子不足|累计净R不足,1.598945414738722,False,0.5,0.6499999999999999,4,1,0.25,1.7147412611874862,0.9199934724505487,1.863862421349578,0.6212874737831927,-1.0452391561641599,2.5737823163481224,-0.26130978904103996,0.4166666666666667,0.1,2,1,-1.2870177022047267,1.0,3
1,趋势反抽失败空头,趋势回踩,9,False,6dc5691af02ce058,REJECTED,False,总交易不足|盈利因子不足|实际盈亏比不足|累计净R不足,-1.932158032082505,False,0.3333333333333333,0.9,2,0,0.0,0.0,0.7366079016041253,0.0,0.0,-1.4732158032082505,1.4732158032082505,-0.7366079016041253,0.4,0.0,2,0,-1.2870177022047267,0.0,1
1,趋势反抽失败空头,趋势回踩,10,False,a17c3c0e2b30486c,REJECTED,False,总交易不足|盈利因子不足|实际盈亏比不足|累计净R不足,-1.932158032082505,False,0.3333333333333333,0.9,2,0,0.0,0.0,0.7366079016041253,0.0,0.0,-1.4732158032082505,1.4732158032082505,-0.7366079016041253,0.4,0.0,2,0,-1.2870177022047267,0.0,1
1,趋势反抽失败空头,趋势回踩,11,False,babd89c70121bbf0,REJECTED,False,总交易不足|活跃月份不足|盈利因子不足|实际盈亏比不足|累计净R不足|最差月份亏损过大,-10.139946451577924,False,0.0,0.8,2,0,0.0,0.0,1.0469973225788962,0.0,0.0,-2.0939946451577924,2.0939946451577924,-1.0469973225788962,0.4,0.0,1,0,-2.0939946451577924,0.0,2
1,趋势反抽失败空头,趋势回踩,12,False,3fac1d15a4107f3d,REJECTED,False,总交易不足|活跃月份不足|盈利因子不足|实际盈亏比不足|累计净R不足|最差月份亏损过大,-10.139946451577924,False,0.0,0.8,2,0,0.0,0.0,1.0469973225788962,0.0,0.0,-2.0939946451577924,2.0939946451577924,-1.0469973225788962,0.4,0.0,1,0,-2.0939946451577924,0.0,2
1,趋势反抽失败空头,趋势回踩,13,False,d4f433d971b8cfe4,REJECTED,False,总交易不足|活跃月份不足|盈利因子不足|实际盈亏比不足|累计净R不足|最差月份亏损过大,-10.139946451577924,False,0.0,0.7,2,0,0.0,0.0,1.0469973225788962,0.0,0.0,-2.0939946451577924,2.0939946451577924,-1.0469973225788962,0.4,0.0,1,0,-2.0939946451577924,0.0,2
1,趋势反抽失败空头,趋势回踩,14,False,304ab173a2ce9c87,REJECTED,False,总交易不足|活跃月份不足|盈利因子不足|实际盈亏比不足|累计净R不足|最差月份亏损过大,-10.139946451577924,False,0.0,0.7,2,0,0.0,0.0,1.0469973225788962,0.0,0.0,-2.0939946451577924,2.0939946451577924,-1.0469973225788962,0.4,0.0,1,0,-2.0939946451577924,0.0,2
1,趋势反抽失败空头,趋势回踩,15,False,1c7ae8d6e1b7e820,REJECTED,False,总交易不足|活跃月份不足|盈利因子不足|实际盈亏比不足|累计净R不足,9.915796767742536,False,0.5,1.0,1,0,0.0,0.0,0.1861981010035239,0.0,0.0,-0.1861981010035239,0.1861981010035239,-0.1861981010035239,0.4444444444444444,0.0,1,0,-0.1861981010035239,0.0,1
1,趋势反抽失败空头,趋势回踩,16,False,d623eb7ff80605fe,REJECTED,False,总交易不足|活跃月份不足|盈利因子不足|实际盈亏比不足|累计净R不足,9.915796767742536,False,0.5,1.0,1,0,0.0,0.0,0.1861981010035239,0.0,0.0,-0.1861981010035239,0.1861981010035239,-0.1861981010035239,0.4444444444444444,0.0,1,0,-0.1861981010035239,0.0,1
1,趋势反抽失败空头,趋势回踩,17,False,84ee61c08f9c36c2,REJECTED,False,总交易不足|活跃月份不足|盈利因子不足|实际盈亏比不足|累计净R不足,3.2541650540589098,False,0.0,1.0,1,0,0.0,0.0,0.8523612723718867,0.0,0.0,-0.8523612723718867,0.8523612723718867,-0.8523612723718867,0.4444444444444444,0.0,1,0,-0.8523612723718867,0.0,1
1,趋势反抽失败空头,趋势回踩,18,False,cf9d7027a014a4bc,REJECTED,False,总交易不足|活跃月份不足|盈利因子不足|实际盈亏比不足|累计净R不足,3.2541650540589098,False,0.0,1.0,1,0,0.0,0.0,0.8523612723718867,0.0,0.0,-0.8523612723718867,0.8523612723718867,-0.8523612723718867,0.4444444444444444,0.0,1,0,-0.8523612723718867,0.0,1
1,趋势反抽失败空头,趋势回踩,19,False,eb433281c4959b84,REJECTED,False,总交易不足|活跃月份不足|盈利因子不足|实际盈亏比不足|累计净R不足,3.2541650540589098,False,0.0,0.8,1,0,0.0,0.0,0.8523612723718867,0.0,0.0,-0.8523612723718867,0.8523612723718867,-0.8523612723718867,0.4444444444444444,0.0,1,0,-0.8523612723718867,0.0,1
1,趋势反抽失败空头,趋势回踩,20,False,66c4e506115bcabc,REJECTED,False,总交易不足|活跃月份不足|盈利因子不足|实际盈亏比不足|累计净R不足,3.2541650540589098,False,0.0,0.8,1,0,0.0,0.0,0.8523612723718867,0.0,0.0,-0.8523612723718867,0.8523612723718867,-0.8523612723718867,0.4444444444444444,0.0,1,0,-0.8523612723718867,0.0,1
1,趋势反抽失败空头,趋势回踩,21,False,fcdc5ffc06cef7e2,REJECTED,False,总交易不足|活跃月份不足|盈利因子不足|实际盈亏比不足|累计净R不足,3.2541650540589098,False,0.0,0.8,1,0,0.0,0.0,0.8523612723718867,0.0,0.0,-0.8523612723718867,0.8523612723718867,-0.8523612723718867,0.4444444444444444,0.0,1,0,-0.8523612723718867,0.0,1
1,趋势反抽失败空头,趋势回踩,22,False,d6b6913945880878,REJECTED,False,总交易不足|活跃月份不足|盈利因子不足|实际盈亏比不足|累计净R不足,3.2541650540589098,False,0.0,0.8,1,0,0.0,0.0,0.8523612723718867,0.0,0.0,-0.8523612723718867,0.8523612723718867,-0.8523612723718867,0.4444444444444444,0.0,1,0,-0.8523612723718867,0.0,1
1,趋势反抽失败空头,趋势回踩,23,False,a9cab89e18b613f6,REJECTED,False,总交易不足|活跃月份不足|盈利因子不足|实际盈亏比不足|累计净R不足,-1.4601710815465903,False,0.0,0.8,1,0,0.0,0.0,1.3237948859324367,0.0,0.0,-1.3237948859324367,1.3237948859324367,-1.3237948859324367,0.4444444444444444,0.0,1,0,-1.3237948859324367,0.0,1
1,趋势反抽失败空头,趋势回踩,24,False,c83ae43ded4e3128,REJECTED,False,总交易不足|活跃月份不足|盈利因子不足|实际盈亏比不足|累计净R不足,-1.4601710815465903,False,0.0,0.8,1,0,0.0,0.0,1.3237948859324367,0.0,0.0,-1.3237948859324367,1.3237948859324367,-1.3237948859324367,0.4444444444444444,0.0,1,0,-1.3237948859324367,0.0,1
2,EMA21回踩收回多头,均线回踩,1,True,57c6d8ed313f7b81,REJECTED,False,总交易不足|活跃月份不足|盈利因子不足|实际盈亏比不足|累计净R不足,11.0,False,0.0,0.0,0,0,0.0,0.0,0.0,0.0,0.0,0.0,0.0,0.0,0.5,0.0,0,0,0.0,0.0,0
2,EMA21回踩收回多头,均线回踩,2,False,0692fa8f4d83e0dc,REJECTED,False,总交易不足|活跃月份不足|盈利因子不足|实际盈亏比不足|累计净R不足,11.0,False,0.0,0.0,0,0,0.0,0.0,0.0,0.0,0.0,0.0,0.0,0.0,0.5,0.0,0,0,0.0,0.0,0
2,EMA21回踩收回多头,均线回踩,3,False,f9803b6fc9c4b614,REJECTED,False,总交易不足|活跃月份不足|盈利因子不足|实际盈亏比不足|累计净R不足,11.0,False,0.0,0.0,0,0,0.0,0.0,0.0,0.0,0.0,0.0,0.0,0.0,0.5,0.0,0,0,0.0,0.0,0
2,EMA21回踩收回多头,均线回踩,4,False,195fedeeeb08219c,REJECTED,False,总交易不足|活跃月份不足|盈利因子不足|实际盈亏比不足|累计净R不足,11.0,False,0.0,0.0,0,0,0.0,0.0,0.0,0.0,0.0,0.0,0.0,0.0,0.5,0.0,0,0,0.0,0.0,0
2,EMA21回踩收回多头,均线回踩,5,False,4031389b6c492ad0,REJECTED,False,总交易不足|活跃月份不足|盈利因子不足|实际盈亏比不足|累计净R不足,11.0,False,0.0,0.0,0,0,0.0,0.0,0.0,0.0,0.0,0.0,0.0,0.0,0.5,0.0,0,0,0.0,0.0,0
2,EMA21回踩收回多头,均线回踩,6,False,0323730da9a588fc,REJECTED,False,总交易不足|活跃月份不足|盈利因子不足|实际盈亏比不足|累计净R不足,11.0,False,0.0,0.0,0,0,0.0,0.0,0.0,0.0,0.0,0.0,0.0,0.0,0.5,0.0,0,0,0.0,0.0,0
2,EMA21回踩收回多头,均线回踩,7,False,915157e664ef79b8,REJECTED,False,总交易不足|活跃月份不足|盈利因子不足|实际盈亏比不足|累计净R不足,11.0,False,0.0,0.0,0,0,0.0,0.0,0.0,0.0,0.0,0.0,0.0,0.0,0.5,0.0,0,0,0.0,0.0,0
2,EMA21回踩收回多头,均线回踩,8,False,8d324d0acefa1133,REJECTED,False,总交易不足|活跃月份不足|盈利因子不足|实际盈亏比不足|累计净R不足,11.0,False,0.0,0.0,0,0,0.0,0.0,0.0,0.0,0.0,0.0,0.0,0.0,0.5,0.0,0,0,0.0,0.0,0
2,EMA21回踩收回多头,均线回踩,9,False,ffd67b85d0decc5d,REJECTED,False,总交易不足|活跃月份不足|盈利因子不足|实际盈亏比不足|累计净R不足,11.0,False,0.0,0.0,0,0,0.0,0.0,0.0,0.0,0.0,0.0,0.0,0.0,0.5,0.0,0,0,0.0,0.0,0
2,EMA21回踩收回多头,均线回踩,10,False,526c9b8e9ff7fb3c,REJECTED,False,总交易不足|活跃月份不足|盈利因子不足|实际盈亏比不足|累计净R不足,11.0,False,0.0,0.0,0,0,0.0,0.0,0.0,0.0,0.0,0.0,0.0,0.0,0.5,0.0,0,0,0.0,0.0,0
2,EMA21回踩收回多头,均线回踩,11,False,1cb9b9c7c2eeb276,REJECTED,False,总交易不足|活跃月份不足|盈利因子不足|实际盈亏比不足|累计净R不足,11.0,False,0.0,0.0,0,0,0.0,0.0,0.0,0.0,0.0,0.0,0.0,0.0,0.5,0.0,0,0,0.0,0.0,0
2,EMA21回踩收回多头,均线回踩,12,False,2283714d9ab507f0,REJECTED,False,总交易不足|活跃月份不足|盈利因子不足|实际盈亏比不足|累计净R不足,11.0,False,0.0,0.0,0,0,0.0,0.0,0.0,0.0,0.0,0.0,0.0,0.0,0.5,0.0,0,0,0.0,0.0,0
2,EMA21回踩收回多头,均线回踩,13,False,c5bc335c43c4ea0c,REJECTED,False,总交易不足|活跃月份不足|盈利因子不足|实际盈亏比不足|累计净R不足,11.0,False,0.0,0.0,0,0,0.0,0.0,0.0,0.0,0.0,0.0,0.0,0.0,0.5,0.0,0,0,0.0,0.0,0
2,EMA21回踩收回多头,均线回踩,14,False,aa5b63e4a0326cc3,REJECTED,False,总交易不足|活跃月份不足|盈利因子不足|实际盈亏比不足|累计净R不足,11.0,False,0.0,0.0,0,0,0.0,0.0,0.0,0.0,0.0,0.0,0.0,0.0,0.5,0.0,0,0,0.0,0.0,0
2,EMA21回踩收回多头,均线回踩,15,False,5f52dd58bf5d2bde,REJECTED,False,总交易不足|活跃月份不足|盈利因子不足|实际盈亏比不足|累计净R不足,11.0,False,0.0,0.0,0,0,0.0,0.0,0.0,0.0,0.0,0.0,0.0,0.0,0.5,0.0,0,0,0.0,0.0,0
2,EMA21回踩收回多头,均线回踩,16,False,9b706cbfe2875d88,REJECTED,False,总交易不足|活跃月份不足|盈利因子不足|实际盈亏比不足|累计净R不足,11.0,False,0.0,0.0,0,0,0.0,0.0,0.0,0.0,0.0,0.0,0.0,0.0,0.5,0.0,0,0,0.0,0.0,0
2,EMA21回踩收回多头,均线回踩,17,False,1e3bc813961e1078,REJECTED,False,总交易不足|活跃月份不足|盈利因子不足|实际盈亏比不足|累计净R不足,11.0,False,0.0,0.0,0,0,0.0,0.0,0.0,0.0,0.0,0.0,0.0,0.0,0.5,0.0,0,0,0.0,0.0,0
2,EMA21回踩收回多头,均线回踩,18,False,fe42141cfefd4e21,REJECTED,False,总交易不足|活跃月份不足|盈利因子不足|实际盈亏比不足|累计净R不足,11.0,False,0.0,0.0,0,0,0.0,0.0,0.0,0.0,0.0,0.0,0.0,0.0,0.5,0.0,0,0,0.0,0.0,0
2,EMA21回踩收回多头,均线回踩,19,False,7926fb165fff515d,REJECTED,False,总交易不足|活跃月份不足|盈利因子不足|实际盈亏比不足|累计净R不足,11.0,False,0.0,0.0,0,0,0.0,0.0,0.0,0.0,0.0,0.0,0.0,0.0,0.5,0.0,0,0,0.0,0.0,0
2,EMA21回踩收回多头,均线回踩,20,False,0b71053fd1bbe5cb,REJECTED,False,总交易不足|活跃月份不足|盈利因子不足|实际盈亏比不足|累计净R不足,11.0,False,0.0,0.0,0,0,0.0,0.0,0.0,0.0,0.0,0.0,0.0,0.0,0.5,0.0,0,0,0.0,0.0,0
2,EMA21回踩收回多头,均线回踩,21,False,eec6093cdc09b09a,REJECTED,False,总交易不足|活跃月份不足|盈利因子不足|实际盈亏比不足|累计净R不足,11.0,False,0.0,0.0,0,0,0.0,0.0,0.0,0.0,0.0,0.0,0.0,0.0,0.5,0.0,0,0,0.0,0.0,0
2,EMA21回踩收回多头,均线回踩,22,False,7e1152699754edcd,REJECTED,False,总交易不足|活跃月份不足|盈利因子不足|实际盈亏比不足|累计净R不足,11.0,False,0.0,0.0,0,0,0.0,0.0,0.0,0.0,0.0,0.0,0.0,0.0,0.5,0.0,0,0,0.0,0.0,0
2,EMA21回踩收回多头,均线回踩,23,False,a61024163352905d,REJECTED,False,总交易不足|活跃月份不足|盈利因子不足|实际盈亏比不足|累计净R不足,11.0,False,0.0,0.0,0,0,0.0,0.0,0.0,0.0,0.0,0.0,0.0,0.0,0.5,0.0,0,0,0.0,0.0,0
2,EMA21回踩收回多头,均线回踩,24,False,0bb63e408b10bf9c,REJECTED,False,总交易不足|活跃月份不足|盈利因子不足|实际盈亏比不足|累计净R不足,11.0,False,0.0,0.0,0,0,0.0,0.0,0.0,0.0,0.0,0.0,0.0,0.0,0.5,0.0,0,0,0.0,0.0,0
3,EMA21反抽受阻空头,均线回踩,1,True,4916a4f4be16d2e4,REJECTED,False,总交易不足|活跃月份不足|盈利因子不足|实际盈亏比不足|累计净R不足,11.0,False,0.0,0.0,0,0,0.0,0.0,0.0,0.0,0.0,0.0,0.0,0.0,0.5,0.0,0,0,0.0,0.0,0
3,EMA21反抽受阻空头,均线回踩,2,False,e3b7e2548b1fa19a,REJECTED,False,总交易不足|活跃月份不足|盈利因子不足|实际盈亏比不足|累计净R不足,11.0,False,0.0,0.0,0,0,0.0,0.0,0.0,0.0,0.0,0.0,0.0,0.0,0.5,0.0,0,0,0.0,0.0,0
3,EMA21反抽受阻空头,均线回踩,3,False,2bd71342f68ec58b,REJECTED,False,总交易不足|活跃月份不足|盈利因子不足|实际盈亏比不足|累计净R不足,11.0,False,0.0,0.0,0,0,0.0,0.0,0.0,0.0,0.0,0.0,0.0,0.0,0.5,0.0,0,0,0.0,0.0,0
3,EMA21反抽受阻空头,均线回踩,4,False,d086f2ac446e7a52,REJECTED,False,总交易不足|活跃月份不足|盈利因子不足|实际盈亏比不足|累计净R不足,11.0,False,0.0,0.0,0,0,0.0,0.0,0.0,0.0,0.0,0.0,0.0,0.0,0.5,0.0,0,0,0.0,0.0,0
3,EMA21反抽受阻空头,均线回踩,5,False,7c5126b6e4ad1016,REJECTED,False,总交易不足|活跃月份不足|盈利因子不足|实际盈亏比不足|累计净R不足,11.0,False,0.0,0.0,0,0,0.0,0.0,0.0,0.0,0.0,0.0,0.0,0.0,0.5,0.0,0,0,0.0,0.0,0
3,EMA21反抽受阻空头,均线回踩,6,False,915474ad40b931f9,REJECTED,False,总交易不足|活跃月份不足|盈利因子不足|实际盈亏比不足|累计净R不足,11.0,False,0.0,0.0,0,0,0.0,0.0,0.0,0.0,0.0,0.0,0.0,0.0,0.5,0.0,0,0,0.0,0.0,0
3,EMA21反抽受阻空头,均线回踩,7,False,ddffcc01d8231b60,REJECTED,False,总交易不足|活跃月份不足|盈利因子不足|实际盈亏比不足|累计净R不足,11.0,False,0.0,0.0,0,0,0.0,0.0,0.0,0.0,0.0,0.0,0.0,0.0,0.5,0.0,0,0,0.0,0.0,0
3,EMA21反抽受阻空头,均线回踩,8,False,03fe0015c71f5a37,REJECTED,False,总交易不足|活跃月份不足|盈利因子不足|实际盈亏比不足|累计净R不足,11.0,False,0.0,0.0,0,0,0.0,0.0,0.0,0.0,0.0,0.0,0.0,0.0,0.5,0.0,0,0,0.0,0.0,0
3,EMA21反抽受阻空头,均线回踩,9,False,61d2385a6a3ce76a,REJECTED,False,总交易不足|活跃月份不足|盈利因子不足|实际盈亏比不足|累计净R不足,11.0,False,0.0,0.0,0,0,0.0,0.0,0.0,0.0,0.0,0.0,0.0,0.0,0.5,0.0,0,0,0.0,0.0,0
3,EMA21反抽受阻空头,均线回踩,10,False,52f331a613e7e0c5,REJECTED,False,总交易不足|活跃月份不足|盈利因子不足|实际盈亏比不足|累计净R不足,11.0,False,0.0,0.0,0,0,0.0,0.0,0.0,0.0,0.0,0.0,0.0,0.0,0.5,0.0,0,0,0.0,0.0,0
3,EMA21反抽受阻空头,均线回踩,11,False,f813a6c3a5140768,REJECTED,False,总交易不足|活跃月份不足|盈利因子不足|实际盈亏比不足|累计净R不足,11.0,False,0.0,0.0,0,0,0.0,0.0,0.0,0.0,0.0,0.0,0.0,0.0,0.5,0.0,0,0,0.0,0.0,0
3,EMA21反抽受阻空头,均线回踩,12,False,6d94359a5adecd30,REJECTED,False,总交易不足|活跃月份不足|盈利因子不足|实际盈亏比不足|累计净R不足,11.0,False,0.0,0.0,0,0,0.0,0.0,0.0,0.0,0.0,0.0,0.0,0.0,0.5,0.0,0,0,0.0,0.0,0
3,EMA21反抽受阻空头,均线回踩,13,False,273344fc60522d0e,REJECTED,False,总交易不足|活跃月份不足|盈利因子不足|实际盈亏比不足|累计净R不足,11.0,False,0.0,0.0,0,0,0.0,0.0,0.0,0.0,0.0,0.0,0.0,0.0,0.5,0.0,0,0,0.0,0.0,0
3,EMA21反抽受阻空头,均线回踩,14,False,ffa31c9ee0e9cb17,REJECTED,False,总交易不足|活跃月份不足|盈利因子不足|实际盈亏比不足|累计净R不足,11.0,False,0.0,0.0,0,0,0.0,0.0,0.0,0.0,0.0,0.0,0.0,0.0,0.5,0.0,0,0,0.0,0.0,0
3,EMA21反抽受阻空头,均线回踩,15,False,50a625b4fecdf822,REJECTED,False,总交易不足|活跃月份不足|盈利因子不足|实际盈亏比不足|累计净R不足,11.0,False,0.0,0.0,0,0,0.0,0.0,0.0,0.0,0.0,0.0,0.0,0.0,0.5,0.0,0,0,0.0,0.0,0
3,EMA21反抽受阻空头,均线回踩,16,False,1fd66263bf7a26b8,REJECTED,False,总交易不足|活跃月份不足|盈利因子不足|实际盈亏比不足|累计净R不足,11.0,False,0.0,0.0,0,0,0.0,0.0,0.0,0.0,0.0,0.0,0.0,0.0,0.5,0.0,0,0,0.0,0.0,0
3,EMA21反抽受阻空头,均线回踩,17,False,dc2c795a47049d0f,REJECTED,False,总交易不足|活跃月份不足|盈利因子不足|实际盈亏比不足|累计净R不足,11.0,False,0.0,0.0,0,0,0.0,0.0,0.0,0.0,0.0,0.0,0.0,0.0,0.5,0.0,0,0,0.0,0.0,0
3,EMA21反抽受阻空头,均线回踩,18,False,fdaf57a2d8af800b,REJECTED,False,总交易不足|活跃月份不足|盈利因子不足|实际盈亏比不足|累计净R不足,11.0,False,0.0,0.0,0,0,0.0,0.0,0.0,0.0,0.0,0.0,0.0,0.0,0.5,0.0,0,0,0.0,0.0,0
3,EMA21反抽受阻空头,均线回踩,19,False,9d846b2e4b49e7d1,REJECTED,False,总交易不足|活跃月份不足|盈利因子不足|实际盈亏比不足|累计净R不足,11.0,False,0.0,0.0,0,0,0.0,0.0,0.0,0.0,0.0,0.0,0.0,0.0,0.5,0.0,0,0,0.0,0.0,0
3,EMA21反抽受阻空头,均线回踩,20,False,ccbf83f8eb151d8f,REJECTED,False,总交易不足|活跃月份不足|盈利因子不足|实际盈亏比不足|累计净R不足,11.0,False,0.0,0.0,0,0,0.0,0.0,0.0,0.0,0.0,0.0,0.0,0.0,0.5,0.0,0,0,0.0,0.0,0
3,EMA21反抽受阻空头,均线回踩,21,False,c069d3ef3bd316c1,REJECTED,False,总交易不足|活跃月份不足|盈利因子不足|实际盈亏比不足|累计净R不足,11.0,False,0.0,0.0,0,0,0.0,0.0,0.0,0.0,0.0,0.0,0.0,0.0,0.5,0.0,0,0,0.0,0.0,0
3,EMA21反抽受阻空头,均线回踩,22,False,1f27805c2c4f44eb,REJECTED,False,总交易不足|活跃月份不足|盈利因子不足|实际盈亏比不足|累计净R不足,11.0,False,0.0,0.0,0,0,0.0,0.0,0.0,0.0,0.0,0.0,0.0,0.0,0.5,0.0,0,0,0.0,0.0,0
3,EMA21反抽受阻空头,均线回踩,23,False,08e023894792b8de,REJECTED,False,总交易不足|活跃月份不足|盈利因子不足|实际盈亏比不足|累计净R不足,11.0,False,0.0,0.0,0,0,0.0,0.0,0.0,0.0,0.0,0.0,0.0,0.0,0.5,0.0,0,0,0.0,0.0,0
3,EMA21反抽受阻空头,均线回踩,24,False,7842d854279fcacb,REJECTED,False,总交易不足|活跃月份不足|盈利因子不足|实际盈亏比不足|累计净R不足,11.0,False,0.0,0.0,0,0,0.0,0.0,0.0,0.0,0.0,0.0,0.0,0.0,0.5,0.0,0,0,0.0,0.0,0
4,VWAP重新站回多头,VWAP回归,1,True,acb95ebbfdc22945,REJECTED,False,活跃月份不足,38.312572330854614,False,0.3333333333333333,0.6666666666666666,3,1,0.3333333333333333,1.7126581552271538,0.1862924884014598,9.193382781684575,4.596691390842287,1.3400731784242343,0.3725849768029196,0.4466910594747448,0.45454545454545453,0.13564322306091547,1,1,0.0,1.0,3
4,VWAP重新站回多头,VWAP回归,2,False,aa0f629aa36160a5,REJECTED,False,活跃月份不足,38.312572330854614,False,0.3333333333333333,0.6666666666666666,3,1,0.3333333333333333,1.7126581552271538,0.1862924884014598,9.193382781684575,4.596691390842287,1.3400731784242343,0.3725849768029196,0.4466910594747448,0.45454545454545453,0.13564322306091547,1,1,0.0,1.0,3
4,VWAP重新站回多头,VWAP回归,3,False,26a99e238a647def,REJECTED,False,活跃月份不足|盈利因子不足|实际盈亏比不足|累计净R不足,-6.584481449389098,False,0.16666666666666666,0.6666666666666666,3,0,0.0,0.0,0.5528160483129699,0.0,0.0,-1.6584481449389097,1.6584481449389097,-0.5528160483129699,0.36363636363636365,0.0,1,0,-1.6584481449389097,0.0,3
4,VWAP重新站回多头,VWAP回归,4,False,0be19769fa48202e,REJECTED,False,活跃月份不足|盈利因子不足|实际盈亏比不足|累计净R不足,-6.584481449389098,False,0.16666666666666666,0.6666666666666666,3,0,0.0,0.0,0.5528160483129699,0.0,0.0,-1.6584481449389097,1.6584481449389097,-0.5528160483129699,0.36363636363636365,0.0,1,0,-1.6584481449389097,0.0,3
4,VWAP重新站回多头,VWAP回归,5,False,298210a7b800eac2,REJECTED,False,总交易不足|活跃月份不足|盈利因子不足|实际盈亏比不足|累计净R不足,7.074150231970806,False,0.16666666666666666,0.8,2,0,0.0,0.0,0.1862924884014598,0.0,0.0,-0.3725849768029196,0.3725849768029196,-0.1862924884014598,0.4,0.0,1,0,-0.3725849768029196,0.0,2
4,VWAP重新站回多头,VWAP回归,6,False,46dff95cb31bd3d5,REJECTED,False,总交易不足|活跃月份不足|盈利因子不足|实际盈亏比不足|累计净R不足,7.074150231970806,False,0.16666666666666666,0.8,2,0,0.0,0.0,0.1862924884014598,0.0,0.0,-0.3725849768029196,0.3725849768029196,-0.1862924884014598,0.4,0.0,1,0,-0.3725849768029196,0.0,2
4,VWAP重新站回多头,VWAP回归,7,False,9774ea16257d5cd2,REJECTED,False,总交易不足|活跃月份不足|盈利因子不足|实际盈亏比不足|累计净R不足,7.074150231970806,False,0.16666666666666666,0.8,2,0,0.0,0.0,0.1862924884014598,0.0,0.0,-0.3725849768029196,0.3725849768029196,-0.1862924884014598,0.4,0.0,1,0,-0.3725849768029196,0.0,2
4,VWAP重新站回多头,VWAP回归,8,False,58b9b10ae57a8b58,REJECTED,False,总交易不足|活跃月份不足|盈利因子不足|实际盈亏比不足|累计净R不足,7.074150231970806,False,0.16666666666666666,0.8,2,0,0.0,0.0,0.1862924884014598,0.0,0.0,-0.3725849768029196,0.3725849768029196,-0.1862924884014598,0.4,0.0,1,0,-0.3725849768029196,0.0,2
4,VWAP重新站回多头,VWAP回归,9,False,5b4971bbf58d15d5,REJECTED,False,总交易不足|活跃月份不足|盈利因子不足|实际盈亏比不足|累计净R不足,9.91496548001177,False,0.16666666666666666,1.0,1,0,0.0,0.0,0.18628122977660072,0.0,0.0,-0.18628122977660072,0.18628122977660072,-0.18628122977660072,0.4444444444444444,0.0,1,0,-0.18628122977660072,0.0,1
4,VWAP重新站回多头,VWAP回归,10,False,18e7a5b146fd36fc,REJECTED,False,总交易不足|活跃月份不足|盈利因子不足|实际盈亏比不足|累计净R不足,9.91496548001177,False,0.16666666666666666,1.0,1,0,0.0,0.0,0.18628122977660072,0.0,0.0,-0.18628122977660072,0.18628122977660072,-0.18628122977660072,0.4444444444444444,0.0,1,0,-0.18628122977660072,0.0,1
4,VWAP重新站回多头,VWAP回归,11,False,7db9db4338867fb3,REJECTED,False,总交易不足|活跃月份不足|盈利因子不足|实际盈亏比不足|累计净R不足,9.91496548001177,False,0.0,1.0,1,0,0.0,0.0,0.18628122977660072,0.0,0.0,-0.18628122977660072,0.18628122977660072,-0.18628122977660072,0.4444444444444444,0.0,1,0,-0.18628122977660072,0.0,1
4,VWAP重新站回多头,VWAP回归,12,False,fb576efda23317cb,REJECTED,False,总交易不足|活跃月份不足|盈利因子不足|实际盈亏比不足|累计净R不足,9.91496548001177,False,0.0,1.0,1,0,0.0,0.0,0.18628122977660072,0.0,0.0,-0.18628122977660072,0.18628122977660072,-0.18628122977660072,0.4444444444444444,0.0,1,0,-0.18628122977660072,0.0,1
4,VWAP重新站回多头,VWAP回归,13,False,74db85a652b976fe,REJECTED,False,总交易不足|活跃月份不足|盈利因子不足|实际盈亏比不足|累计净R不足,11.0,False,0.0,0.0,0,0,0.0,0.0,0.0,0.0,0.0,0.0,0.0,0.0,0.5,0.0,0,0,0.0,0.0,0
4,VWAP重新站回多头,VWAP回归,14,False,6d8cf0995be895d8,REJECTED,False,总交易不足|活跃月份不足|盈利因子不足|实际盈亏比不足|累计净R不足,11.0,False,0.0,0.0,0,0,0.0,0.0,0.0,0.0,0.0,0.0,0.0,0.0,0.5,0.0,0,0,0.0,0.0,0
4,VWAP重新站回多头,VWAP回归,15,False,2bb485ad53f1b58d,REJECTED,False,总交易不足|活跃月份不足|盈利因子不足|实际盈亏比不足|累计净R不足,11.0,False,0.0,0.0,0,0,0.0,0.0,0.0,0.0,0.0,0.0,0.0,0.0,0.5,0.0,0,0,0.0,0.0,0
4,VWAP重新站回多头,VWAP回归,16,False,f48ad30c4727934c,REJECTED,False,总交易不足|活跃月份不足|盈利因子不足|实际盈亏比不足|累计净R不足,11.0,False,0.0,0.0,0,0,0.0,0.0,0.0,0.0,0.0,0.0,0.0,0.0,0.5,0.0,0,0,0.0,0.0,0
4,VWAP重新站回多头,VWAP回归,17,False,e9be36a94f809f07,REJECTED,False,总交易不足|活跃月份不足|盈利因子不足|实际盈亏比不足|累计净R不足,11.0,False,0.0,0.0,0,0,0.0,0.0,0.0,0.0,0.0,0.0,0.0,0.0,0.5,0.0,0,0,0.0,0.0,0
4,VWAP重新站回多头,VWAP回归,18,False,11ecf72833588f60,REJECTED,False,总交易不足|活跃月份不足|盈利因子不足|实际盈亏比不足|累计净R不足,11.0,False,0.0,0.0,0,0,0.0,0.0,0.0,0.0,0.0,0.0,0.0,0.0,0.5,0.0,0,0,0.0,0.0,0
4,VWAP重新站回多头,VWAP回归,19,False,9745011aea034d6d,REJECTED,False,总交易不足|活跃月份不足|盈利因子不足|实际盈亏比不足|累计净R不足,11.0,False,0.0,0.0,0,0,0.0,0.0,0.0,0.0,0.0,0.0,0.0,0.0,0.5,0.0,0,0,0.0,0.0,0
4,VWAP重新站回多头,VWAP回归,20,False,f5ad4bb242e2fdda,REJECTED,False,总交易不足|活跃月份不足|盈利因子不足|实际盈亏比不足|累计净R不足,11.0,False,0.0,0.0,0,0,0.0,0.0,0.0,0.0,0.0,0.0,0.0,0.0,0.5,0.0,0,0,0.0,0.0,0
4,VWAP重新站回多头,VWAP回归,21,False,dcc5fdecebac0cb4,REJECTED,False,总交易不足|活跃月份不足|盈利因子不足|实际盈亏比不足|累计净R不足,11.0,False,0.0,0.0,0,0,0.0,0.0,0.0,0.0,0.0,0.0,0.0,0.0,0.5,0.0,0,0,0.0,0.0,0
4,VWAP重新站回多头,VWAP回归,22,False,7728bd935aa6cb34,REJECTED,False,总交易不足|活跃月份不足|盈利因子不足|实际盈亏比不足|累计净R不足,11.0,False,0.0,0.0,0,0,0.0,0.0,0.0,0.0,0.0,0.0,0.0,0.0,0.5,0.0,0,0,0.0,0.0,0
4,VWAP重新站回多头,VWAP回归,23,False,5458a2668258b600,REJECTED,False,总交易不足|活跃月份不足|盈利因子不足|实际盈亏比不足|累计净R不足,11.0,False,0.0,0.0,0,0,0.0,0.0,0.0,0.0,0.0,0.0,0.0,0.0,0.5,0.0,0,0,0.0,0.0,0
4,VWAP重新站回多头,VWAP回归,24,False,70b4df34f7cf66d0,REJECTED,False,总交易不足|活跃月份不足|盈利因子不足|实际盈亏比不足|累计净R不足,11.0,False,0.0,0.0,0,0,0.0,0.0,0.0,0.0,0.0,0.0,0.0,0.0,0.5,0.0,0,0,0.0,0.0,0
5,VWAP反抽失败空头,VWAP回归,1,True,eac17b2dead99d38,REJECTED,False,总交易不足|活跃月份不足|盈利因子不足|实际盈亏比不足|累计净R不足,-1.08964838472769,False,0.0,1.0,1,0,0.0,0.0,1.2867426162505466,0.0,0.0,-1.2867426162505466,1.2867426162505466,-1.2867426162505466,0.4444444444444444,0.0,1,0,-1.2867426162505466,0.0,1
5,VWAP反抽失败空头,VWAP回归,2,False,306c42f9c1858a23,REJECTED,False,总交易不足|活跃月份不足|盈利因子不足|实际盈亏比不足|累计净R不足,-1.08964838472769,False,0.0,1.0,1,0,0.0,0.0,1.2867426162505466,0.0,0.0,-1.2867426162505466,1.2867426162505466,-1.2867426162505466,0.4444444444444444,0.0,1,0,-1.2867426162505466,0.0,1
5,VWAP反抽失败空头,VWAP回归,3,False,412c68cb1d42cd50,REJECTED,False,总交易不足|活跃月份不足|盈利因子不足|实际盈亏比不足|累计净R不足,-1.459020150891452,False,0.0,1.0,1,0,0.0,0.0,1.3236797928669228,0.0,0.0,-1.3236797928669228,1.3236797928669228,-1.3236797928669228,0.4444444444444444,0.0,1,0,-1.3236797928669228,0.0,1
5,VWAP反抽失败空头,VWAP回归,4,False,6fb1dc1a93c8a1ca,REJECTED,False,总交易不足|活跃月份不足|盈利因子不足|实际盈亏比不足|累计净R不足,-1.459020150891452,False,0.0,1.0,1,0,0.0,0.0,1.3236797928669228,0.0,0.0,-1.3236797928669228,1.3236797928669228,-1.3236797928669228,0.4444444444444444,0.0,1,0,-1.3236797928669228,0.0,1
5,VWAP反抽失败空头,VWAP回归,5,False,5655b17286c3ce0d,REJECTED,False,总交易不足|活跃月份不足|盈利因子不足|实际盈亏比不足|累计净R不足,-1.08964838472769,False,0.0,0.8,1,0,0.0,0.0,1.2867426162505466,0.0,0.0,-1.2867426162505466,1.2867426162505466,-1.2867426162505466,0.4444444444444444,0.0,1,0,-1.2867426162505466,0.0,1
5,VWAP反抽失败空头,VWAP回归,6,False,839698bfddea7a8a,REJECTED,False,总交易不足|活跃月份不足|盈利因子不足|实际盈亏比不足|累计净R不足,-1.08964838472769,False,0.0,0.8,1,0,0.0,0.0,1.2867426162505466,0.0,0.0,-1.2867426162505466,1.2867426162505466,-1.2867426162505466,0.4444444444444444,0.0,1,0,-1.2867426162505466,0.0,1
5,VWAP反抽失败空头,VWAP回归,7,False,e86927c904eeb0d8,REJECTED,False,总交易不足|活跃月份不足|盈利因子不足|实际盈亏比不足|累计净R不足,-1.08964838472769,False,0.0,0.8,1,0,0.0,0.0,1.2867426162505466,0.0,0.0,-1.2867426162505466,1.2867426162505466,-1.2867426162505466,0.4444444444444444,0.0,1,0,-1.2867426162505466,0.0,1
5,VWAP反抽失败空头,VWAP回归,8,False,edac71544b92f79f,REJECTED,False,总交易不足|活跃月份不足|盈利因子不足|实际盈亏比不足|累计净R不足,-1.08964838472769,False,0.0,0.8,1,0,0.0,0.0,1.2867426162505466,0.0,0.0,-1.2867426162505466,1.2867426162505466,-1.2867426162505466,0.4444444444444444,0.0,1,0,-1.2867426162505466,0.0,1
5,VWAP反抽失败空头,VWAP回归,9,False,950fcba6dff5b41c,REJECTED,False,总交易不足|活跃月份不足|盈利因子不足|实际盈亏比不足|累计净R不足,-1.459020150891452,False,0.0,0.8,1,0,0.0,0.0,1.3236797928669228,0.0,0.0,-1.3236797928669228,1.3236797928669228,-1.3236797928669228,0.4444444444444444,0.0,1,0,-1.3236797928669228,0.0,1
5,VWAP反抽失败空头,VWAP回归,10,False,587c65808a002d9d,REJECTED,False,总交易不足|活跃月份不足|盈利因子不足|实际盈亏比不足|累计净R不足,-1.459020150891452,False,0.0,0.8,1,0,0.0,0.0,1.3236797928669228,0.0,0.0,-1.3236797928669228,1.3236797928669228,-1.3236797928669228,0.4444444444444444,0.0,1,0,-1.3236797928669228,0.0,1
5,VWAP反抽失败空头,VWAP回归,11,False,4c5c785d83d3d462,REJECTED,False,总交易不足|活跃月份不足|盈利因子不足|实际盈亏比不足|累计净R不足,-1.459020150891452,False,0.0,0.8,1,0,0.0,0.0,1.3236797928669228,0.0,0.0,-1.3236797928669228,1.3236797928669228,-1.3236797928669228,0.4444444444444444,0.0,1,0,-1.3236797928669228,0.0,1
5,VWAP反抽失败空头,VWAP回归,12,False,da625c017c805797,REJECTED,False,总交易不足|活跃月份不足|盈利因子不足|实际盈亏比不足|累计净R不足,-1.459020150891452,False,0.0,0.8,1,0,0.0,0.0,1.3236797928669228,0.0,0.0,-1.3236797928669228,1.3236797928669228,-1.3236797928669228,0.4444444444444444,0.0,1,0,-1.3236797928669228,0.0,1
5,VWAP反抽失败空头,VWAP回归,13,False,35c08857a5339946,REJECTED,False,总交易不足|活跃月份不足|盈利因子不足|实际盈亏比不足|累计净R不足,11.0,False,0.0,0.0,0,0,0.0,0.0,0.0,0.0,0.0,0.0,0.0,0.0,0.5,0.0,0,0,0.0,0.0,0
5,VWAP反抽失败空头,VWAP回归,14,False,91d2bfce0131e3b0,REJECTED,False,总交易不足|活跃月份不足|盈利因子不足|实际盈亏比不足|累计净R不足,11.0,False,0.0,0.0,0,0,0.0,0.0,0.0,0.0,0.0,0.0,0.0,0.0,0.5,0.0,0,0,0.0,0.0,0
5,VWAP反抽失败空头,VWAP回归,15,False,fe1bc59711cf5a74,REJECTED,False,总交易不足|活跃月份不足|盈利因子不足|实际盈亏比不足|累计净R不足,11.0,False,0.0,0.0,0,0,0.0,0.0,0.0,0.0,0.0,0.0,0.0,0.0,0.5,0.0,0,0,0.0,0.0,0
5,VWAP反抽失败空头,VWAP回归,16,False,6075ab1dc1841762,REJECTED,False,总交易不足|活跃月份不足|盈利因子不足|实际盈亏比不足|累计净R不足,11.0,False,0.0,0.0,0,0,0.0,0.0,0.0,0.0,0.0,0.0,0.0,0.0,0.5,0.0,0,0,0.0,0.0,0
5,VWAP反抽失败空头,VWAP回归,17,False,ffd7477197e57300,REJECTED,False,总交易不足|活跃月份不足|盈利因子不足|实际盈亏比不足|累计净R不足,11.0,False,0.0,0.0,0,0,0.0,0.0,0.0,0.0,0.0,0.0,0.0,0.0,0.5,0.0,0,0,0.0,0.0,0
5,VWAP反抽失败空头,VWAP回归,18,False,ce6ed24e9b3ecb92,REJECTED,False,总交易不足|活跃月份不足|盈利因子不足|实际盈亏比不足|累计净R不足,11.0,False,0.0,0.0,0,0,0.0,0.0,0.0,0.0,0.0,0.0,0.0,0.0,0.5,0.0,0,0,0.0,0.0,0
5,VWAP反抽失败空头,VWAP回归,19,False,d49708ba93a855d7,REJECTED,False,总交易不足|活跃月份不足|盈利因子不足|实际盈亏比不足|累计净R不足,11.0,False,0.0,0.0,0,0,0.0,0.0,0.0,0.0,0.0,0.0,0.0,0.0,0.5,0.0,0,0,0.0,0.0,0
5,VWAP反抽失败空头,VWAP回归,20,False,9059811f907e0406,REJECTED,False,总交易不足|活跃月份不足|盈利因子不足|实际盈亏比不足|累计净R不足,11.0,False,0.0,0.0,0,0,0.0,0.0,0.0,0.0,0.0,0.0,0.0,0.0,0.5,0.0,0,0,0.0,0.0,0
5,VWAP反抽失败空头,VWAP回归,21,False,77e387fdd0a9ef5b,REJECTED,False,总交易不足|活跃月份不足|盈利因子不足|实际盈亏比不足|累计净R不足,11.0,False,0.0,0.0,0,0,0.0,0.0,0.0,0.0,0.0,0.0,0.0,0.0,0.5,0.0,0,0,0.0,0.0,0
5,VWAP反抽失败空头,VWAP回归,22,False,edb27b160c264c0d,REJECTED,False,总交易不足|活跃月份不足|盈利因子不足|实际盈亏比不足|累计净R不足,11.0,False,0.0,0.0,0,0,0.0,0.0,0.0,0.0,0.0,0.0,0.0,0.0,0.5,0.0,0,0,0.0,0.0,0
5,VWAP反抽失败空头,VWAP回归,23,False,3a2dc9c585cdfef6,REJECTED,False,总交易不足|活跃月份不足|盈利因子不足|实际盈亏比不足|累计净R不足,11.0,False,0.0,0.0,0,0,0.0,0.0,0.0,0.0,0.0,0.0,0.0,0.0,0.5,0.0,0,0,0.0,0.0,0
5,VWAP反抽失败空头,VWAP回归,24,False,1fa125134de50e2e,REJECTED,False,总交易不足|活跃月份不足|盈利因子不足|实际盈亏比不足|累计净R不足,11.0,False,0.0,0.0,0,0,0.0,0.0,0.0,0.0,0.0,0.0,0.0,0.0,0.5,0.0,0,0,0.0,0.0,0
6,阻力转支撑确认多头,结构角色转换,1,True,39f3e3b0e2915467,REJECTED,False,总交易不足|活跃月份不足|盈利因子不足|实际盈亏比不足|累计净R不足,11.0,False,0.0,0.0,0,0,0.0,0.0,0.0,0.0,0.0,0.0,0.0,0.0,0.5,0.0,0,0,0.0,0.0,0
6,阻力转支撑确认多头,结构角色转换,2,False,a815f5ada34278e4,REJECTED,False,总交易不足|活跃月份不足|盈利因子不足|实际盈亏比不足|累计净R不足,11.0,False,0.0,0.0,0,0,0.0,0.0,0.0,0.0,0.0,0.0,0.0,0.0,0.5,0.0,0,0,0.0,0.0,0
6,阻力转支撑确认多头,结构角色转换,3,False,7f22cc33029aa8f2,REJECTED,False,总交易不足|活跃月份不足|盈利因子不足|实际盈亏比不足|累计净R不足,11.0,False,0.0,0.0,0,0,0.0,0.0,0.0,0.0,0.0,0.0,0.0,0.0,0.5,0.0,0,0,0.0,0.0,0
6,阻力转支撑确认多头,结构角色转换,4,False,4f6f850c1d679ff7,REJECTED,False,总交易不足|活跃月份不足|盈利因子不足|实际盈亏比不足|累计净R不足,11.0,False,0.0,0.0,0,0,0.0,0.0,0.0,0.0,0.0,0.0,0.0,0.0,0.5,0.0,0,0,0.0,0.0,0
6,阻力转支撑确认多头,结构角色转换,5,False,daf4a1d0f2583c09,REJECTED,False,总交易不足|活跃月份不足|盈利因子不足|实际盈亏比不足|累计净R不足,11.0,False,0.0,0.0,0,0,0.0,0.0,0.0,0.0,0.0,0.0,0.0,0.0,0.5,0.0,0,0,0.0,0.0,0
6,阻力转支撑确认多头,结构角色转换,6,False,eaab0e44b14f6769,REJECTED,False,总交易不足|活跃月份不足|盈利因子不足|实际盈亏比不足|累计净R不足,11.0,False,0.0,0.0,0,0,0.0,0.0,0.0,0.0,0.0,0.0,0.0,0.0,0.5,0.0,0,0,0.0,0.0,0
6,阻力转支撑确认多头,结构角色转换,7,False,a2145ff9fe6c8929,REJECTED,False,总交易不足|活跃月份不足|盈利因子不足|实际盈亏比不足|累计净R不足,11.0,False,0.0,0.0,0,0,0.0,0.0,0.0,0.0,0.0,0.0,0.0,0.0,0.5,0.0,0,0,0.0,0.0,0
6,阻力转支撑确认多头,结构角色转换,8,False,7d56e668b2ff53c0,REJECTED,False,总交易不足|活跃月份不足|盈利因子不足|实际盈亏比不足|累计净R不足,11.0,False,0.0,0.0,0,0,0.0,0.0,0.0,0.0,0.0,0.0,0.0,0.0,0.5,0.0,0,0,0.0,0.0,0
6,阻力转支撑确认多头,结构角色转换,9,False,43bbfe94d8be0054,REJECTED,False,总交易不足|活跃月份不足|盈利因子不足|实际盈亏比不足|累计净R不足,11.0,False,0.0,0.0,0,0,0.0,0.0,0.0,0.0,0.0,0.0,0.0,0.0,0.5,0.0,0,0,0.0,0.0,0
6,阻力转支撑确认多头,结构角色转换,10,False,e4ab1991b12d22af,REJECTED,False,总交易不足|活跃月份不足|盈利因子不足|实际盈亏比不足|累计净R不足,11.0,False,0.0,0.0,0,0,0.0,0.0,0.0,0.0,0.0,0.0,0.0,0.0,0.5,0.0,0,0,0.0,0.0,0
6,阻力转支撑确认多头,结构角色转换,11,False,9f3ed5f1f1869ea5,REJECTED,False,总交易不足|活跃月份不足|盈利因子不足|实际盈亏比不足|累计净R不足,11.0,False,0.0,0.0,0,0,0.0,0.0,0.0,0.0,0.0,0.0,0.0,0.0,0.5,0.0,0,0,0.0,0.0,0
6,阻力转支撑确认多头,结构角色转换,12,False,a1a2f31ef3c6aa9d,REJECTED,False,总交易不足|活跃月份不足|盈利因子不足|实际盈亏比不足|累计净R不足,11.0,False,0.0,0.0,0,0,0.0,0.0,0.0,0.0,0.0,0.0,0.0,0.0,0.5,0.0,0,0,0.0,0.0,0
6,阻力转支撑确认多头,结构角色转换,13,False,6008f4b379d39576,REJECTED,False,总交易不足|活跃月份不足|盈利因子不足|实际盈亏比不足|累计净R不足,11.0,False,0.0,0.0,0,0,0.0,0.0,0.0,0.0,0.0,0.0,0.0,0.0,0.5,0.0,0,0,0.0,0.0,0
6,阻力转支撑确认多头,结构角色转换,14,False,28369e607d782cc7,REJECTED,False,总交易不足|活跃月份不足|盈利因子不足|实际盈亏比不足|累计净R不足,11.0,False,0.0,0.0,0,0,0.0,0.0,0.0,0.0,0.0,0.0,0.0,0.0,0.5,0.0,0,0,0.0,0.0,0
6,阻力转支撑确认多头,结构角色转换,15,False,7d31d91f2a4109c2,REJECTED,False,总交易不足|活跃月份不足|盈利因子不足|实际盈亏比不足|累计净R不足,11.0,False,0.0,0.0,0,0,0.0,0.0,0.0,0.0,0.0,0.0,0.0,0.0,0.5,0.0,0,0,0.0,0.0,0
6,阻力转支撑确认多头,结构角色转换,16,False,dc61db7c15828ed1,REJECTED,False,总交易不足|活跃月份不足|盈利因子不足|实际盈亏比不足|累计净R不足,11.0,False,0.0,0.0,0,0,0.0,0.0,0.0,0.0,0.0,0.0,0.0,0.0,0.5,0.0,0,0,0.0,0.0,0
6,阻力转支撑确认多头,结构角色转换,17,False,aad507ad8714303b,REJECTED,False,总交易不足|活跃月份不足|盈利因子不足|实际盈亏比不足|累计净R不足,11.0,False,0.0,0.0,0,0,0.0,0.0,0.0,0.0,0.0,0.0,0.0,0.0,0.5,0.0,0,0,0.0,0.0,0
6,阻力转支撑确认多头,结构角色转换,18,False,e103a50100b451d3,REJECTED,False,总交易不足|活跃月份不足|盈利因子不足|实际盈亏比不足|累计净R不足,11.0,False,0.0,0.0,0,0,0.0,0.0,0.0,0.0,0.0,0.0,0.0,0.0,0.5,0.0,0,0,0.0,0.0,0
6,阻力转支撑确认多头,结构角色转换,19,False,8ecb6b709036e70f,REJECTED,False,总交易不足|活跃月份不足|盈利因子不足|实际盈亏比不足|累计净R不足,11.0,False,0.0,0.0,0,0,0.0,0.0,0.0,0.0,0.0,0.0,0.0,0.0,0.5,0.0,0,0,0.0,0.0,0
6,阻力转支撑确认多头,结构角色转换,20,False,1f61d03b493d0eb1,REJECTED,False,总交易不足|活跃月份不足|盈利因子不足|实际盈亏比不足|累计净R不足,11.0,False,0.0,0.0,0,0,0.0,0.0,0.0,0.0,0.0,0.0,0.0,0.0,0.5,0.0,0,0,0.0,0.0,0
6,阻力转支撑确认多头,结构角色转换,21,False,39e084336026a0ef,REJECTED,False,总交易不足|活跃月份不足|盈利因子不足|实际盈亏比不足|累计净R不足,11.0,False,0.0,0.0,0,0,0.0,0.0,0.0,0.0,0.0,0.0,0.0,0.0,0.5,0.0,0,0,0.0,0.0,0
6,阻力转支撑确认多头,结构角色转换,22,False,64e4cb265e9e3974,REJECTED,False,总交易不足|活跃月份不足|盈利因子不足|实际盈亏比不足|累计净R不足,11.0,False,0.0,0.0,0,0,0.0,0.0,0.0,0.0,0.0,0.0,0.0,0.0,0.5,0.0,0,0,0.0,0.0,0
6,阻力转支撑确认多头,结构角色转换,23,False,a4c122ef5e4c6912,REJECTED,False,总交易不足|活跃月份不足|盈利因子不足|实际盈亏比不足|累计净R不足,11.0,False,0.0,0.0,0,0,0.0,0.0,0.0,0.0,0.0,0.0,0.0,0.0,0.5,0.0,0,0,0.0,0.0,0
6,阻力转支撑确认多头,结构角色转换,24,False,8d38d41dafcce7bc,REJECTED,False,总交易不足|活跃月份不足|盈利因子不足|实际盈亏比不足|累计净R不足,11.0,False,0.0,0.0,0,0,0.0,0.0,0.0,0.0,0.0,0.0,0.0,0.0,0.5,0.0,0,0,0.0,0.0,0
7,支撑转阻力确认空头,结构角色转换,1,True,7dd21da10b8889b6,REJECTED,False,活跃月份不足|盈利因子不足|实际盈亏比不足|累计净R不足|最差月份亏损过大,-27.841208668449802,False,0.0,0.5333333333333333,3,0,0.0,0.0,1.26137362228166,0.0,0.0,-3.78412086684498,3.78412086684498,-1.26137362228166,0.36363636363636365,0.0,1,0,-3.78412086684498,0.0,3
7,支撑转阻力确认空头,结构角色转换,2,False,bdf7c9006a862bc7,REJECTED,False,活跃月份不足|盈利因子不足|实际盈亏比不足|累计净R不足|最差月份亏损过大,-27.841208668449802,False,0.0,0.5333333333333333,3,0,0.0,0.0,1.26137362228166,0.0,0.0,-3.78412086684498,3.78412086684498,-1.26137362228166,0.36363636363636365,0.0,1,0,-3.78412086684498,0.0,3
7,支撑转阻力确认空头,结构角色转换,3,False,a6161b2da90480d4,REJECTED,False,总交易不足|活跃月份不足|盈利因子不足|实际盈亏比不足|累计净R不足|最差月份亏损过大,-14.935188222166099,False,0.0,0.8,2,0,0.0,0.0,1.286759411108305,0.0,0.0,-2.57351882221661,2.57351882221661,-1.286759411108305,0.4,0.0,1,0,-2.57351882221661,0.0,2
7,支撑转阻力确认空头,结构角色转换,4,False,e14b65649df972b9,REJECTED,False,总交易不足|活跃月份不足|盈利因子不足|实际盈亏比不足|累计净R不足|最差月份亏损过大,-14.935188222166099,False,0.0,0.8,2,0,0.0,0.0,1.286759411108305,0.0,0.0,-2.57351882221661,2.57351882221661,-1.286759411108305,0.4,0.0,1,0,-2.57351882221661,0.0,2
7,支撑转阻力确认空头,结构角色转换,5,False,311b219248837009,REJECTED,False,总交易不足|活跃月份不足|盈利因子不足|实际盈亏比不足|累计净R不足,-1.089694037156352,False,0.0,0.8,1,0,0.0,0.0,1.2867471814934128,0.0,0.0,-1.2867471814934128,1.2867471814934128,-1.2867471814934128,0.4444444444444444,0.0,1,0,-1.2867471814934128,0.0,1
7,支撑转阻力确认空头,结构角色转换,6,False,f4ee20fd238b762e,REJECTED,False,总交易不足|活跃月份不足|盈利因子不足|实际盈亏比不足|累计净R不足,-1.089694037156352,False,0.0,0.8,1,0,0.0,0.0,1.2867471814934128,0.0,0.0,-1.2867471814934128,1.2867471814934128,-1.2867471814934128,0.4444444444444444,0.0,1,0,-1.2867471814934128,0.0,1
7,支撑转阻力确认空头,结构角色转换,7,False,174e74ff24ab77a4,REJECTED,False,总交易不足|活跃月份不足|盈利因子不足|实际盈亏比不足|累计净R不足,11.0,False,0.0,0.0,0,0,0.0,0.0,0.0,0.0,0.0,0.0,0.0,0.0,0.5,0.0,0,0,0.0,0.0,0
7,支撑转阻力确认空头,结构角色转换,8,False,ca6e959f8983d85a,REJECTED,False,总交易不足|活跃月份不足|盈利因子不足|实际盈亏比不足|累计净R不足,11.0,False,0.0,0.0,0,0,0.0,0.0,0.0,0.0,0.0,0.0,0.0,0.0,0.5,0.0,0,0,0.0,0.0,0
7,支撑转阻力确认空头,结构角色转换,9,False,cc68c773ec423d0e,REJECTED,False,总交易不足|活跃月份不足|盈利因子不足|实际盈亏比不足|累计净R不足,11.0,False,0.0,0.0,0,0,0.0,0.0,0.0,0.0,0.0,0.0,0.0,0.0,0.5,0.0,0,0,0.0,0.0,0
7,支撑转阻力确认空头,结构角色转换,10,False,f2dcea7c5adb7e2e,REJECTED,False,总交易不足|活跃月份不足|盈利因子不足|实际盈亏比不足|累计净R不足,11.0,False,0.0,0.0,0,0,0.0,0.0,0.0,0.0,0.0,0.0,0.0,0.0,0.5,0.0,0,0,0.0,0.0,0
7,支撑转阻力确认空头,结构角色转换,11,False,2e89cb553e79fafb,REJECTED,False,总交易不足|活跃月份不足|盈利因子不足|实际盈亏比不足|累计净R不足,11.0,False,0.0,0.0,0,0,0.0,0.0,0.0,0.0,0.0,0.0,0.0,0.0,0.5,0.0,0,0,0.0,0.0,0
7,支撑转阻力确认空头,结构角色转换,12,False,89057dfd9e039464,REJECTED,False,总交易不足|活跃月份不足|盈利因子不足|实际盈亏比不足|累计净R不足,11.0,False,0.0,0.0,0,0,0.0,0.0,0.0,0.0,0.0,0.0,0.0,0.0,0.5,0.0,0,0,0.0,0.0,0
7,支撑转阻力确认空头,结构角色转换,13,False,141df2f1a99d3f95,REJECTED,False,总交易不足|活跃月份不足|盈利因子不足|实际盈亏比不足|累计净R不足,11.0,False,0.0,0.0,0,0,0.0,0.0,0.0,0.0,0.0,0.0,0.0,0.0,0.5,0.0,0,0,0.0,0.0,0
7,支撑转阻力确认空头,结构角色转换,14,False,16562d147034a1a4,REJECTED,False,总交易不足|活跃月份不足|盈利因子不足|实际盈亏比不足|累计净R不足,11.0,False,0.0,0.0,0,0,0.0,0.0,0.0,0.0,0.0,0.0,0.0,0.0,0.5,0.0,0,0,0.0,0.0,0
7,支撑转阻力确认空头,结构角色转换,15,False,99f365916eeb7d1e,REJECTED,False,总交易不足|活跃月份不足|盈利因子不足|实际盈亏比不足|累计净R不足,11.0,False,0.0,0.0,0,0,0.0,0.0,0.0,0.0,0.0,0.0,0.0,0.0,0.5,0.0,0,0,0.0,0.0,0
7,支撑转阻力确认空头,结构角色转换,16,False,c05ea5fb1e5bbcf4,REJECTED,False,总交易不足|活跃月份不足|盈利因子不足|实际盈亏比不足|累计净R不足,11.0,False,0.0,0.0,0,0,0.0,0.0,0.0,0.0,0.0,0.0,0.0,0.0,0.5,0.0,0,0,0.0,0.0,0
7,支撑转阻力确认空头,结构角色转换,17,False,f25ef927b7acfc67,REJECTED,False,总交易不足|活跃月份不足|盈利因子不足|实际盈亏比不足|累计净R不足,11.0,False,0.0,0.0,0,0,0.0,0.0,0.0,0.0,0.0,0.0,0.0,0.0,0.5,0.0,0,0,0.0,0.0,0
7,支撑转阻力确认空头,结构角色转换,18,False,ea6ff43e81c64dde,REJECTED,False,总交易不足|活跃月份不足|盈利因子不足|实际盈亏比不足|累计净R不足,11.0,False,0.0,0.0,0,0,0.0,0.0,0.0,0.0,0.0,0.0,0.0,0.0,0.5,0.0,0,0,0.0,0.0,0
7,支撑转阻力确认空头,结构角色转换,19,False,defd5f8013d3c363,REJECTED,False,总交易不足|活跃月份不足|盈利因子不足|实际盈亏比不足|累计净R不足,11.0,False,0.0,0.0,0,0,0.0,0.0,0.0,0.0,0.0,0.0,0.0,0.0,0.5,0.0,0,0,0.0,0.0,0
7,支撑转阻力确认空头,结构角色转换,20,False,6833679ce2f62e07,REJECTED,False,总交易不足|活跃月份不足|盈利因子不足|实际盈亏比不足|累计净R不足,11.0,False,0.0,0.0,0,0,0.0,0.0,0.0,0.0,0.0,0.0,0.0,0.0,0.5,0.0,0,0,0.0,0.0,0
7,支撑转阻力确认空头,结构角色转换,21,False,5766246358849c54,REJECTED,False,总交易不足|活跃月份不足|盈利因子不足|实际盈亏比不足|累计净R不足,11.0,False,0.0,0.0,0,0,0.0,0.0,0.0,0.0,0.0,0.0,0.0,0.0,0.5,0.0,0,0,0.0,0.0,0
7,支撑转阻力确认空头,结构角色转换,22,False,9095c66b6759e169,REJECTED,False,总交易不足|活跃月份不足|盈利因子不足|实际盈亏比不足|累计净R不足,11.0,False,0.0,0.0,0,0,0.0,0.0,0.0,0.0,0.0,0.0,0.0,0.0,0.5,0.0,0,0,0.0,0.0,0
7,支撑转阻力确认空头,结构角色转换,23,False,4a47a41627c6eb0a,REJECTED,False,总交易不足|活跃月份不足|盈利因子不足|实际盈亏比不足|累计净R不足,11.0,False,0.0,0.0,0,0,0.0,0.0,0.0,0.0,0.0,0.0,0.0,0.0,0.5,0.0,0,0,0.0,0.0,0
7,支撑转阻力确认空头,结构角色转换,24,False,f2f5bc170391c41e,REJECTED,False,总交易不足|活跃月份不足|盈利因子不足|实际盈亏比不足|累计净R不足,11.0,False,0.0,0.0,0,0,0.0,0.0,0.0,0.0,0.0,0.0,0.0,0.0,0.5,0.0,0,0,0.0,0.0,0
8,缩量回踩恢复多头,量价回踩,1,True,612581c35b84da3c,REJECTED,False,总交易不足|活跃月份不足|盈利因子不足|实际盈亏比不足|累计净R不足,11.0,False,0.0,0.0,0,0,0.0,0.0,0.0,0.0,0.0,0.0,0.0,0.0,0.5,0.0,0,0,0.0,0.0,0
8,缩量回踩恢复多头,量价回踩,2,False,aa54a7239c7aa8a9,REJECTED,False,总交易不足|活跃月份不足|盈利因子不足|实际盈亏比不足|累计净R不足,11.0,False,0.0,0.0,0,0,0.0,0.0,0.0,0.0,0.0,0.0,0.0,0.0,0.5,0.0,0,0,0.0,0.0,0
8,缩量回踩恢复多头,量价回踩,3,False,3212e18d00c285b9,REJECTED,False,总交易不足|活跃月份不足|盈利因子不足|实际盈亏比不足|累计净R不足,11.0,False,0.0,0.0,0,0,0.0,0.0,0.0,0.0,0.0,0.0,0.0,0.0,0.5,0.0,0,0,0.0,0.0,0
8,缩量回踩恢复多头,量价回踩,4,False,61f9ce28dd095693,REJECTED,False,总交易不足|活跃月份不足|盈利因子不足|实际盈亏比不足|累计净R不足,11.0,False,0.0,0.0,0,0,0.0,0.0,0.0,0.0,0.0,0.0,0.0,0.0,0.5,0.0,0,0,0.0,0.0,0
8,缩量回踩恢复多头,量价回踩,5,False,d1c0ca1b293633a0,REJECTED,False,总交易不足|活跃月份不足|盈利因子不足|实际盈亏比不足|累计净R不足,11.0,False,0.0,0.0,0,0,0.0,0.0,0.0,0.0,0.0,0.0,0.0,0.0,0.5,0.0,0,0,0.0,0.0,0
8,缩量回踩恢复多头,量价回踩,6,False,b242a1299adc94f7,REJECTED,False,总交易不足|活跃月份不足|盈利因子不足|实际盈亏比不足|累计净R不足,11.0,False,0.0,0.0,0,0,0.0,0.0,0.0,0.0,0.0,0.0,0.0,0.0,0.5,0.0,0,0,0.0,0.0,0
8,缩量回踩恢复多头,量价回踩,7,False,7182c8274cf188ad,REJECTED,False,总交易不足|活跃月份不足|盈利因子不足|实际盈亏比不足|累计净R不足,11.0,False,0.0,0.0,0,0,0.0,0.0,0.0,0.0,0.0,0.0,0.0,0.0,0.5,0.0,0,0,0.0,0.0,0
8,缩量回踩恢复多头,量价回踩,8,False,22ea1de5a25b4a10,REJECTED,False,总交易不足|活跃月份不足|盈利因子不足|实际盈亏比不足|累计净R不足,11.0,False,0.0,0.0,0,0,0.0,0.0,0.0,0.0,0.0,0.0,0.0,0.0,0.5,0.0,0,0,0.0,0.0,0
8,缩量回踩恢复多头,量价回踩,9,False,775bb5fcb5f99e8b,REJECTED,False,总交易不足|活跃月份不足|盈利因子不足|实际盈亏比不足|累计净R不足,11.0,False,0.0,0.0,0,0,0.0,0.0,0.0,0.0,0.0,0.0,0.0,0.0,0.5,0.0,0,0,0.0,0.0,0
8,缩量回踩恢复多头,量价回踩,10,False,9ab1b7c6f8362706,REJECTED,False,总交易不足|活跃月份不足|盈利因子不足|实际盈亏比不足|累计净R不足,11.0,False,0.0,0.0,0,0,0.0,0.0,0.0,0.0,0.0,0.0,0.0,0.0,0.5,0.0,0,0,0.0,0.0,0
8,缩量回踩恢复多头,量价回踩,11,False,edff78a61b1389c1,REJECTED,False,总交易不足|活跃月份不足|盈利因子不足|实际盈亏比不足|累计净R不足,11.0,False,0.0,0.0,0,0,0.0,0.0,0.0,0.0,0.0,0.0,0.0,0.0,0.5,0.0,0,0,0.0,0.0,0
8,缩量回踩恢复多头,量价回踩,12,False,97c5f7b32e92acc7,REJECTED,False,总交易不足|活跃月份不足|盈利因子不足|实际盈亏比不足|累计净R不足,11.0,False,0.0,0.0,0,0,0.0,0.0,0.0,0.0,0.0,0.0,0.0,0.0,0.5,0.0,0,0,0.0,0.0,0
8,缩量回踩恢复多头,量价回踩,13,False,2bc5f4bf063dcb5c,REJECTED,False,总交易不足|活跃月份不足|盈利因子不足|实际盈亏比不足|累计净R不足,11.0,False,0.0,0.0,0,0,0.0,0.0,0.0,0.0,0.0,0.0,0.0,0.0,0.5,0.0,0,0,0.0,0.0,0
8,缩量回踩恢复多头,量价回踩,14,False,3b8d5eca055e2c9b,REJECTED,False,总交易不足|活跃月份不足|盈利因子不足|实际盈亏比不足|累计净R不足,11.0,False,0.0,0.0,0,0,0.0,0.0,0.0,0.0,0.0,0.0,0.0,0.0,0.5,0.0,0,0,0.0,0.0,0
8,缩量回踩恢复多头,量价回踩,15,False,14d5896208489716,REJECTED,False,总交易不足|活跃月份不足|盈利因子不足|实际盈亏比不足|累计净R不足,11.0,False,0.0,0.0,0,0,0.0,0.0,0.0,0.0,0.0,0.0,0.0,0.0,0.5,0.0,0,0,0.0,0.0,0
8,缩量回踩恢复多头,量价回踩,16,False,66b0161a6024af9b,REJECTED,False,总交易不足|活跃月份不足|盈利因子不足|实际盈亏比不足|累计净R不足,11.0,False,0.0,0.0,0,0,0.0,0.0,0.0,0.0,0.0,0.0,0.0,0.0,0.5,0.0,0,0,0.0,0.0,0
8,缩量回踩恢复多头,量价回踩,17,False,aa3156c338276a27,REJECTED,False,总交易不足|活跃月份不足|盈利因子不足|实际盈亏比不足|累计净R不足,11.0,False,0.0,0.0,0,0,0.0,0.0,0.0,0.0,0.0,0.0,0.0,0.0,0.5,0.0,0,0,0.0,0.0,0
8,缩量回踩恢复多头,量价回踩,18,False,da7d44faff87b5f3,REJECTED,False,总交易不足|活跃月份不足|盈利因子不足|实际盈亏比不足|累计净R不足,11.0,False,0.0,0.0,0,0,0.0,0.0,0.0,0.0,0.0,0.0,0.0,0.0,0.5,0.0,0,0,0.0,0.0,0
8,缩量回踩恢复多头,量价回踩,19,False,e9df1229c583db0e,REJECTED,False,总交易不足|活跃月份不足|盈利因子不足|实际盈亏比不足|累计净R不足,11.0,False,0.0,0.0,0,0,0.0,0.0,0.0,0.0,0.0,0.0,0.0,0.0,0.5,0.0,0,0,0.0,0.0,0
8,缩量回踩恢复多头,量价回踩,20,False,f6847d5aa191a960,REJECTED,False,总交易不足|活跃月份不足|盈利因子不足|实际盈亏比不足|累计净R不足,11.0,False,0.0,0.0,0,0,0.0,0.0,0.0,0.0,0.0,0.0,0.0,0.0,0.5,0.0,0,0,0.0,0.0,0
8,缩量回踩恢复多头,量价回踩,21,False,54bd7ad9e789c9cd,REJECTED,False,总交易不足|活跃月份不足|盈利因子不足|实际盈亏比不足|累计净R不足,11.0,False,0.0,0.0,0,0,0.0,0.0,0.0,0.0,0.0,0.0,0.0,0.0,0.5,0.0,0,0,0.0,0.0,0
8,缩量回踩恢复多头,量价回踩,22,False,52493f6cfcd53350,REJECTED,False,总交易不足|活跃月份不足|盈利因子不足|实际盈亏比不足|累计净R不足,11.0,False,0.0,0.0,0,0,0.0,0.0,0.0,0.0,0.0,0.0,0.0,0.0,0.5,0.0,0,0,0.0,0.0,0
8,缩量回踩恢复多头,量价回踩,23,False,4fed3b8b4cb46137,REJECTED,False,总交易不足|活跃月份不足|盈利因子不足|实际盈亏比不足|累计净R不足,11.0,False,0.0,0.0,0,0,0.0,0.0,0.0,0.0,0.0,0.0,0.0,0.0,0.5,0.0,0,0,0.0,0.0,0
8,缩量回踩恢复多头,量价回踩,24,False,db6b38b794f52943,REJECTED,False,总交易不足|活跃月份不足|盈利因子不足|实际盈亏比不足|累计净R不足,11.0,False,0.0,0.0,0,0,0.0,0.0,0.0,0.0,0.0,0.0,0.0,0.0,0.5,0.0,0,0,0.0,0.0,0
9,缩量反抽恢复空头,量价回踩,1,True,b55421f3522a3f16,REJECTED,False,总交易不足|活跃月份不足|盈利因子不足|实际盈亏比不足|累计净R不足,11.0,False,0.0,0.0,0,0,0.0,0.0,0.0,0.0,0.0,0.0,0.0,0.0,0.5,0.0,0,0,0.0,0.0,0
9,缩量反抽恢复空头,量价回踩,2,False,0c3ac71f7205a7ec,REJECTED,False,总交易不足|活跃月份不足|盈利因子不足|实际盈亏比不足|累计净R不足,11.0,False,0.0,0.0,0,0,0.0,0.0,0.0,0.0,0.0,0.0,0.0,0.0,0.5,0.0,0,0,0.0,0.0,0
9,缩量反抽恢复空头,量价回踩,3,False,096cf2b0d8863ffe,REJECTED,False,总交易不足|活跃月份不足|盈利因子不足|实际盈亏比不足|累计净R不足,11.0,False,0.0,0.0,0,0,0.0,0.0,0.0,0.0,0.0,0.0,0.0,0.0,0.5,0.0,0,0,0.0,0.0,0
9,缩量反抽恢复空头,量价回踩,4,False,3f5f1a791cf31184,REJECTED,False,总交易不足|活跃月份不足|盈利因子不足|实际盈亏比不足|累计净R不足,11.0,False,0.0,0.0,0,0,0.0,0.0,0.0,0.0,0.0,0.0,0.0,0.0,0.5,0.0,0,0,0.0,0.0,0
9,缩量反抽恢复空头,量价回踩,5,False,696a9393bb83999c,REJECTED,False,总交易不足|活跃月份不足|盈利因子不足|实际盈亏比不足|累计净R不足,11.0,False,0.0,0.0,0,0,0.0,0.0,0.0,0.0,0.0,0.0,0.0,0.0,0.5,0.0,0,0,0.0,0.0,0
9,缩量反抽恢复空头,量价回踩,6,False,6daff0dd549463c4,REJECTED,False,总交易不足|活跃月份不足|盈利因子不足|实际盈亏比不足|累计净R不足,11.0,False,0.0,0.0,0,0,0.0,0.0,0.0,0.0,0.0,0.0,0.0,0.0,0.5,0.0,0,0,0.0,0.0,0
9,缩量反抽恢复空头,量价回踩,7,False,e7eba909ab01e794,REJECTED,False,总交易不足|活跃月份不足|盈利因子不足|实际盈亏比不足|累计净R不足,11.0,False,0.0,0.0,0,0,0.0,0.0,0.0,0.0,0.0,0.0,0.0,0.0,0.5,0.0,0,0,0.0,0.0,0
9,缩量反抽恢复空头,量价回踩,8,False,b26a4686368b84fb,REJECTED,False,总交易不足|活跃月份不足|盈利因子不足|实际盈亏比不足|累计净R不足,11.0,False,0.0,0.0,0,0,0.0,0.0,0.0,0.0,0.0,0.0,0.0,0.0,0.5,0.0,0,0,0.0,0.0,0
9,缩量反抽恢复空头,量价回踩,9,False,e0909e38875479c1,REJECTED,False,总交易不足|活跃月份不足|盈利因子不足|实际盈亏比不足|累计净R不足,11.0,False,0.0,0.0,0,0,0.0,0.0,0.0,0.0,0.0,0.0,0.0,0.0,0.5,0.0,0,0,0.0,0.0,0
9,缩量反抽恢复空头,量价回踩,10,False,f04bbf36c4d0a7e8,REJECTED,False,总交易不足|活跃月份不足|盈利因子不足|实际盈亏比不足|累计净R不足,11.0,False,0.0,0.0,0,0,0.0,0.0,0.0,0.0,0.0,0.0,0.0,0.0,0.5,0.0,0,0,0.0,0.0,0
9,缩量反抽恢复空头,量价回踩,11,False,11376fca8509ff5d,REJECTED,False,总交易不足|活跃月份不足|盈利因子不足|实际盈亏比不足|累计净R不足,11.0,False,0.0,0.0,0,0,0.0,0.0,0.0,0.0,0.0,0.0,0.0,0.0,0.5,0.0,0,0,0.0,0.0,0
9,缩量反抽恢复空头,量价回踩,12,False,038baf3eded9eb44,REJECTED,False,总交易不足|活跃月份不足|盈利因子不足|实际盈亏比不足|累计净R不足,11.0,False,0.0,0.0,0,0,0.0,0.0,0.0,0.0,0.0,0.0,0.0,0.0,0.5,0.0,0,0,0.0,0.0,0
9,缩量反抽恢复空头,量价回踩,13,False,a3c16a0f14aba4cb,REJECTED,False,总交易不足|活跃月份不足|盈利因子不足|实际盈亏比不足|累计净R不足,11.0,False,0.0,0.0,0,0,0.0,0.0,0.0,0.0,0.0,0.0,0.0,0.0,0.5,0.0,0,0,0.0,0.0,0
9,缩量反抽恢复空头,量价回踩,14,False,7296a385b87f3825,REJECTED,False,总交易不足|活跃月份不足|盈利因子不足|实际盈亏比不足|累计净R不足,11.0,False,0.0,0.0,0,0,0.0,0.0,0.0,0.0,0.0,0.0,0.0,0.0,0.5,0.0,0,0,0.0,0.0,0
9,缩量反抽恢复空头,量价回踩,15,False,96a7871ace405876,REJECTED,False,总交易不足|活跃月份不足|盈利因子不足|实际盈亏比不足|累计净R不足,11.0,False,0.0,0.0,0,0,0.0,0.0,0.0,0.0,0.0,0.0,0.0,0.0,0.5,0.0,0,0,0.0,0.0,0
9,缩量反抽恢复空头,量价回踩,16,False,9b67e3fdef547a98,REJECTED,False,总交易不足|活跃月份不足|盈利因子不足|实际盈亏比不足|累计净R不足,11.0,False,0.0,0.0,0,0,0.0,0.0,0.0,0.0,0.0,0.0,0.0,0.0,0.5,0.0,0,0,0.0,0.0,0
9,缩量反抽恢复空头,量价回踩,17,False,5122f253ca2d5ffc,REJECTED,False,总交易不足|活跃月份不足|盈利因子不足|实际盈亏比不足|累计净R不足,11.0,False,0.0,0.0,0,0,0.0,0.0,0.0,0.0,0.0,0.0,0.0,0.0,0.5,0.0,0,0,0.0,0.0,0
9,缩量反抽恢复空头,量价回踩,18,False,a4b8a619e3aa54cb,REJECTED,False,总交易不足|活跃月份不足|盈利因子不足|实际盈亏比不足|累计净R不足,11.0,False,0.0,0.0,0,0,0.0,0.0,0.0,0.0,0.0,0.0,0.0,0.0,0.5,0.0,0,0,0.0,0.0,0
9,缩量反抽恢复空头,量价回踩,19,False,76a80ae1b371109c,REJECTED,False,总交易不足|活跃月份不足|盈利因子不足|实际盈亏比不足|累计净R不足,11.0,False,0.0,0.0,0,0,0.0,0.0,0.0,0.0,0.0,0.0,0.0,0.0,0.5,0.0,0,0,0.0,0.0,0
9,缩量反抽恢复空头,量价回踩,20,False,c63e1805d3d336c6,REJECTED,False,总交易不足|活跃月份不足|盈利因子不足|实际盈亏比不足|累计净R不足,11.0,False,0.0,0.0,0,0,0.0,0.0,0.0,0.0,0.0,0.0,0.0,0.0,0.5,0.0,0,0,0.0,0.0,0
9,缩量反抽恢复空头,量价回踩,21,False,94320df97810c841,REJECTED,False,总交易不足|活跃月份不足|盈利因子不足|实际盈亏比不足|累计净R不足,11.0,False,0.0,0.0,0,0,0.0,0.0,0.0,0.0,0.0,0.0,0.0,0.0,0.5,0.0,0,0,0.0,0.0,0
9,缩量反抽恢复空头,量价回踩,22,False,d4d1381fcde15d1a,REJECTED,False,总交易不足|活跃月份不足|盈利因子不足|实际盈亏比不足|累计净R不足,11.0,False,0.0,0.0,0,0,0.0,0.0,0.0,0.0,0.0,0.0,0.0,0.0,0.5,0.0,0,0,0.0,0.0,0
9,缩量反抽恢复空头,量价回踩,23,False,3ef94b37a5d555ff,REJECTED,False,总交易不足|活跃月份不足|盈利因子不足|实际盈亏比不足|累计净R不足,11.0,False,0.0,0.0,0,0,0.0,0.0,0.0,0.0,0.0,0.0,0.0,0.0,0.5,0.0,0,0,0.0,0.0,0
9,缩量反抽恢复空头,量价回踩,24,False,cb9c70ded0e888f2,REJECTED,False,总交易不足|活跃月份不足|盈利因子不足|实际盈亏比不足|累计净R不足,11.0,False,0.0,0.0,0,0,0.0,0.0,0.0,0.0,0.0,0.0,0.0,0.0,0.5,0.0,0,0,0.0,0.0,0
10,欧美时段顺势延续多头,时段延续,1,True,792c97e8b4c0b8eb,REJECTED,False,活跃月份不足,15.527888817394484,False,0.5,0.6,3,1,0.3333333333333333,1.7124662965841884,0.7217092497815238,2.3727925021088296,1.1863962510544148,0.2690477970211407,1.4434184995630477,0.08968259900704689,0.45454545454545453,0.13564322306091547,1,1,0.0,1.0,3
10,欧美时段顺势延续多头,时段延续,2,False,f6d2a21fc4d4c425,REJECTED,False,活跃月份不足,15.527888817394484,False,0.5,0.6,3,1,0.3333333333333333,1.7124662965841884,0.7217092497815238,2.3727925021088296,1.1863962510544148,0.2690477970211407,1.4434184995630477,0.08968259900704689,0.45454545454545453,0.13564322306091547,1,1,0.0,1.0,3
10,欧美时段顺势延续多头,时段延续,3,False,9e92d4491dd76b60,REJECTED,False,活跃月份不足,15.094794539406063,False,0.5,0.6,3,1,0.3333333333333333,1.7124662965841884,0.7363074394863496,2.3257490074781946,1.1628745037390973,0.2398514176114892,1.4726148789726992,0.07995047253716307,0.45454545454545453,0.13564322306091547,1,1,0.0,1.0,3
10,欧美时段顺势延续多头,时段延续,4,False,41839737de12564b,REJECTED,False,活跃月份不足,15.094794539406063,False,0.5,0.6,3,1,0.3333333333333333,1.7124662965841884,0.7363074394863496,2.3257490074781946,1.1628745037390973,0.2398514176114892,1.4726148789726992,0.07995047253716307,0.45454545454545453,0.13564322306091547,1,1,0.0,1.0,3
10,欧美时段顺势延续多头,时段延续,5,False,1ceef90ae502ea96,REJECTED,False,总交易不足|活跃月份不足|盈利因子不足|实际盈亏比不足|累计净R不足,-3.6341849956304753,False,0.3333333333333333,0.5,2,0,0.0,0.0,0.7217092497815238,0.0,0.0,-1.4434184995630477,1.4434184995630477,-0.7217092497815238,0.4,0.0,1,0,-1.4434184995630477,0.0,2
10,欧美时段顺势延续多头,时段延续,6,False,1f0f5effc1db66a3,REJECTED,False,总交易不足|活跃月份不足|盈利因子不足|实际盈亏比不足|累计净R不足,-3.6341849956304753,False,0.3333333333333333,0.5,2,0,0.0,0.0,0.7217092497815238,0.0,0.0,-1.4434184995630477,1.4434184995630477,-0.7217092497815238,0.4,0.0,1,0,-1.4434184995630477,0.0,2
10,欧美时段顺势延续多头,时段延续,7,False,c44fb510c7567d1e,REJECTED,False,总交易不足|活跃月份不足|盈利因子不足|实际盈亏比不足|累计净R不足,-3.926148789726991,False,0.3333333333333333,0.5,2,0,0.0,0.0,0.7363074394863496,0.0,0.0,-1.4726148789726992,1.4726148789726992,-0.7363074394863496,0.4,0.0,1,0,-1.4726148789726992,0.0,2
10,欧美时段顺势延续多头,时段延续,8,False,b42bc7e4070cf23b,REJECTED,False,总交易不足|活跃月份不足|盈利因子不足|实际盈亏比不足|累计净R不足,-3.926148789726991,False,0.3333333333333333,0.5,2,0,0.0,0.0,0.7363074394863496,0.0,0.0,-1.4726148789726992,1.4726148789726992,-0.7363074394863496,0.4,0.0,1,0,-1.4726148789726992,0.0,2
10,欧美时段顺势延续多头,时段延续,9,False,c4fe4e1fb9600027,REJECTED,False,总交易不足|活跃月份不足|盈利因子不足|实际盈亏比不足|累计净R不足|最差月份亏损过大,-15.660319134692568,False,0.0,0.9,2,0,0.0,0.0,1.3230159567346285,0.0,0.0,-2.646031913469257,2.646031913469257,-1.3230159567346285,0.4,0.0,1,0,-2.646031913469257,0.0,2
10,欧美时段顺势延续多头,时段延续,10,False,b0d53f6e0c1b6b87,REJECTED,False,总交易不足|活跃月份不足|盈利因子不足|实际盈亏比不足|累计净R不足|最差月份亏损过大,-15.660319134692568,False,0.0,0.9,2,0,0.0,0.0,1.3230159567346285,0.0,0.0,-2.646031913469257,2.646031913469257,-1.3230159567346285,0.4,0.0,1,0,-2.646031913469257,0.0,2
10,欧美时段顺势延续多头,时段延续,11,False,9a97f10e8d8d7c7d,REJECTED,False,总交易不足|活跃月份不足|盈利因子不足|实际盈亏比不足|累计净R不足|最差月份亏损过大,-15.660319134692568,False,0.0,0.9,2,0,0.0,0.0,1.3230159567346285,0.0,0.0,-2.646031913469257,2.646031913469257,-1.3230159567346285,0.4,0.0,1,0,-2.646031913469257,0.0,2
10,欧美时段顺势延续多头,时段延续,12,False,6ef5379c0f2b4249,REJECTED,False,总交易不足|活跃月份不足|盈利因子不足|实际盈亏比不足|累计净R不足|最差月份亏损过大,-15.660319134692568,False,0.0,0.9,2,0,0.0,0.0,1.3230159567346285,0.0,0.0,-2.646031913469257,2.646031913469257,-1.3230159567346285,0.4,0.0,1,0,-2.646031913469257,0.0,2
10,欧美时段顺势延续多头,时段延续,13,False,c9270eab3e1dfe4f,REJECTED,False,总交易不足|活跃月份不足|盈利因子不足|实际盈亏比不足|累计净R不足|最差月份亏损过大,-15.660319134692568,False,0.0,0.8,2,0,0.0,0.0,1.3230159567346285,0.0,0.0,-2.646031913469257,2.646031913469257,-1.3230159567346285,0.4,0.0,1,0,-2.646031913469257,0.0,2
10,欧美时段顺势延续多头,时段延续,14,False,133df098dfeaf782,REJECTED,False,总交易不足|活跃月份不足|盈利因子不足|实际盈亏比不足|累计净R不足|最差月份亏损过大,-15.660319134692568,False,0.0,0.8,2,0,0.0,0.0,1.3230159567346285,0.0,0.0,-2.646031913469257,2.646031913469257,-1.3230159567346285,0.4,0.0,1,0,-2.646031913469257,0.0,2
10,欧美时段顺势延续多头,时段延续,15,False,78b83eb6e22b1e52,REJECTED,False,总交易不足|活跃月份不足|盈利因子不足|实际盈亏比不足|累计净R不足|最差月份亏损过大,-15.660319134692568,False,0.0,0.8,2,0,0.0,0.0,1.3230159567346285,0.0,0.0,-2.646031913469257,2.646031913469257,-1.3230159567346285,0.4,0.0,1,0,-2.646031913469257,0.0,2
10,欧美时段顺势延续多头,时段延续,16,False,824fc5e994a5e31f,REJECTED,False,总交易不足|活跃月份不足|盈利因子不足|实际盈亏比不足|累计净R不足|最差月份亏损过大,-15.660319134692568,False,0.0,0.8,2,0,0.0,0.0,1.3230159567346285,0.0,0.0,-2.646031913469257,2.646031913469257,-1.3230159567346285,0.4,0.0,1,0,-2.646031913469257,0.0,2
10,欧美时段顺势延续多头,时段延续,17,False,acfed77829e74378,REJECTED,False,总交易不足|活跃月份不足|盈利因子不足|实际盈亏比不足|累计净R不足,-0.7904629097604543,False,0.16666666666666666,0.6,1,0,0.0,0.0,1.256824068753823,0.0,0.0,-1.256824068753823,1.256824068753823,-1.256824068753823,0.4444444444444444,0.0,1,0,-1.256824068753823,0.0,1
10,欧美时段顺势延续多头,时段延续,18,False,2ca48bffd5eed1f0,REJECTED,False,总交易不足|活跃月份不足|盈利因子不足|实际盈亏比不足|累计净R不足,-0.7904629097604543,False,0.16666666666666666,0.6,1,0,0.0,0.0,1.256824068753823,0.0,0.0,-1.256824068753823,1.256824068753823,-1.256824068753823,0.4444444444444444,0.0,1,0,-1.256824068753823,0.0,1
10,欧美时段顺势延续多头,时段延续,19,False,e3f758469204599d,REJECTED,False,总交易不足|活跃月份不足|盈利因子不足|实际盈亏比不足|累计净R不足,-1.0824267038569677,False,0.16666666666666666,0.6,1,0,0.0,0.0,1.2860204481634745,0.0,0.0,-1.2860204481634745,1.2860204481634745,-1.2860204481634745,0.4444444444444444,0.0,1,0,-1.2860204481634745,0.0,1
10,欧美时段顺势延续多头,时段延续,20,False,6c0d5969bef18797,REJECTED,False,总交易不足|活跃月份不足|盈利因子不足|实际盈亏比不足|累计净R不足,-1.0824267038569677,False,0.16666666666666666,0.6,1,0,0.0,0.0,1.2860204481634745,0.0,0.0,-1.2860204481634745,1.2860204481634745,-1.2860204481634745,0.4444444444444444,0.0,1,0,-1.2860204481634745,0.0,1
10,欧美时段顺势延续多头,时段延续,21,False,2951495700cf0d26,REJECTED,False,总交易不足|活跃月份不足|盈利因子不足|实际盈亏比不足|累计净R不足,-1.452280164014117,False,0.0,1.0,1,0,0.0,0.0,1.3230057941791893,0.0,0.0,-1.3230057941791893,1.3230057941791893,-1.3230057941791893,0.4444444444444444,0.0,1,0,-1.3230057941791893,0.0,1
10,欧美时段顺势延续多头,时段延续,22,False,d3786d6915d46e75,REJECTED,False,总交易不足|活跃月份不足|盈利因子不足|实际盈亏比不足|累计净R不足,-1.452280164014117,False,0.0,1.0,1,0,0.0,0.0,1.3230057941791893,0.0,0.0,-1.3230057941791893,1.3230057941791893,-1.3230057941791893,0.4444444444444444,0.0,1,0,-1.3230057941791893,0.0,1
10,欧美时段顺势延续多头,时段延续,23,False,02ae1723e4570f8d,REJECTED,False,总交易不足|活跃月份不足|盈利因子不足|实际盈亏比不足|累计净R不足,-1.452280164014117,False,0.0,1.0,1,0,0.0,0.0,1.3230057941791893,0.0,0.0,-1.3230057941791893,1.3230057941791893,-1.3230057941791893,0.4444444444444444,0.0,1,0,-1.3230057941791893,0.0,1
10,欧美时段顺势延续多头,时段延续,24,False,50d010d0d527e015,REJECTED,False,总交易不足|活跃月份不足|盈利因子不足|实际盈亏比不足|累计净R不足,-1.452280164014117,False,0.0,1.0,1,0,0.0,0.0,1.3230057941791893,0.0,0.0,-1.3230057941791893,1.3230057941791893,-1.3230057941791893,0.4444444444444444,0.0,1,0,-1.3230057941791893,0.0,1
11,欧美时段顺势延续空头,时段延续,1,True,1de21fc96eaf5c68,REJECTED,False,活跃月份不足,15.672848448101124,False,0.3333333333333333,0.26666666666666666,3,1,0.3333333333333333,1.7147203332269656,0.7364959219251979,2.328214294445368,1.164107147222684,0.24172848937656988,1.2867753638267085,0.08057616312552329,0.45454545454545453,0.13564322306091547,1,1,0.0,1.0,3
11,欧美时段顺势延续空头,时段延续,2,False,e9a50d796afb54c8,REJECTED,False,活跃月份不足|盈利因子不足|实际盈亏比不足|累计净R不足,-6.591912832013459,False,0.3333333333333333,0.20000000000000004,3,0,0.0,0.0,0.5530637610671153,0.0,0.0,-1.6591912832013458,1.6591912832013458,-0.5530637610671153,0.36363636363636365,0.0,1,0,-1.6591912832013458,0.0,3
11,欧美时段顺势延续空头,时段延续,3,False,4337d47dd551514a,REJECTED,False,总交易不足|活跃月份不足,42.75412618640375,False,0.3333333333333333,0.30000000000000004,2,1,0.5,1.7147203332269656,0.1862164800236871,9.208209354020921,9.208209354020921,1.5285038532032784,0.1862164800236871,0.7642519266016392,0.5,0.21132486540518713,1,1,0.0,1.0,2
11,欧美时段顺势延续空头,时段延续,4,False,24334e78fc5f4e6b,REJECTED,False,总交易不足|活跃月份不足|盈利因子不足|实际盈亏比不足|累计净R不足,7.07586078740046,False,0.3333333333333333,0.30000000000000004,2,0,0.0,0.0,0.18620696062997705,0.0,0.0,-0.3724139212599541,0.3724139212599541,-0.18620696062997705,0.4,0.0,1,0,-0.3724139212599541,0.0,2
11,欧美时段顺势延续空头,时段延续,5,False,ca2cf132ee241963,REJECTED,False,总交易不足|活跃月份不足|盈利因子不足|实际盈亏比不足|累计净R不足,9.915612977540906,False,0.3333333333333333,0.4,1,0,0.0,0.0,0.1862164800236871,0.0,0.0,-0.1862164800236871,0.1862164800236871,-0.1862164800236871,0.4444444444444444,0.0,1,0,-0.1862164800236871,0.0,1
11,欧美时段顺势延续空头,时段延续,6,False,c1a82389d1cba805,REJECTED,False,总交易不足|活跃月份不足|盈利因子不足|实际盈亏比不足|累计净R不足,-1.089975860489309,False,0.16666666666666666,1.0,1,0,0.0,0.0,1.2867753638267085,0.0,0.0,-1.2867753638267085,1.2867753638267085,-1.2867753638267085,0.4444444444444444,0.0,1,0,-1.2867753638267085,0.0,1
11,欧美时段顺势延续空头,时段延续,7,False,e87b7e4b54714a79,REJECTED,False,总交易不足|活跃月份不足|盈利因子不足|实际盈亏比不足|累计净R不足,9.915775705708896,False,0.16666666666666666,0.4,1,0,0.0,0.0,0.18620020720688818,0.0,0.0,-0.18620020720688818,0.18620020720688818,-0.18620020720688818,0.4444444444444444,0.0,1,0,-0.18620020720688818,0.0,1
11,欧美时段顺势延续空头,时段延续,8,False,4764dc78e59d5b1b,REJECTED,False,总交易不足|活跃月份不足|盈利因子不足|实际盈亏比不足|累计净R不足,-1.089975860489309,False,0.0,1.0,1,0,0.0,0.0,1.2867753638267085,0.0,0.0,-1.2867753638267085,1.2867753638267085,-1.2867753638267085,0.4444444444444444,0.0,1,0,-1.2867753638267085,0.0,1
11,欧美时段顺势延续空头,时段延续,9,False,9b080265253032f2,REJECTED,False,总交易不足|活跃月份不足|盈利因子不足|实际盈亏比不足|累计净R不足,-1.089975860489309,False,0.0,1.0,1,0,0.0,0.0,1.2867753638267085,0.0,0.0,-1.2867753638267085,1.2867753638267085,-1.2867753638267085,0.4444444444444444,0.0,1,0,-1.2867753638267085,0.0,1
11,欧美时段顺势延续空头,时段延续,10,False,36ed48e721693627,REJECTED,False,总交易不足|活跃月份不足|盈利因子不足|实际盈亏比不足|累计净R不足,-1.089975860489309,False,0.0,0.8,1,0,0.0,0.0,1.2867753638267085,0.0,0.0,-1.2867753638267085,1.2867753638267085,-1.2867753638267085,0.4444444444444444,0.0,1,0,-1.2867753638267085,0.0,1
11,欧美时段顺势延续空头,时段延续,11,False,4dee528aa6b52746,REJECTED,False,总交易不足|活跃月份不足|盈利因子不足|实际盈亏比不足|累计净R不足,-1.089975860489309,False,0.0,0.8,1,0,0.0,0.0,1.2867753638267085,0.0,0.0,-1.2867753638267085,1.2867753638267085,-1.2867753638267085,0.4444444444444444,0.0,1,0,-1.2867753638267085,0.0,1
11,欧美时段顺势延续空头,时段延续,12,False,834d41f5c179752b,REJECTED,False,总交易不足|活跃月份不足|盈利因子不足|实际盈亏比不足|累计净R不足,-1.089975860489309,False,0.0,0.8,1,0,0.0,0.0,1.2867753638267085,0.0,0.0,-1.2867753638267085,1.2867753638267085,-1.2867753638267085,0.4444444444444444,0.0,1,0,-1.2867753638267085,0.0,1
11,欧美时段顺势延续空头,时段延续,13,False,8ba18c64ed02cfd6,REJECTED,False,总交易不足|活跃月份不足|盈利因子不足|实际盈亏比不足|累计净R不足,11.0,False,0.0,0.0,0,0,0.0,0.0,0.0,0.0,0.0,0.0,0.0,0.0,0.5,0.0,0,0,0.0,0.0,0
11,欧美时段顺势延续空头,时段延续,14,False,5bcf2f5727f88328,REJECTED,False,总交易不足|活跃月份不足|盈利因子不足|实际盈亏比不足|累计净R不足,11.0,False,0.0,0.0,0,0,0.0,0.0,0.0,0.0,0.0,0.0,0.0,0.0,0.5,0.0,0,0,0.0,0.0,0
11,欧美时段顺势延续空头,时段延续,15,False,2bcb712d6930ba1b,REJECTED,False,总交易不足|活跃月份不足|盈利因子不足|实际盈亏比不足|累计净R不足,11.0,False,0.0,0.0,0,0,0.0,0.0,0.0,0.0,0.0,0.0,0.0,0.0,0.5,0.0,0,0,0.0,0.0,0
11,欧美时段顺势延续空头,时段延续,16,False,6ec5eac704051bc6,REJECTED,False,总交易不足|活跃月份不足|盈利因子不足|实际盈亏比不足|累计净R不足,11.0,False,0.0,0.0,0,0,0.0,0.0,0.0,0.0,0.0,0.0,0.0,0.0,0.5,0.0,0,0,0.0,0.0,0
11,欧美时段顺势延续空头,时段延续,17,False,63290e5ee6cb20f1,REJECTED,False,总交易不足|活跃月份不足|盈利因子不足|实际盈亏比不足|累计净R不足,11.0,False,0.0,0.0,0,0,0.0,0.0,0.0,0.0,0.0,0.0,0.0,0.0,0.5,0.0,0,0,0.0,0.0,0
11,欧美时段顺势延续空头,时段延续,18,False,8828e68c145fc6f4,REJECTED,False,总交易不足|活跃月份不足|盈利因子不足|实际盈亏比不足|累计净R不足,11.0,False,0.0,0.0,0,0,0.0,0.0,0.0,0.0,0.0,0.0,0.0,0.0,0.5,0.0,0,0,0.0,0.0,0
11,欧美时段顺势延续空头,时段延续,19,False,00a05dac0a8ca34b,REJECTED,False,总交易不足|活跃月份不足|盈利因子不足|实际盈亏比不足|累计净R不足,11.0,False,0.0,0.0,0,0,0.0,0.0,0.0,0.0,0.0,0.0,0.0,0.0,0.5,0.0,0,0,0.0,0.0,0
11,欧美时段顺势延续空头,时段延续,20,False,604d0291ba253f81,REJECTED,False,总交易不足|活跃月份不足|盈利因子不足|实际盈亏比不足|累计净R不足,11.0,False,0.0,0.0,0,0,0.0,0.0,0.0,0.0,0.0,0.0,0.0,0.0,0.5,0.0,0,0,0.0,0.0,0
11,欧美时段顺势延续空头,时段延续,21,False,c43d755853204c39,REJECTED,False,总交易不足|活跃月份不足|盈利因子不足|实际盈亏比不足|累计净R不足,11.0,False,0.0,0.0,0,0,0.0,0.0,0.0,0.0,0.0,0.0,0.0,0.0,0.5,0.0,0,0,0.0,0.0,0
11,欧美时段顺势延续空头,时段延续,22,False,07666a71a6db4d3d,REJECTED,False,总交易不足|活跃月份不足|盈利因子不足|实际盈亏比不足|累计净R不足,11.0,False,0.0,0.0,0,0,0.0,0.0,0.0,0.0,0.0,0.0,0.0,0.0,0.5,0.0,0,0,0.0,0.0,0
11,欧美时段顺势延续空头,时段延续,23,False,2d17a153c935935a,REJECTED,False,总交易不足|活跃月份不足|盈利因子不足|实际盈亏比不足|累计净R不足,11.0,False,0.0,0.0,0,0,0.0,0.0,0.0,0.0,0.0,0.0,0.0,0.0,0.5,0.0,0,0,0.0,0.0,0
11,欧美时段顺势延续空头,时段延续,24,False,d8dca2a8c9570ab4,REJECTED,False,总交易不足|活跃月份不足|盈利因子不足|实际盈亏比不足|累计净R不足,11.0,False,0.0,0.0,0,0,0.0,0.0,0.0,0.0,0.0,0.0,0.0,0.0,0.5,0.0,0,0,0.0,0.0,0
12,区间扫低立即收回多头,流动性反转,1,True,52f3fa47b619e482,REJECTED,False,活跃月份不足,36.96263166604411,True,0.6666666666666666,0.4000000000000001,3,1,0.3333333333333333,1.6952141234818747,0.20383827705439583,8.31646611214975,4.158233056074875,1.287537569373083,0.40767655410879167,0.4291791897910277,0.45454545454545453,0.13564322306091547,1,1,0.0,1.0,3
12,区间扫低立即收回多头,流动性反转,2,False,ba96a31412ed2095,REJECTED,False,总交易不足|活跃月份不足,16.649826329756287,True,0.8333333333333334,0.5,2,1,0.5,1.6952141234818747,1.30328266491997,1.3007263651327488,1.3007263651327488,0.3919314585619047,1.30328266491997,0.19596572928095235,0.5,0.21132486540518713,1,1,0.0,1.0,2
12,区间扫低立即收回多头,流动性反转,3,False,d0eed6e6a7bb392a,REJECTED,False,总交易不足|活跃月份不足,16.649826329756287,True,0.6666666666666666,0.4,2,1,0.5,1.6952141234818747,1.30328266491997,1.3007263651327488,1.3007263651327488,0.3919314585619047,1.30328266491997,0.19596572928095235,0.5,0.21132486540518713,1,1,0.0,1.0,2
12,区间扫低立即收回多头,流动性反转,4,False,b2f1f788dddb2f41,REJECTED,False,总交易不足|活跃月份不足|盈利因子不足|实际盈亏比不足|累计净R不足,6.723234458912083,True,0.6666666666666666,0.30000000000000004,2,0,0.0,0.0,0.20383827705439583,0.0,0.0,-0.40767655410879167,0.40767655410879167,-0.20383827705439583,0.4,0.0,1,0,-0.40767655410879167,0.0,2
12,区间扫低立即收回多头,流动性反转,5,False,7e1c9b33a4f4a0bb,REJECTED,False,活跃月份不足|盈利因子不足|实际盈亏比不足|累计净R不足,0.23268442741340678,False,0.5,0.4000000000000001,3,1,0.3333333333333333,1.46493553583004,1.3336775410350206,1.0984180888981265,0.5492090444490633,-1.202419546240001,2.667355082070041,-0.4008065154133336,0.45454545454545453,0.13564322306091547,1,0,-1.202419546240001,0.0,3
12,区间扫低立即收回多头,流动性反转,6,False,c016ca2dc456bbe1,REJECTED,False,活跃月份不足|盈利因子不足|累计净R不足,14.03051185498498,False,0.3333333333333333,0.4666666666666666,3,1,0.3333333333333333,1.46493553583004,0.7939288206153796,1.8451723854722373,0.9225861927361186,-0.12292210540071924,1.3336609314119507,-0.04097403513357308,0.45454545454545453,0.13564322306091547,1,0,-0.12292210540071924,0.0,3
12,区间扫低立即收回多头,流动性反转,7,False,3e42ed160f42722b,REJECTED,False,总交易不足|活跃月份不足,40.325830306674064,False,0.5,0.6000000000000001,2,1,0.5,1.46493553583004,0.2541967098188086,5.762999595369452,5.762999595369452,1.2107388260112315,0.2541967098188086,0.6053694130056158,0.5,0.21132486540518713,1,1,0.0,1.0,2
12,区间扫低立即收回多头,流动性反转,8,False,c70f155c94b2a51f,REJECTED,False,总交易不足|活跃月份不足|盈利因子不足|实际盈亏比不足,13.92491516582194,False,0.5,0.6000000000000001,2,1,0.5,1.46493553583004,1.3336609314119507,1.098431768769824,1.098431768769824,0.13127460441808925,1.3336609314119507,0.06563730220904462,0.5,0.21132486540518713,1,1,0.0,1.0,2
12,区间扫低立即收回多头,流动性反转,9,False,eda6c473d474c9bc,REJECTED,False,总交易不足|活跃月份不足,48.58872108659534,False,1.0,1.0,1,1,1.0,1.6952141234818747,0.0,999.0,999.0,1.6952141234818747,0.0,1.6952141234818747,0.5555555555555556,0.5,1,1,0.0,1.0,1
12,区间扫低立即收回多头,流动性反转,10,False,8f1138ca500915f6,REJECTED,False,总交易不足|活跃月份不足,48.58872108659534,False,1.0,1.0,1,1,1.0,1.6952141234818747,0.0,999.0,999.0,1.6952141234818747,0.0,1.6952141234818747,0.5555555555555556,0.5,1,1,0.0,1.0,1
12,区间扫低立即收回多头,流动性反转,11,False,355f96b7fac3e18b,REJECTED,False,总交易不足|活跃月份不足,48.58872108659534,False,1.0,1.0,1,1,1.0,1.6952141234818747,0.0,999.0,999.0,1.6952141234818747,0.0,1.6952141234818747,0.5555555555555556,0.5,1,1,0.0,1.0,1
12,区间扫低立即收回多头,流动性反转,12,False,f04b494a1ebc64dd,REJECTED,False,总交易不足|活跃月份不足,48.58872108659534,False,1.0,1.0,1,1,1.0,1.6952141234818747,0.0,999.0,999.0,1.6952141234818747,0.0,1.6952141234818747,0.5555555555555556,0.5,1,1,0.0,1.0,1
12,区间扫低立即收回多头,流动性反转,13,False,edcf576d0f07ee5c,REJECTED,False,总交易不足|活跃月份不足,48.58872108659534,False,1.0,1.0,1,1,1.0,1.6952141234818747,0.0,999.0,999.0,1.6952141234818747,0.0,1.6952141234818747,0.5555555555555556,0.5,1,1,0.0,1.0,1
12,区间扫低立即收回多头,流动性反转,14,False,85bcae0edbb1c312,REJECTED,False,总交易不足|活跃月份不足,48.58872108659534,False,0.8333333333333334,0.8,1,1,1.0,1.6952141234818747,0.0,999.0,999.0,1.6952141234818747,0.0,1.6952141234818747,0.5555555555555556,0.5,1,1,0.0,1.0,1
12,区间扫低立即收回多头,流动性反转,15,False,79c29a37bad7e697,REJECTED,False,总交易不足|活跃月份不足,48.58872108659534,False,0.6666666666666666,0.6,1,1,1.0,1.6952141234818747,0.0,999.0,999.0,1.6952141234818747,0.0,1.6952141234818747,0.5555555555555556,0.5,1,1,0.0,1.0,1
12,区间扫低立即收回多头,流动性反转,16,False,76c2bfee407ac58d,REJECTED,False,总交易不足|活跃月份不足,46.9767709730325,False,0.5,0.6,1,1,1.0,1.46493553583004,0.0,999.0,999.0,1.46493553583004,0.0,1.46493553583004,0.5555555555555556,0.5,1,1,0.0,1.0,1
12,区间扫低立即收回多头,流动性反转,17,False,b40ba1d37a32168f,REJECTED,False,总交易不足|活跃月份不足|盈利因子不足|实际盈亏比不足|累计净R不足,9.739379689270406,False,0.6666666666666666,0.4,1,0,0.0,0.0,0.20383980885073705,0.0,0.0,-0.20383980885073705,0.20383980885073705,-0.20383980885073705,0.4444444444444444,0.0,1,0,-0.20383980885073705,0.0,1
12,区间扫低立即收回多头,流动性反转,18,False,faecbaf17a6baec5,REJECTED,False,总交易不足|活跃月份不足|盈利因子不足|实际盈亏比不足|累计净R不足,9.235810679589692,False,0.5,0.4,1,0,0.0,0.0,0.2541967098188086,0.0,0.0,-0.2541967098188086,0.2541967098188086,-0.2541967098188086,0.4444444444444444,0.0,1,0,-0.2541967098188086,0.0,1
12,区间扫低立即收回多头,流动性反转,19,False,ac28cccc3ceb7682,REJECTED,False,总交易不足|活跃月份不足|盈利因子不足|实际盈亏比不足|累计净R不足,11.0,False,0.16666666666666666,0.0,0,0,0.0,0.0,0.0,0.0,0.0,0.0,0.0,0.0,0.5,0.0,0,0,0.0,0.0,0
12,区间扫低立即收回多头,流动性反转,20,False,e17e263f50f87cc6,REJECTED,False,总交易不足|活跃月份不足|盈利因子不足|实际盈亏比不足|累计净R不足,11.0,False,0.0,0.0,0,0,0.0,0.0,0.0,0.0,0.0,0.0,0.0,0.0,0.5,0.0,0,0,0.0,0.0,0
12,区间扫低立即收回多头,流动性反转,21,False,529b75975a0b1181,REJECTED,False,总交易不足|活跃月份不足|盈利因子不足|实际盈亏比不足|累计净R不足,11.0,False,0.0,0.0,0,0,0.0,0.0,0.0,0.0,0.0,0.0,0.0,0.0,0.5,0.0,0,0,0.0,0.0,0
12,区间扫低立即收回多头,流动性反转,22,False,a5e1f6344d6b8ed4,REJECTED,False,总交易不足|活跃月份不足|盈利因子不足|实际盈亏比不足|累计净R不足,11.0,False,0.0,0.0,0,0,0.0,0.0,0.0,0.0,0.0,0.0,0.0,0.0,0.5,0.0,0,0,0.0,0.0,0
12,区间扫低立即收回多头,流动性反转,23,False,ecaf15f8db50e5b9,REJECTED,False,总交易不足|活跃月份不足|盈利因子不足|实际盈亏比不足|累计净R不足,11.0,False,0.0,0.0,0,0,0.0,0.0,0.0,0.0,0.0,0.0,0.0,0.0,0.5,0.0,0,0,0.0,0.0,0
12,区间扫低立即收回多头,流动性反转,24,False,2dd14ea424d90151,REJECTED,False,总交易不足|活跃月份不足|盈利因子不足|实际盈亏比不足|累计净R不足,11.0,False,0.0,0.0,0,0,0.0,0.0,0.0,0.0,0.0,0.0,0.0,0.0,0.5,0.0,0,0,0.0,0.0,0
13,区间扫高立即跌回空头,流动性反转,1,True,77df21d40787c7a0,REJECTED,False,盈利因子不足|累计净R不足,15.577894249353974,False,0.3333333333333333,0.45000000000000007,4,1,0.25,1.6971219202291914,0.5707180076475533,2.9736610681421647,0.9912203560473881,-0.015032102713468692,1.3044368488991718,-0.003758025678367173,0.4166666666666667,0.1,2,1,-1.3044368488991718,1.0,3
13,区间扫高立即跌回空头,流动性反转,2,False,2c428183978376ff,REJECTED,False,盈利因子不足,17.015905490286695,False,0.3333333333333333,0.7333333333333334,3,1,0.3333333333333333,1.6971219202291914,0.7541544029262436,2.2503640019127094,1.1251820009563547,0.18881311437670417,1.3044368488991718,0.06293770479223472,0.45454545454545453,0.13564322306091547,2,1,-1.3044368488991718,1.0,2
13,区间扫高立即跌回空头,流动性反转,3,False,b43422b85cd21386,REJECTED,False,盈利因子不足|实际盈亏比不足|累计净R不足,-5.121533340484483,False,0.3333333333333333,0.6666666666666666,3,0,0.0,0.0,0.5707177780161494,0.0,0.0,-1.7121533340484483,1.7121533340484483,-0.5707177780161494,0.36363636363636365,0.0,2,0,-1.3044368488991718,0.0,2
13,区间扫高立即跌回空头,流动性反转,4,False,3878caa0118d39b4,REJECTED,False,盈利因子不足|实际盈亏比不足|累计净R不足,-5.121533340484483,False,0.16666666666666666,0.6,3,0,0.0,0.0,0.5707177780161494,0.0,0.0,-1.7121533340484483,1.7121533340484483,-0.5707177780161494,0.36363636363636365,0.0,2,0,-1.3044368488991718,0.0,2
13,区间扫高立即跌回空头,流动性反转,5,False,9725d216812a9017,REJECTED,False,总交易不足,18.652885641042886,False,0.3333333333333333,0.6000000000000001,2,1,0.5,1.6971219202291914,1.3044368488991718,1.3010380085945983,1.3010380085945983,0.3926850713300196,1.3044368488991718,0.1963425356650098,0.5,0.21132486540518713,2,1,-1.3044368488991718,1.0,1
13,区间扫高立即跌回空头,流动性反转,6,False,5443500561f8fa59,REJECTED,False,总交易不足|盈利因子不足|实际盈亏比不足|累计净R不足,-2.2830880585248714,False,0.3333333333333333,0.7,2,0,0.0,0.0,0.7541544029262436,0.0,0.0,-1.5083088058524872,1.5083088058524872,-0.7541544029262436,0.4,0.0,2,0,-1.3044368488991718,0.0,1
13,区间扫高立即跌回空头,流动性反转,7,False,127cadfba852a73b,REJECTED,False,总交易不足|活跃月份不足|盈利因子不足|实际盈亏比不足|累计净R不足,11.0,False,0.16666666666666666,0.0,0,0,0.0,0.0,0.0,0.0,0.0,0.0,0.0,0.0,0.5,0.0,0,0,0.0,0.0,0
13,区间扫高立即跌回空头,流动性反转,8,False,8fd1af4476b79286,REJECTED,False,总交易不足|活跃月份不足|盈利因子不足|实际盈亏比不足|累计净R不足,11.0,False,0.0,0.0,0,0,0.0,0.0,0.0,0.0,0.0,0.0,0.0,0.0,0.5,0.0,0,0,0.0,0.0,0
13,区间扫高立即跌回空头,流动性反转,9,False,99a1be075dd40725,REJECTED,False,总交易不足|活跃月份不足|盈利因子不足|实际盈亏比不足|累计净R不足,11.0,False,0.0,0.0,0,0,0.0,0.0,0.0,0.0,0.0,0.0,0.0,0.0,0.5,0.0,0,0,0.0,0.0,0
13,区间扫高立即跌回空头,流动性反转,10,False,4f6d84d986d1bd0d,REJECTED,False,总交易不足|活跃月份不足|盈利因子不足|实际盈亏比不足|累计净R不足,11.0,False,0.0,0.0,0,0,0.0,0.0,0.0,0.0,0.0,0.0,0.0,0.0,0.5,0.0,0,0,0.0,0.0,0
13,区间扫高立即跌回空头,流动性反转,11,False,7e88a249860f7bb1,REJECTED,False,总交易不足|活跃月份不足|盈利因子不足|实际盈亏比不足|累计净R不足,11.0,False,0.0,0.0,0,0,0.0,0.0,0.0,0.0,0.0,0.0,0.0,0.0,0.5,0.0,0,0,0.0,0.0,0
13,区间扫高立即跌回空头,流动性反转,12,False,62232309f161b9fb,REJECTED,False,总交易不足|活跃月份不足|盈利因子不足|实际盈亏比不足|累计净R不足,11.0,False,0.0,0.0,0,0,0.0,0.0,0.0,0.0,0.0,0.0,0.0,0.0,0.5,0.0,0,0,0.0,0.0,0
13,区间扫高立即跌回空头,流动性反转,13,False,38e55750fe899b63,REJECTED,False,总交易不足|活跃月份不足|盈利因子不足|实际盈亏比不足|累计净R不足,11.0,False,0.0,0.0,0,0,0.0,0.0,0.0,0.0,0.0,0.0,0.0,0.0,0.5,0.0,0,0,0.0,0.0,0
13,区间扫高立即跌回空头,流动性反转,14,False,5a7b974008f26896,REJECTED,False,总交易不足|活跃月份不足|盈利因子不足|实际盈亏比不足|累计净R不足,11.0,False,0.0,0.0,0,0,0.0,0.0,0.0,0.0,0.0,0.0,0.0,0.0,0.5,0.0,0,0,0.0,0.0,0
13,区间扫高立即跌回空头,流动性反转,15,False,65e7d2b598844a35,REJECTED,False,总交易不足|活跃月份不足|盈利因子不足|实际盈亏比不足|累计净R不足,11.0,False,0.0,0.0,0,0,0.0,0.0,0.0,0.0,0.0,0.0,0.0,0.0,0.5,0.0,0,0,0.0,0.0,0
13,区间扫高立即跌回空头,流动性反转,16,False,b12fda698fe02a94,REJECTED,False,总交易不足|活跃月份不足|盈利因子不足|实际盈亏比不足|累计净R不足,11.0,False,0.0,0.0,0,0,0.0,0.0,0.0,0.0,0.0,0.0,0.0,0.0,0.5,0.0,0,0,0.0,0.0,0
13,区间扫高立即跌回空头,流动性反转,17,False,74af1a26f945f717,REJECTED,False,总交易不足|活跃月份不足|盈利因子不足|实际盈亏比不足|累计净R不足,11.0,False,0.0,0.0,0,0,0.0,0.0,0.0,0.0,0.0,0.0,0.0,0.0,0.5,0.0,0,0,0.0,0.0,0
13,区间扫高立即跌回空头,流动性反转,18,False,3edc0d26623f0714,REJECTED,False,总交易不足|活跃月份不足|盈利因子不足|实际盈亏比不足|累计净R不足,11.0,False,0.0,0.0,0,0,0.0,0.0,0.0,0.0,0.0,0.0,0.0,0.0,0.5,0.0,0,0,0.0,0.0,0
13,区间扫高立即跌回空头,流动性反转,19,False,8117193e47b672bb,REJECTED,False,总交易不足|活跃月份不足|盈利因子不足|实际盈亏比不足|累计净R不足,11.0,False,0.0,0.0,0,0,0.0,0.0,0.0,0.0,0.0,0.0,0.0,0.0,0.5,0.0,0,0,0.0,0.0,0
13,区间扫高立即跌回空头,流动性反转,20,False,b1e22c71ec2cc40c,REJECTED,False,总交易不足|活跃月份不足|盈利因子不足|实际盈亏比不足|累计净R不足,11.0,False,0.0,0.0,0,0,0.0,0.0,0.0,0.0,0.0,0.0,0.0,0.0,0.5,0.0,0,0,0.0,0.0,0
13,区间扫高立即跌回空头,流动性反转,21,False,c4a2779d60f7fe7d,REJECTED,False,总交易不足|活跃月份不足|盈利因子不足|实际盈亏比不足|累计净R不足,11.0,False,0.0,0.0,0,0,0.0,0.0,0.0,0.0,0.0,0.0,0.0,0.0,0.5,0.0,0,0,0.0,0.0,0
13,区间扫高立即跌回空头,流动性反转,22,False,4a2e9ec6569260b5,REJECTED,False,总交易不足|活跃月份不足|盈利因子不足|实际盈亏比不足|累计净R不足,11.0,False,0.0,0.0,0,0,0.0,0.0,0.0,0.0,0.0,0.0,0.0,0.0,0.5,0.0,0,0,0.0,0.0,0
13,区间扫高立即跌回空头,流动性反转,23,False,d416d8adf0bb42b4,REJECTED,False,总交易不足|活跃月份不足|盈利因子不足|实际盈亏比不足|累计净R不足,11.0,False,0.0,0.0,0,0,0.0,0.0,0.0,0.0,0.0,0.0,0.0,0.0,0.5,0.0,0,0,0.0,0.0,0
13,区间扫高立即跌回空头,流动性反转,24,False,4b2eb6be916e62f2,REJECTED,False,总交易不足|活跃月份不足|盈利因子不足|实际盈亏比不足|累计净R不足,11.0,False,0.0,0.0,0,0,0.0,0.0,0.0,0.0,0.0,0.0,0.0,0.0,0.5,0.0,0,0,0.0,0.0,0
14,扫低后确认K多头,流动性确认,1,True,2a8da9b9f57c9899,REJECTED,False,活跃月份不足|盈利因子不足,15.01186803405388,False,0.5,0.4666666666666666,3,1,0.3333333333333333,1.6952172522010793,0.7535713398396482,2.249577661169815,1.1247888305849074,0.1880745725217829,1.3032730625724,0.06269152417392763,0.45454545454545453,0.13564322306091547,1,1,0.0,1.0,3
14,扫低后确认K多头,流动性确认,2,False,3665511e827ece11,REJECTED,False,活跃月份不足|盈利因子不足,15.01186803405388,False,0.5,0.4666666666666666,3,1,0.3333333333333333,1.6952172522010793,0.7535713398396482,2.249577661169815,1.1247888305849074,0.1880745725217829,1.3032730625724,0.06269152417392763,0.45454545454545453,0.13564322306091547,1,1,0.0,1.0,3
14,扫低后确认K多头,流动性确认,3,False,71c2ef63dd7702cc,REJECTED,False,活跃月份不足|盈利因子不足|实际盈亏比不足|累计净R不足|最差月份亏损过大,-18.10417707681485,False,0.3333333333333333,0.4666666666666666,3,0,0.0,0.0,0.9368059025604949,0.0,0.0,-2.8104177076814847,2.8104177076814847,-0.9368059025604949,0.36363636363636365,0.0,1,0,-2.8104177076814847,0.0,3
14,扫低后确认K多头,流动性确认,4,False,b41d7a5866e6f127,REJECTED,False,活跃月份不足|盈利因子不足|实际盈亏比不足|累计净R不足|最差月份亏损过大,-18.10417707681485,False,0.3333333333333333,0.4666666666666666,3,0,0.0,0.0,0.9368059025604949,0.0,0.0,-2.8104177076814847,2.8104177076814847,-0.9368059025604949,0.36363636363636365,0.0,1,0,-2.8104177076814847,0.0,3
14,扫低后确认K多头,流动性确认,5,False,72f282e6092dfc7d,REJECTED,False,活跃月份不足|盈利因子不足|累计净R不足,13.26810146383901,False,0.0,0.7333333333333334,3,1,0.3333333333333333,1.4649408595330862,0.7939242842761837,1.845189634007309,0.9225948170036545,-0.12290770901928116,1.5878485685523673,-0.040969236339760386,0.45454545454545453,0.13564322306091547,1,0,-0.12290770901928116,0.0,3
14,扫低后确认K多头,流动性确认,6,False,f76863b8851dfca5,REJECTED,False,活跃月份不足|盈利因子不足|累计净R不足,13.26810146383901,False,0.0,0.7333333333333334,3,1,0.3333333333333333,1.4649408595330862,0.7939242842761837,1.845189634007309,0.9225948170036545,-0.12290770901928116,1.5878485685523673,-0.040969236339760386,0.45454545454545453,0.13564322306091547,1,0,-0.12290770901928116,0.0,3
14,扫低后确认K多头,流动性确认,7,False,67242355ab781d13,REJECTED,False,活跃月份不足|盈利因子不足|累计净R不足,13.26810146383901,False,0.0,0.7333333333333334,3,1,0.3333333333333333,1.4649408595330862,0.7939242842761837,1.845189634007309,0.9225948170036545,-0.12290770901928116,1.5878485685523673,-0.040969236339760386,0.45454545454545453,0.13564322306091547,1,0,-0.12290770901928116,0.0,3
14,扫低后确认K多头,流动性确认,8,False,07345f01afffed80,REJECTED,False,活跃月份不足|盈利因子不足|累计净R不足,13.26810146383901,False,0.0,0.7333333333333334,3,1,0.3333333333333333,1.4649408595330862,0.7939242842761837,1.845189634007309,0.9225948170036545,-0.12290770901928116,1.5878485685523673,-0.040969236339760386,0.45454545454545453,0.13564322306091547,1,0,-0.12290770901928116,0.0,3
14,扫低后确认K多头,流动性确认,9,False,3bd6a29bd8ffd119,REJECTED,False,总交易不足|活跃月份不足,16.649992191253087,False,0.3333333333333333,0.30000000000000004,2,1,0.5,1.6952172522010793,1.3032730625724,1.3007383493794156,1.3007383493794156,0.3919441896286793,1.3032730625724,0.19597209481433964,0.5,0.21132486540518713,1,1,0.0,1.0,2
14,扫低后确认K多头,流动性确认,10,False,b36a78b497536923,REJECTED,False,总交易不足|活跃月份不足,16.649992191253087,False,0.3333333333333333,0.30000000000000004,2,1,0.5,1.6952172522010793,1.3032730625724,1.3007383493794156,1.3007383493794156,0.3919441896286793,1.3032730625724,0.19597209481433964,0.5,0.21132486540518713,1,1,0.0,1.0,2
14,扫低后确认K多头,流动性确认,11,False,38fd8dd92687917a,REJECTED,False,总交易不足|活跃月份不足|盈利因子不足|实际盈亏比不足|累计净R不足|最差月份亏损过大,-15.265480905745884,False,0.3333333333333333,0.30000000000000004,2,0,0.0,0.0,1.3032740452872942,0.0,0.0,-2.6065480905745884,2.6065480905745884,-1.3032740452872942,0.4,0.0,1,0,-2.6065480905745884,0.0,2
14,扫低后确认K多头,流动性确认,12,False,21936f6490775bd2,REJECTED,False,总交易不足|活跃月份不足|盈利因子不足|实际盈亏比不足|累计净R不足|最差月份亏损过大,-15.265480905745884,False,0.3333333333333333,0.30000000000000004,2,0,0.0,0.0,1.3032740452872942,0.0,0.0,-2.6065480905745884,2.6065480905745884,-1.3032740452872942,0.4,0.0,1,0,-2.6065480905745884,0.0,2
14,扫低后确认K多头,流动性确认,13,False,420368888784e2fc,REJECTED,False,总交易不足|活跃月份不足|盈利因子不足|实际盈亏比不足|累计净R不足,-5.078485685523673,False,0.0,0.8,2,0,0.0,0.0,0.7939242842761837,0.0,0.0,-1.5878485685523673,1.5878485685523673,-0.7939242842761837,0.4,0.0,1,0,-1.5878485685523673,0.0,2
14,扫低后确认K多头,流动性确认,14,False,1fa2d0adac1f694e,REJECTED,False,总交易不足|活跃月份不足|盈利因子不足|实际盈亏比不足|累计净R不足,-5.078485685523673,False,0.0,0.8,2,0,0.0,0.0,0.7939242842761837,0.0,0.0,-1.5878485685523673,1.5878485685523673,-0.7939242842761837,0.4,0.0,1,0,-1.5878485685523673,0.0,2
14,扫低后确认K多头,流动性确认,15,False,7d7a7d7e99a93f56,REJECTED,False,总交易不足|活跃月份不足|盈利因子不足|实际盈亏比不足|累计净R不足,-5.078485685523673,False,0.0,0.8,2,0,0.0,0.0,0.7939242842761837,0.0,0.0,-1.5878485685523673,1.5878485685523673,-0.7939242842761837,0.4,0.0,1,0,-1.5878485685523673,0.0,2
14,扫低后确认K多头,流动性确认,16,False,4f8892529ef7fd80,REJECTED,False,总交易不足|活跃月份不足|盈利因子不足|实际盈亏比不足|累计净R不足,-5.078485685523673,False,0.0,0.8,2,0,0.0,0.0,0.7939242842761837,0.0,0.0,-1.5878485685523673,1.5878485685523673,-0.7939242842761837,0.4,0.0,1,0,-1.5878485685523673,0.0,2
14,扫低后确认K多头,流动性确认,17,False,2be5a1e851a7fe7f,REJECTED,False,总交易不足|活跃月份不足|盈利因子不足|实际盈亏比不足|累计净R不足,-1.2549528479462242,False,0.3333333333333333,0.6,1,0,0.0,0.0,1.3032730625724,0.0,0.0,-1.3032730625724,1.3032730625724,-1.3032730625724,0.4444444444444444,0.0,1,0,-1.3032730625724,0.0,1
14,扫低后确认K多头,流动性确认,18,False,84d87b4ed9339dcb,REJECTED,False,总交易不足|活跃月份不足|盈利因子不足|实际盈亏比不足|累计净R不足,-1.2549528479462242,False,0.3333333333333333,0.6,1,0,0.0,0.0,1.3032730625724,0.0,0.0,-1.3032730625724,1.3032730625724,-1.3032730625724,0.4444444444444444,0.0,1,0,-1.3032730625724,0.0,1
14,扫低后确认K多头,流动性确认,19,False,1edfecdef34adcd5,REJECTED,False,总交易不足|活跃月份不足|盈利因子不足|实际盈亏比不足|累计净R不足,-1.2549480016819987,False,0.16666666666666666,0.6,1,0,0.0,0.0,1.3032725779459775,0.0,0.0,-1.3032725779459775,1.3032725779459775,-1.3032725779459775,0.4444444444444444,0.0,1,0,-1.3032725779459775,0.0,1
14,扫低后确认K多头,流动性确认,20,False,6ff2232841103a1c,REJECTED,False,总交易不足|活跃月份不足|盈利因子不足|实际盈亏比不足|累计净R不足,-1.2549480016819987,False,0.16666666666666666,0.6,1,0,0.0,0.0,1.3032725779459775,0.0,0.0,-1.3032725779459775,1.3032725779459775,-1.3032725779459775,0.4444444444444444,0.0,1,0,-1.3032725779459775,0.0,1
14,扫低后确认K多头,流动性确认,21,False,00818180b499d433,REJECTED,False,总交易不足|活跃月份不足|盈利因子不足|实际盈亏比不足|累计净R不足,9.235837496469587,False,0.0,1.0,1,0,0.0,0.0,0.254194028130819,0.0,0.0,-0.254194028130819,0.254194028130819,-0.254194028130819,0.4444444444444444,0.0,1,0,-0.254194028130819,0.0,1
14,扫低后确认K多头,流动性确认,22,False,5b5b7008347a3d18,REJECTED,False,总交易不足|活跃月份不足|盈利因子不足|实际盈亏比不足|累计净R不足,9.235837496469587,False,0.0,1.0,1,0,0.0,0.0,0.254194028130819,0.0,0.0,-0.254194028130819,0.254194028130819,-0.254194028130819,0.4444444444444444,0.0,1,0,-0.254194028130819,0.0,1
14,扫低后确认K多头,流动性确认,23,False,a4f97b8bb7d46478,REJECTED,False,总交易不足|活跃月份不足|盈利因子不足|实际盈亏比不足|累计净R不足,9.235837496469587,False,0.0,1.0,1,0,0.0,0.0,0.254194028130819,0.0,0.0,-0.254194028130819,0.254194028130819,-0.254194028130819,0.4444444444444444,0.0,1,0,-0.254194028130819,0.0,1
14,扫低后确认K多头,流动性确认,24,False,689dcc0f1df64482,REJECTED,False,总交易不足|活跃月份不足|盈利因子不足|实际盈亏比不足|累计净R不足,9.235837496469587,False,0.0,1.0,1,0,0.0,0.0,0.254194028130819,0.0,0.0,-0.254194028130819,0.254194028130819,-0.254194028130819,0.4444444444444444,0.0,1,0,-0.254194028130819,0.0,1
15,扫高后确认K空头,流动性确认,1,True,2605712f51fd787a,REJECTED,False,总交易不足|活跃月份不足|盈利因子不足|实际盈亏比不足|累计净R不足,11.0,False,0.0,0.0,0,0,0.0,0.0,0.0,0.0,0.0,0.0,0.0,0.0,0.5,0.0,0,0,0.0,0.0,0
15,扫高后确认K空头,流动性确认,2,False,ad171291b2832277,REJECTED,False,总交易不足|活跃月份不足|盈利因子不足|实际盈亏比不足|累计净R不足,11.0,False,0.0,0.0,0,0,0.0,0.0,0.0,0.0,0.0,0.0,0.0,0.0,0.5,0.0,0,0,0.0,0.0,0
15,扫高后确认K空头,流动性确认,3,False,f9705cde0e0b2575,REJECTED,False,总交易不足|活跃月份不足|盈利因子不足|实际盈亏比不足|累计净R不足,11.0,False,0.0,0.0,0,0,0.0,0.0,0.0,0.0,0.0,0.0,0.0,0.0,0.5,0.0,0,0,0.0,0.0,0
15,扫高后确认K空头,流动性确认,4,False,d842013a14069c4c,REJECTED,False,总交易不足|活跃月份不足|盈利因子不足|实际盈亏比不足|累计净R不足,11.0,False,0.0,0.0,0,0,0.0,0.0,0.0,0.0,0.0,0.0,0.0,0.0,0.5,0.0,0,0,0.0,0.0,0
15,扫高后确认K空头,流动性确认,5,False,b2a34c801fcf5f6c,REJECTED,False,总交易不足|活跃月份不足|盈利因子不足|实际盈亏比不足|累计净R不足,11.0,False,0.0,0.0,0,0,0.0,0.0,0.0,0.0,0.0,0.0,0.0,0.0,0.5,0.0,0,0,0.0,0.0,0
15,扫高后确认K空头,流动性确认,6,False,42e48b89c4d71b37,REJECTED,False,总交易不足|活跃月份不足|盈利因子不足|实际盈亏比不足|累计净R不足,11.0,False,0.0,0.0,0,0,0.0,0.0,0.0,0.0,0.0,0.0,0.0,0.0,0.5,0.0,0,0,0.0,0.0,0
15,扫高后确认K空头,流动性确认,7,False,8868f646ad2e2ba0,REJECTED,False,总交易不足|活跃月份不足|盈利因子不足|实际盈亏比不足|累计净R不足,11.0,False,0.0,0.0,0,0,0.0,0.0,0.0,0.0,0.0,0.0,0.0,0.0,0.5,0.0,0,0,0.0,0.0,0
15,扫高后确认K空头,流动性确认,8,False,00ab8f4d1b44c403,REJECTED,False,总交易不足|活跃月份不足|盈利因子不足|实际盈亏比不足|累计净R不足,11.0,False,0.0,0.0,0,0,0.0,0.0,0.0,0.0,0.0,0.0,0.0,0.0,0.5,0.0,0,0,0.0,0.0,0
15,扫高后确认K空头,流动性确认,9,False,7a6d38978ba102a4,REJECTED,False,总交易不足|活跃月份不足|盈利因子不足|实际盈亏比不足|累计净R不足,11.0,False,0.0,0.0,0,0,0.0,0.0,0.0,0.0,0.0,0.0,0.0,0.0,0.5,0.0,0,0,0.0,0.0,0
15,扫高后确认K空头,流动性确认,10,False,d8a0649849303368,REJECTED,False,总交易不足|活跃月份不足|盈利因子不足|实际盈亏比不足|累计净R不足,11.0,False,0.0,0.0,0,0,0.0,0.0,0.0,0.0,0.0,0.0,0.0,0.0,0.5,0.0,0,0,0.0,0.0,0
15,扫高后确认K空头,流动性确认,11,False,b9fbb15876315307,REJECTED,False,总交易不足|活跃月份不足|盈利因子不足|实际盈亏比不足|累计净R不足,11.0,False,0.0,0.0,0,0,0.0,0.0,0.0,0.0,0.0,0.0,0.0,0.0,0.5,0.0,0,0,0.0,0.0,0
15,扫高后确认K空头,流动性确认,12,False,e95f120e47a658e8,REJECTED,False,总交易不足|活跃月份不足|盈利因子不足|实际盈亏比不足|累计净R不足,11.0,False,0.0,0.0,0,0,0.0,0.0,0.0,0.0,0.0,0.0,0.0,0.0,0.5,0.0,0,0,0.0,0.0,0
15,扫高后确认K空头,流动性确认,13,False,f2f7aa2425dbe839,REJECTED,False,总交易不足|活跃月份不足|盈利因子不足|实际盈亏比不足|累计净R不足,11.0,False,0.0,0.0,0,0,0.0,0.0,0.0,0.0,0.0,0.0,0.0,0.0,0.5,0.0,0,0,0.0,0.0,0
15,扫高后确认K空头,流动性确认,14,False,2568490cae64c5bb,REJECTED,False,总交易不足|活跃月份不足|盈利因子不足|实际盈亏比不足|累计净R不足,11.0,False,0.0,0.0,0,0,0.0,0.0,0.0,0.0,0.0,0.0,0.0,0.0,0.5,0.0,0,0,0.0,0.0,0
15,扫高后确认K空头,流动性确认,15,False,034ee2cc753affcc,REJECTED,False,总交易不足|活跃月份不足|盈利因子不足|实际盈亏比不足|累计净R不足,11.0,False,0.0,0.0,0,0,0.0,0.0,0.0,0.0,0.0,0.0,0.0,0.0,0.5,0.0,0,0,0.0,0.0,0
15,扫高后确认K空头,流动性确认,16,False,b43046a64e723e36,REJECTED,False,总交易不足|活跃月份不足|盈利因子不足|实际盈亏比不足|累计净R不足,11.0,False,0.0,0.0,0,0,0.0,0.0,0.0,0.0,0.0,0.0,0.0,0.0,0.5,0.0,0,0,0.0,0.0,0
15,扫高后确认K空头,流动性确认,17,False,bf556bdaaf9a4a0d,REJECTED,False,总交易不足|活跃月份不足|盈利因子不足|实际盈亏比不足|累计净R不足,11.0,False,0.0,0.0,0,0,0.0,0.0,0.0,0.0,0.0,0.0,0.0,0.0,0.5,0.0,0,0,0.0,0.0,0
15,扫高后确认K空头,流动性确认,18,False,16b3ed2f1a8d3162,REJECTED,False,总交易不足|活跃月份不足|盈利因子不足|实际盈亏比不足|累计净R不足,11.0,False,0.0,0.0,0,0,0.0,0.0,0.0,0.0,0.0,0.0,0.0,0.0,0.5,0.0,0,0,0.0,0.0,0
15,扫高后确认K空头,流动性确认,19,False,20f0ba6c78d10718,REJECTED,False,总交易不足|活跃月份不足|盈利因子不足|实际盈亏比不足|累计净R不足,11.0,False,0.0,0.0,0,0,0.0,0.0,0.0,0.0,0.0,0.0,0.0,0.0,0.5,0.0,0,0,0.0,0.0,0
15,扫高后确认K空头,流动性确认,20,False,d5ff2523b8a292ed,REJECTED,False,总交易不足|活跃月份不足|盈利因子不足|实际盈亏比不足|累计净R不足,11.0,False,0.0,0.0,0,0,0.0,0.0,0.0,0.0,0.0,0.0,0.0,0.0,0.5,0.0,0,0,0.0,0.0,0
15,扫高后确认K空头,流动性确认,21,False,c6a949bd61622c50,REJECTED,False,总交易不足|活跃月份不足|盈利因子不足|实际盈亏比不足|累计净R不足,11.0,False,0.0,0.0,0,0,0.0,0.0,0.0,0.0,0.0,0.0,0.0,0.0,0.5,0.0,0,0,0.0,0.0,0
15,扫高后确认K空头,流动性确认,22,False,0515d82ca888c2ae,REJECTED,False,总交易不足|活跃月份不足|盈利因子不足|实际盈亏比不足|累计净R不足,11.0,False,0.0,0.0,0,0,0.0,0.0,0.0,0.0,0.0,0.0,0.0,0.0,0.5,0.0,0,0,0.0,0.0,0
15,扫高后确认K空头,流动性确认,23,False,ba2bfb785cbd1288,REJECTED,False,总交易不足|活跃月份不足|盈利因子不足|实际盈亏比不足|累计净R不足,11.0,False,0.0,0.0,0,0,0.0,0.0,0.0,0.0,0.0,0.0,0.0,0.0,0.5,0.0,0,0,0.0,0.0,0
15,扫高后确认K空头,流动性确认,24,False,8c83bd54a5e2fee1,REJECTED,False,总交易不足|活跃月份不足|盈利因子不足|实际盈亏比不足|累计净R不足,11.0,False,0.0,0.0,0,0,0.0,0.0,0.0,0.0,0.0,0.0,0.0,0.0,0.5,0.0,0,0,0.0,0.0,0
16,区间二次测试不破多头,二次测试,1,True,5911315f52956132,REJECTED,False,活跃月份不足|盈利因子不足,14.406425593251083,False,0.3333333333333333,0.6666666666666666,3,1,0.3333333333333333,1.6953878014577437,0.7534230715560302,2.2502467278527747,1.1251233639263873,0.18854165834568337,1.5068461431120603,0.06284721944856113,0.45454545454545453,0.13564322306091547,1,1,0.0,1.0,3
16,区间二次测试不破多头,二次测试,2,False,b681e4fff4fe196b,REJECTED,False,活跃月份不足|盈利因子不足,14.406425593251083,False,0.3333333333333333,0.6666666666666666,3,1,0.3333333333333333,1.6953878014577437,0.7534230715560302,2.2502467278527747,1.1251233639263873,0.18854165834568337,1.5068461431120603,0.06284721944856113,0.45454545454545453,0.13564322306091547,1,1,0.0,1.0,3
16,区间二次测试不破多头,二次测试,3,False,85f55e0b349ec665,REJECTED,False,活跃月份不足|盈利因子不足|实际盈亏比不足|累计净R不足|最差月份亏损过大,-18.099616143154954,False,0.16666666666666666,0.6666666666666666,3,0,0.0,0.0,0.9366538714384985,0.0,0.0,-2.8099616143154957,2.8099616143154957,-0.9366538714384985,0.36363636363636365,0.0,1,0,-2.8099616143154957,0.0,3
16,区间二次测试不破多头,二次测试,4,False,655f3779f538151d,REJECTED,False,活跃月份不足|盈利因子不足|实际盈亏比不足|累计净R不足|最差月份亏损过大,-18.099616143154954,False,0.16666666666666666,0.6666666666666666,3,0,0.0,0.0,0.9366538714384985,0.0,0.0,-2.8099616143154957,2.8099616143154957,-0.9366538714384985,0.36363636363636365,0.0,1,0,-2.8099616143154957,0.0,3
16,区间二次测试不破多头,二次测试,5,False,4f25ef6e3c91296c,REJECTED,False,活跃月份不足|盈利因子不足|实际盈亏比不足|累计净R不足,0.23815168778459928,False,0.0,0.6666666666666666,3,1,0.3333333333333333,1.4651265816035017,1.3335128787116561,1.098696986728018,0.549348493364009,-1.2018991758198105,2.6670257574233123,-0.40063305860660353,0.45454545454545453,0.13564322306091547,1,0,-1.2018991758198105,0.0,3
16,区间二次测试不破多头,二次测试,6,False,1dfb5e6d840c4952,REJECTED,False,活跃月份不足|盈利因子不足|实际盈亏比不足|累计净R不足,0.23815168778459928,False,0.0,0.6666666666666666,3,1,0.3333333333333333,1.4651265816035017,1.3335128787116561,1.098696986728018,0.549348493364009,-1.2018991758198105,2.6670257574233123,-0.40063305860660353,0.45454545454545453,0.13564322306091547,1,0,-1.2018991758198105,0.0,3
16,区间二次测试不破多头,二次测试,7,False,87426e4370a04dbd,REJECTED,False,活跃月份不足|盈利因子不足|实际盈亏比不足|累计净R不足|最差月份亏损过大,-30.005027757470966,False,0.0,0.6666666666666666,3,0,0.0,0.0,1.3335009252490322,0.0,0.0,-4.000502775747097,4.000502775747097,-1.3335009252490322,0.36363636363636365,0.0,1,0,-4.000502775747097,0.0,3
16,区间二次测试不破多头,二次测试,8,False,b54229b2ade6585e,REJECTED,False,活跃月份不足|盈利因子不足|实际盈亏比不足|累计净R不足|最差月份亏损过大,-30.005027757470966,False,0.0,0.6666666666666666,3,0,0.0,0.0,1.3335009252490322,0.0,0.0,-4.000502775747097,4.000502775747097,-1.3335009252490322,0.36363636363636365,0.0,1,0,-4.000502775747097,0.0,3
16,区间二次测试不破多头,二次测试,9,False,01065f5d93aa55e3,REJECTED,False,总交易不足|活跃月份不足|盈利因子不足|实际盈亏比不足|累计净R不足,-4.268461431120603,False,0.16666666666666666,0.8,2,0,0.0,0.0,0.7534230715560302,0.0,0.0,-1.5068461431120603,1.5068461431120603,-0.7534230715560302,0.4,0.0,1,0,-1.5068461431120603,0.0,2
16,区间二次测试不破多头,二次测试,10,False,314a71a00d48fc70,REJECTED,False,总交易不足|活跃月份不足|盈利因子不足|实际盈亏比不足|累计净R不足,-4.268461431120603,False,0.16666666666666666,0.8,2,0,0.0,0.0,0.7534230715560302,0.0,0.0,-1.5068461431120603,1.5068461431120603,-0.7534230715560302,0.4,0.0,1,0,-1.5068461431120603,0.0,2
16,区间二次测试不破多头,二次测试,11,False,ed65f538acbfe2a3,REJECTED,False,总交易不足|活跃月份不足|盈利因子不足|实际盈亏比不足|累计净R不足,-4.268461431120603,False,0.16666666666666666,0.8,2,0,0.0,0.0,0.7534230715560302,0.0,0.0,-1.5068461431120603,1.5068461431120603,-0.7534230715560302,0.4,0.0,1,0,-1.5068461431120603,0.0,2
16,区间二次测试不破多头,二次测试,12,False,45e26f4f08235f86,REJECTED,False,总交易不足|活跃月份不足|盈利因子不足|实际盈亏比不足|累计净R不足,-4.268461431120603,False,0.16666666666666666,0.8,2,0,0.0,0.0,0.7534230715560302,0.0,0.0,-1.5068461431120603,1.5068461431120603,-0.7534230715560302,0.4,0.0,1,0,-1.5068461431120603,0.0,2
16,区间二次测试不破多头,二次测试,13,False,d13a88e879832a05,REJECTED,False,总交易不足|活跃月份不足|盈利因子不足|实际盈亏比不足|累计净R不足|最差月份亏损过大,-15.870257574233124,False,0.0,0.8,2,0,0.0,0.0,1.3335128787116561,0.0,0.0,-2.6670257574233123,2.6670257574233123,-1.3335128787116561,0.4,0.0,1,0,-2.6670257574233123,0.0,2
16,区间二次测试不破多头,二次测试,14,False,f1eec51a4df1ea91,REJECTED,False,总交易不足|活跃月份不足|盈利因子不足|实际盈亏比不足|累计净R不足|最差月份亏损过大,-15.870257574233124,False,0.0,0.8,2,0,0.0,0.0,1.3335128787116561,0.0,0.0,-2.6670257574233123,2.6670257574233123,-1.3335128787116561,0.4,0.0,1,0,-2.6670257574233123,0.0,2
16,区间二次测试不破多头,二次测试,15,False,fdcdd485dc4dbc62,REJECTED,False,总交易不足|活跃月份不足|盈利因子不足|实际盈亏比不足|累计净R不足|最差月份亏损过大,-15.870257574233124,False,0.0,0.8,2,0,0.0,0.0,1.3335128787116561,0.0,0.0,-2.6670257574233123,2.6670257574233123,-1.3335128787116561,0.4,0.0,1,0,-2.6670257574233123,0.0,2
16,区间二次测试不破多头,二次测试,16,False,404b2196c88cf3fe,REJECTED,False,总交易不足|活跃月份不足|盈利因子不足|实际盈亏比不足|累计净R不足|最差月份亏损过大,-15.870257574233124,False,0.0,0.8,2,0,0.0,0.0,1.3335128787116561,0.0,0.0,-2.6670257574233123,2.6670257574233123,-1.3335128787116561,0.4,0.0,1,0,-2.6670257574233123,0.0,2
16,区间二次测试不破多头,二次测试,17,False,536f4ef3fe93694c,REJECTED,False,总交易不足|活跃月份不足|盈利因子不足|实际盈亏比不足|累计净R不足,9.740720674591993,False,0.16666666666666666,1.0,1,0,0.0,0.0,0.20370571031857831,0.0,0.0,-0.20370571031857831,0.20370571031857831,-0.20370571031857831,0.4444444444444444,0.0,1,0,-0.20370571031857831,0.0,1
16,区间二次测试不破多头,二次测试,18,False,2d72bfe36b1457fe,REJECTED,False,总交易不足|活跃月份不足|盈利因子不足|实际盈亏比不足|累计净R不足,9.740720674591993,False,0.16666666666666666,1.0,1,0,0.0,0.0,0.20370571031857831,0.0,0.0,-0.20370571031857831,0.20370571031857831,-0.20370571031857831,0.4444444444444444,0.0,1,0,-0.20370571031857831,0.0,1
16,区间二次测试不破多头,二次测试,19,False,0c5ed681f60edf5d,REJECTED,False,总交易不足|活跃月份不足|盈利因子不足|实际盈亏比不足|累计净R不足,9.740720674591993,False,0.0,1.0,1,0,0.0,0.0,0.20370571031857831,0.0,0.0,-0.20370571031857831,0.20370571031857831,-0.20370571031857831,0.4444444444444444,0.0,1,0,-0.20370571031857831,0.0,1
16,区间二次测试不破多头,二次测试,20,False,e020723b885085d1,REJECTED,False,总交易不足|活跃月份不足|盈利因子不足|实际盈亏比不足|累计净R不足,9.740720674591993,False,0.0,1.0,1,0,0.0,0.0,0.20370571031857831,0.0,0.0,-0.20370571031857831,0.20370571031857831,-0.20370571031857831,0.4444444444444444,0.0,1,0,-0.20370571031857831,0.0,1
16,区间二次测试不破多头,二次测试,21,False,c8a4baab2eca4d24,REJECTED,False,总交易不足|活跃月份不足|盈利因子不足|实际盈亏比不足|累计净R不足,-1.5574350357268507,False,0.0,1.0,1,0,0.0,0.0,1.3335212813504627,0.0,0.0,-1.3335212813504627,1.3335212813504627,-1.3335212813504627,0.4444444444444444,0.0,1,0,-1.3335212813504627,0.0,1
16,区间二次测试不破多头,二次测试,22,False,798280813e036d0a,REJECTED,False,总交易不足|活跃月份不足|盈利因子不足|实际盈亏比不足|累计净R不足,-1.5574350357268507,False,0.0,1.0,1,0,0.0,0.0,1.3335212813504627,0.0,0.0,-1.3335212813504627,1.3335212813504627,-1.3335212813504627,0.4444444444444444,0.0,1,0,-1.3335212813504627,0.0,1
16,区间二次测试不破多头,二次测试,23,False,bc5c334a1ad91a57,REJECTED,False,总交易不足|活跃月份不足|盈利因子不足|实际盈亏比不足|累计净R不足,-1.5574350357268507,False,0.0,1.0,1,0,0.0,0.0,1.3335212813504627,0.0,0.0,-1.3335212813504627,1.3335212813504627,-1.3335212813504627,0.4444444444444444,0.0,1,0,-1.3335212813504627,0.0,1
16,区间二次测试不破多头,二次测试,24,False,406e94298e14dc81,REJECTED,False,总交易不足|活跃月份不足|盈利因子不足|实际盈亏比不足|累计净R不足,-1.5574350357268507,False,0.0,1.0,1,0,0.0,0.0,1.3335212813504627,0.0,0.0,-1.3335212813504627,1.3335212813504627,-1.3335212813504627,0.4444444444444444,0.0,1,0,-1.3335212813504627,0.0,1
17,区间二次测试不破空头,二次测试,1,True,add1fc0880238799,REJECTED,False,盈利因子不足|累计净R不足,4.16069518496781,False,0.0,0.6499999999999999,4,1,0.25,1.6971258918416485,0.9375424739284869,1.8101856065574908,0.6033952021858302,-1.115501529943812,1.5082074631929385,-0.278875382485953,0.4166666666666667,0.1,2,1,-1.3043699315826711,1.0,3
17,区间二次测试不破空头,二次测试,2,False,149f9d6345c0f173,REJECTED,False,盈利因子不足|累计净R不足,4.16069518496781,False,0.0,0.6499999999999999,4,1,0.25,1.6971258918416485,0.9375424739284869,1.8101856065574908,0.6033952021858302,-1.115501529943812,1.5082074631929385,-0.278875382485953,0.4166666666666667,0.1,2,1,-1.3043699315826711,1.0,3
17,区间二次测试不破空头,二次测试,3,False,6cc740370eb32fb5,REJECTED,False,盈利因子不足|累计净R不足,6.464772914568261,False,0.0,0.8666666666666667,3,1,0.3333333333333333,1.6971258918416485,1.3043949450875965,1.3010828493571618,0.6505414246785809,-0.9116639983335446,1.304419958592522,-0.3038879994445149,0.45454545454545453,0.13564322306091547,2,1,-1.3043699315826711,1.0,2
17,区间二次测试不破空头,二次测试,4,False,bf38897e53b42247,REJECTED,False,盈利因子不足|累计净R不足,6.464772914568261,False,0.0,0.8666666666666667,3,1,0.3333333333333333,1.6971258918416485,1.3043949450875965,1.3010828493571618,0.6505414246785809,-0.9116639983335446,1.304419958592522,-0.3038879994445149,0.45454545454545453,0.13564322306091547,2,1,-1.3043699315826711,1.0,2
17,区间二次测试不破空头,二次测试,5,False,e7d60a4c4328603e,REJECTED,False,总交易不足|盈利因子不足|实际盈亏比不足|累计净R不足,-13.28789890175193,False,0.0,0.8,2,0,0.0,0.0,1.3043949450875965,0.0,0.0,-2.608789890175193,2.608789890175193,-1.3043949450875965,0.4,0.0,2,0,-1.304419958592522,0.0,1
17,区间二次测试不破空头,二次测试,6,False,501839e0add93b25,REJECTED,False,总交易不足|盈利因子不足|实际盈亏比不足|累计净R不足,-13.28789890175193,False,0.0,0.8,2,0,0.0,0.0,1.3043949450875965,0.0,0.0,-2.608789890175193,2.608789890175193,-1.3043949450875965,0.4,0.0,2,0,-1.304419958592522,0.0,1
17,区间二次测试不破空头,二次测试,7,False,3255664f0fa52594,REJECTED,False,总交易不足|活跃月份不足|盈利因子不足|实际盈亏比不足|累计净R不足,9.739402461675102,False,0.0,1.0,1,0,0.0,0.0,0.20383753161026744,0.0,0.0,-0.20383753161026744,0.20383753161026744,-0.20383753161026744,0.4444444444444444,0.0,1,0,-0.20383753161026744,0.0,1
17,区间二次测试不破空头,二次测试,8,False,8e6fc1c19e11f64a,REJECTED,False,总交易不足|活跃月份不足|盈利因子不足|实际盈亏比不足|累计净R不足,9.739402461675102,False,0.0,1.0,1,0,0.0,0.0,0.20383753161026744,0.0,0.0,-0.20383753161026744,0.20383753161026744,-0.20383753161026744,0.4444444444444444,0.0,1,0,-0.20383753161026744,0.0,1
17,区间二次测试不破空头,二次测试,9,False,4b68a77eeb58eaab,REJECTED,False,总交易不足|活跃月份不足|盈利因子不足|实际盈亏比不足|累计净R不足,9.739402461675102,False,0.0,1.0,1,0,0.0,0.0,0.20383753161026744,0.0,0.0,-0.20383753161026744,0.20383753161026744,-0.20383753161026744,0.4444444444444444,0.0,1,0,-0.20383753161026744,0.0,1
17,区间二次测试不破空头,二次测试,10,False,ea3956eafa7890ce,REJECTED,False,总交易不足|活跃月份不足|盈利因子不足|实际盈亏比不足|累计净R不足,9.739402461675102,False,0.0,1.0,1,0,0.0,0.0,0.20383753161026744,0.0,0.0,-0.20383753161026744,0.20383753161026744,-0.20383753161026744,0.4444444444444444,0.0,1,0,-0.20383753161026744,0.0,1
17,区间二次测试不破空头,二次测试,11,False,0f67ec027305f281,REJECTED,False,总交易不足|活跃月份不足|盈利因子不足|实际盈亏比不足|累计净R不足,9.739402461675102,False,0.0,0.8,1,0,0.0,0.0,0.20383753161026744,0.0,0.0,-0.20383753161026744,0.20383753161026744,-0.20383753161026744,0.4444444444444444,0.0,1,0,-0.20383753161026744,0.0,1
17,区间二次测试不破空头,二次测试,12,False,856bb07055e29e6f,REJECTED,False,总交易不足|活跃月份不足|盈利因子不足|实际盈亏比不足|累计净R不足,9.739402461675102,False,0.0,0.8,1,0,0.0,0.0,0.20383753161026744,0.0,0.0,-0.20383753161026744,0.20383753161026744,-0.20383753161026744,0.4444444444444444,0.0,1,0,-0.20383753161026744,0.0,1
17,区间二次测试不破空头,二次测试,13,False,f58e1769c9572a4e,REJECTED,False,总交易不足|活跃月份不足|盈利因子不足|实际盈亏比不足|累计净R不足,11.0,False,0.0,0.0,0,0,0.0,0.0,0.0,0.0,0.0,0.0,0.0,0.0,0.5,0.0,0,0,0.0,0.0,0
17,区间二次测试不破空头,二次测试,14,False,1134d1c0f23db557,REJECTED,False,总交易不足|活跃月份不足|盈利因子不足|实际盈亏比不足|累计净R不足,11.0,False,0.0,0.0,0,0,0.0,0.0,0.0,0.0,0.0,0.0,0.0,0.0,0.5,0.0,0,0,0.0,0.0,0
17,区间二次测试不破空头,二次测试,15,False,612542f171a6f901,REJECTED,False,总交易不足|活跃月份不足|盈利因子不足|实际盈亏比不足|累计净R不足,11.0,False,0.0,0.0,0,0,0.0,0.0,0.0,0.0,0.0,0.0,0.0,0.0,0.5,0.0,0,0,0.0,0.0,0
17,区间二次测试不破空头,二次测试,16,False,141ec2a1ee2d5db9,REJECTED,False,总交易不足|活跃月份不足|盈利因子不足|实际盈亏比不足|累计净R不足,11.0,False,0.0,0.0,0,0,0.0,0.0,0.0,0.0,0.0,0.0,0.0,0.0,0.5,0.0,0,0,0.0,0.0,0
17,区间二次测试不破空头,二次测试,17,False,491562ee537ce199,REJECTED,False,总交易不足|活跃月份不足|盈利因子不足|实际盈亏比不足|累计净R不足,11.0,False,0.0,0.0,0,0,0.0,0.0,0.0,0.0,0.0,0.0,0.0,0.0,0.5,0.0,0,0,0.0,0.0,0
17,区间二次测试不破空头,二次测试,18,False,4f1569ce82cf3ac8,REJECTED,False,总交易不足|活跃月份不足|盈利因子不足|实际盈亏比不足|累计净R不足,11.0,False,0.0,0.0,0,0,0.0,0.0,0.0,0.0,0.0,0.0,0.0,0.0,0.5,0.0,0,0,0.0,0.0,0
17,区间二次测试不破空头,二次测试,19,False,a5e09978d51e1405,REJECTED,False,总交易不足|活跃月份不足|盈利因子不足|实际盈亏比不足|累计净R不足,11.0,False,0.0,0.0,0,0,0.0,0.0,0.0,0.0,0.0,0.0,0.0,0.0,0.5,0.0,0,0,0.0,0.0,0
17,区间二次测试不破空头,二次测试,20,False,af92226461d668a2,REJECTED,False,总交易不足|活跃月份不足|盈利因子不足|实际盈亏比不足|累计净R不足,11.0,False,0.0,0.0,0,0,0.0,0.0,0.0,0.0,0.0,0.0,0.0,0.0,0.5,0.0,0,0,0.0,0.0,0
17,区间二次测试不破空头,二次测试,21,False,f663bcf66269abc2,REJECTED,False,总交易不足|活跃月份不足|盈利因子不足|实际盈亏比不足|累计净R不足,11.0,False,0.0,0.0,0,0,0.0,0.0,0.0,0.0,0.0,0.0,0.0,0.0,0.5,0.0,0,0,0.0,0.0,0
17,区间二次测试不破空头,二次测试,22,False,fa0243b2bd62c73d,REJECTED,False,总交易不足|活跃月份不足|盈利因子不足|实际盈亏比不足|累计净R不足,11.0,False,0.0,0.0,0,0,0.0,0.0,0.0,0.0,0.0,0.0,0.0,0.0,0.5,0.0,0,0,0.0,0.0,0
17,区间二次测试不破空头,二次测试,23,False,8d7e4da9f63ad3e2,REJECTED,False,总交易不足|活跃月份不足|盈利因子不足|实际盈亏比不足|累计净R不足,11.0,False,0.0,0.0,0,0,0.0,0.0,0.0,0.0,0.0,0.0,0.0,0.0,0.5,0.0,0,0,0.0,0.0,0
17,区间二次测试不破空头,二次测试,24,False,828c21b13adb0b41,REJECTED,False,总交易不足|活跃月份不足|盈利因子不足|实际盈亏比不足|累计净R不足,11.0,False,0.0,0.0,0,0,0.0,0.0,0.0,0.0,0.0,0.0,0.0,0.0,0.5,0.0,0,0,0.0,0.0,0
18,扫低后站回VWAP多头,流动性VWAP,1,True,8faa2dfdd58009bb,REJECTED,False,总交易不足|活跃月份不足|盈利因子不足|实际盈亏比不足|累计净R不足,11.0,False,0.0,0.0,0,0,0.0,0.0,0.0,0.0,0.0,0.0,0.0,0.0,0.5,0.0,0,0,0.0,0.0,0
18,扫低后站回VWAP多头,流动性VWAP,2,False,ee8fba6716fcedac,REJECTED,False,总交易不足|活跃月份不足|盈利因子不足|实际盈亏比不足|累计净R不足,11.0,False,0.0,0.0,0,0,0.0,0.0,0.0,0.0,0.0,0.0,0.0,0.0,0.5,0.0,0,0,0.0,0.0,0
18,扫低后站回VWAP多头,流动性VWAP,3,False,b03c262c2a21e26a,REJECTED,False,总交易不足|活跃月份不足|盈利因子不足|实际盈亏比不足|累计净R不足,11.0,False,0.0,0.0,0,0,0.0,0.0,0.0,0.0,0.0,0.0,0.0,0.0,0.5,0.0,0,0,0.0,0.0,0
18,扫低后站回VWAP多头,流动性VWAP,4,False,7cfc61db548eeefe,REJECTED,False,总交易不足|活跃月份不足|盈利因子不足|实际盈亏比不足|累计净R不足,11.0,False,0.0,0.0,0,0,0.0,0.0,0.0,0.0,0.0,0.0,0.0,0.0,0.5,0.0,0,0,0.0,0.0,0
18,扫低后站回VWAP多头,流动性VWAP,5,False,4aba94286cf7d2fe,REJECTED,False,总交易不足|活跃月份不足|盈利因子不足|实际盈亏比不足|累计净R不足,11.0,False,0.0,0.0,0,0,0.0,0.0,0.0,0.0,0.0,0.0,0.0,0.0,0.5,0.0,0,0,0.0,0.0,0
18,扫低后站回VWAP多头,流动性VWAP,6,False,7f8c977b070d2da9,REJECTED,False,总交易不足|活跃月份不足|盈利因子不足|实际盈亏比不足|累计净R不足,11.0,False,0.0,0.0,0,0,0.0,0.0,0.0,0.0,0.0,0.0,0.0,0.0,0.5,0.0,0,0,0.0,0.0,0
18,扫低后站回VWAP多头,流动性VWAP,7,False,c58a69dd1f6bab47,REJECTED,False,总交易不足|活跃月份不足|盈利因子不足|实际盈亏比不足|累计净R不足,11.0,False,0.0,0.0,0,0,0.0,0.0,0.0,0.0,0.0,0.0,0.0,0.0,0.5,0.0,0,0,0.0,0.0,0
18,扫低后站回VWAP多头,流动性VWAP,8,False,1ebcd650b0681d85,REJECTED,False,总交易不足|活跃月份不足|盈利因子不足|实际盈亏比不足|累计净R不足,11.0,False,0.0,0.0,0,0,0.0,0.0,0.0,0.0,0.0,0.0,0.0,0.0,0.5,0.0,0,0,0.0,0.0,0
18,扫低后站回VWAP多头,流动性VWAP,9,False,419405996543f4a1,REJECTED,False,总交易不足|活跃月份不足|盈利因子不足|实际盈亏比不足|累计净R不足,11.0,False,0.0,0.0,0,0,0.0,0.0,0.0,0.0,0.0,0.0,0.0,0.0,0.5,0.0,0,0,0.0,0.0,0
18,扫低后站回VWAP多头,流动性VWAP,10,False,e15cfc7fd0e11e25,REJECTED,False,总交易不足|活跃月份不足|盈利因子不足|实际盈亏比不足|累计净R不足,11.0,False,0.0,0.0,0,0,0.0,0.0,0.0,0.0,0.0,0.0,0.0,0.0,0.5,0.0,0,0,0.0,0.0,0
18,扫低后站回VWAP多头,流动性VWAP,11,False,00f902a1c265877f,REJECTED,False,总交易不足|活跃月份不足|盈利因子不足|实际盈亏比不足|累计净R不足,11.0,False,0.0,0.0,0,0,0.0,0.0,0.0,0.0,0.0,0.0,0.0,0.0,0.5,0.0,0,0,0.0,0.0,0
18,扫低后站回VWAP多头,流动性VWAP,12,False,e4d742dd08daa67e,REJECTED,False,总交易不足|活跃月份不足|盈利因子不足|实际盈亏比不足|累计净R不足,11.0,False,0.0,0.0,0,0,0.0,0.0,0.0,0.0,0.0,0.0,0.0,0.0,0.5,0.0,0,0,0.0,0.0,0
18,扫低后站回VWAP多头,流动性VWAP,13,False,e692357b1c80802f,REJECTED,False,总交易不足|活跃月份不足|盈利因子不足|实际盈亏比不足|累计净R不足,11.0,False,0.0,0.0,0,0,0.0,0.0,0.0,0.0,0.0,0.0,0.0,0.0,0.5,0.0,0,0,0.0,0.0,0
18,扫低后站回VWAP多头,流动性VWAP,14,False,f62d8c5dbed05e41,REJECTED,False,总交易不足|活跃月份不足|盈利因子不足|实际盈亏比不足|累计净R不足,11.0,False,0.0,0.0,0,0,0.0,0.0,0.0,0.0,0.0,0.0,0.0,0.0,0.5,0.0,0,0,0.0,0.0,0
18,扫低后站回VWAP多头,流动性VWAP,15,False,89d48005e26ebd66,REJECTED,False,总交易不足|活跃月份不足|盈利因子不足|实际盈亏比不足|累计净R不足,11.0,False,0.0,0.0,0,0,0.0,0.0,0.0,0.0,0.0,0.0,0.0,0.0,0.5,0.0,0,0,0.0,0.0,0
18,扫低后站回VWAP多头,流动性VWAP,16,False,d820ba5f91d95221,REJECTED,False,总交易不足|活跃月份不足|盈利因子不足|实际盈亏比不足|累计净R不足,11.0,False,0.0,0.0,0,0,0.0,0.0,0.0,0.0,0.0,0.0,0.0,0.0,0.5,0.0,0,0,0.0,0.0,0
18,扫低后站回VWAP多头,流动性VWAP,17,False,2158f3ec0ffbbf5a,REJECTED,False,总交易不足|活跃月份不足|盈利因子不足|实际盈亏比不足|累计净R不足,11.0,False,0.0,0.0,0,0,0.0,0.0,0.0,0.0,0.0,0.0,0.0,0.0,0.5,0.0,0,0,0.0,0.0,0
18,扫低后站回VWAP多头,流动性VWAP,18,False,19cda89476d761ed,REJECTED,False,总交易不足|活跃月份不足|盈利因子不足|实际盈亏比不足|累计净R不足,11.0,False,0.0,0.0,0,0,0.0,0.0,0.0,0.0,0.0,0.0,0.0,0.0,0.5,0.0,0,0,0.0,0.0,0
18,扫低后站回VWAP多头,流动性VWAP,19,False,7e5aac4005095bff,REJECTED,False,总交易不足|活跃月份不足|盈利因子不足|实际盈亏比不足|累计净R不足,11.0,False,0.0,0.0,0,0,0.0,0.0,0.0,0.0,0.0,0.0,0.0,0.0,0.5,0.0,0,0,0.0,0.0,0
18,扫低后站回VWAP多头,流动性VWAP,20,False,0fcc8e86eccd71a3,REJECTED,False,总交易不足|活跃月份不足|盈利因子不足|实际盈亏比不足|累计净R不足,11.0,False,0.0,0.0,0,0,0.0,0.0,0.0,0.0,0.0,0.0,0.0,0.0,0.5,0.0,0,0,0.0,0.0,0
18,扫低后站回VWAP多头,流动性VWAP,21,False,bcc16f534219ec07,REJECTED,False,总交易不足|活跃月份不足|盈利因子不足|实际盈亏比不足|累计净R不足,11.0,False,0.0,0.0,0,0,0.0,0.0,0.0,0.0,0.0,0.0,0.0,0.0,0.5,0.0,0,0,0.0,0.0,0
18,扫低后站回VWAP多头,流动性VWAP,22,False,20905a307d250ee7,REJECTED,False,总交易不足|活跃月份不足|盈利因子不足|实际盈亏比不足|累计净R不足,11.0,False,0.0,0.0,0,0,0.0,0.0,0.0,0.0,0.0,0.0,0.0,0.0,0.5,0.0,0,0,0.0,0.0,0
18,扫低后站回VWAP多头,流动性VWAP,23,False,62c23765ddef6dd6,REJECTED,False,总交易不足|活跃月份不足|盈利因子不足|实际盈亏比不足|累计净R不足,11.0,False,0.0,0.0,0,0,0.0,0.0,0.0,0.0,0.0,0.0,0.0,0.0,0.5,0.0,0,0,0.0,0.0,0
18,扫低后站回VWAP多头,流动性VWAP,24,False,9ba363bda445067e,REJECTED,False,总交易不足|活跃月份不足|盈利因子不足|实际盈亏比不足|累计净R不足,11.0,False,0.0,0.0,0,0,0.0,0.0,0.0,0.0,0.0,0.0,0.0,0.0,0.5,0.0,0,0,0.0,0.0,0
19,扫高后跌破VWAP空头,流动性VWAP,1,True,98c02f47708ca242,REJECTED,False,总交易不足|活跃月份不足|盈利因子不足|实际盈亏比不足|累计净R不足,11.0,False,0.0,0.0,0,0,0.0,0.0,0.0,0.0,0.0,0.0,0.0,0.0,0.5,0.0,0,0,0.0,0.0,0
19,扫高后跌破VWAP空头,流动性VWAP,2,False,a990aba15d3af94d,REJECTED,False,总交易不足|活跃月份不足|盈利因子不足|实际盈亏比不足|累计净R不足,11.0,False,0.0,0.0,0,0,0.0,0.0,0.0,0.0,0.0,0.0,0.0,0.0,0.5,0.0,0,0,0.0,0.0,0
19,扫高后跌破VWAP空头,流动性VWAP,3,False,ec155353e9bf7afd,REJECTED,False,总交易不足|活跃月份不足|盈利因子不足|实际盈亏比不足|累计净R不足,11.0,False,0.0,0.0,0,0,0.0,0.0,0.0,0.0,0.0,0.0,0.0,0.0,0.5,0.0,0,0,0.0,0.0,0
19,扫高后跌破VWAP空头,流动性VWAP,4,False,3a543772a53533a9,REJECTED,False,总交易不足|活跃月份不足|盈利因子不足|实际盈亏比不足|累计净R不足,11.0,False,0.0,0.0,0,0,0.0,0.0,0.0,0.0,0.0,0.0,0.0,0.0,0.5,0.0,0,0,0.0,0.0,0
19,扫高后跌破VWAP空头,流动性VWAP,5,False,259d379492c61e5e,REJECTED,False,总交易不足|活跃月份不足|盈利因子不足|实际盈亏比不足|累计净R不足,11.0,False,0.0,0.0,0,0,0.0,0.0,0.0,0.0,0.0,0.0,0.0,0.0,0.5,0.0,0,0,0.0,0.0,0
19,扫高后跌破VWAP空头,流动性VWAP,6,False,1944f490fc67fe2f,REJECTED,False,总交易不足|活跃月份不足|盈利因子不足|实际盈亏比不足|累计净R不足,11.0,False,0.0,0.0,0,0,0.0,0.0,0.0,0.0,0.0,0.0,0.0,0.0,0.5,0.0,0,0,0.0,0.0,0
19,扫高后跌破VWAP空头,流动性VWAP,7,False,7a864d3c81588f0b,REJECTED,False,总交易不足|活跃月份不足|盈利因子不足|实际盈亏比不足|累计净R不足,11.0,False,0.0,0.0,0,0,0.0,0.0,0.0,0.0,0.0,0.0,0.0,0.0,0.5,0.0,0,0,0.0,0.0,0
19,扫高后跌破VWAP空头,流动性VWAP,8,False,fcbbc2d92e2ccd2a,REJECTED,False,总交易不足|活跃月份不足|盈利因子不足|实际盈亏比不足|累计净R不足,11.0,False,0.0,0.0,0,0,0.0,0.0,0.0,0.0,0.0,0.0,0.0,0.0,0.5,0.0,0,0,0.0,0.0,0
19,扫高后跌破VWAP空头,流动性VWAP,9,False,f713a3ab9464b1e8,REJECTED,False,总交易不足|活跃月份不足|盈利因子不足|实际盈亏比不足|累计净R不足,11.0,False,0.0,0.0,0,0,0.0,0.0,0.0,0.0,0.0,0.0,0.0,0.0,0.5,0.0,0,0,0.0,0.0,0
19,扫高后跌破VWAP空头,流动性VWAP,10,False,3cf310a912c38855,REJECTED,False,总交易不足|活跃月份不足|盈利因子不足|实际盈亏比不足|累计净R不足,11.0,False,0.0,0.0,0,0,0.0,0.0,0.0,0.0,0.0,0.0,0.0,0.0,0.5,0.0,0,0,0.0,0.0,0
19,扫高后跌破VWAP空头,流动性VWAP,11,False,2b1cd28c96af1e55,REJECTED,False,总交易不足|活跃月份不足|盈利因子不足|实际盈亏比不足|累计净R不足,11.0,False,0.0,0.0,0,0,0.0,0.0,0.0,0.0,0.0,0.0,0.0,0.0,0.5,0.0,0,0,0.0,0.0,0
19,扫高后跌破VWAP空头,流动性VWAP,12,False,1d4da571073ab1d1,REJECTED,False,总交易不足|活跃月份不足|盈利因子不足|实际盈亏比不足|累计净R不足,11.0,False,0.0,0.0,0,0,0.0,0.0,0.0,0.0,0.0,0.0,0.0,0.0,0.5,0.0,0,0,0.0,0.0,0
19,扫高后跌破VWAP空头,流动性VWAP,13,False,24bc307f20eaf1d9,REJECTED,False,总交易不足|活跃月份不足|盈利因子不足|实际盈亏比不足|累计净R不足,11.0,False,0.0,0.0,0,0,0.0,0.0,0.0,0.0,0.0,0.0,0.0,0.0,0.5,0.0,0,0,0.0,0.0,0
19,扫高后跌破VWAP空头,流动性VWAP,14,False,e86113a5fc78a5ad,REJECTED,False,总交易不足|活跃月份不足|盈利因子不足|实际盈亏比不足|累计净R不足,11.0,False,0.0,0.0,0,0,0.0,0.0,0.0,0.0,0.0,0.0,0.0,0.0,0.5,0.0,0,0,0.0,0.0,0
19,扫高后跌破VWAP空头,流动性VWAP,15,False,27927964966f873c,REJECTED,False,总交易不足|活跃月份不足|盈利因子不足|实际盈亏比不足|累计净R不足,11.0,False,0.0,0.0,0,0,0.0,0.0,0.0,0.0,0.0,0.0,0.0,0.0,0.5,0.0,0,0,0.0,0.0,0
19,扫高后跌破VWAP空头,流动性VWAP,16,False,30036062af572688,REJECTED,False,总交易不足|活跃月份不足|盈利因子不足|实际盈亏比不足|累计净R不足,11.0,False,0.0,0.0,0,0,0.0,0.0,0.0,0.0,0.0,0.0,0.0,0.0,0.5,0.0,0,0,0.0,0.0,0
19,扫高后跌破VWAP空头,流动性VWAP,17,False,e7bda3300b8212f9,REJECTED,False,总交易不足|活跃月份不足|盈利因子不足|实际盈亏比不足|累计净R不足,11.0,False,0.0,0.0,0,0,0.0,0.0,0.0,0.0,0.0,0.0,0.0,0.0,0.5,0.0,0,0,0.0,0.0,0
19,扫高后跌破VWAP空头,流动性VWAP,18,False,d072d653aaa77754,REJECTED,False,总交易不足|活跃月份不足|盈利因子不足|实际盈亏比不足|累计净R不足,11.0,False,0.0,0.0,0,0,0.0,0.0,0.0,0.0,0.0,0.0,0.0,0.0,0.5,0.0,0,0,0.0,0.0,0
19,扫高后跌破VWAP空头,流动性VWAP,19,False,9939c761bab1a990,REJECTED,False,总交易不足|活跃月份不足|盈利因子不足|实际盈亏比不足|累计净R不足,11.0,False,0.0,0.0,0,0,0.0,0.0,0.0,0.0,0.0,0.0,0.0,0.0,0.5,0.0,0,0,0.0,0.0,0
19,扫高后跌破VWAP空头,流动性VWAP,20,False,7e9fe35b983bcf0e,REJECTED,False,总交易不足|活跃月份不足|盈利因子不足|实际盈亏比不足|累计净R不足,11.0,False,0.0,0.0,0,0,0.0,0.0,0.0,0.0,0.0,0.0,0.0,0.0,0.5,0.0,0,0,0.0,0.0,0
19,扫高后跌破VWAP空头,流动性VWAP,21,False,d4cf7abe45227bcd,REJECTED,False,总交易不足|活跃月份不足|盈利因子不足|实际盈亏比不足|累计净R不足,11.0,False,0.0,0.0,0,0,0.0,0.0,0.0,0.0,0.0,0.0,0.0,0.0,0.5,0.0,0,0,0.0,0.0,0
19,扫高后跌破VWAP空头,流动性VWAP,22,False,5d05f1468edb1c81,REJECTED,False,总交易不足|活跃月份不足|盈利因子不足|实际盈亏比不足|累计净R不足,11.0,False,0.0,0.0,0,0,0.0,0.0,0.0,0.0,0.0,0.0,0.0,0.0,0.5,0.0,0,0,0.0,0.0,0
19,扫高后跌破VWAP空头,流动性VWAP,23,False,6da8291098eec55f,REJECTED,False,总交易不足|活跃月份不足|盈利因子不足|实际盈亏比不足|累计净R不足,11.0,False,0.0,0.0,0,0,0.0,0.0,0.0,0.0,0.0,0.0,0.0,0.0,0.5,0.0,0,0,0.0,0.0,0
19,扫高后跌破VWAP空头,流动性VWAP,24,False,dc8de784b2c07afd,REJECTED,False,总交易不足|活跃月份不足|盈利因子不足|实际盈亏比不足|累计净R不足,11.0,False,0.0,0.0,0,0,0.0,0.0,0.0,0.0,0.0,0.0,0.0,0.0,0.5,0.0,0,0,0.0,0.0,0
20,BTC弱于ETH背离修复多头,跨资产背离,1,True,afac444025613291,REJECTED,False,总交易不足|活跃月份不足|盈利因子不足|实际盈亏比不足|累计净R不足,11.0,False,0.0,0.0,0,0,0.0,0.0,0.0,0.0,0.0,0.0,0.0,0.0,0.5,0.0,0,0,0.0,0.0,0
20,BTC弱于ETH背离修复多头,跨资产背离,2,False,357a6e870e679197,REJECTED,False,总交易不足|活跃月份不足|盈利因子不足|实际盈亏比不足|累计净R不足,11.0,False,0.0,0.0,0,0,0.0,0.0,0.0,0.0,0.0,0.0,0.0,0.0,0.5,0.0,0,0,0.0,0.0,0
20,BTC弱于ETH背离修复多头,跨资产背离,3,False,81b12e27f36fad31,REJECTED,False,总交易不足|活跃月份不足|盈利因子不足|实际盈亏比不足|累计净R不足,11.0,False,0.0,0.0,0,0,0.0,0.0,0.0,0.0,0.0,0.0,0.0,0.0,0.5,0.0,0,0,0.0,0.0,0
20,BTC弱于ETH背离修复多头,跨资产背离,4,False,8c1fe18596f3b0f7,REJECTED,False,总交易不足|活跃月份不足|盈利因子不足|实际盈亏比不足|累计净R不足,11.0,False,0.0,0.0,0,0,0.0,0.0,0.0,0.0,0.0,0.0,0.0,0.0,0.5,0.0,0,0,0.0,0.0,0
20,BTC弱于ETH背离修复多头,跨资产背离,5,False,a67e21fd87b37113,REJECTED,False,总交易不足|活跃月份不足|盈利因子不足|实际盈亏比不足|累计净R不足,11.0,False,0.0,0.0,0,0,0.0,0.0,0.0,0.0,0.0,0.0,0.0,0.0,0.5,0.0,0,0,0.0,0.0,0
20,BTC弱于ETH背离修复多头,跨资产背离,6,False,02816debf14d4ac5,REJECTED,False,总交易不足|活跃月份不足|盈利因子不足|实际盈亏比不足|累计净R不足,11.0,False,0.0,0.0,0,0,0.0,0.0,0.0,0.0,0.0,0.0,0.0,0.0,0.5,0.0,0,0,0.0,0.0,0
20,BTC弱于ETH背离修复多头,跨资产背离,7,False,30118ae3bcfe1595,REJECTED,False,总交易不足|活跃月份不足|盈利因子不足|实际盈亏比不足|累计净R不足,11.0,False,0.0,0.0,0,0,0.0,0.0,0.0,0.0,0.0,0.0,0.0,0.0,0.5,0.0,0,0,0.0,0.0,0
20,BTC弱于ETH背离修复多头,跨资产背离,8,False,a0643af8c4cb1950,REJECTED,False,总交易不足|活跃月份不足|盈利因子不足|实际盈亏比不足|累计净R不足,11.0,False,0.0,0.0,0,0,0.0,0.0,0.0,0.0,0.0,0.0,0.0,0.0,0.5,0.0,0,0,0.0,0.0,0
20,BTC弱于ETH背离修复多头,跨资产背离,9,False,71bdf47f755ad397,REJECTED,False,总交易不足|活跃月份不足|盈利因子不足|实际盈亏比不足|累计净R不足,11.0,False,0.0,0.0,0,0,0.0,0.0,0.0,0.0,0.0,0.0,0.0,0.0,0.5,0.0,0,0,0.0,0.0,0
20,BTC弱于ETH背离修复多头,跨资产背离,10,False,f6138bf4e7fb9399,REJECTED,False,总交易不足|活跃月份不足|盈利因子不足|实际盈亏比不足|累计净R不足,11.0,False,0.0,0.0,0,0,0.0,0.0,0.0,0.0,0.0,0.0,0.0,0.0,0.5,0.0,0,0,0.0,0.0,0
20,BTC弱于ETH背离修复多头,跨资产背离,11,False,990acc792c392490,REJECTED,False,总交易不足|活跃月份不足|盈利因子不足|实际盈亏比不足|累计净R不足,11.0,False,0.0,0.0,0,0,0.0,0.0,0.0,0.0,0.0,0.0,0.0,0.0,0.5,0.0,0,0,0.0,0.0,0
20,BTC弱于ETH背离修复多头,跨资产背离,12,False,560199c0f26387fd,REJECTED,False,总交易不足|活跃月份不足|盈利因子不足|实际盈亏比不足|累计净R不足,11.0,False,0.0,0.0,0,0,0.0,0.0,0.0,0.0,0.0,0.0,0.0,0.0,0.5,0.0,0,0,0.0,0.0,0
20,BTC弱于ETH背离修复多头,跨资产背离,13,False,50180ba1cb24ab7a,REJECTED,False,总交易不足|活跃月份不足|盈利因子不足|实际盈亏比不足|累计净R不足,11.0,False,0.0,0.0,0,0,0.0,0.0,0.0,0.0,0.0,0.0,0.0,0.0,0.5,0.0,0,0,0.0,0.0,0
20,BTC弱于ETH背离修复多头,跨资产背离,14,False,0bae7043878b8d7f,REJECTED,False,总交易不足|活跃月份不足|盈利因子不足|实际盈亏比不足|累计净R不足,11.0,False,0.0,0.0,0,0,0.0,0.0,0.0,0.0,0.0,0.0,0.0,0.0,0.5,0.0,0,0,0.0,0.0,0
20,BTC弱于ETH背离修复多头,跨资产背离,15,False,e2aeffae673a7fc8,REJECTED,False,总交易不足|活跃月份不足|盈利因子不足|实际盈亏比不足|累计净R不足,11.0,False,0.0,0.0,0,0,0.0,0.0,0.0,0.0,0.0,0.0,0.0,0.0,0.5,0.0,0,0,0.0,0.0,0
20,BTC弱于ETH背离修复多头,跨资产背离,16,False,229c352e4b8be83a,REJECTED,False,总交易不足|活跃月份不足|盈利因子不足|实际盈亏比不足|累计净R不足,11.0,False,0.0,0.0,0,0,0.0,0.0,0.0,0.0,0.0,0.0,0.0,0.0,0.5,0.0,0,0,0.0,0.0,0
20,BTC弱于ETH背离修复多头,跨资产背离,17,False,a736c26aae6c4289,REJECTED,False,总交易不足|活跃月份不足|盈利因子不足|实际盈亏比不足|累计净R不足,11.0,False,0.0,0.0,0,0,0.0,0.0,0.0,0.0,0.0,0.0,0.0,0.0,0.5,0.0,0,0,0.0,0.0,0
20,BTC弱于ETH背离修复多头,跨资产背离,18,False,731ef5121cf09aa2,REJECTED,False,总交易不足|活跃月份不足|盈利因子不足|实际盈亏比不足|累计净R不足,11.0,False,0.0,0.0,0,0,0.0,0.0,0.0,0.0,0.0,0.0,0.0,0.0,0.5,0.0,0,0,0.0,0.0,0
20,BTC弱于ETH背离修复多头,跨资产背离,19,False,25db10aaec39cb1d,REJECTED,False,总交易不足|活跃月份不足|盈利因子不足|实际盈亏比不足|累计净R不足,11.0,False,0.0,0.0,0,0,0.0,0.0,0.0,0.0,0.0,0.0,0.0,0.0,0.5,0.0,0,0,0.0,0.0,0
20,BTC弱于ETH背离修复多头,跨资产背离,20,False,1427e23ff533ba48,REJECTED,False,总交易不足|活跃月份不足|盈利因子不足|实际盈亏比不足|累计净R不足,11.0,False,0.0,0.0,0,0,0.0,0.0,0.0,0.0,0.0,0.0,0.0,0.0,0.5,0.0,0,0,0.0,0.0,0
20,BTC弱于ETH背离修复多头,跨资产背离,21,False,42d4d16f8c06e6b1,REJECTED,False,总交易不足|活跃月份不足|盈利因子不足|实际盈亏比不足|累计净R不足,11.0,False,0.0,0.0,0,0,0.0,0.0,0.0,0.0,0.0,0.0,0.0,0.0,0.5,0.0,0,0,0.0,0.0,0
20,BTC弱于ETH背离修复多头,跨资产背离,22,False,302d50704da023c5,REJECTED,False,总交易不足|活跃月份不足|盈利因子不足|实际盈亏比不足|累计净R不足,11.0,False,0.0,0.0,0,0,0.0,0.0,0.0,0.0,0.0,0.0,0.0,0.0,0.5,0.0,0,0,0.0,0.0,0
20,BTC弱于ETH背离修复多头,跨资产背离,23,False,9a2b61ad0e473f59,REJECTED,False,总交易不足|活跃月份不足|盈利因子不足|实际盈亏比不足|累计净R不足,11.0,False,0.0,0.0,0,0,0.0,0.0,0.0,0.0,0.0,0.0,0.0,0.0,0.5,0.0,0,0,0.0,0.0,0
20,BTC弱于ETH背离修复多头,跨资产背离,24,False,267e3938dffe89f5,REJECTED,False,总交易不足|活跃月份不足|盈利因子不足|实际盈亏比不足|累计净R不足,11.0,False,0.0,0.0,0,0,0.0,0.0,0.0,0.0,0.0,0.0,0.0,0.0,0.5,0.0,0,0,0.0,0.0,0
21,BTC强于ETH背离修复空头,跨资产背离,1,True,fca571982b7c88a0,CANDIDATE,False,收缩后胜率不足,127.05286343918932,True,0.6666666666666666,0.6333333333333334,6,3,0.5,1.8684002111775857,0.8471456269773373,2.205524235359795,2.205524235359795,3.063763752600745,1.346763031962187,0.5106272921001241,0.5,0.3110177634953864,3,2,-1.346763031962187,0.571367077380594,3
21,BTC强于ETH背离修复空头,跨资产背离,2,False,04a24d65e868446c,CANDIDATE,False,收缩后胜率不足|利润过度集中,136.9005226821358,True,1.0,0.625,8,4,0.5,1.521411676143693,0.46838349374491756,3.2482179591329845,3.2482179591329845,4.212112729595102,1.649845351269113,0.5265140911993877,0.5,0.3333333333333333,3,2,-0.348010617696343,0.9902338852719597,3
21,BTC强于ETH背离修复空头,跨资产背离,3,False,c9e9e87c7a5f822a,CANDIDATE,False,收缩后胜率不足|利润过度集中,136.9005226821358,True,1.0,0.625,8,4,0.5,1.521411676143693,0.46838349374491756,3.2482179591329845,3.2482179591329845,4.212112729595102,1.649845351269113,0.5265140911993877,0.5,0.3333333333333333,3,2,-0.348010617696343,0.9902338852719597,3
21,BTC强于ETH背离修复空头,跨资产背离,4,False,8b7f9d96387eada1,CANDIDATE,False,收缩后胜率不足,147.4180832156754,True,1.0,0.6333333333333334,6,3,0.5,1.5295244340638525,0.1905664138023002,8.026201488215184,8.026201488215184,4.016874060784657,0.3480106176963429,0.6694790101307762,0.5,0.3110177634953864,3,2,-0.348010617696343,0.6915452479205072,2
21,BTC强于ETH背离修复空头,跨资产背离,5,False,33ca14edc0a4d91b,CANDIDATE,False,收缩后胜率不足,147.4180832156754,True,1.0,0.6333333333333334,6,3,0.5,1.5295244340638525,0.1905664138023002,8.026201488215184,8.026201488215184,4.016874060784657,0.3480106176963429,0.6694790101307762,0.5,0.3110177634953864,3,2,-0.348010617696343,0.6915452479205072,2
21,BTC强于ETH背离修复空头,跨资产背离,6,False,2d68284b22ecb47f,CANDIDATE,False,总交易不足,143.74424237707575,True,0.6666666666666666,0.64,5,3,0.6,1.8684002111775857,0.6381586632500748,2.9277988669181743,4.391698300377262,4.328883307032608,1.194673848969825,0.8657766614065215,0.5384615384615384,0.3826400903534617,3,2,-0.08164347753032455,0.571367077380594,3
21,BTC强于ETH背离修复空头,跨资产背离,7,False,581bf42edb110566,CANDIDATE,False,总交易不足|活跃月份不足|正收益月份不足|收缩后胜率不足|利润过度集中,108.59795164491842,True,1.0,0.76,5,2,0.4,1.5092576285622834,0.5507784880733585,2.7402261730332222,1.8268174486888147,1.366179792904491,1.3043248465237325,0.2732359585808982,0.46153846153846156,0.21597342368679506,2,1,-0.348010617696343,1.0,3
21,BTC强于ETH背离修复空头,跨资产背离,8,False,becec6947a2d39a3,CANDIDATE,False,总交易不足|活跃月份不足|正收益月份不足|收缩后胜率不足|利润过度集中,108.59795164491842,True,1.0,0.76,5,2,0.4,1.5092576285622834,0.5507784880733585,2.7402261730332222,1.8268174486888147,1.366179792904491,1.3043248465237325,0.2732359585808982,0.46153846153846156,0.21597342368679506,2,1,-0.348010617696343,1.0,3
21,BTC强于ETH背离修复空头,跨资产背离,9,False,9f45e7ffb92de540,CANDIDATE,False,总交易不足|活跃月份不足|正收益月份不足|收缩后胜率不足|利润过度集中,132.91343264540873,True,1.0,0.8,4,2,0.5,1.5092576285622834,0.1740053088481715,8.673629779187873,8.673629779187873,2.6705046394282235,0.348010617696343,0.6676261598570559,0.5,0.276393202250021,2,1,-0.348010617696343,1.0,2
21,BTC强于ETH背离修复空头,跨资产背离,10,False,9d2339bc83a624a6,CANDIDATE,False,总交易不足|活跃月份不足|正收益月份不足|收缩后胜率不足|利润过度集中,132.91343264540873,True,1.0,0.8,4,2,0.5,1.5092576285622834,0.1740053088481715,8.673629779187873,8.673629779187873,2.6705046394282235,0.348010617696343,0.6676261598570559,0.5,0.276393202250021,2,1,-0.348010617696343,1.0,2
21,BTC强于ETH背离修复空头,跨资产背离,11,False,4e4e47081ee13984,CANDIDATE,False,总交易不足,148.2224606322207,True,0.6666666666666666,0.6666666666666666,3,2,0.6666666666666666,1.871617015237974,0.08164347753032455,22.924268684449483,45.84853736889897,3.661590552945624,0.08164347753032453,1.2205301843152079,0.5454545454545454,0.3856432230609154,3,2,-0.08164347753032455,0.5050437591042114,1
21,BTC强于ETH背离修复空头,跨资产背离,12,False,3c6bb84e3d69001b,CANDIDATE,False,总交易不足,125.2640958149467,True,0.6666666666666666,0.6666666666666666,3,2,0.6666666666666666,1.871617015237974,1.2651195544318625,1.4793993252902302,2.9587986505804604,2.4781144760440856,1.2651195544318625,0.8260381586813619,0.5454545454545454,0.3856432230609154,3,2,-1.2651195544318625,0.5050437591042114,1
21,BTC强于ETH背离修复空头,跨资产背离,13,False,65498ce630e76827,CANDIDATE,False,总交易不足|正收益月份不足|收缩后胜率不足|利润过度集中,117.5547010765062,True,1.0,0.8666666666666667,3,1,0.3333333333333333,1.496967332042331,0.22366703959263817,6.692838313453506,3.346419156726753,1.0496332528570544,0.44733407918527635,0.34987775095235146,0.45454545454545453,0.13564322306091547,3,1,-0.2236886237105576,1.0,1
21,BTC强于ETH背离修复空头,跨资产背离,14,False,189b3e497ed60e31,CANDIDATE,False,总交易不足|正收益月份不足|收缩后胜率不足|利润过度集中,117.5547010765062,True,1.0,0.8666666666666667,3,1,0.3333333333333333,1.496967332042331,0.22366703959263817,6.692838313453506,3.346419156726753,1.0496332528570544,0.44733407918527635,0.34987775095235146,0.45454545454545453,0.13564322306091547,3,1,-0.2236886237105576,1.0,1
21,BTC强于ETH背离修复空头,跨资产背离,15,False,162ad4583aab9b72,CANDIDATE,False,总交易不足,141.66369720980455,False,0.5,0.52,5,3,0.6,1.8684002111775857,0.6733815159810935,2.774653249065489,4.161979873598233,4.25843760157057,1.346763031962187,0.851687520314114,0.5384615384615384,0.3826400903534617,3,2,-1.346763031962187,0.6627244750796961,2
21,BTC强于ETH背离修复空头,跨资产背离,16,False,9a19b379445c8be4,CANDIDATE,False,总交易不足,162.60240509244062,False,0.5,0.49999999999999994,4,3,0.75,1.8684002111775857,0.08164347753032455,22.88486805922264,68.65460417766792,5.523557156002433,0.08164347753032453,1.3808892890006081,0.5833333333333334,0.5,3,2,-0.08164347753032455,0.6627244750796961,2
21,BTC强于ETH背离修复空头,跨资产背离,17,False,f9c99f0061fc70b6,REJECTED,False,总交易不足,42.855565423601,True,1.0,1.0,2,1,0.5,1.496967332042331,0.22364545547471876,6.693484242122463,6.693484242122463,1.2733218765676122,0.22364545547471876,0.6366609382838061,0.5,0.21132486540518713,2,1,-0.22364545547471876,1.0,1
21,BTC强于ETH背离修复空头,跨资产背离,18,False,0155948fcd891cad,REJECTED,False,总交易不足,42.855565423601,True,1.0,1.0,2,1,0.5,1.496967332042331,0.22364545547471876,6.693484242122463,6.693484242122463,1.2733218765676122,0.22364545547471876,0.6366609382838061,0.5,0.21132486540518713,2,1,-0.22364545547471876,1.0,1
21,BTC强于ETH背离修复空头,跨资产背离,19,False,0950ed56b7dbadc6,REJECTED,False,盈利因子不足|实际盈亏比不足|累计净R不足,-13.41436880932012,False,0.5,0.7333333333333334,3,0,0.0,0.0,0.8471456269773373,0.0,0.0,-2.541436880932012,2.541436880932012,-0.8471456269773373,0.36363636363636365,0.0,2,0,-1.346763031962187,0.0,2
21,BTC强于ETH背离修复空头,跨资产背离,20,False,212bff949a476994,REJECTED,False,盈利因子不足|实际盈亏比不足|累计净R不足,-13.41436880932012,False,0.3333333333333333,0.8000000000000002,3,0,0.0,0.0,0.8471456269773373,0.0,0.0,-2.541436880932012,2.541436880932012,-0.8471456269773373,0.36363636363636365,0.0,2,0,-1.346763031962187,0.0,2
21,BTC强于ETH背离修复空头,跨资产背离,21,False,39307646985d167d,REJECTED,False,总交易不足|盈利因子不足|实际盈亏比不足|累计净R不足,0.03682673499850608,False,0.5,0.8,2,0,0.0,0.0,0.6381586632500748,0.0,0.0,-1.2763173265001495,1.2763173265001495,-0.6381586632500748,0.4,0.0,2,0,-1.194673848969825,0.0,1
21,BTC强于ETH背离修复空头,跨资产背离,22,False,147d42843a121469,REJECTED,False,总交易不足|盈利因子不足|实际盈亏比不足|累计净R不足,0.03682673499850608,False,0.3333333333333333,0.9,2,0,0.0,0.0,0.6381586632500748,0.0,0.0,-1.2763173265001495,1.2763173265001495,-0.6381586632500748,0.4,0.0,2,0,-1.194673848969825,0.0,1
21,BTC强于ETH背离修复空头,跨资产背离,23,False,0691f5da6979cddc,REJECTED,False,总交易不足|盈利因子不足|实际盈亏比不足|累计净R不足,0.03682673499850608,False,0.3333333333333333,0.7,2,0,0.0,0.0,0.6381586632500748,0.0,0.0,-1.2763173265001495,1.2763173265001495,-0.6381586632500748,0.4,0.0,2,0,-1.194673848969825,0.0,1
21,BTC强于ETH背离修复空头,跨资产背离,24,False,d7339b530bdf2935,REJECTED,False,总交易不足|盈利因子不足|实际盈亏比不足|累计净R不足,-11.797934034016876,False,0.3333333333333333,0.7,2,0,0.0,0.0,1.2298967017008438,0.0,0.0,-2.4597934034016875,2.4597934034016875,-1.2298967017008438,0.4,0.0,2,0,-1.2651195544318625,0.0,1
22,压缩后首次放量突破多头,波动扩张,1,True,637dd7099e42148f,REJECTED,False,总交易不足|活跃月份不足|盈利因子不足|实际盈亏比不足|累计净R不足,11.0,False,0.0,0.0,0,0,0.0,0.0,0.0,0.0,0.0,0.0,0.0,0.0,0.5,0.0,0,0,0.0,0.0,0
22,压缩后首次放量突破多头,波动扩张,2,False,116b8c1c1b0943ad,REJECTED,False,总交易不足|活跃月份不足|盈利因子不足|实际盈亏比不足|累计净R不足,11.0,False,0.0,0.0,0,0,0.0,0.0,0.0,0.0,0.0,0.0,0.0,0.0,0.5,0.0,0,0,0.0,0.0,0
22,压缩后首次放量突破多头,波动扩张,3,False,c1fd7f96ccac000d,REJECTED,False,总交易不足|活跃月份不足|盈利因子不足|实际盈亏比不足|累计净R不足,11.0,False,0.0,0.0,0,0,0.0,0.0,0.0,0.0,0.0,0.0,0.0,0.0,0.5,0.0,0,0,0.0,0.0,0
22,压缩后首次放量突破多头,波动扩张,4,False,7bb3436fd8f0f3bd,REJECTED,False,总交易不足|活跃月份不足|盈利因子不足|实际盈亏比不足|累计净R不足,11.0,False,0.0,0.0,0,0,0.0,0.0,0.0,0.0,0.0,0.0,0.0,0.0,0.5,0.0,0,0,0.0,0.0,0
22,压缩后首次放量突破多头,波动扩张,5,False,b7d53e7b62a8b5b0,REJECTED,False,总交易不足|活跃月份不足|盈利因子不足|实际盈亏比不足|累计净R不足,11.0,False,0.0,0.0,0,0,0.0,0.0,0.0,0.0,0.0,0.0,0.0,0.0,0.5,0.0,0,0,0.0,0.0,0
22,压缩后首次放量突破多头,波动扩张,6,False,bda12ea0e12719eb,REJECTED,False,总交易不足|活跃月份不足|盈利因子不足|实际盈亏比不足|累计净R不足,11.0,False,0.0,0.0,0,0,0.0,0.0,0.0,0.0,0.0,0.0,0.0,0.0,0.5,0.0,0,0,0.0,0.0,0
22,压缩后首次放量突破多头,波动扩张,7,False,253044a4cadb49d3,REJECTED,False,总交易不足|活跃月份不足|盈利因子不足|实际盈亏比不足|累计净R不足,11.0,False,0.0,0.0,0,0,0.0,0.0,0.0,0.0,0.0,0.0,0.0,0.0,0.5,0.0,0,0,0.0,0.0,0
22,压缩后首次放量突破多头,波动扩张,8,False,d8b7077bebf8b8d5,REJECTED,False,总交易不足|活跃月份不足|盈利因子不足|实际盈亏比不足|累计净R不足,11.0,False,0.0,0.0,0,0,0.0,0.0,0.0,0.0,0.0,0.0,0.0,0.0,0.5,0.0,0,0,0.0,0.0,0
22,压缩后首次放量突破多头,波动扩张,9,False,f044a19f04e3daaf,REJECTED,False,总交易不足|活跃月份不足|盈利因子不足|实际盈亏比不足|累计净R不足,11.0,False,0.0,0.0,0,0,0.0,0.0,0.0,0.0,0.0,0.0,0.0,0.0,0.5,0.0,0,0,0.0,0.0,0
22,压缩后首次放量突破多头,波动扩张,10,False,0adb846676f07277,REJECTED,False,总交易不足|活跃月份不足|盈利因子不足|实际盈亏比不足|累计净R不足,11.0,False,0.0,0.0,0,0,0.0,0.0,0.0,0.0,0.0,0.0,0.0,0.0,0.5,0.0,0,0,0.0,0.0,0
22,压缩后首次放量突破多头,波动扩张,11,False,eabbcc4f03bd127e,REJECTED,False,总交易不足|活跃月份不足|盈利因子不足|实际盈亏比不足|累计净R不足,11.0,False,0.0,0.0,0,0,0.0,0.0,0.0,0.0,0.0,0.0,0.0,0.0,0.5,0.0,0,0,0.0,0.0,0
22,压缩后首次放量突破多头,波动扩张,12,False,e786c9f7f8041cfc,REJECTED,False,总交易不足|活跃月份不足|盈利因子不足|实际盈亏比不足|累计净R不足,11.0,False,0.0,0.0,0,0,0.0,0.0,0.0,0.0,0.0,0.0,0.0,0.0,0.5,0.0,0,0,0.0,0.0,0
22,压缩后首次放量突破多头,波动扩张,13,False,547271109e36822e,REJECTED,False,总交易不足|活跃月份不足|盈利因子不足|实际盈亏比不足|累计净R不足,11.0,False,0.0,0.0,0,0,0.0,0.0,0.0,0.0,0.0,0.0,0.0,0.0,0.5,0.0,0,0,0.0,0.0,0
22,压缩后首次放量突破多头,波动扩张,14,False,9c0c00b71c3d4359,REJECTED,False,总交易不足|活跃月份不足|盈利因子不足|实际盈亏比不足|累计净R不足,11.0,False,0.0,0.0,0,0,0.0,0.0,0.0,0.0,0.0,0.0,0.0,0.0,0.5,0.0,0,0,0.0,0.0,0
22,压缩后首次放量突破多头,波动扩张,15,False,ece12aeca19f49d3,REJECTED,False,总交易不足|活跃月份不足|盈利因子不足|实际盈亏比不足|累计净R不足,11.0,False,0.0,0.0,0,0,0.0,0.0,0.0,0.0,0.0,0.0,0.0,0.0,0.5,0.0,0,0,0.0,0.0,0
22,压缩后首次放量突破多头,波动扩张,16,False,eb9994acff31978b,REJECTED,False,总交易不足|活跃月份不足|盈利因子不足|实际盈亏比不足|累计净R不足,11.0,False,0.0,0.0,0,0,0.0,0.0,0.0,0.0,0.0,0.0,0.0,0.0,0.5,0.0,0,0,0.0,0.0,0
22,压缩后首次放量突破多头,波动扩张,17,False,604eca5a53080b54,REJECTED,False,总交易不足|活跃月份不足|盈利因子不足|实际盈亏比不足|累计净R不足,11.0,False,0.0,0.0,0,0,0.0,0.0,0.0,0.0,0.0,0.0,0.0,0.0,0.5,0.0,0,0,0.0,0.0,0
22,压缩后首次放量突破多头,波动扩张,18,False,79d5735fc6cc6aea,REJECTED,False,总交易不足|活跃月份不足|盈利因子不足|实际盈亏比不足|累计净R不足,11.0,False,0.0,0.0,0,0,0.0,0.0,0.0,0.0,0.0,0.0,0.0,0.0,0.5,0.0,0,0,0.0,0.0,0
22,压缩后首次放量突破多头,波动扩张,19,False,fdf0d91e2481d546,REJECTED,False,总交易不足|活跃月份不足|盈利因子不足|实际盈亏比不足|累计净R不足,11.0,False,0.0,0.0,0,0,0.0,0.0,0.0,0.0,0.0,0.0,0.0,0.0,0.5,0.0,0,0,0.0,0.0,0
22,压缩后首次放量突破多头,波动扩张,20,False,944ecf070deacc62,REJECTED,False,总交易不足|活跃月份不足|盈利因子不足|实际盈亏比不足|累计净R不足,11.0,False,0.0,0.0,0,0,0.0,0.0,0.0,0.0,0.0,0.0,0.0,0.0,0.5,0.0,0,0,0.0,0.0,0
22,压缩后首次放量突破多头,波动扩张,21,False,3ecf07643b27748c,REJECTED,False,总交易不足|活跃月份不足|盈利因子不足|实际盈亏比不足|累计净R不足,11.0,False,0.0,0.0,0,0,0.0,0.0,0.0,0.0,0.0,0.0,0.0,0.0,0.5,0.0,0,0,0.0,0.0,0
22,压缩后首次放量突破多头,波动扩张,22,False,3544f2517ad6c997,REJECTED,False,总交易不足|活跃月份不足|盈利因子不足|实际盈亏比不足|累计净R不足,11.0,False,0.0,0.0,0,0,0.0,0.0,0.0,0.0,0.0,0.0,0.0,0.0,0.5,0.0,0,0,0.0,0.0,0
22,压缩后首次放量突破多头,波动扩张,23,False,a70d0b08bf5c1b01,REJECTED,False,总交易不足|活跃月份不足|盈利因子不足|实际盈亏比不足|累计净R不足,11.0,False,0.0,0.0,0,0,0.0,0.0,0.0,0.0,0.0,0.0,0.0,0.0,0.5,0.0,0,0,0.0,0.0,0
22,压缩后首次放量突破多头,波动扩张,24,False,34b0f3560d54e99c,REJECTED,False,总交易不足|活跃月份不足|盈利因子不足|实际盈亏比不足|累计净R不足,11.0,False,0.0,0.0,0,0,0.0,0.0,0.0,0.0,0.0,0.0,0.0,0.0,0.5,0.0,0,0,0.0,0.0,0
23,压缩后首次放量突破空头,波动扩张,1,True,59bcc3e64f2c7f94,REJECTED,False,活跃月份不足|盈利因子不足|实际盈亏比不足|累计净R不足|最差月份亏损过大,-11.990273449952422,False,0.0,0.6,3,0,0.0,0.0,0.733009114998414,0.0,0.0,-2.199027344995242,2.199027344995242,-0.733009114998414,0.36363636363636365,0.0,1,0,-2.199027344995242,0.0,3
23,压缩后首次放量突破空头,波动扩张,2,False,b49e249b8b2728f3,REJECTED,False,活跃月份不足|盈利因子不足|实际盈亏比不足|累计净R不足|最差月份亏损过大,-11.990273449952422,False,0.0,0.6,3,0,0.0,0.0,0.733009114998414,0.0,0.0,-2.199027344995242,2.199027344995242,-0.733009114998414,0.36363636363636365,0.0,1,0,-2.199027344995242,0.0,3
23,压缩后首次放量突破空头,波动扩张,3,False,7668d68e0478f4ec,REJECTED,False,活跃月份不足|盈利因子不足|实际盈亏比不足|累计净R不足|最差月份亏损过大,-12.77592071422521,False,0.0,0.6,3,0,0.0,0.0,0.7591973571408404,0.0,0.0,-2.277592071422521,2.277592071422521,-0.7591973571408404,0.36363636363636365,0.0,1,0,-2.277592071422521,0.0,3
23,压缩后首次放量突破空头,波动扩张,4,False,325b9ab96f4b0522,REJECTED,False,活跃月份不足|盈利因子不足|实际盈亏比不足|累计净R不足|最差月份亏损过大,-12.77592071422521,False,0.0,0.6,3,0,0.0,0.0,0.7591973571408404,0.0,0.0,-2.277592071422521,2.277592071422521,-0.7591973571408404,0.36363636363636365,0.0,1,0,-2.277592071422521,0.0,3
23,压缩后首次放量突破空头,波动扩张,5,False,837e8ec7b81a0e33,REJECTED,False,总交易不足|活跃月份不足|盈利因子不足|实际盈亏比不足|累计净R不足,-3.6194416520635313,False,0.0,0.8,2,0,0.0,0.0,0.7209720826031766,0.0,0.0,-1.4419441652063532,1.4419441652063532,-0.7209720826031766,0.4,0.0,1,0,-1.4419441652063532,0.0,2
23,压缩后首次放量突破空头,波动扩张,6,False,989d1a2b54ebea71,REJECTED,False,总交易不足|活跃月份不足|盈利因子不足|实际盈亏比不足|累计净R不足,-3.6194416520635313,False,0.0,0.8,2,0,0.0,0.0,0.7209720826031766,0.0,0.0,-1.4419441652063532,1.4419441652063532,-0.7209720826031766,0.4,0.0,1,0,-1.4419441652063532,0.0,2
23,压缩后首次放量突破空头,波动扩张,7,False,e2087860a365c894,REJECTED,False,总交易不足|活跃月份不足|盈利因子不足|实际盈亏比不足|累计净R不足|最差月份亏损过大,-10.268903287707083,False,0.0,0.8,2,0,0.0,0.0,1.0534451643853542,0.0,0.0,-2.1068903287707084,2.1068903287707084,-1.0534451643853542,0.4,0.0,1,0,-2.1068903287707084,0.0,2
23,压缩后首次放量突破空头,波动扩张,8,False,a948cafa91514954,REJECTED,False,总交易不足|活跃月份不足|盈利因子不足|实际盈亏比不足|累计净R不足|最差月份亏损过大,-10.268903287707083,False,0.0,0.8,2,0,0.0,0.0,1.0534451643853542,0.0,0.0,-2.1068903287707084,2.1068903287707084,-1.0534451643853542,0.4,0.0,1,0,-2.1068903287707084,0.0,2
23,压缩后首次放量突破空头,波动扩张,9,False,8d59cbffac2940bb,REJECTED,False,总交易不足|活跃月份不足|盈利因子不足|实际盈亏比不足|累计净R不足,-0.9346039750873603,False,0.0,0.8,1,0,0.0,0.0,1.2712381752865136,0.0,0.0,-1.2712381752865136,1.2712381752865136,-1.2712381752865136,0.4444444444444444,0.0,1,0,-1.2712381752865136,0.0,1
23,压缩后首次放量突破空头,波动扩张,10,False,9f20f92b5ce5c104,REJECTED,False,总交易不足|活跃月份不足|盈利因子不足|实际盈亏比不足|累计净R不足,-0.9346039750873603,False,0.0,0.8,1,0,0.0,0.0,1.2712381752865136,0.0,0.0,-1.2712381752865136,1.2712381752865136,-1.2712381752865136,0.4444444444444444,0.0,1,0,-1.2712381752865136,0.0,1
23,压缩后首次放量突破空头,波动扩张,11,False,af6b54dc91724d75,REJECTED,False,总交易不足|活跃月份不足|盈利因子不足|实际盈亏比不足|累计净R不足,-0.9347929000338215,False,0.0,0.8,1,0,0.0,0.0,1.2712570677811599,0.0,0.0,-1.2712570677811599,1.2712570677811599,-1.2712570677811599,0.4444444444444444,0.0,1,0,-1.2712570677811599,0.0,1
23,压缩后首次放量突破空头,波动扩张,12,False,1ffb6a39882f8d0c,REJECTED,False,总交易不足|活跃月份不足|盈利因子不足|实际盈亏比不足|累计净R不足,-0.9347929000338215,False,0.0,0.8,1,0,0.0,0.0,1.2712570677811599,0.0,0.0,-1.2712570677811599,1.2712570677811599,-1.2712570677811599,0.4444444444444444,0.0,1,0,-1.2712570677811599,0.0,1
23,压缩后首次放量突破空头,波动扩张,13,False,3efd7aa105a06c7b,REJECTED,False,总交易不足|活跃月份不足|盈利因子不足|实际盈亏比不足|累计净R不足,11.0,False,0.0,0.0,0,0,0.0,0.0,0.0,0.0,0.0,0.0,0.0,0.0,0.5,0.0,0,0,0.0,0.0,0
23,压缩后首次放量突破空头,波动扩张,14,False,61b2470911b6dbe6,REJECTED,False,总交易不足|活跃月份不足|盈利因子不足|实际盈亏比不足|累计净R不足,11.0,False,0.0,0.0,0,0,0.0,0.0,0.0,0.0,0.0,0.0,0.0,0.0,0.5,0.0,0,0,0.0,0.0,0
23,压缩后首次放量突破空头,波动扩张,15,False,242b8c0b0a05ccd4,REJECTED,False,总交易不足|活跃月份不足|盈利因子不足|实际盈亏比不足|累计净R不足,11.0,False,0.0,0.0,0,0,0.0,0.0,0.0,0.0,0.0,0.0,0.0,0.0,0.5,0.0,0,0,0.0,0.0,0
23,压缩后首次放量突破空头,波动扩张,16,False,04eb2e81fe8d4097,REJECTED,False,总交易不足|活跃月份不足|盈利因子不足|实际盈亏比不足|累计净R不足,11.0,False,0.0,0.0,0,0,0.0,0.0,0.0,0.0,0.0,0.0,0.0,0.0,0.5,0.0,0,0,0.0,0.0,0
23,压缩后首次放量突破空头,波动扩张,17,False,2febdcf08de014de,REJECTED,False,总交易不足|活跃月份不足|盈利因子不足|实际盈亏比不足|累计净R不足,11.0,False,0.0,0.0,0,0,0.0,0.0,0.0,0.0,0.0,0.0,0.0,0.0,0.5,0.0,0,0,0.0,0.0,0
23,压缩后首次放量突破空头,波动扩张,18,False,9a5b9973a772a38c,REJECTED,False,总交易不足|活跃月份不足|盈利因子不足|实际盈亏比不足|累计净R不足,11.0,False,0.0,0.0,0,0,0.0,0.0,0.0,0.0,0.0,0.0,0.0,0.0,0.5,0.0,0,0,0.0,0.0,0
23,压缩后首次放量突破空头,波动扩张,19,False,0e0eac63dff887d0,REJECTED,False,总交易不足|活跃月份不足|盈利因子不足|实际盈亏比不足|累计净R不足,11.0,False,0.0,0.0,0,0,0.0,0.0,0.0,0.0,0.0,0.0,0.0,0.0,0.5,0.0,0,0,0.0,0.0,0
23,压缩后首次放量突破空头,波动扩张,20,False,62690be16780f83b,REJECTED,False,总交易不足|活跃月份不足|盈利因子不足|实际盈亏比不足|累计净R不足,11.0,False,0.0,0.0,0,0,0.0,0.0,0.0,0.0,0.0,0.0,0.0,0.0,0.5,0.0,0,0,0.0,0.0,0
23,压缩后首次放量突破空头,波动扩张,21,False,14e6f4f15efcfe37,REJECTED,False,总交易不足|活跃月份不足|盈利因子不足|实际盈亏比不足|累计净R不足,11.0,False,0.0,0.0,0,0,0.0,0.0,0.0,0.0,0.0,0.0,0.0,0.0,0.5,0.0,0,0,0.0,0.0,0
23,压缩后首次放量突破空头,波动扩张,22,False,2282e73a133d945e,REJECTED,False,总交易不足|活跃月份不足|盈利因子不足|实际盈亏比不足|累计净R不足,11.0,False,0.0,0.0,0,0,0.0,0.0,0.0,0.0,0.0,0.0,0.0,0.0,0.5,0.0,0,0,0.0,0.0,0
23,压缩后首次放量突破空头,波动扩张,23,False,738c1ef51b779aa2,REJECTED,False,总交易不足|活跃月份不足|盈利因子不足|实际盈亏比不足|累计净R不足,11.0,False,0.0,0.0,0,0,0.0,0.0,0.0,0.0,0.0,0.0,0.0,0.0,0.5,0.0,0,0,0.0,0.0,0
23,压缩后首次放量突破空头,波动扩张,24,False,449731ed6af55b28,REJECTED,False,总交易不足|活跃月份不足|盈利因子不足|实际盈亏比不足|累计净R不足,11.0,False,0.0,0.0,0,0,0.0,0.0,0.0,0.0,0.0,0.0,0.0,0.0,0.5,0.0,0,0,0.0,0.0,0
24,向下假突破回区间多头,假突破反转,1,True,d5f361a753574b48,REJECTED,False,总交易不足|活跃月份不足|盈利因子不足|实际盈亏比不足|累计净R不足,-1.253363182827378,False,0.0,1.0,1,0,0.0,0.0,1.3031140960605154,0.0,0.0,-1.3031140960605154,1.3031140960605154,-1.3031140960605154,0.4444444444444444,0.0,1,0,-1.3031140960605154,0.0,1
24,向下假突破回区间多头,假突破反转,2,False,709fc3364ee8b646,REJECTED,False,总交易不足|活跃月份不足|盈利因子不足|实际盈亏比不足|累计净R不足,-1.253363182827378,False,0.0,1.0,1,0,0.0,0.0,1.3031140960605154,0.0,0.0,-1.3031140960605154,1.3031140960605154,-1.3031140960605154,0.4444444444444444,0.0,1,0,-1.3031140960605154,0.0,1
24,向下假突破回区间多头,假突破反转,3,False,099a72cdc79c3b81,REJECTED,False,总交易不足|活跃月份不足|盈利因子不足|实际盈亏比不足|累计净R不足,-1.253363182827378,False,0.0,1.0,1,0,0.0,0.0,1.3031140960605154,0.0,0.0,-1.3031140960605154,1.3031140960605154,-1.3031140960605154,0.4444444444444444,0.0,1,0,-1.3031140960605154,0.0,1
24,向下假突破回区间多头,假突破反转,4,False,c0003431a311bd28,REJECTED,False,总交易不足|活跃月份不足|盈利因子不足|实际盈亏比不足|累计净R不足,-1.253363182827378,False,0.0,1.0,1,0,0.0,0.0,1.3031140960605154,0.0,0.0,-1.3031140960605154,1.3031140960605154,-1.3031140960605154,0.4444444444444444,0.0,1,0,-1.3031140960605154,0.0,1
24,向下假突破回区间多头,假突破反转,5,False,3eb5a5febbd2096f,REJECTED,False,总交易不足|活跃月份不足|盈利因子不足|实际盈亏比不足|累计净R不足,-1.253363182827378,False,0.0,1.0,1,0,0.0,0.0,1.3031140960605154,0.0,0.0,-1.3031140960605154,1.3031140960605154,-1.3031140960605154,0.4444444444444444,0.0,1,0,-1.3031140960605154,0.0,1
24,向下假突破回区间多头,假突破反转,6,False,e388e7833aff6824,REJECTED,False,总交易不足|活跃月份不足|盈利因子不足|实际盈亏比不足|累计净R不足,-1.253363182827378,False,0.0,1.0,1,0,0.0,0.0,1.3031140960605154,0.0,0.0,-1.3031140960605154,1.3031140960605154,-1.3031140960605154,0.4444444444444444,0.0,1,0,-1.3031140960605154,0.0,1
24,向下假突破回区间多头,假突破反转,7,False,ca4b6448148d0279,REJECTED,False,总交易不足|活跃月份不足|盈利因子不足|实际盈亏比不足|累计净R不足,-1.253363182827378,False,0.0,1.0,1,0,0.0,0.0,1.3031140960605154,0.0,0.0,-1.3031140960605154,1.3031140960605154,-1.3031140960605154,0.4444444444444444,0.0,1,0,-1.3031140960605154,0.0,1
24,向下假突破回区间多头,假突破反转,8,False,a65563369268008a,REJECTED,False,总交易不足|活跃月份不足|盈利因子不足|实际盈亏比不足|累计净R不足,-1.253363182827378,False,0.0,1.0,1,0,0.0,0.0,1.3031140960605154,0.0,0.0,-1.3031140960605154,1.3031140960605154,-1.3031140960605154,0.4444444444444444,0.0,1,0,-1.3031140960605154,0.0,1
24,向下假突破回区间多头,假突破反转,9,False,dd5cfc156c7bf205,REJECTED,False,总交易不足|活跃月份不足|盈利因子不足|实际盈亏比不足|累计净R不足,-1.253363182827378,False,0.0,1.0,1,0,0.0,0.0,1.3031140960605154,0.0,0.0,-1.3031140960605154,1.3031140960605154,-1.3031140960605154,0.4444444444444444,0.0,1,0,-1.3031140960605154,0.0,1
24,向下假突破回区间多头,假突破反转,10,False,06c78847c21381cc,REJECTED,False,总交易不足|活跃月份不足|盈利因子不足|实际盈亏比不足|累计净R不足,-1.253363182827378,False,0.0,1.0,1,0,0.0,0.0,1.3031140960605154,0.0,0.0,-1.3031140960605154,1.3031140960605154,-1.3031140960605154,0.4444444444444444,0.0,1,0,-1.3031140960605154,0.0,1
24,向下假突破回区间多头,假突破反转,11,False,ea7934f6a4049a9d,REJECTED,False,总交易不足|活跃月份不足|盈利因子不足|实际盈亏比不足|累计净R不足,-1.253363182827378,False,0.0,1.0,1,0,0.0,0.0,1.3031140960605154,0.0,0.0,-1.3031140960605154,1.3031140960605154,-1.3031140960605154,0.4444444444444444,0.0,1,0,-1.3031140960605154,0.0,1
24,向下假突破回区间多头,假突破反转,12,False,34eefc251266e999,REJECTED,False,总交易不足|活跃月份不足|盈利因子不足|实际盈亏比不足|累计净R不足,-1.253363182827378,False,0.0,1.0,1,0,0.0,0.0,1.3031140960605154,0.0,0.0,-1.3031140960605154,1.3031140960605154,-1.3031140960605154,0.4444444444444444,0.0,1,0,-1.3031140960605154,0.0,1
24,向下假突破回区间多头,假突破反转,13,False,542ba276eec5abee,REJECTED,False,总交易不足|活跃月份不足|盈利因子不足|实际盈亏比不足|累计净R不足,11.0,False,0.0,0.0,0,0,0.0,0.0,0.0,0.0,0.0,0.0,0.0,0.0,0.5,0.0,0,0,0.0,0.0,0
24,向下假突破回区间多头,假突破反转,14,False,dace4ee269a207e1,REJECTED,False,总交易不足|活跃月份不足|盈利因子不足|实际盈亏比不足|累计净R不足,11.0,False,0.0,0.0,0,0,0.0,0.0,0.0,0.0,0.0,0.0,0.0,0.0,0.5,0.0,0,0,0.0,0.0,0
24,向下假突破回区间多头,假突破反转,15,False,e12a844bf7241e16,REJECTED,False,总交易不足|活跃月份不足|盈利因子不足|实际盈亏比不足|累计净R不足,11.0,False,0.0,0.0,0,0,0.0,0.0,0.0,0.0,0.0,0.0,0.0,0.0,0.5,0.0,0,0,0.0,0.0,0
24,向下假突破回区间多头,假突破反转,16,False,e893dced08d17225,REJECTED,False,总交易不足|活跃月份不足|盈利因子不足|实际盈亏比不足|累计净R不足,11.0,False,0.0,0.0,0,0,0.0,0.0,0.0,0.0,0.0,0.0,0.0,0.0,0.5,0.0,0,0,0.0,0.0,0
24,向下假突破回区间多头,假突破反转,17,False,e2e42bdb26852c29,REJECTED,False,总交易不足|活跃月份不足|盈利因子不足|实际盈亏比不足|累计净R不足,11.0,False,0.0,0.0,0,0,0.0,0.0,0.0,0.0,0.0,0.0,0.0,0.0,0.5,0.0,0,0,0.0,0.0,0
24,向下假突破回区间多头,假突破反转,18,False,02f407b941481ed6,REJECTED,False,总交易不足|活跃月份不足|盈利因子不足|实际盈亏比不足|累计净R不足,11.0,False,0.0,0.0,0,0,0.0,0.0,0.0,0.0,0.0,0.0,0.0,0.0,0.5,0.0,0,0,0.0,0.0,0
24,向下假突破回区间多头,假突破反转,19,False,0d3853814e6cdc8b,REJECTED,False,总交易不足|活跃月份不足|盈利因子不足|实际盈亏比不足|累计净R不足,11.0,False,0.0,0.0,0,0,0.0,0.0,0.0,0.0,0.0,0.0,0.0,0.0,0.5,0.0,0,0,0.0,0.0,0
24,向下假突破回区间多头,假突破反转,20,False,96e67f799009ce05,REJECTED,False,总交易不足|活跃月份不足|盈利因子不足|实际盈亏比不足|累计净R不足,11.0,False,0.0,0.0,0,0,0.0,0.0,0.0,0.0,0.0,0.0,0.0,0.0,0.5,0.0,0,0,0.0,0.0,0
24,向下假突破回区间多头,假突破反转,21,False,13516b1cbe97bdbc,REJECTED,False,总交易不足|活跃月份不足|盈利因子不足|实际盈亏比不足|累计净R不足,11.0,False,0.0,0.0,0,0,0.0,0.0,0.0,0.0,0.0,0.0,0.0,0.0,0.5,0.0,0,0,0.0,0.0,0
24,向下假突破回区间多头,假突破反转,22,False,f63c763722312d23,REJECTED,False,总交易不足|活跃月份不足|盈利因子不足|实际盈亏比不足|累计净R不足,11.0,False,0.0,0.0,0,0,0.0,0.0,0.0,0.0,0.0,0.0,0.0,0.0,0.5,0.0,0,0,0.0,0.0,0
24,向下假突破回区间多头,假突破反转,23,False,11b0aac30ce6f9f6,REJECTED,False,总交易不足|活跃月份不足|盈利因子不足|实际盈亏比不足|累计净R不足,11.0,False,0.0,0.0,0,0,0.0,0.0,0.0,0.0,0.0,0.0,0.0,0.0,0.5,0.0,0,0,0.0,0.0,0
24,向下假突破回区间多头,假突破反转,24,False,85520086e801d46e,REJECTED,False,总交易不足|活跃月份不足|盈利因子不足|实际盈亏比不足|累计净R不足,11.0,False,0.0,0.0,0,0,0.0,0.0,0.0,0.0,0.0,0.0,0.0,0.0,0.5,0.0,0,0,0.0,0.0,0
25,向上假突破回区间空头,假突破反转,1,True,5f2fe4ee3fec03dd,REJECTED,False,总交易不足|活跃月份不足|盈利因子不足|实际盈亏比不足|累计净R不足,11.0,False,0.0,0.0,0,0,0.0,0.0,0.0,0.0,0.0,0.0,0.0,0.0,0.5,0.0,0,0,0.0,0.0,0
25,向上假突破回区间空头,假突破反转,2,False,17a40432527e5267,REJECTED,False,总交易不足|活跃月份不足|盈利因子不足|实际盈亏比不足|累计净R不足,11.0,False,0.0,0.0,0,0,0.0,0.0,0.0,0.0,0.0,0.0,0.0,0.0,0.5,0.0,0,0,0.0,0.0,0
25,向上假突破回区间空头,假突破反转,3,False,1a03127bfc5a3c47,REJECTED,False,总交易不足|活跃月份不足|盈利因子不足|实际盈亏比不足|累计净R不足,11.0,False,0.0,0.0,0,0,0.0,0.0,0.0,0.0,0.0,0.0,0.0,0.0,0.5,0.0,0,0,0.0,0.0,0
25,向上假突破回区间空头,假突破反转,4,False,eca7ed0269c7c72b,REJECTED,False,总交易不足|活跃月份不足|盈利因子不足|实际盈亏比不足|累计净R不足,11.0,False,0.0,0.0,0,0,0.0,0.0,0.0,0.0,0.0,0.0,0.0,0.0,0.5,0.0,0,0,0.0,0.0,0
25,向上假突破回区间空头,假突破反转,5,False,5a1cdc74d116fe6f,REJECTED,False,总交易不足|活跃月份不足|盈利因子不足|实际盈亏比不足|累计净R不足,11.0,False,0.0,0.0,0,0,0.0,0.0,0.0,0.0,0.0,0.0,0.0,0.0,0.5,0.0,0,0,0.0,0.0,0
25,向上假突破回区间空头,假突破反转,6,False,19a34ff5c2df3725,REJECTED,False,总交易不足|活跃月份不足|盈利因子不足|实际盈亏比不足|累计净R不足,11.0,False,0.0,0.0,0,0,0.0,0.0,0.0,0.0,0.0,0.0,0.0,0.0,0.5,0.0,0,0,0.0,0.0,0
25,向上假突破回区间空头,假突破反转,7,False,da986e1a2bcbfaff,REJECTED,False,总交易不足|活跃月份不足|盈利因子不足|实际盈亏比不足|累计净R不足,11.0,False,0.0,0.0,0,0,0.0,0.0,0.0,0.0,0.0,0.0,0.0,0.0,0.5,0.0,0,0,0.0,0.0,0
25,向上假突破回区间空头,假突破反转,8,False,9ca513b9449ffb92,REJECTED,False,总交易不足|活跃月份不足|盈利因子不足|实际盈亏比不足|累计净R不足,11.0,False,0.0,0.0,0,0,0.0,0.0,0.0,0.0,0.0,0.0,0.0,0.0,0.5,0.0,0,0,0.0,0.0,0
25,向上假突破回区间空头,假突破反转,9,False,3fda956366c00dd0,REJECTED,False,总交易不足|活跃月份不足|盈利因子不足|实际盈亏比不足|累计净R不足,11.0,False,0.0,0.0,0,0,0.0,0.0,0.0,0.0,0.0,0.0,0.0,0.0,0.5,0.0,0,0,0.0,0.0,0
25,向上假突破回区间空头,假突破反转,10,False,0e3373cb4b1126cf,REJECTED,False,总交易不足|活跃月份不足|盈利因子不足|实际盈亏比不足|累计净R不足,11.0,False,0.0,0.0,0,0,0.0,0.0,0.0,0.0,0.0,0.0,0.0,0.0,0.5,0.0,0,0,0.0,0.0,0
25,向上假突破回区间空头,假突破反转,11,False,27c9775d032b214c,REJECTED,False,总交易不足|活跃月份不足|盈利因子不足|实际盈亏比不足|累计净R不足,11.0,False,0.0,0.0,0,0,0.0,0.0,0.0,0.0,0.0,0.0,0.0,0.0,0.5,0.0,0,0,0.0,0.0,0
25,向上假突破回区间空头,假突破反转,12,False,ea78cc1d062b11b2,REJECTED,False,总交易不足|活跃月份不足|盈利因子不足|实际盈亏比不足|累计净R不足,11.0,False,0.0,0.0,0,0,0.0,0.0,0.0,0.0,0.0,0.0,0.0,0.0,0.5,0.0,0,0,0.0,0.0,0
25,向上假突破回区间空头,假突破反转,13,False,6653ff58a06309c3,REJECTED,False,总交易不足|活跃月份不足|盈利因子不足|实际盈亏比不足|累计净R不足,11.0,False,0.0,0.0,0,0,0.0,0.0,0.0,0.0,0.0,0.0,0.0,0.0,0.5,0.0,0,0,0.0,0.0,0
25,向上假突破回区间空头,假突破反转,14,False,866c739f22f50edb,REJECTED,False,总交易不足|活跃月份不足|盈利因子不足|实际盈亏比不足|累计净R不足,11.0,False,0.0,0.0,0,0,0.0,0.0,0.0,0.0,0.0,0.0,0.0,0.0,0.5,0.0,0,0,0.0,0.0,0
25,向上假突破回区间空头,假突破反转,15,False,8235275dad088147,REJECTED,False,总交易不足|活跃月份不足|盈利因子不足|实际盈亏比不足|累计净R不足,11.0,False,0.0,0.0,0,0,0.0,0.0,0.0,0.0,0.0,0.0,0.0,0.0,0.5,0.0,0,0,0.0,0.0,0
25,向上假突破回区间空头,假突破反转,16,False,ba88da4afa074642,REJECTED,False,总交易不足|活跃月份不足|盈利因子不足|实际盈亏比不足|累计净R不足,11.0,False,0.0,0.0,0,0,0.0,0.0,0.0,0.0,0.0,0.0,0.0,0.0,0.5,0.0,0,0,0.0,0.0,0
25,向上假突破回区间空头,假突破反转,17,False,ac5c84f354a5b036,REJECTED,False,总交易不足|活跃月份不足|盈利因子不足|实际盈亏比不足|累计净R不足,11.0,False,0.0,0.0,0,0,0.0,0.0,0.0,0.0,0.0,0.0,0.0,0.0,0.5,0.0,0,0,0.0,0.0,0
25,向上假突破回区间空头,假突破反转,18,False,a9fad0cc5e6bd758,REJECTED,False,总交易不足|活跃月份不足|盈利因子不足|实际盈亏比不足|累计净R不足,11.0,False,0.0,0.0,0,0,0.0,0.0,0.0,0.0,0.0,0.0,0.0,0.0,0.5,0.0,0,0,0.0,0.0,0
25,向上假突破回区间空头,假突破反转,19,False,05275d24697ad0ba,REJECTED,False,总交易不足|活跃月份不足|盈利因子不足|实际盈亏比不足|累计净R不足,11.0,False,0.0,0.0,0,0,0.0,0.0,0.0,0.0,0.0,0.0,0.0,0.0,0.5,0.0,0,0,0.0,0.0,0
25,向上假突破回区间空头,假突破反转,20,False,d6a2804feca7be3f,REJECTED,False,总交易不足|活跃月份不足|盈利因子不足|实际盈亏比不足|累计净R不足,11.0,False,0.0,0.0,0,0,0.0,0.0,0.0,0.0,0.0,0.0,0.0,0.0,0.5,0.0,0,0,0.0,0.0,0
25,向上假突破回区间空头,假突破反转,21,False,1d4e9a4bf867b29e,REJECTED,False,总交易不足|活跃月份不足|盈利因子不足|实际盈亏比不足|累计净R不足,11.0,False,0.0,0.0,0,0,0.0,0.0,0.0,0.0,0.0,0.0,0.0,0.0,0.5,0.0,0,0,0.0,0.0,0
25,向上假突破回区间空头,假突破反转,22,False,c2f210736b8867f5,REJECTED,False,总交易不足|活跃月份不足|盈利因子不足|实际盈亏比不足|累计净R不足,11.0,False,0.0,0.0,0,0,0.0,0.0,0.0,0.0,0.0,0.0,0.0,0.0,0.5,0.0,0,0,0.0,0.0,0
25,向上假突破回区间空头,假突破反转,23,False,7b964323626c4d9d,REJECTED,False,总交易不足|活跃月份不足|盈利因子不足|实际盈亏比不足|累计净R不足,11.0,False,0.0,0.0,0,0,0.0,0.0,0.0,0.0,0.0,0.0,0.0,0.0,0.5,0.0,0,0,0.0,0.0,0
25,向上假突破回区间空头,假突破反转,24,False,ca8d894c464e8314,REJECTED,False,总交易不足|活跃月份不足|盈利因子不足|实际盈亏比不足|累计净R不足,11.0,False,0.0,0.0,0,0,0.0,0.0,0.0,0.0,0.0,0.0,0.0,0.0,0.5,0.0,0,0,0.0,0.0,0
26,资金费率极端回归多头,衍生品反转,1,True,fcc89570f6af5d59,REJECTED,False,总交易不足|活跃月份不足|盈利因子不足|实际盈亏比不足|累计净R不足,11.0,False,0.0,0.0,0,0,0.0,0.0,0.0,0.0,0.0,0.0,0.0,0.0,0.5,0.0,0,0,0.0,0.0,0
26,资金费率极端回归多头,衍生品反转,2,False,68395a714b774744,REJECTED,False,总交易不足|活跃月份不足|盈利因子不足|实际盈亏比不足|累计净R不足,11.0,False,0.0,0.0,0,0,0.0,0.0,0.0,0.0,0.0,0.0,0.0,0.0,0.5,0.0,0,0,0.0,0.0,0
26,资金费率极端回归多头,衍生品反转,3,False,30465d9c0b0ffef6,REJECTED,False,总交易不足|活跃月份不足|盈利因子不足|实际盈亏比不足|累计净R不足,11.0,False,0.0,0.0,0,0,0.0,0.0,0.0,0.0,0.0,0.0,0.0,0.0,0.5,0.0,0,0,0.0,0.0,0
26,资金费率极端回归多头,衍生品反转,4,False,9726eff41b552295,REJECTED,False,总交易不足|活跃月份不足|盈利因子不足|实际盈亏比不足|累计净R不足,11.0,False,0.0,0.0,0,0,0.0,0.0,0.0,0.0,0.0,0.0,0.0,0.0,0.5,0.0,0,0,0.0,0.0,0
26,资金费率极端回归多头,衍生品反转,5,False,4c82bfbd5920d5c6,REJECTED,False,总交易不足|活跃月份不足|盈利因子不足|实际盈亏比不足|累计净R不足,11.0,False,0.0,0.0,0,0,0.0,0.0,0.0,0.0,0.0,0.0,0.0,0.0,0.5,0.0,0,0,0.0,0.0,0
26,资金费率极端回归多头,衍生品反转,6,False,53e435800d79924c,REJECTED,False,总交易不足|活跃月份不足|盈利因子不足|实际盈亏比不足|累计净R不足,11.0,False,0.0,0.0,0,0,0.0,0.0,0.0,0.0,0.0,0.0,0.0,0.0,0.5,0.0,0,0,0.0,0.0,0
26,资金费率极端回归多头,衍生品反转,7,False,3fddf265dfa4733d,REJECTED,False,总交易不足|活跃月份不足|盈利因子不足|实际盈亏比不足|累计净R不足,11.0,False,0.0,0.0,0,0,0.0,0.0,0.0,0.0,0.0,0.0,0.0,0.0,0.5,0.0,0,0,0.0,0.0,0
26,资金费率极端回归多头,衍生品反转,8,False,ae20300ca99c3d53,REJECTED,False,总交易不足|活跃月份不足|盈利因子不足|实际盈亏比不足|累计净R不足,11.0,False,0.0,0.0,0,0,0.0,0.0,0.0,0.0,0.0,0.0,0.0,0.0,0.5,0.0,0,0,0.0,0.0,0
26,资金费率极端回归多头,衍生品反转,9,False,c341d55c71eca8ea,REJECTED,False,总交易不足|活跃月份不足|盈利因子不足|实际盈亏比不足|累计净R不足,11.0,False,0.0,0.0,0,0,0.0,0.0,0.0,0.0,0.0,0.0,0.0,0.0,0.5,0.0,0,0,0.0,0.0,0
26,资金费率极端回归多头,衍生品反转,10,False,6893f65b01eb260d,REJECTED,False,总交易不足|活跃月份不足|盈利因子不足|实际盈亏比不足|累计净R不足,11.0,False,0.0,0.0,0,0,0.0,0.0,0.0,0.0,0.0,0.0,0.0,0.0,0.5,0.0,0,0,0.0,0.0,0
26,资金费率极端回归多头,衍生品反转,11,False,ff0fca175d8bb674,REJECTED,False,总交易不足|活跃月份不足|盈利因子不足|实际盈亏比不足|累计净R不足,11.0,False,0.0,0.0,0,0,0.0,0.0,0.0,0.0,0.0,0.0,0.0,0.0,0.5,0.0,0,0,0.0,0.0,0
26,资金费率极端回归多头,衍生品反转,12,False,f9d233a634cfcaf7,REJECTED,False,总交易不足|活跃月份不足|盈利因子不足|实际盈亏比不足|累计净R不足,11.0,False,0.0,0.0,0,0,0.0,0.0,0.0,0.0,0.0,0.0,0.0,0.0,0.5,0.0,0,0,0.0,0.0,0
26,资金费率极端回归多头,衍生品反转,13,False,7273b7d993c60366,REJECTED,False,总交易不足|活跃月份不足|盈利因子不足|实际盈亏比不足|累计净R不足,11.0,False,0.0,0.0,0,0,0.0,0.0,0.0,0.0,0.0,0.0,0.0,0.0,0.5,0.0,0,0,0.0,0.0,0
26,资金费率极端回归多头,衍生品反转,14,False,94e5ea20c292cde8,REJECTED,False,总交易不足|活跃月份不足|盈利因子不足|实际盈亏比不足|累计净R不足,11.0,False,0.0,0.0,0,0,0.0,0.0,0.0,0.0,0.0,0.0,0.0,0.0,0.5,0.0,0,0,0.0,0.0,0
26,资金费率极端回归多头,衍生品反转,15,False,65194ab9417e471b,REJECTED,False,总交易不足|活跃月份不足|盈利因子不足|实际盈亏比不足|累计净R不足,11.0,False,0.0,0.0,0,0,0.0,0.0,0.0,0.0,0.0,0.0,0.0,0.0,0.5,0.0,0,0,0.0,0.0,0
26,资金费率极端回归多头,衍生品反转,16,False,9d9e4f3bfb8c1871,REJECTED,False,总交易不足|活跃月份不足|盈利因子不足|实际盈亏比不足|累计净R不足,11.0,False,0.0,0.0,0,0,0.0,0.0,0.0,0.0,0.0,0.0,0.0,0.0,0.5,0.0,0,0,0.0,0.0,0
26,资金费率极端回归多头,衍生品反转,17,False,e4116bdde669ef18,REJECTED,False,总交易不足|活跃月份不足|盈利因子不足|实际盈亏比不足|累计净R不足,11.0,False,0.0,0.0,0,0,0.0,0.0,0.0,0.0,0.0,0.0,0.0,0.0,0.5,0.0,0,0,0.0,0.0,0
26,资金费率极端回归多头,衍生品反转,18,False,f06dc0a0992a74fb,REJECTED,False,总交易不足|活跃月份不足|盈利因子不足|实际盈亏比不足|累计净R不足,11.0,False,0.0,0.0,0,0,0.0,0.0,0.0,0.0,0.0,0.0,0.0,0.0,0.5,0.0,0,0,0.0,0.0,0
26,资金费率极端回归多头,衍生品反转,19,False,59b8f596e91a83c5,REJECTED,False,总交易不足|活跃月份不足|盈利因子不足|实际盈亏比不足|累计净R不足,11.0,False,0.0,0.0,0,0,0.0,0.0,0.0,0.0,0.0,0.0,0.0,0.0,0.5,0.0,0,0,0.0,0.0,0
26,资金费率极端回归多头,衍生品反转,20,False,56f58a97f8d18c3c,REJECTED,False,总交易不足|活跃月份不足|盈利因子不足|实际盈亏比不足|累计净R不足,11.0,False,0.0,0.0,0,0,0.0,0.0,0.0,0.0,0.0,0.0,0.0,0.0,0.5,0.0,0,0,0.0,0.0,0
26,资金费率极端回归多头,衍生品反转,21,False,c49708d36ff6779c,REJECTED,False,总交易不足|活跃月份不足|盈利因子不足|实际盈亏比不足|累计净R不足,11.0,False,0.0,0.0,0,0,0.0,0.0,0.0,0.0,0.0,0.0,0.0,0.0,0.5,0.0,0,0,0.0,0.0,0
26,资金费率极端回归多头,衍生品反转,22,False,a4af39b38e4dcf73,REJECTED,False,总交易不足|活跃月份不足|盈利因子不足|实际盈亏比不足|累计净R不足,11.0,False,0.0,0.0,0,0,0.0,0.0,0.0,0.0,0.0,0.0,0.0,0.0,0.5,0.0,0,0,0.0,0.0,0
26,资金费率极端回归多头,衍生品反转,23,False,4622bd4654aae68c,REJECTED,False,总交易不足|活跃月份不足|盈利因子不足|实际盈亏比不足|累计净R不足,11.0,False,0.0,0.0,0,0,0.0,0.0,0.0,0.0,0.0,0.0,0.0,0.0,0.5,0.0,0,0,0.0,0.0,0
26,资金费率极端回归多头,衍生品反转,24,False,1969e1f0ff741f69,REJECTED,False,总交易不足|活跃月份不足|盈利因子不足|实际盈亏比不足|累计净R不足,11.0,False,0.0,0.0,0,0,0.0,0.0,0.0,0.0,0.0,0.0,0.0,0.0,0.5,0.0,0,0,0.0,0.0,0
27,资金费率极端回归空头,衍生品反转,1,True,ab1a7bf6d11e9bd8,REJECTED,False,活跃月份不足|盈利因子不足|实际盈亏比不足|累计净R不足|最差月份亏损过大,-18.11720468292082,False,0.0,0.6666666666666666,3,0,0.0,0.0,0.9372401560973608,0.0,0.0,-2.811720468292082,2.811720468292082,-0.9372401560973608,0.36363636363636365,0.0,1,0,-2.811720468292082,0.0,3
27,资金费率极端回归空头,衍生品反转,2,False,8d59010061f9adc1,REJECTED,False,活跃月份不足|盈利因子不足|实际盈亏比不足|累计净R不足|最差月份亏损过大,-18.11720468292082,False,0.0,0.6666666666666666,3,0,0.0,0.0,0.9372401560973608,0.0,0.0,-2.811720468292082,2.811720468292082,-0.9372401560973608,0.36363636363636365,0.0,1,0,-2.811720468292082,0.0,3
27,资金费率极端回归空头,衍生品反转,3,False,f480d9ccdbc816d0,REJECTED,False,活跃月份不足|盈利因子不足|实际盈亏比不足|累计净R不足|最差月份亏损过大,-18.11721017019619,False,0.0,0.6666666666666666,3,0,0.0,0.0,0.9372403390065397,0.0,0.0,-2.811721017019619,2.811721017019619,-0.9372403390065397,0.36363636363636365,0.0,1,0,-2.811721017019619,0.0,3
27,资金费率极端回归空头,衍生品反转,4,False,9d4342caf2b7752f,REJECTED,False,活跃月份不足|盈利因子不足|实际盈亏比不足|累计净R不足|最差月份亏损过大,-18.11721017019619,False,0.0,0.6666666666666666,3,0,0.0,0.0,0.9372403390065397,0.0,0.0,-2.811721017019619,2.811721017019619,-0.9372403390065397,0.36363636363636365,0.0,1,0,-2.811721017019619,0.0,3
27,资金费率极端回归空头,衍生品反转,5,False,f412d8b5719784b2,REJECTED,False,活跃月份不足|盈利因子不足|实际盈亏比不足|累计净R不足|最差月份亏损过大,-19.226421875804405,False,0.0,0.6,3,0,0.0,0.0,0.9742140625268134,0.0,0.0,-2.9226421875804403,2.9226421875804403,-0.9742140625268134,0.36363636363636365,0.0,1,0,-2.9226421875804403,0.0,3
27,资金费率极端回归空头,衍生品反转,6,False,958059cfad0a8f25,REJECTED,False,活跃月份不足|盈利因子不足|实际盈亏比不足|累计净R不足|最差月份亏损过大,-19.226421875804405,False,0.0,0.6,3,0,0.0,0.0,0.9742140625268134,0.0,0.0,-2.9226421875804403,2.9226421875804403,-0.9742140625268134,0.36363636363636365,0.0,1,0,-2.9226421875804403,0.0,3
27,资金费率极端回归空头,衍生品反转,7,False,3955909ee1252a74,REJECTED,False,活跃月份不足|盈利因子不足|实际盈亏比不足|累计净R不足|最差月份亏损过大,-19.227283412020952,False,0.0,0.6,3,0,0.0,0.0,0.9742427804006984,0.0,0.0,-2.9227283412020952,2.9227283412020952,-0.9742427804006984,0.36363636363636365,0.0,1,0,-2.9227283412020952,0.0,3
27,资金费率极端回归空头,衍生品反转,8,False,ed1b377ffe97b58a,REJECTED,False,活跃月份不足|盈利因子不足|实际盈亏比不足|累计净R不足|最差月份亏损过大,-19.227283412020952,False,0.0,0.6,3,0,0.0,0.0,0.9742427804006984,0.0,0.0,-2.9227283412020952,2.9227283412020952,-0.9742427804006984,0.36363636363636365,0.0,1,0,-2.9227283412020952,0.0,3
27,资金费率极端回归空头,衍生品反转,9,False,31c11dd08e66ebfa,REJECTED,False,总交易不足|活跃月份不足|盈利因子不足|实际盈亏比不足|累计净R不足,-4.276333961315064,False,0.0,0.8,2,0,0.0,0.0,0.7538166980657532,0.0,0.0,-1.5076333961315065,1.5076333961315065,-0.7538166980657532,0.4,0.0,1,0,-1.5076333961315065,0.0,2
27,资金费率极端回归空头,衍生品反转,10,False,1a2b0adea3117bb9,REJECTED,False,总交易不足|活跃月份不足|盈利因子不足|实际盈亏比不足|累计净R不足,-4.276333961315064,False,0.0,0.8,2,0,0.0,0.0,0.7538166980657532,0.0,0.0,-1.5076333961315065,1.5076333961315065,-0.7538166980657532,0.4,0.0,1,0,-1.5076333961315065,0.0,2
27,资金费率极端回归空头,衍生品反转,11,False,e53d66e1ba8189e9,REJECTED,False,总交易不足|活跃月份不足|盈利因子不足|实际盈亏比不足|累计净R不足,-4.276339448590434,False,0.0,0.8,2,0,0.0,0.0,0.7538169724295217,0.0,0.0,-1.5076339448590435,1.5076339448590435,-0.7538169724295217,0.4,0.0,1,0,-1.5076339448590435,0.0,2
27,资金费率极端回归空头,衍生品反转,12,False,25a48552b3a71206,REJECTED,False,总交易不足|活跃月份不足|盈利因子不足|实际盈亏比不足|累计净R不足,-4.276339448590434,False,0.0,0.8,2,0,0.0,0.0,0.7538169724295217,0.0,0.0,-1.5076339448590435,1.5076339448590435,-0.7538169724295217,0.4,0.0,1,0,-1.5076339448590435,0.0,2
27,资金费率极端回归空头,衍生品反转,13,False,438e37721a4bff07,REJECTED,False,总交易不足|活跃月份不足|盈利因子不足|实际盈亏比不足|累计净R不足,-5.082637240676135,False,0.0,0.8,2,0,0.0,0.0,0.7941318620338068,0.0,0.0,-1.5882637240676136,1.5882637240676136,-0.7941318620338068,0.4,0.0,1,0,-1.5882637240676136,0.0,2
27,资金费率极端回归空头,衍生品反转,14,False,5cb575186cd8efa9,REJECTED,False,总交易不足|活跃月份不足|盈利因子不足|实际盈亏比不足|累计净R不足,-5.082637240676135,False,0.0,0.8,2,0,0.0,0.0,0.7941318620338068,0.0,0.0,-1.5882637240676136,1.5882637240676136,-0.7941318620338068,0.4,0.0,1,0,-1.5882637240676136,0.0,2
27,资金费率极端回归空头,衍生品反转,15,False,93f9d4bfce2909c7,REJECTED,False,总交易不足|活跃月份不足|盈利因子不足|实际盈亏比不足|累计净R不足|最差月份亏损过大,-15.888108846151919,False,0.0,0.8,2,0,0.0,0.0,1.334405442307596,0.0,0.0,-2.668810884615192,2.668810884615192,-1.334405442307596,0.4,0.0,1,0,-2.668810884615192,0.0,2
27,资金费率极端回归空头,衍生品反转,16,False,102d61c10d46b68d,REJECTED,False,总交易不足|活跃月份不足|盈利因子不足|实际盈亏比不足|累计净R不足|最差月份亏损过大,-15.888108846151919,False,0.0,0.8,2,0,0.0,0.0,1.334405442307596,0.0,0.0,-2.668810884615192,2.668810884615192,-1.334405442307596,0.4,0.0,1,0,-2.668810884615192,0.0,2
27,资金费率极端回归空头,衍生品反转,17,False,b02aa80e33f81c12,REJECTED,False,总交易不足|活跃月份不足|盈利因子不足|实际盈亏比不足|累计净R不足,-1.263215655059306,False,0.0,1.0,1,0,0.0,0.0,1.3040993432837082,0.0,0.0,-1.3040993432837082,1.3040993432837082,-1.3040993432837082,0.4444444444444444,0.0,1,0,-1.3040993432837082,0.0,1
27,资金费率极端回归空头,衍生品反转,18,False,be669920598442a4,REJECTED,False,总交易不足|活跃月份不足|盈利因子不足|实际盈亏比不足|累计净R不足,-1.263215655059306,False,0.0,1.0,1,0,0.0,0.0,1.3040993432837082,0.0,0.0,-1.3040993432837082,1.3040993432837082,-1.3040993432837082,0.4444444444444444,0.0,1,0,-1.3040993432837082,0.0,1
27,资金费率极端回归空头,衍生品反转,19,False,e75b1e50d0cfca04,REJECTED,False,总交易不足|活跃月份不足|盈利因子不足|实际盈亏比不足|累计净R不足,-1.263215655059306,False,0.0,1.0,1,0,0.0,0.0,1.3040993432837082,0.0,0.0,-1.3040993432837082,1.3040993432837082,-1.3040993432837082,0.4444444444444444,0.0,1,0,-1.3040993432837082,0.0,1
27,资金费率极端回归空头,衍生品反转,20,False,a98a835bcddc0ad5,REJECTED,False,总交易不足|活跃月份不足|盈利因子不足|实际盈亏比不足|累计净R不足,-1.263215655059306,False,0.0,1.0,1,0,0.0,0.0,1.3040993432837082,0.0,0.0,-1.3040993432837082,1.3040993432837082,-1.3040993432837082,0.4444444444444444,0.0,1,0,-1.3040993432837082,0.0,1
27,资金费率极端回归空头,衍生品反转,21,False,b2a534a14454bac8,REJECTED,False,总交易不足|活跃月份不足|盈利因子不足|实际盈亏比不足|累计净R不足,-1.566006857350489,False,0.0,0.8,1,0,0.0,0.0,1.3343784635128266,0.0,0.0,-1.3343784635128266,1.3343784635128266,-1.3343784635128266,0.4444444444444444,0.0,1,0,-1.3343784635128266,0.0,1
27,资金费率极端回归空头,衍生品反转,22,False,49428ab3fa186b1b,REJECTED,False,总交易不足|活跃月份不足|盈利因子不足|实际盈亏比不足|累计净R不足,-1.566006857350489,False,0.0,0.8,1,0,0.0,0.0,1.3343784635128266,0.0,0.0,-1.3343784635128266,1.3343784635128266,-1.3343784635128266,0.4444444444444444,0.0,1,0,-1.3343784635128266,0.0,1
27,资金费率极端回归空头,衍生品反转,23,False,8eb51685c4e18d20,REJECTED,False,总交易不足|活跃月份不足|盈利因子不足|实际盈亏比不足|累计净R不足,-1.5663768400821558,False,0.0,0.8,1,0,0.0,0.0,1.3344154617859934,0.0,0.0,-1.3344154617859934,1.3344154617859934,-1.3344154617859934,0.4444444444444444,0.0,1,0,-1.3344154617859934,0.0,1
27,资金费率极端回归空头,衍生品反转,24,False,e15f1b3e0716080a,REJECTED,False,总交易不足|活跃月份不足|盈利因子不足|实际盈亏比不足|累计净R不足,-1.5663768400821558,False,0.0,0.8,1,0,0.0,0.0,1.3344154617859934,0.0,0.0,-1.3344154617859934,1.3344154617859934,-1.3344154617859934,0.4444444444444444,0.0,1,0,-1.3344154617859934,0.0,1
28,合约溢价极端修复多头,基差反转,1,True,48c0a571f023845e,REJECTED,False,总交易不足|活跃月份不足|盈利因子不足|实际盈亏比不足|累计净R不足,9.741393395716617,False,0.0,0.4,1,0,0.0,0.0,0.20363843820611607,0.0,0.0,-0.20363843820611607,0.20363843820611607,-0.20363843820611607,0.4444444444444444,0.0,1,0,-0.20363843820611607,0.0,1
28,合约溢价极端修复多头,基差反转,2,False,c556780da8fd4b2a,REJECTED,False,总交易不足|活跃月份不足|盈利因子不足|实际盈亏比不足|累计净R不足,9.741393395716617,False,0.0,0.4,1,0,0.0,0.0,0.20363843820611607,0.0,0.0,-0.20363843820611607,0.20363843820611607,-0.20363843820611607,0.4444444444444444,0.0,1,0,-0.20363843820611607,0.0,1
28,合约溢价极端修复多头,基差反转,3,False,3dcbc997d7e6c34d,REJECTED,False,总交易不足|活跃月份不足|盈利因子不足|实际盈亏比不足|累计净R不足,9.741393395716617,False,0.0,0.4,1,0,0.0,0.0,0.20363843820611607,0.0,0.0,-0.20363843820611607,0.20363843820611607,-0.20363843820611607,0.4444444444444444,0.0,1,0,-0.20363843820611607,0.0,1
28,合约溢价极端修复多头,基差反转,4,False,61c7503426bc984b,REJECTED,False,总交易不足|活跃月份不足|盈利因子不足|实际盈亏比不足|累计净R不足,11.0,False,0.0,0.0,0,0,0.0,0.0,0.0,0.0,0.0,0.0,0.0,0.0,0.5,0.0,0,0,0.0,0.0,0
28,合约溢价极端修复多头,基差反转,5,False,742043df497c16ec,REJECTED,False,总交易不足|活跃月份不足|盈利因子不足|实际盈亏比不足|累计净R不足,11.0,False,0.0,0.0,0,0,0.0,0.0,0.0,0.0,0.0,0.0,0.0,0.0,0.5,0.0,0,0,0.0,0.0,0
28,合约溢价极端修复多头,基差反转,6,False,c468956982a6e533,REJECTED,False,总交易不足|活跃月份不足|盈利因子不足|实际盈亏比不足|累计净R不足,11.0,False,0.0,0.0,0,0,0.0,0.0,0.0,0.0,0.0,0.0,0.0,0.0,0.5,0.0,0,0,0.0,0.0,0
28,合约溢价极端修复多头,基差反转,7,False,5ef71b35a0c257ec,REJECTED,False,总交易不足|活跃月份不足|盈利因子不足|实际盈亏比不足|累计净R不足,11.0,False,0.0,0.0,0,0,0.0,0.0,0.0,0.0,0.0,0.0,0.0,0.0,0.5,0.0,0,0,0.0,0.0,0
28,合约溢价极端修复多头,基差反转,8,False,032e7e63353b4957,REJECTED,False,总交易不足|活跃月份不足|盈利因子不足|实际盈亏比不足|累计净R不足,11.0,False,0.0,0.0,0,0,0.0,0.0,0.0,0.0,0.0,0.0,0.0,0.0,0.5,0.0,0,0,0.0,0.0,0
28,合约溢价极端修复多头,基差反转,9,False,0ba48f62cfa7494c,REJECTED,False,总交易不足|活跃月份不足|盈利因子不足|实际盈亏比不足|累计净R不足,11.0,False,0.0,0.0,0,0,0.0,0.0,0.0,0.0,0.0,0.0,0.0,0.0,0.5,0.0,0,0,0.0,0.0,0
28,合约溢价极端修复多头,基差反转,10,False,bf893553e863b925,REJECTED,False,总交易不足|活跃月份不足|盈利因子不足|实际盈亏比不足|累计净R不足,11.0,False,0.0,0.0,0,0,0.0,0.0,0.0,0.0,0.0,0.0,0.0,0.0,0.5,0.0,0,0,0.0,0.0,0
28,合约溢价极端修复多头,基差反转,11,False,925d2d02f80fc5f4,REJECTED,False,总交易不足|活跃月份不足|盈利因子不足|实际盈亏比不足|累计净R不足,11.0,False,0.0,0.0,0,0,0.0,0.0,0.0,0.0,0.0,0.0,0.0,0.0,0.5,0.0,0,0,0.0,0.0,0
28,合约溢价极端修复多头,基差反转,12,False,f0a6e64af8f05735,REJECTED,False,总交易不足|活跃月份不足|盈利因子不足|实际盈亏比不足|累计净R不足,11.0,False,0.0,0.0,0,0,0.0,0.0,0.0,0.0,0.0,0.0,0.0,0.0,0.5,0.0,0,0,0.0,0.0,0
28,合约溢价极端修复多头,基差反转,13,False,3d15b55131a950c1,REJECTED,False,总交易不足|活跃月份不足|盈利因子不足|实际盈亏比不足|累计净R不足,11.0,False,0.0,0.0,0,0,0.0,0.0,0.0,0.0,0.0,0.0,0.0,0.0,0.5,0.0,0,0,0.0,0.0,0
28,合约溢价极端修复多头,基差反转,14,False,093dac7fcabfaabe,REJECTED,False,总交易不足|活跃月份不足|盈利因子不足|实际盈亏比不足|累计净R不足,11.0,False,0.0,0.0,0,0,0.0,0.0,0.0,0.0,0.0,0.0,0.0,0.0,0.5,0.0,0,0,0.0,0.0,0
28,合约溢价极端修复多头,基差反转,15,False,4abb05d6fcd2b979,REJECTED,False,总交易不足|活跃月份不足|盈利因子不足|实际盈亏比不足|累计净R不足,11.0,False,0.0,0.0,0,0,0.0,0.0,0.0,0.0,0.0,0.0,0.0,0.0,0.5,0.0,0,0,0.0,0.0,0
28,合约溢价极端修复多头,基差反转,16,False,9d3c625374e50f0a,REJECTED,False,总交易不足|活跃月份不足|盈利因子不足|实际盈亏比不足|累计净R不足,11.0,False,0.0,0.0,0,0,0.0,0.0,0.0,0.0,0.0,0.0,0.0,0.0,0.5,0.0,0,0,0.0,0.0,0
28,合约溢价极端修复多头,基差反转,17,False,81b8d36c134f6b67,REJECTED,False,总交易不足|活跃月份不足|盈利因子不足|实际盈亏比不足|累计净R不足,11.0,False,0.0,0.0,0,0,0.0,0.0,0.0,0.0,0.0,0.0,0.0,0.0,0.5,0.0,0,0,0.0,0.0,0
28,合约溢价极端修复多头,基差反转,18,False,1a6734217c80e8e6,REJECTED,False,总交易不足|活跃月份不足|盈利因子不足|实际盈亏比不足|累计净R不足,11.0,False,0.0,0.0,0,0,0.0,0.0,0.0,0.0,0.0,0.0,0.0,0.0,0.5,0.0,0,0,0.0,0.0,0
28,合约溢价极端修复多头,基差反转,19,False,ed236082c2e394da,REJECTED,False,总交易不足|活跃月份不足|盈利因子不足|实际盈亏比不足|累计净R不足,11.0,False,0.0,0.0,0,0,0.0,0.0,0.0,0.0,0.0,0.0,0.0,0.0,0.5,0.0,0,0,0.0,0.0,0
28,合约溢价极端修复多头,基差反转,20,False,81441cf5ccce5738,REJECTED,False,总交易不足|活跃月份不足|盈利因子不足|实际盈亏比不足|累计净R不足,11.0,False,0.0,0.0,0,0,0.0,0.0,0.0,0.0,0.0,0.0,0.0,0.0,0.5,0.0,0,0,0.0,0.0,0
28,合约溢价极端修复多头,基差反转,21,False,fadda0a69a1cad40,REJECTED,False,总交易不足|活跃月份不足|盈利因子不足|实际盈亏比不足|累计净R不足,11.0,False,0.0,0.0,0,0,0.0,0.0,0.0,0.0,0.0,0.0,0.0,0.0,0.5,0.0,0,0,0.0,0.0,0
28,合约溢价极端修复多头,基差反转,22,False,e192dbbbf624e8c6,REJECTED,False,总交易不足|活跃月份不足|盈利因子不足|实际盈亏比不足|累计净R不足,11.0,False,0.0,0.0,0,0,0.0,0.0,0.0,0.0,0.0,0.0,0.0,0.0,0.5,0.0,0,0,0.0,0.0,0
28,合约溢价极端修复多头,基差反转,23,False,65f4e7bf148c4f52,REJECTED,False,总交易不足|活跃月份不足|盈利因子不足|实际盈亏比不足|累计净R不足,11.0,False,0.0,0.0,0,0,0.0,0.0,0.0,0.0,0.0,0.0,0.0,0.0,0.5,0.0,0,0,0.0,0.0,0
28,合约溢价极端修复多头,基差反转,24,False,46b9c14acd333994,REJECTED,False,总交易不足|活跃月份不足|盈利因子不足|实际盈亏比不足|累计净R不足,11.0,False,0.0,0.0,0,0,0.0,0.0,0.0,0.0,0.0,0.0,0.0,0.0,0.5,0.0,0,0,0.0,0.0,0
29,合约溢价极端修复空头,基差反转,1,True,9cc0c5de692aa62f,REJECTED,False,总交易不足|活跃月份不足|盈利因子不足|实际盈亏比不足|累计净R不足,11.0,False,0.0,0.0,0,0,0.0,0.0,0.0,0.0,0.0,0.0,0.0,0.0,0.5,0.0,0,0,0.0,0.0,0
29,合约溢价极端修复空头,基差反转,2,False,47dba36f73121a18,REJECTED,False,总交易不足|活跃月份不足|盈利因子不足|实际盈亏比不足|累计净R不足,11.0,False,0.0,0.0,0,0,0.0,0.0,0.0,0.0,0.0,0.0,0.0,0.0,0.5,0.0,0,0,0.0,0.0,0
29,合约溢价极端修复空头,基差反转,3,False,5d1f6d7292487bf0,REJECTED,False,总交易不足|活跃月份不足|盈利因子不足|实际盈亏比不足|累计净R不足,11.0,False,0.0,0.0,0,0,0.0,0.0,0.0,0.0,0.0,0.0,0.0,0.0,0.5,0.0,0,0,0.0,0.0,0
29,合约溢价极端修复空头,基差反转,4,False,bb44a518fb5bf1b9,REJECTED,False,总交易不足|活跃月份不足|盈利因子不足|实际盈亏比不足|累计净R不足,11.0,False,0.0,0.0,0,0,0.0,0.0,0.0,0.0,0.0,0.0,0.0,0.0,0.5,0.0,0,0,0.0,0.0,0
29,合约溢价极端修复空头,基差反转,5,False,dc7f28e120df9f9f,REJECTED,False,总交易不足|活跃月份不足|盈利因子不足|实际盈亏比不足|累计净R不足,11.0,False,0.0,0.0,0,0,0.0,0.0,0.0,0.0,0.0,0.0,0.0,0.0,0.5,0.0,0,0,0.0,0.0,0
29,合约溢价极端修复空头,基差反转,6,False,9b74a39252193b0d,REJECTED,False,总交易不足|活跃月份不足|盈利因子不足|实际盈亏比不足|累计净R不足,11.0,False,0.0,0.0,0,0,0.0,0.0,0.0,0.0,0.0,0.0,0.0,0.0,0.5,0.0,0,0,0.0,0.0,0
29,合约溢价极端修复空头,基差反转,7,False,5bbc2998aedaf067,REJECTED,False,总交易不足|活跃月份不足|盈利因子不足|实际盈亏比不足|累计净R不足,11.0,False,0.0,0.0,0,0,0.0,0.0,0.0,0.0,0.0,0.0,0.0,0.0,0.5,0.0,0,0,0.0,0.0,0
29,合约溢价极端修复空头,基差反转,8,False,ca5fd0bcf063780b,REJECTED,False,总交易不足|活跃月份不足|盈利因子不足|实际盈亏比不足|累计净R不足,11.0,False,0.0,0.0,0,0,0.0,0.0,0.0,0.0,0.0,0.0,0.0,0.0,0.5,0.0,0,0,0.0,0.0,0
29,合约溢价极端修复空头,基差反转,9,False,191dd9f7992dfd8e,REJECTED,False,总交易不足|活跃月份不足|盈利因子不足|实际盈亏比不足|累计净R不足,11.0,False,0.0,0.0,0,0,0.0,0.0,0.0,0.0,0.0,0.0,0.0,0.0,0.5,0.0,0,0,0.0,0.0,0
29,合约溢价极端修复空头,基差反转,10,False,6c1b97ec9c2a1203,REJECTED,False,总交易不足|活跃月份不足|盈利因子不足|实际盈亏比不足|累计净R不足,11.0,False,0.0,0.0,0,0,0.0,0.0,0.0,0.0,0.0,0.0,0.0,0.0,0.5,0.0,0,0,0.0,0.0,0
29,合约溢价极端修复空头,基差反转,11,False,98a2d497101d603d,REJECTED,False,总交易不足|活跃月份不足|盈利因子不足|实际盈亏比不足|累计净R不足,11.0,False,0.0,0.0,0,0,0.0,0.0,0.0,0.0,0.0,0.0,0.0,0.0,0.5,0.0,0,0,0.0,0.0,0
29,合约溢价极端修复空头,基差反转,12,False,f7178d2a60194dca,REJECTED,False,总交易不足|活跃月份不足|盈利因子不足|实际盈亏比不足|累计净R不足,11.0,False,0.0,0.0,0,0,0.0,0.0,0.0,0.0,0.0,0.0,0.0,0.0,0.5,0.0,0,0,0.0,0.0,0
29,合约溢价极端修复空头,基差反转,13,False,b73872009c150552,REJECTED,False,总交易不足|活跃月份不足|盈利因子不足|实际盈亏比不足|累计净R不足,11.0,False,0.0,0.0,0,0,0.0,0.0,0.0,0.0,0.0,0.0,0.0,0.0,0.5,0.0,0,0,0.0,0.0,0
29,合约溢价极端修复空头,基差反转,14,False,c5c054c0ebd3e253,REJECTED,False,总交易不足|活跃月份不足|盈利因子不足|实际盈亏比不足|累计净R不足,11.0,False,0.0,0.0,0,0,0.0,0.0,0.0,0.0,0.0,0.0,0.0,0.0,0.5,0.0,0,0,0.0,0.0,0
29,合约溢价极端修复空头,基差反转,15,False,7db16ab652419c70,REJECTED,False,总交易不足|活跃月份不足|盈利因子不足|实际盈亏比不足|累计净R不足,11.0,False,0.0,0.0,0,0,0.0,0.0,0.0,0.0,0.0,0.0,0.0,0.0,0.5,0.0,0,0,0.0,0.0,0
29,合约溢价极端修复空头,基差反转,16,False,3af3f7098f3957e2,REJECTED,False,总交易不足|活跃月份不足|盈利因子不足|实际盈亏比不足|累计净R不足,11.0,False,0.0,0.0,0,0,0.0,0.0,0.0,0.0,0.0,0.0,0.0,0.0,0.5,0.0,0,0,0.0,0.0,0
29,合约溢价极端修复空头,基差反转,17,False,80c8ac639b1a8ae9,REJECTED,False,总交易不足|活跃月份不足|盈利因子不足|实际盈亏比不足|累计净R不足,11.0,False,0.0,0.0,0,0,0.0,0.0,0.0,0.0,0.0,0.0,0.0,0.0,0.5,0.0,0,0,0.0,0.0,0
29,合约溢价极端修复空头,基差反转,18,False,230fee40457ebfbd,REJECTED,False,总交易不足|活跃月份不足|盈利因子不足|实际盈亏比不足|累计净R不足,11.0,False,0.0,0.0,0,0,0.0,0.0,0.0,0.0,0.0,0.0,0.0,0.0,0.5,0.0,0,0,0.0,0.0,0
29,合约溢价极端修复空头,基差反转,19,False,f7e6214b111b86e0,REJECTED,False,总交易不足|活跃月份不足|盈利因子不足|实际盈亏比不足|累计净R不足,11.0,False,0.0,0.0,0,0,0.0,0.0,0.0,0.0,0.0,0.0,0.0,0.0,0.5,0.0,0,0,0.0,0.0,0
29,合约溢价极端修复空头,基差反转,20,False,dceffa84d01a968d,REJECTED,False,总交易不足|活跃月份不足|盈利因子不足|实际盈亏比不足|累计净R不足,11.0,False,0.0,0.0,0,0,0.0,0.0,0.0,0.0,0.0,0.0,0.0,0.0,0.5,0.0,0,0,0.0,0.0,0
29,合约溢价极端修复空头,基差反转,21,False,a8f3860b89424b29,REJECTED,False,总交易不足|活跃月份不足|盈利因子不足|实际盈亏比不足|累计净R不足,11.0,False,0.0,0.0,0,0,0.0,0.0,0.0,0.0,0.0,0.0,0.0,0.0,0.5,0.0,0,0,0.0,0.0,0
29,合约溢价极端修复空头,基差反转,22,False,cc4356646f19fa79,REJECTED,False,总交易不足|活跃月份不足|盈利因子不足|实际盈亏比不足|累计净R不足,11.0,False,0.0,0.0,0,0,0.0,0.0,0.0,0.0,0.0,0.0,0.0,0.0,0.5,0.0,0,0,0.0,0.0,0
29,合约溢价极端修复空头,基差反转,23,False,df2ae03577cfc9bc,REJECTED,False,总交易不足|活跃月份不足|盈利因子不足|实际盈亏比不足|累计净R不足,11.0,False,0.0,0.0,0,0,0.0,0.0,0.0,0.0,0.0,0.0,0.0,0.0,0.5,0.0,0,0,0.0,0.0,0
29,合约溢价极端修复空头,基差反转,24,False,cab5d273b4a8906d,REJECTED,False,总交易不足|活跃月份不足|盈利因子不足|实际盈亏比不足|累计净R不足,11.0,False,0.0,0.0,0,0,0.0,0.0,0.0,0.0,0.0,0.0,0.0,0.0,0.5,0.0,0,0,0.0,0.0,0
30,欧美开盘区间突破多头,开盘突破,1,True,f9b0b97528e653e7,REJECTED,False,盈利因子不足|实际盈亏比不足|累计净R不足|最差月份亏损过大,-11.137270708300854,False,0.0,0.6333333333333334,6,2,0.3333333333333333,1.4955536215401288,1.303233364445384,1.1475716186690712,0.5737858093345356,-2.2218262147012777,3.9098741446512353,-0.37030436911687964,0.42857142857142855,0.17738489439831545,2,1,-3.9098741446512353,1.0,3
30,欧美开盘区间突破多头,开盘突破,2,False,a877ff1aabbaebd2,REJECTED,False,盈利因子不足|实际盈亏比不足|累计净R不足|最差月份亏损过大,-11.137270708300854,False,0.0,0.6333333333333334,6,2,0.3333333333333333,1.4955536215401288,1.303233364445384,1.1475716186690712,0.5737858093345356,-2.2218262147012777,3.9098741446512353,-0.37030436911687964,0.42857142857142855,0.17738489439831545,2,1,-3.9098741446512353,1.0,3
30,欧美开盘区间突破多头,开盘突破,3,False,59ef13485629ffb6,REJECTED,False,盈利因子不足|实际盈亏比不足|累计净R不足|最差月份亏损过大,-9.991162306025776,False,0.0,0.8,4,1,0.25,1.4955427834600035,1.303201655386814,1.1475912244878934,0.3825304081626311,-2.4140621827004383,2.6065456530301416,-0.6035155456751096,0.4166666666666667,0.1,2,1,-2.606545653030142,1.0,2
30,欧美开盘区间突破多头,开盘突破,4,False,e506f97f39af9803,REJECTED,False,盈利因子不足|实际盈亏比不足|累计净R不足|最差月份亏损过大,-9.991162306025776,False,0.0,0.8,4,1,0.25,1.4955427834600035,1.303201655386814,1.1475912244878934,0.3825304081626311,-2.4140621827004383,2.6065456530301416,-0.6035155456751096,0.4166666666666667,0.1,2,1,-2.606545653030142,1.0,2
30,欧美开盘区间突破多头,开盘突破,5,False,3677fd8c3b91bd1e,REJECTED,False,盈利因子不足|实际盈亏比不足|累计净R不足|最差月份亏损过大,-40.79413181131931,False,0.0,0.8500000000000001,4,0,0.0,0.0,1.303186628616316,0.0,0.0,-5.212746514465264,5.212746514465264,-1.303186628616316,0.3333333333333333,0.0,2,0,-2.6065999033353657,0.0,2
30,欧美开盘区间突破多头,开盘突破,6,False,2640e495bf1a0dcb,REJECTED,False,盈利因子不足|实际盈亏比不足|累计净R不足|最差月份亏损过大,-40.79413181131931,False,0.0,0.8500000000000001,4,0,0.0,0.0,1.303186628616316,0.0,0.0,-5.212746514465264,5.212746514465264,-1.303186628616316,0.3333333333333333,0.0,2,0,-2.6065999033353657,0.0,2
30,欧美开盘区间突破多头,开盘突破,7,False,6d91fd221ab4265c,REJECTED,False,盈利因子不足|实际盈亏比不足|累计净R不足|最差月份亏损过大,-40.79413181131931,False,0.0,0.8,4,0,0.0,0.0,1.303186628616316,0.0,0.0,-5.212746514465264,5.212746514465264,-1.303186628616316,0.3333333333333333,0.0,2,0,-2.6065999033353657,0.0,2
30,欧美开盘区间突破多头,开盘突破,8,False,643d2c508730e875,REJECTED,False,盈利因子不足|实际盈亏比不足|累计净R不足|最差月份亏损过大,-40.79413181131931,False,0.0,0.8,4,0,0.0,0.0,1.303186628616316,0.0,0.0,-5.212746514465264,5.212746514465264,-1.303186628616316,0.3333333333333333,0.0,2,0,-2.6065999033353657,0.0,2
30,欧美开盘区间突破多头,开盘突破,9,False,cc5a7659ab72dede,REJECTED,False,活跃月份不足|盈利因子不足|实际盈亏比不足|累计净R不足|最差月份亏损过大,-23.567135914841895,False,0.0,0.6000000000000001,3,0,0.0,0.0,1.1189045304947298,0.0,0.0,-3.3567135914841897,3.3567135914841897,-1.1189045304947298,0.36363636363636365,0.0,1,0,-3.3567135914841897,0.0,3
30,欧美开盘区间突破多头,开盘突破,10,False,3b19a66f8a634d18,REJECTED,False,总交易不足|盈利因子不足|实际盈亏比不足|累计净R不足,-13.263311736104885,False,0.0,0.9,2,0,0.0,0.0,1.3031655868052443,0.0,0.0,-2.6063311736104886,2.6063311736104886,-1.3031655868052443,0.4,0.0,2,0,-1.3032718604801885,0.0,1
30,欧美开盘区间突破多头,开盘突破,11,False,86b4811bd18fdf84,REJECTED,False,总交易不足|盈利因子不足|实际盈亏比不足|累计净R不足,-13.263311736104885,False,0.0,0.9,2,0,0.0,0.0,1.3031655868052443,0.0,0.0,-2.6063311736104886,2.6063311736104886,-1.3031655868052443,0.4,0.0,2,0,-1.3032718604801885,0.0,1
30,欧美开盘区间突破多头,开盘突破,12,False,3c77aa952c7efe70,REJECTED,False,总交易不足|盈利因子不足|实际盈亏比不足|累计净R不足,-13.263329007679609,False,0.0,0.9,2,0,0.0,0.0,1.3031664503839804,0.0,0.0,-2.6063329007679608,2.6063329007679608,-1.3031664503839804,0.4,0.0,2,0,-1.3032735876376609,0.0,1
30,欧美开盘区间突破多头,开盘突破,13,False,7defc8ea8aa8235e,REJECTED,False,总交易不足|盈利因子不足|实际盈亏比不足|累计净R不足,-13.263329007679609,False,0.0,0.9,2,0,0.0,0.0,1.3031664503839804,0.0,0.0,-2.6063329007679608,2.6063329007679608,-1.3031664503839804,0.4,0.0,2,0,-1.3032735876376609,0.0,1
30,欧美开盘区间突破多头,开盘突破,14,False,64ec2cdd62853017,REJECTED,False,总交易不足|活跃月份不足|盈利因子不足|实际盈亏比不足|累计净R不足|最差月份亏损过大,-10.063611356386359,False,0.0,0.9,2,0,0.0,0.0,1.043180567819318,0.0,0.0,-2.086361135638636,2.086361135638636,-1.043180567819318,0.4,0.0,1,0,-2.086361135638636,0.0,2
30,欧美开盘区间突破多头,开盘突破,15,False,f9b3da6933694a01,REJECTED,False,总交易不足|活跃月份不足|盈利因子不足|实际盈亏比不足|累计净R不足|最差月份亏损过大,-10.063611356386359,False,0.0,0.9,2,0,0.0,0.0,1.043180567819318,0.0,0.0,-2.086361135638636,2.086361135638636,-1.043180567819318,0.4,0.0,1,0,-2.086361135638636,0.0,2
30,欧美开盘区间突破多头,开盘突破,16,False,5740686270bffd57,REJECTED,False,总交易不足|活跃月份不足|盈利因子不足|实际盈亏比不足|累计净R不足|最差月份亏损过大,-10.063611356386359,False,0.0,0.8,2,0,0.0,0.0,1.043180567819318,0.0,0.0,-2.086361135638636,2.086361135638636,-1.043180567819318,0.4,0.0,1,0,-2.086361135638636,0.0,2
30,欧美开盘区间突破多头,开盘突破,17,False,dc0f1bbe12069d8c,REJECTED,False,总交易不足|活跃月份不足|盈利因子不足|实际盈亏比不足|累计净R不足|最差月份亏损过大,-10.063611356386359,False,0.0,0.8,2,0,0.0,0.0,1.043180567819318,0.0,0.0,-2.086361135638636,2.086361135638636,-1.043180567819318,0.4,0.0,1,0,-2.086361135638636,0.0,2
30,欧美开盘区间突破多头,开盘突破,18,False,28045439bd5953e5,REJECTED,False,总交易不足|活跃月份不足|盈利因子不足|实际盈亏比不足|累计净R不足|最差月份亏损过大,-10.063611356386359,False,0.0,0.8,2,0,0.0,0.0,1.043180567819318,0.0,0.0,-2.086361135638636,2.086361135638636,-1.043180567819318,0.4,0.0,1,0,-2.086361135638636,0.0,2
30,欧美开盘区间突破多头,开盘突破,19,False,35597de2982bb009,REJECTED,False,总交易不足|活跃月份不足|盈利因子不足|实际盈亏比不足|累计净R不足|最差月份亏损过大,-10.06349968419834,False,0.0,0.6000000000000001,2,0,0.0,0.0,1.0431749842099172,0.0,0.0,-2.0863499684198343,2.0863499684198343,-1.0431749842099172,0.4,0.0,1,0,-2.0863499684198343,0.0,2
30,欧美开盘区间突破多头,开盘突破,20,False,9568f7496cbb6bbe,REJECTED,False,总交易不足|活跃月份不足|盈利因子不足|实际盈亏比不足|累计净R不足|最差月份亏损过大,-10.063611356386359,False,0.0,0.6000000000000001,2,0,0.0,0.0,1.043180567819318,0.0,0.0,-2.086361135638636,2.086361135638636,-1.043180567819318,0.4,0.0,1,0,-2.086361135638636,0.0,2
30,欧美开盘区间突破多头,开盘突破,21,False,533e93b76b66076f,REJECTED,False,总交易不足|活跃月份不足|盈利因子不足|实际盈亏比不足|累计净R不足,3.6178026520349684,False,0.0,1.0,1,0,0.0,0.0,0.8159975125742809,0.0,0.0,-0.8159975125742809,0.8159975125742809,-0.8159975125742809,0.4444444444444444,0.0,1,0,-0.8159975125742809,0.0,1
30,欧美开盘区间突破多头,开盘突破,22,False,7ec50392647cebba,REJECTED,False,总交易不足|活跃月份不足|盈利因子不足|实际盈亏比不足|累计净R不足,3.6178026520349684,False,0.0,0.8,1,0,0.0,0.0,0.8159975125742809,0.0,0.0,-0.8159975125742809,0.8159975125742809,-0.8159975125742809,0.4444444444444444,0.0,1,0,-0.8159975125742809,0.0,1
30,欧美开盘区间突破多头,开盘突破,23,False,cbd27bbf86f53b15,REJECTED,False,总交易不足|活跃月份不足|盈利因子不足|实际盈亏比不足|累计净R不足,3.6178026520349684,False,0.0,0.8,1,0,0.0,0.0,0.8159975125742809,0.0,0.0,-0.8159975125742809,0.8159975125742809,-0.8159975125742809,0.4444444444444444,0.0,1,0,-0.8159975125742809,0.0,1
30,欧美开盘区间突破多头,开盘突破,24,False,2755bc0e764f2a88,REJECTED,False,总交易不足|活跃月份不足|盈利因子不足|实际盈亏比不足|累计净R不足,-0.9257467806777546,False,0.0,0.4,1,0,0.0,0.0,1.2703524558455532,0.0,0.0,-1.2703524558455532,1.2703524558455532,-1.2703524558455532,0.4444444444444444,0.0,1,0,-1.2703524558455532,0.0,1
31,欧美开盘区间突破空头,开盘突破,1,True,8f89911d444a7852,REJECTED,False,总交易不足|活跃月份不足|盈利因子不足|实际盈亏比不足|累计净R不足,11.0,False,0.0,0.0,0,0,0.0,0.0,0.0,0.0,0.0,0.0,0.0,0.0,0.5,0.0,0,0,0.0,0.0,0
31,欧美开盘区间突破空头,开盘突破,2,False,6bdefa2a43d52b60,REJECTED,False,总交易不足|活跃月份不足|盈利因子不足|实际盈亏比不足|累计净R不足,11.0,False,0.0,0.0,0,0,0.0,0.0,0.0,0.0,0.0,0.0,0.0,0.0,0.5,0.0,0,0,0.0,0.0,0
31,欧美开盘区间突破空头,开盘突破,3,False,8bec217992f3c51a,REJECTED,False,总交易不足|活跃月份不足|盈利因子不足|实际盈亏比不足|累计净R不足,11.0,False,0.0,0.0,0,0,0.0,0.0,0.0,0.0,0.0,0.0,0.0,0.0,0.5,0.0,0,0,0.0,0.0,0
31,欧美开盘区间突破空头,开盘突破,4,False,b9a61a33b41803dd,REJECTED,False,总交易不足|活跃月份不足|盈利因子不足|实际盈亏比不足|累计净R不足,11.0,False,0.0,0.0,0,0,0.0,0.0,0.0,0.0,0.0,0.0,0.0,0.0,0.5,0.0,0,0,0.0,0.0,0
31,欧美开盘区间突破空头,开盘突破,5,False,51bf4309d45cb035,REJECTED,False,总交易不足|活跃月份不足|盈利因子不足|实际盈亏比不足|累计净R不足,11.0,False,0.0,0.0,0,0,0.0,0.0,0.0,0.0,0.0,0.0,0.0,0.0,0.5,0.0,0,0,0.0,0.0,0
31,欧美开盘区间突破空头,开盘突破,6,False,ccfa554ff587a847,REJECTED,False,总交易不足|活跃月份不足|盈利因子不足|实际盈亏比不足|累计净R不足,11.0,False,0.0,0.0,0,0,0.0,0.0,0.0,0.0,0.0,0.0,0.0,0.0,0.5,0.0,0,0,0.0,0.0,0
31,欧美开盘区间突破空头,开盘突破,7,False,51bb5b68cc1514f5,REJECTED,False,总交易不足|活跃月份不足|盈利因子不足|实际盈亏比不足|累计净R不足,11.0,False,0.0,0.0,0,0,0.0,0.0,0.0,0.0,0.0,0.0,0.0,0.0,0.5,0.0,0,0,0.0,0.0,0
31,欧美开盘区间突破空头,开盘突破,8,False,24b9e28042c42e5b,REJECTED,False,总交易不足|活跃月份不足|盈利因子不足|实际盈亏比不足|累计净R不足,11.0,False,0.0,0.0,0,0,0.0,0.0,0.0,0.0,0.0,0.0,0.0,0.0,0.5,0.0,0,0,0.0,0.0,0
31,欧美开盘区间突破空头,开盘突破,9,False,2ff9cd2159080551,REJECTED,False,总交易不足|活跃月份不足|盈利因子不足|实际盈亏比不足|累计净R不足,11.0,False,0.0,0.0,0,0,0.0,0.0,0.0,0.0,0.0,0.0,0.0,0.0,0.5,0.0,0,0,0.0,0.0,0
31,欧美开盘区间突破空头,开盘突破,10,False,54abbe47d50be356,REJECTED,False,总交易不足|活跃月份不足|盈利因子不足|实际盈亏比不足|累计净R不足,11.0,False,0.0,0.0,0,0,0.0,0.0,0.0,0.0,0.0,0.0,0.0,0.0,0.5,0.0,0,0,0.0,0.0,0
31,欧美开盘区间突破空头,开盘突破,11,False,791603125e4e7ef6,REJECTED,False,总交易不足|活跃月份不足|盈利因子不足|实际盈亏比不足|累计净R不足,11.0,False,0.0,0.0,0,0,0.0,0.0,0.0,0.0,0.0,0.0,0.0,0.0,0.5,0.0,0,0,0.0,0.0,0
31,欧美开盘区间突破空头,开盘突破,12,False,cd7fd64f35cb5490,REJECTED,False,总交易不足|活跃月份不足|盈利因子不足|实际盈亏比不足|累计净R不足,11.0,False,0.0,0.0,0,0,0.0,0.0,0.0,0.0,0.0,0.0,0.0,0.0,0.5,0.0,0,0,0.0,0.0,0
31,欧美开盘区间突破空头,开盘突破,13,False,07f2519b66a00d00,REJECTED,False,总交易不足|活跃月份不足|盈利因子不足|实际盈亏比不足|累计净R不足,11.0,False,0.0,0.0,0,0,0.0,0.0,0.0,0.0,0.0,0.0,0.0,0.0,0.5,0.0,0,0,0.0,0.0,0
31,欧美开盘区间突破空头,开盘突破,14,False,c3750c1fda805a2a,REJECTED,False,总交易不足|活跃月份不足|盈利因子不足|实际盈亏比不足|累计净R不足,11.0,False,0.0,0.0,0,0,0.0,0.0,0.0,0.0,0.0,0.0,0.0,0.0,0.5,0.0,0,0,0.0,0.0,0
31,欧美开盘区间突破空头,开盘突破,15,False,013323cb5b8a466b,REJECTED,False,总交易不足|活跃月份不足|盈利因子不足|实际盈亏比不足|累计净R不足,11.0,False,0.0,0.0,0,0,0.0,0.0,0.0,0.0,0.0,0.0,0.0,0.0,0.5,0.0,0,0,0.0,0.0,0
31,欧美开盘区间突破空头,开盘突破,16,False,d6a2bc6e53553172,REJECTED,False,总交易不足|活跃月份不足|盈利因子不足|实际盈亏比不足|累计净R不足,11.0,False,0.0,0.0,0,0,0.0,0.0,0.0,0.0,0.0,0.0,0.0,0.0,0.5,0.0,0,0,0.0,0.0,0
31,欧美开盘区间突破空头,开盘突破,17,False,b9b287e996add136,REJECTED,False,总交易不足|活跃月份不足|盈利因子不足|实际盈亏比不足|累计净R不足,11.0,False,0.0,0.0,0,0,0.0,0.0,0.0,0.0,0.0,0.0,0.0,0.0,0.5,0.0,0,0,0.0,0.0,0
31,欧美开盘区间突破空头,开盘突破,18,False,4c9afc474850682d,REJECTED,False,总交易不足|活跃月份不足|盈利因子不足|实际盈亏比不足|累计净R不足,11.0,False,0.0,0.0,0,0,0.0,0.0,0.0,0.0,0.0,0.0,0.0,0.0,0.5,0.0,0,0,0.0,0.0,0
31,欧美开盘区间突破空头,开盘突破,19,False,34d018aabdc9e608,REJECTED,False,总交易不足|活跃月份不足|盈利因子不足|实际盈亏比不足|累计净R不足,11.0,False,0.0,0.0,0,0,0.0,0.0,0.0,0.0,0.0,0.0,0.0,0.0,0.5,0.0,0,0,0.0,0.0,0
31,欧美开盘区间突破空头,开盘突破,20,False,ae7d62a74baa08d9,REJECTED,False,总交易不足|活跃月份不足|盈利因子不足|实际盈亏比不足|累计净R不足,11.0,False,0.0,0.0,0,0,0.0,0.0,0.0,0.0,0.0,0.0,0.0,0.0,0.5,0.0,0,0,0.0,0.0,0
31,欧美开盘区间突破空头,开盘突破,21,False,7d46490e16c6b3be,REJECTED,False,总交易不足|活跃月份不足|盈利因子不足|实际盈亏比不足|累计净R不足,11.0,False,0.0,0.0,0,0,0.0,0.0,0.0,0.0,0.0,0.0,0.0,0.0,0.5,0.0,0,0,0.0,0.0,0
31,欧美开盘区间突破空头,开盘突破,22,False,351a33320b9e4ca1,REJECTED,False,总交易不足|活跃月份不足|盈利因子不足|实际盈亏比不足|累计净R不足,11.0,False,0.0,0.0,0,0,0.0,0.0,0.0,0.0,0.0,0.0,0.0,0.0,0.5,0.0,0,0,0.0,0.0,0
31,欧美开盘区间突破空头,开盘突破,23,False,971992c2c5a7ecfe,REJECTED,False,总交易不足|活跃月份不足|盈利因子不足|实际盈亏比不足|累计净R不足,11.0,False,0.0,0.0,0,0,0.0,0.0,0.0,0.0,0.0,0.0,0.0,0.0,0.5,0.0,0,0,0.0,0.0,0
31,欧美开盘区间突破空头,开盘突破,24,False,0ee609d5fd063f90,REJECTED,False,总交易不足|活跃月份不足|盈利因子不足|实际盈亏比不足|累计净R不足,11.0,False,0.0,0.0,0,0,0.0,0.0,0.0,0.0,0.0,0.0,0.0,0.0,0.5,0.0,0,0,0.0,0.0,0
32,BTC强于ETH且溢价回落空头,跨资产衍生品,1,True,ad7bf81694ad15d4,REJECTED,False,总交易不足|活跃月份不足|盈利因子不足|实际盈亏比不足|累计净R不足,11.0,False,0.0,0.0,0,0,0.0,0.0,0.0,0.0,0.0,0.0,0.0,0.0,0.5,0.0,0,0,0.0,0.0,0
32,BTC强于ETH且溢价回落空头,跨资产衍生品,2,False,d757dbc3e5fd0123,REJECTED,False,总交易不足|活跃月份不足|盈利因子不足|实际盈亏比不足|累计净R不足,11.0,False,0.0,0.0,0,0,0.0,0.0,0.0,0.0,0.0,0.0,0.0,0.0,0.5,0.0,0,0,0.0,0.0,0
32,BTC强于ETH且溢价回落空头,跨资产衍生品,3,False,c2b25a9f26c02c6e,REJECTED,False,总交易不足|活跃月份不足|盈利因子不足|实际盈亏比不足|累计净R不足,11.0,False,0.0,0.0,0,0,0.0,0.0,0.0,0.0,0.0,0.0,0.0,0.0,0.5,0.0,0,0,0.0,0.0,0
32,BTC强于ETH且溢价回落空头,跨资产衍生品,4,False,4f77121f64f90356,REJECTED,False,总交易不足|活跃月份不足|盈利因子不足|实际盈亏比不足|累计净R不足,11.0,False,0.0,0.0,0,0,0.0,0.0,0.0,0.0,0.0,0.0,0.0,0.0,0.5,0.0,0,0,0.0,0.0,0
32,BTC强于ETH且溢价回落空头,跨资产衍生品,5,False,696629809ff90839,REJECTED,False,总交易不足|活跃月份不足|盈利因子不足|实际盈亏比不足|累计净R不足,11.0,False,0.0,0.0,0,0,0.0,0.0,0.0,0.0,0.0,0.0,0.0,0.0,0.5,0.0,0,0,0.0,0.0,0
32,BTC强于ETH且溢价回落空头,跨资产衍生品,6,False,b058de876db75fe9,REJECTED,False,总交易不足|活跃月份不足|盈利因子不足|实际盈亏比不足|累计净R不足,11.0,False,0.0,0.0,0,0,0.0,0.0,0.0,0.0,0.0,0.0,0.0,0.0,0.5,0.0,0,0,0.0,0.0,0
32,BTC强于ETH且溢价回落空头,跨资产衍生品,7,False,79e4c086b733dc61,REJECTED,False,总交易不足|活跃月份不足|盈利因子不足|实际盈亏比不足|累计净R不足,11.0,False,0.0,0.0,0,0,0.0,0.0,0.0,0.0,0.0,0.0,0.0,0.0,0.5,0.0,0,0,0.0,0.0,0
32,BTC强于ETH且溢价回落空头,跨资产衍生品,8,False,45ffdb49414de9fa,REJECTED,False,总交易不足|活跃月份不足|盈利因子不足|实际盈亏比不足|累计净R不足,11.0,False,0.0,0.0,0,0,0.0,0.0,0.0,0.0,0.0,0.0,0.0,0.0,0.5,0.0,0,0,0.0,0.0,0
32,BTC强于ETH且溢价回落空头,跨资产衍生品,9,False,853f777646b40e90,REJECTED,False,总交易不足|活跃月份不足|盈利因子不足|实际盈亏比不足|累计净R不足,11.0,False,0.0,0.0,0,0,0.0,0.0,0.0,0.0,0.0,0.0,0.0,0.0,0.5,0.0,0,0,0.0,0.0,0
32,BTC强于ETH且溢价回落空头,跨资产衍生品,10,False,9fab8d81ff85144b,REJECTED,False,总交易不足|活跃月份不足|盈利因子不足|实际盈亏比不足|累计净R不足,11.0,False,0.0,0.0,0,0,0.0,0.0,0.0,0.0,0.0,0.0,0.0,0.0,0.5,0.0,0,0,0.0,0.0,0
32,BTC强于ETH且溢价回落空头,跨资产衍生品,11,False,8805983fd6ea6a14,REJECTED,False,总交易不足|活跃月份不足|盈利因子不足|实际盈亏比不足|累计净R不足,11.0,False,0.0,0.0,0,0,0.0,0.0,0.0,0.0,0.0,0.0,0.0,0.0,0.5,0.0,0,0,0.0,0.0,0
32,BTC强于ETH且溢价回落空头,跨资产衍生品,12,False,043c6b19b0412ba1,REJECTED,False,总交易不足|活跃月份不足|盈利因子不足|实际盈亏比不足|累计净R不足,11.0,False,0.0,0.0,0,0,0.0,0.0,0.0,0.0,0.0,0.0,0.0,0.0,0.5,0.0,0,0,0.0,0.0,0
32,BTC强于ETH且溢价回落空头,跨资产衍生品,13,False,f4219a3f143be9a9,REJECTED,False,总交易不足|活跃月份不足|盈利因子不足|实际盈亏比不足|累计净R不足,11.0,False,0.0,0.0,0,0,0.0,0.0,0.0,0.0,0.0,0.0,0.0,0.0,0.5,0.0,0,0,0.0,0.0,0
32,BTC强于ETH且溢价回落空头,跨资产衍生品,14,False,429b17467e94d403,REJECTED,False,总交易不足|活跃月份不足|盈利因子不足|实际盈亏比不足|累计净R不足,11.0,False,0.0,0.0,0,0,0.0,0.0,0.0,0.0,0.0,0.0,0.0,0.0,0.5,0.0,0,0,0.0,0.0,0
32,BTC强于ETH且溢价回落空头,跨资产衍生品,15,False,3e4eae138ef7515d,REJECTED,False,总交易不足|活跃月份不足|盈利因子不足|实际盈亏比不足|累计净R不足,11.0,False,0.0,0.0,0,0,0.0,0.0,0.0,0.0,0.0,0.0,0.0,0.0,0.5,0.0,0,0,0.0,0.0,0
32,BTC强于ETH且溢价回落空头,跨资产衍生品,16,False,e3b94ddf9ee15c01,REJECTED,False,总交易不足|活跃月份不足|盈利因子不足|实际盈亏比不足|累计净R不足,11.0,False,0.0,0.0,0,0,0.0,0.0,0.0,0.0,0.0,0.0,0.0,0.0,0.5,0.0,0,0,0.0,0.0,0
32,BTC强于ETH且溢价回落空头,跨资产衍生品,17,False,168c72e3b8219e59,REJECTED,False,总交易不足|活跃月份不足|盈利因子不足|实际盈亏比不足|累计净R不足,11.0,False,0.0,0.0,0,0,0.0,0.0,0.0,0.0,0.0,0.0,0.0,0.0,0.5,0.0,0,0,0.0,0.0,0
32,BTC强于ETH且溢价回落空头,跨资产衍生品,18,False,179a66e6ec5817f9,REJECTED,False,总交易不足|活跃月份不足|盈利因子不足|实际盈亏比不足|累计净R不足,11.0,False,0.0,0.0,0,0,0.0,0.0,0.0,0.0,0.0,0.0,0.0,0.0,0.5,0.0,0,0,0.0,0.0,0
32,BTC强于ETH且溢价回落空头,跨资产衍生品,19,False,f5206304e2ec72dc,REJECTED,False,总交易不足|活跃月份不足|盈利因子不足|实际盈亏比不足|累计净R不足,11.0,False,0.0,0.0,0,0,0.0,0.0,0.0,0.0,0.0,0.0,0.0,0.0,0.5,0.0,0,0,0.0,0.0,0
32,BTC强于ETH且溢价回落空头,跨资产衍生品,20,False,0bf568775da11dc0,REJECTED,False,总交易不足|活跃月份不足|盈利因子不足|实际盈亏比不足|累计净R不足,11.0,False,0.0,0.0,0,0,0.0,0.0,0.0,0.0,0.0,0.0,0.0,0.0,0.5,0.0,0,0,0.0,0.0,0
32,BTC强于ETH且溢价回落空头,跨资产衍生品,21,False,13e1a5fc496706a1,REJECTED,False,总交易不足|活跃月份不足|盈利因子不足|实际盈亏比不足|累计净R不足,11.0,False,0.0,0.0,0,0,0.0,0.0,0.0,0.0,0.0,0.0,0.0,0.0,0.5,0.0,0,0,0.0,0.0,0
32,BTC强于ETH且溢价回落空头,跨资产衍生品,22,False,ff65e3c36a9250f8,REJECTED,False,总交易不足|活跃月份不足|盈利因子不足|实际盈亏比不足|累计净R不足,11.0,False,0.0,0.0,0,0,0.0,0.0,0.0,0.0,0.0,0.0,0.0,0.0,0.5,0.0,0,0,0.0,0.0,0
32,BTC强于ETH且溢价回落空头,跨资产衍生品,23,False,6ba4ef878b5d571b,REJECTED,False,总交易不足|活跃月份不足|盈利因子不足|实际盈亏比不足|累计净R不足,11.0,False,0.0,0.0,0,0,0.0,0.0,0.0,0.0,0.0,0.0,0.0,0.0,0.5,0.0,0,0,0.0,0.0,0
32,BTC强于ETH且溢价回落空头,跨资产衍生品,24,False,8273001ace9c8411,REJECTED,False,总交易不足|活跃月份不足|盈利因子不足|实际盈亏比不足|累计净R不足,11.0,False,0.0,0.0,0,0,0.0,0.0,0.0,0.0,0.0,0.0,0.0,0.0,0.5,0.0,0,0,0.0,0.0,0
33,BTC强于ETH且主动卖盘空头,跨资产订单流,1,True,16e8ea0e0b751d8b,REJECTED,False,活跃月份不足,16.758761068954716,True,1.0,0.6666666666666666,3,1,0.3333333333333333,1.7144577334199718,0.6820153980073186,2.513810888184044,1.256905444092022,0.3504269374053345,1.3640307960146374,0.1168089791351115,0.45454545454545453,0.13564322306091547,1,1,0.0,1.0,3
33,BTC强于ETH且主动卖盘空头,跨资产订单流,2,False,dfb32bfa1e8ee3ee,REJECTED,False,活跃月份不足,16.758761068954716,True,1.0,0.6666666666666666,3,1,0.3333333333333333,1.7144577334199718,0.6820153980073186,2.513810888184044,1.256905444092022,0.3504269374053345,1.3640307960146374,0.1168089791351115,0.45454545454545453,0.13564322306091547,1,1,0.0,1.0,3
33,BTC强于ETH且主动卖盘空头,跨资产订单流,3,False,04ff98108ba7a9bf,REJECTED,False,总交易不足|活跃月份不足,17.072441492013333,True,1.0,0.9,2,1,0.5,1.7144577334199718,1.2870389854294844,1.332094639579125,1.332094639579125,0.4274187479904874,1.2870389854294844,0.2137093739952437,0.5,0.21132486540518713,1,1,0.0,1.0,2
33,BTC强于ETH且主动卖盘空头,跨资产订单流,4,False,9fb2adfad5f74953,REJECTED,False,总交易不足|活跃月份不足,17.072441492013333,True,1.0,0.9,2,1,0.5,1.7144577334199718,1.2870389854294844,1.332094639579125,1.332094639579125,0.4274187479904874,1.2870389854294844,0.2137093739952437,0.5,0.21132486540518713,1,1,0.0,1.0,2
33,BTC强于ETH且主动卖盘空头,跨资产订单流,5,False,5bf7aed75dbd6f37,REJECTED,False,总交易不足|活跃月份不足,17.072441492013333,True,1.0,0.8,2,1,0.5,1.7144577334199718,1.2870389854294844,1.332094639579125,1.332094639579125,0.4274187479904874,1.2870389854294844,0.2137093739952437,0.5,0.21132486540518713,1,1,0.0,1.0,2
33,BTC强于ETH且主动卖盘空头,跨资产订单流,6,False,e805fc8566f41d9d,REJECTED,False,总交易不足|活跃月份不足,17.072441492013333,True,1.0,0.8,2,1,0.5,1.7144577334199718,1.2870389854294844,1.332094639579125,1.332094639579125,0.4274187479904874,1.2870389854294844,0.2137093739952437,0.5,0.21132486540518713,1,1,0.0,1.0,2
33,BTC强于ETH且主动卖盘空头,跨资产订单流,7,False,6af77ac82b9de1d6,REJECTED,False,总交易不足|活跃月份不足,17.072441492013333,True,1.0,0.8,2,1,0.5,1.7144577334199718,1.2870389854294844,1.332094639579125,1.332094639579125,0.4274187479904874,1.2870389854294844,0.2137093739952437,0.5,0.21132486540518713,1,1,0.0,1.0,2
33,BTC强于ETH且主动卖盘空头,跨资产订单流,8,False,cfb8c48a46073738,REJECTED,False,总交易不足|活跃月份不足,17.072441492013333,True,1.0,0.8,2,1,0.5,1.7144577334199718,1.2870389854294844,1.332094639579125,1.332094639579125,0.4274187479904874,1.2870389854294844,0.2137093739952437,0.5,0.21132486540518713,1,1,0.0,1.0,2
33,BTC强于ETH且主动卖盘空头,跨资产订单流,9,False,096d5aaaf43ab244,REJECTED,False,总交易不足|活跃月份不足|盈利因子不足|实际盈亏比不足,14.179190428823503,True,1.0,0.8,2,1,0.5,1.4773845377322516,1.3239362354336022,1.1159030912454735,1.1159030912454735,0.15344830229864947,1.3239362354336022,0.07672415114932474,0.5,0.21132486540518713,1,1,0.0,1.0,2
33,BTC强于ETH且主动卖盘空头,跨资产订单流,10,False,f2ff425f934739fd,REJECTED,False,总交易不足|活跃月份不足|盈利因子不足|实际盈亏比不足,14.179190428823503,True,1.0,0.8,2,1,0.5,1.4773845377322516,1.3239362354336022,1.1159030912454735,1.1159030912454735,0.15344830229864947,1.3239362354336022,0.07672415114932474,0.5,0.21132486540518713,1,1,0.0,1.0,2
33,BTC强于ETH且主动卖盘空头,跨资产订单流,11,False,60ebb3cf3d936df8,REJECTED,False,总交易不足|活跃月份不足|盈利因子不足|实际盈亏比不足,14.179190428823503,True,0.8333333333333334,0.8,2,1,0.5,1.4773845377322516,1.3239362354336022,1.1159030912454735,1.1159030912454735,0.15344830229864947,1.3239362354336022,0.07672415114932474,0.5,0.21132486540518713,1,1,0.0,1.0,2
33,BTC强于ETH且主动卖盘空头,跨资产订单流,12,False,d32baedf9c7080bf,REJECTED,False,总交易不足|活跃月份不足|盈利因子不足|实际盈亏比不足,14.179190428823503,True,0.8333333333333334,0.8,2,1,0.5,1.4773845377322516,1.3239362354336022,1.1159030912454735,1.1159030912454735,0.15344830229864947,1.3239362354336022,0.07672415114932474,0.5,0.21132486540518713,1,1,0.0,1.0,2
33,BTC强于ETH且主动卖盘空头,跨资产订单流,13,False,42cf6b5ef39eefab,REJECTED,False,总交易不足|活跃月份不足,48.72342635616202,False,1.0,1.0,1,1,1.0,1.7144577334199718,0.0,999.0,999.0,1.7144577334199718,0.0,1.7144577334199718,0.5555555555555556,0.5,1,1,0.0,1.0,1
33,BTC强于ETH且主动卖盘空头,跨资产订单流,14,False,c3034186c0700c8a,REJECTED,False,总交易不足|活跃月份不足,48.72342635616202,False,1.0,1.0,1,1,1.0,1.7144577334199718,0.0,999.0,999.0,1.7144577334199718,0.0,1.7144577334199718,0.5555555555555556,0.5,1,1,0.0,1.0,1
33,BTC强于ETH且主动卖盘空头,跨资产订单流,15,False,3cd0cfae78118f95,REJECTED,False,总交易不足|活跃月份不足,48.72342635616202,False,1.0,1.0,1,1,1.0,1.7144577334199718,0.0,999.0,999.0,1.7144577334199718,0.0,1.7144577334199718,0.5555555555555556,0.5,1,1,0.0,1.0,1
33,BTC强于ETH且主动卖盘空头,跨资产订单流,16,False,b0b1a287130337aa,REJECTED,False,总交易不足|活跃月份不足,48.72342635616202,False,1.0,1.0,1,1,1.0,1.7144577334199718,0.0,999.0,999.0,1.7144577334199718,0.0,1.7144577334199718,0.5555555555555556,0.5,1,1,0.0,1.0,1
33,BTC强于ETH且主动卖盘空头,跨资产订单流,17,False,0d2abcc5ff3ca42f,REJECTED,False,总交易不足|活跃月份不足,47.063913986347984,False,0.8333333333333334,0.8,1,1,1.0,1.4773845377322516,0.0,999.0,999.0,1.4773845377322516,0.0,1.4773845377322516,0.5555555555555556,0.5,1,1,0.0,1.0,1
33,BTC强于ETH且主动卖盘空头,跨资产订单流,18,False,e62c33c21febe22b,REJECTED,False,总交易不足|活跃月份不足,47.063913986347984,False,0.8333333333333334,0.8,1,1,1.0,1.4773845377322516,0.0,999.0,999.0,1.4773845377322516,0.0,1.4773845377322516,0.5555555555555556,0.5,1,1,0.0,1.0,1
33,BTC强于ETH且主动卖盘空头,跨资产订单流,19,False,bd39037103df894d,REJECTED,False,总交易不足|活跃月份不足|盈利因子不足|实际盈亏比不足|累计净R不足,-1.461584576558244,False,0.16666666666666666,1.0,1,0,0.0,0.0,1.3239362354336022,0.0,0.0,-1.3239362354336022,1.3239362354336022,-1.3239362354336022,0.4444444444444444,0.0,1,0,-1.3239362354336022,0.0,1
33,BTC强于ETH且主动卖盘空头,跨资产订单流,20,False,d151acb9f5c713dd,REJECTED,False,总交易不足|活跃月份不足|盈利因子不足|实际盈亏比不足|累计净R不足,-1.461584576558244,False,0.16666666666666666,1.0,1,0,0.0,0.0,1.3239362354336022,0.0,0.0,-1.3239362354336022,1.3239362354336022,-1.3239362354336022,0.4444444444444444,0.0,1,0,-1.3239362354336022,0.0,1
33,BTC强于ETH且主动卖盘空头,跨资产订单流,21,False,c0e4629d959bd240,REJECTED,False,总交易不足|活跃月份不足|盈利因子不足|实际盈亏比不足|累计净R不足,-1.461584576558244,False,0.16666666666666666,0.8,1,0,0.0,0.0,1.3239362354336022,0.0,0.0,-1.3239362354336022,1.3239362354336022,-1.3239362354336022,0.4444444444444444,0.0,1,0,-1.3239362354336022,0.0,1
33,BTC强于ETH且主动卖盘空头,跨资产订单流,22,False,8ed63fb401042456,REJECTED,False,总交易不足|活跃月份不足|盈利因子不足|实际盈亏比不足|累计净R不足,-1.461584576558244,False,0.16666666666666666,0.8,1,0,0.0,0.0,1.3239362354336022,0.0,0.0,-1.3239362354336022,1.3239362354336022,-1.3239362354336022,0.4444444444444444,0.0,1,0,-1.3239362354336022,0.0,1
33,BTC强于ETH且主动卖盘空头,跨资产订单流,23,False,f83867eae967146c,REJECTED,False,总交易不足|活跃月份不足|盈利因子不足|实际盈亏比不足|累计净R不足,-1.461584576558244,False,0.0,1.0,1,0,0.0,0.0,1.3239362354336022,0.0,0.0,-1.3239362354336022,1.3239362354336022,-1.3239362354336022,0.4444444444444444,0.0,1,0,-1.3239362354336022,0.0,1
33,BTC强于ETH且主动卖盘空头,跨资产订单流,24,False,fafcf2ea3291138e,REJECTED,False,总交易不足|活跃月份不足|盈利因子不足|实际盈亏比不足|累计净R不足,-1.461584576558244,False,0.0,1.0,1,0,0.0,0.0,1.3239362354336022,0.0,0.0,-1.3239362354336022,1.3239362354336022,-1.3239362354336022,0.4444444444444444,0.0,1,0,-1.3239362354336022,0.0,1
34,BTC强于ETH欧美盘修复空头,跨资产时段,1,True,d9d64c6080c7757b,REJECTED,False,活跃月份不足|盈利因子不足|实际盈亏比不足|累计净R不足|最差月份亏损过大,-28.44554806829857,False,0.0,0.6666666666666666,3,0,0.0,0.0,1.2815182689432856,0.0,0.0,-3.8445548068298567,3.8445548068298567,-1.2815182689432856,0.36363636363636365,0.0,1,0,-3.8445548068298567,0.0,3
34,BTC强于ETH欧美盘修复空头,跨资产时段,2,False,a068639cc765ee92,REJECTED,False,活跃月份不足|盈利因子不足|实际盈亏比不足|累计净R不足|最差月份亏损过大,-28.44554806829857,False,0.0,0.6666666666666666,3,0,0.0,0.0,1.2815182689432856,0.0,0.0,-3.8445548068298567,3.8445548068298567,-1.2815182689432856,0.36363636363636365,0.0,1,0,-3.8445548068298567,0.0,3
34,BTC强于ETH欧美盘修复空头,跨资产时段,3,False,1601f4636b6e7f32,REJECTED,False,总交易不足|活跃月份不足|盈利因子不足|实际盈亏比不足|累计净R不足,-4.871091595681144,False,0.0,0.9,2,0,0.0,0.0,0.7835545797840573,0.0,0.0,-1.5671091595681146,1.5671091595681146,-0.7835545797840573,0.4,0.0,1,0,-1.5671091595681146,0.0,2
34,BTC强于ETH欧美盘修复空头,跨资产时段,4,False,334f14f2cfbf3545,REJECTED,False,总交易不足|活跃月份不足|盈利因子不足|实际盈亏比不足|累计净R不足,-4.871091595681144,False,0.0,0.9,2,0,0.0,0.0,0.7835545797840573,0.0,0.0,-1.5671091595681146,1.5671091595681146,-0.7835545797840573,0.4,0.0,1,0,-1.5671091595681146,0.0,2
34,BTC强于ETH欧美盘修复空头,跨资产时段,5,False,349322841ae64c41,REJECTED,False,总交易不足|活跃月份不足|盈利因子不足|实际盈亏比不足|累计净R不足,-4.871091595681144,False,0.0,0.9,2,0,0.0,0.0,0.7835545797840573,0.0,0.0,-1.5671091595681146,1.5671091595681146,-0.7835545797840573,0.4,0.0,1,0,-1.5671091595681146,0.0,2
34,BTC强于ETH欧美盘修复空头,跨资产时段,6,False,2c826ad0a83d970b,REJECTED,False,总交易不足|活跃月份不足|盈利因子不足|实际盈亏比不足|累计净R不足,-4.871091595681144,False,0.0,0.9,2,0,0.0,0.0,0.7835545797840573,0.0,0.0,-1.5671091595681146,1.5671091595681146,-0.7835545797840573,0.4,0.0,1,0,-1.5671091595681146,0.0,2
34,BTC强于ETH欧美盘修复空头,跨资产时段,7,False,41ad4c7fbbf9edf6,REJECTED,False,总交易不足|活跃月份不足|盈利因子不足|实际盈亏比不足|累计净R不足,-4.871091595681144,False,0.0,0.8,2,0,0.0,0.0,0.7835545797840573,0.0,0.0,-1.5671091595681146,1.5671091595681146,-0.7835545797840573,0.4,0.0,1,0,-1.5671091595681146,0.0,2
34,BTC强于ETH欧美盘修复空头,跨资产时段,8,False,1e29341d76907b3a,REJECTED,False,总交易不足|活跃月份不足|盈利因子不足|实际盈亏比不足|累计净R不足,-4.871091595681144,False,0.0,0.8,2,0,0.0,0.0,0.7835545797840573,0.0,0.0,-1.5671091595681146,1.5671091595681146,-0.7835545797840573,0.4,0.0,1,0,-1.5671091595681146,0.0,2
34,BTC强于ETH欧美盘修复空头,跨资产时段,9,False,e3c123105e55e5cd,REJECTED,False,总交易不足|活跃月份不足|盈利因子不足|实际盈亏比不足|累计净R不足,-4.871091595681144,False,0.0,0.8,2,0,0.0,0.0,0.7835545797840573,0.0,0.0,-1.5671091595681146,1.5671091595681146,-0.7835545797840573,0.4,0.0,1,0,-1.5671091595681146,0.0,2
34,BTC强于ETH欧美盘修复空头,跨资产时段,10,False,85319016800886cb,REJECTED,False,总交易不足|活跃月份不足|盈利因子不足|实际盈亏比不足|累计净R不足,-4.871091595681144,False,0.0,0.8,2,0,0.0,0.0,0.7835545797840573,0.0,0.0,-1.5671091595681146,1.5671091595681146,-0.7835545797840573,0.4,0.0,1,0,-1.5671091595681146,0.0,2
34,BTC强于ETH欧美盘修复空头,跨资产时段,11,False,a2a3ab1fc3b6e227,REJECTED,False,总交易不足|活跃月份不足|盈利因子不足|实际盈亏比不足|累计净R不足|最差月份亏损过大,-14.93748966936242,False,0.0,0.8,2,0,0.0,0.0,1.2868744834681212,0.0,0.0,-2.5737489669362423,2.5737489669362423,-1.2868744834681212,0.4,0.0,1,0,-2.5737489669362423,0.0,2
34,BTC强于ETH欧美盘修复空头,跨资产时段,12,False,5590b1bc3606fe3a,REJECTED,False,总交易不足|活跃月份不足|盈利因子不足|实际盈亏比不足|累计净R不足|最差月份亏损过大,-14.93748966936242,False,0.0,0.8,2,0,0.0,0.0,1.2868744834681212,0.0,0.0,-2.5737489669362423,2.5737489669362423,-1.2868744834681212,0.4,0.0,1,0,-2.5737489669362423,0.0,2
34,BTC强于ETH欧美盘修复空头,跨资产时段,13,False,43a6cab8758525ff,REJECTED,False,总交易不足|活跃月份不足|盈利因子不足|实际盈亏比不足|累计净R不足|最差月份亏损过大,-14.93748966936242,False,0.0,0.7,2,0,0.0,0.0,1.2868744834681212,0.0,0.0,-2.5737489669362423,2.5737489669362423,-1.2868744834681212,0.4,0.0,1,0,-2.5737489669362423,0.0,2
34,BTC强于ETH欧美盘修复空头,跨资产时段,14,False,cc0c1050514bc8d7,REJECTED,False,总交易不足|活跃月份不足|盈利因子不足|实际盈亏比不足|累计净R不足|最差月份亏损过大,-14.93748966936242,False,0.0,0.7,2,0,0.0,0.0,1.2868744834681212,0.0,0.0,-2.5737489669362423,2.5737489669362423,-1.2868744834681212,0.4,0.0,1,0,-2.5737489669362423,0.0,2
34,BTC强于ETH欧美盘修复空头,跨资产时段,15,False,e73b24352513cb96,REJECTED,False,总交易不足|活跃月份不足|盈利因子不足|实际盈亏比不足|累计净R不足|最差月份亏损过大,-14.776805097015636,False,0.0,0.6,2,0,0.0,0.0,1.2788402548507818,0.0,0.0,-2.5576805097015636,2.5576805097015636,-1.2788402548507818,0.4,0.0,1,0,-2.5576805097015636,0.0,2
34,BTC强于ETH欧美盘修复空头,跨资产时段,16,False,3fa012fad26e7ea1,REJECTED,False,总交易不足|活跃月份不足|盈利因子不足|实际盈亏比不足|累计净R不足|最差月份亏损过大,-14.776805097015636,False,0.0,0.6,2,0,0.0,0.0,1.2788402548507818,0.0,0.0,-2.5576805097015636,2.5576805097015636,-1.2788402548507818,0.4,0.0,1,0,-2.5576805097015636,0.0,2
34,BTC强于ETH欧美盘修复空头,跨资产时段,17,False,b64b02e61a1dfe58,REJECTED,False,总交易不足|活跃月份不足|盈利因子不足|实际盈亏比不足|累计净R不足,9.34493758989134,False,0.0,1.0,1,0,0.0,0.0,0.24328401878864367,0.0,0.0,-0.24328401878864367,0.24328401878864367,-0.24328401878864367,0.4444444444444444,0.0,1,0,-0.24328401878864367,0.0,1
34,BTC强于ETH欧美盘修复空头,跨资产时段,18,False,5b74e2f0c93db861,REJECTED,False,总交易不足|活跃月份不足|盈利因子不足|实际盈亏比不足|累计净R不足,9.34493758989134,False,0.0,1.0,1,0,0.0,0.0,0.24328401878864367,0.0,0.0,-0.24328401878864367,0.24328401878864367,-0.24328401878864367,0.4444444444444444,0.0,1,0,-0.24328401878864367,0.0,1
34,BTC强于ETH欧美盘修复空头,跨资产时段,19,False,de6b4126ed6c26b4,REJECTED,False,总交易不足|活跃月份不足|盈利因子不足|实际盈亏比不足|累计净R不足,9.34493758989134,False,0.0,1.0,1,0,0.0,0.0,0.24328401878864367,0.0,0.0,-0.24328401878864367,0.24328401878864367,-0.24328401878864367,0.4444444444444444,0.0,1,0,-0.24328401878864367,0.0,1
34,BTC强于ETH欧美盘修复空头,跨资产时段,20,False,3482fe47dd8248d7,REJECTED,False,总交易不足|活跃月份不足|盈利因子不足|实际盈亏比不足|累计净R不足,9.34493758989134,False,0.0,1.0,1,0,0.0,0.0,0.24328401878864367,0.0,0.0,-0.24328401878864367,0.24328401878864367,-0.24328401878864367,0.4444444444444444,0.0,1,0,-0.24328401878864367,0.0,1
34,BTC强于ETH欧美盘修复空头,跨资产时段,21,False,8926a9f66be2c2cb,REJECTED,False,总交易不足|活跃月份不足|盈利因子不足|实际盈亏比不足|累计净R不足,-1.0909689203017154,False,0.0,1.0,1,0,0.0,0.0,1.2868746698079492,0.0,0.0,-1.2868746698079492,1.2868746698079492,-1.2868746698079492,0.4444444444444444,0.0,1,0,-1.2868746698079492,0.0,1
34,BTC强于ETH欧美盘修复空头,跨资产时段,22,False,49a05b015f2cad8c,REJECTED,False,总交易不足|活跃月份不足|盈利因子不足|实际盈亏比不足|累计净R不足,-1.0909689203017154,False,0.0,1.0,1,0,0.0,0.0,1.2868746698079492,0.0,0.0,-1.2868746698079492,1.2868746698079492,-1.2868746698079492,0.4444444444444444,0.0,1,0,-1.2868746698079492,0.0,1
34,BTC强于ETH欧美盘修复空头,跨资产时段,23,False,68d7a65783e5e7b7,REJECTED,False,总交易不足|活跃月份不足|盈利因子不足|实际盈亏比不足|累计净R不足,-1.0909689203017154,False,0.0,1.0,1,0,0.0,0.0,1.2868746698079492,0.0,0.0,-1.2868746698079492,1.2868746698079492,-1.2868746698079492,0.4444444444444444,0.0,1,0,-1.2868746698079492,0.0,1
34,BTC强于ETH欧美盘修复空头,跨资产时段,24,False,5cb1d212bb0b0746,REJECTED,False,总交易不足|活跃月份不足|盈利因子不足|实际盈亏比不足|累计净R不足,-1.0909689203017154,False,0.0,1.0,1,0,0.0,0.0,1.2868746698079492,0.0,0.0,-1.2868746698079492,1.2868746698079492,-1.2868746698079492,0.4444444444444444,0.0,1,0,-1.2868746698079492,0.0,1
35,ETH先跌BTC滞后补跌空头,跨资产领先滞后,1,True,1988519d498cd703,REJECTED,False,总交易不足|活跃月份不足|盈利因子不足|实际盈亏比不足|累计净R不足|最差月份亏损过大,-14.88922511268218,False,0.0,0.8,2,0,0.0,0.0,1.284461255634109,0.0,0.0,-2.568922511268218,2.568922511268218,-1.284461255634109,0.4,0.0,1,0,-2.568922511268218,0.0,2
35,ETH先跌BTC滞后补跌空头,跨资产领先滞后,2,False,b91e8d2c49fcd9cd,REJECTED,False,总交易不足|活跃月份不足|盈利因子不足|实际盈亏比不足|累计净R不足|最差月份亏损过大,-14.88922511268218,False,0.0,0.8,2,0,0.0,0.0,1.284461255634109,0.0,0.0,-2.568922511268218,2.568922511268218,-1.284461255634109,0.4,0.0,1,0,-2.568922511268218,0.0,2
35,ETH先跌BTC滞后补跌空头,跨资产领先滞后,3,False,63fedb8e980a03f6,REJECTED,False,总交易不足|活跃月份不足|盈利因子不足|实际盈亏比不足|累计净R不足|最差月份亏损过大,-14.88922511268218,False,0.0,0.7,2,0,0.0,0.0,1.284461255634109,0.0,0.0,-2.568922511268218,2.568922511268218,-1.284461255634109,0.4,0.0,1,0,-2.568922511268218,0.0,2
35,ETH先跌BTC滞后补跌空头,跨资产领先滞后,4,False,0b8bbf3d1c6adce9,REJECTED,False,总交易不足|活跃月份不足|盈利因子不足|实际盈亏比不足|累计净R不足|最差月份亏损过大,-14.88922511268218,False,0.0,0.7,2,0,0.0,0.0,1.284461255634109,0.0,0.0,-2.568922511268218,2.568922511268218,-1.284461255634109,0.4,0.0,1,0,-2.568922511268218,0.0,2
35,ETH先跌BTC滞后补跌空头,跨资产领先滞后,5,False,e2211f35164eda66,REJECTED,False,总交易不足|活跃月份不足|盈利因子不足|实际盈亏比不足|累计净R不足,-1.040632784636509,False,0.0,0.8,1,0,0.0,0.0,1.2818410562414286,0.0,0.0,-1.2818410562414286,1.2818410562414286,-1.2818410562414286,0.4444444444444444,0.0,1,0,-1.2818410562414286,0.0,1
35,ETH先跌BTC滞后补跌空头,跨资产领先滞后,6,False,865d7a061e37d5a7,REJECTED,False,总交易不足|活跃月份不足|盈利因子不足|实际盈亏比不足|累计净R不足,-1.040632784636509,False,0.0,0.8,1,0,0.0,0.0,1.2818410562414286,0.0,0.0,-1.2818410562414286,1.2818410562414286,-1.2818410562414286,0.4444444444444444,0.0,1,0,-1.2818410562414286,0.0,1
35,ETH先跌BTC滞后补跌空头,跨资产领先滞后,7,False,2ab044d21e95dd83,REJECTED,False,总交易不足|活跃月份不足|盈利因子不足|实际盈亏比不足|累计净R不足,11.0,False,0.0,0.0,0,0,0.0,0.0,0.0,0.0,0.0,0.0,0.0,0.0,0.5,0.0,0,0,0.0,0.0,0
35,ETH先跌BTC滞后补跌空头,跨资产领先滞后,8,False,7ac3a0be97ed5395,REJECTED,False,总交易不足|活跃月份不足|盈利因子不足|实际盈亏比不足|累计净R不足,11.0,False,0.0,0.0,0,0,0.0,0.0,0.0,0.0,0.0,0.0,0.0,0.0,0.5,0.0,0,0,0.0,0.0,0
35,ETH先跌BTC滞后补跌空头,跨资产领先滞后,9,False,a2edb09b87d7e4c7,REJECTED,False,总交易不足|活跃月份不足|盈利因子不足|实际盈亏比不足|累计净R不足,11.0,False,0.0,0.0,0,0,0.0,0.0,0.0,0.0,0.0,0.0,0.0,0.0,0.5,0.0,0,0,0.0,0.0,0
35,ETH先跌BTC滞后补跌空头,跨资产领先滞后,10,False,77a60a9c2a63b066,REJECTED,False,总交易不足|活跃月份不足|盈利因子不足|实际盈亏比不足|累计净R不足,11.0,False,0.0,0.0,0,0,0.0,0.0,0.0,0.0,0.0,0.0,0.0,0.0,0.5,0.0,0,0,0.0,0.0,0
35,ETH先跌BTC滞后补跌空头,跨资产领先滞后,11,False,4776237a0d02fe24,REJECTED,False,总交易不足|活跃月份不足|盈利因子不足|实际盈亏比不足|累计净R不足,11.0,False,0.0,0.0,0,0,0.0,0.0,0.0,0.0,0.0,0.0,0.0,0.0,0.5,0.0,0,0,0.0,0.0,0
35,ETH先跌BTC滞后补跌空头,跨资产领先滞后,12,False,ba5e9871f7e0a9c5,REJECTED,False,总交易不足|活跃月份不足|盈利因子不足|实际盈亏比不足|累计净R不足,11.0,False,0.0,0.0,0,0,0.0,0.0,0.0,0.0,0.0,0.0,0.0,0.0,0.5,0.0,0,0,0.0,0.0,0
35,ETH先跌BTC滞后补跌空头,跨资产领先滞后,13,False,5000c4eb40d2ed67,REJECTED,False,总交易不足|活跃月份不足|盈利因子不足|实际盈亏比不足|累计净R不足,11.0,False,0.0,0.0,0,0,0.0,0.0,0.0,0.0,0.0,0.0,0.0,0.0,0.5,0.0,0,0,0.0,0.0,0
35,ETH先跌BTC滞后补跌空头,跨资产领先滞后,14,False,e373856157c741ff,REJECTED,False,总交易不足|活跃月份不足|盈利因子不足|实际盈亏比不足|累计净R不足,11.0,False,0.0,0.0,0,0,0.0,0.0,0.0,0.0,0.0,0.0,0.0,0.0,0.5,0.0,0,0,0.0,0.0,0
35,ETH先跌BTC滞后补跌空头,跨资产领先滞后,15,False,70be26fdcb194a4c,REJECTED,False,总交易不足|活跃月份不足|盈利因子不足|实际盈亏比不足|累计净R不足,11.0,False,0.0,0.0,0,0,0.0,0.0,0.0,0.0,0.0,0.0,0.0,0.0,0.5,0.0,0,0,0.0,0.0,0
35,ETH先跌BTC滞后补跌空头,跨资产领先滞后,16,False,1b904d54ce95d928,REJECTED,False,总交易不足|活跃月份不足|盈利因子不足|实际盈亏比不足|累计净R不足,11.0,False,0.0,0.0,0,0,0.0,0.0,0.0,0.0,0.0,0.0,0.0,0.0,0.5,0.0,0,0,0.0,0.0,0
35,ETH先跌BTC滞后补跌空头,跨资产领先滞后,17,False,bcb7d84b6a7ce6ae,REJECTED,False,总交易不足|活跃月份不足|盈利因子不足|实际盈亏比不足|累计净R不足,11.0,False,0.0,0.0,0,0,0.0,0.0,0.0,0.0,0.0,0.0,0.0,0.0,0.5,0.0,0,0,0.0,0.0,0
35,ETH先跌BTC滞后补跌空头,跨资产领先滞后,18,False,cf110a1d9808a4c2,REJECTED,False,总交易不足|活跃月份不足|盈利因子不足|实际盈亏比不足|累计净R不足,11.0,False,0.0,0.0,0,0,0.0,0.0,0.0,0.0,0.0,0.0,0.0,0.0,0.5,0.0,0,0,0.0,0.0,0
35,ETH先跌BTC滞后补跌空头,跨资产领先滞后,19,False,bc8c97459f88358c,REJECTED,False,总交易不足|活跃月份不足|盈利因子不足|实际盈亏比不足|累计净R不足,11.0,False,0.0,0.0,0,0,0.0,0.0,0.0,0.0,0.0,0.0,0.0,0.0,0.5,0.0,0,0,0.0,0.0,0
35,ETH先跌BTC滞后补跌空头,跨资产领先滞后,20,False,bcb3a9aded3b8459,REJECTED,False,总交易不足|活跃月份不足|盈利因子不足|实际盈亏比不足|累计净R不足,11.0,False,0.0,0.0,0,0,0.0,0.0,0.0,0.0,0.0,0.0,0.0,0.0,0.5,0.0,0,0,0.0,0.0,0
35,ETH先跌BTC滞后补跌空头,跨资产领先滞后,21,False,89109f24e93f896c,REJECTED,False,总交易不足|活跃月份不足|盈利因子不足|实际盈亏比不足|累计净R不足,11.0,False,0.0,0.0,0,0,0.0,0.0,0.0,0.0,0.0,0.0,0.0,0.0,0.5,0.0,0,0,0.0,0.0,0
35,ETH先跌BTC滞后补跌空头,跨资产领先滞后,22,False,712a55a2a864b9fd,REJECTED,False,总交易不足|活跃月份不足|盈利因子不足|实际盈亏比不足|累计净R不足,11.0,False,0.0,0.0,0,0,0.0,0.0,0.0,0.0,0.0,0.0,0.0,0.0,0.5,0.0,0,0,0.0,0.0,0
35,ETH先跌BTC滞后补跌空头,跨资产领先滞后,23,False,565acdf93b786f79,REJECTED,False,总交易不足|活跃月份不足|盈利因子不足|实际盈亏比不足|累计净R不足,11.0,False,0.0,0.0,0,0,0.0,0.0,0.0,0.0,0.0,0.0,0.0,0.0,0.5,0.0,0,0,0.0,0.0,0
35,ETH先跌BTC滞后补跌空头,跨资产领先滞后,24,False,70b84fee319c2029,REJECTED,False,总交易不足|活跃月份不足|盈利因子不足|实际盈亏比不足|累计净R不足,11.0,False,0.0,0.0,0,0,0.0,0.0,0.0,0.0,0.0,0.0,0.0,0.0,0.5,0.0,0,0,0.0,0.0,0
36,BTC弱于ETH且溢价回升多头,跨资产衍生品,1,True,d9882e2d61ed9961,REJECTED,False,总交易不足|活跃月份不足|盈利因子不足|实际盈亏比不足|累计净R不足,11.0,False,0.0,0.0,0,0,0.0,0.0,0.0,0.0,0.0,0.0,0.0,0.0,0.5,0.0,0,0,0.0,0.0,0
36,BTC弱于ETH且溢价回升多头,跨资产衍生品,2,False,479233edf6a08c78,REJECTED,False,总交易不足|活跃月份不足|盈利因子不足|实际盈亏比不足|累计净R不足,11.0,False,0.0,0.0,0,0,0.0,0.0,0.0,0.0,0.0,0.0,0.0,0.0,0.5,0.0,0,0,0.0,0.0,0
36,BTC弱于ETH且溢价回升多头,跨资产衍生品,3,False,4b6574973fdb53a0,REJECTED,False,总交易不足|活跃月份不足|盈利因子不足|实际盈亏比不足|累计净R不足,11.0,False,0.0,0.0,0,0,0.0,0.0,0.0,0.0,0.0,0.0,0.0,0.0,0.5,0.0,0,0,0.0,0.0,0
36,BTC弱于ETH且溢价回升多头,跨资产衍生品,4,False,d9366ebc8897d50d,REJECTED,False,总交易不足|活跃月份不足|盈利因子不足|实际盈亏比不足|累计净R不足,11.0,False,0.0,0.0,0,0,0.0,0.0,0.0,0.0,0.0,0.0,0.0,0.0,0.5,0.0,0,0,0.0,0.0,0
36,BTC弱于ETH且溢价回升多头,跨资产衍生品,5,False,e289c26b06af243b,REJECTED,False,总交易不足|活跃月份不足|盈利因子不足|实际盈亏比不足|累计净R不足,11.0,False,0.0,0.0,0,0,0.0,0.0,0.0,0.0,0.0,0.0,0.0,0.0,0.5,0.0,0,0,0.0,0.0,0
36,BTC弱于ETH且溢价回升多头,跨资产衍生品,6,False,a78fd07d97accf9e,REJECTED,False,总交易不足|活跃月份不足|盈利因子不足|实际盈亏比不足|累计净R不足,11.0,False,0.0,0.0,0,0,0.0,0.0,0.0,0.0,0.0,0.0,0.0,0.0,0.5,0.0,0,0,0.0,0.0,0
36,BTC弱于ETH且溢价回升多头,跨资产衍生品,7,False,22f965795a2c85d7,REJECTED,False,总交易不足|活跃月份不足|盈利因子不足|实际盈亏比不足|累计净R不足,11.0,False,0.0,0.0,0,0,0.0,0.0,0.0,0.0,0.0,0.0,0.0,0.0,0.5,0.0,0,0,0.0,0.0,0
36,BTC弱于ETH且溢价回升多头,跨资产衍生品,8,False,52c67f6cacf0290f,REJECTED,False,总交易不足|活跃月份不足|盈利因子不足|实际盈亏比不足|累计净R不足,11.0,False,0.0,0.0,0,0,0.0,0.0,0.0,0.0,0.0,0.0,0.0,0.0,0.5,0.0,0,0,0.0,0.0,0
36,BTC弱于ETH且溢价回升多头,跨资产衍生品,9,False,76e735bddc7eb005,REJECTED,False,总交易不足|活跃月份不足|盈利因子不足|实际盈亏比不足|累计净R不足,11.0,False,0.0,0.0,0,0,0.0,0.0,0.0,0.0,0.0,0.0,0.0,0.0,0.5,0.0,0,0,0.0,0.0,0
36,BTC弱于ETH且溢价回升多头,跨资产衍生品,10,False,c7d98b7f8eeca55c,REJECTED,False,总交易不足|活跃月份不足|盈利因子不足|实际盈亏比不足|累计净R不足,11.0,False,0.0,0.0,0,0,0.0,0.0,0.0,0.0,0.0,0.0,0.0,0.0,0.5,0.0,0,0,0.0,0.0,0
36,BTC弱于ETH且溢价回升多头,跨资产衍生品,11,False,2e9fd1e08633da55,REJECTED,False,总交易不足|活跃月份不足|盈利因子不足|实际盈亏比不足|累计净R不足,11.0,False,0.0,0.0,0,0,0.0,0.0,0.0,0.0,0.0,0.0,0.0,0.0,0.5,0.0,0,0,0.0,0.0,0
36,BTC弱于ETH且溢价回升多头,跨资产衍生品,12,False,dce9027052b7e6cc,REJECTED,False,总交易不足|活跃月份不足|盈利因子不足|实际盈亏比不足|累计净R不足,11.0,False,0.0,0.0,0,0,0.0,0.0,0.0,0.0,0.0,0.0,0.0,0.0,0.5,0.0,0,0,0.0,0.0,0
36,BTC弱于ETH且溢价回升多头,跨资产衍生品,13,False,48ca063dd9f45d41,REJECTED,False,总交易不足|活跃月份不足|盈利因子不足|实际盈亏比不足|累计净R不足,11.0,False,0.0,0.0,0,0,0.0,0.0,0.0,0.0,0.0,0.0,0.0,0.0,0.5,0.0,0,0,0.0,0.0,0
36,BTC弱于ETH且溢价回升多头,跨资产衍生品,14,False,8867e77a774db2c9,REJECTED,False,总交易不足|活跃月份不足|盈利因子不足|实际盈亏比不足|累计净R不足,11.0,False,0.0,0.0,0,0,0.0,0.0,0.0,0.0,0.0,0.0,0.0,0.0,0.5,0.0,0,0,0.0,0.0,0
36,BTC弱于ETH且溢价回升多头,跨资产衍生品,15,False,81e85087582a44a7,REJECTED,False,总交易不足|活跃月份不足|盈利因子不足|实际盈亏比不足|累计净R不足,11.0,False,0.0,0.0,0,0,0.0,0.0,0.0,0.0,0.0,0.0,0.0,0.0,0.5,0.0,0,0,0.0,0.0,0
36,BTC弱于ETH且溢价回升多头,跨资产衍生品,16,False,3b0e4b211c40b0df,REJECTED,False,总交易不足|活跃月份不足|盈利因子不足|实际盈亏比不足|累计净R不足,11.0,False,0.0,0.0,0,0,0.0,0.0,0.0,0.0,0.0,0.0,0.0,0.0,0.5,0.0,0,0,0.0,0.0,0
36,BTC弱于ETH且溢价回升多头,跨资产衍生品,17,False,c7df39e9e0630ef0,REJECTED,False,总交易不足|活跃月份不足|盈利因子不足|实际盈亏比不足|累计净R不足,11.0,False,0.0,0.0,0,0,0.0,0.0,0.0,0.0,0.0,0.0,0.0,0.0,0.5,0.0,0,0,0.0,0.0,0
36,BTC弱于ETH且溢价回升多头,跨资产衍生品,18,False,7c7b5046964c43d2,REJECTED,False,总交易不足|活跃月份不足|盈利因子不足|实际盈亏比不足|累计净R不足,11.0,False,0.0,0.0,0,0,0.0,0.0,0.0,0.0,0.0,0.0,0.0,0.0,0.5,0.0,0,0,0.0,0.0,0
36,BTC弱于ETH且溢价回升多头,跨资产衍生品,19,False,4293505bae1e590e,REJECTED,False,总交易不足|活跃月份不足|盈利因子不足|实际盈亏比不足|累计净R不足,11.0,False,0.0,0.0,0,0,0.0,0.0,0.0,0.0,0.0,0.0,0.0,0.0,0.5,0.0,0,0,0.0,0.0,0
36,BTC弱于ETH且溢价回升多头,跨资产衍生品,20,False,1963bded7bc82117,REJECTED,False,总交易不足|活跃月份不足|盈利因子不足|实际盈亏比不足|累计净R不足,11.0,False,0.0,0.0,0,0,0.0,0.0,0.0,0.0,0.0,0.0,0.0,0.0,0.5,0.0,0,0,0.0,0.0,0
36,BTC弱于ETH且溢价回升多头,跨资产衍生品,21,False,e4f77ffb53da488f,REJECTED,False,总交易不足|活跃月份不足|盈利因子不足|实际盈亏比不足|累计净R不足,11.0,False,0.0,0.0,0,0,0.0,0.0,0.0,0.0,0.0,0.0,0.0,0.0,0.5,0.0,0,0,0.0,0.0,0
36,BTC弱于ETH且溢价回升多头,跨资产衍生品,22,False,8c5f2bf8abed42da,REJECTED,False,总交易不足|活跃月份不足|盈利因子不足|实际盈亏比不足|累计净R不足,11.0,False,0.0,0.0,0,0,0.0,0.0,0.0,0.0,0.0,0.0,0.0,0.0,0.5,0.0,0,0,0.0,0.0,0
36,BTC弱于ETH且溢价回升多头,跨资产衍生品,23,False,f551c6a6ec3e119a,REJECTED,False,总交易不足|活跃月份不足|盈利因子不足|实际盈亏比不足|累计净R不足,11.0,False,0.0,0.0,0,0,0.0,0.0,0.0,0.0,0.0,0.0,0.0,0.0,0.5,0.0,0,0,0.0,0.0,0
36,BTC弱于ETH且溢价回升多头,跨资产衍生品,24,False,10a2d47e074b8ea2,REJECTED,False,总交易不足|活跃月份不足|盈利因子不足|实际盈亏比不足|累计净R不足,11.0,False,0.0,0.0,0,0,0.0,0.0,0.0,0.0,0.0,0.0,0.0,0.0,0.5,0.0,0,0,0.0,0.0,0
37,ETH先涨BTC滞后补涨多头,跨资产领先滞后,1,True,6387acc3c2ec918d,REJECTED,False,总交易不足|活跃月份不足,48.71001166465892,False,1.0,1.0,1,1,1.0,1.7125413489195278,0.0,999.0,999.0,1.7125413489195278,0.0,1.7125413489195278,0.5555555555555556,0.5,1,1,0.0,1.0,1
37,ETH先涨BTC滞后补涨多头,跨资产领先滞后,2,False,df9b0fd2cfc0a477,REJECTED,False,总交易不足|活跃月份不足,48.71001166465892,False,1.0,1.0,1,1,1.0,1.7125413489195278,0.0,999.0,999.0,1.7125413489195278,0.0,1.7125413489195278,0.5555555555555556,0.5,1,1,0.0,1.0,1
37,ETH先涨BTC滞后补涨多头,跨资产领先滞后,3,False,b021b98c7d027d39,REJECTED,False,总交易不足|活跃月份不足,48.71001166465892,False,0.8333333333333334,0.8,1,1,1.0,1.7125413489195278,0.0,999.0,999.0,1.7125413489195278,0.0,1.7125413489195278,0.5555555555555556,0.5,1,1,0.0,1.0,1
37,ETH先涨BTC滞后补涨多头,跨资产领先滞后,4,False,c0821ae5a063fe1f,REJECTED,False,总交易不足|活跃月份不足,48.71001166465892,False,0.8333333333333334,0.8,1,1,1.0,1.7125413489195278,0.0,999.0,999.0,1.7125413489195278,0.0,1.7125413489195278,0.5555555555555556,0.5,1,1,0.0,1.0,1
37,ETH先涨BTC滞后补涨多头,跨资产领先滞后,5,False,9e9f4c2279135d25,REJECTED,False,总交易不足|活跃月份不足,48.71001166465892,False,0.8333333333333334,0.8,1,1,1.0,1.7125413489195278,0.0,999.0,999.0,1.7125413489195278,0.0,1.7125413489195278,0.5555555555555556,0.5,1,1,0.0,1.0,1
37,ETH先涨BTC滞后补涨多头,跨资产领先滞后,6,False,2fcb2d68a93eaee8,REJECTED,False,总交易不足|活跃月份不足,48.71001166465892,False,0.8333333333333334,0.8,1,1,1.0,1.7125413489195278,0.0,999.0,999.0,1.7125413489195278,0.0,1.7125413489195278,0.5555555555555556,0.5,1,1,0.0,1.0,1
37,ETH先涨BTC滞后补涨多头,跨资产领先滞后,7,False,b21fdfa70c6b7e23,REJECTED,False,总交易不足|活跃月份不足|盈利因子不足|实际盈亏比不足|累计净R不足,11.0,False,0.16666666666666666,0.0,0,0,0.0,0.0,0.0,0.0,0.0,0.0,0.0,0.0,0.5,0.0,0,0,0.0,0.0,0
37,ETH先涨BTC滞后补涨多头,跨资产领先滞后,8,False,b9713719b84996e2,REJECTED,False,总交易不足|活跃月份不足|盈利因子不足|实际盈亏比不足|累计净R不足,11.0,False,0.16666666666666666,0.0,0,0,0.0,0.0,0.0,0.0,0.0,0.0,0.0,0.0,0.5,0.0,0,0,0.0,0.0,0
37,ETH先涨BTC滞后补涨多头,跨资产领先滞后,9,False,b8ba6e06e2d078aa,REJECTED,False,总交易不足|活跃月份不足|盈利因子不足|实际盈亏比不足|累计净R不足,11.0,False,0.16666666666666666,0.0,0,0,0.0,0.0,0.0,0.0,0.0,0.0,0.0,0.0,0.5,0.0,0,0,0.0,0.0,0
37,ETH先涨BTC滞后补涨多头,跨资产领先滞后,10,False,1087dfc03635899d,REJECTED,False,总交易不足|活跃月份不足|盈利因子不足|实际盈亏比不足|累计净R不足,11.0,False,0.16666666666666666,0.0,0,0,0.0,0.0,0.0,0.0,0.0,0.0,0.0,0.0,0.5,0.0,0,0,0.0,0.0,0
37,ETH先涨BTC滞后补涨多头,跨资产领先滞后,11,False,ea6a975650313c3c,REJECTED,False,总交易不足|活跃月份不足|盈利因子不足|实际盈亏比不足|累计净R不足,11.0,False,0.0,0.0,0,0,0.0,0.0,0.0,0.0,0.0,0.0,0.0,0.0,0.5,0.0,0,0,0.0,0.0,0
37,ETH先涨BTC滞后补涨多头,跨资产领先滞后,12,False,ef5cb472e9f5915d,REJECTED,False,总交易不足|活跃月份不足|盈利因子不足|实际盈亏比不足|累计净R不足,11.0,False,0.0,0.0,0,0,0.0,0.0,0.0,0.0,0.0,0.0,0.0,0.0,0.5,0.0,0,0,0.0,0.0,0
37,ETH先涨BTC滞后补涨多头,跨资产领先滞后,13,False,fc8dc990ca0316a9,REJECTED,False,总交易不足|活跃月份不足|盈利因子不足|实际盈亏比不足|累计净R不足,11.0,False,0.0,0.0,0,0,0.0,0.0,0.0,0.0,0.0,0.0,0.0,0.0,0.5,0.0,0,0,0.0,0.0,0
37,ETH先涨BTC滞后补涨多头,跨资产领先滞后,14,False,1ae7689b19de7af6,REJECTED,False,总交易不足|活跃月份不足|盈利因子不足|实际盈亏比不足|累计净R不足,11.0,False,0.0,0.0,0,0,0.0,0.0,0.0,0.0,0.0,0.0,0.0,0.0,0.5,0.0,0,0,0.0,0.0,0
37,ETH先涨BTC滞后补涨多头,跨资产领先滞后,15,False,e55489ee240a0855,REJECTED,False,总交易不足|活跃月份不足|盈利因子不足|实际盈亏比不足|累计净R不足,11.0,False,0.0,0.0,0,0,0.0,0.0,0.0,0.0,0.0,0.0,0.0,0.0,0.5,0.0,0,0,0.0,0.0,0
37,ETH先涨BTC滞后补涨多头,跨资产领先滞后,16,False,c4c43d4156e7571f,REJECTED,False,总交易不足|活跃月份不足|盈利因子不足|实际盈亏比不足|累计净R不足,11.0,False,0.0,0.0,0,0,0.0,0.0,0.0,0.0,0.0,0.0,0.0,0.0,0.5,0.0,0,0,0.0,0.0,0
37,ETH先涨BTC滞后补涨多头,跨资产领先滞后,17,False,9c85f0e80f3a1adc,REJECTED,False,总交易不足|活跃月份不足|盈利因子不足|实际盈亏比不足|累计净R不足,11.0,False,0.0,0.0,0,0,0.0,0.0,0.0,0.0,0.0,0.0,0.0,0.0,0.5,0.0,0,0,0.0,0.0,0
37,ETH先涨BTC滞后补涨多头,跨资产领先滞后,18,False,1e1b6d498e2160bd,REJECTED,False,总交易不足|活跃月份不足|盈利因子不足|实际盈亏比不足|累计净R不足,11.0,False,0.0,0.0,0,0,0.0,0.0,0.0,0.0,0.0,0.0,0.0,0.0,0.5,0.0,0,0,0.0,0.0,0
37,ETH先涨BTC滞后补涨多头,跨资产领先滞后,19,False,e0f4b8529de052b3,REJECTED,False,总交易不足|活跃月份不足|盈利因子不足|实际盈亏比不足|累计净R不足,11.0,False,0.0,0.0,0,0,0.0,0.0,0.0,0.0,0.0,0.0,0.0,0.0,0.5,0.0,0,0,0.0,0.0,0
37,ETH先涨BTC滞后补涨多头,跨资产领先滞后,20,False,d8c34321e0667633,REJECTED,False,总交易不足|活跃月份不足|盈利因子不足|实际盈亏比不足|累计净R不足,11.0,False,0.0,0.0,0,0,0.0,0.0,0.0,0.0,0.0,0.0,0.0,0.0,0.5,0.0,0,0,0.0,0.0,0
37,ETH先涨BTC滞后补涨多头,跨资产领先滞后,21,False,c4633f5120601ffb,REJECTED,False,总交易不足|活跃月份不足|盈利因子不足|实际盈亏比不足|累计净R不足,11.0,False,0.0,0.0,0,0,0.0,0.0,0.0,0.0,0.0,0.0,0.0,0.0,0.5,0.0,0,0,0.0,0.0,0
37,ETH先涨BTC滞后补涨多头,跨资产领先滞后,22,False,c174b8e0a6e162b3,REJECTED,False,总交易不足|活跃月份不足|盈利因子不足|实际盈亏比不足|累计净R不足,11.0,False,0.0,0.0,0,0,0.0,0.0,0.0,0.0,0.0,0.0,0.0,0.0,0.5,0.0,0,0,0.0,0.0,0
37,ETH先涨BTC滞后补涨多头,跨资产领先滞后,23,False,6a182ffd21a95014,REJECTED,False,总交易不足|活跃月份不足|盈利因子不足|实际盈亏比不足|累计净R不足,11.0,False,0.0,0.0,0,0,0.0,0.0,0.0,0.0,0.0,0.0,0.0,0.0,0.5,0.0,0,0,0.0,0.0,0
37,ETH先涨BTC滞后补涨多头,跨资产领先滞后,24,False,8f46f1459f75cdb5,REJECTED,False,总交易不足|活跃月份不足|盈利因子不足|实际盈亏比不足|累计净R不足,11.0,False,0.0,0.0,0,0,0.0,0.0,0.0,0.0,0.0,0.0,0.0,0.0,0.5,0.0,0,0,0.0,0.0,0
38,跨资产背离后VWAP失守空头,跨资产VWAP,1,True,47d7edd201629376,REJECTED,False,总交易不足|活跃月份不足|盈利因子不足|实际盈亏比不足|累计净R不足,11.0,False,0.0,0.0,0,0,0.0,0.0,0.0,0.0,0.0,0.0,0.0,0.0,0.5,0.0,0,0,0.0,0.0,0
38,跨资产背离后VWAP失守空头,跨资产VWAP,2,False,440302441d697d92,REJECTED,False,总交易不足|活跃月份不足|盈利因子不足|实际盈亏比不足|累计净R不足,11.0,False,0.0,0.0,0,0,0.0,0.0,0.0,0.0,0.0,0.0,0.0,0.0,0.5,0.0,0,0,0.0,0.0,0
38,跨资产背离后VWAP失守空头,跨资产VWAP,3,False,45f6a372e35f94c1,REJECTED,False,总交易不足|活跃月份不足|盈利因子不足|实际盈亏比不足|累计净R不足,11.0,False,0.0,0.0,0,0,0.0,0.0,0.0,0.0,0.0,0.0,0.0,0.0,0.5,0.0,0,0,0.0,0.0,0
38,跨资产背离后VWAP失守空头,跨资产VWAP,4,False,36ff55773eeb86a5,REJECTED,False,总交易不足|活跃月份不足|盈利因子不足|实际盈亏比不足|累计净R不足,11.0,False,0.0,0.0,0,0,0.0,0.0,0.0,0.0,0.0,0.0,0.0,0.0,0.5,0.0,0,0,0.0,0.0,0
38,跨资产背离后VWAP失守空头,跨资产VWAP,5,False,2e55655a7da08611,REJECTED,False,总交易不足|活跃月份不足|盈利因子不足|实际盈亏比不足|累计净R不足,11.0,False,0.0,0.0,0,0,0.0,0.0,0.0,0.0,0.0,0.0,0.0,0.0,0.5,0.0,0,0,0.0,0.0,0
38,跨资产背离后VWAP失守空头,跨资产VWAP,6,False,e879999a932186e3,REJECTED,False,总交易不足|活跃月份不足|盈利因子不足|实际盈亏比不足|累计净R不足,11.0,False,0.0,0.0,0,0,0.0,0.0,0.0,0.0,0.0,0.0,0.0,0.0,0.5,0.0,0,0,0.0,0.0,0
38,跨资产背离后VWAP失守空头,跨资产VWAP,7,False,2ca414737ccba791,REJECTED,False,总交易不足|活跃月份不足|盈利因子不足|实际盈亏比不足|累计净R不足,11.0,False,0.0,0.0,0,0,0.0,0.0,0.0,0.0,0.0,0.0,0.0,0.0,0.5,0.0,0,0,0.0,0.0,0
38,跨资产背离后VWAP失守空头,跨资产VWAP,8,False,69cc1a71f500f8b8,REJECTED,False,总交易不足|活跃月份不足|盈利因子不足|实际盈亏比不足|累计净R不足,11.0,False,0.0,0.0,0,0,0.0,0.0,0.0,0.0,0.0,0.0,0.0,0.0,0.5,0.0,0,0,0.0,0.0,0
38,跨资产背离后VWAP失守空头,跨资产VWAP,9,False,fe592d932f4446ea,REJECTED,False,总交易不足|活跃月份不足|盈利因子不足|实际盈亏比不足|累计净R不足,11.0,False,0.0,0.0,0,0,0.0,0.0,0.0,0.0,0.0,0.0,0.0,0.0,0.5,0.0,0,0,0.0,0.0,0
38,跨资产背离后VWAP失守空头,跨资产VWAP,10,False,339101b7961e2800,REJECTED,False,总交易不足|活跃月份不足|盈利因子不足|实际盈亏比不足|累计净R不足,11.0,False,0.0,0.0,0,0,0.0,0.0,0.0,0.0,0.0,0.0,0.0,0.0,0.5,0.0,0,0,0.0,0.0,0
38,跨资产背离后VWAP失守空头,跨资产VWAP,11,False,c303abf1dec83330,REJECTED,False,总交易不足|活跃月份不足|盈利因子不足|实际盈亏比不足|累计净R不足,11.0,False,0.0,0.0,0,0,0.0,0.0,0.0,0.0,0.0,0.0,0.0,0.0,0.5,0.0,0,0,0.0,0.0,0
38,跨资产背离后VWAP失守空头,跨资产VWAP,12,False,d0663225bd6d4023,REJECTED,False,总交易不足|活跃月份不足|盈利因子不足|实际盈亏比不足|累计净R不足,11.0,False,0.0,0.0,0,0,0.0,0.0,0.0,0.0,0.0,0.0,0.0,0.0,0.5,0.0,0,0,0.0,0.0,0
38,跨资产背离后VWAP失守空头,跨资产VWAP,13,False,be02c8ec4270b2c0,REJECTED,False,总交易不足|活跃月份不足|盈利因子不足|实际盈亏比不足|累计净R不足,11.0,False,0.0,0.0,0,0,0.0,0.0,0.0,0.0,0.0,0.0,0.0,0.0,0.5,0.0,0,0,0.0,0.0,0
38,跨资产背离后VWAP失守空头,跨资产VWAP,14,False,a7dfcd935bfe0b39,REJECTED,False,总交易不足|活跃月份不足|盈利因子不足|实际盈亏比不足|累计净R不足,11.0,False,0.0,0.0,0,0,0.0,0.0,0.0,0.0,0.0,0.0,0.0,0.0,0.5,0.0,0,0,0.0,0.0,0
38,跨资产背离后VWAP失守空头,跨资产VWAP,15,False,06b7b399dce342a8,REJECTED,False,总交易不足|活跃月份不足|盈利因子不足|实际盈亏比不足|累计净R不足,11.0,False,0.0,0.0,0,0,0.0,0.0,0.0,0.0,0.0,0.0,0.0,0.0,0.5,0.0,0,0,0.0,0.0,0
38,跨资产背离后VWAP失守空头,跨资产VWAP,16,False,7064471f1c1e0432,REJECTED,False,总交易不足|活跃月份不足|盈利因子不足|实际盈亏比不足|累计净R不足,11.0,False,0.0,0.0,0,0,0.0,0.0,0.0,0.0,0.0,0.0,0.0,0.0,0.5,0.0,0,0,0.0,0.0,0
38,跨资产背离后VWAP失守空头,跨资产VWAP,17,False,ad7997fec9c4b2ac,REJECTED,False,总交易不足|活跃月份不足|盈利因子不足|实际盈亏比不足|累计净R不足,11.0,False,0.0,0.0,0,0,0.0,0.0,0.0,0.0,0.0,0.0,0.0,0.0,0.5,0.0,0,0,0.0,0.0,0
38,跨资产背离后VWAP失守空头,跨资产VWAP,18,False,fc8f9980a613d750,REJECTED,False,总交易不足|活跃月份不足|盈利因子不足|实际盈亏比不足|累计净R不足,11.0,False,0.0,0.0,0,0,0.0,0.0,0.0,0.0,0.0,0.0,0.0,0.0,0.5,0.0,0,0,0.0,0.0,0
38,跨资产背离后VWAP失守空头,跨资产VWAP,19,False,af77f6413cfdd932,REJECTED,False,总交易不足|活跃月份不足|盈利因子不足|实际盈亏比不足|累计净R不足,11.0,False,0.0,0.0,0,0,0.0,0.0,0.0,0.0,0.0,0.0,0.0,0.0,0.5,0.0,0,0,0.0,0.0,0
38,跨资产背离后VWAP失守空头,跨资产VWAP,20,False,dd833668157a64a6,REJECTED,False,总交易不足|活跃月份不足|盈利因子不足|实际盈亏比不足|累计净R不足,11.0,False,0.0,0.0,0,0,0.0,0.0,0.0,0.0,0.0,0.0,0.0,0.0,0.5,0.0,0,0,0.0,0.0,0
38,跨资产背离后VWAP失守空头,跨资产VWAP,21,False,18c255cb7ebed9c1,REJECTED,False,总交易不足|活跃月份不足|盈利因子不足|实际盈亏比不足|累计净R不足,11.0,False,0.0,0.0,0,0,0.0,0.0,0.0,0.0,0.0,0.0,0.0,0.0,0.5,0.0,0,0,0.0,0.0,0
38,跨资产背离后VWAP失守空头,跨资产VWAP,22,False,883cdb955c9c329c,REJECTED,False,总交易不足|活跃月份不足|盈利因子不足|实际盈亏比不足|累计净R不足,11.0,False,0.0,0.0,0,0,0.0,0.0,0.0,0.0,0.0,0.0,0.0,0.0,0.5,0.0,0,0,0.0,0.0,0
38,跨资产背离后VWAP失守空头,跨资产VWAP,23,False,23141871583b558f,REJECTED,False,总交易不足|活跃月份不足|盈利因子不足|实际盈亏比不足|累计净R不足,11.0,False,0.0,0.0,0,0,0.0,0.0,0.0,0.0,0.0,0.0,0.0,0.0,0.5,0.0,0,0,0.0,0.0,0
38,跨资产背离后VWAP失守空头,跨资产VWAP,24,False,370e37343f0fa625,REJECTED,False,总交易不足|活跃月份不足|盈利因子不足|实际盈亏比不足|累计净R不足,11.0,False,0.0,0.0,0,0,0.0,0.0,0.0,0.0,0.0,0.0,0.0,0.0,0.5,0.0,0,0,0.0,0.0,0
39,跨资产背离后VWAP收回多头,跨资产VWAP,1,True,1d3bb2983569000d,REJECTED,False,总交易不足|活跃月份不足|盈利因子不足|实际盈亏比不足|累计净R不足,11.0,False,0.0,0.0,0,0,0.0,0.0,0.0,0.0,0.0,0.0,0.0,0.0,0.5,0.0,0,0,0.0,0.0,0
39,跨资产背离后VWAP收回多头,跨资产VWAP,2,False,c113dc6a5d21214e,REJECTED,False,总交易不足|活跃月份不足|盈利因子不足|实际盈亏比不足|累计净R不足,11.0,False,0.0,0.0,0,0,0.0,0.0,0.0,0.0,0.0,0.0,0.0,0.0,0.5,0.0,0,0,0.0,0.0,0
39,跨资产背离后VWAP收回多头,跨资产VWAP,3,False,f10286852743cda0,REJECTED,False,总交易不足|活跃月份不足|盈利因子不足|实际盈亏比不足|累计净R不足,11.0,False,0.0,0.0,0,0,0.0,0.0,0.0,0.0,0.0,0.0,0.0,0.0,0.5,0.0,0,0,0.0,0.0,0
39,跨资产背离后VWAP收回多头,跨资产VWAP,4,False,9c6f6523fbb9eaae,REJECTED,False,总交易不足|活跃月份不足|盈利因子不足|实际盈亏比不足|累计净R不足,11.0,False,0.0,0.0,0,0,0.0,0.0,0.0,0.0,0.0,0.0,0.0,0.0,0.5,0.0,0,0,0.0,0.0,0
39,跨资产背离后VWAP收回多头,跨资产VWAP,5,False,85860f7fc4c3c145,REJECTED,False,总交易不足|活跃月份不足|盈利因子不足|实际盈亏比不足|累计净R不足,11.0,False,0.0,0.0,0,0,0.0,0.0,0.0,0.0,0.0,0.0,0.0,0.0,0.5,0.0,0,0,0.0,0.0,0
39,跨资产背离后VWAP收回多头,跨资产VWAP,6,False,53771d36dad78044,REJECTED,False,总交易不足|活跃月份不足|盈利因子不足|实际盈亏比不足|累计净R不足,11.0,False,0.0,0.0,0,0,0.0,0.0,0.0,0.0,0.0,0.0,0.0,0.0,0.5,0.0,0,0,0.0,0.0,0
39,跨资产背离后VWAP收回多头,跨资产VWAP,7,False,d7a3dae1ba7f6b33,REJECTED,False,总交易不足|活跃月份不足|盈利因子不足|实际盈亏比不足|累计净R不足,11.0,False,0.0,0.0,0,0,0.0,0.0,0.0,0.0,0.0,0.0,0.0,0.0,0.5,0.0,0,0,0.0,0.0,0
39,跨资产背离后VWAP收回多头,跨资产VWAP,8,False,3e368bf411f151a4,REJECTED,False,总交易不足|活跃月份不足|盈利因子不足|实际盈亏比不足|累计净R不足,11.0,False,0.0,0.0,0,0,0.0,0.0,0.0,0.0,0.0,0.0,0.0,0.0,0.5,0.0,0,0,0.0,0.0,0
39,跨资产背离后VWAP收回多头,跨资产VWAP,9,False,6560c510fc711207,REJECTED,False,总交易不足|活跃月份不足|盈利因子不足|实际盈亏比不足|累计净R不足,11.0,False,0.0,0.0,0,0,0.0,0.0,0.0,0.0,0.0,0.0,0.0,0.0,0.5,0.0,0,0,0.0,0.0,0
39,跨资产背离后VWAP收回多头,跨资产VWAP,10,False,7bb22bbc727d35b5,REJECTED,False,总交易不足|活跃月份不足|盈利因子不足|实际盈亏比不足|累计净R不足,11.0,False,0.0,0.0,0,0,0.0,0.0,0.0,0.0,0.0,0.0,0.0,0.0,0.5,0.0,0,0,0.0,0.0,0
39,跨资产背离后VWAP收回多头,跨资产VWAP,11,False,86f4ca658fb9cca7,REJECTED,False,总交易不足|活跃月份不足|盈利因子不足|实际盈亏比不足|累计净R不足,11.0,False,0.0,0.0,0,0,0.0,0.0,0.0,0.0,0.0,0.0,0.0,0.0,0.5,0.0,0,0,0.0,0.0,0
39,跨资产背离后VWAP收回多头,跨资产VWAP,12,False,da86cdd9dec5d074,REJECTED,False,总交易不足|活跃月份不足|盈利因子不足|实际盈亏比不足|累计净R不足,11.0,False,0.0,0.0,0,0,0.0,0.0,0.0,0.0,0.0,0.0,0.0,0.0,0.5,0.0,0,0,0.0,0.0,0
39,跨资产背离后VWAP收回多头,跨资产VWAP,13,False,38522c142551a8ec,REJECTED,False,总交易不足|活跃月份不足|盈利因子不足|实际盈亏比不足|累计净R不足,11.0,False,0.0,0.0,0,0,0.0,0.0,0.0,0.0,0.0,0.0,0.0,0.0,0.5,0.0,0,0,0.0,0.0,0
39,跨资产背离后VWAP收回多头,跨资产VWAP,14,False,8b0cd536c75abb5e,REJECTED,False,总交易不足|活跃月份不足|盈利因子不足|实际盈亏比不足|累计净R不足,11.0,False,0.0,0.0,0,0,0.0,0.0,0.0,0.0,0.0,0.0,0.0,0.0,0.5,0.0,0,0,0.0,0.0,0
39,跨资产背离后VWAP收回多头,跨资产VWAP,15,False,85863386d43cc192,REJECTED,False,总交易不足|活跃月份不足|盈利因子不足|实际盈亏比不足|累计净R不足,11.0,False,0.0,0.0,0,0,0.0,0.0,0.0,0.0,0.0,0.0,0.0,0.0,0.5,0.0,0,0,0.0,0.0,0
39,跨资产背离后VWAP收回多头,跨资产VWAP,16,False,abcb729254494bac,REJECTED,False,总交易不足|活跃月份不足|盈利因子不足|实际盈亏比不足|累计净R不足,11.0,False,0.0,0.0,0,0,0.0,0.0,0.0,0.0,0.0,0.0,0.0,0.0,0.5,0.0,0,0,0.0,0.0,0
39,跨资产背离后VWAP收回多头,跨资产VWAP,17,False,e49bd0b05bbd2c1f,REJECTED,False,总交易不足|活跃月份不足|盈利因子不足|实际盈亏比不足|累计净R不足,11.0,False,0.0,0.0,0,0,0.0,0.0,0.0,0.0,0.0,0.0,0.0,0.0,0.5,0.0,0,0,0.0,0.0,0
39,跨资产背离后VWAP收回多头,跨资产VWAP,18,False,10fe123ce13ac838,REJECTED,False,总交易不足|活跃月份不足|盈利因子不足|实际盈亏比不足|累计净R不足,11.0,False,0.0,0.0,0,0,0.0,0.0,0.0,0.0,0.0,0.0,0.0,0.0,0.5,0.0,0,0,0.0,0.0,0
39,跨资产背离后VWAP收回多头,跨资产VWAP,19,False,8f7355db17d7d4c5,REJECTED,False,总交易不足|活跃月份不足|盈利因子不足|实际盈亏比不足|累计净R不足,11.0,False,0.0,0.0,0,0,0.0,0.0,0.0,0.0,0.0,0.0,0.0,0.0,0.5,0.0,0,0,0.0,0.0,0
39,跨资产背离后VWAP收回多头,跨资产VWAP,20,False,a03492ab01543135,REJECTED,False,总交易不足|活跃月份不足|盈利因子不足|实际盈亏比不足|累计净R不足,11.0,False,0.0,0.0,0,0,0.0,0.0,0.0,0.0,0.0,0.0,0.0,0.0,0.5,0.0,0,0,0.0,0.0,0
39,跨资产背离后VWAP收回多头,跨资产VWAP,21,False,e52d27b109346d46,REJECTED,False,总交易不足|活跃月份不足|盈利因子不足|实际盈亏比不足|累计净R不足,11.0,False,0.0,0.0,0,0,0.0,0.0,0.0,0.0,0.0,0.0,0.0,0.0,0.5,0.0,0,0,0.0,0.0,0
39,跨资产背离后VWAP收回多头,跨资产VWAP,22,False,b1e68b1f9de358b0,REJECTED,False,总交易不足|活跃月份不足|盈利因子不足|实际盈亏比不足|累计净R不足,11.0,False,0.0,0.0,0,0,0.0,0.0,0.0,0.0,0.0,0.0,0.0,0.0,0.5,0.0,0,0,0.0,0.0,0
39,跨资产背离后VWAP收回多头,跨资产VWAP,23,False,29a8aad458018e5c,REJECTED,False,总交易不足|活跃月份不足|盈利因子不足|实际盈亏比不足|累计净R不足,11.0,False,0.0,0.0,0,0,0.0,0.0,0.0,0.0,0.0,0.0,0.0,0.0,0.5,0.0,0,0,0.0,0.0,0
39,跨资产背离后VWAP收回多头,跨资产VWAP,24,False,79fdb649286d8af0,REJECTED,False,总交易不足|活跃月份不足|盈利因子不足|实际盈亏比不足|累计净R不足,11.0,False,0.0,0.0,0,0,0.0,0.0,0.0,0.0,0.0,0.0,0.0,0.0,0.5,0.0,0,0,0.0,0.0,0
