expert_id,expert,family,anchor_policy_key,anchor_tier,anchor_trades,cluster_size,cluster_policy_keys,cluster_positive_share,cluster_mature_share,cluster_median_trades,cluster_median_active_months,cluster_median_net_R,cluster_min_net_R,cluster_signal_consensus,cluster_robust
0,趋势回踩重新站稳多头,趋势回踩,5f6a7560061fafca,REJECTED,0,6,5f6a7560061fafca|d42befd25a2aecba|edfb7369df95cb4f|9aaab087ee0edcb3|9b3fd54c23e3a8be|6e2c77bd09e9eb5f,0.0,0.0,0.0,0.0,0.0,0.0,0.0,False
0,趋势回踩重新站稳多头,趋势回踩,6e2c77bd09e9eb5f,REJECTED,0,6,6e2c77bd09e9eb5f|65af7b138fe0c3fc|fd0c8086e72deb39|dbd1d70c5a727471|0e677f5d9ed93755|5f6a7560061fafca,0.0,0.0,0.0,0.0,0.0,0.0,0.0,False
0,趋势回踩重新站稳多头,趋势回踩,edfb7369df95cb4f,REJECTED,0,6,edfb7369df95cb4f|9aaab087ee0edcb3|9b3fd54c23e3a8be|d638fc03935cf81c|5f6a7560061fafca|d42befd25a2aecba,0.0,0.0,0.0,0.0,0.0,0.0,0.0,False
0,趋势回踩重新站稳多头,趋势回踩,fd0c8086e72deb39,REJECTED,0,6,fd0c8086e72deb39|dbd1d70c5a727471|0e677f5d9ed93755|e1cd8092e9f51925|6e2c77bd09e9eb5f|65af7b138fe0c3fc,0.0,0.0,0.0,0.0,0.0,0.0,0.0,False
0,趋势回踩重新站稳多头,趋势回踩,9b3fd54c23e3a8be,REJECTED,0,6,9b3fd54c23e3a8be|d638fc03935cf81c|edfb7369df95cb4f|9aaab087ee0edcb3|5f6a7560061fafca|0e677f5d9ed93755,0.0,0.0,0.0,0.0,0.0,0.0,0.0,False
0,趋势回踩重新站稳多头,趋势回踩,0e677f5d9ed93755,REJECTED,0,6,0e677f5d9ed93755|e1cd8092e9f51925|fd0c8086e72deb39|dbd1d70c5a727471|6e2c77bd09e9eb5f|9b3fd54c23e3a8be,0.0,0.0,0.0,0.0,0.0,0.0,0.0,False
0,趋势回踩重新站稳多头,趋势回踩,d42befd25a2aecba,REJECTED,0,6,d42befd25a2aecba|5f6a7560061fafca|9aaab087ee0edcb3|edfb7369df95cb4f|d638fc03935cf81c|65af7b138fe0c3fc,0.0,0.0,0.0,0.0,0.0,0.0,0.0,False
0,趋势回踩重新站稳多头,趋势回踩,65af7b138fe0c3fc,REJECTED,0,6,65af7b138fe0c3fc|6e2c77bd09e9eb5f|dbd1d70c5a727471|fd0c8086e72deb39|e1cd8092e9f51925|d42befd25a2aecba,0.0,0.0,0.0,0.0,0.0,0.0,0.0,False
0,趋势回踩重新站稳多头,趋势回踩,9aaab087ee0edcb3,REJECTED,0,6,9aaab087ee0edcb3|edfb7369df95cb4f|d638fc03935cf81c|9b3fd54c23e3a8be|d42befd25a2aecba|5f6a7560061fafca,0.0,0.0,0.0,0.0,0.0,0.0,0.0,False
0,趋势回踩重新站稳多头,趋势回踩,dbd1d70c5a727471,REJECTED,0,6,dbd1d70c5a727471|fd0c8086e72deb39|e1cd8092e9f51925|0e677f5d9ed93755|65af7b138fe0c3fc|6e2c77bd09e9eb5f,0.0,0.0,0.0,0.0,0.0,0.0,0.0,False
0,趋势回踩重新站稳多头,趋势回踩,d638fc03935cf81c,REJECTED,0,6,d638fc03935cf81c|9b3fd54c23e3a8be|9aaab087ee0edcb3|edfb7369df95cb4f|d42befd25a2aecba|e1cd8092e9f51925,0.0,0.0,0.0,0.0,0.0,0.0,0.0,False
0,趋势回踩重新站稳多头,趋势回踩,e1cd8092e9f51925,REJECTED,0,6,e1cd8092e9f51925|0e677f5d9ed93755|dbd1d70c5a727471|fd0c8086e72deb39|65af7b138fe0c3fc|d638fc03935cf81c,0.0,0.0,0.0,0.0,0.0,0.0,0.0,False
0,趋势回踩重新站稳多头,趋势回踩,027f1e6882c8e0ac,REJECTED,2,6,027f1e6882c8e0ac|2cc5288833a70fca|dea253e979ba4233|507ffa897d874aa4|12eff90a29076783|b64115b0307570f8,0.5,0.0,2.5,2.0,-0.21618029681183293,-2.144794925289008,0.9,False
0,趋势回踩重新站稳多头,趋势回踩,b64115b0307570f8,REJECTED,2,6,b64115b0307570f8|d86f5e691767a819|1b33e623d700f1dd|cf61261d0d156ada|e024946a7a7bbea6|027f1e6882c8e0ac,1.0,0.0,2.5,2.0,0.690820204273016,0.24103220940179093,0.9,True
0,趋势回踩重新站稳多头,趋势回踩,dea253e979ba4233,REJECTED,3,6,dea253e979ba4233|507ffa897d874aa4|12eff90a29076783|61a9c4464c24f1aa|027f1e6882c8e0ac|2cc5288833a70fca,0.3333333333333333,0.0,3.0,2.0,-0.85905819781615,-2.144794925289008,0.8666666666666667,False
0,趋势回踩重新站稳多头,趋势回踩,1b33e623d700f1dd,CANDIDATE,3,6,1b33e623d700f1dd|cf61261d0d156ada|e024946a7a7bbea6|4f78680cc446fc4d|b64115b0307570f8|d86f5e691767a819,1.0,0.0,3.0,2.0,0.9549428043535478,0.24103220940179093,0.8666666666666667,True
0,趋势回踩重新站稳多头,趋势回踩,12eff90a29076783,REJECTED,4,6,12eff90a29076783|61a9c4464c24f1aa|dea253e979ba4233|507ffa897d874aa4|027f1e6882c8e0ac|e024946a7a7bbea6,0.3333333333333333,0.0,3.5,2.0,-0.85905819781615,-2.144794925289008,0.6499999999999999,False
0,趋势回踩重新站稳多头,趋势回踩,e024946a7a7bbea6,CANDIDATE,4,6,e024946a7a7bbea6|4f78680cc446fc4d|1b33e623d700f1dd|cf61261d0d156ada|b64115b0307570f8|12eff90a29076783,0.8333333333333334,0.0,3.5,2.0,0.5979875068776694,-2.144794925289008,0.6499999999999999,True
0,趋势回踩重新站稳多头,趋势回踩,2cc5288833a70fca,REJECTED,2,6,2cc5288833a70fca|027f1e6882c8e0ac|507ffa897d874aa4|dea253e979ba4233|61a9c4464c24f1aa|d86f5e691767a819,0.5,0.0,2.5,2.0,-0.21618029681183293,-2.144794925289008,0.9,False
0,趋势回踩重新站稳多头,趋势回踩,d86f5e691767a819,REJECTED,2,6,d86f5e691767a819|b64115b0307570f8|cf61261d0d156ada|1b33e623d700f1dd|4f78680cc446fc4d|2cc5288833a70fca,1.0,0.0,2.5,2.0,0.690820204273016,0.24103220940179093,0.9,True
0,趋势回踩重新站稳多头,趋势回踩,507ffa897d874aa4,REJECTED,3,6,507ffa897d874aa4|dea253e979ba4233|61a9c4464c24f1aa|12eff90a29076783|2cc5288833a70fca|027f1e6882c8e0ac,0.3333333333333333,0.0,3.0,2.0,-0.85905819781615,-2.144794925289008,0.8666666666666667,False
0,趋势回踩重新站稳多头,趋势回踩,cf61261d0d156ada,CANDIDATE,3,6,cf61261d0d156ada|1b33e623d700f1dd|4f78680cc446fc4d|e024946a7a7bbea6|d86f5e691767a819|b64115b0307570f8,1.0,0.0,3.0,2.0,0.9549428043535478,0.24103220940179093,0.8666666666666667,True
0,趋势回踩重新站稳多头,趋势回踩,61a9c4464c24f1aa,REJECTED,4,6,61a9c4464c24f1aa|12eff90a29076783|507ffa897d874aa4|dea253e979ba4233|2cc5288833a70fca|4f78680cc446fc4d,0.3333333333333333,0.0,3.5,2.0,-0.85905819781615,-2.144794925289008,0.6499999999999999,False
0,趋势回踩重新站稳多头,趋势回踩,4f78680cc446fc4d,CANDIDATE,4,6,4f78680cc446fc4d|e024946a7a7bbea6|cf61261d0d156ada|1b33e623d700f1dd|d86f5e691767a819|61a9c4464c24f1aa,0.8333333333333334,0.0,3.5,2.0,0.5979875068776694,-2.144794925289008,0.6499999999999999,True
1,趋势反抽失败空头,趋势回踩,a9cab89e18b613f6,REJECTED,1,6,a9cab89e18b613f6|c83ae43ded4e3128|babd89c70121bbf0|3fac1d15a4107f3d|d4f433d971b8cfe4|eb433281c4959b84,0.0,0.0,1.5,1.0,-1.7088947655451145,-2.0939946451577924,0.8,False
1,趋势反抽失败空头,趋势回踩,eb433281c4959b84,REJECTED,1,6,eb433281c4959b84|fcdc5ffc06cef7e2|84ee61c08f9c36c2|cf9d7027a014a4bc|66c4e506115bcabc|a9cab89e18b613f6,0.0,0.0,1.0,1.0,-0.8523612723718867,-1.3237948859324367,0.8,False
1,趋势反抽失败空头,趋势回踩,babd89c70121bbf0,REJECTED,2,6,babd89c70121bbf0|3fac1d15a4107f3d|d4f433d971b8cfe4|304ab173a2ce9c87|a9cab89e18b613f6|c83ae43ded4e3128,0.0,0.0,2.0,1.0,-2.0939946451577924,-2.0939946451577924,0.8,False
1,趋势反抽失败空头,趋势回踩,84ee61c08f9c36c2,REJECTED,1,6,84ee61c08f9c36c2|cf9d7027a014a4bc|66c4e506115bcabc|d6b6913945880878|eb433281c4959b84|fcdc5ffc06cef7e2,0.0,0.0,1.0,1.0,-0.8523612723718867,-0.8523612723718867,1.0,False
1,趋势反抽失败空头,趋势回踩,d4f433d971b8cfe4,REJECTED,2,6,d4f433d971b8cfe4|304ab173a2ce9c87|babd89c70121bbf0|3fac1d15a4107f3d|a9cab89e18b613f6|66c4e506115bcabc,0.0,0.0,2.0,1.0,-2.0939946451577924,-2.0939946451577924,0.7,False
1,趋势反抽失败空头,趋势回踩,66c4e506115bcabc,REJECTED,1,6,66c4e506115bcabc|d6b6913945880878|84ee61c08f9c36c2|cf9d7027a014a4bc|eb433281c4959b84|d4f433d971b8cfe4,0.0,0.0,1.0,1.0,-0.8523612723718867,-2.0939946451577924,0.8,False
1,趋势反抽失败空头,趋势回踩,c83ae43ded4e3128,REJECTED,1,6,c83ae43ded4e3128|a9cab89e18b613f6|3fac1d15a4107f3d|babd89c70121bbf0|304ab173a2ce9c87|fcdc5ffc06cef7e2,0.0,0.0,1.5,1.0,-1.7088947655451145,-2.0939946451577924,0.8,False
1,趋势反抽失败空头,趋势回踩,fcdc5ffc06cef7e2,REJECTED,1,6,fcdc5ffc06cef7e2|eb433281c4959b84|cf9d7027a014a4bc|84ee61c08f9c36c2|d6b6913945880878|c83ae43ded4e3128,0.0,0.0,1.0,1.0,-0.8523612723718867,-1.3237948859324367,0.8,False
1,趋势反抽失败空头,趋势回踩,3fac1d15a4107f3d,REJECTED,2,6,3fac1d15a4107f3d|babd89c70121bbf0|304ab173a2ce9c87|d4f433d971b8cfe4|c83ae43ded4e3128|a9cab89e18b613f6,0.0,0.0,2.0,1.0,-2.0939946451577924,-2.0939946451577924,0.8,False
1,趋势反抽失败空头,趋势回踩,cf9d7027a014a4bc,REJECTED,1,6,cf9d7027a014a4bc|84ee61c08f9c36c2|d6b6913945880878|66c4e506115bcabc|fcdc5ffc06cef7e2|eb433281c4959b84,0.0,0.0,1.0,1.0,-0.8523612723718867,-0.8523612723718867,1.0,False
1,趋势反抽失败空头,趋势回踩,304ab173a2ce9c87,REJECTED,2,6,304ab173a2ce9c87|d4f433d971b8cfe4|3fac1d15a4107f3d|babd89c70121bbf0|c83ae43ded4e3128|d6b6913945880878,0.0,0.0,2.0,1.0,-2.0939946451577924,-2.0939946451577924,0.7,False
1,趋势反抽失败空头,趋势回踩,d6b6913945880878,REJECTED,1,6,d6b6913945880878|66c4e506115bcabc|cf9d7027a014a4bc|84ee61c08f9c36c2|fcdc5ffc06cef7e2|304ab173a2ce9c87,0.0,0.0,1.0,1.0,-0.8523612723718867,-2.0939946451577924,0.8,False
1,趋势反抽失败空头,趋势回踩,6dc5691af02ce058,REJECTED,2,6,6dc5691af02ce058|a17c3c0e2b30486c|ea610f2e76039d9d|da51c7f197a1b096|9041ae9da2c76ff2|1c7ae8d6e1b7e820,0.3333333333333333,0.0,2.5,2.0,-0.6157186285838419,-1.4732158032082505,0.9,False
1,趋势反抽失败空头,趋势回踩,1c7ae8d6e1b7e820,REJECTED,1,6,1c7ae8d6e1b7e820|d623eb7ff80605fe|2bf636f6d1166fd7|db8df4b18426d594|43f9a8c929c8de10|6dc5691af02ce058,0.5,0.0,2.0,1.0,0.02779022251852145,-1.4732158032082505,1.0,False
1,趋势反抽失败空头,趋势回踩,ea610f2e76039d9d,CANDIDATE,3,6,ea610f2e76039d9d|da51c7f197a1b096|9041ae9da2c76ff2|1e5e17a24022c0e5|6dc5691af02ce058|a17c3c0e2b30486c,0.3333333333333333,0.0,3.0,2.0,-1.0452390522011545,-1.4732158032082505,0.7333333333333334,False
1,趋势反抽失败空头,趋势回踩,2bf636f6d1166fd7,REJECTED,2,6,2bf636f6d1166fd7|db8df4b18426d594|43f9a8c929c8de10|10f0933547048a02|1c7ae8d6e1b7e820|d623eb7ff80605fe,0.6666666666666666,0.0,2.0,1.0,0.24177865000357224,-0.1861981010035239,0.6,True
1,趋势反抽失败空头,趋势回踩,9041ae9da2c76ff2,REJECTED,4,6,9041ae9da2c76ff2|1e5e17a24022c0e5|ea610f2e76039d9d|da51c7f197a1b096|6dc5691af02ce058|43f9a8c929c8de10,0.5,0.0,3.0,2.0,-0.4018567451294567,-1.4732158032082505,0.6499999999999999,False
1,趋势反抽失败空头,趋势回踩,43f9a8c929c8de10,REJECTED,3,6,43f9a8c929c8de10|10f0933547048a02|2bf636f6d1166fd7|db8df4b18426d594|1c7ae8d6e1b7e820|9041ae9da2c76ff2,0.6666666666666666,0.0,2.5,1.0,0.24177865000357224,-1.0452391561641599,0.6,True
1,趋势反抽失败空头,趋势回踩,a17c3c0e2b30486c,REJECTED,2,6,a17c3c0e2b30486c|6dc5691af02ce058|da51c7f197a1b096|ea610f2e76039d9d|1e5e17a24022c0e5|d623eb7ff80605fe,0.3333333333333333,0.0,2.5,2.0,-0.6157185246208364,-1.4732158032082505,0.9,False
1,趋势反抽失败空头,趋势回踩,d623eb7ff80605fe,REJECTED,1,6,d623eb7ff80605fe|1c7ae8d6e1b7e820|db8df4b18426d594|2bf636f6d1166fd7|10f0933547048a02|a17c3c0e2b30486c,0.5,0.0,2.0,1.0,0.027790326481526878,-1.4732158032082505,1.0,False
1,趋势反抽失败空头,趋势回踩,da51c7f197a1b096,CANDIDATE,3,6,da51c7f197a1b096|ea610f2e76039d9d|1e5e17a24022c0e5|9041ae9da2c76ff2|a17c3c0e2b30486c|6dc5691af02ce058,0.3333333333333333,0.0,3.0,2.0,-1.0452390522011545,-1.4732158032082505,0.7333333333333334,False
1,趋势反抽失败空头,趋势回踩,db8df4b18426d594,REJECTED,2,6,db8df4b18426d594|2bf636f6d1166fd7|10f0933547048a02|43f9a8c929c8de10|d623eb7ff80605fe|1c7ae8d6e1b7e820,0.6666666666666666,0.0,2.0,1.0,0.24177865000357224,-0.1861981010035239,0.6,True
1,趋势反抽失败空头,趋势回踩,1e5e17a24022c0e5,REJECTED,4,6,1e5e17a24022c0e5|9041ae9da2c76ff2|da51c7f197a1b096|ea610f2e76039d9d|a17c3c0e2b30486c|10f0933547048a02,0.5,0.0,3.0,2.0,-0.4018567451294567,-1.4732158032082505,0.6499999999999999,False
1,趋势反抽失败空头,趋势回踩,10f0933547048a02,REJECTED,3,6,10f0933547048a02|43f9a8c929c8de10|db8df4b18426d594|2bf636f6d1166fd7|d623eb7ff80605fe|1e5e17a24022c0e5,0.6666666666666666,0.0,2.5,1.0,0.24177865000357224,-1.045238948238149,0.6,True
2,EMA21回踩收回多头,均线回踩,57c6d8ed313f7b81,REJECTED,0,6,57c6d8ed313f7b81|915157e664ef79b8|f9803b6fc9c4b614|ffd67b85d0decc5d|4031389b6c492ad0|0692fa8f4d83e0dc,0.0,0.0,0.0,0.0,0.0,0.0,0.0,False
2,EMA21回踩收回多头,均线回踩,0692fa8f4d83e0dc,REJECTED,0,6,0692fa8f4d83e0dc|8d324d0acefa1133|195fedeeeb08219c|526c9b8e9ff7fb3c|0323730da9a588fc|57c6d8ed313f7b81,0.0,0.0,0.0,0.0,0.0,0.0,0.0,False
2,EMA21回踩收回多头,均线回踩,f9803b6fc9c4b614,REJECTED,0,6,f9803b6fc9c4b614|ffd67b85d0decc5d|4031389b6c492ad0|1cb9b9c7c2eeb276|57c6d8ed313f7b81|915157e664ef79b8,0.0,0.0,0.0,0.0,0.0,0.0,0.0,False
2,EMA21回踩收回多头,均线回踩,195fedeeeb08219c,REJECTED,0,6,195fedeeeb08219c|526c9b8e9ff7fb3c|0323730da9a588fc|2283714d9ab507f0|0692fa8f4d83e0dc|8d324d0acefa1133,0.0,0.0,0.0,0.0,0.0,0.0,0.0,False
2,EMA21回踩收回多头,均线回踩,4031389b6c492ad0,REJECTED,0,6,4031389b6c492ad0|1cb9b9c7c2eeb276|f9803b6fc9c4b614|ffd67b85d0decc5d|57c6d8ed313f7b81|0323730da9a588fc,0.0,0.0,0.0,0.0,0.0,0.0,0.0,False
2,EMA21回踩收回多头,均线回踩,0323730da9a588fc,REJECTED,0,6,0323730da9a588fc|2283714d9ab507f0|195fedeeeb08219c|526c9b8e9ff7fb3c|0692fa8f4d83e0dc|4031389b6c492ad0,0.0,0.0,0.0,0.0,0.0,0.0,0.0,False
2,EMA21回踩收回多头,均线回踩,915157e664ef79b8,REJECTED,0,6,915157e664ef79b8|57c6d8ed313f7b81|ffd67b85d0decc5d|f9803b6fc9c4b614|1cb9b9c7c2eeb276|8d324d0acefa1133,0.0,0.0,0.0,0.0,0.0,0.0,0.0,False
2,EMA21回踩收回多头,均线回踩,8d324d0acefa1133,REJECTED,0,6,8d324d0acefa1133|0692fa8f4d83e0dc|526c9b8e9ff7fb3c|195fedeeeb08219c|2283714d9ab507f0|915157e664ef79b8,0.0,0.0,0.0,0.0,0.0,0.0,0.0,False
2,EMA21回踩收回多头,均线回踩,ffd67b85d0decc5d,REJECTED,0,6,ffd67b85d0decc5d|f9803b6fc9c4b614|1cb9b9c7c2eeb276|4031389b6c492ad0|915157e664ef79b8|57c6d8ed313f7b81,0.0,0.0,0.0,0.0,0.0,0.0,0.0,False
2,EMA21回踩收回多头,均线回踩,526c9b8e9ff7fb3c,REJECTED,0,6,526c9b8e9ff7fb3c|195fedeeeb08219c|2283714d9ab507f0|0323730da9a588fc|8d324d0acefa1133|0692fa8f4d83e0dc,0.0,0.0,0.0,0.0,0.0,0.0,0.0,False
2,EMA21回踩收回多头,均线回踩,1cb9b9c7c2eeb276,REJECTED,0,6,1cb9b9c7c2eeb276|4031389b6c492ad0|ffd67b85d0decc5d|f9803b6fc9c4b614|915157e664ef79b8|2283714d9ab507f0,0.0,0.0,0.0,0.0,0.0,0.0,0.0,False
2,EMA21回踩收回多头,均线回踩,2283714d9ab507f0,REJECTED,0,6,2283714d9ab507f0|0323730da9a588fc|526c9b8e9ff7fb3c|195fedeeeb08219c|8d324d0acefa1133|1cb9b9c7c2eeb276,0.0,0.0,0.0,0.0,0.0,0.0,0.0,False
2,EMA21回踩收回多头,均线回踩,c5bc335c43c4ea0c,REJECTED,0,6,c5bc335c43c4ea0c|7926fb165fff515d|5f52dd58bf5d2bde|eec6093cdc09b09a|1e3bc813961e1078|aa5b63e4a0326cc3,0.0,0.0,0.0,0.0,0.0,0.0,0.0,False
2,EMA21回踩收回多头,均线回踩,aa5b63e4a0326cc3,REJECTED,0,6,aa5b63e4a0326cc3|0b71053fd1bbe5cb|9b706cbfe2875d88|7e1152699754edcd|fe42141cfefd4e21|c5bc335c43c4ea0c,0.0,0.0,0.0,0.0,0.0,0.0,0.0,False
2,EMA21回踩收回多头,均线回踩,5f52dd58bf5d2bde,REJECTED,0,6,5f52dd58bf5d2bde|eec6093cdc09b09a|1e3bc813961e1078|a61024163352905d|c5bc335c43c4ea0c|7926fb165fff515d,0.0,0.0,0.0,0.0,0.0,0.0,0.0,False
2,EMA21回踩收回多头,均线回踩,9b706cbfe2875d88,REJECTED,0,6,9b706cbfe2875d88|7e1152699754edcd|fe42141cfefd4e21|0bb63e408b10bf9c|aa5b63e4a0326cc3|0b71053fd1bbe5cb,0.0,0.0,0.0,0.0,0.0,0.0,0.0,False
2,EMA21回踩收回多头,均线回踩,1e3bc813961e1078,REJECTED,0,6,1e3bc813961e1078|a61024163352905d|5f52dd58bf5d2bde|eec6093cdc09b09a|c5bc335c43c4ea0c|fe42141cfefd4e21,0.0,0.0,0.0,0.0,0.0,0.0,0.0,False
2,EMA21回踩收回多头,均线回踩,fe42141cfefd4e21,REJECTED,0,6,fe42141cfefd4e21|0bb63e408b10bf9c|9b706cbfe2875d88|7e1152699754edcd|aa5b63e4a0326cc3|1e3bc813961e1078,0.0,0.0,0.0,0.0,0.0,0.0,0.0,False
2,EMA21回踩收回多头,均线回踩,7926fb165fff515d,REJECTED,0,6,7926fb165fff515d|c5bc335c43c4ea0c|eec6093cdc09b09a|5f52dd58bf5d2bde|a61024163352905d|0b71053fd1bbe5cb,0.0,0.0,0.0,0.0,0.0,0.0,0.0,False
2,EMA21回踩收回多头,均线回踩,0b71053fd1bbe5cb,REJECTED,0,6,0b71053fd1bbe5cb|aa5b63e4a0326cc3|7e1152699754edcd|9b706cbfe2875d88|0bb63e408b10bf9c|7926fb165fff515d,0.0,0.0,0.0,0.0,0.0,0.0,0.0,False
2,EMA21回踩收回多头,均线回踩,eec6093cdc09b09a,REJECTED,0,6,eec6093cdc09b09a|5f52dd58bf5d2bde|a61024163352905d|1e3bc813961e1078|7926fb165fff515d|c5bc335c43c4ea0c,0.0,0.0,0.0,0.0,0.0,0.0,0.0,False
2,EMA21回踩收回多头,均线回踩,7e1152699754edcd,REJECTED,0,6,7e1152699754edcd|9b706cbfe2875d88|0bb63e408b10bf9c|fe42141cfefd4e21|0b71053fd1bbe5cb|aa5b63e4a0326cc3,0.0,0.0,0.0,0.0,0.0,0.0,0.0,False
2,EMA21回踩收回多头,均线回踩,a61024163352905d,REJECTED,0,6,a61024163352905d|1e3bc813961e1078|eec6093cdc09b09a|5f52dd58bf5d2bde|7926fb165fff515d|0bb63e408b10bf9c,0.0,0.0,0.0,0.0,0.0,0.0,0.0,False
2,EMA21回踩收回多头,均线回踩,0bb63e408b10bf9c,REJECTED,0,6,0bb63e408b10bf9c|fe42141cfefd4e21|7e1152699754edcd|9b706cbfe2875d88|0b71053fd1bbe5cb|a61024163352905d,0.0,0.0,0.0,0.0,0.0,0.0,0.0,False
3,EMA21反抽受阻空头,均线回踩,4916a4f4be16d2e4,REJECTED,0,6,4916a4f4be16d2e4|ddffcc01d8231b60|2bd71342f68ec58b|61d2385a6a3ce76a|7c5126b6e4ad1016|e3b7e2548b1fa19a,0.0,0.0,0.0,0.0,0.0,0.0,0.0,False
3,EMA21反抽受阻空头,均线回踩,e3b7e2548b1fa19a,REJECTED,0,6,e3b7e2548b1fa19a|03fe0015c71f5a37|d086f2ac446e7a52|52f331a613e7e0c5|915474ad40b931f9|4916a4f4be16d2e4,0.0,0.0,0.0,0.0,0.0,0.0,0.0,False
3,EMA21反抽受阻空头,均线回踩,2bd71342f68ec58b,REJECTED,0,6,2bd71342f68ec58b|61d2385a6a3ce76a|7c5126b6e4ad1016|f813a6c3a5140768|4916a4f4be16d2e4|ddffcc01d8231b60,0.0,0.0,0.0,0.0,0.0,0.0,0.0,False
3,EMA21反抽受阻空头,均线回踩,d086f2ac446e7a52,REJECTED,0,6,d086f2ac446e7a52|52f331a613e7e0c5|915474ad40b931f9|6d94359a5adecd30|e3b7e2548b1fa19a|03fe0015c71f5a37,0.0,0.0,0.0,0.0,0.0,0.0,0.0,False
3,EMA21反抽受阻空头,均线回踩,7c5126b6e4ad1016,REJECTED,0,6,7c5126b6e4ad1016|f813a6c3a5140768|2bd71342f68ec58b|61d2385a6a3ce76a|4916a4f4be16d2e4|915474ad40b931f9,0.0,0.0,0.0,0.0,0.0,0.0,0.0,False
3,EMA21反抽受阻空头,均线回踩,915474ad40b931f9,REJECTED,0,6,915474ad40b931f9|6d94359a5adecd30|d086f2ac446e7a52|52f331a613e7e0c5|e3b7e2548b1fa19a|7c5126b6e4ad1016,0.0,0.0,0.0,0.0,0.0,0.0,0.0,False
3,EMA21反抽受阻空头,均线回踩,ddffcc01d8231b60,REJECTED,0,6,ddffcc01d8231b60|4916a4f4be16d2e4|61d2385a6a3ce76a|2bd71342f68ec58b|f813a6c3a5140768|03fe0015c71f5a37,0.0,0.0,0.0,0.0,0.0,0.0,0.0,False
3,EMA21反抽受阻空头,均线回踩,03fe0015c71f5a37,REJECTED,0,6,03fe0015c71f5a37|e3b7e2548b1fa19a|52f331a613e7e0c5|d086f2ac446e7a52|6d94359a5adecd30|ddffcc01d8231b60,0.0,0.0,0.0,0.0,0.0,0.0,0.0,False
3,EMA21反抽受阻空头,均线回踩,61d2385a6a3ce76a,REJECTED,0,6,61d2385a6a3ce76a|2bd71342f68ec58b|f813a6c3a5140768|7c5126b6e4ad1016|ddffcc01d8231b60|4916a4f4be16d2e4,0.0,0.0,0.0,0.0,0.0,0.0,0.0,False
3,EMA21反抽受阻空头,均线回踩,52f331a613e7e0c5,REJECTED,0,6,52f331a613e7e0c5|d086f2ac446e7a52|6d94359a5adecd30|915474ad40b931f9|03fe0015c71f5a37|e3b7e2548b1fa19a,0.0,0.0,0.0,0.0,0.0,0.0,0.0,False
3,EMA21反抽受阻空头,均线回踩,f813a6c3a5140768,REJECTED,0,6,f813a6c3a5140768|7c5126b6e4ad1016|61d2385a6a3ce76a|2bd71342f68ec58b|ddffcc01d8231b60|6d94359a5adecd30,0.0,0.0,0.0,0.0,0.0,0.0,0.0,False
3,EMA21反抽受阻空头,均线回踩,6d94359a5adecd30,REJECTED,0,6,6d94359a5adecd30|915474ad40b931f9|52f331a613e7e0c5|d086f2ac446e7a52|03fe0015c71f5a37|f813a6c3a5140768,0.0,0.0,0.0,0.0,0.0,0.0,0.0,False
3,EMA21反抽受阻空头,均线回踩,273344fc60522d0e,REJECTED,0,6,273344fc60522d0e|9d846b2e4b49e7d1|50a625b4fecdf822|c069d3ef3bd316c1|dc2c795a47049d0f|ffa31c9ee0e9cb17,0.0,0.0,0.0,0.0,0.0,0.0,0.0,False
3,EMA21反抽受阻空头,均线回踩,ffa31c9ee0e9cb17,REJECTED,0,6,ffa31c9ee0e9cb17|ccbf83f8eb151d8f|1fd66263bf7a26b8|1f27805c2c4f44eb|fdaf57a2d8af800b|273344fc60522d0e,0.0,0.0,0.0,0.0,0.0,0.0,0.0,False
3,EMA21反抽受阻空头,均线回踩,50a625b4fecdf822,REJECTED,0,6,50a625b4fecdf822|c069d3ef3bd316c1|dc2c795a47049d0f|08e023894792b8de|273344fc60522d0e|9d846b2e4b49e7d1,0.0,0.0,0.0,0.0,0.0,0.0,0.0,False
3,EMA21反抽受阻空头,均线回踩,1fd66263bf7a26b8,REJECTED,0,6,1fd66263bf7a26b8|1f27805c2c4f44eb|fdaf57a2d8af800b|7842d854279fcacb|ffa31c9ee0e9cb17|ccbf83f8eb151d8f,0.0,0.0,0.0,0.0,0.0,0.0,0.0,False
3,EMA21反抽受阻空头,均线回踩,dc2c795a47049d0f,REJECTED,0,6,dc2c795a47049d0f|08e023894792b8de|50a625b4fecdf822|c069d3ef3bd316c1|273344fc60522d0e|fdaf57a2d8af800b,0.0,0.0,0.0,0.0,0.0,0.0,0.0,False
3,EMA21反抽受阻空头,均线回踩,fdaf57a2d8af800b,REJECTED,0,6,fdaf57a2d8af800b|7842d854279fcacb|1fd66263bf7a26b8|1f27805c2c4f44eb|ffa31c9ee0e9cb17|dc2c795a47049d0f,0.0,0.0,0.0,0.0,0.0,0.0,0.0,False
3,EMA21反抽受阻空头,均线回踩,9d846b2e4b49e7d1,REJECTED,0,6,9d846b2e4b49e7d1|273344fc60522d0e|c069d3ef3bd316c1|50a625b4fecdf822|08e023894792b8de|ccbf83f8eb151d8f,0.0,0.0,0.0,0.0,0.0,0.0,0.0,False
3,EMA21反抽受阻空头,均线回踩,ccbf83f8eb151d8f,REJECTED,0,6,ccbf83f8eb151d8f|ffa31c9ee0e9cb17|1f27805c2c4f44eb|1fd66263bf7a26b8|7842d854279fcacb|9d846b2e4b49e7d1,0.0,0.0,0.0,0.0,0.0,0.0,0.0,False
3,EMA21反抽受阻空头,均线回踩,c069d3ef3bd316c1,REJECTED,0,6,c069d3ef3bd316c1|50a625b4fecdf822|08e023894792b8de|dc2c795a47049d0f|9d846b2e4b49e7d1|273344fc60522d0e,0.0,0.0,0.0,0.0,0.0,0.0,0.0,False
3,EMA21反抽受阻空头,均线回踩,1f27805c2c4f44eb,REJECTED,0,6,1f27805c2c4f44eb|1fd66263bf7a26b8|7842d854279fcacb|fdaf57a2d8af800b|ccbf83f8eb151d8f|ffa31c9ee0e9cb17,0.0,0.0,0.0,0.0,0.0,0.0,0.0,False
3,EMA21反抽受阻空头,均线回踩,08e023894792b8de,REJECTED,0,6,08e023894792b8de|dc2c795a47049d0f|c069d3ef3bd316c1|50a625b4fecdf822|9d846b2e4b49e7d1|7842d854279fcacb,0.0,0.0,0.0,0.0,0.0,0.0,0.0,False
3,EMA21反抽受阻空头,均线回踩,7842d854279fcacb,REJECTED,0,6,7842d854279fcacb|fdaf57a2d8af800b|1f27805c2c4f44eb|1fd66263bf7a26b8|ccbf83f8eb151d8f|08e023894792b8de,0.0,0.0,0.0,0.0,0.0,0.0,0.0,False
4,VWAP重新站回多头,VWAP回归,74db85a652b976fe,REJECTED,0,6,74db85a652b976fe|9745011aea034d6d|2bb485ad53f1b58d|dcc5fdecebac0cb4|e9be36a94f809f07|6d8cf0995be895d8,0.0,0.0,0.0,0.0,0.0,0.0,0.0,False
4,VWAP重新站回多头,VWAP回归,6d8cf0995be895d8,REJECTED,0,6,6d8cf0995be895d8|f5ad4bb242e2fdda|f48ad30c4727934c|7728bd935aa6cb34|11ecf72833588f60|74db85a652b976fe,0.0,0.0,0.0,0.0,0.0,0.0,0.0,False
4,VWAP重新站回多头,VWAP回归,2bb485ad53f1b58d,REJECTED,0,6,2bb485ad53f1b58d|dcc5fdecebac0cb4|e9be36a94f809f07|5458a2668258b600|74db85a652b976fe|9745011aea034d6d,0.0,0.0,0.0,0.0,0.0,0.0,0.0,False
4,VWAP重新站回多头,VWAP回归,f48ad30c4727934c,REJECTED,0,6,f48ad30c4727934c|7728bd935aa6cb34|11ecf72833588f60|70b4df34f7cf66d0|6d8cf0995be895d8|f5ad4bb242e2fdda,0.0,0.0,0.0,0.0,0.0,0.0,0.0,False
4,VWAP重新站回多头,VWAP回归,e9be36a94f809f07,REJECTED,0,6,e9be36a94f809f07|5458a2668258b600|2bb485ad53f1b58d|dcc5fdecebac0cb4|74db85a652b976fe|11ecf72833588f60,0.0,0.0,0.0,0.0,0.0,0.0,0.0,False
4,VWAP重新站回多头,VWAP回归,11ecf72833588f60,REJECTED,0,6,11ecf72833588f60|70b4df34f7cf66d0|f48ad30c4727934c|7728bd935aa6cb34|6d8cf0995be895d8|e9be36a94f809f07,0.0,0.0,0.0,0.0,0.0,0.0,0.0,False
4,VWAP重新站回多头,VWAP回归,9745011aea034d6d,REJECTED,0,6,9745011aea034d6d|74db85a652b976fe|dcc5fdecebac0cb4|2bb485ad53f1b58d|5458a2668258b600|f5ad4bb242e2fdda,0.0,0.0,0.0,0.0,0.0,0.0,0.0,False
4,VWAP重新站回多头,VWAP回归,f5ad4bb242e2fdda,REJECTED,0,6,f5ad4bb242e2fdda|6d8cf0995be895d8|7728bd935aa6cb34|f48ad30c4727934c|70b4df34f7cf66d0|9745011aea034d6d,0.0,0.0,0.0,0.0,0.0,0.0,0.0,False
4,VWAP重新站回多头,VWAP回归,dcc5fdecebac0cb4,REJECTED,0,6,dcc5fdecebac0cb4|2bb485ad53f1b58d|5458a2668258b600|e9be36a94f809f07|9745011aea034d6d|74db85a652b976fe,0.0,0.0,0.0,0.0,0.0,0.0,0.0,False
4,VWAP重新站回多头,VWAP回归,7728bd935aa6cb34,REJECTED,0,6,7728bd935aa6cb34|f48ad30c4727934c|70b4df34f7cf66d0|11ecf72833588f60|f5ad4bb242e2fdda|6d8cf0995be895d8,0.0,0.0,0.0,0.0,0.0,0.0,0.0,False
4,VWAP重新站回多头,VWAP回归,5458a2668258b600,REJECTED,0,6,5458a2668258b600|e9be36a94f809f07|dcc5fdecebac0cb4|2bb485ad53f1b58d|9745011aea034d6d|70b4df34f7cf66d0,0.0,0.0,0.0,0.0,0.0,0.0,0.0,False
4,VWAP重新站回多头,VWAP回归,70b4df34f7cf66d0,REJECTED,0,6,70b4df34f7cf66d0|11ecf72833588f60|7728bd935aa6cb34|f48ad30c4727934c|f5ad4bb242e2fdda|5458a2668258b600,0.0,0.0,0.0,0.0,0.0,0.0,0.0,False
4,VWAP重新站回多头,VWAP回归,7db9db4338867fb3,REJECTED,1,6,7db9db4338867fb3|5b4971bbf58d15d5|298210a7b800eac2|9774ea16257d5cd2|26a99e238a647def|fb576efda23317cb,0.0,0.0,1.5,1.0,-0.2794331032897601,-1.6584481449389097,1.0,False
4,VWAP重新站回多头,VWAP回归,fb576efda23317cb,REJECTED,1,6,fb576efda23317cb|18e7a5b146fd36fc|46dff95cb31bd3d5|58b9b10ae57a8b58|0be19769fa48202e|7db9db4338867fb3,0.0,0.0,1.5,1.0,-0.2794331032897601,-1.6584481449389097,1.0,False
4,VWAP重新站回多头,VWAP回归,298210a7b800eac2,REJECTED,2,6,298210a7b800eac2|9774ea16257d5cd2|26a99e238a647def|acb95ebbfdc22945|7db9db4338867fb3|5b4971bbf58d15d5,0.16666666666666666,0.0,2.0,1.0,-0.2794331032897601,-1.6584481449389097,0.8,False
4,VWAP重新站回多头,VWAP回归,46dff95cb31bd3d5,REJECTED,2,6,46dff95cb31bd3d5|58b9b10ae57a8b58|0be19769fa48202e|aa0f629aa36160a5|fb576efda23317cb|18e7a5b146fd36fc,0.16666666666666666,0.0,2.0,1.0,-0.2794331032897601,-1.6584481449389097,0.8,False
4,VWAP重新站回多头,VWAP回归,26a99e238a647def,REJECTED,3,6,26a99e238a647def|acb95ebbfdc22945|298210a7b800eac2|9774ea16257d5cd2|7db9db4338867fb3|0be19769fa48202e,0.16666666666666666,0.0,2.5,1.0,-0.3725849768029196,-1.6584481449389097,0.6666666666666666,False
4,VWAP重新站回多头,VWAP回归,0be19769fa48202e,REJECTED,3,6,0be19769fa48202e|aa0f629aa36160a5|46dff95cb31bd3d5|58b9b10ae57a8b58|fb576efda23317cb|26a99e238a647def,0.16666666666666666,0.0,2.5,1.0,-0.3725849768029196,-1.6584481449389097,0.6666666666666666,False
4,VWAP重新站回多头,VWAP回归,5b4971bbf58d15d5,REJECTED,1,6,5b4971bbf58d15d5|7db9db4338867fb3|9774ea16257d5cd2|298210a7b800eac2|acb95ebbfdc22945|18e7a5b146fd36fc,0.16666666666666666,0.0,1.5,1.0,-0.18628122977660072,-0.3725849768029196,1.0,False
4,VWAP重新站回多头,VWAP回归,18e7a5b146fd36fc,REJECTED,1,6,18e7a5b146fd36fc|fb576efda23317cb|58b9b10ae57a8b58|46dff95cb31bd3d5|aa0f629aa36160a5|5b4971bbf58d15d5,0.16666666666666666,0.0,1.5,1.0,-0.18628122977660072,-0.3725849768029196,1.0,False
4,VWAP重新站回多头,VWAP回归,9774ea16257d5cd2,REJECTED,2,6,9774ea16257d5cd2|298210a7b800eac2|acb95ebbfdc22945|26a99e238a647def|5b4971bbf58d15d5|7db9db4338867fb3,0.16666666666666666,0.0,2.0,1.0,-0.2794331032897601,-1.6584481449389097,0.8,False
4,VWAP重新站回多头,VWAP回归,58b9b10ae57a8b58,REJECTED,2,6,58b9b10ae57a8b58|46dff95cb31bd3d5|aa0f629aa36160a5|0be19769fa48202e|18e7a5b146fd36fc|fb576efda23317cb,0.16666666666666666,0.0,2.0,1.0,-0.2794331032897601,-1.6584481449389097,0.8,False
4,VWAP重新站回多头,VWAP回归,acb95ebbfdc22945,REJECTED,3,6,acb95ebbfdc22945|26a99e238a647def|9774ea16257d5cd2|298210a7b800eac2|5b4971bbf58d15d5|aa0f629aa36160a5,0.3333333333333333,0.0,2.5,1.0,-0.2794331032897601,-1.6584481449389097,0.6666666666666666,False
4,VWAP重新站回多头,VWAP回归,aa0f629aa36160a5,REJECTED,3,6,aa0f629aa36160a5|0be19769fa48202e|58b9b10ae57a8b58|46dff95cb31bd3d5|18e7a5b146fd36fc|acb95ebbfdc22945,0.3333333333333333,0.0,2.5,1.0,-0.2794331032897601,-1.6584481449389097,0.6666666666666666,False
5,VWAP反抽失败空头,VWAP回归,950fcba6dff5b41c,REJECTED,1,6,950fcba6dff5b41c|4c5c785d83d3d462|412c68cb1d42cd50|6fb1dc1a93c8a1ca|587c65808a002d9d|35c08857a5339946,0.0,0.0,1.0,1.0,-1.3236797928669228,-1.3236797928669228,0.8,False
5,VWAP反抽失败空头,VWAP回归,35c08857a5339946,REJECTED,0,6,35c08857a5339946|6075ab1dc1841762|91d2bfce0131e3b0|ffd7477197e57300|fe1bc59711cf5a74|950fcba6dff5b41c,0.0,0.0,0.0,0.0,0.0,-1.3236797928669228,0.0,False
5,VWAP反抽失败空头,VWAP回归,412c68cb1d42cd50,REJECTED,1,6,412c68cb1d42cd50|6fb1dc1a93c8a1ca|587c65808a002d9d|da625c017c805797|950fcba6dff5b41c|4c5c785d83d3d462,0.0,0.0,1.0,1.0,-1.3236797928669228,-1.3236797928669228,1.0,False
5,VWAP反抽失败空头,VWAP回归,91d2bfce0131e3b0,REJECTED,0,6,91d2bfce0131e3b0|ffd7477197e57300|fe1bc59711cf5a74|ce6ed24e9b3ecb92|35c08857a5339946|6075ab1dc1841762,0.0,0.0,0.0,0.0,0.0,0.0,0.0,False
5,VWAP反抽失败空头,VWAP回归,587c65808a002d9d,REJECTED,1,6,587c65808a002d9d|da625c017c805797|412c68cb1d42cd50|6fb1dc1a93c8a1ca|950fcba6dff5b41c|fe1bc59711cf5a74,0.0,0.0,1.0,1.0,-1.3236797928669228,-1.3236797928669228,0.8,False
5,VWAP反抽失败空头,VWAP回归,fe1bc59711cf5a74,REJECTED,0,6,fe1bc59711cf5a74|ce6ed24e9b3ecb92|91d2bfce0131e3b0|ffd7477197e57300|35c08857a5339946|587c65808a002d9d,0.0,0.0,0.0,0.0,0.0,-1.3236797928669228,0.0,False
5,VWAP反抽失败空头,VWAP回归,4c5c785d83d3d462,REJECTED,1,6,4c5c785d83d3d462|950fcba6dff5b41c|6fb1dc1a93c8a1ca|412c68cb1d42cd50|da625c017c805797|6075ab1dc1841762,0.0,0.0,1.0,1.0,-1.3236797928669228,-1.3236797928669228,0.8,False
5,VWAP反抽失败空头,VWAP回归,6075ab1dc1841762,REJECTED,0,6,6075ab1dc1841762|35c08857a5339946|ffd7477197e57300|91d2bfce0131e3b0|ce6ed24e9b3ecb92|4c5c785d83d3d462,0.0,0.0,0.0,0.0,0.0,-1.3236797928669228,0.0,False
5,VWAP反抽失败空头,VWAP回归,6fb1dc1a93c8a1ca,REJECTED,1,6,6fb1dc1a93c8a1ca|412c68cb1d42cd50|da625c017c805797|587c65808a002d9d|4c5c785d83d3d462|950fcba6dff5b41c,0.0,0.0,1.0,1.0,-1.3236797928669228,-1.3236797928669228,1.0,False
5,VWAP反抽失败空头,VWAP回归,ffd7477197e57300,REJECTED,0,6,ffd7477197e57300|91d2bfce0131e3b0|ce6ed24e9b3ecb92|fe1bc59711cf5a74|6075ab1dc1841762|35c08857a5339946,0.0,0.0,0.0,0.0,0.0,0.0,0.0,False
5,VWAP反抽失败空头,VWAP回归,da625c017c805797,REJECTED,1,6,da625c017c805797|587c65808a002d9d|6fb1dc1a93c8a1ca|412c68cb1d42cd50|4c5c785d83d3d462|ce6ed24e9b3ecb92,0.0,0.0,1.0,1.0,-1.3236797928669228,-1.3236797928669228,0.8,False
5,VWAP反抽失败空头,VWAP回归,ce6ed24e9b3ecb92,REJECTED,0,6,ce6ed24e9b3ecb92|fe1bc59711cf5a74|ffd7477197e57300|91d2bfce0131e3b0|6075ab1dc1841762|da625c017c805797,0.0,0.0,0.0,0.0,0.0,-1.3236797928669228,0.0,False
5,VWAP反抽失败空头,VWAP回归,5655b17286c3ce0d,REJECTED,1,6,5655b17286c3ce0d|e86927c904eeb0d8|eac17b2dead99d38|306c42f9c1858a23|839698bfddea7a8a|d49708ba93a855d7,0.0,0.0,1.0,1.0,-1.2867426162505466,-1.2867426162505466,0.8,False
5,VWAP反抽失败空头,VWAP回归,d49708ba93a855d7,REJECTED,0,6,d49708ba93a855d7|edb27b160c264c0d|9059811f907e0406|3a2dc9c585cdfef6|77e387fdd0a9ef5b|5655b17286c3ce0d,0.0,0.0,0.0,0.0,0.0,-1.2867426162505466,0.0,False
5,VWAP反抽失败空头,VWAP回归,eac17b2dead99d38,REJECTED,1,6,eac17b2dead99d38|306c42f9c1858a23|839698bfddea7a8a|edac71544b92f79f|5655b17286c3ce0d|e86927c904eeb0d8,0.0,0.0,1.0,1.0,-1.2867426162505466,-1.2867426162505466,1.0,False
5,VWAP反抽失败空头,VWAP回归,9059811f907e0406,REJECTED,0,6,9059811f907e0406|3a2dc9c585cdfef6|77e387fdd0a9ef5b|1fa125134de50e2e|d49708ba93a855d7|edb27b160c264c0d,0.0,0.0,0.0,0.0,0.0,0.0,0.0,False
5,VWAP反抽失败空头,VWAP回归,839698bfddea7a8a,REJECTED,1,6,839698bfddea7a8a|edac71544b92f79f|eac17b2dead99d38|306c42f9c1858a23|5655b17286c3ce0d|77e387fdd0a9ef5b,0.0,0.0,1.0,1.0,-1.2867426162505466,-1.2867426162505466,0.8,False
5,VWAP反抽失败空头,VWAP回归,77e387fdd0a9ef5b,REJECTED,0,6,77e387fdd0a9ef5b|1fa125134de50e2e|9059811f907e0406|3a2dc9c585cdfef6|d49708ba93a855d7|839698bfddea7a8a,0.0,0.0,0.0,0.0,0.0,-1.2867426162505466,0.0,False
5,VWAP反抽失败空头,VWAP回归,e86927c904eeb0d8,REJECTED,1,6,e86927c904eeb0d8|5655b17286c3ce0d|306c42f9c1858a23|eac17b2dead99d38|edac71544b92f79f|edb27b160c264c0d,0.0,0.0,1.0,1.0,-1.2867426162505466,-1.2867426162505466,0.8,False
5,VWAP反抽失败空头,VWAP回归,edb27b160c264c0d,REJECTED,0,6,edb27b160c264c0d|d49708ba93a855d7|3a2dc9c585cdfef6|9059811f907e0406|1fa125134de50e2e|e86927c904eeb0d8,0.0,0.0,0.0,0.0,0.0,-1.2867426162505466,0.0,False
5,VWAP反抽失败空头,VWAP回归,306c42f9c1858a23,REJECTED,1,6,306c42f9c1858a23|eac17b2dead99d38|edac71544b92f79f|839698bfddea7a8a|e86927c904eeb0d8|5655b17286c3ce0d,0.0,0.0,1.0,1.0,-1.2867426162505466,-1.2867426162505466,1.0,False
5,VWAP反抽失败空头,VWAP回归,3a2dc9c585cdfef6,REJECTED,0,6,3a2dc9c585cdfef6|9059811f907e0406|1fa125134de50e2e|77e387fdd0a9ef5b|edb27b160c264c0d|d49708ba93a855d7,0.0,0.0,0.0,0.0,0.0,0.0,0.0,False
5,VWAP反抽失败空头,VWAP回归,edac71544b92f79f,REJECTED,1,6,edac71544b92f79f|839698bfddea7a8a|306c42f9c1858a23|eac17b2dead99d38|e86927c904eeb0d8|1fa125134de50e2e,0.0,0.0,1.0,1.0,-1.2867426162505466,-1.2867426162505466,0.8,False
5,VWAP反抽失败空头,VWAP回归,1fa125134de50e2e,REJECTED,0,6,1fa125134de50e2e|77e387fdd0a9ef5b|3a2dc9c585cdfef6|9059811f907e0406|edb27b160c264c0d|edac71544b92f79f,0.0,0.0,0.0,0.0,0.0,-1.2867426162505466,0.0,False
6,阻力转支撑确认多头,结构角色转换,39f3e3b0e2915467,REJECTED,0,6,39f3e3b0e2915467|a2145ff9fe6c8929|7f22cc33029aa8f2|43bbfe94d8be0054|daf4a1d0f2583c09|a815f5ada34278e4,0.0,0.0,0.0,0.0,0.0,0.0,0.0,False
6,阻力转支撑确认多头,结构角色转换,a815f5ada34278e4,REJECTED,0,6,a815f5ada34278e4|7d56e668b2ff53c0|4f6f850c1d679ff7|e4ab1991b12d22af|eaab0e44b14f6769|39f3e3b0e2915467,0.0,0.0,0.0,0.0,0.0,0.0,0.0,False
6,阻力转支撑确认多头,结构角色转换,7f22cc33029aa8f2,REJECTED,0,6,7f22cc33029aa8f2|43bbfe94d8be0054|daf4a1d0f2583c09|9f3ed5f1f1869ea5|39f3e3b0e2915467|a2145ff9fe6c8929,0.0,0.0,0.0,0.0,0.0,0.0,0.0,False
6,阻力转支撑确认多头,结构角色转换,4f6f850c1d679ff7,REJECTED,0,6,4f6f850c1d679ff7|e4ab1991b12d22af|eaab0e44b14f6769|a1a2f31ef3c6aa9d|a815f5ada34278e4|7d56e668b2ff53c0,0.0,0.0,0.0,0.0,0.0,0.0,0.0,False
6,阻力转支撑确认多头,结构角色转换,daf4a1d0f2583c09,REJECTED,0,6,daf4a1d0f2583c09|9f3ed5f1f1869ea5|7f22cc33029aa8f2|43bbfe94d8be0054|39f3e3b0e2915467|eaab0e44b14f6769,0.0,0.0,0.0,0.0,0.0,0.0,0.0,False
6,阻力转支撑确认多头,结构角色转换,eaab0e44b14f6769,REJECTED,0,6,eaab0e44b14f6769|a1a2f31ef3c6aa9d|4f6f850c1d679ff7|e4ab1991b12d22af|a815f5ada34278e4|daf4a1d0f2583c09,0.0,0.0,0.0,0.0,0.0,0.0,0.0,False
6,阻力转支撑确认多头,结构角色转换,a2145ff9fe6c8929,REJECTED,0,6,a2145ff9fe6c8929|39f3e3b0e2915467|43bbfe94d8be0054|7f22cc33029aa8f2|9f3ed5f1f1869ea5|7d56e668b2ff53c0,0.0,0.0,0.0,0.0,0.0,0.0,0.0,False
6,阻力转支撑确认多头,结构角色转换,7d56e668b2ff53c0,REJECTED,0,6,7d56e668b2ff53c0|a815f5ada34278e4|e4ab1991b12d22af|4f6f850c1d679ff7|a1a2f31ef3c6aa9d|a2145ff9fe6c8929,0.0,0.0,0.0,0.0,0.0,0.0,0.0,False
6,阻力转支撑确认多头,结构角色转换,43bbfe94d8be0054,REJECTED,0,6,43bbfe94d8be0054|7f22cc33029aa8f2|9f3ed5f1f1869ea5|daf4a1d0f2583c09|a2145ff9fe6c8929|39f3e3b0e2915467,0.0,0.0,0.0,0.0,0.0,0.0,0.0,False
6,阻力转支撑确认多头,结构角色转换,e4ab1991b12d22af,REJECTED,0,6,e4ab1991b12d22af|4f6f850c1d679ff7|a1a2f31ef3c6aa9d|eaab0e44b14f6769|7d56e668b2ff53c0|a815f5ada34278e4,0.0,0.0,0.0,0.0,0.0,0.0,0.0,False
6,阻力转支撑确认多头,结构角色转换,9f3ed5f1f1869ea5,REJECTED,0,6,9f3ed5f1f1869ea5|daf4a1d0f2583c09|43bbfe94d8be0054|7f22cc33029aa8f2|a2145ff9fe6c8929|a1a2f31ef3c6aa9d,0.0,0.0,0.0,0.0,0.0,0.0,0.0,False
6,阻力转支撑确认多头,结构角色转换,a1a2f31ef3c6aa9d,REJECTED,0,6,a1a2f31ef3c6aa9d|eaab0e44b14f6769|e4ab1991b12d22af|4f6f850c1d679ff7|7d56e668b2ff53c0|9f3ed5f1f1869ea5,0.0,0.0,0.0,0.0,0.0,0.0,0.0,False
6,阻力转支撑确认多头,结构角色转换,6008f4b379d39576,REJECTED,0,6,6008f4b379d39576|8ecb6b709036e70f|7d31d91f2a4109c2|39e084336026a0ef|aad507ad8714303b|28369e607d782cc7,0.0,0.0,0.0,0.0,0.0,0.0,0.0,False
6,阻力转支撑确认多头,结构角色转换,28369e607d782cc7,REJECTED,0,6,28369e607d782cc7|1f61d03b493d0eb1|dc61db7c15828ed1|64e4cb265e9e3974|e103a50100b451d3|6008f4b379d39576,0.0,0.0,0.0,0.0,0.0,0.0,0.0,False
6,阻力转支撑确认多头,结构角色转换,7d31d91f2a4109c2,REJECTED,0,6,7d31d91f2a4109c2|39e084336026a0ef|aad507ad8714303b|a4c122ef5e4c6912|6008f4b379d39576|8ecb6b709036e70f,0.0,0.0,0.0,0.0,0.0,0.0,0.0,False
6,阻力转支撑确认多头,结构角色转换,dc61db7c15828ed1,REJECTED,0,6,dc61db7c15828ed1|64e4cb265e9e3974|e103a50100b451d3|8d38d41dafcce7bc|28369e607d782cc7|1f61d03b493d0eb1,0.0,0.0,0.0,0.0,0.0,0.0,0.0,False
6,阻力转支撑确认多头,结构角色转换,aad507ad8714303b,REJECTED,0,6,aad507ad8714303b|a4c122ef5e4c6912|7d31d91f2a4109c2|39e084336026a0ef|6008f4b379d39576|e103a50100b451d3,0.0,0.0,0.0,0.0,0.0,0.0,0.0,False
6,阻力转支撑确认多头,结构角色转换,e103a50100b451d3,REJECTED,0,6,e103a50100b451d3|8d38d41dafcce7bc|dc61db7c15828ed1|64e4cb265e9e3974|28369e607d782cc7|aad507ad8714303b,0.0,0.0,0.0,0.0,0.0,0.0,0.0,False
6,阻力转支撑确认多头,结构角色转换,8ecb6b709036e70f,REJECTED,0,6,8ecb6b709036e70f|6008f4b379d39576|39e084336026a0ef|7d31d91f2a4109c2|a4c122ef5e4c6912|1f61d03b493d0eb1,0.0,0.0,0.0,0.0,0.0,0.0,0.0,False
6,阻力转支撑确认多头,结构角色转换,1f61d03b493d0eb1,REJECTED,0,6,1f61d03b493d0eb1|28369e607d782cc7|64e4cb265e9e3974|dc61db7c15828ed1|8d38d41dafcce7bc|8ecb6b709036e70f,0.0,0.0,0.0,0.0,0.0,0.0,0.0,False
6,阻力转支撑确认多头,结构角色转换,39e084336026a0ef,REJECTED,0,6,39e084336026a0ef|7d31d91f2a4109c2|a4c122ef5e4c6912|aad507ad8714303b|8ecb6b709036e70f|6008f4b379d39576,0.0,0.0,0.0,0.0,0.0,0.0,0.0,False
6,阻力转支撑确认多头,结构角色转换,64e4cb265e9e3974,REJECTED,0,6,64e4cb265e9e3974|dc61db7c15828ed1|8d38d41dafcce7bc|e103a50100b451d3|1f61d03b493d0eb1|28369e607d782cc7,0.0,0.0,0.0,0.0,0.0,0.0,0.0,False
6,阻力转支撑确认多头,结构角色转换,a4c122ef5e4c6912,REJECTED,0,6,a4c122ef5e4c6912|aad507ad8714303b|39e084336026a0ef|7d31d91f2a4109c2|8ecb6b709036e70f|8d38d41dafcce7bc,0.0,0.0,0.0,0.0,0.0,0.0,0.0,False
6,阻力转支撑确认多头,结构角色转换,8d38d41dafcce7bc,REJECTED,0,6,8d38d41dafcce7bc|e103a50100b451d3|64e4cb265e9e3974|dc61db7c15828ed1|1f61d03b493d0eb1|a4c122ef5e4c6912,0.0,0.0,0.0,0.0,0.0,0.0,0.0,False
7,支撑转阻力确认空头,结构角色转换,174e74ff24ab77a4,REJECTED,0,6,174e74ff24ab77a4|141df2f1a99d3f95|cc68c773ec423d0e|99f365916eeb7d1e|2e89cb553e79fafb|ca6e959f8983d85a,0.0,0.0,0.0,0.0,0.0,0.0,0.0,False
7,支撑转阻力确认空头,结构角色转换,ca6e959f8983d85a,REJECTED,0,6,ca6e959f8983d85a|16562d147034a1a4|f2dcea7c5adb7e2e|c05ea5fb1e5bbcf4|89057dfd9e039464|174e74ff24ab77a4,0.0,0.0,0.0,0.0,0.0,0.0,0.0,False
7,支撑转阻力确认空头,结构角色转换,cc68c773ec423d0e,REJECTED,0,6,cc68c773ec423d0e|99f365916eeb7d1e|2e89cb553e79fafb|f25ef927b7acfc67|174e74ff24ab77a4|141df2f1a99d3f95,0.0,0.0,0.0,0.0,0.0,0.0,0.0,False
7,支撑转阻力确认空头,结构角色转换,f2dcea7c5adb7e2e,REJECTED,0,6,f2dcea7c5adb7e2e|c05ea5fb1e5bbcf4|89057dfd9e039464|ea6ff43e81c64dde|ca6e959f8983d85a|16562d147034a1a4,0.0,0.0,0.0,0.0,0.0,0.0,0.0,False
7,支撑转阻力确认空头,结构角色转换,2e89cb553e79fafb,REJECTED,0,6,2e89cb553e79fafb|f25ef927b7acfc67|cc68c773ec423d0e|99f365916eeb7d1e|174e74ff24ab77a4|89057dfd9e039464,0.0,0.0,0.0,0.0,0.0,0.0,0.0,False
7,支撑转阻力确认空头,结构角色转换,89057dfd9e039464,REJECTED,0,6,89057dfd9e039464|ea6ff43e81c64dde|f2dcea7c5adb7e2e|c05ea5fb1e5bbcf4|ca6e959f8983d85a|2e89cb553e79fafb,0.0,0.0,0.0,0.0,0.0,0.0,0.0,False
7,支撑转阻力确认空头,结构角色转换,141df2f1a99d3f95,REJECTED,0,6,141df2f1a99d3f95|174e74ff24ab77a4|99f365916eeb7d1e|cc68c773ec423d0e|f25ef927b7acfc67|16562d147034a1a4,0.0,0.0,0.0,0.0,0.0,0.0,0.0,False
7,支撑转阻力确认空头,结构角色转换,16562d147034a1a4,REJECTED,0,6,16562d147034a1a4|ca6e959f8983d85a|c05ea5fb1e5bbcf4|f2dcea7c5adb7e2e|ea6ff43e81c64dde|141df2f1a99d3f95,0.0,0.0,0.0,0.0,0.0,0.0,0.0,False
7,支撑转阻力确认空头,结构角色转换,99f365916eeb7d1e,REJECTED,0,6,99f365916eeb7d1e|cc68c773ec423d0e|f25ef927b7acfc67|2e89cb553e79fafb|141df2f1a99d3f95|174e74ff24ab77a4,0.0,0.0,0.0,0.0,0.0,0.0,0.0,False
7,支撑转阻力确认空头,结构角色转换,c05ea5fb1e5bbcf4,REJECTED,0,6,c05ea5fb1e5bbcf4|f2dcea7c5adb7e2e|ea6ff43e81c64dde|89057dfd9e039464|16562d147034a1a4|ca6e959f8983d85a,0.0,0.0,0.0,0.0,0.0,0.0,0.0,False
7,支撑转阻力确认空头,结构角色转换,f25ef927b7acfc67,REJECTED,0,6,f25ef927b7acfc67|2e89cb553e79fafb|99f365916eeb7d1e|cc68c773ec423d0e|141df2f1a99d3f95|ea6ff43e81c64dde,0.0,0.0,0.0,0.0,0.0,0.0,0.0,False
7,支撑转阻力确认空头,结构角色转换,ea6ff43e81c64dde,REJECTED,0,6,ea6ff43e81c64dde|89057dfd9e039464|c05ea5fb1e5bbcf4|f2dcea7c5adb7e2e|16562d147034a1a4|f25ef927b7acfc67,0.0,0.0,0.0,0.0,0.0,0.0,0.0,False
7,支撑转阻力确认空头,结构角色转换,311b219248837009,REJECTED,1,6,311b219248837009|f4ee20fd238b762e|a6161b2da90480d4|e14b65649df972b9|7dd21da10b8889b6|defd5f8013d3c363,0.0,0.0,1.5,1.0,-1.9301330018550114,-3.78412086684498,0.8,False
7,支撑转阻力确认空头,结构角色转换,defd5f8013d3c363,REJECTED,0,6,defd5f8013d3c363|9095c66b6759e169|6833679ce2f62e07|4a47a41627c6eb0a|5766246358849c54|311b219248837009,0.0,0.0,0.0,0.0,0.0,-1.2867471814934128,0.0,False
7,支撑转阻力确认空头,结构角色转换,a6161b2da90480d4,REJECTED,2,6,a6161b2da90480d4|e14b65649df972b9|7dd21da10b8889b6|bdf7c9006a862bc7|311b219248837009|f4ee20fd238b762e,0.0,0.0,2.0,1.0,-2.57351882221661,-3.78412086684498,0.8,False
7,支撑转阻力确认空头,结构角色转换,6833679ce2f62e07,REJECTED,0,6,6833679ce2f62e07|4a47a41627c6eb0a|5766246358849c54|f2f5bc170391c41e|defd5f8013d3c363|9095c66b6759e169,0.0,0.0,0.0,0.0,0.0,0.0,0.0,False
7,支撑转阻力确认空头,结构角色转换,7dd21da10b8889b6,REJECTED,3,6,7dd21da10b8889b6|bdf7c9006a862bc7|a6161b2da90480d4|e14b65649df972b9|311b219248837009|5766246358849c54,0.0,0.0,2.0,1.0,-2.57351882221661,-3.78412086684498,0.5333333333333333,False
7,支撑转阻力确认空头,结构角色转换,5766246358849c54,REJECTED,0,6,5766246358849c54|f2f5bc170391c41e|6833679ce2f62e07|4a47a41627c6eb0a|defd5f8013d3c363|7dd21da10b8889b6,0.0,0.0,0.0,0.0,0.0,-3.78412086684498,0.0,False
7,支撑转阻力确认空头,结构角色转换,f4ee20fd238b762e,REJECTED,1,6,f4ee20fd238b762e|311b219248837009|e14b65649df972b9|a6161b2da90480d4|bdf7c9006a862bc7|9095c66b6759e169,0.0,0.0,1.5,1.0,-1.9301330018550114,-3.78412086684498,0.8,False
7,支撑转阻力确认空头,结构角色转换,9095c66b6759e169,REJECTED,0,6,9095c66b6759e169|defd5f8013d3c363|4a47a41627c6eb0a|6833679ce2f62e07|f2f5bc170391c41e|f4ee20fd238b762e,0.0,0.0,0.0,0.0,0.0,-1.2867471814934128,0.0,False
7,支撑转阻力确认空头,结构角色转换,e14b65649df972b9,REJECTED,2,6,e14b65649df972b9|a6161b2da90480d4|bdf7c9006a862bc7|7dd21da10b8889b6|f4ee20fd238b762e|311b219248837009,0.0,0.0,2.0,1.0,-2.57351882221661,-3.78412086684498,0.8,False
7,支撑转阻力确认空头,结构角色转换,4a47a41627c6eb0a,REJECTED,0,6,4a47a41627c6eb0a|6833679ce2f62e07|f2f5bc170391c41e|5766246358849c54|9095c66b6759e169|defd5f8013d3c363,0.0,0.0,0.0,0.0,0.0,0.0,0.0,False
7,支撑转阻力确认空头,结构角色转换,bdf7c9006a862bc7,REJECTED,3,6,bdf7c9006a862bc7|7dd21da10b8889b6|e14b65649df972b9|a6161b2da90480d4|f4ee20fd238b762e|f2f5bc170391c41e,0.0,0.0,2.0,1.0,-2.57351882221661,-3.78412086684498,0.5333333333333333,False
7,支撑转阻力确认空头,结构角色转换,f2f5bc170391c41e,REJECTED,0,6,f2f5bc170391c41e|5766246358849c54|4a47a41627c6eb0a|6833679ce2f62e07|9095c66b6759e169|bdf7c9006a862bc7,0.0,0.0,0.0,0.0,0.0,-3.78412086684498,0.0,False
8,缩量回踩恢复多头,量价回踩,612581c35b84da3c,REJECTED,0,6,612581c35b84da3c|7182c8274cf188ad|3212e18d00c285b9|775bb5fcb5f99e8b|d1c0ca1b293633a0|aa54a7239c7aa8a9,0.0,0.0,0.0,0.0,0.0,0.0,0.0,False
8,缩量回踩恢复多头,量价回踩,aa54a7239c7aa8a9,REJECTED,0,6,aa54a7239c7aa8a9|22ea1de5a25b4a10|61f9ce28dd095693|9ab1b7c6f8362706|b242a1299adc94f7|612581c35b84da3c,0.0,0.0,0.0,0.0,0.0,0.0,0.0,False
8,缩量回踩恢复多头,量价回踩,3212e18d00c285b9,REJECTED,0,6,3212e18d00c285b9|775bb5fcb5f99e8b|d1c0ca1b293633a0|edff78a61b1389c1|612581c35b84da3c|7182c8274cf188ad,0.0,0.0,0.0,0.0,0.0,0.0,0.0,False
8,缩量回踩恢复多头,量价回踩,61f9ce28dd095693,REJECTED,0,6,61f9ce28dd095693|9ab1b7c6f8362706|b242a1299adc94f7|97c5f7b32e92acc7|aa54a7239c7aa8a9|22ea1de5a25b4a10,0.0,0.0,0.0,0.0,0.0,0.0,0.0,False
8,缩量回踩恢复多头,量价回踩,d1c0ca1b293633a0,REJECTED,0,6,d1c0ca1b293633a0|edff78a61b1389c1|3212e18d00c285b9|775bb5fcb5f99e8b|612581c35b84da3c|b242a1299adc94f7,0.0,0.0,0.0,0.0,0.0,0.0,0.0,False
8,缩量回踩恢复多头,量价回踩,b242a1299adc94f7,REJECTED,0,6,b242a1299adc94f7|97c5f7b32e92acc7|61f9ce28dd095693|9ab1b7c6f8362706|aa54a7239c7aa8a9|d1c0ca1b293633a0,0.0,0.0,0.0,0.0,0.0,0.0,0.0,False
8,缩量回踩恢复多头,量价回踩,7182c8274cf188ad,REJECTED,0,6,7182c8274cf188ad|612581c35b84da3c|775bb5fcb5f99e8b|3212e18d00c285b9|edff78a61b1389c1|22ea1de5a25b4a10,0.0,0.0,0.0,0.0,0.0,0.0,0.0,False
8,缩量回踩恢复多头,量价回踩,22ea1de5a25b4a10,REJECTED,0,6,22ea1de5a25b4a10|aa54a7239c7aa8a9|9ab1b7c6f8362706|61f9ce28dd095693|97c5f7b32e92acc7|7182c8274cf188ad,0.0,0.0,0.0,0.0,0.0,0.0,0.0,False
8,缩量回踩恢复多头,量价回踩,775bb5fcb5f99e8b,REJECTED,0,6,775bb5fcb5f99e8b|3212e18d00c285b9|edff78a61b1389c1|d1c0ca1b293633a0|7182c8274cf188ad|612581c35b84da3c,0.0,0.0,0.0,0.0,0.0,0.0,0.0,False
8,缩量回踩恢复多头,量价回踩,9ab1b7c6f8362706,REJECTED,0,6,9ab1b7c6f8362706|61f9ce28dd095693|97c5f7b32e92acc7|b242a1299adc94f7|22ea1de5a25b4a10|aa54a7239c7aa8a9,0.0,0.0,0.0,0.0,0.0,0.0,0.0,False
8,缩量回踩恢复多头,量价回踩,edff78a61b1389c1,REJECTED,0,6,edff78a61b1389c1|d1c0ca1b293633a0|775bb5fcb5f99e8b|3212e18d00c285b9|7182c8274cf188ad|97c5f7b32e92acc7,0.0,0.0,0.0,0.0,0.0,0.0,0.0,False
8,缩量回踩恢复多头,量价回踩,97c5f7b32e92acc7,REJECTED,0,6,97c5f7b32e92acc7|b242a1299adc94f7|9ab1b7c6f8362706|61f9ce28dd095693|22ea1de5a25b4a10|edff78a61b1389c1,0.0,0.0,0.0,0.0,0.0,0.0,0.0,False
8,缩量回踩恢复多头,量价回踩,2bc5f4bf063dcb5c,REJECTED,0,6,2bc5f4bf063dcb5c|e9df1229c583db0e|14d5896208489716|54bd7ad9e789c9cd|aa3156c338276a27|3b8d5eca055e2c9b,0.0,0.0,0.0,0.0,0.0,0.0,0.0,False
8,缩量回踩恢复多头,量价回踩,3b8d5eca055e2c9b,REJECTED,0,6,3b8d5eca055e2c9b|f6847d5aa191a960|66b0161a6024af9b|52493f6cfcd53350|da7d44faff87b5f3|2bc5f4bf063dcb5c,0.0,0.0,0.0,0.0,0.0,0.0,0.0,False
8,缩量回踩恢复多头,量价回踩,14d5896208489716,REJECTED,0,6,14d5896208489716|54bd7ad9e789c9cd|aa3156c338276a27|4fed3b8b4cb46137|2bc5f4bf063dcb5c|e9df1229c583db0e,0.0,0.0,0.0,0.0,0.0,0.0,0.0,False
8,缩量回踩恢复多头,量价回踩,66b0161a6024af9b,REJECTED,0,6,66b0161a6024af9b|52493f6cfcd53350|da7d44faff87b5f3|db6b38b794f52943|3b8d5eca055e2c9b|f6847d5aa191a960,0.0,0.0,0.0,0.0,0.0,0.0,0.0,False
8,缩量回踩恢复多头,量价回踩,aa3156c338276a27,REJECTED,0,6,aa3156c338276a27|4fed3b8b4cb46137|14d5896208489716|54bd7ad9e789c9cd|2bc5f4bf063dcb5c|da7d44faff87b5f3,0.0,0.0,0.0,0.0,0.0,0.0,0.0,False
8,缩量回踩恢复多头,量价回踩,da7d44faff87b5f3,REJECTED,0,6,da7d44faff87b5f3|db6b38b794f52943|66b0161a6024af9b|52493f6cfcd53350|3b8d5eca055e2c9b|aa3156c338276a27,0.0,0.0,0.0,0.0,0.0,0.0,0.0,False
8,缩量回踩恢复多头,量价回踩,e9df1229c583db0e,REJECTED,0,6,e9df1229c583db0e|2bc5f4bf063dcb5c|54bd7ad9e789c9cd|14d5896208489716|4fed3b8b4cb46137|f6847d5aa191a960,0.0,0.0,0.0,0.0,0.0,0.0,0.0,False
8,缩量回踩恢复多头,量价回踩,f6847d5aa191a960,REJECTED,0,6,f6847d5aa191a960|3b8d5eca055e2c9b|52493f6cfcd53350|66b0161a6024af9b|db6b38b794f52943|e9df1229c583db0e,0.0,0.0,0.0,0.0,0.0,0.0,0.0,False
8,缩量回踩恢复多头,量价回踩,54bd7ad9e789c9cd,REJECTED,0,6,54bd7ad9e789c9cd|14d5896208489716|4fed3b8b4cb46137|aa3156c338276a27|e9df1229c583db0e|2bc5f4bf063dcb5c,0.0,0.0,0.0,0.0,0.0,0.0,0.0,False
8,缩量回踩恢复多头,量价回踩,52493f6cfcd53350,REJECTED,0,6,52493f6cfcd53350|66b0161a6024af9b|db6b38b794f52943|da7d44faff87b5f3|f6847d5aa191a960|3b8d5eca055e2c9b,0.0,0.0,0.0,0.0,0.0,0.0,0.0,False
8,缩量回踩恢复多头,量价回踩,4fed3b8b4cb46137,REJECTED,0,6,4fed3b8b4cb46137|aa3156c338276a27|54bd7ad9e789c9cd|14d5896208489716|e9df1229c583db0e|db6b38b794f52943,0.0,0.0,0.0,0.0,0.0,0.0,0.0,False
8,缩量回踩恢复多头,量价回踩,db6b38b794f52943,REJECTED,0,6,db6b38b794f52943|da7d44faff87b5f3|52493f6cfcd53350|66b0161a6024af9b|f6847d5aa191a960|4fed3b8b4cb46137,0.0,0.0,0.0,0.0,0.0,0.0,0.0,False
9,缩量反抽恢复空头,量价回踩,b55421f3522a3f16,REJECTED,0,6,b55421f3522a3f16|e7eba909ab01e794|096cf2b0d8863ffe|e0909e38875479c1|696a9393bb83999c|0c3ac71f7205a7ec,0.0,0.0,0.0,0.0,0.0,0.0,0.0,False
9,缩量反抽恢复空头,量价回踩,0c3ac71f7205a7ec,REJECTED,0,6,0c3ac71f7205a7ec|b26a4686368b84fb|3f5f1a791cf31184|f04bbf36c4d0a7e8|6daff0dd549463c4|b55421f3522a3f16,0.0,0.0,0.0,0.0,0.0,0.0,0.0,False
9,缩量反抽恢复空头,量价回踩,096cf2b0d8863ffe,REJECTED,0,6,096cf2b0d8863ffe|e0909e38875479c1|696a9393bb83999c|11376fca8509ff5d|b55421f3522a3f16|e7eba909ab01e794,0.0,0.0,0.0,0.0,0.0,0.0,0.0,False
9,缩量反抽恢复空头,量价回踩,3f5f1a791cf31184,REJECTED,0,6,3f5f1a791cf31184|f04bbf36c4d0a7e8|6daff0dd549463c4|038baf3eded9eb44|0c3ac71f7205a7ec|b26a4686368b84fb,0.0,0.0,0.0,0.0,0.0,0.0,0.0,False
9,缩量反抽恢复空头,量价回踩,696a9393bb83999c,REJECTED,0,6,696a9393bb83999c|11376fca8509ff5d|096cf2b0d8863ffe|e0909e38875479c1|b55421f3522a3f16|6daff0dd549463c4,0.0,0.0,0.0,0.0,0.0,0.0,0.0,False
9,缩量反抽恢复空头,量价回踩,6daff0dd549463c4,REJECTED,0,6,6daff0dd549463c4|038baf3eded9eb44|3f5f1a791cf31184|f04bbf36c4d0a7e8|0c3ac71f7205a7ec|696a9393bb83999c,0.0,0.0,0.0,0.0,0.0,0.0,0.0,False
9,缩量反抽恢复空头,量价回踩,e7eba909ab01e794,REJECTED,0,6,e7eba909ab01e794|b55421f3522a3f16|e0909e38875479c1|096cf2b0d8863ffe|11376fca8509ff5d|b26a4686368b84fb,0.0,0.0,0.0,0.0,0.0,0.0,0.0,False
9,缩量反抽恢复空头,量价回踩,b26a4686368b84fb,REJECTED,0,6,b26a4686368b84fb|0c3ac71f7205a7ec|f04bbf36c4d0a7e8|3f5f1a791cf31184|038baf3eded9eb44|e7eba909ab01e794,0.0,0.0,0.0,0.0,0.0,0.0,0.0,False
9,缩量反抽恢复空头,量价回踩,e0909e38875479c1,REJECTED,0,6,e0909e38875479c1|096cf2b0d8863ffe|11376fca8509ff5d|696a9393bb83999c|e7eba909ab01e794|b55421f3522a3f16,0.0,0.0,0.0,0.0,0.0,0.0,0.0,False
9,缩量反抽恢复空头,量价回踩,f04bbf36c4d0a7e8,REJECTED,0,6,f04bbf36c4d0a7e8|3f5f1a791cf31184|038baf3eded9eb44|6daff0dd549463c4|b26a4686368b84fb|0c3ac71f7205a7ec,0.0,0.0,0.0,0.0,0.0,0.0,0.0,False
9,缩量反抽恢复空头,量价回踩,11376fca8509ff5d,REJECTED,0,6,11376fca8509ff5d|696a9393bb83999c|e0909e38875479c1|096cf2b0d8863ffe|e7eba909ab01e794|038baf3eded9eb44,0.0,0.0,0.0,0.0,0.0,0.0,0.0,False
9,缩量反抽恢复空头,量价回踩,038baf3eded9eb44,REJECTED,0,6,038baf3eded9eb44|6daff0dd549463c4|f04bbf36c4d0a7e8|3f5f1a791cf31184|b26a4686368b84fb|11376fca8509ff5d,0.0,0.0,0.0,0.0,0.0,0.0,0.0,False
9,缩量反抽恢复空头,量价回踩,a3c16a0f14aba4cb,REJECTED,0,6,a3c16a0f14aba4cb|76a80ae1b371109c|96a7871ace405876|94320df97810c841|5122f253ca2d5ffc|7296a385b87f3825,0.0,0.0,0.0,0.0,0.0,0.0,0.0,False
9,缩量反抽恢复空头,量价回踩,7296a385b87f3825,REJECTED,0,6,7296a385b87f3825|c63e1805d3d336c6|9b67e3fdef547a98|d4d1381fcde15d1a|a4b8a619e3aa54cb|a3c16a0f14aba4cb,0.0,0.0,0.0,0.0,0.0,0.0,0.0,False
9,缩量反抽恢复空头,量价回踩,96a7871ace405876,REJECTED,0,6,96a7871ace405876|94320df97810c841|5122f253ca2d5ffc|3ef94b37a5d555ff|a3c16a0f14aba4cb|76a80ae1b371109c,0.0,0.0,0.0,0.0,0.0,0.0,0.0,False
9,缩量反抽恢复空头,量价回踩,9b67e3fdef547a98,REJECTED,0,6,9b67e3fdef547a98|d4d1381fcde15d1a|a4b8a619e3aa54cb|cb9c70ded0e888f2|7296a385b87f3825|c63e1805d3d336c6,0.0,0.0,0.0,0.0,0.0,0.0,0.0,False
9,缩量反抽恢复空头,量价回踩,5122f253ca2d5ffc,REJECTED,0,6,5122f253ca2d5ffc|3ef94b37a5d555ff|96a7871ace405876|94320df97810c841|a3c16a0f14aba4cb|a4b8a619e3aa54cb,0.0,0.0,0.0,0.0,0.0,0.0,0.0,False
9,缩量反抽恢复空头,量价回踩,a4b8a619e3aa54cb,REJECTED,0,6,a4b8a619e3aa54cb|cb9c70ded0e888f2|9b67e3fdef547a98|d4d1381fcde15d1a|7296a385b87f3825|5122f253ca2d5ffc,0.0,0.0,0.0,0.0,0.0,0.0,0.0,False
9,缩量反抽恢复空头,量价回踩,76a80ae1b371109c,REJECTED,0,6,76a80ae1b371109c|a3c16a0f14aba4cb|94320df97810c841|96a7871ace405876|3ef94b37a5d555ff|c63e1805d3d336c6,0.0,0.0,0.0,0.0,0.0,0.0,0.0,False
9,缩量反抽恢复空头,量价回踩,c63e1805d3d336c6,REJECTED,0,6,c63e1805d3d336c6|7296a385b87f3825|d4d1381fcde15d1a|9b67e3fdef547a98|cb9c70ded0e888f2|76a80ae1b371109c,0.0,0.0,0.0,0.0,0.0,0.0,0.0,False
9,缩量反抽恢复空头,量价回踩,94320df97810c841,REJECTED,0,6,94320df97810c841|96a7871ace405876|3ef94b37a5d555ff|5122f253ca2d5ffc|76a80ae1b371109c|a3c16a0f14aba4cb,0.0,0.0,0.0,0.0,0.0,0.0,0.0,False
9,缩量反抽恢复空头,量价回踩,d4d1381fcde15d1a,REJECTED,0,6,d4d1381fcde15d1a|9b67e3fdef547a98|cb9c70ded0e888f2|a4b8a619e3aa54cb|c63e1805d3d336c6|7296a385b87f3825,0.0,0.0,0.0,0.0,0.0,0.0,0.0,False
9,缩量反抽恢复空头,量价回踩,3ef94b37a5d555ff,REJECTED,0,6,3ef94b37a5d555ff|5122f253ca2d5ffc|94320df97810c841|96a7871ace405876|76a80ae1b371109c|cb9c70ded0e888f2,0.0,0.0,0.0,0.0,0.0,0.0,0.0,False
9,缩量反抽恢复空头,量价回踩,cb9c70ded0e888f2,REJECTED,0,6,cb9c70ded0e888f2|a4b8a619e3aa54cb|d4d1381fcde15d1a|9b67e3fdef547a98|c63e1805d3d336c6|3ef94b37a5d555ff,0.0,0.0,0.0,0.0,0.0,0.0,0.0,False
10,欧美时段顺势延续多头,时段延续,2951495700cf0d26,REJECTED,1,6,2951495700cf0d26|02ae1723e4570f8d|c9270eab3e1dfe4f|78b83eb6e22b1e52|c4fe4e1fb9600027|d3786d6915d46e75,0.0,0.0,1.5,1.0,-1.984518853824223,-2.646031913469257,1.0,False
10,欧美时段顺势延续多头,时段延续,d3786d6915d46e75,REJECTED,1,6,d3786d6915d46e75|50d010d0d527e015|133df098dfeaf782|824fc5e994a5e31f|b0d53f6e0c1b6b87|2951495700cf0d26,0.0,0.0,1.5,1.0,-1.984518853824223,-2.646031913469257,1.0,False
10,欧美时段顺势延续多头,时段延续,c9270eab3e1dfe4f,REJECTED,2,6,c9270eab3e1dfe4f|78b83eb6e22b1e52|c4fe4e1fb9600027|9a97f10e8d8d7c7d|2951495700cf0d26|02ae1723e4570f8d,0.0,0.0,2.0,1.0,-2.646031913469257,-2.646031913469257,0.8,False
10,欧美时段顺势延续多头,时段延续,133df098dfeaf782,REJECTED,2,6,133df098dfeaf782|824fc5e994a5e31f|b0d53f6e0c1b6b87|6ef5379c0f2b4249|d3786d6915d46e75|50d010d0d527e015,0.0,0.0,2.0,1.0,-2.646031913469257,-2.646031913469257,0.8,False
10,欧美时段顺势延续多头,时段延续,c4fe4e1fb9600027,REJECTED,2,6,c4fe4e1fb9600027|9a97f10e8d8d7c7d|c9270eab3e1dfe4f|78b83eb6e22b1e52|2951495700cf0d26|b0d53f6e0c1b6b87,0.0,0.0,2.0,1.0,-2.646031913469257,-2.646031913469257,0.9,False
10,欧美时段顺势延续多头,时段延续,b0d53f6e0c1b6b87,REJECTED,2,6,b0d53f6e0c1b6b87|6ef5379c0f2b4249|133df098dfeaf782|824fc5e994a5e31f|d3786d6915d46e75|c4fe4e1fb9600027,0.0,0.0,2.0,1.0,-2.646031913469257,-2.646031913469257,0.9,False
10,欧美时段顺势延续多头,时段延续,02ae1723e4570f8d,REJECTED,1,6,02ae1723e4570f8d|2951495700cf0d26|78b83eb6e22b1e52|c9270eab3e1dfe4f|9a97f10e8d8d7c7d|50d010d0d527e015,0.0,0.0,1.5,1.0,-1.984518853824223,-2.646031913469257,1.0,False
10,欧美时段顺势延续多头,时段延续,50d010d0d527e015,REJECTED,1,6,50d010d0d527e015|d3786d6915d46e75|824fc5e994a5e31f|133df098dfeaf782|6ef5379c0f2b4249|02ae1723e4570f8d,0.0,0.0,1.5,1.0,-1.984518853824223,-2.646031913469257,1.0,False
10,欧美时段顺势延续多头,时段延续,78b83eb6e22b1e52,REJECTED,2,6,78b83eb6e22b1e52|c9270eab3e1dfe4f|9a97f10e8d8d7c7d|c4fe4e1fb9600027|02ae1723e4570f8d|2951495700cf0d26,0.0,0.0,2.0,1.0,-2.646031913469257,-2.646031913469257,0.8,False
10,欧美时段顺势延续多头,时段延续,824fc5e994a5e31f,REJECTED,2,6,824fc5e994a5e31f|133df098dfeaf782|6ef5379c0f2b4249|b0d53f6e0c1b6b87|50d010d0d527e015|d3786d6915d46e75,0.0,0.0,2.0,1.0,-2.646031913469257,-2.646031913469257,0.8,False
10,欧美时段顺势延续多头,时段延续,9a97f10e8d8d7c7d,REJECTED,2,6,9a97f10e8d8d7c7d|c4fe4e1fb9600027|78b83eb6e22b1e52|c9270eab3e1dfe4f|02ae1723e4570f8d|6ef5379c0f2b4249,0.0,0.0,2.0,1.0,-2.646031913469257,-2.646031913469257,0.9,False
10,欧美时段顺势延续多头,时段延续,6ef5379c0f2b4249,REJECTED,2,6,6ef5379c0f2b4249|b0d53f6e0c1b6b87|824fc5e994a5e31f|133df098dfeaf782|50d010d0d527e015|9a97f10e8d8d7c7d,0.0,0.0,2.0,1.0,-2.646031913469257,-2.646031913469257,0.9,False
10,欧美时段顺势延续多头,时段延续,e3f758469204599d,REJECTED,1,6,e3f758469204599d|acfed77829e74378|c44fb510c7567d1e|1ceef90ae502ea96|9e92d4491dd76b60|6c0d5969bef18797,0.16666666666666666,0.0,1.5,1.0,-1.2860204481634745,-1.4726148789726992,0.6,False
10,欧美时段顺势延续多头,时段延续,6c0d5969bef18797,REJECTED,1,6,6c0d5969bef18797|2ca48bffd5eed1f0|b42bc7e4070cf23b|1f0f5effc1db66a3|41839737de12564b|e3f758469204599d,0.16666666666666666,0.0,1.5,1.0,-1.2860204481634745,-1.4726148789726992,0.6,False
10,欧美时段顺势延续多头,时段延续,c44fb510c7567d1e,REJECTED,2,6,c44fb510c7567d1e|1ceef90ae502ea96|9e92d4491dd76b60|792c97e8b4c0b8eb|e3f758469204599d|acfed77829e74378,0.3333333333333333,0.0,2.0,1.0,-1.2714222584586488,-1.4726148789726992,0.5,False
10,欧美时段顺势延续多头,时段延续,b42bc7e4070cf23b,REJECTED,2,6,b42bc7e4070cf23b|1f0f5effc1db66a3|41839737de12564b|f6d2a21fc4d4c425|6c0d5969bef18797|2ca48bffd5eed1f0,0.3333333333333333,0.0,2.0,1.0,-1.2714222584586488,-1.4726148789726992,0.5,False
10,欧美时段顺势延续多头,时段延续,9e92d4491dd76b60,REJECTED,3,6,9e92d4491dd76b60|792c97e8b4c0b8eb|c44fb510c7567d1e|1ceef90ae502ea96|e3f758469204599d|41839737de12564b,0.5,0.0,2.5,1.0,-0.5230845152759926,-1.4726148789726992,0.6,False
10,欧美时段顺势延续多头,时段延续,41839737de12564b,REJECTED,3,6,41839737de12564b|f6d2a21fc4d4c425|b42bc7e4070cf23b|1f0f5effc1db66a3|6c0d5969bef18797|9e92d4491dd76b60,0.5,0.0,2.5,1.0,-0.5230845152759926,-1.4726148789726992,0.6,False
10,欧美时段顺势延续多头,时段延续,acfed77829e74378,REJECTED,1,6,acfed77829e74378|e3f758469204599d|1ceef90ae502ea96|c44fb510c7567d1e|792c97e8b4c0b8eb|2ca48bffd5eed1f0,0.16666666666666666,0.0,1.5,1.0,-1.2714222584586488,-1.4726148789726992,0.6,False
10,欧美时段顺势延续多头,时段延续,2ca48bffd5eed1f0,REJECTED,1,6,2ca48bffd5eed1f0|6c0d5969bef18797|1f0f5effc1db66a3|b42bc7e4070cf23b|f6d2a21fc4d4c425|acfed77829e74378,0.16666666666666666,0.0,1.5,1.0,-1.2714222584586488,-1.4726148789726992,0.6,False
10,欧美时段顺势延续多头,时段延续,1ceef90ae502ea96,REJECTED,2,6,1ceef90ae502ea96|c44fb510c7567d1e|792c97e8b4c0b8eb|9e92d4491dd76b60|acfed77829e74378|e3f758469204599d,0.3333333333333333,0.0,2.0,1.0,-1.2714222584586488,-1.4726148789726992,0.5,False
10,欧美时段顺势延续多头,时段延续,1f0f5effc1db66a3,REJECTED,2,6,1f0f5effc1db66a3|b42bc7e4070cf23b|f6d2a21fc4d4c425|41839737de12564b|2ca48bffd5eed1f0|6c0d5969bef18797,0.3333333333333333,0.0,2.0,1.0,-1.2714222584586488,-1.4726148789726992,0.5,False
10,欧美时段顺势延续多头,时段延续,792c97e8b4c0b8eb,REJECTED,3,6,792c97e8b4c0b8eb|9e92d4491dd76b60|1ceef90ae502ea96|c44fb510c7567d1e|acfed77829e74378|f6d2a21fc4d4c425,0.5,0.0,2.5,1.0,-0.5084863255711669,-1.4726148789726992,0.6,False
10,欧美时段顺势延续多头,时段延续,f6d2a21fc4d4c425,REJECTED,3,6,f6d2a21fc4d4c425|41839737de12564b|1f0f5effc1db66a3|b42bc7e4070cf23b|2ca48bffd5eed1f0|792c97e8b4c0b8eb,0.5,0.0,2.5,1.0,-0.5084863255711669,-1.4726148789726992,0.6,False
11,欧美时段顺势延续空头,时段延续,8ba18c64ed02cfd6,REJECTED,0,6,8ba18c64ed02cfd6|00a05dac0a8ca34b|2bcb712d6930ba1b|c43d755853204c39|63290e5ee6cb20f1|5bcf2f5727f88328,0.0,0.0,0.0,0.0,0.0,0.0,0.0,False
11,欧美时段顺势延续空头,时段延续,5bcf2f5727f88328,REJECTED,0,6,5bcf2f5727f88328|604d0291ba253f81|6ec5eac704051bc6|07666a71a6db4d3d|8828e68c145fc6f4|8ba18c64ed02cfd6,0.0,0.0,0.0,0.0,0.0,0.0,0.0,False
11,欧美时段顺势延续空头,时段延续,2bcb712d6930ba1b,REJECTED,0,6,2bcb712d6930ba1b|c43d755853204c39|63290e5ee6cb20f1|2d17a153c935935a|8ba18c64ed02cfd6|00a05dac0a8ca34b,0.0,0.0,0.0,0.0,0.0,0.0,0.0,False
11,欧美时段顺势延续空头,时段延续,6ec5eac704051bc6,REJECTED,0,6,6ec5eac704051bc6|07666a71a6db4d3d|8828e68c145fc6f4|d8dca2a8c9570ab4|5bcf2f5727f88328|604d0291ba253f81,0.0,0.0,0.0,0.0,0.0,0.0,0.0,False
11,欧美时段顺势延续空头,时段延续,63290e5ee6cb20f1,REJECTED,0,6,63290e5ee6cb20f1|2d17a153c935935a|2bcb712d6930ba1b|c43d755853204c39|8ba18c64ed02cfd6|8828e68c145fc6f4,0.0,0.0,0.0,0.0,0.0,0.0,0.0,False
11,欧美时段顺势延续空头,时段延续,8828e68c145fc6f4,REJECTED,0,6,8828e68c145fc6f4|d8dca2a8c9570ab4|6ec5eac704051bc6|07666a71a6db4d3d|5bcf2f5727f88328|63290e5ee6cb20f1,0.0,0.0,0.0,0.0,0.0,0.0,0.0,False
11,欧美时段顺势延续空头,时段延续,00a05dac0a8ca34b,REJECTED,0,6,00a05dac0a8ca34b|8ba18c64ed02cfd6|c43d755853204c39|2bcb712d6930ba1b|2d17a153c935935a|604d0291ba253f81,0.0,0.0,0.0,0.0,0.0,0.0,0.0,False
11,欧美时段顺势延续空头,时段延续,604d0291ba253f81,REJECTED,0,6,604d0291ba253f81|5bcf2f5727f88328|07666a71a6db4d3d|6ec5eac704051bc6|d8dca2a8c9570ab4|00a05dac0a8ca34b,0.0,0.0,0.0,0.0,0.0,0.0,0.0,False
11,欧美时段顺势延续空头,时段延续,c43d755853204c39,REJECTED,0,6,c43d755853204c39|2bcb712d6930ba1b|2d17a153c935935a|63290e5ee6cb20f1|00a05dac0a8ca34b|8ba18c64ed02cfd6,0.0,0.0,0.0,0.0,0.0,0.0,0.0,False
11,欧美时段顺势延续空头,时段延续,07666a71a6db4d3d,REJECTED,0,6,07666a71a6db4d3d|6ec5eac704051bc6|d8dca2a8c9570ab4|8828e68c145fc6f4|604d0291ba253f81|5bcf2f5727f88328,0.0,0.0,0.0,0.0,0.0,0.0,0.0,False
11,欧美时段顺势延续空头,时段延续,2d17a153c935935a,REJECTED,0,6,2d17a153c935935a|63290e5ee6cb20f1|c43d755853204c39|2bcb712d6930ba1b|00a05dac0a8ca34b|d8dca2a8c9570ab4,0.0,0.0,0.0,0.0,0.0,0.0,0.0,False
11,欧美时段顺势延续空头,时段延续,d8dca2a8c9570ab4,REJECTED,0,6,d8dca2a8c9570ab4|8828e68c145fc6f4|07666a71a6db4d3d|6ec5eac704051bc6|604d0291ba253f81|2d17a153c935935a,0.0,0.0,0.0,0.0,0.0,0.0,0.0,False
11,欧美时段顺势延续空头,时段延续,e87b7e4b54714a79,REJECTED,1,6,e87b7e4b54714a79|ca2cf132ee241963|24334e78fc5f4e6b|4337d47dd551514a|e9a50d796afb54c8|36ed48e721693627,0.16666666666666666,0.0,1.5,1.0,-0.2793152006418206,-1.6591912832013458,0.4,False
11,欧美时段顺势延续空头,时段延续,36ed48e721693627,REJECTED,1,6,36ed48e721693627|834d41f5c179752b|4764dc78e59d5b1b|9b080265253032f2|4dee528aa6b52746|e87b7e4b54714a79,0.0,0.0,1.0,1.0,-1.2867753638267085,-1.2867753638267085,0.8,False
11,欧美时段顺势延续空头,时段延续,24334e78fc5f4e6b,REJECTED,2,6,24334e78fc5f4e6b|4337d47dd551514a|e9a50d796afb54c8|1de21fc96eaf5c68|e87b7e4b54714a79|ca2cf132ee241963,0.3333333333333333,0.0,2.0,1.0,-0.18620834361528765,-1.6591912832013458,0.30000000000000004,False
11,欧美时段顺势延续空头,时段延续,4764dc78e59d5b1b,REJECTED,1,6,4764dc78e59d5b1b|9b080265253032f2|4dee528aa6b52746|c1a82389d1cba805|36ed48e721693627|834d41f5c179752b,0.0,0.0,1.0,1.0,-1.2867753638267085,-1.2867753638267085,1.0,False
11,欧美时段顺势延续空头,时段延续,e9a50d796afb54c8,REJECTED,3,6,e9a50d796afb54c8|1de21fc96eaf5c68|24334e78fc5f4e6b|4337d47dd551514a|e87b7e4b54714a79|4dee528aa6b52746,0.3333333333333333,0.0,2.0,1.0,-0.2793070642334211,-1.6591912832013458,0.20000000000000004,False
11,欧美时段顺势延续空头,时段延续,4dee528aa6b52746,REJECTED,1,6,4dee528aa6b52746|c1a82389d1cba805|4764dc78e59d5b1b|9b080265253032f2|36ed48e721693627|e9a50d796afb54c8,0.0,0.0,1.0,1.0,-1.2867753638267085,-1.6591912832013458,0.8,False
11,欧美时段顺势延续空头,时段延续,ca2cf132ee241963,REJECTED,1,6,ca2cf132ee241963|e87b7e4b54714a79|4337d47dd551514a|24334e78fc5f4e6b|1de21fc96eaf5c68|834d41f5c179752b,0.3333333333333333,0.0,1.5,1.0,-0.18620834361528765,-1.2867753638267085,0.4,False
11,欧美时段顺势延续空头,时段延续,834d41f5c179752b,REJECTED,1,6,834d41f5c179752b|36ed48e721693627|9b080265253032f2|4764dc78e59d5b1b|c1a82389d1cba805|ca2cf132ee241963,0.0,0.0,1.0,1.0,-1.2867753638267085,-1.2867753638267085,0.8,False
11,欧美时段顺势延续空头,时段延续,4337d47dd551514a,REJECTED,2,6,4337d47dd551514a|24334e78fc5f4e6b|1de21fc96eaf5c68|e9a50d796afb54c8|ca2cf132ee241963|e87b7e4b54714a79,0.3333333333333333,0.0,2.0,1.0,-0.18620834361528765,-1.6591912832013458,0.30000000000000004,False
11,欧美时段顺势延续空头,时段延续,9b080265253032f2,REJECTED,1,6,9b080265253032f2|4764dc78e59d5b1b|c1a82389d1cba805|4dee528aa6b52746|834d41f5c179752b|36ed48e721693627,0.0,0.0,1.0,1.0,-1.2867753638267085,-1.2867753638267085,1.0,False
11,欧美时段顺势延续空头,时段延续,1de21fc96eaf5c68,REJECTED,3,6,1de21fc96eaf5c68|e9a50d796afb54c8|4337d47dd551514a|24334e78fc5f4e6b|ca2cf132ee241963|c1a82389d1cba805,0.3333333333333333,0.0,2.0,1.0,-0.2793152006418206,-1.6591912832013458,0.26666666666666666,False
11,欧美时段顺势延续空头,时段延续,c1a82389d1cba805,REJECTED,1,6,c1a82389d1cba805|4dee528aa6b52746|9b080265253032f2|4764dc78e59d5b1b|834d41f5c179752b|1de21fc96eaf5c68,0.16666666666666666,0.0,1.0,1.0,-1.2867753638267085,-1.2867753638267085,1.0,False
12,区间扫低立即收回多头,流动性反转,faecbaf17a6baec5,REJECTED,1,6,faecbaf17a6baec5|76c2bfee407ac58d|3e42ed160f42722b|c70f155c94b2a51f|c016ca2dc456bbe1|e17e263f50f87cc6,0.5,0.0,1.5,1.0,0.06563730220904462,-0.2541967098188086,0.4,False
12,区间扫低立即收回多头,流动性反转,e17e263f50f87cc6,REJECTED,0,6,e17e263f50f87cc6|ac28cccc3ceb7682|529b75975a0b1181|ecaf15f8db50e5b9|a5e1f6344d6b8ed4|faecbaf17a6baec5,0.0,0.0,0.0,0.0,0.0,-0.2541967098188086,0.0,False
12,区间扫低立即收回多头,流动性反转,3e42ed160f42722b,REJECTED,2,6,3e42ed160f42722b|c70f155c94b2a51f|c016ca2dc456bbe1|7e1c9b33a4f4a0bb|faecbaf17a6baec5|76c2bfee407ac58d,0.5,0.0,2.0,1.0,0.004176249508685004,-1.202419546240001,0.6000000000000001,False
12,区间扫低立即收回多头,流动性反转,529b75975a0b1181,REJECTED,0,6,529b75975a0b1181|ecaf15f8db50e5b9|a5e1f6344d6b8ed4|2dd14ea424d90151|e17e263f50f87cc6|ac28cccc3ceb7682,0.0,0.0,0.0,0.0,0.0,0.0,0.0,False
12,区间扫低立即收回多头,流动性反转,c016ca2dc456bbe1,REJECTED,3,6,c016ca2dc456bbe1|7e1c9b33a4f4a0bb|3e42ed160f42722b|c70f155c94b2a51f|faecbaf17a6baec5|a5e1f6344d6b8ed4,0.3333333333333333,0.0,2.0,1.0,-0.06146105270035962,-1.202419546240001,0.4666666666666666,False
12,区间扫低立即收回多头,流动性反转,a5e1f6344d6b8ed4,REJECTED,0,6,a5e1f6344d6b8ed4|2dd14ea424d90151|529b75975a0b1181|ecaf15f8db50e5b9|e17e263f50f87cc6|c016ca2dc456bbe1,0.0,0.0,0.0,0.0,0.0,-0.12292210540071924,0.0,False
12,区间扫低立即收回多头,流动性反转,76c2bfee407ac58d,REJECTED,1,6,76c2bfee407ac58d|faecbaf17a6baec5|c70f155c94b2a51f|3e42ed160f42722b|7e1c9b33a4f4a0bb|ac28cccc3ceb7682,0.5,0.0,1.5,1.0,0.06563730220904462,-1.202419546240001,0.6,False
12,区间扫低立即收回多头,流动性反转,ac28cccc3ceb7682,REJECTED,0,6,ac28cccc3ceb7682|e17e263f50f87cc6|ecaf15f8db50e5b9|529b75975a0b1181|2dd14ea424d90151|76c2bfee407ac58d,0.16666666666666666,0.0,0.0,0.0,0.0,0.0,0.0,False
12,区间扫低立即收回多头,流动性反转,c70f155c94b2a51f,REJECTED,2,6,c70f155c94b2a51f|3e42ed160f42722b|7e1c9b33a4f4a0bb|c016ca2dc456bbe1|76c2bfee407ac58d|faecbaf17a6baec5,0.5,0.0,2.0,1.0,0.004176249508685004,-1.202419546240001,0.6000000000000001,False
12,区间扫低立即收回多头,流动性反转,ecaf15f8db50e5b9,REJECTED,0,6,ecaf15f8db50e5b9|529b75975a0b1181|2dd14ea424d90151|a5e1f6344d6b8ed4|ac28cccc3ceb7682|e17e263f50f87cc6,0.0,0.0,0.0,0.0,0.0,0.0,0.0,False
12,区间扫低立即收回多头,流动性反转,7e1c9b33a4f4a0bb,REJECTED,3,6,7e1c9b33a4f4a0bb|c016ca2dc456bbe1|c70f155c94b2a51f|3e42ed160f42722b|76c2bfee407ac58d|2dd14ea424d90151,0.5,0.0,2.0,1.0,0.06563730220904462,-1.202419546240001,0.4000000000000001,False
12,区间扫低立即收回多头,流动性反转,2dd14ea424d90151,REJECTED,0,6,2dd14ea424d90151|a5e1f6344d6b8ed4|ecaf15f8db50e5b9|529b75975a0b1181|ac28cccc3ceb7682|7e1c9b33a4f4a0bb,0.0,0.0,0.0,0.0,0.0,-1.202419546240001,0.0,False
12,区间扫低立即收回多头,流动性反转,b40ba1d37a32168f,REJECTED,1,6,b40ba1d37a32168f|79c29a37bad7e697|b2f1f788dddb2f41|d0eed6e6a7bb392a|52f3fa47b619e482|85bcae0edbb1c312,0.6666666666666666,0.0,1.5,1.0,0.8397345139674939,-0.40767655410879167,0.4,False
12,区间扫低立即收回多头,流动性反转,85bcae0edbb1c312,REJECTED,1,6,85bcae0edbb1c312|355f96b7fac3e18b|eda6c473d474c9bc|f04b494a1ebc64dd|8f1138ca500915f6|b40ba1d37a32168f,0.8333333333333334,0.0,1.0,1.0,1.6952141234818747,-0.20383980885073705,0.8,False
12,区间扫低立即收回多头,流动性反转,b2f1f788dddb2f41,REJECTED,2,6,b2f1f788dddb2f41|d0eed6e6a7bb392a|52f3fa47b619e482|ba96a31412ed2095|b40ba1d37a32168f|79c29a37bad7e697,0.6666666666666666,0.0,2.0,1.0,0.3919314585619047,-0.40767655410879167,0.30000000000000004,True
12,区间扫低立即收回多头,流动性反转,eda6c473d474c9bc,REJECTED,1,6,eda6c473d474c9bc|f04b494a1ebc64dd|8f1138ca500915f6|edcf576d0f07ee5c|85bcae0edbb1c312|355f96b7fac3e18b,1.0,0.0,1.0,1.0,1.6952141234818747,1.6952141234818747,1.0,False
12,区间扫低立即收回多头,流动性反转,52f3fa47b619e482,REJECTED,3,6,52f3fa47b619e482|ba96a31412ed2095|b2f1f788dddb2f41|d0eed6e6a7bb392a|b40ba1d37a32168f|8f1138ca500915f6,0.6666666666666666,0.0,2.0,1.0,0.3919314585619047,-0.40767655410879167,0.4000000000000001,True
12,区间扫低立即收回多头,流动性反转,8f1138ca500915f6,REJECTED,1,6,8f1138ca500915f6|edcf576d0f07ee5c|eda6c473d474c9bc|f04b494a1ebc64dd|85bcae0edbb1c312|52f3fa47b619e482,1.0,0.0,1.0,1.0,1.6952141234818747,1.287537569373083,1.0,False
12,区间扫低立即收回多头,流动性反转,79c29a37bad7e697,REJECTED,1,6,79c29a37bad7e697|b40ba1d37a32168f|d0eed6e6a7bb392a|b2f1f788dddb2f41|ba96a31412ed2095|355f96b7fac3e18b,0.6666666666666666,0.0,1.5,1.0,0.3919314585619047,-0.40767655410879167,0.6,False
12,区间扫低立即收回多头,流动性反转,355f96b7fac3e18b,REJECTED,1,6,355f96b7fac3e18b|85bcae0edbb1c312|f04b494a1ebc64dd|eda6c473d474c9bc|edcf576d0f07ee5c|79c29a37bad7e697,1.0,0.0,1.0,1.0,1.6952141234818747,1.6952141234818747,1.0,False
12,区间扫低立即收回多头,流动性反转,d0eed6e6a7bb392a,REJECTED,2,6,d0eed6e6a7bb392a|b2f1f788dddb2f41|ba96a31412ed2095|52f3fa47b619e482|79c29a37bad7e697|b40ba1d37a32168f,0.6666666666666666,0.0,2.0,1.0,0.3919314585619047,-0.40767655410879167,0.4,True
12,区间扫低立即收回多头,流动性反转,f04b494a1ebc64dd,REJECTED,1,6,f04b494a1ebc64dd|eda6c473d474c9bc|edcf576d0f07ee5c|8f1138ca500915f6|355f96b7fac3e18b|85bcae0edbb1c312,1.0,0.0,1.0,1.0,1.6952141234818747,1.6952141234818747,1.0,False
12,区间扫低立即收回多头,流动性反转,ba96a31412ed2095,REJECTED,2,6,ba96a31412ed2095|52f3fa47b619e482|d0eed6e6a7bb392a|b2f1f788dddb2f41|79c29a37bad7e697|edcf576d0f07ee5c,0.8333333333333334,0.0,2.0,1.0,0.8397345139674939,-0.40767655410879167,0.5,True
12,区间扫低立即收回多头,流动性反转,edcf576d0f07ee5c,REJECTED,1,6,edcf576d0f07ee5c|8f1138ca500915f6|f04b494a1ebc64dd|eda6c473d474c9bc|355f96b7fac3e18b|ba96a31412ed2095,1.0,0.0,1.0,1.0,1.6952141234818747,0.3919314585619047,1.0,False
13,区间扫高立即跌回空头,流动性反转,8fd1af4476b79286,REJECTED,0,6,8fd1af4476b79286|5a7b974008f26896|4f6d84d986d1bd0d|b12fda698fe02a94|62232309f161b9fb|99a1be075dd40725,0.0,0.0,0.0,0.0,0.0,0.0,0.0,False
13,区间扫高立即跌回空头,流动性反转,99a1be075dd40725,REJECTED,0,6,99a1be075dd40725|65e7d2b598844a35|7e88a249860f7bb1|74af1a26f945f717|38e55750fe899b63|8fd1af4476b79286,0.0,0.0,0.0,0.0,0.0,0.0,0.0,False
13,区间扫高立即跌回空头,流动性反转,4f6d84d986d1bd0d,REJECTED,0,6,4f6d84d986d1bd0d|b12fda698fe02a94|62232309f161b9fb|3edc0d26623f0714|8fd1af4476b79286|5a7b974008f26896,0.0,0.0,0.0,0.0,0.0,0.0,0.0,False
13,区间扫高立即跌回空头,流动性反转,7e88a249860f7bb1,REJECTED,0,6,7e88a249860f7bb1|74af1a26f945f717|38e55750fe899b63|8117193e47b672bb|99a1be075dd40725|65e7d2b598844a35,0.0,0.0,0.0,0.0,0.0,0.0,0.0,False
13,区间扫高立即跌回空头,流动性反转,62232309f161b9fb,REJECTED,0,6,62232309f161b9fb|3edc0d26623f0714|4f6d84d986d1bd0d|b12fda698fe02a94|8fd1af4476b79286|38e55750fe899b63,0.0,0.0,0.0,0.0,0.0,0.0,0.0,False
13,区间扫高立即跌回空头,流动性反转,38e55750fe899b63,REJECTED,0,6,38e55750fe899b63|8117193e47b672bb|7e88a249860f7bb1|74af1a26f945f717|99a1be075dd40725|62232309f161b9fb,0.0,0.0,0.0,0.0,0.0,0.0,0.0,False
13,区间扫高立即跌回空头,流动性反转,5a7b974008f26896,REJECTED,0,6,5a7b974008f26896|8fd1af4476b79286|b12fda698fe02a94|4f6d84d986d1bd0d|3edc0d26623f0714|65e7d2b598844a35,0.0,0.0,0.0,0.0,0.0,0.0,0.0,False
13,区间扫高立即跌回空头,流动性反转,65e7d2b598844a35,REJECTED,0,6,65e7d2b598844a35|99a1be075dd40725|74af1a26f945f717|7e88a249860f7bb1|8117193e47b672bb|5a7b974008f26896,0.0,0.0,0.0,0.0,0.0,0.0,0.0,False
13,区间扫高立即跌回空头,流动性反转,b12fda698fe02a94,REJECTED,0,6,b12fda698fe02a94|4f6d84d986d1bd0d|3edc0d26623f0714|62232309f161b9fb|5a7b974008f26896|8fd1af4476b79286,0.0,0.0,0.0,0.0,0.0,0.0,0.0,False
13,区间扫高立即跌回空头,流动性反转,74af1a26f945f717,REJECTED,0,6,74af1a26f945f717|7e88a249860f7bb1|8117193e47b672bb|38e55750fe899b63|65e7d2b598844a35|99a1be075dd40725,0.0,0.0,0.0,0.0,0.0,0.0,0.0,False
13,区间扫高立即跌回空头,流动性反转,3edc0d26623f0714,REJECTED,0,6,3edc0d26623f0714|62232309f161b9fb|b12fda698fe02a94|4f6d84d986d1bd0d|5a7b974008f26896|8117193e47b672bb,0.0,0.0,0.0,0.0,0.0,0.0,0.0,False
13,区间扫高立即跌回空头,流动性反转,8117193e47b672bb,REJECTED,0,6,8117193e47b672bb|38e55750fe899b63|74af1a26f945f717|7e88a249860f7bb1|65e7d2b598844a35|3edc0d26623f0714,0.0,0.0,0.0,0.0,0.0,0.0,0.0,False
13,区间扫高立即跌回空头,流动性反转,9725d216812a9017,REJECTED,2,6,9725d216812a9017|5443500561f8fa59|2c428183978376ff|b43422b85cd21386|77df21d40787c7a0|127cadfba852a73b,0.3333333333333333,0.0,2.5,2.0,-0.007516051356734346,-1.7121533340484483,0.6000000000000001,False
13,区间扫高立即跌回空头,流动性反转,127cadfba852a73b,REJECTED,0,6,127cadfba852a73b|4a2e9ec6569260b5|b1e22c71ec2cc40c|d416d8adf0bb42b4|c4a2779d60f7fe7d|9725d216812a9017,0.16666666666666666,0.0,0.0,0.0,0.0,0.0,0.0,False
13,区间扫高立即跌回空头,流动性反转,2c428183978376ff,REJECTED,3,6,2c428183978376ff|b43422b85cd21386|77df21d40787c7a0|3878caa0118d39b4|9725d216812a9017|5443500561f8fa59,0.3333333333333333,0.0,3.0,2.0,-0.761670454282978,-1.7121533340484483,0.7333333333333334,False
13,区间扫高立即跌回空头,流动性反转,b1e22c71ec2cc40c,REJECTED,0,6,b1e22c71ec2cc40c|d416d8adf0bb42b4|c4a2779d60f7fe7d|4b2eb6be916e62f2|127cadfba852a73b|4a2e9ec6569260b5,0.0,0.0,0.0,0.0,0.0,0.0,0.0,False
13,区间扫高立即跌回空头,流动性反转,77df21d40787c7a0,REJECTED,4,6,77df21d40787c7a0|3878caa0118d39b4|2c428183978376ff|b43422b85cd21386|9725d216812a9017|c4a2779d60f7fe7d,0.3333333333333333,0.0,3.0,2.0,-0.007516051356734346,-1.7121533340484483,0.45000000000000007,False
13,区间扫高立即跌回空头,流动性反转,c4a2779d60f7fe7d,REJECTED,0,6,c4a2779d60f7fe7d|4b2eb6be916e62f2|b1e22c71ec2cc40c|d416d8adf0bb42b4|127cadfba852a73b|77df21d40787c7a0,0.0,0.0,0.0,0.0,0.0,-0.015032102713468692,0.0,False
13,区间扫高立即跌回空头,流动性反转,5443500561f8fa59,REJECTED,2,6,5443500561f8fa59|9725d216812a9017|b43422b85cd21386|2c428183978376ff|3878caa0118d39b4|4a2e9ec6569260b5,0.3333333333333333,0.0,2.5,2.0,-0.7541544029262436,-1.7121533340484483,0.7,False
13,区间扫高立即跌回空头,流动性反转,4a2e9ec6569260b5,REJECTED,0,6,4a2e9ec6569260b5|127cadfba852a73b|d416d8adf0bb42b4|b1e22c71ec2cc40c|4b2eb6be916e62f2|5443500561f8fa59,0.0,0.0,0.0,0.0,0.0,-1.5083088058524872,0.0,False
13,区间扫高立即跌回空头,流动性反转,b43422b85cd21386,REJECTED,3,6,b43422b85cd21386|2c428183978376ff|3878caa0118d39b4|77df21d40787c7a0|5443500561f8fa59|9725d216812a9017,0.3333333333333333,0.0,3.0,2.0,-0.761670454282978,-1.7121533340484483,0.6666666666666666,False
13,区间扫高立即跌回空头,流动性反转,d416d8adf0bb42b4,REJECTED,0,6,d416d8adf0bb42b4|b1e22c71ec2cc40c|4b2eb6be916e62f2|c4a2779d60f7fe7d|4a2e9ec6569260b5|127cadfba852a73b,0.0,0.0,0.0,0.0,0.0,0.0,0.0,False
13,区间扫高立即跌回空头,流动性反转,3878caa0118d39b4,REJECTED,3,6,3878caa0118d39b4|77df21d40787c7a0|b43422b85cd21386|2c428183978376ff|5443500561f8fa59|4b2eb6be916e62f2,0.16666666666666666,0.0,3.0,2.0,-0.761670454282978,-1.7121533340484483,0.6,False
13,区间扫高立即跌回空头,流动性反转,4b2eb6be916e62f2,REJECTED,0,6,4b2eb6be916e62f2|c4a2779d60f7fe7d|d416d8adf0bb42b4|b1e22c71ec2cc40c|4a2e9ec6569260b5|3878caa0118d39b4,0.0,0.0,0.0,0.0,0.0,-1.7121533340484483,0.0,False
14,扫低后确认K多头,流动性确认,00818180b499d433,REJECTED,1,6,00818180b499d433|a4f97b8bb7d46478|420368888784e2fc|7d7a7d7e99a93f56|72f282e6092dfc7d|5b5b7008347a3d18,0.0,0.0,1.5,1.0,-0.254194028130819,-1.5878485685523673,1.0,False
14,扫低后确认K多头,流动性确认,5b5b7008347a3d18,REJECTED,1,6,5b5b7008347a3d18|689dcc0f1df64482|1fa2d0adac1f694e|4f8892529ef7fd80|f76863b8851dfca5|00818180b499d433,0.0,0.0,1.5,1.0,-0.254194028130819,-1.5878485685523673,1.0,False
14,扫低后确认K多头,流动性确认,420368888784e2fc,REJECTED,2,6,420368888784e2fc|7d7a7d7e99a93f56|72f282e6092dfc7d|67242355ab781d13|00818180b499d433|a4f97b8bb7d46478,0.0,0.0,2.0,1.0,-0.254194028130819,-1.5878485685523673,0.8,False
14,扫低后确认K多头,流动性确认,1fa2d0adac1f694e,REJECTED,2,6,1fa2d0adac1f694e|4f8892529ef7fd80|f76863b8851dfca5|07345f01afffed80|5b5b7008347a3d18|689dcc0f1df64482,0.0,0.0,2.0,1.0,-0.254194028130819,-1.5878485685523673,0.8,False
14,扫低后确认K多头,流动性确认,72f282e6092dfc7d,REJECTED,3,6,72f282e6092dfc7d|67242355ab781d13|420368888784e2fc|7d7a7d7e99a93f56|00818180b499d433|f76863b8851dfca5,0.0,0.0,2.5,1.0,-0.18855086857505007,-1.5878485685523673,0.7333333333333334,False
14,扫低后确认K多头,流动性确认,f76863b8851dfca5,REJECTED,3,6,f76863b8851dfca5|07345f01afffed80|1fa2d0adac1f694e|4f8892529ef7fd80|5b5b7008347a3d18|72f282e6092dfc7d,0.0,0.0,2.5,1.0,-0.18855086857505007,-1.5878485685523673,0.7333333333333334,False
14,扫低后确认K多头,流动性确认,a4f97b8bb7d46478,REJECTED,1,6,a4f97b8bb7d46478|00818180b499d433|7d7a7d7e99a93f56|420368888784e2fc|67242355ab781d13|689dcc0f1df64482,0.0,0.0,1.5,1.0,-0.254194028130819,-1.5878485685523673,1.0,False
14,扫低后确认K多头,流动性确认,689dcc0f1df64482,REJECTED,1,6,689dcc0f1df64482|5b5b7008347a3d18|4f8892529ef7fd80|1fa2d0adac1f694e|07345f01afffed80|a4f97b8bb7d46478,0.0,0.0,1.5,1.0,-0.254194028130819,-1.5878485685523673,1.0,False
14,扫低后确认K多头,流动性确认,7d7a7d7e99a93f56,REJECTED,2,6,7d7a7d7e99a93f56|420368888784e2fc|67242355ab781d13|72f282e6092dfc7d|a4f97b8bb7d46478|00818180b499d433,0.0,0.0,2.0,1.0,-0.254194028130819,-1.5878485685523673,0.8,False
14,扫低后确认K多头,流动性确认,4f8892529ef7fd80,REJECTED,2,6,4f8892529ef7fd80|1fa2d0adac1f694e|07345f01afffed80|f76863b8851dfca5|689dcc0f1df64482|5b5b7008347a3d18,0.0,0.0,2.0,1.0,-0.254194028130819,-1.5878485685523673,0.8,False
14,扫低后确认K多头,流动性确认,67242355ab781d13,REJECTED,3,6,67242355ab781d13|72f282e6092dfc7d|7d7a7d7e99a93f56|420368888784e2fc|a4f97b8bb7d46478|07345f01afffed80,0.0,0.0,2.5,1.0,-0.18855086857505007,-1.5878485685523673,0.7333333333333334,False
14,扫低后确认K多头,流动性确认,07345f01afffed80,REJECTED,3,6,07345f01afffed80|f76863b8851dfca5|4f8892529ef7fd80|1fa2d0adac1f694e|689dcc0f1df64482|67242355ab781d13,0.0,0.0,2.5,1.0,-0.18855086857505007,-1.5878485685523673,0.7333333333333334,False
14,扫低后确认K多头,流动性确认,1edfecdef34adcd5,REJECTED,1,6,1edfecdef34adcd5|2be5a1e851a7fe7f|38fd8dd92687917a|3bd6a29bd8ffd119|71c2ef63dd7702cc|6ff2232841103a1c,0.16666666666666666,0.0,1.5,1.0,-1.3032728202591888,-2.8104177076814847,0.6,False
14,扫低后确认K多头,流动性确认,6ff2232841103a1c,REJECTED,1,6,6ff2232841103a1c|84d87b4ed9339dcb|21936f6490775bd2|b36a78b497536923|b41d7a5866e6f127|1edfecdef34adcd5,0.16666666666666666,0.0,1.5,1.0,-1.3032728202591888,-2.8104177076814847,0.6,False
14,扫低后确认K多头,流动性确认,38fd8dd92687917a,REJECTED,2,6,38fd8dd92687917a|3bd6a29bd8ffd119|71c2ef63dd7702cc|2a8da9b9f57c9899|1edfecdef34adcd5|2be5a1e851a7fe7f,0.3333333333333333,0.0,2.0,1.0,-1.3032728202591888,-2.8104177076814847,0.30000000000000004,False
14,扫低后确认K多头,流动性确认,21936f6490775bd2,REJECTED,2,6,21936f6490775bd2|b36a78b497536923|b41d7a5866e6f127|3665511e827ece11|6ff2232841103a1c|84d87b4ed9339dcb,0.3333333333333333,0.0,2.0,1.0,-1.3032728202591888,-2.8104177076814847,0.30000000000000004,False
14,扫低后确认K多头,流动性确认,71c2ef63dd7702cc,REJECTED,3,6,71c2ef63dd7702cc|2a8da9b9f57c9899|38fd8dd92687917a|3bd6a29bd8ffd119|1edfecdef34adcd5|b41d7a5866e6f127,0.3333333333333333,0.0,2.5,1.0,-1.954910334260283,-2.8104177076814847,0.4666666666666666,False
14,扫低后确认K多头,流动性确认,b41d7a5866e6f127,REJECTED,3,6,b41d7a5866e6f127|3665511e827ece11|21936f6490775bd2|b36a78b497536923|6ff2232841103a1c|71c2ef63dd7702cc,0.3333333333333333,0.0,2.5,1.0,-1.954910334260283,-2.8104177076814847,0.4666666666666666,False
14,扫低后确认K多头,流动性确认,2be5a1e851a7fe7f,REJECTED,1,6,2be5a1e851a7fe7f|1edfecdef34adcd5|3bd6a29bd8ffd119|38fd8dd92687917a|2a8da9b9f57c9899|84d87b4ed9339dcb,0.3333333333333333,0.0,1.5,1.0,-1.3032728202591888,-2.6065480905745884,0.6,False
14,扫低后确认K多头,流动性确认,84d87b4ed9339dcb,REJECTED,1,6,84d87b4ed9339dcb|6ff2232841103a1c|b36a78b497536923|21936f6490775bd2|3665511e827ece11|2be5a1e851a7fe7f,0.3333333333333333,0.0,1.5,1.0,-1.3032728202591888,-2.6065480905745884,0.6,False
14,扫低后确认K多头,流动性确认,3bd6a29bd8ffd119,REJECTED,2,6,3bd6a29bd8ffd119|38fd8dd92687917a|2a8da9b9f57c9899|71c2ef63dd7702cc|2be5a1e851a7fe7f|1edfecdef34adcd5,0.3333333333333333,0.0,2.0,1.0,-1.3032728202591888,-2.8104177076814847,0.30000000000000004,False
14,扫低后确认K多头,流动性确认,b36a78b497536923,REJECTED,2,6,b36a78b497536923|21936f6490775bd2|3665511e827ece11|b41d7a5866e6f127|84d87b4ed9339dcb|6ff2232841103a1c,0.3333333333333333,0.0,2.0,1.0,-1.3032728202591888,-2.8104177076814847,0.30000000000000004,False
14,扫低后确认K多头,流动性确认,2a8da9b9f57c9899,REJECTED,3,6,2a8da9b9f57c9899|71c2ef63dd7702cc|3bd6a29bd8ffd119|38fd8dd92687917a|2be5a1e851a7fe7f|3665511e827ece11,0.5,0.0,2.5,1.0,-0.5575992450253086,-2.8104177076814847,0.4666666666666666,False
14,扫低后确认K多头,流动性确认,3665511e827ece11,REJECTED,3,6,3665511e827ece11|b41d7a5866e6f127|b36a78b497536923|21936f6490775bd2|84d87b4ed9339dcb|2a8da9b9f57c9899,0.5,0.0,2.5,1.0,-0.5575992450253086,-2.8104177076814847,0.4666666666666666,False
15,扫高后确认K空头,流动性确认,2605712f51fd787a,REJECTED,0,6,2605712f51fd787a|8868f646ad2e2ba0|f9705cde0e0b2575|7a6d38978ba102a4|b2a34c801fcf5f6c|ad171291b2832277,0.0,0.0,0.0,0.0,0.0,0.0,0.0,False
15,扫高后确认K空头,流动性确认,ad171291b2832277,REJECTED,0,6,ad171291b2832277|00ab8f4d1b44c403|d842013a14069c4c|d8a0649849303368|42e48b89c4d71b37|2605712f51fd787a,0.0,0.0,0.0,0.0,0.0,0.0,0.0,False
15,扫高后确认K空头,流动性确认,f9705cde0e0b2575,REJECTED,0,6,f9705cde0e0b2575|7a6d38978ba102a4|b2a34c801fcf5f6c|b9fbb15876315307|2605712f51fd787a|8868f646ad2e2ba0,0.0,0.0,0.0,0.0,0.0,0.0,0.0,False
15,扫高后确认K空头,流动性确认,d842013a14069c4c,REJECTED,0,6,d842013a14069c4c|d8a0649849303368|42e48b89c4d71b37|e95f120e47a658e8|ad171291b2832277|00ab8f4d1b44c403,0.0,0.0,0.0,0.0,0.0,0.0,0.0,False
15,扫高后确认K空头,流动性确认,b2a34c801fcf5f6c,REJECTED,0,6,b2a34c801fcf5f6c|b9fbb15876315307|f9705cde0e0b2575|7a6d38978ba102a4|2605712f51fd787a|42e48b89c4d71b37,0.0,0.0,0.0,0.0,0.0,0.0,0.0,False
15,扫高后确认K空头,流动性确认,42e48b89c4d71b37,REJECTED,0,6,42e48b89c4d71b37|e95f120e47a658e8|d842013a14069c4c|d8a0649849303368|ad171291b2832277|b2a34c801fcf5f6c,0.0,0.0,0.0,0.0,0.0,0.0,0.0,False
15,扫高后确认K空头,流动性确认,8868f646ad2e2ba0,REJECTED,0,6,8868f646ad2e2ba0|2605712f51fd787a|7a6d38978ba102a4|f9705cde0e0b2575|b9fbb15876315307|00ab8f4d1b44c403,0.0,0.0,0.0,0.0,0.0,0.0,0.0,False
15,扫高后确认K空头,流动性确认,00ab8f4d1b44c403,REJECTED,0,6,00ab8f4d1b44c403|ad171291b2832277|d8a0649849303368|d842013a14069c4c|e95f120e47a658e8|8868f646ad2e2ba0,0.0,0.0,0.0,0.0,0.0,0.0,0.0,False
15,扫高后确认K空头,流动性确认,7a6d38978ba102a4,REJECTED,0,6,7a6d38978ba102a4|f9705cde0e0b2575|b9fbb15876315307|b2a34c801fcf5f6c|8868f646ad2e2ba0|2605712f51fd787a,0.0,0.0,0.0,0.0,0.0,0.0,0.0,False
15,扫高后确认K空头,流动性确认,d8a0649849303368,REJECTED,0,6,d8a0649849303368|d842013a14069c4c|e95f120e47a658e8|42e48b89c4d71b37|00ab8f4d1b44c403|ad171291b2832277,0.0,0.0,0.0,0.0,0.0,0.0,0.0,False
15,扫高后确认K空头,流动性确认,b9fbb15876315307,REJECTED,0,6,b9fbb15876315307|b2a34c801fcf5f6c|7a6d38978ba102a4|f9705cde0e0b2575|8868f646ad2e2ba0|e95f120e47a658e8,0.0,0.0,0.0,0.0,0.0,0.0,0.0,False
15,扫高后确认K空头,流动性确认,e95f120e47a658e8,REJECTED,0,6,e95f120e47a658e8|42e48b89c4d71b37|d8a0649849303368|d842013a14069c4c|00ab8f4d1b44c403|b9fbb15876315307,0.0,0.0,0.0,0.0,0.0,0.0,0.0,False
15,扫高后确认K空头,流动性确认,f2f7aa2425dbe839,REJECTED,0,6,f2f7aa2425dbe839|20f0ba6c78d10718|034ee2cc753affcc|c6a949bd61622c50|bf556bdaaf9a4a0d|2568490cae64c5bb,0.0,0.0,0.0,0.0,0.0,0.0,0.0,False
15,扫高后确认K空头,流动性确认,2568490cae64c5bb,REJECTED,0,6,2568490cae64c5bb|d5ff2523b8a292ed|b43046a64e723e36|0515d82ca888c2ae|16b3ed2f1a8d3162|f2f7aa2425dbe839,0.0,0.0,0.0,0.0,0.0,0.0,0.0,False
15,扫高后确认K空头,流动性确认,034ee2cc753affcc,REJECTED,0,6,034ee2cc753affcc|c6a949bd61622c50|bf556bdaaf9a4a0d|ba2bfb785cbd1288|f2f7aa2425dbe839|20f0ba6c78d10718,0.0,0.0,0.0,0.0,0.0,0.0,0.0,False
15,扫高后确认K空头,流动性确认,b43046a64e723e36,REJECTED,0,6,b43046a64e723e36|0515d82ca888c2ae|16b3ed2f1a8d3162|8c83bd54a5e2fee1|2568490cae64c5bb|d5ff2523b8a292ed,0.0,0.0,0.0,0.0,0.0,0.0,0.0,False
15,扫高后确认K空头,流动性确认,bf556bdaaf9a4a0d,REJECTED,0,6,bf556bdaaf9a4a0d|ba2bfb785cbd1288|034ee2cc753affcc|c6a949bd61622c50|f2f7aa2425dbe839|16b3ed2f1a8d3162,0.0,0.0,0.0,0.0,0.0,0.0,0.0,False
15,扫高后确认K空头,流动性确认,16b3ed2f1a8d3162,REJECTED,0,6,16b3ed2f1a8d3162|8c83bd54a5e2fee1|b43046a64e723e36|0515d82ca888c2ae|2568490cae64c5bb|bf556bdaaf9a4a0d,0.0,0.0,0.0,0.0,0.0,0.0,0.0,False
15,扫高后确认K空头,流动性确认,20f0ba6c78d10718,REJECTED,0,6,20f0ba6c78d10718|f2f7aa2425dbe839|c6a949bd61622c50|034ee2cc753affcc|ba2bfb785cbd1288|d5ff2523b8a292ed,0.0,0.0,0.0,0.0,0.0,0.0,0.0,False
15,扫高后确认K空头,流动性确认,d5ff2523b8a292ed,REJECTED,0,6,d5ff2523b8a292ed|2568490cae64c5bb|0515d82ca888c2ae|b43046a64e723e36|8c83bd54a5e2fee1|20f0ba6c78d10718,0.0,0.0,0.0,0.0,0.0,0.0,0.0,False
15,扫高后确认K空头,流动性确认,c6a949bd61622c50,REJECTED,0,6,c6a949bd61622c50|034ee2cc753affcc|ba2bfb785cbd1288|bf556bdaaf9a4a0d|20f0ba6c78d10718|f2f7aa2425dbe839,0.0,0.0,0.0,0.0,0.0,0.0,0.0,False
15,扫高后确认K空头,流动性确认,0515d82ca888c2ae,REJECTED,0,6,0515d82ca888c2ae|b43046a64e723e36|8c83bd54a5e2fee1|16b3ed2f1a8d3162|d5ff2523b8a292ed|2568490cae64c5bb,0.0,0.0,0.0,0.0,0.0,0.0,0.0,False
15,扫高后确认K空头,流动性确认,ba2bfb785cbd1288,REJECTED,0,6,ba2bfb785cbd1288|bf556bdaaf9a4a0d|c6a949bd61622c50|034ee2cc753affcc|20f0ba6c78d10718|8c83bd54a5e2fee1,0.0,0.0,0.0,0.0,0.0,0.0,0.0,False
15,扫高后确认K空头,流动性确认,8c83bd54a5e2fee1,REJECTED,0,6,8c83bd54a5e2fee1|16b3ed2f1a8d3162|0515d82ca888c2ae|b43046a64e723e36|d5ff2523b8a292ed|ba2bfb785cbd1288,0.0,0.0,0.0,0.0,0.0,0.0,0.0,False
16,区间二次测试不破多头,二次测试,c8a4baab2eca4d24,REJECTED,1,6,c8a4baab2eca4d24|bc5c334a1ad91a57|d13a88e879832a05|fdcdd485dc4dbc62|87426e4370a04dbd|798280813e036d0a,0.0,0.0,1.5,1.0,-2.0002735193868872,-4.000502775747097,1.0,False
16,区间二次测试不破多头,二次测试,798280813e036d0a,REJECTED,1,6,798280813e036d0a|406e94298e14dc81|f1eec51a4df1ea91|404b2196c88cf3fe|b54229b2ade6585e|c8a4baab2eca4d24,0.0,0.0,1.5,1.0,-2.0002735193868872,-4.000502775747097,1.0,False
16,区间二次测试不破多头,二次测试,d13a88e879832a05,REJECTED,2,6,d13a88e879832a05|fdcdd485dc4dbc62|87426e4370a04dbd|4f25ef6e3c91296c|c8a4baab2eca4d24|bc5c334a1ad91a57,0.0,0.0,2.0,1.0,-2.0002735193868872,-4.000502775747097,0.8,False
16,区间二次测试不破多头,二次测试,f1eec51a4df1ea91,REJECTED,2,6,f1eec51a4df1ea91|404b2196c88cf3fe|b54229b2ade6585e|1dfb5e6d840c4952|798280813e036d0a|406e94298e14dc81,0.0,0.0,2.0,1.0,-2.0002735193868872,-4.000502775747097,0.8,False
16,区间二次测试不破多头,二次测试,87426e4370a04dbd,REJECTED,3,6,87426e4370a04dbd|4f25ef6e3c91296c|d13a88e879832a05|fdcdd485dc4dbc62|c8a4baab2eca4d24|b54229b2ade6585e,0.0,0.0,2.5,1.0,-2.6670257574233123,-4.000502775747097,0.6666666666666666,False
16,区间二次测试不破多头,二次测试,b54229b2ade6585e,REJECTED,3,6,b54229b2ade6585e|1dfb5e6d840c4952|f1eec51a4df1ea91|404b2196c88cf3fe|798280813e036d0a|87426e4370a04dbd,0.0,0.0,2.5,1.0,-2.6670257574233123,-4.000502775747097,0.6666666666666666,False
16,区间二次测试不破多头,二次测试,bc5c334a1ad91a57,REJECTED,1,6,bc5c334a1ad91a57|c8a4baab2eca4d24|fdcdd485dc4dbc62|d13a88e879832a05|4f25ef6e3c91296c|406e94298e14dc81,0.0,0.0,1.5,1.0,-1.3335212813504627,-2.6670257574233123,1.0,False
16,区间二次测试不破多头,二次测试,406e94298e14dc81,REJECTED,1,6,406e94298e14dc81|798280813e036d0a|404b2196c88cf3fe|f1eec51a4df1ea91|1dfb5e6d840c4952|bc5c334a1ad91a57,0.0,0.0,1.5,1.0,-1.3335212813504627,-2.6670257574233123,1.0,False
16,区间二次测试不破多头,二次测试,fdcdd485dc4dbc62,REJECTED,2,6,fdcdd485dc4dbc62|d13a88e879832a05|4f25ef6e3c91296c|87426e4370a04dbd|bc5c334a1ad91a57|c8a4baab2eca4d24,0.0,0.0,2.0,1.0,-2.0002735193868872,-4.000502775747097,0.8,False
16,区间二次测试不破多头,二次测试,404b2196c88cf3fe,REJECTED,2,6,404b2196c88cf3fe|f1eec51a4df1ea91|1dfb5e6d840c4952|b54229b2ade6585e|406e94298e14dc81|798280813e036d0a,0.0,0.0,2.0,1.0,-2.0002735193868872,-4.000502775747097,0.8,False
16,区间二次测试不破多头,二次测试,4f25ef6e3c91296c,REJECTED,3,6,4f25ef6e3c91296c|87426e4370a04dbd|fdcdd485dc4dbc62|d13a88e879832a05|bc5c334a1ad91a57|1dfb5e6d840c4952,0.0,0.0,2.5,1.0,-2.0002735193868872,-4.000502775747097,0.6666666666666666,False
16,区间二次测试不破多头,二次测试,1dfb5e6d840c4952,REJECTED,3,6,1dfb5e6d840c4952|b54229b2ade6585e|404b2196c88cf3fe|f1eec51a4df1ea91|406e94298e14dc81|4f25ef6e3c91296c,0.0,0.0,2.5,1.0,-2.0002735193868872,-4.000502775747097,0.6666666666666666,False
16,区间二次测试不破多头,二次测试,0c5ed681f60edf5d,REJECTED,1,6,0c5ed681f60edf5d|536f4ef3fe93694c|01065f5d93aa55e3|ed65f538acbfe2a3|85f55e0b349ec665|e020723b885085d1,0.0,0.0,1.5,1.0,-0.8552759267153194,-2.8099616143154957,1.0,False
16,区间二次测试不破多头,二次测试,e020723b885085d1,REJECTED,1,6,e020723b885085d1|2d72bfe36b1457fe|314a71a00d48fc70|45e26f4f08235f86|655f3779f538151d|0c5ed681f60edf5d,0.0,0.0,1.5,1.0,-0.8552759267153194,-2.8099616143154957,1.0,False
16,区间二次测试不破多头,二次测试,01065f5d93aa55e3,REJECTED,2,6,01065f5d93aa55e3|ed65f538acbfe2a3|85f55e0b349ec665|5911315f52956132|0c5ed681f60edf5d|536f4ef3fe93694c,0.16666666666666666,0.0,2.0,1.0,-0.8552759267153194,-2.8099616143154957,0.8,False
16,区间二次测试不破多头,二次测试,314a71a00d48fc70,REJECTED,2,6,314a71a00d48fc70|45e26f4f08235f86|655f3779f538151d|b681e4fff4fe196b|e020723b885085d1|2d72bfe36b1457fe,0.16666666666666666,0.0,2.0,1.0,-0.8552759267153194,-2.8099616143154957,0.8,False
16,区间二次测试不破多头,二次测试,85f55e0b349ec665,REJECTED,3,6,85f55e0b349ec665|5911315f52956132|01065f5d93aa55e3|ed65f538acbfe2a3|0c5ed681f60edf5d|655f3779f538151d,0.16666666666666666,0.0,2.5,1.0,-1.5068461431120603,-2.8099616143154957,0.6666666666666666,False
16,区间二次测试不破多头,二次测试,655f3779f538151d,REJECTED,3,6,655f3779f538151d|b681e4fff4fe196b|314a71a00d48fc70|45e26f4f08235f86|e020723b885085d1|85f55e0b349ec665,0.16666666666666666,0.0,2.5,1.0,-1.5068461431120603,-2.8099616143154957,0.6666666666666666,False
16,区间二次测试不破多头,二次测试,536f4ef3fe93694c,REJECTED,1,6,536f4ef3fe93694c|0c5ed681f60edf5d|ed65f538acbfe2a3|01065f5d93aa55e3|5911315f52956132|2d72bfe36b1457fe,0.16666666666666666,0.0,1.5,1.0,-0.20370571031857831,-1.5068461431120603,1.0,False
16,区间二次测试不破多头,二次测试,2d72bfe36b1457fe,REJECTED,1,6,2d72bfe36b1457fe|e020723b885085d1|45e26f4f08235f86|314a71a00d48fc70|b681e4fff4fe196b|536f4ef3fe93694c,0.16666666666666666,0.0,1.5,1.0,-0.20370571031857831,-1.5068461431120603,1.0,False
16,区间二次测试不破多头,二次测试,ed65f538acbfe2a3,REJECTED,2,6,ed65f538acbfe2a3|01065f5d93aa55e3|5911315f52956132|85f55e0b349ec665|536f4ef3fe93694c|0c5ed681f60edf5d,0.16666666666666666,0.0,2.0,1.0,-0.8552759267153194,-2.8099616143154957,0.8,False
16,区间二次测试不破多头,二次测试,45e26f4f08235f86,REJECTED,2,6,45e26f4f08235f86|314a71a00d48fc70|b681e4fff4fe196b|655f3779f538151d|2d72bfe36b1457fe|e020723b885085d1,0.16666666666666666,0.0,2.0,1.0,-0.8552759267153194,-2.8099616143154957,0.8,False
16,区间二次测试不破多头,二次测试,5911315f52956132,REJECTED,3,6,5911315f52956132|85f55e0b349ec665|ed65f538acbfe2a3|01065f5d93aa55e3|536f4ef3fe93694c|b681e4fff4fe196b,0.3333333333333333,0.0,2.5,1.0,-0.8552759267153194,-2.8099616143154957,0.6666666666666666,False
16,区间二次测试不破多头,二次测试,b681e4fff4fe196b,REJECTED,3,6,b681e4fff4fe196b|655f3779f538151d|45e26f4f08235f86|314a71a00d48fc70|2d72bfe36b1457fe|5911315f52956132,0.3333333333333333,0.0,2.5,1.0,-0.8552759267153194,-2.8099616143154957,0.6666666666666666,False
17,区间二次测试不破空头,二次测试,f58e1769c9572a4e,REJECTED,0,6,f58e1769c9572a4e|a5e09978d51e1405|612542f171a6f901|f663bcf66269abc2|491562ee537ce199|1134d1c0f23db557,0.0,0.0,0.0,0.0,0.0,0.0,0.0,False
17,区间二次测试不破空头,二次测试,1134d1c0f23db557,REJECTED,0,6,1134d1c0f23db557|af92226461d668a2|141ec2a1ee2d5db9|fa0243b2bd62c73d|4f1569ce82cf3ac8|f58e1769c9572a4e,0.0,0.0,0.0,0.0,0.0,0.0,0.0,False
17,区间二次测试不破空头,二次测试,612542f171a6f901,REJECTED,0,6,612542f171a6f901|f663bcf66269abc2|491562ee537ce199|8d7e4da9f63ad3e2|f58e1769c9572a4e|a5e09978d51e1405,0.0,0.0,0.0,0.0,0.0,0.0,0.0,False
17,区间二次测试不破空头,二次测试,141ec2a1ee2d5db9,REJECTED,0,6,141ec2a1ee2d5db9|fa0243b2bd62c73d|4f1569ce82cf3ac8|828c21b13adb0b41|1134d1c0f23db557|af92226461d668a2,0.0,0.0,0.0,0.0,0.0,0.0,0.0,False
17,区间二次测试不破空头,二次测试,491562ee537ce199,REJECTED,0,6,491562ee537ce199|8d7e4da9f63ad3e2|612542f171a6f901|f663bcf66269abc2|f58e1769c9572a4e|4f1569ce82cf3ac8,0.0,0.0,0.0,0.0,0.0,0.0,0.0,False
17,区间二次测试不破空头,二次测试,4f1569ce82cf3ac8,REJECTED,0,6,4f1569ce82cf3ac8|828c21b13adb0b41|141ec2a1ee2d5db9|fa0243b2bd62c73d|1134d1c0f23db557|491562ee537ce199,0.0,0.0,0.0,0.0,0.0,0.0,0.0,False
17,区间二次测试不破空头,二次测试,a5e09978d51e1405,REJECTED,0,6,a5e09978d51e1405|f58e1769c9572a4e|f663bcf66269abc2|612542f171a6f901|8d7e4da9f63ad3e2|af92226461d668a2,0.0,0.0,0.0,0.0,0.0,0.0,0.0,False
17,区间二次测试不破空头,二次测试,af92226461d668a2,REJECTED,0,6,af92226461d668a2|1134d1c0f23db557|fa0243b2bd62c73d|141ec2a1ee2d5db9|828c21b13adb0b41|a5e09978d51e1405,0.0,0.0,0.0,0.0,0.0,0.0,0.0,False
17,区间二次测试不破空头,二次测试,f663bcf66269abc2,REJECTED,0,6,f663bcf66269abc2|612542f171a6f901|8d7e4da9f63ad3e2|491562ee537ce199|a5e09978d51e1405|f58e1769c9572a4e,0.0,0.0,0.0,0.0,0.0,0.0,0.0,False
17,区间二次测试不破空头,二次测试,fa0243b2bd62c73d,REJECTED,0,6,fa0243b2bd62c73d|141ec2a1ee2d5db9|828c21b13adb0b41|4f1569ce82cf3ac8|af92226461d668a2|1134d1c0f23db557,0.0,0.0,0.0,0.0,0.0,0.0,0.0,False
17,区间二次测试不破空头,二次测试,8d7e4da9f63ad3e2,REJECTED,0,6,8d7e4da9f63ad3e2|491562ee537ce199|f663bcf66269abc2|612542f171a6f901|a5e09978d51e1405|828c21b13adb0b41,0.0,0.0,0.0,0.0,0.0,0.0,0.0,False
17,区间二次测试不破空头,二次测试,828c21b13adb0b41,REJECTED,0,6,828c21b13adb0b41|4f1569ce82cf3ac8|fa0243b2bd62c73d|141ec2a1ee2d5db9|af92226461d668a2|8d7e4da9f63ad3e2,0.0,0.0,0.0,0.0,0.0,0.0,0.0,False
17,区间二次测试不破空头,二次测试,e7d60a4c4328603e,REJECTED,2,6,e7d60a4c4328603e|501839e0add93b25|6cc740370eb32fb5|bf38897e53b42247|add1fc0880238799|0f67ec027305f281,0.0,0.0,2.5,2.0,-1.0135827641386783,-2.608789890175193,0.8,False
17,区间二次测试不破空头,二次测试,0f67ec027305f281,REJECTED,1,6,0f67ec027305f281|856bb07055e29e6f|3255664f0fa52594|4b68a77eeb58eaab|8e6fc1c19e11f64a|e7d60a4c4328603e,0.0,0.0,1.0,1.0,-0.20383753161026744,-2.608789890175193,0.8,False
17,区间二次测试不破空头,二次测试,6cc740370eb32fb5,REJECTED,3,6,6cc740370eb32fb5|bf38897e53b42247|add1fc0880238799|149f9d6345c0f173|e7d60a4c4328603e|501839e0add93b25,0.0,0.0,3.0,2.0,-1.115501529943812,-2.608789890175193,0.8666666666666667,False
17,区间二次测试不破空头,二次测试,3255664f0fa52594,REJECTED,1,6,3255664f0fa52594|4b68a77eeb58eaab|8e6fc1c19e11f64a|ea3956eafa7890ce|0f67ec027305f281|856bb07055e29e6f,0.0,0.0,1.0,1.0,-0.20383753161026744,-0.20383753161026744,1.0,False
17,区间二次测试不破空头,二次测试,add1fc0880238799,REJECTED,4,6,add1fc0880238799|149f9d6345c0f173|6cc740370eb32fb5|bf38897e53b42247|e7d60a4c4328603e|8e6fc1c19e11f64a,0.0,0.0,3.0,2.0,-1.0135827641386783,-2.608789890175193,0.6499999999999999,False
17,区间二次测试不破空头,二次测试,8e6fc1c19e11f64a,REJECTED,1,6,8e6fc1c19e11f64a|ea3956eafa7890ce|3255664f0fa52594|4b68a77eeb58eaab|0f67ec027305f281|add1fc0880238799,0.0,0.0,1.0,1.0,-0.20383753161026744,-1.115501529943812,1.0,False
17,区间二次测试不破空头,二次测试,501839e0add93b25,REJECTED,2,6,501839e0add93b25|e7d60a4c4328603e|bf38897e53b42247|6cc740370eb32fb5|149f9d6345c0f173|856bb07055e29e6f,0.0,0.0,2.5,2.0,-1.0135827641386783,-2.608789890175193,0.8,False
17,区间二次测试不破空头,二次测试,856bb07055e29e6f,REJECTED,1,6,856bb07055e29e6f|0f67ec027305f281|4b68a77eeb58eaab|3255664f0fa52594|ea3956eafa7890ce|501839e0add93b25,0.0,0.0,1.0,1.0,-0.20383753161026744,-2.608789890175193,0.8,False
17,区间二次测试不破空头,二次测试,bf38897e53b42247,REJECTED,3,6,bf38897e53b42247|6cc740370eb32fb5|149f9d6345c0f173|add1fc0880238799|501839e0add93b25|e7d60a4c4328603e,0.0,0.0,3.0,2.0,-1.115501529943812,-2.608789890175193,0.8666666666666667,False
17,区间二次测试不破空头,二次测试,4b68a77eeb58eaab,REJECTED,1,6,4b68a77eeb58eaab|3255664f0fa52594|ea3956eafa7890ce|8e6fc1c19e11f64a|856bb07055e29e6f|0f67ec027305f281,0.0,0.0,1.0,1.0,-0.20383753161026744,-0.20383753161026744,1.0,False
17,区间二次测试不破空头,二次测试,149f9d6345c0f173,REJECTED,4,6,149f9d6345c0f173|add1fc0880238799|bf38897e53b42247|6cc740370eb32fb5|501839e0add93b25|ea3956eafa7890ce,0.0,0.0,3.0,2.0,-1.0135827641386783,-2.608789890175193,0.6499999999999999,False
17,区间二次测试不破空头,二次测试,ea3956eafa7890ce,REJECTED,1,6,ea3956eafa7890ce|8e6fc1c19e11f64a|4b68a77eeb58eaab|3255664f0fa52594|856bb07055e29e6f|149f9d6345c0f173,0.0,0.0,1.0,1.0,-0.20383753161026744,-1.115501529943812,1.0,False
18,扫低后站回VWAP多头,流动性VWAP,8faa2dfdd58009bb,REJECTED,0,6,8faa2dfdd58009bb|c58a69dd1f6bab47|b03c262c2a21e26a|419405996543f4a1|4aba94286cf7d2fe|ee8fba6716fcedac,0.0,0.0,0.0,0.0,0.0,0.0,0.0,False
18,扫低后站回VWAP多头,流动性VWAP,ee8fba6716fcedac,REJECTED,0,6,ee8fba6716fcedac|1ebcd650b0681d85|7cfc61db548eeefe|e15cfc7fd0e11e25|7f8c977b070d2da9|8faa2dfdd58009bb,0.0,0.0,0.0,0.0,0.0,0.0,0.0,False
18,扫低后站回VWAP多头,流动性VWAP,b03c262c2a21e26a,REJECTED,0,6,b03c262c2a21e26a|419405996543f4a1|4aba94286cf7d2fe|00f902a1c265877f|8faa2dfdd58009bb|c58a69dd1f6bab47,0.0,0.0,0.0,0.0,0.0,0.0,0.0,False
18,扫低后站回VWAP多头,流动性VWAP,7cfc61db548eeefe,REJECTED,0,6,7cfc61db548eeefe|e15cfc7fd0e11e25|7f8c977b070d2da9|e4d742dd08daa67e|ee8fba6716fcedac|1ebcd650b0681d85,0.0,0.0,0.0,0.0,0.0,0.0,0.0,False
18,扫低后站回VWAP多头,流动性VWAP,4aba94286cf7d2fe,REJECTED,0,6,4aba94286cf7d2fe|00f902a1c265877f|b03c262c2a21e26a|419405996543f4a1|8faa2dfdd58009bb|7f8c977b070d2da9,0.0,0.0,0.0,0.0,0.0,0.0,0.0,False
18,扫低后站回VWAP多头,流动性VWAP,7f8c977b070d2da9,REJECTED,0,6,7f8c977b070d2da9|e4d742dd08daa67e|7cfc61db548eeefe|e15cfc7fd0e11e25|ee8fba6716fcedac|4aba94286cf7d2fe,0.0,0.0,0.0,0.0,0.0,0.0,0.0,False
18,扫低后站回VWAP多头,流动性VWAP,c58a69dd1f6bab47,REJECTED,0,6,c58a69dd1f6bab47|8faa2dfdd58009bb|419405996543f4a1|b03c262c2a21e26a|00f902a1c265877f|1ebcd650b0681d85,0.0,0.0,0.0,0.0,0.0,0.0,0.0,False
18,扫低后站回VWAP多头,流动性VWAP,1ebcd650b0681d85,REJECTED,0,6,1ebcd650b0681d85|ee8fba6716fcedac|e15cfc7fd0e11e25|7cfc61db548eeefe|e4d742dd08daa67e|c58a69dd1f6bab47,0.0,0.0,0.0,0.0,0.0,0.0,0.0,False
18,扫低后站回VWAP多头,流动性VWAP,419405996543f4a1,REJECTED,0,6,419405996543f4a1|b03c262c2a21e26a|00f902a1c265877f|4aba94286cf7d2fe|c58a69dd1f6bab47|8faa2dfdd58009bb,0.0,0.0,0.0,0.0,0.0,0.0,0.0,False
18,扫低后站回VWAP多头,流动性VWAP,e15cfc7fd0e11e25,REJECTED,0,6,e15cfc7fd0e11e25|7cfc61db548eeefe|e4d742dd08daa67e|7f8c977b070d2da9|1ebcd650b0681d85|ee8fba6716fcedac,0.0,0.0,0.0,0.0,0.0,0.0,0.0,False
18,扫低后站回VWAP多头,流动性VWAP,00f902a1c265877f,REJECTED,0,6,00f902a1c265877f|4aba94286cf7d2fe|419405996543f4a1|b03c262c2a21e26a|c58a69dd1f6bab47|e4d742dd08daa67e,0.0,0.0,0.0,0.0,0.0,0.0,0.0,False
18,扫低后站回VWAP多头,流动性VWAP,e4d742dd08daa67e,REJECTED,0,6,e4d742dd08daa67e|7f8c977b070d2da9|e15cfc7fd0e11e25|7cfc61db548eeefe|1ebcd650b0681d85|00f902a1c265877f,0.0,0.0,0.0,0.0,0.0,0.0,0.0,False
18,扫低后站回VWAP多头,流动性VWAP,e692357b1c80802f,REJECTED,0,6,e692357b1c80802f|7e5aac4005095bff|89d48005e26ebd66|bcc16f534219ec07|2158f3ec0ffbbf5a|f62d8c5dbed05e41,0.0,0.0,0.0,0.0,0.0,0.0,0.0,False
18,扫低后站回VWAP多头,流动性VWAP,f62d8c5dbed05e41,REJECTED,0,6,f62d8c5dbed05e41|0fcc8e86eccd71a3|d820ba5f91d95221|20905a307d250ee7|19cda89476d761ed|e692357b1c80802f,0.0,0.0,0.0,0.0,0.0,0.0,0.0,False
18,扫低后站回VWAP多头,流动性VWAP,89d48005e26ebd66,REJECTED,0,6,89d48005e26ebd66|bcc16f534219ec07|2158f3ec0ffbbf5a|62c23765ddef6dd6|e692357b1c80802f|7e5aac4005095bff,0.0,0.0,0.0,0.0,0.0,0.0,0.0,False
18,扫低后站回VWAP多头,流动性VWAP,d820ba5f91d95221,REJECTED,0,6,d820ba5f91d95221|20905a307d250ee7|19cda89476d761ed|9ba363bda445067e|f62d8c5dbed05e41|0fcc8e86eccd71a3,0.0,0.0,0.0,0.0,0.0,0.0,0.0,False
18,扫低后站回VWAP多头,流动性VWAP,2158f3ec0ffbbf5a,REJECTED,0,6,2158f3ec0ffbbf5a|62c23765ddef6dd6|89d48005e26ebd66|bcc16f534219ec07|e692357b1c80802f|19cda89476d761ed,0.0,0.0,0.0,0.0,0.0,0.0,0.0,False
18,扫低后站回VWAP多头,流动性VWAP,19cda89476d761ed,REJECTED,0,6,19cda89476d761ed|9ba363bda445067e|d820ba5f91d95221|20905a307d250ee7|f62d8c5dbed05e41|2158f3ec0ffbbf5a,0.0,0.0,0.0,0.0,0.0,0.0,0.0,False
18,扫低后站回VWAP多头,流动性VWAP,7e5aac4005095bff,REJECTED,0,6,7e5aac4005095bff|e692357b1c80802f|bcc16f534219ec07|89d48005e26ebd66|62c23765ddef6dd6|0fcc8e86eccd71a3,0.0,0.0,0.0,0.0,0.0,0.0,0.0,False
18,扫低后站回VWAP多头,流动性VWAP,0fcc8e86eccd71a3,REJECTED,0,6,0fcc8e86eccd71a3|f62d8c5dbed05e41|20905a307d250ee7|d820ba5f91d95221|9ba363bda445067e|7e5aac4005095bff,0.0,0.0,0.0,0.0,0.0,0.0,0.0,False
18,扫低后站回VWAP多头,流动性VWAP,bcc16f534219ec07,REJECTED,0,6,bcc16f534219ec07|89d48005e26ebd66|62c23765ddef6dd6|2158f3ec0ffbbf5a|7e5aac4005095bff|e692357b1c80802f,0.0,0.0,0.0,0.0,0.0,0.0,0.0,False
18,扫低后站回VWAP多头,流动性VWAP,20905a307d250ee7,REJECTED,0,6,20905a307d250ee7|d820ba5f91d95221|9ba363bda445067e|19cda89476d761ed|0fcc8e86eccd71a3|f62d8c5dbed05e41,0.0,0.0,0.0,0.0,0.0,0.0,0.0,False
18,扫低后站回VWAP多头,流动性VWAP,62c23765ddef6dd6,REJECTED,0,6,62c23765ddef6dd6|2158f3ec0ffbbf5a|bcc16f534219ec07|89d48005e26ebd66|7e5aac4005095bff|9ba363bda445067e,0.0,0.0,0.0,0.0,0.0,0.0,0.0,False
18,扫低后站回VWAP多头,流动性VWAP,9ba363bda445067e,REJECTED,0,6,9ba363bda445067e|19cda89476d761ed|20905a307d250ee7|d820ba5f91d95221|0fcc8e86eccd71a3|62c23765ddef6dd6,0.0,0.0,0.0,0.0,0.0,0.0,0.0,False
19,扫高后跌破VWAP空头,流动性VWAP,98c02f47708ca242,REJECTED,0,6,98c02f47708ca242|7a864d3c81588f0b|ec155353e9bf7afd|f713a3ab9464b1e8|259d379492c61e5e|a990aba15d3af94d,0.0,0.0,0.0,0.0,0.0,0.0,0.0,False
19,扫高后跌破VWAP空头,流动性VWAP,a990aba15d3af94d,REJECTED,0,6,a990aba15d3af94d|fcbbc2d92e2ccd2a|3a543772a53533a9|3cf310a912c38855|1944f490fc67fe2f|98c02f47708ca242,0.0,0.0,0.0,0.0,0.0,0.0,0.0,False
19,扫高后跌破VWAP空头,流动性VWAP,ec155353e9bf7afd,REJECTED,0,6,ec155353e9bf7afd|f713a3ab9464b1e8|259d379492c61e5e|2b1cd28c96af1e55|98c02f47708ca242|7a864d3c81588f0b,0.0,0.0,0.0,0.0,0.0,0.0,0.0,False
19,扫高后跌破VWAP空头,流动性VWAP,3a543772a53533a9,REJECTED,0,6,3a543772a53533a9|3cf310a912c38855|1944f490fc67fe2f|1d4da571073ab1d1|a990aba15d3af94d|fcbbc2d92e2ccd2a,0.0,0.0,0.0,0.0,0.0,0.0,0.0,False
19,扫高后跌破VWAP空头,流动性VWAP,259d379492c61e5e,REJECTED,0,6,259d379492c61e5e|2b1cd28c96af1e55|ec155353e9bf7afd|f713a3ab9464b1e8|98c02f47708ca242|1944f490fc67fe2f,0.0,0.0,0.0,0.0,0.0,0.0,0.0,False
19,扫高后跌破VWAP空头,流动性VWAP,1944f490fc67fe2f,REJECTED,0,6,1944f490fc67fe2f|1d4da571073ab1d1|3a543772a53533a9|3cf310a912c38855|a990aba15d3af94d|259d379492c61e5e,0.0,0.0,0.0,0.0,0.0,0.0,0.0,False
19,扫高后跌破VWAP空头,流动性VWAP,7a864d3c81588f0b,REJECTED,0,6,7a864d3c81588f0b|98c02f47708ca242|f713a3ab9464b1e8|ec155353e9bf7afd|2b1cd28c96af1e55|fcbbc2d92e2ccd2a,0.0,0.0,0.0,0.0,0.0,0.0,0.0,False
19,扫高后跌破VWAP空头,流动性VWAP,fcbbc2d92e2ccd2a,REJECTED,0,6,fcbbc2d92e2ccd2a|a990aba15d3af94d|3cf310a912c38855|3a543772a53533a9|1d4da571073ab1d1|7a864d3c81588f0b,0.0,0.0,0.0,0.0,0.0,0.0,0.0,False
19,扫高后跌破VWAP空头,流动性VWAP,f713a3ab9464b1e8,REJECTED,0,6,f713a3ab9464b1e8|ec155353e9bf7afd|2b1cd28c96af1e55|259d379492c61e5e|7a864d3c81588f0b|98c02f47708ca242,0.0,0.0,0.0,0.0,0.0,0.0,0.0,False
19,扫高后跌破VWAP空头,流动性VWAP,3cf310a912c38855,REJECTED,0,6,3cf310a912c38855|3a543772a53533a9|1d4da571073ab1d1|1944f490fc67fe2f|fcbbc2d92e2ccd2a|a990aba15d3af94d,0.0,0.0,0.0,0.0,0.0,0.0,0.0,False
19,扫高后跌破VWAP空头,流动性VWAP,2b1cd28c96af1e55,REJECTED,0,6,2b1cd28c96af1e55|259d379492c61e5e|f713a3ab9464b1e8|ec155353e9bf7afd|7a864d3c81588f0b|1d4da571073ab1d1,0.0,0.0,0.0,0.0,0.0,0.0,0.0,False
19,扫高后跌破VWAP空头,流动性VWAP,1d4da571073ab1d1,REJECTED,0,6,1d4da571073ab1d1|1944f490fc67fe2f|3cf310a912c38855|3a543772a53533a9|fcbbc2d92e2ccd2a|2b1cd28c96af1e55,0.0,0.0,0.0,0.0,0.0,0.0,0.0,False
19,扫高后跌破VWAP空头,流动性VWAP,24bc307f20eaf1d9,REJECTED,0,6,24bc307f20eaf1d9|9939c761bab1a990|27927964966f873c|d4cf7abe45227bcd|e7bda3300b8212f9|e86113a5fc78a5ad,0.0,0.0,0.0,0.0,0.0,0.0,0.0,False
19,扫高后跌破VWAP空头,流动性VWAP,e86113a5fc78a5ad,REJECTED,0,6,e86113a5fc78a5ad|7e9fe35b983bcf0e|30036062af572688|5d05f1468edb1c81|d072d653aaa77754|24bc307f20eaf1d9,0.0,0.0,0.0,0.0,0.0,0.0,0.0,False
19,扫高后跌破VWAP空头,流动性VWAP,27927964966f873c,REJECTED,0,6,27927964966f873c|d4cf7abe45227bcd|e7bda3300b8212f9|6da8291098eec55f|24bc307f20eaf1d9|9939c761bab1a990,0.0,0.0,0.0,0.0,0.0,0.0,0.0,False
19,扫高后跌破VWAP空头,流动性VWAP,30036062af572688,REJECTED,0,6,30036062af572688|5d05f1468edb1c81|d072d653aaa77754|dc8de784b2c07afd|e86113a5fc78a5ad|7e9fe35b983bcf0e,0.0,0.0,0.0,0.0,0.0,0.0,0.0,False
19,扫高后跌破VWAP空头,流动性VWAP,e7bda3300b8212f9,REJECTED,0,6,e7bda3300b8212f9|6da8291098eec55f|27927964966f873c|d4cf7abe45227bcd|24bc307f20eaf1d9|d072d653aaa77754,0.0,0.0,0.0,0.0,0.0,0.0,0.0,False
19,扫高后跌破VWAP空头,流动性VWAP,d072d653aaa77754,REJECTED,0,6,d072d653aaa77754|dc8de784b2c07afd|30036062af572688|5d05f1468edb1c81|e86113a5fc78a5ad|e7bda3300b8212f9,0.0,0.0,0.0,0.0,0.0,0.0,0.0,False
19,扫高后跌破VWAP空头,流动性VWAP,9939c761bab1a990,REJECTED,0,6,9939c761bab1a990|24bc307f20eaf1d9|d4cf7abe45227bcd|27927964966f873c|6da8291098eec55f|7e9fe35b983bcf0e,0.0,0.0,0.0,0.0,0.0,0.0,0.0,False
19,扫高后跌破VWAP空头,流动性VWAP,7e9fe35b983bcf0e,REJECTED,0,6,7e9fe35b983bcf0e|e86113a5fc78a5ad|5d05f1468edb1c81|30036062af572688|dc8de784b2c07afd|9939c761bab1a990,0.0,0.0,0.0,0.0,0.0,0.0,0.0,False
19,扫高后跌破VWAP空头,流动性VWAP,d4cf7abe45227bcd,REJECTED,0,6,d4cf7abe45227bcd|27927964966f873c|6da8291098eec55f|e7bda3300b8212f9|9939c761bab1a990|24bc307f20eaf1d9,0.0,0.0,0.0,0.0,0.0,0.0,0.0,False
19,扫高后跌破VWAP空头,流动性VWAP,5d05f1468edb1c81,REJECTED,0,6,5d05f1468edb1c81|30036062af572688|dc8de784b2c07afd|d072d653aaa77754|7e9fe35b983bcf0e|e86113a5fc78a5ad,0.0,0.0,0.0,0.0,0.0,0.0,0.0,False
19,扫高后跌破VWAP空头,流动性VWAP,6da8291098eec55f,REJECTED,0,6,6da8291098eec55f|e7bda3300b8212f9|d4cf7abe45227bcd|27927964966f873c|9939c761bab1a990|dc8de784b2c07afd,0.0,0.0,0.0,0.0,0.0,0.0,0.0,False
19,扫高后跌破VWAP空头,流动性VWAP,dc8de784b2c07afd,REJECTED,0,6,dc8de784b2c07afd|d072d653aaa77754|5d05f1468edb1c81|30036062af572688|7e9fe35b983bcf0e|6da8291098eec55f,0.0,0.0,0.0,0.0,0.0,0.0,0.0,False
20,BTC弱于ETH背离修复多头,跨资产背离,afac444025613291,REJECTED,0,6,afac444025613291|30118ae3bcfe1595|81b12e27f36fad31|71bdf47f755ad397|a67e21fd87b37113|357a6e870e679197,0.0,0.0,0.0,0.0,0.0,0.0,0.0,False
20,BTC弱于ETH背离修复多头,跨资产背离,357a6e870e679197,REJECTED,0,6,357a6e870e679197|a0643af8c4cb1950|8c1fe18596f3b0f7|f6138bf4e7fb9399|02816debf14d4ac5|afac444025613291,0.0,0.0,0.0,0.0,0.0,0.0,0.0,False
20,BTC弱于ETH背离修复多头,跨资产背离,81b12e27f36fad31,REJECTED,0,6,81b12e27f36fad31|71bdf47f755ad397|a67e21fd87b37113|990acc792c392490|afac444025613291|30118ae3bcfe1595,0.0,0.0,0.0,0.0,0.0,0.0,0.0,False
20,BTC弱于ETH背离修复多头,跨资产背离,8c1fe18596f3b0f7,REJECTED,0,6,8c1fe18596f3b0f7|f6138bf4e7fb9399|02816debf14d4ac5|560199c0f26387fd|357a6e870e679197|a0643af8c4cb1950,0.0,0.0,0.0,0.0,0.0,0.0,0.0,False
20,BTC弱于ETH背离修复多头,跨资产背离,a67e21fd87b37113,REJECTED,0,6,a67e21fd87b37113|990acc792c392490|81b12e27f36fad31|71bdf47f755ad397|afac444025613291|02816debf14d4ac5,0.0,0.0,0.0,0.0,0.0,0.0,0.0,False
20,BTC弱于ETH背离修复多头,跨资产背离,02816debf14d4ac5,REJECTED,0,6,02816debf14d4ac5|560199c0f26387fd|8c1fe18596f3b0f7|f6138bf4e7fb9399|357a6e870e679197|a67e21fd87b37113,0.0,0.0,0.0,0.0,0.0,0.0,0.0,False
20,BTC弱于ETH背离修复多头,跨资产背离,30118ae3bcfe1595,REJECTED,0,6,30118ae3bcfe1595|afac444025613291|71bdf47f755ad397|81b12e27f36fad31|990acc792c392490|a0643af8c4cb1950,0.0,0.0,0.0,0.0,0.0,0.0,0.0,False
20,BTC弱于ETH背离修复多头,跨资产背离,a0643af8c4cb1950,REJECTED,0,6,a0643af8c4cb1950|357a6e870e679197|f6138bf4e7fb9399|8c1fe18596f3b0f7|560199c0f26387fd|30118ae3bcfe1595,0.0,0.0,0.0,0.0,0.0,0.0,0.0,False
20,BTC弱于ETH背离修复多头,跨资产背离,71bdf47f755ad397,REJECTED,0,6,71bdf47f755ad397|81b12e27f36fad31|990acc792c392490|a67e21fd87b37113|30118ae3bcfe1595|afac444025613291,0.0,0.0,0.0,0.0,0.0,0.0,0.0,False
20,BTC弱于ETH背离修复多头,跨资产背离,f6138bf4e7fb9399,REJECTED,0,6,f6138bf4e7fb9399|8c1fe18596f3b0f7|560199c0f26387fd|02816debf14d4ac5|a0643af8c4cb1950|357a6e870e679197,0.0,0.0,0.0,0.0,0.0,0.0,0.0,False
20,BTC弱于ETH背离修复多头,跨资产背离,990acc792c392490,REJECTED,0,6,990acc792c392490|a67e21fd87b37113|71bdf47f755ad397|81b12e27f36fad31|30118ae3bcfe1595|560199c0f26387fd,0.0,0.0,0.0,0.0,0.0,0.0,0.0,False
20,BTC弱于ETH背离修复多头,跨资产背离,560199c0f26387fd,REJECTED,0,6,560199c0f26387fd|02816debf14d4ac5|f6138bf4e7fb9399|8c1fe18596f3b0f7|a0643af8c4cb1950|990acc792c392490,0.0,0.0,0.0,0.0,0.0,0.0,0.0,False
20,BTC弱于ETH背离修复多头,跨资产背离,50180ba1cb24ab7a,REJECTED,0,6,50180ba1cb24ab7a|25db10aaec39cb1d|e2aeffae673a7fc8|42d4d16f8c06e6b1|a736c26aae6c4289|0bae7043878b8d7f,0.0,0.0,0.0,0.0,0.0,0.0,0.0,False
20,BTC弱于ETH背离修复多头,跨资产背离,0bae7043878b8d7f,REJECTED,0,6,0bae7043878b8d7f|1427e23ff533ba48|229c352e4b8be83a|302d50704da023c5|731ef5121cf09aa2|50180ba1cb24ab7a,0.0,0.0,0.0,0.0,0.0,0.0,0.0,False
20,BTC弱于ETH背离修复多头,跨资产背离,e2aeffae673a7fc8,REJECTED,0,6,e2aeffae673a7fc8|42d4d16f8c06e6b1|a736c26aae6c4289|9a2b61ad0e473f59|50180ba1cb24ab7a|25db10aaec39cb1d,0.0,0.0,0.0,0.0,0.0,0.0,0.0,False
20,BTC弱于ETH背离修复多头,跨资产背离,229c352e4b8be83a,REJECTED,0,6,229c352e4b8be83a|302d50704da023c5|731ef5121cf09aa2|267e3938dffe89f5|0bae7043878b8d7f|1427e23ff533ba48,0.0,0.0,0.0,0.0,0.0,0.0,0.0,False
20,BTC弱于ETH背离修复多头,跨资产背离,a736c26aae6c4289,REJECTED,0,6,a736c26aae6c4289|9a2b61ad0e473f59|e2aeffae673a7fc8|42d4d16f8c06e6b1|50180ba1cb24ab7a|731ef5121cf09aa2,0.0,0.0,0.0,0.0,0.0,0.0,0.0,False
20,BTC弱于ETH背离修复多头,跨资产背离,731ef5121cf09aa2,REJECTED,0,6,731ef5121cf09aa2|267e3938dffe89f5|229c352e4b8be83a|302d50704da023c5|0bae7043878b8d7f|a736c26aae6c4289,0.0,0.0,0.0,0.0,0.0,0.0,0.0,False
20,BTC弱于ETH背离修复多头,跨资产背离,25db10aaec39cb1d,REJECTED,0,6,25db10aaec39cb1d|50180ba1cb24ab7a|42d4d16f8c06e6b1|e2aeffae673a7fc8|9a2b61ad0e473f59|1427e23ff533ba48,0.0,0.0,0.0,0.0,0.0,0.0,0.0,False
20,BTC弱于ETH背离修复多头,跨资产背离,1427e23ff533ba48,REJECTED,0,6,1427e23ff533ba48|0bae7043878b8d7f|302d50704da023c5|229c352e4b8be83a|267e3938dffe89f5|25db10aaec39cb1d,0.0,0.0,0.0,0.0,0.0,0.0,0.0,False
20,BTC弱于ETH背离修复多头,跨资产背离,42d4d16f8c06e6b1,REJECTED,0,6,42d4d16f8c06e6b1|e2aeffae673a7fc8|9a2b61ad0e473f59|a736c26aae6c4289|25db10aaec39cb1d|50180ba1cb24ab7a,0.0,0.0,0.0,0.0,0.0,0.0,0.0,False
20,BTC弱于ETH背离修复多头,跨资产背离,302d50704da023c5,REJECTED,0,6,302d50704da023c5|229c352e4b8be83a|267e3938dffe89f5|731ef5121cf09aa2|1427e23ff533ba48|0bae7043878b8d7f,0.0,0.0,0.0,0.0,0.0,0.0,0.0,False
20,BTC弱于ETH背离修复多头,跨资产背离,9a2b61ad0e473f59,REJECTED,0,6,9a2b61ad0e473f59|a736c26aae6c4289|42d4d16f8c06e6b1|e2aeffae673a7fc8|25db10aaec39cb1d|267e3938dffe89f5,0.0,0.0,0.0,0.0,0.0,0.0,0.0,False
20,BTC弱于ETH背离修复多头,跨资产背离,267e3938dffe89f5,REJECTED,0,6,267e3938dffe89f5|731ef5121cf09aa2|302d50704da023c5|229c352e4b8be83a|1427e23ff533ba48|9a2b61ad0e473f59,0.0,0.0,0.0,0.0,0.0,0.0,0.0,False
21,BTC强于ETH背离修复空头,跨资产背离,65498ce630e76827,CANDIDATE,3,6,65498ce630e76827|f9c99f0061fc70b6|8b7f9d96387eada1|9f45e7ffb92de540|04a24d65e868446c|189b3e497ed60e31,1.0,0.0,3.5,3.0,1.971913257997918,1.0496332528570544,0.8666666666666667,True
21,BTC强于ETH背离修复空头,跨资产背离,189b3e497ed60e31,CANDIDATE,3,6,189b3e497ed60e31|0155948fcd891cad|33ca14edc0a4d91b|9d2339bc83a624a6|c9e9e87c7a5f822a|65498ce630e76827,1.0,0.0,3.5,3.0,1.971913257997918,1.0496332528570544,0.8666666666666667,True
21,BTC强于ETH背离修复空头,跨资产背离,8b7f9d96387eada1,CANDIDATE,6,6,8b7f9d96387eada1|9f45e7ffb92de540|04a24d65e868446c|581bf42edb110566|65498ce630e76827|f9c99f0061fc70b6,1.0,0.0,4.5,2.5,2.0183422161663573,1.0496332528570544,0.6333333333333334,True
21,BTC强于ETH背离修复空头,跨资产背离,33ca14edc0a4d91b,CANDIDATE,6,6,33ca14edc0a4d91b|9d2339bc83a624a6|c9e9e87c7a5f822a|becec6947a2d39a3|189b3e497ed60e31|0155948fcd891cad,1.0,0.0,4.5,2.5,2.0183422161663573,1.0496332528570544,0.6333333333333334,True
21,BTC强于ETH背离修复空头,跨资产背离,04a24d65e868446c,CANDIDATE,8,6,04a24d65e868446c|581bf42edb110566|8b7f9d96387eada1|9f45e7ffb92de540|65498ce630e76827|c9e9e87c7a5f822a,1.0,0.0,5.5,3.0,3.34368935010644,1.0496332528570544,0.625,True
21,BTC强于ETH背离修复空头,跨资产背离,c9e9e87c7a5f822a,CANDIDATE,8,6,c9e9e87c7a5f822a|becec6947a2d39a3|33ca14edc0a4d91b|9d2339bc83a624a6|189b3e497ed60e31|04a24d65e868446c,1.0,0.0,5.5,3.0,3.34368935010644,1.0496332528570544,0.625,True
21,BTC强于ETH背离修复空头,跨资产背离,f9c99f0061fc70b6,REJECTED,2,6,f9c99f0061fc70b6|65498ce630e76827|9f45e7ffb92de540|8b7f9d96387eada1|581bf42edb110566|0155948fcd891cad,1.0,0.0,3.5,2.0,1.3197508347360516,1.0496332528570544,1.0,True
21,BTC强于ETH背离修复空头,跨资产背离,0155948fcd891cad,REJECTED,2,6,0155948fcd891cad|189b3e497ed60e31|9d2339bc83a624a6|33ca14edc0a4d91b|becec6947a2d39a3|f9c99f0061fc70b6,1.0,0.0,3.5,2.0,1.3197508347360516,1.0496332528570544,1.0,True
21,BTC强于ETH背离修复空头,跨资产背离,9f45e7ffb92de540,CANDIDATE,4,6,9f45e7ffb92de540|8b7f9d96387eada1|581bf42edb110566|04a24d65e868446c|f9c99f0061fc70b6|65498ce630e76827,1.0,0.0,4.5,2.5,2.0183422161663573,1.0496332528570544,0.8,True
21,BTC强于ETH背离修复空头,跨资产背离,9d2339bc83a624a6,CANDIDATE,4,6,9d2339bc83a624a6|33ca14edc0a4d91b|becec6947a2d39a3|c9e9e87c7a5f822a|0155948fcd891cad|189b3e497ed60e31,1.0,0.0,4.5,2.5,2.0183422161663573,1.0496332528570544,0.8,True
21,BTC强于ETH背离修复空头,跨资产背离,581bf42edb110566,CANDIDATE,5,6,581bf42edb110566|04a24d65e868446c|9f45e7ffb92de540|8b7f9d96387eada1|f9c99f0061fc70b6|becec6947a2d39a3,1.0,0.0,5.0,2.0,2.0183422161663573,1.2733218765676122,0.76,True
21,BTC强于ETH背离修复空头,跨资产背离,becec6947a2d39a3,CANDIDATE,5,6,becec6947a2d39a3|c9e9e87c7a5f822a|9d2339bc83a624a6|33ca14edc0a4d91b|0155948fcd891cad|581bf42edb110566,1.0,0.0,5.0,2.0,2.0183422161663573,1.2733218765676122,0.76,True
21,BTC强于ETH背离修复空头,跨资产背离,3c6bb84e3d69001b,CANDIDATE,3,6,3c6bb84e3d69001b|d7339b530bdf2935|162ad4583aab9b72|0950ed56b7dbadc6|fca571982b7c88a0|4e4e47081ee13984,0.6666666666666666,0.0,3.0,3.0,2.7709391143224154,-2.541436880932012,0.6666666666666666,True
21,BTC强于ETH背离修复空头,跨资产背离,4e4e47081ee13984,CANDIDATE,3,6,4e4e47081ee13984|0691f5da6979cddc|9a19b379445c8be4|39307646985d167d|2d68284b22ecb47f|3c6bb84e3d69001b,0.6666666666666666,0.0,3.0,3.0,3.0698525144948547,-1.2763173265001495,0.6666666666666666,True
21,BTC强于ETH背离修复空头,跨资产背离,162ad4583aab9b72,CANDIDATE,5,6,162ad4583aab9b72|0950ed56b7dbadc6|fca571982b7c88a0|212bff949a476994|3c6bb84e3d69001b|d7339b530bdf2935,0.5,0.0,3.0,2.5,0.009160536321199064,-2.541436880932012,0.52,False
21,BTC强于ETH背离修复空头,跨资产背离,9a19b379445c8be4,CANDIDATE,4,6,9a19b379445c8be4|39307646985d167d|2d68284b22ecb47f|147d42843a121469|4e4e47081ee13984|0691f5da6979cddc,0.5,0.0,2.5,2.5,1.1926366132227373,-1.2763173265001495,0.49999999999999994,False
21,BTC强于ETH背离修复空头,跨资产背离,fca571982b7c88a0,CANDIDATE,6,6,fca571982b7c88a0|212bff949a476994|162ad4583aab9b72|0950ed56b7dbadc6|3c6bb84e3d69001b|2d68284b22ecb47f,0.6666666666666666,0.0,4.0,3.0,2.7709391143224154,-2.541436880932012,0.6333333333333334,True
21,BTC强于ETH背离修复空头,跨资产背离,2d68284b22ecb47f,CANDIDATE,5,6,2d68284b22ecb47f|147d42843a121469|9a19b379445c8be4|39307646985d167d|4e4e47081ee13984|fca571982b7c88a0,0.6666666666666666,0.0,3.5,3.0,3.3626771527731845,-1.2763173265001495,0.64,True
21,BTC强于ETH背离修复空头,跨资产背离,d7339b530bdf2935,REJECTED,2,6,d7339b530bdf2935|3c6bb84e3d69001b|0950ed56b7dbadc6|162ad4583aab9b72|212bff949a476994|0691f5da6979cddc,0.3333333333333333,0.0,3.0,2.0,-1.8680553649509184,-2.541436880932012,0.7,False
21,BTC强于ETH背离修复空头,跨资产背离,0691f5da6979cddc,REJECTED,2,6,0691f5da6979cddc|4e4e47081ee13984|39307646985d167d|9a19b379445c8be4|147d42843a121469|d7339b530bdf2935,0.3333333333333333,0.0,2.0,2.0,-1.2763173265001495,-2.4597934034016875,0.7,False
21,BTC强于ETH背离修复空头,跨资产背离,0950ed56b7dbadc6,REJECTED,3,6,0950ed56b7dbadc6|162ad4583aab9b72|212bff949a476994|fca571982b7c88a0|d7339b530bdf2935|3c6bb84e3d69001b,0.5,0.0,3.0,2.5,0.009160536321199064,-2.541436880932012,0.7333333333333334,False
21,BTC强于ETH背离修复空头,跨资产背离,39307646985d167d,REJECTED,2,6,39307646985d167d|9a19b379445c8be4|147d42843a121469|2d68284b22ecb47f|0691f5da6979cddc|4e4e47081ee13984,0.5,0.0,2.5,2.5,1.1926366132227373,-1.2763173265001495,0.8,False
21,BTC强于ETH背离修复空头,跨资产背离,212bff949a476994,REJECTED,3,6,212bff949a476994|fca571982b7c88a0|0950ed56b7dbadc6|162ad4583aab9b72|d7339b530bdf2935|147d42843a121469,0.3333333333333333,0.0,3.0,2.0,-1.8680553649509184,-2.541436880932012,0.8000000000000002,False
21,BTC强于ETH背离修复空头,跨资产背离,147d42843a121469,REJECTED,2,6,147d42843a121469|2d68284b22ecb47f|39307646985d167d|9a19b379445c8be4|0691f5da6979cddc|212bff949a476994,0.3333333333333333,0.0,2.5,2.0,-1.2763173265001495,-2.541436880932012,0.9,False
22,压缩后首次放量突破多头,波动扩张,637dd7099e42148f,REJECTED,0,6,637dd7099e42148f|253044a4cadb49d3|c1fd7f96ccac000d|f044a19f04e3daaf|b7d53e7b62a8b5b0|116b8c1c1b0943ad,0.0,0.0,0.0,0.0,0.0,0.0,0.0,False
22,压缩后首次放量突破多头,波动扩张,116b8c1c1b0943ad,REJECTED,0,6,116b8c1c1b0943ad|d8b7077bebf8b8d5|7bb3436fd8f0f3bd|0adb846676f07277|bda12ea0e12719eb|637dd7099e42148f,0.0,0.0,0.0,0.0,0.0,0.0,0.0,False
22,压缩后首次放量突破多头,波动扩张,c1fd7f96ccac000d,REJECTED,0,6,c1fd7f96ccac000d|f044a19f04e3daaf|b7d53e7b62a8b5b0|eabbcc4f03bd127e|637dd7099e42148f|253044a4cadb49d3,0.0,0.0,0.0,0.0,0.0,0.0,0.0,False
22,压缩后首次放量突破多头,波动扩张,7bb3436fd8f0f3bd,REJECTED,0,6,7bb3436fd8f0f3bd|0adb846676f07277|bda12ea0e12719eb|e786c9f7f8041cfc|116b8c1c1b0943ad|d8b7077bebf8b8d5,0.0,0.0,0.0,0.0,0.0,0.0,0.0,False
22,压缩后首次放量突破多头,波动扩张,b7d53e7b62a8b5b0,REJECTED,0,6,b7d53e7b62a8b5b0|eabbcc4f03bd127e|c1fd7f96ccac000d|f044a19f04e3daaf|637dd7099e42148f|bda12ea0e12719eb,0.0,0.0,0.0,0.0,0.0,0.0,0.0,False
22,压缩后首次放量突破多头,波动扩张,bda12ea0e12719eb,REJECTED,0,6,bda12ea0e12719eb|e786c9f7f8041cfc|7bb3436fd8f0f3bd|0adb846676f07277|116b8c1c1b0943ad|b7d53e7b62a8b5b0,0.0,0.0,0.0,0.0,0.0,0.0,0.0,False
22,压缩后首次放量突破多头,波动扩张,253044a4cadb49d3,REJECTED,0,6,253044a4cadb49d3|637dd7099e42148f|f044a19f04e3daaf|c1fd7f96ccac000d|eabbcc4f03bd127e|d8b7077bebf8b8d5,0.0,0.0,0.0,0.0,0.0,0.0,0.0,False
22,压缩后首次放量突破多头,波动扩张,d8b7077bebf8b8d5,REJECTED,0,6,d8b7077bebf8b8d5|116b8c1c1b0943ad|0adb846676f07277|7bb3436fd8f0f3bd|e786c9f7f8041cfc|253044a4cadb49d3,0.0,0.0,0.0,0.0,0.0,0.0,0.0,False
22,压缩后首次放量突破多头,波动扩张,f044a19f04e3daaf,REJECTED,0,6,f044a19f04e3daaf|c1fd7f96ccac000d|eabbcc4f03bd127e|b7d53e7b62a8b5b0|253044a4cadb49d3|637dd7099e42148f,0.0,0.0,0.0,0.0,0.0,0.0,0.0,False
22,压缩后首次放量突破多头,波动扩张,0adb846676f07277,REJECTED,0,6,0adb846676f07277|7bb3436fd8f0f3bd|e786c9f7f8041cfc|bda12ea0e12719eb|d8b7077bebf8b8d5|116b8c1c1b0943ad,0.0,0.0,0.0,0.0,0.0,0.0,0.0,False
22,压缩后首次放量突破多头,波动扩张,eabbcc4f03bd127e,REJECTED,0,6,eabbcc4f03bd127e|b7d53e7b62a8b5b0|f044a19f04e3daaf|c1fd7f96ccac000d|253044a4cadb49d3|e786c9f7f8041cfc,0.0,0.0,0.0,0.0,0.0,0.0,0.0,False
22,压缩后首次放量突破多头,波动扩张,e786c9f7f8041cfc,REJECTED,0,6,e786c9f7f8041cfc|bda12ea0e12719eb|0adb846676f07277|7bb3436fd8f0f3bd|d8b7077bebf8b8d5|eabbcc4f03bd127e,0.0,0.0,0.0,0.0,0.0,0.0,0.0,False
22,压缩后首次放量突破多头,波动扩张,547271109e36822e,REJECTED,0,6,547271109e36822e|fdf0d91e2481d546|ece12aeca19f49d3|3ecf07643b27748c|604eca5a53080b54|9c0c00b71c3d4359,0.0,0.0,0.0,0.0,0.0,0.0,0.0,False
22,压缩后首次放量突破多头,波动扩张,9c0c00b71c3d4359,REJECTED,0,6,9c0c00b71c3d4359|944ecf070deacc62|eb9994acff31978b|3544f2517ad6c997|79d5735fc6cc6aea|547271109e36822e,0.0,0.0,0.0,0.0,0.0,0.0,0.0,False
22,压缩后首次放量突破多头,波动扩张,ece12aeca19f49d3,REJECTED,0,6,ece12aeca19f49d3|3ecf07643b27748c|604eca5a53080b54|a70d0b08bf5c1b01|547271109e36822e|fdf0d91e2481d546,0.0,0.0,0.0,0.0,0.0,0.0,0.0,False
22,压缩后首次放量突破多头,波动扩张,eb9994acff31978b,REJECTED,0,6,eb9994acff31978b|3544f2517ad6c997|79d5735fc6cc6aea|34b0f3560d54e99c|9c0c00b71c3d4359|944ecf070deacc62,0.0,0.0,0.0,0.0,0.0,0.0,0.0,False
22,压缩后首次放量突破多头,波动扩张,604eca5a53080b54,REJECTED,0,6,604eca5a53080b54|a70d0b08bf5c1b01|ece12aeca19f49d3|3ecf07643b27748c|547271109e36822e|79d5735fc6cc6aea,0.0,0.0,0.0,0.0,0.0,0.0,0.0,False
22,压缩后首次放量突破多头,波动扩张,79d5735fc6cc6aea,REJECTED,0,6,79d5735fc6cc6aea|34b0f3560d54e99c|eb9994acff31978b|3544f2517ad6c997|9c0c00b71c3d4359|604eca5a53080b54,0.0,0.0,0.0,0.0,0.0,0.0,0.0,False
22,压缩后首次放量突破多头,波动扩张,fdf0d91e2481d546,REJECTED,0,6,fdf0d91e2481d546|547271109e36822e|3ecf07643b27748c|ece12aeca19f49d3|a70d0b08bf5c1b01|944ecf070deacc62,0.0,0.0,0.0,0.0,0.0,0.0,0.0,False
22,压缩后首次放量突破多头,波动扩张,944ecf070deacc62,REJECTED,0,6,944ecf070deacc62|9c0c00b71c3d4359|3544f2517ad6c997|eb9994acff31978b|34b0f3560d54e99c|fdf0d91e2481d546,0.0,0.0,0.0,0.0,0.0,0.0,0.0,False
22,压缩后首次放量突破多头,波动扩张,3ecf07643b27748c,REJECTED,0,6,3ecf07643b27748c|ece12aeca19f49d3|a70d0b08bf5c1b01|604eca5a53080b54|fdf0d91e2481d546|547271109e36822e,0.0,0.0,0.0,0.0,0.0,0.0,0.0,False
22,压缩后首次放量突破多头,波动扩张,3544f2517ad6c997,REJECTED,0,6,3544f2517ad6c997|eb9994acff31978b|34b0f3560d54e99c|79d5735fc6cc6aea|944ecf070deacc62|9c0c00b71c3d4359,0.0,0.0,0.0,0.0,0.0,0.0,0.0,False
22,压缩后首次放量突破多头,波动扩张,a70d0b08bf5c1b01,REJECTED,0,6,a70d0b08bf5c1b01|604eca5a53080b54|3ecf07643b27748c|ece12aeca19f49d3|fdf0d91e2481d546|34b0f3560d54e99c,0.0,0.0,0.0,0.0,0.0,0.0,0.0,False
22,压缩后首次放量突破多头,波动扩张,34b0f3560d54e99c,REJECTED,0,6,34b0f3560d54e99c|79d5735fc6cc6aea|3544f2517ad6c997|eb9994acff31978b|944ecf070deacc62|a70d0b08bf5c1b01,0.0,0.0,0.0,0.0,0.0,0.0,0.0,False
23,压缩后首次放量突破空头,波动扩张,3efd7aa105a06c7b,REJECTED,0,6,3efd7aa105a06c7b|0e0eac63dff887d0|242b8c0b0a05ccd4|14e6f4f15efcfe37|2febdcf08de014de|61b2470911b6dbe6,0.0,0.0,0.0,0.0,0.0,0.0,0.0,False
23,压缩后首次放量突破空头,波动扩张,61b2470911b6dbe6,REJECTED,0,6,61b2470911b6dbe6|62690be16780f83b|04eb2e81fe8d4097|2282e73a133d945e|9a5b9973a772a38c|3efd7aa105a06c7b,0.0,0.0,0.0,0.0,0.0,0.0,0.0,False
23,压缩后首次放量突破空头,波动扩张,242b8c0b0a05ccd4,REJECTED,0,6,242b8c0b0a05ccd4|14e6f4f15efcfe37|2febdcf08de014de|738c1ef51b779aa2|3efd7aa105a06c7b|0e0eac63dff887d0,0.0,0.0,0.0,0.0,0.0,0.0,0.0,False
23,压缩后首次放量突破空头,波动扩张,04eb2e81fe8d4097,REJECTED,0,6,04eb2e81fe8d4097|2282e73a133d945e|9a5b9973a772a38c|449731ed6af55b28|61b2470911b6dbe6|62690be16780f83b,0.0,0.0,0.0,0.0,0.0,0.0,0.0,False
23,压缩后首次放量突破空头,波动扩张,2febdcf08de014de,REJECTED,0,6,2febdcf08de014de|738c1ef51b779aa2|242b8c0b0a05ccd4|14e6f4f15efcfe37|3efd7aa105a06c7b|9a5b9973a772a38c,0.0,0.0,0.0,0.0,0.0,0.0,0.0,False
23,压缩后首次放量突破空头,波动扩张,9a5b9973a772a38c,REJECTED,0,6,9a5b9973a772a38c|449731ed6af55b28|04eb2e81fe8d4097|2282e73a133d945e|61b2470911b6dbe6|2febdcf08de014de,0.0,0.0,0.0,0.0,0.0,0.0,0.0,False
23,压缩后首次放量突破空头,波动扩张,0e0eac63dff887d0,REJECTED,0,6,0e0eac63dff887d0|3efd7aa105a06c7b|14e6f4f15efcfe37|242b8c0b0a05ccd4|738c1ef51b779aa2|62690be16780f83b,0.0,0.0,0.0,0.0,0.0,0.0,0.0,False
23,压缩后首次放量突破空头,波动扩张,62690be16780f83b,REJECTED,0,6,62690be16780f83b|61b2470911b6dbe6|2282e73a133d945e|04eb2e81fe8d4097|449731ed6af55b28|0e0eac63dff887d0,0.0,0.0,0.0,0.0,0.0,0.0,0.0,False
23,压缩后首次放量突破空头,波动扩张,14e6f4f15efcfe37,REJECTED,0,6,14e6f4f15efcfe37|242b8c0b0a05ccd4|738c1ef51b779aa2|2febdcf08de014de|0e0eac63dff887d0|3efd7aa105a06c7b,0.0,0.0,0.0,0.0,0.0,0.0,0.0,False
23,压缩后首次放量突破空头,波动扩张,2282e73a133d945e,REJECTED,0,6,2282e73a133d945e|04eb2e81fe8d4097|449731ed6af55b28|9a5b9973a772a38c|62690be16780f83b|61b2470911b6dbe6,0.0,0.0,0.0,0.0,0.0,0.0,0.0,False
23,压缩后首次放量突破空头,波动扩张,738c1ef51b779aa2,REJECTED,0,6,738c1ef51b779aa2|2febdcf08de014de|14e6f4f15efcfe37|242b8c0b0a05ccd4|0e0eac63dff887d0|449731ed6af55b28,0.0,0.0,0.0,0.0,0.0,0.0,0.0,False
23,压缩后首次放量突破空头,波动扩张,449731ed6af55b28,REJECTED,0,6,449731ed6af55b28|9a5b9973a772a38c|2282e73a133d945e|04eb2e81fe8d4097|62690be16780f83b|738c1ef51b779aa2,0.0,0.0,0.0,0.0,0.0,0.0,0.0,False
23,压缩后首次放量突破空头,波动扩张,af6b54dc91724d75,REJECTED,1,6,af6b54dc91724d75|1ffb6a39882f8d0c|837e8ec7b81a0e33|989d1a2b54ebea71|59bcc3e64f2c7f94|8d59cbffac2940bb,0.0,0.0,1.5,1.0,-1.3566006164937565,-2.199027344995242,0.8,False
23,压缩后首次放量突破空头,波动扩张,8d59cbffac2940bb,REJECTED,1,6,8d59cbffac2940bb|9f20f92b5ce5c104|e2087860a365c894|a948cafa91514954|7668d68e0478f4ec|af6b54dc91724d75,0.0,0.0,1.5,1.0,-1.689073698275934,-2.277592071422521,0.8,False
23,压缩后首次放量突破空头,波动扩张,837e8ec7b81a0e33,REJECTED,2,6,837e8ec7b81a0e33|989d1a2b54ebea71|59bcc3e64f2c7f94|b49e249b8b2728f3|af6b54dc91724d75|1ffb6a39882f8d0c,0.0,0.0,2.0,1.0,-1.4419441652063532,-2.199027344995242,0.8,False
23,压缩后首次放量突破空头,波动扩张,e2087860a365c894,REJECTED,2,6,e2087860a365c894|a948cafa91514954|7668d68e0478f4ec|325b9ab96f4b0522|8d59cbffac2940bb|9f20f92b5ce5c104,0.0,0.0,2.0,1.0,-2.1068903287707084,-2.277592071422521,0.8,False
23,压缩后首次放量突破空头,波动扩张,59bcc3e64f2c7f94,REJECTED,3,6,59bcc3e64f2c7f94|b49e249b8b2728f3|837e8ec7b81a0e33|989d1a2b54ebea71|af6b54dc91724d75|7668d68e0478f4ec,0.0,0.0,2.5,1.0,-1.8204857551007976,-2.277592071422521,0.6,False
23,压缩后首次放量突破空头,波动扩张,7668d68e0478f4ec,REJECTED,3,6,7668d68e0478f4ec|325b9ab96f4b0522|e2087860a365c894|a948cafa91514954|8d59cbffac2940bb|59bcc3e64f2c7f94,0.0,0.0,2.5,1.0,-2.1529588368829753,-2.277592071422521,0.6,False
23,压缩后首次放量突破空头,波动扩张,1ffb6a39882f8d0c,REJECTED,1,6,1ffb6a39882f8d0c|af6b54dc91724d75|989d1a2b54ebea71|837e8ec7b81a0e33|b49e249b8b2728f3|9f20f92b5ce5c104,0.0,0.0,1.5,1.0,-1.3566006164937565,-2.199027344995242,0.8,False
23,压缩后首次放量突破空头,波动扩张,9f20f92b5ce5c104,REJECTED,1,6,9f20f92b5ce5c104|8d59cbffac2940bb|a948cafa91514954|e2087860a365c894|325b9ab96f4b0522|1ffb6a39882f8d0c,0.0,0.0,1.5,1.0,-1.689073698275934,-2.277592071422521,0.8,False
23,压缩后首次放量突破空头,波动扩张,989d1a2b54ebea71,REJECTED,2,6,989d1a2b54ebea71|837e8ec7b81a0e33|b49e249b8b2728f3|59bcc3e64f2c7f94|1ffb6a39882f8d0c|af6b54dc91724d75,0.0,0.0,2.0,1.0,-1.4419441652063532,-2.199027344995242,0.8,False
23,压缩后首次放量突破空头,波动扩张,a948cafa91514954,REJECTED,2,6,a948cafa91514954|e2087860a365c894|325b9ab96f4b0522|7668d68e0478f4ec|9f20f92b5ce5c104|8d59cbffac2940bb,0.0,0.0,2.0,1.0,-2.1068903287707084,-2.277592071422521,0.8,False
23,压缩后首次放量突破空头,波动扩张,b49e249b8b2728f3,REJECTED,3,6,b49e249b8b2728f3|59bcc3e64f2c7f94|989d1a2b54ebea71|837e8ec7b81a0e33|1ffb6a39882f8d0c|325b9ab96f4b0522,0.0,0.0,2.5,1.0,-1.8204857551007976,-2.277592071422521,0.6,False
23,压缩后首次放量突破空头,波动扩张,325b9ab96f4b0522,REJECTED,3,6,325b9ab96f4b0522|7668d68e0478f4ec|a948cafa91514954|e2087860a365c894|9f20f92b5ce5c104|b49e249b8b2728f3,0.0,0.0,2.5,1.0,-2.1529588368829753,-2.277592071422521,0.6,False
24,向下假突破回区间多头,假突破反转,542ba276eec5abee,REJECTED,0,6,542ba276eec5abee|0d3853814e6cdc8b|e12a844bf7241e16|13516b1cbe97bdbc|e2e42bdb26852c29|dace4ee269a207e1,0.0,0.0,0.0,0.0,0.0,0.0,0.0,False
24,向下假突破回区间多头,假突破反转,dace4ee269a207e1,REJECTED,0,6,dace4ee269a207e1|96e67f799009ce05|e893dced08d17225|f63c763722312d23|02f407b941481ed6|542ba276eec5abee,0.0,0.0,0.0,0.0,0.0,0.0,0.0,False
24,向下假突破回区间多头,假突破反转,e12a844bf7241e16,REJECTED,0,6,e12a844bf7241e16|13516b1cbe97bdbc|e2e42bdb26852c29|11b0aac30ce6f9f6|542ba276eec5abee|0d3853814e6cdc8b,0.0,0.0,0.0,0.0,0.0,0.0,0.0,False
24,向下假突破回区间多头,假突破反转,e893dced08d17225,REJECTED,0,6,e893dced08d17225|f63c763722312d23|02f407b941481ed6|85520086e801d46e|dace4ee269a207e1|96e67f799009ce05,0.0,0.0,0.0,0.0,0.0,0.0,0.0,False
24,向下假突破回区间多头,假突破反转,e2e42bdb26852c29,REJECTED,0,6,e2e42bdb26852c29|11b0aac30ce6f9f6|e12a844bf7241e16|13516b1cbe97bdbc|542ba276eec5abee|02f407b941481ed6,0.0,0.0,0.0,0.0,0.0,0.0,0.0,False
24,向下假突破回区间多头,假突破反转,02f407b941481ed6,REJECTED,0,6,02f407b941481ed6|85520086e801d46e|e893dced08d17225|f63c763722312d23|dace4ee269a207e1|e2e42bdb26852c29,0.0,0.0,0.0,0.0,0.0,0.0,0.0,False
24,向下假突破回区间多头,假突破反转,0d3853814e6cdc8b,REJECTED,0,6,0d3853814e6cdc8b|542ba276eec5abee|13516b1cbe97bdbc|e12a844bf7241e16|11b0aac30ce6f9f6|96e67f799009ce05,0.0,0.0,0.0,0.0,0.0,0.0,0.0,False
24,向下假突破回区间多头,假突破反转,96e67f799009ce05,REJECTED,0,6,96e67f799009ce05|dace4ee269a207e1|f63c763722312d23|e893dced08d17225|85520086e801d46e|0d3853814e6cdc8b,0.0,0.0,0.0,0.0,0.0,0.0,0.0,False
24,向下假突破回区间多头,假突破反转,13516b1cbe97bdbc,REJECTED,0,6,13516b1cbe97bdbc|e12a844bf7241e16|11b0aac30ce6f9f6|e2e42bdb26852c29|0d3853814e6cdc8b|542ba276eec5abee,0.0,0.0,0.0,0.0,0.0,0.0,0.0,False
24,向下假突破回区间多头,假突破反转,f63c763722312d23,REJECTED,0,6,f63c763722312d23|e893dced08d17225|85520086e801d46e|02f407b941481ed6|96e67f799009ce05|dace4ee269a207e1,0.0,0.0,0.0,0.0,0.0,0.0,0.0,False
24,向下假突破回区间多头,假突破反转,11b0aac30ce6f9f6,REJECTED,0,6,11b0aac30ce6f9f6|e2e42bdb26852c29|13516b1cbe97bdbc|e12a844bf7241e16|0d3853814e6cdc8b|85520086e801d46e,0.0,0.0,0.0,0.0,0.0,0.0,0.0,False
24,向下假突破回区间多头,假突破反转,85520086e801d46e,REJECTED,0,6,85520086e801d46e|02f407b941481ed6|f63c763722312d23|e893dced08d17225|96e67f799009ce05|11b0aac30ce6f9f6,0.0,0.0,0.0,0.0,0.0,0.0,0.0,False
24,向下假突破回区间多头,假突破反转,d5f361a753574b48,REJECTED,1,6,d5f361a753574b48|ca4b6448148d0279|099a72cdc79c3b81|dd5cfc156c7bf205|3eb5a5febbd2096f|709fc3364ee8b646,0.0,0.0,1.0,1.0,-1.3031140960605154,-1.3031140960605154,1.0,False
24,向下假突破回区间多头,假突破反转,709fc3364ee8b646,REJECTED,1,6,709fc3364ee8b646|a65563369268008a|c0003431a311bd28|06c78847c21381cc|e388e7833aff6824|d5f361a753574b48,0.0,0.0,1.0,1.0,-1.3031140960605154,-1.3031140960605154,1.0,False
24,向下假突破回区间多头,假突破反转,099a72cdc79c3b81,REJECTED,1,6,099a72cdc79c3b81|dd5cfc156c7bf205|3eb5a5febbd2096f|ea7934f6a4049a9d|d5f361a753574b48|ca4b6448148d0279,0.0,0.0,1.0,1.0,-1.3031140960605154,-1.3031140960605154,1.0,False
24,向下假突破回区间多头,假突破反转,c0003431a311bd28,REJECTED,1,6,c0003431a311bd28|06c78847c21381cc|e388e7833aff6824|34eefc251266e999|709fc3364ee8b646|a65563369268008a,0.0,0.0,1.0,1.0,-1.3031140960605154,-1.3031140960605154,1.0,False
24,向下假突破回区间多头,假突破反转,3eb5a5febbd2096f,REJECTED,1,6,3eb5a5febbd2096f|ea7934f6a4049a9d|099a72cdc79c3b81|dd5cfc156c7bf205|d5f361a753574b48|e388e7833aff6824,0.0,0.0,1.0,1.0,-1.3031140960605154,-1.3031140960605154,1.0,False
24,向下假突破回区间多头,假突破反转,e388e7833aff6824,REJECTED,1,6,e388e7833aff6824|34eefc251266e999|c0003431a311bd28|06c78847c21381cc|709fc3364ee8b646|3eb5a5febbd2096f,0.0,0.0,1.0,1.0,-1.3031140960605154,-1.3031140960605154,1.0,False
24,向下假突破回区间多头,假突破反转,ca4b6448148d0279,REJECTED,1,6,ca4b6448148d0279|d5f361a753574b48|dd5cfc156c7bf205|099a72cdc79c3b81|ea7934f6a4049a9d|a65563369268008a,0.0,0.0,1.0,1.0,-1.3031140960605154,-1.3031140960605154,1.0,False
24,向下假突破回区间多头,假突破反转,a65563369268008a,REJECTED,1,6,a65563369268008a|709fc3364ee8b646|06c78847c21381cc|c0003431a311bd28|34eefc251266e999|ca4b6448148d0279,0.0,0.0,1.0,1.0,-1.3031140960605154,-1.3031140960605154,1.0,False
24,向下假突破回区间多头,假突破反转,dd5cfc156c7bf205,REJECTED,1,6,dd5cfc156c7bf205|099a72cdc79c3b81|ea7934f6a4049a9d|3eb5a5febbd2096f|ca4b6448148d0279|d5f361a753574b48,0.0,0.0,1.0,1.0,-1.3031140960605154,-1.3031140960605154,1.0,False
24,向下假突破回区间多头,假突破反转,06c78847c21381cc,REJECTED,1,6,06c78847c21381cc|c0003431a311bd28|34eefc251266e999|e388e7833aff6824|a65563369268008a|709fc3364ee8b646,0.0,0.0,1.0,1.0,-1.3031140960605154,-1.3031140960605154,1.0,False
24,向下假突破回区间多头,假突破反转,ea7934f6a4049a9d,REJECTED,1,6,ea7934f6a4049a9d|3eb5a5febbd2096f|dd5cfc156c7bf205|099a72cdc79c3b81|ca4b6448148d0279|34eefc251266e999,0.0,0.0,1.0,1.0,-1.3031140960605154,-1.3031140960605154,1.0,False
24,向下假突破回区间多头,假突破反转,34eefc251266e999,REJECTED,1,6,34eefc251266e999|e388e7833aff6824|06c78847c21381cc|c0003431a311bd28|a65563369268008a|ea7934f6a4049a9d,0.0,0.0,1.0,1.0,-1.3031140960605154,-1.3031140960605154,1.0,False
25,向上假突破回区间空头,假突破反转,5f2fe4ee3fec03dd,REJECTED,0,6,5f2fe4ee3fec03dd|da986e1a2bcbfaff|1a03127bfc5a3c47|3fda956366c00dd0|5a1cdc74d116fe6f|17a40432527e5267,0.0,0.0,0.0,0.0,0.0,0.0,0.0,False
25,向上假突破回区间空头,假突破反转,17a40432527e5267,REJECTED,0,6,17a40432527e5267|9ca513b9449ffb92|eca7ed0269c7c72b|0e3373cb4b1126cf|19a34ff5c2df3725|5f2fe4ee3fec03dd,0.0,0.0,0.0,0.0,0.0,0.0,0.0,False
25,向上假突破回区间空头,假突破反转,1a03127bfc5a3c47,REJECTED,0,6,1a03127bfc5a3c47|3fda956366c00dd0|5a1cdc74d116fe6f|27c9775d032b214c|5f2fe4ee3fec03dd|da986e1a2bcbfaff,0.0,0.0,0.0,0.0,0.0,0.0,0.0,False
25,向上假突破回区间空头,假突破反转,eca7ed0269c7c72b,REJECTED,0,6,eca7ed0269c7c72b|0e3373cb4b1126cf|19a34ff5c2df3725|ea78cc1d062b11b2|17a40432527e5267|9ca513b9449ffb92,0.0,0.0,0.0,0.0,0.0,0.0,0.0,False
25,向上假突破回区间空头,假突破反转,5a1cdc74d116fe6f,REJECTED,0,6,5a1cdc74d116fe6f|27c9775d032b214c|1a03127bfc5a3c47|3fda956366c00dd0|5f2fe4ee3fec03dd|19a34ff5c2df3725,0.0,0.0,0.0,0.0,0.0,0.0,0.0,False
25,向上假突破回区间空头,假突破反转,19a34ff5c2df3725,REJECTED,0,6,19a34ff5c2df3725|ea78cc1d062b11b2|eca7ed0269c7c72b|0e3373cb4b1126cf|17a40432527e5267|5a1cdc74d116fe6f,0.0,0.0,0.0,0.0,0.0,0.0,0.0,False
25,向上假突破回区间空头,假突破反转,da986e1a2bcbfaff,REJECTED,0,6,da986e1a2bcbfaff|5f2fe4ee3fec03dd|3fda956366c00dd0|1a03127bfc5a3c47|27c9775d032b214c|9ca513b9449ffb92,0.0,0.0,0.0,0.0,0.0,0.0,0.0,False
25,向上假突破回区间空头,假突破反转,9ca513b9449ffb92,REJECTED,0,6,9ca513b9449ffb92|17a40432527e5267|0e3373cb4b1126cf|eca7ed0269c7c72b|ea78cc1d062b11b2|da986e1a2bcbfaff,0.0,0.0,0.0,0.0,0.0,0.0,0.0,False
25,向上假突破回区间空头,假突破反转,3fda956366c00dd0,REJECTED,0,6,3fda956366c00dd0|1a03127bfc5a3c47|27c9775d032b214c|5a1cdc74d116fe6f|da986e1a2bcbfaff|5f2fe4ee3fec03dd,0.0,0.0,0.0,0.0,0.0,0.0,0.0,False
25,向上假突破回区间空头,假突破反转,0e3373cb4b1126cf,REJECTED,0,6,0e3373cb4b1126cf|eca7ed0269c7c72b|ea78cc1d062b11b2|19a34ff5c2df3725|9ca513b9449ffb92|17a40432527e5267,0.0,0.0,0.0,0.0,0.0,0.0,0.0,False
25,向上假突破回区间空头,假突破反转,27c9775d032b214c,REJECTED,0,6,27c9775d032b214c|5a1cdc74d116fe6f|3fda956366c00dd0|1a03127bfc5a3c47|da986e1a2bcbfaff|ea78cc1d062b11b2,0.0,0.0,0.0,0.0,0.0,0.0,0.0,False
25,向上假突破回区间空头,假突破反转,ea78cc1d062b11b2,REJECTED,0,6,ea78cc1d062b11b2|19a34ff5c2df3725|0e3373cb4b1126cf|eca7ed0269c7c72b|9ca513b9449ffb92|27c9775d032b214c,0.0,0.0,0.0,0.0,0.0,0.0,0.0,False
25,向上假突破回区间空头,假突破反转,6653ff58a06309c3,REJECTED,0,6,6653ff58a06309c3|05275d24697ad0ba|8235275dad088147|1d4e9a4bf867b29e|ac5c84f354a5b036|866c739f22f50edb,0.0,0.0,0.0,0.0,0.0,0.0,0.0,False
25,向上假突破回区间空头,假突破反转,866c739f22f50edb,REJECTED,0,6,866c739f22f50edb|d6a2804feca7be3f|ba88da4afa074642|c2f210736b8867f5|a9fad0cc5e6bd758|6653ff58a06309c3,0.0,0.0,0.0,0.0,0.0,0.0,0.0,False
25,向上假突破回区间空头,假突破反转,8235275dad088147,REJECTED,0,6,8235275dad088147|1d4e9a4bf867b29e|ac5c84f354a5b036|7b964323626c4d9d|6653ff58a06309c3|05275d24697ad0ba,0.0,0.0,0.0,0.0,0.0,0.0,0.0,False
25,向上假突破回区间空头,假突破反转,ba88da4afa074642,REJECTED,0,6,ba88da4afa074642|c2f210736b8867f5|a9fad0cc5e6bd758|ca8d894c464e8314|866c739f22f50edb|d6a2804feca7be3f,0.0,0.0,0.0,0.0,0.0,0.0,0.0,False
25,向上假突破回区间空头,假突破反转,ac5c84f354a5b036,REJECTED,0,6,ac5c84f354a5b036|7b964323626c4d9d|8235275dad088147|1d4e9a4bf867b29e|6653ff58a06309c3|a9fad0cc5e6bd758,0.0,0.0,0.0,0.0,0.0,0.0,0.0,False
25,向上假突破回区间空头,假突破反转,a9fad0cc5e6bd758,REJECTED,0,6,a9fad0cc5e6bd758|ca8d894c464e8314|ba88da4afa074642|c2f210736b8867f5|866c739f22f50edb|ac5c84f354a5b036,0.0,0.0,0.0,0.0,0.0,0.0,0.0,False
25,向上假突破回区间空头,假突破反转,05275d24697ad0ba,REJECTED,0,6,05275d24697ad0ba|6653ff58a06309c3|1d4e9a4bf867b29e|8235275dad088147|7b964323626c4d9d|d6a2804feca7be3f,0.0,0.0,0.0,0.0,0.0,0.0,0.0,False
25,向上假突破回区间空头,假突破反转,d6a2804feca7be3f,REJECTED,0,6,d6a2804feca7be3f|866c739f22f50edb|c2f210736b8867f5|ba88da4afa074642|ca8d894c464e8314|05275d24697ad0ba,0.0,0.0,0.0,0.0,0.0,0.0,0.0,False
25,向上假突破回区间空头,假突破反转,1d4e9a4bf867b29e,REJECTED,0,6,1d4e9a4bf867b29e|8235275dad088147|7b964323626c4d9d|ac5c84f354a5b036|05275d24697ad0ba|6653ff58a06309c3,0.0,0.0,0.0,0.0,0.0,0.0,0.0,False
25,向上假突破回区间空头,假突破反转,c2f210736b8867f5,REJECTED,0,6,c2f210736b8867f5|ba88da4afa074642|ca8d894c464e8314|a9fad0cc5e6bd758|d6a2804feca7be3f|866c739f22f50edb,0.0,0.0,0.0,0.0,0.0,0.0,0.0,False
25,向上假突破回区间空头,假突破反转,7b964323626c4d9d,REJECTED,0,6,7b964323626c4d9d|ac5c84f354a5b036|1d4e9a4bf867b29e|8235275dad088147|05275d24697ad0ba|ca8d894c464e8314,0.0,0.0,0.0,0.0,0.0,0.0,0.0,False
25,向上假突破回区间空头,假突破反转,ca8d894c464e8314,REJECTED,0,6,ca8d894c464e8314|a9fad0cc5e6bd758|c2f210736b8867f5|ba88da4afa074642|d6a2804feca7be3f|7b964323626c4d9d,0.0,0.0,0.0,0.0,0.0,0.0,0.0,False
26,资金费率极端回归多头,衍生品反转,fcc89570f6af5d59,REJECTED,0,6,fcc89570f6af5d59|3fddf265dfa4733d|30465d9c0b0ffef6|c341d55c71eca8ea|4c82bfbd5920d5c6|68395a714b774744,0.0,0.0,0.0,0.0,0.0,0.0,0.0,False
26,资金费率极端回归多头,衍生品反转,68395a714b774744,REJECTED,0,6,68395a714b774744|ae20300ca99c3d53|9726eff41b552295|6893f65b01eb260d|53e435800d79924c|fcc89570f6af5d59,0.0,0.0,0.0,0.0,0.0,0.0,0.0,False
26,资金费率极端回归多头,衍生品反转,30465d9c0b0ffef6,REJECTED,0,6,30465d9c0b0ffef6|c341d55c71eca8ea|4c82bfbd5920d5c6|ff0fca175d8bb674|fcc89570f6af5d59|3fddf265dfa4733d,0.0,0.0,0.0,0.0,0.0,0.0,0.0,False
26,资金费率极端回归多头,衍生品反转,9726eff41b552295,REJECTED,0,6,9726eff41b552295|6893f65b01eb260d|53e435800d79924c|f9d233a634cfcaf7|68395a714b774744|ae20300ca99c3d53,0.0,0.0,0.0,0.0,0.0,0.0,0.0,False
26,资金费率极端回归多头,衍生品反转,4c82bfbd5920d5c6,REJECTED,0,6,4c82bfbd5920d5c6|ff0fca175d8bb674|30465d9c0b0ffef6|c341d55c71eca8ea|fcc89570f6af5d59|53e435800d79924c,0.0,0.0,0.0,0.0,0.0,0.0,0.0,False
26,资金费率极端回归多头,衍生品反转,53e435800d79924c,REJECTED,0,6,53e435800d79924c|f9d233a634cfcaf7|9726eff41b552295|6893f65b01eb260d|68395a714b774744|4c82bfbd5920d5c6,0.0,0.0,0.0,0.0,0.0,0.0,0.0,False
26,资金费率极端回归多头,衍生品反转,3fddf265dfa4733d,REJECTED,0,6,3fddf265dfa4733d|fcc89570f6af5d59|c341d55c71eca8ea|30465d9c0b0ffef6|ff0fca175d8bb674|ae20300ca99c3d53,0.0,0.0,0.0,0.0,0.0,0.0,0.0,False
26,资金费率极端回归多头,衍生品反转,ae20300ca99c3d53,REJECTED,0,6,ae20300ca99c3d53|68395a714b774744|6893f65b01eb260d|9726eff41b552295|f9d233a634cfcaf7|3fddf265dfa4733d,0.0,0.0,0.0,0.0,0.0,0.0,0.0,False
26,资金费率极端回归多头,衍生品反转,c341d55c71eca8ea,REJECTED,0,6,c341d55c71eca8ea|30465d9c0b0ffef6|ff0fca175d8bb674|4c82bfbd5920d5c6|3fddf265dfa4733d|fcc89570f6af5d59,0.0,0.0,0.0,0.0,0.0,0.0,0.0,False
26,资金费率极端回归多头,衍生品反转,6893f65b01eb260d,REJECTED,0,6,6893f65b01eb260d|9726eff41b552295|f9d233a634cfcaf7|53e435800d79924c|ae20300ca99c3d53|68395a714b774744,0.0,0.0,0.0,0.0,0.0,0.0,0.0,False
26,资金费率极端回归多头,衍生品反转,ff0fca175d8bb674,REJECTED,0,6,ff0fca175d8bb674|4c82bfbd5920d5c6|c341d55c71eca8ea|30465d9c0b0ffef6|3fddf265dfa4733d|f9d233a634cfcaf7,0.0,0.0,0.0,0.0,0.0,0.0,0.0,False
26,资金费率极端回归多头,衍生品反转,f9d233a634cfcaf7,REJECTED,0,6,f9d233a634cfcaf7|53e435800d79924c|6893f65b01eb260d|9726eff41b552295|ae20300ca99c3d53|ff0fca175d8bb674,0.0,0.0,0.0,0.0,0.0,0.0,0.0,False
26,资金费率极端回归多头,衍生品反转,7273b7d993c60366,REJECTED,0,6,7273b7d993c60366|59b8f596e91a83c5|65194ab9417e471b|c49708d36ff6779c|e4116bdde669ef18|94e5ea20c292cde8,0.0,0.0,0.0,0.0,0.0,0.0,0.0,False
26,资金费率极端回归多头,衍生品反转,94e5ea20c292cde8,REJECTED,0,6,94e5ea20c292cde8|56f58a97f8d18c3c|9d9e4f3bfb8c1871|a4af39b38e4dcf73|f06dc0a0992a74fb|7273b7d993c60366,0.0,0.0,0.0,0.0,0.0,0.0,0.0,False
26,资金费率极端回归多头,衍生品反转,65194ab9417e471b,REJECTED,0,6,65194ab9417e471b|c49708d36ff6779c|e4116bdde669ef18|4622bd4654aae68c|7273b7d993c60366|59b8f596e91a83c5,0.0,0.0,0.0,0.0,0.0,0.0,0.0,False
26,资金费率极端回归多头,衍生品反转,9d9e4f3bfb8c1871,REJECTED,0,6,9d9e4f3bfb8c1871|a4af39b38e4dcf73|f06dc0a0992a74fb|1969e1f0ff741f69|94e5ea20c292cde8|56f58a97f8d18c3c,0.0,0.0,0.0,0.0,0.0,0.0,0.0,False
26,资金费率极端回归多头,衍生品反转,e4116bdde669ef18,REJECTED,0,6,e4116bdde669ef18|4622bd4654aae68c|65194ab9417e471b|c49708d36ff6779c|7273b7d993c60366|f06dc0a0992a74fb,0.0,0.0,0.0,0.0,0.0,0.0,0.0,False
26,资金费率极端回归多头,衍生品反转,f06dc0a0992a74fb,REJECTED,0,6,f06dc0a0992a74fb|1969e1f0ff741f69|9d9e4f3bfb8c1871|a4af39b38e4dcf73|94e5ea20c292cde8|e4116bdde669ef18,0.0,0.0,0.0,0.0,0.0,0.0,0.0,False
26,资金费率极端回归多头,衍生品反转,59b8f596e91a83c5,REJECTED,0,6,59b8f596e91a83c5|7273b7d993c60366|c49708d36ff6779c|65194ab9417e471b|4622bd4654aae68c|56f58a97f8d18c3c,0.0,0.0,0.0,0.0,0.0,0.0,0.0,False
26,资金费率极端回归多头,衍生品反转,56f58a97f8d18c3c,REJECTED,0,6,56f58a97f8d18c3c|94e5ea20c292cde8|a4af39b38e4dcf73|9d9e4f3bfb8c1871|1969e1f0ff741f69|59b8f596e91a83c5,0.0,0.0,0.0,0.0,0.0,0.0,0.0,False
26,资金费率极端回归多头,衍生品反转,c49708d36ff6779c,REJECTED,0,6,c49708d36ff6779c|65194ab9417e471b|4622bd4654aae68c|e4116bdde669ef18|59b8f596e91a83c5|7273b7d993c60366,0.0,0.0,0.0,0.0,0.0,0.0,0.0,False
26,资金费率极端回归多头,衍生品反转,a4af39b38e4dcf73,REJECTED,0,6,a4af39b38e4dcf73|9d9e4f3bfb8c1871|1969e1f0ff741f69|f06dc0a0992a74fb|56f58a97f8d18c3c|94e5ea20c292cde8,0.0,0.0,0.0,0.0,0.0,0.0,0.0,False
26,资金费率极端回归多头,衍生品反转,4622bd4654aae68c,REJECTED,0,6,4622bd4654aae68c|e4116bdde669ef18|c49708d36ff6779c|65194ab9417e471b|59b8f596e91a83c5|1969e1f0ff741f69,0.0,0.0,0.0,0.0,0.0,0.0,0.0,False
26,资金费率极端回归多头,衍生品反转,1969e1f0ff741f69,REJECTED,0,6,1969e1f0ff741f69|f06dc0a0992a74fb|a4af39b38e4dcf73|9d9e4f3bfb8c1871|56f58a97f8d18c3c|4622bd4654aae68c,0.0,0.0,0.0,0.0,0.0,0.0,0.0,False
27,资金费率极端回归空头,衍生品反转,8eb51685c4e18d20,REJECTED,1,6,8eb51685c4e18d20|e15f1b3e0716080a|438e37721a4bff07|5cb575186cd8efa9|f412d8b5719784b2|b2a534a14454bac8,0.0,0.0,1.5,1.0,-1.4613395929268034,-2.9226421875804403,0.8,False
27,资金费率极端回归空头,衍生品反转,b2a534a14454bac8,REJECTED,1,6,b2a534a14454bac8|49428ab3fa186b1b|93f9d4bfce2909c7|102d61c10d46b68d|3955909ee1252a74|8eb51685c4e18d20,0.0,0.0,1.5,1.0,-2.0016131732005924,-2.9227283412020952,0.8,False
27,资金费率极端回归空头,衍生品反转,438e37721a4bff07,REJECTED,2,6,438e37721a4bff07|5cb575186cd8efa9|f412d8b5719784b2|958059cfad0a8f25|8eb51685c4e18d20|e15f1b3e0716080a,0.0,0.0,2.0,1.0,-1.5882637240676136,-2.9226421875804403,0.8,False
27,资金费率极端回归空头,衍生品反转,93f9d4bfce2909c7,REJECTED,2,6,93f9d4bfce2909c7|102d61c10d46b68d|3955909ee1252a74|ed1b377ffe97b58a|b2a534a14454bac8|49428ab3fa186b1b,0.0,0.0,2.0,1.0,-2.668810884615192,-2.9227283412020952,0.8,False
27,资金费率极端回归空头,衍生品反转,f412d8b5719784b2,REJECTED,3,6,f412d8b5719784b2|958059cfad0a8f25|438e37721a4bff07|5cb575186cd8efa9|8eb51685c4e18d20|3955909ee1252a74,0.0,0.0,2.5,1.0,-2.255452955824027,-2.9227283412020952,0.6,False
27,资金费率极端回归空头,衍生品反转,3955909ee1252a74,REJECTED,3,6,3955909ee1252a74|ed1b377ffe97b58a|93f9d4bfce2909c7|102d61c10d46b68d|b2a534a14454bac8|f412d8b5719784b2,0.0,0.0,2.5,1.0,-2.795726536097816,-2.9227283412020952,0.6,False
27,资金费率极端回归空头,衍生品反转,e15f1b3e0716080a,REJECTED,1,6,e15f1b3e0716080a|8eb51685c4e18d20|5cb575186cd8efa9|438e37721a4bff07|958059cfad0a8f25|49428ab3fa186b1b,0.0,0.0,1.5,1.0,-1.4613395929268034,-2.9226421875804403,0.8,False
27,资金费率极端回归空头,衍生品反转,49428ab3fa186b1b,REJECTED,1,6,49428ab3fa186b1b|b2a534a14454bac8|102d61c10d46b68d|93f9d4bfce2909c7|ed1b377ffe97b58a|e15f1b3e0716080a,0.0,0.0,1.5,1.0,-2.0016131732005924,-2.9227283412020952,0.8,False
27,资金费率极端回归空头,衍生品反转,5cb575186cd8efa9,REJECTED,2,6,5cb575186cd8efa9|438e37721a4bff07|958059cfad0a8f25|f412d8b5719784b2|e15f1b3e0716080a|8eb51685c4e18d20,0.0,0.0,2.0,1.0,-1.5882637240676136,-2.9226421875804403,0.8,False
27,资金费率极端回归空头,衍生品反转,102d61c10d46b68d,REJECTED,2,6,102d61c10d46b68d|93f9d4bfce2909c7|ed1b377ffe97b58a|3955909ee1252a74|49428ab3fa186b1b|b2a534a14454bac8,0.0,0.0,2.0,1.0,-2.668810884615192,-2.9227283412020952,0.8,False
27,资金费率极端回归空头,衍生品反转,958059cfad0a8f25,REJECTED,3,6,958059cfad0a8f25|f412d8b5719784b2|5cb575186cd8efa9|438e37721a4bff07|e15f1b3e0716080a|ed1b377ffe97b58a,0.0,0.0,2.5,1.0,-2.255452955824027,-2.9227283412020952,0.6,False
27,资金费率极端回归空头,衍生品反转,ed1b377ffe97b58a,REJECTED,3,6,ed1b377ffe97b58a|3955909ee1252a74|102d61c10d46b68d|93f9d4bfce2909c7|49428ab3fa186b1b|958059cfad0a8f25,0.0,0.0,2.5,1.0,-2.795726536097816,-2.9227283412020952,0.6,False
27,资金费率极端回归空头,衍生品反转,b02aa80e33f81c12,REJECTED,1,6,b02aa80e33f81c12|e75b1e50d0cfca04|31c11dd08e66ebfa|1a2b0adea3117bb9|ab1a7bf6d11e9bd8|be669920598442a4,0.0,0.0,1.5,1.0,-1.4058663697076073,-2.811720468292082,1.0,False
27,资金费率极端回归空头,衍生品反转,be669920598442a4,REJECTED,1,6,be669920598442a4|a98a835bcddc0ad5|e53d66e1ba8189e9|25a48552b3a71206|f480d9ccdbc816d0|b02aa80e33f81c12,0.0,0.0,1.5,1.0,-1.4058666440713758,-2.811721017019619,1.0,False
27,资金费率极端回归空头,衍生品反转,31c11dd08e66ebfa,REJECTED,2,6,31c11dd08e66ebfa|1a2b0adea3117bb9|ab1a7bf6d11e9bd8|8d59010061f9adc1|b02aa80e33f81c12|e75b1e50d0cfca04,0.0,0.0,2.0,1.0,-1.5076333961315065,-2.811720468292082,0.8,False
27,资金费率极端回归空头,衍生品反转,e53d66e1ba8189e9,REJECTED,2,6,e53d66e1ba8189e9|25a48552b3a71206|f480d9ccdbc816d0|9d4342caf2b7752f|be669920598442a4|a98a835bcddc0ad5,0.0,0.0,2.0,1.0,-1.5076339448590435,-2.811721017019619,0.8,False
27,资金费率极端回归空头,衍生品反转,ab1a7bf6d11e9bd8,REJECTED,3,6,ab1a7bf6d11e9bd8|8d59010061f9adc1|31c11dd08e66ebfa|1a2b0adea3117bb9|b02aa80e33f81c12|f480d9ccdbc816d0,0.0,0.0,2.5,1.0,-2.159676932211794,-2.811721017019619,0.6666666666666666,False
27,资金费率极端回归空头,衍生品反转,f480d9ccdbc816d0,REJECTED,3,6,f480d9ccdbc816d0|9d4342caf2b7752f|e53d66e1ba8189e9|25a48552b3a71206|be669920598442a4|ab1a7bf6d11e9bd8,0.0,0.0,2.5,1.0,-2.1596772065755627,-2.811721017019619,0.6666666666666666,False
27,资金费率极端回归空头,衍生品反转,e75b1e50d0cfca04,REJECTED,1,6,e75b1e50d0cfca04|b02aa80e33f81c12|1a2b0adea3117bb9|31c11dd08e66ebfa|8d59010061f9adc1|a98a835bcddc0ad5,0.0,0.0,1.5,1.0,-1.4058663697076073,-2.811720468292082,1.0,False
27,资金费率极端回归空头,衍生品反转,a98a835bcddc0ad5,REJECTED,1,6,a98a835bcddc0ad5|be669920598442a4|25a48552b3a71206|e53d66e1ba8189e9|9d4342caf2b7752f|e75b1e50d0cfca04,0.0,0.0,1.5,1.0,-1.4058666440713758,-2.811721017019619,1.0,False
27,资金费率极端回归空头,衍生品反转,1a2b0adea3117bb9,REJECTED,2,6,1a2b0adea3117bb9|31c11dd08e66ebfa|8d59010061f9adc1|ab1a7bf6d11e9bd8|e75b1e50d0cfca04|b02aa80e33f81c12,0.0,0.0,2.0,1.0,-1.5076333961315065,-2.811720468292082,0.8,False
27,资金费率极端回归空头,衍生品反转,25a48552b3a71206,REJECTED,2,6,25a48552b3a71206|e53d66e1ba8189e9|9d4342caf2b7752f|f480d9ccdbc816d0|a98a835bcddc0ad5|be669920598442a4,0.0,0.0,2.0,1.0,-1.5076339448590435,-2.811721017019619,0.8,False
27,资金费率极端回归空头,衍生品反转,8d59010061f9adc1,REJECTED,3,6,8d59010061f9adc1|ab1a7bf6d11e9bd8|1a2b0adea3117bb9|31c11dd08e66ebfa|e75b1e50d0cfca04|9d4342caf2b7752f,0.0,0.0,2.5,1.0,-2.159676932211794,-2.811721017019619,0.6666666666666666,False
27,资金费率极端回归空头,衍生品反转,9d4342caf2b7752f,REJECTED,3,6,9d4342caf2b7752f|f480d9ccdbc816d0|25a48552b3a71206|e53d66e1ba8189e9|a98a835bcddc0ad5|8d59010061f9adc1,0.0,0.0,2.5,1.0,-2.1596772065755627,-2.811721017019619,0.6666666666666666,False
28,合约溢价极端修复多头,基差反转,61c7503426bc984b,REJECTED,0,6,61c7503426bc984b|bf893553e863b925|c468956982a6e533|f0a6e64af8f05735|032e7e63353b4957|742043df497c16ec,0.0,0.0,0.0,0.0,0.0,0.0,0.0,False
28,合约溢价极端修复多头,基差反转,742043df497c16ec,REJECTED,0,6,742043df497c16ec|925d2d02f80fc5f4|5ef71b35a0c257ec|3d15b55131a950c1|0ba48f62cfa7494c|61c7503426bc984b,0.0,0.0,0.0,0.0,0.0,0.0,0.0,False
28,合约溢价极端修复多头,基差反转,c468956982a6e533,REJECTED,0,6,c468956982a6e533|f0a6e64af8f05735|032e7e63353b4957|093dac7fcabfaabe|61c7503426bc984b|bf893553e863b925,0.0,0.0,0.0,0.0,0.0,0.0,0.0,False
28,合约溢价极端修复多头,基差反转,5ef71b35a0c257ec,REJECTED,0,6,5ef71b35a0c257ec|3d15b55131a950c1|0ba48f62cfa7494c|4abb05d6fcd2b979|742043df497c16ec|925d2d02f80fc5f4,0.0,0.0,0.0,0.0,0.0,0.0,0.0,False
28,合约溢价极端修复多头,基差反转,032e7e63353b4957,REJECTED,0,6,032e7e63353b4957|093dac7fcabfaabe|c468956982a6e533|f0a6e64af8f05735|61c7503426bc984b|0ba48f62cfa7494c,0.0,0.0,0.0,0.0,0.0,0.0,0.0,False
28,合约溢价极端修复多头,基差反转,0ba48f62cfa7494c,REJECTED,0,6,0ba48f62cfa7494c|4abb05d6fcd2b979|5ef71b35a0c257ec|3d15b55131a950c1|742043df497c16ec|032e7e63353b4957,0.0,0.0,0.0,0.0,0.0,0.0,0.0,False
28,合约溢价极端修复多头,基差反转,bf893553e863b925,REJECTED,0,6,bf893553e863b925|61c7503426bc984b|f0a6e64af8f05735|c468956982a6e533|093dac7fcabfaabe|925d2d02f80fc5f4,0.0,0.0,0.0,0.0,0.0,0.0,0.0,False
28,合约溢价极端修复多头,基差反转,925d2d02f80fc5f4,REJECTED,0,6,925d2d02f80fc5f4|742043df497c16ec|3d15b55131a950c1|5ef71b35a0c257ec|4abb05d6fcd2b979|bf893553e863b925,0.0,0.0,0.0,0.0,0.0,0.0,0.0,False
28,合约溢价极端修复多头,基差反转,f0a6e64af8f05735,REJECTED,0,6,f0a6e64af8f05735|c468956982a6e533|093dac7fcabfaabe|032e7e63353b4957|bf893553e863b925|61c7503426bc984b,0.0,0.0,0.0,0.0,0.0,0.0,0.0,False
28,合约溢价极端修复多头,基差反转,3d15b55131a950c1,REJECTED,0,6,3d15b55131a950c1|5ef71b35a0c257ec|4abb05d6fcd2b979|0ba48f62cfa7494c|925d2d02f80fc5f4|742043df497c16ec,0.0,0.0,0.0,0.0,0.0,0.0,0.0,False
28,合约溢价极端修复多头,基差反转,093dac7fcabfaabe,REJECTED,0,6,093dac7fcabfaabe|032e7e63353b4957|f0a6e64af8f05735|c468956982a6e533|bf893553e863b925|4abb05d6fcd2b979,0.0,0.0,0.0,0.0,0.0,0.0,0.0,False
28,合约溢价极端修复多头,基差反转,4abb05d6fcd2b979,REJECTED,0,6,4abb05d6fcd2b979|0ba48f62cfa7494c|3d15b55131a950c1|5ef71b35a0c257ec|925d2d02f80fc5f4|093dac7fcabfaabe,0.0,0.0,0.0,0.0,0.0,0.0,0.0,False
28,合约溢价极端修复多头,基差反转,48c0a571f023845e,REJECTED,1,6,48c0a571f023845e|ed236082c2e394da|c556780da8fd4b2a|fadda0a69a1cad40|3dcbc997d7e6c34d|9d3c625374e50f0a,0.0,0.0,0.5,0.5,-0.10181921910305804,-0.20363843820611607,0.4,False
28,合约溢价极端修复多头,基差反转,9d3c625374e50f0a,REJECTED,0,6,9d3c625374e50f0a|81441cf5ccce5738|81b8d36c134f6b67|e192dbbbf624e8c6|1a6734217c80e8e6|48c0a571f023845e,0.0,0.0,0.0,0.0,0.0,-0.20363843820611607,0.0,False
28,合约溢价极端修复多头,基差反转,c556780da8fd4b2a,REJECTED,1,6,c556780da8fd4b2a|fadda0a69a1cad40|3dcbc997d7e6c34d|65f4e7bf148c4f52|48c0a571f023845e|ed236082c2e394da,0.0,0.0,0.5,0.5,-0.10181921910305804,-0.20363843820611607,0.4,False
28,合约溢价极端修复多头,基差反转,81b8d36c134f6b67,REJECTED,0,6,81b8d36c134f6b67|e192dbbbf624e8c6|1a6734217c80e8e6|46b9c14acd333994|9d3c625374e50f0a|81441cf5ccce5738,0.0,0.0,0.0,0.0,0.0,0.0,0.0,False
28,合约溢价极端修复多头,基差反转,3dcbc997d7e6c34d,REJECTED,1,6,3dcbc997d7e6c34d|65f4e7bf148c4f52|c556780da8fd4b2a|fadda0a69a1cad40|48c0a571f023845e|1a6734217c80e8e6,0.0,0.0,0.5,0.5,-0.10181921910305804,-0.20363843820611607,0.4,False
28,合约溢价极端修复多头,基差反转,1a6734217c80e8e6,REJECTED,0,6,1a6734217c80e8e6|46b9c14acd333994|81b8d36c134f6b67|e192dbbbf624e8c6|9d3c625374e50f0a|3dcbc997d7e6c34d,0.0,0.0,0.0,0.0,0.0,-0.20363843820611607,0.0,False
28,合约溢价极端修复多头,基差反转,ed236082c2e394da,REJECTED,0,6,ed236082c2e394da|48c0a571f023845e|fadda0a69a1cad40|c556780da8fd4b2a|65f4e7bf148c4f52|81441cf5ccce5738,0.0,0.0,0.0,0.0,0.0,-0.20363843820611607,0.0,False
28,合约溢价极端修复多头,基差反转,81441cf5ccce5738,REJECTED,0,6,81441cf5ccce5738|9d3c625374e50f0a|e192dbbbf624e8c6|81b8d36c134f6b67|46b9c14acd333994|ed236082c2e394da,0.0,0.0,0.0,0.0,0.0,0.0,0.0,False
28,合约溢价极端修复多头,基差反转,fadda0a69a1cad40,REJECTED,0,6,fadda0a69a1cad40|c556780da8fd4b2a|65f4e7bf148c4f52|3dcbc997d7e6c34d|ed236082c2e394da|48c0a571f023845e,0.0,0.0,0.5,0.5,-0.10181921910305804,-0.20363843820611607,0.0,False
28,合约溢价极端修复多头,基差反转,e192dbbbf624e8c6,REJECTED,0,6,e192dbbbf624e8c6|81b8d36c134f6b67|46b9c14acd333994|1a6734217c80e8e6|81441cf5ccce5738|9d3c625374e50f0a,0.0,0.0,0.0,0.0,0.0,0.0,0.0,False
28,合约溢价极端修复多头,基差反转,65f4e7bf148c4f52,REJECTED,0,6,65f4e7bf148c4f52|3dcbc997d7e6c34d|fadda0a69a1cad40|c556780da8fd4b2a|ed236082c2e394da|46b9c14acd333994,0.0,0.0,0.0,0.0,0.0,-0.20363843820611607,0.0,False
28,合约溢价极端修复多头,基差反转,46b9c14acd333994,REJECTED,0,6,46b9c14acd333994|1a6734217c80e8e6|e192dbbbf624e8c6|81b8d36c134f6b67|81441cf5ccce5738|65f4e7bf148c4f52,0.0,0.0,0.0,0.0,0.0,0.0,0.0,False
29,合约溢价极端修复空头,基差反转,9cc0c5de692aa62f,REJECTED,0,6,9cc0c5de692aa62f|5bbc2998aedaf067|5d1f6d7292487bf0|191dd9f7992dfd8e|dc7f28e120df9f9f|47dba36f73121a18,0.0,0.0,0.0,0.0,0.0,0.0,0.0,False
29,合约溢价极端修复空头,基差反转,47dba36f73121a18,REJECTED,0,6,47dba36f73121a18|ca5fd0bcf063780b|bb44a518fb5bf1b9|6c1b97ec9c2a1203|9b74a39252193b0d|9cc0c5de692aa62f,0.0,0.0,0.0,0.0,0.0,0.0,0.0,False
29,合约溢价极端修复空头,基差反转,5d1f6d7292487bf0,REJECTED,0,6,5d1f6d7292487bf0|191dd9f7992dfd8e|dc7f28e120df9f9f|98a2d497101d603d|9cc0c5de692aa62f|5bbc2998aedaf067,0.0,0.0,0.0,0.0,0.0,0.0,0.0,False
29,合约溢价极端修复空头,基差反转,bb44a518fb5bf1b9,REJECTED,0,6,bb44a518fb5bf1b9|6c1b97ec9c2a1203|9b74a39252193b0d|f7178d2a60194dca|47dba36f73121a18|ca5fd0bcf063780b,0.0,0.0,0.0,0.0,0.0,0.0,0.0,False
29,合约溢价极端修复空头,基差反转,dc7f28e120df9f9f,REJECTED,0,6,dc7f28e120df9f9f|98a2d497101d603d|5d1f6d7292487bf0|191dd9f7992dfd8e|9cc0c5de692aa62f|9b74a39252193b0d,0.0,0.0,0.0,0.0,0.0,0.0,0.0,False
29,合约溢价极端修复空头,基差反转,9b74a39252193b0d,REJECTED,0,6,9b74a39252193b0d|f7178d2a60194dca|bb44a518fb5bf1b9|6c1b97ec9c2a1203|47dba36f73121a18|dc7f28e120df9f9f,0.0,0.0,0.0,0.0,0.0,0.0,0.0,False
29,合约溢价极端修复空头,基差反转,5bbc2998aedaf067,REJECTED,0,6,5bbc2998aedaf067|9cc0c5de692aa62f|191dd9f7992dfd8e|5d1f6d7292487bf0|98a2d497101d603d|ca5fd0bcf063780b,0.0,0.0,0.0,0.0,0.0,0.0,0.0,False
29,合约溢价极端修复空头,基差反转,ca5fd0bcf063780b,REJECTED,0,6,ca5fd0bcf063780b|47dba36f73121a18|6c1b97ec9c2a1203|bb44a518fb5bf1b9|f7178d2a60194dca|5bbc2998aedaf067,0.0,0.0,0.0,0.0,0.0,0.0,0.0,False
29,合约溢价极端修复空头,基差反转,191dd9f7992dfd8e,REJECTED,0,6,191dd9f7992dfd8e|5d1f6d7292487bf0|98a2d497101d603d|dc7f28e120df9f9f|5bbc2998aedaf067|9cc0c5de692aa62f,0.0,0.0,0.0,0.0,0.0,0.0,0.0,False
29,合约溢价极端修复空头,基差反转,6c1b97ec9c2a1203,REJECTED,0,6,6c1b97ec9c2a1203|bb44a518fb5bf1b9|f7178d2a60194dca|9b74a39252193b0d|ca5fd0bcf063780b|47dba36f73121a18,0.0,0.0,0.0,0.0,0.0,0.0,0.0,False
29,合约溢价极端修复空头,基差反转,98a2d497101d603d,REJECTED,0,6,98a2d497101d603d|dc7f28e120df9f9f|191dd9f7992dfd8e|5d1f6d7292487bf0|5bbc2998aedaf067|f7178d2a60194dca,0.0,0.0,0.0,0.0,0.0,0.0,0.0,False
29,合约溢价极端修复空头,基差反转,f7178d2a60194dca,REJECTED,0,6,f7178d2a60194dca|9b74a39252193b0d|6c1b97ec9c2a1203|bb44a518fb5bf1b9|ca5fd0bcf063780b|98a2d497101d603d,0.0,0.0,0.0,0.0,0.0,0.0,0.0,False
29,合约溢价极端修复空头,基差反转,b73872009c150552,REJECTED,0,6,b73872009c150552|f7e6214b111b86e0|7db16ab652419c70|a8f3860b89424b29|80c8ac639b1a8ae9|c5c054c0ebd3e253,0.0,0.0,0.0,0.0,0.0,0.0,0.0,False
29,合约溢价极端修复空头,基差反转,c5c054c0ebd3e253,REJECTED,0,6,c5c054c0ebd3e253|dceffa84d01a968d|3af3f7098f3957e2|cc4356646f19fa79|230fee40457ebfbd|b73872009c150552,0.0,0.0,0.0,0.0,0.0,0.0,0.0,False
29,合约溢价极端修复空头,基差反转,7db16ab652419c70,REJECTED,0,6,7db16ab652419c70|a8f3860b89424b29|80c8ac639b1a8ae9|df2ae03577cfc9bc|b73872009c150552|f7e6214b111b86e0,0.0,0.0,0.0,0.0,0.0,0.0,0.0,False
29,合约溢价极端修复空头,基差反转,3af3f7098f3957e2,REJECTED,0,6,3af3f7098f3957e2|cc4356646f19fa79|230fee40457ebfbd|cab5d273b4a8906d|c5c054c0ebd3e253|dceffa84d01a968d,0.0,0.0,0.0,0.0,0.0,0.0,0.0,False
29,合约溢价极端修复空头,基差反转,80c8ac639b1a8ae9,REJECTED,0,6,80c8ac639b1a8ae9|df2ae03577cfc9bc|7db16ab652419c70|a8f3860b89424b29|b73872009c150552|230fee40457ebfbd,0.0,0.0,0.0,0.0,0.0,0.0,0.0,False
29,合约溢价极端修复空头,基差反转,230fee40457ebfbd,REJECTED,0,6,230fee40457ebfbd|cab5d273b4a8906d|3af3f7098f3957e2|cc4356646f19fa79|c5c054c0ebd3e253|80c8ac639b1a8ae9,0.0,0.0,0.0,0.0,0.0,0.0,0.0,False
29,合约溢价极端修复空头,基差反转,f7e6214b111b86e0,REJECTED,0,6,f7e6214b111b86e0|b73872009c150552|a8f3860b89424b29|7db16ab652419c70|df2ae03577cfc9bc|dceffa84d01a968d,0.0,0.0,0.0,0.0,0.0,0.0,0.0,False
29,合约溢价极端修复空头,基差反转,dceffa84d01a968d,REJECTED,0,6,dceffa84d01a968d|c5c054c0ebd3e253|cc4356646f19fa79|3af3f7098f3957e2|cab5d273b4a8906d|f7e6214b111b86e0,0.0,0.0,0.0,0.0,0.0,0.0,0.0,False
29,合约溢价极端修复空头,基差反转,a8f3860b89424b29,REJECTED,0,6,a8f3860b89424b29|7db16ab652419c70|df2ae03577cfc9bc|80c8ac639b1a8ae9|f7e6214b111b86e0|b73872009c150552,0.0,0.0,0.0,0.0,0.0,0.0,0.0,False
29,合约溢价极端修复空头,基差反转,cc4356646f19fa79,REJECTED,0,6,cc4356646f19fa79|3af3f7098f3957e2|cab5d273b4a8906d|230fee40457ebfbd|dceffa84d01a968d|c5c054c0ebd3e253,0.0,0.0,0.0,0.0,0.0,0.0,0.0,False
29,合约溢价极端修复空头,基差反转,df2ae03577cfc9bc,REJECTED,0,6,df2ae03577cfc9bc|80c8ac639b1a8ae9|a8f3860b89424b29|7db16ab652419c70|f7e6214b111b86e0|cab5d273b4a8906d,0.0,0.0,0.0,0.0,0.0,0.0,0.0,False
29,合约溢价极端修复空头,基差反转,cab5d273b4a8906d,REJECTED,0,6,cab5d273b4a8906d|230fee40457ebfbd|cc4356646f19fa79|3af3f7098f3957e2|dceffa84d01a968d|df2ae03577cfc9bc,0.0,0.0,0.0,0.0,0.0,0.0,0.0,False
30,欧美开盘区间突破多头,开盘突破,3c77aa952c7efe70,REJECTED,2,6,3c77aa952c7efe70|7defc8ea8aa8235e|59ef13485629ffb6|e506f97f39af9803|f9b0b97528e653e7|3b19a66f8a634d18,0.0,0.0,3.0,2.0,-2.5101966781554634,-2.6063329007679608,0.9,False
30,欧美开盘区间突破多头,开盘突破,3b19a66f8a634d18,REJECTED,2,6,3b19a66f8a634d18|86b4811bd18fdf84|6d91fd221ab4265c|643d2c508730e875|3677fd8c3b91bd1e|3c77aa952c7efe70,0.0,0.0,3.0,2.0,-3.9095397076166125,-5.212746514465264,0.9,False
30,欧美开盘区间突破多头,开盘突破,59ef13485629ffb6,REJECTED,4,6,59ef13485629ffb6|e506f97f39af9803|f9b0b97528e653e7|a877ff1aabbaebd2|3c77aa952c7efe70|7defc8ea8aa8235e,0.0,0.0,4.0,2.0,-2.4140621827004383,-2.6063329007679608,0.8,False
30,欧美开盘区间突破多头,开盘突破,6d91fd221ab4265c,REJECTED,4,6,6d91fd221ab4265c|643d2c508730e875|3677fd8c3b91bd1e|2640e495bf1a0dcb|3b19a66f8a634d18|86b4811bd18fdf84,0.0,0.0,4.0,2.0,-5.212746514465264,-5.212746514465264,0.8,False
30,欧美开盘区间突破多头,开盘突破,f9b0b97528e653e7,REJECTED,6,6,f9b0b97528e653e7|a877ff1aabbaebd2|59ef13485629ffb6|e506f97f39af9803|3c77aa952c7efe70|3677fd8c3b91bd1e,0.0,0.0,4.0,2.0,-2.4140621827004383,-5.212746514465264,0.6333333333333334,False
30,欧美开盘区间突破多头,开盘突破,3677fd8c3b91bd1e,REJECTED,4,6,3677fd8c3b91bd1e|2640e495bf1a0dcb|6d91fd221ab4265c|643d2c508730e875|3b19a66f8a634d18|f9b0b97528e653e7,0.0,0.0,4.0,2.0,-5.212746514465264,-5.212746514465264,0.8500000000000001,False
30,欧美开盘区间突破多头,开盘突破,7defc8ea8aa8235e,REJECTED,2,6,7defc8ea8aa8235e|3c77aa952c7efe70|e506f97f39af9803|59ef13485629ffb6|a877ff1aabbaebd2|86b4811bd18fdf84,0.0,0.0,3.0,2.0,-2.5101966781554634,-2.6063329007679608,0.9,False
30,欧美开盘区间突破多头,开盘突破,86b4811bd18fdf84,REJECTED,2,6,86b4811bd18fdf84|3b19a66f8a634d18|643d2c508730e875|6d91fd221ab4265c|2640e495bf1a0dcb|7defc8ea8aa8235e,0.0,0.0,3.0,2.0,-3.9095397076166125,-5.212746514465264,0.9,False
30,欧美开盘区间突破多头,开盘突破,e506f97f39af9803,REJECTED,4,6,e506f97f39af9803|59ef13485629ffb6|a877ff1aabbaebd2|f9b0b97528e653e7|7defc8ea8aa8235e|3c77aa952c7efe70,0.0,0.0,4.0,2.0,-2.4140621827004383,-2.6063329007679608,0.8,False
30,欧美开盘区间突破多头,开盘突破,643d2c508730e875,REJECTED,4,6,643d2c508730e875|6d91fd221ab4265c|2640e495bf1a0dcb|3677fd8c3b91bd1e|86b4811bd18fdf84|3b19a66f8a634d18,0.0,0.0,4.0,2.0,-5.212746514465264,-5.212746514465264,0.8,False
30,欧美开盘区间突破多头,开盘突破,a877ff1aabbaebd2,REJECTED,6,6,a877ff1aabbaebd2|f9b0b97528e653e7|e506f97f39af9803|59ef13485629ffb6|7defc8ea8aa8235e|2640e495bf1a0dcb,0.0,0.0,4.0,2.0,-2.4140621827004383,-5.212746514465264,0.6333333333333334,False
30,欧美开盘区间突破多头,开盘突破,2640e495bf1a0dcb,REJECTED,4,6,2640e495bf1a0dcb|3677fd8c3b91bd1e|643d2c508730e875|6d91fd221ab4265c|86b4811bd18fdf84|a877ff1aabbaebd2,0.0,0.0,4.0,2.0,-5.212746514465264,-5.212746514465264,0.8500000000000001,False
30,欧美开盘区间突破多头,开盘突破,2755bc0e764f2a88,REJECTED,1,6,2755bc0e764f2a88|cbd27bbf86f53b15|35597de2982bb009|9568f7496cbb6bbe|cc5a7659ab72dede|7ec50392647cebba,0.0,0.0,1.5,1.0,-1.6783512121326938,-3.3567135914841897,0.4,False
30,欧美开盘区间突破多头,开盘突破,7ec50392647cebba,REJECTED,1,6,7ec50392647cebba|533e93b76b66076f|5740686270bffd57|dc0f1bbe12069d8c|64ec2cdd62853017|2755bc0e764f2a88,0.0,0.0,1.5,1.0,-1.6783567957420946,-2.086361135638636,0.8,False
30,欧美开盘区间突破多头,开盘突破,35597de2982bb009,REJECTED,2,6,35597de2982bb009|9568f7496cbb6bbe|cc5a7659ab72dede|28045439bd5953e5|2755bc0e764f2a88|cbd27bbf86f53b15,0.0,0.0,2.0,1.0,-2.086355552029235,-3.3567135914841897,0.6000000000000001,False
30,欧美开盘区间突破多头,开盘突破,5740686270bffd57,REJECTED,2,6,5740686270bffd57|dc0f1bbe12069d8c|64ec2cdd62853017|f9b3da6933694a01|7ec50392647cebba|533e93b76b66076f,0.0,0.0,2.0,1.0,-2.086361135638636,-2.086361135638636,0.8,False
30,欧美开盘区间突破多头,开盘突破,cc5a7659ab72dede,REJECTED,3,6,cc5a7659ab72dede|28045439bd5953e5|35597de2982bb009|9568f7496cbb6bbe|2755bc0e764f2a88|64ec2cdd62853017,0.0,0.0,2.0,1.0,-2.086361135638636,-3.3567135914841897,0.6000000000000001,False
30,欧美开盘区间突破多头,开盘突破,64ec2cdd62853017,REJECTED,2,6,64ec2cdd62853017|f9b3da6933694a01|5740686270bffd57|dc0f1bbe12069d8c|7ec50392647cebba|cc5a7659ab72dede,0.0,0.0,2.0,1.0,-2.086361135638636,-3.3567135914841897,0.9,False
30,欧美开盘区间突破多头,开盘突破,cbd27bbf86f53b15,REJECTED,1,6,cbd27bbf86f53b15|2755bc0e764f2a88|9568f7496cbb6bbe|35597de2982bb009|28045439bd5953e5|533e93b76b66076f,0.0,0.0,1.5,1.0,-1.6783512121326938,-2.086361135638636,0.8,False
30,欧美开盘区间突破多头,开盘突破,533e93b76b66076f,REJECTED,1,6,533e93b76b66076f|7ec50392647cebba|dc0f1bbe12069d8c|5740686270bffd57|f9b3da6933694a01|cbd27bbf86f53b15,0.0,0.0,1.5,1.0,-1.4511793241064583,-2.086361135638636,1.0,False
30,欧美开盘区间突破多头,开盘突破,9568f7496cbb6bbe,REJECTED,2,6,9568f7496cbb6bbe|35597de2982bb009|28045439bd5953e5|cc5a7659ab72dede|cbd27bbf86f53b15|2755bc0e764f2a88,0.0,0.0,2.0,1.0,-2.086355552029235,-3.3567135914841897,0.6000000000000001,False
30,欧美开盘区间突破多头,开盘突破,dc0f1bbe12069d8c,REJECTED,2,6,dc0f1bbe12069d8c|5740686270bffd57|f9b3da6933694a01|64ec2cdd62853017|533e93b76b66076f|7ec50392647cebba,0.0,0.0,2.0,1.0,-2.086361135638636,-2.086361135638636,0.8,False
30,欧美开盘区间突破多头,开盘突破,28045439bd5953e5,REJECTED,2,6,28045439bd5953e5|cc5a7659ab72dede|9568f7496cbb6bbe|35597de2982bb009|cbd27bbf86f53b15|f9b3da6933694a01,0.0,0.0,2.0,1.0,-2.086361135638636,-3.3567135914841897,0.8,False
30,欧美开盘区间突破多头,开盘突破,f9b3da6933694a01,REJECTED,2,6,f9b3da6933694a01|64ec2cdd62853017|dc0f1bbe12069d8c|5740686270bffd57|533e93b76b66076f|28045439bd5953e5,0.0,0.0,2.0,1.0,-2.086361135638636,-2.086361135638636,0.9,False
31,欧美开盘区间突破空头,开盘突破,8f89911d444a7852,REJECTED,0,6,8f89911d444a7852|51bb5b68cc1514f5|8bec217992f3c51a|2ff9cd2159080551|51bf4309d45cb035|6bdefa2a43d52b60,0.0,0.0,0.0,0.0,0.0,0.0,0.0,False
31,欧美开盘区间突破空头,开盘突破,6bdefa2a43d52b60,REJECTED,0,6,6bdefa2a43d52b60|24b9e28042c42e5b|b9a61a33b41803dd|54abbe47d50be356|ccfa554ff587a847|8f89911d444a7852,0.0,0.0,0.0,0.0,0.0,0.0,0.0,False
31,欧美开盘区间突破空头,开盘突破,8bec217992f3c51a,REJECTED,0,6,8bec217992f3c51a|2ff9cd2159080551|51bf4309d45cb035|791603125e4e7ef6|8f89911d444a7852|51bb5b68cc1514f5,0.0,0.0,0.0,0.0,0.0,0.0,0.0,False
31,欧美开盘区间突破空头,开盘突破,b9a61a33b41803dd,REJECTED,0,6,b9a61a33b41803dd|54abbe47d50be356|ccfa554ff587a847|cd7fd64f35cb5490|6bdefa2a43d52b60|24b9e28042c42e5b,0.0,0.0,0.0,0.0,0.0,0.0,0.0,False
31,欧美开盘区间突破空头,开盘突破,51bf4309d45cb035,REJECTED,0,6,51bf4309d45cb035|791603125e4e7ef6|8bec217992f3c51a|2ff9cd2159080551|8f89911d444a7852|ccfa554ff587a847,0.0,0.0,0.0,0.0,0.0,0.0,0.0,False
31,欧美开盘区间突破空头,开盘突破,ccfa554ff587a847,REJECTED,0,6,ccfa554ff587a847|cd7fd64f35cb5490|b9a61a33b41803dd|54abbe47d50be356|6bdefa2a43d52b60|51bf4309d45cb035,0.0,0.0,0.0,0.0,0.0,0.0,0.0,False
31,欧美开盘区间突破空头,开盘突破,51bb5b68cc1514f5,REJECTED,0,6,51bb5b68cc1514f5|8f89911d444a7852|2ff9cd2159080551|8bec217992f3c51a|791603125e4e7ef6|24b9e28042c42e5b,0.0,0.0,0.0,0.0,0.0,0.0,0.0,False
31,欧美开盘区间突破空头,开盘突破,24b9e28042c42e5b,REJECTED,0,6,24b9e28042c42e5b|6bdefa2a43d52b60|54abbe47d50be356|b9a61a33b41803dd|cd7fd64f35cb5490|51bb5b68cc1514f5,0.0,0.0,0.0,0.0,0.0,0.0,0.0,False
31,欧美开盘区间突破空头,开盘突破,2ff9cd2159080551,REJECTED,0,6,2ff9cd2159080551|8bec217992f3c51a|791603125e4e7ef6|51bf4309d45cb035|51bb5b68cc1514f5|8f89911d444a7852,0.0,0.0,0.0,0.0,0.0,0.0,0.0,False
31,欧美开盘区间突破空头,开盘突破,54abbe47d50be356,REJECTED,0,6,54abbe47d50be356|b9a61a33b41803dd|cd7fd64f35cb5490|ccfa554ff587a847|24b9e28042c42e5b|6bdefa2a43d52b60,0.0,0.0,0.0,0.0,0.0,0.0,0.0,False
31,欧美开盘区间突破空头,开盘突破,791603125e4e7ef6,REJECTED,0,6,791603125e4e7ef6|51bf4309d45cb035|2ff9cd2159080551|8bec217992f3c51a|51bb5b68cc1514f5|cd7fd64f35cb5490,0.0,0.0,0.0,0.0,0.0,0.0,0.0,False
31,欧美开盘区间突破空头,开盘突破,cd7fd64f35cb5490,REJECTED,0,6,cd7fd64f35cb5490|ccfa554ff587a847|54abbe47d50be356|b9a61a33b41803dd|24b9e28042c42e5b|791603125e4e7ef6,0.0,0.0,0.0,0.0,0.0,0.0,0.0,False
31,欧美开盘区间突破空头,开盘突破,07f2519b66a00d00,REJECTED,0,6,07f2519b66a00d00|34d018aabdc9e608|013323cb5b8a466b|7d46490e16c6b3be|b9b287e996add136|c3750c1fda805a2a,0.0,0.0,0.0,0.0,0.0,0.0,0.0,False
31,欧美开盘区间突破空头,开盘突破,c3750c1fda805a2a,REJECTED,0,6,c3750c1fda805a2a|ae7d62a74baa08d9|d6a2bc6e53553172|351a33320b9e4ca1|4c9afc474850682d|07f2519b66a00d00,0.0,0.0,0.0,0.0,0.0,0.0,0.0,False
31,欧美开盘区间突破空头,开盘突破,013323cb5b8a466b,REJECTED,0,6,013323cb5b8a466b|7d46490e16c6b3be|b9b287e996add136|971992c2c5a7ecfe|07f2519b66a00d00|34d018aabdc9e608,0.0,0.0,0.0,0.0,0.0,0.0,0.0,False
31,欧美开盘区间突破空头,开盘突破,d6a2bc6e53553172,REJECTED,0,6,d6a2bc6e53553172|351a33320b9e4ca1|4c9afc474850682d|0ee609d5fd063f90|c3750c1fda805a2a|ae7d62a74baa08d9,0.0,0.0,0.0,0.0,0.0,0.0,0.0,False
31,欧美开盘区间突破空头,开盘突破,b9b287e996add136,REJECTED,0,6,b9b287e996add136|971992c2c5a7ecfe|013323cb5b8a466b|7d46490e16c6b3be|07f2519b66a00d00|4c9afc474850682d,0.0,0.0,0.0,0.0,0.0,0.0,0.0,False
31,欧美开盘区间突破空头,开盘突破,4c9afc474850682d,REJECTED,0,6,4c9afc474850682d|0ee609d5fd063f90|d6a2bc6e53553172|351a33320b9e4ca1|c3750c1fda805a2a|b9b287e996add136,0.0,0.0,0.0,0.0,0.0,0.0,0.0,False
31,欧美开盘区间突破空头,开盘突破,34d018aabdc9e608,REJECTED,0,6,34d018aabdc9e608|07f2519b66a00d00|7d46490e16c6b3be|013323cb5b8a466b|971992c2c5a7ecfe|ae7d62a74baa08d9,0.0,0.0,0.0,0.0,0.0,0.0,0.0,False
31,欧美开盘区间突破空头,开盘突破,ae7d62a74baa08d9,REJECTED,0,6,ae7d62a74baa08d9|c3750c1fda805a2a|351a33320b9e4ca1|d6a2bc6e53553172|0ee609d5fd063f90|34d018aabdc9e608,0.0,0.0,0.0,0.0,0.0,0.0,0.0,False
31,欧美开盘区间突破空头,开盘突破,7d46490e16c6b3be,REJECTED,0,6,7d46490e16c6b3be|013323cb5b8a466b|971992c2c5a7ecfe|b9b287e996add136|34d018aabdc9e608|07f2519b66a00d00,0.0,0.0,0.0,0.0,0.0,0.0,0.0,False
31,欧美开盘区间突破空头,开盘突破,351a33320b9e4ca1,REJECTED,0,6,351a33320b9e4ca1|d6a2bc6e53553172|0ee609d5fd063f90|4c9afc474850682d|ae7d62a74baa08d9|c3750c1fda805a2a,0.0,0.0,0.0,0.0,0.0,0.0,0.0,False
31,欧美开盘区间突破空头,开盘突破,971992c2c5a7ecfe,REJECTED,0,6,971992c2c5a7ecfe|b9b287e996add136|7d46490e16c6b3be|013323cb5b8a466b|34d018aabdc9e608|0ee609d5fd063f90,0.0,0.0,0.0,0.0,0.0,0.0,0.0,False
31,欧美开盘区间突破空头,开盘突破,0ee609d5fd063f90,REJECTED,0,6,0ee609d5fd063f90|4c9afc474850682d|351a33320b9e4ca1|d6a2bc6e53553172|ae7d62a74baa08d9|971992c2c5a7ecfe,0.0,0.0,0.0,0.0,0.0,0.0,0.0,False
32,BTC强于ETH且溢价回落空头,跨资产衍生品,ad7bf81694ad15d4,REJECTED,0,6,ad7bf81694ad15d4|79e4c086b733dc61|c2b25a9f26c02c6e|853f777646b40e90|696629809ff90839|d757dbc3e5fd0123,0.0,0.0,0.0,0.0,0.0,0.0,0.0,False
32,BTC强于ETH且溢价回落空头,跨资产衍生品,d757dbc3e5fd0123,REJECTED,0,6,d757dbc3e5fd0123|45ffdb49414de9fa|4f77121f64f90356|9fab8d81ff85144b|b058de876db75fe9|ad7bf81694ad15d4,0.0,0.0,0.0,0.0,0.0,0.0,0.0,False
32,BTC强于ETH且溢价回落空头,跨资产衍生品,c2b25a9f26c02c6e,REJECTED,0,6,c2b25a9f26c02c6e|853f777646b40e90|696629809ff90839|8805983fd6ea6a14|ad7bf81694ad15d4|79e4c086b733dc61,0.0,0.0,0.0,0.0,0.0,0.0,0.0,False
32,BTC强于ETH且溢价回落空头,跨资产衍生品,4f77121f64f90356,REJECTED,0,6,4f77121f64f90356|9fab8d81ff85144b|b058de876db75fe9|043c6b19b0412ba1|d757dbc3e5fd0123|45ffdb49414de9fa,0.0,0.0,0.0,0.0,0.0,0.0,0.0,False
32,BTC强于ETH且溢价回落空头,跨资产衍生品,696629809ff90839,REJECTED,0,6,696629809ff90839|8805983fd6ea6a14|c2b25a9f26c02c6e|853f777646b40e90|ad7bf81694ad15d4|b058de876db75fe9,0.0,0.0,0.0,0.0,0.0,0.0,0.0,False
32,BTC强于ETH且溢价回落空头,跨资产衍生品,b058de876db75fe9,REJECTED,0,6,b058de876db75fe9|043c6b19b0412ba1|4f77121f64f90356|9fab8d81ff85144b|d757dbc3e5fd0123|696629809ff90839,0.0,0.0,0.0,0.0,0.0,0.0,0.0,False
32,BTC强于ETH且溢价回落空头,跨资产衍生品,79e4c086b733dc61,REJECTED,0,6,79e4c086b733dc61|ad7bf81694ad15d4|853f777646b40e90|c2b25a9f26c02c6e|8805983fd6ea6a14|45ffdb49414de9fa,0.0,0.0,0.0,0.0,0.0,0.0,0.0,False
32,BTC强于ETH且溢价回落空头,跨资产衍生品,45ffdb49414de9fa,REJECTED,0,6,45ffdb49414de9fa|d757dbc3e5fd0123|9fab8d81ff85144b|4f77121f64f90356|043c6b19b0412ba1|79e4c086b733dc61,0.0,0.0,0.0,0.0,0.0,0.0,0.0,False
32,BTC强于ETH且溢价回落空头,跨资产衍生品,853f777646b40e90,REJECTED,0,6,853f777646b40e90|c2b25a9f26c02c6e|8805983fd6ea6a14|696629809ff90839|79e4c086b733dc61|ad7bf81694ad15d4,0.0,0.0,0.0,0.0,0.0,0.0,0.0,False
32,BTC强于ETH且溢价回落空头,跨资产衍生品,9fab8d81ff85144b,REJECTED,0,6,9fab8d81ff85144b|4f77121f64f90356|043c6b19b0412ba1|b058de876db75fe9|45ffdb49414de9fa|d757dbc3e5fd0123,0.0,0.0,0.0,0.0,0.0,0.0,0.0,False
32,BTC强于ETH且溢价回落空头,跨资产衍生品,8805983fd6ea6a14,REJECTED,0,6,8805983fd6ea6a14|696629809ff90839|853f777646b40e90|c2b25a9f26c02c6e|79e4c086b733dc61|043c6b19b0412ba1,0.0,0.0,0.0,0.0,0.0,0.0,0.0,False
32,BTC强于ETH且溢价回落空头,跨资产衍生品,043c6b19b0412ba1,REJECTED,0,6,043c6b19b0412ba1|b058de876db75fe9|9fab8d81ff85144b|4f77121f64f90356|45ffdb49414de9fa|8805983fd6ea6a14,0.0,0.0,0.0,0.0,0.0,0.0,0.0,False
32,BTC强于ETH且溢价回落空头,跨资产衍生品,f4219a3f143be9a9,REJECTED,0,6,f4219a3f143be9a9|f5206304e2ec72dc|3e4eae138ef7515d|13e1a5fc496706a1|168c72e3b8219e59|429b17467e94d403,0.0,0.0,0.0,0.0,0.0,0.0,0.0,False
32,BTC强于ETH且溢价回落空头,跨资产衍生品,429b17467e94d403,REJECTED,0,6,429b17467e94d403|0bf568775da11dc0|e3b94ddf9ee15c01|ff65e3c36a9250f8|179a66e6ec5817f9|f4219a3f143be9a9,0.0,0.0,0.0,0.0,0.0,0.0,0.0,False
32,BTC强于ETH且溢价回落空头,跨资产衍生品,3e4eae138ef7515d,REJECTED,0,6,3e4eae138ef7515d|13e1a5fc496706a1|168c72e3b8219e59|6ba4ef878b5d571b|f4219a3f143be9a9|f5206304e2ec72dc,0.0,0.0,0.0,0.0,0.0,0.0,0.0,False
32,BTC强于ETH且溢价回落空头,跨资产衍生品,e3b94ddf9ee15c01,REJECTED,0,6,e3b94ddf9ee15c01|ff65e3c36a9250f8|179a66e6ec5817f9|8273001ace9c8411|429b17467e94d403|0bf568775da11dc0,0.0,0.0,0.0,0.0,0.0,0.0,0.0,False
32,BTC强于ETH且溢价回落空头,跨资产衍生品,168c72e3b8219e59,REJECTED,0,6,168c72e3b8219e59|6ba4ef878b5d571b|3e4eae138ef7515d|13e1a5fc496706a1|f4219a3f143be9a9|179a66e6ec5817f9,0.0,0.0,0.0,0.0,0.0,0.0,0.0,False
32,BTC强于ETH且溢价回落空头,跨资产衍生品,179a66e6ec5817f9,REJECTED,0,6,179a66e6ec5817f9|8273001ace9c8411|e3b94ddf9ee15c01|ff65e3c36a9250f8|429b17467e94d403|168c72e3b8219e59,0.0,0.0,0.0,0.0,0.0,0.0,0.0,False
32,BTC强于ETH且溢价回落空头,跨资产衍生品,f5206304e2ec72dc,REJECTED,0,6,f5206304e2ec72dc|f4219a3f143be9a9|13e1a5fc496706a1|3e4eae138ef7515d|6ba4ef878b5d571b|0bf568775da11dc0,0.0,0.0,0.0,0.0,0.0,0.0,0.0,False
32,BTC强于ETH且溢价回落空头,跨资产衍生品,0bf568775da11dc0,REJECTED,0,6,0bf568775da11dc0|429b17467e94d403|ff65e3c36a9250f8|e3b94ddf9ee15c01|8273001ace9c8411|f5206304e2ec72dc,0.0,0.0,0.0,0.0,0.0,0.0,0.0,False
32,BTC强于ETH且溢价回落空头,跨资产衍生品,13e1a5fc496706a1,REJECTED,0,6,13e1a5fc496706a1|3e4eae138ef7515d|6ba4ef878b5d571b|168c72e3b8219e59|f5206304e2ec72dc|f4219a3f143be9a9,0.0,0.0,0.0,0.0,0.0,0.0,0.0,False
32,BTC强于ETH且溢价回落空头,跨资产衍生品,ff65e3c36a9250f8,REJECTED,0,6,ff65e3c36a9250f8|e3b94ddf9ee15c01|8273001ace9c8411|179a66e6ec5817f9|0bf568775da11dc0|429b17467e94d403,0.0,0.0,0.0,0.0,0.0,0.0,0.0,False
32,BTC强于ETH且溢价回落空头,跨资产衍生品,6ba4ef878b5d571b,REJECTED,0,6,6ba4ef878b5d571b|168c72e3b8219e59|13e1a5fc496706a1|3e4eae138ef7515d|f5206304e2ec72dc|8273001ace9c8411,0.0,0.0,0.0,0.0,0.0,0.0,0.0,False
32,BTC强于ETH且溢价回落空头,跨资产衍生品,8273001ace9c8411,REJECTED,0,6,8273001ace9c8411|179a66e6ec5817f9|ff65e3c36a9250f8|e3b94ddf9ee15c01|0bf568775da11dc0|6ba4ef878b5d571b,0.0,0.0,0.0,0.0,0.0,0.0,0.0,False
33,BTC强于ETH且主动卖盘空头,跨资产订单流,0d2abcc5ff3ca42f,REJECTED,1,6,0d2abcc5ff3ca42f|e62c33c21febe22b|096d5aaaf43ab244|f2ff425f934739fd|60ebb3cf3d936df8|c0e4629d959bd240,0.8333333333333334,0.0,1.5,1.0,0.15344830229864947,-1.3239362354336022,0.8,False
33,BTC强于ETH且主动卖盘空头,跨资产订单流,c0e4629d959bd240,REJECTED,1,6,c0e4629d959bd240|8ed63fb401042456|f83867eae967146c|fafcf2ea3291138e|bd39037103df894d|0d2abcc5ff3ca42f,0.16666666666666666,0.0,1.0,1.0,-1.3239362354336022,-1.3239362354336022,0.8,False
33,BTC强于ETH且主动卖盘空头,跨资产订单流,096d5aaaf43ab244,REJECTED,2,6,096d5aaaf43ab244|f2ff425f934739fd|60ebb3cf3d936df8|d32baedf9c7080bf|0d2abcc5ff3ca42f|e62c33c21febe22b,1.0,0.0,2.0,1.0,0.15344830229864947,0.15344830229864947,0.8,True
33,BTC强于ETH且主动卖盘空头,跨资产订单流,f83867eae967146c,REJECTED,1,6,f83867eae967146c|fafcf2ea3291138e|bd39037103df894d|d151acb9f5c713dd|c0e4629d959bd240|8ed63fb401042456,0.0,0.0,1.0,1.0,-1.3239362354336022,-1.3239362354336022,1.0,False
33,BTC强于ETH且主动卖盘空头,跨资产订单流,60ebb3cf3d936df8,REJECTED,2,6,60ebb3cf3d936df8|d32baedf9c7080bf|096d5aaaf43ab244|f2ff425f934739fd|0d2abcc5ff3ca42f|bd39037103df894d,0.8333333333333334,0.0,2.0,1.0,0.15344830229864947,-1.3239362354336022,0.8,True
33,BTC强于ETH且主动卖盘空头,跨资产订单流,bd39037103df894d,REJECTED,1,6,bd39037103df894d|d151acb9f5c713dd|f83867eae967146c|fafcf2ea3291138e|c0e4629d959bd240|60ebb3cf3d936df8,0.16666666666666666,0.0,1.0,1.0,-1.3239362354336022,-1.3239362354336022,1.0,False
33,BTC强于ETH且主动卖盘空头,跨资产订单流,e62c33c21febe22b,REJECTED,1,6,e62c33c21febe22b|0d2abcc5ff3ca42f|f2ff425f934739fd|096d5aaaf43ab244|d32baedf9c7080bf|8ed63fb401042456,0.8333333333333334,0.0,1.5,1.0,0.15344830229864947,-1.3239362354336022,0.8,False
33,BTC强于ETH且主动卖盘空头,跨资产订单流,8ed63fb401042456,REJECTED,1,6,8ed63fb401042456|c0e4629d959bd240|fafcf2ea3291138e|f83867eae967146c|d151acb9f5c713dd|e62c33c21febe22b,0.16666666666666666,0.0,1.0,1.0,-1.3239362354336022,-1.3239362354336022,0.8,False
33,BTC强于ETH且主动卖盘空头,跨资产订单流,f2ff425f934739fd,REJECTED,2,6,f2ff425f934739fd|096d5aaaf43ab244|d32baedf9c7080bf|60ebb3cf3d936df8|e62c33c21febe22b|0d2abcc5ff3ca42f,1.0,0.0,2.0,1.0,0.15344830229864947,0.15344830229864947,0.8,True
33,BTC强于ETH且主动卖盘空头,跨资产订单流,fafcf2ea3291138e,REJECTED,1,6,fafcf2ea3291138e|f83867eae967146c|d151acb9f5c713dd|bd39037103df894d|8ed63fb401042456|c0e4629d959bd240,0.0,0.0,1.0,1.0,-1.3239362354336022,-1.3239362354336022,1.0,False
33,BTC强于ETH且主动卖盘空头,跨资产订单流,d32baedf9c7080bf,REJECTED,2,6,d32baedf9c7080bf|60ebb3cf3d936df8|f2ff425f934739fd|096d5aaaf43ab244|e62c33c21febe22b|d151acb9f5c713dd,0.8333333333333334,0.0,2.0,1.0,0.15344830229864947,-1.3239362354336022,0.8,True
33,BTC强于ETH且主动卖盘空头,跨资产订单流,d151acb9f5c713dd,REJECTED,1,6,d151acb9f5c713dd|bd39037103df894d|fafcf2ea3291138e|f83867eae967146c|8ed63fb401042456|d32baedf9c7080bf,0.16666666666666666,0.0,1.0,1.0,-1.3239362354336022,-1.3239362354336022,1.0,False
33,BTC强于ETH且主动卖盘空头,跨资产订单流,42cf6b5ef39eefab,REJECTED,1,6,42cf6b5ef39eefab|3cd0cfae78118f95|5bf7aed75dbd6f37|6af77ac82b9de1d6|16e8ea0e0b751d8b|c3034186c0700c8a,1.0,0.0,1.5,1.0,1.0709382407052295,0.3504269374053345,1.0,False
33,BTC强于ETH且主动卖盘空头,跨资产订单流,c3034186c0700c8a,REJECTED,1,6,c3034186c0700c8a|b0b1a287130337aa|e805fc8566f41d9d|cfb8c48a46073738|dfb32bfa1e8ee3ee|42cf6b5ef39eefab,1.0,0.0,1.5,1.0,1.0709382407052295,0.3504269374053345,1.0,False
33,BTC强于ETH且主动卖盘空头,跨资产订单流,5bf7aed75dbd6f37,REJECTED,2,6,5bf7aed75dbd6f37|6af77ac82b9de1d6|16e8ea0e0b751d8b|04ff98108ba7a9bf|42cf6b5ef39eefab|3cd0cfae78118f95,1.0,0.0,2.0,1.0,0.4274187479904874,0.3504269374053345,0.8,True
33,BTC强于ETH且主动卖盘空头,跨资产订单流,e805fc8566f41d9d,REJECTED,2,6,e805fc8566f41d9d|cfb8c48a46073738|dfb32bfa1e8ee3ee|9fb2adfad5f74953|c3034186c0700c8a|b0b1a287130337aa,1.0,0.0,2.0,1.0,0.4274187479904874,0.3504269374053345,0.8,True
33,BTC强于ETH且主动卖盘空头,跨资产订单流,16e8ea0e0b751d8b,REJECTED,3,6,16e8ea0e0b751d8b|04ff98108ba7a9bf|5bf7aed75dbd6f37|6af77ac82b9de1d6|42cf6b5ef39eefab|dfb32bfa1e8ee3ee,1.0,0.0,2.0,1.0,0.4274187479904874,0.3504269374053345,0.6666666666666666,True
33,BTC强于ETH且主动卖盘空头,跨资产订单流,dfb32bfa1e8ee3ee,REJECTED,3,6,dfb32bfa1e8ee3ee|9fb2adfad5f74953|e805fc8566f41d9d|cfb8c48a46073738|c3034186c0700c8a|16e8ea0e0b751d8b,1.0,0.0,2.0,1.0,0.4274187479904874,0.3504269374053345,0.6666666666666666,True
33,BTC强于ETH且主动卖盘空头,跨资产订单流,3cd0cfae78118f95,REJECTED,1,6,3cd0cfae78118f95|42cf6b5ef39eefab|6af77ac82b9de1d6|5bf7aed75dbd6f37|04ff98108ba7a9bf|b0b1a287130337aa,1.0,0.0,1.5,1.0,1.0709382407052295,0.4274187479904874,1.0,False
33,BTC强于ETH且主动卖盘空头,跨资产订单流,b0b1a287130337aa,REJECTED,1,6,b0b1a287130337aa|c3034186c0700c8a|cfb8c48a46073738|e805fc8566f41d9d|9fb2adfad5f74953|3cd0cfae78118f95,1.0,0.0,1.5,1.0,1.0709382407052295,0.4274187479904874,1.0,False
33,BTC强于ETH且主动卖盘空头,跨资产订单流,6af77ac82b9de1d6,REJECTED,2,6,6af77ac82b9de1d6|5bf7aed75dbd6f37|04ff98108ba7a9bf|16e8ea0e0b751d8b|3cd0cfae78118f95|42cf6b5ef39eefab,1.0,0.0,2.0,1.0,0.4274187479904874,0.3504269374053345,0.8,True
33,BTC强于ETH且主动卖盘空头,跨资产订单流,cfb8c48a46073738,REJECTED,2,6,cfb8c48a46073738|e805fc8566f41d9d|9fb2adfad5f74953|dfb32bfa1e8ee3ee|b0b1a287130337aa|c3034186c0700c8a,1.0,0.0,2.0,1.0,0.4274187479904874,0.3504269374053345,0.8,True
33,BTC强于ETH且主动卖盘空头,跨资产订单流,04ff98108ba7a9bf,REJECTED,2,6,04ff98108ba7a9bf|16e8ea0e0b751d8b|6af77ac82b9de1d6|5bf7aed75dbd6f37|3cd0cfae78118f95|9fb2adfad5f74953,1.0,0.0,2.0,1.0,0.4274187479904874,0.3504269374053345,0.9,True
33,BTC强于ETH且主动卖盘空头,跨资产订单流,9fb2adfad5f74953,REJECTED,2,6,9fb2adfad5f74953|dfb32bfa1e8ee3ee|cfb8c48a46073738|e805fc8566f41d9d|b0b1a287130337aa|04ff98108ba7a9bf,1.0,0.0,2.0,1.0,0.4274187479904874,0.3504269374053345,0.9,True
34,BTC强于ETH欧美盘修复空头,跨资产时段,b64b02e61a1dfe58,REJECTED,1,6,b64b02e61a1dfe58|de6b4126ed6c26b4|41ad4c7fbbf9edf6|e3c123105e55e5cd|1601f4636b6e7f32|5b74e2f0c93db861,0.0,0.0,1.5,1.0,-0.9051965891783791,-1.5671091595681146,1.0,False
34,BTC强于ETH欧美盘修复空头,跨资产时段,5b74e2f0c93db861,REJECTED,1,6,5b74e2f0c93db861|3482fe47dd8248d7|1e29341d76907b3a|85319016800886cb|334f14f2cfbf3545|b64b02e61a1dfe58,0.0,0.0,1.5,1.0,-0.9051965891783791,-1.5671091595681146,1.0,False
34,BTC强于ETH欧美盘修复空头,跨资产时段,41ad4c7fbbf9edf6,REJECTED,2,6,41ad4c7fbbf9edf6|e3c123105e55e5cd|1601f4636b6e7f32|349322841ae64c41|b64b02e61a1dfe58|de6b4126ed6c26b4,0.0,0.0,2.0,1.0,-1.5671091595681146,-1.5671091595681146,0.8,False
34,BTC强于ETH欧美盘修复空头,跨资产时段,1e29341d76907b3a,REJECTED,2,6,1e29341d76907b3a|85319016800886cb|334f14f2cfbf3545|2c826ad0a83d970b|5b74e2f0c93db861|3482fe47dd8248d7,0.0,0.0,2.0,1.0,-1.5671091595681146,-1.5671091595681146,0.8,False
34,BTC强于ETH欧美盘修复空头,跨资产时段,1601f4636b6e7f32,REJECTED,2,6,1601f4636b6e7f32|349322841ae64c41|41ad4c7fbbf9edf6|e3c123105e55e5cd|b64b02e61a1dfe58|334f14f2cfbf3545,0.0,0.0,2.0,1.0,-1.5671091595681146,-1.5671091595681146,0.9,False
34,BTC强于ETH欧美盘修复空头,跨资产时段,334f14f2cfbf3545,REJECTED,2,6,334f14f2cfbf3545|2c826ad0a83d970b|1e29341d76907b3a|85319016800886cb|5b74e2f0c93db861|1601f4636b6e7f32,0.0,0.0,2.0,1.0,-1.5671091595681146,-1.5671091595681146,0.9,False
34,BTC强于ETH欧美盘修复空头,跨资产时段,de6b4126ed6c26b4,REJECTED,1,6,de6b4126ed6c26b4|b64b02e61a1dfe58|e3c123105e55e5cd|41ad4c7fbbf9edf6|349322841ae64c41|3482fe47dd8248d7,0.0,0.0,1.5,1.0,-0.9051965891783791,-1.5671091595681146,1.0,False
34,BTC强于ETH欧美盘修复空头,跨资产时段,3482fe47dd8248d7,REJECTED,1,6,3482fe47dd8248d7|5b74e2f0c93db861|85319016800886cb|1e29341d76907b3a|2c826ad0a83d970b|de6b4126ed6c26b4,0.0,0.0,1.5,1.0,-0.9051965891783791,-1.5671091595681146,1.0,False
34,BTC强于ETH欧美盘修复空头,跨资产时段,e3c123105e55e5cd,REJECTED,2,6,e3c123105e55e5cd|41ad4c7fbbf9edf6|349322841ae64c41|1601f4636b6e7f32|de6b4126ed6c26b4|b64b02e61a1dfe58,0.0,0.0,2.0,1.0,-1.5671091595681146,-1.5671091595681146,0.8,False
34,BTC强于ETH欧美盘修复空头,跨资产时段,85319016800886cb,REJECTED,2,6,85319016800886cb|1e29341d76907b3a|2c826ad0a83d970b|334f14f2cfbf3545|3482fe47dd8248d7|5b74e2f0c93db861,0.0,0.0,2.0,1.0,-1.5671091595681146,-1.5671091595681146,0.8,False
34,BTC强于ETH欧美盘修复空头,跨资产时段,349322841ae64c41,REJECTED,2,6,349322841ae64c41|1601f4636b6e7f32|e3c123105e55e5cd|41ad4c7fbbf9edf6|de6b4126ed6c26b4|2c826ad0a83d970b,0.0,0.0,2.0,1.0,-1.5671091595681146,-1.5671091595681146,0.9,False
34,BTC强于ETH欧美盘修复空头,跨资产时段,2c826ad0a83d970b,REJECTED,2,6,2c826ad0a83d970b|334f14f2cfbf3545|85319016800886cb|1e29341d76907b3a|3482fe47dd8248d7|349322841ae64c41,0.0,0.0,2.0,1.0,-1.5671091595681146,-1.5671091595681146,0.9,False
34,BTC强于ETH欧美盘修复空头,跨资产时段,8926a9f66be2c2cb,REJECTED,1,6,8926a9f66be2c2cb|68d7a65783e5e7b7|e73b24352513cb96|43a6cab8758525ff|d9d64c6080c7757b|49a05b015f2cad8c,0.0,0.0,1.5,1.0,-1.9222775897547564,-3.8445548068298567,1.0,False
34,BTC强于ETH欧美盘修复空头,跨资产时段,49a05b015f2cad8c,REJECTED,1,6,49a05b015f2cad8c|5cb1d212bb0b0746|3fa012fad26e7ea1|cc0c1050514bc8d7|a068639cc765ee92|8926a9f66be2c2cb,0.0,0.0,1.5,1.0,-1.9222775897547564,-3.8445548068298567,1.0,False
34,BTC强于ETH欧美盘修复空头,跨资产时段,e73b24352513cb96,REJECTED,2,6,e73b24352513cb96|43a6cab8758525ff|d9d64c6080c7757b|a2a3ab1fc3b6e227|8926a9f66be2c2cb|68d7a65783e5e7b7,0.0,0.0,2.0,1.0,-2.5657147383189027,-3.8445548068298567,0.6,False
34,BTC强于ETH欧美盘修复空头,跨资产时段,3fa012fad26e7ea1,REJECTED,2,6,3fa012fad26e7ea1|cc0c1050514bc8d7|a068639cc765ee92|5590b1bc3606fe3a|49a05b015f2cad8c|5cb1d212bb0b0746,0.0,0.0,2.0,1.0,-2.5657147383189027,-3.8445548068298567,0.6,False
34,BTC强于ETH欧美盘修复空头,跨资产时段,d9d64c6080c7757b,REJECTED,3,6,d9d64c6080c7757b|a2a3ab1fc3b6e227|e73b24352513cb96|43a6cab8758525ff|8926a9f66be2c2cb|a068639cc765ee92,0.0,0.0,2.0,1.0,-2.5737489669362423,-3.8445548068298567,0.6666666666666666,False
34,BTC强于ETH欧美盘修复空头,跨资产时段,a068639cc765ee92,REJECTED,3,6,a068639cc765ee92|5590b1bc3606fe3a|3fa012fad26e7ea1|cc0c1050514bc8d7|49a05b015f2cad8c|d9d64c6080c7757b,0.0,0.0,2.0,1.0,-2.5737489669362423,-3.8445548068298567,0.6666666666666666,False
34,BTC强于ETH欧美盘修复空头,跨资产时段,68d7a65783e5e7b7,REJECTED,1,6,68d7a65783e5e7b7|8926a9f66be2c2cb|43a6cab8758525ff|e73b24352513cb96|a2a3ab1fc3b6e227|5cb1d212bb0b0746,0.0,0.0,1.5,1.0,-1.9222775897547564,-2.5737489669362423,1.0,False
34,BTC强于ETH欧美盘修复空头,跨资产时段,5cb1d212bb0b0746,REJECTED,1,6,5cb1d212bb0b0746|49a05b015f2cad8c|cc0c1050514bc8d7|3fa012fad26e7ea1|5590b1bc3606fe3a|68d7a65783e5e7b7,0.0,0.0,1.5,1.0,-1.9222775897547564,-2.5737489669362423,1.0,False
34,BTC强于ETH欧美盘修复空头,跨资产时段,43a6cab8758525ff,REJECTED,2,6,43a6cab8758525ff|e73b24352513cb96|a2a3ab1fc3b6e227|d9d64c6080c7757b|68d7a65783e5e7b7|8926a9f66be2c2cb,0.0,0.0,2.0,1.0,-2.5657147383189027,-3.8445548068298567,0.7,False
34,BTC强于ETH欧美盘修复空头,跨资产时段,cc0c1050514bc8d7,REJECTED,2,6,cc0c1050514bc8d7|3fa012fad26e7ea1|5590b1bc3606fe3a|a068639cc765ee92|5cb1d212bb0b0746|49a05b015f2cad8c,0.0,0.0,2.0,1.0,-2.5657147383189027,-3.8445548068298567,0.7,False
34,BTC强于ETH欧美盘修复空头,跨资产时段,a2a3ab1fc3b6e227,REJECTED,2,6,a2a3ab1fc3b6e227|d9d64c6080c7757b|43a6cab8758525ff|e73b24352513cb96|68d7a65783e5e7b7|5590b1bc3606fe3a,0.0,0.0,2.0,1.0,-2.5737489669362423,-3.8445548068298567,0.8,False
34,BTC强于ETH欧美盘修复空头,跨资产时段,5590b1bc3606fe3a,REJECTED,2,6,5590b1bc3606fe3a|a068639cc765ee92|cc0c1050514bc8d7|3fa012fad26e7ea1|5cb1d212bb0b0746|a2a3ab1fc3b6e227,0.0,0.0,2.0,1.0,-2.5737489669362423,-3.8445548068298567,0.8,False
35,ETH先跌BTC滞后补跌空头,跨资产领先滞后,2ab044d21e95dd83,REJECTED,0,6,2ab044d21e95dd83|5000c4eb40d2ed67|a2edb09b87d7e4c7|70be26fdcb194a4c|4776237a0d02fe24|7ac3a0be97ed5395,0.0,0.0,0.0,0.0,0.0,0.0,0.0,False
35,ETH先跌BTC滞后补跌空头,跨资产领先滞后,7ac3a0be97ed5395,REJECTED,0,6,7ac3a0be97ed5395|e373856157c741ff|77a60a9c2a63b066|1b904d54ce95d928|ba5e9871f7e0a9c5|2ab044d21e95dd83,0.0,0.0,0.0,0.0,0.0,0.0,0.0,False
35,ETH先跌BTC滞后补跌空头,跨资产领先滞后,a2edb09b87d7e4c7,REJECTED,0,6,a2edb09b87d7e4c7|70be26fdcb194a4c|4776237a0d02fe24|bcb7d84b6a7ce6ae|2ab044d21e95dd83|5000c4eb40d2ed67,0.0,0.0,0.0,0.0,0.0,0.0,0.0,False
35,ETH先跌BTC滞后补跌空头,跨资产领先滞后,77a60a9c2a63b066,REJECTED,0,6,77a60a9c2a63b066|1b904d54ce95d928|ba5e9871f7e0a9c5|cf110a1d9808a4c2|7ac3a0be97ed5395|e373856157c741ff,0.0,0.0,0.0,0.0,0.0,0.0,0.0,False
35,ETH先跌BTC滞后补跌空头,跨资产领先滞后,4776237a0d02fe24,REJECTED,0,6,4776237a0d02fe24|bcb7d84b6a7ce6ae|a2edb09b87d7e4c7|70be26fdcb194a4c|2ab044d21e95dd83|ba5e9871f7e0a9c5,0.0,0.0,0.0,0.0,0.0,0.0,0.0,False
35,ETH先跌BTC滞后补跌空头,跨资产领先滞后,ba5e9871f7e0a9c5,REJECTED,0,6,ba5e9871f7e0a9c5|cf110a1d9808a4c2|77a60a9c2a63b066|1b904d54ce95d928|7ac3a0be97ed5395|4776237a0d02fe24,0.0,0.0,0.0,0.0,0.0,0.0,0.0,False
35,ETH先跌BTC滞后补跌空头,跨资产领先滞后,5000c4eb40d2ed67,REJECTED,0,6,5000c4eb40d2ed67|2ab044d21e95dd83|70be26fdcb194a4c|a2edb09b87d7e4c7|bcb7d84b6a7ce6ae|e373856157c741ff,0.0,0.0,0.0,0.0,0.0,0.0,0.0,False
35,ETH先跌BTC滞后补跌空头,跨资产领先滞后,e373856157c741ff,REJECTED,0,6,e373856157c741ff|7ac3a0be97ed5395|1b904d54ce95d928|77a60a9c2a63b066|cf110a1d9808a4c2|5000c4eb40d2ed67,0.0,0.0,0.0,0.0,0.0,0.0,0.0,False
35,ETH先跌BTC滞后补跌空头,跨资产领先滞后,70be26fdcb194a4c,REJECTED,0,6,70be26fdcb194a4c|a2edb09b87d7e4c7|bcb7d84b6a7ce6ae|4776237a0d02fe24|5000c4eb40d2ed67|2ab044d21e95dd83,0.0,0.0,0.0,0.0,0.0,0.0,0.0,False
35,ETH先跌BTC滞后补跌空头,跨资产领先滞后,1b904d54ce95d928,REJECTED,0,6,1b904d54ce95d928|77a60a9c2a63b066|cf110a1d9808a4c2|ba5e9871f7e0a9c5|e373856157c741ff|7ac3a0be97ed5395,0.0,0.0,0.0,0.0,0.0,0.0,0.0,False
35,ETH先跌BTC滞后补跌空头,跨资产领先滞后,bcb7d84b6a7ce6ae,REJECTED,0,6,bcb7d84b6a7ce6ae|4776237a0d02fe24|70be26fdcb194a4c|a2edb09b87d7e4c7|5000c4eb40d2ed67|cf110a1d9808a4c2,0.0,0.0,0.0,0.0,0.0,0.0,0.0,False
35,ETH先跌BTC滞后补跌空头,跨资产领先滞后,cf110a1d9808a4c2,REJECTED,0,6,cf110a1d9808a4c2|ba5e9871f7e0a9c5|1b904d54ce95d928|77a60a9c2a63b066|e373856157c741ff|bcb7d84b6a7ce6ae,0.0,0.0,0.0,0.0,0.0,0.0,0.0,False
35,ETH先跌BTC滞后补跌空头,跨资产领先滞后,e2211f35164eda66,REJECTED,1,6,e2211f35164eda66|865d7a061e37d5a7|1988519d498cd703|b91e8d2c49fcd9cd|63fedb8e980a03f6|bc8c97459f88358c,0.0,0.0,1.5,1.0,-1.9253817837548235,-2.568922511268218,0.8,False
35,ETH先跌BTC滞后补跌空头,跨资产领先滞后,bc8c97459f88358c,REJECTED,0,6,bc8c97459f88358c|712a55a2a864b9fd|bcb3a9aded3b8459|565acdf93b786f79|89109f24e93f896c|e2211f35164eda66,0.0,0.0,0.0,0.0,0.0,-1.2818410562414286,0.0,False
35,ETH先跌BTC滞后补跌空头,跨资产领先滞后,1988519d498cd703,REJECTED,2,6,1988519d498cd703|b91e8d2c49fcd9cd|63fedb8e980a03f6|0b8bbf3d1c6adce9|e2211f35164eda66|865d7a061e37d5a7,0.0,0.0,2.0,1.0,-2.568922511268218,-2.568922511268218,0.8,False
35,ETH先跌BTC滞后补跌空头,跨资产领先滞后,bcb3a9aded3b8459,REJECTED,0,6,bcb3a9aded3b8459|565acdf93b786f79|89109f24e93f896c|70b84fee319c2029|bc8c97459f88358c|712a55a2a864b9fd,0.0,0.0,0.0,0.0,0.0,0.0,0.0,False
35,ETH先跌BTC滞后补跌空头,跨资产领先滞后,63fedb8e980a03f6,REJECTED,2,6,63fedb8e980a03f6|0b8bbf3d1c6adce9|1988519d498cd703|b91e8d2c49fcd9cd|e2211f35164eda66|89109f24e93f896c,0.0,0.0,2.0,1.0,-2.568922511268218,-2.568922511268218,0.7,False
35,ETH先跌BTC滞后补跌空头,跨资产领先滞后,89109f24e93f896c,REJECTED,0,6,89109f24e93f896c|70b84fee319c2029|bcb3a9aded3b8459|565acdf93b786f79|bc8c97459f88358c|63fedb8e980a03f6,0.0,0.0,0.0,0.0,0.0,-2.568922511268218,0.0,False
35,ETH先跌BTC滞后补跌空头,跨资产领先滞后,865d7a061e37d5a7,REJECTED,1,6,865d7a061e37d5a7|e2211f35164eda66|b91e8d2c49fcd9cd|1988519d498cd703|0b8bbf3d1c6adce9|712a55a2a864b9fd,0.0,0.0,1.5,1.0,-1.9253817837548235,-2.568922511268218,0.8,False
35,ETH先跌BTC滞后补跌空头,跨资产领先滞后,712a55a2a864b9fd,REJECTED,0,6,712a55a2a864b9fd|bc8c97459f88358c|565acdf93b786f79|bcb3a9aded3b8459|70b84fee319c2029|865d7a061e37d5a7,0.0,0.0,0.0,0.0,0.0,-1.2818410562414286,0.0,False
35,ETH先跌BTC滞后补跌空头,跨资产领先滞后,b91e8d2c49fcd9cd,REJECTED,2,6,b91e8d2c49fcd9cd|1988519d498cd703|0b8bbf3d1c6adce9|63fedb8e980a03f6|865d7a061e37d5a7|e2211f35164eda66,0.0,0.0,2.0,1.0,-2.568922511268218,-2.568922511268218,0.8,False
35,ETH先跌BTC滞后补跌空头,跨资产领先滞后,565acdf93b786f79,REJECTED,0,6,565acdf93b786f79|bcb3a9aded3b8459|70b84fee319c2029|89109f24e93f896c|712a55a2a864b9fd|bc8c97459f88358c,0.0,0.0,0.0,0.0,0.0,0.0,0.0,False
35,ETH先跌BTC滞后补跌空头,跨资产领先滞后,0b8bbf3d1c6adce9,REJECTED,2,6,0b8bbf3d1c6adce9|63fedb8e980a03f6|b91e8d2c49fcd9cd|1988519d498cd703|865d7a061e37d5a7|70b84fee319c2029,0.0,0.0,2.0,1.0,-2.568922511268218,-2.568922511268218,0.7,False
35,ETH先跌BTC滞后补跌空头,跨资产领先滞后,70b84fee319c2029,REJECTED,0,6,70b84fee319c2029|89109f24e93f896c|565acdf93b786f79|bcb3a9aded3b8459|712a55a2a864b9fd|0b8bbf3d1c6adce9,0.0,0.0,0.0,0.0,0.0,-2.568922511268218,0.0,False
36,BTC弱于ETH且溢价回升多头,跨资产衍生品,d9882e2d61ed9961,REJECTED,0,6,d9882e2d61ed9961|22f965795a2c85d7|4b6574973fdb53a0|76e735bddc7eb005|e289c26b06af243b|479233edf6a08c78,0.0,0.0,0.0,0.0,0.0,0.0,0.0,False
36,BTC弱于ETH且溢价回升多头,跨资产衍生品,479233edf6a08c78,REJECTED,0,6,479233edf6a08c78|52c67f6cacf0290f|d9366ebc8897d50d|c7d98b7f8eeca55c|a78fd07d97accf9e|d9882e2d61ed9961,0.0,0.0,0.0,0.0,0.0,0.0,0.0,False
36,BTC弱于ETH且溢价回升多头,跨资产衍生品,4b6574973fdb53a0,REJECTED,0,6,4b6574973fdb53a0|76e735bddc7eb005|e289c26b06af243b|2e9fd1e08633da55|d9882e2d61ed9961|22f965795a2c85d7,0.0,0.0,0.0,0.0,0.0,0.0,0.0,False
36,BTC弱于ETH且溢价回升多头,跨资产衍生品,d9366ebc8897d50d,REJECTED,0,6,d9366ebc8897d50d|c7d98b7f8eeca55c|a78fd07d97accf9e|dce9027052b7e6cc|479233edf6a08c78|52c67f6cacf0290f,0.0,0.0,0.0,0.0,0.0,0.0,0.0,False
36,BTC弱于ETH且溢价回升多头,跨资产衍生品,e289c26b06af243b,REJECTED,0,6,e289c26b06af243b|2e9fd1e08633da55|4b6574973fdb53a0|76e735bddc7eb005|d9882e2d61ed9961|a78fd07d97accf9e,0.0,0.0,0.0,0.0,0.0,0.0,0.0,False
36,BTC弱于ETH且溢价回升多头,跨资产衍生品,a78fd07d97accf9e,REJECTED,0,6,a78fd07d97accf9e|dce9027052b7e6cc|d9366ebc8897d50d|c7d98b7f8eeca55c|479233edf6a08c78|e289c26b06af243b,0.0,0.0,0.0,0.0,0.0,0.0,0.0,False
36,BTC弱于ETH且溢价回升多头,跨资产衍生品,22f965795a2c85d7,REJECTED,0,6,22f965795a2c85d7|d9882e2d61ed9961|76e735bddc7eb005|4b6574973fdb53a0|2e9fd1e08633da55|52c67f6cacf0290f,0.0,0.0,0.0,0.0,0.0,0.0,0.0,False
36,BTC弱于ETH且溢价回升多头,跨资产衍生品,52c67f6cacf0290f,REJECTED,0,6,52c67f6cacf0290f|479233edf6a08c78|c7d98b7f8eeca55c|d9366ebc8897d50d|dce9027052b7e6cc|22f965795a2c85d7,0.0,0.0,0.0,0.0,0.0,0.0,0.0,False
36,BTC弱于ETH且溢价回升多头,跨资产衍生品,76e735bddc7eb005,REJECTED,0,6,76e735bddc7eb005|4b6574973fdb53a0|2e9fd1e08633da55|e289c26b06af243b|22f965795a2c85d7|d9882e2d61ed9961,0.0,0.0,0.0,0.0,0.0,0.0,0.0,False
36,BTC弱于ETH且溢价回升多头,跨资产衍生品,c7d98b7f8eeca55c,REJECTED,0,6,c7d98b7f8eeca55c|d9366ebc8897d50d|dce9027052b7e6cc|a78fd07d97accf9e|52c67f6cacf0290f|479233edf6a08c78,0.0,0.0,0.0,0.0,0.0,0.0,0.0,False
36,BTC弱于ETH且溢价回升多头,跨资产衍生品,2e9fd1e08633da55,REJECTED,0,6,2e9fd1e08633da55|e289c26b06af243b|76e735bddc7eb005|4b6574973fdb53a0|22f965795a2c85d7|dce9027052b7e6cc,0.0,0.0,0.0,0.0,0.0,0.0,0.0,False
36,BTC弱于ETH且溢价回升多头,跨资产衍生品,dce9027052b7e6cc,REJECTED,0,6,dce9027052b7e6cc|a78fd07d97accf9e|c7d98b7f8eeca55c|d9366ebc8897d50d|52c67f6cacf0290f|2e9fd1e08633da55,0.0,0.0,0.0,0.0,0.0,0.0,0.0,False
36,BTC弱于ETH且溢价回升多头,跨资产衍生品,48ca063dd9f45d41,REJECTED,0,6,48ca063dd9f45d41|4293505bae1e590e|81e85087582a44a7|e4f77ffb53da488f|c7df39e9e0630ef0|8867e77a774db2c9,0.0,0.0,0.0,0.0,0.0,0.0,0.0,False
36,BTC弱于ETH且溢价回升多头,跨资产衍生品,8867e77a774db2c9,REJECTED,0,6,8867e77a774db2c9|1963bded7bc82117|3b0e4b211c40b0df|8c5f2bf8abed42da|7c7b5046964c43d2|48ca063dd9f45d41,0.0,0.0,0.0,0.0,0.0,0.0,0.0,False
36,BTC弱于ETH且溢价回升多头,跨资产衍生品,81e85087582a44a7,REJECTED,0,6,81e85087582a44a7|e4f77ffb53da488f|c7df39e9e0630ef0|f551c6a6ec3e119a|48ca063dd9f45d41|4293505bae1e590e,0.0,0.0,0.0,0.0,0.0,0.0,0.0,False
36,BTC弱于ETH且溢价回升多头,跨资产衍生品,3b0e4b211c40b0df,REJECTED,0,6,3b0e4b211c40b0df|8c5f2bf8abed42da|7c7b5046964c43d2|10a2d47e074b8ea2|8867e77a774db2c9|1963bded7bc82117,0.0,0.0,0.0,0.0,0.0,0.0,0.0,False
36,BTC弱于ETH且溢价回升多头,跨资产衍生品,c7df39e9e0630ef0,REJECTED,0,6,c7df39e9e0630ef0|f551c6a6ec3e119a|81e85087582a44a7|e4f77ffb53da488f|48ca063dd9f45d41|7c7b5046964c43d2,0.0,0.0,0.0,0.0,0.0,0.0,0.0,False
36,BTC弱于ETH且溢价回升多头,跨资产衍生品,7c7b5046964c43d2,REJECTED,0,6,7c7b5046964c43d2|10a2d47e074b8ea2|3b0e4b211c40b0df|8c5f2bf8abed42da|8867e77a774db2c9|c7df39e9e0630ef0,0.0,0.0,0.0,0.0,0.0,0.0,0.0,False
36,BTC弱于ETH且溢价回升多头,跨资产衍生品,4293505bae1e590e,REJECTED,0,6,4293505bae1e590e|48ca063dd9f45d41|e4f77ffb53da488f|81e85087582a44a7|f551c6a6ec3e119a|1963bded7bc82117,0.0,0.0,0.0,0.0,0.0,0.0,0.0,False
36,BTC弱于ETH且溢价回升多头,跨资产衍生品,1963bded7bc82117,REJECTED,0,6,1963bded7bc82117|8867e77a774db2c9|8c5f2bf8abed42da|3b0e4b211c40b0df|10a2d47e074b8ea2|4293505bae1e590e,0.0,0.0,0.0,0.0,0.0,0.0,0.0,False
36,BTC弱于ETH且溢价回升多头,跨资产衍生品,e4f77ffb53da488f,REJECTED,0,6,e4f77ffb53da488f|81e85087582a44a7|f551c6a6ec3e119a|c7df39e9e0630ef0|4293505bae1e590e|48ca063dd9f45d41,0.0,0.0,0.0,0.0,0.0,0.0,0.0,False
36,BTC弱于ETH且溢价回升多头,跨资产衍生品,8c5f2bf8abed42da,REJECTED,0,6,8c5f2bf8abed42da|3b0e4b211c40b0df|10a2d47e074b8ea2|7c7b5046964c43d2|1963bded7bc82117|8867e77a774db2c9,0.0,0.0,0.0,0.0,0.0,0.0,0.0,False
36,BTC弱于ETH且溢价回升多头,跨资产衍生品,f551c6a6ec3e119a,REJECTED,0,6,f551c6a6ec3e119a|c7df39e9e0630ef0|e4f77ffb53da488f|81e85087582a44a7|4293505bae1e590e|10a2d47e074b8ea2,0.0,0.0,0.0,0.0,0.0,0.0,0.0,False
36,BTC弱于ETH且溢价回升多头,跨资产衍生品,10a2d47e074b8ea2,REJECTED,0,6,10a2d47e074b8ea2|7c7b5046964c43d2|8c5f2bf8abed42da|3b0e4b211c40b0df|1963bded7bc82117|f551c6a6ec3e119a,0.0,0.0,0.0,0.0,0.0,0.0,0.0,False
37,ETH先涨BTC滞后补涨多头,跨资产领先滞后,ea6a975650313c3c,REJECTED,0,6,ea6a975650313c3c|9c85f0e80f3a1adc|fc8dc990ca0316a9|e0f4b8529de052b3|e55489ee240a0855|ef5cb472e9f5915d,0.0,0.0,0.0,0.0,0.0,0.0,0.0,False
37,ETH先涨BTC滞后补涨多头,跨资产领先滞后,ef5cb472e9f5915d,REJECTED,0,6,ef5cb472e9f5915d|1e1b6d498e2160bd|1ae7689b19de7af6|d8c34321e0667633|c4c43d4156e7571f|ea6a975650313c3c,0.0,0.0,0.0,0.0,0.0,0.0,0.0,False
37,ETH先涨BTC滞后补涨多头,跨资产领先滞后,fc8dc990ca0316a9,REJECTED,0,6,fc8dc990ca0316a9|e0f4b8529de052b3|e55489ee240a0855|c4633f5120601ffb|ea6a975650313c3c|9c85f0e80f3a1adc,0.0,0.0,0.0,0.0,0.0,0.0,0.0,False
37,ETH先涨BTC滞后补涨多头,跨资产领先滞后,1ae7689b19de7af6,REJECTED,0,6,1ae7689b19de7af6|d8c34321e0667633|c4c43d4156e7571f|c174b8e0a6e162b3|ef5cb472e9f5915d|1e1b6d498e2160bd,0.0,0.0,0.0,0.0,0.0,0.0,0.0,False
37,ETH先涨BTC滞后补涨多头,跨资产领先滞后,e55489ee240a0855,REJECTED,0,6,e55489ee240a0855|c4633f5120601ffb|fc8dc990ca0316a9|e0f4b8529de052b3|ea6a975650313c3c|c4c43d4156e7571f,0.0,0.0,0.0,0.0,0.0,0.0,0.0,False
37,ETH先涨BTC滞后补涨多头,跨资产领先滞后,c4c43d4156e7571f,REJECTED,0,6,c4c43d4156e7571f|c174b8e0a6e162b3|1ae7689b19de7af6|d8c34321e0667633|ef5cb472e9f5915d|e55489ee240a0855,0.0,0.0,0.0,0.0,0.0,0.0,0.0,False
37,ETH先涨BTC滞后补涨多头,跨资产领先滞后,9c85f0e80f3a1adc,REJECTED,0,6,9c85f0e80f3a1adc|ea6a975650313c3c|e0f4b8529de052b3|fc8dc990ca0316a9|c4633f5120601ffb|1e1b6d498e2160bd,0.0,0.0,0.0,0.0,0.0,0.0,0.0,False
37,ETH先涨BTC滞后补涨多头,跨资产领先滞后,1e1b6d498e2160bd,REJECTED,0,6,1e1b6d498e2160bd|ef5cb472e9f5915d|d8c34321e0667633|1ae7689b19de7af6|c174b8e0a6e162b3|9c85f0e80f3a1adc,0.0,0.0,0.0,0.0,0.0,0.0,0.0,False
37,ETH先涨BTC滞后补涨多头,跨资产领先滞后,e0f4b8529de052b3,REJECTED,0,6,e0f4b8529de052b3|fc8dc990ca0316a9|c4633f5120601ffb|e55489ee240a0855|9c85f0e80f3a1adc|ea6a975650313c3c,0.0,0.0,0.0,0.0,0.0,0.0,0.0,False
37,ETH先涨BTC滞后补涨多头,跨资产领先滞后,d8c34321e0667633,REJECTED,0,6,d8c34321e0667633|1ae7689b19de7af6|c174b8e0a6e162b3|c4c43d4156e7571f|1e1b6d498e2160bd|ef5cb472e9f5915d,0.0,0.0,0.0,0.0,0.0,0.0,0.0,False
37,ETH先涨BTC滞后补涨多头,跨资产领先滞后,c4633f5120601ffb,REJECTED,0,6,c4633f5120601ffb|e55489ee240a0855|e0f4b8529de052b3|fc8dc990ca0316a9|9c85f0e80f3a1adc|c174b8e0a6e162b3,0.0,0.0,0.0,0.0,0.0,0.0,0.0,False
37,ETH先涨BTC滞后补涨多头,跨资产领先滞后,c174b8e0a6e162b3,REJECTED,0,6,c174b8e0a6e162b3|c4c43d4156e7571f|d8c34321e0667633|1ae7689b19de7af6|1e1b6d498e2160bd|c4633f5120601ffb,0.0,0.0,0.0,0.0,0.0,0.0,0.0,False
37,ETH先涨BTC滞后补涨多头,跨资产领先滞后,b021b98c7d027d39,REJECTED,1,6,b021b98c7d027d39|9e9f4c2279135d25|6387acc3c2ec918d|df9b0fd2cfc0a477|c0821ae5a063fe1f|b21fdfa70c6b7e23,0.8333333333333334,0.0,1.0,1.0,1.7125413489195278,0.0,0.8,False
37,ETH先涨BTC滞后补涨多头,跨资产领先滞后,b21fdfa70c6b7e23,REJECTED,0,6,b21fdfa70c6b7e23|b8ba6e06e2d078aa|6a182ffd21a95014|8f46f1459f75cdb5|b9713719b84996e2|b021b98c7d027d39,0.16666666666666666,0.0,0.0,0.0,0.0,0.0,0.0,False
37,ETH先涨BTC滞后补涨多头,跨资产领先滞后,6387acc3c2ec918d,REJECTED,1,6,6387acc3c2ec918d|df9b0fd2cfc0a477|c0821ae5a063fe1f|2fcb2d68a93eaee8|b021b98c7d027d39|9e9f4c2279135d25,1.0,0.0,1.0,1.0,1.7125413489195278,1.7125413489195278,1.0,False
37,ETH先涨BTC滞后补涨多头,跨资产领先滞后,6a182ffd21a95014,REJECTED,0,6,6a182ffd21a95014|8f46f1459f75cdb5|b9713719b84996e2|1087dfc03635899d|b21fdfa70c6b7e23|b8ba6e06e2d078aa,0.0,0.0,0.0,0.0,0.0,0.0,0.0,False
37,ETH先涨BTC滞后补涨多头,跨资产领先滞后,c0821ae5a063fe1f,REJECTED,1,6,c0821ae5a063fe1f|2fcb2d68a93eaee8|6387acc3c2ec918d|df9b0fd2cfc0a477|b021b98c7d027d39|b9713719b84996e2,0.8333333333333334,0.0,1.0,1.0,1.7125413489195278,0.0,0.8,False
37,ETH先涨BTC滞后补涨多头,跨资产领先滞后,b9713719b84996e2,REJECTED,0,6,b9713719b84996e2|1087dfc03635899d|6a182ffd21a95014|8f46f1459f75cdb5|b21fdfa70c6b7e23|c0821ae5a063fe1f,0.16666666666666666,0.0,0.0,0.0,0.0,0.0,0.0,False
37,ETH先涨BTC滞后补涨多头,跨资产领先滞后,9e9f4c2279135d25,REJECTED,1,6,9e9f4c2279135d25|b021b98c7d027d39|df9b0fd2cfc0a477|6387acc3c2ec918d|2fcb2d68a93eaee8|b8ba6e06e2d078aa,0.8333333333333334,0.0,1.0,1.0,1.7125413489195278,0.0,0.8,False
37,ETH先涨BTC滞后补涨多头,跨资产领先滞后,b8ba6e06e2d078aa,REJECTED,0,6,b8ba6e06e2d078aa|b21fdfa70c6b7e23|8f46f1459f75cdb5|6a182ffd21a95014|1087dfc03635899d|9e9f4c2279135d25,0.16666666666666666,0.0,0.0,0.0,0.0,0.0,0.0,False
37,ETH先涨BTC滞后补涨多头,跨资产领先滞后,df9b0fd2cfc0a477,REJECTED,1,6,df9b0fd2cfc0a477|6387acc3c2ec918d|2fcb2d68a93eaee8|c0821ae5a063fe1f|9e9f4c2279135d25|b021b98c7d027d39,1.0,0.0,1.0,1.0,1.7125413489195278,1.7125413489195278,1.0,False
37,ETH先涨BTC滞后补涨多头,跨资产领先滞后,8f46f1459f75cdb5,REJECTED,0,6,8f46f1459f75cdb5|6a182ffd21a95014|1087dfc03635899d|b9713719b84996e2|b8ba6e06e2d078aa|b21fdfa70c6b7e23,0.0,0.0,0.0,0.0,0.0,0.0,0.0,False
37,ETH先涨BTC滞后补涨多头,跨资产领先滞后,2fcb2d68a93eaee8,REJECTED,1,6,2fcb2d68a93eaee8|c0821ae5a063fe1f|df9b0fd2cfc0a477|6387acc3c2ec918d|9e9f4c2279135d25|1087dfc03635899d,0.8333333333333334,0.0,1.0,1.0,1.7125413489195278,0.0,0.8,False
37,ETH先涨BTC滞后补涨多头,跨资产领先滞后,1087dfc03635899d,REJECTED,0,6,1087dfc03635899d|b9713719b84996e2|8f46f1459f75cdb5|6a182ffd21a95014|b8ba6e06e2d078aa|2fcb2d68a93eaee8,0.16666666666666666,0.0,0.0,0.0,0.0,0.0,0.0,False
38,跨资产背离后VWAP失守空头,跨资产VWAP,47d7edd201629376,REJECTED,0,6,47d7edd201629376|2ca414737ccba791|45f6a372e35f94c1|fe592d932f4446ea|2e55655a7da08611|440302441d697d92,0.0,0.0,0.0,0.0,0.0,0.0,0.0,False
38,跨资产背离后VWAP失守空头,跨资产VWAP,440302441d697d92,REJECTED,0,6,440302441d697d92|69cc1a71f500f8b8|36ff55773eeb86a5|339101b7961e2800|e879999a932186e3|47d7edd201629376,0.0,0.0,0.0,0.0,0.0,0.0,0.0,False
38,跨资产背离后VWAP失守空头,跨资产VWAP,45f6a372e35f94c1,REJECTED,0,6,45f6a372e35f94c1|fe592d932f4446ea|2e55655a7da08611|c303abf1dec83330|47d7edd201629376|2ca414737ccba791,0.0,0.0,0.0,0.0,0.0,0.0,0.0,False
38,跨资产背离后VWAP失守空头,跨资产VWAP,36ff55773eeb86a5,REJECTED,0,6,36ff55773eeb86a5|339101b7961e2800|e879999a932186e3|d0663225bd6d4023|440302441d697d92|69cc1a71f500f8b8,0.0,0.0,0.0,0.0,0.0,0.0,0.0,False
38,跨资产背离后VWAP失守空头,跨资产VWAP,2e55655a7da08611,REJECTED,0,6,2e55655a7da08611|c303abf1dec83330|45f6a372e35f94c1|fe592d932f4446ea|47d7edd201629376|e879999a932186e3,0.0,0.0,0.0,0.0,0.0,0.0,0.0,False
38,跨资产背离后VWAP失守空头,跨资产VWAP,e879999a932186e3,REJECTED,0,6,e879999a932186e3|d0663225bd6d4023|36ff55773eeb86a5|339101b7961e2800|440302441d697d92|2e55655a7da08611,0.0,0.0,0.0,0.0,0.0,0.0,0.0,False
38,跨资产背离后VWAP失守空头,跨资产VWAP,2ca414737ccba791,REJECTED,0,6,2ca414737ccba791|47d7edd201629376|fe592d932f4446ea|45f6a372e35f94c1|c303abf1dec83330|69cc1a71f500f8b8,0.0,0.0,0.0,0.0,0.0,0.0,0.0,False
38,跨资产背离后VWAP失守空头,跨资产VWAP,69cc1a71f500f8b8,REJECTED,0,6,69cc1a71f500f8b8|440302441d697d92|339101b7961e2800|36ff55773eeb86a5|d0663225bd6d4023|2ca414737ccba791,0.0,0.0,0.0,0.0,0.0,0.0,0.0,False
38,跨资产背离后VWAP失守空头,跨资产VWAP,fe592d932f4446ea,REJECTED,0,6,fe592d932f4446ea|45f6a372e35f94c1|c303abf1dec83330|2e55655a7da08611|2ca414737ccba791|47d7edd201629376,0.0,0.0,0.0,0.0,0.0,0.0,0.0,False
38,跨资产背离后VWAP失守空头,跨资产VWAP,339101b7961e2800,REJECTED,0,6,339101b7961e2800|36ff55773eeb86a5|d0663225bd6d4023|e879999a932186e3|69cc1a71f500f8b8|440302441d697d92,0.0,0.0,0.0,0.0,0.0,0.0,0.0,False
38,跨资产背离后VWAP失守空头,跨资产VWAP,c303abf1dec83330,REJECTED,0,6,c303abf1dec83330|2e55655a7da08611|fe592d932f4446ea|45f6a372e35f94c1|2ca414737ccba791|d0663225bd6d4023,0.0,0.0,0.0,0.0,0.0,0.0,0.0,False
38,跨资产背离后VWAP失守空头,跨资产VWAP,d0663225bd6d4023,REJECTED,0,6,d0663225bd6d4023|e879999a932186e3|339101b7961e2800|36ff55773eeb86a5|69cc1a71f500f8b8|c303abf1dec83330,0.0,0.0,0.0,0.0,0.0,0.0,0.0,False
38,跨资产背离后VWAP失守空头,跨资产VWAP,be02c8ec4270b2c0,REJECTED,0,6,be02c8ec4270b2c0|af77f6413cfdd932|06b7b399dce342a8|18c255cb7ebed9c1|ad7997fec9c4b2ac|a7dfcd935bfe0b39,0.0,0.0,0.0,0.0,0.0,0.0,0.0,False
38,跨资产背离后VWAP失守空头,跨资产VWAP,a7dfcd935bfe0b39,REJECTED,0,6,a7dfcd935bfe0b39|dd833668157a64a6|7064471f1c1e0432|883cdb955c9c329c|fc8f9980a613d750|be02c8ec4270b2c0,0.0,0.0,0.0,0.0,0.0,0.0,0.0,False
38,跨资产背离后VWAP失守空头,跨资产VWAP,06b7b399dce342a8,REJECTED,0,6,06b7b399dce342a8|18c255cb7ebed9c1|ad7997fec9c4b2ac|23141871583b558f|be02c8ec4270b2c0|af77f6413cfdd932,0.0,0.0,0.0,0.0,0.0,0.0,0.0,False
38,跨资产背离后VWAP失守空头,跨资产VWAP,7064471f1c1e0432,REJECTED,0,6,7064471f1c1e0432|883cdb955c9c329c|fc8f9980a613d750|370e37343f0fa625|a7dfcd935bfe0b39|dd833668157a64a6,0.0,0.0,0.0,0.0,0.0,0.0,0.0,False
38,跨资产背离后VWAP失守空头,跨资产VWAP,ad7997fec9c4b2ac,REJECTED,0,6,ad7997fec9c4b2ac|23141871583b558f|06b7b399dce342a8|18c255cb7ebed9c1|be02c8ec4270b2c0|fc8f9980a613d750,0.0,0.0,0.0,0.0,0.0,0.0,0.0,False
38,跨资产背离后VWAP失守空头,跨资产VWAP,fc8f9980a613d750,REJECTED,0,6,fc8f9980a613d750|370e37343f0fa625|7064471f1c1e0432|883cdb955c9c329c|a7dfcd935bfe0b39|ad7997fec9c4b2ac,0.0,0.0,0.0,0.0,0.0,0.0,0.0,False
38,跨资产背离后VWAP失守空头,跨资产VWAP,af77f6413cfdd932,REJECTED,0,6,af77f6413cfdd932|be02c8ec4270b2c0|18c255cb7ebed9c1|06b7b399dce342a8|23141871583b558f|dd833668157a64a6,0.0,0.0,0.0,0.0,0.0,0.0,0.0,False
38,跨资产背离后VWAP失守空头,跨资产VWAP,dd833668157a64a6,REJECTED,0,6,dd833668157a64a6|a7dfcd935bfe0b39|883cdb955c9c329c|7064471f1c1e0432|370e37343f0fa625|af77f6413cfdd932,0.0,0.0,0.0,0.0,0.0,0.0,0.0,False
38,跨资产背离后VWAP失守空头,跨资产VWAP,18c255cb7ebed9c1,REJECTED,0,6,18c255cb7ebed9c1|06b7b399dce342a8|23141871583b558f|ad7997fec9c4b2ac|af77f6413cfdd932|be02c8ec4270b2c0,0.0,0.0,0.0,0.0,0.0,0.0,0.0,False
38,跨资产背离后VWAP失守空头,跨资产VWAP,883cdb955c9c329c,REJECTED,0,6,883cdb955c9c329c|7064471f1c1e0432|370e37343f0fa625|fc8f9980a613d750|dd833668157a64a6|a7dfcd935bfe0b39,0.0,0.0,0.0,0.0,0.0,0.0,0.0,False
38,跨资产背离后VWAP失守空头,跨资产VWAP,23141871583b558f,REJECTED,0,6,23141871583b558f|ad7997fec9c4b2ac|18c255cb7ebed9c1|06b7b399dce342a8|af77f6413cfdd932|370e37343f0fa625,0.0,0.0,0.0,0.0,0.0,0.0,0.0,False
38,跨资产背离后VWAP失守空头,跨资产VWAP,370e37343f0fa625,REJECTED,0,6,370e37343f0fa625|fc8f9980a613d750|883cdb955c9c329c|7064471f1c1e0432|dd833668157a64a6|23141871583b558f,0.0,0.0,0.0,0.0,0.0,0.0,0.0,False
39,跨资产背离后VWAP收回多头,跨资产VWAP,1d3bb2983569000d,REJECTED,0,6,1d3bb2983569000d|d7a3dae1ba7f6b33|f10286852743cda0|6560c510fc711207|85860f7fc4c3c145|c113dc6a5d21214e,0.0,0.0,0.0,0.0,0.0,0.0,0.0,False
39,跨资产背离后VWAP收回多头,跨资产VWAP,c113dc6a5d21214e,REJECTED,0,6,c113dc6a5d21214e|3e368bf411f151a4|9c6f6523fbb9eaae|7bb22bbc727d35b5|53771d36dad78044|1d3bb2983569000d,0.0,0.0,0.0,0.0,0.0,0.0,0.0,False
39,跨资产背离后VWAP收回多头,跨资产VWAP,f10286852743cda0,REJECTED,0,6,f10286852743cda0|6560c510fc711207|85860f7fc4c3c145|86f4ca658fb9cca7|1d3bb2983569000d|d7a3dae1ba7f6b33,0.0,0.0,0.0,0.0,0.0,0.0,0.0,False
39,跨资产背离后VWAP收回多头,跨资产VWAP,9c6f6523fbb9eaae,REJECTED,0,6,9c6f6523fbb9eaae|7bb22bbc727d35b5|53771d36dad78044|da86cdd9dec5d074|c113dc6a5d21214e|3e368bf411f151a4,0.0,0.0,0.0,0.0,0.0,0.0,0.0,False
39,跨资产背离后VWAP收回多头,跨资产VWAP,85860f7fc4c3c145,REJECTED,0,6,85860f7fc4c3c145|86f4ca658fb9cca7|f10286852743cda0|6560c510fc711207|1d3bb2983569000d|53771d36dad78044,0.0,0.0,0.0,0.0,0.0,0.0,0.0,False
39,跨资产背离后VWAP收回多头,跨资产VWAP,53771d36dad78044,REJECTED,0,6,53771d36dad78044|da86cdd9dec5d074|9c6f6523fbb9eaae|7bb22bbc727d35b5|c113dc6a5d21214e|85860f7fc4c3c145,0.0,0.0,0.0,0.0,0.0,0.0,0.0,False
39,跨资产背离后VWAP收回多头,跨资产VWAP,d7a3dae1ba7f6b33,REJECTED,0,6,d7a3dae1ba7f6b33|1d3bb2983569000d|6560c510fc711207|f10286852743cda0|86f4ca658fb9cca7|3e368bf411f151a4,0.0,0.0,0.0,0.0,0.0,0.0,0.0,False
39,跨资产背离后VWAP收回多头,跨资产VWAP,3e368bf411f151a4,REJECTED,0,6,3e368bf411f151a4|c113dc6a5d21214e|7bb22bbc727d35b5|9c6f6523fbb9eaae|da86cdd9dec5d074|d7a3dae1ba7f6b33,0.0,0.0,0.0,0.0,0.0,0.0,0.0,False
39,跨资产背离后VWAP收回多头,跨资产VWAP,6560c510fc711207,REJECTED,0,6,6560c510fc711207|f10286852743cda0|86f4ca658fb9cca7|85860f7fc4c3c145|d7a3dae1ba7f6b33|1d3bb2983569000d,0.0,0.0,0.0,0.0,0.0,0.0,0.0,False
39,跨资产背离后VWAP收回多头,跨资产VWAP,7bb22bbc727d35b5,REJECTED,0,6,7bb22bbc727d35b5|9c6f6523fbb9eaae|da86cdd9dec5d074|53771d36dad78044|3e368bf411f151a4|c113dc6a5d21214e,0.0,0.0,0.0,0.0,0.0,0.0,0.0,False
39,跨资产背离后VWAP收回多头,跨资产VWAP,86f4ca658fb9cca7,REJECTED,0,6,86f4ca658fb9cca7|85860f7fc4c3c145|6560c510fc711207|f10286852743cda0|d7a3dae1ba7f6b33|da86cdd9dec5d074,0.0,0.0,0.0,0.0,0.0,0.0,0.0,False
39,跨资产背离后VWAP收回多头,跨资产VWAP,da86cdd9dec5d074,REJECTED,0,6,da86cdd9dec5d074|53771d36dad78044|7bb22bbc727d35b5|9c6f6523fbb9eaae|3e368bf411f151a4|86f4ca658fb9cca7,0.0,0.0,0.0,0.0,0.0,0.0,0.0,False
39,跨资产背离后VWAP收回多头,跨资产VWAP,38522c142551a8ec,REJECTED,0,6,38522c142551a8ec|8f7355db17d7d4c5|85863386d43cc192|e52d27b109346d46|e49bd0b05bbd2c1f|8b0cd536c75abb5e,0.0,0.0,0.0,0.0,0.0,0.0,0.0,False
39,跨资产背离后VWAP收回多头,跨资产VWAP,8b0cd536c75abb5e,REJECTED,0,6,8b0cd536c75abb5e|a03492ab01543135|abcb729254494bac|b1e68b1f9de358b0|10fe123ce13ac838|38522c142551a8ec,0.0,0.0,0.0,0.0,0.0,0.0,0.0,False
39,跨资产背离后VWAP收回多头,跨资产VWAP,85863386d43cc192,REJECTED,0,6,85863386d43cc192|e52d27b109346d46|e49bd0b05bbd2c1f|29a8aad458018e5c|38522c142551a8ec|8f7355db17d7d4c5,0.0,0.0,0.0,0.0,0.0,0.0,0.0,False
39,跨资产背离后VWAP收回多头,跨资产VWAP,abcb729254494bac,REJECTED,0,6,abcb729254494bac|b1e68b1f9de358b0|10fe123ce13ac838|79fdb649286d8af0|8b0cd536c75abb5e|a03492ab01543135,0.0,0.0,0.0,0.0,0.0,0.0,0.0,False
39,跨资产背离后VWAP收回多头,跨资产VWAP,e49bd0b05bbd2c1f,REJECTED,0,6,e49bd0b05bbd2c1f|29a8aad458018e5c|85863386d43cc192|e52d27b109346d46|38522c142551a8ec|10fe123ce13ac838,0.0,0.0,0.0,0.0,0.0,0.0,0.0,False
39,跨资产背离后VWAP收回多头,跨资产VWAP,10fe123ce13ac838,REJECTED,0,6,10fe123ce13ac838|79fdb649286d8af0|abcb729254494bac|b1e68b1f9de358b0|8b0cd536c75abb5e|e49bd0b05bbd2c1f,0.0,0.0,0.0,0.0,0.0,0.0,0.0,False
39,跨资产背离后VWAP收回多头,跨资产VWAP,8f7355db17d7d4c5,REJECTED,0,6,8f7355db17d7d4c5|38522c142551a8ec|e52d27b109346d46|85863386d43cc192|29a8aad458018e5c|a03492ab01543135,0.0,0.0,0.0,0.0,0.0,0.0,0.0,False
39,跨资产背离后VWAP收回多头,跨资产VWAP,a03492ab01543135,REJECTED,0,6,a03492ab01543135|8b0cd536c75abb5e|b1e68b1f9de358b0|abcb729254494bac|79fdb649286d8af0|8f7355db17d7d4c5,0.0,0.0,0.0,0.0,0.0,0.0,0.0,False
39,跨资产背离后VWAP收回多头,跨资产VWAP,e52d27b109346d46,REJECTED,0,6,e52d27b109346d46|85863386d43cc192|29a8aad458018e5c|e49bd0b05bbd2c1f|8f7355db17d7d4c5|38522c142551a8ec,0.0,0.0,0.0,0.0,0.0,0.0,0.0,False
39,跨资产背离后VWAP收回多头,跨资产VWAP,b1e68b1f9de358b0,REJECTED,0,6,b1e68b1f9de358b0|abcb729254494bac|79fdb649286d8af0|10fe123ce13ac838|a03492ab01543135|8b0cd536c75abb5e,0.0,0.0,0.0,0.0,0.0,0.0,0.0,False
39,跨资产背离后VWAP收回多头,跨资产VWAP,29a8aad458018e5c,REJECTED,0,6,29a8aad458018e5c|e49bd0b05bbd2c1f|e52d27b109346d46|85863386d43cc192|8f7355db17d7d4c5|79fdb649286d8af0,0.0,0.0,0.0,0.0,0.0,0.0,0.0,False
39,跨资产背离后VWAP收回多头,跨资产VWAP,79fdb649286d8af0,REJECTED,0,6,79fdb649286d8af0|10fe123ce13ac838|b1e68b1f9de358b0|abcb729254494bac|a03492ab01543135|29a8aad458018e5c,0.0,0.0,0.0,0.0,0.0,0.0,0.0,False
