expert_id,expert,rank,policy_key,aggregate_score,eligible,elimination_reasons,monthly_target,min_probability,min_percentile,cooldown,risk_rr,risk_sl_atr,risk_min_stop_pct,risk_max_hold,risk_breakeven_trigger,risk_breakeven_lock,risk_early_bars,risk_early_cut_r,model_max_depth,model_learning_rate,model_max_iter,model_l2_regularization,model_min_samples_leaf,2025-12_trades,2025-12_wins,2025-12_win_rate,2025-12_avg_win_R,2025-12_avg_loss_R,2025-12_avg_win_loss_ratio,2025-12_profit_factor,2025-12_net_R,2025-12_max_drawdown_R,2025-12_expectancy_R,2025-12_funnel_model_available,2025-12_funnel_training_candidates,2025-12_funnel_calibration_month,2025-12_funnel_calibration_candidates,2025-12_funnel_calibration_base_rate,2025-12_funnel_calibration_brier,2025-12_funnel_raw_structural_candidates,2025-12_funnel_probability_threshold,2025-12_funnel_quantile,2025-12_funnel_score_drift,2025-12_funnel_raw_eval_after_probability,2025-12_funnel_capped_eval_candidates,2025-12_funnel_after_cooldown,2026-01_trades,2026-01_wins,2026-01_win_rate,2026-01_avg_win_R,2026-01_avg_loss_R,2026-01_avg_win_loss_ratio,2026-01_profit_factor,2026-01_net_R,2026-01_max_drawdown_R,2026-01_expectancy_R,2026-01_funnel_model_available,2026-01_funnel_training_candidates,2026-01_funnel_calibration_month,2026-01_funnel_calibration_candidates,2026-01_funnel_calibration_base_rate,2026-01_funnel_calibration_brier,2026-01_funnel_raw_structural_candidates,2026-01_funnel_probability_threshold,2026-01_funnel_quantile,2026-01_funnel_score_drift,2026-01_funnel_raw_eval_after_probability,2026-01_funnel_capped_eval_candidates,2026-01_funnel_after_cooldown,2026-02_trades,2026-02_wins,2026-02_win_rate,2026-02_avg_win_R,2026-02_avg_loss_R,2026-02_avg_win_loss_ratio,2026-02_profit_factor,2026-02_net_R,2026-02_max_drawdown_R,2026-02_expectancy_R,2026-02_funnel_model_available,2026-02_funnel_training_candidates,2026-02_funnel_calibration_month,2026-02_funnel_calibration_candidates,2026-02_funnel_calibration_base_rate,2026-02_funnel_calibration_brier,2026-02_funnel_raw_structural_candidates,2026-02_funnel_probability_threshold,2026-02_funnel_quantile,2026-02_funnel_score_drift,2026-02_funnel_raw_eval_after_probability,2026-02_funnel_capped_eval_candidates,2026-02_funnel_after_cooldown,2026-03_trades,2026-03_wins,2026-03_win_rate,2026-03_avg_win_R,2026-03_avg_loss_R,2026-03_avg_win_loss_ratio,2026-03_profit_factor,2026-03_net_R,2026-03_max_drawdown_R,2026-03_expectancy_R,2026-03_funnel_model_available,2026-03_funnel_training_candidates,2026-03_funnel_calibration_month,2026-03_funnel_calibration_candidates,2026-03_funnel_calibration_base_rate,2026-03_funnel_calibration_brier,2026-03_funnel_raw_structural_candidates,2026-03_funnel_probability_threshold,2026-03_funnel_quantile,2026-03_funnel_score_drift,2026-03_funnel_raw_eval_after_probability,2026-03_funnel_capped_eval_candidates,2026-03_funnel_after_cooldown,2026-04_trades,2026-04_wins,2026-04_win_rate,2026-04_avg_win_R,2026-04_avg_loss_R,2026-04_avg_win_loss_ratio,2026-04_profit_factor,2026-04_net_R,2026-04_max_drawdown_R,2026-04_expectancy_R,2026-04_funnel_model_available,2026-04_funnel_training_candidates,2026-04_funnel_calibration_month,2026-04_funnel_calibration_candidates,2026-04_funnel_calibration_base_rate,2026-04_funnel_calibration_brier,2026-04_funnel_raw_structural_candidates,2026-04_funnel_probability_threshold,2026-04_funnel_quantile,2026-04_funnel_score_drift,2026-04_funnel_raw_eval_after_probability,2026-04_funnel_capped_eval_candidates,2026-04_funnel_after_cooldown,2026-05_trades,2026-05_wins,2026-05_win_rate,2026-05_avg_win_R,2026-05_avg_loss_R,2026-05_avg_win_loss_ratio,2026-05_profit_factor,2026-05_net_R,2026-05_max_drawdown_R,2026-05_expectancy_R,2026-05_funnel_model_available,2026-05_funnel_training_candidates,2026-05_funnel_calibration_month,2026-05_funnel_calibration_candidates,2026-05_funnel_calibration_base_rate,2026-05_funnel_calibration_brier,2026-05_funnel_raw_structural_candidates,2026-05_funnel_probability_threshold,2026-05_funnel_quantile,2026-05_funnel_score_drift,2026-05_funnel_raw_eval_after_probability,2026-05_funnel_capped_eval_candidates,2026-05_funnel_after_cooldown
0,趋势多头,1,f1dc6211d39a1054,5973.195561718818,False,开发月最低胜率过低|多月负期望|开发交易样本不足,4,0.34,0.65,8,1.8,1.1,0.003,180,0.9,0.08,48,0.38,2,0.035,220,5.0,38,3,2,0.6666666666666666,1.4650496069337224,0.25410275425841633,5.765579405895784,11.531158811791569,2.6759964596090287,0.25410275425841633,0.8919988198696762,True,786,2025-11,231,0.2727272727272727,0.1952190789758844,353,0.34,0.65,0.0021881854288602343,49,4,3,2,0,0.0,0.0,0.7938250911746433,0.0,0.0,-1.5876501823492866,1.5876501823492866,-0.7938250911746433,True,1017,2025-12,353,0.24645892351274787,0.18367834269465325,308,0.34,0.65,0.0005040486833413627,2,2,2,3,0,0.0,0.0,0.9638192628660261,0.0,0.0,-2.8914577885980783,2.8914577885980783,-0.9638192628660261,True,1370,2026-01,308,0.24025974025974026,0.17208038344309676,187,0.34,0.65,0.041042541629143336,40,4,3,1,0,0.0,0.0,0.25059518531138525,0.0,0.0,-0.25059518531138525,0.25059518531138525,-0.25059518531138525,True,1678,2026-02,187,0.25133689839572193,0.1817787497331855,411,0.34,0.65,-0.0046811869873182865,60,4,1,0,0,0.0,0.0,0.0,0.0,0.0,0.0,0.0,0.0,True,1865,2026-03,411,0.22384428223844283,0.17353953795475288,489,0.34,0.65,0.004785340123055842,0,0,0,1,1,1.0,1.4649155358999162,0.0,0.0,0.0,1.4649155358999162,0.0,1.4649155358999162,True,2276,2026-04,489,0.2310838445807771,0.1712114674821066,341,0.34,0.65,0.0037892066958904735,38,4,1
0,趋势多头,2,7ec9c49fdfb5517b,5973.195561718818,False,开发月最低胜率过低|多月负期望|开发交易样本不足,4,0.34,0.75,8,1.8,1.1,0.003,180,0.9,0.08,48,0.38,2,0.035,220,5.0,38,3,2,0.6666666666666666,1.4650496069337224,0.25410275425841633,5.765579405895784,11.531158811791569,2.6759964596090287,0.25410275425841633,0.8919988198696762,True,786,2025-11,231,0.2727272727272727,0.1952190789758844,353,0.34,0.75,0.0021881854288602343,49,4,3,2,0,0.0,0.0,0.7938250911746433,0.0,0.0,-1.5876501823492866,1.5876501823492866,-0.7938250911746433,True,1017,2025-12,353,0.24645892351274787,0.18367834269465325,308,0.34,0.75,0.0005040486833413627,2,2,2,3,0,0.0,0.0,0.9638192628660261,0.0,0.0,-2.8914577885980783,2.8914577885980783,-0.9638192628660261,True,1370,2026-01,308,0.24025974025974026,0.17208038344309676,187,0.34,0.75,0.041042541629143336,40,4,3,1,0,0.0,0.0,0.25059518531138525,0.0,0.0,-0.25059518531138525,0.25059518531138525,-0.25059518531138525,True,1678,2026-02,187,0.25133689839572193,0.1817787497331855,411,0.34,0.75,-0.0046811869873182865,60,4,1,0,0,0.0,0.0,0.0,0.0,0.0,0.0,0.0,0.0,True,1865,2026-03,411,0.22384428223844283,0.17353953795475288,489,0.34,0.75,0.004785340123055842,0,0,0,1,1,1.0,1.4649155358999162,0.0,0.0,0.0,1.4649155358999162,0.0,1.4649155358999162,True,2276,2026-04,489,0.2310838445807771,0.1712114674821066,341,0.34,0.75,0.0037892066958904735,38,4,1
0,趋势多头,3,f6ed1fdb03cfe5af,5973.195561718818,False,开发月最低胜率过低|多月负期望|开发交易样本不足,4,0.34,0.85,8,1.8,1.1,0.003,180,0.9,0.08,48,0.38,2,0.035,220,5.0,38,3,2,0.6666666666666666,1.4650496069337224,0.25410275425841633,5.765579405895784,11.531158811791569,2.6759964596090287,0.25410275425841633,0.8919988198696762,True,786,2025-11,231,0.2727272727272727,0.1952190789758844,353,0.34,0.85,0.0021881854288602343,41,4,3,2,0,0.0,0.0,0.7938250911746433,0.0,0.0,-1.5876501823492866,1.5876501823492866,-0.7938250911746433,True,1017,2025-12,353,0.24645892351274787,0.18367834269465325,308,0.34,0.85,0.0005040486833413627,2,2,2,3,0,0.0,0.0,0.9638192628660261,0.0,0.0,-2.8914577885980783,2.8914577885980783,-0.9638192628660261,True,1370,2026-01,308,0.24025974025974026,0.17208038344309676,187,0.34,0.85,0.041042541629143336,38,4,3,1,0,0.0,0.0,0.25059518531138525,0.0,0.0,-0.25059518531138525,0.25059518531138525,-0.25059518531138525,True,1678,2026-02,187,0.25133689839572193,0.1817787497331855,411,0.34,0.85,-0.0046811869873182865,60,4,1,0,0,0.0,0.0,0.0,0.0,0.0,0.0,0.0,0.0,True,1865,2026-03,411,0.22384428223844283,0.17353953795475288,489,0.34,0.85,0.004785340123055842,0,0,0,1,1,1.0,1.4649155358999162,0.0,0.0,0.0,1.4649155358999162,0.0,1.4649155358999162,True,2276,2026-04,489,0.2310838445807771,0.1712114674821066,341,0.34,0.85,0.0037892066958904735,38,4,1
0,趋势多头,4,6626636a6b1100ad,5413.238775828552,False,开发月最低胜率过低|多月负期望|开发交易样本不足,7,0.34,0.65,8,1.8,1.1,0.003,180,0.9,0.08,48,0.38,2,0.035,220,5.0,38,3,2,0.6666666666666666,1.4650496069337224,0.25410275425841633,5.765579405895784,11.531158811791569,2.6759964596090287,0.25410275425841633,0.8919988198696762,True,786,2025-11,231,0.2727272727272727,0.1952190789758844,353,0.34,0.65,0.0021881854288602343,49,7,3,2,0,0.0,0.0,0.7938250911746433,0.0,0.0,-1.5876501823492866,1.5876501823492866,-0.7938250911746433,True,1017,2025-12,353,0.24645892351274787,0.18367834269465325,308,0.34,0.65,0.0005040486833413627,2,2,2,4,0,0.0,0.0,1.0563078732504563,0.0,0.0,-4.225231493001825,4.225231493001825,-1.0563078732504563,True,1370,2026-01,308,0.24025974025974026,0.17208038344309676,187,0.34,0.65,0.041042541629143336,40,7,4,1,0,0.0,0.0,0.25059518531138525,0.0,0.0,-0.25059518531138525,0.25059518531138525,-0.25059518531138525,True,1678,2026-02,187,0.25133689839572193,0.1817787497331855,411,0.34,0.65,-0.0046811869873182865,60,7,1,0,0,0.0,0.0,0.0,0.0,0.0,0.0,0.0,0.0,True,1865,2026-03,411,0.22384428223844283,0.17353953795475288,489,0.34,0.65,0.004785340123055842,0,0,0,2,1,0.5,1.4649155358999162,1.3336578673809523,1.0984192960798325,1.0984192960798325,0.13125766851896392,1.3336578673809523,0.06562883425948196,True,2276,2026-04,489,0.2310838445807771,0.1712114674821066,341,0.34,0.65,0.0037892066958904735,38,7,2
0,趋势多头,5,bd9e4df4ab5d5c5b,5413.238775828552,False,开发月最低胜率过低|多月负期望|开发交易样本不足,7,0.34,0.75,8,1.8,1.1,0.003,180,0.9,0.08,48,0.38,2,0.035,220,5.0,38,3,2,0.6666666666666666,1.4650496069337224,0.25410275425841633,5.765579405895784,11.531158811791569,2.6759964596090287,0.25410275425841633,0.8919988198696762,True,786,2025-11,231,0.2727272727272727,0.1952190789758844,353,0.34,0.75,0.0021881854288602343,49,7,3,2,0,0.0,0.0,0.7938250911746433,0.0,0.0,-1.5876501823492866,1.5876501823492866,-0.7938250911746433,True,1017,2025-12,353,0.24645892351274787,0.18367834269465325,308,0.34,0.75,0.0005040486833413627,2,2,2,4,0,0.0,0.0,1.0563078732504563,0.0,0.0,-4.225231493001825,4.225231493001825,-1.0563078732504563,True,1370,2026-01,308,0.24025974025974026,0.17208038344309676,187,0.34,0.75,0.041042541629143336,40,7,4,1,0,0.0,0.0,0.25059518531138525,0.0,0.0,-0.25059518531138525,0.25059518531138525,-0.25059518531138525,True,1678,2026-02,187,0.25133689839572193,0.1817787497331855,411,0.34,0.75,-0.0046811869873182865,60,7,1,0,0,0.0,0.0,0.0,0.0,0.0,0.0,0.0,0.0,True,1865,2026-03,411,0.22384428223844283,0.17353953795475288,489,0.34,0.75,0.004785340123055842,0,0,0,2,1,0.5,1.4649155358999162,1.3336578673809523,1.0984192960798325,1.0984192960798325,0.13125766851896392,1.3336578673809523,0.06562883425948196,True,2276,2026-04,489,0.2310838445807771,0.1712114674821066,341,0.34,0.75,0.0037892066958904735,38,7,2
0,趋势多头,6,c74ff3ba0ccd48d4,5413.238775828552,False,开发月最低胜率过低|多月负期望|开发交易样本不足,7,0.34,0.85,8,1.8,1.1,0.003,180,0.9,0.08,48,0.38,2,0.035,220,5.0,38,3,2,0.6666666666666666,1.4650496069337224,0.25410275425841633,5.765579405895784,11.531158811791569,2.6759964596090287,0.25410275425841633,0.8919988198696762,True,786,2025-11,231,0.2727272727272727,0.1952190789758844,353,0.34,0.85,0.0021881854288602343,41,7,3,2,0,0.0,0.0,0.7938250911746433,0.0,0.0,-1.5876501823492866,1.5876501823492866,-0.7938250911746433,True,1017,2025-12,353,0.24645892351274787,0.18367834269465325,308,0.34,0.85,0.0005040486833413627,2,2,2,4,0,0.0,0.0,1.0563078732504563,0.0,0.0,-4.225231493001825,4.225231493001825,-1.0563078732504563,True,1370,2026-01,308,0.24025974025974026,0.17208038344309676,187,0.34,0.85,0.041042541629143336,38,7,4,1,0,0.0,0.0,0.25059518531138525,0.0,0.0,-0.25059518531138525,0.25059518531138525,-0.25059518531138525,True,1678,2026-02,187,0.25133689839572193,0.1817787497331855,411,0.34,0.85,-0.0046811869873182865,60,7,1,0,0,0.0,0.0,0.0,0.0,0.0,0.0,0.0,0.0,True,1865,2026-03,411,0.22384428223844283,0.17353953795475288,489,0.34,0.85,0.004785340123055842,0,0,0,2,1,0.5,1.4649155358999162,1.3336578673809523,1.0984192960798325,1.0984192960798325,0.13125766851896392,1.3336578673809523,0.06562883425948196,True,2276,2026-04,489,0.2310838445807771,0.1712114674821066,341,0.34,0.85,0.0037892066958904735,38,7,2
0,趋势多头,7,39c307edcb9bfa80,3546.719659680066,False,开发月最低胜率过低|多月负期望|开发交易样本不足,4,0.34,0.65,2,1.8,1.1,0.003,180,0.9,0.08,48,0.38,2,0.035,220,5.0,38,3,2,0.6666666666666666,1.4650496069337224,0.25410275425841633,5.765579405895784,11.531158811791569,2.6759964596090287,0.25410275425841633,0.8919988198696762,True,786,2025-11,231,0.2727272727272727,0.1952190789758844,353,0.34,0.65,0.0021881854288602343,49,4,3,2,0,0.0,0.0,0.7938250911746433,0.0,0.0,-1.5876501823492866,1.5876501823492866,-0.7938250911746433,True,1017,2025-12,353,0.24645892351274787,0.18367834269465325,308,0.34,0.65,0.0005040486833413627,2,2,2,4,1,0.25,1.464824126761777,0.9638192628660261,1.5198120469246028,0.5066040156415342,-1.4266336618363014,2.8914577885980783,-0.35665841545907534,True,1370,2026-01,308,0.24025974025974026,0.17208038344309676,187,0.34,0.65,0.041042541629143336,40,4,4,1,0,0.0,0.0,0.25059518531138525,0.0,0.0,-0.25059518531138525,0.25059518531138525,-0.25059518531138525,True,1678,2026-02,187,0.25133689839572193,0.1817787497331855,411,0.34,0.65,-0.0046811869873182865,60,4,1,0,0,0.0,0.0,0.0,0.0,0.0,0.0,0.0,0.0,True,1865,2026-03,411,0.22384428223844283,0.17353953795475288,489,0.34,0.65,0.004785340123055842,0,0,0,1,1,1.0,1.4649155358999162,0.0,0.0,0.0,1.4649155358999162,0.0,1.4649155358999162,True,2276,2026-04,489,0.2310838445807771,0.1712114674821066,341,0.34,0.65,0.0037892066958904735,38,4,1
0,趋势多头,8,c43952719a267d97,3546.719659680066,False,开发月最低胜率过低|多月负期望|开发交易样本不足,4,0.34,0.65,5,1.8,1.1,0.003,180,0.9,0.08,48,0.38,2,0.035,220,5.0,38,3,2,0.6666666666666666,1.4650496069337224,0.25410275425841633,5.765579405895784,11.531158811791569,2.6759964596090287,0.25410275425841633,0.8919988198696762,True,786,2025-11,231,0.2727272727272727,0.1952190789758844,353,0.34,0.65,0.0021881854288602343,49,4,3,2,0,0.0,0.0,0.7938250911746433,0.0,0.0,-1.5876501823492866,1.5876501823492866,-0.7938250911746433,True,1017,2025-12,353,0.24645892351274787,0.18367834269465325,308,0.34,0.65,0.0005040486833413627,2,2,2,4,1,0.25,1.464824126761777,0.9638192628660261,1.5198120469246028,0.5066040156415342,-1.4266336618363014,2.8914577885980783,-0.35665841545907534,True,1370,2026-01,308,0.24025974025974026,0.17208038344309676,187,0.34,0.65,0.041042541629143336,40,4,4,1,0,0.0,0.0,0.25059518531138525,0.0,0.0,-0.25059518531138525,0.25059518531138525,-0.25059518531138525,True,1678,2026-02,187,0.25133689839572193,0.1817787497331855,411,0.34,0.65,-0.0046811869873182865,60,4,1,0,0,0.0,0.0,0.0,0.0,0.0,0.0,0.0,0.0,True,1865,2026-03,411,0.22384428223844283,0.17353953795475288,489,0.34,0.65,0.004785340123055842,0,0,0,1,1,1.0,1.4649155358999162,0.0,0.0,0.0,1.4649155358999162,0.0,1.4649155358999162,True,2276,2026-04,489,0.2310838445807771,0.1712114674821066,341,0.34,0.65,0.0037892066958904735,38,4,1
0,趋势多头,9,32869b22c961acd3,3546.719659680066,False,开发月最低胜率过低|多月负期望|开发交易样本不足,4,0.34,0.75,2,1.8,1.1,0.003,180,0.9,0.08,48,0.38,2,0.035,220,5.0,38,3,2,0.6666666666666666,1.4650496069337224,0.25410275425841633,5.765579405895784,11.531158811791569,2.6759964596090287,0.25410275425841633,0.8919988198696762,True,786,2025-11,231,0.2727272727272727,0.1952190789758844,353,0.34,0.75,0.0021881854288602343,49,4,3,2,0,0.0,0.0,0.7938250911746433,0.0,0.0,-1.5876501823492866,1.5876501823492866,-0.7938250911746433,True,1017,2025-12,353,0.24645892351274787,0.18367834269465325,308,0.34,0.75,0.0005040486833413627,2,2,2,4,1,0.25,1.464824126761777,0.9638192628660261,1.5198120469246028,0.5066040156415342,-1.4266336618363014,2.8914577885980783,-0.35665841545907534,True,1370,2026-01,308,0.24025974025974026,0.17208038344309676,187,0.34,0.75,0.041042541629143336,40,4,4,1,0,0.0,0.0,0.25059518531138525,0.0,0.0,-0.25059518531138525,0.25059518531138525,-0.25059518531138525,True,1678,2026-02,187,0.25133689839572193,0.1817787497331855,411,0.34,0.75,-0.0046811869873182865,60,4,1,0,0,0.0,0.0,0.0,0.0,0.0,0.0,0.0,0.0,True,1865,2026-03,411,0.22384428223844283,0.17353953795475288,489,0.34,0.75,0.004785340123055842,0,0,0,1,1,1.0,1.4649155358999162,0.0,0.0,0.0,1.4649155358999162,0.0,1.4649155358999162,True,2276,2026-04,489,0.2310838445807771,0.1712114674821066,341,0.34,0.75,0.0037892066958904735,38,4,1
0,趋势多头,10,f95922eeba1804bf,3546.719659680066,False,开发月最低胜率过低|多月负期望|开发交易样本不足,4,0.34,0.75,5,1.8,1.1,0.003,180,0.9,0.08,48,0.38,2,0.035,220,5.0,38,3,2,0.6666666666666666,1.4650496069337224,0.25410275425841633,5.765579405895784,11.531158811791569,2.6759964596090287,0.25410275425841633,0.8919988198696762,True,786,2025-11,231,0.2727272727272727,0.1952190789758844,353,0.34,0.75,0.0021881854288602343,49,4,3,2,0,0.0,0.0,0.7938250911746433,0.0,0.0,-1.5876501823492866,1.5876501823492866,-0.7938250911746433,True,1017,2025-12,353,0.24645892351274787,0.18367834269465325,308,0.34,0.75,0.0005040486833413627,2,2,2,4,1,0.25,1.464824126761777,0.9638192628660261,1.5198120469246028,0.5066040156415342,-1.4266336618363014,2.8914577885980783,-0.35665841545907534,True,1370,2026-01,308,0.24025974025974026,0.17208038344309676,187,0.34,0.75,0.041042541629143336,40,4,4,1,0,0.0,0.0,0.25059518531138525,0.0,0.0,-0.25059518531138525,0.25059518531138525,-0.25059518531138525,True,1678,2026-02,187,0.25133689839572193,0.1817787497331855,411,0.34,0.75,-0.0046811869873182865,60,4,1,0,0,0.0,0.0,0.0,0.0,0.0,0.0,0.0,0.0,True,1865,2026-03,411,0.22384428223844283,0.17353953795475288,489,0.34,0.75,0.004785340123055842,0,0,0,1,1,1.0,1.4649155358999162,0.0,0.0,0.0,1.4649155358999162,0.0,1.4649155358999162,True,2276,2026-04,489,0.2310838445807771,0.1712114674821066,341,0.34,0.75,0.0037892066958904735,38,4,1
0,趋势多头,11,5f79422d7ac68e17,3546.719659680066,False,开发月最低胜率过低|多月负期望|开发交易样本不足,4,0.34,0.85,2,1.8,1.1,0.003,180,0.9,0.08,48,0.38,2,0.035,220,5.0,38,3,2,0.6666666666666666,1.4650496069337224,0.25410275425841633,5.765579405895784,11.531158811791569,2.6759964596090287,0.25410275425841633,0.8919988198696762,True,786,2025-11,231,0.2727272727272727,0.1952190789758844,353,0.34,0.85,0.0021881854288602343,41,4,3,2,0,0.0,0.0,0.7938250911746433,0.0,0.0,-1.5876501823492866,1.5876501823492866,-0.7938250911746433,True,1017,2025-12,353,0.24645892351274787,0.18367834269465325,308,0.34,0.85,0.0005040486833413627,2,2,2,4,1,0.25,1.464824126761777,0.9638192628660261,1.5198120469246028,0.5066040156415342,-1.4266336618363014,2.8914577885980783,-0.35665841545907534,True,1370,2026-01,308,0.24025974025974026,0.17208038344309676,187,0.34,0.85,0.041042541629143336,38,4,4,1,0,0.0,0.0,0.25059518531138525,0.0,0.0,-0.25059518531138525,0.25059518531138525,-0.25059518531138525,True,1678,2026-02,187,0.25133689839572193,0.1817787497331855,411,0.34,0.85,-0.0046811869873182865,60,4,1,0,0,0.0,0.0,0.0,0.0,0.0,0.0,0.0,0.0,True,1865,2026-03,411,0.22384428223844283,0.17353953795475288,489,0.34,0.85,0.004785340123055842,0,0,0,1,1,1.0,1.4649155358999162,0.0,0.0,0.0,1.4649155358999162,0.0,1.4649155358999162,True,2276,2026-04,489,0.2310838445807771,0.1712114674821066,341,0.34,0.85,0.0037892066958904735,38,4,1
0,趋势多头,12,c7f4225584de0ae8,3546.719659680066,False,开发月最低胜率过低|多月负期望|开发交易样本不足,4,0.34,0.85,5,1.8,1.1,0.003,180,0.9,0.08,48,0.38,2,0.035,220,5.0,38,3,2,0.6666666666666666,1.4650496069337224,0.25410275425841633,5.765579405895784,11.531158811791569,2.6759964596090287,0.25410275425841633,0.8919988198696762,True,786,2025-11,231,0.2727272727272727,0.1952190789758844,353,0.34,0.85,0.0021881854288602343,41,4,3,2,0,0.0,0.0,0.7938250911746433,0.0,0.0,-1.5876501823492866,1.5876501823492866,-0.7938250911746433,True,1017,2025-12,353,0.24645892351274787,0.18367834269465325,308,0.34,0.85,0.0005040486833413627,2,2,2,4,1,0.25,1.464824126761777,0.9638192628660261,1.5198120469246028,0.5066040156415342,-1.4266336618363014,2.8914577885980783,-0.35665841545907534,True,1370,2026-01,308,0.24025974025974026,0.17208038344309676,187,0.34,0.85,0.041042541629143336,38,4,4,1,0,0.0,0.0,0.25059518531138525,0.0,0.0,-0.25059518531138525,0.25059518531138525,-0.25059518531138525,True,1678,2026-02,187,0.25133689839572193,0.1817787497331855,411,0.34,0.85,-0.0046811869873182865,60,4,1,0,0,0.0,0.0,0.0,0.0,0.0,0.0,0.0,0.0,True,1865,2026-03,411,0.22384428223844283,0.17353953795475288,489,0.34,0.85,0.004785340123055842,0,0,0,1,1,1.0,1.4649155358999162,0.0,0.0,0.0,1.4649155358999162,0.0,1.4649155358999162,True,2276,2026-04,489,0.2310838445807771,0.1712114674821066,341,0.34,0.85,0.0037892066958904735,38,4,1
0,趋势多头,13,33101a8620529486,3337.3851595922565,False,开发月最低胜率过低|多月负期望|开发交易样本不足,7,0.34,0.65,2,1.8,1.1,0.003,180,0.9,0.08,48,0.38,2,0.035,220,5.0,38,3,2,0.6666666666666666,1.4650496069337224,0.25410275425841633,5.765579405895784,11.531158811791569,2.6759964596090287,0.25410275425841633,0.8919988198696762,True,786,2025-11,231,0.2727272727272727,0.1952190789758844,353,0.34,0.65,0.0021881854288602343,49,7,3,2,0,0.0,0.0,0.7938250911746433,0.0,0.0,-1.5876501823492866,1.5876501823492866,-0.7938250911746433,True,1017,2025-12,353,0.24645892351274787,0.18367834269465325,308,0.34,0.65,0.0005040486833413627,2,2,2,4,1,0.25,1.464824126761777,0.9638192628660261,1.5198120469246028,0.5066040156415342,-1.4266336618363014,2.8914577885980783,-0.35665841545907534,True,1370,2026-01,308,0.24025974025974026,0.17208038344309676,187,0.34,0.65,0.041042541629143336,40,7,4,1,0,0.0,0.0,0.25059518531138525,0.0,0.0,-0.25059518531138525,0.25059518531138525,-0.25059518531138525,True,1678,2026-02,187,0.25133689839572193,0.1817787497331855,411,0.34,0.65,-0.0046811869873182865,60,7,1,0,0,0.0,0.0,0.0,0.0,0.0,0.0,0.0,0.0,True,1865,2026-03,411,0.22384428223844283,0.17353953795475288,489,0.34,0.65,0.004785340123055842,0,0,0,2,1,0.5,1.4649155358999162,1.3336578673809523,1.0984192960798325,1.0984192960798325,0.13125766851896392,1.3336578673809523,0.06562883425948196,True,2276,2026-04,489,0.2310838445807771,0.1712114674821066,341,0.34,0.65,0.0037892066958904735,38,7,2
0,趋势多头,14,33ce643803c8779e,3337.3851595922565,False,开发月最低胜率过低|多月负期望|开发交易样本不足,7,0.34,0.65,5,1.8,1.1,0.003,180,0.9,0.08,48,0.38,2,0.035,220,5.0,38,3,2,0.6666666666666666,1.4650496069337224,0.25410275425841633,5.765579405895784,11.531158811791569,2.6759964596090287,0.25410275425841633,0.8919988198696762,True,786,2025-11,231,0.2727272727272727,0.1952190789758844,353,0.34,0.65,0.0021881854288602343,49,7,3,2,0,0.0,0.0,0.7938250911746433,0.0,0.0,-1.5876501823492866,1.5876501823492866,-0.7938250911746433,True,1017,2025-12,353,0.24645892351274787,0.18367834269465325,308,0.34,0.65,0.0005040486833413627,2,2,2,4,1,0.25,1.464824126761777,0.9638192628660261,1.5198120469246028,0.5066040156415342,-1.4266336618363014,2.8914577885980783,-0.35665841545907534,True,1370,2026-01,308,0.24025974025974026,0.17208038344309676,187,0.34,0.65,0.041042541629143336,40,7,4,1,0,0.0,0.0,0.25059518531138525,0.0,0.0,-0.25059518531138525,0.25059518531138525,-0.25059518531138525,True,1678,2026-02,187,0.25133689839572193,0.1817787497331855,411,0.34,0.65,-0.0046811869873182865,60,7,1,0,0,0.0,0.0,0.0,0.0,0.0,0.0,0.0,0.0,True,1865,2026-03,411,0.22384428223844283,0.17353953795475288,489,0.34,0.65,0.004785340123055842,0,0,0,2,1,0.5,1.4649155358999162,1.3336578673809523,1.0984192960798325,1.0984192960798325,0.13125766851896392,1.3336578673809523,0.06562883425948196,True,2276,2026-04,489,0.2310838445807771,0.1712114674821066,341,0.34,0.65,0.0037892066958904735,38,7,2
0,趋势多头,15,64cb852dafc0cf6d,3337.3851595922565,False,开发月最低胜率过低|多月负期望|开发交易样本不足,7,0.34,0.75,2,1.8,1.1,0.003,180,0.9,0.08,48,0.38,2,0.035,220,5.0,38,3,2,0.6666666666666666,1.4650496069337224,0.25410275425841633,5.765579405895784,11.531158811791569,2.6759964596090287,0.25410275425841633,0.8919988198696762,True,786,2025-11,231,0.2727272727272727,0.1952190789758844,353,0.34,0.75,0.0021881854288602343,49,7,3,2,0,0.0,0.0,0.7938250911746433,0.0,0.0,-1.5876501823492866,1.5876501823492866,-0.7938250911746433,True,1017,2025-12,353,0.24645892351274787,0.18367834269465325,308,0.34,0.75,0.0005040486833413627,2,2,2,4,1,0.25,1.464824126761777,0.9638192628660261,1.5198120469246028,0.5066040156415342,-1.4266336618363014,2.8914577885980783,-0.35665841545907534,True,1370,2026-01,308,0.24025974025974026,0.17208038344309676,187,0.34,0.75,0.041042541629143336,40,7,4,1,0,0.0,0.0,0.25059518531138525,0.0,0.0,-0.25059518531138525,0.25059518531138525,-0.25059518531138525,True,1678,2026-02,187,0.25133689839572193,0.1817787497331855,411,0.34,0.75,-0.0046811869873182865,60,7,1,0,0,0.0,0.0,0.0,0.0,0.0,0.0,0.0,0.0,True,1865,2026-03,411,0.22384428223844283,0.17353953795475288,489,0.34,0.75,0.004785340123055842,0,0,0,2,1,0.5,1.4649155358999162,1.3336578673809523,1.0984192960798325,1.0984192960798325,0.13125766851896392,1.3336578673809523,0.06562883425948196,True,2276,2026-04,489,0.2310838445807771,0.1712114674821066,341,0.34,0.75,0.0037892066958904735,38,7,2
0,趋势多头,16,6a31f461eb7c12fb,3337.3851595922565,False,开发月最低胜率过低|多月负期望|开发交易样本不足,7,0.34,0.75,5,1.8,1.1,0.003,180,0.9,0.08,48,0.38,2,0.035,220,5.0,38,3,2,0.6666666666666666,1.4650496069337224,0.25410275425841633,5.765579405895784,11.531158811791569,2.6759964596090287,0.25410275425841633,0.8919988198696762,True,786,2025-11,231,0.2727272727272727,0.1952190789758844,353,0.34,0.75,0.0021881854288602343,49,7,3,2,0,0.0,0.0,0.7938250911746433,0.0,0.0,-1.5876501823492866,1.5876501823492866,-0.7938250911746433,True,1017,2025-12,353,0.24645892351274787,0.18367834269465325,308,0.34,0.75,0.0005040486833413627,2,2,2,4,1,0.25,1.464824126761777,0.9638192628660261,1.5198120469246028,0.5066040156415342,-1.4266336618363014,2.8914577885980783,-0.35665841545907534,True,1370,2026-01,308,0.24025974025974026,0.17208038344309676,187,0.34,0.75,0.041042541629143336,40,7,4,1,0,0.0,0.0,0.25059518531138525,0.0,0.0,-0.25059518531138525,0.25059518531138525,-0.25059518531138525,True,1678,2026-02,187,0.25133689839572193,0.1817787497331855,411,0.34,0.75,-0.0046811869873182865,60,7,1,0,0,0.0,0.0,0.0,0.0,0.0,0.0,0.0,0.0,True,1865,2026-03,411,0.22384428223844283,0.17353953795475288,489,0.34,0.75,0.004785340123055842,0,0,0,2,1,0.5,1.4649155358999162,1.3336578673809523,1.0984192960798325,1.0984192960798325,0.13125766851896392,1.3336578673809523,0.06562883425948196,True,2276,2026-04,489,0.2310838445807771,0.1712114674821066,341,0.34,0.75,0.0037892066958904735,38,7,2
0,趋势多头,17,cf827c4ca90027c6,3337.3851595922565,False,开发月最低胜率过低|多月负期望|开发交易样本不足,7,0.34,0.85,2,1.8,1.1,0.003,180,0.9,0.08,48,0.38,2,0.035,220,5.0,38,3,2,0.6666666666666666,1.4650496069337224,0.25410275425841633,5.765579405895784,11.531158811791569,2.6759964596090287,0.25410275425841633,0.8919988198696762,True,786,2025-11,231,0.2727272727272727,0.1952190789758844,353,0.34,0.85,0.0021881854288602343,41,7,3,2,0,0.0,0.0,0.7938250911746433,0.0,0.0,-1.5876501823492866,1.5876501823492866,-0.7938250911746433,True,1017,2025-12,353,0.24645892351274787,0.18367834269465325,308,0.34,0.85,0.0005040486833413627,2,2,2,4,1,0.25,1.464824126761777,0.9638192628660261,1.5198120469246028,0.5066040156415342,-1.4266336618363014,2.8914577885980783,-0.35665841545907534,True,1370,2026-01,308,0.24025974025974026,0.17208038344309676,187,0.34,0.85,0.041042541629143336,38,7,4,1,0,0.0,0.0,0.25059518531138525,0.0,0.0,-0.25059518531138525,0.25059518531138525,-0.25059518531138525,True,1678,2026-02,187,0.25133689839572193,0.1817787497331855,411,0.34,0.85,-0.0046811869873182865,60,7,1,0,0,0.0,0.0,0.0,0.0,0.0,0.0,0.0,0.0,True,1865,2026-03,411,0.22384428223844283,0.17353953795475288,489,0.34,0.85,0.004785340123055842,0,0,0,2,1,0.5,1.4649155358999162,1.3336578673809523,1.0984192960798325,1.0984192960798325,0.13125766851896392,1.3336578673809523,0.06562883425948196,True,2276,2026-04,489,0.2310838445807771,0.1712114674821066,341,0.34,0.85,0.0037892066958904735,38,7,2
0,趋势多头,18,5f47901af8d4dc52,3337.3851595922565,False,开发月最低胜率过低|多月负期望|开发交易样本不足,7,0.34,0.85,5,1.8,1.1,0.003,180,0.9,0.08,48,0.38,2,0.035,220,5.0,38,3,2,0.6666666666666666,1.4650496069337224,0.25410275425841633,5.765579405895784,11.531158811791569,2.6759964596090287,0.25410275425841633,0.8919988198696762,True,786,2025-11,231,0.2727272727272727,0.1952190789758844,353,0.34,0.85,0.0021881854288602343,41,7,3,2,0,0.0,0.0,0.7938250911746433,0.0,0.0,-1.5876501823492866,1.5876501823492866,-0.7938250911746433,True,1017,2025-12,353,0.24645892351274787,0.18367834269465325,308,0.34,0.85,0.0005040486833413627,2,2,2,4,1,0.25,1.464824126761777,0.9638192628660261,1.5198120469246028,0.5066040156415342,-1.4266336618363014,2.8914577885980783,-0.35665841545907534,True,1370,2026-01,308,0.24025974025974026,0.17208038344309676,187,0.34,0.85,0.041042541629143336,38,7,4,1,0,0.0,0.0,0.25059518531138525,0.0,0.0,-0.25059518531138525,0.25059518531138525,-0.25059518531138525,True,1678,2026-02,187,0.25133689839572193,0.1817787497331855,411,0.34,0.85,-0.0046811869873182865,60,7,1,0,0,0.0,0.0,0.0,0.0,0.0,0.0,0.0,0.0,True,1865,2026-03,411,0.22384428223844283,0.17353953795475288,489,0.34,0.85,0.004785340123055842,0,0,0,2,1,0.5,1.4649155358999162,1.3336578673809523,1.0984192960798325,1.0984192960798325,0.13125766851896392,1.3336578673809523,0.06562883425948196,True,2276,2026-04,489,0.2310838445807771,0.1712114674821066,341,0.34,0.85,0.0037892066958904735,38,7,2
0,趋势多头,19,b7a9079999f7d8a4,3156.988276771287,False,连续两个有机会开发月无交易|有效开发月份不足|开发交易样本不足,10,0.34,0.65,2,2.0,1.2,0.0032,216,0.95,0.1,54,0.38,3,0.025,270,8.0,50,4,2,0.5,1.6858090740833662,1.3126923182859755,1.2842377841325232,1.2842377841325232,0.7462335115947814,2.625384636571951,0.18655837789869534,True,786,2025-11,231,0.2554112554112554,0.18634412293136468,353,0.34,0.65,-0.0026453242344369743,11,10,4,0,0,0.0,0.0,0.0,0.0,0.0,0.0,0.0,0.0,True,1017,2025-12,353,0.24929178470254956,0.18631939253326996,308,0.34,0.65,-0.0017284387493138598,0,0,0,2,0,0.0,0.0,1.3128929426164029,0.0,0.0,-2.6257858852328058,2.6257858852328058,-1.3128929426164029,True,1370,2026-01,308,0.22402597402597402,0.1715966474492169,187,0.34,0.65,0.028696794711332324,3,3,2,0,0,0.0,0.0,0.0,0.0,0.0,0.0,0.0,0.0,True,1678,2026-02,187,0.22459893048128343,0.17397853220345305,411,0.34,0.65,-0.005021758497257972,0,0,0,0,0,0.0,0.0,0.0,0.0,0.0,0.0,0.0,0.0,True,1865,2026-03,411,0.19464720194647203,0.15666862705509754,489,0.34,0.65,0.0004113122802914815,0,0,0,1,1,1.0,1.6857020649061454,0.0,0.0,0.0,1.6857020649061454,0.0,1.6857020649061454,True,2276,2026-04,489,0.2229038854805726,0.16768958687328792,341,0.34,0.65,0.027517124922014108,56,10,1
0,趋势多头,20,89d5ff51915844a5,3156.988276771287,False,连续两个有机会开发月无交易|有效开发月份不足|开发交易样本不足,10,0.34,0.65,5,2.0,1.2,0.0032,216,0.95,0.1,54,0.38,3,0.025,270,8.0,50,4,2,0.5,1.6858090740833662,1.3126923182859755,1.2842377841325232,1.2842377841325232,0.7462335115947814,2.625384636571951,0.18655837789869534,True,786,2025-11,231,0.2554112554112554,0.18634412293136468,353,0.34,0.65,-0.0026453242344369743,11,10,4,0,0,0.0,0.0,0.0,0.0,0.0,0.0,0.0,0.0,True,1017,2025-12,353,0.24929178470254956,0.18631939253326996,308,0.34,0.65,-0.0017284387493138598,0,0,0,2,0,0.0,0.0,1.3128929426164029,0.0,0.0,-2.6257858852328058,2.6257858852328058,-1.3128929426164029,True,1370,2026-01,308,0.22402597402597402,0.1715966474492169,187,0.34,0.65,0.028696794711332324,3,3,2,0,0,0.0,0.0,0.0,0.0,0.0,0.0,0.0,0.0,True,1678,2026-02,187,0.22459893048128343,0.17397853220345305,411,0.34,0.65,-0.005021758497257972,0,0,0,0,0,0.0,0.0,0.0,0.0,0.0,0.0,0.0,0.0,True,1865,2026-03,411,0.19464720194647203,0.15666862705509754,489,0.34,0.65,0.0004113122802914815,0,0,0,1,1,1.0,1.6857020649061454,0.0,0.0,0.0,1.6857020649061454,0.0,1.6857020649061454,True,2276,2026-04,489,0.2229038854805726,0.16768958687328792,341,0.34,0.65,0.027517124922014108,56,10,1
0,趋势多头,21,041c95aaca99fb52,3156.988276771287,False,连续两个有机会开发月无交易|有效开发月份不足|开发交易样本不足,10,0.34,0.65,8,2.0,1.2,0.0032,216,0.95,0.1,54,0.38,3,0.025,270,8.0,50,4,2,0.5,1.6858090740833662,1.3126923182859755,1.2842377841325232,1.2842377841325232,0.7462335115947814,2.625384636571951,0.18655837789869534,True,786,2025-11,231,0.2554112554112554,0.18634412293136468,353,0.34,0.65,-0.0026453242344369743,11,10,4,0,0,0.0,0.0,0.0,0.0,0.0,0.0,0.0,0.0,True,1017,2025-12,353,0.24929178470254956,0.18631939253326996,308,0.34,0.65,-0.0017284387493138598,0,0,0,2,0,0.0,0.0,1.3128929426164029,0.0,0.0,-2.6257858852328058,2.6257858852328058,-1.3128929426164029,True,1370,2026-01,308,0.22402597402597402,0.1715966474492169,187,0.34,0.65,0.028696794711332324,3,3,2,0,0,0.0,0.0,0.0,0.0,0.0,0.0,0.0,0.0,True,1678,2026-02,187,0.22459893048128343,0.17397853220345305,411,0.34,0.65,-0.005021758497257972,0,0,0,0,0,0.0,0.0,0.0,0.0,0.0,0.0,0.0,0.0,True,1865,2026-03,411,0.19464720194647203,0.15666862705509754,489,0.34,0.65,0.0004113122802914815,0,0,0,1,1,1.0,1.6857020649061454,0.0,0.0,0.0,1.6857020649061454,0.0,1.6857020649061454,True,2276,2026-04,489,0.2229038854805726,0.16768958687328792,341,0.34,0.65,0.027517124922014108,56,10,1
0,趋势多头,22,b019ba56755c3040,3156.988276771287,False,连续两个有机会开发月无交易|有效开发月份不足|开发交易样本不足,10,0.34,0.75,2,2.0,1.2,0.0032,216,0.95,0.1,54,0.38,3,0.025,270,8.0,50,4,2,0.5,1.6858090740833662,1.3126923182859755,1.2842377841325232,1.2842377841325232,0.7462335115947814,2.625384636571951,0.18655837789869534,True,786,2025-11,231,0.2554112554112554,0.18634412293136468,353,0.34,0.75,-0.0026453242344369743,11,10,4,0,0,0.0,0.0,0.0,0.0,0.0,0.0,0.0,0.0,True,1017,2025-12,353,0.24929178470254956,0.18631939253326996,308,0.34,0.75,-0.0017284387493138598,0,0,0,2,0,0.0,0.0,1.3128929426164029,0.0,0.0,-2.6257858852328058,2.6257858852328058,-1.3128929426164029,True,1370,2026-01,308,0.22402597402597402,0.1715966474492169,187,0.34,0.75,0.028696794711332324,3,3,2,0,0,0.0,0.0,0.0,0.0,0.0,0.0,0.0,0.0,True,1678,2026-02,187,0.22459893048128343,0.17397853220345305,411,0.34,0.75,-0.005021758497257972,0,0,0,0,0,0.0,0.0,0.0,0.0,0.0,0.0,0.0,0.0,True,1865,2026-03,411,0.19464720194647203,0.15666862705509754,489,0.34,0.75,0.0004113122802914815,0,0,0,1,1,1.0,1.6857020649061454,0.0,0.0,0.0,1.6857020649061454,0.0,1.6857020649061454,True,2276,2026-04,489,0.2229038854805726,0.16768958687328792,341,0.34,0.75,0.027517124922014108,56,10,1
0,趋势多头,23,fc23b4fcbbb703e0,3156.988276771287,False,连续两个有机会开发月无交易|有效开发月份不足|开发交易样本不足,10,0.34,0.75,5,2.0,1.2,0.0032,216,0.95,0.1,54,0.38,3,0.025,270,8.0,50,4,2,0.5,1.6858090740833662,1.3126923182859755,1.2842377841325232,1.2842377841325232,0.7462335115947814,2.625384636571951,0.18655837789869534,True,786,2025-11,231,0.2554112554112554,0.18634412293136468,353,0.34,0.75,-0.0026453242344369743,11,10,4,0,0,0.0,0.0,0.0,0.0,0.0,0.0,0.0,0.0,True,1017,2025-12,353,0.24929178470254956,0.18631939253326996,308,0.34,0.75,-0.0017284387493138598,0,0,0,2,0,0.0,0.0,1.3128929426164029,0.0,0.0,-2.6257858852328058,2.6257858852328058,-1.3128929426164029,True,1370,2026-01,308,0.22402597402597402,0.1715966474492169,187,0.34,0.75,0.028696794711332324,3,3,2,0,0,0.0,0.0,0.0,0.0,0.0,0.0,0.0,0.0,True,1678,2026-02,187,0.22459893048128343,0.17397853220345305,411,0.34,0.75,-0.005021758497257972,0,0,0,0,0,0.0,0.0,0.0,0.0,0.0,0.0,0.0,0.0,True,1865,2026-03,411,0.19464720194647203,0.15666862705509754,489,0.34,0.75,0.0004113122802914815,0,0,0,1,1,1.0,1.6857020649061454,0.0,0.0,0.0,1.6857020649061454,0.0,1.6857020649061454,True,2276,2026-04,489,0.2229038854805726,0.16768958687328792,341,0.34,0.75,0.027517124922014108,56,10,1
0,趋势多头,24,22905ab36bb39191,3156.988276771287,False,连续两个有机会开发月无交易|有效开发月份不足|开发交易样本不足,10,0.34,0.75,8,2.0,1.2,0.0032,216,0.95,0.1,54,0.38,3,0.025,270,8.0,50,4,2,0.5,1.6858090740833662,1.3126923182859755,1.2842377841325232,1.2842377841325232,0.7462335115947814,2.625384636571951,0.18655837789869534,True,786,2025-11,231,0.2554112554112554,0.18634412293136468,353,0.34,0.75,-0.0026453242344369743,11,10,4,0,0,0.0,0.0,0.0,0.0,0.0,0.0,0.0,0.0,True,1017,2025-12,353,0.24929178470254956,0.18631939253326996,308,0.34,0.75,-0.0017284387493138598,0,0,0,2,0,0.0,0.0,1.3128929426164029,0.0,0.0,-2.6257858852328058,2.6257858852328058,-1.3128929426164029,True,1370,2026-01,308,0.22402597402597402,0.1715966474492169,187,0.34,0.75,0.028696794711332324,3,3,2,0,0,0.0,0.0,0.0,0.0,0.0,0.0,0.0,0.0,True,1678,2026-02,187,0.22459893048128343,0.17397853220345305,411,0.34,0.75,-0.005021758497257972,0,0,0,0,0,0.0,0.0,0.0,0.0,0.0,0.0,0.0,0.0,True,1865,2026-03,411,0.19464720194647203,0.15666862705509754,489,0.34,0.75,0.0004113122802914815,0,0,0,1,1,1.0,1.6857020649061454,0.0,0.0,0.0,1.6857020649061454,0.0,1.6857020649061454,True,2276,2026-04,489,0.2229038854805726,0.16768958687328792,341,0.34,0.75,0.027517124922014108,56,10,1
0,趋势多头,25,e1654c3cd0637968,3156.988276771287,False,连续两个有机会开发月无交易|有效开发月份不足|开发交易样本不足,10,0.34,0.85,2,2.0,1.2,0.0032,216,0.95,0.1,54,0.38,3,0.025,270,8.0,50,4,2,0.5,1.6858090740833662,1.3126923182859755,1.2842377841325232,1.2842377841325232,0.7462335115947814,2.625384636571951,0.18655837789869534,True,786,2025-11,231,0.2554112554112554,0.18634412293136468,353,0.34,0.85,-0.0026453242344369743,11,10,4,0,0,0.0,0.0,0.0,0.0,0.0,0.0,0.0,0.0,True,1017,2025-12,353,0.24929178470254956,0.18631939253326996,308,0.34,0.85,-0.0017284387493138598,0,0,0,2,0,0.0,0.0,1.3128929426164029,0.0,0.0,-2.6257858852328058,2.6257858852328058,-1.3128929426164029,True,1370,2026-01,308,0.22402597402597402,0.1715966474492169,187,0.34,0.85,0.028696794711332324,3,3,2,0,0,0.0,0.0,0.0,0.0,0.0,0.0,0.0,0.0,True,1678,2026-02,187,0.22459893048128343,0.17397853220345305,411,0.34,0.85,-0.005021758497257972,0,0,0,0,0,0.0,0.0,0.0,0.0,0.0,0.0,0.0,0.0,True,1865,2026-03,411,0.19464720194647203,0.15666862705509754,489,0.34,0.85,0.0004113122802914815,0,0,0,1,1,1.0,1.6857020649061454,0.0,0.0,0.0,1.6857020649061454,0.0,1.6857020649061454,True,2276,2026-04,489,0.2229038854805726,0.16768958687328792,341,0.34,0.85,0.027517124922014108,56,10,1
0,趋势多头,26,cb09707835347f5d,3156.988276771287,False,连续两个有机会开发月无交易|有效开发月份不足|开发交易样本不足,10,0.34,0.85,5,2.0,1.2,0.0032,216,0.95,0.1,54,0.38,3,0.025,270,8.0,50,4,2,0.5,1.6858090740833662,1.3126923182859755,1.2842377841325232,1.2842377841325232,0.7462335115947814,2.625384636571951,0.18655837789869534,True,786,2025-11,231,0.2554112554112554,0.18634412293136468,353,0.34,0.85,-0.0026453242344369743,11,10,4,0,0,0.0,0.0,0.0,0.0,0.0,0.0,0.0,0.0,True,1017,2025-12,353,0.24929178470254956,0.18631939253326996,308,0.34,0.85,-0.0017284387493138598,0,0,0,2,0,0.0,0.0,1.3128929426164029,0.0,0.0,-2.6257858852328058,2.6257858852328058,-1.3128929426164029,True,1370,2026-01,308,0.22402597402597402,0.1715966474492169,187,0.34,0.85,0.028696794711332324,3,3,2,0,0,0.0,0.0,0.0,0.0,0.0,0.0,0.0,0.0,True,1678,2026-02,187,0.22459893048128343,0.17397853220345305,411,0.34,0.85,-0.005021758497257972,0,0,0,0,0,0.0,0.0,0.0,0.0,0.0,0.0,0.0,0.0,True,1865,2026-03,411,0.19464720194647203,0.15666862705509754,489,0.34,0.85,0.0004113122802914815,0,0,0,1,1,1.0,1.6857020649061454,0.0,0.0,0.0,1.6857020649061454,0.0,1.6857020649061454,True,2276,2026-04,489,0.2229038854805726,0.16768958687328792,341,0.34,0.85,0.027517124922014108,56,10,1
0,趋势多头,27,a8ffede7bd3b29e2,3156.988276771287,False,连续两个有机会开发月无交易|有效开发月份不足|开发交易样本不足,10,0.34,0.85,8,2.0,1.2,0.0032,216,0.95,0.1,54,0.38,3,0.025,270,8.0,50,4,2,0.5,1.6858090740833662,1.3126923182859755,1.2842377841325232,1.2842377841325232,0.7462335115947814,2.625384636571951,0.18655837789869534,True,786,2025-11,231,0.2554112554112554,0.18634412293136468,353,0.34,0.85,-0.0026453242344369743,11,10,4,0,0,0.0,0.0,0.0,0.0,0.0,0.0,0.0,0.0,True,1017,2025-12,353,0.24929178470254956,0.18631939253326996,308,0.34,0.85,-0.0017284387493138598,0,0,0,2,0,0.0,0.0,1.3128929426164029,0.0,0.0,-2.6257858852328058,2.6257858852328058,-1.3128929426164029,True,1370,2026-01,308,0.22402597402597402,0.1715966474492169,187,0.34,0.85,0.028696794711332324,3,3,2,0,0,0.0,0.0,0.0,0.0,0.0,0.0,0.0,0.0,True,1678,2026-02,187,0.22459893048128343,0.17397853220345305,411,0.34,0.85,-0.005021758497257972,0,0,0,0,0,0.0,0.0,0.0,0.0,0.0,0.0,0.0,0.0,True,1865,2026-03,411,0.19464720194647203,0.15666862705509754,489,0.34,0.85,0.0004113122802914815,0,0,0,1,1,1.0,1.6857020649061454,0.0,0.0,0.0,1.6857020649061454,0.0,1.6857020649061454,True,2276,2026-04,489,0.2229038854805726,0.16768958687328792,341,0.34,0.85,0.027517124922014108,56,10,1
0,趋势多头,28,fbd588b53cd97443,3104.367394682916,False,连续两个有机会开发月无交易|开发月最低胜率过低|有效开发月份不足|开发交易样本不足,4,0.38,0.65,2,2.0,1.2,0.0032,216,0.95,0.1,54,0.38,2,0.035,220,5.0,38,0,0,0.0,0.0,0.0,0.0,0.0,0.0,0.0,0.0,True,786,2025-11,231,0.2554112554112554,0.19017366250688697,353,0.38,0.65,0.00018650874899717174,0,0,0,0,0,0.0,0.0,0.0,0.0,0.0,0.0,0.0,0.0,True,1017,2025-12,353,0.24929178470254956,0.18639897773597688,308,0.38,0.65,-0.0016591540262578253,0,0,0,3,1,0.3333333333333333,1.6856163688391288,0.7595885561590393,2.2191176462197806,1.1095588231098903,0.16643925652105018,1.3120847754095528,0.055479752173683394,True,1370,2026-01,308,0.22402597402597402,0.16267030358043644,187,0.38,0.65,0.09178387519768216,43,4,3,0,0,0.0,0.0,0.0,0.0,0.0,0.0,0.0,0.0,True,1678,2026-02,187,0.22459893048128343,0.1740146048015097,411,0.38,0.65,-0.0009463399430378883,0,0,0,0,0,0.0,0.0,0.0,0.0,0.0,0.0,0.0,0.0,True,1865,2026-03,411,0.19464720194647203,0.15675931238565077,489,0.38,0.65,0.00011538107779315854,0,0,0,2,1,0.5,1.6857262179638681,1.3127699622229896,1.2840987122445504,1.2840987122445504,0.37295625574087854,1.3127699622229896,0.18647812787043927,True,2276,2026-04,489,0.2229038854805726,0.16999056591742365,341,0.38,0.65,0.01584882664313575,7,4,2
0,趋势多头,29,315cd930f380fcf8,3104.367394682916,False,连续两个有机会开发月无交易|开发月最低胜率过低|有效开发月份不足|开发交易样本不足,4,0.38,0.65,5,2.0,1.2,0.0032,216,0.95,0.1,54,0.38,2,0.035,220,5.0,38,0,0,0.0,0.0,0.0,0.0,0.0,0.0,0.0,0.0,True,786,2025-11,231,0.2554112554112554,0.19017366250688697,353,0.38,0.65,0.00018650874899717174,0,0,0,0,0,0.0,0.0,0.0,0.0,0.0,0.0,0.0,0.0,True,1017,2025-12,353,0.24929178470254956,0.18639897773597688,308,0.38,0.65,-0.0016591540262578253,0,0,0,3,1,0.3333333333333333,1.6856163688391288,0.7595885561590393,2.2191176462197806,1.1095588231098903,0.16643925652105018,1.3120847754095528,0.055479752173683394,True,1370,2026-01,308,0.22402597402597402,0.16267030358043644,187,0.38,0.65,0.09178387519768216,43,4,3,0,0,0.0,0.0,0.0,0.0,0.0,0.0,0.0,0.0,True,1678,2026-02,187,0.22459893048128343,0.1740146048015097,411,0.38,0.65,-0.0009463399430378883,0,0,0,0,0,0.0,0.0,0.0,0.0,0.0,0.0,0.0,0.0,True,1865,2026-03,411,0.19464720194647203,0.15675931238565077,489,0.38,0.65,0.00011538107779315854,0,0,0,2,1,0.5,1.6857262179638681,1.3127699622229896,1.2840987122445504,1.2840987122445504,0.37295625574087854,1.3127699622229896,0.18647812787043927,True,2276,2026-04,489,0.2229038854805726,0.16999056591742365,341,0.38,0.65,0.01584882664313575,7,4,2
0,趋势多头,30,dc4de8639f297131,3104.367394682916,False,连续两个有机会开发月无交易|开发月最低胜率过低|有效开发月份不足|开发交易样本不足,4,0.38,0.65,8,2.0,1.2,0.0032,216,0.95,0.1,54,0.38,2,0.035,220,5.0,38,0,0,0.0,0.0,0.0,0.0,0.0,0.0,0.0,0.0,True,786,2025-11,231,0.2554112554112554,0.19017366250688697,353,0.38,0.65,0.00018650874899717174,0,0,0,0,0,0.0,0.0,0.0,0.0,0.0,0.0,0.0,0.0,True,1017,2025-12,353,0.24929178470254956,0.18639897773597688,308,0.38,0.65,-0.0016591540262578253,0,0,0,3,1,0.3333333333333333,1.6856163688391288,0.7595885561590393,2.2191176462197806,1.1095588231098903,0.16643925652105018,1.3120847754095528,0.055479752173683394,True,1370,2026-01,308,0.22402597402597402,0.16267030358043644,187,0.38,0.65,0.09178387519768216,43,4,3,0,0,0.0,0.0,0.0,0.0,0.0,0.0,0.0,0.0,True,1678,2026-02,187,0.22459893048128343,0.1740146048015097,411,0.38,0.65,-0.0009463399430378883,0,0,0,0,0,0.0,0.0,0.0,0.0,0.0,0.0,0.0,0.0,True,1865,2026-03,411,0.19464720194647203,0.15675931238565077,489,0.38,0.65,0.00011538107779315854,0,0,0,2,1,0.5,1.6857262179638681,1.3127699622229896,1.2840987122445504,1.2840987122445504,0.37295625574087854,1.3127699622229896,0.18647812787043927,True,2276,2026-04,489,0.2229038854805726,0.16999056591742365,341,0.38,0.65,0.01584882664313575,7,4,2
1,趋势空头,1,6ea041c58377e730,7219.929801550295,False,连续两个有机会开发月无交易|有效开发月份不足|开发交易样本不足,6,0.38,0.7,1,2.0,1.25,0.0034,216,1.0,0.12,60,0.38,2,0.035,220,5.0,38,0,0,0.0,0.0,0.0,0.0,0.0,0.0,0.0,0.0,True,668,2025-11,446,0.2713004484304933,0.19689777001849393,510,0.38,0.7,0.014983836580416854,0,0,0,0,0,0.0,0.0,0.0,0.0,0.0,0.0,0.0,0.0,True,1114,2025-12,510,0.11764705882352941,0.10372590759154131,432,0.38,0.7,0.0011995094947422763,0,0,0,0,0,0.0,0.0,0.0,0.0,0.0,0.0,0.0,0.0,True,1624,2026-01,432,0.2847222222222222,0.20142792189429262,413,0.38,0.7,0.009066741298420722,0,0,0,0,0,0.0,0.0,0.0,0.0,0.0,0.0,0.0,0.0,True,2056,2026-02,413,0.3099273607748184,0.21367310455355992,287,0.38,0.7,0.0007018256413777735,0,0,0,2,1,0.5,1.706061320715998,0.1749359300366994,9.752492357391002,9.752492357391002,1.5311253906792985,0.1749359300366994,0.7655626953396493,True,2469,2026-03,287,0.3170731707317073,0.21548815047061046,238,0.38,0.7,0.03276349780657617,65,6,2,1,1,1.0,1.7061472059265115,0.0,0.0,0.0,1.7061472059265115,0.0,1.7061472059265115,True,2756,2026-04,238,0.2605042016806723,0.17104540310217844,370,0.38,0.7,-0.08658595960241991,16,6,1
1,趋势空头,2,9f92a8c39a6be838,7219.929801550295,False,连续两个有机会开发月无交易|有效开发月份不足|开发交易样本不足,6,0.38,0.7,3,2.0,1.25,0.0034,216,1.0,0.12,60,0.38,2,0.035,220,5.0,38,0,0,0.0,0.0,0.0,0.0,0.0,0.0,0.0,0.0,True,668,2025-11,446,0.2713004484304933,0.19689777001849393,510,0.38,0.7,0.014983836580416854,0,0,0,0,0,0.0,0.0,0.0,0.0,0.0,0.0,0.0,0.0,True,1114,2025-12,510,0.11764705882352941,0.10372590759154131,432,0.38,0.7,0.0011995094947422763,0,0,0,0,0,0.0,0.0,0.0,0.0,0.0,0.0,0.0,0.0,True,1624,2026-01,432,0.2847222222222222,0.20142792189429262,413,0.38,0.7,0.009066741298420722,0,0,0,0,0,0.0,0.0,0.0,0.0,0.0,0.0,0.0,0.0,True,2056,2026-02,413,0.3099273607748184,0.21367310455355992,287,0.38,0.7,0.0007018256413777735,0,0,0,2,1,0.5,1.706061320715998,0.1749359300366994,9.752492357391002,9.752492357391002,1.5311253906792985,0.1749359300366994,0.7655626953396493,True,2469,2026-03,287,0.3170731707317073,0.21548815047061046,238,0.38,0.7,0.03276349780657617,65,6,2,1,1,1.0,1.7061472059265115,0.0,0.0,0.0,1.7061472059265115,0.0,1.7061472059265115,True,2756,2026-04,238,0.2605042016806723,0.17104540310217844,370,0.38,0.7,-0.08658595960241991,16,6,1
1,趋势空头,3,60251722c514c614,7219.929801550295,False,连续两个有机会开发月无交易|有效开发月份不足|开发交易样本不足,6,0.38,0.7,6,2.0,1.25,0.0034,216,1.0,0.12,60,0.38,2,0.035,220,5.0,38,0,0,0.0,0.0,0.0,0.0,0.0,0.0,0.0,0.0,True,668,2025-11,446,0.2713004484304933,0.19689777001849393,510,0.38,0.7,0.014983836580416854,0,0,0,0,0,0.0,0.0,0.0,0.0,0.0,0.0,0.0,0.0,True,1114,2025-12,510,0.11764705882352941,0.10372590759154131,432,0.38,0.7,0.0011995094947422763,0,0,0,0,0,0.0,0.0,0.0,0.0,0.0,0.0,0.0,0.0,True,1624,2026-01,432,0.2847222222222222,0.20142792189429262,413,0.38,0.7,0.009066741298420722,0,0,0,0,0,0.0,0.0,0.0,0.0,0.0,0.0,0.0,0.0,True,2056,2026-02,413,0.3099273607748184,0.21367310455355992,287,0.38,0.7,0.0007018256413777735,0,0,0,2,1,0.5,1.706061320715998,0.1749359300366994,9.752492357391002,9.752492357391002,1.5311253906792985,0.1749359300366994,0.7655626953396493,True,2469,2026-03,287,0.3170731707317073,0.21548815047061046,238,0.38,0.7,0.03276349780657617,65,6,2,1,1,1.0,1.7061472059265115,0.0,0.0,0.0,1.7061472059265115,0.0,1.7061472059265115,True,2756,2026-04,238,0.2605042016806723,0.17104540310217844,370,0.38,0.7,-0.08658595960241991,16,6,1
1,趋势空头,4,ec07b1a4b4643e31,7219.929801550295,False,连续两个有机会开发月无交易|有效开发月份不足|开发交易样本不足,6,0.38,0.78,1,2.0,1.25,0.0034,216,1.0,0.12,60,0.38,2,0.035,220,5.0,38,0,0,0.0,0.0,0.0,0.0,0.0,0.0,0.0,0.0,True,668,2025-11,446,0.2713004484304933,0.19689777001849393,510,0.38,0.78,0.014983836580416854,0,0,0,0,0,0.0,0.0,0.0,0.0,0.0,0.0,0.0,0.0,True,1114,2025-12,510,0.11764705882352941,0.10372590759154131,432,0.38,0.78,0.0011995094947422763,0,0,0,0,0,0.0,0.0,0.0,0.0,0.0,0.0,0.0,0.0,True,1624,2026-01,432,0.2847222222222222,0.20142792189429262,413,0.38,0.78,0.009066741298420722,0,0,0,0,0,0.0,0.0,0.0,0.0,0.0,0.0,0.0,0.0,True,2056,2026-02,413,0.3099273607748184,0.21367310455355992,287,0.38,0.78,0.0007018256413777735,0,0,0,2,1,0.5,1.706061320715998,0.1749359300366994,9.752492357391002,9.752492357391002,1.5311253906792985,0.1749359300366994,0.7655626953396493,True,2469,2026-03,287,0.3170731707317073,0.21548815047061046,238,0.38,0.78,0.03276349780657617,65,6,2,1,1,1.0,1.7061472059265115,0.0,0.0,0.0,1.7061472059265115,0.0,1.7061472059265115,True,2756,2026-04,238,0.2605042016806723,0.17104540310217844,370,0.38,0.78,-0.08658595960241991,16,6,1
1,趋势空头,5,ee0901ca3a4fbdae,7219.929801550295,False,连续两个有机会开发月无交易|有效开发月份不足|开发交易样本不足,6,0.38,0.78,3,2.0,1.25,0.0034,216,1.0,0.12,60,0.38,2,0.035,220,5.0,38,0,0,0.0,0.0,0.0,0.0,0.0,0.0,0.0,0.0,True,668,2025-11,446,0.2713004484304933,0.19689777001849393,510,0.38,0.78,0.014983836580416854,0,0,0,0,0,0.0,0.0,0.0,0.0,0.0,0.0,0.0,0.0,True,1114,2025-12,510,0.11764705882352941,0.10372590759154131,432,0.38,0.78,0.0011995094947422763,0,0,0,0,0,0.0,0.0,0.0,0.0,0.0,0.0,0.0,0.0,True,1624,2026-01,432,0.2847222222222222,0.20142792189429262,413,0.38,0.78,0.009066741298420722,0,0,0,0,0,0.0,0.0,0.0,0.0,0.0,0.0,0.0,0.0,True,2056,2026-02,413,0.3099273607748184,0.21367310455355992,287,0.38,0.78,0.0007018256413777735,0,0,0,2,1,0.5,1.706061320715998,0.1749359300366994,9.752492357391002,9.752492357391002,1.5311253906792985,0.1749359300366994,0.7655626953396493,True,2469,2026-03,287,0.3170731707317073,0.21548815047061046,238,0.38,0.78,0.03276349780657617,65,6,2,1,1,1.0,1.7061472059265115,0.0,0.0,0.0,1.7061472059265115,0.0,1.7061472059265115,True,2756,2026-04,238,0.2605042016806723,0.17104540310217844,370,0.38,0.78,-0.08658595960241991,16,6,1
1,趋势空头,6,b93bb4b74db980dc,7219.929801550295,False,连续两个有机会开发月无交易|有效开发月份不足|开发交易样本不足,6,0.38,0.78,6,2.0,1.25,0.0034,216,1.0,0.12,60,0.38,2,0.035,220,5.0,38,0,0,0.0,0.0,0.0,0.0,0.0,0.0,0.0,0.0,True,668,2025-11,446,0.2713004484304933,0.19689777001849393,510,0.38,0.78,0.014983836580416854,0,0,0,0,0,0.0,0.0,0.0,0.0,0.0,0.0,0.0,0.0,True,1114,2025-12,510,0.11764705882352941,0.10372590759154131,432,0.38,0.78,0.0011995094947422763,0,0,0,0,0,0.0,0.0,0.0,0.0,0.0,0.0,0.0,0.0,True,1624,2026-01,432,0.2847222222222222,0.20142792189429262,413,0.38,0.78,0.009066741298420722,0,0,0,0,0,0.0,0.0,0.0,0.0,0.0,0.0,0.0,0.0,True,2056,2026-02,413,0.3099273607748184,0.21367310455355992,287,0.38,0.78,0.0007018256413777735,0,0,0,2,1,0.5,1.706061320715998,0.1749359300366994,9.752492357391002,9.752492357391002,1.5311253906792985,0.1749359300366994,0.7655626953396493,True,2469,2026-03,287,0.3170731707317073,0.21548815047061046,238,0.38,0.78,0.03276349780657617,65,6,2,1,1,1.0,1.7061472059265115,0.0,0.0,0.0,1.7061472059265115,0.0,1.7061472059265115,True,2756,2026-04,238,0.2605042016806723,0.17104540310217844,370,0.38,0.78,-0.08658595960241991,16,6,1
1,趋势空头,7,fb950c13a5660d1a,4850.081950838197,False,连续两个有机会开发月无交易|有效开发月份不足|开发交易样本不足,6,0.38,0.7,1,2.2,1.4,0.0036,288,1.1,0.15,72,0.35,2,0.035,220,5.0,38,0,0,0.0,0.0,0.0,0.0,0.0,0.0,0.0,0.0,True,668,2025-11,446,0.26681614349775784,0.19484959773582458,510,0.38,0.7,-0.010461968110394737,0,0,0,0,0,0.0,0.0,0.0,0.0,0.0,0.0,0.0,0.0,True,1114,2025-12,510,0.10588235294117647,0.09291116663350323,432,0.38,0.7,-0.0012994494949794683,0,0,0,3,2,0.6666666666666666,1.92592529537559,1.279107383901221,1.5056791318814868,3.0113582637629737,2.5727432068499594,1.2791073839012208,0.8575810689499864,True,1624,2026-01,432,0.2708333333333333,0.1889213803817628,413,0.38,0.7,0.01866813432967923,46,6,3,0,0,0.0,0.0,0.0,0.0,0.0,0.0,0.0,0.0,True,2056,2026-02,413,0.3196125907990315,0.21728652524230543,287,0.38,0.7,-0.001982391093576452,0,0,0,0,0,0.0,0.0,0.0,0.0,0.0,0.0,0.0,0.0,True,2469,2026-03,287,0.30662020905923343,0.21258064853424893,238,0.38,0.7,0.004832189570923906,0,0,0,0,0,0.0,0.0,0.0,0.0,0.0,0.0,0.0,0.0,True,2756,2026-04,238,0.23949579831932774,0.17206983104194978,370,0.38,0.7,-0.08161382049480903,0,0,0
1,趋势空头,8,f5b99e8d5700c9f0,4850.081950838197,False,连续两个有机会开发月无交易|有效开发月份不足|开发交易样本不足,6,0.38,0.7,3,2.2,1.4,0.0036,288,1.1,0.15,72,0.35,2,0.035,220,5.0,38,0,0,0.0,0.0,0.0,0.0,0.0,0.0,0.0,0.0,True,668,2025-11,446,0.26681614349775784,0.19484959773582458,510,0.38,0.7,-0.010461968110394737,0,0,0,0,0,0.0,0.0,0.0,0.0,0.0,0.0,0.0,0.0,True,1114,2025-12,510,0.10588235294117647,0.09291116663350323,432,0.38,0.7,-0.0012994494949794683,0,0,0,3,2,0.6666666666666666,1.92592529537559,1.279107383901221,1.5056791318814868,3.0113582637629737,2.5727432068499594,1.2791073839012208,0.8575810689499864,True,1624,2026-01,432,0.2708333333333333,0.1889213803817628,413,0.38,0.7,0.01866813432967923,46,6,3,0,0,0.0,0.0,0.0,0.0,0.0,0.0,0.0,0.0,True,2056,2026-02,413,0.3196125907990315,0.21728652524230543,287,0.38,0.7,-0.001982391093576452,0,0,0,0,0,0.0,0.0,0.0,0.0,0.0,0.0,0.0,0.0,True,2469,2026-03,287,0.30662020905923343,0.21258064853424893,238,0.38,0.7,0.004832189570923906,0,0,0,0,0,0.0,0.0,0.0,0.0,0.0,0.0,0.0,0.0,True,2756,2026-04,238,0.23949579831932774,0.17206983104194978,370,0.38,0.7,-0.08161382049480903,0,0,0
1,趋势空头,9,1c57bccc0fec4a69,4850.081950838197,False,连续两个有机会开发月无交易|有效开发月份不足|开发交易样本不足,6,0.38,0.7,6,2.2,1.4,0.0036,288,1.1,0.15,72,0.35,2,0.035,220,5.0,38,0,0,0.0,0.0,0.0,0.0,0.0,0.0,0.0,0.0,True,668,2025-11,446,0.26681614349775784,0.19484959773582458,510,0.38,0.7,-0.010461968110394737,0,0,0,0,0,0.0,0.0,0.0,0.0,0.0,0.0,0.0,0.0,True,1114,2025-12,510,0.10588235294117647,0.09291116663350323,432,0.38,0.7,-0.0012994494949794683,0,0,0,3,2,0.6666666666666666,1.92592529537559,1.279107383901221,1.5056791318814868,3.0113582637629737,2.5727432068499594,1.2791073839012208,0.8575810689499864,True,1624,2026-01,432,0.2708333333333333,0.1889213803817628,413,0.38,0.7,0.01866813432967923,46,6,3,0,0,0.0,0.0,0.0,0.0,0.0,0.0,0.0,0.0,True,2056,2026-02,413,0.3196125907990315,0.21728652524230543,287,0.38,0.7,-0.001982391093576452,0,0,0,0,0,0.0,0.0,0.0,0.0,0.0,0.0,0.0,0.0,True,2469,2026-03,287,0.30662020905923343,0.21258064853424893,238,0.38,0.7,0.004832189570923906,0,0,0,0,0,0.0,0.0,0.0,0.0,0.0,0.0,0.0,0.0,True,2756,2026-04,238,0.23949579831932774,0.17206983104194978,370,0.38,0.7,-0.08161382049480903,0,0,0
1,趋势空头,10,bbbd1646d43489c3,4850.081950838197,False,连续两个有机会开发月无交易|有效开发月份不足|开发交易样本不足,6,0.38,0.78,1,2.2,1.4,0.0036,288,1.1,0.15,72,0.35,2,0.035,220,5.0,38,0,0,0.0,0.0,0.0,0.0,0.0,0.0,0.0,0.0,True,668,2025-11,446,0.26681614349775784,0.19484959773582458,510,0.38,0.78,-0.010461968110394737,0,0,0,0,0,0.0,0.0,0.0,0.0,0.0,0.0,0.0,0.0,True,1114,2025-12,510,0.10588235294117647,0.09291116663350323,432,0.38,0.78,-0.0012994494949794683,0,0,0,3,2,0.6666666666666666,1.92592529537559,1.279107383901221,1.5056791318814868,3.0113582637629737,2.5727432068499594,1.2791073839012208,0.8575810689499864,True,1624,2026-01,432,0.2708333333333333,0.1889213803817628,413,0.38,0.78,0.01866813432967923,46,6,3,0,0,0.0,0.0,0.0,0.0,0.0,0.0,0.0,0.0,True,2056,2026-02,413,0.3196125907990315,0.21728652524230543,287,0.38,0.78,-0.001982391093576452,0,0,0,0,0,0.0,0.0,0.0,0.0,0.0,0.0,0.0,0.0,True,2469,2026-03,287,0.30662020905923343,0.21258064853424893,238,0.38,0.78,0.004832189570923906,0,0,0,0,0,0.0,0.0,0.0,0.0,0.0,0.0,0.0,0.0,True,2756,2026-04,238,0.23949579831932774,0.17206983104194978,370,0.38,0.78,-0.08161382049480903,0,0,0
1,趋势空头,11,83c435d6114529d8,4850.081950838197,False,连续两个有机会开发月无交易|有效开发月份不足|开发交易样本不足,6,0.38,0.78,3,2.2,1.4,0.0036,288,1.1,0.15,72,0.35,2,0.035,220,5.0,38,0,0,0.0,0.0,0.0,0.0,0.0,0.0,0.0,0.0,True,668,2025-11,446,0.26681614349775784,0.19484959773582458,510,0.38,0.78,-0.010461968110394737,0,0,0,0,0,0.0,0.0,0.0,0.0,0.0,0.0,0.0,0.0,True,1114,2025-12,510,0.10588235294117647,0.09291116663350323,432,0.38,0.78,-0.0012994494949794683,0,0,0,3,2,0.6666666666666666,1.92592529537559,1.279107383901221,1.5056791318814868,3.0113582637629737,2.5727432068499594,1.2791073839012208,0.8575810689499864,True,1624,2026-01,432,0.2708333333333333,0.1889213803817628,413,0.38,0.78,0.01866813432967923,46,6,3,0,0,0.0,0.0,0.0,0.0,0.0,0.0,0.0,0.0,True,2056,2026-02,413,0.3196125907990315,0.21728652524230543,287,0.38,0.78,-0.001982391093576452,0,0,0,0,0,0.0,0.0,0.0,0.0,0.0,0.0,0.0,0.0,True,2469,2026-03,287,0.30662020905923343,0.21258064853424893,238,0.38,0.78,0.004832189570923906,0,0,0,0,0,0.0,0.0,0.0,0.0,0.0,0.0,0.0,0.0,True,2756,2026-04,238,0.23949579831932774,0.17206983104194978,370,0.38,0.78,-0.08161382049480903,0,0,0
1,趋势空头,12,a2bd6400beb17a70,4850.081950838197,False,连续两个有机会开发月无交易|有效开发月份不足|开发交易样本不足,6,0.38,0.78,6,2.2,1.4,0.0036,288,1.1,0.15,72,0.35,2,0.035,220,5.0,38,0,0,0.0,0.0,0.0,0.0,0.0,0.0,0.0,0.0,True,668,2025-11,446,0.26681614349775784,0.19484959773582458,510,0.38,0.78,-0.010461968110394737,0,0,0,0,0,0.0,0.0,0.0,0.0,0.0,0.0,0.0,0.0,True,1114,2025-12,510,0.10588235294117647,0.09291116663350323,432,0.38,0.78,-0.0012994494949794683,0,0,0,3,2,0.6666666666666666,1.92592529537559,1.279107383901221,1.5056791318814868,3.0113582637629737,2.5727432068499594,1.2791073839012208,0.8575810689499864,True,1624,2026-01,432,0.2708333333333333,0.1889213803817628,413,0.38,0.78,0.01866813432967923,46,6,3,0,0,0.0,0.0,0.0,0.0,0.0,0.0,0.0,0.0,True,2056,2026-02,413,0.3196125907990315,0.21728652524230543,287,0.38,0.78,-0.001982391093576452,0,0,0,0,0,0.0,0.0,0.0,0.0,0.0,0.0,0.0,0.0,True,2469,2026-03,287,0.30662020905923343,0.21258064853424893,238,0.38,0.78,0.004832189570923906,0,0,0,0,0,0.0,0.0,0.0,0.0,0.0,0.0,0.0,0.0,True,2756,2026-04,238,0.23949579831932774,0.17206983104194978,370,0.38,0.78,-0.08161382049480903,0,0,0
1,趋势空头,13,1092f5579d719c76,4850.081950838197,False,连续两个有机会开发月无交易|有效开发月份不足|开发交易样本不足,6,0.38,0.86,1,2.2,1.4,0.0036,288,1.1,0.15,72,0.35,2,0.035,220,5.0,38,0,0,0.0,0.0,0.0,0.0,0.0,0.0,0.0,0.0,True,668,2025-11,446,0.26681614349775784,0.19484959773582458,510,0.38,0.86,-0.010461968110394737,0,0,0,0,0,0.0,0.0,0.0,0.0,0.0,0.0,0.0,0.0,True,1114,2025-12,510,0.10588235294117647,0.09291116663350323,432,0.38,0.86,-0.0012994494949794683,0,0,0,3,2,0.6666666666666666,1.92592529537559,1.279107383901221,1.5056791318814868,3.0113582637629737,2.5727432068499594,1.2791073839012208,0.8575810689499864,True,1624,2026-01,432,0.2708333333333333,0.1889213803817628,413,0.38,0.86,0.01866813432967923,46,6,3,0,0,0.0,0.0,0.0,0.0,0.0,0.0,0.0,0.0,True,2056,2026-02,413,0.3196125907990315,0.21728652524230543,287,0.38,0.86,-0.001982391093576452,0,0,0,0,0,0.0,0.0,0.0,0.0,0.0,0.0,0.0,0.0,True,2469,2026-03,287,0.30662020905923343,0.21258064853424893,238,0.38,0.86,0.004832189570923906,0,0,0,0,0,0.0,0.0,0.0,0.0,0.0,0.0,0.0,0.0,True,2756,2026-04,238,0.23949579831932774,0.17206983104194978,370,0.38,0.86,-0.08161382049480903,0,0,0
1,趋势空头,14,ae7c811ff1da077a,4850.081950838197,False,连续两个有机会开发月无交易|有效开发月份不足|开发交易样本不足,6,0.38,0.86,3,2.2,1.4,0.0036,288,1.1,0.15,72,0.35,2,0.035,220,5.0,38,0,0,0.0,0.0,0.0,0.0,0.0,0.0,0.0,0.0,True,668,2025-11,446,0.26681614349775784,0.19484959773582458,510,0.38,0.86,-0.010461968110394737,0,0,0,0,0,0.0,0.0,0.0,0.0,0.0,0.0,0.0,0.0,True,1114,2025-12,510,0.10588235294117647,0.09291116663350323,432,0.38,0.86,-0.0012994494949794683,0,0,0,3,2,0.6666666666666666,1.92592529537559,1.279107383901221,1.5056791318814868,3.0113582637629737,2.5727432068499594,1.2791073839012208,0.8575810689499864,True,1624,2026-01,432,0.2708333333333333,0.1889213803817628,413,0.38,0.86,0.01866813432967923,46,6,3,0,0,0.0,0.0,0.0,0.0,0.0,0.0,0.0,0.0,True,2056,2026-02,413,0.3196125907990315,0.21728652524230543,287,0.38,0.86,-0.001982391093576452,0,0,0,0,0,0.0,0.0,0.0,0.0,0.0,0.0,0.0,0.0,True,2469,2026-03,287,0.30662020905923343,0.21258064853424893,238,0.38,0.86,0.004832189570923906,0,0,0,0,0,0.0,0.0,0.0,0.0,0.0,0.0,0.0,0.0,True,2756,2026-04,238,0.23949579831932774,0.17206983104194978,370,0.38,0.86,-0.08161382049480903,0,0,0
1,趋势空头,15,94ae414e73052cfe,4850.081950838197,False,连续两个有机会开发月无交易|有效开发月份不足|开发交易样本不足,6,0.38,0.86,6,2.2,1.4,0.0036,288,1.1,0.15,72,0.35,2,0.035,220,5.0,38,0,0,0.0,0.0,0.0,0.0,0.0,0.0,0.0,0.0,True,668,2025-11,446,0.26681614349775784,0.19484959773582458,510,0.38,0.86,-0.010461968110394737,0,0,0,0,0,0.0,0.0,0.0,0.0,0.0,0.0,0.0,0.0,True,1114,2025-12,510,0.10588235294117647,0.09291116663350323,432,0.38,0.86,-0.0012994494949794683,0,0,0,3,2,0.6666666666666666,1.92592529537559,1.279107383901221,1.5056791318814868,3.0113582637629737,2.5727432068499594,1.2791073839012208,0.8575810689499864,True,1624,2026-01,432,0.2708333333333333,0.1889213803817628,413,0.38,0.86,0.01866813432967923,46,6,3,0,0,0.0,0.0,0.0,0.0,0.0,0.0,0.0,0.0,True,2056,2026-02,413,0.3196125907990315,0.21728652524230543,287,0.38,0.86,-0.001982391093576452,0,0,0,0,0,0.0,0.0,0.0,0.0,0.0,0.0,0.0,0.0,True,2469,2026-03,287,0.30662020905923343,0.21258064853424893,238,0.38,0.86,0.004832189570923906,0,0,0,0,0,0.0,0.0,0.0,0.0,0.0,0.0,0.0,0.0,True,2756,2026-04,238,0.23949579831932774,0.17206983104194978,370,0.38,0.86,-0.08161382049480903,0,0,0
1,趋势空头,16,9a8f65d6824f00e4,4056.156588046596,False,连续两个有机会开发月无交易|有效开发月份不足|开发交易样本不足,8,0.38,0.7,1,2.2,1.4,0.0036,288,1.1,0.15,72,0.35,2,0.035,220,5.0,38,0,0,0.0,0.0,0.0,0.0,0.0,0.0,0.0,0.0,True,668,2025-11,446,0.26681614349775784,0.19484959773582458,510,0.38,0.7,-0.010461968110394737,0,0,0,0,0,0.0,0.0,0.0,0.0,0.0,0.0,0.0,0.0,True,1114,2025-12,510,0.10588235294117647,0.09291116663350323,432,0.38,0.7,-0.0012994494949794683,0,0,0,4,2,0.5,1.92592529537559,0.7038185028263937,2.736394805822042,2.736394805822042,2.4442135850983933,1.407637005652787,0.6110533962745983,True,1624,2026-01,432,0.2708333333333333,0.1889213803817628,413,0.38,0.7,0.01866813432967923,46,8,4,0,0,0.0,0.0,0.0,0.0,0.0,0.0,0.0,0.0,True,2056,2026-02,413,0.3196125907990315,0.21728652524230543,287,0.38,0.7,-0.001982391093576452,0,0,0,0,0,0.0,0.0,0.0,0.0,0.0,0.0,0.0,0.0,True,2469,2026-03,287,0.30662020905923343,0.21258064853424893,238,0.38,0.7,0.004832189570923906,0,0,0,0,0,0.0,0.0,0.0,0.0,0.0,0.0,0.0,0.0,True,2756,2026-04,238,0.23949579831932774,0.17206983104194978,370,0.38,0.7,-0.08161382049480903,0,0,0
1,趋势空头,17,fc6d8dceaf65d1c2,4056.156588046596,False,连续两个有机会开发月无交易|有效开发月份不足|开发交易样本不足,8,0.38,0.7,3,2.2,1.4,0.0036,288,1.1,0.15,72,0.35,2,0.035,220,5.0,38,0,0,0.0,0.0,0.0,0.0,0.0,0.0,0.0,0.0,True,668,2025-11,446,0.26681614349775784,0.19484959773582458,510,0.38,0.7,-0.010461968110394737,0,0,0,0,0,0.0,0.0,0.0,0.0,0.0,0.0,0.0,0.0,True,1114,2025-12,510,0.10588235294117647,0.09291116663350323,432,0.38,0.7,-0.0012994494949794683,0,0,0,4,2,0.5,1.92592529537559,0.7038185028263937,2.736394805822042,2.736394805822042,2.4442135850983933,1.407637005652787,0.6110533962745983,True,1624,2026-01,432,0.2708333333333333,0.1889213803817628,413,0.38,0.7,0.01866813432967923,46,8,4,0,0,0.0,0.0,0.0,0.0,0.0,0.0,0.0,0.0,True,2056,2026-02,413,0.3196125907990315,0.21728652524230543,287,0.38,0.7,-0.001982391093576452,0,0,0,0,0,0.0,0.0,0.0,0.0,0.0,0.0,0.0,0.0,True,2469,2026-03,287,0.30662020905923343,0.21258064853424893,238,0.38,0.7,0.004832189570923906,0,0,0,0,0,0.0,0.0,0.0,0.0,0.0,0.0,0.0,0.0,True,2756,2026-04,238,0.23949579831932774,0.17206983104194978,370,0.38,0.7,-0.08161382049480903,0,0,0
1,趋势空头,18,f8f814a8c0ee1ea1,4056.156588046596,False,连续两个有机会开发月无交易|有效开发月份不足|开发交易样本不足,8,0.38,0.78,1,2.2,1.4,0.0036,288,1.1,0.15,72,0.35,2,0.035,220,5.0,38,0,0,0.0,0.0,0.0,0.0,0.0,0.0,0.0,0.0,True,668,2025-11,446,0.26681614349775784,0.19484959773582458,510,0.38,0.78,-0.010461968110394737,0,0,0,0,0,0.0,0.0,0.0,0.0,0.0,0.0,0.0,0.0,True,1114,2025-12,510,0.10588235294117647,0.09291116663350323,432,0.38,0.78,-0.0012994494949794683,0,0,0,4,2,0.5,1.92592529537559,0.7038185028263937,2.736394805822042,2.736394805822042,2.4442135850983933,1.407637005652787,0.6110533962745983,True,1624,2026-01,432,0.2708333333333333,0.1889213803817628,413,0.38,0.78,0.01866813432967923,46,8,4,0,0,0.0,0.0,0.0,0.0,0.0,0.0,0.0,0.0,True,2056,2026-02,413,0.3196125907990315,0.21728652524230543,287,0.38,0.78,-0.001982391093576452,0,0,0,0,0,0.0,0.0,0.0,0.0,0.0,0.0,0.0,0.0,True,2469,2026-03,287,0.30662020905923343,0.21258064853424893,238,0.38,0.78,0.004832189570923906,0,0,0,0,0,0.0,0.0,0.0,0.0,0.0,0.0,0.0,0.0,True,2756,2026-04,238,0.23949579831932774,0.17206983104194978,370,0.38,0.78,-0.08161382049480903,0,0,0
1,趋势空头,19,10bcac73675dbdbe,4056.156588046596,False,连续两个有机会开发月无交易|有效开发月份不足|开发交易样本不足,8,0.38,0.78,3,2.2,1.4,0.0036,288,1.1,0.15,72,0.35,2,0.035,220,5.0,38,0,0,0.0,0.0,0.0,0.0,0.0,0.0,0.0,0.0,True,668,2025-11,446,0.26681614349775784,0.19484959773582458,510,0.38,0.78,-0.010461968110394737,0,0,0,0,0,0.0,0.0,0.0,0.0,0.0,0.0,0.0,0.0,True,1114,2025-12,510,0.10588235294117647,0.09291116663350323,432,0.38,0.78,-0.0012994494949794683,0,0,0,4,2,0.5,1.92592529537559,0.7038185028263937,2.736394805822042,2.736394805822042,2.4442135850983933,1.407637005652787,0.6110533962745983,True,1624,2026-01,432,0.2708333333333333,0.1889213803817628,413,0.38,0.78,0.01866813432967923,46,8,4,0,0,0.0,0.0,0.0,0.0,0.0,0.0,0.0,0.0,True,2056,2026-02,413,0.3196125907990315,0.21728652524230543,287,0.38,0.78,-0.001982391093576452,0,0,0,0,0,0.0,0.0,0.0,0.0,0.0,0.0,0.0,0.0,True,2469,2026-03,287,0.30662020905923343,0.21258064853424893,238,0.38,0.78,0.004832189570923906,0,0,0,0,0,0.0,0.0,0.0,0.0,0.0,0.0,0.0,0.0,True,2756,2026-04,238,0.23949579831932774,0.17206983104194978,370,0.38,0.78,-0.08161382049480903,0,0,0
1,趋势空头,20,f0557539225747b8,4056.156588046596,False,连续两个有机会开发月无交易|有效开发月份不足|开发交易样本不足,8,0.38,0.86,1,2.2,1.4,0.0036,288,1.1,0.15,72,0.35,2,0.035,220,5.0,38,0,0,0.0,0.0,0.0,0.0,0.0,0.0,0.0,0.0,True,668,2025-11,446,0.26681614349775784,0.19484959773582458,510,0.38,0.86,-0.010461968110394737,0,0,0,0,0,0.0,0.0,0.0,0.0,0.0,0.0,0.0,0.0,True,1114,2025-12,510,0.10588235294117647,0.09291116663350323,432,0.38,0.86,-0.0012994494949794683,0,0,0,4,2,0.5,1.92592529537559,0.7038185028263937,2.736394805822042,2.736394805822042,2.4442135850983933,1.407637005652787,0.6110533962745983,True,1624,2026-01,432,0.2708333333333333,0.1889213803817628,413,0.38,0.86,0.01866813432967923,46,8,4,0,0,0.0,0.0,0.0,0.0,0.0,0.0,0.0,0.0,True,2056,2026-02,413,0.3196125907990315,0.21728652524230543,287,0.38,0.86,-0.001982391093576452,0,0,0,0,0,0.0,0.0,0.0,0.0,0.0,0.0,0.0,0.0,True,2469,2026-03,287,0.30662020905923343,0.21258064853424893,238,0.38,0.86,0.004832189570923906,0,0,0,0,0,0.0,0.0,0.0,0.0,0.0,0.0,0.0,0.0,True,2756,2026-04,238,0.23949579831932774,0.17206983104194978,370,0.38,0.86,-0.08161382049480903,0,0,0
1,趋势空头,21,c34a5dc67a5906b1,4056.156588046596,False,连续两个有机会开发月无交易|有效开发月份不足|开发交易样本不足,8,0.38,0.86,3,2.2,1.4,0.0036,288,1.1,0.15,72,0.35,2,0.035,220,5.0,38,0,0,0.0,0.0,0.0,0.0,0.0,0.0,0.0,0.0,True,668,2025-11,446,0.26681614349775784,0.19484959773582458,510,0.38,0.86,-0.010461968110394737,0,0,0,0,0,0.0,0.0,0.0,0.0,0.0,0.0,0.0,0.0,True,1114,2025-12,510,0.10588235294117647,0.09291116663350323,432,0.38,0.86,-0.0012994494949794683,0,0,0,4,2,0.5,1.92592529537559,0.7038185028263937,2.736394805822042,2.736394805822042,2.4442135850983933,1.407637005652787,0.6110533962745983,True,1624,2026-01,432,0.2708333333333333,0.1889213803817628,413,0.38,0.86,0.01866813432967923,46,8,4,0,0,0.0,0.0,0.0,0.0,0.0,0.0,0.0,0.0,True,2056,2026-02,413,0.3196125907990315,0.21728652524230543,287,0.38,0.86,-0.001982391093576452,0,0,0,0,0,0.0,0.0,0.0,0.0,0.0,0.0,0.0,0.0,True,2469,2026-03,287,0.30662020905923343,0.21258064853424893,238,0.38,0.86,0.004832189570923906,0,0,0,0,0,0.0,0.0,0.0,0.0,0.0,0.0,0.0,0.0,True,2756,2026-04,238,0.23949579831932774,0.17206983104194978,370,0.38,0.86,-0.08161382049480903,0,0,0
1,趋势空头,22,8c41e6268b5703d8,4056.1529500375555,False,连续两个有机会开发月无交易|有效开发月份不足|开发交易样本不足,8,0.38,0.7,6,2.2,1.4,0.0036,288,1.1,0.15,72,0.35,2,0.035,220,5.0,38,0,0,0.0,0.0,0.0,0.0,0.0,0.0,0.0,0.0,True,668,2025-11,446,0.26681614349775784,0.19484959773582458,510,0.38,0.7,-0.010461968110394737,0,0,0,0,0,0.0,0.0,0.0,0.0,0.0,0.0,0.0,0.0,True,1114,2025-12,510,0.10588235294117647,0.09291116663350323,432,0.38,0.7,-0.0012994494949794683,0,0,0,4,2,0.5,1.92592529537559,0.7038193350964882,2.7363915700206793,2.7363915700206793,2.444211920558204,1.4076386701929762,0.611052980139551,True,1624,2026-01,432,0.2708333333333333,0.1889213803817628,413,0.38,0.7,0.01866813432967923,46,8,4,0,0,0.0,0.0,0.0,0.0,0.0,0.0,0.0,0.0,True,2056,2026-02,413,0.3196125907990315,0.21728652524230543,287,0.38,0.7,-0.001982391093576452,0,0,0,0,0,0.0,0.0,0.0,0.0,0.0,0.0,0.0,0.0,True,2469,2026-03,287,0.30662020905923343,0.21258064853424893,238,0.38,0.7,0.004832189570923906,0,0,0,0,0,0.0,0.0,0.0,0.0,0.0,0.0,0.0,0.0,True,2756,2026-04,238,0.23949579831932774,0.17206983104194978,370,0.38,0.7,-0.08161382049480903,0,0,0
1,趋势空头,23,7de2bc08b5f9f8aa,4056.1529500375555,False,连续两个有机会开发月无交易|有效开发月份不足|开发交易样本不足,8,0.38,0.78,6,2.2,1.4,0.0036,288,1.1,0.15,72,0.35,2,0.035,220,5.0,38,0,0,0.0,0.0,0.0,0.0,0.0,0.0,0.0,0.0,True,668,2025-11,446,0.26681614349775784,0.19484959773582458,510,0.38,0.78,-0.010461968110394737,0,0,0,0,0,0.0,0.0,0.0,0.0,0.0,0.0,0.0,0.0,True,1114,2025-12,510,0.10588235294117647,0.09291116663350323,432,0.38,0.78,-0.0012994494949794683,0,0,0,4,2,0.5,1.92592529537559,0.7038193350964882,2.7363915700206793,2.7363915700206793,2.444211920558204,1.4076386701929762,0.611052980139551,True,1624,2026-01,432,0.2708333333333333,0.1889213803817628,413,0.38,0.78,0.01866813432967923,46,8,4,0,0,0.0,0.0,0.0,0.0,0.0,0.0,0.0,0.0,True,2056,2026-02,413,0.3196125907990315,0.21728652524230543,287,0.38,0.78,-0.001982391093576452,0,0,0,0,0,0.0,0.0,0.0,0.0,0.0,0.0,0.0,0.0,True,2469,2026-03,287,0.30662020905923343,0.21258064853424893,238,0.38,0.78,0.004832189570923906,0,0,0,0,0,0.0,0.0,0.0,0.0,0.0,0.0,0.0,0.0,True,2756,2026-04,238,0.23949579831932774,0.17206983104194978,370,0.38,0.78,-0.08161382049480903,0,0,0
1,趋势空头,24,e35d165f09001cd9,4056.1529500375555,False,连续两个有机会开发月无交易|有效开发月份不足|开发交易样本不足,8,0.38,0.86,6,2.2,1.4,0.0036,288,1.1,0.15,72,0.35,2,0.035,220,5.0,38,0,0,0.0,0.0,0.0,0.0,0.0,0.0,0.0,0.0,True,668,2025-11,446,0.26681614349775784,0.19484959773582458,510,0.38,0.86,-0.010461968110394737,0,0,0,0,0,0.0,0.0,0.0,0.0,0.0,0.0,0.0,0.0,True,1114,2025-12,510,0.10588235294117647,0.09291116663350323,432,0.38,0.86,-0.0012994494949794683,0,0,0,4,2,0.5,1.92592529537559,0.7038193350964882,2.7363915700206793,2.7363915700206793,2.444211920558204,1.4076386701929762,0.611052980139551,True,1624,2026-01,432,0.2708333333333333,0.1889213803817628,413,0.38,0.86,0.01866813432967923,46,8,4,0,0,0.0,0.0,0.0,0.0,0.0,0.0,0.0,0.0,True,2056,2026-02,413,0.3196125907990315,0.21728652524230543,287,0.38,0.86,-0.001982391093576452,0,0,0,0,0,0.0,0.0,0.0,0.0,0.0,0.0,0.0,0.0,True,2469,2026-03,287,0.30662020905923343,0.21258064853424893,238,0.38,0.86,0.004832189570923906,0,0,0,0,0,0.0,0.0,0.0,0.0,0.0,0.0,0.0,0.0,True,2756,2026-04,238,0.23949579831932774,0.17206983104194978,370,0.38,0.86,-0.08161382049480903,0,0,0
1,趋势空头,25,5747b3f42aa45972,4028.156588046596,False,连续两个有机会开发月无交易|有效开发月份不足|开发交易样本不足,10,0.38,0.7,1,2.2,1.4,0.0036,288,1.1,0.15,72,0.35,2,0.035,220,5.0,38,0,0,0.0,0.0,0.0,0.0,0.0,0.0,0.0,0.0,True,668,2025-11,446,0.26681614349775784,0.19484959773582458,510,0.38,0.7,-0.010461968110394737,0,0,0,0,0,0.0,0.0,0.0,0.0,0.0,0.0,0.0,0.0,True,1114,2025-12,510,0.10588235294117647,0.09291116663350323,432,0.38,0.7,-0.0012994494949794683,0,0,0,4,2,0.5,1.92592529537559,0.7038185028263937,2.736394805822042,2.736394805822042,2.4442135850983933,1.407637005652787,0.6110533962745983,True,1624,2026-01,432,0.2708333333333333,0.1889213803817628,413,0.38,0.7,0.01866813432967923,46,10,4,0,0,0.0,0.0,0.0,0.0,0.0,0.0,0.0,0.0,True,2056,2026-02,413,0.3196125907990315,0.21728652524230543,287,0.38,0.7,-0.001982391093576452,0,0,0,0,0,0.0,0.0,0.0,0.0,0.0,0.0,0.0,0.0,True,2469,2026-03,287,0.30662020905923343,0.21258064853424893,238,0.38,0.7,0.004832189570923906,0,0,0,0,0,0.0,0.0,0.0,0.0,0.0,0.0,0.0,0.0,True,2756,2026-04,238,0.23949579831932774,0.17206983104194978,370,0.38,0.7,-0.08161382049480903,0,0,0
1,趋势空头,26,5cf4cfd337e6d96d,4028.156588046596,False,连续两个有机会开发月无交易|有效开发月份不足|开发交易样本不足,10,0.38,0.7,3,2.2,1.4,0.0036,288,1.1,0.15,72,0.35,2,0.035,220,5.0,38,0,0,0.0,0.0,0.0,0.0,0.0,0.0,0.0,0.0,True,668,2025-11,446,0.26681614349775784,0.19484959773582458,510,0.38,0.7,-0.010461968110394737,0,0,0,0,0,0.0,0.0,0.0,0.0,0.0,0.0,0.0,0.0,True,1114,2025-12,510,0.10588235294117647,0.09291116663350323,432,0.38,0.7,-0.0012994494949794683,0,0,0,4,2,0.5,1.92592529537559,0.7038185028263937,2.736394805822042,2.736394805822042,2.4442135850983933,1.407637005652787,0.6110533962745983,True,1624,2026-01,432,0.2708333333333333,0.1889213803817628,413,0.38,0.7,0.01866813432967923,46,10,4,0,0,0.0,0.0,0.0,0.0,0.0,0.0,0.0,0.0,True,2056,2026-02,413,0.3196125907990315,0.21728652524230543,287,0.38,0.7,-0.001982391093576452,0,0,0,0,0,0.0,0.0,0.0,0.0,0.0,0.0,0.0,0.0,True,2469,2026-03,287,0.30662020905923343,0.21258064853424893,238,0.38,0.7,0.004832189570923906,0,0,0,0,0,0.0,0.0,0.0,0.0,0.0,0.0,0.0,0.0,True,2756,2026-04,238,0.23949579831932774,0.17206983104194978,370,0.38,0.7,-0.08161382049480903,0,0,0
1,趋势空头,27,23c0df0c31a6aace,4028.156588046596,False,连续两个有机会开发月无交易|有效开发月份不足|开发交易样本不足,10,0.38,0.78,1,2.2,1.4,0.0036,288,1.1,0.15,72,0.35,2,0.035,220,5.0,38,0,0,0.0,0.0,0.0,0.0,0.0,0.0,0.0,0.0,True,668,2025-11,446,0.26681614349775784,0.19484959773582458,510,0.38,0.78,-0.010461968110394737,0,0,0,0,0,0.0,0.0,0.0,0.0,0.0,0.0,0.0,0.0,True,1114,2025-12,510,0.10588235294117647,0.09291116663350323,432,0.38,0.78,-0.0012994494949794683,0,0,0,4,2,0.5,1.92592529537559,0.7038185028263937,2.736394805822042,2.736394805822042,2.4442135850983933,1.407637005652787,0.6110533962745983,True,1624,2026-01,432,0.2708333333333333,0.1889213803817628,413,0.38,0.78,0.01866813432967923,46,10,4,0,0,0.0,0.0,0.0,0.0,0.0,0.0,0.0,0.0,True,2056,2026-02,413,0.3196125907990315,0.21728652524230543,287,0.38,0.78,-0.001982391093576452,0,0,0,0,0,0.0,0.0,0.0,0.0,0.0,0.0,0.0,0.0,True,2469,2026-03,287,0.30662020905923343,0.21258064853424893,238,0.38,0.78,0.004832189570923906,0,0,0,0,0,0.0,0.0,0.0,0.0,0.0,0.0,0.0,0.0,True,2756,2026-04,238,0.23949579831932774,0.17206983104194978,370,0.38,0.78,-0.08161382049480903,0,0,0
1,趋势空头,28,d690ec445c470c4e,4028.156588046596,False,连续两个有机会开发月无交易|有效开发月份不足|开发交易样本不足,10,0.38,0.78,3,2.2,1.4,0.0036,288,1.1,0.15,72,0.35,2,0.035,220,5.0,38,0,0,0.0,0.0,0.0,0.0,0.0,0.0,0.0,0.0,True,668,2025-11,446,0.26681614349775784,0.19484959773582458,510,0.38,0.78,-0.010461968110394737,0,0,0,0,0,0.0,0.0,0.0,0.0,0.0,0.0,0.0,0.0,True,1114,2025-12,510,0.10588235294117647,0.09291116663350323,432,0.38,0.78,-0.0012994494949794683,0,0,0,4,2,0.5,1.92592529537559,0.7038185028263937,2.736394805822042,2.736394805822042,2.4442135850983933,1.407637005652787,0.6110533962745983,True,1624,2026-01,432,0.2708333333333333,0.1889213803817628,413,0.38,0.78,0.01866813432967923,46,10,4,0,0,0.0,0.0,0.0,0.0,0.0,0.0,0.0,0.0,True,2056,2026-02,413,0.3196125907990315,0.21728652524230543,287,0.38,0.78,-0.001982391093576452,0,0,0,0,0,0.0,0.0,0.0,0.0,0.0,0.0,0.0,0.0,True,2469,2026-03,287,0.30662020905923343,0.21258064853424893,238,0.38,0.78,0.004832189570923906,0,0,0,0,0,0.0,0.0,0.0,0.0,0.0,0.0,0.0,0.0,True,2756,2026-04,238,0.23949579831932774,0.17206983104194978,370,0.38,0.78,-0.08161382049480903,0,0,0
1,趋势空头,29,2631c00d49b307bd,4028.156588046596,False,连续两个有机会开发月无交易|有效开发月份不足|开发交易样本不足,10,0.38,0.86,1,2.2,1.4,0.0036,288,1.1,0.15,72,0.35,2,0.035,220,5.0,38,0,0,0.0,0.0,0.0,0.0,0.0,0.0,0.0,0.0,True,668,2025-11,446,0.26681614349775784,0.19484959773582458,510,0.38,0.86,-0.010461968110394737,0,0,0,0,0,0.0,0.0,0.0,0.0,0.0,0.0,0.0,0.0,True,1114,2025-12,510,0.10588235294117647,0.09291116663350323,432,0.38,0.86,-0.0012994494949794683,0,0,0,4,2,0.5,1.92592529537559,0.7038185028263937,2.736394805822042,2.736394805822042,2.4442135850983933,1.407637005652787,0.6110533962745983,True,1624,2026-01,432,0.2708333333333333,0.1889213803817628,413,0.38,0.86,0.01866813432967923,46,10,4,0,0,0.0,0.0,0.0,0.0,0.0,0.0,0.0,0.0,True,2056,2026-02,413,0.3196125907990315,0.21728652524230543,287,0.38,0.86,-0.001982391093576452,0,0,0,0,0,0.0,0.0,0.0,0.0,0.0,0.0,0.0,0.0,True,2469,2026-03,287,0.30662020905923343,0.21258064853424893,238,0.38,0.86,0.004832189570923906,0,0,0,0,0,0.0,0.0,0.0,0.0,0.0,0.0,0.0,0.0,True,2756,2026-04,238,0.23949579831932774,0.17206983104194978,370,0.38,0.86,-0.08161382049480903,0,0,0
1,趋势空头,30,c1b7a128cae03614,4028.156588046596,False,连续两个有机会开发月无交易|有效开发月份不足|开发交易样本不足,10,0.38,0.86,3,2.2,1.4,0.0036,288,1.1,0.15,72,0.35,2,0.035,220,5.0,38,0,0,0.0,0.0,0.0,0.0,0.0,0.0,0.0,0.0,True,668,2025-11,446,0.26681614349775784,0.19484959773582458,510,0.38,0.86,-0.010461968110394737,0,0,0,0,0,0.0,0.0,0.0,0.0,0.0,0.0,0.0,0.0,True,1114,2025-12,510,0.10588235294117647,0.09291116663350323,432,0.38,0.86,-0.0012994494949794683,0,0,0,4,2,0.5,1.92592529537559,0.7038185028263937,2.736394805822042,2.736394805822042,2.4442135850983933,1.407637005652787,0.6110533962745983,True,1624,2026-01,432,0.2708333333333333,0.1889213803817628,413,0.38,0.86,0.01866813432967923,46,10,4,0,0,0.0,0.0,0.0,0.0,0.0,0.0,0.0,0.0,True,2056,2026-02,413,0.3196125907990315,0.21728652524230543,287,0.38,0.86,-0.001982391093576452,0,0,0,0,0,0.0,0.0,0.0,0.0,0.0,0.0,0.0,0.0,True,2469,2026-03,287,0.30662020905923343,0.21258064853424893,238,0.38,0.86,0.004832189570923906,0,0,0,0,0,0.0,0.0,0.0,0.0,0.0,0.0,0.0,0.0,True,2756,2026-04,238,0.23949579831932774,0.17206983104194978,370,0.38,0.86,-0.08161382049480903,0,0,0
2,震荡多头反转,1,4fc73ef7fc8d2428,6567.342197065254,False,连续两个有机会开发月无交易|有效开发月份不足|开发交易样本不足,6,0.38,0.82,2,1.8,1.05,0.003,144,0.85,0.08,42,0.32,3,0.025,260,8.0,42,0,0,0.0,0.0,0.0,0.0,0.0,0.0,0.0,0.0,True,103,2025-11,62,0.27419354838709675,0.19659195999337012,63,0.38,0.82,-0.008791246256820928,0,0,0,0,0,0.0,0.0,0.0,0.0,0.0,0.0,0.0,0.0,True,165,2025-12,63,0.19047619047619047,0.15193271210703058,54,0.38,0.82,-0.004098423334983198,0,0,0,0,0,0.0,0.0,0.0,0.0,0.0,0.0,0.0,0.0,True,228,2026-01,54,0.1111111111111111,0.09865887245732129,81,0.38,0.82,0.0012379110750819072,0,0,0,0,0,0.0,0.0,0.0,0.0,0.0,0.0,0.0,0.0,True,282,2026-02,81,0.12345679012345678,0.10819779560748398,103,0.38,0.82,0.0004454397378207686,0,0,0,0,0,0.0,0.0,0.0,0.0,0.0,0.0,0.0,0.0,True,363,2026-03,103,0.20388349514563106,0.15896905400171307,53,0.38,0.82,-0.0021705352182386783,0,0,0,4,3,0.75,1.4649220878920657,0.2542054710664499,5.762748070473792,17.288244211421375,4.140560792609747,0.2542054710664501,1.0351401981524369,True,466,2026-04,53,0.4339622641509434,0.24495569404569897,90,0.38,0.82,0.0021251721344551777,19,6,4
2,震荡多头反转,2,c764e6133244f680,6567.342197065254,False,连续两个有机会开发月无交易|有效开发月份不足|开发交易样本不足,6,0.38,0.82,5,1.8,1.05,0.003,144,0.85,0.08,42,0.32,3,0.025,260,8.0,42,0,0,0.0,0.0,0.0,0.0,0.0,0.0,0.0,0.0,True,103,2025-11,62,0.27419354838709675,0.19659195999337012,63,0.38,0.82,-0.008791246256820928,0,0,0,0,0,0.0,0.0,0.0,0.0,0.0,0.0,0.0,0.0,True,165,2025-12,63,0.19047619047619047,0.15193271210703058,54,0.38,0.82,-0.004098423334983198,0,0,0,0,0,0.0,0.0,0.0,0.0,0.0,0.0,0.0,0.0,True,228,2026-01,54,0.1111111111111111,0.09865887245732129,81,0.38,0.82,0.0012379110750819072,0,0,0,0,0,0.0,0.0,0.0,0.0,0.0,0.0,0.0,0.0,True,282,2026-02,81,0.12345679012345678,0.10819779560748398,103,0.38,0.82,0.0004454397378207686,0,0,0,0,0,0.0,0.0,0.0,0.0,0.0,0.0,0.0,0.0,True,363,2026-03,103,0.20388349514563106,0.15896905400171307,53,0.38,0.82,-0.0021705352182386783,0,0,0,4,3,0.75,1.4649220878920657,0.2542054710664499,5.762748070473792,17.288244211421375,4.140560792609747,0.2542054710664501,1.0351401981524369,True,466,2026-04,53,0.4339622641509434,0.24495569404569897,90,0.38,0.82,0.0021251721344551777,19,6,4
2,震荡多头反转,3,cce36ebf6097fc19,6567.342197065254,False,连续两个有机会开发月无交易|有效开发月份不足|开发交易样本不足,6,0.38,0.82,8,1.8,1.05,0.003,144,0.85,0.08,42,0.32,3,0.025,260,8.0,42,0,0,0.0,0.0,0.0,0.0,0.0,0.0,0.0,0.0,True,103,2025-11,62,0.27419354838709675,0.19659195999337012,63,0.38,0.82,-0.008791246256820928,0,0,0,0,0,0.0,0.0,0.0,0.0,0.0,0.0,0.0,0.0,True,165,2025-12,63,0.19047619047619047,0.15193271210703058,54,0.38,0.82,-0.004098423334983198,0,0,0,0,0,0.0,0.0,0.0,0.0,0.0,0.0,0.0,0.0,True,228,2026-01,54,0.1111111111111111,0.09865887245732129,81,0.38,0.82,0.0012379110750819072,0,0,0,0,0,0.0,0.0,0.0,0.0,0.0,0.0,0.0,0.0,True,282,2026-02,81,0.12345679012345678,0.10819779560748398,103,0.38,0.82,0.0004454397378207686,0,0,0,0,0,0.0,0.0,0.0,0.0,0.0,0.0,0.0,0.0,True,363,2026-03,103,0.20388349514563106,0.15896905400171307,53,0.38,0.82,-0.0021705352182386783,0,0,0,4,3,0.75,1.4649220878920657,0.2542054710664499,5.762748070473792,17.288244211421375,4.140560792609747,0.2542054710664501,1.0351401981524369,True,466,2026-04,53,0.4339622641509434,0.24495569404569897,90,0.38,0.82,0.0021251721344551777,19,6,4
2,震荡多头反转,4,983ccf078363aedb,6567.342197065254,False,连续两个有机会开发月无交易|有效开发月份不足|开发交易样本不足,6,0.42,0.82,2,1.8,1.05,0.003,144,0.85,0.08,42,0.32,3,0.025,260,8.0,42,0,0,0.0,0.0,0.0,0.0,0.0,0.0,0.0,0.0,True,103,2025-11,62,0.27419354838709675,0.19659195999337012,63,0.42,0.82,-0.008791246256820928,0,0,0,0,0,0.0,0.0,0.0,0.0,0.0,0.0,0.0,0.0,True,165,2025-12,63,0.19047619047619047,0.15193271210703058,54,0.42,0.82,-0.004098423334983198,0,0,0,0,0,0.0,0.0,0.0,0.0,0.0,0.0,0.0,0.0,True,228,2026-01,54,0.1111111111111111,0.09865887245732129,81,0.42,0.82,0.0012379110750819072,0,0,0,0,0,0.0,0.0,0.0,0.0,0.0,0.0,0.0,0.0,True,282,2026-02,81,0.12345679012345678,0.10819779560748398,103,0.42,0.82,0.0004454397378207686,0,0,0,0,0,0.0,0.0,0.0,0.0,0.0,0.0,0.0,0.0,True,363,2026-03,103,0.20388349514563106,0.15896905400171307,53,0.42,0.82,-0.0021705352182386783,0,0,0,4,3,0.75,1.4649220878920657,0.2542054710664499,5.762748070473792,17.288244211421375,4.140560792609747,0.2542054710664501,1.0351401981524369,True,466,2026-04,53,0.4339622641509434,0.24495569404569897,90,0.42,0.82,0.0021251721344551777,19,6,4
2,震荡多头反转,5,ce1450114e45a1c5,6567.342197065254,False,连续两个有机会开发月无交易|有效开发月份不足|开发交易样本不足,6,0.42,0.82,5,1.8,1.05,0.003,144,0.85,0.08,42,0.32,3,0.025,260,8.0,42,0,0,0.0,0.0,0.0,0.0,0.0,0.0,0.0,0.0,True,103,2025-11,62,0.27419354838709675,0.19659195999337012,63,0.42,0.82,-0.008791246256820928,0,0,0,0,0,0.0,0.0,0.0,0.0,0.0,0.0,0.0,0.0,True,165,2025-12,63,0.19047619047619047,0.15193271210703058,54,0.42,0.82,-0.004098423334983198,0,0,0,0,0,0.0,0.0,0.0,0.0,0.0,0.0,0.0,0.0,True,228,2026-01,54,0.1111111111111111,0.09865887245732129,81,0.42,0.82,0.0012379110750819072,0,0,0,0,0,0.0,0.0,0.0,0.0,0.0,0.0,0.0,0.0,True,282,2026-02,81,0.12345679012345678,0.10819779560748398,103,0.42,0.82,0.0004454397378207686,0,0,0,0,0,0.0,0.0,0.0,0.0,0.0,0.0,0.0,0.0,True,363,2026-03,103,0.20388349514563106,0.15896905400171307,53,0.42,0.82,-0.0021705352182386783,0,0,0,4,3,0.75,1.4649220878920657,0.2542054710664499,5.762748070473792,17.288244211421375,4.140560792609747,0.2542054710664501,1.0351401981524369,True,466,2026-04,53,0.4339622641509434,0.24495569404569897,90,0.42,0.82,0.0021251721344551777,19,6,4
2,震荡多头反转,6,3344420627340c2f,6567.342197065254,False,连续两个有机会开发月无交易|有效开发月份不足|开发交易样本不足,6,0.42,0.82,8,1.8,1.05,0.003,144,0.85,0.08,42,0.32,3,0.025,260,8.0,42,0,0,0.0,0.0,0.0,0.0,0.0,0.0,0.0,0.0,True,103,2025-11,62,0.27419354838709675,0.19659195999337012,63,0.42,0.82,-0.008791246256820928,0,0,0,0,0,0.0,0.0,0.0,0.0,0.0,0.0,0.0,0.0,True,165,2025-12,63,0.19047619047619047,0.15193271210703058,54,0.42,0.82,-0.004098423334983198,0,0,0,0,0,0.0,0.0,0.0,0.0,0.0,0.0,0.0,0.0,True,228,2026-01,54,0.1111111111111111,0.09865887245732129,81,0.42,0.82,0.0012379110750819072,0,0,0,0,0,0.0,0.0,0.0,0.0,0.0,0.0,0.0,0.0,True,282,2026-02,81,0.12345679012345678,0.10819779560748398,103,0.42,0.82,0.0004454397378207686,0,0,0,0,0,0.0,0.0,0.0,0.0,0.0,0.0,0.0,0.0,True,363,2026-03,103,0.20388349514563106,0.15896905400171307,53,0.42,0.82,-0.0021705352182386783,0,0,0,4,3,0.75,1.4649220878920657,0.2542054710664499,5.762748070473792,17.288244211421375,4.140560792609747,0.2542054710664501,1.0351401981524369,True,466,2026-04,53,0.4339622641509434,0.24495569404569897,90,0.42,0.82,0.0021251721344551777,19,6,4
2,震荡多头反转,7,eb520223ae597e91,6563.570208832674,False,连续两个有机会开发月无交易|有效开发月份不足|开发交易样本不足,6,0.38,0.75,2,1.8,1.05,0.003,144,0.85,0.08,42,0.32,2,0.035,220,6.0,32,0,0,0.0,0.0,0.0,0.0,0.0,0.0,0.0,0.0,True,103,2025-11,62,0.27419354838709675,0.1952261598583255,63,0.38,0.75,-0.011714861418912759,0,0,0,0,0,0.0,0.0,0.0,0.0,0.0,0.0,0.0,0.0,True,165,2025-12,63,0.19047619047619047,0.15417793245832467,54,0.38,0.75,-0.0008352168097344737,0,0,0,0,0,0.0,0.0,0.0,0.0,0.0,0.0,0.0,0.0,True,228,2026-01,54,0.1111111111111111,0.09869412255156719,81,0.38,0.75,0.0016949942798048234,0,0,0,0,0,0.0,0.0,0.0,0.0,0.0,0.0,0.0,0.0,True,282,2026-02,81,0.12345679012345678,0.10804442666656622,103,0.38,0.75,-0.002349945387213684,0,0,0,0,0,0.0,0.0,0.0,0.0,0.0,0.0,0.0,0.0,True,363,2026-03,103,0.20388349514563106,0.16085906754138293,53,0.38,0.75,-0.004703616144870609,0,0,0,4,3,0.75,1.4649220878920657,0.2542054710664499,5.762748070473792,17.288244211421375,4.140560792609747,0.2542054710664501,1.0351401981524369,True,466,2026-04,53,0.4339622641509434,0.23849741871063346,90,0.38,0.75,0.01643003487976602,31,6,4
2,震荡多头反转,8,d4c22f130700132c,6563.570208832674,False,连续两个有机会开发月无交易|有效开发月份不足|开发交易样本不足,6,0.38,0.75,5,1.8,1.05,0.003,144,0.85,0.08,42,0.32,2,0.035,220,6.0,32,0,0,0.0,0.0,0.0,0.0,0.0,0.0,0.0,0.0,True,103,2025-11,62,0.27419354838709675,0.1952261598583255,63,0.38,0.75,-0.011714861418912759,0,0,0,0,0,0.0,0.0,0.0,0.0,0.0,0.0,0.0,0.0,True,165,2025-12,63,0.19047619047619047,0.15417793245832467,54,0.38,0.75,-0.0008352168097344737,0,0,0,0,0,0.0,0.0,0.0,0.0,0.0,0.0,0.0,0.0,True,228,2026-01,54,0.1111111111111111,0.09869412255156719,81,0.38,0.75,0.0016949942798048234,0,0,0,0,0,0.0,0.0,0.0,0.0,0.0,0.0,0.0,0.0,True,282,2026-02,81,0.12345679012345678,0.10804442666656622,103,0.38,0.75,-0.002349945387213684,0,0,0,0,0,0.0,0.0,0.0,0.0,0.0,0.0,0.0,0.0,True,363,2026-03,103,0.20388349514563106,0.16085906754138293,53,0.38,0.75,-0.004703616144870609,0,0,0,4,3,0.75,1.4649220878920657,0.2542054710664499,5.762748070473792,17.288244211421375,4.140560792609747,0.2542054710664501,1.0351401981524369,True,466,2026-04,53,0.4339622641509434,0.23849741871063346,90,0.38,0.75,0.01643003487976602,31,6,4
2,震荡多头反转,9,7c249bcd8807d109,6563.570208832674,False,连续两个有机会开发月无交易|有效开发月份不足|开发交易样本不足,6,0.38,0.75,8,1.8,1.05,0.003,144,0.85,0.08,42,0.32,2,0.035,220,6.0,32,0,0,0.0,0.0,0.0,0.0,0.0,0.0,0.0,0.0,True,103,2025-11,62,0.27419354838709675,0.1952261598583255,63,0.38,0.75,-0.011714861418912759,0,0,0,0,0,0.0,0.0,0.0,0.0,0.0,0.0,0.0,0.0,True,165,2025-12,63,0.19047619047619047,0.15417793245832467,54,0.38,0.75,-0.0008352168097344737,0,0,0,0,0,0.0,0.0,0.0,0.0,0.0,0.0,0.0,0.0,True,228,2026-01,54,0.1111111111111111,0.09869412255156719,81,0.38,0.75,0.0016949942798048234,0,0,0,0,0,0.0,0.0,0.0,0.0,0.0,0.0,0.0,0.0,True,282,2026-02,81,0.12345679012345678,0.10804442666656622,103,0.38,0.75,-0.002349945387213684,0,0,0,0,0,0.0,0.0,0.0,0.0,0.0,0.0,0.0,0.0,True,363,2026-03,103,0.20388349514563106,0.16085906754138293,53,0.38,0.75,-0.004703616144870609,0,0,0,4,3,0.75,1.4649220878920657,0.2542054710664499,5.762748070473792,17.288244211421375,4.140560792609747,0.2542054710664501,1.0351401981524369,True,466,2026-04,53,0.4339622641509434,0.23849741871063346,90,0.38,0.75,0.01643003487976602,31,6,4
2,震荡多头反转,10,6ddc01153f73d56c,6563.570208832674,False,连续两个有机会开发月无交易|有效开发月份不足|开发交易样本不足,6,0.42,0.75,2,1.8,1.05,0.003,144,0.85,0.08,42,0.32,2,0.035,220,6.0,32,0,0,0.0,0.0,0.0,0.0,0.0,0.0,0.0,0.0,True,103,2025-11,62,0.27419354838709675,0.1952261598583255,63,0.42,0.75,-0.011714861418912759,0,0,0,0,0,0.0,0.0,0.0,0.0,0.0,0.0,0.0,0.0,True,165,2025-12,63,0.19047619047619047,0.15417793245832467,54,0.42,0.75,-0.0008352168097344737,0,0,0,0,0,0.0,0.0,0.0,0.0,0.0,0.0,0.0,0.0,True,228,2026-01,54,0.1111111111111111,0.09869412255156719,81,0.42,0.75,0.0016949942798048234,0,0,0,0,0,0.0,0.0,0.0,0.0,0.0,0.0,0.0,0.0,True,282,2026-02,81,0.12345679012345678,0.10804442666656622,103,0.42,0.75,-0.002349945387213684,0,0,0,0,0,0.0,0.0,0.0,0.0,0.0,0.0,0.0,0.0,True,363,2026-03,103,0.20388349514563106,0.16085906754138293,53,0.42,0.75,-0.004703616144870609,0,0,0,4,3,0.75,1.4649220878920657,0.2542054710664499,5.762748070473792,17.288244211421375,4.140560792609747,0.2542054710664501,1.0351401981524369,True,466,2026-04,53,0.4339622641509434,0.23849741871063346,90,0.42,0.75,0.01643003487976602,31,6,4
2,震荡多头反转,11,2b93f65cd85017b2,6563.570208832674,False,连续两个有机会开发月无交易|有效开发月份不足|开发交易样本不足,6,0.42,0.75,5,1.8,1.05,0.003,144,0.85,0.08,42,0.32,2,0.035,220,6.0,32,0,0,0.0,0.0,0.0,0.0,0.0,0.0,0.0,0.0,True,103,2025-11,62,0.27419354838709675,0.1952261598583255,63,0.42,0.75,-0.011714861418912759,0,0,0,0,0,0.0,0.0,0.0,0.0,0.0,0.0,0.0,0.0,True,165,2025-12,63,0.19047619047619047,0.15417793245832467,54,0.42,0.75,-0.0008352168097344737,0,0,0,0,0,0.0,0.0,0.0,0.0,0.0,0.0,0.0,0.0,True,228,2026-01,54,0.1111111111111111,0.09869412255156719,81,0.42,0.75,0.0016949942798048234,0,0,0,0,0,0.0,0.0,0.0,0.0,0.0,0.0,0.0,0.0,True,282,2026-02,81,0.12345679012345678,0.10804442666656622,103,0.42,0.75,-0.002349945387213684,0,0,0,0,0,0.0,0.0,0.0,0.0,0.0,0.0,0.0,0.0,True,363,2026-03,103,0.20388349514563106,0.16085906754138293,53,0.42,0.75,-0.004703616144870609,0,0,0,4,3,0.75,1.4649220878920657,0.2542054710664499,5.762748070473792,17.288244211421375,4.140560792609747,0.2542054710664501,1.0351401981524369,True,466,2026-04,53,0.4339622641509434,0.23849741871063346,90,0.42,0.75,0.01643003487976602,31,6,4
2,震荡多头反转,12,11485aa3c64ce19b,6563.570208832674,False,连续两个有机会开发月无交易|有效开发月份不足|开发交易样本不足,6,0.42,0.75,8,1.8,1.05,0.003,144,0.85,0.08,42,0.32,2,0.035,220,6.0,32,0,0,0.0,0.0,0.0,0.0,0.0,0.0,0.0,0.0,True,103,2025-11,62,0.27419354838709675,0.1952261598583255,63,0.42,0.75,-0.011714861418912759,0,0,0,0,0,0.0,0.0,0.0,0.0,0.0,0.0,0.0,0.0,True,165,2025-12,63,0.19047619047619047,0.15417793245832467,54,0.42,0.75,-0.0008352168097344737,0,0,0,0,0,0.0,0.0,0.0,0.0,0.0,0.0,0.0,0.0,True,228,2026-01,54,0.1111111111111111,0.09869412255156719,81,0.42,0.75,0.0016949942798048234,0,0,0,0,0,0.0,0.0,0.0,0.0,0.0,0.0,0.0,0.0,True,282,2026-02,81,0.12345679012345678,0.10804442666656622,103,0.42,0.75,-0.002349945387213684,0,0,0,0,0,0.0,0.0,0.0,0.0,0.0,0.0,0.0,0.0,True,363,2026-03,103,0.20388349514563106,0.16085906754138293,53,0.42,0.75,-0.004703616144870609,0,0,0,4,3,0.75,1.4649220878920657,0.2542054710664499,5.762748070473792,17.288244211421375,4.140560792609747,0.2542054710664501,1.0351401981524369,True,466,2026-04,53,0.4339622641509434,0.23849741871063346,90,0.42,0.75,0.01643003487976602,31,6,4
2,震荡多头反转,13,79ceb9a26d9bb299,6563.570208832674,False,连续两个有机会开发月无交易|有效开发月份不足|开发交易样本不足,6,0.46,0.75,2,1.8,1.05,0.003,144,0.85,0.08,42,0.32,2,0.035,220,6.0,32,0,0,0.0,0.0,0.0,0.0,0.0,0.0,0.0,0.0,True,103,2025-11,62,0.27419354838709675,0.1952261598583255,63,0.46,0.75,-0.011714861418912759,0,0,0,0,0,0.0,0.0,0.0,0.0,0.0,0.0,0.0,0.0,True,165,2025-12,63,0.19047619047619047,0.15417793245832467,54,0.46,0.75,-0.0008352168097344737,0,0,0,0,0,0.0,0.0,0.0,0.0,0.0,0.0,0.0,0.0,True,228,2026-01,54,0.1111111111111111,0.09869412255156719,81,0.46,0.75,0.0016949942798048234,0,0,0,0,0,0.0,0.0,0.0,0.0,0.0,0.0,0.0,0.0,True,282,2026-02,81,0.12345679012345678,0.10804442666656622,103,0.46,0.75,-0.002349945387213684,0,0,0,0,0,0.0,0.0,0.0,0.0,0.0,0.0,0.0,0.0,True,363,2026-03,103,0.20388349514563106,0.16085906754138293,53,0.46,0.75,-0.004703616144870609,0,0,0,4,3,0.75,1.4649220878920657,0.2542054710664499,5.762748070473792,17.288244211421375,4.140560792609747,0.2542054710664501,1.0351401981524369,True,466,2026-04,53,0.4339622641509434,0.23849741871063346,90,0.46,0.75,0.01643003487976602,31,6,4
2,震荡多头反转,14,30de277a04734b01,6563.570208832674,False,连续两个有机会开发月无交易|有效开发月份不足|开发交易样本不足,6,0.46,0.75,5,1.8,1.05,0.003,144,0.85,0.08,42,0.32,2,0.035,220,6.0,32,0,0,0.0,0.0,0.0,0.0,0.0,0.0,0.0,0.0,True,103,2025-11,62,0.27419354838709675,0.1952261598583255,63,0.46,0.75,-0.011714861418912759,0,0,0,0,0,0.0,0.0,0.0,0.0,0.0,0.0,0.0,0.0,True,165,2025-12,63,0.19047619047619047,0.15417793245832467,54,0.46,0.75,-0.0008352168097344737,0,0,0,0,0,0.0,0.0,0.0,0.0,0.0,0.0,0.0,0.0,True,228,2026-01,54,0.1111111111111111,0.09869412255156719,81,0.46,0.75,0.0016949942798048234,0,0,0,0,0,0.0,0.0,0.0,0.0,0.0,0.0,0.0,0.0,True,282,2026-02,81,0.12345679012345678,0.10804442666656622,103,0.46,0.75,-0.002349945387213684,0,0,0,0,0,0.0,0.0,0.0,0.0,0.0,0.0,0.0,0.0,True,363,2026-03,103,0.20388349514563106,0.16085906754138293,53,0.46,0.75,-0.004703616144870609,0,0,0,4,3,0.75,1.4649220878920657,0.2542054710664499,5.762748070473792,17.288244211421375,4.140560792609747,0.2542054710664501,1.0351401981524369,True,466,2026-04,53,0.4339622641509434,0.23849741871063346,90,0.46,0.75,0.01643003487976602,31,6,4
2,震荡多头反转,15,62669f6bd58583dc,6563.570208832674,False,连续两个有机会开发月无交易|有效开发月份不足|开发交易样本不足,6,0.46,0.75,8,1.8,1.05,0.003,144,0.85,0.08,42,0.32,2,0.035,220,6.0,32,0,0,0.0,0.0,0.0,0.0,0.0,0.0,0.0,0.0,True,103,2025-11,62,0.27419354838709675,0.1952261598583255,63,0.46,0.75,-0.011714861418912759,0,0,0,0,0,0.0,0.0,0.0,0.0,0.0,0.0,0.0,0.0,True,165,2025-12,63,0.19047619047619047,0.15417793245832467,54,0.46,0.75,-0.0008352168097344737,0,0,0,0,0,0.0,0.0,0.0,0.0,0.0,0.0,0.0,0.0,True,228,2026-01,54,0.1111111111111111,0.09869412255156719,81,0.46,0.75,0.0016949942798048234,0,0,0,0,0,0.0,0.0,0.0,0.0,0.0,0.0,0.0,0.0,True,282,2026-02,81,0.12345679012345678,0.10804442666656622,103,0.46,0.75,-0.002349945387213684,0,0,0,0,0,0.0,0.0,0.0,0.0,0.0,0.0,0.0,0.0,True,363,2026-03,103,0.20388349514563106,0.16085906754138293,53,0.46,0.75,-0.004703616144870609,0,0,0,4,3,0.75,1.4649220878920657,0.2542054710664499,5.762748070473792,17.288244211421375,4.140560792609747,0.2542054710664501,1.0351401981524369,True,466,2026-04,53,0.4339622641509434,0.23849741871063346,90,0.46,0.75,0.01643003487976602,31,6,4
2,震荡多头反转,16,8a94a12d00167536,6314.461269882528,False,连续两个有机会开发月无交易|有效开发月份不足|开发交易样本不足,6,0.38,0.82,2,1.8,1.05,0.003,144,0.85,0.08,42,0.32,2,0.035,220,6.0,32,0,0,0.0,0.0,0.0,0.0,0.0,0.0,0.0,0.0,True,103,2025-11,62,0.27419354838709675,0.1952261598583255,63,0.38,0.82,-0.011714861418912759,0,0,0,0,0,0.0,0.0,0.0,0.0,0.0,0.0,0.0,0.0,True,165,2025-12,63,0.19047619047619047,0.15417793245832467,54,0.38,0.82,-0.0008352168097344737,0,0,0,0,0,0.0,0.0,0.0,0.0,0.0,0.0,0.0,0.0,True,228,2026-01,54,0.1111111111111111,0.09869412255156719,81,0.38,0.82,0.0016949942798048234,0,0,0,0,0,0.0,0.0,0.0,0.0,0.0,0.0,0.0,0.0,True,282,2026-02,81,0.12345679012345678,0.10804442666656622,103,0.38,0.82,-0.002349945387213684,0,0,0,0,0,0.0,0.0,0.0,0.0,0.0,0.0,0.0,0.0,True,363,2026-03,103,0.20388349514563106,0.16085906754138293,53,0.38,0.82,-0.004703616144870609,0,0,0,3,2,0.6666666666666666,1.4649158417300256,0.2542054710664499,5.762723499161405,11.52544699832281,2.6756262123936017,0.25420547106644986,0.8918754041312006,True,466,2026-04,53,0.4339622641509434,0.23849741871063346,90,0.38,0.82,0.01643003487976602,21,6,3
2,震荡多头反转,17,eafa0e27494b2fd4,6314.461269882528,False,连续两个有机会开发月无交易|有效开发月份不足|开发交易样本不足,6,0.38,0.82,5,1.8,1.05,0.003,144,0.85,0.08,42,0.32,2,0.035,220,6.0,32,0,0,0.0,0.0,0.0,0.0,0.0,0.0,0.0,0.0,True,103,2025-11,62,0.27419354838709675,0.1952261598583255,63,0.38,0.82,-0.011714861418912759,0,0,0,0,0,0.0,0.0,0.0,0.0,0.0,0.0,0.0,0.0,True,165,2025-12,63,0.19047619047619047,0.15417793245832467,54,0.38,0.82,-0.0008352168097344737,0,0,0,0,0,0.0,0.0,0.0,0.0,0.0,0.0,0.0,0.0,True,228,2026-01,54,0.1111111111111111,0.09869412255156719,81,0.38,0.82,0.0016949942798048234,0,0,0,0,0,0.0,0.0,0.0,0.0,0.0,0.0,0.0,0.0,True,282,2026-02,81,0.12345679012345678,0.10804442666656622,103,0.38,0.82,-0.002349945387213684,0,0,0,0,0,0.0,0.0,0.0,0.0,0.0,0.0,0.0,0.0,True,363,2026-03,103,0.20388349514563106,0.16085906754138293,53,0.38,0.82,-0.004703616144870609,0,0,0,3,2,0.6666666666666666,1.4649158417300256,0.2542054710664499,5.762723499161405,11.52544699832281,2.6756262123936017,0.25420547106644986,0.8918754041312006,True,466,2026-04,53,0.4339622641509434,0.23849741871063346,90,0.38,0.82,0.01643003487976602,21,6,3
2,震荡多头反转,18,a1506da641c32547,6314.461269882528,False,连续两个有机会开发月无交易|有效开发月份不足|开发交易样本不足,6,0.38,0.82,8,1.8,1.05,0.003,144,0.85,0.08,42,0.32,2,0.035,220,6.0,32,0,0,0.0,0.0,0.0,0.0,0.0,0.0,0.0,0.0,True,103,2025-11,62,0.27419354838709675,0.1952261598583255,63,0.38,0.82,-0.011714861418912759,0,0,0,0,0,0.0,0.0,0.0,0.0,0.0,0.0,0.0,0.0,True,165,2025-12,63,0.19047619047619047,0.15417793245832467,54,0.38,0.82,-0.0008352168097344737,0,0,0,0,0,0.0,0.0,0.0,0.0,0.0,0.0,0.0,0.0,True,228,2026-01,54,0.1111111111111111,0.09869412255156719,81,0.38,0.82,0.0016949942798048234,0,0,0,0,0,0.0,0.0,0.0,0.0,0.0,0.0,0.0,0.0,True,282,2026-02,81,0.12345679012345678,0.10804442666656622,103,0.38,0.82,-0.002349945387213684,0,0,0,0,0,0.0,0.0,0.0,0.0,0.0,0.0,0.0,0.0,True,363,2026-03,103,0.20388349514563106,0.16085906754138293,53,0.38,0.82,-0.004703616144870609,0,0,0,3,2,0.6666666666666666,1.4649158417300256,0.2542054710664499,5.762723499161405,11.52544699832281,2.6756262123936017,0.25420547106644986,0.8918754041312006,True,466,2026-04,53,0.4339622641509434,0.23849741871063346,90,0.38,0.82,0.01643003487976602,21,6,3
2,震荡多头反转,19,414c17ebf695a7c0,6314.461269882528,False,连续两个有机会开发月无交易|有效开发月份不足|开发交易样本不足,6,0.42,0.82,2,1.8,1.05,0.003,144,0.85,0.08,42,0.32,2,0.035,220,6.0,32,0,0,0.0,0.0,0.0,0.0,0.0,0.0,0.0,0.0,True,103,2025-11,62,0.27419354838709675,0.1952261598583255,63,0.42,0.82,-0.011714861418912759,0,0,0,0,0,0.0,0.0,0.0,0.0,0.0,0.0,0.0,0.0,True,165,2025-12,63,0.19047619047619047,0.15417793245832467,54,0.42,0.82,-0.0008352168097344737,0,0,0,0,0,0.0,0.0,0.0,0.0,0.0,0.0,0.0,0.0,True,228,2026-01,54,0.1111111111111111,0.09869412255156719,81,0.42,0.82,0.0016949942798048234,0,0,0,0,0,0.0,0.0,0.0,0.0,0.0,0.0,0.0,0.0,True,282,2026-02,81,0.12345679012345678,0.10804442666656622,103,0.42,0.82,-0.002349945387213684,0,0,0,0,0,0.0,0.0,0.0,0.0,0.0,0.0,0.0,0.0,True,363,2026-03,103,0.20388349514563106,0.16085906754138293,53,0.42,0.82,-0.004703616144870609,0,0,0,3,2,0.6666666666666666,1.4649158417300256,0.2542054710664499,5.762723499161405,11.52544699832281,2.6756262123936017,0.25420547106644986,0.8918754041312006,True,466,2026-04,53,0.4339622641509434,0.23849741871063346,90,0.42,0.82,0.01643003487976602,21,6,3
2,震荡多头反转,20,e377b87924626723,6314.461269882528,False,连续两个有机会开发月无交易|有效开发月份不足|开发交易样本不足,6,0.42,0.82,5,1.8,1.05,0.003,144,0.85,0.08,42,0.32,2,0.035,220,6.0,32,0,0,0.0,0.0,0.0,0.0,0.0,0.0,0.0,0.0,True,103,2025-11,62,0.27419354838709675,0.1952261598583255,63,0.42,0.82,-0.011714861418912759,0,0,0,0,0,0.0,0.0,0.0,0.0,0.0,0.0,0.0,0.0,True,165,2025-12,63,0.19047619047619047,0.15417793245832467,54,0.42,0.82,-0.0008352168097344737,0,0,0,0,0,0.0,0.0,0.0,0.0,0.0,0.0,0.0,0.0,True,228,2026-01,54,0.1111111111111111,0.09869412255156719,81,0.42,0.82,0.0016949942798048234,0,0,0,0,0,0.0,0.0,0.0,0.0,0.0,0.0,0.0,0.0,True,282,2026-02,81,0.12345679012345678,0.10804442666656622,103,0.42,0.82,-0.002349945387213684,0,0,0,0,0,0.0,0.0,0.0,0.0,0.0,0.0,0.0,0.0,True,363,2026-03,103,0.20388349514563106,0.16085906754138293,53,0.42,0.82,-0.004703616144870609,0,0,0,3,2,0.6666666666666666,1.4649158417300256,0.2542054710664499,5.762723499161405,11.52544699832281,2.6756262123936017,0.25420547106644986,0.8918754041312006,True,466,2026-04,53,0.4339622641509434,0.23849741871063346,90,0.42,0.82,0.01643003487976602,21,6,3
2,震荡多头反转,21,b713f86b9630d556,6314.461269882528,False,连续两个有机会开发月无交易|有效开发月份不足|开发交易样本不足,6,0.42,0.82,8,1.8,1.05,0.003,144,0.85,0.08,42,0.32,2,0.035,220,6.0,32,0,0,0.0,0.0,0.0,0.0,0.0,0.0,0.0,0.0,True,103,2025-11,62,0.27419354838709675,0.1952261598583255,63,0.42,0.82,-0.011714861418912759,0,0,0,0,0,0.0,0.0,0.0,0.0,0.0,0.0,0.0,0.0,True,165,2025-12,63,0.19047619047619047,0.15417793245832467,54,0.42,0.82,-0.0008352168097344737,0,0,0,0,0,0.0,0.0,0.0,0.0,0.0,0.0,0.0,0.0,True,228,2026-01,54,0.1111111111111111,0.09869412255156719,81,0.42,0.82,0.0016949942798048234,0,0,0,0,0,0.0,0.0,0.0,0.0,0.0,0.0,0.0,0.0,True,282,2026-02,81,0.12345679012345678,0.10804442666656622,103,0.42,0.82,-0.002349945387213684,0,0,0,0,0,0.0,0.0,0.0,0.0,0.0,0.0,0.0,0.0,True,363,2026-03,103,0.20388349514563106,0.16085906754138293,53,0.42,0.82,-0.004703616144870609,0,0,0,3,2,0.6666666666666666,1.4649158417300256,0.2542054710664499,5.762723499161405,11.52544699832281,2.6756262123936017,0.25420547106644986,0.8918754041312006,True,466,2026-04,53,0.4339622641509434,0.23849741871063346,90,0.42,0.82,0.01643003487976602,21,6,3
2,震荡多头反转,22,969d566a8a35c2ff,6314.461269882528,False,连续两个有机会开发月无交易|有效开发月份不足|开发交易样本不足,6,0.46,0.82,2,1.8,1.05,0.003,144,0.85,0.08,42,0.32,2,0.035,220,6.0,32,0,0,0.0,0.0,0.0,0.0,0.0,0.0,0.0,0.0,True,103,2025-11,62,0.27419354838709675,0.1952261598583255,63,0.46,0.82,-0.011714861418912759,0,0,0,0,0,0.0,0.0,0.0,0.0,0.0,0.0,0.0,0.0,True,165,2025-12,63,0.19047619047619047,0.15417793245832467,54,0.46,0.82,-0.0008352168097344737,0,0,0,0,0,0.0,0.0,0.0,0.0,0.0,0.0,0.0,0.0,True,228,2026-01,54,0.1111111111111111,0.09869412255156719,81,0.46,0.82,0.0016949942798048234,0,0,0,0,0,0.0,0.0,0.0,0.0,0.0,0.0,0.0,0.0,True,282,2026-02,81,0.12345679012345678,0.10804442666656622,103,0.46,0.82,-0.002349945387213684,0,0,0,0,0,0.0,0.0,0.0,0.0,0.0,0.0,0.0,0.0,True,363,2026-03,103,0.20388349514563106,0.16085906754138293,53,0.46,0.82,-0.004703616144870609,0,0,0,3,2,0.6666666666666666,1.4649158417300256,0.2542054710664499,5.762723499161405,11.52544699832281,2.6756262123936017,0.25420547106644986,0.8918754041312006,True,466,2026-04,53,0.4339622641509434,0.23849741871063346,90,0.46,0.82,0.01643003487976602,21,6,3
2,震荡多头反转,23,4de0fc6c51ff86fe,6314.461269882528,False,连续两个有机会开发月无交易|有效开发月份不足|开发交易样本不足,6,0.46,0.82,5,1.8,1.05,0.003,144,0.85,0.08,42,0.32,2,0.035,220,6.0,32,0,0,0.0,0.0,0.0,0.0,0.0,0.0,0.0,0.0,True,103,2025-11,62,0.27419354838709675,0.1952261598583255,63,0.46,0.82,-0.011714861418912759,0,0,0,0,0,0.0,0.0,0.0,0.0,0.0,0.0,0.0,0.0,True,165,2025-12,63,0.19047619047619047,0.15417793245832467,54,0.46,0.82,-0.0008352168097344737,0,0,0,0,0,0.0,0.0,0.0,0.0,0.0,0.0,0.0,0.0,True,228,2026-01,54,0.1111111111111111,0.09869412255156719,81,0.46,0.82,0.0016949942798048234,0,0,0,0,0,0.0,0.0,0.0,0.0,0.0,0.0,0.0,0.0,True,282,2026-02,81,0.12345679012345678,0.10804442666656622,103,0.46,0.82,-0.002349945387213684,0,0,0,0,0,0.0,0.0,0.0,0.0,0.0,0.0,0.0,0.0,True,363,2026-03,103,0.20388349514563106,0.16085906754138293,53,0.46,0.82,-0.004703616144870609,0,0,0,3,2,0.6666666666666666,1.4649158417300256,0.2542054710664499,5.762723499161405,11.52544699832281,2.6756262123936017,0.25420547106644986,0.8918754041312006,True,466,2026-04,53,0.4339622641509434,0.23849741871063346,90,0.46,0.82,0.01643003487976602,21,6,3
2,震荡多头反转,24,b8e0ba02383349d8,6314.461269882528,False,连续两个有机会开发月无交易|有效开发月份不足|开发交易样本不足,6,0.46,0.82,8,1.8,1.05,0.003,144,0.85,0.08,42,0.32,2,0.035,220,6.0,32,0,0,0.0,0.0,0.0,0.0,0.0,0.0,0.0,0.0,True,103,2025-11,62,0.27419354838709675,0.1952261598583255,63,0.46,0.82,-0.011714861418912759,0,0,0,0,0,0.0,0.0,0.0,0.0,0.0,0.0,0.0,0.0,True,165,2025-12,63,0.19047619047619047,0.15417793245832467,54,0.46,0.82,-0.0008352168097344737,0,0,0,0,0,0.0,0.0,0.0,0.0,0.0,0.0,0.0,0.0,True,228,2026-01,54,0.1111111111111111,0.09869412255156719,81,0.46,0.82,0.0016949942798048234,0,0,0,0,0,0.0,0.0,0.0,0.0,0.0,0.0,0.0,0.0,True,282,2026-02,81,0.12345679012345678,0.10804442666656622,103,0.46,0.82,-0.002349945387213684,0,0,0,0,0,0.0,0.0,0.0,0.0,0.0,0.0,0.0,0.0,True,363,2026-03,103,0.20388349514563106,0.16085906754138293,53,0.46,0.82,-0.004703616144870609,0,0,0,3,2,0.6666666666666666,1.4649158417300256,0.2542054710664499,5.762723499161405,11.52544699832281,2.6756262123936017,0.25420547106644986,0.8918754041312006,True,466,2026-04,53,0.4339622641509434,0.23849741871063346,90,0.46,0.82,0.01643003487976602,21,6,3
2,震荡多头反转,25,2a565cb3fbde8aea,6146.379882354813,False,连续两个有机会开发月无交易|有效开发月份不足|开发交易样本不足,8,0.38,0.88,5,1.6,0.95,0.0028,120,0.8,0.06,36,0.32,2,0.035,220,6.0,32,0,0,0.0,0.0,0.0,0.0,0.0,0.0,0.0,0.0,True,103,2025-11,62,0.3064516129032258,0.2117873181360341,63,0.38,0.88,0.00390829416128613,0,0,0,0,0,0.0,0.0,0.0,0.0,0.0,0.0,0.0,0.0,True,165,2025-12,63,0.19047619047619047,0.15123239743495712,54,0.38,0.88,0.0012198034964101268,0,0,0,0,0,0.0,0.0,0.0,0.0,0.0,0.0,0.0,0.0,True,228,2026-01,54,0.12962962962962962,0.11205787174202136,81,0.38,0.88,0.0026863172246305578,0,0,0,0,0,0.0,0.0,0.0,0.0,0.0,0.0,0.0,0.0,True,282,2026-02,81,0.18518518518518517,0.14875568185038154,103,0.38,0.88,-0.0032615752367607664,0,0,0,0,0,0.0,0.0,0.0,0.0,0.0,0.0,0.0,0.0,True,363,2026-03,103,0.24271844660194175,0.18356277622698366,53,0.38,0.88,0.00225300725453792,0,0,0,5,3,0.6,1.2411203087540637,0.2980601292123324,4.163993057487783,6.2459895862316746,3.127240667837526,0.29806228996932377,0.6254481335675053,True,466,2026-04,53,0.4528301886792453,0.24684666902018162,90,0.38,0.88,0.002120882283679404,15,8,5
2,震荡多头反转,26,79fb157e5def9c0a,6146.379882354813,False,连续两个有机会开发月无交易|有效开发月份不足|开发交易样本不足,8,0.38,0.88,8,1.6,0.95,0.0028,120,0.8,0.06,36,0.32,2,0.035,220,6.0,32,0,0,0.0,0.0,0.0,0.0,0.0,0.0,0.0,0.0,True,103,2025-11,62,0.3064516129032258,0.2117873181360341,63,0.38,0.88,0.00390829416128613,0,0,0,0,0,0.0,0.0,0.0,0.0,0.0,0.0,0.0,0.0,True,165,2025-12,63,0.19047619047619047,0.15123239743495712,54,0.38,0.88,0.0012198034964101268,0,0,0,0,0,0.0,0.0,0.0,0.0,0.0,0.0,0.0,0.0,True,228,2026-01,54,0.12962962962962962,0.11205787174202136,81,0.38,0.88,0.0026863172246305578,0,0,0,0,0,0.0,0.0,0.0,0.0,0.0,0.0,0.0,0.0,True,282,2026-02,81,0.18518518518518517,0.14875568185038154,103,0.38,0.88,-0.0032615752367607664,0,0,0,0,0,0.0,0.0,0.0,0.0,0.0,0.0,0.0,0.0,True,363,2026-03,103,0.24271844660194175,0.18356277622698366,53,0.38,0.88,0.00225300725453792,0,0,0,5,3,0.6,1.2411203087540637,0.2980601292123324,4.163993057487783,6.2459895862316746,3.127240667837526,0.29806228996932377,0.6254481335675053,True,466,2026-04,53,0.4528301886792453,0.24684666902018162,90,0.38,0.88,0.002120882283679404,15,8,5
2,震荡多头反转,27,6c39334789d9206f,6146.379882354813,False,连续两个有机会开发月无交易|有效开发月份不足|开发交易样本不足,8,0.42,0.88,5,1.6,0.95,0.0028,120,0.8,0.06,36,0.32,2,0.035,220,6.0,32,0,0,0.0,0.0,0.0,0.0,0.0,0.0,0.0,0.0,True,103,2025-11,62,0.3064516129032258,0.2117873181360341,63,0.42,0.88,0.00390829416128613,0,0,0,0,0,0.0,0.0,0.0,0.0,0.0,0.0,0.0,0.0,True,165,2025-12,63,0.19047619047619047,0.15123239743495712,54,0.42,0.88,0.0012198034964101268,0,0,0,0,0,0.0,0.0,0.0,0.0,0.0,0.0,0.0,0.0,True,228,2026-01,54,0.12962962962962962,0.11205787174202136,81,0.42,0.88,0.0026863172246305578,0,0,0,0,0,0.0,0.0,0.0,0.0,0.0,0.0,0.0,0.0,True,282,2026-02,81,0.18518518518518517,0.14875568185038154,103,0.42,0.88,-0.0032615752367607664,0,0,0,0,0,0.0,0.0,0.0,0.0,0.0,0.0,0.0,0.0,True,363,2026-03,103,0.24271844660194175,0.18356277622698366,53,0.42,0.88,0.00225300725453792,0,0,0,5,3,0.6,1.2411203087540637,0.2980601292123324,4.163993057487783,6.2459895862316746,3.127240667837526,0.29806228996932377,0.6254481335675053,True,466,2026-04,53,0.4528301886792453,0.24684666902018162,90,0.42,0.88,0.002120882283679404,15,8,5
2,震荡多头反转,28,eb32564439f80c21,6146.379882354813,False,连续两个有机会开发月无交易|有效开发月份不足|开发交易样本不足,8,0.42,0.88,8,1.6,0.95,0.0028,120,0.8,0.06,36,0.32,2,0.035,220,6.0,32,0,0,0.0,0.0,0.0,0.0,0.0,0.0,0.0,0.0,True,103,2025-11,62,0.3064516129032258,0.2117873181360341,63,0.42,0.88,0.00390829416128613,0,0,0,0,0,0.0,0.0,0.0,0.0,0.0,0.0,0.0,0.0,True,165,2025-12,63,0.19047619047619047,0.15123239743495712,54,0.42,0.88,0.0012198034964101268,0,0,0,0,0,0.0,0.0,0.0,0.0,0.0,0.0,0.0,0.0,True,228,2026-01,54,0.12962962962962962,0.11205787174202136,81,0.42,0.88,0.0026863172246305578,0,0,0,0,0,0.0,0.0,0.0,0.0,0.0,0.0,0.0,0.0,True,282,2026-02,81,0.18518518518518517,0.14875568185038154,103,0.42,0.88,-0.0032615752367607664,0,0,0,0,0,0.0,0.0,0.0,0.0,0.0,0.0,0.0,0.0,True,363,2026-03,103,0.24271844660194175,0.18356277622698366,53,0.42,0.88,0.00225300725453792,0,0,0,5,3,0.6,1.2411203087540637,0.2980601292123324,4.163993057487783,6.2459895862316746,3.127240667837526,0.29806228996932377,0.6254481335675053,True,466,2026-04,53,0.4528301886792453,0.24684666902018162,90,0.42,0.88,0.002120882283679404,15,8,5
2,震荡多头反转,29,6ab82ebae2ef3167,6146.379882354813,False,连续两个有机会开发月无交易|有效开发月份不足|开发交易样本不足,8,0.46,0.88,5,1.6,0.95,0.0028,120,0.8,0.06,36,0.32,2,0.035,220,6.0,32,0,0,0.0,0.0,0.0,0.0,0.0,0.0,0.0,0.0,True,103,2025-11,62,0.3064516129032258,0.2117873181360341,63,0.46,0.88,0.00390829416128613,0,0,0,0,0,0.0,0.0,0.0,0.0,0.0,0.0,0.0,0.0,True,165,2025-12,63,0.19047619047619047,0.15123239743495712,54,0.46,0.88,0.0012198034964101268,0,0,0,0,0,0.0,0.0,0.0,0.0,0.0,0.0,0.0,0.0,True,228,2026-01,54,0.12962962962962962,0.11205787174202136,81,0.46,0.88,0.0026863172246305578,0,0,0,0,0,0.0,0.0,0.0,0.0,0.0,0.0,0.0,0.0,True,282,2026-02,81,0.18518518518518517,0.14875568185038154,103,0.46,0.88,-0.0032615752367607664,0,0,0,0,0,0.0,0.0,0.0,0.0,0.0,0.0,0.0,0.0,True,363,2026-03,103,0.24271844660194175,0.18356277622698366,53,0.46,0.88,0.00225300725453792,0,0,0,5,3,0.6,1.2411203087540637,0.2980601292123324,4.163993057487783,6.2459895862316746,3.127240667837526,0.29806228996932377,0.6254481335675053,True,466,2026-04,53,0.4528301886792453,0.24684666902018162,90,0.46,0.88,0.002120882283679404,15,8,5
2,震荡多头反转,30,4e16376ba7ac3483,6146.379882354813,False,连续两个有机会开发月无交易|有效开发月份不足|开发交易样本不足,8,0.46,0.88,8,1.6,0.95,0.0028,120,0.8,0.06,36,0.32,2,0.035,220,6.0,32,0,0,0.0,0.0,0.0,0.0,0.0,0.0,0.0,0.0,True,103,2025-11,62,0.3064516129032258,0.2117873181360341,63,0.46,0.88,0.00390829416128613,0,0,0,0,0,0.0,0.0,0.0,0.0,0.0,0.0,0.0,0.0,True,165,2025-12,63,0.19047619047619047,0.15123239743495712,54,0.46,0.88,0.0012198034964101268,0,0,0,0,0,0.0,0.0,0.0,0.0,0.0,0.0,0.0,0.0,True,228,2026-01,54,0.12962962962962962,0.11205787174202136,81,0.46,0.88,0.0026863172246305578,0,0,0,0,0,0.0,0.0,0.0,0.0,0.0,0.0,0.0,0.0,True,282,2026-02,81,0.18518518518518517,0.14875568185038154,103,0.46,0.88,-0.0032615752367607664,0,0,0,0,0,0.0,0.0,0.0,0.0,0.0,0.0,0.0,0.0,True,363,2026-03,103,0.24271844660194175,0.18356277622698366,53,0.46,0.88,0.00225300725453792,0,0,0,5,3,0.6,1.2411203087540637,0.2980601292123324,4.163993057487783,6.2459895862316746,3.127240667837526,0.29806228996932377,0.6254481335675053,True,466,2026-04,53,0.4528301886792453,0.24684666902018162,90,0.46,0.88,0.002120882283679404,15,8,5
3,震荡空头反转,1,75cec9ff1e3f734e,3853.808280804941,False,连续两个有机会开发月无交易|有效开发月份不足|开发交易样本不足,4,0.34,0.75,2,2.0,1.2,0.0033,180,0.95,0.1,48,0.3,3,0.025,260,8.0,42,0,0,0.0,0.0,0.0,0.0,0.0,0.0,0.0,0.0,True,92,2025-11,56,0.23214285714285715,0.17825255115557243,46,0.34,0.75,-8.326672684688674e-17,0,0,0,0,0,0.0,0.0,0.0,0.0,0.0,0.0,0.0,0.0,True,148,2025-12,46,0.10869565217391304,0.09600628900716218,58,0.34,0.75,0.018997873049183378,0,0,0,4,2,0.5,1.7266953558123381,1.30182694885876,1.3263631985234574,1.3263631985234574,0.8497368139071564,2.60365389771752,0.2124342034767891,True,194,2026-01,58,0.3448275862068966,0.2253658942428132,61,0.34,0.75,-0.006228971634764935,12,4,4,4,2,0.5,1.6970959756712416,0.7409488191066695,2.2904361703651244,2.2904361703651244,1.912294313129144,1.278059135514327,0.478073578282286,True,252,2026-02,61,0.3442622950819672,0.22461356455174158,59,0.34,0.75,0.004448287687844776,19,4,4,0,0,0.0,0.0,0.0,0.0,0.0,0.0,0.0,0.0,True,313,2026-03,59,0.2542372881355932,0.18618036685386746,60,0.34,0.75,0.0014213816212333419,0,0,0,0,0,0.0,0.0,0.0,0.0,0.0,0.0,0.0,0.0,True,372,2026-04,60,0.2,0.15965487904925627,103,0.34,0.75,0.0031858706829359096,0,0,0
3,震荡空头反转,2,4290de587024b502,3853.808280804941,False,连续两个有机会开发月无交易|有效开发月份不足|开发交易样本不足,4,0.34,0.75,5,2.0,1.2,0.0033,180,0.95,0.1,48,0.3,3,0.025,260,8.0,42,0,0,0.0,0.0,0.0,0.0,0.0,0.0,0.0,0.0,True,92,2025-11,56,0.23214285714285715,0.17825255115557243,46,0.34,0.75,-8.326672684688674e-17,0,0,0,0,0,0.0,0.0,0.0,0.0,0.0,0.0,0.0,0.0,True,148,2025-12,46,0.10869565217391304,0.09600628900716218,58,0.34,0.75,0.018997873049183378,0,0,0,4,2,0.5,1.7266953558123381,1.30182694885876,1.3263631985234574,1.3263631985234574,0.8497368139071564,2.60365389771752,0.2124342034767891,True,194,2026-01,58,0.3448275862068966,0.2253658942428132,61,0.34,0.75,-0.006228971634764935,12,4,4,4,2,0.5,1.6970959756712416,0.7409488191066695,2.2904361703651244,2.2904361703651244,1.912294313129144,1.278059135514327,0.478073578282286,True,252,2026-02,61,0.3442622950819672,0.22461356455174158,59,0.34,0.75,0.004448287687844776,19,4,4,0,0,0.0,0.0,0.0,0.0,0.0,0.0,0.0,0.0,True,313,2026-03,59,0.2542372881355932,0.18618036685386746,60,0.34,0.75,0.0014213816212333419,0,0,0,0,0,0.0,0.0,0.0,0.0,0.0,0.0,0.0,0.0,True,372,2026-04,60,0.2,0.15965487904925627,103,0.34,0.75,0.0031858706829359096,0,0,0
3,震荡空头反转,3,7d8aaa8996bc7ff3,3853.808280804941,False,连续两个有机会开发月无交易|有效开发月份不足|开发交易样本不足,4,0.34,0.75,8,2.0,1.2,0.0033,180,0.95,0.1,48,0.3,3,0.025,260,8.0,42,0,0,0.0,0.0,0.0,0.0,0.0,0.0,0.0,0.0,True,92,2025-11,56,0.23214285714285715,0.17825255115557243,46,0.34,0.75,-8.326672684688674e-17,0,0,0,0,0,0.0,0.0,0.0,0.0,0.0,0.0,0.0,0.0,True,148,2025-12,46,0.10869565217391304,0.09600628900716218,58,0.34,0.75,0.018997873049183378,0,0,0,4,2,0.5,1.7266953558123381,1.30182694885876,1.3263631985234574,1.3263631985234574,0.8497368139071564,2.60365389771752,0.2124342034767891,True,194,2026-01,58,0.3448275862068966,0.2253658942428132,61,0.34,0.75,-0.006228971634764935,12,4,4,4,2,0.5,1.6970959756712416,0.7409488191066695,2.2904361703651244,2.2904361703651244,1.912294313129144,1.278059135514327,0.478073578282286,True,252,2026-02,61,0.3442622950819672,0.22461356455174158,59,0.34,0.75,0.004448287687844776,19,4,4,0,0,0.0,0.0,0.0,0.0,0.0,0.0,0.0,0.0,True,313,2026-03,59,0.2542372881355932,0.18618036685386746,60,0.34,0.75,0.0014213816212333419,0,0,0,0,0,0.0,0.0,0.0,0.0,0.0,0.0,0.0,0.0,True,372,2026-04,60,0.2,0.15965487904925627,103,0.34,0.75,0.0031858706829359096,0,0,0
3,震荡空头反转,4,cb1a8b234fba4c84,3702.7087230066363,False,连续两个有机会开发月无交易|有效开发月份不足|开发交易样本不足,4,0.34,0.65,2,2.0,1.2,0.0033,180,0.95,0.1,48,0.3,3,0.025,260,8.0,42,0,0,0.0,0.0,0.0,0.0,0.0,0.0,0.0,0.0,True,92,2025-11,56,0.23214285714285715,0.17825255115557243,46,0.34,0.65,-8.326672684688674e-17,0,0,0,0,0,0.0,0.0,0.0,0.0,0.0,0.0,0.0,0.0,True,148,2025-12,46,0.10869565217391304,0.09600628900716218,58,0.34,0.65,0.018997873049183378,0,0,0,4,2,0.5,1.726701477881217,1.30182694885876,1.3263679011983285,1.3263679011983285,0.8497490580449143,2.60365389771752,0.21243726451122857,True,194,2026-01,58,0.3448275862068966,0.2253658942428132,61,0.34,0.65,-0.006228971634764935,19,4,4,4,2,0.5,1.6971002669203972,1.2871360081059664,1.3185088881303983,1.3185088881303983,0.819928517628862,1.2962128806976057,0.2049821294072155,True,252,2026-02,61,0.3442622950819672,0.22461356455174158,59,0.34,0.65,0.004448287687844776,26,4,4,0,0,0.0,0.0,0.0,0.0,0.0,0.0,0.0,0.0,True,313,2026-03,59,0.2542372881355932,0.18618036685386746,60,0.34,0.65,0.0014213816212333419,0,0,0,0,0,0.0,0.0,0.0,0.0,0.0,0.0,0.0,0.0,True,372,2026-04,60,0.2,0.15965487904925627,103,0.34,0.65,0.0031858706829359096,0,0,0
3,震荡空头反转,5,87e3f2218fb115ce,3702.7087230066363,False,连续两个有机会开发月无交易|有效开发月份不足|开发交易样本不足,4,0.34,0.65,5,2.0,1.2,0.0033,180,0.95,0.1,48,0.3,3,0.025,260,8.0,42,0,0,0.0,0.0,0.0,0.0,0.0,0.0,0.0,0.0,True,92,2025-11,56,0.23214285714285715,0.17825255115557243,46,0.34,0.65,-8.326672684688674e-17,0,0,0,0,0,0.0,0.0,0.0,0.0,0.0,0.0,0.0,0.0,True,148,2025-12,46,0.10869565217391304,0.09600628900716218,58,0.34,0.65,0.018997873049183378,0,0,0,4,2,0.5,1.726701477881217,1.30182694885876,1.3263679011983285,1.3263679011983285,0.8497490580449143,2.60365389771752,0.21243726451122857,True,194,2026-01,58,0.3448275862068966,0.2253658942428132,61,0.34,0.65,-0.006228971634764935,19,4,4,4,2,0.5,1.6971002669203972,1.2871360081059664,1.3185088881303983,1.3185088881303983,0.819928517628862,1.2962128806976057,0.2049821294072155,True,252,2026-02,61,0.3442622950819672,0.22461356455174158,59,0.34,0.65,0.004448287687844776,26,4,4,0,0,0.0,0.0,0.0,0.0,0.0,0.0,0.0,0.0,True,313,2026-03,59,0.2542372881355932,0.18618036685386746,60,0.34,0.65,0.0014213816212333419,0,0,0,0,0,0.0,0.0,0.0,0.0,0.0,0.0,0.0,0.0,True,372,2026-04,60,0.2,0.15965487904925627,103,0.34,0.65,0.0031858706829359096,0,0,0
3,震荡空头反转,6,9483b3f989173282,3702.7087230066363,False,连续两个有机会开发月无交易|有效开发月份不足|开发交易样本不足,4,0.34,0.65,8,2.0,1.2,0.0033,180,0.95,0.1,48,0.3,3,0.025,260,8.0,42,0,0,0.0,0.0,0.0,0.0,0.0,0.0,0.0,0.0,True,92,2025-11,56,0.23214285714285715,0.17825255115557243,46,0.34,0.65,-8.326672684688674e-17,0,0,0,0,0,0.0,0.0,0.0,0.0,0.0,0.0,0.0,0.0,True,148,2025-12,46,0.10869565217391304,0.09600628900716218,58,0.34,0.65,0.018997873049183378,0,0,0,4,2,0.5,1.726701477881217,1.30182694885876,1.3263679011983285,1.3263679011983285,0.8497490580449143,2.60365389771752,0.21243726451122857,True,194,2026-01,58,0.3448275862068966,0.2253658942428132,61,0.34,0.65,-0.006228971634764935,19,4,4,4,2,0.5,1.6971002669203972,1.2871360081059664,1.3185088881303983,1.3185088881303983,0.819928517628862,1.2962128806976057,0.2049821294072155,True,252,2026-02,61,0.3442622950819672,0.22461356455174158,59,0.34,0.65,0.004448287687844776,26,4,4,0,0,0.0,0.0,0.0,0.0,0.0,0.0,0.0,0.0,True,313,2026-03,59,0.2542372881355932,0.18618036685386746,60,0.34,0.65,0.0014213816212333419,0,0,0,0,0,0.0,0.0,0.0,0.0,0.0,0.0,0.0,0.0,True,372,2026-04,60,0.2,0.15965487904925627,103,0.34,0.65,0.0031858706829359096,0,0,0
3,震荡空头反转,7,a0e5d97af3092f56,3644.2355965598263,False,连续两个有机会开发月无交易|有效开发月份不足|开发交易样本不足,7,0.34,0.65,2,2.0,1.2,0.0033,180,0.95,0.1,48,0.3,3,0.025,260,8.0,42,0,0,0.0,0.0,0.0,0.0,0.0,0.0,0.0,0.0,True,92,2025-11,56,0.23214285714285715,0.17825255115557243,46,0.34,0.65,-8.326672684688674e-17,0,0,0,0,0,0.0,0.0,0.0,0.0,0.0,0.0,0.0,0.0,True,148,2025-12,46,0.10869565217391304,0.09600628900716218,58,0.34,0.65,0.018997873049183378,0,0,0,7,4,0.5714285714285714,1.7118859864561982,0.9358486918783736,1.8292337226226323,2.4389782968301765,4.039997870189673,2.60365389771752,0.577142552884239,True,194,2026-01,58,0.3448275862068966,0.2253658942428132,61,0.34,0.65,-0.006228971634764935,19,7,7,7,3,0.42857142857142855,1.697104623857225,1.0206268371441294,1.6628061913460792,1.2471046435095594,1.0088065229951568,1.5082353323645852,0.1441152175707367,True,252,2026-02,61,0.3442622950819672,0.22461356455174158,59,0.34,0.65,0.004448287687844776,26,7,7,0,0,0.0,0.0,0.0,0.0,0.0,0.0,0.0,0.0,True,313,2026-03,59,0.2542372881355932,0.18618036685386746,60,0.34,0.65,0.0014213816212333419,0,0,0,0,0,0.0,0.0,0.0,0.0,0.0,0.0,0.0,0.0,True,372,2026-04,60,0.2,0.15965487904925627,103,0.34,0.65,0.0031858706829359096,0,0,0
3,震荡空头反转,8,1d5baacfdb969140,3644.2355965598263,False,连续两个有机会开发月无交易|有效开发月份不足|开发交易样本不足,7,0.34,0.65,5,2.0,1.2,0.0033,180,0.95,0.1,48,0.3,3,0.025,260,8.0,42,0,0,0.0,0.0,0.0,0.0,0.0,0.0,0.0,0.0,True,92,2025-11,56,0.23214285714285715,0.17825255115557243,46,0.34,0.65,-8.326672684688674e-17,0,0,0,0,0,0.0,0.0,0.0,0.0,0.0,0.0,0.0,0.0,True,148,2025-12,46,0.10869565217391304,0.09600628900716218,58,0.34,0.65,0.018997873049183378,0,0,0,7,4,0.5714285714285714,1.7118859864561982,0.9358486918783736,1.8292337226226323,2.4389782968301765,4.039997870189673,2.60365389771752,0.577142552884239,True,194,2026-01,58,0.3448275862068966,0.2253658942428132,61,0.34,0.65,-0.006228971634764935,19,7,7,7,3,0.42857142857142855,1.697104623857225,1.0206268371441294,1.6628061913460792,1.2471046435095594,1.0088065229951568,1.5082353323645852,0.1441152175707367,True,252,2026-02,61,0.3442622950819672,0.22461356455174158,59,0.34,0.65,0.004448287687844776,26,7,7,0,0,0.0,0.0,0.0,0.0,0.0,0.0,0.0,0.0,True,313,2026-03,59,0.2542372881355932,0.18618036685386746,60,0.34,0.65,0.0014213816212333419,0,0,0,0,0,0.0,0.0,0.0,0.0,0.0,0.0,0.0,0.0,True,372,2026-04,60,0.2,0.15965487904925627,103,0.34,0.65,0.0031858706829359096,0,0,0
3,震荡空头反转,9,3c934501ce7ecaf5,3644.2355965598263,False,连续两个有机会开发月无交易|有效开发月份不足|开发交易样本不足,7,0.34,0.65,8,2.0,1.2,0.0033,180,0.95,0.1,48,0.3,3,0.025,260,8.0,42,0,0,0.0,0.0,0.0,0.0,0.0,0.0,0.0,0.0,True,92,2025-11,56,0.23214285714285715,0.17825255115557243,46,0.34,0.65,-8.326672684688674e-17,0,0,0,0,0,0.0,0.0,0.0,0.0,0.0,0.0,0.0,0.0,True,148,2025-12,46,0.10869565217391304,0.09600628900716218,58,0.34,0.65,0.018997873049183378,0,0,0,7,4,0.5714285714285714,1.7118859864561982,0.9358486918783736,1.8292337226226323,2.4389782968301765,4.039997870189673,2.60365389771752,0.577142552884239,True,194,2026-01,58,0.3448275862068966,0.2253658942428132,61,0.34,0.65,-0.006228971634764935,19,7,7,7,3,0.42857142857142855,1.697104623857225,1.0206268371441294,1.6628061913460792,1.2471046435095594,1.0088065229951568,1.5082353323645852,0.1441152175707367,True,252,2026-02,61,0.3442622950819672,0.22461356455174158,59,0.34,0.65,0.004448287687844776,26,7,7,0,0,0.0,0.0,0.0,0.0,0.0,0.0,0.0,0.0,True,313,2026-03,59,0.2542372881355932,0.18618036685386746,60,0.34,0.65,0.0014213816212333419,0,0,0,0,0,0.0,0.0,0.0,0.0,0.0,0.0,0.0,0.0,True,372,2026-04,60,0.2,0.15965487904925627,103,0.34,0.65,0.0031858706829359096,0,0,0
3,震荡空头反转,10,81f8752b8ac80560,3156.343110230894,False,连续两个有机会开发月无交易|有效开发月份不足|开发交易样本不足,7,0.34,0.85,2,1.8,1.05,0.003,144,0.85,0.08,42,0.32,3,0.025,260,8.0,42,0,0,0.0,0.0,0.0,0.0,0.0,0.0,0.0,0.0,True,92,2025-11,56,0.25,0.1875000002593336,46,0.34,0.85,-1.1102230246251565e-16,0,0,0,0,0,0.0,0.0,0.0,0.0,0.0,0.0,0.0,0.0,True,148,2025-12,46,0.10869565217391304,0.0968696619938038,58,0.34,0.85,-0.0007440024252697713,0,0,0,5,2,0.4,1.4666059749318003,0.9546387998122062,1.5362941200591331,1.024196080039422,0.06929555042698188,2.6096562152077967,0.013859110085396375,True,194,2026-01,58,0.3448275862068966,0.21862720102780997,61,0.34,0.85,0.005613723850717511,12,7,5,1,1,1.0,1.466666834620324,0.0,0.0,0.0,1.466666834620324,0.0,1.466666834620324,True,252,2026-02,61,0.3114754098360656,0.21382749185197444,59,0.34,0.85,-0.002002235729477053,1,1,1,0,0,0.0,0.0,0.0,0.0,0.0,0.0,0.0,0.0,True,313,2026-03,59,0.288135593220339,0.20429086797910004,60,0.34,0.85,-0.006361185613292686,0,0,0,0,0,0.0,0.0,0.0,0.0,0.0,0.0,0.0,0.0,True,372,2026-04,60,0.21666666666666667,0.16445691147671054,103,0.34,0.85,0.0024676526995459636,0,0,0
3,震荡空头反转,11,54b1d8ff51999d6d,3156.343110230894,False,连续两个有机会开发月无交易|有效开发月份不足|开发交易样本不足,7,0.34,0.85,5,1.8,1.05,0.003,144,0.85,0.08,42,0.32,3,0.025,260,8.0,42,0,0,0.0,0.0,0.0,0.0,0.0,0.0,0.0,0.0,True,92,2025-11,56,0.25,0.1875000002593336,46,0.34,0.85,-1.1102230246251565e-16,0,0,0,0,0,0.0,0.0,0.0,0.0,0.0,0.0,0.0,0.0,True,148,2025-12,46,0.10869565217391304,0.0968696619938038,58,0.34,0.85,-0.0007440024252697713,0,0,0,5,2,0.4,1.4666059749318003,0.9546387998122062,1.5362941200591331,1.024196080039422,0.06929555042698188,2.6096562152077967,0.013859110085396375,True,194,2026-01,58,0.3448275862068966,0.21862720102780997,61,0.34,0.85,0.005613723850717511,12,7,5,1,1,1.0,1.466666834620324,0.0,0.0,0.0,1.466666834620324,0.0,1.466666834620324,True,252,2026-02,61,0.3114754098360656,0.21382749185197444,59,0.34,0.85,-0.002002235729477053,1,1,1,0,0,0.0,0.0,0.0,0.0,0.0,0.0,0.0,0.0,True,313,2026-03,59,0.288135593220339,0.20429086797910004,60,0.34,0.85,-0.006361185613292686,0,0,0,0,0,0.0,0.0,0.0,0.0,0.0,0.0,0.0,0.0,True,372,2026-04,60,0.21666666666666667,0.16445691147671054,103,0.34,0.85,0.0024676526995459636,0,0,0
3,震荡空头反转,12,a2f257e701857eac,3156.343110230894,False,连续两个有机会开发月无交易|有效开发月份不足|开发交易样本不足,7,0.34,0.85,8,1.8,1.05,0.003,144,0.85,0.08,42,0.32,3,0.025,260,8.0,42,0,0,0.0,0.0,0.0,0.0,0.0,0.0,0.0,0.0,True,92,2025-11,56,0.25,0.1875000002593336,46,0.34,0.85,-1.1102230246251565e-16,0,0,0,0,0,0.0,0.0,0.0,0.0,0.0,0.0,0.0,0.0,True,148,2025-12,46,0.10869565217391304,0.0968696619938038,58,0.34,0.85,-0.0007440024252697713,0,0,0,5,2,0.4,1.4666059749318003,0.9546387998122062,1.5362941200591331,1.024196080039422,0.06929555042698188,2.6096562152077967,0.013859110085396375,True,194,2026-01,58,0.3448275862068966,0.21862720102780997,61,0.34,0.85,0.005613723850717511,12,7,5,1,1,1.0,1.466666834620324,0.0,0.0,0.0,1.466666834620324,0.0,1.466666834620324,True,252,2026-02,61,0.3114754098360656,0.21382749185197444,59,0.34,0.85,-0.002002235729477053,1,1,1,0,0,0.0,0.0,0.0,0.0,0.0,0.0,0.0,0.0,True,313,2026-03,59,0.288135593220339,0.20429086797910004,60,0.34,0.85,-0.006361185613292686,0,0,0,0,0,0.0,0.0,0.0,0.0,0.0,0.0,0.0,0.0,True,372,2026-04,60,0.21666666666666667,0.16445691147671054,103,0.34,0.85,0.0024676526995459636,0,0,0
3,震荡空头反转,13,12dfce441cbb38b7,3033.4130927847555,False,连续两个有机会开发月无交易|开发月最低胜率过低|有效开发月份不足|开发交易样本不足,4,0.34,0.85,2,2.0,1.2,0.0033,180,0.95,0.1,48,0.3,2,0.035,220,6.0,32,0,0,0.0,0.0,0.0,0.0,0.0,0.0,0.0,0.0,True,92,2025-11,56,0.23214285714285715,0.17415720411469346,46,0.34,0.85,0.003488137535486824,0,0,0,0,0,0.0,0.0,0.0,0.0,0.0,0.0,0.0,0.0,True,148,2025-12,46,0.10869565217391304,0.096862885451669,58,0.34,0.85,0.001194153651662186,0,0,0,4,3,0.75,1.716854523196992,1.3043015276887362,1.316301857162824,3.948905571488472,3.84626204190224,1.3043015276887362,0.96156551047556,True,194,2026-01,58,0.3448275862068966,0.22510508157967704,61,0.34,0.85,-0.0044483481601018116,9,4,4,4,1,0.25,1.6970786136116032,0.9287591262059336,1.8272537687401527,0.6090845895800509,-1.0891987650061976,1.5082182431034739,-0.2722996912515494,True,252,2026-02,61,0.3442622950819672,0.22430110573292722,59,0.34,0.85,0.0070080588701508795,16,4,4,0,0,0.0,0.0,0.0,0.0,0.0,0.0,0.0,0.0,True,313,2026-03,59,0.2542372881355932,0.18755277822997565,60,0.34,0.85,-0.00044358359031121397,0,0,0,0,0,0.0,0.0,0.0,0.0,0.0,0.0,0.0,0.0,True,372,2026-04,60,0.2,0.15780038971426516,103,0.34,0.85,0.00975047764714046,0,0,0
3,震荡空头反转,14,9c373567aa1c6a7e,3033.4130927847555,False,连续两个有机会开发月无交易|开发月最低胜率过低|有效开发月份不足|开发交易样本不足,4,0.34,0.85,5,2.0,1.2,0.0033,180,0.95,0.1,48,0.3,2,0.035,220,6.0,32,0,0,0.0,0.0,0.0,0.0,0.0,0.0,0.0,0.0,True,92,2025-11,56,0.23214285714285715,0.17415720411469346,46,0.34,0.85,0.003488137535486824,0,0,0,0,0,0.0,0.0,0.0,0.0,0.0,0.0,0.0,0.0,True,148,2025-12,46,0.10869565217391304,0.096862885451669,58,0.34,0.85,0.001194153651662186,0,0,0,4,3,0.75,1.716854523196992,1.3043015276887362,1.316301857162824,3.948905571488472,3.84626204190224,1.3043015276887362,0.96156551047556,True,194,2026-01,58,0.3448275862068966,0.22510508157967704,61,0.34,0.85,-0.0044483481601018116,9,4,4,4,1,0.25,1.6970786136116032,0.9287591262059336,1.8272537687401527,0.6090845895800509,-1.0891987650061976,1.5082182431034739,-0.2722996912515494,True,252,2026-02,61,0.3442622950819672,0.22430110573292722,59,0.34,0.85,0.0070080588701508795,16,4,4,0,0,0.0,0.0,0.0,0.0,0.0,0.0,0.0,0.0,True,313,2026-03,59,0.2542372881355932,0.18755277822997565,60,0.34,0.85,-0.00044358359031121397,0,0,0,0,0,0.0,0.0,0.0,0.0,0.0,0.0,0.0,0.0,True,372,2026-04,60,0.2,0.15780038971426516,103,0.34,0.85,0.00975047764714046,0,0,0
3,震荡空头反转,15,cbe465ee4d97d20a,3033.4130927847555,False,连续两个有机会开发月无交易|开发月最低胜率过低|有效开发月份不足|开发交易样本不足,4,0.34,0.85,8,2.0,1.2,0.0033,180,0.95,0.1,48,0.3,2,0.035,220,6.0,32,0,0,0.0,0.0,0.0,0.0,0.0,0.0,0.0,0.0,True,92,2025-11,56,0.23214285714285715,0.17415720411469346,46,0.34,0.85,0.003488137535486824,0,0,0,0,0,0.0,0.0,0.0,0.0,0.0,0.0,0.0,0.0,True,148,2025-12,46,0.10869565217391304,0.096862885451669,58,0.34,0.85,0.001194153651662186,0,0,0,4,3,0.75,1.716854523196992,1.3043015276887362,1.316301857162824,3.948905571488472,3.84626204190224,1.3043015276887362,0.96156551047556,True,194,2026-01,58,0.3448275862068966,0.22510508157967704,61,0.34,0.85,-0.0044483481601018116,9,4,4,4,1,0.25,1.6970786136116032,0.9287591262059336,1.8272537687401527,0.6090845895800509,-1.0891987650061976,1.5082182431034739,-0.2722996912515494,True,252,2026-02,61,0.3442622950819672,0.22430110573292722,59,0.34,0.85,0.0070080588701508795,16,4,4,0,0,0.0,0.0,0.0,0.0,0.0,0.0,0.0,0.0,True,313,2026-03,59,0.2542372881355932,0.18755277822997565,60,0.34,0.85,-0.00044358359031121397,0,0,0,0,0,0.0,0.0,0.0,0.0,0.0,0.0,0.0,0.0,True,372,2026-04,60,0.2,0.15780038971426516,103,0.34,0.85,0.00975047764714046,0,0,0
3,震荡空头反转,16,f2002e7755a2e565,2908.4821908239064,False,连续两个有机会开发月无交易|累计胜率过低|有效开发月份不足|累计盈利因子不足|正收益月份不足|利润过度集中单月,10,0.34,0.65,2,2.0,1.2,0.0033,180,0.95,0.1,48,0.3,3,0.025,260,8.0,42,0,0,0.0,0.0,0.0,0.0,0.0,0.0,0.0,0.0,True,92,2025-11,56,0.23214285714285715,0.17825255115557243,46,0.34,0.65,-8.326672684688674e-17,0,0,0,0,0,0.0,0.0,0.0,0.0,0.0,0.0,0.0,0.0,True,148,2025-12,46,0.10869565217391304,0.09600628900716218,58,0.34,0.65,0.018997873049183378,0,0,0,9,4,0.4444444444444444,1.7118859864561982,1.0832838096369581,1.5802746900001248,1.2642197520000997,1.4311248976400017,2.8127651504672713,0.15901387751555573,True,194,2026-01,58,0.3448275862068966,0.2253658942428132,61,0.34,0.65,-0.006228971634764935,19,10,9,10,4,0.4,1.6971087163516207,1.1152130317278486,1.5217798466022368,1.0145198977348244,0.09715667503939174,2.608770841790574,0.009715667503939174,True,252,2026-02,61,0.3442622950819672,0.22461356455174158,59,0.34,0.65,0.004448287687844776,26,10,10,0,0,0.0,0.0,0.0,0.0,0.0,0.0,0.0,0.0,True,313,2026-03,59,0.2542372881355932,0.18618036685386746,60,0.34,0.65,0.0014213816212333419,0,0,0,0,0,0.0,0.0,0.0,0.0,0.0,0.0,0.0,0.0,True,372,2026-04,60,0.2,0.15965487904925627,103,0.34,0.65,0.0031858706829359096,0,0,0
3,震荡空头反转,17,c92b8b3a500645b4,2908.4821908239064,False,连续两个有机会开发月无交易|累计胜率过低|有效开发月份不足|累计盈利因子不足|正收益月份不足|利润过度集中单月,10,0.34,0.65,5,2.0,1.2,0.0033,180,0.95,0.1,48,0.3,3,0.025,260,8.0,42,0,0,0.0,0.0,0.0,0.0,0.0,0.0,0.0,0.0,True,92,2025-11,56,0.23214285714285715,0.17825255115557243,46,0.34,0.65,-8.326672684688674e-17,0,0,0,0,0,0.0,0.0,0.0,0.0,0.0,0.0,0.0,0.0,True,148,2025-12,46,0.10869565217391304,0.09600628900716218,58,0.34,0.65,0.018997873049183378,0,0,0,9,4,0.4444444444444444,1.7118859864561982,1.0832838096369581,1.5802746900001248,1.2642197520000997,1.4311248976400017,2.8127651504672713,0.15901387751555573,True,194,2026-01,58,0.3448275862068966,0.2253658942428132,61,0.34,0.65,-0.006228971634764935,19,10,9,10,4,0.4,1.6971087163516207,1.1152130317278486,1.5217798466022368,1.0145198977348244,0.09715667503939174,2.608770841790574,0.009715667503939174,True,252,2026-02,61,0.3442622950819672,0.22461356455174158,59,0.34,0.65,0.004448287687844776,26,10,10,0,0,0.0,0.0,0.0,0.0,0.0,0.0,0.0,0.0,True,313,2026-03,59,0.2542372881355932,0.18618036685386746,60,0.34,0.65,0.0014213816212333419,0,0,0,0,0,0.0,0.0,0.0,0.0,0.0,0.0,0.0,0.0,True,372,2026-04,60,0.2,0.15965487904925627,103,0.34,0.65,0.0031858706829359096,0,0,0
3,震荡空头反转,18,41bba4bf55436ffe,2908.4821908239064,False,连续两个有机会开发月无交易|累计胜率过低|有效开发月份不足|累计盈利因子不足|正收益月份不足|利润过度集中单月,10,0.34,0.65,8,2.0,1.2,0.0033,180,0.95,0.1,48,0.3,3,0.025,260,8.0,42,0,0,0.0,0.0,0.0,0.0,0.0,0.0,0.0,0.0,True,92,2025-11,56,0.23214285714285715,0.17825255115557243,46,0.34,0.65,-8.326672684688674e-17,0,0,0,0,0,0.0,0.0,0.0,0.0,0.0,0.0,0.0,0.0,True,148,2025-12,46,0.10869565217391304,0.09600628900716218,58,0.34,0.65,0.018997873049183378,0,0,0,9,4,0.4444444444444444,1.7118859864561982,1.0832838096369581,1.5802746900001248,1.2642197520000997,1.4311248976400017,2.8127651504672713,0.15901387751555573,True,194,2026-01,58,0.3448275862068966,0.2253658942428132,61,0.34,0.65,-0.006228971634764935,19,10,9,10,4,0.4,1.6971087163516207,1.1152130317278486,1.5217798466022368,1.0145198977348244,0.09715667503939174,2.608770841790574,0.009715667503939174,True,252,2026-02,61,0.3442622950819672,0.22461356455174158,59,0.34,0.65,0.004448287687844776,26,10,10,0,0,0.0,0.0,0.0,0.0,0.0,0.0,0.0,0.0,True,313,2026-03,59,0.2542372881355932,0.18618036685386746,60,0.34,0.65,0.0014213816212333419,0,0,0,0,0,0.0,0.0,0.0,0.0,0.0,0.0,0.0,0.0,True,372,2026-04,60,0.2,0.15965487904925627,103,0.34,0.65,0.0031858706829359096,0,0,0
3,震荡空头反转,19,5d8612b82be57449,2529.2771436206167,False,连续两个有机会开发月无交易|开发月最低胜率过低|有效开发月份不足|开发交易样本不足,7,0.34,0.65,2,2.0,1.2,0.0033,180,0.95,0.1,48,0.3,2,0.035,220,6.0,32,0,0,0.0,0.0,0.0,0.0,0.0,0.0,0.0,0.0,True,92,2025-11,56,0.23214285714285715,0.17415720411469346,46,0.34,0.65,0.003488137535486824,0,0,0,0,0,0.0,0.0,0.0,0.0,0.0,0.0,0.0,0.0,True,148,2025-12,46,0.10869565217391304,0.096862885451669,58,0.34,0.65,0.001194153651662186,0,0,0,7,2,0.2857142857142857,1.726751651231221,0.8066087710287754,2.140754865619506,0.8563019462478025,-0.579540552681435,2.524988931674269,-0.08279150752591928,True,194,2026-01,58,0.3448275862068966,0.22510508157967704,61,0.34,0.65,-0.0044483481601018116,19,7,7,7,3,0.42857142857142855,1.6971011743875752,1.0059428617721344,1.6870751201493208,1.2653063401119904,1.0675320760741878,2.5418738088751986,0.15250458229631253,True,252,2026-02,61,0.3442622950819672,0.22430110573292722,59,0.34,0.65,0.0070080588701508795,27,7,7,0,0,0.0,0.0,0.0,0.0,0.0,0.0,0.0,0.0,True,313,2026-03,59,0.2542372881355932,0.18755277822997565,60,0.34,0.65,-0.00044358359031121397,0,0,0,0,0,0.0,0.0,0.0,0.0,0.0,0.0,0.0,0.0,True,372,2026-04,60,0.2,0.15780038971426516,103,0.34,0.65,0.00975047764714046,0,0,0
3,震荡空头反转,20,a9a21ab1ef184acc,2529.2771436206167,False,连续两个有机会开发月无交易|开发月最低胜率过低|有效开发月份不足|开发交易样本不足,7,0.34,0.65,5,2.0,1.2,0.0033,180,0.95,0.1,48,0.3,2,0.035,220,6.0,32,0,0,0.0,0.0,0.0,0.0,0.0,0.0,0.0,0.0,True,92,2025-11,56,0.23214285714285715,0.17415720411469346,46,0.34,0.65,0.003488137535486824,0,0,0,0,0,0.0,0.0,0.0,0.0,0.0,0.0,0.0,0.0,True,148,2025-12,46,0.10869565217391304,0.096862885451669,58,0.34,0.65,0.001194153651662186,0,0,0,7,2,0.2857142857142857,1.726751651231221,0.8066087710287754,2.140754865619506,0.8563019462478025,-0.579540552681435,2.524988931674269,-0.08279150752591928,True,194,2026-01,58,0.3448275862068966,0.22510508157967704,61,0.34,0.65,-0.0044483481601018116,19,7,7,7,3,0.42857142857142855,1.6971011743875752,1.0059428617721344,1.6870751201493208,1.2653063401119904,1.0675320760741878,2.5418738088751986,0.15250458229631253,True,252,2026-02,61,0.3442622950819672,0.22430110573292722,59,0.34,0.65,0.0070080588701508795,27,7,7,0,0,0.0,0.0,0.0,0.0,0.0,0.0,0.0,0.0,True,313,2026-03,59,0.2542372881355932,0.18755277822997565,60,0.34,0.65,-0.00044358359031121397,0,0,0,0,0,0.0,0.0,0.0,0.0,0.0,0.0,0.0,0.0,True,372,2026-04,60,0.2,0.15780038971426516,103,0.34,0.65,0.00975047764714046,0,0,0
3,震荡空头反转,21,c28bd93a06403188,2529.2771436206167,False,连续两个有机会开发月无交易|开发月最低胜率过低|有效开发月份不足|开发交易样本不足,7,0.34,0.65,8,2.0,1.2,0.0033,180,0.95,0.1,48,0.3,2,0.035,220,6.0,32,0,0,0.0,0.0,0.0,0.0,0.0,0.0,0.0,0.0,True,92,2025-11,56,0.23214285714285715,0.17415720411469346,46,0.34,0.65,0.003488137535486824,0,0,0,0,0,0.0,0.0,0.0,0.0,0.0,0.0,0.0,0.0,True,148,2025-12,46,0.10869565217391304,0.096862885451669,58,0.34,0.65,0.001194153651662186,0,0,0,7,2,0.2857142857142857,1.726751651231221,0.8066087710287754,2.140754865619506,0.8563019462478025,-0.579540552681435,2.524988931674269,-0.08279150752591928,True,194,2026-01,58,0.3448275862068966,0.22510508157967704,61,0.34,0.65,-0.0044483481601018116,19,7,7,7,3,0.42857142857142855,1.6971011743875752,1.0059428617721344,1.6870751201493208,1.2653063401119904,1.0675320760741878,2.5418738088751986,0.15250458229631253,True,252,2026-02,61,0.3442622950819672,0.22430110573292722,59,0.34,0.65,0.0070080588701508795,27,7,7,0,0,0.0,0.0,0.0,0.0,0.0,0.0,0.0,0.0,True,313,2026-03,59,0.2542372881355932,0.18755277822997565,60,0.34,0.65,-0.00044358359031121397,0,0,0,0,0,0.0,0.0,0.0,0.0,0.0,0.0,0.0,0.0,True,372,2026-04,60,0.2,0.15780038971426516,103,0.34,0.65,0.00975047764714046,0,0,0
3,震荡空头反转,22,366e5f6bf2d8671a,2274.1242848663005,False,连续两个有机会开发月无交易|开发月最低胜率过低|有效开发月份不足|开发交易样本不足,4,0.34,0.65,2,2.0,1.2,0.0033,180,0.95,0.1,48,0.3,2,0.035,220,6.0,32,0,0,0.0,0.0,0.0,0.0,0.0,0.0,0.0,0.0,True,92,2025-11,56,0.23214285714285715,0.17415720411469346,46,0.34,0.65,0.003488137535486824,0,0,0,0,0,0.0,0.0,0.0,0.0,0.0,0.0,0.0,0.0,True,148,2025-12,46,0.10869565217391304,0.096862885451669,58,0.34,0.65,0.001194153651662186,0,0,0,4,2,0.5,1.726751651231221,0.7540274617348043,2.290038146964108,2.290038146964108,1.9454483789928336,1.5080549234696086,0.4863620947482084,True,194,2026-01,58,0.3448275862068966,0.22510508157967704,61,0.34,0.65,-0.0044483481601018116,19,4,4,4,1,0.25,1.6970786136116032,1.2733109814631751,1.3328076473992805,0.44426921579976014,-2.122854330777922,2.5418738088751986,-0.5307135826944805,True,252,2026-02,61,0.3442622950819672,0.22430110573292722,59,0.34,0.65,0.0070080588701508795,27,4,4,0,0,0.0,0.0,0.0,0.0,0.0,0.0,0.0,0.0,True,313,2026-03,59,0.2542372881355932,0.18755277822997565,60,0.34,0.65,-0.00044358359031121397,0,0,0,0,0,0.0,0.0,0.0,0.0,0.0,0.0,0.0,0.0,True,372,2026-04,60,0.2,0.15780038971426516,103,0.34,0.65,0.00975047764714046,0,0,0
3,震荡空头反转,23,b72f8e7b3b9416a9,2274.1242848663005,False,连续两个有机会开发月无交易|开发月最低胜率过低|有效开发月份不足|开发交易样本不足,4,0.34,0.65,5,2.0,1.2,0.0033,180,0.95,0.1,48,0.3,2,0.035,220,6.0,32,0,0,0.0,0.0,0.0,0.0,0.0,0.0,0.0,0.0,True,92,2025-11,56,0.23214285714285715,0.17415720411469346,46,0.34,0.65,0.003488137535486824,0,0,0,0,0,0.0,0.0,0.0,0.0,0.0,0.0,0.0,0.0,True,148,2025-12,46,0.10869565217391304,0.096862885451669,58,0.34,0.65,0.001194153651662186,0,0,0,4,2,0.5,1.726751651231221,0.7540274617348043,2.290038146964108,2.290038146964108,1.9454483789928336,1.5080549234696086,0.4863620947482084,True,194,2026-01,58,0.3448275862068966,0.22510508157967704,61,0.34,0.65,-0.0044483481601018116,19,4,4,4,1,0.25,1.6970786136116032,1.2733109814631751,1.3328076473992805,0.44426921579976014,-2.122854330777922,2.5418738088751986,-0.5307135826944805,True,252,2026-02,61,0.3442622950819672,0.22430110573292722,59,0.34,0.65,0.0070080588701508795,27,4,4,0,0,0.0,0.0,0.0,0.0,0.0,0.0,0.0,0.0,True,313,2026-03,59,0.2542372881355932,0.18755277822997565,60,0.34,0.65,-0.00044358359031121397,0,0,0,0,0,0.0,0.0,0.0,0.0,0.0,0.0,0.0,0.0,True,372,2026-04,60,0.2,0.15780038971426516,103,0.34,0.65,0.00975047764714046,0,0,0
3,震荡空头反转,24,bc067567d5574589,2274.1242848663005,False,连续两个有机会开发月无交易|开发月最低胜率过低|有效开发月份不足|开发交易样本不足,4,0.34,0.65,8,2.0,1.2,0.0033,180,0.95,0.1,48,0.3,2,0.035,220,6.0,32,0,0,0.0,0.0,0.0,0.0,0.0,0.0,0.0,0.0,True,92,2025-11,56,0.23214285714285715,0.17415720411469346,46,0.34,0.65,0.003488137535486824,0,0,0,0,0,0.0,0.0,0.0,0.0,0.0,0.0,0.0,0.0,True,148,2025-12,46,0.10869565217391304,0.096862885451669,58,0.34,0.65,0.001194153651662186,0,0,0,4,2,0.5,1.726751651231221,0.7540274617348043,2.290038146964108,2.290038146964108,1.9454483789928336,1.5080549234696086,0.4863620947482084,True,194,2026-01,58,0.3448275862068966,0.22510508157967704,61,0.34,0.65,-0.0044483481601018116,19,4,4,4,1,0.25,1.6970786136116032,1.2733109814631751,1.3328076473992805,0.44426921579976014,-2.122854330777922,2.5418738088751986,-0.5307135826944805,True,252,2026-02,61,0.3442622950819672,0.22430110573292722,59,0.34,0.65,0.0070080588701508795,27,4,4,0,0,0.0,0.0,0.0,0.0,0.0,0.0,0.0,0.0,True,313,2026-03,59,0.2542372881355932,0.18755277822997565,60,0.34,0.65,-0.00044358359031121397,0,0,0,0,0,0.0,0.0,0.0,0.0,0.0,0.0,0.0,0.0,True,372,2026-04,60,0.2,0.15780038971426516,103,0.34,0.65,0.00975047764714046,0,0,0
3,震荡空头反转,25,8a1d222263363aa4,2274.1242848663005,False,连续两个有机会开发月无交易|开发月最低胜率过低|有效开发月份不足|开发交易样本不足,4,0.34,0.75,2,2.0,1.2,0.0033,180,0.95,0.1,48,0.3,2,0.035,220,6.0,32,0,0,0.0,0.0,0.0,0.0,0.0,0.0,0.0,0.0,True,92,2025-11,56,0.23214285714285715,0.17415720411469346,46,0.34,0.75,0.003488137535486824,0,0,0,0,0,0.0,0.0,0.0,0.0,0.0,0.0,0.0,0.0,True,148,2025-12,46,0.10869565217391304,0.096862885451669,58,0.34,0.75,0.001194153651662186,0,0,0,4,2,0.5,1.726751651231221,0.7540274617348043,2.290038146964108,2.290038146964108,1.9454483789928336,1.5080549234696086,0.4863620947482084,True,194,2026-01,58,0.3448275862068966,0.22510508157967704,61,0.34,0.75,-0.0044483481601018116,16,4,4,4,1,0.25,1.6970786136116032,1.2733109814631751,1.3328076473992805,0.44426921579976014,-2.122854330777922,2.5418738088751986,-0.5307135826944805,True,252,2026-02,61,0.3442622950819672,0.22430110573292722,59,0.34,0.75,0.0070080588701508795,21,4,4,0,0,0.0,0.0,0.0,0.0,0.0,0.0,0.0,0.0,True,313,2026-03,59,0.2542372881355932,0.18755277822997565,60,0.34,0.75,-0.00044358359031121397,0,0,0,0,0,0.0,0.0,0.0,0.0,0.0,0.0,0.0,0.0,True,372,2026-04,60,0.2,0.15780038971426516,103,0.34,0.75,0.00975047764714046,0,0,0
3,震荡空头反转,26,fcd4db32f6ed035c,2274.1242848663005,False,连续两个有机会开发月无交易|开发月最低胜率过低|有效开发月份不足|开发交易样本不足,4,0.34,0.75,5,2.0,1.2,0.0033,180,0.95,0.1,48,0.3,2,0.035,220,6.0,32,0,0,0.0,0.0,0.0,0.0,0.0,0.0,0.0,0.0,True,92,2025-11,56,0.23214285714285715,0.17415720411469346,46,0.34,0.75,0.003488137535486824,0,0,0,0,0,0.0,0.0,0.0,0.0,0.0,0.0,0.0,0.0,True,148,2025-12,46,0.10869565217391304,0.096862885451669,58,0.34,0.75,0.001194153651662186,0,0,0,4,2,0.5,1.726751651231221,0.7540274617348043,2.290038146964108,2.290038146964108,1.9454483789928336,1.5080549234696086,0.4863620947482084,True,194,2026-01,58,0.3448275862068966,0.22510508157967704,61,0.34,0.75,-0.0044483481601018116,16,4,4,4,1,0.25,1.6970786136116032,1.2733109814631751,1.3328076473992805,0.44426921579976014,-2.122854330777922,2.5418738088751986,-0.5307135826944805,True,252,2026-02,61,0.3442622950819672,0.22430110573292722,59,0.34,0.75,0.0070080588701508795,21,4,4,0,0,0.0,0.0,0.0,0.0,0.0,0.0,0.0,0.0,True,313,2026-03,59,0.2542372881355932,0.18755277822997565,60,0.34,0.75,-0.00044358359031121397,0,0,0,0,0,0.0,0.0,0.0,0.0,0.0,0.0,0.0,0.0,True,372,2026-04,60,0.2,0.15780038971426516,103,0.34,0.75,0.00975047764714046,0,0,0
3,震荡空头反转,27,b484d0a86d21a3f3,2274.1242848663005,False,连续两个有机会开发月无交易|开发月最低胜率过低|有效开发月份不足|开发交易样本不足,4,0.34,0.75,8,2.0,1.2,0.0033,180,0.95,0.1,48,0.3,2,0.035,220,6.0,32,0,0,0.0,0.0,0.0,0.0,0.0,0.0,0.0,0.0,True,92,2025-11,56,0.23214285714285715,0.17415720411469346,46,0.34,0.75,0.003488137535486824,0,0,0,0,0,0.0,0.0,0.0,0.0,0.0,0.0,0.0,0.0,True,148,2025-12,46,0.10869565217391304,0.096862885451669,58,0.34,0.75,0.001194153651662186,0,0,0,4,2,0.5,1.726751651231221,0.7540274617348043,2.290038146964108,2.290038146964108,1.9454483789928336,1.5080549234696086,0.4863620947482084,True,194,2026-01,58,0.3448275862068966,0.22510508157967704,61,0.34,0.75,-0.0044483481601018116,16,4,4,4,1,0.25,1.6970786136116032,1.2733109814631751,1.3328076473992805,0.44426921579976014,-2.122854330777922,2.5418738088751986,-0.5307135826944805,True,252,2026-02,61,0.3442622950819672,0.22430110573292722,59,0.34,0.75,0.0070080588701508795,21,4,4,0,0,0.0,0.0,0.0,0.0,0.0,0.0,0.0,0.0,True,313,2026-03,59,0.2542372881355932,0.18755277822997565,60,0.34,0.75,-0.00044358359031121397,0,0,0,0,0,0.0,0.0,0.0,0.0,0.0,0.0,0.0,0.0,True,372,2026-04,60,0.2,0.15780038971426516,103,0.34,0.75,0.00975047764714046,0,0,0
3,震荡空头反转,28,2b98fbd50e3774af,2166.8875430867274,False,连续两个有机会开发月无交易|开发月最低胜率过低|累计胜率过低|有效开发月份不足|累计盈利因子不足|正收益月份不足|最差月份亏损过大|利润过度集中单月,10,0.34,0.75,2,2.0,1.2,0.0033,180,0.95,0.1,48,0.3,3,0.025,260,8.0,42,0,0,0.0,0.0,0.0,0.0,0.0,0.0,0.0,0.0,True,92,2025-11,56,0.23214285714285715,0.17825255115557243,46,0.34,0.75,-8.326672684688674e-17,0,0,0,0,0,0.0,0.0,0.0,0.0,0.0,0.0,0.0,0.0,True,148,2025-12,46,0.10869565217391304,0.09600628900716218,58,0.34,0.75,0.018997873049183378,0,0,0,8,4,0.5,1.7118702360401807,0.7528541556473942,2.273840455284609,2.273840455284609,3.836064321571146,2.60365389771752,0.47950804019639326,True,194,2026-01,58,0.3448275862068966,0.2253658942428132,61,0.34,0.75,-0.006228971634764935,12,10,8,8,2,0.25,1.6970959756712416,0.933143355124851,1.8186873071010365,0.6062291023670122,-2.2046681794066236,4.116962492535768,-0.27558352242582795,True,252,2026-02,61,0.3442622950819672,0.22461356455174158,59,0.34,0.75,0.004448287687844776,19,10,8,0,0,0.0,0.0,0.0,0.0,0.0,0.0,0.0,0.0,True,313,2026-03,59,0.2542372881355932,0.18618036685386746,60,0.34,0.75,0.0014213816212333419,0,0,0,0,0,0.0,0.0,0.0,0.0,0.0,0.0,0.0,0.0,True,372,2026-04,60,0.2,0.15965487904925627,103,0.34,0.75,0.0031858706829359096,0,0,0
3,震荡空头反转,29,101d27e5740fe5a4,2119.1362397732587,False,连续两个有机会开发月无交易|开发月最低胜率过低|有效开发月份不足|开发交易样本不足,4,0.34,0.85,2,2.0,1.2,0.0033,180,0.95,0.1,48,0.3,3,0.025,260,8.0,42,0,0,0.0,0.0,0.0,0.0,0.0,0.0,0.0,0.0,True,92,2025-11,56,0.23214285714285715,0.17825255115557243,46,0.34,0.85,-8.326672684688674e-17,0,0,0,0,0,0.0,0.0,0.0,0.0,0.0,0.0,0.0,0.0,True,148,2025-12,46,0.10869565217391304,0.09600628900716218,58,0.34,0.85,0.018997873049183378,0,0,0,4,1,0.25,1.756330444496142,0.5707309427905348,3.077335242958321,1.0257784143194402,0.04413761612453751,1.7121928283716046,0.011034404031134377,True,194,2026-01,58,0.3448275862068966,0.2253658942428132,61,0.34,0.85,-0.006228971634764935,4,4,4,4,1,0.25,1.6970786136116032,0.9287612160922043,1.8272496570777594,0.6090832190259198,-1.0892050346650097,1.508224512762286,-0.27230125866625243,True,252,2026-02,61,0.3442622950819672,0.22461356455174158,59,0.34,0.85,0.004448287687844776,14,4,4,0,0,0.0,0.0,0.0,0.0,0.0,0.0,0.0,0.0,True,313,2026-03,59,0.2542372881355932,0.18618036685386746,60,0.34,0.85,0.0014213816212333419,0,0,0,0,0,0.0,0.0,0.0,0.0,0.0,0.0,0.0,0.0,True,372,2026-04,60,0.2,0.15965487904925627,103,0.34,0.85,0.0031858706829359096,0,0,0
3,震荡空头反转,30,a8a2ebf8f496e1b1,2119.1362397732587,False,连续两个有机会开发月无交易|开发月最低胜率过低|有效开发月份不足|开发交易样本不足,4,0.34,0.85,5,2.0,1.2,0.0033,180,0.95,0.1,48,0.3,3,0.025,260,8.0,42,0,0,0.0,0.0,0.0,0.0,0.0,0.0,0.0,0.0,True,92,2025-11,56,0.23214285714285715,0.17825255115557243,46,0.34,0.85,-8.326672684688674e-17,0,0,0,0,0,0.0,0.0,0.0,0.0,0.0,0.0,0.0,0.0,True,148,2025-12,46,0.10869565217391304,0.09600628900716218,58,0.34,0.85,0.018997873049183378,0,0,0,4,1,0.25,1.756330444496142,0.5707309427905348,3.077335242958321,1.0257784143194402,0.04413761612453751,1.7121928283716046,0.011034404031134377,True,194,2026-01,58,0.3448275862068966,0.2253658942428132,61,0.34,0.85,-0.006228971634764935,4,4,4,4,1,0.25,1.6970786136116032,0.9287612160922043,1.8272496570777594,0.6090832190259198,-1.0892050346650097,1.508224512762286,-0.27230125866625243,True,252,2026-02,61,0.3442622950819672,0.22461356455174158,59,0.34,0.85,0.004448287687844776,14,4,4,0,0,0.0,0.0,0.0,0.0,0.0,0.0,0.0,0.0,True,313,2026-03,59,0.2542372881355932,0.18618036685386746,60,0.34,0.85,0.0014213816212333419,0,0,0,0,0,0.0,0.0,0.0,0.0,0.0,0.0,0.0,0.0,True,372,2026-04,60,0.2,0.15965487904925627,103,0.34,0.85,0.0031858706829359096,0,0,0
4,高波动多头突破,1,46f610205c9e7aef,1340.351555061955,False,连续两个有机会开发月无交易|有效开发月份不足|开发交易样本不足,7,0.35,0.68,2,2.5,1.65,0.0045,288,1.25,0.18,60,0.32,2,0.035,220,6.0,32,0,0,0.0,0.0,0.0,0.0,0.0,0.0,0.0,0.0,True,129,2025-11,48,0.10416666666666667,0.09234463232599029,53,0.35,0.68,0.0057735962345142056,0,0,0,0,0,0.0,0.0,0.0,0.0,0.0,0.0,0.0,0.0,True,177,2025-12,53,0.2641509433962264,0.19222182517749395,43,0.35,0.68,-0.013361221837267068,0,0,0,0,0,0.0,0.0,0.0,0.0,0.0,0.0,0.0,0.0,True,230,2026-01,43,0.16279069767441862,0.13558298959127166,36,0.35,0.68,0.001881198948311763,0,0,0,5,2,0.4,1.1676248427414029,1.138294243341295,1.0257671507799355,0.6838447671866237,-1.0796330445410796,3.4148827300238853,-0.2159266089082159,True,273,2026-02,36,0.3055555555555556,0.177549310864682,65,0.35,0.68,0.013814730361019933,22,7,5,0,0,0.0,0.0,0.0,0.0,0.0,0.0,0.0,0.0,True,309,2026-03,65,0.16923076923076924,0.14000058214466538,91,0.35,0.68,-0.002356164297924318,0,0,0,0,0,0.0,0.0,0.0,0.0,0.0,0.0,0.0,0.0,True,374,2026-04,91,0.21978021978021978,0.17093444314615103,39,0.35,0.68,-0.00013110113383504873,0,0,0
4,高波动多头突破,2,1cbaf06554b26cc5,1340.351555061955,False,连续两个有机会开发月无交易|有效开发月份不足|开发交易样本不足,7,0.35,0.68,5,2.5,1.65,0.0045,288,1.25,0.18,60,0.32,2,0.035,220,6.0,32,0,0,0.0,0.0,0.0,0.0,0.0,0.0,0.0,0.0,True,129,2025-11,48,0.10416666666666667,0.09234463232599029,53,0.35,0.68,0.0057735962345142056,0,0,0,0,0,0.0,0.0,0.0,0.0,0.0,0.0,0.0,0.0,True,177,2025-12,53,0.2641509433962264,0.19222182517749395,43,0.35,0.68,-0.013361221837267068,0,0,0,0,0,0.0,0.0,0.0,0.0,0.0,0.0,0.0,0.0,True,230,2026-01,43,0.16279069767441862,0.13558298959127166,36,0.35,0.68,0.001881198948311763,0,0,0,5,2,0.4,1.1676248427414029,1.138294243341295,1.0257671507799355,0.6838447671866237,-1.0796330445410796,3.4148827300238853,-0.2159266089082159,True,273,2026-02,36,0.3055555555555556,0.177549310864682,65,0.35,0.68,0.013814730361019933,22,7,5,0,0,0.0,0.0,0.0,0.0,0.0,0.0,0.0,0.0,True,309,2026-03,65,0.16923076923076924,0.14000058214466538,91,0.35,0.68,-0.002356164297924318,0,0,0,0,0,0.0,0.0,0.0,0.0,0.0,0.0,0.0,0.0,True,374,2026-04,91,0.21978021978021978,0.17093444314615103,39,0.35,0.68,-0.00013110113383504873,0,0,0
4,高波动多头突破,3,efec51330f5f8376,1340.351555061955,False,连续两个有机会开发月无交易|有效开发月份不足|开发交易样本不足,7,0.35,0.68,8,2.5,1.65,0.0045,288,1.25,0.18,60,0.32,2,0.035,220,6.0,32,0,0,0.0,0.0,0.0,0.0,0.0,0.0,0.0,0.0,True,129,2025-11,48,0.10416666666666667,0.09234463232599029,53,0.35,0.68,0.0057735962345142056,0,0,0,0,0,0.0,0.0,0.0,0.0,0.0,0.0,0.0,0.0,True,177,2025-12,53,0.2641509433962264,0.19222182517749395,43,0.35,0.68,-0.013361221837267068,0,0,0,0,0,0.0,0.0,0.0,0.0,0.0,0.0,0.0,0.0,True,230,2026-01,43,0.16279069767441862,0.13558298959127166,36,0.35,0.68,0.001881198948311763,0,0,0,5,2,0.4,1.1676248427414029,1.138294243341295,1.0257671507799355,0.6838447671866237,-1.0796330445410796,3.4148827300238853,-0.2159266089082159,True,273,2026-02,36,0.3055555555555556,0.177549310864682,65,0.35,0.68,0.013814730361019933,22,7,5,0,0,0.0,0.0,0.0,0.0,0.0,0.0,0.0,0.0,True,309,2026-03,65,0.16923076923076924,0.14000058214466538,91,0.35,0.68,-0.002356164297924318,0,0,0,0,0,0.0,0.0,0.0,0.0,0.0,0.0,0.0,0.0,True,374,2026-04,91,0.21978021978021978,0.17093444314615103,39,0.35,0.68,-0.00013110113383504873,0,0,0
4,高波动多头突破,4,679d67281f2438ea,1340.351555061955,False,连续两个有机会开发月无交易|有效开发月份不足|开发交易样本不足,7,0.35,0.78,2,2.5,1.65,0.0045,288,1.25,0.18,60,0.32,2,0.035,220,6.0,32,0,0,0.0,0.0,0.0,0.0,0.0,0.0,0.0,0.0,True,129,2025-11,48,0.10416666666666667,0.09234463232599029,53,0.35,0.78,0.0057735962345142056,0,0,0,0,0,0.0,0.0,0.0,0.0,0.0,0.0,0.0,0.0,True,177,2025-12,53,0.2641509433962264,0.19222182517749395,43,0.35,0.78,-0.013361221837267068,0,0,0,0,0,0.0,0.0,0.0,0.0,0.0,0.0,0.0,0.0,True,230,2026-01,43,0.16279069767441862,0.13558298959127166,36,0.35,0.78,0.001881198948311763,0,0,0,5,2,0.4,1.1676248427414029,1.138294243341295,1.0257671507799355,0.6838447671866237,-1.0796330445410796,3.4148827300238853,-0.2159266089082159,True,273,2026-02,36,0.3055555555555556,0.177549310864682,65,0.35,0.78,0.013814730361019933,22,7,5,0,0,0.0,0.0,0.0,0.0,0.0,0.0,0.0,0.0,True,309,2026-03,65,0.16923076923076924,0.14000058214466538,91,0.35,0.78,-0.002356164297924318,0,0,0,0,0,0.0,0.0,0.0,0.0,0.0,0.0,0.0,0.0,True,374,2026-04,91,0.21978021978021978,0.17093444314615103,39,0.35,0.78,-0.00013110113383504873,0,0,0
4,高波动多头突破,5,4491d084e6e89f25,1340.351555061955,False,连续两个有机会开发月无交易|有效开发月份不足|开发交易样本不足,7,0.35,0.78,5,2.5,1.65,0.0045,288,1.25,0.18,60,0.32,2,0.035,220,6.0,32,0,0,0.0,0.0,0.0,0.0,0.0,0.0,0.0,0.0,True,129,2025-11,48,0.10416666666666667,0.09234463232599029,53,0.35,0.78,0.0057735962345142056,0,0,0,0,0,0.0,0.0,0.0,0.0,0.0,0.0,0.0,0.0,True,177,2025-12,53,0.2641509433962264,0.19222182517749395,43,0.35,0.78,-0.013361221837267068,0,0,0,0,0,0.0,0.0,0.0,0.0,0.0,0.0,0.0,0.0,True,230,2026-01,43,0.16279069767441862,0.13558298959127166,36,0.35,0.78,0.001881198948311763,0,0,0,5,2,0.4,1.1676248427414029,1.138294243341295,1.0257671507799355,0.6838447671866237,-1.0796330445410796,3.4148827300238853,-0.2159266089082159,True,273,2026-02,36,0.3055555555555556,0.177549310864682,65,0.35,0.78,0.013814730361019933,22,7,5,0,0,0.0,0.0,0.0,0.0,0.0,0.0,0.0,0.0,True,309,2026-03,65,0.16923076923076924,0.14000058214466538,91,0.35,0.78,-0.002356164297924318,0,0,0,0,0,0.0,0.0,0.0,0.0,0.0,0.0,0.0,0.0,True,374,2026-04,91,0.21978021978021978,0.17093444314615103,39,0.35,0.78,-0.00013110113383504873,0,0,0
4,高波动多头突破,6,f315678c6217fe92,1340.351555061955,False,连续两个有机会开发月无交易|有效开发月份不足|开发交易样本不足,7,0.35,0.78,8,2.5,1.65,0.0045,288,1.25,0.18,60,0.32,2,0.035,220,6.0,32,0,0,0.0,0.0,0.0,0.0,0.0,0.0,0.0,0.0,True,129,2025-11,48,0.10416666666666667,0.09234463232599029,53,0.35,0.78,0.0057735962345142056,0,0,0,0,0,0.0,0.0,0.0,0.0,0.0,0.0,0.0,0.0,True,177,2025-12,53,0.2641509433962264,0.19222182517749395,43,0.35,0.78,-0.013361221837267068,0,0,0,0,0,0.0,0.0,0.0,0.0,0.0,0.0,0.0,0.0,True,230,2026-01,43,0.16279069767441862,0.13558298959127166,36,0.35,0.78,0.001881198948311763,0,0,0,5,2,0.4,1.1676248427414029,1.138294243341295,1.0257671507799355,0.6838447671866237,-1.0796330445410796,3.4148827300238853,-0.2159266089082159,True,273,2026-02,36,0.3055555555555556,0.177549310864682,65,0.35,0.78,0.013814730361019933,22,7,5,0,0,0.0,0.0,0.0,0.0,0.0,0.0,0.0,0.0,True,309,2026-03,65,0.16923076923076924,0.14000058214466538,91,0.35,0.78,-0.002356164297924318,0,0,0,0,0,0.0,0.0,0.0,0.0,0.0,0.0,0.0,0.0,True,374,2026-04,91,0.21978021978021978,0.17093444314615103,39,0.35,0.78,-0.00013110113383504873,0,0,0
4,高波动多头突破,7,7d4ac29ab8d3c307,399.6308203638732,False,连续两个有机会开发月无交易|开发月最低胜率过低|有效开发月份不足|开发交易样本不足,4,0.35,0.68,2,2.5,1.65,0.0045,288,1.25,0.18,60,0.32,2,0.035,220,6.0,32,0,0,0.0,0.0,0.0,0.0,0.0,0.0,0.0,0.0,True,129,2025-11,48,0.10416666666666667,0.09234463232599029,53,0.35,0.68,0.0057735962345142056,0,0,0,0,0,0.0,0.0,0.0,0.0,0.0,0.0,0.0,0.0,True,177,2025-12,53,0.2641509433962264,0.19222182517749395,43,0.35,0.68,-0.013361221837267068,0,0,0,0,0,0.0,0.0,0.0,0.0,0.0,0.0,0.0,0.0,True,230,2026-01,43,0.16279069767441862,0.13558298959127166,36,0.35,0.68,0.001881198948311763,0,0,0,3,1,0.3333333333333333,0.01755390995232079,1.1074962478749946,0.015850085258530048,0.007925042629265024,-2.1974385857976686,2.2149924957499896,-0.7324795285992228,True,273,2026-02,36,0.3055555555555556,0.177549310864682,65,0.35,0.68,0.013814730361019933,22,4,3,0,0,0.0,0.0,0.0,0.0,0.0,0.0,0.0,0.0,True,309,2026-03,65,0.16923076923076924,0.14000058214466538,91,0.35,0.68,-0.002356164297924318,0,0,0,0,0,0.0,0.0,0.0,0.0,0.0,0.0,0.0,0.0,True,374,2026-04,91,0.21978021978021978,0.17093444314615103,39,0.35,0.68,-0.00013110113383504873,0,0,0
4,高波动多头突破,8,10d8a2d9ce982ecf,399.6308203638732,False,连续两个有机会开发月无交易|开发月最低胜率过低|有效开发月份不足|开发交易样本不足,4,0.35,0.68,5,2.5,1.65,0.0045,288,1.25,0.18,60,0.32,2,0.035,220,6.0,32,0,0,0.0,0.0,0.0,0.0,0.0,0.0,0.0,0.0,True,129,2025-11,48,0.10416666666666667,0.09234463232599029,53,0.35,0.68,0.0057735962345142056,0,0,0,0,0,0.0,0.0,0.0,0.0,0.0,0.0,0.0,0.0,True,177,2025-12,53,0.2641509433962264,0.19222182517749395,43,0.35,0.68,-0.013361221837267068,0,0,0,0,0,0.0,0.0,0.0,0.0,0.0,0.0,0.0,0.0,True,230,2026-01,43,0.16279069767441862,0.13558298959127166,36,0.35,0.68,0.001881198948311763,0,0,0,3,1,0.3333333333333333,0.01755390995232079,1.1074962478749946,0.015850085258530048,0.007925042629265024,-2.1974385857976686,2.2149924957499896,-0.7324795285992228,True,273,2026-02,36,0.3055555555555556,0.177549310864682,65,0.35,0.68,0.013814730361019933,22,4,3,0,0,0.0,0.0,0.0,0.0,0.0,0.0,0.0,0.0,True,309,2026-03,65,0.16923076923076924,0.14000058214466538,91,0.35,0.68,-0.002356164297924318,0,0,0,0,0,0.0,0.0,0.0,0.0,0.0,0.0,0.0,0.0,True,374,2026-04,91,0.21978021978021978,0.17093444314615103,39,0.35,0.68,-0.00013110113383504873,0,0,0
4,高波动多头突破,9,fb3f7acd86767b43,399.6308203638732,False,连续两个有机会开发月无交易|开发月最低胜率过低|有效开发月份不足|开发交易样本不足,4,0.35,0.68,8,2.5,1.65,0.0045,288,1.25,0.18,60,0.32,2,0.035,220,6.0,32,0,0,0.0,0.0,0.0,0.0,0.0,0.0,0.0,0.0,True,129,2025-11,48,0.10416666666666667,0.09234463232599029,53,0.35,0.68,0.0057735962345142056,0,0,0,0,0,0.0,0.0,0.0,0.0,0.0,0.0,0.0,0.0,True,177,2025-12,53,0.2641509433962264,0.19222182517749395,43,0.35,0.68,-0.013361221837267068,0,0,0,0,0,0.0,0.0,0.0,0.0,0.0,0.0,0.0,0.0,True,230,2026-01,43,0.16279069767441862,0.13558298959127166,36,0.35,0.68,0.001881198948311763,0,0,0,3,1,0.3333333333333333,0.01755390995232079,1.1074962478749946,0.015850085258530048,0.007925042629265024,-2.1974385857976686,2.2149924957499896,-0.7324795285992228,True,273,2026-02,36,0.3055555555555556,0.177549310864682,65,0.35,0.68,0.013814730361019933,22,4,3,0,0,0.0,0.0,0.0,0.0,0.0,0.0,0.0,0.0,True,309,2026-03,65,0.16923076923076924,0.14000058214466538,91,0.35,0.68,-0.002356164297924318,0,0,0,0,0,0.0,0.0,0.0,0.0,0.0,0.0,0.0,0.0,True,374,2026-04,91,0.21978021978021978,0.17093444314615103,39,0.35,0.68,-0.00013110113383504873,0,0,0
4,高波动多头突破,10,68f24dbd8c1700c9,399.6308203638732,False,连续两个有机会开发月无交易|开发月最低胜率过低|有效开发月份不足|开发交易样本不足,4,0.35,0.78,2,2.5,1.65,0.0045,288,1.25,0.18,60,0.32,2,0.035,220,6.0,32,0,0,0.0,0.0,0.0,0.0,0.0,0.0,0.0,0.0,True,129,2025-11,48,0.10416666666666667,0.09234463232599029,53,0.35,0.78,0.0057735962345142056,0,0,0,0,0,0.0,0.0,0.0,0.0,0.0,0.0,0.0,0.0,True,177,2025-12,53,0.2641509433962264,0.19222182517749395,43,0.35,0.78,-0.013361221837267068,0,0,0,0,0,0.0,0.0,0.0,0.0,0.0,0.0,0.0,0.0,True,230,2026-01,43,0.16279069767441862,0.13558298959127166,36,0.35,0.78,0.001881198948311763,0,0,0,3,1,0.3333333333333333,0.01755390995232079,1.1074962478749946,0.015850085258530048,0.007925042629265024,-2.1974385857976686,2.2149924957499896,-0.7324795285992228,True,273,2026-02,36,0.3055555555555556,0.177549310864682,65,0.35,0.78,0.013814730361019933,22,4,3,0,0,0.0,0.0,0.0,0.0,0.0,0.0,0.0,0.0,True,309,2026-03,65,0.16923076923076924,0.14000058214466538,91,0.35,0.78,-0.002356164297924318,0,0,0,0,0,0.0,0.0,0.0,0.0,0.0,0.0,0.0,0.0,True,374,2026-04,91,0.21978021978021978,0.17093444314615103,39,0.35,0.78,-0.00013110113383504873,0,0,0
4,高波动多头突破,11,f6e44f19d4887f4f,399.6308203638732,False,连续两个有机会开发月无交易|开发月最低胜率过低|有效开发月份不足|开发交易样本不足,4,0.35,0.78,5,2.5,1.65,0.0045,288,1.25,0.18,60,0.32,2,0.035,220,6.0,32,0,0,0.0,0.0,0.0,0.0,0.0,0.0,0.0,0.0,True,129,2025-11,48,0.10416666666666667,0.09234463232599029,53,0.35,0.78,0.0057735962345142056,0,0,0,0,0,0.0,0.0,0.0,0.0,0.0,0.0,0.0,0.0,True,177,2025-12,53,0.2641509433962264,0.19222182517749395,43,0.35,0.78,-0.013361221837267068,0,0,0,0,0,0.0,0.0,0.0,0.0,0.0,0.0,0.0,0.0,True,230,2026-01,43,0.16279069767441862,0.13558298959127166,36,0.35,0.78,0.001881198948311763,0,0,0,3,1,0.3333333333333333,0.01755390995232079,1.1074962478749946,0.015850085258530048,0.007925042629265024,-2.1974385857976686,2.2149924957499896,-0.7324795285992228,True,273,2026-02,36,0.3055555555555556,0.177549310864682,65,0.35,0.78,0.013814730361019933,22,4,3,0,0,0.0,0.0,0.0,0.0,0.0,0.0,0.0,0.0,True,309,2026-03,65,0.16923076923076924,0.14000058214466538,91,0.35,0.78,-0.002356164297924318,0,0,0,0,0,0.0,0.0,0.0,0.0,0.0,0.0,0.0,0.0,True,374,2026-04,91,0.21978021978021978,0.17093444314615103,39,0.35,0.78,-0.00013110113383504873,0,0,0
4,高波动多头突破,12,75dc586e796d01bc,399.6308203638732,False,连续两个有机会开发月无交易|开发月最低胜率过低|有效开发月份不足|开发交易样本不足,4,0.35,0.78,8,2.5,1.65,0.0045,288,1.25,0.18,60,0.32,2,0.035,220,6.0,32,0,0,0.0,0.0,0.0,0.0,0.0,0.0,0.0,0.0,True,129,2025-11,48,0.10416666666666667,0.09234463232599029,53,0.35,0.78,0.0057735962345142056,0,0,0,0,0,0.0,0.0,0.0,0.0,0.0,0.0,0.0,0.0,True,177,2025-12,53,0.2641509433962264,0.19222182517749395,43,0.35,0.78,-0.013361221837267068,0,0,0,0,0,0.0,0.0,0.0,0.0,0.0,0.0,0.0,0.0,True,230,2026-01,43,0.16279069767441862,0.13558298959127166,36,0.35,0.78,0.001881198948311763,0,0,0,3,1,0.3333333333333333,0.01755390995232079,1.1074962478749946,0.015850085258530048,0.007925042629265024,-2.1974385857976686,2.2149924957499896,-0.7324795285992228,True,273,2026-02,36,0.3055555555555556,0.177549310864682,65,0.35,0.78,0.013814730361019933,22,4,3,0,0,0.0,0.0,0.0,0.0,0.0,0.0,0.0,0.0,True,309,2026-03,65,0.16923076923076924,0.14000058214466538,91,0.35,0.78,-0.002356164297924318,0,0,0,0,0,0.0,0.0,0.0,0.0,0.0,0.0,0.0,0.0,True,374,2026-04,91,0.21978021978021978,0.17093444314615103,39,0.35,0.78,-0.00013110113383504873,0,0,0
4,高波动多头突破,13,5172e8d2036bead2,112.14206906599293,False,连续两个有机会开发月无交易|开发月最低胜率过低|有效开发月份不足|开发交易样本不足,10,0.35,0.68,2,2.5,1.65,0.0045,288,1.25,0.18,60,0.32,2,0.035,220,6.0,32,0,0,0.0,0.0,0.0,0.0,0.0,0.0,0.0,0.0,True,129,2025-11,48,0.10416666666666667,0.09234463232599029,53,0.35,0.68,0.0057735962345142056,0,0,0,0,0,0.0,0.0,0.0,0.0,0.0,0.0,0.0,0.0,True,177,2025-12,53,0.2641509433962264,0.19222182517749395,43,0.35,0.68,-0.013361221837267068,0,0,0,0,0,0.0,0.0,0.0,0.0,0.0,0.0,0.0,0.0,True,230,2026-01,43,0.16279069767441862,0.13558298959127166,36,0.35,0.68,0.001881198948311763,0,0,0,8,2,0.25,1.1676248427414029,0.9738049741151945,1.1990335578253895,0.3996778526084631,-3.507580159208362,3.5251340691606825,-0.43844751990104525,True,273,2026-02,36,0.3055555555555556,0.177549310864682,65,0.35,0.68,0.013814730361019933,22,10,8,0,0,0.0,0.0,0.0,0.0,0.0,0.0,0.0,0.0,True,309,2026-03,65,0.16923076923076924,0.14000058214466538,91,0.35,0.68,-0.002356164297924318,0,0,0,0,0,0.0,0.0,0.0,0.0,0.0,0.0,0.0,0.0,True,374,2026-04,91,0.21978021978021978,0.17093444314615103,39,0.35,0.68,-0.00013110113383504873,0,0,0
4,高波动多头突破,14,7f531661457a0795,112.14206906599293,False,连续两个有机会开发月无交易|开发月最低胜率过低|有效开发月份不足|开发交易样本不足,10,0.35,0.68,5,2.5,1.65,0.0045,288,1.25,0.18,60,0.32,2,0.035,220,6.0,32,0,0,0.0,0.0,0.0,0.0,0.0,0.0,0.0,0.0,True,129,2025-11,48,0.10416666666666667,0.09234463232599029,53,0.35,0.68,0.0057735962345142056,0,0,0,0,0,0.0,0.0,0.0,0.0,0.0,0.0,0.0,0.0,True,177,2025-12,53,0.2641509433962264,0.19222182517749395,43,0.35,0.68,-0.013361221837267068,0,0,0,0,0,0.0,0.0,0.0,0.0,0.0,0.0,0.0,0.0,True,230,2026-01,43,0.16279069767441862,0.13558298959127166,36,0.35,0.68,0.001881198948311763,0,0,0,8,2,0.25,1.1676248427414029,0.9738049741151945,1.1990335578253895,0.3996778526084631,-3.507580159208362,3.5251340691606825,-0.43844751990104525,True,273,2026-02,36,0.3055555555555556,0.177549310864682,65,0.35,0.68,0.013814730361019933,22,10,8,0,0,0.0,0.0,0.0,0.0,0.0,0.0,0.0,0.0,True,309,2026-03,65,0.16923076923076924,0.14000058214466538,91,0.35,0.68,-0.002356164297924318,0,0,0,0,0,0.0,0.0,0.0,0.0,0.0,0.0,0.0,0.0,True,374,2026-04,91,0.21978021978021978,0.17093444314615103,39,0.35,0.68,-0.00013110113383504873,0,0,0
4,高波动多头突破,15,5ce685a2be55fe55,112.14206906599293,False,连续两个有机会开发月无交易|开发月最低胜率过低|有效开发月份不足|开发交易样本不足,10,0.35,0.68,8,2.5,1.65,0.0045,288,1.25,0.18,60,0.32,2,0.035,220,6.0,32,0,0,0.0,0.0,0.0,0.0,0.0,0.0,0.0,0.0,True,129,2025-11,48,0.10416666666666667,0.09234463232599029,53,0.35,0.68,0.0057735962345142056,0,0,0,0,0,0.0,0.0,0.0,0.0,0.0,0.0,0.0,0.0,True,177,2025-12,53,0.2641509433962264,0.19222182517749395,43,0.35,0.68,-0.013361221837267068,0,0,0,0,0,0.0,0.0,0.0,0.0,0.0,0.0,0.0,0.0,True,230,2026-01,43,0.16279069767441862,0.13558298959127166,36,0.35,0.68,0.001881198948311763,0,0,0,8,2,0.25,1.1676248427414029,0.9738049741151945,1.1990335578253895,0.3996778526084631,-3.507580159208362,3.5251340691606825,-0.43844751990104525,True,273,2026-02,36,0.3055555555555556,0.177549310864682,65,0.35,0.68,0.013814730361019933,22,10,8,0,0,0.0,0.0,0.0,0.0,0.0,0.0,0.0,0.0,True,309,2026-03,65,0.16923076923076924,0.14000058214466538,91,0.35,0.68,-0.002356164297924318,0,0,0,0,0,0.0,0.0,0.0,0.0,0.0,0.0,0.0,0.0,True,374,2026-04,91,0.21978021978021978,0.17093444314615103,39,0.35,0.68,-0.00013110113383504873,0,0,0
4,高波动多头突破,16,bb2901f48195a3d4,112.14206906599293,False,连续两个有机会开发月无交易|开发月最低胜率过低|有效开发月份不足|开发交易样本不足,10,0.35,0.78,2,2.5,1.65,0.0045,288,1.25,0.18,60,0.32,2,0.035,220,6.0,32,0,0,0.0,0.0,0.0,0.0,0.0,0.0,0.0,0.0,True,129,2025-11,48,0.10416666666666667,0.09234463232599029,53,0.35,0.78,0.0057735962345142056,0,0,0,0,0,0.0,0.0,0.0,0.0,0.0,0.0,0.0,0.0,True,177,2025-12,53,0.2641509433962264,0.19222182517749395,43,0.35,0.78,-0.013361221837267068,0,0,0,0,0,0.0,0.0,0.0,0.0,0.0,0.0,0.0,0.0,True,230,2026-01,43,0.16279069767441862,0.13558298959127166,36,0.35,0.78,0.001881198948311763,0,0,0,8,2,0.25,1.1676248427414029,0.9738049741151945,1.1990335578253895,0.3996778526084631,-3.507580159208362,3.5251340691606825,-0.43844751990104525,True,273,2026-02,36,0.3055555555555556,0.177549310864682,65,0.35,0.78,0.013814730361019933,22,10,8,0,0,0.0,0.0,0.0,0.0,0.0,0.0,0.0,0.0,True,309,2026-03,65,0.16923076923076924,0.14000058214466538,91,0.35,0.78,-0.002356164297924318,0,0,0,0,0,0.0,0.0,0.0,0.0,0.0,0.0,0.0,0.0,True,374,2026-04,91,0.21978021978021978,0.17093444314615103,39,0.35,0.78,-0.00013110113383504873,0,0,0
4,高波动多头突破,17,63dea321d6d65241,112.14206906599293,False,连续两个有机会开发月无交易|开发月最低胜率过低|有效开发月份不足|开发交易样本不足,10,0.35,0.78,5,2.5,1.65,0.0045,288,1.25,0.18,60,0.32,2,0.035,220,6.0,32,0,0,0.0,0.0,0.0,0.0,0.0,0.0,0.0,0.0,True,129,2025-11,48,0.10416666666666667,0.09234463232599029,53,0.35,0.78,0.0057735962345142056,0,0,0,0,0,0.0,0.0,0.0,0.0,0.0,0.0,0.0,0.0,True,177,2025-12,53,0.2641509433962264,0.19222182517749395,43,0.35,0.78,-0.013361221837267068,0,0,0,0,0,0.0,0.0,0.0,0.0,0.0,0.0,0.0,0.0,True,230,2026-01,43,0.16279069767441862,0.13558298959127166,36,0.35,0.78,0.001881198948311763,0,0,0,8,2,0.25,1.1676248427414029,0.9738049741151945,1.1990335578253895,0.3996778526084631,-3.507580159208362,3.5251340691606825,-0.43844751990104525,True,273,2026-02,36,0.3055555555555556,0.177549310864682,65,0.35,0.78,0.013814730361019933,22,10,8,0,0,0.0,0.0,0.0,0.0,0.0,0.0,0.0,0.0,True,309,2026-03,65,0.16923076923076924,0.14000058214466538,91,0.35,0.78,-0.002356164297924318,0,0,0,0,0,0.0,0.0,0.0,0.0,0.0,0.0,0.0,0.0,True,374,2026-04,91,0.21978021978021978,0.17093444314615103,39,0.35,0.78,-0.00013110113383504873,0,0,0
4,高波动多头突破,18,bbd9a6acea991a22,112.14206906599293,False,连续两个有机会开发月无交易|开发月最低胜率过低|有效开发月份不足|开发交易样本不足,10,0.35,0.78,8,2.5,1.65,0.0045,288,1.25,0.18,60,0.32,2,0.035,220,6.0,32,0,0,0.0,0.0,0.0,0.0,0.0,0.0,0.0,0.0,True,129,2025-11,48,0.10416666666666667,0.09234463232599029,53,0.35,0.78,0.0057735962345142056,0,0,0,0,0,0.0,0.0,0.0,0.0,0.0,0.0,0.0,0.0,True,177,2025-12,53,0.2641509433962264,0.19222182517749395,43,0.35,0.78,-0.013361221837267068,0,0,0,0,0,0.0,0.0,0.0,0.0,0.0,0.0,0.0,0.0,True,230,2026-01,43,0.16279069767441862,0.13558298959127166,36,0.35,0.78,0.001881198948311763,0,0,0,8,2,0.25,1.1676248427414029,0.9738049741151945,1.1990335578253895,0.3996778526084631,-3.507580159208362,3.5251340691606825,-0.43844751990104525,True,273,2026-02,36,0.3055555555555556,0.177549310864682,65,0.35,0.78,0.013814730361019933,22,10,8,0,0,0.0,0.0,0.0,0.0,0.0,0.0,0.0,0.0,True,309,2026-03,65,0.16923076923076924,0.14000058214466538,91,0.35,0.78,-0.002356164297924318,0,0,0,0,0,0.0,0.0,0.0,0.0,0.0,0.0,0.0,0.0,True,374,2026-04,91,0.21978021978021978,0.17093444314615103,39,0.35,0.78,-0.00013110113383504873,0,0,0
4,高波动多头突破,19,3c0b96d1d2087dac,-61.855842625488094,False,连续两个有机会开发月无交易|有效开发月份不足|开发交易样本不足,4,0.45,0.68,2,2.5,1.65,0.0045,288,1.25,0.18,60,0.32,2,0.035,220,6.0,32,0,0,0.0,0.0,0.0,0.0,0.0,0.0,0.0,0.0,True,129,2025-11,48,0.10416666666666667,0.09234463232599029,53,0.45,0.68,0.0057735962345142056,0,0,0,0,0,0.0,0.0,0.0,0.0,0.0,0.0,0.0,0.0,True,177,2025-12,53,0.2641509433962264,0.19222182517749395,43,0.45,0.68,-0.013361221837267068,0,0,0,0,0,0.0,0.0,0.0,0.0,0.0,0.0,0.0,0.0,True,230,2026-01,43,0.16279069767441862,0.13558298959127166,36,0.45,0.68,0.001881198948311763,0,0,0,1,0,0.0,0.0,1.2223785610689661,0.0,0.0,-1.2223785610689661,1.2223785610689661,-1.2223785610689661,True,273,2026-02,36,0.3055555555555556,0.177549310864682,65,0.45,0.68,0.013814730361019933,1,1,1,0,0,0.0,0.0,0.0,0.0,0.0,0.0,0.0,0.0,True,309,2026-03,65,0.16923076923076924,0.14000058214466538,91,0.45,0.68,-0.002356164297924318,0,0,0,0,0,0.0,0.0,0.0,0.0,0.0,0.0,0.0,0.0,True,374,2026-04,91,0.21978021978021978,0.17093444314615103,39,0.45,0.68,-0.00013110113383504873,0,0,0
4,高波动多头突破,20,c7a95f339276604c,-61.855842625488094,False,连续两个有机会开发月无交易|有效开发月份不足|开发交易样本不足,4,0.45,0.68,5,2.5,1.65,0.0045,288,1.25,0.18,60,0.32,2,0.035,220,6.0,32,0,0,0.0,0.0,0.0,0.0,0.0,0.0,0.0,0.0,True,129,2025-11,48,0.10416666666666667,0.09234463232599029,53,0.45,0.68,0.0057735962345142056,0,0,0,0,0,0.0,0.0,0.0,0.0,0.0,0.0,0.0,0.0,True,177,2025-12,53,0.2641509433962264,0.19222182517749395,43,0.45,0.68,-0.013361221837267068,0,0,0,0,0,0.0,0.0,0.0,0.0,0.0,0.0,0.0,0.0,True,230,2026-01,43,0.16279069767441862,0.13558298959127166,36,0.45,0.68,0.001881198948311763,0,0,0,1,0,0.0,0.0,1.2223785610689661,0.0,0.0,-1.2223785610689661,1.2223785610689661,-1.2223785610689661,True,273,2026-02,36,0.3055555555555556,0.177549310864682,65,0.45,0.68,0.013814730361019933,1,1,1,0,0,0.0,0.0,0.0,0.0,0.0,0.0,0.0,0.0,True,309,2026-03,65,0.16923076923076924,0.14000058214466538,91,0.45,0.68,-0.002356164297924318,0,0,0,0,0,0.0,0.0,0.0,0.0,0.0,0.0,0.0,0.0,True,374,2026-04,91,0.21978021978021978,0.17093444314615103,39,0.45,0.68,-0.00013110113383504873,0,0,0
4,高波动多头突破,21,99af27e565204247,-61.855842625488094,False,连续两个有机会开发月无交易|有效开发月份不足|开发交易样本不足,4,0.45,0.68,8,2.5,1.65,0.0045,288,1.25,0.18,60,0.32,2,0.035,220,6.0,32,0,0,0.0,0.0,0.0,0.0,0.0,0.0,0.0,0.0,True,129,2025-11,48,0.10416666666666667,0.09234463232599029,53,0.45,0.68,0.0057735962345142056,0,0,0,0,0,0.0,0.0,0.0,0.0,0.0,0.0,0.0,0.0,True,177,2025-12,53,0.2641509433962264,0.19222182517749395,43,0.45,0.68,-0.013361221837267068,0,0,0,0,0,0.0,0.0,0.0,0.0,0.0,0.0,0.0,0.0,True,230,2026-01,43,0.16279069767441862,0.13558298959127166,36,0.45,0.68,0.001881198948311763,0,0,0,1,0,0.0,0.0,1.2223785610689661,0.0,0.0,-1.2223785610689661,1.2223785610689661,-1.2223785610689661,True,273,2026-02,36,0.3055555555555556,0.177549310864682,65,0.45,0.68,0.013814730361019933,1,1,1,0,0,0.0,0.0,0.0,0.0,0.0,0.0,0.0,0.0,True,309,2026-03,65,0.16923076923076924,0.14000058214466538,91,0.45,0.68,-0.002356164297924318,0,0,0,0,0,0.0,0.0,0.0,0.0,0.0,0.0,0.0,0.0,True,374,2026-04,91,0.21978021978021978,0.17093444314615103,39,0.45,0.68,-0.00013110113383504873,0,0,0
4,高波动多头突破,22,24588ffb3f837f46,-61.855842625488094,False,连续两个有机会开发月无交易|有效开发月份不足|开发交易样本不足,4,0.45,0.78,2,2.5,1.65,0.0045,288,1.25,0.18,60,0.32,2,0.035,220,6.0,32,0,0,0.0,0.0,0.0,0.0,0.0,0.0,0.0,0.0,True,129,2025-11,48,0.10416666666666667,0.09234463232599029,53,0.45,0.78,0.0057735962345142056,0,0,0,0,0,0.0,0.0,0.0,0.0,0.0,0.0,0.0,0.0,True,177,2025-12,53,0.2641509433962264,0.19222182517749395,43,0.45,0.78,-0.013361221837267068,0,0,0,0,0,0.0,0.0,0.0,0.0,0.0,0.0,0.0,0.0,True,230,2026-01,43,0.16279069767441862,0.13558298959127166,36,0.45,0.78,0.001881198948311763,0,0,0,1,0,0.0,0.0,1.2223785610689661,0.0,0.0,-1.2223785610689661,1.2223785610689661,-1.2223785610689661,True,273,2026-02,36,0.3055555555555556,0.177549310864682,65,0.45,0.78,0.013814730361019933,1,1,1,0,0,0.0,0.0,0.0,0.0,0.0,0.0,0.0,0.0,True,309,2026-03,65,0.16923076923076924,0.14000058214466538,91,0.45,0.78,-0.002356164297924318,0,0,0,0,0,0.0,0.0,0.0,0.0,0.0,0.0,0.0,0.0,True,374,2026-04,91,0.21978021978021978,0.17093444314615103,39,0.45,0.78,-0.00013110113383504873,0,0,0
4,高波动多头突破,23,966470609ff46846,-61.855842625488094,False,连续两个有机会开发月无交易|有效开发月份不足|开发交易样本不足,4,0.45,0.78,5,2.5,1.65,0.0045,288,1.25,0.18,60,0.32,2,0.035,220,6.0,32,0,0,0.0,0.0,0.0,0.0,0.0,0.0,0.0,0.0,True,129,2025-11,48,0.10416666666666667,0.09234463232599029,53,0.45,0.78,0.0057735962345142056,0,0,0,0,0,0.0,0.0,0.0,0.0,0.0,0.0,0.0,0.0,True,177,2025-12,53,0.2641509433962264,0.19222182517749395,43,0.45,0.78,-0.013361221837267068,0,0,0,0,0,0.0,0.0,0.0,0.0,0.0,0.0,0.0,0.0,True,230,2026-01,43,0.16279069767441862,0.13558298959127166,36,0.45,0.78,0.001881198948311763,0,0,0,1,0,0.0,0.0,1.2223785610689661,0.0,0.0,-1.2223785610689661,1.2223785610689661,-1.2223785610689661,True,273,2026-02,36,0.3055555555555556,0.177549310864682,65,0.45,0.78,0.013814730361019933,1,1,1,0,0,0.0,0.0,0.0,0.0,0.0,0.0,0.0,0.0,True,309,2026-03,65,0.16923076923076924,0.14000058214466538,91,0.45,0.78,-0.002356164297924318,0,0,0,0,0,0.0,0.0,0.0,0.0,0.0,0.0,0.0,0.0,True,374,2026-04,91,0.21978021978021978,0.17093444314615103,39,0.45,0.78,-0.00013110113383504873,0,0,0
4,高波动多头突破,24,351c5aeab8952094,-61.855842625488094,False,连续两个有机会开发月无交易|有效开发月份不足|开发交易样本不足,4,0.45,0.78,8,2.5,1.65,0.0045,288,1.25,0.18,60,0.32,2,0.035,220,6.0,32,0,0,0.0,0.0,0.0,0.0,0.0,0.0,0.0,0.0,True,129,2025-11,48,0.10416666666666667,0.09234463232599029,53,0.45,0.78,0.0057735962345142056,0,0,0,0,0,0.0,0.0,0.0,0.0,0.0,0.0,0.0,0.0,True,177,2025-12,53,0.2641509433962264,0.19222182517749395,43,0.45,0.78,-0.013361221837267068,0,0,0,0,0,0.0,0.0,0.0,0.0,0.0,0.0,0.0,0.0,True,230,2026-01,43,0.16279069767441862,0.13558298959127166,36,0.45,0.78,0.001881198948311763,0,0,0,1,0,0.0,0.0,1.2223785610689661,0.0,0.0,-1.2223785610689661,1.2223785610689661,-1.2223785610689661,True,273,2026-02,36,0.3055555555555556,0.177549310864682,65,0.45,0.78,0.013814730361019933,1,1,1,0,0,0.0,0.0,0.0,0.0,0.0,0.0,0.0,0.0,True,309,2026-03,65,0.16923076923076924,0.14000058214466538,91,0.45,0.78,-0.002356164297924318,0,0,0,0,0,0.0,0.0,0.0,0.0,0.0,0.0,0.0,0.0,True,374,2026-04,91,0.21978021978021978,0.17093444314615103,39,0.45,0.78,-0.00013110113383504873,0,0,0
4,高波动多头突破,25,d6e3fa6dc0350612,-61.855842625488094,False,连续两个有机会开发月无交易|有效开发月份不足|开发交易样本不足,4,0.45,0.86,2,2.5,1.65,0.0045,288,1.25,0.18,60,0.32,2,0.035,220,6.0,32,0,0,0.0,0.0,0.0,0.0,0.0,0.0,0.0,0.0,True,129,2025-11,48,0.10416666666666667,0.09234463232599029,53,0.45,0.86,0.0057735962345142056,0,0,0,0,0,0.0,0.0,0.0,0.0,0.0,0.0,0.0,0.0,True,177,2025-12,53,0.2641509433962264,0.19222182517749395,43,0.45,0.86,-0.013361221837267068,0,0,0,0,0,0.0,0.0,0.0,0.0,0.0,0.0,0.0,0.0,True,230,2026-01,43,0.16279069767441862,0.13558298959127166,36,0.45,0.86,0.001881198948311763,0,0,0,1,0,0.0,0.0,1.2223785610689661,0.0,0.0,-1.2223785610689661,1.2223785610689661,-1.2223785610689661,True,273,2026-02,36,0.3055555555555556,0.177549310864682,65,0.45,0.86,0.013814730361019933,1,1,1,0,0,0.0,0.0,0.0,0.0,0.0,0.0,0.0,0.0,True,309,2026-03,65,0.16923076923076924,0.14000058214466538,91,0.45,0.86,-0.002356164297924318,0,0,0,0,0,0.0,0.0,0.0,0.0,0.0,0.0,0.0,0.0,True,374,2026-04,91,0.21978021978021978,0.17093444314615103,39,0.45,0.86,-0.00013110113383504873,0,0,0
4,高波动多头突破,26,ae0fa7564e232d4a,-61.855842625488094,False,连续两个有机会开发月无交易|有效开发月份不足|开发交易样本不足,4,0.45,0.86,5,2.5,1.65,0.0045,288,1.25,0.18,60,0.32,2,0.035,220,6.0,32,0,0,0.0,0.0,0.0,0.0,0.0,0.0,0.0,0.0,True,129,2025-11,48,0.10416666666666667,0.09234463232599029,53,0.45,0.86,0.0057735962345142056,0,0,0,0,0,0.0,0.0,0.0,0.0,0.0,0.0,0.0,0.0,True,177,2025-12,53,0.2641509433962264,0.19222182517749395,43,0.45,0.86,-0.013361221837267068,0,0,0,0,0,0.0,0.0,0.0,0.0,0.0,0.0,0.0,0.0,True,230,2026-01,43,0.16279069767441862,0.13558298959127166,36,0.45,0.86,0.001881198948311763,0,0,0,1,0,0.0,0.0,1.2223785610689661,0.0,0.0,-1.2223785610689661,1.2223785610689661,-1.2223785610689661,True,273,2026-02,36,0.3055555555555556,0.177549310864682,65,0.45,0.86,0.013814730361019933,1,1,1,0,0,0.0,0.0,0.0,0.0,0.0,0.0,0.0,0.0,True,309,2026-03,65,0.16923076923076924,0.14000058214466538,91,0.45,0.86,-0.002356164297924318,0,0,0,0,0,0.0,0.0,0.0,0.0,0.0,0.0,0.0,0.0,True,374,2026-04,91,0.21978021978021978,0.17093444314615103,39,0.45,0.86,-0.00013110113383504873,0,0,0
4,高波动多头突破,27,8f0c298c6e05e427,-61.855842625488094,False,连续两个有机会开发月无交易|有效开发月份不足|开发交易样本不足,4,0.45,0.86,8,2.5,1.65,0.0045,288,1.25,0.18,60,0.32,2,0.035,220,6.0,32,0,0,0.0,0.0,0.0,0.0,0.0,0.0,0.0,0.0,True,129,2025-11,48,0.10416666666666667,0.09234463232599029,53,0.45,0.86,0.0057735962345142056,0,0,0,0,0,0.0,0.0,0.0,0.0,0.0,0.0,0.0,0.0,True,177,2025-12,53,0.2641509433962264,0.19222182517749395,43,0.45,0.86,-0.013361221837267068,0,0,0,0,0,0.0,0.0,0.0,0.0,0.0,0.0,0.0,0.0,True,230,2026-01,43,0.16279069767441862,0.13558298959127166,36,0.45,0.86,0.001881198948311763,0,0,0,1,0,0.0,0.0,1.2223785610689661,0.0,0.0,-1.2223785610689661,1.2223785610689661,-1.2223785610689661,True,273,2026-02,36,0.3055555555555556,0.177549310864682,65,0.45,0.86,0.013814730361019933,1,1,1,0,0,0.0,0.0,0.0,0.0,0.0,0.0,0.0,0.0,True,309,2026-03,65,0.16923076923076924,0.14000058214466538,91,0.45,0.86,-0.002356164297924318,0,0,0,0,0,0.0,0.0,0.0,0.0,0.0,0.0,0.0,0.0,True,374,2026-04,91,0.21978021978021978,0.17093444314615103,39,0.45,0.86,-0.00013110113383504873,0,0,0
4,高波动多头突破,28,cc01176e068fa924,-73.94047379221502,False,连续两个有机会开发月无交易|有效开发月份不足|开发交易样本不足,4,0.35,0.68,2,2.2,1.45,0.004,216,1.1,0.12,48,0.35,3,0.025,260,8.0,42,0,0,0.0,0.0,0.0,0.0,0.0,0.0,0.0,0.0,True,129,2025-11,48,0.10416666666666667,0.0933145820033336,53,0.35,0.68,-0.00038706614446963605,0,0,0,0,0,0.0,0.0,0.0,0.0,0.0,0.0,0.0,0.0,True,177,2025-12,53,0.20754716981132076,0.15928913564505232,43,0.35,0.68,-0.039882843745899815,0,0,0,0,0,0.0,0.0,0.0,0.0,0.0,0.0,0.0,0.0,True,230,2026-01,43,0.2558139534883721,0.18942520508874272,36,0.35,0.68,0.00454564338107788,0,0,0,1,0,0.0,0.0,1.2502078006561659,0.0,0.0,-1.2502078006561659,1.2502078006561659,-1.2502078006561659,True,273,2026-02,36,0.25,0.17884347216244298,65,0.35,0.68,0.0105369808030088,1,1,1,0,0,0.0,0.0,0.0,0.0,0.0,0.0,0.0,0.0,True,309,2026-03,65,0.1076923076923077,0.09586185616185174,91,0.35,0.68,-0.0015125864807969541,0,0,0,0,0,0.0,0.0,0.0,0.0,0.0,0.0,0.0,0.0,True,374,2026-04,91,0.21978021978021978,0.16922099252061465,39,0.35,0.68,-0.023749650284971724,0,0,0
4,高波动多头突破,29,50768f81849e3828,-73.94047379221502,False,连续两个有机会开发月无交易|有效开发月份不足|开发交易样本不足,4,0.35,0.68,5,2.2,1.45,0.004,216,1.1,0.12,48,0.35,3,0.025,260,8.0,42,0,0,0.0,0.0,0.0,0.0,0.0,0.0,0.0,0.0,True,129,2025-11,48,0.10416666666666667,0.0933145820033336,53,0.35,0.68,-0.00038706614446963605,0,0,0,0,0,0.0,0.0,0.0,0.0,0.0,0.0,0.0,0.0,True,177,2025-12,53,0.20754716981132076,0.15928913564505232,43,0.35,0.68,-0.039882843745899815,0,0,0,0,0,0.0,0.0,0.0,0.0,0.0,0.0,0.0,0.0,True,230,2026-01,43,0.2558139534883721,0.18942520508874272,36,0.35,0.68,0.00454564338107788,0,0,0,1,0,0.0,0.0,1.2502078006561659,0.0,0.0,-1.2502078006561659,1.2502078006561659,-1.2502078006561659,True,273,2026-02,36,0.25,0.17884347216244298,65,0.35,0.68,0.0105369808030088,1,1,1,0,0,0.0,0.0,0.0,0.0,0.0,0.0,0.0,0.0,True,309,2026-03,65,0.1076923076923077,0.09586185616185174,91,0.35,0.68,-0.0015125864807969541,0,0,0,0,0,0.0,0.0,0.0,0.0,0.0,0.0,0.0,0.0,True,374,2026-04,91,0.21978021978021978,0.16922099252061465,39,0.35,0.68,-0.023749650284971724,0,0,0
4,高波动多头突破,30,50b87d0a70737f27,-73.94047379221502,False,连续两个有机会开发月无交易|有效开发月份不足|开发交易样本不足,4,0.35,0.68,8,2.2,1.45,0.004,216,1.1,0.12,48,0.35,3,0.025,260,8.0,42,0,0,0.0,0.0,0.0,0.0,0.0,0.0,0.0,0.0,True,129,2025-11,48,0.10416666666666667,0.0933145820033336,53,0.35,0.68,-0.00038706614446963605,0,0,0,0,0,0.0,0.0,0.0,0.0,0.0,0.0,0.0,0.0,True,177,2025-12,53,0.20754716981132076,0.15928913564505232,43,0.35,0.68,-0.039882843745899815,0,0,0,0,0,0.0,0.0,0.0,0.0,0.0,0.0,0.0,0.0,True,230,2026-01,43,0.2558139534883721,0.18942520508874272,36,0.35,0.68,0.00454564338107788,0,0,0,1,0,0.0,0.0,1.2502078006561659,0.0,0.0,-1.2502078006561659,1.2502078006561659,-1.2502078006561659,True,273,2026-02,36,0.25,0.17884347216244298,65,0.35,0.68,0.0105369808030088,1,1,1,0,0,0.0,0.0,0.0,0.0,0.0,0.0,0.0,0.0,True,309,2026-03,65,0.1076923076923077,0.09586185616185174,91,0.35,0.68,-0.0015125864807969541,0,0,0,0,0,0.0,0.0,0.0,0.0,0.0,0.0,0.0,0.0,True,374,2026-04,91,0.21978021978021978,0.16922099252061465,39,0.35,0.68,-0.023749650284971724,0,0,0
5,高波动空头突破,1,ca327e318cd87b40,6736.111541429864,False,连续两个有机会开发月无交易|开发月最低胜率过低|有效开发月份不足|开发交易样本不足,4,0.45,0.68,2,2.5,1.65,0.0045,288,1.25,0.18,60,0.32,2,0.035,220,6.0,32,0,0,0.0,0.0,0.0,0.0,0.0,0.0,0.0,0.0,True,103,2025-11,63,0.25396825396825395,0.1894397581116025,57,0.45,0.68,-0.0012784491583896496,0,0,0,0,0,0.0,0.0,0.0,0.0,0.0,0.0,0.0,0.0,True,166,2025-12,57,0.3157894736842105,0.21176632579102897,65,0.45,0.68,0.0016464398258771995,0,0,0,3,1,0.3333333333333333,2.4287720013094365,0.020690360278318536,117.38664617911708,58.69332308955854,2.3873912807527997,0.041380720556636774,0.7957970935842665,True,223,2026-01,65,0.3076923076923077,0.2051909004456789,92,0.45,0.68,0.0236265743958764,5,4,3,0,0,0.0,0.0,0.0,0.0,0.0,0.0,0.0,0.0,True,288,2026-02,92,0.29347826086956524,0.19873170244462013,75,0.45,0.68,-0.02056363160305713,0,0,0,0,0,0.0,0.0,0.0,0.0,0.0,0.0,0.0,0.0,True,380,2026-03,75,0.14666666666666667,0.12431202254701226,49,0.45,0.68,-0.0010322616399794649,0,0,0,0,0,0.0,0.0,0.0,0.0,0.0,0.0,0.0,0.0,True,455,2026-04,49,0.14285714285714285,0.11647303886165114,66,0.45,0.68,-0.00768468091133212,0,0,0
5,高波动空头突破,2,130832f05c6fca6b,6736.111541429864,False,连续两个有机会开发月无交易|开发月最低胜率过低|有效开发月份不足|开发交易样本不足,4,0.45,0.68,5,2.5,1.65,0.0045,288,1.25,0.18,60,0.32,2,0.035,220,6.0,32,0,0,0.0,0.0,0.0,0.0,0.0,0.0,0.0,0.0,True,103,2025-11,63,0.25396825396825395,0.1894397581116025,57,0.45,0.68,-0.0012784491583896496,0,0,0,0,0,0.0,0.0,0.0,0.0,0.0,0.0,0.0,0.0,True,166,2025-12,57,0.3157894736842105,0.21176632579102897,65,0.45,0.68,0.0016464398258771995,0,0,0,3,1,0.3333333333333333,2.4287720013094365,0.020690360278318536,117.38664617911708,58.69332308955854,2.3873912807527997,0.041380720556636774,0.7957970935842665,True,223,2026-01,65,0.3076923076923077,0.2051909004456789,92,0.45,0.68,0.0236265743958764,5,4,3,0,0,0.0,0.0,0.0,0.0,0.0,0.0,0.0,0.0,True,288,2026-02,92,0.29347826086956524,0.19873170244462013,75,0.45,0.68,-0.02056363160305713,0,0,0,0,0,0.0,0.0,0.0,0.0,0.0,0.0,0.0,0.0,True,380,2026-03,75,0.14666666666666667,0.12431202254701226,49,0.45,0.68,-0.0010322616399794649,0,0,0,0,0,0.0,0.0,0.0,0.0,0.0,0.0,0.0,0.0,True,455,2026-04,49,0.14285714285714285,0.11647303886165114,66,0.45,0.68,-0.00768468091133212,0,0,0
5,高波动空头突破,3,a6bf062355191d3d,6736.111541429864,False,连续两个有机会开发月无交易|开发月最低胜率过低|有效开发月份不足|开发交易样本不足,4,0.45,0.68,8,2.5,1.65,0.0045,288,1.25,0.18,60,0.32,2,0.035,220,6.0,32,0,0,0.0,0.0,0.0,0.0,0.0,0.0,0.0,0.0,True,103,2025-11,63,0.25396825396825395,0.1894397581116025,57,0.45,0.68,-0.0012784491583896496,0,0,0,0,0,0.0,0.0,0.0,0.0,0.0,0.0,0.0,0.0,True,166,2025-12,57,0.3157894736842105,0.21176632579102897,65,0.45,0.68,0.0016464398258771995,0,0,0,3,1,0.3333333333333333,2.4287720013094365,0.020690360278318536,117.38664617911708,58.69332308955854,2.3873912807527997,0.041380720556636774,0.7957970935842665,True,223,2026-01,65,0.3076923076923077,0.2051909004456789,92,0.45,0.68,0.0236265743958764,5,4,3,0,0,0.0,0.0,0.0,0.0,0.0,0.0,0.0,0.0,True,288,2026-02,92,0.29347826086956524,0.19873170244462013,75,0.45,0.68,-0.02056363160305713,0,0,0,0,0,0.0,0.0,0.0,0.0,0.0,0.0,0.0,0.0,True,380,2026-03,75,0.14666666666666667,0.12431202254701226,49,0.45,0.68,-0.0010322616399794649,0,0,0,0,0,0.0,0.0,0.0,0.0,0.0,0.0,0.0,0.0,True,455,2026-04,49,0.14285714285714285,0.11647303886165114,66,0.45,0.68,-0.00768468091133212,0,0,0
5,高波动空头突破,4,a33ffeccfc184d4d,6736.111541429864,False,连续两个有机会开发月无交易|开发月最低胜率过低|有效开发月份不足|开发交易样本不足,4,0.45,0.78,2,2.5,1.65,0.0045,288,1.25,0.18,60,0.32,2,0.035,220,6.0,32,0,0,0.0,0.0,0.0,0.0,0.0,0.0,0.0,0.0,True,103,2025-11,63,0.25396825396825395,0.1894397581116025,57,0.45,0.78,-0.0012784491583896496,0,0,0,0,0,0.0,0.0,0.0,0.0,0.0,0.0,0.0,0.0,True,166,2025-12,57,0.3157894736842105,0.21176632579102897,65,0.45,0.78,0.0016464398258771995,0,0,0,3,1,0.3333333333333333,2.4287720013094365,0.020690360278318536,117.38664617911708,58.69332308955854,2.3873912807527997,0.041380720556636774,0.7957970935842665,True,223,2026-01,65,0.3076923076923077,0.2051909004456789,92,0.45,0.78,0.0236265743958764,5,4,3,0,0,0.0,0.0,0.0,0.0,0.0,0.0,0.0,0.0,True,288,2026-02,92,0.29347826086956524,0.19873170244462013,75,0.45,0.78,-0.02056363160305713,0,0,0,0,0,0.0,0.0,0.0,0.0,0.0,0.0,0.0,0.0,True,380,2026-03,75,0.14666666666666667,0.12431202254701226,49,0.45,0.78,-0.0010322616399794649,0,0,0,0,0,0.0,0.0,0.0,0.0,0.0,0.0,0.0,0.0,True,455,2026-04,49,0.14285714285714285,0.11647303886165114,66,0.45,0.78,-0.00768468091133212,0,0,0
5,高波动空头突破,5,409718ace419980e,6736.111541429864,False,连续两个有机会开发月无交易|开发月最低胜率过低|有效开发月份不足|开发交易样本不足,4,0.45,0.78,5,2.5,1.65,0.0045,288,1.25,0.18,60,0.32,2,0.035,220,6.0,32,0,0,0.0,0.0,0.0,0.0,0.0,0.0,0.0,0.0,True,103,2025-11,63,0.25396825396825395,0.1894397581116025,57,0.45,0.78,-0.0012784491583896496,0,0,0,0,0,0.0,0.0,0.0,0.0,0.0,0.0,0.0,0.0,True,166,2025-12,57,0.3157894736842105,0.21176632579102897,65,0.45,0.78,0.0016464398258771995,0,0,0,3,1,0.3333333333333333,2.4287720013094365,0.020690360278318536,117.38664617911708,58.69332308955854,2.3873912807527997,0.041380720556636774,0.7957970935842665,True,223,2026-01,65,0.3076923076923077,0.2051909004456789,92,0.45,0.78,0.0236265743958764,5,4,3,0,0,0.0,0.0,0.0,0.0,0.0,0.0,0.0,0.0,True,288,2026-02,92,0.29347826086956524,0.19873170244462013,75,0.45,0.78,-0.02056363160305713,0,0,0,0,0,0.0,0.0,0.0,0.0,0.0,0.0,0.0,0.0,True,380,2026-03,75,0.14666666666666667,0.12431202254701226,49,0.45,0.78,-0.0010322616399794649,0,0,0,0,0,0.0,0.0,0.0,0.0,0.0,0.0,0.0,0.0,True,455,2026-04,49,0.14285714285714285,0.11647303886165114,66,0.45,0.78,-0.00768468091133212,0,0,0
5,高波动空头突破,6,32604b42bcca1e6d,6736.111541429864,False,连续两个有机会开发月无交易|开发月最低胜率过低|有效开发月份不足|开发交易样本不足,4,0.45,0.78,8,2.5,1.65,0.0045,288,1.25,0.18,60,0.32,2,0.035,220,6.0,32,0,0,0.0,0.0,0.0,0.0,0.0,0.0,0.0,0.0,True,103,2025-11,63,0.25396825396825395,0.1894397581116025,57,0.45,0.78,-0.0012784491583896496,0,0,0,0,0,0.0,0.0,0.0,0.0,0.0,0.0,0.0,0.0,True,166,2025-12,57,0.3157894736842105,0.21176632579102897,65,0.45,0.78,0.0016464398258771995,0,0,0,3,1,0.3333333333333333,2.4287720013094365,0.020690360278318536,117.38664617911708,58.69332308955854,2.3873912807527997,0.041380720556636774,0.7957970935842665,True,223,2026-01,65,0.3076923076923077,0.2051909004456789,92,0.45,0.78,0.0236265743958764,5,4,3,0,0,0.0,0.0,0.0,0.0,0.0,0.0,0.0,0.0,True,288,2026-02,92,0.29347826086956524,0.19873170244462013,75,0.45,0.78,-0.02056363160305713,0,0,0,0,0,0.0,0.0,0.0,0.0,0.0,0.0,0.0,0.0,True,380,2026-03,75,0.14666666666666667,0.12431202254701226,49,0.45,0.78,-0.0010322616399794649,0,0,0,0,0,0.0,0.0,0.0,0.0,0.0,0.0,0.0,0.0,True,455,2026-04,49,0.14285714285714285,0.11647303886165114,66,0.45,0.78,-0.00768468091133212,0,0,0
5,高波动空头突破,7,2f8ffbb582d0d3e0,6736.111541429864,False,连续两个有机会开发月无交易|开发月最低胜率过低|有效开发月份不足|开发交易样本不足,4,0.45,0.86,2,2.5,1.65,0.0045,288,1.25,0.18,60,0.32,2,0.035,220,6.0,32,0,0,0.0,0.0,0.0,0.0,0.0,0.0,0.0,0.0,True,103,2025-11,63,0.25396825396825395,0.1894397581116025,57,0.45,0.86,-0.0012784491583896496,0,0,0,0,0,0.0,0.0,0.0,0.0,0.0,0.0,0.0,0.0,True,166,2025-12,57,0.3157894736842105,0.21176632579102897,65,0.45,0.86,0.0016464398258771995,0,0,0,3,1,0.3333333333333333,2.4287720013094365,0.020690360278318536,117.38664617911708,58.69332308955854,2.3873912807527997,0.041380720556636774,0.7957970935842665,True,223,2026-01,65,0.3076923076923077,0.2051909004456789,92,0.45,0.86,0.0236265743958764,5,4,3,0,0,0.0,0.0,0.0,0.0,0.0,0.0,0.0,0.0,True,288,2026-02,92,0.29347826086956524,0.19873170244462013,75,0.45,0.86,-0.02056363160305713,0,0,0,0,0,0.0,0.0,0.0,0.0,0.0,0.0,0.0,0.0,True,380,2026-03,75,0.14666666666666667,0.12431202254701226,49,0.45,0.86,-0.0010322616399794649,0,0,0,0,0,0.0,0.0,0.0,0.0,0.0,0.0,0.0,0.0,True,455,2026-04,49,0.14285714285714285,0.11647303886165114,66,0.45,0.86,-0.00768468091133212,0,0,0
5,高波动空头突破,8,831bf61c7f883e6b,6736.111541429864,False,连续两个有机会开发月无交易|开发月最低胜率过低|有效开发月份不足|开发交易样本不足,4,0.45,0.86,5,2.5,1.65,0.0045,288,1.25,0.18,60,0.32,2,0.035,220,6.0,32,0,0,0.0,0.0,0.0,0.0,0.0,0.0,0.0,0.0,True,103,2025-11,63,0.25396825396825395,0.1894397581116025,57,0.45,0.86,-0.0012784491583896496,0,0,0,0,0,0.0,0.0,0.0,0.0,0.0,0.0,0.0,0.0,True,166,2025-12,57,0.3157894736842105,0.21176632579102897,65,0.45,0.86,0.0016464398258771995,0,0,0,3,1,0.3333333333333333,2.4287720013094365,0.020690360278318536,117.38664617911708,58.69332308955854,2.3873912807527997,0.041380720556636774,0.7957970935842665,True,223,2026-01,65,0.3076923076923077,0.2051909004456789,92,0.45,0.86,0.0236265743958764,5,4,3,0,0,0.0,0.0,0.0,0.0,0.0,0.0,0.0,0.0,True,288,2026-02,92,0.29347826086956524,0.19873170244462013,75,0.45,0.86,-0.02056363160305713,0,0,0,0,0,0.0,0.0,0.0,0.0,0.0,0.0,0.0,0.0,True,380,2026-03,75,0.14666666666666667,0.12431202254701226,49,0.45,0.86,-0.0010322616399794649,0,0,0,0,0,0.0,0.0,0.0,0.0,0.0,0.0,0.0,0.0,True,455,2026-04,49,0.14285714285714285,0.11647303886165114,66,0.45,0.86,-0.00768468091133212,0,0,0
5,高波动空头突破,9,747aaad50d54e90a,6736.111541429864,False,连续两个有机会开发月无交易|开发月最低胜率过低|有效开发月份不足|开发交易样本不足,4,0.45,0.86,8,2.5,1.65,0.0045,288,1.25,0.18,60,0.32,2,0.035,220,6.0,32,0,0,0.0,0.0,0.0,0.0,0.0,0.0,0.0,0.0,True,103,2025-11,63,0.25396825396825395,0.1894397581116025,57,0.45,0.86,-0.0012784491583896496,0,0,0,0,0,0.0,0.0,0.0,0.0,0.0,0.0,0.0,0.0,True,166,2025-12,57,0.3157894736842105,0.21176632579102897,65,0.45,0.86,0.0016464398258771995,0,0,0,3,1,0.3333333333333333,2.4287720013094365,0.020690360278318536,117.38664617911708,58.69332308955854,2.3873912807527997,0.041380720556636774,0.7957970935842665,True,223,2026-01,65,0.3076923076923077,0.2051909004456789,92,0.45,0.86,0.0236265743958764,5,4,3,0,0,0.0,0.0,0.0,0.0,0.0,0.0,0.0,0.0,True,288,2026-02,92,0.29347826086956524,0.19873170244462013,75,0.45,0.86,-0.02056363160305713,0,0,0,0,0,0.0,0.0,0.0,0.0,0.0,0.0,0.0,0.0,True,380,2026-03,75,0.14666666666666667,0.12431202254701226,49,0.45,0.86,-0.0010322616399794649,0,0,0,0,0,0.0,0.0,0.0,0.0,0.0,0.0,0.0,0.0,True,455,2026-04,49,0.14285714285714285,0.11647303886165114,66,0.45,0.86,-0.00768468091133212,0,0,0
5,高波动空头突破,10,afcb6ade6c4931e4,6694.111541429864,False,连续两个有机会开发月无交易|开发月最低胜率过低|有效开发月份不足|开发交易样本不足,7,0.45,0.68,2,2.5,1.65,0.0045,288,1.25,0.18,60,0.32,2,0.035,220,6.0,32,0,0,0.0,0.0,0.0,0.0,0.0,0.0,0.0,0.0,True,103,2025-11,63,0.25396825396825395,0.1894397581116025,57,0.45,0.68,-0.0012784491583896496,0,0,0,0,0,0.0,0.0,0.0,0.0,0.0,0.0,0.0,0.0,True,166,2025-12,57,0.3157894736842105,0.21176632579102897,65,0.45,0.68,0.0016464398258771995,0,0,0,3,1,0.3333333333333333,2.4287720013094365,0.020690360278318536,117.38664617911708,58.69332308955854,2.3873912807527997,0.041380720556636774,0.7957970935842665,True,223,2026-01,65,0.3076923076923077,0.2051909004456789,92,0.45,0.68,0.0236265743958764,5,5,3,0,0,0.0,0.0,0.0,0.0,0.0,0.0,0.0,0.0,True,288,2026-02,92,0.29347826086956524,0.19873170244462013,75,0.45,0.68,-0.02056363160305713,0,0,0,0,0,0.0,0.0,0.0,0.0,0.0,0.0,0.0,0.0,True,380,2026-03,75,0.14666666666666667,0.12431202254701226,49,0.45,0.68,-0.0010322616399794649,0,0,0,0,0,0.0,0.0,0.0,0.0,0.0,0.0,0.0,0.0,True,455,2026-04,49,0.14285714285714285,0.11647303886165114,66,0.45,0.68,-0.00768468091133212,0,0,0
5,高波动空头突破,11,b4b7007129b99e1d,6694.111541429864,False,连续两个有机会开发月无交易|开发月最低胜率过低|有效开发月份不足|开发交易样本不足,7,0.45,0.68,5,2.5,1.65,0.0045,288,1.25,0.18,60,0.32,2,0.035,220,6.0,32,0,0,0.0,0.0,0.0,0.0,0.0,0.0,0.0,0.0,True,103,2025-11,63,0.25396825396825395,0.1894397581116025,57,0.45,0.68,-0.0012784491583896496,0,0,0,0,0,0.0,0.0,0.0,0.0,0.0,0.0,0.0,0.0,True,166,2025-12,57,0.3157894736842105,0.21176632579102897,65,0.45,0.68,0.0016464398258771995,0,0,0,3,1,0.3333333333333333,2.4287720013094365,0.020690360278318536,117.38664617911708,58.69332308955854,2.3873912807527997,0.041380720556636774,0.7957970935842665,True,223,2026-01,65,0.3076923076923077,0.2051909004456789,92,0.45,0.68,0.0236265743958764,5,5,3,0,0,0.0,0.0,0.0,0.0,0.0,0.0,0.0,0.0,True,288,2026-02,92,0.29347826086956524,0.19873170244462013,75,0.45,0.68,-0.02056363160305713,0,0,0,0,0,0.0,0.0,0.0,0.0,0.0,0.0,0.0,0.0,True,380,2026-03,75,0.14666666666666667,0.12431202254701226,49,0.45,0.68,-0.0010322616399794649,0,0,0,0,0,0.0,0.0,0.0,0.0,0.0,0.0,0.0,0.0,True,455,2026-04,49,0.14285714285714285,0.11647303886165114,66,0.45,0.68,-0.00768468091133212,0,0,0
5,高波动空头突破,12,2794b53069ed7b94,6694.111541429864,False,连续两个有机会开发月无交易|开发月最低胜率过低|有效开发月份不足|开发交易样本不足,7,0.45,0.68,8,2.5,1.65,0.0045,288,1.25,0.18,60,0.32,2,0.035,220,6.0,32,0,0,0.0,0.0,0.0,0.0,0.0,0.0,0.0,0.0,True,103,2025-11,63,0.25396825396825395,0.1894397581116025,57,0.45,0.68,-0.0012784491583896496,0,0,0,0,0,0.0,0.0,0.0,0.0,0.0,0.0,0.0,0.0,True,166,2025-12,57,0.3157894736842105,0.21176632579102897,65,0.45,0.68,0.0016464398258771995,0,0,0,3,1,0.3333333333333333,2.4287720013094365,0.020690360278318536,117.38664617911708,58.69332308955854,2.3873912807527997,0.041380720556636774,0.7957970935842665,True,223,2026-01,65,0.3076923076923077,0.2051909004456789,92,0.45,0.68,0.0236265743958764,5,5,3,0,0,0.0,0.0,0.0,0.0,0.0,0.0,0.0,0.0,True,288,2026-02,92,0.29347826086956524,0.19873170244462013,75,0.45,0.68,-0.02056363160305713,0,0,0,0,0,0.0,0.0,0.0,0.0,0.0,0.0,0.0,0.0,True,380,2026-03,75,0.14666666666666667,0.12431202254701226,49,0.45,0.68,-0.0010322616399794649,0,0,0,0,0,0.0,0.0,0.0,0.0,0.0,0.0,0.0,0.0,True,455,2026-04,49,0.14285714285714285,0.11647303886165114,66,0.45,0.68,-0.00768468091133212,0,0,0
5,高波动空头突破,13,aff0e07d39e32cf3,6694.111541429864,False,连续两个有机会开发月无交易|开发月最低胜率过低|有效开发月份不足|开发交易样本不足,7,0.45,0.78,2,2.5,1.65,0.0045,288,1.25,0.18,60,0.32,2,0.035,220,6.0,32,0,0,0.0,0.0,0.0,0.0,0.0,0.0,0.0,0.0,True,103,2025-11,63,0.25396825396825395,0.1894397581116025,57,0.45,0.78,-0.0012784491583896496,0,0,0,0,0,0.0,0.0,0.0,0.0,0.0,0.0,0.0,0.0,True,166,2025-12,57,0.3157894736842105,0.21176632579102897,65,0.45,0.78,0.0016464398258771995,0,0,0,3,1,0.3333333333333333,2.4287720013094365,0.020690360278318536,117.38664617911708,58.69332308955854,2.3873912807527997,0.041380720556636774,0.7957970935842665,True,223,2026-01,65,0.3076923076923077,0.2051909004456789,92,0.45,0.78,0.0236265743958764,5,5,3,0,0,0.0,0.0,0.0,0.0,0.0,0.0,0.0,0.0,True,288,2026-02,92,0.29347826086956524,0.19873170244462013,75,0.45,0.78,-0.02056363160305713,0,0,0,0,0,0.0,0.0,0.0,0.0,0.0,0.0,0.0,0.0,True,380,2026-03,75,0.14666666666666667,0.12431202254701226,49,0.45,0.78,-0.0010322616399794649,0,0,0,0,0,0.0,0.0,0.0,0.0,0.0,0.0,0.0,0.0,True,455,2026-04,49,0.14285714285714285,0.11647303886165114,66,0.45,0.78,-0.00768468091133212,0,0,0
5,高波动空头突破,14,2a61b5edf84f1e90,6694.111541429864,False,连续两个有机会开发月无交易|开发月最低胜率过低|有效开发月份不足|开发交易样本不足,7,0.45,0.78,5,2.5,1.65,0.0045,288,1.25,0.18,60,0.32,2,0.035,220,6.0,32,0,0,0.0,0.0,0.0,0.0,0.0,0.0,0.0,0.0,True,103,2025-11,63,0.25396825396825395,0.1894397581116025,57,0.45,0.78,-0.0012784491583896496,0,0,0,0,0,0.0,0.0,0.0,0.0,0.0,0.0,0.0,0.0,True,166,2025-12,57,0.3157894736842105,0.21176632579102897,65,0.45,0.78,0.0016464398258771995,0,0,0,3,1,0.3333333333333333,2.4287720013094365,0.020690360278318536,117.38664617911708,58.69332308955854,2.3873912807527997,0.041380720556636774,0.7957970935842665,True,223,2026-01,65,0.3076923076923077,0.2051909004456789,92,0.45,0.78,0.0236265743958764,5,5,3,0,0,0.0,0.0,0.0,0.0,0.0,0.0,0.0,0.0,True,288,2026-02,92,0.29347826086956524,0.19873170244462013,75,0.45,0.78,-0.02056363160305713,0,0,0,0,0,0.0,0.0,0.0,0.0,0.0,0.0,0.0,0.0,True,380,2026-03,75,0.14666666666666667,0.12431202254701226,49,0.45,0.78,-0.0010322616399794649,0,0,0,0,0,0.0,0.0,0.0,0.0,0.0,0.0,0.0,0.0,True,455,2026-04,49,0.14285714285714285,0.11647303886165114,66,0.45,0.78,-0.00768468091133212,0,0,0
5,高波动空头突破,15,65cd1f745fb2665a,6694.111541429864,False,连续两个有机会开发月无交易|开发月最低胜率过低|有效开发月份不足|开发交易样本不足,7,0.45,0.78,8,2.5,1.65,0.0045,288,1.25,0.18,60,0.32,2,0.035,220,6.0,32,0,0,0.0,0.0,0.0,0.0,0.0,0.0,0.0,0.0,True,103,2025-11,63,0.25396825396825395,0.1894397581116025,57,0.45,0.78,-0.0012784491583896496,0,0,0,0,0,0.0,0.0,0.0,0.0,0.0,0.0,0.0,0.0,True,166,2025-12,57,0.3157894736842105,0.21176632579102897,65,0.45,0.78,0.0016464398258771995,0,0,0,3,1,0.3333333333333333,2.4287720013094365,0.020690360278318536,117.38664617911708,58.69332308955854,2.3873912807527997,0.041380720556636774,0.7957970935842665,True,223,2026-01,65,0.3076923076923077,0.2051909004456789,92,0.45,0.78,0.0236265743958764,5,5,3,0,0,0.0,0.0,0.0,0.0,0.0,0.0,0.0,0.0,True,288,2026-02,92,0.29347826086956524,0.19873170244462013,75,0.45,0.78,-0.02056363160305713,0,0,0,0,0,0.0,0.0,0.0,0.0,0.0,0.0,0.0,0.0,True,380,2026-03,75,0.14666666666666667,0.12431202254701226,49,0.45,0.78,-0.0010322616399794649,0,0,0,0,0,0.0,0.0,0.0,0.0,0.0,0.0,0.0,0.0,True,455,2026-04,49,0.14285714285714285,0.11647303886165114,66,0.45,0.78,-0.00768468091133212,0,0,0
5,高波动空头突破,16,86d2d71b3c8c4b72,6694.111541429864,False,连续两个有机会开发月无交易|开发月最低胜率过低|有效开发月份不足|开发交易样本不足,7,0.45,0.86,2,2.5,1.65,0.0045,288,1.25,0.18,60,0.32,2,0.035,220,6.0,32,0,0,0.0,0.0,0.0,0.0,0.0,0.0,0.0,0.0,True,103,2025-11,63,0.25396825396825395,0.1894397581116025,57,0.45,0.86,-0.0012784491583896496,0,0,0,0,0,0.0,0.0,0.0,0.0,0.0,0.0,0.0,0.0,True,166,2025-12,57,0.3157894736842105,0.21176632579102897,65,0.45,0.86,0.0016464398258771995,0,0,0,3,1,0.3333333333333333,2.4287720013094365,0.020690360278318536,117.38664617911708,58.69332308955854,2.3873912807527997,0.041380720556636774,0.7957970935842665,True,223,2026-01,65,0.3076923076923077,0.2051909004456789,92,0.45,0.86,0.0236265743958764,5,5,3,0,0,0.0,0.0,0.0,0.0,0.0,0.0,0.0,0.0,True,288,2026-02,92,0.29347826086956524,0.19873170244462013,75,0.45,0.86,-0.02056363160305713,0,0,0,0,0,0.0,0.0,0.0,0.0,0.0,0.0,0.0,0.0,True,380,2026-03,75,0.14666666666666667,0.12431202254701226,49,0.45,0.86,-0.0010322616399794649,0,0,0,0,0,0.0,0.0,0.0,0.0,0.0,0.0,0.0,0.0,True,455,2026-04,49,0.14285714285714285,0.11647303886165114,66,0.45,0.86,-0.00768468091133212,0,0,0
5,高波动空头突破,17,b505a83392ff5fd3,6694.111541429864,False,连续两个有机会开发月无交易|开发月最低胜率过低|有效开发月份不足|开发交易样本不足,7,0.45,0.86,5,2.5,1.65,0.0045,288,1.25,0.18,60,0.32,2,0.035,220,6.0,32,0,0,0.0,0.0,0.0,0.0,0.0,0.0,0.0,0.0,True,103,2025-11,63,0.25396825396825395,0.1894397581116025,57,0.45,0.86,-0.0012784491583896496,0,0,0,0,0,0.0,0.0,0.0,0.0,0.0,0.0,0.0,0.0,True,166,2025-12,57,0.3157894736842105,0.21176632579102897,65,0.45,0.86,0.0016464398258771995,0,0,0,3,1,0.3333333333333333,2.4287720013094365,0.020690360278318536,117.38664617911708,58.69332308955854,2.3873912807527997,0.041380720556636774,0.7957970935842665,True,223,2026-01,65,0.3076923076923077,0.2051909004456789,92,0.45,0.86,0.0236265743958764,5,5,3,0,0,0.0,0.0,0.0,0.0,0.0,0.0,0.0,0.0,True,288,2026-02,92,0.29347826086956524,0.19873170244462013,75,0.45,0.86,-0.02056363160305713,0,0,0,0,0,0.0,0.0,0.0,0.0,0.0,0.0,0.0,0.0,True,380,2026-03,75,0.14666666666666667,0.12431202254701226,49,0.45,0.86,-0.0010322616399794649,0,0,0,0,0,0.0,0.0,0.0,0.0,0.0,0.0,0.0,0.0,True,455,2026-04,49,0.14285714285714285,0.11647303886165114,66,0.45,0.86,-0.00768468091133212,0,0,0
5,高波动空头突破,18,59228328106bb136,6694.111541429864,False,连续两个有机会开发月无交易|开发月最低胜率过低|有效开发月份不足|开发交易样本不足,7,0.45,0.86,8,2.5,1.65,0.0045,288,1.25,0.18,60,0.32,2,0.035,220,6.0,32,0,0,0.0,0.0,0.0,0.0,0.0,0.0,0.0,0.0,True,103,2025-11,63,0.25396825396825395,0.1894397581116025,57,0.45,0.86,-0.0012784491583896496,0,0,0,0,0,0.0,0.0,0.0,0.0,0.0,0.0,0.0,0.0,True,166,2025-12,57,0.3157894736842105,0.21176632579102897,65,0.45,0.86,0.0016464398258771995,0,0,0,3,1,0.3333333333333333,2.4287720013094365,0.020690360278318536,117.38664617911708,58.69332308955854,2.3873912807527997,0.041380720556636774,0.7957970935842665,True,223,2026-01,65,0.3076923076923077,0.2051909004456789,92,0.45,0.86,0.0236265743958764,5,5,3,0,0,0.0,0.0,0.0,0.0,0.0,0.0,0.0,0.0,True,288,2026-02,92,0.29347826086956524,0.19873170244462013,75,0.45,0.86,-0.02056363160305713,0,0,0,0,0,0.0,0.0,0.0,0.0,0.0,0.0,0.0,0.0,True,380,2026-03,75,0.14666666666666667,0.12431202254701226,49,0.45,0.86,-0.0010322616399794649,0,0,0,0,0,0.0,0.0,0.0,0.0,0.0,0.0,0.0,0.0,True,455,2026-04,49,0.14285714285714285,0.11647303886165114,66,0.45,0.86,-0.00768468091133212,0,0,0
5,高波动空头突破,19,b9c8b1b38610ce34,6652.111541429864,False,连续两个有机会开发月无交易|开发月最低胜率过低|有效开发月份不足|开发交易样本不足,10,0.45,0.68,2,2.5,1.65,0.0045,288,1.25,0.18,60,0.32,2,0.035,220,6.0,32,0,0,0.0,0.0,0.0,0.0,0.0,0.0,0.0,0.0,True,103,2025-11,63,0.25396825396825395,0.1894397581116025,57,0.45,0.68,-0.0012784491583896496,0,0,0,0,0,0.0,0.0,0.0,0.0,0.0,0.0,0.0,0.0,True,166,2025-12,57,0.3157894736842105,0.21176632579102897,65,0.45,0.68,0.0016464398258771995,0,0,0,3,1,0.3333333333333333,2.4287720013094365,0.020690360278318536,117.38664617911708,58.69332308955854,2.3873912807527997,0.041380720556636774,0.7957970935842665,True,223,2026-01,65,0.3076923076923077,0.2051909004456789,92,0.45,0.68,0.0236265743958764,5,5,3,0,0,0.0,0.0,0.0,0.0,0.0,0.0,0.0,0.0,True,288,2026-02,92,0.29347826086956524,0.19873170244462013,75,0.45,0.68,-0.02056363160305713,0,0,0,0,0,0.0,0.0,0.0,0.0,0.0,0.0,0.0,0.0,True,380,2026-03,75,0.14666666666666667,0.12431202254701226,49,0.45,0.68,-0.0010322616399794649,0,0,0,0,0,0.0,0.0,0.0,0.0,0.0,0.0,0.0,0.0,True,455,2026-04,49,0.14285714285714285,0.11647303886165114,66,0.45,0.68,-0.00768468091133212,0,0,0
5,高波动空头突破,20,f0a10737136d4505,6652.111541429864,False,连续两个有机会开发月无交易|开发月最低胜率过低|有效开发月份不足|开发交易样本不足,10,0.45,0.68,5,2.5,1.65,0.0045,288,1.25,0.18,60,0.32,2,0.035,220,6.0,32,0,0,0.0,0.0,0.0,0.0,0.0,0.0,0.0,0.0,True,103,2025-11,63,0.25396825396825395,0.1894397581116025,57,0.45,0.68,-0.0012784491583896496,0,0,0,0,0,0.0,0.0,0.0,0.0,0.0,0.0,0.0,0.0,True,166,2025-12,57,0.3157894736842105,0.21176632579102897,65,0.45,0.68,0.0016464398258771995,0,0,0,3,1,0.3333333333333333,2.4287720013094365,0.020690360278318536,117.38664617911708,58.69332308955854,2.3873912807527997,0.041380720556636774,0.7957970935842665,True,223,2026-01,65,0.3076923076923077,0.2051909004456789,92,0.45,0.68,0.0236265743958764,5,5,3,0,0,0.0,0.0,0.0,0.0,0.0,0.0,0.0,0.0,True,288,2026-02,92,0.29347826086956524,0.19873170244462013,75,0.45,0.68,-0.02056363160305713,0,0,0,0,0,0.0,0.0,0.0,0.0,0.0,0.0,0.0,0.0,True,380,2026-03,75,0.14666666666666667,0.12431202254701226,49,0.45,0.68,-0.0010322616399794649,0,0,0,0,0,0.0,0.0,0.0,0.0,0.0,0.0,0.0,0.0,True,455,2026-04,49,0.14285714285714285,0.11647303886165114,66,0.45,0.68,-0.00768468091133212,0,0,0
5,高波动空头突破,21,86ec6b6b5cec1f27,6652.111541429864,False,连续两个有机会开发月无交易|开发月最低胜率过低|有效开发月份不足|开发交易样本不足,10,0.45,0.68,8,2.5,1.65,0.0045,288,1.25,0.18,60,0.32,2,0.035,220,6.0,32,0,0,0.0,0.0,0.0,0.0,0.0,0.0,0.0,0.0,True,103,2025-11,63,0.25396825396825395,0.1894397581116025,57,0.45,0.68,-0.0012784491583896496,0,0,0,0,0,0.0,0.0,0.0,0.0,0.0,0.0,0.0,0.0,True,166,2025-12,57,0.3157894736842105,0.21176632579102897,65,0.45,0.68,0.0016464398258771995,0,0,0,3,1,0.3333333333333333,2.4287720013094365,0.020690360278318536,117.38664617911708,58.69332308955854,2.3873912807527997,0.041380720556636774,0.7957970935842665,True,223,2026-01,65,0.3076923076923077,0.2051909004456789,92,0.45,0.68,0.0236265743958764,5,5,3,0,0,0.0,0.0,0.0,0.0,0.0,0.0,0.0,0.0,True,288,2026-02,92,0.29347826086956524,0.19873170244462013,75,0.45,0.68,-0.02056363160305713,0,0,0,0,0,0.0,0.0,0.0,0.0,0.0,0.0,0.0,0.0,True,380,2026-03,75,0.14666666666666667,0.12431202254701226,49,0.45,0.68,-0.0010322616399794649,0,0,0,0,0,0.0,0.0,0.0,0.0,0.0,0.0,0.0,0.0,True,455,2026-04,49,0.14285714285714285,0.11647303886165114,66,0.45,0.68,-0.00768468091133212,0,0,0
5,高波动空头突破,22,2d85f488eb4f9779,6652.111541429864,False,连续两个有机会开发月无交易|开发月最低胜率过低|有效开发月份不足|开发交易样本不足,10,0.45,0.78,2,2.5,1.65,0.0045,288,1.25,0.18,60,0.32,2,0.035,220,6.0,32,0,0,0.0,0.0,0.0,0.0,0.0,0.0,0.0,0.0,True,103,2025-11,63,0.25396825396825395,0.1894397581116025,57,0.45,0.78,-0.0012784491583896496,0,0,0,0,0,0.0,0.0,0.0,0.0,0.0,0.0,0.0,0.0,True,166,2025-12,57,0.3157894736842105,0.21176632579102897,65,0.45,0.78,0.0016464398258771995,0,0,0,3,1,0.3333333333333333,2.4287720013094365,0.020690360278318536,117.38664617911708,58.69332308955854,2.3873912807527997,0.041380720556636774,0.7957970935842665,True,223,2026-01,65,0.3076923076923077,0.2051909004456789,92,0.45,0.78,0.0236265743958764,5,5,3,0,0,0.0,0.0,0.0,0.0,0.0,0.0,0.0,0.0,True,288,2026-02,92,0.29347826086956524,0.19873170244462013,75,0.45,0.78,-0.02056363160305713,0,0,0,0,0,0.0,0.0,0.0,0.0,0.0,0.0,0.0,0.0,True,380,2026-03,75,0.14666666666666667,0.12431202254701226,49,0.45,0.78,-0.0010322616399794649,0,0,0,0,0,0.0,0.0,0.0,0.0,0.0,0.0,0.0,0.0,True,455,2026-04,49,0.14285714285714285,0.11647303886165114,66,0.45,0.78,-0.00768468091133212,0,0,0
5,高波动空头突破,23,dd783475801875c2,6652.111541429864,False,连续两个有机会开发月无交易|开发月最低胜率过低|有效开发月份不足|开发交易样本不足,10,0.45,0.78,5,2.5,1.65,0.0045,288,1.25,0.18,60,0.32,2,0.035,220,6.0,32,0,0,0.0,0.0,0.0,0.0,0.0,0.0,0.0,0.0,True,103,2025-11,63,0.25396825396825395,0.1894397581116025,57,0.45,0.78,-0.0012784491583896496,0,0,0,0,0,0.0,0.0,0.0,0.0,0.0,0.0,0.0,0.0,True,166,2025-12,57,0.3157894736842105,0.21176632579102897,65,0.45,0.78,0.0016464398258771995,0,0,0,3,1,0.3333333333333333,2.4287720013094365,0.020690360278318536,117.38664617911708,58.69332308955854,2.3873912807527997,0.041380720556636774,0.7957970935842665,True,223,2026-01,65,0.3076923076923077,0.2051909004456789,92,0.45,0.78,0.0236265743958764,5,5,3,0,0,0.0,0.0,0.0,0.0,0.0,0.0,0.0,0.0,True,288,2026-02,92,0.29347826086956524,0.19873170244462013,75,0.45,0.78,-0.02056363160305713,0,0,0,0,0,0.0,0.0,0.0,0.0,0.0,0.0,0.0,0.0,True,380,2026-03,75,0.14666666666666667,0.12431202254701226,49,0.45,0.78,-0.0010322616399794649,0,0,0,0,0,0.0,0.0,0.0,0.0,0.0,0.0,0.0,0.0,True,455,2026-04,49,0.14285714285714285,0.11647303886165114,66,0.45,0.78,-0.00768468091133212,0,0,0
5,高波动空头突破,24,f94b18f8aaf4b3e9,6652.111541429864,False,连续两个有机会开发月无交易|开发月最低胜率过低|有效开发月份不足|开发交易样本不足,10,0.45,0.78,8,2.5,1.65,0.0045,288,1.25,0.18,60,0.32,2,0.035,220,6.0,32,0,0,0.0,0.0,0.0,0.0,0.0,0.0,0.0,0.0,True,103,2025-11,63,0.25396825396825395,0.1894397581116025,57,0.45,0.78,-0.0012784491583896496,0,0,0,0,0,0.0,0.0,0.0,0.0,0.0,0.0,0.0,0.0,True,166,2025-12,57,0.3157894736842105,0.21176632579102897,65,0.45,0.78,0.0016464398258771995,0,0,0,3,1,0.3333333333333333,2.4287720013094365,0.020690360278318536,117.38664617911708,58.69332308955854,2.3873912807527997,0.041380720556636774,0.7957970935842665,True,223,2026-01,65,0.3076923076923077,0.2051909004456789,92,0.45,0.78,0.0236265743958764,5,5,3,0,0,0.0,0.0,0.0,0.0,0.0,0.0,0.0,0.0,True,288,2026-02,92,0.29347826086956524,0.19873170244462013,75,0.45,0.78,-0.02056363160305713,0,0,0,0,0,0.0,0.0,0.0,0.0,0.0,0.0,0.0,0.0,True,380,2026-03,75,0.14666666666666667,0.12431202254701226,49,0.45,0.78,-0.0010322616399794649,0,0,0,0,0,0.0,0.0,0.0,0.0,0.0,0.0,0.0,0.0,True,455,2026-04,49,0.14285714285714285,0.11647303886165114,66,0.45,0.78,-0.00768468091133212,0,0,0
5,高波动空头突破,25,fb4b9ecb941b9f22,6652.111541429864,False,连续两个有机会开发月无交易|开发月最低胜率过低|有效开发月份不足|开发交易样本不足,10,0.45,0.86,2,2.5,1.65,0.0045,288,1.25,0.18,60,0.32,2,0.035,220,6.0,32,0,0,0.0,0.0,0.0,0.0,0.0,0.0,0.0,0.0,True,103,2025-11,63,0.25396825396825395,0.1894397581116025,57,0.45,0.86,-0.0012784491583896496,0,0,0,0,0,0.0,0.0,0.0,0.0,0.0,0.0,0.0,0.0,True,166,2025-12,57,0.3157894736842105,0.21176632579102897,65,0.45,0.86,0.0016464398258771995,0,0,0,3,1,0.3333333333333333,2.4287720013094365,0.020690360278318536,117.38664617911708,58.69332308955854,2.3873912807527997,0.041380720556636774,0.7957970935842665,True,223,2026-01,65,0.3076923076923077,0.2051909004456789,92,0.45,0.86,0.0236265743958764,5,5,3,0,0,0.0,0.0,0.0,0.0,0.0,0.0,0.0,0.0,True,288,2026-02,92,0.29347826086956524,0.19873170244462013,75,0.45,0.86,-0.02056363160305713,0,0,0,0,0,0.0,0.0,0.0,0.0,0.0,0.0,0.0,0.0,True,380,2026-03,75,0.14666666666666667,0.12431202254701226,49,0.45,0.86,-0.0010322616399794649,0,0,0,0,0,0.0,0.0,0.0,0.0,0.0,0.0,0.0,0.0,True,455,2026-04,49,0.14285714285714285,0.11647303886165114,66,0.45,0.86,-0.00768468091133212,0,0,0
5,高波动空头突破,26,93bc27911118e9da,6652.111541429864,False,连续两个有机会开发月无交易|开发月最低胜率过低|有效开发月份不足|开发交易样本不足,10,0.45,0.86,5,2.5,1.65,0.0045,288,1.25,0.18,60,0.32,2,0.035,220,6.0,32,0,0,0.0,0.0,0.0,0.0,0.0,0.0,0.0,0.0,True,103,2025-11,63,0.25396825396825395,0.1894397581116025,57,0.45,0.86,-0.0012784491583896496,0,0,0,0,0,0.0,0.0,0.0,0.0,0.0,0.0,0.0,0.0,True,166,2025-12,57,0.3157894736842105,0.21176632579102897,65,0.45,0.86,0.0016464398258771995,0,0,0,3,1,0.3333333333333333,2.4287720013094365,0.020690360278318536,117.38664617911708,58.69332308955854,2.3873912807527997,0.041380720556636774,0.7957970935842665,True,223,2026-01,65,0.3076923076923077,0.2051909004456789,92,0.45,0.86,0.0236265743958764,5,5,3,0,0,0.0,0.0,0.0,0.0,0.0,0.0,0.0,0.0,True,288,2026-02,92,0.29347826086956524,0.19873170244462013,75,0.45,0.86,-0.02056363160305713,0,0,0,0,0,0.0,0.0,0.0,0.0,0.0,0.0,0.0,0.0,True,380,2026-03,75,0.14666666666666667,0.12431202254701226,49,0.45,0.86,-0.0010322616399794649,0,0,0,0,0,0.0,0.0,0.0,0.0,0.0,0.0,0.0,0.0,True,455,2026-04,49,0.14285714285714285,0.11647303886165114,66,0.45,0.86,-0.00768468091133212,0,0,0
5,高波动空头突破,27,30348a9500c70b00,6652.111541429864,False,连续两个有机会开发月无交易|开发月最低胜率过低|有效开发月份不足|开发交易样本不足,10,0.45,0.86,8,2.5,1.65,0.0045,288,1.25,0.18,60,0.32,2,0.035,220,6.0,32,0,0,0.0,0.0,0.0,0.0,0.0,0.0,0.0,0.0,True,103,2025-11,63,0.25396825396825395,0.1894397581116025,57,0.45,0.86,-0.0012784491583896496,0,0,0,0,0,0.0,0.0,0.0,0.0,0.0,0.0,0.0,0.0,True,166,2025-12,57,0.3157894736842105,0.21176632579102897,65,0.45,0.86,0.0016464398258771995,0,0,0,3,1,0.3333333333333333,2.4287720013094365,0.020690360278318536,117.38664617911708,58.69332308955854,2.3873912807527997,0.041380720556636774,0.7957970935842665,True,223,2026-01,65,0.3076923076923077,0.2051909004456789,92,0.45,0.86,0.0236265743958764,5,5,3,0,0,0.0,0.0,0.0,0.0,0.0,0.0,0.0,0.0,True,288,2026-02,92,0.29347826086956524,0.19873170244462013,75,0.45,0.86,-0.02056363160305713,0,0,0,0,0,0.0,0.0,0.0,0.0,0.0,0.0,0.0,0.0,True,380,2026-03,75,0.14666666666666667,0.12431202254701226,49,0.45,0.86,-0.0010322616399794649,0,0,0,0,0,0.0,0.0,0.0,0.0,0.0,0.0,0.0,0.0,True,455,2026-04,49,0.14285714285714285,0.11647303886165114,66,0.45,0.86,-0.00768468091133212,0,0,0
5,高波动空头突破,28,e02aa549f4203187,5003.459105727289,False,连续两个有机会开发月无交易|开发月最低胜率过低|有效开发月份不足|开发交易样本不足,4,0.4,0.68,2,2.5,1.65,0.0045,288,1.25,0.18,60,0.32,3,0.025,260,8.0,42,0,0,0.0,0.0,0.0,0.0,0.0,0.0,0.0,0.0,True,103,2025-11,63,0.25396825396825395,0.18946785309722108,57,0.4,0.68,-0.00011828401722446813,0,0,0,1,1,1.0,2.2785326130035815,0.0,0.0,0.0,2.2785326130035815,0.0,2.2785326130035815,True,166,2025-12,57,0.3157894736842105,0.21221908145065888,65,0.4,0.68,-0.002618513526526589,1,1,1,3,1,0.3333333333333333,2.4287720013094365,0.5934138812974106,4.0928803283119874,2.0464401641559937,1.2419442387146153,1.1762158789089971,0.4139814129048718,True,223,2026-01,65,0.3076923076923077,0.20574688047680964,92,0.4,0.68,-0.0004776384355748564,7,4,3,2,0,0.0,0.0,0.04279369038947384,0.0,0.0,-0.08558738077894767,0.08558738077894767,-0.04279369038947384,True,288,2026-02,92,0.29347826086956524,0.19288988093456508,75,0.4,0.68,-0.022597641918948974,7,4,2,0,0,0.0,0.0,0.0,0.0,0.0,0.0,0.0,0.0,True,380,2026-03,75,0.14666666666666667,0.12475520733775557,49,0.4,0.68,-0.0016084979126237686,0,0,0,0,0,0.0,0.0,0.0,0.0,0.0,0.0,0.0,0.0,True,455,2026-04,49,0.14285714285714285,0.11584079888966563,66,0.4,0.68,-0.01069840483132456,0,0,0
5,高波动空头突破,29,93721ee0870200f5,5003.459105727289,False,连续两个有机会开发月无交易|开发月最低胜率过低|有效开发月份不足|开发交易样本不足,4,0.4,0.68,5,2.5,1.65,0.0045,288,1.25,0.18,60,0.32,3,0.025,260,8.0,42,0,0,0.0,0.0,0.0,0.0,0.0,0.0,0.0,0.0,True,103,2025-11,63,0.25396825396825395,0.18946785309722108,57,0.4,0.68,-0.00011828401722446813,0,0,0,1,1,1.0,2.2785326130035815,0.0,0.0,0.0,2.2785326130035815,0.0,2.2785326130035815,True,166,2025-12,57,0.3157894736842105,0.21221908145065888,65,0.4,0.68,-0.002618513526526589,1,1,1,3,1,0.3333333333333333,2.4287720013094365,0.5934138812974106,4.0928803283119874,2.0464401641559937,1.2419442387146153,1.1762158789089971,0.4139814129048718,True,223,2026-01,65,0.3076923076923077,0.20574688047680964,92,0.4,0.68,-0.0004776384355748564,7,4,3,2,0,0.0,0.0,0.04279369038947384,0.0,0.0,-0.08558738077894767,0.08558738077894767,-0.04279369038947384,True,288,2026-02,92,0.29347826086956524,0.19288988093456508,75,0.4,0.68,-0.022597641918948974,7,4,2,0,0,0.0,0.0,0.0,0.0,0.0,0.0,0.0,0.0,True,380,2026-03,75,0.14666666666666667,0.12475520733775557,49,0.4,0.68,-0.0016084979126237686,0,0,0,0,0,0.0,0.0,0.0,0.0,0.0,0.0,0.0,0.0,True,455,2026-04,49,0.14285714285714285,0.11584079888966563,66,0.4,0.68,-0.01069840483132456,0,0,0
5,高波动空头突破,30,804df3e4bfb80082,5003.459105727289,False,连续两个有机会开发月无交易|开发月最低胜率过低|有效开发月份不足|开发交易样本不足,4,0.4,0.68,8,2.5,1.65,0.0045,288,1.25,0.18,60,0.32,3,0.025,260,8.0,42,0,0,0.0,0.0,0.0,0.0,0.0,0.0,0.0,0.0,True,103,2025-11,63,0.25396825396825395,0.18946785309722108,57,0.4,0.68,-0.00011828401722446813,0,0,0,1,1,1.0,2.2785326130035815,0.0,0.0,0.0,2.2785326130035815,0.0,2.2785326130035815,True,166,2025-12,57,0.3157894736842105,0.21221908145065888,65,0.4,0.68,-0.002618513526526589,1,1,1,3,1,0.3333333333333333,2.4287720013094365,0.5934138812974106,4.0928803283119874,2.0464401641559937,1.2419442387146153,1.1762158789089971,0.4139814129048718,True,223,2026-01,65,0.3076923076923077,0.20574688047680964,92,0.4,0.68,-0.0004776384355748564,7,4,3,2,0,0.0,0.0,0.04279369038947384,0.0,0.0,-0.08558738077894767,0.08558738077894767,-0.04279369038947384,True,288,2026-02,92,0.29347826086956524,0.19288988093456508,75,0.4,0.68,-0.022597641918948974,7,4,2,0,0,0.0,0.0,0.0,0.0,0.0,0.0,0.0,0.0,True,380,2026-03,75,0.14666666666666667,0.12475520733775557,49,0.4,0.68,-0.0016084979126237686,0,0,0,0,0,0.0,0.0,0.0,0.0,0.0,0.0,0.0,0.0,True,455,2026-04,49,0.14285714285714285,0.11584079888966563,66,0.4,0.68,-0.01069840483132456,0,0,0
