rank,score_train_only,diagnostic_qualified,family,direction,may_trades,may_win_rate,may_ratio,june_trades,june_win_rate,june_ratio,total_net_R,may_max_drawdown_R,first_half_trades,first_half_win_rate,first_half_ratio,first_half_net_R,second_half_trades,second_half_win_rate,second_half_ratio,second_half_net_R,config
1,1387.2816244685075,False,三结构组合,双向,17.0,0.7058823529411765,1.3415244497334498,11.0,0.36363636363636365,1.2365803538617013,11.227470118314189,2.4526257375528573,5.0,0.8,1.5372195160107962,6.313849274722433,12.0,0.6666666666666666,1.2428962222363267,7.272349492257373,"{""family_mask"": 7, ""direction"": 0, ""rr"": 2.6, ""sl_atr"": 1.996776852145633, ""min_stop_pct"": 0.004440550952642681, ""max_hold"": 432, ""cooldown"": 44, ""session_start"": 0, ""session_end"": 24, ""weekday_mask"": 124, ""htf_mode"": 1, ""adx_min"": 31.702484391047435, ""rsi_long_min"": 53.09921142405105, ""rsi_long_max"": 72.966706427419, ""relvol_min"": 0.7794836546459069, ""body_min"": 0.5945166622172338, ""close_loc_min"": 0.6436832173445245, ""wick_min"": 0.5257886499571789, ""eff_min"": 0.34764577768641025, ""chop_max"": 56.280755276859104, ""atr_rank_min"": 0.6048390580234709, ""vwap_dev_max"": 2.101731115922903, ""pull_idx"": 1, ""sweep_idx"": 0, ""retest_idx"": 15, ""trail_trigger"": 1.7172736314927748, ""trail_lock"": 1.622368919804399}"
2,1292.7196345536029,False,三结构组合,双向,16.0,0.6875,1.3389904945666753,14.0,0.42857142857142855,1.4497683312755651,12.649463823233305,2.429134870239129,6.0,0.6666666666666666,1.250617620831812,3.6467028739569747,10.0,0.7,1.3894688171306202,8.17083910425243,"{""family_mask"": 7, ""direction"": 0, ""rr"": 2.0, ""sl_atr"": 2.256703971003817, ""min_stop_pct"": 0.004672168567220459, ""max_hold"": 216, ""cooldown"": 37, ""session_start"": 3, ""session_end"": 13, ""weekday_mask"": 127, ""htf_mode"": 0, ""adx_min"": 30.71606890787581, ""rsi_long_min"": 45.439372792850584, ""rsi_long_max"": 70.78370347281971, ""relvol_min"": 1.1616942781271342, ""body_min"": 0.2518216112704863, ""close_loc_min"": 0.7069307204215113, ""wick_min"": 0.35598253006046876, ""eff_min"": 0.1780303455614702, ""chop_max"": 51.1122619721951, ""atr_rank_min"": 0.5965438110248462, ""vwap_dev_max"": 2.6502532934946847, ""pull_idx"": 3, ""sweep_idx"": 0, ""retest_idx"": 11, ""trail_trigger"": 1.814810560412685, ""trail_lock"": 1.6447534819164487}"
3,1191.5987247405765,False,三结构组合,双向,16.0,0.625,1.5061577935666717,19.0,0.47368421052631576,1.4704555709755405,15.369806065155256,2.5204628583161144,6.0,0.6666666666666666,1.4338477554159084,4.705483403946218,10.0,0.6,1.5538933168022682,6.6794380398470325,"{""family_mask"": 7, ""direction"": 0, ""rr"": 2.2, ""sl_atr"": 2.0658409712457875, ""min_stop_pct"": 0.003860131167603186, ""max_hold"": 288, ""cooldown"": 49, ""session_start"": 3, ""session_end"": 15, ""weekday_mask"": 127, ""htf_mode"": 1, ""adx_min"": 17.89120357193562, ""rsi_long_min"": 51.993101521302435, ""rsi_long_max"": 73.97684261433032, ""relvol_min"": 1.49796517225162, ""body_min"": 0.323800349803581, ""close_loc_min"": 0.6894255673269398, ""wick_min"": 0.3746879463708477, ""eff_min"": 0.2471685388137706, ""chop_max"": 59.1315906937844, ""atr_rank_min"": 0.5160775123196584, ""vwap_dev_max"": 2.7630546534450113, ""pull_idx"": 1, ""sweep_idx"": 2, ""retest_idx"": 2, ""trail_trigger"": 1.9198173267322012, ""trail_lock"": 1.66561627249776}"
4,1111.7852906456035,False,三结构组合,双向,22.0,0.6363636363636364,1.3786526420859089,27.0,0.37037037037037035,1.365452246599428,9.929948192849295,2.4770545291588,8.0,0.625,1.345052844866423,4.614369508137754,14.0,0.6428571428571429,1.397872846561367,9.299781398780947,"{""family_mask"": 7, ""direction"": 0, ""rr"": 2.0, ""sl_atr"": 2.2678620236756486, ""min_stop_pct"": 0.004203246030883624, ""max_hold"": 432, ""cooldown"": 6, ""session_start"": 0, ""session_end"": 24, ""weekday_mask"": 127, ""htf_mode"": 2, ""adx_min"": 32.98992302656194, ""rsi_long_min"": 51.76207145332899, ""rsi_long_max"": 73.23920673896767, ""relvol_min"": 0.8892097326561059, ""body_min"": 0.5144387791357138, ""close_loc_min"": 0.8341235573060484, ""wick_min"": 0.42600381636574375, ""eff_min"": 0.2976222523611772, ""chop_max"": 52.717299762547704, ""atr_rank_min"": 0.3438615272945177, ""vwap_dev_max"": 2.361964380514754, ""pull_idx"": 6, ""sweep_idx"": 0, ""retest_idx"": 16, ""trail_trigger"": 1.8160363728136404, ""trail_lock"": 1.7618130466465316}"
5,1052.2381336861572,False,扫单反转+突破回踩,双向,15.0,0.6,1.5470979410899148,21.0,0.2857142857142857,1.527983879049131,2.375350094616778,2.27038534327266,5.0,0.6,1.4682225473358035,2.7284744416998343,10.0,0.6,1.5865347551435631,6.262552154619008,"{""family_mask"": 6, ""direction"": 0, ""rr"": 2.2, ""sl_atr"": 1.6119493746617708, ""min_stop_pct"": 0.0074446474903715944, ""max_hold"": 432, ""cooldown"": 39, ""session_start"": 0, ""session_end"": 24, ""weekday_mask"": 124, ""htf_mode"": 1, ""adx_min"": 21.247706975339135, ""rsi_long_min"": 42.13120735527505, ""rsi_long_max"": 73.1912908287928, ""relvol_min"": 0.9019925273429646, ""body_min"": 0.3684604975449666, ""close_loc_min"": 0.7748762687607001, ""wick_min"": 0.34336573464764286, ""eff_min"": 0.21956423474496206, ""chop_max"": 58.97291517593547, ""atr_rank_min"": 0.7241021672720084, ""vwap_dev_max"": 1.7719355324511756, ""pull_idx"": 3, ""sweep_idx"": 0, ""retest_idx"": 5, ""trail_trigger"": 1.8657939550342324, ""trail_lock"": 1.8008859978693617}"
6,997.986178749913,False,三结构组合,双向,16.0,0.6875,1.4631719913888315,7.0,0.2857142857142857,1.595346935176219,11.551601333067039,4.670443514716168,8.0,0.5,1.2155434802274345,1.0641962341311297,8.0,0.875,1.604186355091381,12.63158856061582,"{""family_mask"": 7, ""direction"": 0, ""rr"": 2.4, ""sl_atr"": 2.1349972703101536, ""min_stop_pct"": 0.004278310029331316, ""max_hold"": 288, ""cooldown"": 27, ""session_start"": 3, ""session_end"": 14, ""weekday_mask"": 127, ""htf_mode"": 2, ""adx_min"": 28.282742339153394, ""rsi_long_min"": 43.07070988969259, ""rsi_long_max"": 73.39340028671872, ""relvol_min"": 1.2409395679255235, ""body_min"": 0.4718731124774629, ""close_loc_min"": 0.8581420202908989, ""wick_min"": 0.2768965677446195, ""eff_min"": 0.23885892187035118, ""chop_max"": 53.9098132531075, ""atr_rank_min"": 0.29373425440704926, ""vwap_dev_max"": 2.5369571201217838, ""pull_idx"": 0, ""sweep_idx"": 0, ""retest_idx"": 9, ""trail_trigger"": 1.826928689350097, ""trail_lock"": 1.7351145918863382}"
7,908.1989695298565,False,三结构组合,双向,18.0,0.6111111111111112,1.377345652338676,16.0,0.3125,1.5281601882538525,6.436572021374605,3.854695686417079,5.0,0.6,1.4261867594669198,2.977395401993596,13.0,0.6153846153846154,1.3590936856424556,7.597167877986902,"{""family_mask"": 7, ""direction"": 0, ""rr"": 2.4, ""sl_atr"": 1.7626682025427134, ""min_stop_pct"": 0.003268592959624241, ""max_hold"": 576, ""cooldown"": 42, ""session_start"": 0, ""session_end"": 24, ""weekday_mask"": 124, ""htf_mode"": 1, ""adx_min"": 26.251099381650064, ""rsi_long_min"": 49.044757808392426, ""rsi_long_max"": 73.9368236080105, ""relvol_min"": 0.7524160426981037, ""body_min"": 0.2675857271847272, ""close_loc_min"": 0.6937700226648605, ""wick_min"": 0.5131639039326461, ""eff_min"": 0.3013923608812811, ""chop_max"": 61.94887784508863, ""atr_rank_min"": 0.4663587773357405, ""vwap_dev_max"": 2.2470491074111907, ""pull_idx"": 7, ""sweep_idx"": 0, ""retest_idx"": 1, ""trail_trigger"": 2.0573659677610987, ""trail_lock"": 1.7117382364686393}"
8,907.7528508836768,False,三结构组合,双向,18.0,0.6111111111111112,1.381145689054212,17.0,0.29411764705882354,1.3123388488917065,3.430729238164669,2.4526633915593408,8.0,0.625,1.3013961825218028,4.299355834396288,10.0,0.6,1.4476035419170026,5.74487806281493,"{""family_mask"": 7, ""direction"": 0, ""rr"": 2.0, ""sl_atr"": 1.0393097833298477, ""min_stop_pct"": 0.004440180755417586, ""max_hold"": 576, ""cooldown"": 32, ""session_start"": 0, ""session_end"": 24, ""weekday_mask"": 127, ""htf_mode"": 2, ""adx_min"": 32.78413994741961, ""rsi_long_min"": 50.80632005839368, ""rsi_long_max"": 71.6043381227822, ""relvol_min"": 1.5954801874118596, ""body_min"": 0.34940857780526785, ""close_loc_min"": 0.7901581326863781, ""wick_min"": 0.37534246416953565, ""eff_min"": 0.20979678896375814, ""chop_max"": 49.81764951614675, ""atr_rank_min"": 0.7499915846128485, ""vwap_dev_max"": 2.7277293663755424, ""pull_idx"": 4, ""sweep_idx"": 1, ""retest_idx"": 16, ""trail_trigger"": 1.7152666752528503, ""trail_lock"": 1.5532954214929688}"
9,893.1588383583307,False,趋势回踩+流动性扫单,双向,15.0,0.6,1.417498453087502,14.0,0.14285714285714285,1.8291927571741664,-1.9219114300084192,2.42579871499548,5.0,0.6,1.422149031798482,2.7477259444807345,10.0,0.6,1.4151737066288907,5.445984199185243,"{""family_mask"": 3, ""direction"": 0, ""rr"": 2.6, ""sl_atr"": 1.3593765449414508, ""min_stop_pct"": 0.004720935823367011, ""max_hold"": 216, ""cooldown"": 31, ""session_start"": 0, ""session_end"": 24, ""weekday_mask"": 124, ""htf_mode"": 0, ""adx_min"": 21.57771254851047, ""rsi_long_min"": 45.65247501714094, ""rsi_long_max"": 60.21097450875455, ""relvol_min"": 0.8959139402897982, ""body_min"": 0.667481736261728, ""close_loc_min"": 0.5823895669504087, ""wick_min"": 0.2901670629799728, ""eff_min"": 0.17639911642548997, ""chop_max"": 46.273133827843715, ""atr_rank_min"": 0.5208163343467304, ""vwap_dev_max"": 2.411751019012167, ""pull_idx"": 8, ""sweep_idx"": 0, ""retest_idx"": 0, ""trail_trigger"": 2.302643381547121, ""trail_lock"": 2.234578526427164}"
10,864.2853092229693,False,三结构组合,双向,17.0,0.6470588235294118,1.4936743377209358,15.0,0.26666666666666666,1.6001264701025468,7.298641433096633,2.440806799043747,6.0,0.5,1.4619906851381927,1.690439132485632,11.0,0.7272727272727273,1.5054060970097871,11.033296986530154,"{""family_mask"": 7, ""direction"": 0, ""rr"": 2.2, ""sl_atr"": 2.219166764602341, ""min_stop_pct"": 0.004559891156677901, ""max_hold"": 288, ""cooldown"": 46, ""session_start"": 0, ""session_end"": 24, ""weekday_mask"": 124, ""htf_mode"": 1, ""adx_min"": 19.407687577735707, ""rsi_long_min"": 50.081681820166445, ""rsi_long_max"": 73.65843400624374, ""relvol_min"": 0.923890596148653, ""body_min"": 0.49326567040505837, ""close_loc_min"": 0.6339924185834768, ""wick_min"": 0.6434562892680932, ""eff_min"": 0.340132404359641, ""chop_max"": 55.33623099207344, ""atr_rank_min"": 0.19659750787239474, ""vwap_dev_max"": 2.812007521794996, ""pull_idx"": 5, ""sweep_idx"": 0, ""retest_idx"": 11, ""trail_trigger"": 2.0595835900685504, ""trail_lock"": 1.6098067339985958}"
11,817.4532053522317,False,三结构组合,双向,15.0,0.6,1.444162195909288,14.0,0.14285714285714285,1.6243287148874617,-1.7223214290264948,2.566856520487687,5.0,0.6,1.1232556417675388,1.7579975818806948,10.0,0.6,1.6068987292574557,7.138737888368102,"{""family_mask"": 7, ""direction"": 0, ""rr"": 2.6, ""sl_atr"": 1.8054444025684668, ""min_stop_pct"": 0.0035369742036952777, ""max_hold"": 432, ""cooldown"": 45, ""session_start"": 0, ""session_end"": 24, ""weekday_mask"": 124, ""htf_mode"": 2, ""adx_min"": 30.738156053583467, ""rsi_long_min"": 42.44186668410534, ""rsi_long_max"": 72.23794540230654, ""relvol_min"": 0.8832077912297676, ""body_min"": 0.2685568487365395, ""close_loc_min"": 0.7506573785704281, ""wick_min"": 0.5097658713816002, ""eff_min"": 0.3718659601320254, ""chop_max"": 63.92502122443251, ""atr_rank_min"": 0.7308835912569704, ""vwap_dev_max"": 2.4059400132202495, ""pull_idx"": 2, ""sweep_idx"": 0, ""retest_idx"": 7, ""trail_trigger"": 2.0407062093819475, ""trail_lock"": 1.7253286753012493}"
12,777.3751253398674,False,扫单反转+突破回踩,双向,21.0,0.6190476190476191,1.337676446317542,21.0,0.23809523809523808,1.6199063732655636,2.1952986696170784,3.6473196145586204,7.0,0.5714285714285714,1.3536466776257294,2.993470878184298,14.0,0.6428571428571429,1.3320413770932358,8.561933808387414,"{""family_mask"": 6, ""direction"": 0, ""rr"": 2.2, ""sl_atr"": 2.369258813004005, ""min_stop_pct"": 0.004190292360429439, ""max_hold"": 216, ""cooldown"": 58, ""session_start"": 0, ""session_end"": 24, ""weekday_mask"": 124, ""htf_mode"": 0, ""adx_min"": 27.281824921087793, ""rsi_long_min"": 46.44018269992663, ""rsi_long_max"": 68.0737906532114, ""relvol_min"": 0.8015634732019484, ""body_min"": 0.32131332530688117, ""close_loc_min"": 0.6712035938445414, ""wick_min"": 0.3847238370021798, ""eff_min"": 0.2570757285309829, ""chop_max"": 61.73362717360046, ""atr_rank_min"": 0.3546617728423156, ""vwap_dev_max"": 2.1968506027763532, ""pull_idx"": 0, ""sweep_idx"": 0, ""retest_idx"": 2, ""trail_trigger"": 1.92186872721734, ""trail_lock"": 1.823760089270805}"
13,762.4060989825167,False,三结构组合,双向,21.0,0.6190476190476191,1.2550014090326223,28.0,0.5,1.310262806040008,15.39711676553682,2.448717092430032,8.0,0.625,1.3044970340045594,4.313289474227139,13.0,0.6153846153846154,1.2240736420782041,5.8693467886014385,"{""family_mask"": 7, ""direction"": 0, ""rr"": 2.0, ""sl_atr"": 1.9819741485630546, ""min_stop_pct"": 0.004468689938559579, ""max_hold"": 576, ""cooldown"": 46, ""session_start"": 0, ""session_end"": 24, ""weekday_mask"": 127, ""htf_mode"": 2, ""adx_min"": 24.035185018686338, ""rsi_long_min"": 50.23454590188213, ""rsi_long_max"": 73.27326642111925, ""relvol_min"": 0.9017420043596348, ""body_min"": 0.3350132188933297, ""close_loc_min"": 0.6728038726404284, ""wick_min"": 0.3625819064078705, ""eff_min"": 0.3588649952111984, ""chop_max"": 51.01035787304273, ""atr_rank_min"": 0.6795043274540775, ""vwap_dev_max"": 2.2743480157736866, ""pull_idx"": 6, ""sweep_idx"": 2, ""retest_idx"": 16, ""trail_trigger"": 1.736664257763018, ""trail_lock"": 1.5545010966557196}"
14,761.1622197083261,False,三结构组合,双向,16.0,0.625,1.3742750778983963,16.0,0.3125,1.225726609409999,3.697700225222224,2.478737937037428,7.0,0.7142857142857143,1.3740559934911045,6.0333477888600875,9.0,0.5555555555555556,1.374602675809384,3.559959191657282,"{""family_mask"": 7, ""direction"": 0, ""rr"": 2.6, ""sl_atr"": 1.7624735265270173, ""min_stop_pct"": 0.0041977982401370136, ""max_hold"": 288, ""cooldown"": 56, ""session_start"": 0, ""session_end"": 24, ""weekday_mask"": 127, ""htf_mode"": 2, ""adx_min"": 28.160016343143898, ""rsi_long_min"": 54.83953904670612, ""rsi_long_max"": 67.49076521172393, ""relvol_min"": 1.1079273297854733, ""body_min"": 0.42989565460564333, ""close_loc_min"": 0.6772802515628106, ""wick_min"": 0.4493650036731789, ""eff_min"": 0.32078454152131314, ""chop_max"": 62.44059558976931, ""atr_rank_min"": 0.41018580181046005, ""vwap_dev_max"": 1.8389165977641366, ""pull_idx"": 7, ""sweep_idx"": 1, ""retest_idx"": 1, ""trail_trigger"": 1.8761963497513408, ""trail_lock"": 1.5019177100672099}"
15,738.4966325099165,False,扫单反转+突破回踩,双向,16.0,0.625,1.328900416131637,9.0,0.3333333333333333,1.2671273787272825,6.304520806655194,2.476443443257528,7.0,0.5714285714285714,1.2457916305590893,2.4549078361000607,9.0,0.6666666666666666,1.3842984099674942,6.568080056089697,"{""family_mask"": 6, ""direction"": 0, ""rr"": 2.0, ""sl_atr"": 1.4651958080769965, ""min_stop_pct"": 0.004217326328963631, ""max_hold"": 216, ""cooldown"": 31, ""session_start"": 0, ""session_end"": 24, ""weekday_mask"": 127, ""htf_mode"": 1, ""adx_min"": 18.37515366629736, ""rsi_long_min"": 47.1403111164132, ""rsi_long_max"": 64.64530966568103, ""relvol_min"": 1.2911269863122274, ""body_min"": 0.3013146973378489, ""close_loc_min"": 0.8687434116172674, ""wick_min"": 0.4003418293631512, ""eff_min"": 0.3456208878506153, ""chop_max"": 64.04715052735041, ""atr_rank_min"": 0.26711657840240255, ""vwap_dev_max"": 2.4466657388501907, ""pull_idx"": 8, ""sweep_idx"": 0, ""retest_idx"": 0, ""trail_trigger"": 1.759789040859623, ""trail_lock"": 1.7063964313081565}"
16,734.6871863643966,False,趋势回踩+流动性扫单,双向,15.0,0.6,1.406889717690762,10.0,0.3,1.0819094237690965,3.590928550027476,3.704031139704404,7.0,0.5714285714285714,1.3227077456095833,2.8291851797881966,8.0,0.625,1.474228090093854,5.398562448708982,"{""family_mask"": 3, ""direction"": 0, ""rr"": 2.8, ""sl_atr"": 1.2909613718845523, ""min_stop_pct"": 0.004268871054552227, ""max_hold"": 216, ""cooldown"": 49, ""session_start"": 0, ""session_end"": 24, ""weekday_mask"": 124, ""htf_mode"": 1, ""adx_min"": 24.98194939252768, ""rsi_long_min"": 53.42841525320119, ""rsi_long_max"": 69.75296758424972, ""relvol_min"": 1.102073445561186, ""body_min"": 0.3347868439568528, ""close_loc_min"": 0.5877207769685353, ""wick_min"": 0.27312477425895976, ""eff_min"": 0.4873080379631104, ""chop_max"": 51.334825222479665, ""atr_rank_min"": 0.6088519749138208, ""vwap_dev_max"": 2.5598057574893254, ""pull_idx"": 7, ""sweep_idx"": 0, ""retest_idx"": 12, ""trail_trigger"": 1.9443067478455545, ""trail_lock"": 1.5581589467911579}"
17,721.4270921814605,False,流动性扫单反转,双向,15.0,0.6,1.8474998757800043,12.0,0.16666666666666666,1.9732544238205634,5.549880856874657,2.414236808313097,6.0,0.5,1.847007742403816,3.065493154085659,9.0,0.6666666666666666,1.8476019620338076,9.757530836396192,"{""family_mask"": 2, ""direction"": 0, ""rr"": 3.0, ""sl_atr"": 1.73669913201796, ""min_stop_pct"": 0.004853022361509925, ""max_hold"": 576, ""cooldown"": 7, ""session_start"": 0, ""session_end"": 24, ""weekday_mask"": 124, ""htf_mode"": 1, ""adx_min"": 34.00082831377932, ""rsi_long_min"": 52.61568567677347, ""rsi_long_max"": 59.963232278044615, ""relvol_min"": 0.837016685791819, ""body_min"": 0.6714781727563242, ""close_loc_min"": 0.5878051265145504, ""wick_min"": 0.3426149344034225, ""eff_min"": 0.4182092361037305, ""chop_max"": 59.5293322117299, ""atr_rank_min"": 0.21399006382200106, ""vwap_dev_max"": 2.88198323701046, ""pull_idx"": 7, ""sweep_idx"": 0, ""retest_idx"": 4, ""trail_trigger"": 2.396658620026112, ""trail_lock"": 2.152530606096122}"
18,694.3369568905321,False,扫单反转+突破回踩,双向,16.0,0.5625,1.7558512582350225,15.0,0.2,1.8565167543216718,3.2590414187335557,2.555541371520011,5.0,0.6,1.8182591653322102,4.4108714770083095,11.0,0.5454545454545454,1.723595207992147,6.774320802772211,"{""family_mask"": 6, ""direction"": 0, ""rr"": 2.6, ""sl_atr"": 2.130729167254584, ""min_stop_pct"": 0.0036158202955717637, ""max_hold"": 216, ""cooldown"": 52, ""session_start"": 0, ""session_end"": 24, ""weekday_mask"": 124, ""htf_mode"": 2, ""adx_min"": 26.272027011526422, ""rsi_long_min"": 51.04877899824232, ""rsi_long_max"": 68.75366379756547, ""relvol_min"": 0.7954297157555835, ""body_min"": 0.42071153535794886, ""close_loc_min"": 0.8380312809642079, ""wick_min"": 0.2863412534026918, ""eff_min"": 0.16522902040586476, ""chop_max"": 64.69935655073317, ""atr_rank_min"": 0.6537369306562403, ""vwap_dev_max"": 1.6402867511601178, ""pull_idx"": 0, ""sweep_idx"": 0, ""retest_idx"": 11, ""trail_trigger"": 2.4199827709569526, ""trail_lock"": 2.174304768761692}"
19,677.3041028847613,False,扫单反转+突破回踩,双向,15.0,0.6,1.4093688663440815,11.0,0.2727272727272727,1.5934054163411508,4.418942543993708,2.4830081587279302,6.0,0.6666666666666666,1.4290629431362454,4.615562671903782,9.0,0.5555555555555556,1.3928316077132352,3.671819292331953,"{""family_mask"": 6, ""direction"": 0, ""rr"": 2.8, ""sl_atr"": 2.0581083896304655, ""min_stop_pct"": 0.00415122635069424, ""max_hold"": 288, ""cooldown"": 52, ""session_start"": 0, ""session_end"": 24, ""weekday_mask"": 124, ""htf_mode"": 2, ""adx_min"": 28.595288184468224, ""rsi_long_min"": 55.717412466856835, ""rsi_long_max"": 64.6266281707424, ""relvol_min"": 0.9952729610867126, ""body_min"": 0.35801274943957795, ""close_loc_min"": 0.7780814884770494, ""wick_min"": 0.267359305038793, ""eff_min"": 0.36140032797241983, ""chop_max"": 56.68369157901575, ""atr_rank_min"": 0.31896199003438586, ""vwap_dev_max"": 2.3222258546131114, ""pull_idx"": 2, ""sweep_idx"": 0, ""retest_idx"": 12, ""trail_trigger"": 1.944769818251295, ""trail_lock"": 1.7555760015069914}"
20,658.1502653296094,False,扫单反转+突破回踩,双向,15.0,0.6,1.36434282953361,20.0,0.55,1.4098775374032275,15.273377097412359,2.4013481503070606,7.0,0.5714285714285714,1.2961563018872335,2.6230239195961547,8.0,0.625,1.4189961142739813,4.9140614522906505,"{""family_mask"": 6, ""direction"": 0, ""rr"": 2.0, ""sl_atr"": 1.893217441370874, ""min_stop_pct"": 0.005008250668914653, ""max_hold"": 576, ""cooldown"": 29, ""session_start"": 3, ""session_end"": 13, ""weekday_mask"": 127, ""htf_mode"": 0, ""adx_min"": 24.573484566988782, ""rsi_long_min"": 47.608785602434736, ""rsi_long_max"": 73.32388689774578, ""relvol_min"": 0.9699196684522211, ""body_min"": 0.3703948289955665, ""close_loc_min"": 0.70241849593537, ""wick_min"": 0.6822070975413792, ""eff_min"": 0.306757677115266, ""chop_max"": 60.35549821960986, ""atr_rank_min"": 0.5069724280913829, ""vwap_dev_max"": 2.650973906367739, ""pull_idx"": 2, ""sweep_idx"": 0, ""retest_idx"": 8, ""trail_trigger"": 1.7869938434262906, ""trail_lock"": 1.5138510704263444}"
21,657.8064580917307,False,三结构组合,双向,24.0,0.5833333333333334,1.4245034963885324,21.0,0.3333333333333333,1.4243589299991921,6.920842105310067,3.512882732444327,9.0,0.5555555555555556,1.258688772935252,2.683713361589782,15.0,0.6,1.5165248958112196,8.954973560701294,"{""family_mask"": 7, ""direction"": 0, ""rr"": 3.0, ""sl_atr"": 1.5496626415182415, ""min_stop_pct"": 0.00588248012983266, ""max_hold"": 432, ""cooldown"": 35, ""session_start"": 0, ""session_end"": 24, ""weekday_mask"": 124, ""htf_mode"": 1, ""adx_min"": 20.341322173219375, ""rsi_long_min"": 45.53635184445202, ""rsi_long_max"": 71.94792041384557, ""relvol_min"": 0.9002560237569828, ""body_min"": 0.5748189862405051, ""close_loc_min"": 0.58169884827747, ""wick_min"": 0.3029757007313385, ""eff_min"": 0.2295442958018442, ""chop_max"": 56.64287284618534, ""atr_rank_min"": 0.6819148894310818, ""vwap_dev_max"": 2.765749201634586, ""pull_idx"": 0, ""sweep_idx"": 0, ""retest_idx"": 10, ""trail_trigger"": 1.7851777385012835, ""trail_lock"": 1.643788158690257}"
22,645.1079883359813,False,扫单反转+突破回踩,双向,17.0,0.5882352941176471,1.4707812995154623,12.0,0.5,1.5739514019330165,13.669815832260838,2.4817912551403656,8.0,0.625,1.143969032071978,3.374094429577355,9.0,0.5555555555555556,1.79792495493772,6.172334400563393,"{""family_mask"": 6, ""direction"": 0, ""rr"": 3.0, ""sl_atr"": 2.211395780914067, ""min_stop_pct"": 0.004170416597999512, ""max_hold"": 288, ""cooldown"": 15, ""session_start"": 0, ""session_end"": 24, ""weekday_mask"": 127, ""htf_mode"": 1, ""adx_min"": 24.821800478843947, ""rsi_long_min"": 53.42678865864798, ""rsi_long_max"": 66.07785332128586, ""relvol_min"": 1.6203975051570705, ""body_min"": 0.6216251667516217, ""close_loc_min"": 0.8107790352556684, ""wick_min"": 0.37601887319834076, ""eff_min"": 0.29151929426922474, ""chop_max"": 47.34198767993458, ""atr_rank_min"": 0.4849959391601186, ""vwap_dev_max"": 2.8328571701370726, ""pull_idx"": 3, ""sweep_idx"": 0, ""retest_idx"": 8, ""trail_trigger"": 1.7184652480853364, ""trail_lock"": 1.6596874219606557}"
23,641.0792920698243,False,扫单反转+突破回踩,双向,17.0,0.5882352941176471,1.7749323516154873,23.0,0.30434782608695654,1.7505804308380606,8.86347942329847,2.47503637301363,6.0,0.5,1.66814626769322,2.4801392260965613,11.0,0.6363636363636364,1.8225763279996379,10.782041673419897,"{""family_mask"": 6, ""direction"": 0, ""rr"": 2.8, ""sl_atr"": 2.329553028712855, ""min_stop_pct"": 0.004221091464314236, ""max_hold"": 576, ""cooldown"": 38, ""session_start"": 0, ""session_end"": 24, ""weekday_mask"": 127, ""htf_mode"": 1, ""adx_min"": 26.56299906742025, ""rsi_long_min"": 55.76447312289939, ""rsi_long_max"": 68.97438303640362, ""relvol_min"": 0.9589351008172526, ""body_min"": 0.42676931489778247, ""close_loc_min"": 0.6009855657978865, ""wick_min"": 0.6035681485491229, ""eff_min"": 0.34867170733275316, ""chop_max"": 52.372027654576435, ""atr_rank_min"": 0.3972734231117714, ""vwap_dev_max"": 2.686322170692964, ""pull_idx"": 5, ""sweep_idx"": 0, ""retest_idx"": 5, ""trail_trigger"": 2.3153637465881705, ""trail_lock"": 2.0526141376317653}"
24,640.1708595513023,False,扫单反转+突破回踩,双向,21.0,0.6190476190476191,1.2653431371786816,22.0,0.36363636363636365,1.244047201929201,5.400004067476571,3.665688635129369,7.0,0.5714285714285714,1.281607938460207,2.5974710067282523,14.0,0.6428571428571429,1.2580981732076424,7.724583493712406,"{""family_mask"": 6, ""direction"": 0, ""rr"": 2.0, ""sl_atr"": 1.1738735176251922, ""min_stop_pct"": 0.004528962501976812, ""max_hold"": 216, ""cooldown"": 54, ""session_start"": 0, ""session_end"": 24, ""weekday_mask"": 127, ""htf_mode"": 2, ""adx_min"": 21.816050033736246, ""rsi_long_min"": 54.29777981574852, ""rsi_long_max"": 61.936853102668046, ""relvol_min"": 0.7534820988045334, ""body_min"": 0.5544594592401979, ""close_loc_min"": 0.6949937238399616, ""wick_min"": 0.3607848438070295, ""eff_min"": 0.2965278682755167, ""chop_max"": 48.8118976649196, ""atr_rank_min"": 0.32114417589812716, ""vwap_dev_max"": 2.510540337050613, ""pull_idx"": 5, ""sweep_idx"": 1, ""retest_idx"": 7, ""trail_trigger"": 1.7342134813134407, ""trail_lock"": 1.5734893487701846}"
25,628.2445482231608,False,扫单反转+突破回踩,双向,17.0,0.6470588235294118,1.369827709549277,22.0,0.45454545454545453,1.5418888355456686,16.2729356475578,2.726571131857748,8.0,0.5,1.2673875699311017,1.449115008652384,9.0,0.7777777777777778,1.4595153120566597,10.66516695133759,"{""family_mask"": 6, ""direction"": 0, ""rr"": 2.8, ""sl_atr"": 2.124956104350857, ""min_stop_pct"": 0.002755646126482518, ""max_hold"": 432, ""cooldown"": 47, ""session_start"": 0, ""session_end"": 24, ""weekday_mask"": 127, ""htf_mode"": 1, ""adx_min"": 15.130556833589113, ""rsi_long_min"": 45.152787933131265, ""rsi_long_max"": 72.32045650187764, ""relvol_min"": 1.258925509966835, ""body_min"": 0.34392083777404386, ""close_loc_min"": 0.8092120013110514, ""wick_min"": 0.337570313052996, ""eff_min"": 0.21962576925913707, ""chop_max"": 49.609200666185764, ""atr_rank_min"": 0.7301643328150108, ""vwap_dev_max"": 1.4694028268073298, ""pull_idx"": 1, ""sweep_idx"": 0, ""retest_idx"": 11, ""trail_trigger"": 1.9006461068779583, ""trail_lock"": 1.8222241974572952}"
26,623.6458087479839,False,扫单反转+突破回踩,双向,15.0,0.6,1.64004514820485,9.0,0.3333333333333333,1.1746445107061805,7.789028717716472,2.4514983535882857,8.0,0.5,1.4213290697726142,2.0649049103048505,7.0,0.7142857142857143,1.8150010330659314,8.668706030381722,"{""family_mask"": 6, ""direction"": 0, ""rr"": 3.0, ""sl_atr"": 2.3568149514967702, ""min_stop_pct"": 0.004450848298644444, ""max_hold"": 576, ""cooldown"": 9, ""session_start"": 0, ""session_end"": 24, ""weekday_mask"": 127, ""htf_mode"": 1, ""adx_min"": 30.87304658663117, ""rsi_long_min"": 44.36786836786216, ""rsi_long_max"": 72.26525934494998, ""relvol_min"": 1.4336962970615743, ""body_min"": 0.5585124977254583, ""close_loc_min"": 0.8231351080878955, ""wick_min"": 0.3874957136285642, ""eff_min"": 0.4707420427995552, ""chop_max"": 46.32827508847117, ""atr_rank_min"": 0.46032252632042936, ""vwap_dev_max"": 2.6949655562190618, ""pull_idx"": 1, ""sweep_idx"": 0, ""retest_idx"": 12, ""trail_trigger"": 1.7497354942413939, ""trail_lock"": 1.6220237246319316}"
27,616.1259388760259,False,趋势回踩+流动性扫单,双向,16.0,0.5625,1.5735613011350882,9.0,0.2222222222222222,1.8185754662250821,4.5423076787559005,3.5888299258996117,5.0,0.6,1.4582911418093312,2.8397225062779126,11.0,0.5454545454545454,1.631202419177846,5.724877717849045,"{""family_mask"": 3, ""direction"": 0, ""rr"": 2.8, ""sl_atr"": 1.2855085634466024, ""min_stop_pct"": 0.00512157497317987, ""max_hold"": 216, ""cooldown"": 40, ""session_start"": 0, ""session_end"": 24, ""weekday_mask"": 124, ""htf_mode"": 0, ""adx_min"": 26.66586238717627, ""rsi_long_min"": 48.03414586593238, ""rsi_long_max"": 65.02675921138149, ""relvol_min"": 0.7873846962212407, ""body_min"": 0.3128335426356424, ""close_loc_min"": 0.585520149531335, ""wick_min"": 0.3302833194876913, ""eff_min"": 0.2295677192909727, ""chop_max"": 58.70271682888638, ""atr_rank_min"": 0.3054894156286929, ""vwap_dev_max"": 1.741791317139426, ""pull_idx"": 6, ""sweep_idx"": 0, ""retest_idx"": 2, ""trail_trigger"": 2.0218348315803314, ""trail_lock"": 1.9397931975013267}"
28,603.691548707355,False,扫单反转+突破回踩,双向,15.0,0.6,1.3886786600372558,13.0,0.3076923076923077,1.147589419140431,2.5915371188822576,2.484518609305465,7.0,0.5714285714285714,1.1330761602875612,1.9029159281622237,8.0,0.625,1.5931473283901598,6.167015362415336,"{""family_mask"": 6, ""direction"": 0, ""rr"": 2.6, ""sl_atr"": 1.0707546772555576, ""min_stop_pct"": 0.0041476760749723516, ""max_hold"": 216, ""cooldown"": 7, ""session_start"": 0, ""session_end"": 24, ""weekday_mask"": 124, ""htf_mode"": 2, ""adx_min"": 15.312688132095959, ""rsi_long_min"": 44.55349598602167, ""rsi_long_max"": 64.61881131293376, ""relvol_min"": 0.9827666773408377, ""body_min"": 0.39615432163595693, ""close_loc_min"": 0.7954171600206279, ""wick_min"": 0.41804232662220636, ""eff_min"": 0.20124211042038911, ""chop_max"": 52.65445074565396, ""atr_rank_min"": 0.3848286224655092, ""vwap_dev_max"": 2.3589016994356364, ""pull_idx"": 2, ""sweep_idx"": 0, ""retest_idx"": 2, ""trail_trigger"": 1.7638134008420412, ""trail_lock"": 1.6492339448301665}"
29,603.2256261053187,False,三结构组合,双向,15.0,0.6,1.5788802606568637,16.0,0.25,1.6390921499966908,3.387578048245609,2.3940495062994085,6.0,0.5,1.3847218015999665,1.380737823547175,9.0,0.6666666666666666,1.675806232069677,8.442392448589402,"{""family_mask"": 7, ""direction"": 0, ""rr"": 2.8, ""sl_atr"": 1.9990458740575237, ""min_stop_pct"": 0.005102277039408597, ""max_hold"": 216, ""cooldown"": 42, ""session_start"": 0, ""session_end"": 24, ""weekday_mask"": 124, ""htf_mode"": 1, ""adx_min"": 17.93224641459524, ""rsi_long_min"": 48.4340986867884, ""rsi_long_max"": 67.73274293691556, ""relvol_min"": 0.8387041157812198, ""body_min"": 0.36382827680120505, ""close_loc_min"": 0.7914056629244659, ""wick_min"": 0.2644148325737069, ""eff_min"": 0.32927117708464204, ""chop_max"": 49.88049091851007, ""atr_rank_min"": 0.10434168634557137, ""vwap_dev_max"": 1.913925354129999, ""pull_idx"": 8, ""sweep_idx"": 2, ""retest_idx"": 0, ""trail_trigger"": 1.9062822198946494, ""trail_lock"": 1.8533368516158408}"
30,602.0176429343753,False,三结构组合,双向,15.0,0.6,1.5203965036491545,10.0,0.5,1.5006830644827904,12.647577563475556,2.4828144104512733,6.0,0.5,1.491560698870956,1.830432920721216,9.0,0.6666666666666666,1.534696214436355,7.7081409718110665,"{""family_mask"": 7, ""direction"": 0, ""rr"": 2.2, ""sl_atr"": 1.6184854740719365, ""min_stop_pct"": 0.004152645088383924, ""max_hold"": 288, ""cooldown"": 9, ""session_start"": 0, ""session_end"": 11, ""weekday_mask"": 127, ""htf_mode"": 2, ""adx_min"": 27.74138665190177, ""rsi_long_min"": 48.29325933717047, ""rsi_long_max"": 69.4881133430502, ""relvol_min"": 1.2205242028301861, ""body_min"": 0.6893837768007304, ""close_loc_min"": 0.5847577537426664, ""wick_min"": 0.39689581305086963, ""eff_min"": 0.26384986881477246, ""chop_max"": 50.561724099782836, ""atr_rank_min"": 0.607619001011113, ""vwap_dev_max"": 2.444459174159642, ""pull_idx"": 1, ""sweep_idx"": 0, ""retest_idx"": 3, ""trail_trigger"": 2.019964443092716, ""trail_lock"": 1.8792995057086008}"
31,595.3941002284059,False,扫单反转+突破回踩,双向,19.0,0.631578947368421,1.3868913468651771,14.0,0.2857142857142857,1.3863201508555398,6.354130580717707,2.41951675970426,8.0,0.5,1.4798342774526085,2.3219363578487986,11.0,0.7272727272727273,1.3433315241293733,9.311185211783187,"{""family_mask"": 6, ""direction"": 0, ""rr"": 2.0, ""sl_atr"": 2.3540557609730133, ""min_stop_pct"": 0.004779174727910987, ""max_hold"": 432, ""cooldown"": 30, ""session_start"": 0, ""session_end"": 24, ""weekday_mask"": 127, ""htf_mode"": 2, ""adx_min"": 26.94035030226444, ""rsi_long_min"": 42.551505991884376, ""rsi_long_max"": 72.75309820741816, ""relvol_min"": 0.9430442006597498, ""body_min"": 0.48119876315589327, ""close_loc_min"": 0.8397823600287639, ""wick_min"": 0.40938937024057687, ""eff_min"": 0.2790243879672661, ""chop_max"": 61.5549276725158, ""atr_rank_min"": 0.523232840997267, ""vwap_dev_max"": 2.759362248859659, ""pull_idx"": 0, ""sweep_idx"": 1, ""retest_idx"": 0, ""trail_trigger"": 1.8597313204495405, ""trail_lock"": 1.6474325379454655}"
32,594.8111538561109,False,三结构组合,双向,15.0,0.6,1.5318463352261067,16.0,0.3125,1.460977778010403,4.634812729067386,2.2670296936479826,6.0,0.5,1.4353106714736377,1.4798154535514618,9.0,0.6666666666666666,1.580104279366124,7.343682379526916,"{""family_mask"": 7, ""direction"": 0, ""rr"": 2.2, ""sl_atr"": 2.076872717593317, ""min_stop_pct"": 0.0075385084710963834, ""max_hold"": 288, ""cooldown"": 29, ""session_start"": 0, ""session_end"": 24, ""weekday_mask"": 124, ""htf_mode"": 2, ""adx_min"": 21.069641620988058, ""rsi_long_min"": 51.216987521182496, ""rsi_long_max"": 73.78822997387466, ""relvol_min"": 0.86907676951516, ""body_min"": 0.2685948626589804, ""close_loc_min"": 0.8608120722011577, ""wick_min"": 0.37157841281855786, ""eff_min"": 0.2395463982621721, ""chop_max"": 53.36110568102059, ""atr_rank_min"": 0.1452295936388897, ""vwap_dev_max"": 2.372122286595082, ""pull_idx"": 6, ""sweep_idx"": 1, ""retest_idx"": 8, ""trail_trigger"": 1.99658169640268, ""trail_lock"": 1.539650176810349}"
33,594.3857854355931,False,三结构组合,双向,16.0,0.625,1.4283170027117629,18.0,0.3333333333333333,1.4043934428565232,5.30646114972604,2.2548301391762022,6.0,0.5,1.7183185925742934,2.429168865912437,10.0,0.7,1.3040248030803976,6.908110673190805,"{""family_mask"": 7, ""direction"": 0, ""rr"": 3.0, ""sl_atr"": 0.9157124929899768, ""min_stop_pct"": 0.007867765965183914, ""max_hold"": 432, ""cooldown"": 50, ""session_start"": 0, ""session_end"": 24, ""weekday_mask"": 124, ""htf_mode"": 1, ""adx_min"": 19.71152856742521, ""rsi_long_min"": 43.2657839454232, ""rsi_long_max"": 70.65879051931027, ""relvol_min"": 0.792969676236362, ""body_min"": 0.40816466047150646, ""close_loc_min"": 0.663098798898381, ""wick_min"": 0.5179747914204129, ""eff_min"": 0.19695026874887808, ""chop_max"": 57.17225114241685, ""atr_rank_min"": 0.11920865658106383, ""vwap_dev_max"": 2.6028171328615155, ""pull_idx"": 0, ""sweep_idx"": 0, ""retest_idx"": 13, ""trail_trigger"": 1.9548825363998104, ""trail_lock"": 1.5966257446913212}"
34,576.0328749292794,False,三结构组合,双向,15.0,0.6666666666666666,1.2919645592886246,18.0,0.2777777777777778,1.360776895404821,2.6436246922109095,2.6388545838018307,6.0,0.5,1.266077897198521,1.0632186318845613,9.0,0.7777777777777778,1.3659400563052826,9.062753047368146,"{""family_mask"": 7, ""direction"": 0, ""rr"": 2.2, ""sl_atr"": 2.3856061803627195, ""min_stop_pct"": 0.002728107464292545, ""max_hold"": 576, ""cooldown"": 56, ""session_start"": 0, ""session_end"": 24, ""weekday_mask"": 62, ""htf_mode"": 1, ""adx_min"": 30.93577370775829, ""rsi_long_min"": 43.02118638533085, ""rsi_long_max"": 73.96980534178599, ""relvol_min"": 1.0694115597731686, ""body_min"": 0.6189240385157666, ""close_loc_min"": 0.6588872228544052, ""wick_min"": 0.5296571762602678, ""eff_min"": 0.17240391545542558, ""chop_max"": 64.87921111498423, ""atr_rank_min"": 0.29170112698232686, ""vwap_dev_max"": 2.6026901438664654, ""pull_idx"": 3, ""sweep_idx"": 0, ""retest_idx"": 16, ""trail_trigger"": 1.9129150673501922, ""trail_lock"": 1.6226148864834957}"
35,574.5597687304439,False,扫单反转+突破回踩,双向,15.0,0.6,1.2605147641723011,13.0,0.38461538461538464,1.37696816468969,5.274841153499004,2.4876016689355245,5.0,0.6,1.183961960832385,1.9293625077147878,10.0,0.6,1.2987821109018485,4.716332946559729,"{""family_mask"": 6, ""direction"": 0, ""rr"": 2.0, ""sl_atr"": 1.1931517838260932, ""min_stop_pct"": 0.004121373244599474, ""max_hold"": 216, ""cooldown"": 29, ""session_start"": 0, ""session_end"": 24, ""weekday_mask"": 124, ""htf_mode"": 1, ""adx_min"": 24.3833341863373, ""rsi_long_min"": 55.36142121223135, ""rsi_long_max"": 66.08114809941054, ""relvol_min"": 0.9906524106621538, ""body_min"": 0.560827855245837, ""close_loc_min"": 0.640011760175608, ""wick_min"": 0.5421828218945062, ""eff_min"": 0.31548510311914446, ""chop_max"": 57.104190128873924, ""atr_rank_min"": 0.645462843981125, ""vwap_dev_max"": 2.74349934252782, ""pull_idx"": 2, ""sweep_idx"": 0, ""retest_idx"": 16, ""trail_trigger"": 1.8018943834806354, ""trail_lock"": 1.5732703584366865}"
36,555.3532544761063,False,扫单反转+突破回踩,双向,15.0,0.6,1.4828266734625766,21.0,0.2857142857142857,1.2225811824275787,-0.11830580049486139,3.6922940188815225,8.0,0.5,1.4073082387992568,2.004506507848266,7.0,0.7142857142857143,1.542819795180185,7.034809035640285,"{""family_mask"": 6, ""direction"": 0, ""rr"": 2.8, ""sl_atr"": 2.015321014304785, ""min_stop_pct"": 0.004347502496012248, ""max_hold"": 288, ""cooldown"": 40, ""session_start"": 0, ""session_end"": 24, ""weekday_mask"": 31, ""htf_mode"": 2, ""adx_min"": 25.387579905581887, ""rsi_long_min"": 49.29296374478064, ""rsi_long_max"": 72.13320103811665, ""relvol_min"": 1.33863332104456, ""body_min"": 0.4482002804444293, ""close_loc_min"": 0.6443981962000029, ""wick_min"": 0.321701304346716, ""eff_min"": 0.25207482882147947, ""chop_max"": 46.89726893040067, ""atr_rank_min"": 0.650540143385828, ""vwap_dev_max"": 2.5662014087298872, ""pull_idx"": 8, ""sweep_idx"": 0, ""retest_idx"": 1, ""trail_trigger"": 1.8889497019614767, ""trail_lock"": 1.682543682297184}"
37,545.641065058071,False,三结构组合,双向,16.0,0.625,1.3994306088128459,15.0,0.13333333333333333,1.5119827854901027,-1.8615245664722209,2.4538329988073815,8.0,0.5,1.2886459191969795,1.4165760132907343,8.0,0.75,1.4734122829408633,8.391169679264516,"{""family_mask"": 7, ""direction"": 0, ""rr"": 2.2, ""sl_atr"": 2.215992731031046, ""min_stop_pct"": 0.004417886643280634, ""max_hold"": 432, ""cooldown"": 26, ""session_start"": 0, ""session_end"": 24, ""weekday_mask"": 124, ""htf_mode"": 2, ""adx_min"": 32.657453410992076, ""rsi_long_min"": 53.75725488285419, ""rsi_long_max"": 72.7858864429237, ""relvol_min"": 1.4113161242103354, ""body_min"": 0.3615487100967979, ""close_loc_min"": 0.6695497245738306, ""wick_min"": 0.2849101040752895, ""eff_min"": 0.25150349690133017, ""chop_max"": 65.6550199485875, ""atr_rank_min"": 0.21108614811991477, ""vwap_dev_max"": 2.5550150753550884, ""pull_idx"": 3, ""sweep_idx"": 1, ""retest_idx"": 7, ""trail_trigger"": 1.8598383067205229, ""trail_lock"": 1.6777646826041253}"
38,533.6456781495838,False,扫单反转+突破回踩,双向,16.0,0.5625,1.473915509785282,21.0,0.38095238095238093,1.3103439287349679,4.727554319139322,2.478907748641241,5.0,0.6,1.2563967674676029,2.1927784637693484,11.0,0.5454545454545454,1.5826777875070503,5.567886107017772,"{""family_mask"": 6, ""direction"": 0, ""rr"": 2.6, ""sl_atr"": 1.9143561523618788, ""min_stop_pct"": 0.004187004334998152, ""max_hold"": 576, ""cooldown"": 56, ""session_start"": 0, ""session_end"": 24, ""weekday_mask"": 127, ""htf_mode"": 2, ""adx_min"": 16.93312215297422, ""rsi_long_min"": 45.777915562980425, ""rsi_long_max"": 68.57644724660437, ""relvol_min"": 0.8556558830242826, ""body_min"": 0.33540332652318705, ""close_loc_min"": 0.853263064880363, ""wick_min"": 0.6804774386910712, ""eff_min"": 0.2930554936074816, ""chop_max"": 65.737569742815, ""atr_rank_min"": 0.44032509247914053, ""vwap_dev_max"": 2.5548632944485776, ""pull_idx"": 0, ""sweep_idx"": 2, ""retest_idx"": 6, ""trail_trigger"": 1.9314643074858264, ""trail_lock"": 1.7975308040582427}"
39,521.9747662282803,False,三结构组合,双向,17.0,0.5882352941176471,1.2851056778547867,14.0,0.07142857142857142,1.4746715698984572,-6.867378840745085,2.477574658843751,5.0,0.6,1.2389306364969106,2.125774941980766,12.0,0.5833333333333334,1.3048968051111043,5.120617364200065,"{""family_mask"": 7, ""direction"": 0, ""rr"": 2.0, ""sl_atr"": 1.261312731960849, ""min_stop_pct"": 0.004208085893601354, ""max_hold"": 432, ""cooldown"": 60, ""session_start"": 0, ""session_end"": 24, ""weekday_mask"": 124, ""htf_mode"": 1, ""adx_min"": 32.494631149470734, ""rsi_long_min"": 54.79821552161142, ""rsi_long_max"": 71.75971246996485, ""relvol_min"": 0.8837939583837915, ""body_min"": 0.41372926094385165, ""close_loc_min"": 0.7135960529683761, ""wick_min"": 0.6198031803064343, ""eff_min"": 0.2851158868476832, ""chop_max"": 54.544019894793536, ""atr_rank_min"": 0.2442365248397843, ""vwap_dev_max"": 2.6120979460497846, ""pull_idx"": 0, ""sweep_idx"": 0, ""retest_idx"": 15, ""trail_trigger"": 1.7553705371700323, ""trail_lock"": 1.658946481229329}"
40,521.3524044809853,False,三结构组合,双向,19.0,0.5789473684210527,1.5037425473859456,16.0,0.375,1.5347856916692115,9.638338761049896,2.4862812677790824,8.0,0.5,1.523167238273329,2.6003047636428516,11.0,0.6363636363636364,1.4925689508625424,8.01402273534693,"{""family_mask"": 7, ""direction"": 0, ""rr"": 2.4, ""sl_atr"": 1.2466575156139543, ""min_stop_pct"": 0.004132595397272787, ""max_hold"": 576, ""cooldown"": 42, ""session_start"": 0, ""session_end"": 24, ""weekday_mask"": 127, ""htf_mode"": 2, ""adx_min"": 28.844824942380313, ""rsi_long_min"": 46.52830209051711, ""rsi_long_max"": 69.32704835338849, ""relvol_min"": 1.347010650852629, ""body_min"": 0.3593364593407402, ""close_loc_min"": 0.8493113491777327, ""wick_min"": 0.4159570359371305, ""eff_min"": 0.2432653430761987, ""chop_max"": 64.14331241688137, ""atr_rank_min"": 0.6241327686291004, ""vwap_dev_max"": 2.6910130590519903, ""pull_idx"": 7, ""sweep_idx"": 0, ""retest_idx"": 11, ""trail_trigger"": 1.9634066174612668, ""trail_lock"": 1.8701928892055775}"
41,518.7263532599682,False,扫单反转+突破回踩,双向,19.0,0.5789473684210527,1.516956984448929,29.0,0.2413793103448276,1.364391110462367,-4.593459700621226,2.457099572726099,8.0,0.5,1.6465062569576832,3.175633487845791,11.0,0.6363636363636364,1.4428699254382018,7.492655600101069,"{""family_mask"": 6, ""direction"": 0, ""rr"": 2.6, ""sl_atr"": 0.9211900183731567, ""min_stop_pct"": 0.004396883895388579, ""max_hold"": 288, ""cooldown"": 32, ""session_start"": 0, ""session_end"": 24, ""weekday_mask"": 127, ""htf_mode"": 1, ""adx_min"": 28.357806092981427, ""rsi_long_min"": 44.68029865624434, ""rsi_long_max"": 71.85895983096847, ""relvol_min"": 1.1855038977774373, ""body_min"": 0.42045913649953515, ""close_loc_min"": 0.7098291531288288, ""wick_min"": 0.36989135148564495, ""eff_min"": 0.2238249882813051, ""chop_max"": 51.27393373550596, ""atr_rank_min"": 0.32756059064928855, ""vwap_dev_max"": 2.461118281298084, ""pull_idx"": 8, ""sweep_idx"": 0, ""retest_idx"": 5, ""trail_trigger"": 2.039160318753583, ""trail_lock"": 1.8998005904645405}"
42,512.3088450312914,False,扫单反转+突破回踩,双向,16.0,0.625,1.4175169225786441,24.0,0.4166666666666667,1.2518215036346183,7.9831143528235655,2.3834936604983374,6.0,0.5,1.1586961475025,0.567286006616005,10.0,0.7,1.5282811198796649,9.175386775397705,"{""family_mask"": 6, ""direction"": 0, ""rr"": 2.6, ""sl_atr"": 1.5605331586664997, ""min_stop_pct"": 0.005228740462148227, ""max_hold"": 216, ""cooldown"": 43, ""session_start"": 0, ""session_end"": 24, ""weekday_mask"": 127, ""htf_mode"": 1, ""adx_min"": 16.77169090542223, ""rsi_long_min"": 43.8364013934981, ""rsi_long_max"": 71.09112136310131, ""relvol_min"": 0.9726569130052423, ""body_min"": 0.6557018235000283, ""close_loc_min"": 0.819798524431784, ""wick_min"": 0.5676347653247167, ""eff_min"": 0.2066226105218642, ""chop_max"": 61.83247705638646, ""atr_rank_min"": 0.46881129466797, ""vwap_dev_max"": 2.89588200272018, ""pull_idx"": 5, ""sweep_idx"": 0, ""retest_idx"": 17, ""trail_trigger"": 1.743475756676106, ""trail_lock"": 1.57263537187531}"
43,510.1926441536753,False,扫单反转+突破回踩,双向,17.0,0.5882352941176471,1.484881637003659,17.0,0.058823529411764705,2.028778672683277,-7.299133378405792,3.695015995749676,6.0,0.5,1.745631866624021,2.754259681443111,11.0,0.6363636363636364,1.3731148190418614,6.910456711638502,"{""family_mask"": 6, ""direction"": 0, ""rr"": 2.6, ""sl_atr"": 1.3327495721139326, ""min_stop_pct"": 0.0043375213819257016, ""max_hold"": 288, ""cooldown"": 11, ""session_start"": 0, ""session_end"": 24, ""weekday_mask"": 124, ""htf_mode"": 1, ""adx_min"": 30.813568005449326, ""rsi_long_min"": 43.5471431796288, ""rsi_long_max"": 68.15306438512042, ""relvol_min"": 0.8468000771649851, ""body_min"": 0.5762613761237649, ""close_loc_min"": 0.7033680482420233, ""wick_min"": 0.40647228581019135, ""eff_min"": 0.2816500869342047, ""chop_max"": 46.26174326250975, ""atr_rank_min"": 0.6379299166112723, ""vwap_dev_max"": 2.2860389435522817, ""pull_idx"": 5, ""sweep_idx"": 0, ""retest_idx"": 17, ""trail_trigger"": 2.1543244798213426, ""trail_lock"": 1.942433106071552}"
44,507.1165062714845,False,三结构组合,双向,18.0,0.6111111111111112,1.4252880346987502,15.0,0.26666666666666666,1.4063839335429336,4.105336193476267,2.4830588599591863,6.0,0.5,1.1862727955738357,0.6933809696236504,12.0,0.6666666666666666,1.5147713746940368,10.07677289917187,"{""family_mask"": 7, ""direction"": 0, ""rr"": 2.8, ""sl_atr"": 1.181794245500574, ""min_stop_pct"": 0.004160219732625004, ""max_hold"": 216, ""cooldown"": 29, ""session_start"": 0, ""session_end"": 24, ""weekday_mask"": 127, ""htf_mode"": 1, ""adx_min"": 26.54495345663114, ""rsi_long_min"": 53.06198294849935, ""rsi_long_max"": 71.05714209969918, ""relvol_min"": 0.9677625112104454, ""body_min"": 0.46236184615606435, ""close_loc_min"": 0.8641381415601943, ""wick_min"": 0.5975800587299037, ""eff_min"": 0.20840195162699224, ""chop_max"": 46.794099095272536, ""atr_rank_min"": 0.565716548852814, ""vwap_dev_max"": 2.916717043150508, ""pull_idx"": 0, ""sweep_idx"": 0, ""retest_idx"": 12, ""trail_trigger"": 1.7905586127185553, ""trail_lock"": 1.7131744850420811}"
45,496.7051906669031,False,三结构组合,双向,15.0,0.6,1.4609322029360585,16.0,0.4375,1.454184815420807,10.138979790399151,4.906154456301899,8.0,0.5,1.2404124577673656,1.1794948533104883,7.0,0.7142857142857143,1.6373322372117154,7.58829875075477,"{""family_mask"": 7, ""direction"": 0, ""rr"": 2.4, ""sl_atr"": 2.2937260304139997, ""min_stop_pct"": 0.004425307394211507, ""max_hold"": 216, ""cooldown"": 41, ""session_start"": 0, ""session_end"": 24, ""weekday_mask"": 127, ""htf_mode"": 0, ""adx_min"": 21.701206188936975, ""rsi_long_min"": 42.804565699518996, ""rsi_long_max"": 71.1338741288839, ""relvol_min"": 1.7238886217145653, ""body_min"": 0.4485146930420847, ""close_loc_min"": 0.7900961256201599, ""wick_min"": 0.36215100249272697, ""eff_min"": 0.28003150974970326, ""chop_max"": 55.592073435712194, ""atr_rank_min"": 0.4252831922513801, ""vwap_dev_max"": 2.6230679243546975, ""pull_idx"": 3, ""sweep_idx"": 2, ""retest_idx"": 12, ""trail_trigger"": 1.8523924712644522, ""trail_lock"": 1.5312365120781692}"
46,491.9218383656892,False,三结构组合,双向,16.0,0.5625,1.4193955708222916,15.0,0.5333333333333333,1.5044248103341364,13.97632995911619,3.802491038545461,7.0,0.5714285714285714,1.328578558845865,3.0543874083322473,9.0,0.5555555555555556,1.4926111289027446,4.491837935489052,"{""family_mask"": 7, ""direction"": 0, ""rr"": 3.0, ""sl_atr"": 2.273162936857883, ""min_stop_pct"": 0.0026021187290235508, ""max_hold"": 216, ""cooldown"": 36, ""session_start"": 0, ""session_end"": 24, ""weekday_mask"": 127, ""htf_mode"": 0, ""adx_min"": 15.329764595867863, ""rsi_long_min"": 55.563815889987374, ""rsi_long_max"": 64.77693465882462, ""relvol_min"": 1.4172136776500999, ""body_min"": 0.3762438512095388, ""close_loc_min"": 0.7753210146713347, ""wick_min"": 0.25992523178966975, ""eff_min"": 0.2431745673553248, ""chop_max"": 48.62420490178262, ""atr_rank_min"": 0.665234944941399, ""vwap_dev_max"": 0.8034205885315726, ""pull_idx"": 6, ""sweep_idx"": 0, ""retest_idx"": 16, ""trail_trigger"": 1.9748037103607292, ""trail_lock"": 1.8187260438065194}"
47,488.1529400163594,False,三结构组合,双向,15.0,0.6,1.4498938594119664,14.0,0.35714285714285715,1.3133218314021444,5.6510146517999855,2.4192795079541862,6.0,0.5,1.7300055571851531,2.6487625697023343,9.0,0.6666666666666666,1.309943224110833,5.874840014860857,"{""family_mask"": 7, ""direction"": 0, ""rr"": 2.6, ""sl_atr"": 2.1528431634223177, ""min_stop_pct"": 0.004781910043598734, ""max_hold"": 288, ""cooldown"": 16, ""session_start"": 0, ""session_end"": 24, ""weekday_mask"": 124, ""htf_mode"": 2, ""adx_min"": 16.823303554140324, ""rsi_long_min"": 42.18526061713362, ""rsi_long_max"": 66.67333768240712, ""relvol_min"": 0.7939437105151048, ""body_min"": 0.5433648922688901, ""close_loc_min"": 0.8432502545166423, ""wick_min"": 0.5143357086092014, ""eff_min"": 0.2217342291365575, ""chop_max"": 46.08432421094885, ""atr_rank_min"": 0.4133455241850471, ""vwap_dev_max"": 2.169684268799429, ""pull_idx"": 2, ""sweep_idx"": 0, ""retest_idx"": 6, ""trail_trigger"": 1.919133143074129, ""trail_lock"": 1.7069416711628904}"
48,485.08924203366297,False,扫单反转+突破回踩,双向,18.0,0.5555555555555556,1.4465830563927706,14.0,0.35714285714285715,1.246615736677701,4.5238611865873315,3.670665794777218,7.0,0.5714285714285714,1.4466836519936705,3.407726157124728,11.0,0.5454545454545454,1.4465410313496818,4.50099130114143,"{""family_mask"": 6, ""direction"": 0, ""rr"": 2.4, ""sl_atr"": 1.2764224897853218, ""min_stop_pct"": 0.004495264018271598, ""max_hold"": 576, ""cooldown"": 57, ""session_start"": 0, ""session_end"": 24, ""weekday_mask"": 127, ""htf_mode"": 1, ""adx_min"": 31.82579100229344, ""rsi_long_min"": 50.20577659249716, ""rsi_long_max"": 68.37539959543533, ""relvol_min"": 0.8625804535746722, ""body_min"": 0.28853375147070914, ""close_loc_min"": 0.8574816170629997, ""wick_min"": 0.3455362263235711, ""eff_min"": 0.3506350234668618, ""chop_max"": 49.630078902718466, ""atr_rank_min"": 0.6401139409880522, ""vwap_dev_max"": 1.7705644353849292, ""pull_idx"": 0, ""sweep_idx"": 0, ""retest_idx"": 10, ""trail_trigger"": 1.7929081649088157, ""trail_lock"": 1.584128210251156}"
49,480.7906329063804,False,三结构组合,双向,20.0,0.6,1.4136358318467568,22.0,0.4090909090909091,1.3057484413425466,9.452298244094774,2.4475494017636343,8.0,0.5,1.3729121284722452,1.8246118778033227,12.0,0.6666666666666666,1.433909028948431,9.141165701561876,"{""family_mask"": 7, ""direction"": 0, ""rr"": 2.2, ""sl_atr"": 1.4269716306881215, ""min_stop_pct"": 0.004491030759884184, ""max_hold"": 432, ""cooldown"": 26, ""session_start"": 0, ""session_end"": 24, ""weekday_mask"": 127, ""htf_mode"": 1, ""adx_min"": 23.960587476891277, ""rsi_long_min"": 53.753971816153, ""rsi_long_max"": 72.90456929579891, ""relvol_min"": 1.3381879169447761, ""body_min"": 0.5931992631490295, ""close_loc_min"": 0.7905534506455075, ""wick_min"": 0.380588664169741, ""eff_min"": 0.16321418091013926, ""chop_max"": 51.31158040035304, ""atr_rank_min"": 0.18161362909893783, ""vwap_dev_max"": 2.4623936074397683, ""pull_idx"": 2, ""sweep_idx"": 1, ""retest_idx"": 16, ""trail_trigger"": 2.002182284104045, ""trail_lock"": 1.6051714871887648}"
50,441.43198200617695,False,扫单反转+突破回踩,双向,15.0,0.6,1.2861080448175302,25.0,0.44,1.2883269068619598,7.100091118891299,3.709675653039282,6.0,0.6666666666666666,1.2279925193357217,3.5987996919178613,9.0,0.5555555555555556,1.3327346839488945,3.2940367867006435,"{""family_mask"": 6, ""direction"": 0, ""rr"": 2.4, ""sl_atr"": 1.7462286313659119, ""min_stop_pct"": 0.004241183816209459, ""max_hold"": 216, ""cooldown"": 24, ""session_start"": 0, ""session_end"": 24, ""weekday_mask"": 127, ""htf_mode"": 1, ""adx_min"": 26.057819223516848, ""rsi_long_min"": 43.01080998804058, ""rsi_long_max"": 69.27083708538517, ""relvol_min"": 1.2839267974063153, ""body_min"": 0.5221381143766566, ""close_loc_min"": 0.6831018215480478, ""wick_min"": 0.45785359219177324, ""eff_min"": 0.1772340425078666, ""chop_max"": 51.844050106289885, ""atr_rank_min"": 0.15971718318343617, ""vwap_dev_max"": 1.698078621697301, ""pull_idx"": 0, ""sweep_idx"": 1, ""retest_idx"": 5, ""trail_trigger"": 1.823481619456408, ""trail_lock"": 1.5393180394672266}"
51,441.1525480148634,False,扫单反转+突破回踩,双向,18.0,0.5555555555555556,1.7174329823751526,20.0,0.35,1.3029720431341334,6.722405346033536,2.5377487923809365,6.0,0.5,1.5316043375197397,2.0224407126281063,12.0,0.5833333333333334,1.796967156823341,9.614805708000747,"{""family_mask"": 6, ""direction"": 0, ""rr"": 2.8, ""sl_atr"": 1.0815211238656353, ""min_stop_pct"": 0.0037363234488754535, ""max_hold"": 216, ""cooldown"": 56, ""session_start"": 0, ""session_end"": 24, ""weekday_mask"": 127, ""htf_mode"": 1, ""adx_min"": 22.208428292857246, ""rsi_long_min"": 47.832054790590256, ""rsi_long_max"": 71.30742020634368, ""relvol_min"": 0.9356453504240068, ""body_min"": 0.6546084991251299, ""close_loc_min"": 0.7998116212243347, ""wick_min"": 0.5355438261131099, ""eff_min"": 0.300974718264056, ""chop_max"": 54.92987689485039, ""atr_rank_min"": 0.4344570599155594, ""vwap_dev_max"": 2.9801547829283206, ""pull_idx"": 6, ""sweep_idx"": 0, ""retest_idx"": 16, ""trail_trigger"": 2.003242304476386, ""trail_lock"": 1.9165779193954573}"
52,427.7011100822485,False,扫单反转+突破回踩,双向,16.0,0.5625,1.3808021738360934,6.0,0.3333333333333333,1.2841889682001308,5.402432265482103,3.9311028750172836,7.0,0.5714285714285714,1.3566856080245497,3.1799247172492207,9.0,0.5555555555555556,1.4003123035026892,3.975924935376243,"{""family_mask"": 6, ""direction"": 0, ""rr"": 2.4, ""sl_atr"": 2.221473664123934, ""min_stop_pct"": 0.0030908865117813067, ""max_hold"": 576, ""cooldown"": 31, ""session_start"": 0, ""session_end"": 24, ""weekday_mask"": 124, ""htf_mode"": 1, ""adx_min"": 16.433441472446226, ""rsi_long_min"": 44.114976504376955, ""rsi_long_max"": 62.20537099001133, ""relvol_min"": 0.7689809061308837, ""body_min"": 0.4564733264090298, ""close_loc_min"": 0.8745423148675732, ""wick_min"": 0.6936399206974351, ""eff_min"": 0.17860768733889082, ""chop_max"": 56.39725031841539, ""atr_rank_min"": 0.36523581672888594, ""vwap_dev_max"": 2.6893834592793824, ""pull_idx"": 3, ""sweep_idx"": 0, ""retest_idx"": 14, ""trail_trigger"": 1.8808963305568664, ""trail_lock"": 1.8050795099472872}"
53,423.56476804703135,False,三结构组合,双向,17.0,0.5882352941176471,1.436110278510739,23.0,0.43478260869565216,1.4096110959537063,10.234997855365869,2.4284904426718246,6.0,0.5,1.3520689530488335,1.2817292619979452,11.0,0.6363636363636364,1.47201480658988,7.653051813995325,"{""family_mask"": 7, ""direction"": 0, ""rr"": 2.0, ""sl_atr"": 2.0428144269763866, ""min_stop_pct"": 0.0046912742018872175, ""max_hold"": 216, ""cooldown"": 58, ""session_start"": 0, ""session_end"": 24, ""weekday_mask"": 127, ""htf_mode"": 1, ""adx_min"": 24.445717781687513, ""rsi_long_min"": 42.96064358347935, ""rsi_long_max"": 66.09426061341482, ""relvol_min"": 0.8047036962144571, ""body_min"": 0.6318797430380421, ""close_loc_min"": 0.6286984143172777, ""wick_min"": 0.5168945100560399, ""eff_min"": 0.3216456275177207, ""chop_max"": 45.794784140605366, ""atr_rank_min"": 0.27698366133349794, ""vwap_dev_max"": 2.5913119344654842, ""pull_idx"": 8, ""sweep_idx"": 2, ""retest_idx"": 15, ""trail_trigger"": 1.8482445990036966, ""trail_lock"": 1.5641328298902217}"
54,421.7190986817437,False,扫单反转+突破回踩,双向,16.0,0.5625,1.5622225055823278,12.0,0.16666666666666666,1.5029102249942679,0.20255869260607917,3.734505825966597,6.0,0.5,1.56180704920554,2.097412644049287,10.0,0.6,1.5624066119797222,6.688897832748259,"{""family_mask"": 6, ""direction"": 0, ""rr"": 2.4, ""sl_atr"": 1.8114625971396248, ""min_stop_pct"": 0.004103887725842094, ""max_hold"": 576, ""cooldown"": 57, ""session_start"": 0, ""session_end"": 24, ""weekday_mask"": 124, ""htf_mode"": 1, ""adx_min"": 18.6544154536666, ""rsi_long_min"": 51.58613710530384, ""rsi_long_max"": 62.37034612499548, ""relvol_min"": 0.9652839157496799, ""body_min"": 0.25988960449183995, ""close_loc_min"": 0.6239682679565379, ""wick_min"": 0.3350013260586298, ""eff_min"": 0.234261753781697, ""chop_max"": 45.62194679084765, ""atr_rank_min"": 0.6162873337485285, ""vwap_dev_max"": 2.4325238648717127, ""pull_idx"": 4, ""sweep_idx"": 0, ""retest_idx"": 9, ""trail_trigger"": 2.098016616282259, ""trail_lock"": 1.7644457357658414}"
55,421.05479396272864,False,趋势回踩+流动性扫单,双向,16.0,0.5625,1.5565868422186577,11.0,0.18181818181818182,1.2899581234991484,0.7490123108327478,2.4539345563923014,6.0,0.5,1.5565293324123657,2.0478829901884255,10.0,0.6,1.5565934441737799,6.550049949670672,"{""family_mask"": 3, ""direction"": 0, ""rr"": 2.8, ""sl_atr"": 1.520928835226808, ""min_stop_pct"": 0.004427676014203981, ""max_hold"": 288, ""cooldown"": 52, ""session_start"": 0, ""session_end"": 24, ""weekday_mask"": 127, ""htf_mode"": 2, ""adx_min"": 19.15251936403651, ""rsi_long_min"": 47.618774968070326, ""rsi_long_max"": 65.88730129757508, ""relvol_min"": 0.8391205358379715, ""body_min"": 0.5868283094416062, ""close_loc_min"": 0.6227616032223731, ""wick_min"": 0.42822844327140597, ""eff_min"": 0.5915315611989271, ""chop_max"": 49.34549675925207, ""atr_rank_min"": 0.5243329468161002, ""vwap_dev_max"": 2.4512744101260266, ""pull_idx"": 1, ""sweep_idx"": 1, ""retest_idx"": 4, ""trail_trigger"": 1.8583004731399873, ""trail_lock"": 1.8027252239486584}"
56,417.93081475127934,False,扫单反转+突破回踩,双向,19.0,0.5789473684210527,1.4476024157357865,19.0,0.42105263157894735,1.541644196680748,11.182472822205186,3.6250345434329114,8.0,0.5,1.42742224826534,2.065013387979578,11.0,0.6363636363636364,1.4590596177084458,7.506484919786182,"{""family_mask"": 6, ""direction"": 0, ""rr"": 2.2, ""sl_atr"": 1.0589372977838498, ""min_stop_pct"": 0.004823564671984687, ""max_hold"": 432, ""cooldown"": 47, ""session_start"": 0, ""session_end"": 24, ""weekday_mask"": 127, ""htf_mode"": 1, ""adx_min"": 17.252609808797793, ""rsi_long_min"": 44.739416670552416, ""rsi_long_max"": 70.40843379246559, ""relvol_min"": 1.220203148259347, ""body_min"": 0.4841945725971084, ""close_loc_min"": 0.8657836611632906, ""wick_min"": 0.35511223102525513, ""eff_min"": 0.2682252125336749, ""chop_max"": 51.075582737686915, ""atr_rank_min"": 0.19698912538963237, ""vwap_dev_max"": 2.421824632495464, ""pull_idx"": 4, ""sweep_idx"": 0, ""retest_idx"": 6, ""trail_trigger"": 1.9580426986102757, ""trail_lock"": 1.6638184820562107}"
57,410.6064150417829,False,三结构组合,双向,15.0,0.6,1.2650845233342085,12.0,0.3333333333333333,1.3267699035707259,3.8391079327491235,2.66156938110613,9.0,0.5555555555555556,1.2495291229909213,2.9823857825716287,6.0,0.6666666666666666,1.296175482456853,4.08407392401978,"{""family_mask"": 7, ""direction"": 0, ""rr"": 2.0, ""sl_atr"": 2.3436545625955905, ""min_stop_pct"": 0.002674878635418431, ""max_hold"": 432, ""cooldown"": 24, ""session_start"": 0, ""session_end"": 24, ""weekday_mask"": 124, ""htf_mode"": 0, ""adx_min"": 16.252143032437036, ""rsi_long_min"": 42.47352538786397, ""rsi_long_max"": 63.97740130585163, ""relvol_min"": 1.6555317580482645, ""body_min"": 0.3100377242934005, ""close_loc_min"": 0.5814873214687377, ""wick_min"": 0.34307808606894546, ""eff_min"": 0.1927161314449054, ""chop_max"": 53.91555086013736, ""atr_rank_min"": 0.1195732256665187, ""vwap_dev_max"": 1.7505927569832918, ""pull_idx"": 8, ""sweep_idx"": 0, ""retest_idx"": 7, ""trail_trigger"": 1.828101652903196, ""trail_lock"": 1.554894232749391}"
58,406.7505429151567,False,三结构组合,双向,22.0,0.5454545454545454,1.6818281394077716,31.0,0.3225806451612903,1.7247452121212894,7.957984251689729,2.447214111173558,6.0,0.5,1.468654761625079,1.7193280676543479,16.0,0.5625,1.7528016929473222,10.735987752462794,"{""family_mask"": 7, ""direction"": 0, ""rr"": 2.8, ""sl_atr"": 1.9650272717107833, ""min_stop_pct"": 0.004494414415384595, ""max_hold"": 576, ""cooldown"": 48, ""session_start"": 0, ""session_end"": 24, ""weekday_mask"": 127, ""htf_mode"": 1, ""adx_min"": 23.031688459924624, ""rsi_long_min"": 54.37091204835251, ""rsi_long_max"": 72.42590153260626, ""relvol_min"": 0.9171315999737727, ""body_min"": 0.37388173615853904, ""close_loc_min"": 0.794467294459458, ""wick_min"": 0.5218727077191274, ""eff_min"": 0.1785200865329574, ""chop_max"": 65.20720916803552, ""atr_rank_min"": 0.6422372798683997, ""vwap_dev_max"": 2.4201354142406934, ""pull_idx"": 2, ""sweep_idx"": 0, ""retest_idx"": 14, ""trail_trigger"": 2.1947907818415247, ""trail_lock"": 2.0193739915549034}"
59,403.41658522140835,False,扫单反转+突破回踩,双向,20.0,0.55,1.432541941762278,20.0,0.25,1.3242260347290455,-1.836718976032698,3.734359299017026,7.0,0.5714285714285714,1.319707852591795,2.835764604561045,13.0,0.5384615384615384,1.4970191984857937,5.574754502546503,"{""family_mask"": 6, ""direction"": 0, ""rr"": 2.4, ""sl_atr"": 1.2794073776530916, ""min_stop_pct"": 0.004104737064672337, ""max_hold"": 288, ""cooldown"": 35, ""session_start"": 0, ""session_end"": 24, ""weekday_mask"": 124, ""htf_mode"": 2, ""adx_min"": 26.421482486231508, ""rsi_long_min"": 48.314411970232825, ""rsi_long_max"": 68.99240150233948, ""relvol_min"": 0.8116196492613426, ""body_min"": 0.39585458341160795, ""close_loc_min"": 0.7392079251382377, ""wick_min"": 0.31513510225124175, ""eff_min"": 0.3819450442667377, ""chop_max"": 54.32652577208241, ""atr_rank_min"": 0.656953438648848, ""vwap_dev_max"": 2.5490481438096415, ""pull_idx"": 4, ""sweep_idx"": 0, ""retest_idx"": 7, ""trail_trigger"": 1.9854142493587426, ""trail_lock"": 1.7157349010543086}"
60,395.8264601264878,False,三结构组合,双向,19.0,0.5789473684210527,1.4360937854602323,19.0,0.3157894736842105,1.459293420671557,4.436906724931635,2.445424512642094,8.0,0.5,1.5180403082196248,2.532502286226156,11.0,0.6363636363636364,1.3892051020858545,6.997813493999005,"{""family_mask"": 7, ""direction"": 0, ""rr"": 2.2, ""sl_atr"": 1.7226960169857894, ""min_stop_pct"": 0.0045125124212528275, ""max_hold"": 576, ""cooldown"": 48, ""session_start"": 0, ""session_end"": 24, ""weekday_mask"": 127, ""htf_mode"": 2, ""adx_min"": 28.04677464813547, ""rsi_long_min"": 48.361514596127726, ""rsi_long_max"": 73.56144047208221, ""relvol_min"": 1.0121288239175912, ""body_min"": 0.3818036381770622, ""close_loc_min"": 0.8517881809634381, ""wick_min"": 0.37032530663388163, ""eff_min"": 0.3064697209070825, ""chop_max"": 60.70810449897437, ""atr_rank_min"": 0.30410009781082115, ""vwap_dev_max"": 2.6586512413207877, ""pull_idx"": 4, ""sweep_idx"": 2, ""retest_idx"": 4, ""trail_trigger"": 1.9463340949481132, ""trail_lock"": 1.7094840541671013}"
61,392.65173792954727,False,扫单反转+突破回踩,双向,15.0,0.6,1.44103483242313,21.0,0.14285714285714285,1.4634336829391603,-7.7755026197997354,3.851185592722421,6.0,0.5,1.1478428366376907,0.5693702024462883,9.0,0.6666666666666666,1.5883836933768816,8.370701670763781,"{""family_mask"": 6, ""direction"": 0, ""rr"": 2.6, ""sl_atr"": 1.5579455388935233, ""min_stop_pct"": 0.003531131735781461, ""max_hold"": 432, ""cooldown"": 6, ""session_start"": 0, ""session_end"": 24, ""weekday_mask"": 124, ""htf_mode"": 2, ""adx_min"": 16.597323686255496, ""rsi_long_min"": 42.414223982243406, ""rsi_long_max"": 70.92685328809286, ""relvol_min"": 0.8586295372661331, ""body_min"": 0.36827451861316907, ""close_loc_min"": 0.7857078589820822, ""wick_min"": 0.5217375609422679, ""eff_min"": 0.39399905292457615, ""chop_max"": 58.186653544265866, ""atr_rank_min"": 0.3342842048241924, ""vwap_dev_max"": 2.908778304537727, ""pull_idx"": 2, ""sweep_idx"": 0, ""retest_idx"": 6, ""trail_trigger"": 2.1117138588320064, ""trail_lock"": 1.7577036599748324}"
62,388.6008004798048,False,三结构组合,双向,19.0,0.5789473684210527,1.3410124491562672,21.0,0.38095238095238093,1.2568653926328328,4.683435740084986,3.6492394670099344,6.0,0.6666666666666666,1.2883432821745242,3.835644066745501,13.0,0.5384615384615384,1.3710865945524122,4.3755216979342455,"{""family_mask"": 7, ""direction"": 0, ""rr"": 2.2, ""sl_atr"": 1.4685572875091184, ""min_stop_pct"": 0.004644149253757177, ""max_hold"": 576, ""cooldown"": 58, ""session_start"": 0, ""session_end"": 24, ""weekday_mask"": 124, ""htf_mode"": 2, ""adx_min"": 25.419003434294986, ""rsi_long_min"": 52.776298656123224, ""rsi_long_max"": 69.1057211900584, ""relvol_min"": 0.9287660379492109, ""body_min"": 0.3227694923152761, ""close_loc_min"": 0.6015661772741778, ""wick_min"": 0.33793660063590625, ""eff_min"": 0.18211642132096587, ""chop_max"": 45.4075669114935, ""atr_rank_min"": 0.20990872759522639, ""vwap_dev_max"": 2.3147288111476025, ""pull_idx"": 7, ""sweep_idx"": 1, ""retest_idx"": 5, ""trail_trigger"": 1.76278703321554, ""trail_lock"": 1.6443859820886317}"
63,387.6471196408566,False,扫单反转+突破回踩,双向,16.0,0.5625,1.5054566017889637,24.0,0.4583333333333333,1.4488657567787036,11.596537795184403,2.445450757240037,6.0,0.5,1.3673232058672597,1.3466061957006112,10.0,0.6,1.574416442376729,6.6581220202363145,"{""family_mask"": 6, ""direction"": 0, ""rr"": 2.4, ""sl_atr"": 1.2805057981177437, ""min_stop_pct"": 0.004512245167367005, ""max_hold"": 432, ""cooldown"": 42, ""session_start"": 0, ""session_end"": 24, ""weekday_mask"": 127, ""htf_mode"": 1, ""adx_min"": 15.006644073360723, ""rsi_long_min"": 51.39322055986821, ""rsi_long_max"": 70.66882113222049, ""relvol_min"": 1.2350000875955092, ""body_min"": 0.7009510097018866, ""close_loc_min"": 0.7608176520873555, ""wick_min"": 0.5366674561163538, ""eff_min"": 0.17482796802145972, ""chop_max"": 59.938802176732096, ""atr_rank_min"": 0.7182696895826061, ""vwap_dev_max"": 2.779154097072105, ""pull_idx"": 1, ""sweep_idx"": 0, ""retest_idx"": 16, ""trail_trigger"": 1.8101081964918446, ""trail_lock"": 1.6397693475416766}"
64,385.12059849683595,False,扫单反转+突破回踩,双向,20.0,0.55,1.5373446339511196,25.0,0.44,1.510506653940254,13.556147130096633,2.575579096378443,8.0,0.5,1.545821374155176,2.811544502868603,12.0,0.5833333333333334,1.532450621595097,7.377135582811417,"{""family_mask"": 6, ""direction"": 0, ""rr"": 2.4, ""sl_atr"": 0.948004196952771, ""min_stop_pct"": 0.0034837567396355292, ""max_hold"": 576, ""cooldown"": 52, ""session_start"": 0, ""session_end"": 24, ""weekday_mask"": 127, ""htf_mode"": 1, ""adx_min"": 20.760994991601688, ""rsi_long_min"": 43.60626354008623, ""rsi_long_max"": 72.4994211814712, ""relvol_min"": 0.9844672991423522, ""body_min"": 0.27302228521316513, ""close_loc_min"": 0.8429383931516796, ""wick_min"": 0.35575760004793133, ""eff_min"": 0.2771289042690967, ""chop_max"": 60.36384114899846, ""atr_rank_min"": 0.3705713246536524, ""vwap_dev_max"": 2.0224213361715746, ""pull_idx"": 2, ""sweep_idx"": 0, ""retest_idx"": 7, ""trail_trigger"": 2.2590953984208046, ""trail_lock"": 1.91334834738577}"
65,377.51388515079014,False,扫单反转+突破回踩,双向,18.0,0.5555555555555556,1.5294768717221388,22.0,0.45454545454545453,1.527318479912553,11.529541690955304,2.9339587665447544,6.0,0.5,1.451967548013886,1.5322392689380095,12.0,0.5833333333333334,1.5799487036939612,6.29650108974215,"{""family_mask"": 6, ""direction"": 0, ""rr"": 3.0, ""sl_atr"": 1.1813552338647018, ""min_stop_pct"": 0.007698394408774468, ""max_hold"": 288, ""cooldown"": 19, ""session_start"": 0, ""session_end"": 24, ""weekday_mask"": 127, ""htf_mode"": 2, ""adx_min"": 15.314380991175506, ""rsi_long_min"": 50.644920673315454, ""rsi_long_max"": 61.87445845752988, ""relvol_min"": 0.8539084168381046, ""body_min"": 0.26232456431754114, ""close_loc_min"": 0.6248461908265781, ""wick_min"": 0.5299059520067542, ""eff_min"": 0.2533925097914684, ""chop_max"": 57.33582278006123, ""atr_rank_min"": 0.7441917113675934, ""vwap_dev_max"": 2.9271656556499495, ""pull_idx"": 7, ""sweep_idx"": 2, ""retest_idx"": 8, ""trail_trigger"": 1.8878686169147536, ""trail_lock"": 1.771310263455738}"
66,377.42316750286454,False,扫单反转+突破回踩,双向,18.0,0.5555555555555556,1.5643534319799204,19.0,0.2631578947368421,1.540573624765886,1.7198102379219038,3.7524836686959286,6.0,0.5,1.6155568443413868,2.309139089389074,12.0,0.5833333333333334,1.5423651681942043,7.250396556717531,"{""family_mask"": 6, ""direction"": 0, ""rr"": 2.4, ""sl_atr"": 1.0746399706926877, ""min_stop_pct"": 0.004005672630789762, ""max_hold"": 288, ""cooldown"": 51, ""session_start"": 0, ""session_end"": 24, ""weekday_mask"": 124, ""htf_mode"": 1, ""adx_min"": 18.84535142623829, ""rsi_long_min"": 50.521328851056744, ""rsi_long_max"": 73.11783157182911, ""relvol_min"": 0.853495226473842, ""body_min"": 0.5197316621855984, ""close_loc_min"": 0.8265954254337772, ""wick_min"": 0.29416435075461883, ""eff_min"": 0.26249141138950377, ""chop_max"": 51.110177054553574, ""atr_rank_min"": 0.12028415091871271, ""vwap_dev_max"": 2.1011545881885474, ""pull_idx"": 7, ""sweep_idx"": 1, ""retest_idx"": 15, ""trail_trigger"": 2.246498330276366, ""trail_lock"": 2.0122283413471864}"
67,375.80732560763505,False,三结构组合,双向,16.0,0.5625,1.5040061402911564,21.0,0.3333333333333333,1.3779457224833667,2.834416651403829,2.482133553702461,8.0,0.625,1.2579094994407911,4.081253222081596,8.0,0.5,1.8116393426603399,4.028325686877917,"{""family_mask"": 7, ""direction"": 0, ""rr"": 2.8, ""sl_atr"": 1.5482122204949769, ""min_stop_pct"": 0.004168221314381321, ""max_hold"": 216, ""cooldown"": 42, ""session_start"": 0, ""session_end"": 24, ""weekday_mask"": 127, ""htf_mode"": 2, ""adx_min"": 32.29835891104325, ""rsi_long_min"": 55.26651977379933, ""rsi_long_max"": 73.1898239996327, ""relvol_min"": 1.4506020790169476, ""body_min"": 0.45342601017277784, ""close_loc_min"": 0.6927695430296547, ""wick_min"": 0.4312843091329663, ""eff_min"": 0.38579208163233936, ""chop_max"": 60.20906091199268, ""atr_rank_min"": 0.44966457477447663, ""vwap_dev_max"": 2.485313636308947, ""pull_idx"": 7, ""sweep_idx"": 1, ""retest_idx"": 14, ""trail_trigger"": 1.9114560453053913, ""trail_lock"": 1.5514827326349379}"
68,371.6223893927858,False,扫单反转+突破回踩,双向,16.0,0.5625,1.4905435938731,12.0,0.4166666666666667,1.3994167961487654,7.389391838951987,4.610507069578447,6.0,0.6666666666666666,1.4335005183210954,4.3028563769580215,10.0,0.5,1.5362204073023884,3.0898970885501438,"{""family_mask"": 6, ""direction"": 0, ""rr"": 2.0, ""sl_atr"": 1.5396695827933975, ""min_stop_pct"": 0.006580408622861897, ""max_hold"": 576, ""cooldown"": 51, ""session_start"": 0, ""session_end"": 24, ""weekday_mask"": 124, ""htf_mode"": 2, ""adx_min"": 36.870066413238334, ""rsi_long_min"": 48.87009416722685, ""rsi_long_max"": 69.3083949901941, ""relvol_min"": 0.7692486277662872, ""body_min"": 0.6875193781656508, ""close_loc_min"": 0.582956633804983, ""wick_min"": 0.3345699811742944, ""eff_min"": 0.22430161611142155, ""chop_max"": 58.03147430516553, ""atr_rank_min"": 0.20802000898058692, ""vwap_dev_max"": 2.251600501211734, ""pull_idx"": 6, ""sweep_idx"": 0, ""retest_idx"": 0, ""trail_trigger"": 1.7562578067970636, ""trail_lock"": 1.6092634479458001}"
69,367.1794027717205,False,扫单反转+突破回踩,双向,20.0,0.55,1.5136248378135284,23.0,0.2608695652173913,1.3564210879533813,-1.4518375356157653,3.6849934990926663,8.0,0.5,1.6058935399163747,2.9756040569306608,12.0,0.5833333333333334,1.4608611530086761,6.418168569245241,"{""family_mask"": 6, ""direction"": 0, ""rr"": 2.2, ""sl_atr"": 1.1477526782550487, ""min_stop_pct"": 0.004401204593545475, ""max_hold"": 216, ""cooldown"": 24, ""session_start"": 0, ""session_end"": 24, ""weekday_mask"": 124, ""htf_mode"": 2, ""adx_min"": 22.489450711301707, ""rsi_long_min"": 47.0282390392803, ""rsi_long_max"": 71.10180320313016, ""relvol_min"": 1.002745587784371, ""body_min"": 0.5009486413272788, ""close_loc_min"": 0.5881854962587417, ""wick_min"": 0.3263549976328609, ""eff_min"": 0.2200465899323874, ""chop_max"": 55.901972188606, ""atr_rank_min"": 0.3920615964463008, ""vwap_dev_max"": 2.5462453911388923, ""pull_idx"": 8, ""sweep_idx"": 0, ""retest_idx"": 6, ""trail_trigger"": 1.9852221961149565, ""trail_lock"": 1.5742545845419809}"
70,367.10502298245876,False,趋势回踩+流动性扫单,双向,19.0,0.631578947368421,1.5149933502667763,14.0,0.21428571428571427,1.5008883294493167,5.910251791336183,2.468188380510536,5.0,0.4,1.6682690923662382,0.4152633139133677,14.0,0.7142857142857143,1.4841722205152013,13.382872323371657,"{""family_mask"": 3, ""direction"": 0, ""rr"": 3.0, ""sl_atr"": 2.01994229228477, ""min_stop_pct"": 0.004282348806249454, ""max_hold"": 216, ""cooldown"": 11, ""session_start"": 0, ""session_end"": 24, ""weekday_mask"": 127, ""htf_mode"": 0, ""adx_min"": 35.30993738885047, ""rsi_long_min"": 53.82639089658495, ""rsi_long_max"": 71.77890282361969, ""relvol_min"": 0.7546045686483212, ""body_min"": 0.521826008681535, ""close_loc_min"": 0.6749511062201159, ""wick_min"": 0.5348037420179057, ""eff_min"": 0.17764443254186973, ""chop_max"": 65.38508125008289, ""atr_rank_min"": 0.7209973358367516, ""vwap_dev_max"": 2.6653679958029293, ""pull_idx"": 6, ""sweep_idx"": 0, ""retest_idx"": 17, ""trail_trigger"": 1.7851389437524285, ""trail_lock"": 1.5845207874124703}"
71,357.1288194039966,False,三结构组合,双向,22.0,0.5454545454545454,1.5418935619683916,29.0,0.41379310344827586,1.1882605425157104,7.07282520845523,3.683646319389638,12.0,0.5,1.3626768110718297,2.671198273667904,10.0,0.6,1.7209278026319261,7.767783699598441,"{""family_mask"": 7, ""direction"": 0, ""rr"": 3.0, ""sl_atr"": 1.144839917569379, ""min_stop_pct"": 0.004402501687754167, ""max_hold"": 432, ""cooldown"": 25, ""session_start"": 0, ""session_end"": 24, ""weekday_mask"": 127, ""htf_mode"": 2, ""adx_min"": 18.125282326435517, ""rsi_long_min"": 47.043172477016, ""rsi_long_max"": 65.63394425705677, ""relvol_min"": 1.2541430980881856, ""body_min"": 0.433878520089809, ""close_loc_min"": 0.5818383780156663, ""wick_min"": 0.3731438615789869, ""eff_min"": 0.31363683746333154, ""chop_max"": 55.06223483360506, ""atr_rank_min"": 0.14983065183435693, ""vwap_dev_max"": 2.716278361288648, ""pull_idx"": 4, ""sweep_idx"": 1, ""retest_idx"": 16, ""trail_trigger"": 1.8327838465610924, ""trail_lock"": 1.6807359398107393}"
72,352.5594030879144,False,三结构组合,双向,17.0,0.5882352941176471,1.2606909492181504,15.0,0.5333333333333333,1.3287472149695998,11.185655530738268,2.4280912302865154,9.0,0.5555555555555556,1.2302928465334715,2.6108680815828533,8.0,0.625,1.291054531568789,4.193767499842988,"{""family_mask"": 7, ""direction"": 0, ""rr"": 2.0, ""sl_atr"": 1.3533032905754834, ""min_stop_pct"": 0.004694781838152315, ""max_hold"": 576, ""cooldown"": 8, ""session_start"": 0, ""session_end"": 24, ""weekday_mask"": 127, ""htf_mode"": 2, ""adx_min"": 26.573536996402666, ""rsi_long_min"": 52.01813044737942, ""rsi_long_max"": 65.9034561356013, ""relvol_min"": 1.632310124674354, ""body_min"": 0.532197914855669, ""close_loc_min"": 0.5920801044711462, ""wick_min"": 0.40614864646216486, ""eff_min"": 0.3254196780417397, ""chop_max"": 61.724348733565996, ""atr_rank_min"": 0.49148072804419873, ""vwap_dev_max"": 2.618119839050546, ""pull_idx"": 2, ""sweep_idx"": 2, ""retest_idx"": 13, ""trail_trigger"": 1.7041571697163955, ""trail_lock"": 1.6333149434174992}"
73,351.3594081723757,False,扫单反转+突破回踩,双向,17.0,0.5882352941176471,1.3948920339958701,23.0,0.43478260869565216,1.2928394179931388,8.15127655195763,2.3714000947107214,6.0,0.5,1.360965415650343,1.2832200504498616,11.0,0.6363636363636364,1.40932927731278,6.952959697596348,"{""family_mask"": 6, ""direction"": 0, ""rr"": 2.2, ""sl_atr"": 1.316394943076215, ""min_stop_pct"": 0.005414191018442576, ""max_hold"": 576, ""cooldown"": 33, ""session_start"": 0, ""session_end"": 24, ""weekday_mask"": 127, ""htf_mode"": 2, ""adx_min"": 24.236956192161912, ""rsi_long_min"": 44.8993518790803, ""rsi_long_max"": 73.23263772185967, ""relvol_min"": 0.9790465857004287, ""body_min"": 0.42530485668070384, ""close_loc_min"": 0.8629037285762923, ""wick_min"": 0.6046779102776304, ""eff_min"": 0.17434437318040555, ""chop_max"": 58.928845933996456, ""atr_rank_min"": 0.3505501808928232, ""vwap_dev_max"": 2.821573476763252, ""pull_idx"": 1, ""sweep_idx"": 0, ""retest_idx"": 14, ""trail_trigger"": 1.793302939581021, ""trail_lock"": 1.5970735430623508}"
74,329.29125599060063,False,流动性扫单反转,双向,15.0,0.6,1.3562576977625056,10.0,0.2,1.1435510571761076,0.7270280007669716,2.4216019610465267,6.0,0.5,1.35467522572996,1.2885028105359693,9.0,0.6666666666666666,1.3575150684574622,6.222014468349556,"{""family_mask"": 2, ""direction"": 0, ""rr"": 2.0, ""sl_atr"": 2.2940745098516038, ""min_stop_pct"": 0.004755566028587462, ""max_hold"": 288, ""cooldown"": 17, ""session_start"": 0, ""session_end"": 24, ""weekday_mask"": 124, ""htf_mode"": 2, ""adx_min"": 19.6705996164636, ""rsi_long_min"": 48.64225803835734, ""rsi_long_max"": 62.45186715514585, ""relvol_min"": 0.8464381127461711, ""body_min"": 0.478136947507829, ""close_loc_min"": 0.6113003102334695, ""wick_min"": 0.3043520777125056, ""eff_min"": 0.16720562784790877, ""chop_max"": 53.85819126068006, ""atr_rank_min"": 0.18145984453584685, ""vwap_dev_max"": 1.9345246306094244, ""pull_idx"": 6, ""sweep_idx"": 0, ""retest_idx"": 14, ""trail_trigger"": 1.7424650244918332, ""trail_lock"": 1.5545888583265195}"
75,307.64502256656795,False,三结构组合,双向,15.0,0.6,1.583574027538207,13.0,0.46153846153846156,1.5495237423139765,13.952661662944744,3.9982432601436155,7.0,0.42857142857142855,1.5798473134286046,0.9855607561076762,8.0,0.75,1.5852640564478921,10.012603051543932,"{""family_mask"": 7, ""direction"": 0, ""rr"": 2.8, ""sl_atr"": 1.4768717158025886, ""min_stop_pct"": 0.0030111850523199543, ""max_hold"": 288, ""cooldown"": 53, ""session_start"": 0, ""session_end"": 11, ""weekday_mask"": 127, ""htf_mode"": 1, ""adx_min"": 22.164671034317163, ""rsi_long_min"": 44.252040385726254, ""rsi_long_max"": 68.93950182394454, ""relvol_min"": 1.2323317027062528, ""body_min"": 0.47210802878002134, ""close_loc_min"": 0.7374527133493779, ""wick_min"": 0.5247176071357129, ""eff_min"": 0.20855607328990972, ""chop_max"": 60.776144665785935, ""atr_rank_min"": 0.15099052284256806, ""vwap_dev_max"": 2.8616800803829583, ""pull_idx"": 0, ""sweep_idx"": 0, ""retest_idx"": 17, ""trail_trigger"": 2.1710090137507114, ""trail_lock"": 1.7158295913863002}"
76,302.1511817529675,False,三结构组合,双向,18.0,0.6111111111111112,1.2976574680753419,22.0,0.45454545454545453,1.3589827595361634,10.898096767991403,3.3682166514944125,6.0,0.5,1.234381804748164,0.8716460659269696,12.0,0.6666666666666666,1.3217522089794245,8.13952387211372,"{""family_mask"": 7, ""direction"": 0, ""rr"": 2.0, ""sl_atr"": 2.1527136466989827, ""min_stop_pct"": 0.004180343862004471, ""max_hold"": 216, ""cooldown"": 29, ""session_start"": 0, ""session_end"": 24, ""weekday_mask"": 127, ""htf_mode"": 1, ""adx_min"": 24.305615006839957, ""rsi_long_min"": 42.37689688756403, ""rsi_long_max"": 71.45982316066335, ""relvol_min"": 1.0683200632931547, ""body_min"": 0.390111997072524, ""close_loc_min"": 0.8014918829170988, ""wick_min"": 0.5360637404020234, ""eff_min"": 0.28584422304127566, ""chop_max"": 65.46531963950002, ""atr_rank_min"": 0.7005497364171424, ""vwap_dev_max"": 2.743426064122925, ""pull_idx"": 7, ""sweep_idx"": 0, ""retest_idx"": 6, ""trail_trigger"": 1.7729223130409075, ""trail_lock"": 1.6554864466226018}"
77,297.54193305851726,False,扫单反转+突破回踩,双向,15.0,0.5333333333333333,1.685949036107611,22.0,0.4090909090909091,1.5477788218769057,9.389253611725728,2.533134601198256,6.0,0.5,1.6855364305764642,2.603320292192464,9.0,0.5555555555555556,1.6861432309525215,5.610607420174313,"{""family_mask"": 6, ""direction"": 0, ""rr"": 2.4, ""sl_atr"": 1.1233337954702, ""min_stop_pct"": 0.0037687214750039286, ""max_hold"": 288, ""cooldown"": 13, ""session_start"": 0, ""session_end"": 24, ""weekday_mask"": 127, ""htf_mode"": 1, ""adx_min"": 22.960878046877248, ""rsi_long_min"": 45.30673071347573, ""rsi_long_max"": 69.50667804271615, ""relvol_min"": 1.104290341784982, ""body_min"": 0.6119352176469031, ""close_loc_min"": 0.7428459506382985, ""wick_min"": 0.5400708806624062, ""eff_min"": 0.2020552916772098, ""chop_max"": 54.27447292406531, ""atr_rank_min"": 0.3407820789300695, ""vwap_dev_max"": 2.075238564948336, ""pull_idx"": 5, ""sweep_idx"": 1, ""retest_idx"": 7, ""trail_trigger"": 2.2657093998624145, ""trail_lock"": 1.8222832020221844}"
78,296.4099374231486,False,扫单反转+突破回踩,双向,15.0,0.5333333333333333,1.687293984673176,15.0,0.26666666666666666,1.6556734673361448,3.2933013337532393,4.134659822192358,5.0,0.6,1.6919163917407638,4.132025758686979,10.0,0.5,1.6783589529933969,4.444293938315246,"{""family_mask"": 6, ""direction"": 0, ""rr"": 3.0, ""sl_atr"": 2.271884819603892, ""min_stop_pct"": 0.002651918783694978, ""max_hold"": 288, ""cooldown"": 26, ""session_start"": 0, ""session_end"": 24, ""weekday_mask"": 124, ""htf_mode"": 2, ""adx_min"": 19.939665660010572, ""rsi_long_min"": 50.797153060015084, ""rsi_long_max"": 68.31322220683836, ""relvol_min"": 0.9779817615082105, ""body_min"": 0.4014324342087704, ""close_loc_min"": 0.7852688129830747, ""wick_min"": 0.6710834914604258, ""eff_min"": 0.2889774639994048, ""chop_max"": 64.8201092214999, ""atr_rank_min"": 0.1386358975547543, ""vwap_dev_max"": 2.287977574063993, ""pull_idx"": 6, ""sweep_idx"": 0, ""retest_idx"": 6, ""trail_trigger"": 2.198489058708613, ""trail_lock"": 1.8635076094848495}"
79,294.66157401964153,False,扫单反转+突破回踩,双向,20.0,0.55,1.3696313151363337,16.0,0.375,1.2726137632815149,4.576087125579767,4.871994460147636,7.0,0.5714285714285714,1.3905521545511037,3.1206476019857403,13.0,0.5384615384615384,1.3576685918471145,4.26687493130905,"{""family_mask"": 6, ""direction"": 0, ""rr"": 2.2, ""sl_atr"": 1.617543737881149, ""min_stop_pct"": 0.004610213612390664, ""max_hold"": 216, ""cooldown"": 50, ""session_start"": 0, ""session_end"": 24, ""weekday_mask"": 124, ""htf_mode"": 1, ""adx_min"": 28.884205387778056, ""rsi_long_min"": 53.27894546153159, ""rsi_long_max"": 68.91104511041324, ""relvol_min"": 0.8979197915553772, ""body_min"": 0.4911603087385792, ""close_loc_min"": 0.6056926891774495, ""wick_min"": 0.2647703380659205, ""eff_min"": 0.3378426451222407, ""chop_max"": 64.92965420214176, ""atr_rank_min"": 0.1525620624200737, ""vwap_dev_max"": 1.955335351811161, ""pull_idx"": 4, ""sweep_idx"": 0, ""retest_idx"": 8, ""trail_trigger"": 1.7567494786944358, ""trail_lock"": 1.622952609883974}"
80,293.5586033065398,False,三结构组合,双向,15.0,0.6,1.6198158579257178,9.0,0.4444444444444444,1.8417208783791073,13.574639337347676,3.725925156091308,7.0,0.42857142857142855,1.3993969566328142,0.24618153568361656,8.0,0.75,1.7299924547733112,10.409479453141136,"{""family_mask"": 7, ""direction"": 0, ""rr"": 2.8, ""sl_atr"": 1.1472072429686118, ""min_stop_pct"": 0.004140029825806759, ""max_hold"": 288, ""cooldown"": 54, ""session_start"": 0, ""session_end"": 24, ""weekday_mask"": 62, ""htf_mode"": 1, ""adx_min"": 26.994251846648343, ""rsi_long_min"": 44.34192408269145, ""rsi_long_max"": 69.08632762707488, ""relvol_min"": 1.6039001213390427, ""body_min"": 0.28471381049595645, ""close_loc_min"": 0.8460161707883278, ""wick_min"": 0.366488954654967, ""eff_min"": 0.3134960719133745, ""chop_max"": 51.11765414611697, ""atr_rank_min"": 0.2676486785932215, ""vwap_dev_max"": 2.9485680153225826, ""pull_idx"": 2, ""sweep_idx"": 2, ""retest_idx"": 15, ""trail_trigger"": 1.8223723313136677, ""trail_lock"": 1.5712857817181594}"
81,279.0897224541149,False,三结构组合,双向,15.0,0.5333333333333333,1.654588759894288,14.0,0.21428571428571427,1.628774298317488,0.28631697495465613,3.871048859690391,6.0,0.5,1.7517408385495115,2.908365924136353,9.0,0.5555555555555556,1.596266664268166,5.136278984114119,"{""family_mask"": 7, ""direction"": 0, ""rr"": 2.8, ""sl_atr"": 1.0537696389118927, ""min_stop_pct"": 0.00345943124555504, ""max_hold"": 432, ""cooldown"": 17, ""session_start"": 0, ""session_end"": 24, ""weekday_mask"": 124, ""htf_mode"": 1, ""adx_min"": 30.537760837494616, ""rsi_long_min"": 42.423658705763756, ""rsi_long_max"": 71.41945350152572, ""relvol_min"": 1.0066928504189872, ""body_min"": 0.2723355454856339, ""close_loc_min"": 0.6917533990773924, ""wick_min"": 0.4284251066833882, ""eff_min"": 0.3054763959749809, ""chop_max"": 47.571171554238774, ""atr_rank_min"": 0.1927082433136988, ""vwap_dev_max"": 1.8814460378161195, ""pull_idx"": 2, ""sweep_idx"": 0, ""retest_idx"": 5, ""trail_trigger"": 2.3050063864368893, ""trail_lock"": 2.0475607699954907}"
82,278.57802158741293,False,三结构组合,双向,17.0,0.5294117647058824,1.645287391057276,14.0,0.21428571428571427,1.3692106590586108,0.8242614881275794,3.991950585160772,6.0,0.5,1.6944783862022668,2.772323400181647,11.0,0.5454545454545454,1.620231701991044,6.319692321808959,"{""family_mask"": 7, ""direction"": 0, ""rr"": 2.6, ""sl_atr"": 2.1523319024698706, ""min_stop_pct"": 0.002741460761083021, ""max_hold"": 432, ""cooldown"": 41, ""session_start"": 0, ""session_end"": 24, ""weekday_mask"": 124, ""htf_mode"": 2, ""adx_min"": 28.369104496856263, ""rsi_long_min"": 50.190673733140855, ""rsi_long_max"": 73.43140129601363, ""relvol_min"": 0.7737087662557114, ""body_min"": 0.4325361352242027, ""close_loc_min"": 0.5808744953408633, ""wick_min"": 0.5972713417817924, ""eff_min"": 0.29090558443392545, ""chop_max"": 56.663234186541295, ""atr_rank_min"": 0.2661704734129976, ""vwap_dev_max"": 2.909654452792043, ""pull_idx"": 0, ""sweep_idx"": 2, ""retest_idx"": 2, ""trail_trigger"": 2.0936162103565774, ""trail_lock"": 1.9157381707525925}"
83,277.93555076973024,False,趋势回踩+流动性扫单,双向,15.0,0.5333333333333333,1.72651232651581,11.0,0.36363636363636365,1.6268804097303566,7.744212064480235,2.4474887542466828,6.0,0.5,1.4324355255073133,1.5884085850321559,9.0,0.5555555555555556,1.9029946094208212,6.751721837682329,"{""family_mask"": 3, ""direction"": 0, ""rr"": 2.8, ""sl_atr"": 2.1209126793878115, ""min_stop_pct"": 0.004470927279381258, ""max_hold"": 432, ""cooldown"": 52, ""session_start"": 0, ""session_end"": 24, ""weekday_mask"": 127, ""htf_mode"": 0, ""adx_min"": 20.053716695869337, ""rsi_long_min"": 46.367317808104126, ""rsi_long_max"": 67.18891851295182, ""relvol_min"": 0.8816577806141319, ""body_min"": 0.35652037498038625, ""close_loc_min"": 0.83654992375361, ""wick_min"": 0.3579992762711493, ""eff_min"": 0.5295486881854766, ""chop_max"": 54.3753198906897, ""atr_rank_min"": 0.27144160561048525, ""vwap_dev_max"": 2.517371932044204, ""pull_idx"": 5, ""sweep_idx"": 2, ""retest_idx"": 7, ""trail_trigger"": 1.8408113394410386, ""trail_lock"": 1.5664169115642608}"
84,277.30341233162636,False,三结构组合,双向,16.0,0.5625,1.4340423565219185,15.0,0.2,1.8251404017125894,0.231947500838946,4.056849332749676,8.0,0.5,1.4062348976814982,2.178949608452628,8.0,0.625,1.4439649201886993,5.865029791873781,"{""family_mask"": 7, ""direction"": 0, ""rr"": 2.4, ""sl_atr"": 2.3244147196683813, ""min_stop_pct"": 0.002575129451143632, ""max_hold"": 432, ""cooldown"": 34, ""session_start"": 0, ""session_end"": 24, ""weekday_mask"": 124, ""htf_mode"": 1, ""adx_min"": 16.860669978442505, ""rsi_long_min"": 46.65714409655744, ""rsi_long_max"": 72.49175638880973, ""relvol_min"": 1.53648958413138, ""body_min"": 0.285885287148817, ""close_loc_min"": 0.7048963537225278, ""wick_min"": 0.2750984945386122, ""eff_min"": 0.18964858310772928, ""chop_max"": 54.87781359057799, ""atr_rank_min"": 0.7029615725558399, ""vwap_dev_max"": 2.071011568156191, ""pull_idx"": 2, ""sweep_idx"": 0, ""retest_idx"": 0, ""trail_trigger"": 2.154119398181637, ""trail_lock"": 2.067003949356326}"
85,271.68028497321467,False,扫单反转+突破回踩,双向,17.0,0.5294117647058824,1.730685356739694,20.0,0.45,1.4766450283632282,12.191172947268804,2.4719831406287955,8.0,0.5,1.3819206105023647,1.887347335188982,9.0,0.5555555555555556,2.009590100415815,7.473599604524447,"{""family_mask"": 6, ""direction"": 0, ""rr"": 3.0, ""sl_atr"": 0.8149295611085958, ""min_stop_pct"": 0.004258052912316674, ""max_hold"": 216, ""cooldown"": 56, ""session_start"": 0, ""session_end"": 24, ""weekday_mask"": 127, ""htf_mode"": 1, ""adx_min"": 15.530792356503419, ""rsi_long_min"": 50.729351719791715, ""rsi_long_max"": 68.56295702647151, ""relvol_min"": 1.6153497330752518, ""body_min"": 0.44655266350132417, ""close_loc_min"": 0.6614316755125207, ""wick_min"": 0.4014182892853862, ""eff_min"": 0.2559237546806037, ""chop_max"": 48.824510027791376, ""atr_rank_min"": 0.13634594189907992, ""vwap_dev_max"": 2.731888228639401, ""pull_idx"": 1, ""sweep_idx"": 1, ""retest_idx"": 14, ""trail_trigger"": 1.996315631167863, ""trail_lock"": 1.5900263869247324}"
86,268.19306527059376,False,扫单反转+突破回踩,双向,17.0,0.5294117647058824,1.6353878971968887,26.0,0.4230769230769231,1.474783316178693,10.09929227396195,3.815300983235625,6.0,0.5,1.5648592576937355,2.154483147233006,11.0,0.5454545454545454,1.6705968173508428,6.389546604726274,"{""family_mask"": 6, ""direction"": 0, ""rr"": 2.8, ""sl_atr"": 0.9805450403004982, ""min_stop_pct"": 0.00369144827760475, ""max_hold"": 432, ""cooldown"": 37, ""session_start"": 0, ""session_end"": 24, ""weekday_mask"": 127, ""htf_mode"": 1, ""adx_min"": 15.072328559884099, ""rsi_long_min"": 49.85785389562793, ""rsi_long_max"": 68.71792768605482, ""relvol_min"": 1.2527285109785304, ""body_min"": 0.614670060967431, ""close_loc_min"": 0.7124048086634742, ""wick_min"": 0.6801892671815037, ""eff_min"": 0.18795185463755557, ""chop_max"": 53.10291179352264, ""atr_rank_min"": 0.1209843478093045, ""vwap_dev_max"": 2.633858712577732, ""pull_idx"": 4, ""sweep_idx"": 0, ""retest_idx"": 8, ""trail_trigger"": 2.2079380483151057, ""trail_lock"": 1.9923834884067166}"
87,262.6869490994624,False,扫单反转+突破回踩,双向,15.0,0.5333333333333333,1.6082139806054405,12.0,0.08333333333333333,1.3394740942076808,-4.234313404205004,3.734556842611476,5.0,0.6,1.558097724371265,3.328594513335752,10.0,0.5,1.6371773914053473,3.9435066618098573,"{""family_mask"": 6, ""direction"": 0, ""rr"": 2.4, ""sl_atr"": 2.0955387847100946, ""min_stop_pct"": 0.004097380055745385, ""max_hold"": 288, ""cooldown"": 47, ""session_start"": 0, ""session_end"": 24, ""weekday_mask"": 124, ""htf_mode"": 1, ""adx_min"": 23.479227706121378, ""rsi_long_min"": 46.29828134212296, ""rsi_long_max"": 63.74890410634383, ""relvol_min"": 1.3630379960998034, ""body_min"": 0.30586300527805677, ""close_loc_min"": 0.5852903998414534, ""wick_min"": 0.5203017590102184, ""eff_min"": 0.23567342598757007, ""chop_max"": 65.01696459722524, ""atr_rank_min"": 0.680999181444079, ""vwap_dev_max"": 2.557750317984087, ""pull_idx"": 5, ""sweep_idx"": 0, ""retest_idx"": 7, ""trail_trigger"": 2.0491797357285124, ""trail_lock"": 1.75277466172651}"
88,255.72526649903472,False,三结构组合,双向,17.0,0.5294117647058824,1.5872247716838732,16.0,0.3125,1.1985099967923314,1.6117946997209927,2.4817671230604175,8.0,0.5,1.547757389752406,2.717680473623445,9.0,0.5555555555555556,1.6187541844000481,5.078965323283966,"{""family_mask"": 7, ""direction"": 0, ""rr"": 2.6, ""sl_atr"": 0.8188672295626636, ""min_stop_pct"": 0.004170626598631102, ""max_hold"": 216, ""cooldown"": 14, ""session_start"": 0, ""session_end"": 24, ""weekday_mask"": 127, ""htf_mode"": 2, ""adx_min"": 34.05109864162807, ""rsi_long_min"": 42.17968344714799, ""rsi_long_max"": 72.59702406717838, ""relvol_min"": 1.4216750590938378, ""body_min"": 0.4543723536953216, ""close_loc_min"": 0.7993887245031854, ""wick_min"": 0.4276691652591279, ""eff_min"": 0.24455286029910842, ""chop_max"": 51.03952526581548, ""atr_rank_min"": 0.6735630350507976, ""vwap_dev_max"": 2.5209231913482086, ""pull_idx"": 1, ""sweep_idx"": 1, ""retest_idx"": 6, ""trail_trigger"": 1.93877267532712, ""trail_lock"": 1.7202982487291762}"
89,250.33430629052583,False,扫单反转+突破回踩,双向,17.0,0.5882352941176471,1.1943546120065491,16.0,0.4375,1.384342917207483,7.199941295896842,3.7073646514378957,7.0,0.5714285714285714,1.1588525120606243,2.1624434057841233,10.0,0.6,1.2219179608842021,4.201913476575736,"{""family_mask"": 6, ""direction"": 0, ""rr"": 2.0, ""sl_atr"": 2.394616194963791, ""min_stop_pct"": 0.0029733717323389437, ""max_hold"": 216, ""cooldown"": 50, ""session_start"": 0, ""session_end"": 24, ""weekday_mask"": 127, ""htf_mode"": 2, ""adx_min"": 18.83855181204277, ""rsi_long_min"": 45.46979296057471, ""rsi_long_max"": 62.94141972326828, ""relvol_min"": 1.4708405788839882, ""body_min"": 0.2823482776085288, ""close_loc_min"": 0.6450616629987399, ""wick_min"": 0.5508293008381192, ""eff_min"": 0.21137014799233989, ""chop_max"": 51.72808131517565, ""atr_rank_min"": 0.5370632547381311, ""vwap_dev_max"": 2.5156971196730558, ""pull_idx"": 6, ""sweep_idx"": 0, ""retest_idx"": 16, ""trail_trigger"": 1.8197664554334412, ""trail_lock"": 1.7012126405258274}"
90,246.59834039106926,False,扫单反转+突破回踩,双向,15.0,0.5333333333333333,1.5536212212788383,20.0,0.25,1.5335114128971943,-1.8705041884985063,2.483268844302069,6.0,0.5,1.511758836554816,1.9065115407032878,9.0,0.5555555555555556,1.58002817129787,4.804070154698953,"{""family_mask"": 6, ""direction"": 0, ""rr"": 2.8, ""sl_atr"": 2.347620138300483, ""min_stop_pct"": 0.004148738299970615, ""max_hold"": 216, ""cooldown"": 14, ""session_start"": 0, ""session_end"": 24, ""weekday_mask"": 124, ""htf_mode"": 2, ""adx_min"": 35.390671071776055, ""rsi_long_min"": 50.331868575329565, ""rsi_long_max"": 72.50355841187957, ""relvol_min"": 0.8277669439733222, ""body_min"": 0.4031559906429856, ""close_loc_min"": 0.6542908127800959, ""wick_min"": 0.3680520016364086, ""eff_min"": 0.4041302678692861, ""chop_max"": 49.15315935400126, ""atr_rank_min"": 0.21731506718281007, ""vwap_dev_max"": 2.427066779337164, ""pull_idx"": 7, ""sweep_idx"": 0, ""retest_idx"": 12, ""trail_trigger"": 1.990759722937932, ""trail_lock"": 1.7785946039556124}"
91,243.0365389229113,False,三结构组合,双向,18.0,0.6111111111111112,1.436167812167196,14.0,0.21428571428571427,1.4915197091589592,2.9264964336428516,3.596903104173866,7.0,0.42857142857142855,1.4160662544527953,0.2976240987617469,11.0,0.7272727272727273,1.446184168964349,10.23351137810604,"{""family_mask"": 7, ""direction"": 0, ""rr"": 2.0, ""sl_atr"": 2.37526951205895, ""min_stop_pct"": 0.005034145293785895, ""max_hold"": 432, ""cooldown"": 20, ""session_start"": 0, ""session_end"": 24, ""weekday_mask"": 124, ""htf_mode"": 2, ""adx_min"": 31.83989953632205, ""rsi_long_min"": 44.83605136955077, ""rsi_long_max"": 71.39490540423954, ""relvol_min"": 0.8623193769248806, ""body_min"": 0.44475008808656913, ""close_loc_min"": 0.7843242476268831, ""wick_min"": 0.35206702695049175, ""eff_min"": 0.28382896469937446, ""chop_max"": 53.39631264686006, ""atr_rank_min"": 0.3865176180816927, ""vwap_dev_max"": 2.935364697413919, ""pull_idx"": 6, ""sweep_idx"": 0, ""retest_idx"": 3, ""trail_trigger"": 1.8879209200265228, ""trail_lock"": 1.692412450675385}"
92,242.45491266549567,False,三结构组合,双向,17.0,0.5294117647058824,1.5926569139241393,12.0,0.4166666666666667,1.356896271950817,8.04921303189719,3.994406831238016,8.0,0.5,1.4149528228863273,2.209847201670358,9.0,0.5555555555555556,1.743229412260343,6.108588984706445,"{""family_mask"": 7, ""direction"": 0, ""rr"": 3.0, ""sl_atr"": 1.8287681839144245, ""min_stop_pct"": 0.00302280970533471, ""max_hold"": 216, ""cooldown"": 56, ""session_start"": 0, ""session_end"": 24, ""weekday_mask"": 127, ""htf_mode"": 1, ""adx_min"": 28.787201133163727, ""rsi_long_min"": 49.57596291844365, ""rsi_long_max"": 66.71797090616738, ""relvol_min"": 1.2431128505112308, ""body_min"": 0.5700471416488512, ""close_loc_min"": 0.7136113111232247, ""wick_min"": 0.6867794371787961, ""eff_min"": 0.31275491916738085, ""chop_max"": 50.357635295872925, ""atr_rank_min"": 0.5920335546430837, ""vwap_dev_max"": 2.830071063002432, ""pull_idx"": 2, ""sweep_idx"": 0, ""retest_idx"": 7, ""trail_trigger"": 2.2253406279580643, ""trail_lock"": 1.9544516856670429}"
93,241.5552656789277,False,三结构组合,双向,19.0,0.5789473684210527,1.349609995949695,24.0,0.4166666666666667,1.3202859199604002,8.015160506430654,2.6283868130888264,6.0,0.5,1.3662441468853497,1.443179982844574,13.0,0.6153846153846154,1.3432999870501081,7.550839930728219,"{""family_mask"": 7, ""direction"": 0, ""rr"": 2.4, ""sl_atr"": 2.0318802643869036, ""min_stop_pct"": 0.0031960259241003404, ""max_hold"": 288, ""cooldown"": 54, ""session_start"": 0, ""session_end"": 24, ""weekday_mask"": 127, ""htf_mode"": 2, ""adx_min"": 20.403785023188274, ""rsi_long_min"": 49.932795596848884, ""rsi_long_max"": 67.42272408684967, ""relvol_min"": 0.8136161662003132, ""body_min"": 0.5002821880793833, ""close_loc_min"": 0.7363157412237735, ""wick_min"": 0.5592108667722706, ""eff_min"": 0.3458078980838911, ""chop_max"": 64.05332085578021, ""atr_rank_min"": 0.2678220655399956, ""vwap_dev_max"": 2.549898003159828, ""pull_idx"": 0, ""sweep_idx"": 0, ""retest_idx"": 5, ""trail_trigger"": 1.749390524771811, ""trail_lock"": 1.525404897171457}"
94,231.41736658031306,False,扫单反转+突破回踩,双向,17.0,0.5294117647058824,1.575129335218678,16.0,0.4375,1.8726830330353816,13.225433748519489,3.970943231421618,10.0,0.5,1.350035107165943,2.316734252549792,7.0,0.5714285714285714,1.8563710472399249,5.859481900119799,"{""family_mask"": 6, ""direction"": 0, ""rr"": 3.0, ""sl_atr"": 1.7260203327152854, ""min_stop_pct"": 0.0030958330818714715, ""max_hold"": 288, ""cooldown"": 7, ""session_start"": 0, ""session_end"": 24, ""weekday_mask"": 127, ""htf_mode"": 2, ""adx_min"": 15.26952605496786, ""rsi_long_min"": 45.58110733740721, ""rsi_long_max"": 65.74048916576558, ""relvol_min"": 1.6647137032054289, ""body_min"": 0.258028013620987, ""close_loc_min"": 0.6838346288731353, ""wick_min"": 0.37240006432929273, ""eff_min"": 0.35120170338626844, ""chop_max"": 56.975209912410385, ""atr_rank_min"": 0.43559862319081366, ""vwap_dev_max"": 2.470634302696723, ""pull_idx"": 1, ""sweep_idx"": 2, ""retest_idx"": 12, ""trail_trigger"": 2.4192316183919145, ""trail_lock"": 2.1110851883999895}"
95,225.31510645724367,False,扫单反转+突破回踩,双向,19.0,0.5789473684210527,1.3067078574154791,22.0,0.2727272727272727,1.2099459156012575,-2.612405997692813,2.477946985017863,6.0,0.6666666666666666,1.1270980179901573,3.107831285978775,13.0,0.5384615384615384,1.4082984645562109,4.742207580331011,"{""family_mask"": 6, ""direction"": 0, ""rr"": 2.8, ""sl_atr"": 2.2933489122491686, ""min_stop_pct"": 0.004203838314703837, ""max_hold"": 576, ""cooldown"": 11, ""session_start"": 0, ""session_end"": 24, ""weekday_mask"": 124, ""htf_mode"": 0, ""adx_min"": 21.0674048999127, ""rsi_long_min"": 42.103179970629775, ""rsi_long_max"": 67.50283687773391, ""relvol_min"": 0.9079355661124986, ""body_min"": 0.34741398689005054, ""close_loc_min"": 0.6189476067285954, ""wick_min"": 0.4728533536764575, ""eff_min"": 0.21822143257471183, ""chop_max"": 45.263594889541665, ""atr_rank_min"": 0.43839323231094174, ""vwap_dev_max"": 1.786917556130072, ""pull_idx"": 4, ""sweep_idx"": 0, ""retest_idx"": 10, ""trail_trigger"": 1.7880250944159628, ""trail_lock"": 1.635318125593315}"
96,225.25973867378121,False,扫单反转+突破回踩,双向,17.0,0.5882352941176471,1.3267676573373601,16.0,0.4375,1.3598633121220896,8.405637727674954,3.7181361146398952,5.0,0.8,1.3027860338204178,5.214726832881215,12.0,0.5,1.343072290714148,2.550453747493016,"{""family_mask"": 6, ""direction"": 0, ""rr"": 2.0, ""sl_atr"": 1.2031619800111504, ""min_stop_pct"": 0.004197665594699919, ""max_hold"": 432, ""cooldown"": 43, ""session_start"": 0, ""session_end"": 24, ""weekday_mask"": 124, ""htf_mode"": 2, ""adx_min"": 24.972076888377554, ""rsi_long_min"": 51.941691517206124, ""rsi_long_max"": 72.22721931306931, ""relvol_min"": 0.8280325962630223, ""body_min"": 0.5430428643291525, ""close_loc_min"": 0.6818076335257632, ""wick_min"": 0.2989403471848894, ""eff_min"": 0.27480306852348857, ""chop_max"": 55.860373119472236, ""atr_rank_min"": 0.18376701473881973, ""vwap_dev_max"": 1.504159591795049, ""pull_idx"": 8, ""sweep_idx"": 2, ""retest_idx"": 13, ""trail_trigger"": 1.8753132824453753, ""trail_lock"": 1.7060068728173166}"
97,220.46483084051732,False,趋势回踩+流动性扫单,双向,15.0,0.5333333333333333,1.5376583239195023,5.0,0.2,2.282650938760905,4.364074070718822,3.6537902603958905,6.0,0.5,1.8863785343938533,3.2377130898284063,9.0,0.5555555555555556,1.3284546159873631,3.2183627611625196,"{""family_mask"": 3, ""direction"": 0, ""rr"": 3.0, ""sl_atr"": 1.5174820711786219, ""min_stop_pct"": 0.00460382025607978, ""max_hold"": 576, ""cooldown"": 42, ""session_start"": 3, ""session_end"": 12, ""weekday_mask"": 127, ""htf_mode"": 1, ""adx_min"": 15.952439745241202, ""rsi_long_min"": 45.82165702271618, ""rsi_long_max"": 64.05583219921188, ""relvol_min"": 0.8853299248149891, ""body_min"": 0.637598190958709, ""close_loc_min"": 0.604864834185083, ""wick_min"": 0.3003409537259027, ""eff_min"": 0.4582439667984657, ""chop_max"": 51.096682082037205, ""atr_rank_min"": 0.18715597970902623, ""vwap_dev_max"": 2.694016297853926, ""pull_idx"": 1, ""sweep_idx"": 0, ""retest_idx"": 3, ""trail_trigger"": 1.7899524383752423, ""trail_lock"": 1.5444715864071024}"
98,220.11656612676921,False,扫单反转+突破回踩,双向,15.0,0.5333333333333333,1.4952386980031345,13.0,0.23076923076923078,1.2241464749173636,-1.6041399432356882,2.431042697215033,6.0,0.5,1.4639015151932104,1.691851186810145,9.0,0.5555555555555556,1.5140586119133053,4.339772481354031,"{""family_mask"": 6, ""direction"": 0, ""rr"": 2.6, ""sl_atr"": 2.2007088438731275, ""min_stop_pct"": 0.004651862256880043, ""max_hold"": 576, ""cooldown"": 51, ""session_start"": 0, ""session_end"": 24, ""weekday_mask"": 127, ""htf_mode"": 2, ""adx_min"": 32.65191854113402, ""rsi_long_min"": 50.5446898056112, ""rsi_long_max"": 62.312225860394705, ""relvol_min"": 0.9061242511970642, ""body_min"": 0.6607504408657907, ""close_loc_min"": 0.67994147460526, ""wick_min"": 0.4038901610165123, ""eff_min"": 0.3348344115051206, ""chop_max"": 53.51977166546688, ""atr_rank_min"": 0.6204290841679895, ""vwap_dev_max"": 2.432862351334392, ""pull_idx"": 4, ""sweep_idx"": 1, ""retest_idx"": 1, ""trail_trigger"": 1.7750050516501832, ""trail_lock"": 1.6920251506177266}"
99,217.53585574558855,False,三结构组合,双向,16.0,0.5625,1.4114112315262601,13.0,0.23076923076923078,1.454966939234528,0.1602643626438951,2.4523432354749266,6.0,0.5,1.233557970490319,0.8692270508071926,10.0,0.6,1.5020492854814722,6.181635814154639,"{""family_mask"": 7, ""direction"": 0, ""rr"": 2.2, ""sl_atr"": 2.2382288305222966, ""min_stop_pct"": 0.004170207249891677, ""max_hold"": 576, ""cooldown"": 43, ""session_start"": 0, ""session_end"": 24, ""weekday_mask"": 127, ""htf_mode"": 0, ""adx_min"": 33.00005113229103, ""rsi_long_min"": 45.48612827872654, ""rsi_long_max"": 58.12215892363496, ""relvol_min"": 0.9826480580151907, ""body_min"": 0.31163615737316264, ""close_loc_min"": 0.6309158942319923, ""wick_min"": 0.41492593908748193, ""eff_min"": 0.19819424086207407, ""chop_max"": 58.468017877195365, ""atr_rank_min"": 0.7166508861685003, ""vwap_dev_max"": 2.4565068711845566, ""pull_idx"": 4, ""sweep_idx"": 0, ""retest_idx"": 7, ""trail_trigger"": 1.8254781421424382, ""trail_lock"": 1.5554831721556437}"
100,213.39179665775174,False,扫单反转+突破回踩,双向,17.0,0.5294117647058824,1.5049016154413857,19.0,0.3157894736842105,1.2849935762428324,0.3357936386008822,2.4373921673772294,8.0,0.5,1.3471983768209566,1.6917457866552743,9.0,0.5555555555555556,1.63099847543267,5.0625678316938245,"{""family_mask"": 6, ""direction"": 0, ""rr"": 2.6, ""sl_atr"": 1.3678942797827707, ""min_stop_pct"": 0.0045955708730052395, ""max_hold"": 432, ""cooldown"": 39, ""session_start"": 0, ""session_end"": 24, ""weekday_mask"": 127, ""htf_mode"": 1, ""adx_min"": 23.86099599278993, ""rsi_long_min"": 52.168239899595164, ""rsi_long_max"": 70.28779946983924, ""relvol_min"": 0.8672797500180035, ""body_min"": 0.545921688171711, ""close_loc_min"": 0.8396735651167992, ""wick_min"": 0.4028714201508626, ""eff_min"": 0.3475648837899551, ""chop_max"": 59.64651419709537, ""atr_rank_min"": 0.5729177083183464, ""vwap_dev_max"": 2.3502091310212605, ""pull_idx"": 2, ""sweep_idx"": 2, ""retest_idx"": 13, ""trail_trigger"": 1.9712489558254462, ""trail_lock"": 1.6121202359953102}"
101,210.51950546332415,False,扫单反转+突破回踩,双向,16.0,0.5625,1.4065864632158596,22.0,0.4090909090909091,1.268670287038485,5.009459932924305,3.6778678786495576,6.0,0.6666666666666666,1.2657562376642841,3.7534416770538597,10.0,0.5,1.5193313052384694,3.1828398302640957,"{""family_mask"": 6, ""direction"": 0, ""rr"": 2.2, ""sl_atr"": 1.2598284320953925, ""min_stop_pct"": 0.004447458500105472, ""max_hold"": 576, ""cooldown"": 53, ""session_start"": 0, ""session_end"": 24, ""weekday_mask"": 127, ""htf_mode"": 2, ""adx_min"": 15.279481848660494, ""rsi_long_min"": 52.722482118042066, ""rsi_long_max"": 65.90615725431358, ""relvol_min"": 0.9308148747879182, ""body_min"": 0.4260399653749116, ""close_loc_min"": 0.6886400622826804, ""wick_min"": 0.5048552344707953, ""eff_min"": 0.417771821520466, ""chop_max"": 45.35939247660582, ""atr_rank_min"": 0.5938844310876583, ""vwap_dev_max"": 2.4183289210728236, ""pull_idx"": 1, ""sweep_idx"": 1, ""retest_idx"": 16, ""trail_trigger"": 1.7524619311923801, ""trail_lock"": 1.6357357806853976}"
102,208.69555149499718,False,扫单反转+突破回踩,双向,16.0,0.625,1.1145939234553275,14.0,0.2857142857142857,1.2861855188352778,0.7921082629438954,2.769894168331434,7.0,0.5714285714285714,1.0853731981905994,1.8576696436501805,9.0,0.6666666666666666,1.1382673626248945,5.196982719386003,"{""family_mask"": 6, ""direction"": 0, ""rr"": 2.0, ""sl_atr"": 1.4861253579258935, ""min_stop_pct"": 0.0026041980477739114, ""max_hold"": 216, ""cooldown"": 27, ""session_start"": 0, ""session_end"": 24, ""weekday_mask"": 127, ""htf_mode"": 1, ""adx_min"": 22.457701502101308, ""rsi_long_min"": 46.33180867179016, ""rsi_long_max"": 63.26844459247548, ""relvol_min"": 1.3687552339897233, ""body_min"": 0.26938606440045754, ""close_loc_min"": 0.6398197855355392, ""wick_min"": 0.6324618665239043, ""eff_min"": 0.3291182845975025, ""chop_max"": 63.87876591007225, ""atr_rank_min"": 0.7231346471695451, ""vwap_dev_max"": 2.5594653511211, ""pull_idx"": 4, ""sweep_idx"": 0, ""retest_idx"": 8, ""trail_trigger"": 1.7489689092292802, ""trail_lock"": 1.5539996828504865}"
103,206.72983557344645,False,扫单反转+突破回踩,双向,15.0,0.5333333333333333,1.4884134702123248,13.0,0.3076923076923077,1.5189469704541614,2.5898655124964667,3.73761773497208,6.0,0.5,1.4608905081025299,1.7216236130094684,9.0,0.5555555555555556,1.5048728102756797,4.389995344773595,"{""family_mask"": 6, ""direction"": 0, ""rr"": 2.2, ""sl_atr"": 1.8460020301524334, ""min_stop_pct"": 0.004086572866577379, ""max_hold"": 576, ""cooldown"": 10, ""session_start"": 0, ""session_end"": 24, ""weekday_mask"": 124, ""htf_mode"": 1, ""adx_min"": 22.738644565041774, ""rsi_long_min"": 53.05583959034716, ""rsi_long_max"": 68.49212997272232, ""relvol_min"": 0.9867898955918248, ""body_min"": 0.46608922221002214, ""close_loc_min"": 0.7605905104020185, ""wick_min"": 0.44999178090063446, ""eff_min"": 0.21036251282432877, ""chop_max"": 49.226103802413505, ""atr_rank_min"": 0.6420393120301737, ""vwap_dev_max"": 1.8863530654267575, ""pull_idx"": 8, ""sweep_idx"": 1, ""retest_idx"": 2, ""trail_trigger"": 1.8858291334760058, ""trail_lock"": 1.7938684985500437}"
104,202.96907713349088,False,扫单反转+突破回踩,双向,15.0,0.6,1.2893924382863187,17.0,0.29411764705882354,1.3280048240688218,0.49770606597296774,2.477931001466394,5.0,0.8,1.3220303021563526,5.312580513141177,10.0,0.5,1.2631992338741627,1.630194489703267,"{""family_mask"": 6, ""direction"": 0, ""rr"": 2.0, ""sl_atr"": 1.9845896060965722, ""min_stop_pct"": 0.004204950249491773, ""max_hold"": 288, ""cooldown"": 32, ""session_start"": 0, ""session_end"": 24, ""weekday_mask"": 124, ""htf_mode"": 1, ""adx_min"": 17.423695104487525, ""rsi_long_min"": 49.54588383742632, ""rsi_long_max"": 68.89035369789721, ""relvol_min"": 1.0098960643317674, ""body_min"": 0.36519987287945754, ""close_loc_min"": 0.6049447492628578, ""wick_min"": 0.3958900632941837, ""eff_min"": 0.21673098315407768, ""chop_max"": 52.943917650249944, ""atr_rank_min"": 0.5469070835240395, ""vwap_dev_max"": 1.8518568317655744, ""pull_idx"": 4, ""sweep_idx"": 0, ""retest_idx"": 10, ""trail_trigger"": 1.868687165868329, ""trail_lock"": 1.5068469473887998}"
105,200.78372118374472,False,扫单反转+突破回踩,双向,21.0,0.5714285714285714,1.3426679368841652,22.0,0.4090909090909091,1.334758665991527,7.371331816385641,3.6094002448556086,8.0,0.5,1.3425047632170128,1.6475608705514522,13.0,0.6153846153846154,1.342686377067815,6.906564553460683,"{""family_mask"": 6, ""direction"": 0, ""rr"": 2.0, ""sl_atr"": 1.1376778778792185, ""min_stop_pct"": 0.004948506659905221, ""max_hold"": 432, ""cooldown"": 38, ""session_start"": 0, ""session_end"": 24, ""weekday_mask"": 127, ""htf_mode"": 2, ""adx_min"": 28.27000925761101, ""rsi_long_min"": 45.89282040862124, ""rsi_long_max"": 67.13530467154557, ""relvol_min"": 0.9570763133951463, ""body_min"": 0.2525186265796361, ""close_loc_min"": 0.6566990970229329, ""wick_min"": 0.38462387585167634, ""eff_min"": 0.1615575001703127, ""chop_max"": 62.71903966034454, ""atr_rank_min"": 0.4400490806280759, ""vwap_dev_max"": 2.5556032207029267, ""pull_idx"": 8, ""sweep_idx"": 2, ""retest_idx"": 2, ""trail_trigger"": 1.798004404429303, ""trail_lock"": 1.6341030968987467}"
106,196.10895043278225,False,三结构组合,双向,16.0,0.5625,1.3579446214922872,22.0,0.3181818181818182,1.4366830443008825,0.362389411888294,2.460301448439661,5.0,0.6,1.1016484749215933,1.604556616928652,11.0,0.5454545454545454,1.4860842055963372,4.817034678787423,"{""family_mask"": 7, ""direction"": 0, ""rr"": 3.0, ""sl_atr"": 0.8183528313818403, ""min_stop_pct"": 0.004366223617077192, ""max_hold"": 576, ""cooldown"": 12, ""session_start"": 0, ""session_end"": 24, ""weekday_mask"": 124, ""htf_mode"": 2, ""adx_min"": 18.32598587578824, ""rsi_long_min"": 46.7028528618485, ""rsi_long_max"": 68.71589711360085, ""relvol_min"": 0.9138490214314974, ""body_min"": 0.2511300133237222, ""close_loc_min"": 0.7685398159575103, ""wick_min"": 0.665058921543503, ""eff_min"": 0.27733697586562717, ""chop_max"": 59.78164438960473, ""atr_rank_min"": 0.4248635732622569, ""vwap_dev_max"": 1.9947978644111073, ""pull_idx"": 3, ""sweep_idx"": 0, ""retest_idx"": 16, ""trail_trigger"": 1.870217932762509, ""trail_lock"": 1.5849709547395854}"
107,191.7587953434359,False,三结构组合,双向,23.0,0.5652173913043478,1.350413984965381,32.0,0.4375,1.386277297040879,11.47679879211205,5.1572538882185,6.0,0.5,1.3989694889336772,1.5763726698947644,17.0,0.5882352941176471,1.3389393324709007,8.178661825244598,"{""family_mask"": 7, ""direction"": 0, ""rr"": 2.4, ""sl_atr"": 2.2580133247616985, ""min_stop_pct"": 0.003128353032002674, ""max_hold"": 576, ""cooldown"": 34, ""session_start"": 0, ""session_end"": 24, ""weekday_mask"": 127, ""htf_mode"": 2, ""adx_min"": 25.387679642422825, ""rsi_long_min"": 55.745950698156946, ""rsi_long_max"": 65.75355883379876, ""relvol_min"": 0.7537370692903246, ""body_min"": 0.33653458687654736, ""close_loc_min"": 0.6783617676408589, ""wick_min"": 0.5677922776311182, ""eff_min"": 0.18253790009755028, ""chop_max"": 62.08032438772443, ""atr_rank_min"": 0.38811060999350433, ""vwap_dev_max"": 2.4106174262090607, ""pull_idx"": 7, ""sweep_idx"": 0, ""retest_idx"": 12, ""trail_trigger"": 1.7268433998483548, ""trail_lock"": 1.6473753752188032}"
108,189.93919651010316,False,三结构组合,双向,17.0,0.5882352941176471,1.3073130942252595,29.0,0.41379310344827586,1.2482874173907939,4.9013061928769925,2.4158839052081595,8.0,0.5,1.282861421395505,1.3664094234453392,9.0,0.6666666666666666,1.323468123517434,5.96908775980879,"{""family_mask"": 7, ""direction"": 0, ""rr"": 2.2, ""sl_atr"": 1.07757554323265, ""min_stop_pct"": 0.004821483907145213, ""max_hold"": 432, ""cooldown"": 11, ""session_start"": 0, ""session_end"": 24, ""weekday_mask"": 127, ""htf_mode"": 1, ""adx_min"": 15.573263467796785, ""rsi_long_min"": 43.662525353939145, ""rsi_long_max"": 67.32548342547528, ""relvol_min"": 1.1848388656328184, ""body_min"": 0.4378863637454734, ""close_loc_min"": 0.6517109677388441, ""wick_min"": 0.3546001744329945, ""eff_min"": 0.3200078754350605, ""chop_max"": 52.94436003428003, ""atr_rank_min"": 0.4069354386978645, ""vwap_dev_max"": 1.8583175316022689, ""pull_idx"": 1, ""sweep_idx"": 0, ""retest_idx"": 8, ""trail_trigger"": 1.7777294906029326, ""trail_lock"": 1.6094816299630978}"
109,189.6419104325413,False,扫单反转+突破回踩,双向,20.0,0.55,1.2990421896439317,37.0,0.3783783783783784,1.3517962899663414,1.5107543738457732,3.722619044522438,9.0,0.5555555555555556,1.2211017164011966,2.6114885614147543,11.0,0.5454545454545454,1.363981155649205,3.9501185953133433,"{""family_mask"": 6, ""direction"": 0, ""rr"": 2.0, ""sl_atr"": 0.906800524250961, ""min_stop_pct"": 0.0041715702631807345, ""max_hold"": 288, ""cooldown"": 13, ""session_start"": 0, ""session_end"": 24, ""weekday_mask"": 127, ""htf_mode"": 1, ""adx_min"": 16.245155427442093, ""rsi_long_min"": 55.73892090375825, ""rsi_long_max"": 73.50004307740035, ""relvol_min"": 1.1081265664147684, ""body_min"": 0.35610746121887293, ""close_loc_min"": 0.719207654973399, ""wick_min"": 0.3858960148001591, ""eff_min"": 0.3007029821512366, ""chop_max"": 46.5038656442192, ""atr_rank_min"": 0.3651632483621797, ""vwap_dev_max"": 2.4473270707273196, ""pull_idx"": 1, ""sweep_idx"": 1, ""retest_idx"": 2, ""trail_trigger"": 1.7871823541866185, ""trail_lock"": 1.5916925023066824}"
110,188.3481954349154,False,扫单反转+突破回踩,双向,16.0,0.5625,1.2531767830149538,11.0,0.45454545454545453,1.3489575369880176,6.207546648507252,4.4129447810345415,9.0,0.5555555555555556,1.2705885257991114,2.9072132551402596,7.0,0.5714285714285714,1.2314084826909777,2.3796204973300066,"{""family_mask"": 6, ""direction"": 0, ""rr"": 2.0, ""sl_atr"": 1.0666465938839795, ""min_stop_pct"": 0.004255654444365417, ""max_hold"": 288, ""cooldown"": 13, ""session_start"": 0, ""session_end"": 24, ""weekday_mask"": 127, ""htf_mode"": 2, ""adx_min"": 21.704872314495855, ""rsi_long_min"": 42.52984993595351, ""rsi_long_max"": 65.31436561598245, ""relvol_min"": 1.1559287951558983, ""body_min"": 0.2894854044849472, ""close_loc_min"": 0.8774411857169269, ""wick_min"": 0.3413505115445147, ""eff_min"": 0.3414956897724191, ""chop_max"": 55.15295583797234, ""atr_rank_min"": 0.6886699052665698, ""vwap_dev_max"": 2.3595456417272045, ""pull_idx"": 7, ""sweep_idx"": 2, ""retest_idx"": 13, ""trail_trigger"": 1.8657125512647377, ""trail_lock"": 1.5138937195045596}"
111,183.57515096252206,False,三结构组合,双向,15.0,0.5333333333333333,1.4870983694037228,25.0,0.48,1.5646538804217598,12.253103268916385,2.3800616766351457,6.0,0.5,1.264919919507022,0.945655521128739,9.0,0.5555555555555556,1.620306643493222,4.882113747024294,"{""family_mask"": 7, ""direction"": 0, ""rr"": 2.4, ""sl_atr"": 0.8470074317376532, ""min_stop_pct"": 0.0052753119274327725, ""max_hold"": 216, ""cooldown"": 59, ""session_start"": 0, ""session_end"": 24, ""weekday_mask"": 127, ""htf_mode"": 0, ""adx_min"": 26.01168575159617, ""rsi_long_min"": 42.03189181833192, ""rsi_long_max"": 70.77501275305906, ""relvol_min"": 1.480878130701984, ""body_min"": 0.4765660417869352, ""close_loc_min"": 0.6996280423267922, ""wick_min"": 0.5206413444219806, ""eff_min"": 0.21482689233459248, ""chop_max"": 56.06993620315667, ""atr_rank_min"": 0.573259179232487, ""vwap_dev_max"": 2.9495693006345416, ""pull_idx"": 6, ""sweep_idx"": 2, ""retest_idx"": 13, ""trail_trigger"": 1.8538806693640728, ""trail_lock"": 1.6953935050751279}"
112,179.10911054071283,False,扫单反转+突破回踩,双向,19.0,0.5263157894736842,1.4733620467366164,23.0,0.34782608695652173,1.427519818485709,3.0018306967821413,2.7176307616118827,6.0,0.5,1.5808129908105402,2.366352274962331,13.0,0.5384615384615384,1.4273016902061586,5.422443335449897,"{""family_mask"": 6, ""direction"": 0, ""rr"": 2.8, ""sl_atr"": 0.8327046062379311, ""min_stop_pct"": 0.0027983594199209065, ""max_hold"": 288, ""cooldown"": 51, ""session_start"": 0, ""session_end"": 24, ""weekday_mask"": 127, ""htf_mode"": 1, ""adx_min"": 24.258501955470567, ""rsi_long_min"": 53.42459897191313, ""rsi_long_max"": 67.01877348480832, ""relvol_min"": 0.7618638205914277, ""body_min"": 0.4588038718415161, ""close_loc_min"": 0.672817213852665, ""wick_min"": 0.6425246210241753, ""eff_min"": 0.385847180263719, ""chop_max"": 57.948627871949476, ""atr_rank_min"": 0.6100575342652232, ""vwap_dev_max"": 2.514874274353536, ""pull_idx"": 4, ""sweep_idx"": 1, ""retest_idx"": 15, ""trail_trigger"": 2.1408823597134035, ""trail_lock"": 1.919022943191679}"
113,177.6855613386437,False,三结构组合,双向,18.0,0.5555555555555556,1.3924657094660686,21.0,0.38095238095238093,1.3365500640828953,4.478105766138276,3.6458867997300297,8.0,0.5,1.3734966874175727,1.8154842538328706,10.0,0.6,1.4050023980520003,5.385734430274507,"{""family_mask"": 7, ""direction"": 0, ""rr"": 2.0, ""sl_atr"": 2.1642883620258653, ""min_stop_pct"": 0.004653008572950666, ""max_hold"": 288, ""cooldown"": 6, ""session_start"": 0, ""session_end"": 24, ""weekday_mask"": 127, ""htf_mode"": 1, ""adx_min"": 19.737851767891193, ""rsi_long_min"": 51.89459223252722, ""rsi_long_max"": 67.68808068961147, ""relvol_min"": 1.023565065921318, ""body_min"": 0.5196436833700437, ""close_loc_min"": 0.5874279517380006, ""wick_min"": 0.6005934142668523, ""eff_min"": 0.351041544857708, ""chop_max"": 50.36833308230316, ""atr_rank_min"": 0.3336347268394966, ""vwap_dev_max"": 2.7873102297271326, ""pull_idx"": 1, ""sweep_idx"": 0, ""retest_idx"": 13, ""trail_trigger"": 1.757968327408701, ""trail_lock"": 1.5398079909977918}"
114,176.99508750940487,False,扫单反转+突破回踩,双向,16.0,0.5625,1.3830698254760365,9.0,0.2222222222222222,1.1733549812345156,0.9745252826914259,2.389306090895677,6.0,0.5,1.5012675570755383,1.7959479333032962,10.0,0.6,1.3239574889391634,4.710358435563247,"{""family_mask"": 6, ""direction"": 0, ""rr"": 2.2, ""sl_atr"": 1.8919970219721813, ""min_stop_pct"": 0.005164684805726917, ""max_hold"": 432, ""cooldown"": 37, ""session_start"": 0, ""session_end"": 24, ""weekday_mask"": 124, ""htf_mode"": 2, ""adx_min"": 29.626687880369758, ""rsi_long_min"": 42.79625965931844, ""rsi_long_max"": 70.9759570436603, ""relvol_min"": 0.8731739289375331, ""body_min"": 0.5741674010476503, ""close_loc_min"": 0.8140637034432753, ""wick_min"": 0.357956457390349, ""eff_min"": 0.1662239576637361, ""chop_max"": 57.402843490666264, ""atr_rank_min"": 0.26894016345016725, ""vwap_dev_max"": 2.5606797618397783, ""pull_idx"": 8, ""sweep_idx"": 2, ""retest_idx"": 12, ""trail_trigger"": 1.7014486527077848, ""trail_lock"": 1.5618401285122305}"
115,175.0576459395691,False,三结构组合,双向,19.0,0.5263157894736842,1.476661177453282,20.0,0.5,1.39595370732569,11.046135429520806,3.4080069496648067,6.0,0.5,1.6420331806752173,2.1867007925912514,13.0,0.5384615384615384,1.405787638081959,4.361516559463021,"{""family_mask"": 7, ""direction"": 0, ""rr"": 2.0, ""sl_atr"": 2.3681401116855145, ""min_stop_pct"": 0.007400106518094064, ""max_hold"": 432, ""cooldown"": 50, ""session_start"": 0, ""session_end"": 24, ""weekday_mask"": 127, ""htf_mode"": 2, ""adx_min"": 16.651533734168552, ""rsi_long_min"": 55.63637689373401, ""rsi_long_max"": 65.53680614406548, ""relvol_min"": 1.0387755153121643, ""body_min"": 0.5464111039881183, ""close_loc_min"": 0.7817465441542244, ""wick_min"": 0.4981659836497645, ""eff_min"": 0.2133284095030742, ""chop_max"": 45.4911604315412, ""atr_rank_min"": 0.6586361749144413, ""vwap_dev_max"": 2.578932475179551, ""pull_idx"": 6, ""sweep_idx"": 0, ""retest_idx"": 6, ""trail_trigger"": 1.7372044907826372, ""trail_lock"": 1.5298410593545066}"
116,170.08119294603324,False,三结构组合,双向,17.0,0.5294117647058824,1.4679418665879758,16.0,0.3125,1.3875238734701507,1.4401433380582627,2.467441084552262,6.0,0.5,1.4676324576111508,1.7297615416637084,11.0,0.5454545454545454,1.4680586407547835,4.69760702608006,"{""family_mask"": 7, ""direction"": 0, ""rr"": 2.2, ""sl_atr"": 1.3058034664588365, ""min_stop_pct"": 0.0042995164877715035, ""max_hold"": 216, ""cooldown"": 56, ""session_start"": 0, ""session_end"": 24, ""weekday_mask"": 124, ""htf_mode"": 2, ""adx_min"": 15.59668293985833, ""rsi_long_min"": 54.847805859817285, ""rsi_long_max"": 71.74089547752816, ""relvol_min"": 0.896776117533629, ""body_min"": 0.5805507349418241, ""close_loc_min"": 0.640726912319586, ""wick_min"": 0.53260163865646, ""eff_min"": 0.25561224109024133, ""chop_max"": 53.254552101430185, ""atr_rank_min"": 0.19121165662425793, ""vwap_dev_max"": 2.253679875974923, ""pull_idx"": 4, ""sweep_idx"": 2, ""retest_idx"": 14, ""trail_trigger"": 1.9455050754564387, ""trail_lock"": 1.72907617874408}"
117,167.96455895763364,False,流动性扫单反转,双向,20.0,0.55,1.398148866129749,13.0,0.38461538461538464,1.2218661971651723,5.990631498185244,2.6572601042196027,8.0,0.5,1.262493618941062,1.3944200059144363,12.0,0.5833333333333334,1.4756376205117483,7.078592692406073,"{""family_mask"": 2, ""direction"": 0, ""rr"": 2.4, ""sl_atr"": 1.1992922806551523, ""min_stop_pct"": 0.0030558729053432538, ""max_hold"": 576, ""cooldown"": 15, ""session_start"": 0, ""session_end"": 24, ""weekday_mask"": 124, ""htf_mode"": 0, ""adx_min"": 25.32927050331855, ""rsi_long_min"": 52.09724866956034, ""rsi_long_max"": 68.7443310905624, ""relvol_min"": 0.7763202453370015, ""body_min"": 0.49614351396666756, ""close_loc_min"": 0.5816559397630181, ""wick_min"": 0.33177070981670864, ""eff_min"": 0.38503643126250675, ""chop_max"": 65.68849604862447, ""atr_rank_min"": 0.3922610217856035, ""vwap_dev_max"": 2.021893517190863, ""pull_idx"": 4, ""sweep_idx"": 0, ""retest_idx"": 13, ""trail_trigger"": 1.9596898141941679, ""trail_lock"": 1.6106191393614815}"
118,167.96271768432007,False,流动性扫单反转,双向,15.0,0.6,1.563212416690091,9.0,0.4444444444444444,1.8350663902587045,13.523468467474883,3.9831815694074733,5.0,0.4,1.7112736935922217,0.5610276549447866,10.0,0.7,1.5334584229266084,10.025100797442505,"{""family_mask"": 2, ""direction"": 0, ""rr"": 2.6, ""sl_atr"": 2.0323183735011185, ""min_stop_pct"": 0.0030573167034191324, ""max_hold"": 288, ""cooldown"": 27, ""session_start"": 0, ""session_end"": 24, ""weekday_mask"": 124, ""htf_mode"": 0, ""adx_min"": 17.721435139949477, ""rsi_long_min"": 44.36390438397012, ""rsi_long_max"": 67.49943931093395, ""relvol_min"": 0.7934963686393233, ""body_min"": 0.4800409312150051, ""close_loc_min"": 0.7791061448873365, ""wick_min"": 0.307349658475454, ""eff_min"": 0.39659876238021985, ""chop_max"": 58.79950798606531, ""atr_rank_min"": 0.6875260131599387, ""vwap_dev_max"": 1.8963720624317224, ""pull_idx"": 7, ""sweep_idx"": 0, ""retest_idx"": 2, ""trail_trigger"": 2.2132884151376073, ""trail_lock"": 1.5556955326185025}"
119,167.28618497270958,False,扫单反转+突破回踩,双向,17.0,0.5294117647058824,1.4678008189350231,12.0,0.25,1.2502655478181088,0.04236648277673738,3.6055524271962973,6.0,0.5,1.467488483719228,1.6850235572529788,11.0,0.5454545454545454,1.4679441841290821,4.575442041373413,"{""family_mask"": 6, ""direction"": 0, ""rr"": 2.6, ""sl_atr"": 2.0067752562196404, ""min_stop_pct"": 0.004979926531511163, ""max_hold"": 432, ""cooldown"": 53, ""session_start"": 0, ""session_end"": 24, ""weekday_mask"": 124, ""htf_mode"": 1, ""adx_min"": 23.924786868122112, ""rsi_long_min"": 53.517747868651966, ""rsi_long_max"": 71.38136447860265, ""relvol_min"": 0.8992768196765142, ""body_min"": 0.5461806520944159, ""close_loc_min"": 0.8414037174309489, ""wick_min"": 0.3974266182000245, ""eff_min"": 0.25914225337225993, ""chop_max"": 50.56920578100069, ""atr_rank_min"": 0.6324023046717787, ""vwap_dev_max"": 2.254043306555074, ""pull_idx"": 5, ""sweep_idx"": 0, ""retest_idx"": 14, ""trail_trigger"": 1.8945205847022013, ""trail_lock"": 1.6468447606992378}"
120,164.6812235782183,False,三结构组合,双向,17.0,0.5294117647058824,1.466822782339821,27.0,0.48148148148148145,1.2889248888283176,9.88449217487141,5.0097433252919945,6.0,0.5,1.4664137364347167,1.7518297083546763,11.0,0.5454545454545454,1.4669901812430919,4.761899144495718,"{""family_mask"": 7, ""direction"": 0, ""rr"": 2.8, ""sl_atr"": 1.2795904823173498, ""min_stop_pct"": 0.003975662914758119, ""max_hold"": 576, ""cooldown"": 16, ""session_start"": 0, ""session_end"": 24, ""weekday_mask"": 127, ""htf_mode"": 2, ""adx_min"": 19.51255981296942, ""rsi_long_min"": 51.38365809902556, ""rsi_long_max"": 72.0472562372243, ""relvol_min"": 1.357555580323042, ""body_min"": 0.256996164488165, ""close_loc_min"": 0.6253635583673278, ""wick_min"": 0.539584567657599, ""eff_min"": 0.28040849587271255, ""chop_max"": 56.3008516143709, ""atr_rank_min"": 0.6819025702045327, ""vwap_dev_max"": 1.8833609659039934, ""pull_idx"": 3, ""sweep_idx"": 2, ""retest_idx"": 13, ""trail_trigger"": 1.7995168558337415, ""trail_lock"": 1.7328178054559231}"
121,147.03840738230792,False,扫单反转+突破回踩,双向,16.0,0.5625,1.6980640628971972,12.0,0.3333333333333333,1.8190040588519387,9.359839013185498,2.7852882973388073,7.0,0.42857142857142855,1.7476015924966297,1.5377205312298052,9.0,0.6666666666666666,1.6751740469332104,8.696159458351321,"{""family_mask"": 6, ""direction"": 0, ""rr"": 2.4, ""sl_atr"": 1.9546450658501504, ""min_stop_pct"": 0.00422455925390987, ""max_hold"": 576, ""cooldown"": 42, ""session_start"": 4, ""session_end"": 16, ""weekday_mask"": 127, ""htf_mode"": 1, ""adx_min"": 22.55871886361627, ""rsi_long_min"": 42.485099287407984, ""rsi_long_max"": 72.16863521142788, ""relvol_min"": 0.9870316337280576, ""body_min"": 0.3918137434393747, ""close_loc_min"": 0.8443052666891142, ""wick_min"": 0.3181953814212006, ""eff_min"": 0.2882771758351327, ""chop_max"": 58.83608647902837, ""atr_rank_min"": 0.6003037647228967, ""vwap_dev_max"": 2.990771608651151, ""pull_idx"": 2, ""sweep_idx"": 0, ""retest_idx"": 12, ""trail_trigger"": 2.238165756249254, ""trail_lock"": 1.8155865471082073}"
122,146.30498123380931,False,扫单反转+突破回踩,双向,15.0,0.5333333333333333,1.4585073794262597,26.0,0.34615384615384615,1.3756989555112389,0.058408747810870576,3.2815323851553626,8.0,0.5,1.3756055408769965,1.8794289179810941,7.0,0.5714285714285714,1.541322577942715,3.9607431421113883,"{""family_mask"": 6, ""direction"": 0, ""rr"": 2.8, ""sl_atr"": 0.9624448239489946, ""min_stop_pct"": 0.003987030308643318, ""max_hold"": 432, ""cooldown"": 51, ""session_start"": 0, ""session_end"": 24, ""weekday_mask"": 127, ""htf_mode"": 1, ""adx_min"": 22.18175534747612, ""rsi_long_min"": 49.934870175287, ""rsi_long_max"": 73.14230706574934, ""relvol_min"": 1.2393398065581107, ""body_min"": 0.41460753777985904, ""close_loc_min"": 0.683964034862787, ""wick_min"": 0.2784187805389855, ""eff_min"": 0.40842289294766426, ""chop_max"": 65.55181304831709, ""atr_rank_min"": 0.466230858710425, ""vwap_dev_max"": 1.223238201958384, ""pull_idx"": 5, ""sweep_idx"": 0, ""retest_idx"": 5, ""trail_trigger"": 2.083517099072513, ""trail_lock"": 1.9727151865606505}"
123,141.79721269647888,False,三结构组合,双向,19.0,0.5789473684210527,1.2996471919683847,24.0,0.375,1.3731572090211113,4.441889293138432,3.628942944297491,8.0,0.5,1.2809800723862335,1.3589257051786543,11.0,0.6363636363636364,1.3102434455133616,6.254607020550386,"{""family_mask"": 7, ""direction"": 0, ""rr"": 2.0, ""sl_atr"": 1.3941961126080138, ""min_stop_pct"": 0.004794371751575077, ""max_hold"": 288, ""cooldown"": 14, ""session_start"": 0, ""session_end"": 24, ""weekday_mask"": 124, ""htf_mode"": 1, ""adx_min"": 18.165707324591757, ""rsi_long_min"": 53.321181989679985, ""rsi_long_max"": 73.69283577898365, ""relvol_min"": 0.9014263453118366, ""body_min"": 0.2691166510157057, ""close_loc_min"": 0.8254287514867751, ""wick_min"": 0.36837677580380535, ""eff_min"": 0.31010039489581576, ""chop_max"": 58.37641254201459, ""atr_rank_min"": 0.5230534607237474, ""vwap_dev_max"": 2.7208873668542335, ""pull_idx"": 6, ""sweep_idx"": 1, ""retest_idx"": 6, ""trail_trigger"": 1.7232736217587554, ""trail_lock"": 1.5165937860727485}"
124,139.31918485535647,False,扫单反转+突破回踩,双向,16.0,0.5625,1.359833595950785,14.0,0.35714285714285715,1.4445167439762723,4.7403630110380215,4.014741075473859,6.0,0.5,1.404539355399018,1.6236490452100656,10.0,0.6,1.3374209482843544,5.386117839439553,"{""family_mask"": 6, ""direction"": 0, ""rr"": 2.4, ""sl_atr"": 1.494042153666007, ""min_stop_pct"": 0.0029656993996054716, ""max_hold"": 288, ""cooldown"": 20, ""session_start"": 6, ""session_end"": 12, ""weekday_mask"": 127, ""htf_mode"": 0, ""adx_min"": 22.32775738477569, ""rsi_long_min"": 48.7612099516095, ""rsi_long_max"": 72.87862602515827, ""relvol_min"": 0.8320813760583053, ""body_min"": 0.2766702441849209, ""close_loc_min"": 0.6448974612168772, ""wick_min"": 0.33392433841626895, ""eff_min"": 0.231332217966392, ""chop_max"": 48.91606319238353, ""atr_rank_min"": 0.6121309434848984, ""vwap_dev_max"": 2.760610324326473, ""pull_idx"": 2, ""sweep_idx"": 1, ""retest_idx"": 17, ""trail_trigger"": 1.9050791391494557, ""trail_lock"": 1.854616203998918}"
125,135.82989481020184,False,三结构组合,双向,15.0,0.6,1.4953933867562998,27.0,0.37037037037037035,1.5724410136641433,7.4942530478574,2.425467173558638,5.0,0.4,1.5719354737435816,0.17437319118645922,10.0,0.7,1.4733643454035446,8.866872213657794,"{""family_mask"": 7, ""direction"": 0, ""rr"": 2.4, ""sl_atr"": 0.8214044531592872, ""min_stop_pct"": 0.004724678982341492, ""max_hold"": 432, ""cooldown"": 7, ""session_start"": 0, ""session_end"": 24, ""weekday_mask"": 127, ""htf_mode"": 1, ""adx_min"": 25.530157756607487, ""rsi_long_min"": 50.75651180054618, ""rsi_long_max"": 73.79449250247929, ""relvol_min"": 1.112371998003843, ""body_min"": 0.41818844197259697, ""close_loc_min"": 0.6484936522807421, ""wick_min"": 0.6232843473233991, ""eff_min"": 0.3141791557885575, ""chop_max"": 63.473114055618744, ""atr_rank_min"": 0.12241706660748349, ""vwap_dev_max"": 2.0690209524682546, ""pull_idx"": 1, ""sweep_idx"": 0, ""retest_idx"": 5, ""trail_trigger"": 1.9764945246553776, ""trail_lock"": 1.8368757267832128}"
126,129.8272185799425,False,三结构组合,双向,16.0,0.5625,1.3549493968377992,13.0,0.3076923076923077,1.3635224594182207,2.036736289983688,3.7078752942384208,6.0,0.6666666666666666,1.362628035234832,4.264499150646399,10.0,0.5,1.3487572090108721,2.1548808232947305,"{""family_mask"": 7, ""direction"": 0, ""rr"": 2.2, ""sl_atr"": 0.8306344423116793, ""min_stop_pct"": 0.004258635250130684, ""max_hold"": 288, ""cooldown"": 30, ""session_start"": 0, ""session_end"": 24, ""weekday_mask"": 124, ""htf_mode"": 1, ""adx_min"": 32.739257836030944, ""rsi_long_min"": 54.659151599174876, ""rsi_long_max"": 69.09731240753366, ""relvol_min"": 0.8442578676700643, ""body_min"": 0.48172768006226324, ""close_loc_min"": 0.8244195034313923, ""wick_min"": 0.3512176041071038, ""eff_min"": 0.2767557057022813, ""chop_max"": 53.162958059542845, ""atr_rank_min"": 0.31976379277759964, ""vwap_dev_max"": 2.366269362881211, ""pull_idx"": 5, ""sweep_idx"": 2, ""retest_idx"": 7, ""trail_trigger"": 1.8952291188820698, ""trail_lock"": 1.8265093498986742}"
127,124.8151769516157,False,扫单反转+突破回踩,双向,16.0,0.625,1.371507450318874,10.0,0.2,1.0709309577415045,3.2132999917928897,5.529347412037501,7.0,0.42857142857142855,1.883209696800332,2.28034308545763,9.0,0.7777777777777778,1.1684826584469787,8.272221192665375,"{""family_mask"": 6, ""direction"": 0, ""rr"": 3.0, ""sl_atr"": 1.7540442368919276, ""min_stop_pct"": 0.0025297868855233565, ""max_hold"": 432, ""cooldown"": 58, ""session_start"": 0, ""session_end"": 24, ""weekday_mask"": 124, ""htf_mode"": 2, ""adx_min"": 18.391356994475178, ""rsi_long_min"": 51.19698332471422, ""rsi_long_max"": 68.94555708681408, ""relvol_min"": 1.2707579719396258, ""body_min"": 0.4794683495343311, ""close_loc_min"": 0.5937141565784642, ""wick_min"": 0.6369222144874468, ""eff_min"": 0.30619421929914503, ""chop_max"": 48.076742914294705, ""atr_rank_min"": 0.6515016785606582, ""vwap_dev_max"": 2.6101285733898667, ""pull_idx"": 6, ""sweep_idx"": 0, ""retest_idx"": 1, ""trail_trigger"": 2.023963822634493, ""trail_lock"": 1.5148956278284644}"
128,111.275176020765,False,三结构组合,双向,16.0,0.5625,1.682029348491568,21.0,0.23809523809523808,1.5921907668929671,0.2763321235436267,3.2000449081376376,7.0,0.42857142857142855,1.3941271463073648,0.22392124349724396,9.0,0.6666666666666666,1.8257078743395316,9.769509071224384,"{""family_mask"": 7, ""direction"": 0, ""rr"": 3.0, ""sl_atr"": 1.3620844065793136, ""min_stop_pct"": 0.004396539972681334, ""max_hold"": 216, ""cooldown"": 30, ""session_start"": 0, ""session_end"": 24, ""weekday_mask"": 127, ""htf_mode"": 1, ""adx_min"": 30.964308386290607, ""rsi_long_min"": 43.537799452451885, ""rsi_long_max"": 73.21424089607817, ""relvol_min"": 1.5231044180847837, ""body_min"": 0.2528893081649822, ""close_loc_min"": 0.6752066904155927, ""wick_min"": 0.4980080908375035, ""eff_min"": 0.19676515424042695, ""chop_max"": 59.80130496254215, ""atr_rank_min"": 0.20355567179682735, ""vwap_dev_max"": 2.9924014001849244, ""pull_idx"": 7, ""sweep_idx"": 0, ""retest_idx"": 12, ""trail_trigger"": 2.0866766334812183, ""trail_lock"": 1.9399931689134169}"
129,109.6364468325628,False,扫单反转+突破回踩,双向,18.0,0.6111111111111112,1.3275216399603451,24.0,0.2916666666666667,1.533412891364731,2.4017486430430894,4.033141039896151,9.0,0.4444444444444444,1.2636850757265266,0.07362094665288366,9.0,0.7777777777777778,1.451477892085203,9.852654162479418,"{""family_mask"": 6, ""direction"": 0, ""rr"": 2.4, ""sl_atr"": 2.263185910495541, ""min_stop_pct"": 0.002628312035111417, ""max_hold"": 216, ""cooldown"": 55, ""session_start"": 0, ""session_end"": 24, ""weekday_mask"": 127, ""htf_mode"": 1, ""adx_min"": 25.48269496675217, ""rsi_long_min"": 42.70520692728006, ""rsi_long_max"": 72.57293534788016, ""relvol_min"": 1.3069921386156678, ""body_min"": 0.3741834041097823, ""close_loc_min"": 0.8220525218266914, ""wick_min"": 0.4017737058411877, ""eff_min"": 0.22019255238797658, ""chop_max"": 63.17402140683082, ""atr_rank_min"": 0.47964549616528485, ""vwap_dev_max"": 2.219321514400661, ""pull_idx"": 4, ""sweep_idx"": 0, ""retest_idx"": 14, ""trail_trigger"": 1.882752565607084, ""trail_lock"": 1.7152940363571503}"
130,106.00887159726591,False,扫单反转+突破回踩,双向,18.0,0.5,1.6099576380650824,23.0,0.391304347826087,1.452844017309417,5.6837819883499225,3.6483007730763015,8.0,0.5,1.539111052443942,2.6821927389563127,10.0,0.5,1.6674020811097872,4.095153688309996,"{""family_mask"": 6, ""direction"": 0, ""rr"": 2.8, ""sl_atr"": 2.323990528784271, ""min_stop_pct"": 0.0041118263774708825, ""max_hold"": 432, ""cooldown"": 18, ""session_start"": 0, ""session_end"": 24, ""weekday_mask"": 127, ""htf_mode"": 0, ""adx_min"": 24.962409573652693, ""rsi_long_min"": 52.08367317041734, ""rsi_long_max"": 73.92441187625901, ""relvol_min"": 1.4666298172662888, ""body_min"": 0.5379667804193383, ""close_loc_min"": 0.7679294189838489, ""wick_min"": 0.4900310921093009, ""eff_min"": 0.18484703751775555, ""chop_max"": 52.02445915400352, ""atr_rank_min"": 0.16184302688719288, ""vwap_dev_max"": 2.7556981480758553, ""pull_idx"": 1, ""sweep_idx"": 1, ""retest_idx"": 13, ""trail_trigger"": 1.977882330609272, ""trail_lock"": 1.5170622742430695}"
131,102.83974124748886,False,扫单反转+突破回踩,双向,18.0,0.6111111111111112,1.4319850822744504,21.0,0.42857142857142855,1.3863276876685704,10.484509770683728,2.2722391572452088,5.0,0.4,1.6492689980664805,0.33912006237510517,13.0,0.6923076923076923,1.3835518878591104,9.604596506842533,"{""family_mask"": 6, ""direction"": 0, ""rr"": 2.4, ""sl_atr"": 1.7000726208348529, ""min_stop_pct"": 0.007365524806564692, ""max_hold"": 288, ""cooldown"": 56, ""session_start"": 0, ""session_end"": 24, ""weekday_mask"": 127, ""htf_mode"": 1, ""adx_min"": 24.163851002681056, ""rsi_long_min"": 42.0269409325807, ""rsi_long_max"": 63.73016525103265, ""relvol_min"": 0.7839559611181381, ""body_min"": 0.3449477250478843, ""close_loc_min"": 0.6186425388103683, ""wick_min"": 0.6565912991457576, ""eff_min"": 0.2208235430737891, ""chop_max"": 54.56550898399021, ""atr_rank_min"": 0.13532922229298583, ""vwap_dev_max"": 2.673690103102599, ""pull_idx"": 8, ""sweep_idx"": 1, ""retest_idx"": 7, ""trail_trigger"": 1.7455485946004794, ""trail_lock"": 1.621142798896661}"
132,102.63498558999714,False,扫单反转+突破回踩,双向,23.0,0.5217391304347826,1.4350249120282466,27.0,0.37037037037037035,1.3812048599193338,4.1127444683286924,3.9568487439823787,8.0,0.5,1.345213766249697,1.8211618034012627,15.0,0.5333333333333333,1.4815277096735202,6.307945342919738,"{""family_mask"": 6, ""direction"": 0, ""rr"": 3.0, ""sl_atr"": 1.6794523022932597, ""min_stop_pct"": 0.0031413986222616347, ""max_hold"": 288, ""cooldown"": 31, ""session_start"": 0, ""session_end"": 24, ""weekday_mask"": 127, ""htf_mode"": 2, ""adx_min"": 18.806904182875556, ""rsi_long_min"": 48.88575254109269, ""rsi_long_max"": 70.2193795995645, ""relvol_min"": 0.7525641258149598, ""body_min"": 0.43971994695963657, ""close_loc_min"": 0.739345343276186, ""wick_min"": 0.6143728123963895, ""eff_min"": 0.39108525765459035, ""chop_max"": 64.03673137522644, ""atr_rank_min"": 0.5439287370451308, ""vwap_dev_max"": 2.954376768389032, ""pull_idx"": 5, ""sweep_idx"": 0, ""retest_idx"": 14, ""trail_trigger"": 2.0293897330436397, ""trail_lock"": 1.7914236099339305}"
133,102.59441317161605,False,三结构组合,双向,18.0,0.5,1.6085409277577358,18.0,0.4444444444444444,1.733547518689087,11.715339682373482,3.942775556141158,8.0,0.5,1.7386780219961273,3.883006490956194,10.0,0.5,1.5010390505568167,3.1883762986808666,"{""family_mask"": 7, ""direction"": 0, ""rr"": 2.6, ""sl_atr"": 1.983482449159179, ""min_stop_pct"": 0.0031882666796466583, ""max_hold"": 216, ""cooldown"": 54, ""session_start"": 0, ""session_end"": 24, ""weekday_mask"": 127, ""htf_mode"": 1, ""adx_min"": 21.954154794352505, ""rsi_long_min"": 44.925225694900405, ""rsi_long_max"": 65.31812940140078, ""relvol_min"": 1.293337898587205, ""body_min"": 0.4903710406823502, ""close_loc_min"": 0.6318176780377698, ""wick_min"": 0.5442477615964224, ""eff_min"": 0.2591286976665302, ""chop_max"": 47.77005610417002, ""atr_rank_min"": 0.11681505527012923, ""vwap_dev_max"": 2.857027041216345, ""pull_idx"": 2, ""sweep_idx"": 0, ""retest_idx"": 13, ""trail_trigger"": 2.4442142967083282, ""trail_lock"": 1.6398307768689104}"
134,102.38274921197188,False,三结构组合,双向,17.0,0.5294117647058824,1.4327009043744716,18.0,0.3333333333333333,1.2300521823364472,0.6623969050000345,4.053641892055957,8.0,0.5,1.467343375952345,2.5257153020467724,9.0,0.5555555555555556,1.4055391460792297,4.071271640235593,"{""family_mask"": 7, ""direction"": 0, ""rr"": 2.8, ""sl_atr"": 1.518306751433128, ""min_stop_pct"": 0.0028531674371844095, ""max_hold"": 432, ""cooldown"": 39, ""session_start"": 0, ""session_end"": 24, ""weekday_mask"": 127, ""htf_mode"": 2, ""adx_min"": 16.97849631570943, ""rsi_long_min"": 53.365497962126014, ""rsi_long_max"": 67.93119952808621, ""relvol_min"": 1.3575982961840298, ""body_min"": 0.5445804423890562, ""close_loc_min"": 0.6622282388512089, ""wick_min"": 0.579148401533051, ""eff_min"": 0.35506615195846875, ""chop_max"": 64.8900649933547, ""atr_rank_min"": 0.4165100807434188, ""vwap_dev_max"": 2.5313051078571, ""pull_idx"": 3, ""sweep_idx"": 0, ""retest_idx"": 4, ""trail_trigger"": 2.007017958803486, ""trail_lock"": 1.8687022981976642}"
135,101.70361435636181,False,三结构组合,双向,16.0,0.5625,1.3419329632906616,19.0,0.21052631578947367,1.3943674893269287,-5.2514906911033,2.4414464475471114,6.0,0.5,1.2856660927457164,1.046013361912298,10.0,0.6,1.3699838825205153,5.1525572290578445,"{""family_mask"": 7, ""direction"": 0, ""rr"": 2.2, ""sl_atr"": 1.215623081255258, ""min_stop_pct"": 0.00454178961299142, ""max_hold"": 432, ""cooldown"": 15, ""session_start"": 0, ""session_end"": 24, ""weekday_mask"": 124, ""htf_mode"": 2, ""adx_min"": 15.762113246298801, ""rsi_long_min"": 46.13200551996948, ""rsi_long_max"": 73.67874779361128, ""relvol_min"": 0.777659246060985, ""body_min"": 0.3376683934181607, ""close_loc_min"": 0.6166638734633414, ""wick_min"": 0.5103720690763374, ""eff_min"": 0.4052293029917682, ""chop_max"": 49.47517594998734, ""atr_rank_min"": 0.5794244529392547, ""vwap_dev_max"": 2.5206502346427997, ""pull_idx"": 7, ""sweep_idx"": 1, ""retest_idx"": 4, ""trail_trigger"": 1.9532118356319728, ""trail_lock"": 1.58516025263247}"
136,100.58349776878589,False,扫单反转+突破回踩,双向,17.0,0.5294117647058824,1.4313851832723272,28.0,0.39285714285714285,1.4004312411318967,4.056948689811136,2.439105121447059,8.0,0.5,1.4498237044584432,2.193335564066055,9.0,0.5555555555555556,1.41660389053724,3.759084761467319,"{""family_mask"": 6, ""direction"": 0, ""rr"": 2.6, ""sl_atr"": 2.1500948137085274, ""min_stop_pct"": 0.004577593369610071, ""max_hold"": 288, ""cooldown"": 15, ""session_start"": 0, ""session_end"": 24, ""weekday_mask"": 127, ""htf_mode"": 1, ""adx_min"": 19.677338930959372, ""rsi_long_min"": 46.217666497249866, ""rsi_long_max"": 67.52867544479264, ""relvol_min"": 1.2447349802044054, ""body_min"": 0.3810393084867722, ""close_loc_min"": 0.688137524514096, ""wick_min"": 0.43090112283118087, ""eff_min"": 0.29853302055898595, ""chop_max"": 64.8561255971384, ""atr_rank_min"": 0.45048548155141743, ""vwap_dev_max"": 2.3002585770496093, ""pull_idx"": 5, ""sweep_idx"": 2, ""retest_idx"": 7, ""trail_trigger"": 1.9661078436587887, ""trail_lock"": 1.781629813627557}"
137,100.3869111577867,False,扫单反转+突破回踩,双向,16.0,0.5625,1.6234456470975698,27.0,0.2962962962962963,1.4388291434236216,0.6797496446014426,3.945115399456798,7.0,0.42857142857142855,1.4063842179241457,0.2881756977127332,9.0,0.6666666666666666,1.7366693153604278,9.690909668813458,"{""family_mask"": 6, ""direction"": 0, ""rr"": 3.0, ""sl_atr"": 1.7105042394064474, ""min_stop_pct"": 0.003180377590188954, ""max_hold"": 432, ""cooldown"": 13, ""session_start"": 0, ""session_end"": 24, ""weekday_mask"": 62, ""htf_mode"": 2, ""adx_min"": 15.544627582923287, ""rsi_long_min"": 49.449395897138764, ""rsi_long_max"": 73.13212315455253, ""relvol_min"": 1.1488592055184728, ""body_min"": 0.38017778734966723, ""close_loc_min"": 0.644118084670207, ""wick_min"": 0.4974292106949443, ""eff_min"": 0.31494739035387675, ""chop_max"": 58.937148488157774, ""atr_rank_min"": 0.16148918527400266, ""vwap_dev_max"": 2.865769690071849, ""pull_idx"": 3, ""sweep_idx"": 0, ""retest_idx"": 1, ""trail_trigger"": 2.126654703533851, ""trail_lock"": 1.7469260456957514}"
138,96.71774688483521,False,扫单反转+突破回踩,双向,17.0,0.5294117647058824,1.4296124246197217,18.0,0.2777777777777778,1.5461190940958929,-0.06733394561336814,3.94569401045461,8.0,0.5,1.4554234768351277,2.3962569685296806,9.0,0.5555555555555556,1.4102748387109751,3.9712054633585825,"{""family_mask"": 6, ""direction"": 0, ""rr"": 2.4, ""sl_atr"": 1.9324898108206336, ""min_stop_pct"": 0.0031784454982440864, ""max_hold"": 216, ""cooldown"": 54, ""session_start"": 0, ""session_end"": 24, ""weekday_mask"": 124, ""htf_mode"": 2, ""adx_min"": 22.872462486051923, ""rsi_long_min"": 44.26571694218616, ""rsi_long_max"": 66.62701190348488, ""relvol_min"": 1.1810653596703824, ""body_min"": 0.5141658223617078, ""close_loc_min"": 0.6533903269319856, ""wick_min"": 0.29697685852434175, ""eff_min"": 0.23105142735549028, ""chop_max"": 64.50536952764753, ""atr_rank_min"": 0.43757990652875145, ""vwap_dev_max"": 2.285698480690333, ""pull_idx"": 1, ""sweep_idx"": 2, ""retest_idx"": 8, ""trail_trigger"": 2.1064001152779195, ""trail_lock"": 1.7215031965240954}"
139,96.38904434528109,False,三结构组合,双向,16.0,0.5,1.689349179147684,18.0,0.4444444444444444,1.3305928004751455,7.733616922069093,3.4053490308515633,6.0,0.5,1.4376209278164573,1.6553490875621044,10.0,0.5,1.8403254738504013,5.299833629470858,"{""family_mask"": 7, ""direction"": 0, ""rr"": 2.8, ""sl_atr"": 1.9107830141693907, ""min_stop_pct"": 0.003840351836268875, ""max_hold"": 216, ""cooldown"": 55, ""session_start"": 0, ""session_end"": 24, ""weekday_mask"": 127, ""htf_mode"": 2, ""adx_min"": 25.649922932754237, ""rsi_long_min"": 42.38250847856538, ""rsi_long_max"": 68.49642320680799, ""relvol_min"": 1.5528982023515434, ""body_min"": 0.510357345901161, ""close_loc_min"": 0.6939746536736022, ""wick_min"": 0.5323471757354429, ""eff_min"": 0.17968685991536906, ""chop_max"": 51.332600538484904, ""atr_rank_min"": 0.2767076550888239, ""vwap_dev_max"": 2.9388412334725675, ""pull_idx"": 2, ""sweep_idx"": 0, ""retest_idx"": 15, ""trail_trigger"": 1.9765478975706237, ""trail_lock"": 1.7112303823543318}"
140,93.9282791714158,False,三结构组合,双向,16.0,0.5625,1.3375613954641692,16.0,0.25,1.3154810128263554,-1.7107391409822499,2.4464389817303758,6.0,0.5,1.4448001815588691,1.6320406267717682,10.0,0.6,1.2846677199359149,4.5112657952551904,"{""family_mask"": 7, ""direction"": 0, ""rr"": 2.2, ""sl_atr"": 2.189389481834019, ""min_stop_pct"": 0.0044909696015847855, ""max_hold"": 288, ""cooldown"": 43, ""session_start"": 0, ""session_end"": 24, ""weekday_mask"": 124, ""htf_mode"": 1, ""adx_min"": 17.82741264350051, ""rsi_long_min"": 44.481848431307796, ""rsi_long_max"": 72.77353604012453, ""relvol_min"": 1.1057696828848844, ""body_min"": 0.3340154616022314, ""close_loc_min"": 0.7770683834712135, ""wick_min"": 0.5151728840603136, ""eff_min"": 0.3360548312567165, ""chop_max"": 54.454864245116774, ""atr_rank_min"": 0.3293195201202512, ""vwap_dev_max"": 2.77591208454878, ""pull_idx"": 6, ""sweep_idx"": 0, ""retest_idx"": 13, ""trail_trigger"": 1.7276055297937531, ""trail_lock"": 1.571633261072921}"
141,93.5339081126813,False,扫单反转+突破回踩,双向,16.0,0.5625,1.2496066455335555,15.0,0.3333333333333333,1.2886334934959882,0.9793419807764618,3.62162165831752,7.0,0.5714285714285714,1.134567311882429,1.8569984400563435,9.0,0.5555555555555556,1.3416325184107674,3.269618246589349,"{""family_mask"": 6, ""direction"": 0, ""rr"": 2.2, ""sl_atr"": 2.126529470057436, ""min_stop_pct"": 0.004842141603034037, ""max_hold"": 216, ""cooldown"": 57, ""session_start"": 0, ""session_end"": 24, ""weekday_mask"": 127, ""htf_mode"": 1, ""adx_min"": 30.651287809608064, ""rsi_long_min"": 52.41264099791184, ""rsi_long_max"": 72.59532354167487, ""relvol_min"": 1.7534705785387017, ""body_min"": 0.27050726842928347, ""close_loc_min"": 0.8209805874999803, ""wick_min"": 0.382084131550244, ""eff_min"": 0.22672789286298084, ""chop_max"": 47.49056566586383, ""atr_rank_min"": 0.5387291651123581, ""vwap_dev_max"": 2.5524386897149225, ""pull_idx"": 6, ""sweep_idx"": 2, ""retest_idx"": 7, ""trail_trigger"": 1.7135632626664161, ""trail_lock"": 1.5770726177363943}"
142,93.48748177224752,False,扫单反转+突破回踩,双向,15.0,0.5333333333333333,1.426830471252937,20.0,0.2,1.6722420071139377,-5.821962617637411,3.1521859952526,6.0,0.5,1.4013388445434167,1.456713802489927,9.0,0.5555555555555556,1.4420738271834668,3.885614549471784,"{""family_mask"": 6, ""direction"": 0, ""rr"": 2.4, ""sl_atr"": 1.2848679989937977, ""min_stop_pct"": 0.004772627600084428, ""max_hold"": 288, ""cooldown"": 44, ""session_start"": 0, ""session_end"": 24, ""weekday_mask"": 127, ""htf_mode"": 1, ""adx_min"": 32.000286049053415, ""rsi_long_min"": 43.89215280314178, ""rsi_long_max"": 70.8516865149778, ""relvol_min"": 1.2877358765445337, ""body_min"": 0.3321664975686108, ""close_loc_min"": 0.8130386241628866, ""wick_min"": 0.6099664989320357, ""eff_min"": 0.24498017749864637, ""chop_max"": 56.287979534341105, ""atr_rank_min"": 0.4070011913077781, ""vwap_dev_max"": 2.6315117210062406, ""pull_idx"": 0, ""sweep_idx"": 0, ""retest_idx"": 8, ""trail_trigger"": 1.9196694034103128, ""trail_lock"": 1.6588405126706287}"
143,92.23865281697505,False,扫单反转+突破回踩,双向,20.0,0.5,1.5271961584984766,23.0,0.2608695652173913,1.2046914283635977,-5.686831463133538,3.6216486974438444,8.0,0.5,1.4634061766720665,2.2367100308412176,12.0,0.5,1.5761523117327891,3.623517549056274,"{""family_mask"": 6, ""direction"": 0, ""rr"": 3.0, ""sl_atr"": 2.0274486133627447, ""min_stop_pct"": 0.004850676092154498, ""max_hold"": 288, ""cooldown"": 52, ""session_start"": 0, ""session_end"": 24, ""weekday_mask"": 127, ""htf_mode"": 1, ""adx_min"": 33.01557028874107, ""rsi_long_min"": 44.25472974453619, ""rsi_long_max"": 66.47825326377601, ""relvol_min"": 0.802468376626729, ""body_min"": 0.3753456108013924, ""close_loc_min"": 0.8222177582072294, ""wick_min"": 0.3751182752252888, ""eff_min"": 0.26606690224179774, ""chop_max"": 60.03812192275416, ""atr_rank_min"": 0.4044340588193339, ""vwap_dev_max"": 2.4638833285397594, ""pull_idx"": 3, ""sweep_idx"": 1, ""retest_idx"": 6, ""trail_trigger"": 1.8192995208452953, ""trail_lock"": 1.6297847234480998}"
144,86.60096817880054,False,三结构组合,双向,16.0,0.5,1.6087546434635536,16.0,0.3125,1.6136399716877519,2.419366069348301,2.4788398765673847,8.0,0.5,1.509785924956841,2.5256967218557618,8.0,0.5,1.7076797964478252,3.5076913631360984,"{""family_mask"": 7, ""direction"": 0, ""rr"": 2.6, ""sl_atr"": 1.3736989715754704, ""min_stop_pct"": 0.00419696778349018, ""max_hold"": 288, ""cooldown"": 14, ""session_start"": 0, ""session_end"": 24, ""weekday_mask"": 31, ""htf_mode"": 2, ""adx_min"": 29.688260415019222, ""rsi_long_min"": 47.365700094558626, ""rsi_long_max"": 68.78293067632812, ""relvol_min"": 0.755135646601384, ""body_min"": 0.6773871168947492, ""close_loc_min"": 0.5875434712707375, ""wick_min"": 0.3692823422511609, ""eff_min"": 0.2619750117614391, ""chop_max"": 65.09628094492462, ""atr_rank_min"": 0.7410245566162679, ""vwap_dev_max"": 2.817117442383303, ""pull_idx"": 8, ""sweep_idx"": 2, ""retest_idx"": 13, ""trail_trigger"": 2.0184725859119625, ""trail_lock"": 1.617774073352629}"
145,86.35492083574697,False,扫单反转+突破回踩,双向,15.0,0.5333333333333333,1.4718339604227326,15.0,0.4,1.4608494407524726,5.1811011662904844,3.424327903101668,6.0,0.5,1.1535087373559454,0.525340454307639,9.0,0.5555555555555556,1.662704761186462,4.922536895066395,"{""family_mask"": 6, ""direction"": 0, ""rr"": 2.4, ""sl_atr"": 2.2684685124239845, ""min_stop_pct"": 0.007114474679080626, ""max_hold"": 288, ""cooldown"": 15, ""session_start"": 0, ""session_end"": 24, ""weekday_mask"": 124, ""htf_mode"": 2, ""adx_min"": 27.35516202057063, ""rsi_long_min"": 45.18129726918135, ""rsi_long_max"": 69.25094418644399, ""relvol_min"": 0.9960752117755391, ""body_min"": 0.5231737896286202, ""close_loc_min"": 0.5829414477766326, ""wick_min"": 0.31015442786196823, ""eff_min"": 0.27024592612037784, ""chop_max"": 62.48170618834902, ""atr_rank_min"": 0.10010118593246346, ""vwap_dev_max"": 2.106364570062371, ""pull_idx"": 1, ""sweep_idx"": 2, ""retest_idx"": 12, ""trail_trigger"": 1.9964682807957737, ""trail_lock"": 1.795607997676284}"
146,84.18251140086272,False,三结构组合,双向,16.0,0.5625,1.5399154254346998,23.0,0.391304347826087,1.2918651768918494,5.465853736345892,2.434635928563825,7.0,0.42857142857142855,1.4558576580606726,0.4472638823104058,9.0,0.6666666666666666,1.5818472686371048,7.8996646541306355,"{""family_mask"": 7, ""direction"": 0, ""rr"": 2.6, ""sl_atr"": 1.0693226446061401, ""min_stop_pct"": 0.004623925323309776, ""max_hold"": 432, ""cooldown"": 51, ""session_start"": 0, ""session_end"": 24, ""weekday_mask"": 127, ""htf_mode"": 1, ""adx_min"": 20.89011950364607, ""rsi_long_min"": 46.47825253040429, ""rsi_long_max"": 73.07587964940573, ""relvol_min"": 1.2352174829040672, ""body_min"": 0.27341209635844066, ""close_loc_min"": 0.7098950233478478, ""wick_min"": 0.4849931538555131, ""eff_min"": 0.3274408863382643, ""chop_max"": 57.250198350660725, ""atr_rank_min"": 0.34977697669703356, ""vwap_dev_max"": 2.4796740443974383, ""pull_idx"": 1, ""sweep_idx"": 2, ""retest_idx"": 9, ""trail_trigger"": 2.093436854150206, ""trail_lock"": 1.68262774155399}"
147,84.14577833119307,False,三结构组合,双向,18.0,0.5,1.5435848772184684,17.0,0.4117647058823529,1.4339205578522454,6.179225349936977,2.508689894270531,8.0,0.5,1.4626561773364204,2.319842343497789,10.0,0.5,1.6082975308917213,3.8144288097558787,"{""family_mask"": 7, ""direction"": 0, ""rr"": 3.0, ""sl_atr"": 2.05064767841575, ""min_stop_pct"": 0.003949902590439228, ""max_hold"": 576, ""cooldown"": 14, ""session_start"": 0, ""session_end"": 24, ""weekday_mask"": 127, ""htf_mode"": 2, ""adx_min"": 19.45878568685371, ""rsi_long_min"": 55.47754246131006, ""rsi_long_max"": 62.09410294998945, ""relvol_min"": 0.837553046704081, ""body_min"": 0.4302749996416355, ""close_loc_min"": 0.8358299009453182, ""wick_min"": 0.4230470942054189, ""eff_min"": 0.23775784387267318, ""chop_max"": 47.610973000697726, ""atr_rank_min"": 0.5966342503246518, ""vwap_dev_max"": 1.8299932268679413, ""pull_idx"": 1, ""sweep_idx"": 1, ""retest_idx"": 13, ""trail_trigger"": 2.0122910251830333, ""trail_lock"": 1.7828650787399112}"
148,82.23704656650557,False,扫单反转+突破回踩,双向,15.0,0.6,1.402917238629536,10.0,0.4,1.055100055758351,6.731539103525975,4.002161048127482,7.0,0.42857142857142855,1.6672479937598472,1.3487559061924783,8.0,0.75,1.2687614807840155,7.583319534600074,"{""family_mask"": 6, ""direction"": 0, ""rr"": 2.6, ""sl_atr"": 2.1804905432419535, ""min_stop_pct"": 0.002610773849102999, ""max_hold"": 216, ""cooldown"": 14, ""session_start"": 0, ""session_end"": 24, ""weekday_mask"": 127, ""htf_mode"": 2, ""adx_min"": 35.535484299583615, ""rsi_long_min"": 45.818517659925845, ""rsi_long_max"": 65.5311759114918, ""relvol_min"": 0.9432830000117962, ""body_min"": 0.5710081213337815, ""close_loc_min"": 0.7517331012718187, ""wick_min"": 0.6646730261531072, ""eff_min"": 0.36177608853372034, ""chop_max"": 59.610640656043614, ""atr_rank_min"": 0.574678867676422, ""vwap_dev_max"": 2.9268681866323885, ""pull_idx"": 8, ""sweep_idx"": 0, ""retest_idx"": 3, ""trail_trigger"": 1.9876776537480847, ""trail_lock"": 1.5488965231791723}"
149,82.14032775555779,False,扫单反转+突破回踩,双向,16.0,0.5625,1.511573786525528,15.0,0.26666666666666666,1.6475510533680384,2.9290339848818476,3.7116946507987665,7.0,0.42857142857142855,1.5112163261947111,0.6603373988537857,9.0,0.6666666666666666,1.5116586495321498,7.512265993679456,"{""family_mask"": 6, ""direction"": 0, ""rr"": 2.4, ""sl_atr"": 2.0599057878771285, ""min_stop_pct"": 0.004222743251216182, ""max_hold"": 432, ""cooldown"": 19, ""session_start"": 0, ""session_end"": 24, ""weekday_mask"": 62, ""htf_mode"": 0, ""adx_min"": 19.899897109677585, ""rsi_long_min"": 49.057913283630285, ""rsi_long_max"": 72.5850658167711, ""relvol_min"": 1.55922693656088, ""body_min"": 0.5253276344576787, ""close_loc_min"": 0.7806029332073645, ""wick_min"": 0.39219317575785895, ""eff_min"": 0.32340049373419133, ""chop_max"": 47.9964367840461, ""atr_rank_min"": 0.1300485301230414, ""vwap_dev_max"": 2.777629819457261, ""pull_idx"": 1, ""sweep_idx"": 0, ""retest_idx"": 10, ""trail_trigger"": 1.8837074929085127, ""trail_lock"": 1.5228865747178533}"
150,80.28236365565829,False,三结构组合,双向,20.0,0.55,1.6330391037695373,19.0,0.3684210526315789,1.6623548445767447,10.507521635611116,2.4500413040425855,7.0,0.42857142857142855,1.4850471358587074,0.5573035481825535,13.0,0.6153846153846154,1.691156756937696,10.382065663588493,"{""family_mask"": 7, ""direction"": 0, ""rr"": 3.0, ""sl_atr"": 1.9424884382501608, ""min_stop_pct"": 0.0044661256485869025, ""max_hold"": 216, ""cooldown"": 40, ""session_start"": 0, ""session_end"": 24, ""weekday_mask"": 127, ""htf_mode"": 1, ""adx_min"": 33.92318082724573, ""rsi_long_min"": 44.643553409552894, ""rsi_long_max"": 73.09308106568939, ""relvol_min"": 0.9858704672837753, ""body_min"": 0.274257081257761, ""close_loc_min"": 0.8178699237894792, ""wick_min"": 0.37198281230098096, ""eff_min"": 0.32371206838632943, ""chop_max"": 65.30136051574462, ""atr_rank_min"": 0.6212555182228765, ""vwap_dev_max"": 2.7832753767987115, ""pull_idx"": 7, ""sweep_idx"": 1, ""retest_idx"": 6, ""trail_trigger"": 1.9084027829118284, ""trail_lock"": 1.563513594093025}"
151,79.86314799554629,False,扫单反转+突破回踩,双向,19.0,0.5263157894736842,1.42434884579037,26.0,0.38461538461538464,1.3333383605274687,2.9100252803789486,3.3818058790765253,6.0,0.5,1.552051266286866,1.8663275456791588,13.0,0.5384615384615384,1.3696189907321095,4.042658464604553,"{""family_mask"": 6, ""direction"": 0, ""rr"": 2.6, ""sl_atr"": 1.8958652714689235, ""min_stop_pct"": 0.00790991944990492, ""max_hold"": 576, ""cooldown"": 19, ""session_start"": 0, ""session_end"": 24, ""weekday_mask"": 124, ""htf_mode"": 2, ""adx_min"": 16.703826600166778, ""rsi_long_min"": 44.86378192037809, ""rsi_long_max"": 72.05716210948354, ""relvol_min"": 0.7678558019224161, ""body_min"": 0.281374002510254, ""close_loc_min"": 0.6108022066035868, ""wick_min"": 0.30003814984698696, ""eff_min"": 0.24543327111034097, ""chop_max"": 51.49086860566865, ""atr_rank_min"": 0.6105425895480241, ""vwap_dev_max"": 2.253491044370501, ""pull_idx"": 8, ""sweep_idx"": 0, ""retest_idx"": 13, ""trail_trigger"": 1.7399645645136925, ""trail_lock"": 1.5142741510680882}"
152,78.93781465414321,False,扫单反转+突破回踩,双向,19.0,0.5263157894736842,1.424814208988257,23.0,0.17391304347826086,1.1333686588083067,-11.582144958821322,3.9338853333186927,5.0,0.6,1.3174523697908669,2.558999490948332,14.0,0.5,1.4708615871872177,4.3215370714127666,"{""family_mask"": 6, ""direction"": 0, ""rr"": 2.6, ""sl_atr"": 1.0434676794210889, ""min_stop_pct"": 0.003226276268668185, ""max_hold"": 288, ""cooldown"": 16, ""session_start"": 0, ""session_end"": 24, ""weekday_mask"": 124, ""htf_mode"": 2, ""adx_min"": 26.50390063979751, ""rsi_long_min"": 53.276327790820446, ""rsi_long_max"": 73.15903362418642, ""relvol_min"": 0.793158907496301, ""body_min"": 0.5437439497705104, ""close_loc_min"": 0.627478028435466, ""wick_min"": 0.6456263813366256, ""eff_min"": 0.2498001652852674, ""chop_max"": 55.66496604402754, ""atr_rank_min"": 0.41587225964668384, ""vwap_dev_max"": 2.5534609842123, ""pull_idx"": 6, ""sweep_idx"": 0, ""retest_idx"": 6, ""trail_trigger"": 1.870003885740703, ""trail_lock"": 1.7565275633598296}"
153,71.00899596326752,False,扫单反转+突破回踩,双向,21.0,0.5238095238095238,1.4163546353619592,34.0,0.38235294117647056,1.3192711431442636,2.1857926649877673,3.7128998435541476,9.0,0.5555555555555556,1.3616892265825629,3.474965202635939,12.0,0.5,1.4619057092755698,3.4290468859080887,"{""family_mask"": 6, ""direction"": 0, ""rr"": 2.2, ""sl_atr"": 1.5821152198377764, ""min_stop_pct"": 0.004228562586286691, ""max_hold"": 216, ""cooldown"": 43, ""session_start"": 0, ""session_end"": 24, ""weekday_mask"": 127, ""htf_mode"": 0, ""adx_min"": 22.309165872941378, ""rsi_long_min"": 51.913174138899265, ""rsi_long_max"": 70.98172457094557, ""relvol_min"": 0.99766464988789, ""body_min"": 0.27093827172489243, ""close_loc_min"": 0.6937619039360738, ""wick_min"": 0.3681195947575556, ""eff_min"": 0.34438889665264505, ""chop_max"": 48.9663079319016, ""atr_rank_min"": 0.7434861411724811, ""vwap_dev_max"": 2.424718397308049, ""pull_idx"": 3, ""sweep_idx"": 0, ""retest_idx"": 13, ""trail_trigger"": 1.864111935294898, ""trail_lock"": 1.7368296746947192}"
154,64.39748888901528,False,扫单反转+突破回踩,双向,16.0,0.5,1.513815277592879,23.0,0.43478260869565216,1.6875400053757852,9.851078541214322,3.1932992134059095,8.0,0.5,1.513632544590397,2.568430024709503,8.0,0.5,1.5139979015617708,2.571791542782902,"{""family_mask"": 6, ""direction"": 0, ""rr"": 2.4, ""sl_atr"": 1.9941982047521019, ""min_stop_pct"": 0.003999786783445452, ""max_hold"": 576, ""cooldown"": 38, ""session_start"": 0, ""session_end"": 24, ""weekday_mask"": 127, ""htf_mode"": 1, ""adx_min"": 16.613179226076095, ""rsi_long_min"": 49.08087138530113, ""rsi_long_max"": 73.80572250381381, ""relvol_min"": 1.2209984760761605, ""body_min"": 0.6052044971053814, ""close_loc_min"": 0.6759986178947499, ""wick_min"": 0.37316866448839536, ""eff_min"": 0.3850398185539181, ""chop_max"": 51.23148522705403, ""atr_rank_min"": 0.279743170113696, ""vwap_dev_max"": 1.573500871216134, ""pull_idx"": 2, ""sweep_idx"": 1, ""retest_idx"": 16, ""trail_trigger"": 2.115581697513947, ""trail_lock"": 2.0579001326225974}"
155,60.458913026167636,False,扫单反转+突破回踩,双向,20.0,0.55,1.3352244809557248,17.0,0.47058823529411764,1.296736481412564,8.640683690576317,3.136831306481816,10.0,0.5,1.324263603942267,1.9904388807691162,10.0,0.6,1.344276894239481,4.992868920614497,"{""family_mask"": 6, ""direction"": 0, ""rr"": 2.0, ""sl_atr"": 1.7541893871244647, ""min_stop_pct"": 0.00440134296452479, ""max_hold"": 576, ""cooldown"": 46, ""session_start"": 0, ""session_end"": 24, ""weekday_mask"": 127, ""htf_mode"": 0, ""adx_min"": 27.196538482990004, ""rsi_long_min"": 54.59421921487115, ""rsi_long_max"": 73.97578353931434, ""relvol_min"": 1.6308485353910451, ""body_min"": 0.5818252696455857, ""close_loc_min"": 0.7967110394201522, ""wick_min"": 0.33488140030763525, ""eff_min"": 0.17727695985922806, ""chop_max"": 60.375765008988026, ""atr_rank_min"": 0.5626149565786585, ""vwap_dev_max"": 2.555477798773818, ""pull_idx"": 3, ""sweep_idx"": 1, ""retest_idx"": 13, ""trail_trigger"": 1.7566446641215976, ""trail_lock"": 1.6341125197156583}"
156,59.88954997075905,False,三结构组合,双向,16.0,0.5625,1.3158368541784462,11.0,0.36363636363636365,1.2641072051165023,3.593851906474353,2.478875343573419,6.0,0.5,1.3160223050209103,1.1743926322671672,10.0,0.6,1.3156751373822209,4.825423617141006,"{""family_mask"": 7, ""direction"": 0, ""rr"": 2.0, ""sl_atr"": 1.2548955055303488, ""min_stop_pct"": 0.004196352545948644, ""max_hold"": 432, ""cooldown"": 36, ""session_start"": 0, ""session_end"": 24, ""weekday_mask"": 127, ""htf_mode"": 0, ""adx_min"": 32.81284874719121, ""rsi_long_min"": 44.54134438389618, ""rsi_long_max"": 59.74091319422205, ""relvol_min"": 0.8365998495737204, ""body_min"": 0.6683818134046692, ""close_loc_min"": 0.7773628506193662, ""wick_min"": 0.39845840847297676, ""eff_min"": 0.5211793785026718, ""chop_max"": 58.664009846726415, ""atr_rank_min"": 0.22343471411200266, ""vwap_dev_max"": 1.85633338769619, ""pull_idx"": 6, ""sweep_idx"": 0, ""retest_idx"": 13, ""trail_trigger"": 1.833956981763472, ""trail_lock"": 1.6060360033498995}"
157,57.997353398505936,False,扫单反转+突破回踩,双向,17.0,0.5294117647058824,1.41360533832041,17.0,0.4117647058823529,1.298375408832195,4.715702440646518,3.7050111375364665,7.0,0.5714285714285714,1.324394499133248,2.836629691407188,10.0,0.5,1.4849889313110634,2.9943029633430847,"{""family_mask"": 6, ""direction"": 0, ""rr"": 2.2, ""sl_atr"": 0.9575179648853454, ""min_stop_pct"": 0.004275884934351196, ""max_hold"": 432, ""cooldown"": 22, ""session_start"": 0, ""session_end"": 24, ""weekday_mask"": 127, ""htf_mode"": 1, ""adx_min"": 26.07596427248603, ""rsi_long_min"": 52.075388599563034, ""rsi_long_max"": 68.65461134444135, ""relvol_min"": 1.5604621407256465, ""body_min"": 0.4441787234823714, ""close_loc_min"": 0.8111983684410382, ""wick_min"": 0.4684731740234389, ""eff_min"": 0.17117785638958483, ""chop_max"": 65.42690383641018, ""atr_rank_min"": 0.7245878915730035, ""vwap_dev_max"": 2.5944904328106837, ""pull_idx"": 3, ""sweep_idx"": 0, ""retest_idx"": 7, ""trail_trigger"": 1.8663182588484653, ""trail_lock"": 1.5399030151513755}"
158,57.491454374896705,False,扫单反转+突破回踩,双向,18.0,0.5,1.5358495278499489,13.0,0.23076923076923078,0.9662691238760588,-2.8953237955099587,6.5969823414178155,6.0,0.5,1.2795028373842925,1.1178253653872154,12.0,0.5,1.6668152208617635,5.219914786964833,"{""family_mask"": 6, ""direction"": 0, ""rr"": 3.0, ""sl_atr"": 1.5718335452428933, ""min_stop_pct"": 0.002737333852168629, ""max_hold"": 576, ""cooldown"": 60, ""session_start"": 0, ""session_end"": 24, ""weekday_mask"": 127, ""htf_mode"": 1, ""adx_min"": 32.885755519170786, ""rsi_long_min"": 54.182665254345466, ""rsi_long_max"": 65.61288049505154, ""relvol_min"": 0.7828542445172078, ""body_min"": 0.27096021568880313, ""close_loc_min"": 0.7533830762638603, ""wick_min"": 0.4073967027437392, ""eff_min"": 0.20810011676206147, ""chop_max"": 48.72583786788775, ""atr_rank_min"": 0.6449723889567766, ""vwap_dev_max"": 0.7974481095879722, ""pull_idx"": 3, ""sweep_idx"": 0, ""retest_idx"": 13, ""trail_trigger"": 1.7511662887218213, ""trail_lock"": 1.6086559715817828}"
159,57.02595293104514,False,扫单反转+突破回踩,双向,22.0,0.5,1.4810313404932443,29.0,0.4482758620689655,1.5115484172911915,11.008990509350285,3.731991253917111,6.0,0.5,1.3192788176906853,1.1964236845837186,16.0,0.5,1.542136525716402,5.377699882875209,"{""family_mask"": 6, ""direction"": 0, ""rr"": 2.6, ""sl_atr"": 1.8619217926315865, ""min_stop_pct"": 0.004021833242974948, ""max_hold"": 216, ""cooldown"": 38, ""session_start"": 0, ""session_end"": 24, ""weekday_mask"": 127, ""htf_mode"": 2, ""adx_min"": 23.938932020958738, ""rsi_long_min"": 52.83373683565902, ""rsi_long_max"": 69.88242848955704, ""relvol_min"": 0.7912891895501057, ""body_min"": 0.3271682829061392, ""close_loc_min"": 0.74716961442439, ""wick_min"": 0.5671860748328375, ""eff_min"": 0.37013457179288756, ""chop_max"": 58.62435061917146, ""atr_rank_min"": 0.6474820454128463, ""vwap_dev_max"": 2.756632858035183, ""pull_idx"": 7, ""sweep_idx"": 0, ""retest_idx"": 15, ""trail_trigger"": 2.0266423831773785, ""trail_lock"": 1.897468158524785}"
160,51.54841920839834,False,扫单反转+突破回踩,双向,18.0,0.6666666666666666,1.0969587257260758,20.0,0.45,1.1629692621851564,8.776480700926905,3.965121751315266,8.0,0.5,1.0477222542867786,0.2522833044019577,10.0,0.8,1.1212164007801613,9.217155574551711,"{""family_mask"": 6, ""direction"": 0, ""rr"": 2.0, ""sl_atr"": 1.2440120867157103, ""min_stop_pct"": 0.0031144845497460124, ""max_hold"": 216, ""cooldown"": 39, ""session_start"": 0, ""session_end"": 24, ""weekday_mask"": 127, ""htf_mode"": 0, ""adx_min"": 16.338517700026333, ""rsi_long_min"": 48.2517944146703, ""rsi_long_max"": 73.9736154623281, ""relvol_min"": 1.0164136030687132, ""body_min"": 0.6361453831884757, ""close_loc_min"": 0.7586682316308333, ""wick_min"": 0.518226581387039, ""eff_min"": 0.443931641617198, ""chop_max"": 54.716298295924, ""atr_rank_min"": 0.2764962940050878, ""vwap_dev_max"": 2.6106325161207633, ""pull_idx"": 1, ""sweep_idx"": 0, ""retest_idx"": 4, ""trail_trigger"": 1.7192838344404229, ""trail_lock"": 1.6093565303272959}"
161,49.64207416981543,False,三结构组合,双向,16.0,0.5,1.4991951192281598,9.0,0.3333333333333333,1.6173860821174748,3.780069577854116,3.9466786104235556,8.0,0.5,1.4195796133797742,2.2069686124395655,8.0,0.5,1.5787917648191472,3.0451382496337738,"{""family_mask"": 7, ""direction"": 0, ""rr"": 2.6, ""sl_atr"": 1.4097037549174025, ""min_stop_pct"": 0.003182607647873442, ""max_hold"": 288, ""cooldown"": 29, ""session_start"": 0, ""session_end"": 24, ""weekday_mask"": 124, ""htf_mode"": 2, ""adx_min"": 32.2334831607048, ""rsi_long_min"": 46.99974360732817, ""rsi_long_max"": 65.72370895969229, ""relvol_min"": 1.1167047719477585, ""body_min"": 0.4457046950357494, ""close_loc_min"": 0.7418172199863328, ""wick_min"": 0.35000354905706643, ""eff_min"": 0.18904183363235777, ""chop_max"": 56.53185713582738, ""atr_rank_min"": 0.5446527090137728, ""vwap_dev_max"": 2.0659195242255253, ""pull_idx"": 2, ""sweep_idx"": 0, ""retest_idx"": 6, ""trail_trigger"": 2.101805237971268, ""trail_lock"": 1.764309106655646}"
162,48.409986321252234,False,扫单反转+突破回踩,双向,15.0,0.5333333333333333,1.4021883179436803,23.0,0.4782608695652174,1.2665991354589994,7.344205990101579,2.3888828686200902,6.0,0.5,1.3723874948263792,1.3335918427396432,9.0,0.5555555555555556,1.4200168205947803,3.7020615324119555,"{""family_mask"": 6, ""direction"": 0, ""rr"": 2.4, ""sl_atr"": 1.1539644087169214, ""min_stop_pct"": 0.005170100347062879, ""max_hold"": 576, ""cooldown"": 55, ""session_start"": 0, ""session_end"": 24, ""weekday_mask"": 127, ""htf_mode"": 2, ""adx_min"": 22.383508788055714, ""rsi_long_min"": 44.022269674130605, ""rsi_long_max"": 73.08669706304008, ""relvol_min"": 0.9859074528943221, ""body_min"": 0.6287520838241234, ""close_loc_min"": 0.6956552358648437, ""wick_min"": 0.5417531264483272, ""eff_min"": 0.17512585700207806, ""chop_max"": 54.19506598644689, ""atr_rank_min"": 0.5665429416219686, ""vwap_dev_max"": 2.5419658340856848, ""pull_idx"": 2, ""sweep_idx"": 1, ""retest_idx"": 13, ""trail_trigger"": 1.7103472744236667, ""trail_lock"": 1.548412290444896}"
163,47.43261106785218,False,扫单反转+突破回踩,双向,16.0,0.5,1.5102277987295056,15.0,0.4666666666666667,1.4032217752223943,7.253110336123363,2.457414393651307,8.0,0.5,1.3609924788942447,1.7734245639959794,8.0,0.5,1.6594283224514892,3.240286677734198,"{""family_mask"": 6, ""direction"": 0, ""rr"": 3.0, ""sl_atr"": 0.8278933743138874, ""min_stop_pct"": 0.004393782153920891, ""max_hold"": 288, ""cooldown"": 12, ""session_start"": 0, ""session_end"": 24, ""weekday_mask"": 127, ""htf_mode"": 1, ""adx_min"": 24.480079563955762, ""rsi_long_min"": 48.139769047011534, ""rsi_long_max"": 67.73515908372715, ""relvol_min"": 1.6910038083558225, ""body_min"": 0.6138293918648781, ""close_loc_min"": 0.6502294763294746, ""wick_min"": 0.4201237762069004, ""eff_min"": 0.3162991428571048, ""chop_max"": 46.206569620227306, ""atr_rank_min"": 0.3344268077713497, ""vwap_dev_max"": 2.7355763994605855, ""pull_idx"": 8, ""sweep_idx"": 0, ""retest_idx"": 14, ""trail_trigger"": 1.9512502422032865, ""trail_lock"": 1.5326483931423844}"
164,42.029560198463116,False,三结构组合,双向,20.0,0.55,1.3296247644779184,17.0,0.5294117647058824,1.4088710333143981,12.690993447625091,3.3503316367017306,8.0,0.5,1.246991601670058,1.2205030494804254,12.0,0.5833333333333334,1.3768205413669043,5.72993936059685,"{""family_mask"": 7, ""direction"": 0, ""rr"": 2.0, ""sl_atr"": 1.4441559738071814, ""min_stop_pct"": 0.004259130486052624, ""max_hold"": 432, ""cooldown"": 56, ""session_start"": 0, ""session_end"": 11, ""weekday_mask"": 127, ""htf_mode"": 2, ""adx_min"": 17.133619986550933, ""rsi_long_min"": 51.0913849146707, ""rsi_long_max"": 66.90875219788599, ""relvol_min"": 0.8880452995444403, ""body_min"": 0.36702209913968026, ""close_loc_min"": 0.7334769365972744, ""wick_min"": 0.3130562669104038, ""eff_min"": 0.2672057750885259, ""chop_max"": 50.66434781965256, ""atr_rank_min"": 0.5787780909816332, ""vwap_dev_max"": 2.796453164395271, ""pull_idx"": 7, ""sweep_idx"": 0, ""retest_idx"": 14, ""trail_trigger"": 1.890011045599522, ""trail_lock"": 1.5525016551777857}"
165,41.00240071993869,False,三结构组合,双向,18.0,0.5,1.4833232814645299,25.0,0.44,1.4431487741283595,7.643218448850522,3.6935141430120737,8.0,0.5,1.5274665090346302,2.5972157951597072,10.0,0.5,1.4480185072312888,2.7582888605611924,"{""family_mask"": 7, ""direction"": 0, ""rr"": 2.6, ""sl_atr"": 1.3715323200958545, ""min_stop_pct"": 0.004340004107578185, ""max_hold"": 216, ""cooldown"": 54, ""session_start"": 0, ""session_end"": 24, ""weekday_mask"": 127, ""htf_mode"": 2, ""adx_min"": 26.699438065904936, ""rsi_long_min"": 45.321012427529595, ""rsi_long_max"": 71.56413010713696, ""relvol_min"": 1.2061932113432132, ""body_min"": 0.3238498852246072, ""close_loc_min"": 0.7545057461397523, ""wick_min"": 0.45296698521392176, ""eff_min"": 0.21572859893110646, ""chop_max"": 54.05693902787854, ""atr_rank_min"": 0.4592056576843475, ""vwap_dev_max"": 2.3796349328231545, ""pull_idx"": 1, ""sweep_idx"": 1, ""retest_idx"": 13, ""trail_trigger"": 1.9503046765682233, ""trail_lock"": 1.6225441770405247}"
166,39.416796419450975,False,三结构组合,双向,26.0,0.5384615384615384,1.468293448474617,30.0,0.36666666666666664,1.643253605393823,9.925111882321522,3.9648454062016203,11.0,0.45454545454545453,1.6174448105710684,2.714556405510125,15.0,0.6,1.3884440902458621,8.345146826438086,"{""family_mask"": 7, ""direction"": 0, ""rr"": 2.6, ""sl_atr"": 2.158603905124712, ""min_stop_pct"": 0.003115388620150486, ""max_hold"": 216, ""cooldown"": 11, ""session_start"": 0, ""session_end"": 24, ""weekday_mask"": 127, ""htf_mode"": 1, ""adx_min"": 26.11024993600217, ""rsi_long_min"": 51.380216523401344, ""rsi_long_max"": 64.20188209271664, ""relvol_min"": 0.7948368535383414, ""body_min"": 0.3376760707901291, ""close_loc_min"": 0.6610766864922117, ""wick_min"": 0.44463591126447055, ""eff_min"": 0.36834672973555954, ""chop_max"": 53.080629743265526, ""atr_rank_min"": 0.6948263800015536, ""vwap_dev_max"": 2.392684277654575, ""pull_idx"": 7, ""sweep_idx"": 0, ""retest_idx"": 16, ""trail_trigger"": 2.1333304766189025, ""trail_lock"": 1.694345149484983}"
167,37.53979228100076,False,三结构组合,双向,16.0,0.5,1.4888373294923392,9.0,0.3333333333333333,1.490003030092383,3.1597090302546516,3.9522744613535528,6.0,0.5,1.4723397215224685,1.8668162184561017,10.0,0.5,1.4987335193249165,3.286007993229808,"{""family_mask"": 7, ""direction"": 0, ""rr"": 2.6, ""sl_atr"": 1.1916047529509397, ""min_stop_pct"": 0.0031564931838356496, ""max_hold"": 576, ""cooldown"": 33, ""session_start"": 0, ""session_end"": 24, ""weekday_mask"": 124, ""htf_mode"": 1, ""adx_min"": 23.45634081986733, ""rsi_long_min"": 46.334871294482284, ""rsi_long_max"": 68.6014236089768, ""relvol_min"": 0.8574311062111803, ""body_min"": 0.688293185800416, ""close_loc_min"": 0.6101332812477375, ""wick_min"": 0.3353800381286184, ""eff_min"": 0.6176111892835703, ""chop_max"": 53.84501921802333, ""atr_rank_min"": 0.278724151488554, ""vwap_dev_max"": 1.902201590144248, ""pull_idx"": 1, ""sweep_idx"": 0, ""retest_idx"": 15, ""trail_trigger"": 2.335716572440208, ""trail_lock"": 2.086585055040699}"
168,37.401290132260925,False,扫单反转+突破回踩,双向,17.0,0.6470588235294118,1.1594686606278175,18.0,0.3888888888888889,1.092816196732347,4.971995441734907,4.118765322620549,8.0,0.5,1.0408551543633888,0.22434992092890682,9.0,0.7777777777777778,1.226878178335394,9.049850455603915,"{""family_mask"": 6, ""direction"": 0, ""rr"": 2.4, ""sl_atr"": 1.6706367466473324, ""min_stop_pct"": 0.0026869536334145133, ""max_hold"": 576, ""cooldown"": 25, ""session_start"": 0, ""session_end"": 24, ""weekday_mask"": 127, ""htf_mode"": 0, ""adx_min"": 17.329065283544523, ""rsi_long_min"": 45.372573816744094, ""rsi_long_max"": 73.05891311980847, ""relvol_min"": 1.1751766714374265, ""body_min"": 0.5021864912788747, ""close_loc_min"": 0.6621874922616975, ""wick_min"": 0.5837927433245053, ""eff_min"": 0.43466111848311284, ""chop_max"": 54.00601338513641, ""atr_rank_min"": 0.22143742264854727, ""vwap_dev_max"": 2.7006253574257464, ""pull_idx"": 4, ""sweep_idx"": 0, ""retest_idx"": 13, ""trail_trigger"": 1.754421292276305, ""trail_lock"": 1.5971393874356101}"
169,37.32440076247775,False,扫单反转+突破回踩,双向,16.0,0.5625,1.3042646065687693,17.0,0.29411764705882354,1.3007400080286862,-0.8169407053610731,3.1054828673993793,6.0,0.5,1.3040867844511692,1.1238667805054445,10.0,0.6,1.3043346836982672,4.7139589844883645,"{""family_mask"": 6, ""direction"": 0, ""rr"": 2.0, ""sl_atr"": 1.546560892971331, ""min_stop_pct"": 0.004324935626287715, ""max_hold"": 576, ""cooldown"": 49, ""session_start"": 0, ""session_end"": 24, ""weekday_mask"": 127, ""htf_mode"": 2, ""adx_min"": 30.370414218877784, ""rsi_long_min"": 54.62827295826726, ""rsi_long_max"": 73.40100324083932, ""relvol_min"": 1.3509373350478715, ""body_min"": 0.3603763942568775, ""close_loc_min"": 0.8257871811090411, ""wick_min"": 0.4640337881338785, ""eff_min"": 0.18784806525332334, ""chop_max"": 58.37279413078836, ""atr_rank_min"": 0.622376831533382, ""vwap_dev_max"": 2.3551661341481736, ""pull_idx"": 6, ""sweep_idx"": 0, ""retest_idx"": 10, ""trail_trigger"": 1.7960218680787543, ""trail_lock"": 1.5158584106470836}"
170,35.03214710471157,False,三结构组合,双向,20.0,0.6,1.2405592802188827,22.0,0.3181818181818182,1.3511892311613913,2.427854985515393,4.011386205602163,10.0,0.5,1.106812815248154,0.710001908430381,10.0,0.7,1.3329922822282336,8.465289784974956,"{""family_mask"": 7, ""direction"": 0, ""rr"": 3.0, ""sl_atr"": 2.263838916140852, ""min_stop_pct"": 0.002502349244461449, ""max_hold"": 576, ""cooldown"": 54, ""session_start"": 0, ""session_end"": 24, ""weekday_mask"": 127, ""htf_mode"": 1, ""adx_min"": 21.308740256176797, ""rsi_long_min"": 53.710606292651065, ""rsi_long_max"": 69.53227689331152, ""relvol_min"": 0.8502940338272291, ""body_min"": 0.6540581904055294, ""close_loc_min"": 0.5825882947686899, ""wick_min"": 0.36447207468496856, ""eff_min"": 0.3566548636705279, ""chop_max"": 57.0200475357162, ""atr_rank_min"": 0.5688327530574586, ""vwap_dev_max"": 1.4370613626623545, ""pull_idx"": 1, ""sweep_idx"": 0, ""retest_idx"": 13, ""trail_trigger"": 1.8503414137935497, ""trail_lock"": 1.528708848906724}"
171,31.93660940165944,False,扫单反转+突破回踩,双向,19.0,0.5263157894736842,1.3967819693125436,30.0,0.3333333333333333,1.3880476712486391,-1.3346288053627744,3.656838695863545,6.0,0.5,1.3529512559687817,1.2899253172609997,13.0,0.5384615384615384,1.4155287422097147,4.763801398276197,"{""family_mask"": 6, ""direction"": 0, ""rr"": 2.0, ""sl_atr"": 1.478974386994921, ""min_stop_pct"": 0.004590165460000278, ""max_hold"": 432, ""cooldown"": 32, ""session_start"": 0, ""session_end"": 24, ""weekday_mask"": 127, ""htf_mode"": 2, ""adx_min"": 25.832260306576977, ""rsi_long_min"": 45.053777956978266, ""rsi_long_max"": 66.30584664663552, ""relvol_min"": 0.8518523060491512, ""body_min"": 0.36424146819078385, ""close_loc_min"": 0.6824782111071053, ""wick_min"": 0.5093378773712123, ""eff_min"": 0.31989287262402627, ""chop_max"": 65.54535029568838, ""atr_rank_min"": 0.46708940329012494, ""vwap_dev_max"": 2.5927948180398714, ""pull_idx"": 0, ""sweep_idx"": 1, ""retest_idx"": 14, ""trail_trigger"": 1.8934581808985036, ""trail_lock"": 1.600588923854127}"
172,30.758910149019414,False,扫单反转+突破回踩,双向,15.0,0.5333333333333333,1.3917453934169521,13.0,0.38461538461538464,1.4178819210320504,3.899700865624065,3.60141901554747,7.0,0.5714285714285714,1.39187394279857,3.0812987275993384,8.0,0.5,1.3916908221711384,1.881000774745645,"{""family_mask"": 6, ""direction"": 0, ""rr"": 2.0, ""sl_atr"": 2.149953570576632, ""min_stop_pct"": 0.0050052278637637325, ""max_hold"": 432, ""cooldown"": 41, ""session_start"": 0, ""session_end"": 24, ""weekday_mask"": 127, ""htf_mode"": 1, ""adx_min"": 23.972433983284578, ""rsi_long_min"": 44.46524117425711, ""rsi_long_max"": 71.21334483417628, ""relvol_min"": 1.520038094753209, ""body_min"": 0.5220070970447463, ""close_loc_min"": 0.8513492247643935, ""wick_min"": 0.4046228379382729, ""eff_min"": 0.2048083363430886, ""chop_max"": 53.60682417040472, ""atr_rank_min"": 0.173541138675522, ""vwap_dev_max"": 1.9037882711189904, ""pull_idx"": 0, ""sweep_idx"": 0, ""retest_idx"": 6, ""trail_trigger"": 1.7918170117239474, ""trail_lock"": 1.7413929022292425}"
173,26.980178325186444,False,三结构组合,双向,19.0,0.5263157894736842,1.675415627480393,15.0,0.26666666666666666,1.8018250525426631,4.916153708842427,3.627372814673338,9.0,0.4444444444444444,1.5573043384815153,1.4861935264605357,10.0,0.6,1.7540775220734344,7.88966272175346,"{""family_mask"": 7, ""direction"": 0, ""rr"": 2.8, ""sl_atr"": 2.1476232179312134, ""min_stop_pct"": 0.004797591106244348, ""max_hold"": 216, ""cooldown"": 34, ""session_start"": 0, ""session_end"": 24, ""weekday_mask"": 127, ""htf_mode"": 0, ""adx_min"": 24.69685195841855, ""rsi_long_min"": 55.254073945023876, ""rsi_long_max"": 69.10510610968419, ""relvol_min"": 1.7124326836447967, ""body_min"": 0.27125060455671324, ""close_loc_min"": 0.8501294253581817, ""wick_min"": 0.36068741607052957, ""eff_min"": 0.33809348667445, ""chop_max"": 53.816516918525565, ""atr_rank_min"": 0.5260016689869894, ""vwap_dev_max"": 2.8172005773502464, ""pull_idx"": 6, ""sweep_idx"": 0, ""retest_idx"": 14, ""trail_trigger"": 1.955754242868516, ""trail_lock"": 1.8556029388228106}"
174,22.45743387214543,False,三结构组合,双向,16.0,0.5625,1.4341913178843855,12.0,0.4166666666666667,1.3701595604683676,7.101916924947207,3.9942159409503164,9.0,0.4444444444444444,1.3936844453421373,0.708277108401766,7.0,0.7142857142857143,1.4660972251206636,6.573520153830059,"{""family_mask"": 7, ""direction"": 0, ""rr"": 2.4, ""sl_atr"": 1.6416067495138456, ""min_stop_pct"": 0.004308984848021799, ""max_hold"": 576, ""cooldown"": 8, ""session_start"": 0, ""session_end"": 24, ""weekday_mask"": 31, ""htf_mode"": 2, ""adx_min"": 29.69978764748776, ""rsi_long_min"": 43.25571309254609, ""rsi_long_max"": 67.63330882903536, ""relvol_min"": 1.3979974627648304, ""body_min"": 0.6030432833307677, ""close_loc_min"": 0.71003352654639, ""wick_min"": 0.330778434620143, ""eff_min"": 0.20746259098508957, ""chop_max"": 61.687276405997196, ""atr_rank_min"": 0.2586114114005834, ""vwap_dev_max"": 2.561603408097891, ""pull_idx"": 4, ""sweep_idx"": 2, ""retest_idx"": 4, ""trail_trigger"": 1.8689800920800372, ""trail_lock"": 1.5002980502378633}"
175,19.9999530536694,False,扫单反转+突破回踩,双向,17.0,0.5294117647058824,1.5068602286063895,16.0,0.3125,1.1891757784680357,0.6241171568562245,4.926944467558306,6.0,0.6666666666666666,1.474962657553151,4.801444854108048,11.0,0.45454545454545453,1.5325311341836438,2.047663432647724,"{""family_mask"": 6, ""direction"": 0, ""rr"": 2.4, ""sl_atr"": 0.8799435006991854, ""min_stop_pct"": 0.004336202211980386, ""max_hold"": 288, ""cooldown"": 60, ""session_start"": 0, ""session_end"": 24, ""weekday_mask"": 127, ""htf_mode"": 2, ""adx_min"": 32.05639355263858, ""rsi_long_min"": 44.12861964401144, ""rsi_long_max"": 70.91944204979765, ""relvol_min"": 0.9195971983820994, ""body_min"": 0.5342345362432783, ""close_loc_min"": 0.8319633114840089, ""wick_min"": 0.5098880245858461, ""eff_min"": 0.3174506475475084, ""chop_max"": 52.206186086324486, ""atr_rank_min"": 0.7227257395311165, ""vwap_dev_max"": 1.8233553285692872, ""pull_idx"": 7, ""sweep_idx"": 0, ""retest_idx"": 16, ""trail_trigger"": 1.7994664560457072, ""trail_lock"": 1.6951265525526777}"
176,18.770723128038355,False,三结构组合,双向,18.0,0.5,1.4765409092133168,21.0,0.5238095238095238,1.3034744335940862,10.675022105851923,3.725847964665654,8.0,0.5,1.3512762858823537,1.7444525221983669,10.0,0.5,1.5767051639219543,3.5816227077227585,"{""family_mask"": 7, ""direction"": 0, ""rr"": 2.2, ""sl_atr"": 0.9881948166064394, ""min_stop_pct"": 0.004146520248275988, ""max_hold"": 576, ""cooldown"": 15, ""session_start"": 0, ""session_end"": 24, ""weekday_mask"": 127, ""htf_mode"": 2, ""adx_min"": 21.896295757994036, ""rsi_long_min"": 44.851166574554966, ""rsi_long_max"": 67.40616216991356, ""relvol_min"": 1.5469492262201747, ""body_min"": 0.3938395790828173, ""close_loc_min"": 0.6232679104823057, ""wick_min"": 0.5293896772025191, ""eff_min"": 0.25521791453344134, ""chop_max"": 47.460082660062824, ""atr_rank_min"": 0.3164205709744702, ""vwap_dev_max"": 2.606227003866369, ""pull_idx"": 6, ""sweep_idx"": 0, ""retest_idx"": 3, ""trail_trigger"": 1.8720754477305444, ""trail_lock"": 1.6395875184017126}"
177,16.791934558556967,False,扫单反转+突破回踩,双向,18.0,0.5555555555555556,1.222215625161142,13.0,0.15384615384615385,1.1280379730797132,-4.917692553938526,3.956153232975492,7.0,0.5714285714285714,1.1616567735416121,2.171436367363878,11.0,0.5454545454545454,1.2624682896067112,3.3573018898058864,"{""family_mask"": 6, ""direction"": 0, ""rr"": 2.8, ""sl_atr"": 2.2926337180056504, ""min_stop_pct"": 0.0027224076502631246, ""max_hold"": 576, ""cooldown"": 47, ""session_start"": 0, ""session_end"": 24, ""weekday_mask"": 124, ""htf_mode"": 1, ""adx_min"": 32.692150824389756, ""rsi_long_min"": 53.64893680552954, ""rsi_long_max"": 70.56857240163009, ""relvol_min"": 0.8414174298030881, ""body_min"": 0.3893767456556752, ""close_loc_min"": 0.6342643573766195, ""wick_min"": 0.5579473459235926, ""eff_min"": 0.3164315246701094, ""chop_max"": 65.01614234243611, ""atr_rank_min"": 0.47360362177192517, ""vwap_dev_max"": 2.642786541238086, ""pull_idx"": 5, ""sweep_idx"": 0, ""retest_idx"": 8, ""trail_trigger"": 1.7547976078788434, ""trail_lock"": 1.5721861579244891}"
178,14.993112389367582,False,三结构组合,双向,16.0,0.5,1.4797852499911246,18.0,0.2222222222222222,1.5376222770672687,-4.689504621380486,3.627733366495722,6.0,0.5,1.5718979505258581,2.0734636071018757,10.0,0.5,1.4245316000992572,2.565939681518739,"{""family_mask"": 7, ""direction"": 0, ""rr"": 3.0, ""sl_atr"": 1.6521029644314682, ""min_stop_pct"": 0.004803533051861063, ""max_hold"": 216, ""cooldown"": 22, ""session_start"": 0, ""session_end"": 24, ""weekday_mask"": 124, ""htf_mode"": 2, ""adx_min"": 17.213284832745842, ""rsi_long_min"": 49.81621301778905, ""rsi_long_max"": 73.75313501373242, ""relvol_min"": 1.308990845042902, ""body_min"": 0.2839758023393538, ""close_loc_min"": 0.7645998521091566, ""wick_min"": 0.27926662099427063, ""eff_min"": 0.3186016198907703, ""chop_max"": 61.859700263949165, ""atr_rank_min"": 0.6113113212169898, ""vwap_dev_max"": 1.860268659052518, ""pull_idx"": 7, ""sweep_idx"": 0, ""retest_idx"": 16, ""trail_trigger"": 1.9584193301631356, ""trail_lock"": 1.662643880496256}"
179,11.856078119472727,False,扫单反转+突破回踩,双向,16.0,0.5625,1.6689429933650968,18.0,0.4444444444444444,1.755581693292348,15.576586346713711,2.5951180278157135,5.0,0.4,1.6546999089121908,0.4012407673109819,11.0,0.6363636363636364,1.67285421652426,10.002119376233543,"{""family_mask"": 6, ""direction"": 0, ""rr"": 2.6, ""sl_atr"": 1.255640709460779, ""min_stop_pct"": 0.0033752983996998137, ""max_hold"": 216, ""cooldown"": 46, ""session_start"": 0, ""session_end"": 24, ""weekday_mask"": 127, ""htf_mode"": 2, ""adx_min"": 25.72613029725683, ""rsi_long_min"": 55.921784604003726, ""rsi_long_max"": 65.06186659328048, ""relvol_min"": 0.7543349525753316, ""body_min"": 0.4024977526314633, ""close_loc_min"": 0.6319626179380595, ""wick_min"": 0.6333826317506064, ""eff_min"": 0.37334933947949034, ""chop_max"": 59.85851161733276, ""atr_rank_min"": 0.7071988639831518, ""vwap_dev_max"": 1.9091496699207267, ""pull_idx"": 0, ""sweep_idx"": 0, ""retest_idx"": 13, ""trail_trigger"": 2.3675940100353703, ""trail_lock"": 2.2881884745726944}"
180,11.041835871082867,False,三结构组合,双向,16.0,0.5625,1.4703316851904156,20.0,0.25,1.7710475850371028,0.2924304817844834,3.777569436327194,7.0,0.42857142857142855,1.6994738605716844,1.383306536767451,9.0,0.6666666666666666,1.3556911687287752,6.466825214865307,"{""family_mask"": 7, ""direction"": 0, ""rr"": 2.4, ""sl_atr"": 1.515420862904432, ""min_stop_pct"": 0.0038652412658582193, ""max_hold"": 576, ""cooldown"": 41, ""session_start"": 0, ""session_end"": 24, ""weekday_mask"": 124, ""htf_mode"": 1, ""adx_min"": 23.66238743270439, ""rsi_long_min"": 42.35856066840579, ""rsi_long_max"": 73.81919083168444, ""relvol_min"": 1.3298456547795283, ""body_min"": 0.4870178609107811, ""close_loc_min"": 0.7652050837130657, ""wick_min"": 0.26614857183128254, ""eff_min"": 0.21278365504480978, ""chop_max"": 55.212563304402934, ""atr_rank_min"": 0.36856746730810896, ""vwap_dev_max"": 2.335154005201874, ""pull_idx"": 7, ""sweep_idx"": 2, ""retest_idx"": 13, ""trail_trigger"": 2.299018595051197, ""trail_lock"": 1.5320080518906585}"
181,8.826876075727796,False,扫单反转+突破回踩,双向,15.0,0.5333333333333333,1.380346716516744,19.0,0.3684210526315789,1.3925362794013605,2.2425262900458773,2.488657588664265,7.0,0.5714285714285714,1.4121338900087659,3.2938371713413197,8.0,0.5,1.3486435931799228,1.734991859042944,"{""family_mask"": 6, ""direction"": 0, ""rr"": 2.0, ""sl_atr"": 1.0985271758189543, ""min_stop_pct"": 0.004111696808974491, ""max_hold"": 216, ""cooldown"": 9, ""session_start"": 0, ""session_end"": 24, ""weekday_mask"": 31, ""htf_mode"": 1, ""adx_min"": 22.302929624579612, ""rsi_long_min"": 54.280617121400134, ""rsi_long_max"": 70.61495364251705, ""relvol_min"": 1.658465402967074, ""body_min"": 0.5524031684151327, ""close_loc_min"": 0.6629285359977418, ""wick_min"": 0.44847239470228106, ""eff_min"": 0.22677942080122526, ""chop_max"": 52.9000234145673, ""atr_rank_min"": 0.3394144896386775, ""vwap_dev_max"": 2.40179683148794, ""pull_idx"": 7, ""sweep_idx"": 2, ""retest_idx"": 2, ""trail_trigger"": 1.8977492110097625, ""trail_lock"": 1.6849373835406316}"
182,8.070300879653189,False,三结构组合,双向,16.0,0.5,1.477801552813254,12.0,0.3333333333333333,1.2762579139368144,1.1710809866371295,4.931195886965307,6.0,0.5,1.5968116269460377,2.205950775935034,10.0,0.5,1.4064254852045692,2.5047857463312244,"{""family_mask"": 7, ""direction"": 0, ""rr"": 2.2, ""sl_atr"": 1.5507204681080153, ""min_stop_pct"": 0.0043164895514707004, ""max_hold"": 432, ""cooldown"": 52, ""session_start"": 0, ""session_end"": 24, ""weekday_mask"": 124, ""htf_mode"": 1, ""adx_min"": 17.032570083282057, ""rsi_long_min"": 48.6026585712002, ""rsi_long_max"": 67.91090319857301, ""relvol_min"": 0.938579816829657, ""body_min"": 0.5486000093039052, ""close_loc_min"": 0.8228580703343165, ""wick_min"": 0.4935305382064014, ""eff_min"": 0.17634721529345693, ""chop_max"": 55.4580010536859, ""atr_rank_min"": 0.6138512037281448, ""vwap_dev_max"": 2.5436953427164903, ""pull_idx"": 5, ""sweep_idx"": 1, ""retest_idx"": 4, ""trail_trigger"": 1.9900427401229146, ""trail_lock"": 1.6121067895099628}"
183,3.5245850370398557,False,扫单反转+突破回踩,双向,17.0,0.5882352941176471,1.3795954510869448,12.0,0.5,1.3846923201525465,11.296723464190809,3.7292675063431497,7.0,0.42857142857142855,1.4130369580369389,0.29721627964869746,10.0,0.7,1.3652173410107329,8.150516920341913,"{""family_mask"": 6, ""direction"": 0, ""rr"": 2.0, ""sl_atr"": 1.743795879633343, ""min_stop_pct"": 0.004121059281308615, ""max_hold"": 216, ""cooldown"": 12, ""session_start"": 0, ""session_end"": 10, ""weekday_mask"": 127, ""htf_mode"": 2, ""adx_min"": 30.58917066082812, ""rsi_long_min"": 42.56005445533052, ""rsi_long_max"": 72.45595486688225, ""relvol_min"": 1.312725894526158, ""body_min"": 0.6631395644759455, ""close_loc_min"": 0.7577396772432444, ""wick_min"": 0.2923158340477499, ""eff_min"": 0.26762446863955675, ""chop_max"": 49.4252671377393, ""atr_rank_min"": 0.47398947406280867, ""vwap_dev_max"": 2.583700428881006, ""pull_idx"": 8, ""sweep_idx"": 0, ""retest_idx"": 2, ""trail_trigger"": 1.893193297404174, ""trail_lock"": 1.5801182861755687}"
184,2.607261796177795,False,扫单反转+突破回踩,双向,19.0,0.5789473684210527,1.6365926151692387,12.0,0.3333333333333333,1.7930428294526843,11.438773572693817,3.731034526015181,8.0,0.375,1.7580775613710082,0.34107579560988244,11.0,0.7272727272727273,1.5942258186361762,12.079682960158276,"{""family_mask"": 6, ""direction"": 0, ""rr"": 2.6, ""sl_atr"": 2.199329407097224, ""min_stop_pct"": 0.0041111033292606, ""max_hold"": 216, ""cooldown"": 8, ""session_start"": 0, ""session_end"": 24, ""weekday_mask"": 127, ""htf_mode"": 2, ""adx_min"": 37.85595573223649, ""rsi_long_min"": 44.724896365392134, ""rsi_long_max"": 73.73102187320679, ""relvol_min"": 1.3576095229089598, ""body_min"": 0.36168007663867346, ""close_loc_min"": 0.8602581817764869, ""wick_min"": 0.35849437675721524, ""eff_min"": 0.21824801372151975, ""chop_max"": 65.9812506144053, ""atr_rank_min"": 0.2280066124999668, ""vwap_dev_max"": 2.6974594852181704, ""pull_idx"": 6, ""sweep_idx"": 0, ""retest_idx"": 16, ""trail_trigger"": 2.1490890331735155, ""trail_lock"": 2.090284989848471}"
185,2.318969477176438,False,流动性扫单反转,双向,16.0,0.5625,1.2811517111106363,13.0,0.38461538461538464,1.2680955737270498,3.5760483492856086,3.722038477016109,5.0,0.6,1.057208922435501,1.452968148600896,11.0,0.5454545454545454,1.3931174729369862,4.166373693383524,"{""family_mask"": 2, ""direction"": 0, ""rr"": 2.8, ""sl_atr"": 1.718763675000356, ""min_stop_pct"": 0.004174729529660666, ""max_hold"": 288, ""cooldown"": 28, ""session_start"": 0, ""session_end"": 24, ""weekday_mask"": 127, ""htf_mode"": 1, ""adx_min"": 36.67603759297555, ""rsi_long_min"": 49.61805828126022, ""rsi_long_max"": 62.62595403360765, ""relvol_min"": 0.8233640946450674, ""body_min"": 0.6376562954833769, ""close_loc_min"": 0.6418537102368416, ""wick_min"": 0.3845718561378447, ""eff_min"": 0.31987961572008805, ""chop_max"": 64.46605886351136, ""atr_rank_min"": 0.7206043231294638, ""vwap_dev_max"": 1.792101341137407, ""pull_idx"": 6, ""sweep_idx"": 1, ""retest_idx"": 12, ""trail_trigger"": 1.7198044264167094, ""trail_lock"": 1.550944213122218}"
186,0.43603222271258346,False,三结构组合,双向,18.0,0.5555555555555556,1.468649322175378,15.0,0.4666666666666667,1.1509873526588539,8.237098631447068,2.4462762547278354,7.0,0.42857142857142855,1.5031868280799443,0.623519231254088,11.0,0.6363636363636364,1.4551544351080659,7.545185013297949,"{""family_mask"": 7, ""direction"": 0, ""rr"": 3.0, ""sl_atr"": 2.2823398111084967, ""min_stop_pct"": 0.004482548095514814, ""max_hold"": 576, ""cooldown"": 42, ""session_start"": 0, ""session_end"": 24, ""weekday_mask"": 127, ""htf_mode"": 2, ""adx_min"": 29.726305230538323, ""rsi_long_min"": 43.96141044803403, ""rsi_long_max"": 59.31647109903819, ""relvol_min"": 0.7556571671684352, ""body_min"": 0.2797035827933304, ""close_loc_min"": 0.7652200210135145, ""wick_min"": 0.3295559651197815, ""eff_min"": 0.33170055355365247, ""chop_max"": 47.02697685894024, ""atr_rank_min"": 0.5674781723954804, ""vwap_dev_max"": 2.1776585924075915, ""pull_idx"": 8, ""sweep_idx"": 1, ""retest_idx"": 16, ""trail_trigger"": 1.7503466321096586, ""trail_lock"": 1.5937487810718858}"
187,-0.3781144245415362,False,三结构组合,双向,17.0,0.5294117647058824,1.6139782365552824,16.0,0.375,1.6958009469186215,8.311046972207706,3.7235112596160587,9.0,0.4444444444444444,1.4507508732604193,0.9966098454804522,8.0,0.625,1.7445055778185945,7.102836536477783,"{""family_mask"": 7, ""direction"": 0, ""rr"": 2.4, ""sl_atr"": 2.010801410443499, ""min_stop_pct"": 0.004159657948255294, ""max_hold"": 432, ""cooldown"": 48, ""session_start"": 0, ""session_end"": 24, ""weekday_mask"": 127, ""htf_mode"": 0, ""adx_min"": 31.807331867657755, ""rsi_long_min"": 42.604981598331264, ""rsi_long_max"": 70.40402618560248, ""relvol_min"": 1.5710220355881983, ""body_min"": 0.6323240954589983, ""close_loc_min"": 0.7321108721195134, ""wick_min"": 0.35775148642129456, ""eff_min"": 0.19888618759908452, ""chop_max"": 63.31440068474605, ""atr_rank_min"": 0.165453180751393, ""vwap_dev_max"": 2.5617134539683395, ""pull_idx"": 4, ""sweep_idx"": 1, ""retest_idx"": 16, ""trail_trigger"": 2.155154502179815, ""trail_lock"": 1.6830546626719023}"
188,-0.5703627918608163,False,三结构组合,双向,19.0,0.5263157894736842,1.590254114883986,19.0,0.3684210526315789,1.4537875841099435,6.292832872694877,3.7165743467469454,9.0,0.4444444444444444,1.487402539548543,1.176496608111592,10.0,0.6,1.6586700693363228,7.376440248042076,"{""family_mask"": 7, ""direction"": 0, ""rr"": 2.4, ""sl_atr"": 0.8762451316930608, ""min_stop_pct"": 0.0041940058782096844, ""max_hold"": 576, ""cooldown"": 10, ""session_start"": 0, ""session_end"": 24, ""weekday_mask"": 127, ""htf_mode"": 2, ""adx_min"": 30.071436631771718, ""rsi_long_min"": 44.648705609100205, ""rsi_long_max"": 70.03228707456955, ""relvol_min"": 1.1319663286487434, ""body_min"": 0.6956409010282099, ""close_loc_min"": 0.7103656974143409, ""wick_min"": 0.45929662976725083, ""eff_min"": 0.21871705550692042, ""chop_max"": 51.301690055164045, ""atr_rank_min"": 0.2383552398081719, ""vwap_dev_max"": 2.5724930002365327, ""pull_idx"": 3, ""sweep_idx"": 1, ""retest_idx"": 7, ""trail_trigger"": 2.142695997279231, ""trail_lock"": 1.7636084726363497}"
189,-1.4462050464625236,False,三结构组合,双向,21.0,0.5238095238095238,1.5672515058000187,26.0,0.34615384615384615,1.5968766623056965,5.747689947302451,2.4686059319675877,9.0,0.4444444444444444,1.4747599306972252,1.109526559016764,12.0,0.5833333333333334,1.620023524991784,7.826166814137467,"{""family_mask"": 7, ""direction"": 0, ""rr"": 2.8, ""sl_atr"": 1.9082631871305165, ""min_stop_pct"": 0.004279984819364518, ""max_hold"": 288, ""cooldown"": 30, ""session_start"": 0, ""session_end"": 24, ""weekday_mask"": 127, ""htf_mode"": 2, ""adx_min"": 17.20445390427914, ""rsi_long_min"": 44.284959380107054, ""rsi_long_max"": 73.48806160313302, ""relvol_min"": 0.9435654598465963, ""body_min"": 0.4278586901697251, ""close_loc_min"": 0.8577730390209051, ""wick_min"": 0.36832880421604025, ""eff_min"": 0.3408313874012573, ""chop_max"": 51.11808948911727, ""atr_rank_min"": 0.4898881557757856, ""vwap_dev_max"": 2.2530112571458085, ""pull_idx"": 6, ""sweep_idx"": 0, ""retest_idx"": 13, ""trail_trigger"": 2.2081935311252403, ""trail_lock"": 1.8055112393375732}"
190,-5.557153875581889,False,三结构组合,双向,16.0,0.5625,1.280557830831562,12.0,0.5833333333333334,1.2796204207620139,10.660217817624458,2.8536738071472674,6.0,0.5,1.279881912134161,1.062135730221153,10.0,0.6,1.2808659776464446,4.662460414738943,"{""family_mask"": 7, ""direction"": 0, ""rr"": 2.0, ""sl_atr"": 1.2345506145893748, ""min_stop_pct"": 0.00378079788811049, ""max_hold"": 288, ""cooldown"": 55, ""session_start"": 3, ""session_end"": 12, ""weekday_mask"": 127, ""htf_mode"": 1, ""adx_min"": 24.537100888347517, ""rsi_long_min"": 55.344309626384415, ""rsi_long_max"": 71.67864979533154, ""relvol_min"": 1.0784231042823644, ""body_min"": 0.3907511744922397, ""close_loc_min"": 0.6063340636223932, ""wick_min"": 0.2880377402060888, ""eff_min"": 0.29975537526246837, ""chop_max"": 59.208098168797974, ""atr_rank_min"": 0.4655343176006945, ""vwap_dev_max"": 2.431755199553555, ""pull_idx"": 2, ""sweep_idx"": 1, ""retest_idx"": 10, ""trail_trigger"": 1.8840189986300129, ""trail_lock"": 1.6553504116546973}"
191,-9.191591253604884,False,扫单反转+突破回踩,双向,19.0,0.5263157894736842,1.5866875568074459,21.0,0.5714285714285714,1.3300986419799343,16.997857018284176,3.6862299140231185,9.0,0.4444444444444444,1.419723977344542,0.8342348007605171,10.0,0.6,1.6978297867228072,7.605055197854964,"{""family_mask"": 6, ""direction"": 0, ""rr"": 3.0, ""sl_atr"": 1.0535077592789646, ""min_stop_pct"": 0.004379324443766697, ""max_hold"": 576, ""cooldown"": 32, ""session_start"": 0, ""session_end"": 24, ""weekday_mask"": 127, ""htf_mode"": 1, ""adx_min"": 25.821117218424224, ""rsi_long_min"": 50.377020221425774, ""rsi_long_max"": 66.47919961391064, ""relvol_min"": 1.2997961560493292, ""body_min"": 0.6608885630651935, ""close_loc_min"": 0.767119223494534, ""wick_min"": 0.4143120221537996, ""eff_min"": 0.23827753861966988, ""chop_max"": 56.65492821052521, ""atr_rank_min"": 0.30590040226679965, ""vwap_dev_max"": 2.8800976452895855, ""pull_idx"": 4, ""sweep_idx"": 0, ""retest_idx"": 7, ""trail_trigger"": 1.96885689253586, ""trail_lock"": 1.6310788122962876}"
192,-14.010339205398964,False,扫单反转+突破回踩,双向,15.0,0.6,1.347509975179462,13.0,0.38461538461538464,1.344613476425805,5.808666150246988,3.5855497866023143,7.0,0.42857142857142855,1.4119741740600784,0.28193120543808536,8.0,0.75,1.3149892161573378,7.04173583387808,"{""family_mask"": 6, ""direction"": 0, ""rr"": 2.0, ""sl_atr"": 1.371896553208651, ""min_stop_pct"": 0.005140485569134613, ""max_hold"": 576, ""cooldown"": 27, ""session_start"": 3, ""session_end"": 15, ""weekday_mask"": 127, ""htf_mode"": 1, ""adx_min"": 31.49763902696669, ""rsi_long_min"": 43.19675290386661, ""rsi_long_max"": 72.97539602962514, ""relvol_min"": 1.3124880450043688, ""body_min"": 0.5152066294406676, ""close_loc_min"": 0.6410465834753486, ""wick_min"": 0.3973097312926339, ""eff_min"": 0.20326643949299072, ""chop_max"": 49.76939964980346, ""atr_rank_min"": 0.11749405918154361, ""vwap_dev_max"": 2.633829875365318, ""pull_idx"": 3, ""sweep_idx"": 2, ""retest_idx"": 14, ""trail_trigger"": 1.7683412162790333, ""trail_lock"": 1.6498652427369778}"
193,-18.87058246241952,False,三结构组合,双向,23.0,0.5217391304347826,1.5316596628313552,26.0,0.4230769230769231,1.294114119669719,8.100768969049318,4.889721299585245,9.0,0.4444444444444444,1.4390572181267587,0.9239450434952623,14.0,0.5714285714285714,1.5777905321650596,8.095267033215581,"{""family_mask"": 7, ""direction"": 0, ""rr"": 3.0, ""sl_atr"": 1.6222534771089927, ""min_stop_pct"": 0.00451812563638792, ""max_hold"": 288, ""cooldown"": 55, ""session_start"": 0, ""session_end"": 24, ""weekday_mask"": 127, ""htf_mode"": 1, ""adx_min"": 20.840076517366725, ""rsi_long_min"": 46.12718606606157, ""rsi_long_max"": 65.81013764205248, ""relvol_min"": 0.8667550947952141, ""body_min"": 0.5768566734866944, ""close_loc_min"": 0.7226978657578982, ""wick_min"": 0.3456836456226613, ""eff_min"": 0.23562189108858833, ""chop_max"": 56.62732988885921, ""atr_rank_min"": 0.3236662643847072, ""vwap_dev_max"": 2.488488584428076, ""pull_idx"": 0, ""sweep_idx"": 1, ""retest_idx"": 4, ""trail_trigger"": 1.9777974702250234, ""trail_lock"": 1.6398895866491563}"
194,-19.504083451220538,False,扫单反转+突破回踩,双向,17.0,0.5294117647058824,1.367321403067425,19.0,0.3684210526315789,1.384424262419423,2.2812517394988445,3.4120435607089847,6.0,0.5,1.3667911368069663,1.2511037604205206,11.0,0.5454545454545454,1.3675746121050367,3.6450404189570964,"{""family_mask"": 6, ""direction"": 0, ""rr"": 3.0, ""sl_atr"": 2.350875564598641, ""min_stop_pct"": 0.007327354994999502, ""max_hold"": 576, ""cooldown"": 34, ""session_start"": 0, ""session_end"": 24, ""weekday_mask"": 124, ""htf_mode"": 1, ""adx_min"": 17.18944221822532, ""rsi_long_min"": 49.217777323999876, ""rsi_long_max"": 71.17355568817896, ""relvol_min"": 0.893894274962538, ""body_min"": 0.360265142270216, ""close_loc_min"": 0.6919584301871111, ""wick_min"": 0.4120458589483138, ""eff_min"": 0.23183495085325573, ""chop_max"": 49.14916747281419, ""atr_rank_min"": 0.4427368672289703, ""vwap_dev_max"": 2.5264518594729406, ""pull_idx"": 8, ""sweep_idx"": 2, ""retest_idx"": 3, ""trail_trigger"": 1.7690827498141017, ""trail_lock"": 1.6911089941798072}"
195,-21.370547134533865,False,三结构组合,双向,15.0,0.5333333333333333,1.366437700182103,10.0,0.3,1.4728551522475002,1.9519980786819013,3.8890436610302968,6.0,0.5,1.468064329380065,1.820322613129938,9.0,0.5555555555555556,1.3072960596967447,3.184134835982207,"{""family_mask"": 7, ""direction"": 0, ""rr"": 2.2, ""sl_atr"": 2.1153802968018534, ""min_stop_pct"": 0.0033808503810671773, ""max_hold"": 288, ""cooldown"": 32, ""session_start"": 0, ""session_end"": 24, ""weekday_mask"": 124, ""htf_mode"": 2, ""adx_min"": 18.319850702092268, ""rsi_long_min"": 43.43341443146143, ""rsi_long_max"": 68.88310659922209, ""relvol_min"": 0.8185082106835786, ""body_min"": 0.6427315761087022, ""close_loc_min"": 0.6027832807228349, ""wick_min"": 0.5116045928574245, ""eff_min"": 0.42851071674103614, ""chop_max"": 61.1168081229408, ""atr_rank_min"": 0.19802966678090245, ""vwap_dev_max"": 2.609276583868301, ""pull_idx"": 0, ""sweep_idx"": 1, ""retest_idx"": 6, ""trail_trigger"": 1.9911431139238804, ""trail_lock"": 1.5416984459709893}"
196,-22.87591996887636,False,扫单反转+突破回踩,双向,19.0,0.5263157894736842,1.515776744501245,16.0,0.5,1.341011903584925,10.892210840315105,4.004379121913958,9.0,0.4444444444444444,1.4559366305199988,1.0167033116192623,10.0,0.6,1.555532705021769,6.584550454343175,"{""family_mask"": 6, ""direction"": 0, ""rr"": 2.4, ""sl_atr"": 1.537267019248198, ""min_stop_pct"": 0.004277839379678385, ""max_hold"": 288, ""cooldown"": 47, ""session_start"": 0, ""session_end"": 24, ""weekday_mask"": 127, ""htf_mode"": 2, ""adx_min"": 26.314567859885855, ""rsi_long_min"": 54.59143964722341, ""rsi_long_max"": 71.13225285133394, ""relvol_min"": 1.6170800833573824, ""body_min"": 0.5123203342114901, ""close_loc_min"": 0.8570452001736637, ""wick_min"": 0.3375127630255218, ""eff_min"": 0.3324336815589334, ""chop_max"": 53.58295245041281, ""atr_rank_min"": 0.6702377004306506, ""vwap_dev_max"": 2.5698482256989736, ""pull_idx"": 5, ""sweep_idx"": 0, ""retest_idx"": 8, ""trail_trigger"": 1.8090692704991804, ""trail_lock"": 1.662635138380435}"
197,-25.239323308147334,False,三结构组合,双向,15.0,0.5333333333333333,1.363039949598029,12.0,0.5,1.2817140205369129,6.869420477753013,2.45614450467653,7.0,0.5714285714285714,1.3141913815727015,2.7706851255542704,8.0,0.5,1.411902639248865,2.0230068145504183,"{""family_mask"": 7, ""direction"": 0, ""rr"": 2.2, ""sl_atr"": 0.8051494464297632, ""min_stop_pct"": 0.004405414391651809, ""max_hold"": 216, ""cooldown"": 37, ""session_start"": 0, ""session_end"": 24, ""weekday_mask"": 127, ""htf_mode"": 1, ""adx_min"": 34.14266262632289, ""rsi_long_min"": 54.97313947030905, ""rsi_long_max"": 69.7672742036399, ""relvol_min"": 1.641982672934918, ""body_min"": 0.6643551058093269, ""close_loc_min"": 0.6534839760085269, ""wick_min"": 0.4373812405470582, ""eff_min"": 0.2808834153302333, ""chop_max"": 48.58037506143781, ""atr_rank_min"": 0.2291852230818076, ""vwap_dev_max"": 2.664802746499768, ""pull_idx"": 5, ""sweep_idx"": 1, ""retest_idx"": 13, ""trail_trigger"": 1.8105947794969894, ""trail_lock"": 1.7212753443200384}"
198,-31.82950509154807,False,三结构组合,双向,16.0,0.5,1.452765874789576,14.0,0.5714285714285714,1.336022207234439,10.115637470341662,2.487296646856541,8.0,0.5,1.4031361018559225,2.004600772072286,8.0,0.5,1.5028586973980833,2.477359033547164,"{""family_mask"": 7, ""direction"": 0, ""rr"": 2.2, ""sl_atr"": 2.201928707304276, ""min_stop_pct"": 0.004123203736123409, ""max_hold"": 576, ""cooldown"": 53, ""session_start"": 0, ""session_end"": 24, ""weekday_mask"": 127, ""htf_mode"": 0, ""adx_min"": 30.42576406675275, ""rsi_long_min"": 49.57894209859471, ""rsi_long_max"": 70.57607323003148, ""relvol_min"": 1.1237411549920262, ""body_min"": 0.5070586833819724, ""close_loc_min"": 0.7681079231679105, ""wick_min"": 0.4207288164466292, ""eff_min"": 0.45145239536684534, ""chop_max"": 60.41688194598528, ""atr_rank_min"": 0.501937838350915, ""vwap_dev_max"": 2.481025684355687, ""pull_idx"": 3, ""sweep_idx"": 1, ""retest_idx"": 6, ""trail_trigger"": 1.896441812017537, ""trail_lock"": 1.7746032094892672}"
199,-40.27955024182984,False,三结构组合,双向,17.0,0.5294117647058824,1.355305258907456,16.0,0.375,1.4411601311530244,3.567256462685914,3.151384615208907,10.0,0.5,1.3626945342309842,2.23161335309887,7.0,0.5714285714285714,1.3460319058217003,2.9343794120522553,"{""family_mask"": 7, ""direction"": 0, ""rr"": 2.0, ""sl_atr"": 1.9372305556861256, ""min_stop_pct"": 0.004349680219505218, ""max_hold"": 432, ""cooldown"": 39, ""session_start"": 0, ""session_end"": 24, ""weekday_mask"": 127, ""htf_mode"": 0, ""adx_min"": 31.212185669982254, ""rsi_long_min"": 42.492179589285804, ""rsi_long_max"": 73.56120279461452, ""relvol_min"": 1.4855947153605191, ""body_min"": 0.6155476247473795, ""close_loc_min"": 0.8106889752970485, ""wick_min"": 0.33763184318934797, ""eff_min"": 0.27667180638649885, ""chop_max"": 50.94894725005709, ""atr_rank_min"": 0.28184628976774295, ""vwap_dev_max"": 2.2714181752219984, ""pull_idx"": 8, ""sweep_idx"": 0, ""retest_idx"": 15, ""trail_trigger"": 1.898156366123953, ""trail_lock"": 1.537596917153752}"
200,-41.44226584829795,False,三结构组合,双向,17.0,0.5294117647058824,1.3569494776916735,16.0,0.5,1.2799453981720952,7.891169945163782,3.1209565280762064,8.0,0.5,1.3102242940277298,1.519338620199719,9.0,0.5555555555555556,1.3942885983821844,3.639059381400087,"{""family_mask"": 7, ""direction"": 0, ""rr"": 2.0, ""sl_atr"": 1.3115339100791104, ""min_stop_pct"": 0.004467643949236844, ""max_hold"": 288, ""cooldown"": 43, ""session_start"": 0, ""session_end"": 24, ""weekday_mask"": 127, ""htf_mode"": 2, ""adx_min"": 26.914923426822092, ""rsi_long_min"": 45.42263644502426, ""rsi_long_max"": 68.21584894131436, ""relvol_min"": 1.633106176003758, ""body_min"": 0.5960288883648861, ""close_loc_min"": 0.6023188809321389, ""wick_min"": 0.4368893676577347, ""eff_min"": 0.27589598209351746, ""chop_max"": 52.19972337026127, ""atr_rank_min"": 0.30834498962361145, ""vwap_dev_max"": 2.9313019846457924, ""pull_idx"": 4, ""sweep_idx"": 0, ""retest_idx"": 10, ""trail_trigger"": 1.7498916581385031, ""trail_lock"": 1.6570372942506935}"
