expert_id,expert,rank,policy_key,aggregate_score,eligible,elimination_reasons,monthly_target,min_probability,min_percentile,cooldown,risk_rr,risk_sl_atr,risk_min_stop_pct,risk_max_hold,risk_breakeven_trigger,risk_breakeven_lock,risk_early_bars,risk_early_cut_r,model_max_depth,model_learning_rate,model_max_iter,model_l2_regularization,model_min_samples_leaf,2025-12_trades,2025-12_wins,2025-12_win_rate,2025-12_avg_win_R,2025-12_avg_loss_R,2025-12_avg_win_loss_ratio,2025-12_profit_factor,2025-12_net_R,2025-12_max_drawdown_R,2025-12_expectancy_R,2025-12_funnel_model_available,2025-12_funnel_training_candidates,2025-12_funnel_calibration_month,2025-12_funnel_calibration_candidates,2025-12_funnel_calibration_base_rate,2025-12_funnel_calibration_brier,2025-12_funnel_raw_structural_candidates,2025-12_funnel_probability_threshold,2025-12_funnel_quantile,2025-12_funnel_score_drift,2025-12_funnel_raw_eval_after_probability,2025-12_funnel_capped_eval_candidates,2025-12_funnel_after_cooldown,2026-01_trades,2026-01_wins,2026-01_win_rate,2026-01_avg_win_R,2026-01_avg_loss_R,2026-01_avg_win_loss_ratio,2026-01_profit_factor,2026-01_net_R,2026-01_max_drawdown_R,2026-01_expectancy_R,2026-01_funnel_model_available,2026-01_funnel_training_candidates,2026-01_funnel_calibration_month,2026-01_funnel_calibration_candidates,2026-01_funnel_calibration_base_rate,2026-01_funnel_calibration_brier,2026-01_funnel_raw_structural_candidates,2026-01_funnel_probability_threshold,2026-01_funnel_quantile,2026-01_funnel_score_drift,2026-01_funnel_raw_eval_after_probability,2026-01_funnel_capped_eval_candidates,2026-01_funnel_after_cooldown,2026-02_trades,2026-02_wins,2026-02_win_rate,2026-02_avg_win_R,2026-02_avg_loss_R,2026-02_avg_win_loss_ratio,2026-02_profit_factor,2026-02_net_R,2026-02_max_drawdown_R,2026-02_expectancy_R,2026-02_funnel_model_available,2026-02_funnel_training_candidates,2026-02_funnel_calibration_month,2026-02_funnel_calibration_candidates,2026-02_funnel_calibration_base_rate,2026-02_funnel_calibration_brier,2026-02_funnel_raw_structural_candidates,2026-02_funnel_probability_threshold,2026-02_funnel_quantile,2026-02_funnel_score_drift,2026-02_funnel_raw_eval_after_probability,2026-02_funnel_capped_eval_candidates,2026-02_funnel_after_cooldown,2026-03_trades,2026-03_wins,2026-03_win_rate,2026-03_avg_win_R,2026-03_avg_loss_R,2026-03_avg_win_loss_ratio,2026-03_profit_factor,2026-03_net_R,2026-03_max_drawdown_R,2026-03_expectancy_R,2026-03_funnel_model_available,2026-03_funnel_training_candidates,2026-03_funnel_calibration_month,2026-03_funnel_calibration_candidates,2026-03_funnel_calibration_base_rate,2026-03_funnel_calibration_brier,2026-03_funnel_raw_structural_candidates,2026-03_funnel_probability_threshold,2026-03_funnel_quantile,2026-03_funnel_score_drift,2026-03_funnel_raw_eval_after_probability,2026-03_funnel_capped_eval_candidates,2026-03_funnel_after_cooldown,2026-04_trades,2026-04_wins,2026-04_win_rate,2026-04_avg_win_R,2026-04_avg_loss_R,2026-04_avg_win_loss_ratio,2026-04_profit_factor,2026-04_net_R,2026-04_max_drawdown_R,2026-04_expectancy_R,2026-04_funnel_model_available,2026-04_funnel_training_candidates,2026-04_funnel_calibration_month,2026-04_funnel_calibration_candidates,2026-04_funnel_calibration_base_rate,2026-04_funnel_calibration_brier,2026-04_funnel_raw_structural_candidates,2026-04_funnel_probability_threshold,2026-04_funnel_quantile,2026-04_funnel_score_drift,2026-04_funnel_raw_eval_after_probability,2026-04_funnel_capped_eval_candidates,2026-04_funnel_after_cooldown,2026-05_trades,2026-05_wins,2026-05_win_rate,2026-05_avg_win_R,2026-05_avg_loss_R,2026-05_avg_win_loss_ratio,2026-05_profit_factor,2026-05_net_R,2026-05_max_drawdown_R,2026-05_expectancy_R,2026-05_funnel_model_available,2026-05_funnel_training_candidates,2026-05_funnel_calibration_month,2026-05_funnel_calibration_candidates,2026-05_funnel_calibration_base_rate,2026-05_funnel_calibration_brier,2026-05_funnel_raw_structural_candidates,2026-05_funnel_probability_threshold,2026-05_funnel_quantile,2026-05_funnel_score_drift,2026-05_funnel_raw_eval_after_probability,2026-05_funnel_capped_eval_candidates,2026-05_funnel_after_cooldown
0,趋势多头,1,278b33d5e2687291,3645.470680719829,False,开发月最低胜率过低|累计胜率过低|累计盈利因子不足|累计净R非正,10,0.42,0.65,1,1.8,1.1,0.003,180,0.9,0.08,48,0.38,2,0.035,220,5.0,38,5,2,0.4,1.4650513745844584,1.333544348853198,1.098614662380259,0.7324097749201727,-1.0705302973906778,1.3335455977361126,-0.21410605947813557,True,786,2025-11,231,0.2727272727272727,0.1952190789758844,353,0.42,0.65,0.0021881854288602343,6,6,5,0,0,0.0,0.0,0.0,0.0,0.0,0.0,0.0,0.0,True,1017,2025-12,353,0.24645892351274787,0.18367834269465322,308,0.42,0.65,0.0005040486833413627,0,0,0,5,2,0.4,1.464805153077104,1.323655579185278,1.106636179464982,0.7377574529766547,-1.041356431401626,2.6675930739993103,-0.20827128628032518,True,1370,2026-01,308,0.24025974025974026,0.17208038344309676,187,0.42,0.65,0.04104254162914331,5,5,5,3,1,0.3333333333333333,1.4736867354959722,0.252484183621689,5.836748719690412,2.918374359845206,0.9687183682525942,0.504968367243378,0.3229061227508647,True,1678,2026-02,187,0.25133689839572193,0.1817787497331855,411,0.42,0.65,-0.0046811869873182865,28,10,3,0,0,0.0,0.0,0.0,0.0,0.0,0.0,0.0,0.0,True,1865,2026-03,411,0.22384428223844283,0.17353953795475288,489,0.42,0.65,0.004785340123055815,0,0,0,4,2,0.5,1.4649433901115492,1.333654281210048,1.0984431353396775,1.0984431353396775,0.2625782178030023,2.667308562420096,0.06564455445075057,True,2276,2026-04,489,0.2310838445807771,0.17121146748210664,341,0.42,0.65,0.0037892066958905013,10,10,4
0,趋势多头,2,7e226a9205bf58de,3645.470680719829,False,开发月最低胜率过低|累计胜率过低|累计盈利因子不足|累计净R非正,10,0.42,0.75,1,1.8,1.1,0.003,180,0.9,0.08,48,0.38,2,0.035,220,5.0,38,5,2,0.4,1.4650513745844584,1.333544348853198,1.098614662380259,0.7324097749201727,-1.0705302973906778,1.3335455977361126,-0.21410605947813557,True,786,2025-11,231,0.2727272727272727,0.1952190789758844,353,0.42,0.75,0.0021881854288602343,6,6,5,0,0,0.0,0.0,0.0,0.0,0.0,0.0,0.0,0.0,True,1017,2025-12,353,0.24645892351274787,0.18367834269465322,308,0.42,0.75,0.0005040486833413627,0,0,0,5,2,0.4,1.464805153077104,1.323655579185278,1.106636179464982,0.7377574529766547,-1.041356431401626,2.6675930739993103,-0.20827128628032518,True,1370,2026-01,308,0.24025974025974026,0.17208038344309676,187,0.42,0.75,0.04104254162914331,5,5,5,3,1,0.3333333333333333,1.4736867354959722,0.252484183621689,5.836748719690412,2.918374359845206,0.9687183682525942,0.504968367243378,0.3229061227508647,True,1678,2026-02,187,0.25133689839572193,0.1817787497331855,411,0.42,0.75,-0.0046811869873182865,28,10,3,0,0,0.0,0.0,0.0,0.0,0.0,0.0,0.0,0.0,True,1865,2026-03,411,0.22384428223844283,0.17353953795475288,489,0.42,0.75,0.004785340123055815,0,0,0,4,2,0.5,1.4649433901115492,1.333654281210048,1.0984431353396775,1.0984431353396775,0.2625782178030023,2.667308562420096,0.06564455445075057,True,2276,2026-04,489,0.2310838445807771,0.17121146748210664,341,0.42,0.75,0.0037892066958905013,10,10,4
0,趋势多头,3,ce0e89c110db9d8d,3645.470680719829,False,开发月最低胜率过低|累计胜率过低|累计盈利因子不足|累计净R非正,10,0.42,0.85,1,1.8,1.1,0.003,180,0.9,0.08,48,0.38,2,0.035,220,5.0,38,5,2,0.4,1.4650513745844584,1.333544348853198,1.098614662380259,0.7324097749201727,-1.0705302973906778,1.3335455977361126,-0.21410605947813557,True,786,2025-11,231,0.2727272727272727,0.1952190789758844,353,0.42,0.85,0.0021881854288602343,6,6,5,0,0,0.0,0.0,0.0,0.0,0.0,0.0,0.0,0.0,True,1017,2025-12,353,0.24645892351274787,0.18367834269465322,308,0.42,0.85,0.0005040486833413627,0,0,0,5,2,0.4,1.464805153077104,1.323655579185278,1.106636179464982,0.7377574529766547,-1.041356431401626,2.6675930739993103,-0.20827128628032518,True,1370,2026-01,308,0.24025974025974026,0.17208038344309676,187,0.42,0.85,0.04104254162914331,5,5,5,3,1,0.3333333333333333,1.4736867354959722,0.252484183621689,5.836748719690412,2.918374359845206,0.9687183682525942,0.504968367243378,0.3229061227508647,True,1678,2026-02,187,0.25133689839572193,0.1817787497331855,411,0.42,0.85,-0.0046811869873182865,28,10,3,0,0,0.0,0.0,0.0,0.0,0.0,0.0,0.0,0.0,True,1865,2026-03,411,0.22384428223844283,0.17353953795475288,489,0.42,0.85,0.004785340123055815,0,0,0,4,2,0.5,1.4649433901115492,1.333654281210048,1.0984431353396775,1.0984431353396775,0.2625782178030023,2.667308562420096,0.06564455445075057,True,2276,2026-04,489,0.2310838445807771,0.17121146748210664,341,0.42,0.85,0.0037892066958905013,10,10,4
0,趋势多头,4,30f487801a0847b5,3374.5457733693265,False,开发月最低胜率过低|累计胜率过低|多月负期望|累计盈利因子不足|累计净R非正,14,0.42,0.65,1,1.8,1.1,0.003,180,0.9,0.08,48,0.38,2,0.035,220,5.0,38,5,2,0.4,1.4650513745844584,1.333544348853198,1.098614662380259,0.7324097749201727,-1.0705302973906778,1.3335455977361126,-0.21410605947813557,True,786,2025-11,231,0.2727272727272727,0.1952190789758844,353,0.42,0.65,0.0021881854288602343,6,6,5,0,0,0.0,0.0,0.0,0.0,0.0,0.0,0.0,0.0,True,1017,2025-12,353,0.24645892351274787,0.18367834269465322,308,0.42,0.65,0.0005040486833413627,0,0,0,5,2,0.4,1.464805153077104,1.323655579185278,1.106636179464982,0.7377574529766547,-1.041356431401626,2.6675930739993103,-0.20827128628032518,True,1370,2026-01,308,0.24025974025974026,0.17208038344309676,187,0.42,0.65,0.04104254162914331,5,5,5,4,1,0.25,1.4736867354959722,0.6129177142630295,2.404379415380299,0.8014598051267664,-0.36506640729311646,1.3337847755457106,-0.09126660182327911,True,1678,2026-02,187,0.25133689839572193,0.1817787497331855,411,0.42,0.65,-0.0046811869873182865,28,14,4,0,0,0.0,0.0,0.0,0.0,0.0,0.0,0.0,0.0,True,1865,2026-03,411,0.22384428223844283,0.17353953795475288,489,0.42,0.65,0.004785340123055815,0,0,0,4,2,0.5,1.4649433901115492,1.333654281210048,1.0984431353396775,1.0984431353396775,0.2625782178030023,2.667308562420096,0.06564455445075057,True,2276,2026-04,489,0.2310838445807771,0.17121146748210664,341,0.42,0.65,0.0037892066958905013,10,10,4
0,趋势多头,5,77b94c62fa818193,3374.5457733693265,False,开发月最低胜率过低|累计胜率过低|多月负期望|累计盈利因子不足|累计净R非正,14,0.42,0.75,1,1.8,1.1,0.003,180,0.9,0.08,48,0.38,2,0.035,220,5.0,38,5,2,0.4,1.4650513745844584,1.333544348853198,1.098614662380259,0.7324097749201727,-1.0705302973906778,1.3335455977361126,-0.21410605947813557,True,786,2025-11,231,0.2727272727272727,0.1952190789758844,353,0.42,0.75,0.0021881854288602343,6,6,5,0,0,0.0,0.0,0.0,0.0,0.0,0.0,0.0,0.0,True,1017,2025-12,353,0.24645892351274787,0.18367834269465322,308,0.42,0.75,0.0005040486833413627,0,0,0,5,2,0.4,1.464805153077104,1.323655579185278,1.106636179464982,0.7377574529766547,-1.041356431401626,2.6675930739993103,-0.20827128628032518,True,1370,2026-01,308,0.24025974025974026,0.17208038344309676,187,0.42,0.75,0.04104254162914331,5,5,5,4,1,0.25,1.4736867354959722,0.6129177142630295,2.404379415380299,0.8014598051267664,-0.36506640729311646,1.3337847755457106,-0.09126660182327911,True,1678,2026-02,187,0.25133689839572193,0.1817787497331855,411,0.42,0.75,-0.0046811869873182865,28,14,4,0,0,0.0,0.0,0.0,0.0,0.0,0.0,0.0,0.0,True,1865,2026-03,411,0.22384428223844283,0.17353953795475288,489,0.42,0.75,0.004785340123055815,0,0,0,4,2,0.5,1.4649433901115492,1.333654281210048,1.0984431353396775,1.0984431353396775,0.2625782178030023,2.667308562420096,0.06564455445075057,True,2276,2026-04,489,0.2310838445807771,0.17121146748210664,341,0.42,0.75,0.0037892066958905013,10,10,4
0,趋势多头,6,891800dc09b61cfe,3374.5457733693265,False,开发月最低胜率过低|累计胜率过低|多月负期望|累计盈利因子不足|累计净R非正,14,0.42,0.85,1,1.8,1.1,0.003,180,0.9,0.08,48,0.38,2,0.035,220,5.0,38,5,2,0.4,1.4650513745844584,1.333544348853198,1.098614662380259,0.7324097749201727,-1.0705302973906778,1.3335455977361126,-0.21410605947813557,True,786,2025-11,231,0.2727272727272727,0.1952190789758844,353,0.42,0.85,0.0021881854288602343,6,6,5,0,0,0.0,0.0,0.0,0.0,0.0,0.0,0.0,0.0,True,1017,2025-12,353,0.24645892351274787,0.18367834269465322,308,0.42,0.85,0.0005040486833413627,0,0,0,5,2,0.4,1.464805153077104,1.323655579185278,1.106636179464982,0.7377574529766547,-1.041356431401626,2.6675930739993103,-0.20827128628032518,True,1370,2026-01,308,0.24025974025974026,0.17208038344309676,187,0.42,0.85,0.04104254162914331,5,5,5,4,1,0.25,1.4736867354959722,0.6129177142630295,2.404379415380299,0.8014598051267664,-0.36506640729311646,1.3337847755457106,-0.09126660182327911,True,1678,2026-02,187,0.25133689839572193,0.1817787497331855,411,0.42,0.85,-0.0046811869873182865,28,14,4,0,0,0.0,0.0,0.0,0.0,0.0,0.0,0.0,0.0,True,1865,2026-03,411,0.22384428223844283,0.17353953795475288,489,0.42,0.85,0.004785340123055815,0,0,0,4,2,0.5,1.4649433901115492,1.333654281210048,1.0984431353396775,1.0984431353396775,0.2625782178030023,2.667308562420096,0.06564455445075057,True,2276,2026-04,489,0.2310838445807771,0.17121146748210664,341,0.42,0.85,0.0037892066958905013,10,10,4
0,趋势多头,7,ff7c335e02a17f2f,3351.3851595922565,False,开发月最低胜率过低|累计胜率过低|多月负期望|累计盈利因子不足|累计净R非正,6,0.34,0.65,1,1.8,1.1,0.003,180,0.9,0.08,48,0.38,2,0.035,220,5.0,38,3,2,0.6666666666666666,1.4650496069337224,0.25410275425841633,5.765579405895784,11.531158811791569,2.6759964596090287,0.25410275425841633,0.8919988198696762,True,786,2025-11,231,0.2727272727272727,0.1952190789758844,353,0.34,0.65,0.0021881854288602343,49,6,3,2,0,0.0,0.0,0.7938250911746433,0.0,0.0,-1.5876501823492866,1.5876501823492866,-0.7938250911746433,True,1017,2025-12,353,0.24645892351274787,0.18367834269465322,308,0.34,0.65,0.0005040486833413627,2,2,2,4,1,0.25,1.464824126761777,0.9638192628660261,1.5198120469246028,0.5066040156415342,-1.4266336618363014,2.8914577885980783,-0.35665841545907534,True,1370,2026-01,308,0.24025974025974026,0.17208038344309676,187,0.34,0.65,0.04104254162914331,40,6,4,1,0,0.0,0.0,0.25059518531138525,0.0,0.0,-0.25059518531138525,0.25059518531138525,-0.25059518531138525,True,1678,2026-02,187,0.25133689839572193,0.1817787497331855,411,0.34,0.65,-0.0046811869873182865,60,6,1,0,0,0.0,0.0,0.0,0.0,0.0,0.0,0.0,0.0,True,1865,2026-03,411,0.22384428223844283,0.17353953795475288,489,0.34,0.65,0.004785340123055815,0,0,0,2,1,0.5,1.4649155358999162,1.3336578673809523,1.0984192960798325,1.0984192960798325,0.13125766851896392,1.3336578673809523,0.06562883425948196,True,2276,2026-04,489,0.2310838445807771,0.17121146748210664,341,0.34,0.65,0.0037892066958905013,38,6,2
0,趋势多头,8,47d2de26b7b4df96,3351.3851595922565,False,开发月最低胜率过低|累计胜率过低|多月负期望|累计盈利因子不足|累计净R非正,6,0.34,0.65,3,1.8,1.1,0.003,180,0.9,0.08,48,0.38,2,0.035,220,5.0,38,3,2,0.6666666666666666,1.4650496069337224,0.25410275425841633,5.765579405895784,11.531158811791569,2.6759964596090287,0.25410275425841633,0.8919988198696762,True,786,2025-11,231,0.2727272727272727,0.1952190789758844,353,0.34,0.65,0.0021881854288602343,49,6,3,2,0,0.0,0.0,0.7938250911746433,0.0,0.0,-1.5876501823492866,1.5876501823492866,-0.7938250911746433,True,1017,2025-12,353,0.24645892351274787,0.18367834269465322,308,0.34,0.65,0.0005040486833413627,2,2,2,4,1,0.25,1.464824126761777,0.9638192628660261,1.5198120469246028,0.5066040156415342,-1.4266336618363014,2.8914577885980783,-0.35665841545907534,True,1370,2026-01,308,0.24025974025974026,0.17208038344309676,187,0.34,0.65,0.04104254162914331,40,6,4,1,0,0.0,0.0,0.25059518531138525,0.0,0.0,-0.25059518531138525,0.25059518531138525,-0.25059518531138525,True,1678,2026-02,187,0.25133689839572193,0.1817787497331855,411,0.34,0.65,-0.0046811869873182865,60,6,1,0,0,0.0,0.0,0.0,0.0,0.0,0.0,0.0,0.0,True,1865,2026-03,411,0.22384428223844283,0.17353953795475288,489,0.34,0.65,0.004785340123055815,0,0,0,2,1,0.5,1.4649155358999162,1.3336578673809523,1.0984192960798325,1.0984192960798325,0.13125766851896392,1.3336578673809523,0.06562883425948196,True,2276,2026-04,489,0.2310838445807771,0.17121146748210664,341,0.34,0.65,0.0037892066958905013,38,6,2
0,趋势多头,9,0e666c53c1443057,3351.3851595922565,False,开发月最低胜率过低|累计胜率过低|多月负期望|累计盈利因子不足|累计净R非正,6,0.34,0.65,6,1.8,1.1,0.003,180,0.9,0.08,48,0.38,2,0.035,220,5.0,38,3,2,0.6666666666666666,1.4650496069337224,0.25410275425841633,5.765579405895784,11.531158811791569,2.6759964596090287,0.25410275425841633,0.8919988198696762,True,786,2025-11,231,0.2727272727272727,0.1952190789758844,353,0.34,0.65,0.0021881854288602343,49,6,3,2,0,0.0,0.0,0.7938250911746433,0.0,0.0,-1.5876501823492866,1.5876501823492866,-0.7938250911746433,True,1017,2025-12,353,0.24645892351274787,0.18367834269465322,308,0.34,0.65,0.0005040486833413627,2,2,2,4,1,0.25,1.464824126761777,0.9638192628660261,1.5198120469246028,0.5066040156415342,-1.4266336618363014,2.8914577885980783,-0.35665841545907534,True,1370,2026-01,308,0.24025974025974026,0.17208038344309676,187,0.34,0.65,0.04104254162914331,40,6,4,1,0,0.0,0.0,0.25059518531138525,0.0,0.0,-0.25059518531138525,0.25059518531138525,-0.25059518531138525,True,1678,2026-02,187,0.25133689839572193,0.1817787497331855,411,0.34,0.65,-0.0046811869873182865,60,6,1,0,0,0.0,0.0,0.0,0.0,0.0,0.0,0.0,0.0,True,1865,2026-03,411,0.22384428223844283,0.17353953795475288,489,0.34,0.65,0.004785340123055815,0,0,0,2,1,0.5,1.4649155358999162,1.3336578673809523,1.0984192960798325,1.0984192960798325,0.13125766851896392,1.3336578673809523,0.06562883425948196,True,2276,2026-04,489,0.2310838445807771,0.17121146748210664,341,0.34,0.65,0.0037892066958905013,38,6,2
0,趋势多头,10,f0e5b738fb35bc74,3351.3851595922565,False,开发月最低胜率过低|累计胜率过低|多月负期望|累计盈利因子不足|累计净R非正,6,0.34,0.75,1,1.8,1.1,0.003,180,0.9,0.08,48,0.38,2,0.035,220,5.0,38,3,2,0.6666666666666666,1.4650496069337224,0.25410275425841633,5.765579405895784,11.531158811791569,2.6759964596090287,0.25410275425841633,0.8919988198696762,True,786,2025-11,231,0.2727272727272727,0.1952190789758844,353,0.34,0.75,0.0021881854288602343,49,6,3,2,0,0.0,0.0,0.7938250911746433,0.0,0.0,-1.5876501823492866,1.5876501823492866,-0.7938250911746433,True,1017,2025-12,353,0.24645892351274787,0.18367834269465322,308,0.34,0.75,0.0005040486833413627,2,2,2,4,1,0.25,1.464824126761777,0.9638192628660261,1.5198120469246028,0.5066040156415342,-1.4266336618363014,2.8914577885980783,-0.35665841545907534,True,1370,2026-01,308,0.24025974025974026,0.17208038344309676,187,0.34,0.75,0.04104254162914331,40,6,4,1,0,0.0,0.0,0.25059518531138525,0.0,0.0,-0.25059518531138525,0.25059518531138525,-0.25059518531138525,True,1678,2026-02,187,0.25133689839572193,0.1817787497331855,411,0.34,0.75,-0.0046811869873182865,60,6,1,0,0,0.0,0.0,0.0,0.0,0.0,0.0,0.0,0.0,True,1865,2026-03,411,0.22384428223844283,0.17353953795475288,489,0.34,0.75,0.004785340123055815,0,0,0,2,1,0.5,1.4649155358999162,1.3336578673809523,1.0984192960798325,1.0984192960798325,0.13125766851896392,1.3336578673809523,0.06562883425948196,True,2276,2026-04,489,0.2310838445807771,0.17121146748210664,341,0.34,0.75,0.0037892066958905013,38,6,2
0,趋势多头,11,db961fc5638fd8de,3351.3851595922565,False,开发月最低胜率过低|累计胜率过低|多月负期望|累计盈利因子不足|累计净R非正,6,0.34,0.75,3,1.8,1.1,0.003,180,0.9,0.08,48,0.38,2,0.035,220,5.0,38,3,2,0.6666666666666666,1.4650496069337224,0.25410275425841633,5.765579405895784,11.531158811791569,2.6759964596090287,0.25410275425841633,0.8919988198696762,True,786,2025-11,231,0.2727272727272727,0.1952190789758844,353,0.34,0.75,0.0021881854288602343,49,6,3,2,0,0.0,0.0,0.7938250911746433,0.0,0.0,-1.5876501823492866,1.5876501823492866,-0.7938250911746433,True,1017,2025-12,353,0.24645892351274787,0.18367834269465322,308,0.34,0.75,0.0005040486833413627,2,2,2,4,1,0.25,1.464824126761777,0.9638192628660261,1.5198120469246028,0.5066040156415342,-1.4266336618363014,2.8914577885980783,-0.35665841545907534,True,1370,2026-01,308,0.24025974025974026,0.17208038344309676,187,0.34,0.75,0.04104254162914331,40,6,4,1,0,0.0,0.0,0.25059518531138525,0.0,0.0,-0.25059518531138525,0.25059518531138525,-0.25059518531138525,True,1678,2026-02,187,0.25133689839572193,0.1817787497331855,411,0.34,0.75,-0.0046811869873182865,60,6,1,0,0,0.0,0.0,0.0,0.0,0.0,0.0,0.0,0.0,True,1865,2026-03,411,0.22384428223844283,0.17353953795475288,489,0.34,0.75,0.004785340123055815,0,0,0,2,1,0.5,1.4649155358999162,1.3336578673809523,1.0984192960798325,1.0984192960798325,0.13125766851896392,1.3336578673809523,0.06562883425948196,True,2276,2026-04,489,0.2310838445807771,0.17121146748210664,341,0.34,0.75,0.0037892066958905013,38,6,2
0,趋势多头,12,f232b0f0cb0dd752,3351.3851595922565,False,开发月最低胜率过低|累计胜率过低|多月负期望|累计盈利因子不足|累计净R非正,6,0.34,0.75,6,1.8,1.1,0.003,180,0.9,0.08,48,0.38,2,0.035,220,5.0,38,3,2,0.6666666666666666,1.4650496069337224,0.25410275425841633,5.765579405895784,11.531158811791569,2.6759964596090287,0.25410275425841633,0.8919988198696762,True,786,2025-11,231,0.2727272727272727,0.1952190789758844,353,0.34,0.75,0.0021881854288602343,49,6,3,2,0,0.0,0.0,0.7938250911746433,0.0,0.0,-1.5876501823492866,1.5876501823492866,-0.7938250911746433,True,1017,2025-12,353,0.24645892351274787,0.18367834269465322,308,0.34,0.75,0.0005040486833413627,2,2,2,4,1,0.25,1.464824126761777,0.9638192628660261,1.5198120469246028,0.5066040156415342,-1.4266336618363014,2.8914577885980783,-0.35665841545907534,True,1370,2026-01,308,0.24025974025974026,0.17208038344309676,187,0.34,0.75,0.04104254162914331,40,6,4,1,0,0.0,0.0,0.25059518531138525,0.0,0.0,-0.25059518531138525,0.25059518531138525,-0.25059518531138525,True,1678,2026-02,187,0.25133689839572193,0.1817787497331855,411,0.34,0.75,-0.0046811869873182865,60,6,1,0,0,0.0,0.0,0.0,0.0,0.0,0.0,0.0,0.0,True,1865,2026-03,411,0.22384428223844283,0.17353953795475288,489,0.34,0.75,0.004785340123055815,0,0,0,2,1,0.5,1.4649155358999162,1.3336578673809523,1.0984192960798325,1.0984192960798325,0.13125766851896392,1.3336578673809523,0.06562883425948196,True,2276,2026-04,489,0.2310838445807771,0.17121146748210664,341,0.34,0.75,0.0037892066958905013,38,6,2
0,趋势多头,13,742e7726e3eff6d3,3351.3851595922565,False,开发月最低胜率过低|累计胜率过低|多月负期望|累计盈利因子不足|累计净R非正,6,0.34,0.85,1,1.8,1.1,0.003,180,0.9,0.08,48,0.38,2,0.035,220,5.0,38,3,2,0.6666666666666666,1.4650496069337224,0.25410275425841633,5.765579405895784,11.531158811791569,2.6759964596090287,0.25410275425841633,0.8919988198696762,True,786,2025-11,231,0.2727272727272727,0.1952190789758844,353,0.34,0.85,0.0021881854288602343,41,6,3,2,0,0.0,0.0,0.7938250911746433,0.0,0.0,-1.5876501823492866,1.5876501823492866,-0.7938250911746433,True,1017,2025-12,353,0.24645892351274787,0.18367834269465322,308,0.34,0.85,0.0005040486833413627,2,2,2,4,1,0.25,1.464824126761777,0.9638192628660261,1.5198120469246028,0.5066040156415342,-1.4266336618363014,2.8914577885980783,-0.35665841545907534,True,1370,2026-01,308,0.24025974025974026,0.17208038344309676,187,0.34,0.85,0.04104254162914331,38,6,4,1,0,0.0,0.0,0.25059518531138525,0.0,0.0,-0.25059518531138525,0.25059518531138525,-0.25059518531138525,True,1678,2026-02,187,0.25133689839572193,0.1817787497331855,411,0.34,0.85,-0.0046811869873182865,60,6,1,0,0,0.0,0.0,0.0,0.0,0.0,0.0,0.0,0.0,True,1865,2026-03,411,0.22384428223844283,0.17353953795475288,489,0.34,0.85,0.004785340123055815,0,0,0,2,1,0.5,1.4649155358999162,1.3336578673809523,1.0984192960798325,1.0984192960798325,0.13125766851896392,1.3336578673809523,0.06562883425948196,True,2276,2026-04,489,0.2310838445807771,0.17121146748210664,341,0.34,0.85,0.0037892066958905013,38,6,2
0,趋势多头,14,ed3ee21c366f8fae,3351.3851595922565,False,开发月最低胜率过低|累计胜率过低|多月负期望|累计盈利因子不足|累计净R非正,6,0.34,0.85,3,1.8,1.1,0.003,180,0.9,0.08,48,0.38,2,0.035,220,5.0,38,3,2,0.6666666666666666,1.4650496069337224,0.25410275425841633,5.765579405895784,11.531158811791569,2.6759964596090287,0.25410275425841633,0.8919988198696762,True,786,2025-11,231,0.2727272727272727,0.1952190789758844,353,0.34,0.85,0.0021881854288602343,41,6,3,2,0,0.0,0.0,0.7938250911746433,0.0,0.0,-1.5876501823492866,1.5876501823492866,-0.7938250911746433,True,1017,2025-12,353,0.24645892351274787,0.18367834269465322,308,0.34,0.85,0.0005040486833413627,2,2,2,4,1,0.25,1.464824126761777,0.9638192628660261,1.5198120469246028,0.5066040156415342,-1.4266336618363014,2.8914577885980783,-0.35665841545907534,True,1370,2026-01,308,0.24025974025974026,0.17208038344309676,187,0.34,0.85,0.04104254162914331,38,6,4,1,0,0.0,0.0,0.25059518531138525,0.0,0.0,-0.25059518531138525,0.25059518531138525,-0.25059518531138525,True,1678,2026-02,187,0.25133689839572193,0.1817787497331855,411,0.34,0.85,-0.0046811869873182865,60,6,1,0,0,0.0,0.0,0.0,0.0,0.0,0.0,0.0,0.0,True,1865,2026-03,411,0.22384428223844283,0.17353953795475288,489,0.34,0.85,0.004785340123055815,0,0,0,2,1,0.5,1.4649155358999162,1.3336578673809523,1.0984192960798325,1.0984192960798325,0.13125766851896392,1.3336578673809523,0.06562883425948196,True,2276,2026-04,489,0.2310838445807771,0.17121146748210664,341,0.34,0.85,0.0037892066958905013,38,6,2
0,趋势多头,15,c8d6b54ce290e061,3351.3851595922565,False,开发月最低胜率过低|累计胜率过低|多月负期望|累计盈利因子不足|累计净R非正,6,0.34,0.85,6,1.8,1.1,0.003,180,0.9,0.08,48,0.38,2,0.035,220,5.0,38,3,2,0.6666666666666666,1.4650496069337224,0.25410275425841633,5.765579405895784,11.531158811791569,2.6759964596090287,0.25410275425841633,0.8919988198696762,True,786,2025-11,231,0.2727272727272727,0.1952190789758844,353,0.34,0.85,0.0021881854288602343,41,6,3,2,0,0.0,0.0,0.7938250911746433,0.0,0.0,-1.5876501823492866,1.5876501823492866,-0.7938250911746433,True,1017,2025-12,353,0.24645892351274787,0.18367834269465322,308,0.34,0.85,0.0005040486833413627,2,2,2,4,1,0.25,1.464824126761777,0.9638192628660261,1.5198120469246028,0.5066040156415342,-1.4266336618363014,2.8914577885980783,-0.35665841545907534,True,1370,2026-01,308,0.24025974025974026,0.17208038344309676,187,0.34,0.85,0.04104254162914331,38,6,4,1,0,0.0,0.0,0.25059518531138525,0.0,0.0,-0.25059518531138525,0.25059518531138525,-0.25059518531138525,True,1678,2026-02,187,0.25133689839572193,0.1817787497331855,411,0.34,0.85,-0.0046811869873182865,60,6,1,0,0,0.0,0.0,0.0,0.0,0.0,0.0,0.0,0.0,True,1865,2026-03,411,0.22384428223844283,0.17353953795475288,489,0.34,0.85,0.004785340123055815,0,0,0,2,1,0.5,1.4649155358999162,1.3336578673809523,1.0984192960798325,1.0984192960798325,0.13125766851896392,1.3336578673809523,0.06562883425948196,True,2276,2026-04,489,0.2310838445807771,0.17121146748210664,341,0.34,0.85,0.0037892066958905013,38,6,2
0,趋势多头,16,d9669c7d2df854c6,3248.6775349983795,False,开发月最低胜率过低|累计胜率过低|多月负期望|累计盈利因子不足|累计净R非正,6,0.42,0.65,1,1.8,1.1,0.003,180,0.9,0.08,48,0.38,2,0.035,220,5.0,38,5,2,0.4,1.4650513745844584,1.333544348853198,1.098614662380259,0.7324097749201727,-1.0705302973906778,1.3335455977361126,-0.21410605947813557,True,786,2025-11,231,0.2727272727272727,0.1952190789758844,353,0.42,0.65,0.0021881854288602343,6,6,5,0,0,0.0,0.0,0.0,0.0,0.0,0.0,0.0,0.0,True,1017,2025-12,353,0.24645892351274787,0.18367834269465322,308,0.42,0.65,0.0005040486833413627,0,0,0,5,2,0.4,1.464805153077104,1.323655579185278,1.106636179464982,0.7377574529766547,-1.041356431401626,2.6675930739993103,-0.20827128628032518,True,1370,2026-01,308,0.24025974025974026,0.17208038344309676,187,0.42,0.65,0.04104254162914331,5,5,5,1,0,0.0,0.0,0.25059518531138525,0.0,0.0,-0.25059518531138525,0.25059518531138525,-0.25059518531138525,True,1678,2026-02,187,0.25133689839572193,0.1817787497331855,411,0.42,0.65,-0.0046811869873182865,28,6,1,0,0,0.0,0.0,0.0,0.0,0.0,0.0,0.0,0.0,True,1865,2026-03,411,0.22384428223844283,0.17353953795475288,489,0.42,0.65,0.004785340123055815,0,0,0,3,1,0.3333333333333333,1.4649465591551063,1.333654281210048,1.0984455115503655,0.5492227557751828,-1.2023620032649898,2.667308562420096,-0.40078733442166325,True,2276,2026-04,489,0.2310838445807771,0.17121146748210664,341,0.42,0.65,0.0037892066958905013,10,6,3
0,趋势多头,17,f785080d557af68e,3248.6775349983795,False,开发月最低胜率过低|累计胜率过低|多月负期望|累计盈利因子不足|累计净R非正,6,0.42,0.75,1,1.8,1.1,0.003,180,0.9,0.08,48,0.38,2,0.035,220,5.0,38,5,2,0.4,1.4650513745844584,1.333544348853198,1.098614662380259,0.7324097749201727,-1.0705302973906778,1.3335455977361126,-0.21410605947813557,True,786,2025-11,231,0.2727272727272727,0.1952190789758844,353,0.42,0.75,0.0021881854288602343,6,6,5,0,0,0.0,0.0,0.0,0.0,0.0,0.0,0.0,0.0,True,1017,2025-12,353,0.24645892351274787,0.18367834269465322,308,0.42,0.75,0.0005040486833413627,0,0,0,5,2,0.4,1.464805153077104,1.323655579185278,1.106636179464982,0.7377574529766547,-1.041356431401626,2.6675930739993103,-0.20827128628032518,True,1370,2026-01,308,0.24025974025974026,0.17208038344309676,187,0.42,0.75,0.04104254162914331,5,5,5,1,0,0.0,0.0,0.25059518531138525,0.0,0.0,-0.25059518531138525,0.25059518531138525,-0.25059518531138525,True,1678,2026-02,187,0.25133689839572193,0.1817787497331855,411,0.42,0.75,-0.0046811869873182865,28,6,1,0,0,0.0,0.0,0.0,0.0,0.0,0.0,0.0,0.0,True,1865,2026-03,411,0.22384428223844283,0.17353953795475288,489,0.42,0.75,0.004785340123055815,0,0,0,3,1,0.3333333333333333,1.4649465591551063,1.333654281210048,1.0984455115503655,0.5492227557751828,-1.2023620032649898,2.667308562420096,-0.40078733442166325,True,2276,2026-04,489,0.2310838445807771,0.17121146748210664,341,0.42,0.75,0.0037892066958905013,10,6,3
0,趋势多头,18,6d5d093ff9fcc53c,3248.6775349983795,False,开发月最低胜率过低|累计胜率过低|多月负期望|累计盈利因子不足|累计净R非正,6,0.42,0.85,1,1.8,1.1,0.003,180,0.9,0.08,48,0.38,2,0.035,220,5.0,38,5,2,0.4,1.4650513745844584,1.333544348853198,1.098614662380259,0.7324097749201727,-1.0705302973906778,1.3335455977361126,-0.21410605947813557,True,786,2025-11,231,0.2727272727272727,0.1952190789758844,353,0.42,0.85,0.0021881854288602343,6,6,5,0,0,0.0,0.0,0.0,0.0,0.0,0.0,0.0,0.0,True,1017,2025-12,353,0.24645892351274787,0.18367834269465322,308,0.42,0.85,0.0005040486833413627,0,0,0,5,2,0.4,1.464805153077104,1.323655579185278,1.106636179464982,0.7377574529766547,-1.041356431401626,2.6675930739993103,-0.20827128628032518,True,1370,2026-01,308,0.24025974025974026,0.17208038344309676,187,0.42,0.85,0.04104254162914331,5,5,5,1,0,0.0,0.0,0.25059518531138525,0.0,0.0,-0.25059518531138525,0.25059518531138525,-0.25059518531138525,True,1678,2026-02,187,0.25133689839572193,0.1817787497331855,411,0.42,0.85,-0.0046811869873182865,28,6,1,0,0,0.0,0.0,0.0,0.0,0.0,0.0,0.0,0.0,True,1865,2026-03,411,0.22384428223844283,0.17353953795475288,489,0.42,0.85,0.004785340123055815,0,0,0,3,1,0.3333333333333333,1.4649465591551063,1.333654281210048,1.0984455115503655,0.5492227557751828,-1.2023620032649898,2.667308562420096,-0.40078733442166325,True,2276,2026-04,489,0.2310838445807771,0.17121146748210664,341,0.42,0.85,0.0037892066958905013,10,6,3
0,趋势多头,19,72183397c1b25ffc,3175.734671495026,False,开发月最低胜率过低|累计胜率过低|累计盈利因子不足|累计净R非正,10,0.38,0.65,1,1.8,1.1,0.003,180,0.9,0.08,48,0.38,2,0.035,220,5.0,38,5,2,0.4,1.4650513745844584,0.6139079110955824,2.3864350794403713,1.5909567196269139,1.0883790158821691,1.3335447016752293,0.2176758031764338,True,786,2025-11,231,0.2727272727272727,0.1952190789758844,353,0.38,0.65,0.0021881854288602343,24,10,5,0,0,0.0,0.0,0.0,0.0,0.0,0.0,0.0,0.0,True,1017,2025-12,353,0.24645892351274787,0.18367834269465322,308,0.38,0.65,0.0005040486833413627,0,0,0,6,2,0.3333333333333333,1.4648167135450818,1.313534577837141,1.115171795444503,0.5575858977222515,-2.3245048842584,3.95076464779204,-0.3874174807097333,True,1370,2026-01,308,0.24025974025974026,0.17208038344309676,187,0.38,0.65,0.04104254162914331,20,10,6,2,0,0.0,0.0,0.25248409371007663,0.0,0.0,-0.5049681874201533,0.5049681874201533,-0.25248409371007663,True,1678,2026-02,187,0.25133689839572193,0.1817787497331855,411,0.38,0.65,-0.0046811869873182865,42,10,2,0,0,0.0,0.0,0.0,0.0,0.0,0.0,0.0,0.0,True,1865,2026-03,411,0.22384428223844283,0.17353953795475288,489,0.38,0.65,0.004785340123055815,0,0,0,4,2,0.5,1.4649429176637998,1.333654281210048,1.0984427810891375,1.0984427810891375,0.26257727290750354,2.667308562420096,0.06564431822687589,True,2276,2026-04,489,0.2310838445807771,0.17121146748210664,341,0.38,0.65,0.0037892066958905013,21,10,4
0,趋势多头,20,f10cb69c696ee634,3175.734671495026,False,开发月最低胜率过低|累计胜率过低|累计盈利因子不足|累计净R非正,10,0.38,0.75,1,1.8,1.1,0.003,180,0.9,0.08,48,0.38,2,0.035,220,5.0,38,5,2,0.4,1.4650513745844584,0.6139079110955824,2.3864350794403713,1.5909567196269139,1.0883790158821691,1.3335447016752293,0.2176758031764338,True,786,2025-11,231,0.2727272727272727,0.1952190789758844,353,0.38,0.75,0.0021881854288602343,24,10,5,0,0,0.0,0.0,0.0,0.0,0.0,0.0,0.0,0.0,True,1017,2025-12,353,0.24645892351274787,0.18367834269465322,308,0.38,0.75,0.0005040486833413627,0,0,0,6,2,0.3333333333333333,1.4648167135450818,1.313534577837141,1.115171795444503,0.5575858977222515,-2.3245048842584,3.95076464779204,-0.3874174807097333,True,1370,2026-01,308,0.24025974025974026,0.17208038344309676,187,0.38,0.75,0.04104254162914331,20,10,6,2,0,0.0,0.0,0.25248409371007663,0.0,0.0,-0.5049681874201533,0.5049681874201533,-0.25248409371007663,True,1678,2026-02,187,0.25133689839572193,0.1817787497331855,411,0.38,0.75,-0.0046811869873182865,42,10,2,0,0,0.0,0.0,0.0,0.0,0.0,0.0,0.0,0.0,True,1865,2026-03,411,0.22384428223844283,0.17353953795475288,489,0.38,0.75,0.004785340123055815,0,0,0,4,2,0.5,1.4649429176637998,1.333654281210048,1.0984427810891375,1.0984427810891375,0.26257727290750354,2.667308562420096,0.06564431822687589,True,2276,2026-04,489,0.2310838445807771,0.17121146748210664,341,0.38,0.75,0.0037892066958905013,21,10,4
0,趋势多头,21,f390ec9d4fa43de0,3175.734671495026,False,开发月最低胜率过低|累计胜率过低|累计盈利因子不足|累计净R非正,10,0.38,0.85,1,1.8,1.1,0.003,180,0.9,0.08,48,0.38,2,0.035,220,5.0,38,5,2,0.4,1.4650513745844584,0.6139079110955824,2.3864350794403713,1.5909567196269139,1.0883790158821691,1.3335447016752293,0.2176758031764338,True,786,2025-11,231,0.2727272727272727,0.1952190789758844,353,0.38,0.85,0.0021881854288602343,24,10,5,0,0,0.0,0.0,0.0,0.0,0.0,0.0,0.0,0.0,True,1017,2025-12,353,0.24645892351274787,0.18367834269465322,308,0.38,0.85,0.0005040486833413627,0,0,0,6,2,0.3333333333333333,1.4648167135450818,1.313534577837141,1.115171795444503,0.5575858977222515,-2.3245048842584,3.95076464779204,-0.3874174807097333,True,1370,2026-01,308,0.24025974025974026,0.17208038344309676,187,0.38,0.85,0.04104254162914331,20,10,6,2,0,0.0,0.0,0.25248409371007663,0.0,0.0,-0.5049681874201533,0.5049681874201533,-0.25248409371007663,True,1678,2026-02,187,0.25133689839572193,0.1817787497331855,411,0.38,0.85,-0.0046811869873182865,42,10,2,0,0,0.0,0.0,0.0,0.0,0.0,0.0,0.0,0.0,True,1865,2026-03,411,0.22384428223844283,0.17353953795475288,489,0.38,0.85,0.004785340123055815,0,0,0,4,2,0.5,1.4649429176637998,1.333654281210048,1.0984427810891375,1.0984427810891375,0.26257727290750354,2.667308562420096,0.06564431822687589,True,2276,2026-04,489,0.2310838445807771,0.17121146748210664,341,0.38,0.85,0.0037892066958905013,21,10,4
0,趋势多头,22,3c30d6d023f69dcd,3156.988276771287,False,连续两个有机会开发月无交易|开发交易样本不足,10,0.34,0.65,1,2.0,1.2,0.0032,216,0.95,0.1,54,0.38,3,0.025,270,8.0,50,4,2,0.5,1.6858090740833662,1.3126923182859755,1.2842377841325232,1.2842377841325232,0.7462335115947814,2.625384636571951,0.18655837789869534,True,786,2025-11,231,0.2554112554112554,0.18634412293136468,353,0.34,0.65,-0.0026453242344369743,11,10,4,0,0,0.0,0.0,0.0,0.0,0.0,0.0,0.0,0.0,True,1017,2025-12,353,0.24929178470254956,0.18631939253326998,308,0.34,0.65,-0.001728438749313832,0,0,0,2,0,0.0,0.0,1.3128929426164029,0.0,0.0,-2.6257858852328058,2.6257858852328058,-1.3128929426164029,True,1370,2026-01,308,0.22402597402597402,0.1715966474492169,187,0.34,0.65,0.028696794711332324,3,3,2,0,0,0.0,0.0,0.0,0.0,0.0,0.0,0.0,0.0,True,1678,2026-02,187,0.22459893048128343,0.17397853220345305,411,0.34,0.65,-0.0050217584972579166,0,0,0,0,0,0.0,0.0,0.0,0.0,0.0,0.0,0.0,0.0,True,1865,2026-03,411,0.19464720194647203,0.15666862705509754,489,0.34,0.65,0.0004113122802914815,0,0,0,1,1,1.0,1.6857020649061454,0.0,0.0,0.0,1.6857020649061454,0.0,1.6857020649061454,True,2276,2026-04,489,0.2229038854805726,0.16768958687328792,341,0.34,0.65,0.027517124922014108,56,10,1
0,趋势多头,23,2f8db3e1ea587ab3,3156.988276771287,False,连续两个有机会开发月无交易|开发交易样本不足,10,0.34,0.65,3,2.0,1.2,0.0032,216,0.95,0.1,54,0.38,3,0.025,270,8.0,50,4,2,0.5,1.6858090740833662,1.3126923182859755,1.2842377841325232,1.2842377841325232,0.7462335115947814,2.625384636571951,0.18655837789869534,True,786,2025-11,231,0.2554112554112554,0.18634412293136468,353,0.34,0.65,-0.0026453242344369743,11,10,4,0,0,0.0,0.0,0.0,0.0,0.0,0.0,0.0,0.0,True,1017,2025-12,353,0.24929178470254956,0.18631939253326998,308,0.34,0.65,-0.001728438749313832,0,0,0,2,0,0.0,0.0,1.3128929426164029,0.0,0.0,-2.6257858852328058,2.6257858852328058,-1.3128929426164029,True,1370,2026-01,308,0.22402597402597402,0.1715966474492169,187,0.34,0.65,0.028696794711332324,3,3,2,0,0,0.0,0.0,0.0,0.0,0.0,0.0,0.0,0.0,True,1678,2026-02,187,0.22459893048128343,0.17397853220345305,411,0.34,0.65,-0.0050217584972579166,0,0,0,0,0,0.0,0.0,0.0,0.0,0.0,0.0,0.0,0.0,True,1865,2026-03,411,0.19464720194647203,0.15666862705509754,489,0.34,0.65,0.0004113122802914815,0,0,0,1,1,1.0,1.6857020649061454,0.0,0.0,0.0,1.6857020649061454,0.0,1.6857020649061454,True,2276,2026-04,489,0.2229038854805726,0.16768958687328792,341,0.34,0.65,0.027517124922014108,56,10,1
0,趋势多头,24,bf8264b8ed870619,3156.988276771287,False,连续两个有机会开发月无交易|开发交易样本不足,10,0.34,0.65,6,2.0,1.2,0.0032,216,0.95,0.1,54,0.38,3,0.025,270,8.0,50,4,2,0.5,1.6858090740833662,1.3126923182859755,1.2842377841325232,1.2842377841325232,0.7462335115947814,2.625384636571951,0.18655837789869534,True,786,2025-11,231,0.2554112554112554,0.18634412293136468,353,0.34,0.65,-0.0026453242344369743,11,10,4,0,0,0.0,0.0,0.0,0.0,0.0,0.0,0.0,0.0,True,1017,2025-12,353,0.24929178470254956,0.18631939253326998,308,0.34,0.65,-0.001728438749313832,0,0,0,2,0,0.0,0.0,1.3128929426164029,0.0,0.0,-2.6257858852328058,2.6257858852328058,-1.3128929426164029,True,1370,2026-01,308,0.22402597402597402,0.1715966474492169,187,0.34,0.65,0.028696794711332324,3,3,2,0,0,0.0,0.0,0.0,0.0,0.0,0.0,0.0,0.0,True,1678,2026-02,187,0.22459893048128343,0.17397853220345305,411,0.34,0.65,-0.0050217584972579166,0,0,0,0,0,0.0,0.0,0.0,0.0,0.0,0.0,0.0,0.0,True,1865,2026-03,411,0.19464720194647203,0.15666862705509754,489,0.34,0.65,0.0004113122802914815,0,0,0,1,1,1.0,1.6857020649061454,0.0,0.0,0.0,1.6857020649061454,0.0,1.6857020649061454,True,2276,2026-04,489,0.2229038854805726,0.16768958687328792,341,0.34,0.65,0.027517124922014108,56,10,1
0,趋势多头,25,e8dab655deb2f30f,3156.988276771287,False,连续两个有机会开发月无交易|开发交易样本不足,10,0.34,0.75,1,2.0,1.2,0.0032,216,0.95,0.1,54,0.38,3,0.025,270,8.0,50,4,2,0.5,1.6858090740833662,1.3126923182859755,1.2842377841325232,1.2842377841325232,0.7462335115947814,2.625384636571951,0.18655837789869534,True,786,2025-11,231,0.2554112554112554,0.18634412293136468,353,0.34,0.75,-0.0026453242344369743,11,10,4,0,0,0.0,0.0,0.0,0.0,0.0,0.0,0.0,0.0,True,1017,2025-12,353,0.24929178470254956,0.18631939253326998,308,0.34,0.75,-0.001728438749313832,0,0,0,2,0,0.0,0.0,1.3128929426164029,0.0,0.0,-2.6257858852328058,2.6257858852328058,-1.3128929426164029,True,1370,2026-01,308,0.22402597402597402,0.1715966474492169,187,0.34,0.75,0.028696794711332324,3,3,2,0,0,0.0,0.0,0.0,0.0,0.0,0.0,0.0,0.0,True,1678,2026-02,187,0.22459893048128343,0.17397853220345305,411,0.34,0.75,-0.0050217584972579166,0,0,0,0,0,0.0,0.0,0.0,0.0,0.0,0.0,0.0,0.0,True,1865,2026-03,411,0.19464720194647203,0.15666862705509754,489,0.34,0.75,0.0004113122802914815,0,0,0,1,1,1.0,1.6857020649061454,0.0,0.0,0.0,1.6857020649061454,0.0,1.6857020649061454,True,2276,2026-04,489,0.2229038854805726,0.16768958687328792,341,0.34,0.75,0.027517124922014108,56,10,1
0,趋势多头,26,a090823f844ad07f,3156.988276771287,False,连续两个有机会开发月无交易|开发交易样本不足,10,0.34,0.75,3,2.0,1.2,0.0032,216,0.95,0.1,54,0.38,3,0.025,270,8.0,50,4,2,0.5,1.6858090740833662,1.3126923182859755,1.2842377841325232,1.2842377841325232,0.7462335115947814,2.625384636571951,0.18655837789869534,True,786,2025-11,231,0.2554112554112554,0.18634412293136468,353,0.34,0.75,-0.0026453242344369743,11,10,4,0,0,0.0,0.0,0.0,0.0,0.0,0.0,0.0,0.0,True,1017,2025-12,353,0.24929178470254956,0.18631939253326998,308,0.34,0.75,-0.001728438749313832,0,0,0,2,0,0.0,0.0,1.3128929426164029,0.0,0.0,-2.6257858852328058,2.6257858852328058,-1.3128929426164029,True,1370,2026-01,308,0.22402597402597402,0.1715966474492169,187,0.34,0.75,0.028696794711332324,3,3,2,0,0,0.0,0.0,0.0,0.0,0.0,0.0,0.0,0.0,True,1678,2026-02,187,0.22459893048128343,0.17397853220345305,411,0.34,0.75,-0.0050217584972579166,0,0,0,0,0,0.0,0.0,0.0,0.0,0.0,0.0,0.0,0.0,True,1865,2026-03,411,0.19464720194647203,0.15666862705509754,489,0.34,0.75,0.0004113122802914815,0,0,0,1,1,1.0,1.6857020649061454,0.0,0.0,0.0,1.6857020649061454,0.0,1.6857020649061454,True,2276,2026-04,489,0.2229038854805726,0.16768958687328792,341,0.34,0.75,0.027517124922014108,56,10,1
0,趋势多头,27,fa7652578e868ff1,3156.988276771287,False,连续两个有机会开发月无交易|开发交易样本不足,10,0.34,0.75,6,2.0,1.2,0.0032,216,0.95,0.1,54,0.38,3,0.025,270,8.0,50,4,2,0.5,1.6858090740833662,1.3126923182859755,1.2842377841325232,1.2842377841325232,0.7462335115947814,2.625384636571951,0.18655837789869534,True,786,2025-11,231,0.2554112554112554,0.18634412293136468,353,0.34,0.75,-0.0026453242344369743,11,10,4,0,0,0.0,0.0,0.0,0.0,0.0,0.0,0.0,0.0,True,1017,2025-12,353,0.24929178470254956,0.18631939253326998,308,0.34,0.75,-0.001728438749313832,0,0,0,2,0,0.0,0.0,1.3128929426164029,0.0,0.0,-2.6257858852328058,2.6257858852328058,-1.3128929426164029,True,1370,2026-01,308,0.22402597402597402,0.1715966474492169,187,0.34,0.75,0.028696794711332324,3,3,2,0,0,0.0,0.0,0.0,0.0,0.0,0.0,0.0,0.0,True,1678,2026-02,187,0.22459893048128343,0.17397853220345305,411,0.34,0.75,-0.0050217584972579166,0,0,0,0,0,0.0,0.0,0.0,0.0,0.0,0.0,0.0,0.0,True,1865,2026-03,411,0.19464720194647203,0.15666862705509754,489,0.34,0.75,0.0004113122802914815,0,0,0,1,1,1.0,1.6857020649061454,0.0,0.0,0.0,1.6857020649061454,0.0,1.6857020649061454,True,2276,2026-04,489,0.2229038854805726,0.16768958687328792,341,0.34,0.75,0.027517124922014108,56,10,1
0,趋势多头,28,bd61790a94d78511,3156.988276771287,False,连续两个有机会开发月无交易|开发交易样本不足,10,0.34,0.85,1,2.0,1.2,0.0032,216,0.95,0.1,54,0.38,3,0.025,270,8.0,50,4,2,0.5,1.6858090740833662,1.3126923182859755,1.2842377841325232,1.2842377841325232,0.7462335115947814,2.625384636571951,0.18655837789869534,True,786,2025-11,231,0.2554112554112554,0.18634412293136468,353,0.34,0.85,-0.0026453242344369743,11,10,4,0,0,0.0,0.0,0.0,0.0,0.0,0.0,0.0,0.0,True,1017,2025-12,353,0.24929178470254956,0.18631939253326998,308,0.34,0.85,-0.001728438749313832,0,0,0,2,0,0.0,0.0,1.3128929426164029,0.0,0.0,-2.6257858852328058,2.6257858852328058,-1.3128929426164029,True,1370,2026-01,308,0.22402597402597402,0.1715966474492169,187,0.34,0.85,0.028696794711332324,3,3,2,0,0,0.0,0.0,0.0,0.0,0.0,0.0,0.0,0.0,True,1678,2026-02,187,0.22459893048128343,0.17397853220345305,411,0.34,0.85,-0.0050217584972579166,0,0,0,0,0,0.0,0.0,0.0,0.0,0.0,0.0,0.0,0.0,True,1865,2026-03,411,0.19464720194647203,0.15666862705509754,489,0.34,0.85,0.0004113122802914815,0,0,0,1,1,1.0,1.6857020649061454,0.0,0.0,0.0,1.6857020649061454,0.0,1.6857020649061454,True,2276,2026-04,489,0.2229038854805726,0.16768958687328792,341,0.34,0.85,0.027517124922014108,56,10,1
0,趋势多头,29,107d8d8191434235,3156.988276771287,False,连续两个有机会开发月无交易|开发交易样本不足,10,0.34,0.85,3,2.0,1.2,0.0032,216,0.95,0.1,54,0.38,3,0.025,270,8.0,50,4,2,0.5,1.6858090740833662,1.3126923182859755,1.2842377841325232,1.2842377841325232,0.7462335115947814,2.625384636571951,0.18655837789869534,True,786,2025-11,231,0.2554112554112554,0.18634412293136468,353,0.34,0.85,-0.0026453242344369743,11,10,4,0,0,0.0,0.0,0.0,0.0,0.0,0.0,0.0,0.0,True,1017,2025-12,353,0.24929178470254956,0.18631939253326998,308,0.34,0.85,-0.001728438749313832,0,0,0,2,0,0.0,0.0,1.3128929426164029,0.0,0.0,-2.6257858852328058,2.6257858852328058,-1.3128929426164029,True,1370,2026-01,308,0.22402597402597402,0.1715966474492169,187,0.34,0.85,0.028696794711332324,3,3,2,0,0,0.0,0.0,0.0,0.0,0.0,0.0,0.0,0.0,True,1678,2026-02,187,0.22459893048128343,0.17397853220345305,411,0.34,0.85,-0.0050217584972579166,0,0,0,0,0,0.0,0.0,0.0,0.0,0.0,0.0,0.0,0.0,True,1865,2026-03,411,0.19464720194647203,0.15666862705509754,489,0.34,0.85,0.0004113122802914815,0,0,0,1,1,1.0,1.6857020649061454,0.0,0.0,0.0,1.6857020649061454,0.0,1.6857020649061454,True,2276,2026-04,489,0.2229038854805726,0.16768958687328792,341,0.34,0.85,0.027517124922014108,56,10,1
0,趋势多头,30,5459da89bd2e7887,3156.988276771287,False,连续两个有机会开发月无交易|开发交易样本不足,10,0.34,0.85,6,2.0,1.2,0.0032,216,0.95,0.1,54,0.38,3,0.025,270,8.0,50,4,2,0.5,1.6858090740833662,1.3126923182859755,1.2842377841325232,1.2842377841325232,0.7462335115947814,2.625384636571951,0.18655837789869534,True,786,2025-11,231,0.2554112554112554,0.18634412293136468,353,0.34,0.85,-0.0026453242344369743,11,10,4,0,0,0.0,0.0,0.0,0.0,0.0,0.0,0.0,0.0,True,1017,2025-12,353,0.24929178470254956,0.18631939253326998,308,0.34,0.85,-0.001728438749313832,0,0,0,2,0,0.0,0.0,1.3128929426164029,0.0,0.0,-2.6257858852328058,2.6257858852328058,-1.3128929426164029,True,1370,2026-01,308,0.22402597402597402,0.1715966474492169,187,0.34,0.85,0.028696794711332324,3,3,2,0,0,0.0,0.0,0.0,0.0,0.0,0.0,0.0,0.0,True,1678,2026-02,187,0.22459893048128343,0.17397853220345305,411,0.34,0.85,-0.0050217584972579166,0,0,0,0,0,0.0,0.0,0.0,0.0,0.0,0.0,0.0,0.0,True,1865,2026-03,411,0.19464720194647203,0.15666862705509754,489,0.34,0.85,0.0004113122802914815,0,0,0,1,1,1.0,1.6857020649061454,0.0,0.0,0.0,1.6857020649061454,0.0,1.6857020649061454,True,2276,2026-04,489,0.2229038854805726,0.16768958687328792,341,0.34,0.85,0.027517124922014108,56,10,1
1,趋势空头,1,c0f0439ba2106b28,8519.886164185893,False,连续两个有机会开发月无交易|有效开发月份不足|开发交易样本不足,6,0.38,0.65,1,2.2,1.4,0.0036,288,1.1,0.15,72,0.35,2,0.035,220,5.0,38,0,0,0.0,0.0,0.0,0.0,0.0,0.0,0.0,0.0,True,665,2025-11,446,0.26681614349775784,0.1953121246556032,510,0.38,0.65,-0.00784311639701396,0,0,0,0,0,0.0,0.0,0.0,0.0,0.0,0.0,0.0,0.0,True,1111,2025-12,510,0.10588235294117647,0.09122572413488221,431,0.38,0.65,-0.0016286694235764926,0,0,0,2,1,0.5,1.9225170061947436,0.11401448819121744,16.862041278213933,16.862041278213933,1.8085025180035261,0.11401448819121751,0.9042512590017631,True,1621,2026-01,431,0.2691415313225058,0.18966546176372948,412,0.38,0.65,0.0183078051251081,44,6,2,0,0,0.0,0.0,0.0,0.0,0.0,0.0,0.0,0.0,True,2052,2026-02,412,0.3179611650485437,0.21676396948472654,287,0.38,0.65,-0.0015568463126301446,0,0,0,0,0,0.0,0.0,0.0,0.0,0.0,0.0,0.0,0.0,True,2464,2026-03,287,0.30662020905923343,0.21241198620028956,238,0.38,0.65,0.014962639591213356,0,0,0,1,1,1.0,1.9226279167083753,0.0,0.0,0.0,1.9226279167083753,0.0,1.9226279167083753,True,2751,2026-04,238,0.23949579831932774,0.16852624950222198,369,0.38,0.65,-0.08373387767998522,8,6,1
1,趋势空头,2,761b3b73c2ab2b34,8519.886164185893,False,连续两个有机会开发月无交易|有效开发月份不足|开发交易样本不足,6,0.38,0.65,3,2.2,1.4,0.0036,288,1.1,0.15,72,0.35,2,0.035,220,5.0,38,0,0,0.0,0.0,0.0,0.0,0.0,0.0,0.0,0.0,True,665,2025-11,446,0.26681614349775784,0.1953121246556032,510,0.38,0.65,-0.00784311639701396,0,0,0,0,0,0.0,0.0,0.0,0.0,0.0,0.0,0.0,0.0,True,1111,2025-12,510,0.10588235294117647,0.09122572413488221,431,0.38,0.65,-0.0016286694235764926,0,0,0,2,1,0.5,1.9225170061947436,0.11401448819121744,16.862041278213933,16.862041278213933,1.8085025180035261,0.11401448819121751,0.9042512590017631,True,1621,2026-01,431,0.2691415313225058,0.18966546176372948,412,0.38,0.65,0.0183078051251081,44,6,2,0,0,0.0,0.0,0.0,0.0,0.0,0.0,0.0,0.0,True,2052,2026-02,412,0.3179611650485437,0.21676396948472654,287,0.38,0.65,-0.0015568463126301446,0,0,0,0,0,0.0,0.0,0.0,0.0,0.0,0.0,0.0,0.0,True,2464,2026-03,287,0.30662020905923343,0.21241198620028956,238,0.38,0.65,0.014962639591213356,0,0,0,1,1,1.0,1.9226279167083753,0.0,0.0,0.0,1.9226279167083753,0.0,1.9226279167083753,True,2751,2026-04,238,0.23949579831932774,0.16852624950222198,369,0.38,0.65,-0.08373387767998522,8,6,1
1,趋势空头,3,59dc0fb157d284f8,8519.886164185893,False,连续两个有机会开发月无交易|有效开发月份不足|开发交易样本不足,6,0.38,0.65,6,2.2,1.4,0.0036,288,1.1,0.15,72,0.35,2,0.035,220,5.0,38,0,0,0.0,0.0,0.0,0.0,0.0,0.0,0.0,0.0,True,665,2025-11,446,0.26681614349775784,0.1953121246556032,510,0.38,0.65,-0.00784311639701396,0,0,0,0,0,0.0,0.0,0.0,0.0,0.0,0.0,0.0,0.0,True,1111,2025-12,510,0.10588235294117647,0.09122572413488221,431,0.38,0.65,-0.0016286694235764926,0,0,0,2,1,0.5,1.9225170061947436,0.11401448819121744,16.862041278213933,16.862041278213933,1.8085025180035261,0.11401448819121751,0.9042512590017631,True,1621,2026-01,431,0.2691415313225058,0.18966546176372948,412,0.38,0.65,0.0183078051251081,44,6,2,0,0,0.0,0.0,0.0,0.0,0.0,0.0,0.0,0.0,True,2052,2026-02,412,0.3179611650485437,0.21676396948472654,287,0.38,0.65,-0.0015568463126301446,0,0,0,0,0,0.0,0.0,0.0,0.0,0.0,0.0,0.0,0.0,True,2464,2026-03,287,0.30662020905923343,0.21241198620028956,238,0.38,0.65,0.014962639591213356,0,0,0,1,1,1.0,1.9226279167083753,0.0,0.0,0.0,1.9226279167083753,0.0,1.9226279167083753,True,2751,2026-04,238,0.23949579831932774,0.16852624950222198,369,0.38,0.65,-0.08373387767998522,8,6,1
1,趋势空头,4,17236a1bdc06c616,8519.886164185893,False,连续两个有机会开发月无交易|有效开发月份不足|开发交易样本不足,6,0.38,0.75,1,2.2,1.4,0.0036,288,1.1,0.15,72,0.35,2,0.035,220,5.0,38,0,0,0.0,0.0,0.0,0.0,0.0,0.0,0.0,0.0,True,665,2025-11,446,0.26681614349775784,0.1953121246556032,510,0.38,0.75,-0.00784311639701396,0,0,0,0,0,0.0,0.0,0.0,0.0,0.0,0.0,0.0,0.0,True,1111,2025-12,510,0.10588235294117647,0.09122572413488221,431,0.38,0.75,-0.0016286694235764926,0,0,0,2,1,0.5,1.9225170061947436,0.11401448819121744,16.862041278213933,16.862041278213933,1.8085025180035261,0.11401448819121751,0.9042512590017631,True,1621,2026-01,431,0.2691415313225058,0.18966546176372948,412,0.38,0.75,0.0183078051251081,44,6,2,0,0,0.0,0.0,0.0,0.0,0.0,0.0,0.0,0.0,True,2052,2026-02,412,0.3179611650485437,0.21676396948472654,287,0.38,0.75,-0.0015568463126301446,0,0,0,0,0,0.0,0.0,0.0,0.0,0.0,0.0,0.0,0.0,True,2464,2026-03,287,0.30662020905923343,0.21241198620028956,238,0.38,0.75,0.014962639591213356,0,0,0,1,1,1.0,1.9226279167083753,0.0,0.0,0.0,1.9226279167083753,0.0,1.9226279167083753,True,2751,2026-04,238,0.23949579831932774,0.16852624950222198,369,0.38,0.75,-0.08373387767998522,8,6,1
1,趋势空头,5,876497984aeffc2a,8519.886164185893,False,连续两个有机会开发月无交易|有效开发月份不足|开发交易样本不足,6,0.38,0.75,3,2.2,1.4,0.0036,288,1.1,0.15,72,0.35,2,0.035,220,5.0,38,0,0,0.0,0.0,0.0,0.0,0.0,0.0,0.0,0.0,True,665,2025-11,446,0.26681614349775784,0.1953121246556032,510,0.38,0.75,-0.00784311639701396,0,0,0,0,0,0.0,0.0,0.0,0.0,0.0,0.0,0.0,0.0,True,1111,2025-12,510,0.10588235294117647,0.09122572413488221,431,0.38,0.75,-0.0016286694235764926,0,0,0,2,1,0.5,1.9225170061947436,0.11401448819121744,16.862041278213933,16.862041278213933,1.8085025180035261,0.11401448819121751,0.9042512590017631,True,1621,2026-01,431,0.2691415313225058,0.18966546176372948,412,0.38,0.75,0.0183078051251081,44,6,2,0,0,0.0,0.0,0.0,0.0,0.0,0.0,0.0,0.0,True,2052,2026-02,412,0.3179611650485437,0.21676396948472654,287,0.38,0.75,-0.0015568463126301446,0,0,0,0,0,0.0,0.0,0.0,0.0,0.0,0.0,0.0,0.0,True,2464,2026-03,287,0.30662020905923343,0.21241198620028956,238,0.38,0.75,0.014962639591213356,0,0,0,1,1,1.0,1.9226279167083753,0.0,0.0,0.0,1.9226279167083753,0.0,1.9226279167083753,True,2751,2026-04,238,0.23949579831932774,0.16852624950222198,369,0.38,0.75,-0.08373387767998522,8,6,1
1,趋势空头,6,fbe44c736ca20480,8519.886164185893,False,连续两个有机会开发月无交易|有效开发月份不足|开发交易样本不足,6,0.38,0.75,6,2.2,1.4,0.0036,288,1.1,0.15,72,0.35,2,0.035,220,5.0,38,0,0,0.0,0.0,0.0,0.0,0.0,0.0,0.0,0.0,True,665,2025-11,446,0.26681614349775784,0.1953121246556032,510,0.38,0.75,-0.00784311639701396,0,0,0,0,0,0.0,0.0,0.0,0.0,0.0,0.0,0.0,0.0,True,1111,2025-12,510,0.10588235294117647,0.09122572413488221,431,0.38,0.75,-0.0016286694235764926,0,0,0,2,1,0.5,1.9225170061947436,0.11401448819121744,16.862041278213933,16.862041278213933,1.8085025180035261,0.11401448819121751,0.9042512590017631,True,1621,2026-01,431,0.2691415313225058,0.18966546176372948,412,0.38,0.75,0.0183078051251081,44,6,2,0,0,0.0,0.0,0.0,0.0,0.0,0.0,0.0,0.0,True,2052,2026-02,412,0.3179611650485437,0.21676396948472654,287,0.38,0.75,-0.0015568463126301446,0,0,0,0,0,0.0,0.0,0.0,0.0,0.0,0.0,0.0,0.0,True,2464,2026-03,287,0.30662020905923343,0.21241198620028956,238,0.38,0.75,0.014962639591213356,0,0,0,1,1,1.0,1.9226279167083753,0.0,0.0,0.0,1.9226279167083753,0.0,1.9226279167083753,True,2751,2026-04,238,0.23949579831932774,0.16852624950222198,369,0.38,0.75,-0.08373387767998522,8,6,1
1,趋势空头,7,8e41c71319c48336,8519.886164185893,False,连续两个有机会开发月无交易|有效开发月份不足|开发交易样本不足,6,0.38,0.85,1,2.2,1.4,0.0036,288,1.1,0.15,72,0.35,2,0.035,220,5.0,38,0,0,0.0,0.0,0.0,0.0,0.0,0.0,0.0,0.0,True,665,2025-11,446,0.26681614349775784,0.1953121246556032,510,0.38,0.85,-0.00784311639701396,0,0,0,0,0,0.0,0.0,0.0,0.0,0.0,0.0,0.0,0.0,True,1111,2025-12,510,0.10588235294117647,0.09122572413488221,431,0.38,0.85,-0.0016286694235764926,0,0,0,2,1,0.5,1.9225170061947436,0.11401448819121744,16.862041278213933,16.862041278213933,1.8085025180035261,0.11401448819121751,0.9042512590017631,True,1621,2026-01,431,0.2691415313225058,0.18966546176372948,412,0.38,0.85,0.0183078051251081,44,6,2,0,0,0.0,0.0,0.0,0.0,0.0,0.0,0.0,0.0,True,2052,2026-02,412,0.3179611650485437,0.21676396948472654,287,0.38,0.85,-0.0015568463126301446,0,0,0,0,0,0.0,0.0,0.0,0.0,0.0,0.0,0.0,0.0,True,2464,2026-03,287,0.30662020905923343,0.21241198620028956,238,0.38,0.85,0.014962639591213356,0,0,0,1,1,1.0,1.9226279167083753,0.0,0.0,0.0,1.9226279167083753,0.0,1.9226279167083753,True,2751,2026-04,238,0.23949579831932774,0.16852624950222198,369,0.38,0.85,-0.08373387767998522,8,6,1
1,趋势空头,8,18b1dd87fe63135b,8519.886164185893,False,连续两个有机会开发月无交易|有效开发月份不足|开发交易样本不足,6,0.38,0.85,3,2.2,1.4,0.0036,288,1.1,0.15,72,0.35,2,0.035,220,5.0,38,0,0,0.0,0.0,0.0,0.0,0.0,0.0,0.0,0.0,True,665,2025-11,446,0.26681614349775784,0.1953121246556032,510,0.38,0.85,-0.00784311639701396,0,0,0,0,0,0.0,0.0,0.0,0.0,0.0,0.0,0.0,0.0,True,1111,2025-12,510,0.10588235294117647,0.09122572413488221,431,0.38,0.85,-0.0016286694235764926,0,0,0,2,1,0.5,1.9225170061947436,0.11401448819121744,16.862041278213933,16.862041278213933,1.8085025180035261,0.11401448819121751,0.9042512590017631,True,1621,2026-01,431,0.2691415313225058,0.18966546176372948,412,0.38,0.85,0.0183078051251081,44,6,2,0,0,0.0,0.0,0.0,0.0,0.0,0.0,0.0,0.0,True,2052,2026-02,412,0.3179611650485437,0.21676396948472654,287,0.38,0.85,-0.0015568463126301446,0,0,0,0,0,0.0,0.0,0.0,0.0,0.0,0.0,0.0,0.0,True,2464,2026-03,287,0.30662020905923343,0.21241198620028956,238,0.38,0.85,0.014962639591213356,0,0,0,1,1,1.0,1.9226279167083753,0.0,0.0,0.0,1.9226279167083753,0.0,1.9226279167083753,True,2751,2026-04,238,0.23949579831932774,0.16852624950222198,369,0.38,0.85,-0.08373387767998522,8,6,1
1,趋势空头,9,666165d7bfe16ef1,8519.886164185893,False,连续两个有机会开发月无交易|有效开发月份不足|开发交易样本不足,6,0.38,0.85,6,2.2,1.4,0.0036,288,1.1,0.15,72,0.35,2,0.035,220,5.0,38,0,0,0.0,0.0,0.0,0.0,0.0,0.0,0.0,0.0,True,665,2025-11,446,0.26681614349775784,0.1953121246556032,510,0.38,0.85,-0.00784311639701396,0,0,0,0,0,0.0,0.0,0.0,0.0,0.0,0.0,0.0,0.0,True,1111,2025-12,510,0.10588235294117647,0.09122572413488221,431,0.38,0.85,-0.0016286694235764926,0,0,0,2,1,0.5,1.9225170061947436,0.11401448819121744,16.862041278213933,16.862041278213933,1.8085025180035261,0.11401448819121751,0.9042512590017631,True,1621,2026-01,431,0.2691415313225058,0.18966546176372948,412,0.38,0.85,0.0183078051251081,44,6,2,0,0,0.0,0.0,0.0,0.0,0.0,0.0,0.0,0.0,True,2052,2026-02,412,0.3179611650485437,0.21676396948472654,287,0.38,0.85,-0.0015568463126301446,0,0,0,0,0,0.0,0.0,0.0,0.0,0.0,0.0,0.0,0.0,True,2464,2026-03,287,0.30662020905923343,0.21241198620028956,238,0.38,0.85,0.014962639591213356,0,0,0,1,1,1.0,1.9226279167083753,0.0,0.0,0.0,1.9226279167083753,0.0,1.9226279167083753,True,2751,2026-04,238,0.23949579831932774,0.16852624950222198,369,0.38,0.85,-0.08373387767998522,8,6,1
1,趋势空头,10,ba8497e519c85dd6,6533.412650654579,False,连续两个有机会开发月无交易|开发交易样本不足,6,0.38,0.65,1,2.2,1.4,0.0036,288,1.1,0.15,72,0.35,3,0.025,270,8.0,50,0,0,0.0,0.0,0.0,0.0,0.0,0.0,0.0,0.0,True,665,2025-11,446,0.26681614349775784,0.1951382398199762,510,0.38,0.65,-0.0125098330799715,0,0,0,0,0,0.0,0.0,0.0,0.0,0.0,0.0,0.0,0.0,True,1111,2025-12,510,0.10588235294117647,0.09264632929951921,431,0.38,0.65,0.004208848321690578,0,0,0,1,0,0.0,0.0,0.1285296217515663,0.0,0.0,-0.1285296217515663,0.1285296217515663,-0.1285296217515663,True,1621,2026-01,431,0.2691415313225058,0.1924266134996027,412,0.38,0.65,0.02754661228200328,11,6,1,1,0,0.0,0.0,1.2790921818189787,0.0,0.0,-1.2790921818189787,1.2790921818189787,-1.2790921818189787,True,2052,2026-02,412,0.3179611650485437,0.2153218463549905,287,0.38,0.65,0.008845320308464744,47,6,1,2,1,0.5,1.9225468028983999,0.12853753215618213,14.957085068059113,14.957085068059113,1.7940092707422177,0.12853753215618213,0.8970046353711089,True,2464,2026-03,287,0.30662020905923343,0.21161968889722904,238,0.38,0.65,0.027933207867368637,54,6,2,1,1,1.0,1.9226276613806685,0.0,0.0,0.0,1.9226276613806685,0.0,1.9226276613806685,True,2751,2026-04,238,0.23949579831932774,0.1647034400605326,369,0.38,0.65,-0.08280773234259964,11,6,1
1,趋势空头,11,91587147b751baab,6533.412650654579,False,连续两个有机会开发月无交易|开发交易样本不足,6,0.38,0.65,3,2.2,1.4,0.0036,288,1.1,0.15,72,0.35,3,0.025,270,8.0,50,0,0,0.0,0.0,0.0,0.0,0.0,0.0,0.0,0.0,True,665,2025-11,446,0.26681614349775784,0.1951382398199762,510,0.38,0.65,-0.0125098330799715,0,0,0,0,0,0.0,0.0,0.0,0.0,0.0,0.0,0.0,0.0,True,1111,2025-12,510,0.10588235294117647,0.09264632929951921,431,0.38,0.65,0.004208848321690578,0,0,0,1,0,0.0,0.0,0.1285296217515663,0.0,0.0,-0.1285296217515663,0.1285296217515663,-0.1285296217515663,True,1621,2026-01,431,0.2691415313225058,0.1924266134996027,412,0.38,0.65,0.02754661228200328,11,6,1,1,0,0.0,0.0,1.2790921818189787,0.0,0.0,-1.2790921818189787,1.2790921818189787,-1.2790921818189787,True,2052,2026-02,412,0.3179611650485437,0.2153218463549905,287,0.38,0.65,0.008845320308464744,47,6,1,2,1,0.5,1.9225468028983999,0.12853753215618213,14.957085068059113,14.957085068059113,1.7940092707422177,0.12853753215618213,0.8970046353711089,True,2464,2026-03,287,0.30662020905923343,0.21161968889722904,238,0.38,0.65,0.027933207867368637,54,6,2,1,1,1.0,1.9226276613806685,0.0,0.0,0.0,1.9226276613806685,0.0,1.9226276613806685,True,2751,2026-04,238,0.23949579831932774,0.1647034400605326,369,0.38,0.65,-0.08280773234259964,11,6,1
1,趋势空头,12,f151e6e234d8e82b,6533.412650654579,False,连续两个有机会开发月无交易|开发交易样本不足,6,0.38,0.65,6,2.2,1.4,0.0036,288,1.1,0.15,72,0.35,3,0.025,270,8.0,50,0,0,0.0,0.0,0.0,0.0,0.0,0.0,0.0,0.0,True,665,2025-11,446,0.26681614349775784,0.1951382398199762,510,0.38,0.65,-0.0125098330799715,0,0,0,0,0,0.0,0.0,0.0,0.0,0.0,0.0,0.0,0.0,True,1111,2025-12,510,0.10588235294117647,0.09264632929951921,431,0.38,0.65,0.004208848321690578,0,0,0,1,0,0.0,0.0,0.1285296217515663,0.0,0.0,-0.1285296217515663,0.1285296217515663,-0.1285296217515663,True,1621,2026-01,431,0.2691415313225058,0.1924266134996027,412,0.38,0.65,0.02754661228200328,11,6,1,1,0,0.0,0.0,1.2790921818189787,0.0,0.0,-1.2790921818189787,1.2790921818189787,-1.2790921818189787,True,2052,2026-02,412,0.3179611650485437,0.2153218463549905,287,0.38,0.65,0.008845320308464744,47,6,1,2,1,0.5,1.9225468028983999,0.12853753215618213,14.957085068059113,14.957085068059113,1.7940092707422177,0.12853753215618213,0.8970046353711089,True,2464,2026-03,287,0.30662020905923343,0.21161968889722904,238,0.38,0.65,0.027933207867368637,54,6,2,1,1,1.0,1.9226276613806685,0.0,0.0,0.0,1.9226276613806685,0.0,1.9226276613806685,True,2751,2026-04,238,0.23949579831932774,0.1647034400605326,369,0.38,0.65,-0.08280773234259964,11,6,1
1,趋势空头,13,88949c91efb117da,6533.412650654579,False,连续两个有机会开发月无交易|开发交易样本不足,6,0.38,0.75,1,2.2,1.4,0.0036,288,1.1,0.15,72,0.35,3,0.025,270,8.0,50,0,0,0.0,0.0,0.0,0.0,0.0,0.0,0.0,0.0,True,665,2025-11,446,0.26681614349775784,0.1951382398199762,510,0.38,0.75,-0.0125098330799715,0,0,0,0,0,0.0,0.0,0.0,0.0,0.0,0.0,0.0,0.0,True,1111,2025-12,510,0.10588235294117647,0.09264632929951921,431,0.38,0.75,0.004208848321690578,0,0,0,1,0,0.0,0.0,0.1285296217515663,0.0,0.0,-0.1285296217515663,0.1285296217515663,-0.1285296217515663,True,1621,2026-01,431,0.2691415313225058,0.1924266134996027,412,0.38,0.75,0.02754661228200328,11,6,1,1,0,0.0,0.0,1.2790921818189787,0.0,0.0,-1.2790921818189787,1.2790921818189787,-1.2790921818189787,True,2052,2026-02,412,0.3179611650485437,0.2153218463549905,287,0.38,0.75,0.008845320308464744,47,6,1,2,1,0.5,1.9225468028983999,0.12853753215618213,14.957085068059113,14.957085068059113,1.7940092707422177,0.12853753215618213,0.8970046353711089,True,2464,2026-03,287,0.30662020905923343,0.21161968889722904,238,0.38,0.75,0.027933207867368637,54,6,2,1,1,1.0,1.9226276613806685,0.0,0.0,0.0,1.9226276613806685,0.0,1.9226276613806685,True,2751,2026-04,238,0.23949579831932774,0.1647034400605326,369,0.38,0.75,-0.08280773234259964,11,6,1
1,趋势空头,14,bc9aa58369f696a6,6533.412650654579,False,连续两个有机会开发月无交易|开发交易样本不足,6,0.38,0.75,3,2.2,1.4,0.0036,288,1.1,0.15,72,0.35,3,0.025,270,8.0,50,0,0,0.0,0.0,0.0,0.0,0.0,0.0,0.0,0.0,True,665,2025-11,446,0.26681614349775784,0.1951382398199762,510,0.38,0.75,-0.0125098330799715,0,0,0,0,0,0.0,0.0,0.0,0.0,0.0,0.0,0.0,0.0,True,1111,2025-12,510,0.10588235294117647,0.09264632929951921,431,0.38,0.75,0.004208848321690578,0,0,0,1,0,0.0,0.0,0.1285296217515663,0.0,0.0,-0.1285296217515663,0.1285296217515663,-0.1285296217515663,True,1621,2026-01,431,0.2691415313225058,0.1924266134996027,412,0.38,0.75,0.02754661228200328,11,6,1,1,0,0.0,0.0,1.2790921818189787,0.0,0.0,-1.2790921818189787,1.2790921818189787,-1.2790921818189787,True,2052,2026-02,412,0.3179611650485437,0.2153218463549905,287,0.38,0.75,0.008845320308464744,47,6,1,2,1,0.5,1.9225468028983999,0.12853753215618213,14.957085068059113,14.957085068059113,1.7940092707422177,0.12853753215618213,0.8970046353711089,True,2464,2026-03,287,0.30662020905923343,0.21161968889722904,238,0.38,0.75,0.027933207867368637,54,6,2,1,1,1.0,1.9226276613806685,0.0,0.0,0.0,1.9226276613806685,0.0,1.9226276613806685,True,2751,2026-04,238,0.23949579831932774,0.1647034400605326,369,0.38,0.75,-0.08280773234259964,11,6,1
1,趋势空头,15,ad3736eb5d5ceb25,6533.412650654579,False,连续两个有机会开发月无交易|开发交易样本不足,6,0.38,0.75,6,2.2,1.4,0.0036,288,1.1,0.15,72,0.35,3,0.025,270,8.0,50,0,0,0.0,0.0,0.0,0.0,0.0,0.0,0.0,0.0,True,665,2025-11,446,0.26681614349775784,0.1951382398199762,510,0.38,0.75,-0.0125098330799715,0,0,0,0,0,0.0,0.0,0.0,0.0,0.0,0.0,0.0,0.0,True,1111,2025-12,510,0.10588235294117647,0.09264632929951921,431,0.38,0.75,0.004208848321690578,0,0,0,1,0,0.0,0.0,0.1285296217515663,0.0,0.0,-0.1285296217515663,0.1285296217515663,-0.1285296217515663,True,1621,2026-01,431,0.2691415313225058,0.1924266134996027,412,0.38,0.75,0.02754661228200328,11,6,1,1,0,0.0,0.0,1.2790921818189787,0.0,0.0,-1.2790921818189787,1.2790921818189787,-1.2790921818189787,True,2052,2026-02,412,0.3179611650485437,0.2153218463549905,287,0.38,0.75,0.008845320308464744,47,6,1,2,1,0.5,1.9225468028983999,0.12853753215618213,14.957085068059113,14.957085068059113,1.7940092707422177,0.12853753215618213,0.8970046353711089,True,2464,2026-03,287,0.30662020905923343,0.21161968889722904,238,0.38,0.75,0.027933207867368637,54,6,2,1,1,1.0,1.9226276613806685,0.0,0.0,0.0,1.9226276613806685,0.0,1.9226276613806685,True,2751,2026-04,238,0.23949579831932774,0.1647034400605326,369,0.38,0.75,-0.08280773234259964,11,6,1
1,趋势空头,16,156989dc8ef166e5,6533.412650654579,False,连续两个有机会开发月无交易|开发交易样本不足,6,0.38,0.85,1,2.2,1.4,0.0036,288,1.1,0.15,72,0.35,3,0.025,270,8.0,50,0,0,0.0,0.0,0.0,0.0,0.0,0.0,0.0,0.0,True,665,2025-11,446,0.26681614349775784,0.1951382398199762,510,0.38,0.85,-0.0125098330799715,0,0,0,0,0,0.0,0.0,0.0,0.0,0.0,0.0,0.0,0.0,True,1111,2025-12,510,0.10588235294117647,0.09264632929951921,431,0.38,0.85,0.004208848321690578,0,0,0,1,0,0.0,0.0,0.1285296217515663,0.0,0.0,-0.1285296217515663,0.1285296217515663,-0.1285296217515663,True,1621,2026-01,431,0.2691415313225058,0.1924266134996027,412,0.38,0.85,0.02754661228200328,11,6,1,1,0,0.0,0.0,1.2790921818189787,0.0,0.0,-1.2790921818189787,1.2790921818189787,-1.2790921818189787,True,2052,2026-02,412,0.3179611650485437,0.2153218463549905,287,0.38,0.85,0.008845320308464744,47,6,1,2,1,0.5,1.9225468028983999,0.12853753215618213,14.957085068059113,14.957085068059113,1.7940092707422177,0.12853753215618213,0.8970046353711089,True,2464,2026-03,287,0.30662020905923343,0.21161968889722904,238,0.38,0.85,0.027933207867368637,54,6,2,1,1,1.0,1.9226276613806685,0.0,0.0,0.0,1.9226276613806685,0.0,1.9226276613806685,True,2751,2026-04,238,0.23949579831932774,0.1647034400605326,369,0.38,0.85,-0.08280773234259964,11,6,1
1,趋势空头,17,564e210d10930f85,6533.412650654579,False,连续两个有机会开发月无交易|开发交易样本不足,6,0.38,0.85,3,2.2,1.4,0.0036,288,1.1,0.15,72,0.35,3,0.025,270,8.0,50,0,0,0.0,0.0,0.0,0.0,0.0,0.0,0.0,0.0,True,665,2025-11,446,0.26681614349775784,0.1951382398199762,510,0.38,0.85,-0.0125098330799715,0,0,0,0,0,0.0,0.0,0.0,0.0,0.0,0.0,0.0,0.0,True,1111,2025-12,510,0.10588235294117647,0.09264632929951921,431,0.38,0.85,0.004208848321690578,0,0,0,1,0,0.0,0.0,0.1285296217515663,0.0,0.0,-0.1285296217515663,0.1285296217515663,-0.1285296217515663,True,1621,2026-01,431,0.2691415313225058,0.1924266134996027,412,0.38,0.85,0.02754661228200328,11,6,1,1,0,0.0,0.0,1.2790921818189787,0.0,0.0,-1.2790921818189787,1.2790921818189787,-1.2790921818189787,True,2052,2026-02,412,0.3179611650485437,0.2153218463549905,287,0.38,0.85,0.008845320308464744,47,6,1,2,1,0.5,1.9225468028983999,0.12853753215618213,14.957085068059113,14.957085068059113,1.7940092707422177,0.12853753215618213,0.8970046353711089,True,2464,2026-03,287,0.30662020905923343,0.21161968889722904,238,0.38,0.85,0.027933207867368637,54,6,2,1,1,1.0,1.9226276613806685,0.0,0.0,0.0,1.9226276613806685,0.0,1.9226276613806685,True,2751,2026-04,238,0.23949579831932774,0.1647034400605326,369,0.38,0.85,-0.08280773234259964,11,6,1
1,趋势空头,18,7f81912c5da33b30,6533.412650654579,False,连续两个有机会开发月无交易|开发交易样本不足,6,0.38,0.85,6,2.2,1.4,0.0036,288,1.1,0.15,72,0.35,3,0.025,270,8.0,50,0,0,0.0,0.0,0.0,0.0,0.0,0.0,0.0,0.0,True,665,2025-11,446,0.26681614349775784,0.1951382398199762,510,0.38,0.85,-0.0125098330799715,0,0,0,0,0,0.0,0.0,0.0,0.0,0.0,0.0,0.0,0.0,True,1111,2025-12,510,0.10588235294117647,0.09264632929951921,431,0.38,0.85,0.004208848321690578,0,0,0,1,0,0.0,0.0,0.1285296217515663,0.0,0.0,-0.1285296217515663,0.1285296217515663,-0.1285296217515663,True,1621,2026-01,431,0.2691415313225058,0.1924266134996027,412,0.38,0.85,0.02754661228200328,11,6,1,1,0,0.0,0.0,1.2790921818189787,0.0,0.0,-1.2790921818189787,1.2790921818189787,-1.2790921818189787,True,2052,2026-02,412,0.3179611650485437,0.2153218463549905,287,0.38,0.85,0.008845320308464744,47,6,1,2,1,0.5,1.9225468028983999,0.12853753215618213,14.957085068059113,14.957085068059113,1.7940092707422177,0.12853753215618213,0.8970046353711089,True,2464,2026-03,287,0.30662020905923343,0.21161968889722904,238,0.38,0.85,0.027933207867368637,54,6,2,1,1,1.0,1.9226276613806685,0.0,0.0,0.0,1.9226276613806685,0.0,1.9226276613806685,True,2751,2026-04,238,0.23949579831932774,0.1647034400605326,369,0.38,0.85,-0.08280773234259964,11,6,1
1,趋势空头,19,35203f239a5b0108,5728.33164659342,False,连续两个有机会开发月无交易|开发交易样本不足,6,0.34,0.85,6,2.2,1.4,0.0036,288,1.1,0.15,72,0.35,3,0.025,270,8.0,50,0,0,0.0,0.0,0.0,0.0,0.0,0.0,0.0,0.0,True,665,2025-11,446,0.26681614349775784,0.1951382398199762,510,0.34,0.85,-0.0125098330799715,0,0,0,0,0,0.0,0.0,0.0,0.0,0.0,0.0,0.0,0.0,True,1111,2025-12,510,0.10588235294117647,0.09264632929951921,431,0.34,0.85,0.004208848321690578,0,0,0,2,0,0.0,0.0,0.6668944160982763,0.0,0.0,-1.3337888321965525,1.3337888321965525,-0.6668944160982763,True,1621,2026-01,431,0.2691415313225058,0.1924266134996027,412,0.34,0.85,0.02754661228200328,76,6,2,1,0,0.0,0.0,1.2790921818189787,0.0,0.0,-1.2790921818189787,1.2790921818189787,-1.2790921818189787,True,2052,2026-02,412,0.3179611650485437,0.2153218463549905,287,0.34,0.85,0.008845320308464744,63,6,1,2,1,0.5,1.9224874932220228,0.12853226725685335,14.957236297561037,14.957236297561037,1.7939552259651694,0.1285322672568534,0.8969776129825847,True,2464,2026-03,287,0.30662020905923343,0.21161968889722904,238,0.34,0.85,0.027933207867368637,73,6,2,1,1,1.0,1.9226276613806685,0.0,0.0,0.0,1.9226276613806685,0.0,1.9226276613806685,True,2751,2026-04,238,0.23949579831932774,0.1647034400605326,369,0.34,0.85,-0.08280773234259964,13,6,1
1,趋势空头,20,4048a8850a0bbc81,5728.33151042411,False,连续两个有机会开发月无交易|开发交易样本不足,6,0.34,0.85,1,2.2,1.4,0.0036,288,1.1,0.15,72,0.35,3,0.025,270,8.0,50,0,0,0.0,0.0,0.0,0.0,0.0,0.0,0.0,0.0,True,665,2025-11,446,0.26681614349775784,0.1951382398199762,510,0.34,0.85,-0.0125098330799715,0,0,0,0,0,0.0,0.0,0.0,0.0,0.0,0.0,0.0,0.0,True,1111,2025-12,510,0.10588235294117647,0.09264632929951921,431,0.34,0.85,0.004208848321690578,0,0,0,2,0,0.0,0.0,0.6668946183505399,0.0,0.0,-1.3337892367010797,1.3337892367010797,-0.6668946183505399,True,1621,2026-01,431,0.2691415313225058,0.1924266134996027,412,0.34,0.85,0.02754661228200328,76,6,2,1,0,0.0,0.0,1.2790921818189787,0.0,0.0,-1.2790921818189787,1.2790921818189787,-1.2790921818189787,True,2052,2026-02,412,0.3179611650485437,0.2153218463549905,287,0.34,0.85,0.008845320308464744,63,6,1,2,1,0.5,1.9224874932220228,0.12853226725685335,14.957236297561037,14.957236297561037,1.7939552259651694,0.1285322672568534,0.8969776129825847,True,2464,2026-03,287,0.30662020905923343,0.21161968889722904,238,0.34,0.85,0.027933207867368637,73,6,2,1,1,1.0,1.9226276613806685,0.0,0.0,0.0,1.9226276613806685,0.0,1.9226276613806685,True,2751,2026-04,238,0.23949579831932774,0.1647034400605326,369,0.34,0.85,-0.08280773234259964,13,6,1
1,趋势空头,21,d045c8cae409572c,5728.33151042411,False,连续两个有机会开发月无交易|开发交易样本不足,6,0.34,0.85,3,2.2,1.4,0.0036,288,1.1,0.15,72,0.35,3,0.025,270,8.0,50,0,0,0.0,0.0,0.0,0.0,0.0,0.0,0.0,0.0,True,665,2025-11,446,0.26681614349775784,0.1951382398199762,510,0.34,0.85,-0.0125098330799715,0,0,0,0,0,0.0,0.0,0.0,0.0,0.0,0.0,0.0,0.0,True,1111,2025-12,510,0.10588235294117647,0.09264632929951921,431,0.34,0.85,0.004208848321690578,0,0,0,2,0,0.0,0.0,0.6668946183505399,0.0,0.0,-1.3337892367010797,1.3337892367010797,-0.6668946183505399,True,1621,2026-01,431,0.2691415313225058,0.1924266134996027,412,0.34,0.85,0.02754661228200328,76,6,2,1,0,0.0,0.0,1.2790921818189787,0.0,0.0,-1.2790921818189787,1.2790921818189787,-1.2790921818189787,True,2052,2026-02,412,0.3179611650485437,0.2153218463549905,287,0.34,0.85,0.008845320308464744,63,6,1,2,1,0.5,1.9224874932220228,0.12853226725685335,14.957236297561037,14.957236297561037,1.7939552259651694,0.1285322672568534,0.8969776129825847,True,2464,2026-03,287,0.30662020905923343,0.21161968889722904,238,0.34,0.85,0.027933207867368637,73,6,2,1,1,1.0,1.9226276613806685,0.0,0.0,0.0,1.9226276613806685,0.0,1.9226276613806685,True,2751,2026-04,238,0.23949579831932774,0.1647034400605326,369,0.34,0.85,-0.08280773234259964,13,6,1
1,趋势空头,22,409aaa21993c12b1,5529.092492359128,False,连续两个有机会开发月无交易|开发交易样本不足,6,0.34,0.85,1,2.2,1.4,0.0036,288,1.1,0.15,72,0.35,2,0.035,220,5.0,38,0,0,0.0,0.0,0.0,0.0,0.0,0.0,0.0,0.0,True,665,2025-11,446,0.26681614349775784,0.1953121246556032,510,0.34,0.85,-0.00784311639701396,0,0,0,0,0,0.0,0.0,0.0,0.0,0.0,0.0,0.0,0.0,True,1111,2025-12,510,0.10588235294117647,0.09122572413488221,431,0.34,0.85,-0.0016286694235764926,0,0,0,1,0,0.0,0.0,0.058678899932122414,0.0,0.0,-0.058678899932122414,0.058678899932122414,-0.058678899932122414,True,1621,2026-01,431,0.2691415313225058,0.18966546176372948,412,0.34,0.85,0.0183078051251081,73,6,1,0,0,0.0,0.0,0.0,0.0,0.0,0.0,0.0,0.0,True,2052,2026-02,412,0.3179611650485437,0.21676396948472654,287,0.34,0.85,-0.0015568463126301446,0,0,0,1,1,1.0,1.9225468028983999,0.0,0.0,0.0,1.9225468028983999,0.0,1.9225468028983999,True,2464,2026-03,287,0.30662020905923343,0.21241198620028956,238,0.34,0.85,0.014962639591213356,56,6,1,1,1,1.0,1.9226279167083753,0.0,0.0,0.0,1.9226279167083753,0.0,1.9226279167083753,True,2751,2026-04,238,0.23949579831932774,0.16852624950222198,369,0.34,0.85,-0.08373387767998522,11,6,1
1,趋势空头,23,1eaab1ba629924fe,5529.092492359128,False,连续两个有机会开发月无交易|开发交易样本不足,6,0.34,0.85,3,2.2,1.4,0.0036,288,1.1,0.15,72,0.35,2,0.035,220,5.0,38,0,0,0.0,0.0,0.0,0.0,0.0,0.0,0.0,0.0,True,665,2025-11,446,0.26681614349775784,0.1953121246556032,510,0.34,0.85,-0.00784311639701396,0,0,0,0,0,0.0,0.0,0.0,0.0,0.0,0.0,0.0,0.0,True,1111,2025-12,510,0.10588235294117647,0.09122572413488221,431,0.34,0.85,-0.0016286694235764926,0,0,0,1,0,0.0,0.0,0.058678899932122414,0.0,0.0,-0.058678899932122414,0.058678899932122414,-0.058678899932122414,True,1621,2026-01,431,0.2691415313225058,0.18966546176372948,412,0.34,0.85,0.0183078051251081,73,6,1,0,0,0.0,0.0,0.0,0.0,0.0,0.0,0.0,0.0,True,2052,2026-02,412,0.3179611650485437,0.21676396948472654,287,0.34,0.85,-0.0015568463126301446,0,0,0,1,1,1.0,1.9225468028983999,0.0,0.0,0.0,1.9225468028983999,0.0,1.9225468028983999,True,2464,2026-03,287,0.30662020905923343,0.21241198620028956,238,0.34,0.85,0.014962639591213356,56,6,1,1,1,1.0,1.9226279167083753,0.0,0.0,0.0,1.9226279167083753,0.0,1.9226279167083753,True,2751,2026-04,238,0.23949579831932774,0.16852624950222198,369,0.34,0.85,-0.08373387767998522,11,6,1
1,趋势空头,24,80a1a7fe3e16d809,5529.092492359128,False,连续两个有机会开发月无交易|开发交易样本不足,6,0.34,0.85,6,2.2,1.4,0.0036,288,1.1,0.15,72,0.35,2,0.035,220,5.0,38,0,0,0.0,0.0,0.0,0.0,0.0,0.0,0.0,0.0,True,665,2025-11,446,0.26681614349775784,0.1953121246556032,510,0.34,0.85,-0.00784311639701396,0,0,0,0,0,0.0,0.0,0.0,0.0,0.0,0.0,0.0,0.0,True,1111,2025-12,510,0.10588235294117647,0.09122572413488221,431,0.34,0.85,-0.0016286694235764926,0,0,0,1,0,0.0,0.0,0.058678899932122414,0.0,0.0,-0.058678899932122414,0.058678899932122414,-0.058678899932122414,True,1621,2026-01,431,0.2691415313225058,0.18966546176372948,412,0.34,0.85,0.0183078051251081,73,6,1,0,0,0.0,0.0,0.0,0.0,0.0,0.0,0.0,0.0,True,2052,2026-02,412,0.3179611650485437,0.21676396948472654,287,0.34,0.85,-0.0015568463126301446,0,0,0,1,1,1.0,1.9225468028983999,0.0,0.0,0.0,1.9225468028983999,0.0,1.9225468028983999,True,2464,2026-03,287,0.30662020905923343,0.21241198620028956,238,0.34,0.85,0.014962639591213356,56,6,1,1,1,1.0,1.9226279167083753,0.0,0.0,0.0,1.9226279167083753,0.0,1.9226279167083753,True,2751,2026-04,238,0.23949579831932774,0.16852624950222198,369,0.34,0.85,-0.08373387767998522,11,6,1
1,趋势空头,25,da13809c89587a1e,5052.279675184377,False,连续两个有机会开发月无交易|开发月最低胜率过低|开发交易样本不足,6,0.34,0.65,1,2.0,1.25,0.0034,216,1.0,0.12,60,0.38,3,0.025,270,8.0,50,0,0,0.0,0.0,0.0,0.0,0.0,0.0,0.0,0.0,True,665,2025-11,446,0.2713004484304933,0.19678943048988756,510,0.34,0.65,0.01646288259372547,0,0,0,0,0,0.0,0.0,0.0,0.0,0.0,0.0,0.0,0.0,True,1111,2025-12,510,0.11764705882352941,0.10347936153972279,431,0.34,0.65,-0.0029980879857755827,0,0,0,1,1,1.0,1.771533791949642,0.0,0.0,0.0,1.771533791949642,0.0,1.771533791949642,True,1621,2026-01,431,0.28306264501160094,0.1970801393543816,412,0.34,0.65,0.02022265999228129,104,6,1,3,0,0.0,0.0,1.2954496315334854,0.0,0.0,-3.886348894600456,3.886348894600456,-1.2954496315334854,True,2052,2026-02,412,0.308252427184466,0.21297728643963945,287,0.34,0.65,-0.0018883443457555216,3,3,3,3,1,0.3333333333333333,1.706061320715998,0.17494232548839495,9.752135830783685,4.876067915391842,1.3561766697392081,0.3498846509767899,0.45205888991306936,True,2464,2026-03,287,0.3170731707317073,0.21572350106875504,238,0.34,0.65,0.019396966919053904,114,6,3,2,1,0.5,1.7061472059265115,1.2953551298290662,1.3171269921567015,1.3171269921567015,0.4107920760974453,1.2953551298290662,0.20539603804872264,True,2751,2026-04,238,0.2605042016806723,0.1738111627354821,369,0.34,0.65,-0.08721876125573913,45,6,2
1,趋势空头,26,e5a1f4d03252a786,5052.279675184377,False,连续两个有机会开发月无交易|开发月最低胜率过低|开发交易样本不足,6,0.34,0.75,1,2.0,1.25,0.0034,216,1.0,0.12,60,0.38,3,0.025,270,8.0,50,0,0,0.0,0.0,0.0,0.0,0.0,0.0,0.0,0.0,True,665,2025-11,446,0.2713004484304933,0.19678943048988756,510,0.34,0.75,0.01646288259372547,0,0,0,0,0,0.0,0.0,0.0,0.0,0.0,0.0,0.0,0.0,True,1111,2025-12,510,0.11764705882352941,0.10347936153972279,431,0.34,0.75,-0.0029980879857755827,0,0,0,1,1,1.0,1.771533791949642,0.0,0.0,0.0,1.771533791949642,0.0,1.771533791949642,True,1621,2026-01,431,0.28306264501160094,0.1970801393543816,412,0.34,0.75,0.02022265999228129,102,6,1,3,0,0.0,0.0,1.2954496315334854,0.0,0.0,-3.886348894600456,3.886348894600456,-1.2954496315334854,True,2052,2026-02,412,0.308252427184466,0.21297728643963945,287,0.34,0.75,-0.0018883443457555216,3,3,3,3,1,0.3333333333333333,1.706061320715998,0.17494232548839495,9.752135830783685,4.876067915391842,1.3561766697392081,0.3498846509767899,0.45205888991306936,True,2464,2026-03,287,0.3170731707317073,0.21572350106875504,238,0.34,0.75,0.019396966919053904,111,6,3,2,1,0.5,1.7061472059265115,1.2953551298290662,1.3171269921567015,1.3171269921567015,0.4107920760974453,1.2953551298290662,0.20539603804872264,True,2751,2026-04,238,0.2605042016806723,0.1738111627354821,369,0.34,0.75,-0.08721876125573913,42,6,2
1,趋势空头,27,8e9d2d3575936177,5052.279675184377,False,连续两个有机会开发月无交易|开发月最低胜率过低|开发交易样本不足,6,0.34,0.85,1,2.0,1.25,0.0034,216,1.0,0.12,60,0.38,3,0.025,270,8.0,50,0,0,0.0,0.0,0.0,0.0,0.0,0.0,0.0,0.0,True,665,2025-11,446,0.2713004484304933,0.19678943048988756,510,0.34,0.85,0.01646288259372547,0,0,0,0,0,0.0,0.0,0.0,0.0,0.0,0.0,0.0,0.0,True,1111,2025-12,510,0.11764705882352941,0.10347936153972279,431,0.34,0.85,-0.0029980879857755827,0,0,0,1,1,1.0,1.771533791949642,0.0,0.0,0.0,1.771533791949642,0.0,1.771533791949642,True,1621,2026-01,431,0.28306264501160094,0.1970801393543816,412,0.34,0.85,0.02022265999228129,62,6,1,3,0,0.0,0.0,1.2954496315334854,0.0,0.0,-3.886348894600456,3.886348894600456,-1.2954496315334854,True,2052,2026-02,412,0.308252427184466,0.21297728643963945,287,0.34,0.85,-0.0018883443457555216,3,3,3,3,1,0.3333333333333333,1.706061320715998,0.17494232548839495,9.752135830783685,4.876067915391842,1.3561766697392081,0.3498846509767899,0.45205888991306936,True,2464,2026-03,287,0.3170731707317073,0.21572350106875504,238,0.34,0.85,0.019396966919053904,86,6,3,2,1,0.5,1.7061472059265115,1.2953551298290662,1.3171269921567015,1.3171269921567015,0.4107920760974453,1.2953551298290662,0.20539603804872264,True,2751,2026-04,238,0.2605042016806723,0.1738111627354821,369,0.34,0.85,-0.08721876125573913,22,6,2
1,趋势空头,28,87c9fb40d71daa89,5052.279645144607,False,连续两个有机会开发月无交易|开发月最低胜率过低|开发交易样本不足,6,0.34,0.85,3,2.0,1.25,0.0034,216,1.0,0.12,60,0.38,3,0.025,270,8.0,50,0,0,0.0,0.0,0.0,0.0,0.0,0.0,0.0,0.0,True,665,2025-11,446,0.2713004484304933,0.19678943048988756,510,0.34,0.85,0.01646288259372547,0,0,0,0,0,0.0,0.0,0.0,0.0,0.0,0.0,0.0,0.0,True,1111,2025-12,510,0.11764705882352941,0.10347936153972279,431,0.34,0.85,-0.0029980879857755827,0,0,0,1,1,1.0,1.771533791949642,0.0,0.0,0.0,1.771533791949642,0.0,1.771533791949642,True,1621,2026-01,431,0.28306264501160094,0.1970801393543816,412,0.34,0.85,0.02022265999228129,62,6,1,3,0,0.0,0.0,1.2954496315334854,0.0,0.0,-3.886348894600456,3.886348894600456,-1.2954496315334854,True,2052,2026-02,412,0.308252427184466,0.21297728643963945,287,0.34,0.85,-0.0018883443457555216,3,3,3,3,1,0.3333333333333333,1.706061320715998,0.17494232548839495,9.752135830783685,4.876067915391842,1.3561766697392081,0.3498846509767899,0.45205888991306936,True,2464,2026-03,287,0.3170731707317073,0.21572350106875504,238,0.34,0.85,0.019396966919053904,86,6,3,2,1,0.5,1.70614693557953,1.2953551298290662,1.317126783451787,1.317126783451787,0.4107918057504638,1.2953551298290662,0.2053959028752319,True,2751,2026-04,238,0.2605042016806723,0.1738111627354821,369,0.34,0.85,-0.08721876125573913,22,6,2
1,趋势空头,29,2b3f16934d50fa93,4996.279675184377,False,连续两个有机会开发月无交易|开发月最低胜率过低|开发交易样本不足,10,0.34,0.65,1,2.0,1.25,0.0034,216,1.0,0.12,60,0.38,3,0.025,270,8.0,50,0,0,0.0,0.0,0.0,0.0,0.0,0.0,0.0,0.0,True,665,2025-11,446,0.2713004484304933,0.19678943048988756,510,0.34,0.65,0.01646288259372547,0,0,0,0,0,0.0,0.0,0.0,0.0,0.0,0.0,0.0,0.0,True,1111,2025-12,510,0.11764705882352941,0.10347936153972279,431,0.34,0.65,-0.0029980879857755827,0,0,0,1,1,1.0,1.771533791949642,0.0,0.0,0.0,1.771533791949642,0.0,1.771533791949642,True,1621,2026-01,431,0.28306264501160094,0.1970801393543816,412,0.34,0.65,0.02022265999228129,104,10,1,3,0,0.0,0.0,1.2954496315334854,0.0,0.0,-3.886348894600456,3.886348894600456,-1.2954496315334854,True,2052,2026-02,412,0.308252427184466,0.21297728643963945,287,0.34,0.65,-0.0018883443457555216,3,3,3,3,1,0.3333333333333333,1.706061320715998,0.17494232548839495,9.752135830783685,4.876067915391842,1.3561766697392081,0.3498846509767899,0.45205888991306936,True,2464,2026-03,287,0.3170731707317073,0.21572350106875504,238,0.34,0.65,0.019396966919053904,114,10,3,2,1,0.5,1.7061472059265115,1.2953551298290662,1.3171269921567015,1.3171269921567015,0.4107920760974453,1.2953551298290662,0.20539603804872264,True,2751,2026-04,238,0.2605042016806723,0.1738111627354821,369,0.34,0.65,-0.08721876125573913,45,10,2
1,趋势空头,30,de6fe3448543c779,4996.279675184377,False,连续两个有机会开发月无交易|开发月最低胜率过低|开发交易样本不足,10,0.34,0.75,1,2.0,1.25,0.0034,216,1.0,0.12,60,0.38,3,0.025,270,8.0,50,0,0,0.0,0.0,0.0,0.0,0.0,0.0,0.0,0.0,True,665,2025-11,446,0.2713004484304933,0.19678943048988756,510,0.34,0.75,0.01646288259372547,0,0,0,0,0,0.0,0.0,0.0,0.0,0.0,0.0,0.0,0.0,True,1111,2025-12,510,0.11764705882352941,0.10347936153972279,431,0.34,0.75,-0.0029980879857755827,0,0,0,1,1,1.0,1.771533791949642,0.0,0.0,0.0,1.771533791949642,0.0,1.771533791949642,True,1621,2026-01,431,0.28306264501160094,0.1970801393543816,412,0.34,0.75,0.02022265999228129,102,10,1,3,0,0.0,0.0,1.2954496315334854,0.0,0.0,-3.886348894600456,3.886348894600456,-1.2954496315334854,True,2052,2026-02,412,0.308252427184466,0.21297728643963945,287,0.34,0.75,-0.0018883443457555216,3,3,3,3,1,0.3333333333333333,1.706061320715998,0.17494232548839495,9.752135830783685,4.876067915391842,1.3561766697392081,0.3498846509767899,0.45205888991306936,True,2464,2026-03,287,0.3170731707317073,0.21572350106875504,238,0.34,0.75,0.019396966919053904,111,10,3,2,1,0.5,1.7061472059265115,1.2953551298290662,1.3171269921567015,1.3171269921567015,0.4107920760974453,1.2953551298290662,0.20539603804872264,True,2751,2026-04,238,0.2605042016806723,0.1738111627354821,369,0.34,0.75,-0.08721876125573913,42,10,2
2,震荡多头反转,1,299b0a28d888bef2,6830.882578643228,False,连续两个有机会开发月无交易|有效开发月份不足|开发交易样本不足,10,0.38,0.85,2,1.6,0.95,0.0028,120,0.8,0.06,36,0.32,2,0.035,220,6.0,32,1,0,0.0,0.0,0.29794624415747284,0.0,0.0,-0.29794624415747284,0.29794624415747284,-0.29794624415747284,True,87,2025-11,53,0.33962264150943394,0.22213806841289302,53,0.38,0.85,0.00197488706811888,1,1,1,0,0,0.0,0.0,0.0,0.0,0.0,0.0,0.0,0.0,True,140,2025-12,53,0.16981132075471697,0.13818230073168855,46,0.38,0.85,0.018314959167619937,0,0,0,0,0,0.0,0.0,0.0,0.0,0.0,0.0,0.0,0.0,True,193,2026-01,46,0.15217391304347827,0.1289507891578731,70,0.38,0.85,0.0008790806974520726,0,0,0,0,0,0.0,0.0,0.0,0.0,0.0,0.0,0.0,0.0,True,239,2026-02,70,0.15714285714285714,0.13176132737973806,84,0.38,0.85,-0.0061491098536760325,0,0,0,0,0,0.0,0.0,0.0,0.0,0.0,0.0,0.0,0.0,True,309,2026-03,84,0.23809523809523808,0.17718743949894863,45,0.38,0.85,0.014799861330016623,0,0,0,6,4,0.6666666666666666,1.2411225807430535,0.2980784099382279,4.163745307821042,8.327490615642084,4.368333503095759,0.5961568198764557,0.7280555838492931,True,393,2026-04,45,0.4444444444444444,0.24272124164593134,78,0.38,0.85,-0.0006331905404570182,16,10,6
2,震荡多头反转,2,fd0da34ab93d25a4,6830.882578643228,False,连续两个有机会开发月无交易|有效开发月份不足|开发交易样本不足,10,0.38,0.85,5,1.6,0.95,0.0028,120,0.8,0.06,36,0.32,2,0.035,220,6.0,32,1,0,0.0,0.0,0.29794624415747284,0.0,0.0,-0.29794624415747284,0.29794624415747284,-0.29794624415747284,True,87,2025-11,53,0.33962264150943394,0.22213806841289302,53,0.38,0.85,0.00197488706811888,1,1,1,0,0,0.0,0.0,0.0,0.0,0.0,0.0,0.0,0.0,True,140,2025-12,53,0.16981132075471697,0.13818230073168855,46,0.38,0.85,0.018314959167619937,0,0,0,0,0,0.0,0.0,0.0,0.0,0.0,0.0,0.0,0.0,True,193,2026-01,46,0.15217391304347827,0.1289507891578731,70,0.38,0.85,0.0008790806974520726,0,0,0,0,0,0.0,0.0,0.0,0.0,0.0,0.0,0.0,0.0,True,239,2026-02,70,0.15714285714285714,0.13176132737973806,84,0.38,0.85,-0.0061491098536760325,0,0,0,0,0,0.0,0.0,0.0,0.0,0.0,0.0,0.0,0.0,True,309,2026-03,84,0.23809523809523808,0.17718743949894863,45,0.38,0.85,0.014799861330016623,0,0,0,6,4,0.6666666666666666,1.2411225807430535,0.2980784099382279,4.163745307821042,8.327490615642084,4.368333503095759,0.5961568198764557,0.7280555838492931,True,393,2026-04,45,0.4444444444444444,0.24272124164593134,78,0.38,0.85,-0.0006331905404570182,16,10,6
2,震荡多头反转,3,cc3f8578620a4549,6830.882578643228,False,连续两个有机会开发月无交易|有效开发月份不足|开发交易样本不足,10,0.38,0.85,8,1.6,0.95,0.0028,120,0.8,0.06,36,0.32,2,0.035,220,6.0,32,1,0,0.0,0.0,0.29794624415747284,0.0,0.0,-0.29794624415747284,0.29794624415747284,-0.29794624415747284,True,87,2025-11,53,0.33962264150943394,0.22213806841289302,53,0.38,0.85,0.00197488706811888,1,1,1,0,0,0.0,0.0,0.0,0.0,0.0,0.0,0.0,0.0,True,140,2025-12,53,0.16981132075471697,0.13818230073168855,46,0.38,0.85,0.018314959167619937,0,0,0,0,0,0.0,0.0,0.0,0.0,0.0,0.0,0.0,0.0,True,193,2026-01,46,0.15217391304347827,0.1289507891578731,70,0.38,0.85,0.0008790806974520726,0,0,0,0,0,0.0,0.0,0.0,0.0,0.0,0.0,0.0,0.0,True,239,2026-02,70,0.15714285714285714,0.13176132737973806,84,0.38,0.85,-0.0061491098536760325,0,0,0,0,0,0.0,0.0,0.0,0.0,0.0,0.0,0.0,0.0,True,309,2026-03,84,0.23809523809523808,0.17718743949894863,45,0.38,0.85,0.014799861330016623,0,0,0,6,4,0.6666666666666666,1.2411225807430535,0.2980784099382279,4.163745307821042,8.327490615642084,4.368333503095759,0.5961568198764557,0.7280555838492931,True,393,2026-04,45,0.4444444444444444,0.24272124164593134,78,0.38,0.85,-0.0006331905404570182,16,10,6
2,震荡多头反转,4,c9dad7ea56c7213f,6357.641560136071,False,连续两个有机会开发月无交易|有效开发月份不足|开发交易样本不足,4,0.42,0.65,2,1.6,0.95,0.0028,120,0.8,0.06,36,0.32,2,0.035,220,6.0,32,0,0,0.0,0.0,0.0,0.0,0.0,0.0,0.0,0.0,True,87,2025-11,53,0.33962264150943394,0.22213806841289302,53,0.42,0.65,0.00197488706811888,0,0,0,0,0,0.0,0.0,0.0,0.0,0.0,0.0,0.0,0.0,True,140,2025-12,53,0.16981132075471697,0.13818230073168855,46,0.42,0.65,0.018314959167619937,0,0,0,0,0,0.0,0.0,0.0,0.0,0.0,0.0,0.0,0.0,True,193,2026-01,46,0.15217391304347827,0.1289507891578731,70,0.42,0.65,0.0008790806974520726,0,0,0,0,0,0.0,0.0,0.0,0.0,0.0,0.0,0.0,0.0,True,239,2026-02,70,0.15714285714285714,0.13176132737973806,84,0.42,0.65,-0.0061491098536760325,0,0,0,0,0,0.0,0.0,0.0,0.0,0.0,0.0,0.0,0.0,True,309,2026-03,84,0.23809523809523808,0.17718743949894863,45,0.42,0.65,0.014799861330016623,0,0,0,3,2,0.6666666666666666,1.2411724175839778,0.29806228996932377,4.164137696559058,8.328275393118115,2.1842825451986316,0.2980622899693237,0.7280941817328772,True,393,2026-04,45,0.4444444444444444,0.24272124164593134,78,0.42,0.65,-0.0006331905404570182,28,4,3
2,震荡多头反转,5,fe0dabcc8863a5e0,6357.641560136071,False,连续两个有机会开发月无交易|有效开发月份不足|开发交易样本不足,4,0.42,0.65,5,1.6,0.95,0.0028,120,0.8,0.06,36,0.32,2,0.035,220,6.0,32,0,0,0.0,0.0,0.0,0.0,0.0,0.0,0.0,0.0,True,87,2025-11,53,0.33962264150943394,0.22213806841289302,53,0.42,0.65,0.00197488706811888,0,0,0,0,0,0.0,0.0,0.0,0.0,0.0,0.0,0.0,0.0,True,140,2025-12,53,0.16981132075471697,0.13818230073168855,46,0.42,0.65,0.018314959167619937,0,0,0,0,0,0.0,0.0,0.0,0.0,0.0,0.0,0.0,0.0,True,193,2026-01,46,0.15217391304347827,0.1289507891578731,70,0.42,0.65,0.0008790806974520726,0,0,0,0,0,0.0,0.0,0.0,0.0,0.0,0.0,0.0,0.0,True,239,2026-02,70,0.15714285714285714,0.13176132737973806,84,0.42,0.65,-0.0061491098536760325,0,0,0,0,0,0.0,0.0,0.0,0.0,0.0,0.0,0.0,0.0,True,309,2026-03,84,0.23809523809523808,0.17718743949894863,45,0.42,0.65,0.014799861330016623,0,0,0,3,2,0.6666666666666666,1.2411724175839778,0.29806228996932377,4.164137696559058,8.328275393118115,2.1842825451986316,0.2980622899693237,0.7280941817328772,True,393,2026-04,45,0.4444444444444444,0.24272124164593134,78,0.42,0.65,-0.0006331905404570182,28,4,3
2,震荡多头反转,6,11b3acb1718d8bb8,6357.641560136071,False,连续两个有机会开发月无交易|有效开发月份不足|开发交易样本不足,4,0.42,0.65,8,1.6,0.95,0.0028,120,0.8,0.06,36,0.32,2,0.035,220,6.0,32,0,0,0.0,0.0,0.0,0.0,0.0,0.0,0.0,0.0,True,87,2025-11,53,0.33962264150943394,0.22213806841289302,53,0.42,0.65,0.00197488706811888,0,0,0,0,0,0.0,0.0,0.0,0.0,0.0,0.0,0.0,0.0,True,140,2025-12,53,0.16981132075471697,0.13818230073168855,46,0.42,0.65,0.018314959167619937,0,0,0,0,0,0.0,0.0,0.0,0.0,0.0,0.0,0.0,0.0,True,193,2026-01,46,0.15217391304347827,0.1289507891578731,70,0.42,0.65,0.0008790806974520726,0,0,0,0,0,0.0,0.0,0.0,0.0,0.0,0.0,0.0,0.0,True,239,2026-02,70,0.15714285714285714,0.13176132737973806,84,0.42,0.65,-0.0061491098536760325,0,0,0,0,0,0.0,0.0,0.0,0.0,0.0,0.0,0.0,0.0,True,309,2026-03,84,0.23809523809523808,0.17718743949894863,45,0.42,0.65,0.014799861330016623,0,0,0,3,2,0.6666666666666666,1.2411724175839778,0.29806228996932377,4.164137696559058,8.328275393118115,2.1842825451986316,0.2980622899693237,0.7280941817328772,True,393,2026-04,45,0.4444444444444444,0.24272124164593134,78,0.42,0.65,-0.0006331905404570182,28,4,3
2,震荡多头反转,7,df581aaa4d455fc2,6317.058637517868,False,连续两个有机会开发月无交易|有效开发月份不足|开发交易样本不足,10,0.42,0.85,2,1.6,0.95,0.0028,120,0.8,0.06,36,0.32,2,0.035,220,6.0,32,0,0,0.0,0.0,0.0,0.0,0.0,0.0,0.0,0.0,True,87,2025-11,53,0.33962264150943394,0.22213806841289302,53,0.42,0.85,0.00197488706811888,0,0,0,0,0,0.0,0.0,0.0,0.0,0.0,0.0,0.0,0.0,True,140,2025-12,53,0.16981132075471697,0.13818230073168855,46,0.42,0.85,0.018314959167619937,0,0,0,0,0,0.0,0.0,0.0,0.0,0.0,0.0,0.0,0.0,True,193,2026-01,46,0.15217391304347827,0.1289507891578731,70,0.42,0.85,0.0008790806974520726,0,0,0,0,0,0.0,0.0,0.0,0.0,0.0,0.0,0.0,0.0,True,239,2026-02,70,0.15714285714285714,0.13176132737973806,84,0.42,0.85,-0.0061491098536760325,0,0,0,0,0,0.0,0.0,0.0,0.0,0.0,0.0,0.0,0.0,True,309,2026-03,84,0.23809523809523808,0.17718743949894863,45,0.42,0.85,0.014799861330016623,0,0,0,6,4,0.6666666666666666,1.2411225807430535,0.2980784099382279,4.163745307821042,8.327490615642084,4.368333503095759,0.5961568198764557,0.7280555838492931,True,393,2026-04,45,0.4444444444444444,0.24272124164593134,78,0.42,0.85,-0.0006331905404570182,16,10,6
2,震荡多头反转,8,b4c7b88cc01eb091,6317.058637517868,False,连续两个有机会开发月无交易|有效开发月份不足|开发交易样本不足,10,0.42,0.85,5,1.6,0.95,0.0028,120,0.8,0.06,36,0.32,2,0.035,220,6.0,32,0,0,0.0,0.0,0.0,0.0,0.0,0.0,0.0,0.0,True,87,2025-11,53,0.33962264150943394,0.22213806841289302,53,0.42,0.85,0.00197488706811888,0,0,0,0,0,0.0,0.0,0.0,0.0,0.0,0.0,0.0,0.0,True,140,2025-12,53,0.16981132075471697,0.13818230073168855,46,0.42,0.85,0.018314959167619937,0,0,0,0,0,0.0,0.0,0.0,0.0,0.0,0.0,0.0,0.0,True,193,2026-01,46,0.15217391304347827,0.1289507891578731,70,0.42,0.85,0.0008790806974520726,0,0,0,0,0,0.0,0.0,0.0,0.0,0.0,0.0,0.0,0.0,True,239,2026-02,70,0.15714285714285714,0.13176132737973806,84,0.42,0.85,-0.0061491098536760325,0,0,0,0,0,0.0,0.0,0.0,0.0,0.0,0.0,0.0,0.0,True,309,2026-03,84,0.23809523809523808,0.17718743949894863,45,0.42,0.85,0.014799861330016623,0,0,0,6,4,0.6666666666666666,1.2411225807430535,0.2980784099382279,4.163745307821042,8.327490615642084,4.368333503095759,0.5961568198764557,0.7280555838492931,True,393,2026-04,45,0.4444444444444444,0.24272124164593134,78,0.42,0.85,-0.0006331905404570182,16,10,6
2,震荡多头反转,9,ca9faf0edd1fc227,6317.058637517868,False,连续两个有机会开发月无交易|有效开发月份不足|开发交易样本不足,10,0.42,0.85,8,1.6,0.95,0.0028,120,0.8,0.06,36,0.32,2,0.035,220,6.0,32,0,0,0.0,0.0,0.0,0.0,0.0,0.0,0.0,0.0,True,87,2025-11,53,0.33962264150943394,0.22213806841289302,53,0.42,0.85,0.00197488706811888,0,0,0,0,0,0.0,0.0,0.0,0.0,0.0,0.0,0.0,0.0,True,140,2025-12,53,0.16981132075471697,0.13818230073168855,46,0.42,0.85,0.018314959167619937,0,0,0,0,0,0.0,0.0,0.0,0.0,0.0,0.0,0.0,0.0,True,193,2026-01,46,0.15217391304347827,0.1289507891578731,70,0.42,0.85,0.0008790806974520726,0,0,0,0,0,0.0,0.0,0.0,0.0,0.0,0.0,0.0,0.0,True,239,2026-02,70,0.15714285714285714,0.13176132737973806,84,0.42,0.85,-0.0061491098536760325,0,0,0,0,0,0.0,0.0,0.0,0.0,0.0,0.0,0.0,0.0,True,309,2026-03,84,0.23809523809523808,0.17718743949894863,45,0.42,0.85,0.014799861330016623,0,0,0,6,4,0.6666666666666666,1.2411225807430535,0.2980784099382279,4.163745307821042,8.327490615642084,4.368333503095759,0.5961568198764557,0.7280555838492931,True,393,2026-04,45,0.4444444444444444,0.24272124164593134,78,0.42,0.85,-0.0006331905404570182,16,10,6
2,震荡多头反转,10,26118b8ecd929561,6160.183321237533,False,连续两个有机会开发月无交易|有效开发月份不足|开发交易样本不足,4,0.38,0.65,2,1.6,0.95,0.0028,120,0.8,0.06,36,0.32,2,0.035,220,6.0,32,1,0,0.0,0.0,0.29794624415747284,0.0,0.0,-0.29794624415747284,0.29794624415747284,-0.29794624415747284,True,87,2025-11,53,0.33962264150943394,0.22213806841289302,53,0.38,0.65,0.00197488706811888,1,1,1,0,0,0.0,0.0,0.0,0.0,0.0,0.0,0.0,0.0,True,140,2025-12,53,0.16981132075471697,0.13818230073168855,46,0.38,0.65,0.018314959167619937,0,0,0,0,0,0.0,0.0,0.0,0.0,0.0,0.0,0.0,0.0,True,193,2026-01,46,0.15217391304347827,0.1289507891578731,70,0.38,0.65,0.0008790806974520726,0,0,0,0,0,0.0,0.0,0.0,0.0,0.0,0.0,0.0,0.0,True,239,2026-02,70,0.15714285714285714,0.13176132737973806,84,0.38,0.65,-0.0061491098536760325,0,0,0,0,0,0.0,0.0,0.0,0.0,0.0,0.0,0.0,0.0,True,309,2026-03,84,0.23809523809523808,0.17718743949894863,45,0.38,0.65,0.014799861330016623,0,0,0,3,2,0.6666666666666666,1.2411724175839778,0.29806228996932377,4.164137696559058,8.328275393118115,2.1842825451986316,0.2980622899693237,0.7280941817328772,True,393,2026-04,45,0.4444444444444444,0.24272124164593134,78,0.38,0.65,-0.0006331905404570182,28,4,3
2,震荡多头反转,11,6c4dbce3e340eae8,6160.183321237533,False,连续两个有机会开发月无交易|有效开发月份不足|开发交易样本不足,4,0.38,0.65,5,1.6,0.95,0.0028,120,0.8,0.06,36,0.32,2,0.035,220,6.0,32,1,0,0.0,0.0,0.29794624415747284,0.0,0.0,-0.29794624415747284,0.29794624415747284,-0.29794624415747284,True,87,2025-11,53,0.33962264150943394,0.22213806841289302,53,0.38,0.65,0.00197488706811888,1,1,1,0,0,0.0,0.0,0.0,0.0,0.0,0.0,0.0,0.0,True,140,2025-12,53,0.16981132075471697,0.13818230073168855,46,0.38,0.65,0.018314959167619937,0,0,0,0,0,0.0,0.0,0.0,0.0,0.0,0.0,0.0,0.0,True,193,2026-01,46,0.15217391304347827,0.1289507891578731,70,0.38,0.65,0.0008790806974520726,0,0,0,0,0,0.0,0.0,0.0,0.0,0.0,0.0,0.0,0.0,True,239,2026-02,70,0.15714285714285714,0.13176132737973806,84,0.38,0.65,-0.0061491098536760325,0,0,0,0,0,0.0,0.0,0.0,0.0,0.0,0.0,0.0,0.0,True,309,2026-03,84,0.23809523809523808,0.17718743949894863,45,0.38,0.65,0.014799861330016623,0,0,0,3,2,0.6666666666666666,1.2411724175839778,0.29806228996932377,4.164137696559058,8.328275393118115,2.1842825451986316,0.2980622899693237,0.7280941817328772,True,393,2026-04,45,0.4444444444444444,0.24272124164593134,78,0.38,0.65,-0.0006331905404570182,28,4,3
2,震荡多头反转,12,501c6fd2d9d6489b,6160.183321237533,False,连续两个有机会开发月无交易|有效开发月份不足|开发交易样本不足,4,0.38,0.65,8,1.6,0.95,0.0028,120,0.8,0.06,36,0.32,2,0.035,220,6.0,32,1,0,0.0,0.0,0.29794624415747284,0.0,0.0,-0.29794624415747284,0.29794624415747284,-0.29794624415747284,True,87,2025-11,53,0.33962264150943394,0.22213806841289302,53,0.38,0.65,0.00197488706811888,1,1,1,0,0,0.0,0.0,0.0,0.0,0.0,0.0,0.0,0.0,True,140,2025-12,53,0.16981132075471697,0.13818230073168855,46,0.38,0.65,0.018314959167619937,0,0,0,0,0,0.0,0.0,0.0,0.0,0.0,0.0,0.0,0.0,True,193,2026-01,46,0.15217391304347827,0.1289507891578731,70,0.38,0.65,0.0008790806974520726,0,0,0,0,0,0.0,0.0,0.0,0.0,0.0,0.0,0.0,0.0,True,239,2026-02,70,0.15714285714285714,0.13176132737973806,84,0.38,0.65,-0.0061491098536760325,0,0,0,0,0,0.0,0.0,0.0,0.0,0.0,0.0,0.0,0.0,True,309,2026-03,84,0.23809523809523808,0.17718743949894863,45,0.38,0.65,0.014799861330016623,0,0,0,3,2,0.6666666666666666,1.2411724175839778,0.29806228996932377,4.164137696559058,8.328275393118115,2.1842825451986316,0.2980622899693237,0.7280941817328772,True,393,2026-04,45,0.4444444444444444,0.24272124164593134,78,0.38,0.65,-0.0006331905404570182,28,4,3
2,震荡多头反转,13,15a0dcb8930c0a48,6154.915725700921,False,连续两个有机会开发月无交易|有效开发月份不足|开发交易样本不足,7,0.42,0.75,2,1.6,0.95,0.0028,120,0.8,0.06,36,0.32,2,0.035,220,6.0,32,0,0,0.0,0.0,0.0,0.0,0.0,0.0,0.0,0.0,True,87,2025-11,53,0.33962264150943394,0.22213806841289302,53,0.42,0.75,0.00197488706811888,0,0,0,0,0,0.0,0.0,0.0,0.0,0.0,0.0,0.0,0.0,True,140,2025-12,53,0.16981132075471697,0.13818230073168855,46,0.42,0.75,0.018314959167619937,0,0,0,0,0,0.0,0.0,0.0,0.0,0.0,0.0,0.0,0.0,True,193,2026-01,46,0.15217391304347827,0.1289507891578731,70,0.42,0.75,0.0008790806974520726,0,0,0,0,0,0.0,0.0,0.0,0.0,0.0,0.0,0.0,0.0,True,239,2026-02,70,0.15714285714285714,0.13176132737973806,84,0.42,0.75,-0.0061491098536760325,0,0,0,0,0,0.0,0.0,0.0,0.0,0.0,0.0,0.0,0.0,True,309,2026-03,84,0.23809523809523808,0.17718743949894863,45,0.42,0.75,0.014799861330016623,0,0,0,5,3,0.6,1.241157505887422,0.2980601292123324,4.164117854901837,6.246176782352756,3.1273522592376013,0.29806228996932377,0.6254704518475203,True,393,2026-04,45,0.4444444444444444,0.24272124164593134,78,0.42,0.75,-0.0006331905404570182,21,7,5
2,震荡多头反转,14,d582cecaffa4efa4,6154.915725700921,False,连续两个有机会开发月无交易|有效开发月份不足|开发交易样本不足,7,0.42,0.75,5,1.6,0.95,0.0028,120,0.8,0.06,36,0.32,2,0.035,220,6.0,32,0,0,0.0,0.0,0.0,0.0,0.0,0.0,0.0,0.0,True,87,2025-11,53,0.33962264150943394,0.22213806841289302,53,0.42,0.75,0.00197488706811888,0,0,0,0,0,0.0,0.0,0.0,0.0,0.0,0.0,0.0,0.0,True,140,2025-12,53,0.16981132075471697,0.13818230073168855,46,0.42,0.75,0.018314959167619937,0,0,0,0,0,0.0,0.0,0.0,0.0,0.0,0.0,0.0,0.0,True,193,2026-01,46,0.15217391304347827,0.1289507891578731,70,0.42,0.75,0.0008790806974520726,0,0,0,0,0,0.0,0.0,0.0,0.0,0.0,0.0,0.0,0.0,True,239,2026-02,70,0.15714285714285714,0.13176132737973806,84,0.42,0.75,-0.0061491098536760325,0,0,0,0,0,0.0,0.0,0.0,0.0,0.0,0.0,0.0,0.0,True,309,2026-03,84,0.23809523809523808,0.17718743949894863,45,0.42,0.75,0.014799861330016623,0,0,0,5,3,0.6,1.241157505887422,0.2980601292123324,4.164117854901837,6.246176782352756,3.1273522592376013,0.29806228996932377,0.6254704518475203,True,393,2026-04,45,0.4444444444444444,0.24272124164593134,78,0.42,0.75,-0.0006331905404570182,21,7,5
2,震荡多头反转,15,f3d36c00fe58fa21,6154.915725700921,False,连续两个有机会开发月无交易|有效开发月份不足|开发交易样本不足,7,0.42,0.75,8,1.6,0.95,0.0028,120,0.8,0.06,36,0.32,2,0.035,220,6.0,32,0,0,0.0,0.0,0.0,0.0,0.0,0.0,0.0,0.0,True,87,2025-11,53,0.33962264150943394,0.22213806841289302,53,0.42,0.75,0.00197488706811888,0,0,0,0,0,0.0,0.0,0.0,0.0,0.0,0.0,0.0,0.0,True,140,2025-12,53,0.16981132075471697,0.13818230073168855,46,0.42,0.75,0.018314959167619937,0,0,0,0,0,0.0,0.0,0.0,0.0,0.0,0.0,0.0,0.0,True,193,2026-01,46,0.15217391304347827,0.1289507891578731,70,0.42,0.75,0.0008790806974520726,0,0,0,0,0,0.0,0.0,0.0,0.0,0.0,0.0,0.0,0.0,True,239,2026-02,70,0.15714285714285714,0.13176132737973806,84,0.42,0.75,-0.0061491098536760325,0,0,0,0,0,0.0,0.0,0.0,0.0,0.0,0.0,0.0,0.0,True,309,2026-03,84,0.23809523809523808,0.17718743949894863,45,0.42,0.75,0.014799861330016623,0,0,0,5,3,0.6,1.241157505887422,0.2980601292123324,4.164117854901837,6.246176782352756,3.1273522592376013,0.29806228996932377,0.6254704518475203,True,393,2026-04,45,0.4444444444444444,0.24272124164593134,78,0.42,0.75,-0.0006331905404570182,21,7,5
2,震荡多头反转,16,f21e3f19c4411786,6154.914186014825,False,连续两个有机会开发月无交易|有效开发月份不足|开发交易样本不足,7,0.42,0.65,2,1.6,0.95,0.0028,120,0.8,0.06,36,0.32,2,0.035,220,6.0,32,0,0,0.0,0.0,0.0,0.0,0.0,0.0,0.0,0.0,True,87,2025-11,53,0.33962264150943394,0.22213806841289302,53,0.42,0.65,0.00197488706811888,0,0,0,0,0,0.0,0.0,0.0,0.0,0.0,0.0,0.0,0.0,True,140,2025-12,53,0.16981132075471697,0.13818230073168855,46,0.42,0.65,0.018314959167619937,0,0,0,0,0,0.0,0.0,0.0,0.0,0.0,0.0,0.0,0.0,True,193,2026-01,46,0.15217391304347827,0.1289507891578731,70,0.42,0.65,0.0008790806974520726,0,0,0,0,0,0.0,0.0,0.0,0.0,0.0,0.0,0.0,0.0,True,239,2026-02,70,0.15714285714285714,0.13176132737973806,84,0.42,0.65,-0.0061491098536760325,0,0,0,0,0,0.0,0.0,0.0,0.0,0.0,0.0,0.0,0.0,True,309,2026-03,84,0.23809523809523808,0.17718743949894863,45,0.42,0.65,0.014799861330016623,0,0,0,5,3,0.6,1.2411721352735245,0.2980601292123324,4.1641669368979475,6.246250405346921,3.127396147395909,0.2980622899693237,0.6254792294791818,True,393,2026-04,45,0.4444444444444444,0.24272124164593134,78,0.42,0.65,-0.0006331905404570182,28,7,5
2,震荡多头反转,17,3c46002f05deb018,6154.914186014825,False,连续两个有机会开发月无交易|有效开发月份不足|开发交易样本不足,7,0.42,0.65,5,1.6,0.95,0.0028,120,0.8,0.06,36,0.32,2,0.035,220,6.0,32,0,0,0.0,0.0,0.0,0.0,0.0,0.0,0.0,0.0,True,87,2025-11,53,0.33962264150943394,0.22213806841289302,53,0.42,0.65,0.00197488706811888,0,0,0,0,0,0.0,0.0,0.0,0.0,0.0,0.0,0.0,0.0,True,140,2025-12,53,0.16981132075471697,0.13818230073168855,46,0.42,0.65,0.018314959167619937,0,0,0,0,0,0.0,0.0,0.0,0.0,0.0,0.0,0.0,0.0,True,193,2026-01,46,0.15217391304347827,0.1289507891578731,70,0.42,0.65,0.0008790806974520726,0,0,0,0,0,0.0,0.0,0.0,0.0,0.0,0.0,0.0,0.0,True,239,2026-02,70,0.15714285714285714,0.13176132737973806,84,0.42,0.65,-0.0061491098536760325,0,0,0,0,0,0.0,0.0,0.0,0.0,0.0,0.0,0.0,0.0,True,309,2026-03,84,0.23809523809523808,0.17718743949894863,45,0.42,0.65,0.014799861330016623,0,0,0,5,3,0.6,1.2411721352735245,0.2980601292123324,4.1641669368979475,6.246250405346921,3.127396147395909,0.2980622899693237,0.6254792294791818,True,393,2026-04,45,0.4444444444444444,0.24272124164593134,78,0.42,0.65,-0.0006331905404570182,28,7,5
2,震荡多头反转,18,4c3e8bd32238e2d2,6154.914186014825,False,连续两个有机会开发月无交易|有效开发月份不足|开发交易样本不足,7,0.42,0.65,8,1.6,0.95,0.0028,120,0.8,0.06,36,0.32,2,0.035,220,6.0,32,0,0,0.0,0.0,0.0,0.0,0.0,0.0,0.0,0.0,True,87,2025-11,53,0.33962264150943394,0.22213806841289302,53,0.42,0.65,0.00197488706811888,0,0,0,0,0,0.0,0.0,0.0,0.0,0.0,0.0,0.0,0.0,True,140,2025-12,53,0.16981132075471697,0.13818230073168855,46,0.42,0.65,0.018314959167619937,0,0,0,0,0,0.0,0.0,0.0,0.0,0.0,0.0,0.0,0.0,True,193,2026-01,46,0.15217391304347827,0.1289507891578731,70,0.42,0.65,0.0008790806974520726,0,0,0,0,0,0.0,0.0,0.0,0.0,0.0,0.0,0.0,0.0,True,239,2026-02,70,0.15714285714285714,0.13176132737973806,84,0.42,0.65,-0.0061491098536760325,0,0,0,0,0,0.0,0.0,0.0,0.0,0.0,0.0,0.0,0.0,True,309,2026-03,84,0.23809523809523808,0.17718743949894863,45,0.42,0.65,0.014799861330016623,0,0,0,5,3,0.6,1.2411721352735245,0.2980601292123324,4.1641669368979475,6.246250405346921,3.127396147395909,0.2980622899693237,0.6254792294791818,True,393,2026-04,45,0.4444444444444444,0.24272124164593134,78,0.42,0.65,-0.0006331905404570182,28,7,5
2,震荡多头反转,19,18eb2f02655b898d,6147.765099547156,False,连续两个有机会开发月无交易|有效开发月份不足|开发交易样本不足,7,0.42,0.85,2,1.6,0.95,0.0028,120,0.8,0.06,36,0.32,2,0.035,220,6.0,32,0,0,0.0,0.0,0.0,0.0,0.0,0.0,0.0,0.0,True,87,2025-11,53,0.33962264150943394,0.22213806841289302,53,0.42,0.85,0.00197488706811888,0,0,0,0,0,0.0,0.0,0.0,0.0,0.0,0.0,0.0,0.0,True,140,2025-12,53,0.16981132075471697,0.13818230073168855,46,0.42,0.85,0.018314959167619937,0,0,0,0,0,0.0,0.0,0.0,0.0,0.0,0.0,0.0,0.0,True,193,2026-01,46,0.15217391304347827,0.1289507891578731,70,0.42,0.85,0.0008790806974520726,0,0,0,0,0,0.0,0.0,0.0,0.0,0.0,0.0,0.0,0.0,True,239,2026-02,70,0.15714285714285714,0.13176132737973806,84,0.42,0.85,-0.0061491098536760325,0,0,0,0,0,0.0,0.0,0.0,0.0,0.0,0.0,0.0,0.0,True,309,2026-03,84,0.23809523809523808,0.17718743949894863,45,0.42,0.85,0.014799861330016623,0,0,0,5,3,0.6,1.2411350830773216,0.2980784099382279,4.163787250926786,6.245680876390179,3.1272484293555087,0.5961568198764557,0.6254496858711017,True,393,2026-04,45,0.4444444444444444,0.24272124164593134,78,0.42,0.85,-0.0006331905404570182,16,7,5
2,震荡多头反转,20,e498007e799d3c92,6147.765099547156,False,连续两个有机会开发月无交易|有效开发月份不足|开发交易样本不足,7,0.42,0.85,5,1.6,0.95,0.0028,120,0.8,0.06,36,0.32,2,0.035,220,6.0,32,0,0,0.0,0.0,0.0,0.0,0.0,0.0,0.0,0.0,True,87,2025-11,53,0.33962264150943394,0.22213806841289302,53,0.42,0.85,0.00197488706811888,0,0,0,0,0,0.0,0.0,0.0,0.0,0.0,0.0,0.0,0.0,True,140,2025-12,53,0.16981132075471697,0.13818230073168855,46,0.42,0.85,0.018314959167619937,0,0,0,0,0,0.0,0.0,0.0,0.0,0.0,0.0,0.0,0.0,True,193,2026-01,46,0.15217391304347827,0.1289507891578731,70,0.42,0.85,0.0008790806974520726,0,0,0,0,0,0.0,0.0,0.0,0.0,0.0,0.0,0.0,0.0,True,239,2026-02,70,0.15714285714285714,0.13176132737973806,84,0.42,0.85,-0.0061491098536760325,0,0,0,0,0,0.0,0.0,0.0,0.0,0.0,0.0,0.0,0.0,True,309,2026-03,84,0.23809523809523808,0.17718743949894863,45,0.42,0.85,0.014799861330016623,0,0,0,5,3,0.6,1.2411350830773216,0.2980784099382279,4.163787250926786,6.245680876390179,3.1272484293555087,0.5961568198764557,0.6254496858711017,True,393,2026-04,45,0.4444444444444444,0.24272124164593134,78,0.42,0.85,-0.0006331905404570182,16,7,5
2,震荡多头反转,21,c2a68168d4866d8e,6147.765099547156,False,连续两个有机会开发月无交易|有效开发月份不足|开发交易样本不足,7,0.42,0.85,8,1.6,0.95,0.0028,120,0.8,0.06,36,0.32,2,0.035,220,6.0,32,0,0,0.0,0.0,0.0,0.0,0.0,0.0,0.0,0.0,True,87,2025-11,53,0.33962264150943394,0.22213806841289302,53,0.42,0.85,0.00197488706811888,0,0,0,0,0,0.0,0.0,0.0,0.0,0.0,0.0,0.0,0.0,True,140,2025-12,53,0.16981132075471697,0.13818230073168855,46,0.42,0.85,0.018314959167619937,0,0,0,0,0,0.0,0.0,0.0,0.0,0.0,0.0,0.0,0.0,True,193,2026-01,46,0.15217391304347827,0.1289507891578731,70,0.42,0.85,0.0008790806974520726,0,0,0,0,0,0.0,0.0,0.0,0.0,0.0,0.0,0.0,0.0,True,239,2026-02,70,0.15714285714285714,0.13176132737973806,84,0.42,0.85,-0.0061491098536760325,0,0,0,0,0,0.0,0.0,0.0,0.0,0.0,0.0,0.0,0.0,True,309,2026-03,84,0.23809523809523808,0.17718743949894863,45,0.42,0.85,0.014799861330016623,0,0,0,5,3,0.6,1.2411350830773216,0.2980784099382279,4.163787250926786,6.245680876390179,3.1272484293555087,0.5961568198764557,0.6254496858711017,True,393,2026-04,45,0.4444444444444444,0.24272124164593134,78,0.42,0.85,-0.0006331905404570182,16,7,5
2,震荡多头反转,22,3056bb06ad358747,6010.208913963221,False,连续两个有机会开发月无交易|有效开发月份不足|开发交易样本不足,7,0.38,0.65,2,1.6,0.95,0.0028,120,0.8,0.06,36,0.32,2,0.035,220,6.0,32,1,0,0.0,0.0,0.29794624415747284,0.0,0.0,-0.29794624415747284,0.29794624415747284,-0.29794624415747284,True,87,2025-11,53,0.33962264150943394,0.22213806841289302,53,0.38,0.65,0.00197488706811888,1,1,1,0,0,0.0,0.0,0.0,0.0,0.0,0.0,0.0,0.0,True,140,2025-12,53,0.16981132075471697,0.13818230073168855,46,0.38,0.65,0.018314959167619937,0,0,0,0,0,0.0,0.0,0.0,0.0,0.0,0.0,0.0,0.0,True,193,2026-01,46,0.15217391304347827,0.1289507891578731,70,0.38,0.65,0.0008790806974520726,0,0,0,0,0,0.0,0.0,0.0,0.0,0.0,0.0,0.0,0.0,True,239,2026-02,70,0.15714285714285714,0.13176132737973806,84,0.38,0.65,-0.0061491098536760325,0,0,0,0,0,0.0,0.0,0.0,0.0,0.0,0.0,0.0,0.0,True,309,2026-03,84,0.23809523809523808,0.17718743949894863,45,0.38,0.65,0.014799861330016623,0,0,0,5,3,0.6,1.2411721352735245,0.2980601292123324,4.1641669368979475,6.246250405346921,3.127396147395909,0.2980622899693237,0.6254792294791818,True,393,2026-04,45,0.4444444444444444,0.24272124164593134,78,0.38,0.65,-0.0006331905404570182,28,7,5
2,震荡多头反转,23,f58a79dd840fe3f7,6010.208913963221,False,连续两个有机会开发月无交易|有效开发月份不足|开发交易样本不足,7,0.38,0.65,5,1.6,0.95,0.0028,120,0.8,0.06,36,0.32,2,0.035,220,6.0,32,1,0,0.0,0.0,0.29794624415747284,0.0,0.0,-0.29794624415747284,0.29794624415747284,-0.29794624415747284,True,87,2025-11,53,0.33962264150943394,0.22213806841289302,53,0.38,0.65,0.00197488706811888,1,1,1,0,0,0.0,0.0,0.0,0.0,0.0,0.0,0.0,0.0,True,140,2025-12,53,0.16981132075471697,0.13818230073168855,46,0.38,0.65,0.018314959167619937,0,0,0,0,0,0.0,0.0,0.0,0.0,0.0,0.0,0.0,0.0,True,193,2026-01,46,0.15217391304347827,0.1289507891578731,70,0.38,0.65,0.0008790806974520726,0,0,0,0,0,0.0,0.0,0.0,0.0,0.0,0.0,0.0,0.0,True,239,2026-02,70,0.15714285714285714,0.13176132737973806,84,0.38,0.65,-0.0061491098536760325,0,0,0,0,0,0.0,0.0,0.0,0.0,0.0,0.0,0.0,0.0,True,309,2026-03,84,0.23809523809523808,0.17718743949894863,45,0.38,0.65,0.014799861330016623,0,0,0,5,3,0.6,1.2411721352735245,0.2980601292123324,4.1641669368979475,6.246250405346921,3.127396147395909,0.2980622899693237,0.6254792294791818,True,393,2026-04,45,0.4444444444444444,0.24272124164593134,78,0.38,0.65,-0.0006331905404570182,28,7,5
2,震荡多头反转,24,5a2fe6f57b736b9f,6010.208913963221,False,连续两个有机会开发月无交易|有效开发月份不足|开发交易样本不足,7,0.38,0.65,8,1.6,0.95,0.0028,120,0.8,0.06,36,0.32,2,0.035,220,6.0,32,1,0,0.0,0.0,0.29794624415747284,0.0,0.0,-0.29794624415747284,0.29794624415747284,-0.29794624415747284,True,87,2025-11,53,0.33962264150943394,0.22213806841289302,53,0.38,0.65,0.00197488706811888,1,1,1,0,0,0.0,0.0,0.0,0.0,0.0,0.0,0.0,0.0,True,140,2025-12,53,0.16981132075471697,0.13818230073168855,46,0.38,0.65,0.018314959167619937,0,0,0,0,0,0.0,0.0,0.0,0.0,0.0,0.0,0.0,0.0,True,193,2026-01,46,0.15217391304347827,0.1289507891578731,70,0.38,0.65,0.0008790806974520726,0,0,0,0,0,0.0,0.0,0.0,0.0,0.0,0.0,0.0,0.0,True,239,2026-02,70,0.15714285714285714,0.13176132737973806,84,0.38,0.65,-0.0061491098536760325,0,0,0,0,0,0.0,0.0,0.0,0.0,0.0,0.0,0.0,0.0,True,309,2026-03,84,0.23809523809523808,0.17718743949894863,45,0.38,0.65,0.014799861330016623,0,0,0,5,3,0.6,1.2411721352735245,0.2980601292123324,4.1641669368979475,6.246250405346921,3.127396147395909,0.2980622899693237,0.6254792294791818,True,393,2026-04,45,0.4444444444444444,0.24272124164593134,78,0.38,0.65,-0.0006331905404570182,28,7,5
2,震荡多头反转,25,0145b65d83f86017,6003.036169156223,False,连续两个有机会开发月无交易|有效开发月份不足|开发交易样本不足,7,0.38,0.75,2,1.6,0.95,0.0028,120,0.8,0.06,36,0.32,2,0.035,220,6.0,32,1,0,0.0,0.0,0.29794624415747284,0.0,0.0,-0.29794624415747284,0.29794624415747284,-0.29794624415747284,True,87,2025-11,53,0.33962264150943394,0.22213806841289302,53,0.38,0.75,0.00197488706811888,1,1,1,0,0,0.0,0.0,0.0,0.0,0.0,0.0,0.0,0.0,True,140,2025-12,53,0.16981132075471697,0.13818230073168855,46,0.38,0.75,0.018314959167619937,0,0,0,0,0,0.0,0.0,0.0,0.0,0.0,0.0,0.0,0.0,True,193,2026-01,46,0.15217391304347827,0.1289507891578731,70,0.38,0.75,0.0008790806974520726,0,0,0,0,0,0.0,0.0,0.0,0.0,0.0,0.0,0.0,0.0,True,239,2026-02,70,0.15714285714285714,0.13176132737973806,84,0.38,0.75,-0.0061491098536760325,0,0,0,0,0,0.0,0.0,0.0,0.0,0.0,0.0,0.0,0.0,True,309,2026-03,84,0.23809523809523808,0.17718743949894863,45,0.38,0.75,0.014799861330016623,0,0,0,5,3,0.6,1.241157505887422,0.2980601292123324,4.164117854901837,6.246176782352756,3.1273522592376013,0.29806228996932377,0.6254704518475203,True,393,2026-04,45,0.4444444444444444,0.24272124164593134,78,0.38,0.75,-0.0006331905404570182,21,7,5
2,震荡多头反转,26,4eabb287ea244ed4,6003.036169156223,False,连续两个有机会开发月无交易|有效开发月份不足|开发交易样本不足,7,0.38,0.75,5,1.6,0.95,0.0028,120,0.8,0.06,36,0.32,2,0.035,220,6.0,32,1,0,0.0,0.0,0.29794624415747284,0.0,0.0,-0.29794624415747284,0.29794624415747284,-0.29794624415747284,True,87,2025-11,53,0.33962264150943394,0.22213806841289302,53,0.38,0.75,0.00197488706811888,1,1,1,0,0,0.0,0.0,0.0,0.0,0.0,0.0,0.0,0.0,True,140,2025-12,53,0.16981132075471697,0.13818230073168855,46,0.38,0.75,0.018314959167619937,0,0,0,0,0,0.0,0.0,0.0,0.0,0.0,0.0,0.0,0.0,True,193,2026-01,46,0.15217391304347827,0.1289507891578731,70,0.38,0.75,0.0008790806974520726,0,0,0,0,0,0.0,0.0,0.0,0.0,0.0,0.0,0.0,0.0,True,239,2026-02,70,0.15714285714285714,0.13176132737973806,84,0.38,0.75,-0.0061491098536760325,0,0,0,0,0,0.0,0.0,0.0,0.0,0.0,0.0,0.0,0.0,True,309,2026-03,84,0.23809523809523808,0.17718743949894863,45,0.38,0.75,0.014799861330016623,0,0,0,5,3,0.6,1.241157505887422,0.2980601292123324,4.164117854901837,6.246176782352756,3.1273522592376013,0.29806228996932377,0.6254704518475203,True,393,2026-04,45,0.4444444444444444,0.24272124164593134,78,0.38,0.75,-0.0006331905404570182,21,7,5
2,震荡多头反转,27,5c032730d6295095,6003.036169156223,False,连续两个有机会开发月无交易|有效开发月份不足|开发交易样本不足,7,0.38,0.75,8,1.6,0.95,0.0028,120,0.8,0.06,36,0.32,2,0.035,220,6.0,32,1,0,0.0,0.0,0.29794624415747284,0.0,0.0,-0.29794624415747284,0.29794624415747284,-0.29794624415747284,True,87,2025-11,53,0.33962264150943394,0.22213806841289302,53,0.38,0.75,0.00197488706811888,1,1,1,0,0,0.0,0.0,0.0,0.0,0.0,0.0,0.0,0.0,True,140,2025-12,53,0.16981132075471697,0.13818230073168855,46,0.38,0.75,0.018314959167619937,0,0,0,0,0,0.0,0.0,0.0,0.0,0.0,0.0,0.0,0.0,True,193,2026-01,46,0.15217391304347827,0.1289507891578731,70,0.38,0.75,0.0008790806974520726,0,0,0,0,0,0.0,0.0,0.0,0.0,0.0,0.0,0.0,0.0,True,239,2026-02,70,0.15714285714285714,0.13176132737973806,84,0.38,0.75,-0.0061491098536760325,0,0,0,0,0,0.0,0.0,0.0,0.0,0.0,0.0,0.0,0.0,True,309,2026-03,84,0.23809523809523808,0.17718743949894863,45,0.38,0.75,0.014799861330016623,0,0,0,5,3,0.6,1.241157505887422,0.2980601292123324,4.164117854901837,6.246176782352756,3.1273522592376013,0.29806228996932377,0.6254704518475203,True,393,2026-04,45,0.4444444444444444,0.24272124164593134,78,0.38,0.75,-0.0006331905404570182,21,7,5
2,震荡多头反转,28,01e32093a49c7918,6002.918366796412,False,连续两个有机会开发月无交易|有效开发月份不足|开发交易样本不足,7,0.38,0.85,2,1.6,0.95,0.0028,120,0.8,0.06,36,0.32,2,0.035,220,6.0,32,1,0,0.0,0.0,0.29794624415747284,0.0,0.0,-0.29794624415747284,0.29794624415747284,-0.29794624415747284,True,87,2025-11,53,0.33962264150943394,0.22213806841289302,53,0.38,0.85,0.00197488706811888,1,1,1,0,0,0.0,0.0,0.0,0.0,0.0,0.0,0.0,0.0,True,140,2025-12,53,0.16981132075471697,0.13818230073168855,46,0.38,0.85,0.018314959167619937,0,0,0,0,0,0.0,0.0,0.0,0.0,0.0,0.0,0.0,0.0,True,193,2026-01,46,0.15217391304347827,0.1289507891578731,70,0.38,0.85,0.0008790806974520726,0,0,0,0,0,0.0,0.0,0.0,0.0,0.0,0.0,0.0,0.0,True,239,2026-02,70,0.15714285714285714,0.13176132737973806,84,0.38,0.85,-0.0061491098536760325,0,0,0,0,0,0.0,0.0,0.0,0.0,0.0,0.0,0.0,0.0,True,309,2026-03,84,0.23809523809523808,0.17718743949894863,45,0.38,0.85,0.014799861330016623,0,0,0,5,3,0.6,1.2411350830773216,0.2980784099382279,4.163787250926786,6.245680876390179,3.1272484293555087,0.5961568198764557,0.6254496858711017,True,393,2026-04,45,0.4444444444444444,0.24272124164593134,78,0.38,0.85,-0.0006331905404570182,16,7,5
2,震荡多头反转,29,541552990608d258,6002.918366796412,False,连续两个有机会开发月无交易|有效开发月份不足|开发交易样本不足,7,0.38,0.85,5,1.6,0.95,0.0028,120,0.8,0.06,36,0.32,2,0.035,220,6.0,32,1,0,0.0,0.0,0.29794624415747284,0.0,0.0,-0.29794624415747284,0.29794624415747284,-0.29794624415747284,True,87,2025-11,53,0.33962264150943394,0.22213806841289302,53,0.38,0.85,0.00197488706811888,1,1,1,0,0,0.0,0.0,0.0,0.0,0.0,0.0,0.0,0.0,True,140,2025-12,53,0.16981132075471697,0.13818230073168855,46,0.38,0.85,0.018314959167619937,0,0,0,0,0,0.0,0.0,0.0,0.0,0.0,0.0,0.0,0.0,True,193,2026-01,46,0.15217391304347827,0.1289507891578731,70,0.38,0.85,0.0008790806974520726,0,0,0,0,0,0.0,0.0,0.0,0.0,0.0,0.0,0.0,0.0,True,239,2026-02,70,0.15714285714285714,0.13176132737973806,84,0.38,0.85,-0.0061491098536760325,0,0,0,0,0,0.0,0.0,0.0,0.0,0.0,0.0,0.0,0.0,True,309,2026-03,84,0.23809523809523808,0.17718743949894863,45,0.38,0.85,0.014799861330016623,0,0,0,5,3,0.6,1.2411350830773216,0.2980784099382279,4.163787250926786,6.245680876390179,3.1272484293555087,0.5961568198764557,0.6254496858711017,True,393,2026-04,45,0.4444444444444444,0.24272124164593134,78,0.38,0.85,-0.0006331905404570182,16,7,5
2,震荡多头反转,30,34ae1729c3cc693b,6002.918366796412,False,连续两个有机会开发月无交易|有效开发月份不足|开发交易样本不足,7,0.38,0.85,8,1.6,0.95,0.0028,120,0.8,0.06,36,0.32,2,0.035,220,6.0,32,1,0,0.0,0.0,0.29794624415747284,0.0,0.0,-0.29794624415747284,0.29794624415747284,-0.29794624415747284,True,87,2025-11,53,0.33962264150943394,0.22213806841289302,53,0.38,0.85,0.00197488706811888,1,1,1,0,0,0.0,0.0,0.0,0.0,0.0,0.0,0.0,0.0,True,140,2025-12,53,0.16981132075471697,0.13818230073168855,46,0.38,0.85,0.018314959167619937,0,0,0,0,0,0.0,0.0,0.0,0.0,0.0,0.0,0.0,0.0,True,193,2026-01,46,0.15217391304347827,0.1289507891578731,70,0.38,0.85,0.0008790806974520726,0,0,0,0,0,0.0,0.0,0.0,0.0,0.0,0.0,0.0,0.0,True,239,2026-02,70,0.15714285714285714,0.13176132737973806,84,0.38,0.85,-0.0061491098536760325,0,0,0,0,0,0.0,0.0,0.0,0.0,0.0,0.0,0.0,0.0,True,309,2026-03,84,0.23809523809523808,0.17718743949894863,45,0.38,0.85,0.014799861330016623,0,0,0,5,3,0.6,1.2411350830773216,0.2980784099382279,4.163787250926786,6.245680876390179,3.1272484293555087,0.5961568198764557,0.6254496858711017,True,393,2026-04,45,0.4444444444444444,0.24272124164593134,78,0.38,0.85,-0.0006331905404570182,16,7,5
3,震荡空头反转,1,75cec9ff1e3f734e,3853.808280804941,False,连续两个有机会开发月无交易|有效开发月份不足|开发交易样本不足,4,0.34,0.75,2,2.0,1.2,0.0033,180,0.95,0.1,48,0.3,3,0.025,260,8.0,42,0,0,0.0,0.0,0.0,0.0,0.0,0.0,0.0,0.0,True,92,2025-11,56,0.23214285714285715,0.17825255115557243,46,0.34,0.75,-2.7755575615628914e-17,0,0,0,0,0,0.0,0.0,0.0,0.0,0.0,0.0,0.0,0.0,True,148,2025-12,46,0.10869565217391304,0.09600628900716218,58,0.34,0.75,0.018997873049183392,0,0,0,4,2,0.5,1.7266953558123381,1.30182694885876,1.3263631985234574,1.3263631985234574,0.8497368139071564,2.60365389771752,0.2124342034767891,True,194,2026-01,58,0.3448275862068966,0.2253658942428132,61,0.34,0.75,-0.006228971634764935,12,4,4,4,2,0.5,1.6970959756712416,0.7409488191066695,2.2904361703651244,2.2904361703651244,1.912294313129144,1.278059135514327,0.478073578282286,True,252,2026-02,61,0.3442622950819672,0.22461356455174158,59,0.34,0.75,0.004448287687844832,19,4,4,0,0,0.0,0.0,0.0,0.0,0.0,0.0,0.0,0.0,True,313,2026-03,59,0.2542372881355932,0.1861803668538675,60,0.34,0.75,0.0014213816212333974,0,0,0,0,0,0.0,0.0,0.0,0.0,0.0,0.0,0.0,0.0,True,372,2026-04,60,0.2,0.1596548790492563,103,0.34,0.75,0.003185870682935882,0,0,0
3,震荡空头反转,2,4290de587024b502,3853.808280804941,False,连续两个有机会开发月无交易|有效开发月份不足|开发交易样本不足,4,0.34,0.75,5,2.0,1.2,0.0033,180,0.95,0.1,48,0.3,3,0.025,260,8.0,42,0,0,0.0,0.0,0.0,0.0,0.0,0.0,0.0,0.0,True,92,2025-11,56,0.23214285714285715,0.17825255115557243,46,0.34,0.75,-2.7755575615628914e-17,0,0,0,0,0,0.0,0.0,0.0,0.0,0.0,0.0,0.0,0.0,True,148,2025-12,46,0.10869565217391304,0.09600628900716218,58,0.34,0.75,0.018997873049183392,0,0,0,4,2,0.5,1.7266953558123381,1.30182694885876,1.3263631985234574,1.3263631985234574,0.8497368139071564,2.60365389771752,0.2124342034767891,True,194,2026-01,58,0.3448275862068966,0.2253658942428132,61,0.34,0.75,-0.006228971634764935,12,4,4,4,2,0.5,1.6970959756712416,0.7409488191066695,2.2904361703651244,2.2904361703651244,1.912294313129144,1.278059135514327,0.478073578282286,True,252,2026-02,61,0.3442622950819672,0.22461356455174158,59,0.34,0.75,0.004448287687844832,19,4,4,0,0,0.0,0.0,0.0,0.0,0.0,0.0,0.0,0.0,True,313,2026-03,59,0.2542372881355932,0.1861803668538675,60,0.34,0.75,0.0014213816212333974,0,0,0,0,0,0.0,0.0,0.0,0.0,0.0,0.0,0.0,0.0,True,372,2026-04,60,0.2,0.1596548790492563,103,0.34,0.75,0.003185870682935882,0,0,0
3,震荡空头反转,3,7d8aaa8996bc7ff3,3853.808280804941,False,连续两个有机会开发月无交易|有效开发月份不足|开发交易样本不足,4,0.34,0.75,8,2.0,1.2,0.0033,180,0.95,0.1,48,0.3,3,0.025,260,8.0,42,0,0,0.0,0.0,0.0,0.0,0.0,0.0,0.0,0.0,True,92,2025-11,56,0.23214285714285715,0.17825255115557243,46,0.34,0.75,-2.7755575615628914e-17,0,0,0,0,0,0.0,0.0,0.0,0.0,0.0,0.0,0.0,0.0,True,148,2025-12,46,0.10869565217391304,0.09600628900716218,58,0.34,0.75,0.018997873049183392,0,0,0,4,2,0.5,1.7266953558123381,1.30182694885876,1.3263631985234574,1.3263631985234574,0.8497368139071564,2.60365389771752,0.2124342034767891,True,194,2026-01,58,0.3448275862068966,0.2253658942428132,61,0.34,0.75,-0.006228971634764935,12,4,4,4,2,0.5,1.6970959756712416,0.7409488191066695,2.2904361703651244,2.2904361703651244,1.912294313129144,1.278059135514327,0.478073578282286,True,252,2026-02,61,0.3442622950819672,0.22461356455174158,59,0.34,0.75,0.004448287687844832,19,4,4,0,0,0.0,0.0,0.0,0.0,0.0,0.0,0.0,0.0,True,313,2026-03,59,0.2542372881355932,0.1861803668538675,60,0.34,0.75,0.0014213816212333974,0,0,0,0,0,0.0,0.0,0.0,0.0,0.0,0.0,0.0,0.0,True,372,2026-04,60,0.2,0.1596548790492563,103,0.34,0.75,0.003185870682935882,0,0,0
3,震荡空头反转,4,cb1a8b234fba4c84,3702.7087230066363,False,连续两个有机会开发月无交易|有效开发月份不足|开发交易样本不足,4,0.34,0.65,2,2.0,1.2,0.0033,180,0.95,0.1,48,0.3,3,0.025,260,8.0,42,0,0,0.0,0.0,0.0,0.0,0.0,0.0,0.0,0.0,True,92,2025-11,56,0.23214285714285715,0.17825255115557243,46,0.34,0.65,-2.7755575615628914e-17,0,0,0,0,0,0.0,0.0,0.0,0.0,0.0,0.0,0.0,0.0,True,148,2025-12,46,0.10869565217391304,0.09600628900716218,58,0.34,0.65,0.018997873049183392,0,0,0,4,2,0.5,1.726701477881217,1.30182694885876,1.3263679011983285,1.3263679011983285,0.8497490580449143,2.60365389771752,0.21243726451122857,True,194,2026-01,58,0.3448275862068966,0.2253658942428132,61,0.34,0.65,-0.006228971634764935,19,4,4,4,2,0.5,1.6971002669203972,1.2871360081059664,1.3185088881303983,1.3185088881303983,0.819928517628862,1.2962128806976057,0.2049821294072155,True,252,2026-02,61,0.3442622950819672,0.22461356455174158,59,0.34,0.65,0.004448287687844832,26,4,4,0,0,0.0,0.0,0.0,0.0,0.0,0.0,0.0,0.0,True,313,2026-03,59,0.2542372881355932,0.1861803668538675,60,0.34,0.65,0.0014213816212333974,0,0,0,0,0,0.0,0.0,0.0,0.0,0.0,0.0,0.0,0.0,True,372,2026-04,60,0.2,0.1596548790492563,103,0.34,0.65,0.003185870682935882,0,0,0
3,震荡空头反转,5,87e3f2218fb115ce,3702.7087230066363,False,连续两个有机会开发月无交易|有效开发月份不足|开发交易样本不足,4,0.34,0.65,5,2.0,1.2,0.0033,180,0.95,0.1,48,0.3,3,0.025,260,8.0,42,0,0,0.0,0.0,0.0,0.0,0.0,0.0,0.0,0.0,True,92,2025-11,56,0.23214285714285715,0.17825255115557243,46,0.34,0.65,-2.7755575615628914e-17,0,0,0,0,0,0.0,0.0,0.0,0.0,0.0,0.0,0.0,0.0,True,148,2025-12,46,0.10869565217391304,0.09600628900716218,58,0.34,0.65,0.018997873049183392,0,0,0,4,2,0.5,1.726701477881217,1.30182694885876,1.3263679011983285,1.3263679011983285,0.8497490580449143,2.60365389771752,0.21243726451122857,True,194,2026-01,58,0.3448275862068966,0.2253658942428132,61,0.34,0.65,-0.006228971634764935,19,4,4,4,2,0.5,1.6971002669203972,1.2871360081059664,1.3185088881303983,1.3185088881303983,0.819928517628862,1.2962128806976057,0.2049821294072155,True,252,2026-02,61,0.3442622950819672,0.22461356455174158,59,0.34,0.65,0.004448287687844832,26,4,4,0,0,0.0,0.0,0.0,0.0,0.0,0.0,0.0,0.0,True,313,2026-03,59,0.2542372881355932,0.1861803668538675,60,0.34,0.65,0.0014213816212333974,0,0,0,0,0,0.0,0.0,0.0,0.0,0.0,0.0,0.0,0.0,True,372,2026-04,60,0.2,0.1596548790492563,103,0.34,0.65,0.003185870682935882,0,0,0
3,震荡空头反转,6,9483b3f989173282,3702.7087230066363,False,连续两个有机会开发月无交易|有效开发月份不足|开发交易样本不足,4,0.34,0.65,8,2.0,1.2,0.0033,180,0.95,0.1,48,0.3,3,0.025,260,8.0,42,0,0,0.0,0.0,0.0,0.0,0.0,0.0,0.0,0.0,True,92,2025-11,56,0.23214285714285715,0.17825255115557243,46,0.34,0.65,-2.7755575615628914e-17,0,0,0,0,0,0.0,0.0,0.0,0.0,0.0,0.0,0.0,0.0,True,148,2025-12,46,0.10869565217391304,0.09600628900716218,58,0.34,0.65,0.018997873049183392,0,0,0,4,2,0.5,1.726701477881217,1.30182694885876,1.3263679011983285,1.3263679011983285,0.8497490580449143,2.60365389771752,0.21243726451122857,True,194,2026-01,58,0.3448275862068966,0.2253658942428132,61,0.34,0.65,-0.006228971634764935,19,4,4,4,2,0.5,1.6971002669203972,1.2871360081059664,1.3185088881303983,1.3185088881303983,0.819928517628862,1.2962128806976057,0.2049821294072155,True,252,2026-02,61,0.3442622950819672,0.22461356455174158,59,0.34,0.65,0.004448287687844832,26,4,4,0,0,0.0,0.0,0.0,0.0,0.0,0.0,0.0,0.0,True,313,2026-03,59,0.2542372881355932,0.1861803668538675,60,0.34,0.65,0.0014213816212333974,0,0,0,0,0,0.0,0.0,0.0,0.0,0.0,0.0,0.0,0.0,True,372,2026-04,60,0.2,0.1596548790492563,103,0.34,0.65,0.003185870682935882,0,0,0
3,震荡空头反转,7,a0e5d97af3092f56,3644.2355965598263,False,连续两个有机会开发月无交易|有效开发月份不足,7,0.34,0.65,2,2.0,1.2,0.0033,180,0.95,0.1,48,0.3,3,0.025,260,8.0,42,0,0,0.0,0.0,0.0,0.0,0.0,0.0,0.0,0.0,True,92,2025-11,56,0.23214285714285715,0.17825255115557243,46,0.34,0.65,-2.7755575615628914e-17,0,0,0,0,0,0.0,0.0,0.0,0.0,0.0,0.0,0.0,0.0,True,148,2025-12,46,0.10869565217391304,0.09600628900716218,58,0.34,0.65,0.018997873049183392,0,0,0,7,4,0.5714285714285714,1.7118859864561982,0.9358486918783736,1.8292337226226323,2.4389782968301765,4.039997870189673,2.60365389771752,0.577142552884239,True,194,2026-01,58,0.3448275862068966,0.2253658942428132,61,0.34,0.65,-0.006228971634764935,19,7,7,7,3,0.42857142857142855,1.697104623857225,1.0206268371441294,1.6628061913460792,1.2471046435095594,1.0088065229951568,1.5082353323645852,0.1441152175707367,True,252,2026-02,61,0.3442622950819672,0.22461356455174158,59,0.34,0.65,0.004448287687844832,26,7,7,0,0,0.0,0.0,0.0,0.0,0.0,0.0,0.0,0.0,True,313,2026-03,59,0.2542372881355932,0.1861803668538675,60,0.34,0.65,0.0014213816212333974,0,0,0,0,0,0.0,0.0,0.0,0.0,0.0,0.0,0.0,0.0,True,372,2026-04,60,0.2,0.1596548790492563,103,0.34,0.65,0.003185870682935882,0,0,0
3,震荡空头反转,8,1d5baacfdb969140,3644.2355965598263,False,连续两个有机会开发月无交易|有效开发月份不足,7,0.34,0.65,5,2.0,1.2,0.0033,180,0.95,0.1,48,0.3,3,0.025,260,8.0,42,0,0,0.0,0.0,0.0,0.0,0.0,0.0,0.0,0.0,True,92,2025-11,56,0.23214285714285715,0.17825255115557243,46,0.34,0.65,-2.7755575615628914e-17,0,0,0,0,0,0.0,0.0,0.0,0.0,0.0,0.0,0.0,0.0,True,148,2025-12,46,0.10869565217391304,0.09600628900716218,58,0.34,0.65,0.018997873049183392,0,0,0,7,4,0.5714285714285714,1.7118859864561982,0.9358486918783736,1.8292337226226323,2.4389782968301765,4.039997870189673,2.60365389771752,0.577142552884239,True,194,2026-01,58,0.3448275862068966,0.2253658942428132,61,0.34,0.65,-0.006228971634764935,19,7,7,7,3,0.42857142857142855,1.697104623857225,1.0206268371441294,1.6628061913460792,1.2471046435095594,1.0088065229951568,1.5082353323645852,0.1441152175707367,True,252,2026-02,61,0.3442622950819672,0.22461356455174158,59,0.34,0.65,0.004448287687844832,26,7,7,0,0,0.0,0.0,0.0,0.0,0.0,0.0,0.0,0.0,True,313,2026-03,59,0.2542372881355932,0.1861803668538675,60,0.34,0.65,0.0014213816212333974,0,0,0,0,0,0.0,0.0,0.0,0.0,0.0,0.0,0.0,0.0,True,372,2026-04,60,0.2,0.1596548790492563,103,0.34,0.65,0.003185870682935882,0,0,0
3,震荡空头反转,9,3c934501ce7ecaf5,3644.2355965598263,False,连续两个有机会开发月无交易|有效开发月份不足,7,0.34,0.65,8,2.0,1.2,0.0033,180,0.95,0.1,48,0.3,3,0.025,260,8.0,42,0,0,0.0,0.0,0.0,0.0,0.0,0.0,0.0,0.0,True,92,2025-11,56,0.23214285714285715,0.17825255115557243,46,0.34,0.65,-2.7755575615628914e-17,0,0,0,0,0,0.0,0.0,0.0,0.0,0.0,0.0,0.0,0.0,True,148,2025-12,46,0.10869565217391304,0.09600628900716218,58,0.34,0.65,0.018997873049183392,0,0,0,7,4,0.5714285714285714,1.7118859864561982,0.9358486918783736,1.8292337226226323,2.4389782968301765,4.039997870189673,2.60365389771752,0.577142552884239,True,194,2026-01,58,0.3448275862068966,0.2253658942428132,61,0.34,0.65,-0.006228971634764935,19,7,7,7,3,0.42857142857142855,1.697104623857225,1.0206268371441294,1.6628061913460792,1.2471046435095594,1.0088065229951568,1.5082353323645852,0.1441152175707367,True,252,2026-02,61,0.3442622950819672,0.22461356455174158,59,0.34,0.65,0.004448287687844832,26,7,7,0,0,0.0,0.0,0.0,0.0,0.0,0.0,0.0,0.0,True,313,2026-03,59,0.2542372881355932,0.1861803668538675,60,0.34,0.65,0.0014213816212333974,0,0,0,0,0,0.0,0.0,0.0,0.0,0.0,0.0,0.0,0.0,True,372,2026-04,60,0.2,0.1596548790492563,103,0.34,0.65,0.003185870682935882,0,0,0
3,震荡空头反转,10,81f8752b8ac80560,3156.343110230894,False,连续两个有机会开发月无交易|有效开发月份不足|开发交易样本不足,7,0.34,0.85,2,1.8,1.05,0.003,144,0.85,0.08,42,0.32,3,0.025,260,8.0,42,0,0,0.0,0.0,0.0,0.0,0.0,0.0,0.0,0.0,True,92,2025-11,56,0.25,0.18750000025933358,46,0.34,0.85,-1.1102230246251565e-16,0,0,0,0,0,0.0,0.0,0.0,0.0,0.0,0.0,0.0,0.0,True,148,2025-12,46,0.10869565217391304,0.0968696619938038,58,0.34,0.85,-0.0007440024252697575,0,0,0,5,2,0.4,1.4666059749318003,0.9546387998122062,1.5362941200591331,1.024196080039422,0.06929555042698188,2.6096562152077967,0.013859110085396375,True,194,2026-01,58,0.3448275862068966,0.21862720102780997,61,0.34,0.85,0.005613723850717511,12,7,5,1,1,1.0,1.466666834620324,0.0,0.0,0.0,1.466666834620324,0.0,1.466666834620324,True,252,2026-02,61,0.3114754098360656,0.21382749185197444,59,0.34,0.85,-0.002002235729477053,1,1,1,0,0,0.0,0.0,0.0,0.0,0.0,0.0,0.0,0.0,True,313,2026-03,59,0.288135593220339,0.20429086797910004,60,0.34,0.85,-0.00636118561329263,0,0,0,0,0,0.0,0.0,0.0,0.0,0.0,0.0,0.0,0.0,True,372,2026-04,60,0.21666666666666667,0.16445691147671054,103,0.34,0.85,0.002467652699545936,0,0,0
3,震荡空头反转,11,54b1d8ff51999d6d,3156.343110230894,False,连续两个有机会开发月无交易|有效开发月份不足|开发交易样本不足,7,0.34,0.85,5,1.8,1.05,0.003,144,0.85,0.08,42,0.32,3,0.025,260,8.0,42,0,0,0.0,0.0,0.0,0.0,0.0,0.0,0.0,0.0,True,92,2025-11,56,0.25,0.18750000025933358,46,0.34,0.85,-1.1102230246251565e-16,0,0,0,0,0,0.0,0.0,0.0,0.0,0.0,0.0,0.0,0.0,True,148,2025-12,46,0.10869565217391304,0.0968696619938038,58,0.34,0.85,-0.0007440024252697575,0,0,0,5,2,0.4,1.4666059749318003,0.9546387998122062,1.5362941200591331,1.024196080039422,0.06929555042698188,2.6096562152077967,0.013859110085396375,True,194,2026-01,58,0.3448275862068966,0.21862720102780997,61,0.34,0.85,0.005613723850717511,12,7,5,1,1,1.0,1.466666834620324,0.0,0.0,0.0,1.466666834620324,0.0,1.466666834620324,True,252,2026-02,61,0.3114754098360656,0.21382749185197444,59,0.34,0.85,-0.002002235729477053,1,1,1,0,0,0.0,0.0,0.0,0.0,0.0,0.0,0.0,0.0,True,313,2026-03,59,0.288135593220339,0.20429086797910004,60,0.34,0.85,-0.00636118561329263,0,0,0,0,0,0.0,0.0,0.0,0.0,0.0,0.0,0.0,0.0,True,372,2026-04,60,0.21666666666666667,0.16445691147671054,103,0.34,0.85,0.002467652699545936,0,0,0
3,震荡空头反转,12,a2f257e701857eac,3156.343110230894,False,连续两个有机会开发月无交易|有效开发月份不足|开发交易样本不足,7,0.34,0.85,8,1.8,1.05,0.003,144,0.85,0.08,42,0.32,3,0.025,260,8.0,42,0,0,0.0,0.0,0.0,0.0,0.0,0.0,0.0,0.0,True,92,2025-11,56,0.25,0.18750000025933358,46,0.34,0.85,-1.1102230246251565e-16,0,0,0,0,0,0.0,0.0,0.0,0.0,0.0,0.0,0.0,0.0,True,148,2025-12,46,0.10869565217391304,0.0968696619938038,58,0.34,0.85,-0.0007440024252697575,0,0,0,5,2,0.4,1.4666059749318003,0.9546387998122062,1.5362941200591331,1.024196080039422,0.06929555042698188,2.6096562152077967,0.013859110085396375,True,194,2026-01,58,0.3448275862068966,0.21862720102780997,61,0.34,0.85,0.005613723850717511,12,7,5,1,1,1.0,1.466666834620324,0.0,0.0,0.0,1.466666834620324,0.0,1.466666834620324,True,252,2026-02,61,0.3114754098360656,0.21382749185197444,59,0.34,0.85,-0.002002235729477053,1,1,1,0,0,0.0,0.0,0.0,0.0,0.0,0.0,0.0,0.0,True,313,2026-03,59,0.288135593220339,0.20429086797910004,60,0.34,0.85,-0.00636118561329263,0,0,0,0,0,0.0,0.0,0.0,0.0,0.0,0.0,0.0,0.0,True,372,2026-04,60,0.21666666666666667,0.16445691147671054,103,0.34,0.85,0.002467652699545936,0,0,0
3,震荡空头反转,13,12dfce441cbb38b7,3033.4130927847555,False,连续两个有机会开发月无交易|开发月最低胜率过低|有效开发月份不足|开发交易样本不足,4,0.34,0.85,2,2.0,1.2,0.0033,180,0.95,0.1,48,0.3,2,0.035,220,6.0,32,0,0,0.0,0.0,0.0,0.0,0.0,0.0,0.0,0.0,True,92,2025-11,56,0.23214285714285715,0.17415720411469343,46,0.34,0.85,0.003488137535486796,0,0,0,0,0,0.0,0.0,0.0,0.0,0.0,0.0,0.0,0.0,True,148,2025-12,46,0.10869565217391304,0.09686288545166902,58,0.34,0.85,0.001194153651662186,0,0,0,4,3,0.75,1.716854523196992,1.3043015276887362,1.316301857162824,3.948905571488472,3.84626204190224,1.3043015276887362,0.96156551047556,True,194,2026-01,58,0.3448275862068966,0.22510508157967704,61,0.34,0.85,-0.0044483481601018116,9,4,4,4,1,0.25,1.6970786136116032,0.9287591262059336,1.8272537687401527,0.6090845895800509,-1.0891987650061976,1.5082182431034739,-0.2722996912515494,True,252,2026-02,61,0.3442622950819672,0.22430110573292722,59,0.34,0.85,0.0070080588701508795,16,4,4,0,0,0.0,0.0,0.0,0.0,0.0,0.0,0.0,0.0,True,313,2026-03,59,0.2542372881355932,0.18755277822997565,60,0.34,0.85,-0.00044358359031121397,0,0,0,0,0,0.0,0.0,0.0,0.0,0.0,0.0,0.0,0.0,True,372,2026-04,60,0.2,0.15780038971426516,103,0.34,0.85,0.00975047764714046,0,0,0
3,震荡空头反转,14,9c373567aa1c6a7e,3033.4130927847555,False,连续两个有机会开发月无交易|开发月最低胜率过低|有效开发月份不足|开发交易样本不足,4,0.34,0.85,5,2.0,1.2,0.0033,180,0.95,0.1,48,0.3,2,0.035,220,6.0,32,0,0,0.0,0.0,0.0,0.0,0.0,0.0,0.0,0.0,True,92,2025-11,56,0.23214285714285715,0.17415720411469343,46,0.34,0.85,0.003488137535486796,0,0,0,0,0,0.0,0.0,0.0,0.0,0.0,0.0,0.0,0.0,True,148,2025-12,46,0.10869565217391304,0.09686288545166902,58,0.34,0.85,0.001194153651662186,0,0,0,4,3,0.75,1.716854523196992,1.3043015276887362,1.316301857162824,3.948905571488472,3.84626204190224,1.3043015276887362,0.96156551047556,True,194,2026-01,58,0.3448275862068966,0.22510508157967704,61,0.34,0.85,-0.0044483481601018116,9,4,4,4,1,0.25,1.6970786136116032,0.9287591262059336,1.8272537687401527,0.6090845895800509,-1.0891987650061976,1.5082182431034739,-0.2722996912515494,True,252,2026-02,61,0.3442622950819672,0.22430110573292722,59,0.34,0.85,0.0070080588701508795,16,4,4,0,0,0.0,0.0,0.0,0.0,0.0,0.0,0.0,0.0,True,313,2026-03,59,0.2542372881355932,0.18755277822997565,60,0.34,0.85,-0.00044358359031121397,0,0,0,0,0,0.0,0.0,0.0,0.0,0.0,0.0,0.0,0.0,True,372,2026-04,60,0.2,0.15780038971426516,103,0.34,0.85,0.00975047764714046,0,0,0
3,震荡空头反转,15,cbe465ee4d97d20a,3033.4130927847555,False,连续两个有机会开发月无交易|开发月最低胜率过低|有效开发月份不足|开发交易样本不足,4,0.34,0.85,8,2.0,1.2,0.0033,180,0.95,0.1,48,0.3,2,0.035,220,6.0,32,0,0,0.0,0.0,0.0,0.0,0.0,0.0,0.0,0.0,True,92,2025-11,56,0.23214285714285715,0.17415720411469343,46,0.34,0.85,0.003488137535486796,0,0,0,0,0,0.0,0.0,0.0,0.0,0.0,0.0,0.0,0.0,True,148,2025-12,46,0.10869565217391304,0.09686288545166902,58,0.34,0.85,0.001194153651662186,0,0,0,4,3,0.75,1.716854523196992,1.3043015276887362,1.316301857162824,3.948905571488472,3.84626204190224,1.3043015276887362,0.96156551047556,True,194,2026-01,58,0.3448275862068966,0.22510508157967704,61,0.34,0.85,-0.0044483481601018116,9,4,4,4,1,0.25,1.6970786136116032,0.9287591262059336,1.8272537687401527,0.6090845895800509,-1.0891987650061976,1.5082182431034739,-0.2722996912515494,True,252,2026-02,61,0.3442622950819672,0.22430110573292722,59,0.34,0.85,0.0070080588701508795,16,4,4,0,0,0.0,0.0,0.0,0.0,0.0,0.0,0.0,0.0,True,313,2026-03,59,0.2542372881355932,0.18755277822997565,60,0.34,0.85,-0.00044358359031121397,0,0,0,0,0,0.0,0.0,0.0,0.0,0.0,0.0,0.0,0.0,True,372,2026-04,60,0.2,0.15780038971426516,103,0.34,0.85,0.00975047764714046,0,0,0
3,震荡空头反转,16,f2002e7755a2e565,2908.4821908239064,False,连续两个有机会开发月无交易|累计胜率过低|有效开发月份不足,10,0.34,0.65,2,2.0,1.2,0.0033,180,0.95,0.1,48,0.3,3,0.025,260,8.0,42,0,0,0.0,0.0,0.0,0.0,0.0,0.0,0.0,0.0,True,92,2025-11,56,0.23214285714285715,0.17825255115557243,46,0.34,0.65,-2.7755575615628914e-17,0,0,0,0,0,0.0,0.0,0.0,0.0,0.0,0.0,0.0,0.0,True,148,2025-12,46,0.10869565217391304,0.09600628900716218,58,0.34,0.65,0.018997873049183392,0,0,0,9,4,0.4444444444444444,1.7118859864561982,1.0832838096369581,1.5802746900001248,1.2642197520000997,1.4311248976400017,2.8127651504672713,0.15901387751555573,True,194,2026-01,58,0.3448275862068966,0.2253658942428132,61,0.34,0.65,-0.006228971634764935,19,10,9,10,4,0.4,1.6971087163516207,1.1152130317278486,1.5217798466022368,1.0145198977348244,0.09715667503939174,2.608770841790574,0.009715667503939174,True,252,2026-02,61,0.3442622950819672,0.22461356455174158,59,0.34,0.65,0.004448287687844832,26,10,10,0,0,0.0,0.0,0.0,0.0,0.0,0.0,0.0,0.0,True,313,2026-03,59,0.2542372881355932,0.1861803668538675,60,0.34,0.65,0.0014213816212333974,0,0,0,0,0,0.0,0.0,0.0,0.0,0.0,0.0,0.0,0.0,True,372,2026-04,60,0.2,0.1596548790492563,103,0.34,0.65,0.003185870682935882,0,0,0
3,震荡空头反转,17,c92b8b3a500645b4,2908.4821908239064,False,连续两个有机会开发月无交易|累计胜率过低|有效开发月份不足,10,0.34,0.65,5,2.0,1.2,0.0033,180,0.95,0.1,48,0.3,3,0.025,260,8.0,42,0,0,0.0,0.0,0.0,0.0,0.0,0.0,0.0,0.0,True,92,2025-11,56,0.23214285714285715,0.17825255115557243,46,0.34,0.65,-2.7755575615628914e-17,0,0,0,0,0,0.0,0.0,0.0,0.0,0.0,0.0,0.0,0.0,True,148,2025-12,46,0.10869565217391304,0.09600628900716218,58,0.34,0.65,0.018997873049183392,0,0,0,9,4,0.4444444444444444,1.7118859864561982,1.0832838096369581,1.5802746900001248,1.2642197520000997,1.4311248976400017,2.8127651504672713,0.15901387751555573,True,194,2026-01,58,0.3448275862068966,0.2253658942428132,61,0.34,0.65,-0.006228971634764935,19,10,9,10,4,0.4,1.6971087163516207,1.1152130317278486,1.5217798466022368,1.0145198977348244,0.09715667503939174,2.608770841790574,0.009715667503939174,True,252,2026-02,61,0.3442622950819672,0.22461356455174158,59,0.34,0.65,0.004448287687844832,26,10,10,0,0,0.0,0.0,0.0,0.0,0.0,0.0,0.0,0.0,True,313,2026-03,59,0.2542372881355932,0.1861803668538675,60,0.34,0.65,0.0014213816212333974,0,0,0,0,0,0.0,0.0,0.0,0.0,0.0,0.0,0.0,0.0,True,372,2026-04,60,0.2,0.1596548790492563,103,0.34,0.65,0.003185870682935882,0,0,0
3,震荡空头反转,18,41bba4bf55436ffe,2908.4821908239064,False,连续两个有机会开发月无交易|累计胜率过低|有效开发月份不足,10,0.34,0.65,8,2.0,1.2,0.0033,180,0.95,0.1,48,0.3,3,0.025,260,8.0,42,0,0,0.0,0.0,0.0,0.0,0.0,0.0,0.0,0.0,True,92,2025-11,56,0.23214285714285715,0.17825255115557243,46,0.34,0.65,-2.7755575615628914e-17,0,0,0,0,0,0.0,0.0,0.0,0.0,0.0,0.0,0.0,0.0,True,148,2025-12,46,0.10869565217391304,0.09600628900716218,58,0.34,0.65,0.018997873049183392,0,0,0,9,4,0.4444444444444444,1.7118859864561982,1.0832838096369581,1.5802746900001248,1.2642197520000997,1.4311248976400017,2.8127651504672713,0.15901387751555573,True,194,2026-01,58,0.3448275862068966,0.2253658942428132,61,0.34,0.65,-0.006228971634764935,19,10,9,10,4,0.4,1.6971087163516207,1.1152130317278486,1.5217798466022368,1.0145198977348244,0.09715667503939174,2.608770841790574,0.009715667503939174,True,252,2026-02,61,0.3442622950819672,0.22461356455174158,59,0.34,0.65,0.004448287687844832,26,10,10,0,0,0.0,0.0,0.0,0.0,0.0,0.0,0.0,0.0,True,313,2026-03,59,0.2542372881355932,0.1861803668538675,60,0.34,0.65,0.0014213816212333974,0,0,0,0,0,0.0,0.0,0.0,0.0,0.0,0.0,0.0,0.0,True,372,2026-04,60,0.2,0.1596548790492563,103,0.34,0.65,0.003185870682935882,0,0,0
3,震荡空头反转,19,5d8612b82be57449,2529.2771436206167,False,连续两个有机会开发月无交易|开发月最低胜率过低|累计胜率过低|有效开发月份不足,7,0.34,0.65,2,2.0,1.2,0.0033,180,0.95,0.1,48,0.3,2,0.035,220,6.0,32,0,0,0.0,0.0,0.0,0.0,0.0,0.0,0.0,0.0,True,92,2025-11,56,0.23214285714285715,0.17415720411469343,46,0.34,0.65,0.003488137535486796,0,0,0,0,0,0.0,0.0,0.0,0.0,0.0,0.0,0.0,0.0,True,148,2025-12,46,0.10869565217391304,0.09686288545166902,58,0.34,0.65,0.001194153651662186,0,0,0,7,2,0.2857142857142857,1.726751651231221,0.8066087710287754,2.140754865619506,0.8563019462478025,-0.579540552681435,2.524988931674269,-0.08279150752591928,True,194,2026-01,58,0.3448275862068966,0.22510508157967704,61,0.34,0.65,-0.0044483481601018116,19,7,7,7,3,0.42857142857142855,1.6971011743875752,1.0059428617721344,1.6870751201493208,1.2653063401119904,1.0675320760741878,2.5418738088751986,0.15250458229631253,True,252,2026-02,61,0.3442622950819672,0.22430110573292722,59,0.34,0.65,0.0070080588701508795,27,7,7,0,0,0.0,0.0,0.0,0.0,0.0,0.0,0.0,0.0,True,313,2026-03,59,0.2542372881355932,0.18755277822997565,60,0.34,0.65,-0.00044358359031121397,0,0,0,0,0,0.0,0.0,0.0,0.0,0.0,0.0,0.0,0.0,True,372,2026-04,60,0.2,0.15780038971426516,103,0.34,0.65,0.00975047764714046,0,0,0
3,震荡空头反转,20,a9a21ab1ef184acc,2529.2771436206167,False,连续两个有机会开发月无交易|开发月最低胜率过低|累计胜率过低|有效开发月份不足,7,0.34,0.65,5,2.0,1.2,0.0033,180,0.95,0.1,48,0.3,2,0.035,220,6.0,32,0,0,0.0,0.0,0.0,0.0,0.0,0.0,0.0,0.0,True,92,2025-11,56,0.23214285714285715,0.17415720411469343,46,0.34,0.65,0.003488137535486796,0,0,0,0,0,0.0,0.0,0.0,0.0,0.0,0.0,0.0,0.0,True,148,2025-12,46,0.10869565217391304,0.09686288545166902,58,0.34,0.65,0.001194153651662186,0,0,0,7,2,0.2857142857142857,1.726751651231221,0.8066087710287754,2.140754865619506,0.8563019462478025,-0.579540552681435,2.524988931674269,-0.08279150752591928,True,194,2026-01,58,0.3448275862068966,0.22510508157967704,61,0.34,0.65,-0.0044483481601018116,19,7,7,7,3,0.42857142857142855,1.6971011743875752,1.0059428617721344,1.6870751201493208,1.2653063401119904,1.0675320760741878,2.5418738088751986,0.15250458229631253,True,252,2026-02,61,0.3442622950819672,0.22430110573292722,59,0.34,0.65,0.0070080588701508795,27,7,7,0,0,0.0,0.0,0.0,0.0,0.0,0.0,0.0,0.0,True,313,2026-03,59,0.2542372881355932,0.18755277822997565,60,0.34,0.65,-0.00044358359031121397,0,0,0,0,0,0.0,0.0,0.0,0.0,0.0,0.0,0.0,0.0,True,372,2026-04,60,0.2,0.15780038971426516,103,0.34,0.65,0.00975047764714046,0,0,0
3,震荡空头反转,21,c28bd93a06403188,2529.2771436206167,False,连续两个有机会开发月无交易|开发月最低胜率过低|累计胜率过低|有效开发月份不足,7,0.34,0.65,8,2.0,1.2,0.0033,180,0.95,0.1,48,0.3,2,0.035,220,6.0,32,0,0,0.0,0.0,0.0,0.0,0.0,0.0,0.0,0.0,True,92,2025-11,56,0.23214285714285715,0.17415720411469343,46,0.34,0.65,0.003488137535486796,0,0,0,0,0,0.0,0.0,0.0,0.0,0.0,0.0,0.0,0.0,True,148,2025-12,46,0.10869565217391304,0.09686288545166902,58,0.34,0.65,0.001194153651662186,0,0,0,7,2,0.2857142857142857,1.726751651231221,0.8066087710287754,2.140754865619506,0.8563019462478025,-0.579540552681435,2.524988931674269,-0.08279150752591928,True,194,2026-01,58,0.3448275862068966,0.22510508157967704,61,0.34,0.65,-0.0044483481601018116,19,7,7,7,3,0.42857142857142855,1.6971011743875752,1.0059428617721344,1.6870751201493208,1.2653063401119904,1.0675320760741878,2.5418738088751986,0.15250458229631253,True,252,2026-02,61,0.3442622950819672,0.22430110573292722,59,0.34,0.65,0.0070080588701508795,27,7,7,0,0,0.0,0.0,0.0,0.0,0.0,0.0,0.0,0.0,True,313,2026-03,59,0.2542372881355932,0.18755277822997565,60,0.34,0.65,-0.00044358359031121397,0,0,0,0,0,0.0,0.0,0.0,0.0,0.0,0.0,0.0,0.0,True,372,2026-04,60,0.2,0.15780038971426516,103,0.34,0.65,0.00975047764714046,0,0,0
3,震荡空头反转,22,366e5f6bf2d8671a,2274.1242848663005,False,连续两个有机会开发月无交易|开发月最低胜率过低|有效开发月份不足|开发交易样本不足,4,0.34,0.65,2,2.0,1.2,0.0033,180,0.95,0.1,48,0.3,2,0.035,220,6.0,32,0,0,0.0,0.0,0.0,0.0,0.0,0.0,0.0,0.0,True,92,2025-11,56,0.23214285714285715,0.17415720411469343,46,0.34,0.65,0.003488137535486796,0,0,0,0,0,0.0,0.0,0.0,0.0,0.0,0.0,0.0,0.0,True,148,2025-12,46,0.10869565217391304,0.09686288545166902,58,0.34,0.65,0.001194153651662186,0,0,0,4,2,0.5,1.726751651231221,0.7540274617348043,2.290038146964108,2.290038146964108,1.9454483789928336,1.5080549234696086,0.4863620947482084,True,194,2026-01,58,0.3448275862068966,0.22510508157967704,61,0.34,0.65,-0.0044483481601018116,19,4,4,4,1,0.25,1.6970786136116032,1.2733109814631751,1.3328076473992805,0.44426921579976014,-2.122854330777922,2.5418738088751986,-0.5307135826944805,True,252,2026-02,61,0.3442622950819672,0.22430110573292722,59,0.34,0.65,0.0070080588701508795,27,4,4,0,0,0.0,0.0,0.0,0.0,0.0,0.0,0.0,0.0,True,313,2026-03,59,0.2542372881355932,0.18755277822997565,60,0.34,0.65,-0.00044358359031121397,0,0,0,0,0,0.0,0.0,0.0,0.0,0.0,0.0,0.0,0.0,True,372,2026-04,60,0.2,0.15780038971426516,103,0.34,0.65,0.00975047764714046,0,0,0
3,震荡空头反转,23,b72f8e7b3b9416a9,2274.1242848663005,False,连续两个有机会开发月无交易|开发月最低胜率过低|有效开发月份不足|开发交易样本不足,4,0.34,0.65,5,2.0,1.2,0.0033,180,0.95,0.1,48,0.3,2,0.035,220,6.0,32,0,0,0.0,0.0,0.0,0.0,0.0,0.0,0.0,0.0,True,92,2025-11,56,0.23214285714285715,0.17415720411469343,46,0.34,0.65,0.003488137535486796,0,0,0,0,0,0.0,0.0,0.0,0.0,0.0,0.0,0.0,0.0,True,148,2025-12,46,0.10869565217391304,0.09686288545166902,58,0.34,0.65,0.001194153651662186,0,0,0,4,2,0.5,1.726751651231221,0.7540274617348043,2.290038146964108,2.290038146964108,1.9454483789928336,1.5080549234696086,0.4863620947482084,True,194,2026-01,58,0.3448275862068966,0.22510508157967704,61,0.34,0.65,-0.0044483481601018116,19,4,4,4,1,0.25,1.6970786136116032,1.2733109814631751,1.3328076473992805,0.44426921579976014,-2.122854330777922,2.5418738088751986,-0.5307135826944805,True,252,2026-02,61,0.3442622950819672,0.22430110573292722,59,0.34,0.65,0.0070080588701508795,27,4,4,0,0,0.0,0.0,0.0,0.0,0.0,0.0,0.0,0.0,True,313,2026-03,59,0.2542372881355932,0.18755277822997565,60,0.34,0.65,-0.00044358359031121397,0,0,0,0,0,0.0,0.0,0.0,0.0,0.0,0.0,0.0,0.0,True,372,2026-04,60,0.2,0.15780038971426516,103,0.34,0.65,0.00975047764714046,0,0,0
3,震荡空头反转,24,bc067567d5574589,2274.1242848663005,False,连续两个有机会开发月无交易|开发月最低胜率过低|有效开发月份不足|开发交易样本不足,4,0.34,0.65,8,2.0,1.2,0.0033,180,0.95,0.1,48,0.3,2,0.035,220,6.0,32,0,0,0.0,0.0,0.0,0.0,0.0,0.0,0.0,0.0,True,92,2025-11,56,0.23214285714285715,0.17415720411469343,46,0.34,0.65,0.003488137535486796,0,0,0,0,0,0.0,0.0,0.0,0.0,0.0,0.0,0.0,0.0,True,148,2025-12,46,0.10869565217391304,0.09686288545166902,58,0.34,0.65,0.001194153651662186,0,0,0,4,2,0.5,1.726751651231221,0.7540274617348043,2.290038146964108,2.290038146964108,1.9454483789928336,1.5080549234696086,0.4863620947482084,True,194,2026-01,58,0.3448275862068966,0.22510508157967704,61,0.34,0.65,-0.0044483481601018116,19,4,4,4,1,0.25,1.6970786136116032,1.2733109814631751,1.3328076473992805,0.44426921579976014,-2.122854330777922,2.5418738088751986,-0.5307135826944805,True,252,2026-02,61,0.3442622950819672,0.22430110573292722,59,0.34,0.65,0.0070080588701508795,27,4,4,0,0,0.0,0.0,0.0,0.0,0.0,0.0,0.0,0.0,True,313,2026-03,59,0.2542372881355932,0.18755277822997565,60,0.34,0.65,-0.00044358359031121397,0,0,0,0,0,0.0,0.0,0.0,0.0,0.0,0.0,0.0,0.0,True,372,2026-04,60,0.2,0.15780038971426516,103,0.34,0.65,0.00975047764714046,0,0,0
3,震荡空头反转,25,8a1d222263363aa4,2274.1242848663005,False,连续两个有机会开发月无交易|开发月最低胜率过低|有效开发月份不足|开发交易样本不足,4,0.34,0.75,2,2.0,1.2,0.0033,180,0.95,0.1,48,0.3,2,0.035,220,6.0,32,0,0,0.0,0.0,0.0,0.0,0.0,0.0,0.0,0.0,True,92,2025-11,56,0.23214285714285715,0.17415720411469343,46,0.34,0.75,0.003488137535486796,0,0,0,0,0,0.0,0.0,0.0,0.0,0.0,0.0,0.0,0.0,True,148,2025-12,46,0.10869565217391304,0.09686288545166902,58,0.34,0.75,0.001194153651662186,0,0,0,4,2,0.5,1.726751651231221,0.7540274617348043,2.290038146964108,2.290038146964108,1.9454483789928336,1.5080549234696086,0.4863620947482084,True,194,2026-01,58,0.3448275862068966,0.22510508157967704,61,0.34,0.75,-0.0044483481601018116,16,4,4,4,1,0.25,1.6970786136116032,1.2733109814631751,1.3328076473992805,0.44426921579976014,-2.122854330777922,2.5418738088751986,-0.5307135826944805,True,252,2026-02,61,0.3442622950819672,0.22430110573292722,59,0.34,0.75,0.0070080588701508795,21,4,4,0,0,0.0,0.0,0.0,0.0,0.0,0.0,0.0,0.0,True,313,2026-03,59,0.2542372881355932,0.18755277822997565,60,0.34,0.75,-0.00044358359031121397,0,0,0,0,0,0.0,0.0,0.0,0.0,0.0,0.0,0.0,0.0,True,372,2026-04,60,0.2,0.15780038971426516,103,0.34,0.75,0.00975047764714046,0,0,0
3,震荡空头反转,26,fcd4db32f6ed035c,2274.1242848663005,False,连续两个有机会开发月无交易|开发月最低胜率过低|有效开发月份不足|开发交易样本不足,4,0.34,0.75,5,2.0,1.2,0.0033,180,0.95,0.1,48,0.3,2,0.035,220,6.0,32,0,0,0.0,0.0,0.0,0.0,0.0,0.0,0.0,0.0,True,92,2025-11,56,0.23214285714285715,0.17415720411469343,46,0.34,0.75,0.003488137535486796,0,0,0,0,0,0.0,0.0,0.0,0.0,0.0,0.0,0.0,0.0,True,148,2025-12,46,0.10869565217391304,0.09686288545166902,58,0.34,0.75,0.001194153651662186,0,0,0,4,2,0.5,1.726751651231221,0.7540274617348043,2.290038146964108,2.290038146964108,1.9454483789928336,1.5080549234696086,0.4863620947482084,True,194,2026-01,58,0.3448275862068966,0.22510508157967704,61,0.34,0.75,-0.0044483481601018116,16,4,4,4,1,0.25,1.6970786136116032,1.2733109814631751,1.3328076473992805,0.44426921579976014,-2.122854330777922,2.5418738088751986,-0.5307135826944805,True,252,2026-02,61,0.3442622950819672,0.22430110573292722,59,0.34,0.75,0.0070080588701508795,21,4,4,0,0,0.0,0.0,0.0,0.0,0.0,0.0,0.0,0.0,True,313,2026-03,59,0.2542372881355932,0.18755277822997565,60,0.34,0.75,-0.00044358359031121397,0,0,0,0,0,0.0,0.0,0.0,0.0,0.0,0.0,0.0,0.0,True,372,2026-04,60,0.2,0.15780038971426516,103,0.34,0.75,0.00975047764714046,0,0,0
3,震荡空头反转,27,b484d0a86d21a3f3,2274.1242848663005,False,连续两个有机会开发月无交易|开发月最低胜率过低|有效开发月份不足|开发交易样本不足,4,0.34,0.75,8,2.0,1.2,0.0033,180,0.95,0.1,48,0.3,2,0.035,220,6.0,32,0,0,0.0,0.0,0.0,0.0,0.0,0.0,0.0,0.0,True,92,2025-11,56,0.23214285714285715,0.17415720411469343,46,0.34,0.75,0.003488137535486796,0,0,0,0,0,0.0,0.0,0.0,0.0,0.0,0.0,0.0,0.0,True,148,2025-12,46,0.10869565217391304,0.09686288545166902,58,0.34,0.75,0.001194153651662186,0,0,0,4,2,0.5,1.726751651231221,0.7540274617348043,2.290038146964108,2.290038146964108,1.9454483789928336,1.5080549234696086,0.4863620947482084,True,194,2026-01,58,0.3448275862068966,0.22510508157967704,61,0.34,0.75,-0.0044483481601018116,16,4,4,4,1,0.25,1.6970786136116032,1.2733109814631751,1.3328076473992805,0.44426921579976014,-2.122854330777922,2.5418738088751986,-0.5307135826944805,True,252,2026-02,61,0.3442622950819672,0.22430110573292722,59,0.34,0.75,0.0070080588701508795,21,4,4,0,0,0.0,0.0,0.0,0.0,0.0,0.0,0.0,0.0,True,313,2026-03,59,0.2542372881355932,0.18755277822997565,60,0.34,0.75,-0.00044358359031121397,0,0,0,0,0,0.0,0.0,0.0,0.0,0.0,0.0,0.0,0.0,True,372,2026-04,60,0.2,0.15780038971426516,103,0.34,0.75,0.00975047764714046,0,0,0
3,震荡空头反转,28,2b98fbd50e3774af,2166.8875430867274,False,连续两个有机会开发月无交易|开发月最低胜率过低|累计胜率过低|有效开发月份不足,10,0.34,0.75,2,2.0,1.2,0.0033,180,0.95,0.1,48,0.3,3,0.025,260,8.0,42,0,0,0.0,0.0,0.0,0.0,0.0,0.0,0.0,0.0,True,92,2025-11,56,0.23214285714285715,0.17825255115557243,46,0.34,0.75,-2.7755575615628914e-17,0,0,0,0,0,0.0,0.0,0.0,0.0,0.0,0.0,0.0,0.0,True,148,2025-12,46,0.10869565217391304,0.09600628900716218,58,0.34,0.75,0.018997873049183392,0,0,0,8,4,0.5,1.7118702360401807,0.7528541556473942,2.273840455284609,2.273840455284609,3.836064321571146,2.60365389771752,0.47950804019639326,True,194,2026-01,58,0.3448275862068966,0.2253658942428132,61,0.34,0.75,-0.006228971634764935,12,10,8,8,2,0.25,1.6970959756712416,0.933143355124851,1.8186873071010365,0.6062291023670122,-2.2046681794066236,4.116962492535768,-0.27558352242582795,True,252,2026-02,61,0.3442622950819672,0.22461356455174158,59,0.34,0.75,0.004448287687844832,19,10,8,0,0,0.0,0.0,0.0,0.0,0.0,0.0,0.0,0.0,True,313,2026-03,59,0.2542372881355932,0.1861803668538675,60,0.34,0.75,0.0014213816212333974,0,0,0,0,0,0.0,0.0,0.0,0.0,0.0,0.0,0.0,0.0,True,372,2026-04,60,0.2,0.1596548790492563,103,0.34,0.75,0.003185870682935882,0,0,0
3,震荡空头反转,29,101d27e5740fe5a4,2119.1362397732587,False,连续两个有机会开发月无交易|开发月最低胜率过低|有效开发月份不足|开发交易样本不足,4,0.34,0.85,2,2.0,1.2,0.0033,180,0.95,0.1,48,0.3,3,0.025,260,8.0,42,0,0,0.0,0.0,0.0,0.0,0.0,0.0,0.0,0.0,True,92,2025-11,56,0.23214285714285715,0.17825255115557243,46,0.34,0.85,-2.7755575615628914e-17,0,0,0,0,0,0.0,0.0,0.0,0.0,0.0,0.0,0.0,0.0,True,148,2025-12,46,0.10869565217391304,0.09600628900716218,58,0.34,0.85,0.018997873049183392,0,0,0,4,1,0.25,1.756330444496142,0.5707309427905348,3.077335242958321,1.0257784143194402,0.04413761612453751,1.7121928283716046,0.011034404031134377,True,194,2026-01,58,0.3448275862068966,0.2253658942428132,61,0.34,0.85,-0.006228971634764935,4,4,4,4,1,0.25,1.6970786136116032,0.9287612160922043,1.8272496570777594,0.6090832190259198,-1.0892050346650097,1.508224512762286,-0.27230125866625243,True,252,2026-02,61,0.3442622950819672,0.22461356455174158,59,0.34,0.85,0.004448287687844832,14,4,4,0,0,0.0,0.0,0.0,0.0,0.0,0.0,0.0,0.0,True,313,2026-03,59,0.2542372881355932,0.1861803668538675,60,0.34,0.85,0.0014213816212333974,0,0,0,0,0,0.0,0.0,0.0,0.0,0.0,0.0,0.0,0.0,True,372,2026-04,60,0.2,0.1596548790492563,103,0.34,0.85,0.003185870682935882,0,0,0
3,震荡空头反转,30,a8a2ebf8f496e1b1,2119.1362397732587,False,连续两个有机会开发月无交易|开发月最低胜率过低|有效开发月份不足|开发交易样本不足,4,0.34,0.85,5,2.0,1.2,0.0033,180,0.95,0.1,48,0.3,3,0.025,260,8.0,42,0,0,0.0,0.0,0.0,0.0,0.0,0.0,0.0,0.0,True,92,2025-11,56,0.23214285714285715,0.17825255115557243,46,0.34,0.85,-2.7755575615628914e-17,0,0,0,0,0,0.0,0.0,0.0,0.0,0.0,0.0,0.0,0.0,True,148,2025-12,46,0.10869565217391304,0.09600628900716218,58,0.34,0.85,0.018997873049183392,0,0,0,4,1,0.25,1.756330444496142,0.5707309427905348,3.077335242958321,1.0257784143194402,0.04413761612453751,1.7121928283716046,0.011034404031134377,True,194,2026-01,58,0.3448275862068966,0.2253658942428132,61,0.34,0.85,-0.006228971634764935,4,4,4,4,1,0.25,1.6970786136116032,0.9287612160922043,1.8272496570777594,0.6090832190259198,-1.0892050346650097,1.508224512762286,-0.27230125866625243,True,252,2026-02,61,0.3442622950819672,0.22461356455174158,59,0.34,0.85,0.004448287687844832,14,4,4,0,0,0.0,0.0,0.0,0.0,0.0,0.0,0.0,0.0,True,313,2026-03,59,0.2542372881355932,0.1861803668538675,60,0.34,0.85,0.0014213816212333974,0,0,0,0,0,0.0,0.0,0.0,0.0,0.0,0.0,0.0,0.0,True,372,2026-04,60,0.2,0.1596548790492563,103,0.34,0.85,0.003185870682935882,0,0,0
4,高波动多头突破,1,46f610205c9e7aef,1340.351555061955,False,连续两个有机会开发月无交易|有效开发月份不足|开发交易样本不足,7,0.35,0.68,2,2.5,1.65,0.0045,288,1.25,0.18,60,0.32,2,0.035,220,6.0,32,0,0,0.0,0.0,0.0,0.0,0.0,0.0,0.0,0.0,True,129,2025-11,48,0.10416666666666667,0.09234463232599029,53,0.35,0.68,0.0057735962345142056,0,0,0,0,0,0.0,0.0,0.0,0.0,0.0,0.0,0.0,0.0,True,177,2025-12,53,0.2641509433962264,0.19222182517749395,43,0.35,0.68,-0.013361221837267068,0,0,0,0,0,0.0,0.0,0.0,0.0,0.0,0.0,0.0,0.0,True,230,2026-01,43,0.16279069767441862,0.13558298959127169,36,0.35,0.68,0.0018811989483117353,0,0,0,5,2,0.4,1.1676248427414029,1.138294243341295,1.0257671507799355,0.6838447671866237,-1.0796330445410796,3.4148827300238853,-0.2159266089082159,True,273,2026-02,36,0.3055555555555556,0.177549310864682,65,0.35,0.68,0.013814730361019989,22,7,5,0,0,0.0,0.0,0.0,0.0,0.0,0.0,0.0,0.0,True,309,2026-03,65,0.16923076923076924,0.14000058214466538,91,0.35,0.68,-0.002356164297924346,0,0,0,0,0,0.0,0.0,0.0,0.0,0.0,0.0,0.0,0.0,True,374,2026-04,91,0.21978021978021978,0.17093444314615105,39,0.35,0.68,-0.000131101133835132,0,0,0
4,高波动多头突破,2,1cbaf06554b26cc5,1340.351555061955,False,连续两个有机会开发月无交易|有效开发月份不足|开发交易样本不足,7,0.35,0.68,5,2.5,1.65,0.0045,288,1.25,0.18,60,0.32,2,0.035,220,6.0,32,0,0,0.0,0.0,0.0,0.0,0.0,0.0,0.0,0.0,True,129,2025-11,48,0.10416666666666667,0.09234463232599029,53,0.35,0.68,0.0057735962345142056,0,0,0,0,0,0.0,0.0,0.0,0.0,0.0,0.0,0.0,0.0,True,177,2025-12,53,0.2641509433962264,0.19222182517749395,43,0.35,0.68,-0.013361221837267068,0,0,0,0,0,0.0,0.0,0.0,0.0,0.0,0.0,0.0,0.0,True,230,2026-01,43,0.16279069767441862,0.13558298959127169,36,0.35,0.68,0.0018811989483117353,0,0,0,5,2,0.4,1.1676248427414029,1.138294243341295,1.0257671507799355,0.6838447671866237,-1.0796330445410796,3.4148827300238853,-0.2159266089082159,True,273,2026-02,36,0.3055555555555556,0.177549310864682,65,0.35,0.68,0.013814730361019989,22,7,5,0,0,0.0,0.0,0.0,0.0,0.0,0.0,0.0,0.0,True,309,2026-03,65,0.16923076923076924,0.14000058214466538,91,0.35,0.68,-0.002356164297924346,0,0,0,0,0,0.0,0.0,0.0,0.0,0.0,0.0,0.0,0.0,True,374,2026-04,91,0.21978021978021978,0.17093444314615105,39,0.35,0.68,-0.000131101133835132,0,0,0
4,高波动多头突破,3,efec51330f5f8376,1340.351555061955,False,连续两个有机会开发月无交易|有效开发月份不足|开发交易样本不足,7,0.35,0.68,8,2.5,1.65,0.0045,288,1.25,0.18,60,0.32,2,0.035,220,6.0,32,0,0,0.0,0.0,0.0,0.0,0.0,0.0,0.0,0.0,True,129,2025-11,48,0.10416666666666667,0.09234463232599029,53,0.35,0.68,0.0057735962345142056,0,0,0,0,0,0.0,0.0,0.0,0.0,0.0,0.0,0.0,0.0,True,177,2025-12,53,0.2641509433962264,0.19222182517749395,43,0.35,0.68,-0.013361221837267068,0,0,0,0,0,0.0,0.0,0.0,0.0,0.0,0.0,0.0,0.0,True,230,2026-01,43,0.16279069767441862,0.13558298959127169,36,0.35,0.68,0.0018811989483117353,0,0,0,5,2,0.4,1.1676248427414029,1.138294243341295,1.0257671507799355,0.6838447671866237,-1.0796330445410796,3.4148827300238853,-0.2159266089082159,True,273,2026-02,36,0.3055555555555556,0.177549310864682,65,0.35,0.68,0.013814730361019989,22,7,5,0,0,0.0,0.0,0.0,0.0,0.0,0.0,0.0,0.0,True,309,2026-03,65,0.16923076923076924,0.14000058214466538,91,0.35,0.68,-0.002356164297924346,0,0,0,0,0,0.0,0.0,0.0,0.0,0.0,0.0,0.0,0.0,True,374,2026-04,91,0.21978021978021978,0.17093444314615105,39,0.35,0.68,-0.000131101133835132,0,0,0
4,高波动多头突破,4,679d67281f2438ea,1340.351555061955,False,连续两个有机会开发月无交易|有效开发月份不足|开发交易样本不足,7,0.35,0.78,2,2.5,1.65,0.0045,288,1.25,0.18,60,0.32,2,0.035,220,6.0,32,0,0,0.0,0.0,0.0,0.0,0.0,0.0,0.0,0.0,True,129,2025-11,48,0.10416666666666667,0.09234463232599029,53,0.35,0.78,0.0057735962345142056,0,0,0,0,0,0.0,0.0,0.0,0.0,0.0,0.0,0.0,0.0,True,177,2025-12,53,0.2641509433962264,0.19222182517749395,43,0.35,0.78,-0.013361221837267068,0,0,0,0,0,0.0,0.0,0.0,0.0,0.0,0.0,0.0,0.0,True,230,2026-01,43,0.16279069767441862,0.13558298959127169,36,0.35,0.78,0.0018811989483117353,0,0,0,5,2,0.4,1.1676248427414029,1.138294243341295,1.0257671507799355,0.6838447671866237,-1.0796330445410796,3.4148827300238853,-0.2159266089082159,True,273,2026-02,36,0.3055555555555556,0.177549310864682,65,0.35,0.78,0.013814730361019989,22,7,5,0,0,0.0,0.0,0.0,0.0,0.0,0.0,0.0,0.0,True,309,2026-03,65,0.16923076923076924,0.14000058214466538,91,0.35,0.78,-0.002356164297924346,0,0,0,0,0,0.0,0.0,0.0,0.0,0.0,0.0,0.0,0.0,True,374,2026-04,91,0.21978021978021978,0.17093444314615105,39,0.35,0.78,-0.000131101133835132,0,0,0
4,高波动多头突破,5,4491d084e6e89f25,1340.351555061955,False,连续两个有机会开发月无交易|有效开发月份不足|开发交易样本不足,7,0.35,0.78,5,2.5,1.65,0.0045,288,1.25,0.18,60,0.32,2,0.035,220,6.0,32,0,0,0.0,0.0,0.0,0.0,0.0,0.0,0.0,0.0,True,129,2025-11,48,0.10416666666666667,0.09234463232599029,53,0.35,0.78,0.0057735962345142056,0,0,0,0,0,0.0,0.0,0.0,0.0,0.0,0.0,0.0,0.0,True,177,2025-12,53,0.2641509433962264,0.19222182517749395,43,0.35,0.78,-0.013361221837267068,0,0,0,0,0,0.0,0.0,0.0,0.0,0.0,0.0,0.0,0.0,True,230,2026-01,43,0.16279069767441862,0.13558298959127169,36,0.35,0.78,0.0018811989483117353,0,0,0,5,2,0.4,1.1676248427414029,1.138294243341295,1.0257671507799355,0.6838447671866237,-1.0796330445410796,3.4148827300238853,-0.2159266089082159,True,273,2026-02,36,0.3055555555555556,0.177549310864682,65,0.35,0.78,0.013814730361019989,22,7,5,0,0,0.0,0.0,0.0,0.0,0.0,0.0,0.0,0.0,True,309,2026-03,65,0.16923076923076924,0.14000058214466538,91,0.35,0.78,-0.002356164297924346,0,0,0,0,0,0.0,0.0,0.0,0.0,0.0,0.0,0.0,0.0,True,374,2026-04,91,0.21978021978021978,0.17093444314615105,39,0.35,0.78,-0.000131101133835132,0,0,0
4,高波动多头突破,6,f315678c6217fe92,1340.351555061955,False,连续两个有机会开发月无交易|有效开发月份不足|开发交易样本不足,7,0.35,0.78,8,2.5,1.65,0.0045,288,1.25,0.18,60,0.32,2,0.035,220,6.0,32,0,0,0.0,0.0,0.0,0.0,0.0,0.0,0.0,0.0,True,129,2025-11,48,0.10416666666666667,0.09234463232599029,53,0.35,0.78,0.0057735962345142056,0,0,0,0,0,0.0,0.0,0.0,0.0,0.0,0.0,0.0,0.0,True,177,2025-12,53,0.2641509433962264,0.19222182517749395,43,0.35,0.78,-0.013361221837267068,0,0,0,0,0,0.0,0.0,0.0,0.0,0.0,0.0,0.0,0.0,True,230,2026-01,43,0.16279069767441862,0.13558298959127169,36,0.35,0.78,0.0018811989483117353,0,0,0,5,2,0.4,1.1676248427414029,1.138294243341295,1.0257671507799355,0.6838447671866237,-1.0796330445410796,3.4148827300238853,-0.2159266089082159,True,273,2026-02,36,0.3055555555555556,0.177549310864682,65,0.35,0.78,0.013814730361019989,22,7,5,0,0,0.0,0.0,0.0,0.0,0.0,0.0,0.0,0.0,True,309,2026-03,65,0.16923076923076924,0.14000058214466538,91,0.35,0.78,-0.002356164297924346,0,0,0,0,0,0.0,0.0,0.0,0.0,0.0,0.0,0.0,0.0,True,374,2026-04,91,0.21978021978021978,0.17093444314615105,39,0.35,0.78,-0.000131101133835132,0,0,0
4,高波动多头突破,7,7d4ac29ab8d3c307,399.6308203638732,False,连续两个有机会开发月无交易|开发月最低胜率过低|有效开发月份不足|开发交易样本不足,4,0.35,0.68,2,2.5,1.65,0.0045,288,1.25,0.18,60,0.32,2,0.035,220,6.0,32,0,0,0.0,0.0,0.0,0.0,0.0,0.0,0.0,0.0,True,129,2025-11,48,0.10416666666666667,0.09234463232599029,53,0.35,0.68,0.0057735962345142056,0,0,0,0,0,0.0,0.0,0.0,0.0,0.0,0.0,0.0,0.0,True,177,2025-12,53,0.2641509433962264,0.19222182517749395,43,0.35,0.68,-0.013361221837267068,0,0,0,0,0,0.0,0.0,0.0,0.0,0.0,0.0,0.0,0.0,True,230,2026-01,43,0.16279069767441862,0.13558298959127169,36,0.35,0.68,0.0018811989483117353,0,0,0,3,1,0.3333333333333333,0.01755390995232079,1.1074962478749946,0.015850085258530048,0.007925042629265024,-2.1974385857976686,2.2149924957499896,-0.7324795285992228,True,273,2026-02,36,0.3055555555555556,0.177549310864682,65,0.35,0.68,0.013814730361019989,22,4,3,0,0,0.0,0.0,0.0,0.0,0.0,0.0,0.0,0.0,True,309,2026-03,65,0.16923076923076924,0.14000058214466538,91,0.35,0.68,-0.002356164297924346,0,0,0,0,0,0.0,0.0,0.0,0.0,0.0,0.0,0.0,0.0,True,374,2026-04,91,0.21978021978021978,0.17093444314615105,39,0.35,0.68,-0.000131101133835132,0,0,0
4,高波动多头突破,8,10d8a2d9ce982ecf,399.6308203638732,False,连续两个有机会开发月无交易|开发月最低胜率过低|有效开发月份不足|开发交易样本不足,4,0.35,0.68,5,2.5,1.65,0.0045,288,1.25,0.18,60,0.32,2,0.035,220,6.0,32,0,0,0.0,0.0,0.0,0.0,0.0,0.0,0.0,0.0,True,129,2025-11,48,0.10416666666666667,0.09234463232599029,53,0.35,0.68,0.0057735962345142056,0,0,0,0,0,0.0,0.0,0.0,0.0,0.0,0.0,0.0,0.0,True,177,2025-12,53,0.2641509433962264,0.19222182517749395,43,0.35,0.68,-0.013361221837267068,0,0,0,0,0,0.0,0.0,0.0,0.0,0.0,0.0,0.0,0.0,True,230,2026-01,43,0.16279069767441862,0.13558298959127169,36,0.35,0.68,0.0018811989483117353,0,0,0,3,1,0.3333333333333333,0.01755390995232079,1.1074962478749946,0.015850085258530048,0.007925042629265024,-2.1974385857976686,2.2149924957499896,-0.7324795285992228,True,273,2026-02,36,0.3055555555555556,0.177549310864682,65,0.35,0.68,0.013814730361019989,22,4,3,0,0,0.0,0.0,0.0,0.0,0.0,0.0,0.0,0.0,True,309,2026-03,65,0.16923076923076924,0.14000058214466538,91,0.35,0.68,-0.002356164297924346,0,0,0,0,0,0.0,0.0,0.0,0.0,0.0,0.0,0.0,0.0,True,374,2026-04,91,0.21978021978021978,0.17093444314615105,39,0.35,0.68,-0.000131101133835132,0,0,0
4,高波动多头突破,9,fb3f7acd86767b43,399.6308203638732,False,连续两个有机会开发月无交易|开发月最低胜率过低|有效开发月份不足|开发交易样本不足,4,0.35,0.68,8,2.5,1.65,0.0045,288,1.25,0.18,60,0.32,2,0.035,220,6.0,32,0,0,0.0,0.0,0.0,0.0,0.0,0.0,0.0,0.0,True,129,2025-11,48,0.10416666666666667,0.09234463232599029,53,0.35,0.68,0.0057735962345142056,0,0,0,0,0,0.0,0.0,0.0,0.0,0.0,0.0,0.0,0.0,True,177,2025-12,53,0.2641509433962264,0.19222182517749395,43,0.35,0.68,-0.013361221837267068,0,0,0,0,0,0.0,0.0,0.0,0.0,0.0,0.0,0.0,0.0,True,230,2026-01,43,0.16279069767441862,0.13558298959127169,36,0.35,0.68,0.0018811989483117353,0,0,0,3,1,0.3333333333333333,0.01755390995232079,1.1074962478749946,0.015850085258530048,0.007925042629265024,-2.1974385857976686,2.2149924957499896,-0.7324795285992228,True,273,2026-02,36,0.3055555555555556,0.177549310864682,65,0.35,0.68,0.013814730361019989,22,4,3,0,0,0.0,0.0,0.0,0.0,0.0,0.0,0.0,0.0,True,309,2026-03,65,0.16923076923076924,0.14000058214466538,91,0.35,0.68,-0.002356164297924346,0,0,0,0,0,0.0,0.0,0.0,0.0,0.0,0.0,0.0,0.0,True,374,2026-04,91,0.21978021978021978,0.17093444314615105,39,0.35,0.68,-0.000131101133835132,0,0,0
4,高波动多头突破,10,68f24dbd8c1700c9,399.6308203638732,False,连续两个有机会开发月无交易|开发月最低胜率过低|有效开发月份不足|开发交易样本不足,4,0.35,0.78,2,2.5,1.65,0.0045,288,1.25,0.18,60,0.32,2,0.035,220,6.0,32,0,0,0.0,0.0,0.0,0.0,0.0,0.0,0.0,0.0,True,129,2025-11,48,0.10416666666666667,0.09234463232599029,53,0.35,0.78,0.0057735962345142056,0,0,0,0,0,0.0,0.0,0.0,0.0,0.0,0.0,0.0,0.0,True,177,2025-12,53,0.2641509433962264,0.19222182517749395,43,0.35,0.78,-0.013361221837267068,0,0,0,0,0,0.0,0.0,0.0,0.0,0.0,0.0,0.0,0.0,True,230,2026-01,43,0.16279069767441862,0.13558298959127169,36,0.35,0.78,0.0018811989483117353,0,0,0,3,1,0.3333333333333333,0.01755390995232079,1.1074962478749946,0.015850085258530048,0.007925042629265024,-2.1974385857976686,2.2149924957499896,-0.7324795285992228,True,273,2026-02,36,0.3055555555555556,0.177549310864682,65,0.35,0.78,0.013814730361019989,22,4,3,0,0,0.0,0.0,0.0,0.0,0.0,0.0,0.0,0.0,True,309,2026-03,65,0.16923076923076924,0.14000058214466538,91,0.35,0.78,-0.002356164297924346,0,0,0,0,0,0.0,0.0,0.0,0.0,0.0,0.0,0.0,0.0,True,374,2026-04,91,0.21978021978021978,0.17093444314615105,39,0.35,0.78,-0.000131101133835132,0,0,0
4,高波动多头突破,11,f6e44f19d4887f4f,399.6308203638732,False,连续两个有机会开发月无交易|开发月最低胜率过低|有效开发月份不足|开发交易样本不足,4,0.35,0.78,5,2.5,1.65,0.0045,288,1.25,0.18,60,0.32,2,0.035,220,6.0,32,0,0,0.0,0.0,0.0,0.0,0.0,0.0,0.0,0.0,True,129,2025-11,48,0.10416666666666667,0.09234463232599029,53,0.35,0.78,0.0057735962345142056,0,0,0,0,0,0.0,0.0,0.0,0.0,0.0,0.0,0.0,0.0,True,177,2025-12,53,0.2641509433962264,0.19222182517749395,43,0.35,0.78,-0.013361221837267068,0,0,0,0,0,0.0,0.0,0.0,0.0,0.0,0.0,0.0,0.0,True,230,2026-01,43,0.16279069767441862,0.13558298959127169,36,0.35,0.78,0.0018811989483117353,0,0,0,3,1,0.3333333333333333,0.01755390995232079,1.1074962478749946,0.015850085258530048,0.007925042629265024,-2.1974385857976686,2.2149924957499896,-0.7324795285992228,True,273,2026-02,36,0.3055555555555556,0.177549310864682,65,0.35,0.78,0.013814730361019989,22,4,3,0,0,0.0,0.0,0.0,0.0,0.0,0.0,0.0,0.0,True,309,2026-03,65,0.16923076923076924,0.14000058214466538,91,0.35,0.78,-0.002356164297924346,0,0,0,0,0,0.0,0.0,0.0,0.0,0.0,0.0,0.0,0.0,True,374,2026-04,91,0.21978021978021978,0.17093444314615105,39,0.35,0.78,-0.000131101133835132,0,0,0
4,高波动多头突破,12,75dc586e796d01bc,399.6308203638732,False,连续两个有机会开发月无交易|开发月最低胜率过低|有效开发月份不足|开发交易样本不足,4,0.35,0.78,8,2.5,1.65,0.0045,288,1.25,0.18,60,0.32,2,0.035,220,6.0,32,0,0,0.0,0.0,0.0,0.0,0.0,0.0,0.0,0.0,True,129,2025-11,48,0.10416666666666667,0.09234463232599029,53,0.35,0.78,0.0057735962345142056,0,0,0,0,0,0.0,0.0,0.0,0.0,0.0,0.0,0.0,0.0,True,177,2025-12,53,0.2641509433962264,0.19222182517749395,43,0.35,0.78,-0.013361221837267068,0,0,0,0,0,0.0,0.0,0.0,0.0,0.0,0.0,0.0,0.0,True,230,2026-01,43,0.16279069767441862,0.13558298959127169,36,0.35,0.78,0.0018811989483117353,0,0,0,3,1,0.3333333333333333,0.01755390995232079,1.1074962478749946,0.015850085258530048,0.007925042629265024,-2.1974385857976686,2.2149924957499896,-0.7324795285992228,True,273,2026-02,36,0.3055555555555556,0.177549310864682,65,0.35,0.78,0.013814730361019989,22,4,3,0,0,0.0,0.0,0.0,0.0,0.0,0.0,0.0,0.0,True,309,2026-03,65,0.16923076923076924,0.14000058214466538,91,0.35,0.78,-0.002356164297924346,0,0,0,0,0,0.0,0.0,0.0,0.0,0.0,0.0,0.0,0.0,True,374,2026-04,91,0.21978021978021978,0.17093444314615105,39,0.35,0.78,-0.000131101133835132,0,0,0
4,高波动多头突破,13,5172e8d2036bead2,112.14206906599293,False,连续两个有机会开发月无交易|开发月最低胜率过低|有效开发月份不足|开发交易样本不足,10,0.35,0.68,2,2.5,1.65,0.0045,288,1.25,0.18,60,0.32,2,0.035,220,6.0,32,0,0,0.0,0.0,0.0,0.0,0.0,0.0,0.0,0.0,True,129,2025-11,48,0.10416666666666667,0.09234463232599029,53,0.35,0.68,0.0057735962345142056,0,0,0,0,0,0.0,0.0,0.0,0.0,0.0,0.0,0.0,0.0,True,177,2025-12,53,0.2641509433962264,0.19222182517749395,43,0.35,0.68,-0.013361221837267068,0,0,0,0,0,0.0,0.0,0.0,0.0,0.0,0.0,0.0,0.0,True,230,2026-01,43,0.16279069767441862,0.13558298959127169,36,0.35,0.68,0.0018811989483117353,0,0,0,8,2,0.25,1.1676248427414029,0.9738049741151945,1.1990335578253895,0.3996778526084631,-3.507580159208362,3.5251340691606825,-0.43844751990104525,True,273,2026-02,36,0.3055555555555556,0.177549310864682,65,0.35,0.68,0.013814730361019989,22,10,8,0,0,0.0,0.0,0.0,0.0,0.0,0.0,0.0,0.0,True,309,2026-03,65,0.16923076923076924,0.14000058214466538,91,0.35,0.68,-0.002356164297924346,0,0,0,0,0,0.0,0.0,0.0,0.0,0.0,0.0,0.0,0.0,True,374,2026-04,91,0.21978021978021978,0.17093444314615105,39,0.35,0.68,-0.000131101133835132,0,0,0
4,高波动多头突破,14,7f531661457a0795,112.14206906599293,False,连续两个有机会开发月无交易|开发月最低胜率过低|有效开发月份不足|开发交易样本不足,10,0.35,0.68,5,2.5,1.65,0.0045,288,1.25,0.18,60,0.32,2,0.035,220,6.0,32,0,0,0.0,0.0,0.0,0.0,0.0,0.0,0.0,0.0,True,129,2025-11,48,0.10416666666666667,0.09234463232599029,53,0.35,0.68,0.0057735962345142056,0,0,0,0,0,0.0,0.0,0.0,0.0,0.0,0.0,0.0,0.0,True,177,2025-12,53,0.2641509433962264,0.19222182517749395,43,0.35,0.68,-0.013361221837267068,0,0,0,0,0,0.0,0.0,0.0,0.0,0.0,0.0,0.0,0.0,True,230,2026-01,43,0.16279069767441862,0.13558298959127169,36,0.35,0.68,0.0018811989483117353,0,0,0,8,2,0.25,1.1676248427414029,0.9738049741151945,1.1990335578253895,0.3996778526084631,-3.507580159208362,3.5251340691606825,-0.43844751990104525,True,273,2026-02,36,0.3055555555555556,0.177549310864682,65,0.35,0.68,0.013814730361019989,22,10,8,0,0,0.0,0.0,0.0,0.0,0.0,0.0,0.0,0.0,True,309,2026-03,65,0.16923076923076924,0.14000058214466538,91,0.35,0.68,-0.002356164297924346,0,0,0,0,0,0.0,0.0,0.0,0.0,0.0,0.0,0.0,0.0,True,374,2026-04,91,0.21978021978021978,0.17093444314615105,39,0.35,0.68,-0.000131101133835132,0,0,0
4,高波动多头突破,15,5ce685a2be55fe55,112.14206906599293,False,连续两个有机会开发月无交易|开发月最低胜率过低|有效开发月份不足|开发交易样本不足,10,0.35,0.68,8,2.5,1.65,0.0045,288,1.25,0.18,60,0.32,2,0.035,220,6.0,32,0,0,0.0,0.0,0.0,0.0,0.0,0.0,0.0,0.0,True,129,2025-11,48,0.10416666666666667,0.09234463232599029,53,0.35,0.68,0.0057735962345142056,0,0,0,0,0,0.0,0.0,0.0,0.0,0.0,0.0,0.0,0.0,True,177,2025-12,53,0.2641509433962264,0.19222182517749395,43,0.35,0.68,-0.013361221837267068,0,0,0,0,0,0.0,0.0,0.0,0.0,0.0,0.0,0.0,0.0,True,230,2026-01,43,0.16279069767441862,0.13558298959127169,36,0.35,0.68,0.0018811989483117353,0,0,0,8,2,0.25,1.1676248427414029,0.9738049741151945,1.1990335578253895,0.3996778526084631,-3.507580159208362,3.5251340691606825,-0.43844751990104525,True,273,2026-02,36,0.3055555555555556,0.177549310864682,65,0.35,0.68,0.013814730361019989,22,10,8,0,0,0.0,0.0,0.0,0.0,0.0,0.0,0.0,0.0,True,309,2026-03,65,0.16923076923076924,0.14000058214466538,91,0.35,0.68,-0.002356164297924346,0,0,0,0,0,0.0,0.0,0.0,0.0,0.0,0.0,0.0,0.0,True,374,2026-04,91,0.21978021978021978,0.17093444314615105,39,0.35,0.68,-0.000131101133835132,0,0,0
4,高波动多头突破,16,bb2901f48195a3d4,112.14206906599293,False,连续两个有机会开发月无交易|开发月最低胜率过低|有效开发月份不足|开发交易样本不足,10,0.35,0.78,2,2.5,1.65,0.0045,288,1.25,0.18,60,0.32,2,0.035,220,6.0,32,0,0,0.0,0.0,0.0,0.0,0.0,0.0,0.0,0.0,True,129,2025-11,48,0.10416666666666667,0.09234463232599029,53,0.35,0.78,0.0057735962345142056,0,0,0,0,0,0.0,0.0,0.0,0.0,0.0,0.0,0.0,0.0,True,177,2025-12,53,0.2641509433962264,0.19222182517749395,43,0.35,0.78,-0.013361221837267068,0,0,0,0,0,0.0,0.0,0.0,0.0,0.0,0.0,0.0,0.0,True,230,2026-01,43,0.16279069767441862,0.13558298959127169,36,0.35,0.78,0.0018811989483117353,0,0,0,8,2,0.25,1.1676248427414029,0.9738049741151945,1.1990335578253895,0.3996778526084631,-3.507580159208362,3.5251340691606825,-0.43844751990104525,True,273,2026-02,36,0.3055555555555556,0.177549310864682,65,0.35,0.78,0.013814730361019989,22,10,8,0,0,0.0,0.0,0.0,0.0,0.0,0.0,0.0,0.0,True,309,2026-03,65,0.16923076923076924,0.14000058214466538,91,0.35,0.78,-0.002356164297924346,0,0,0,0,0,0.0,0.0,0.0,0.0,0.0,0.0,0.0,0.0,True,374,2026-04,91,0.21978021978021978,0.17093444314615105,39,0.35,0.78,-0.000131101133835132,0,0,0
4,高波动多头突破,17,63dea321d6d65241,112.14206906599293,False,连续两个有机会开发月无交易|开发月最低胜率过低|有效开发月份不足|开发交易样本不足,10,0.35,0.78,5,2.5,1.65,0.0045,288,1.25,0.18,60,0.32,2,0.035,220,6.0,32,0,0,0.0,0.0,0.0,0.0,0.0,0.0,0.0,0.0,True,129,2025-11,48,0.10416666666666667,0.09234463232599029,53,0.35,0.78,0.0057735962345142056,0,0,0,0,0,0.0,0.0,0.0,0.0,0.0,0.0,0.0,0.0,True,177,2025-12,53,0.2641509433962264,0.19222182517749395,43,0.35,0.78,-0.013361221837267068,0,0,0,0,0,0.0,0.0,0.0,0.0,0.0,0.0,0.0,0.0,True,230,2026-01,43,0.16279069767441862,0.13558298959127169,36,0.35,0.78,0.0018811989483117353,0,0,0,8,2,0.25,1.1676248427414029,0.9738049741151945,1.1990335578253895,0.3996778526084631,-3.507580159208362,3.5251340691606825,-0.43844751990104525,True,273,2026-02,36,0.3055555555555556,0.177549310864682,65,0.35,0.78,0.013814730361019989,22,10,8,0,0,0.0,0.0,0.0,0.0,0.0,0.0,0.0,0.0,True,309,2026-03,65,0.16923076923076924,0.14000058214466538,91,0.35,0.78,-0.002356164297924346,0,0,0,0,0,0.0,0.0,0.0,0.0,0.0,0.0,0.0,0.0,True,374,2026-04,91,0.21978021978021978,0.17093444314615105,39,0.35,0.78,-0.000131101133835132,0,0,0
4,高波动多头突破,18,bbd9a6acea991a22,112.14206906599293,False,连续两个有机会开发月无交易|开发月最低胜率过低|有效开发月份不足|开发交易样本不足,10,0.35,0.78,8,2.5,1.65,0.0045,288,1.25,0.18,60,0.32,2,0.035,220,6.0,32,0,0,0.0,0.0,0.0,0.0,0.0,0.0,0.0,0.0,True,129,2025-11,48,0.10416666666666667,0.09234463232599029,53,0.35,0.78,0.0057735962345142056,0,0,0,0,0,0.0,0.0,0.0,0.0,0.0,0.0,0.0,0.0,True,177,2025-12,53,0.2641509433962264,0.19222182517749395,43,0.35,0.78,-0.013361221837267068,0,0,0,0,0,0.0,0.0,0.0,0.0,0.0,0.0,0.0,0.0,True,230,2026-01,43,0.16279069767441862,0.13558298959127169,36,0.35,0.78,0.0018811989483117353,0,0,0,8,2,0.25,1.1676248427414029,0.9738049741151945,1.1990335578253895,0.3996778526084631,-3.507580159208362,3.5251340691606825,-0.43844751990104525,True,273,2026-02,36,0.3055555555555556,0.177549310864682,65,0.35,0.78,0.013814730361019989,22,10,8,0,0,0.0,0.0,0.0,0.0,0.0,0.0,0.0,0.0,True,309,2026-03,65,0.16923076923076924,0.14000058214466538,91,0.35,0.78,-0.002356164297924346,0,0,0,0,0,0.0,0.0,0.0,0.0,0.0,0.0,0.0,0.0,True,374,2026-04,91,0.21978021978021978,0.17093444314615105,39,0.35,0.78,-0.000131101133835132,0,0,0
4,高波动多头突破,19,3c0b96d1d2087dac,-61.855842625488094,False,连续两个有机会开发月无交易|有效开发月份不足|开发交易样本不足,4,0.45,0.68,2,2.5,1.65,0.0045,288,1.25,0.18,60,0.32,2,0.035,220,6.0,32,0,0,0.0,0.0,0.0,0.0,0.0,0.0,0.0,0.0,True,129,2025-11,48,0.10416666666666667,0.09234463232599029,53,0.45,0.68,0.0057735962345142056,0,0,0,0,0,0.0,0.0,0.0,0.0,0.0,0.0,0.0,0.0,True,177,2025-12,53,0.2641509433962264,0.19222182517749395,43,0.45,0.68,-0.013361221837267068,0,0,0,0,0,0.0,0.0,0.0,0.0,0.0,0.0,0.0,0.0,True,230,2026-01,43,0.16279069767441862,0.13558298959127169,36,0.45,0.68,0.0018811989483117353,0,0,0,1,0,0.0,0.0,1.2223785610689661,0.0,0.0,-1.2223785610689661,1.2223785610689661,-1.2223785610689661,True,273,2026-02,36,0.3055555555555556,0.177549310864682,65,0.45,0.68,0.013814730361019989,1,1,1,0,0,0.0,0.0,0.0,0.0,0.0,0.0,0.0,0.0,True,309,2026-03,65,0.16923076923076924,0.14000058214466538,91,0.45,0.68,-0.002356164297924346,0,0,0,0,0,0.0,0.0,0.0,0.0,0.0,0.0,0.0,0.0,True,374,2026-04,91,0.21978021978021978,0.17093444314615105,39,0.45,0.68,-0.000131101133835132,0,0,0
4,高波动多头突破,20,c7a95f339276604c,-61.855842625488094,False,连续两个有机会开发月无交易|有效开发月份不足|开发交易样本不足,4,0.45,0.68,5,2.5,1.65,0.0045,288,1.25,0.18,60,0.32,2,0.035,220,6.0,32,0,0,0.0,0.0,0.0,0.0,0.0,0.0,0.0,0.0,True,129,2025-11,48,0.10416666666666667,0.09234463232599029,53,0.45,0.68,0.0057735962345142056,0,0,0,0,0,0.0,0.0,0.0,0.0,0.0,0.0,0.0,0.0,True,177,2025-12,53,0.2641509433962264,0.19222182517749395,43,0.45,0.68,-0.013361221837267068,0,0,0,0,0,0.0,0.0,0.0,0.0,0.0,0.0,0.0,0.0,True,230,2026-01,43,0.16279069767441862,0.13558298959127169,36,0.45,0.68,0.0018811989483117353,0,0,0,1,0,0.0,0.0,1.2223785610689661,0.0,0.0,-1.2223785610689661,1.2223785610689661,-1.2223785610689661,True,273,2026-02,36,0.3055555555555556,0.177549310864682,65,0.45,0.68,0.013814730361019989,1,1,1,0,0,0.0,0.0,0.0,0.0,0.0,0.0,0.0,0.0,True,309,2026-03,65,0.16923076923076924,0.14000058214466538,91,0.45,0.68,-0.002356164297924346,0,0,0,0,0,0.0,0.0,0.0,0.0,0.0,0.0,0.0,0.0,True,374,2026-04,91,0.21978021978021978,0.17093444314615105,39,0.45,0.68,-0.000131101133835132,0,0,0
4,高波动多头突破,21,99af27e565204247,-61.855842625488094,False,连续两个有机会开发月无交易|有效开发月份不足|开发交易样本不足,4,0.45,0.68,8,2.5,1.65,0.0045,288,1.25,0.18,60,0.32,2,0.035,220,6.0,32,0,0,0.0,0.0,0.0,0.0,0.0,0.0,0.0,0.0,True,129,2025-11,48,0.10416666666666667,0.09234463232599029,53,0.45,0.68,0.0057735962345142056,0,0,0,0,0,0.0,0.0,0.0,0.0,0.0,0.0,0.0,0.0,True,177,2025-12,53,0.2641509433962264,0.19222182517749395,43,0.45,0.68,-0.013361221837267068,0,0,0,0,0,0.0,0.0,0.0,0.0,0.0,0.0,0.0,0.0,True,230,2026-01,43,0.16279069767441862,0.13558298959127169,36,0.45,0.68,0.0018811989483117353,0,0,0,1,0,0.0,0.0,1.2223785610689661,0.0,0.0,-1.2223785610689661,1.2223785610689661,-1.2223785610689661,True,273,2026-02,36,0.3055555555555556,0.177549310864682,65,0.45,0.68,0.013814730361019989,1,1,1,0,0,0.0,0.0,0.0,0.0,0.0,0.0,0.0,0.0,True,309,2026-03,65,0.16923076923076924,0.14000058214466538,91,0.45,0.68,-0.002356164297924346,0,0,0,0,0,0.0,0.0,0.0,0.0,0.0,0.0,0.0,0.0,True,374,2026-04,91,0.21978021978021978,0.17093444314615105,39,0.45,0.68,-0.000131101133835132,0,0,0
4,高波动多头突破,22,24588ffb3f837f46,-61.855842625488094,False,连续两个有机会开发月无交易|有效开发月份不足|开发交易样本不足,4,0.45,0.78,2,2.5,1.65,0.0045,288,1.25,0.18,60,0.32,2,0.035,220,6.0,32,0,0,0.0,0.0,0.0,0.0,0.0,0.0,0.0,0.0,True,129,2025-11,48,0.10416666666666667,0.09234463232599029,53,0.45,0.78,0.0057735962345142056,0,0,0,0,0,0.0,0.0,0.0,0.0,0.0,0.0,0.0,0.0,True,177,2025-12,53,0.2641509433962264,0.19222182517749395,43,0.45,0.78,-0.013361221837267068,0,0,0,0,0,0.0,0.0,0.0,0.0,0.0,0.0,0.0,0.0,True,230,2026-01,43,0.16279069767441862,0.13558298959127169,36,0.45,0.78,0.0018811989483117353,0,0,0,1,0,0.0,0.0,1.2223785610689661,0.0,0.0,-1.2223785610689661,1.2223785610689661,-1.2223785610689661,True,273,2026-02,36,0.3055555555555556,0.177549310864682,65,0.45,0.78,0.013814730361019989,1,1,1,0,0,0.0,0.0,0.0,0.0,0.0,0.0,0.0,0.0,True,309,2026-03,65,0.16923076923076924,0.14000058214466538,91,0.45,0.78,-0.002356164297924346,0,0,0,0,0,0.0,0.0,0.0,0.0,0.0,0.0,0.0,0.0,True,374,2026-04,91,0.21978021978021978,0.17093444314615105,39,0.45,0.78,-0.000131101133835132,0,0,0
4,高波动多头突破,23,966470609ff46846,-61.855842625488094,False,连续两个有机会开发月无交易|有效开发月份不足|开发交易样本不足,4,0.45,0.78,5,2.5,1.65,0.0045,288,1.25,0.18,60,0.32,2,0.035,220,6.0,32,0,0,0.0,0.0,0.0,0.0,0.0,0.0,0.0,0.0,True,129,2025-11,48,0.10416666666666667,0.09234463232599029,53,0.45,0.78,0.0057735962345142056,0,0,0,0,0,0.0,0.0,0.0,0.0,0.0,0.0,0.0,0.0,True,177,2025-12,53,0.2641509433962264,0.19222182517749395,43,0.45,0.78,-0.013361221837267068,0,0,0,0,0,0.0,0.0,0.0,0.0,0.0,0.0,0.0,0.0,True,230,2026-01,43,0.16279069767441862,0.13558298959127169,36,0.45,0.78,0.0018811989483117353,0,0,0,1,0,0.0,0.0,1.2223785610689661,0.0,0.0,-1.2223785610689661,1.2223785610689661,-1.2223785610689661,True,273,2026-02,36,0.3055555555555556,0.177549310864682,65,0.45,0.78,0.013814730361019989,1,1,1,0,0,0.0,0.0,0.0,0.0,0.0,0.0,0.0,0.0,True,309,2026-03,65,0.16923076923076924,0.14000058214466538,91,0.45,0.78,-0.002356164297924346,0,0,0,0,0,0.0,0.0,0.0,0.0,0.0,0.0,0.0,0.0,True,374,2026-04,91,0.21978021978021978,0.17093444314615105,39,0.45,0.78,-0.000131101133835132,0,0,0
4,高波动多头突破,24,351c5aeab8952094,-61.855842625488094,False,连续两个有机会开发月无交易|有效开发月份不足|开发交易样本不足,4,0.45,0.78,8,2.5,1.65,0.0045,288,1.25,0.18,60,0.32,2,0.035,220,6.0,32,0,0,0.0,0.0,0.0,0.0,0.0,0.0,0.0,0.0,True,129,2025-11,48,0.10416666666666667,0.09234463232599029,53,0.45,0.78,0.0057735962345142056,0,0,0,0,0,0.0,0.0,0.0,0.0,0.0,0.0,0.0,0.0,True,177,2025-12,53,0.2641509433962264,0.19222182517749395,43,0.45,0.78,-0.013361221837267068,0,0,0,0,0,0.0,0.0,0.0,0.0,0.0,0.0,0.0,0.0,True,230,2026-01,43,0.16279069767441862,0.13558298959127169,36,0.45,0.78,0.0018811989483117353,0,0,0,1,0,0.0,0.0,1.2223785610689661,0.0,0.0,-1.2223785610689661,1.2223785610689661,-1.2223785610689661,True,273,2026-02,36,0.3055555555555556,0.177549310864682,65,0.45,0.78,0.013814730361019989,1,1,1,0,0,0.0,0.0,0.0,0.0,0.0,0.0,0.0,0.0,True,309,2026-03,65,0.16923076923076924,0.14000058214466538,91,0.45,0.78,-0.002356164297924346,0,0,0,0,0,0.0,0.0,0.0,0.0,0.0,0.0,0.0,0.0,True,374,2026-04,91,0.21978021978021978,0.17093444314615105,39,0.45,0.78,-0.000131101133835132,0,0,0
4,高波动多头突破,25,d6e3fa6dc0350612,-61.855842625488094,False,连续两个有机会开发月无交易|有效开发月份不足|开发交易样本不足,4,0.45,0.86,2,2.5,1.65,0.0045,288,1.25,0.18,60,0.32,2,0.035,220,6.0,32,0,0,0.0,0.0,0.0,0.0,0.0,0.0,0.0,0.0,True,129,2025-11,48,0.10416666666666667,0.09234463232599029,53,0.45,0.86,0.0057735962345142056,0,0,0,0,0,0.0,0.0,0.0,0.0,0.0,0.0,0.0,0.0,True,177,2025-12,53,0.2641509433962264,0.19222182517749395,43,0.45,0.86,-0.013361221837267068,0,0,0,0,0,0.0,0.0,0.0,0.0,0.0,0.0,0.0,0.0,True,230,2026-01,43,0.16279069767441862,0.13558298959127169,36,0.45,0.86,0.0018811989483117353,0,0,0,1,0,0.0,0.0,1.2223785610689661,0.0,0.0,-1.2223785610689661,1.2223785610689661,-1.2223785610689661,True,273,2026-02,36,0.3055555555555556,0.177549310864682,65,0.45,0.86,0.013814730361019989,1,1,1,0,0,0.0,0.0,0.0,0.0,0.0,0.0,0.0,0.0,True,309,2026-03,65,0.16923076923076924,0.14000058214466538,91,0.45,0.86,-0.002356164297924346,0,0,0,0,0,0.0,0.0,0.0,0.0,0.0,0.0,0.0,0.0,True,374,2026-04,91,0.21978021978021978,0.17093444314615105,39,0.45,0.86,-0.000131101133835132,0,0,0
4,高波动多头突破,26,ae0fa7564e232d4a,-61.855842625488094,False,连续两个有机会开发月无交易|有效开发月份不足|开发交易样本不足,4,0.45,0.86,5,2.5,1.65,0.0045,288,1.25,0.18,60,0.32,2,0.035,220,6.0,32,0,0,0.0,0.0,0.0,0.0,0.0,0.0,0.0,0.0,True,129,2025-11,48,0.10416666666666667,0.09234463232599029,53,0.45,0.86,0.0057735962345142056,0,0,0,0,0,0.0,0.0,0.0,0.0,0.0,0.0,0.0,0.0,True,177,2025-12,53,0.2641509433962264,0.19222182517749395,43,0.45,0.86,-0.013361221837267068,0,0,0,0,0,0.0,0.0,0.0,0.0,0.0,0.0,0.0,0.0,True,230,2026-01,43,0.16279069767441862,0.13558298959127169,36,0.45,0.86,0.0018811989483117353,0,0,0,1,0,0.0,0.0,1.2223785610689661,0.0,0.0,-1.2223785610689661,1.2223785610689661,-1.2223785610689661,True,273,2026-02,36,0.3055555555555556,0.177549310864682,65,0.45,0.86,0.013814730361019989,1,1,1,0,0,0.0,0.0,0.0,0.0,0.0,0.0,0.0,0.0,True,309,2026-03,65,0.16923076923076924,0.14000058214466538,91,0.45,0.86,-0.002356164297924346,0,0,0,0,0,0.0,0.0,0.0,0.0,0.0,0.0,0.0,0.0,True,374,2026-04,91,0.21978021978021978,0.17093444314615105,39,0.45,0.86,-0.000131101133835132,0,0,0
4,高波动多头突破,27,8f0c298c6e05e427,-61.855842625488094,False,连续两个有机会开发月无交易|有效开发月份不足|开发交易样本不足,4,0.45,0.86,8,2.5,1.65,0.0045,288,1.25,0.18,60,0.32,2,0.035,220,6.0,32,0,0,0.0,0.0,0.0,0.0,0.0,0.0,0.0,0.0,True,129,2025-11,48,0.10416666666666667,0.09234463232599029,53,0.45,0.86,0.0057735962345142056,0,0,0,0,0,0.0,0.0,0.0,0.0,0.0,0.0,0.0,0.0,True,177,2025-12,53,0.2641509433962264,0.19222182517749395,43,0.45,0.86,-0.013361221837267068,0,0,0,0,0,0.0,0.0,0.0,0.0,0.0,0.0,0.0,0.0,True,230,2026-01,43,0.16279069767441862,0.13558298959127169,36,0.45,0.86,0.0018811989483117353,0,0,0,1,0,0.0,0.0,1.2223785610689661,0.0,0.0,-1.2223785610689661,1.2223785610689661,-1.2223785610689661,True,273,2026-02,36,0.3055555555555556,0.177549310864682,65,0.45,0.86,0.013814730361019989,1,1,1,0,0,0.0,0.0,0.0,0.0,0.0,0.0,0.0,0.0,True,309,2026-03,65,0.16923076923076924,0.14000058214466538,91,0.45,0.86,-0.002356164297924346,0,0,0,0,0,0.0,0.0,0.0,0.0,0.0,0.0,0.0,0.0,True,374,2026-04,91,0.21978021978021978,0.17093444314615105,39,0.45,0.86,-0.000131101133835132,0,0,0
4,高波动多头突破,28,cc01176e068fa924,-73.94047379221502,False,连续两个有机会开发月无交易|有效开发月份不足|开发交易样本不足,4,0.35,0.68,2,2.2,1.45,0.004,216,1.1,0.12,48,0.35,3,0.025,260,8.0,42,0,0,0.0,0.0,0.0,0.0,0.0,0.0,0.0,0.0,True,129,2025-11,48,0.10416666666666667,0.0933145820033336,53,0.35,0.68,-0.00038706614446963605,0,0,0,0,0,0.0,0.0,0.0,0.0,0.0,0.0,0.0,0.0,True,177,2025-12,53,0.20754716981132076,0.15928913564505226,43,0.35,0.68,-0.03988284374589979,0,0,0,0,0,0.0,0.0,0.0,0.0,0.0,0.0,0.0,0.0,True,230,2026-01,43,0.2558139534883721,0.18942520508874272,36,0.35,0.68,0.00454564338107788,0,0,0,1,0,0.0,0.0,1.2502078006561659,0.0,0.0,-1.2502078006561659,1.2502078006561659,-1.2502078006561659,True,273,2026-02,36,0.25,0.17884347216244295,65,0.35,0.68,0.0105369808030088,1,1,1,0,0,0.0,0.0,0.0,0.0,0.0,0.0,0.0,0.0,True,309,2026-03,65,0.1076923076923077,0.09586185616185174,91,0.35,0.68,-0.0015125864807969541,0,0,0,0,0,0.0,0.0,0.0,0.0,0.0,0.0,0.0,0.0,True,374,2026-04,91,0.21978021978021978,0.16922099252061465,39,0.35,0.68,-0.02374965028497167,0,0,0
4,高波动多头突破,29,50768f81849e3828,-73.94047379221502,False,连续两个有机会开发月无交易|有效开发月份不足|开发交易样本不足,4,0.35,0.68,5,2.2,1.45,0.004,216,1.1,0.12,48,0.35,3,0.025,260,8.0,42,0,0,0.0,0.0,0.0,0.0,0.0,0.0,0.0,0.0,True,129,2025-11,48,0.10416666666666667,0.0933145820033336,53,0.35,0.68,-0.00038706614446963605,0,0,0,0,0,0.0,0.0,0.0,0.0,0.0,0.0,0.0,0.0,True,177,2025-12,53,0.20754716981132076,0.15928913564505226,43,0.35,0.68,-0.03988284374589979,0,0,0,0,0,0.0,0.0,0.0,0.0,0.0,0.0,0.0,0.0,True,230,2026-01,43,0.2558139534883721,0.18942520508874272,36,0.35,0.68,0.00454564338107788,0,0,0,1,0,0.0,0.0,1.2502078006561659,0.0,0.0,-1.2502078006561659,1.2502078006561659,-1.2502078006561659,True,273,2026-02,36,0.25,0.17884347216244295,65,0.35,0.68,0.0105369808030088,1,1,1,0,0,0.0,0.0,0.0,0.0,0.0,0.0,0.0,0.0,True,309,2026-03,65,0.1076923076923077,0.09586185616185174,91,0.35,0.68,-0.0015125864807969541,0,0,0,0,0,0.0,0.0,0.0,0.0,0.0,0.0,0.0,0.0,True,374,2026-04,91,0.21978021978021978,0.16922099252061465,39,0.35,0.68,-0.02374965028497167,0,0,0
4,高波动多头突破,30,50b87d0a70737f27,-73.94047379221502,False,连续两个有机会开发月无交易|有效开发月份不足|开发交易样本不足,4,0.35,0.68,8,2.2,1.45,0.004,216,1.1,0.12,48,0.35,3,0.025,260,8.0,42,0,0,0.0,0.0,0.0,0.0,0.0,0.0,0.0,0.0,True,129,2025-11,48,0.10416666666666667,0.0933145820033336,53,0.35,0.68,-0.00038706614446963605,0,0,0,0,0,0.0,0.0,0.0,0.0,0.0,0.0,0.0,0.0,True,177,2025-12,53,0.20754716981132076,0.15928913564505226,43,0.35,0.68,-0.03988284374589979,0,0,0,0,0,0.0,0.0,0.0,0.0,0.0,0.0,0.0,0.0,True,230,2026-01,43,0.2558139534883721,0.18942520508874272,36,0.35,0.68,0.00454564338107788,0,0,0,1,0,0.0,0.0,1.2502078006561659,0.0,0.0,-1.2502078006561659,1.2502078006561659,-1.2502078006561659,True,273,2026-02,36,0.25,0.17884347216244295,65,0.35,0.68,0.0105369808030088,1,1,1,0,0,0.0,0.0,0.0,0.0,0.0,0.0,0.0,0.0,True,309,2026-03,65,0.1076923076923077,0.09586185616185174,91,0.35,0.68,-0.0015125864807969541,0,0,0,0,0,0.0,0.0,0.0,0.0,0.0,0.0,0.0,0.0,True,374,2026-04,91,0.21978021978021978,0.16922099252061465,39,0.35,0.68,-0.02374965028497167,0,0,0
5,高波动空头突破,1,ca327e318cd87b40,6736.111541429864,False,连续两个有机会开发月无交易|开发月最低胜率过低|有效开发月份不足|开发交易样本不足,4,0.45,0.68,2,2.5,1.65,0.0045,288,1.25,0.18,60,0.32,2,0.035,220,6.0,32,0,0,0.0,0.0,0.0,0.0,0.0,0.0,0.0,0.0,True,103,2025-11,63,0.25396825396825395,0.1894397581116025,57,0.45,0.68,-0.0012784491583896496,0,0,0,0,0,0.0,0.0,0.0,0.0,0.0,0.0,0.0,0.0,True,166,2025-12,57,0.3157894736842105,0.211766325791029,65,0.45,0.68,0.0016464398258771995,0,0,0,3,1,0.3333333333333333,2.4287720013094365,0.020690360278318536,117.38664617911708,58.69332308955854,2.3873912807527997,0.041380720556636774,0.7957970935842665,True,223,2026-01,65,0.3076923076923077,0.20519090044567886,92,0.45,0.68,0.0236265743958764,5,4,3,0,0,0.0,0.0,0.0,0.0,0.0,0.0,0.0,0.0,True,288,2026-02,92,0.29347826086956524,0.19873170244462013,75,0.45,0.68,-0.02056363160305713,0,0,0,0,0,0.0,0.0,0.0,0.0,0.0,0.0,0.0,0.0,True,380,2026-03,75,0.14666666666666667,0.12431202254701226,49,0.45,0.68,-0.0010322616399794649,0,0,0,0,0,0.0,0.0,0.0,0.0,0.0,0.0,0.0,0.0,True,455,2026-04,49,0.14285714285714285,0.11647303886165114,66,0.45,0.68,-0.00768468091133212,0,0,0
5,高波动空头突破,2,130832f05c6fca6b,6736.111541429864,False,连续两个有机会开发月无交易|开发月最低胜率过低|有效开发月份不足|开发交易样本不足,4,0.45,0.68,5,2.5,1.65,0.0045,288,1.25,0.18,60,0.32,2,0.035,220,6.0,32,0,0,0.0,0.0,0.0,0.0,0.0,0.0,0.0,0.0,True,103,2025-11,63,0.25396825396825395,0.1894397581116025,57,0.45,0.68,-0.0012784491583896496,0,0,0,0,0,0.0,0.0,0.0,0.0,0.0,0.0,0.0,0.0,True,166,2025-12,57,0.3157894736842105,0.211766325791029,65,0.45,0.68,0.0016464398258771995,0,0,0,3,1,0.3333333333333333,2.4287720013094365,0.020690360278318536,117.38664617911708,58.69332308955854,2.3873912807527997,0.041380720556636774,0.7957970935842665,True,223,2026-01,65,0.3076923076923077,0.20519090044567886,92,0.45,0.68,0.0236265743958764,5,4,3,0,0,0.0,0.0,0.0,0.0,0.0,0.0,0.0,0.0,True,288,2026-02,92,0.29347826086956524,0.19873170244462013,75,0.45,0.68,-0.02056363160305713,0,0,0,0,0,0.0,0.0,0.0,0.0,0.0,0.0,0.0,0.0,True,380,2026-03,75,0.14666666666666667,0.12431202254701226,49,0.45,0.68,-0.0010322616399794649,0,0,0,0,0,0.0,0.0,0.0,0.0,0.0,0.0,0.0,0.0,True,455,2026-04,49,0.14285714285714285,0.11647303886165114,66,0.45,0.68,-0.00768468091133212,0,0,0
5,高波动空头突破,3,a6bf062355191d3d,6736.111541429864,False,连续两个有机会开发月无交易|开发月最低胜率过低|有效开发月份不足|开发交易样本不足,4,0.45,0.68,8,2.5,1.65,0.0045,288,1.25,0.18,60,0.32,2,0.035,220,6.0,32,0,0,0.0,0.0,0.0,0.0,0.0,0.0,0.0,0.0,True,103,2025-11,63,0.25396825396825395,0.1894397581116025,57,0.45,0.68,-0.0012784491583896496,0,0,0,0,0,0.0,0.0,0.0,0.0,0.0,0.0,0.0,0.0,True,166,2025-12,57,0.3157894736842105,0.211766325791029,65,0.45,0.68,0.0016464398258771995,0,0,0,3,1,0.3333333333333333,2.4287720013094365,0.020690360278318536,117.38664617911708,58.69332308955854,2.3873912807527997,0.041380720556636774,0.7957970935842665,True,223,2026-01,65,0.3076923076923077,0.20519090044567886,92,0.45,0.68,0.0236265743958764,5,4,3,0,0,0.0,0.0,0.0,0.0,0.0,0.0,0.0,0.0,True,288,2026-02,92,0.29347826086956524,0.19873170244462013,75,0.45,0.68,-0.02056363160305713,0,0,0,0,0,0.0,0.0,0.0,0.0,0.0,0.0,0.0,0.0,True,380,2026-03,75,0.14666666666666667,0.12431202254701226,49,0.45,0.68,-0.0010322616399794649,0,0,0,0,0,0.0,0.0,0.0,0.0,0.0,0.0,0.0,0.0,True,455,2026-04,49,0.14285714285714285,0.11647303886165114,66,0.45,0.68,-0.00768468091133212,0,0,0
5,高波动空头突破,4,a33ffeccfc184d4d,6736.111541429864,False,连续两个有机会开发月无交易|开发月最低胜率过低|有效开发月份不足|开发交易样本不足,4,0.45,0.78,2,2.5,1.65,0.0045,288,1.25,0.18,60,0.32,2,0.035,220,6.0,32,0,0,0.0,0.0,0.0,0.0,0.0,0.0,0.0,0.0,True,103,2025-11,63,0.25396825396825395,0.1894397581116025,57,0.45,0.78,-0.0012784491583896496,0,0,0,0,0,0.0,0.0,0.0,0.0,0.0,0.0,0.0,0.0,True,166,2025-12,57,0.3157894736842105,0.211766325791029,65,0.45,0.78,0.0016464398258771995,0,0,0,3,1,0.3333333333333333,2.4287720013094365,0.020690360278318536,117.38664617911708,58.69332308955854,2.3873912807527997,0.041380720556636774,0.7957970935842665,True,223,2026-01,65,0.3076923076923077,0.20519090044567886,92,0.45,0.78,0.0236265743958764,5,4,3,0,0,0.0,0.0,0.0,0.0,0.0,0.0,0.0,0.0,True,288,2026-02,92,0.29347826086956524,0.19873170244462013,75,0.45,0.78,-0.02056363160305713,0,0,0,0,0,0.0,0.0,0.0,0.0,0.0,0.0,0.0,0.0,True,380,2026-03,75,0.14666666666666667,0.12431202254701226,49,0.45,0.78,-0.0010322616399794649,0,0,0,0,0,0.0,0.0,0.0,0.0,0.0,0.0,0.0,0.0,True,455,2026-04,49,0.14285714285714285,0.11647303886165114,66,0.45,0.78,-0.00768468091133212,0,0,0
5,高波动空头突破,5,409718ace419980e,6736.111541429864,False,连续两个有机会开发月无交易|开发月最低胜率过低|有效开发月份不足|开发交易样本不足,4,0.45,0.78,5,2.5,1.65,0.0045,288,1.25,0.18,60,0.32,2,0.035,220,6.0,32,0,0,0.0,0.0,0.0,0.0,0.0,0.0,0.0,0.0,True,103,2025-11,63,0.25396825396825395,0.1894397581116025,57,0.45,0.78,-0.0012784491583896496,0,0,0,0,0,0.0,0.0,0.0,0.0,0.0,0.0,0.0,0.0,True,166,2025-12,57,0.3157894736842105,0.211766325791029,65,0.45,0.78,0.0016464398258771995,0,0,0,3,1,0.3333333333333333,2.4287720013094365,0.020690360278318536,117.38664617911708,58.69332308955854,2.3873912807527997,0.041380720556636774,0.7957970935842665,True,223,2026-01,65,0.3076923076923077,0.20519090044567886,92,0.45,0.78,0.0236265743958764,5,4,3,0,0,0.0,0.0,0.0,0.0,0.0,0.0,0.0,0.0,True,288,2026-02,92,0.29347826086956524,0.19873170244462013,75,0.45,0.78,-0.02056363160305713,0,0,0,0,0,0.0,0.0,0.0,0.0,0.0,0.0,0.0,0.0,True,380,2026-03,75,0.14666666666666667,0.12431202254701226,49,0.45,0.78,-0.0010322616399794649,0,0,0,0,0,0.0,0.0,0.0,0.0,0.0,0.0,0.0,0.0,True,455,2026-04,49,0.14285714285714285,0.11647303886165114,66,0.45,0.78,-0.00768468091133212,0,0,0
5,高波动空头突破,6,32604b42bcca1e6d,6736.111541429864,False,连续两个有机会开发月无交易|开发月最低胜率过低|有效开发月份不足|开发交易样本不足,4,0.45,0.78,8,2.5,1.65,0.0045,288,1.25,0.18,60,0.32,2,0.035,220,6.0,32,0,0,0.0,0.0,0.0,0.0,0.0,0.0,0.0,0.0,True,103,2025-11,63,0.25396825396825395,0.1894397581116025,57,0.45,0.78,-0.0012784491583896496,0,0,0,0,0,0.0,0.0,0.0,0.0,0.0,0.0,0.0,0.0,True,166,2025-12,57,0.3157894736842105,0.211766325791029,65,0.45,0.78,0.0016464398258771995,0,0,0,3,1,0.3333333333333333,2.4287720013094365,0.020690360278318536,117.38664617911708,58.69332308955854,2.3873912807527997,0.041380720556636774,0.7957970935842665,True,223,2026-01,65,0.3076923076923077,0.20519090044567886,92,0.45,0.78,0.0236265743958764,5,4,3,0,0,0.0,0.0,0.0,0.0,0.0,0.0,0.0,0.0,True,288,2026-02,92,0.29347826086956524,0.19873170244462013,75,0.45,0.78,-0.02056363160305713,0,0,0,0,0,0.0,0.0,0.0,0.0,0.0,0.0,0.0,0.0,True,380,2026-03,75,0.14666666666666667,0.12431202254701226,49,0.45,0.78,-0.0010322616399794649,0,0,0,0,0,0.0,0.0,0.0,0.0,0.0,0.0,0.0,0.0,True,455,2026-04,49,0.14285714285714285,0.11647303886165114,66,0.45,0.78,-0.00768468091133212,0,0,0
5,高波动空头突破,7,2f8ffbb582d0d3e0,6736.111541429864,False,连续两个有机会开发月无交易|开发月最低胜率过低|有效开发月份不足|开发交易样本不足,4,0.45,0.86,2,2.5,1.65,0.0045,288,1.25,0.18,60,0.32,2,0.035,220,6.0,32,0,0,0.0,0.0,0.0,0.0,0.0,0.0,0.0,0.0,True,103,2025-11,63,0.25396825396825395,0.1894397581116025,57,0.45,0.86,-0.0012784491583896496,0,0,0,0,0,0.0,0.0,0.0,0.0,0.0,0.0,0.0,0.0,True,166,2025-12,57,0.3157894736842105,0.211766325791029,65,0.45,0.86,0.0016464398258771995,0,0,0,3,1,0.3333333333333333,2.4287720013094365,0.020690360278318536,117.38664617911708,58.69332308955854,2.3873912807527997,0.041380720556636774,0.7957970935842665,True,223,2026-01,65,0.3076923076923077,0.20519090044567886,92,0.45,0.86,0.0236265743958764,5,4,3,0,0,0.0,0.0,0.0,0.0,0.0,0.0,0.0,0.0,True,288,2026-02,92,0.29347826086956524,0.19873170244462013,75,0.45,0.86,-0.02056363160305713,0,0,0,0,0,0.0,0.0,0.0,0.0,0.0,0.0,0.0,0.0,True,380,2026-03,75,0.14666666666666667,0.12431202254701226,49,0.45,0.86,-0.0010322616399794649,0,0,0,0,0,0.0,0.0,0.0,0.0,0.0,0.0,0.0,0.0,True,455,2026-04,49,0.14285714285714285,0.11647303886165114,66,0.45,0.86,-0.00768468091133212,0,0,0
5,高波动空头突破,8,831bf61c7f883e6b,6736.111541429864,False,连续两个有机会开发月无交易|开发月最低胜率过低|有效开发月份不足|开发交易样本不足,4,0.45,0.86,5,2.5,1.65,0.0045,288,1.25,0.18,60,0.32,2,0.035,220,6.0,32,0,0,0.0,0.0,0.0,0.0,0.0,0.0,0.0,0.0,True,103,2025-11,63,0.25396825396825395,0.1894397581116025,57,0.45,0.86,-0.0012784491583896496,0,0,0,0,0,0.0,0.0,0.0,0.0,0.0,0.0,0.0,0.0,True,166,2025-12,57,0.3157894736842105,0.211766325791029,65,0.45,0.86,0.0016464398258771995,0,0,0,3,1,0.3333333333333333,2.4287720013094365,0.020690360278318536,117.38664617911708,58.69332308955854,2.3873912807527997,0.041380720556636774,0.7957970935842665,True,223,2026-01,65,0.3076923076923077,0.20519090044567886,92,0.45,0.86,0.0236265743958764,5,4,3,0,0,0.0,0.0,0.0,0.0,0.0,0.0,0.0,0.0,True,288,2026-02,92,0.29347826086956524,0.19873170244462013,75,0.45,0.86,-0.02056363160305713,0,0,0,0,0,0.0,0.0,0.0,0.0,0.0,0.0,0.0,0.0,True,380,2026-03,75,0.14666666666666667,0.12431202254701226,49,0.45,0.86,-0.0010322616399794649,0,0,0,0,0,0.0,0.0,0.0,0.0,0.0,0.0,0.0,0.0,True,455,2026-04,49,0.14285714285714285,0.11647303886165114,66,0.45,0.86,-0.00768468091133212,0,0,0
5,高波动空头突破,9,747aaad50d54e90a,6736.111541429864,False,连续两个有机会开发月无交易|开发月最低胜率过低|有效开发月份不足|开发交易样本不足,4,0.45,0.86,8,2.5,1.65,0.0045,288,1.25,0.18,60,0.32,2,0.035,220,6.0,32,0,0,0.0,0.0,0.0,0.0,0.0,0.0,0.0,0.0,True,103,2025-11,63,0.25396825396825395,0.1894397581116025,57,0.45,0.86,-0.0012784491583896496,0,0,0,0,0,0.0,0.0,0.0,0.0,0.0,0.0,0.0,0.0,True,166,2025-12,57,0.3157894736842105,0.211766325791029,65,0.45,0.86,0.0016464398258771995,0,0,0,3,1,0.3333333333333333,2.4287720013094365,0.020690360278318536,117.38664617911708,58.69332308955854,2.3873912807527997,0.041380720556636774,0.7957970935842665,True,223,2026-01,65,0.3076923076923077,0.20519090044567886,92,0.45,0.86,0.0236265743958764,5,4,3,0,0,0.0,0.0,0.0,0.0,0.0,0.0,0.0,0.0,True,288,2026-02,92,0.29347826086956524,0.19873170244462013,75,0.45,0.86,-0.02056363160305713,0,0,0,0,0,0.0,0.0,0.0,0.0,0.0,0.0,0.0,0.0,True,380,2026-03,75,0.14666666666666667,0.12431202254701226,49,0.45,0.86,-0.0010322616399794649,0,0,0,0,0,0.0,0.0,0.0,0.0,0.0,0.0,0.0,0.0,True,455,2026-04,49,0.14285714285714285,0.11647303886165114,66,0.45,0.86,-0.00768468091133212,0,0,0
5,高波动空头突破,10,afcb6ade6c4931e4,6694.111541429864,False,连续两个有机会开发月无交易|开发月最低胜率过低|有效开发月份不足|开发交易样本不足,7,0.45,0.68,2,2.5,1.65,0.0045,288,1.25,0.18,60,0.32,2,0.035,220,6.0,32,0,0,0.0,0.0,0.0,0.0,0.0,0.0,0.0,0.0,True,103,2025-11,63,0.25396825396825395,0.1894397581116025,57,0.45,0.68,-0.0012784491583896496,0,0,0,0,0,0.0,0.0,0.0,0.0,0.0,0.0,0.0,0.0,True,166,2025-12,57,0.3157894736842105,0.211766325791029,65,0.45,0.68,0.0016464398258771995,0,0,0,3,1,0.3333333333333333,2.4287720013094365,0.020690360278318536,117.38664617911708,58.69332308955854,2.3873912807527997,0.041380720556636774,0.7957970935842665,True,223,2026-01,65,0.3076923076923077,0.20519090044567886,92,0.45,0.68,0.0236265743958764,5,5,3,0,0,0.0,0.0,0.0,0.0,0.0,0.0,0.0,0.0,True,288,2026-02,92,0.29347826086956524,0.19873170244462013,75,0.45,0.68,-0.02056363160305713,0,0,0,0,0,0.0,0.0,0.0,0.0,0.0,0.0,0.0,0.0,True,380,2026-03,75,0.14666666666666667,0.12431202254701226,49,0.45,0.68,-0.0010322616399794649,0,0,0,0,0,0.0,0.0,0.0,0.0,0.0,0.0,0.0,0.0,True,455,2026-04,49,0.14285714285714285,0.11647303886165114,66,0.45,0.68,-0.00768468091133212,0,0,0
5,高波动空头突破,11,b4b7007129b99e1d,6694.111541429864,False,连续两个有机会开发月无交易|开发月最低胜率过低|有效开发月份不足|开发交易样本不足,7,0.45,0.68,5,2.5,1.65,0.0045,288,1.25,0.18,60,0.32,2,0.035,220,6.0,32,0,0,0.0,0.0,0.0,0.0,0.0,0.0,0.0,0.0,True,103,2025-11,63,0.25396825396825395,0.1894397581116025,57,0.45,0.68,-0.0012784491583896496,0,0,0,0,0,0.0,0.0,0.0,0.0,0.0,0.0,0.0,0.0,True,166,2025-12,57,0.3157894736842105,0.211766325791029,65,0.45,0.68,0.0016464398258771995,0,0,0,3,1,0.3333333333333333,2.4287720013094365,0.020690360278318536,117.38664617911708,58.69332308955854,2.3873912807527997,0.041380720556636774,0.7957970935842665,True,223,2026-01,65,0.3076923076923077,0.20519090044567886,92,0.45,0.68,0.0236265743958764,5,5,3,0,0,0.0,0.0,0.0,0.0,0.0,0.0,0.0,0.0,True,288,2026-02,92,0.29347826086956524,0.19873170244462013,75,0.45,0.68,-0.02056363160305713,0,0,0,0,0,0.0,0.0,0.0,0.0,0.0,0.0,0.0,0.0,True,380,2026-03,75,0.14666666666666667,0.12431202254701226,49,0.45,0.68,-0.0010322616399794649,0,0,0,0,0,0.0,0.0,0.0,0.0,0.0,0.0,0.0,0.0,True,455,2026-04,49,0.14285714285714285,0.11647303886165114,66,0.45,0.68,-0.00768468091133212,0,0,0
5,高波动空头突破,12,2794b53069ed7b94,6694.111541429864,False,连续两个有机会开发月无交易|开发月最低胜率过低|有效开发月份不足|开发交易样本不足,7,0.45,0.68,8,2.5,1.65,0.0045,288,1.25,0.18,60,0.32,2,0.035,220,6.0,32,0,0,0.0,0.0,0.0,0.0,0.0,0.0,0.0,0.0,True,103,2025-11,63,0.25396825396825395,0.1894397581116025,57,0.45,0.68,-0.0012784491583896496,0,0,0,0,0,0.0,0.0,0.0,0.0,0.0,0.0,0.0,0.0,True,166,2025-12,57,0.3157894736842105,0.211766325791029,65,0.45,0.68,0.0016464398258771995,0,0,0,3,1,0.3333333333333333,2.4287720013094365,0.020690360278318536,117.38664617911708,58.69332308955854,2.3873912807527997,0.041380720556636774,0.7957970935842665,True,223,2026-01,65,0.3076923076923077,0.20519090044567886,92,0.45,0.68,0.0236265743958764,5,5,3,0,0,0.0,0.0,0.0,0.0,0.0,0.0,0.0,0.0,True,288,2026-02,92,0.29347826086956524,0.19873170244462013,75,0.45,0.68,-0.02056363160305713,0,0,0,0,0,0.0,0.0,0.0,0.0,0.0,0.0,0.0,0.0,True,380,2026-03,75,0.14666666666666667,0.12431202254701226,49,0.45,0.68,-0.0010322616399794649,0,0,0,0,0,0.0,0.0,0.0,0.0,0.0,0.0,0.0,0.0,True,455,2026-04,49,0.14285714285714285,0.11647303886165114,66,0.45,0.68,-0.00768468091133212,0,0,0
5,高波动空头突破,13,aff0e07d39e32cf3,6694.111541429864,False,连续两个有机会开发月无交易|开发月最低胜率过低|有效开发月份不足|开发交易样本不足,7,0.45,0.78,2,2.5,1.65,0.0045,288,1.25,0.18,60,0.32,2,0.035,220,6.0,32,0,0,0.0,0.0,0.0,0.0,0.0,0.0,0.0,0.0,True,103,2025-11,63,0.25396825396825395,0.1894397581116025,57,0.45,0.78,-0.0012784491583896496,0,0,0,0,0,0.0,0.0,0.0,0.0,0.0,0.0,0.0,0.0,True,166,2025-12,57,0.3157894736842105,0.211766325791029,65,0.45,0.78,0.0016464398258771995,0,0,0,3,1,0.3333333333333333,2.4287720013094365,0.020690360278318536,117.38664617911708,58.69332308955854,2.3873912807527997,0.041380720556636774,0.7957970935842665,True,223,2026-01,65,0.3076923076923077,0.20519090044567886,92,0.45,0.78,0.0236265743958764,5,5,3,0,0,0.0,0.0,0.0,0.0,0.0,0.0,0.0,0.0,True,288,2026-02,92,0.29347826086956524,0.19873170244462013,75,0.45,0.78,-0.02056363160305713,0,0,0,0,0,0.0,0.0,0.0,0.0,0.0,0.0,0.0,0.0,True,380,2026-03,75,0.14666666666666667,0.12431202254701226,49,0.45,0.78,-0.0010322616399794649,0,0,0,0,0,0.0,0.0,0.0,0.0,0.0,0.0,0.0,0.0,True,455,2026-04,49,0.14285714285714285,0.11647303886165114,66,0.45,0.78,-0.00768468091133212,0,0,0
5,高波动空头突破,14,2a61b5edf84f1e90,6694.111541429864,False,连续两个有机会开发月无交易|开发月最低胜率过低|有效开发月份不足|开发交易样本不足,7,0.45,0.78,5,2.5,1.65,0.0045,288,1.25,0.18,60,0.32,2,0.035,220,6.0,32,0,0,0.0,0.0,0.0,0.0,0.0,0.0,0.0,0.0,True,103,2025-11,63,0.25396825396825395,0.1894397581116025,57,0.45,0.78,-0.0012784491583896496,0,0,0,0,0,0.0,0.0,0.0,0.0,0.0,0.0,0.0,0.0,True,166,2025-12,57,0.3157894736842105,0.211766325791029,65,0.45,0.78,0.0016464398258771995,0,0,0,3,1,0.3333333333333333,2.4287720013094365,0.020690360278318536,117.38664617911708,58.69332308955854,2.3873912807527997,0.041380720556636774,0.7957970935842665,True,223,2026-01,65,0.3076923076923077,0.20519090044567886,92,0.45,0.78,0.0236265743958764,5,5,3,0,0,0.0,0.0,0.0,0.0,0.0,0.0,0.0,0.0,True,288,2026-02,92,0.29347826086956524,0.19873170244462013,75,0.45,0.78,-0.02056363160305713,0,0,0,0,0,0.0,0.0,0.0,0.0,0.0,0.0,0.0,0.0,True,380,2026-03,75,0.14666666666666667,0.12431202254701226,49,0.45,0.78,-0.0010322616399794649,0,0,0,0,0,0.0,0.0,0.0,0.0,0.0,0.0,0.0,0.0,True,455,2026-04,49,0.14285714285714285,0.11647303886165114,66,0.45,0.78,-0.00768468091133212,0,0,0
5,高波动空头突破,15,65cd1f745fb2665a,6694.111541429864,False,连续两个有机会开发月无交易|开发月最低胜率过低|有效开发月份不足|开发交易样本不足,7,0.45,0.78,8,2.5,1.65,0.0045,288,1.25,0.18,60,0.32,2,0.035,220,6.0,32,0,0,0.0,0.0,0.0,0.0,0.0,0.0,0.0,0.0,True,103,2025-11,63,0.25396825396825395,0.1894397581116025,57,0.45,0.78,-0.0012784491583896496,0,0,0,0,0,0.0,0.0,0.0,0.0,0.0,0.0,0.0,0.0,True,166,2025-12,57,0.3157894736842105,0.211766325791029,65,0.45,0.78,0.0016464398258771995,0,0,0,3,1,0.3333333333333333,2.4287720013094365,0.020690360278318536,117.38664617911708,58.69332308955854,2.3873912807527997,0.041380720556636774,0.7957970935842665,True,223,2026-01,65,0.3076923076923077,0.20519090044567886,92,0.45,0.78,0.0236265743958764,5,5,3,0,0,0.0,0.0,0.0,0.0,0.0,0.0,0.0,0.0,True,288,2026-02,92,0.29347826086956524,0.19873170244462013,75,0.45,0.78,-0.02056363160305713,0,0,0,0,0,0.0,0.0,0.0,0.0,0.0,0.0,0.0,0.0,True,380,2026-03,75,0.14666666666666667,0.12431202254701226,49,0.45,0.78,-0.0010322616399794649,0,0,0,0,0,0.0,0.0,0.0,0.0,0.0,0.0,0.0,0.0,True,455,2026-04,49,0.14285714285714285,0.11647303886165114,66,0.45,0.78,-0.00768468091133212,0,0,0
5,高波动空头突破,16,86d2d71b3c8c4b72,6694.111541429864,False,连续两个有机会开发月无交易|开发月最低胜率过低|有效开发月份不足|开发交易样本不足,7,0.45,0.86,2,2.5,1.65,0.0045,288,1.25,0.18,60,0.32,2,0.035,220,6.0,32,0,0,0.0,0.0,0.0,0.0,0.0,0.0,0.0,0.0,True,103,2025-11,63,0.25396825396825395,0.1894397581116025,57,0.45,0.86,-0.0012784491583896496,0,0,0,0,0,0.0,0.0,0.0,0.0,0.0,0.0,0.0,0.0,True,166,2025-12,57,0.3157894736842105,0.211766325791029,65,0.45,0.86,0.0016464398258771995,0,0,0,3,1,0.3333333333333333,2.4287720013094365,0.020690360278318536,117.38664617911708,58.69332308955854,2.3873912807527997,0.041380720556636774,0.7957970935842665,True,223,2026-01,65,0.3076923076923077,0.20519090044567886,92,0.45,0.86,0.0236265743958764,5,5,3,0,0,0.0,0.0,0.0,0.0,0.0,0.0,0.0,0.0,True,288,2026-02,92,0.29347826086956524,0.19873170244462013,75,0.45,0.86,-0.02056363160305713,0,0,0,0,0,0.0,0.0,0.0,0.0,0.0,0.0,0.0,0.0,True,380,2026-03,75,0.14666666666666667,0.12431202254701226,49,0.45,0.86,-0.0010322616399794649,0,0,0,0,0,0.0,0.0,0.0,0.0,0.0,0.0,0.0,0.0,True,455,2026-04,49,0.14285714285714285,0.11647303886165114,66,0.45,0.86,-0.00768468091133212,0,0,0
5,高波动空头突破,17,b505a83392ff5fd3,6694.111541429864,False,连续两个有机会开发月无交易|开发月最低胜率过低|有效开发月份不足|开发交易样本不足,7,0.45,0.86,5,2.5,1.65,0.0045,288,1.25,0.18,60,0.32,2,0.035,220,6.0,32,0,0,0.0,0.0,0.0,0.0,0.0,0.0,0.0,0.0,True,103,2025-11,63,0.25396825396825395,0.1894397581116025,57,0.45,0.86,-0.0012784491583896496,0,0,0,0,0,0.0,0.0,0.0,0.0,0.0,0.0,0.0,0.0,True,166,2025-12,57,0.3157894736842105,0.211766325791029,65,0.45,0.86,0.0016464398258771995,0,0,0,3,1,0.3333333333333333,2.4287720013094365,0.020690360278318536,117.38664617911708,58.69332308955854,2.3873912807527997,0.041380720556636774,0.7957970935842665,True,223,2026-01,65,0.3076923076923077,0.20519090044567886,92,0.45,0.86,0.0236265743958764,5,5,3,0,0,0.0,0.0,0.0,0.0,0.0,0.0,0.0,0.0,True,288,2026-02,92,0.29347826086956524,0.19873170244462013,75,0.45,0.86,-0.02056363160305713,0,0,0,0,0,0.0,0.0,0.0,0.0,0.0,0.0,0.0,0.0,True,380,2026-03,75,0.14666666666666667,0.12431202254701226,49,0.45,0.86,-0.0010322616399794649,0,0,0,0,0,0.0,0.0,0.0,0.0,0.0,0.0,0.0,0.0,True,455,2026-04,49,0.14285714285714285,0.11647303886165114,66,0.45,0.86,-0.00768468091133212,0,0,0
5,高波动空头突破,18,59228328106bb136,6694.111541429864,False,连续两个有机会开发月无交易|开发月最低胜率过低|有效开发月份不足|开发交易样本不足,7,0.45,0.86,8,2.5,1.65,0.0045,288,1.25,0.18,60,0.32,2,0.035,220,6.0,32,0,0,0.0,0.0,0.0,0.0,0.0,0.0,0.0,0.0,True,103,2025-11,63,0.25396825396825395,0.1894397581116025,57,0.45,0.86,-0.0012784491583896496,0,0,0,0,0,0.0,0.0,0.0,0.0,0.0,0.0,0.0,0.0,True,166,2025-12,57,0.3157894736842105,0.211766325791029,65,0.45,0.86,0.0016464398258771995,0,0,0,3,1,0.3333333333333333,2.4287720013094365,0.020690360278318536,117.38664617911708,58.69332308955854,2.3873912807527997,0.041380720556636774,0.7957970935842665,True,223,2026-01,65,0.3076923076923077,0.20519090044567886,92,0.45,0.86,0.0236265743958764,5,5,3,0,0,0.0,0.0,0.0,0.0,0.0,0.0,0.0,0.0,True,288,2026-02,92,0.29347826086956524,0.19873170244462013,75,0.45,0.86,-0.02056363160305713,0,0,0,0,0,0.0,0.0,0.0,0.0,0.0,0.0,0.0,0.0,True,380,2026-03,75,0.14666666666666667,0.12431202254701226,49,0.45,0.86,-0.0010322616399794649,0,0,0,0,0,0.0,0.0,0.0,0.0,0.0,0.0,0.0,0.0,True,455,2026-04,49,0.14285714285714285,0.11647303886165114,66,0.45,0.86,-0.00768468091133212,0,0,0
5,高波动空头突破,19,b9c8b1b38610ce34,6652.111541429864,False,连续两个有机会开发月无交易|开发月最低胜率过低|有效开发月份不足|开发交易样本不足,10,0.45,0.68,2,2.5,1.65,0.0045,288,1.25,0.18,60,0.32,2,0.035,220,6.0,32,0,0,0.0,0.0,0.0,0.0,0.0,0.0,0.0,0.0,True,103,2025-11,63,0.25396825396825395,0.1894397581116025,57,0.45,0.68,-0.0012784491583896496,0,0,0,0,0,0.0,0.0,0.0,0.0,0.0,0.0,0.0,0.0,True,166,2025-12,57,0.3157894736842105,0.211766325791029,65,0.45,0.68,0.0016464398258771995,0,0,0,3,1,0.3333333333333333,2.4287720013094365,0.020690360278318536,117.38664617911708,58.69332308955854,2.3873912807527997,0.041380720556636774,0.7957970935842665,True,223,2026-01,65,0.3076923076923077,0.20519090044567886,92,0.45,0.68,0.0236265743958764,5,5,3,0,0,0.0,0.0,0.0,0.0,0.0,0.0,0.0,0.0,True,288,2026-02,92,0.29347826086956524,0.19873170244462013,75,0.45,0.68,-0.02056363160305713,0,0,0,0,0,0.0,0.0,0.0,0.0,0.0,0.0,0.0,0.0,True,380,2026-03,75,0.14666666666666667,0.12431202254701226,49,0.45,0.68,-0.0010322616399794649,0,0,0,0,0,0.0,0.0,0.0,0.0,0.0,0.0,0.0,0.0,True,455,2026-04,49,0.14285714285714285,0.11647303886165114,66,0.45,0.68,-0.00768468091133212,0,0,0
5,高波动空头突破,20,f0a10737136d4505,6652.111541429864,False,连续两个有机会开发月无交易|开发月最低胜率过低|有效开发月份不足|开发交易样本不足,10,0.45,0.68,5,2.5,1.65,0.0045,288,1.25,0.18,60,0.32,2,0.035,220,6.0,32,0,0,0.0,0.0,0.0,0.0,0.0,0.0,0.0,0.0,True,103,2025-11,63,0.25396825396825395,0.1894397581116025,57,0.45,0.68,-0.0012784491583896496,0,0,0,0,0,0.0,0.0,0.0,0.0,0.0,0.0,0.0,0.0,True,166,2025-12,57,0.3157894736842105,0.211766325791029,65,0.45,0.68,0.0016464398258771995,0,0,0,3,1,0.3333333333333333,2.4287720013094365,0.020690360278318536,117.38664617911708,58.69332308955854,2.3873912807527997,0.041380720556636774,0.7957970935842665,True,223,2026-01,65,0.3076923076923077,0.20519090044567886,92,0.45,0.68,0.0236265743958764,5,5,3,0,0,0.0,0.0,0.0,0.0,0.0,0.0,0.0,0.0,True,288,2026-02,92,0.29347826086956524,0.19873170244462013,75,0.45,0.68,-0.02056363160305713,0,0,0,0,0,0.0,0.0,0.0,0.0,0.0,0.0,0.0,0.0,True,380,2026-03,75,0.14666666666666667,0.12431202254701226,49,0.45,0.68,-0.0010322616399794649,0,0,0,0,0,0.0,0.0,0.0,0.0,0.0,0.0,0.0,0.0,True,455,2026-04,49,0.14285714285714285,0.11647303886165114,66,0.45,0.68,-0.00768468091133212,0,0,0
5,高波动空头突破,21,86ec6b6b5cec1f27,6652.111541429864,False,连续两个有机会开发月无交易|开发月最低胜率过低|有效开发月份不足|开发交易样本不足,10,0.45,0.68,8,2.5,1.65,0.0045,288,1.25,0.18,60,0.32,2,0.035,220,6.0,32,0,0,0.0,0.0,0.0,0.0,0.0,0.0,0.0,0.0,True,103,2025-11,63,0.25396825396825395,0.1894397581116025,57,0.45,0.68,-0.0012784491583896496,0,0,0,0,0,0.0,0.0,0.0,0.0,0.0,0.0,0.0,0.0,True,166,2025-12,57,0.3157894736842105,0.211766325791029,65,0.45,0.68,0.0016464398258771995,0,0,0,3,1,0.3333333333333333,2.4287720013094365,0.020690360278318536,117.38664617911708,58.69332308955854,2.3873912807527997,0.041380720556636774,0.7957970935842665,True,223,2026-01,65,0.3076923076923077,0.20519090044567886,92,0.45,0.68,0.0236265743958764,5,5,3,0,0,0.0,0.0,0.0,0.0,0.0,0.0,0.0,0.0,True,288,2026-02,92,0.29347826086956524,0.19873170244462013,75,0.45,0.68,-0.02056363160305713,0,0,0,0,0,0.0,0.0,0.0,0.0,0.0,0.0,0.0,0.0,True,380,2026-03,75,0.14666666666666667,0.12431202254701226,49,0.45,0.68,-0.0010322616399794649,0,0,0,0,0,0.0,0.0,0.0,0.0,0.0,0.0,0.0,0.0,True,455,2026-04,49,0.14285714285714285,0.11647303886165114,66,0.45,0.68,-0.00768468091133212,0,0,0
5,高波动空头突破,22,2d85f488eb4f9779,6652.111541429864,False,连续两个有机会开发月无交易|开发月最低胜率过低|有效开发月份不足|开发交易样本不足,10,0.45,0.78,2,2.5,1.65,0.0045,288,1.25,0.18,60,0.32,2,0.035,220,6.0,32,0,0,0.0,0.0,0.0,0.0,0.0,0.0,0.0,0.0,True,103,2025-11,63,0.25396825396825395,0.1894397581116025,57,0.45,0.78,-0.0012784491583896496,0,0,0,0,0,0.0,0.0,0.0,0.0,0.0,0.0,0.0,0.0,True,166,2025-12,57,0.3157894736842105,0.211766325791029,65,0.45,0.78,0.0016464398258771995,0,0,0,3,1,0.3333333333333333,2.4287720013094365,0.020690360278318536,117.38664617911708,58.69332308955854,2.3873912807527997,0.041380720556636774,0.7957970935842665,True,223,2026-01,65,0.3076923076923077,0.20519090044567886,92,0.45,0.78,0.0236265743958764,5,5,3,0,0,0.0,0.0,0.0,0.0,0.0,0.0,0.0,0.0,True,288,2026-02,92,0.29347826086956524,0.19873170244462013,75,0.45,0.78,-0.02056363160305713,0,0,0,0,0,0.0,0.0,0.0,0.0,0.0,0.0,0.0,0.0,True,380,2026-03,75,0.14666666666666667,0.12431202254701226,49,0.45,0.78,-0.0010322616399794649,0,0,0,0,0,0.0,0.0,0.0,0.0,0.0,0.0,0.0,0.0,True,455,2026-04,49,0.14285714285714285,0.11647303886165114,66,0.45,0.78,-0.00768468091133212,0,0,0
5,高波动空头突破,23,dd783475801875c2,6652.111541429864,False,连续两个有机会开发月无交易|开发月最低胜率过低|有效开发月份不足|开发交易样本不足,10,0.45,0.78,5,2.5,1.65,0.0045,288,1.25,0.18,60,0.32,2,0.035,220,6.0,32,0,0,0.0,0.0,0.0,0.0,0.0,0.0,0.0,0.0,True,103,2025-11,63,0.25396825396825395,0.1894397581116025,57,0.45,0.78,-0.0012784491583896496,0,0,0,0,0,0.0,0.0,0.0,0.0,0.0,0.0,0.0,0.0,True,166,2025-12,57,0.3157894736842105,0.211766325791029,65,0.45,0.78,0.0016464398258771995,0,0,0,3,1,0.3333333333333333,2.4287720013094365,0.020690360278318536,117.38664617911708,58.69332308955854,2.3873912807527997,0.041380720556636774,0.7957970935842665,True,223,2026-01,65,0.3076923076923077,0.20519090044567886,92,0.45,0.78,0.0236265743958764,5,5,3,0,0,0.0,0.0,0.0,0.0,0.0,0.0,0.0,0.0,True,288,2026-02,92,0.29347826086956524,0.19873170244462013,75,0.45,0.78,-0.02056363160305713,0,0,0,0,0,0.0,0.0,0.0,0.0,0.0,0.0,0.0,0.0,True,380,2026-03,75,0.14666666666666667,0.12431202254701226,49,0.45,0.78,-0.0010322616399794649,0,0,0,0,0,0.0,0.0,0.0,0.0,0.0,0.0,0.0,0.0,True,455,2026-04,49,0.14285714285714285,0.11647303886165114,66,0.45,0.78,-0.00768468091133212,0,0,0
5,高波动空头突破,24,f94b18f8aaf4b3e9,6652.111541429864,False,连续两个有机会开发月无交易|开发月最低胜率过低|有效开发月份不足|开发交易样本不足,10,0.45,0.78,8,2.5,1.65,0.0045,288,1.25,0.18,60,0.32,2,0.035,220,6.0,32,0,0,0.0,0.0,0.0,0.0,0.0,0.0,0.0,0.0,True,103,2025-11,63,0.25396825396825395,0.1894397581116025,57,0.45,0.78,-0.0012784491583896496,0,0,0,0,0,0.0,0.0,0.0,0.0,0.0,0.0,0.0,0.0,True,166,2025-12,57,0.3157894736842105,0.211766325791029,65,0.45,0.78,0.0016464398258771995,0,0,0,3,1,0.3333333333333333,2.4287720013094365,0.020690360278318536,117.38664617911708,58.69332308955854,2.3873912807527997,0.041380720556636774,0.7957970935842665,True,223,2026-01,65,0.3076923076923077,0.20519090044567886,92,0.45,0.78,0.0236265743958764,5,5,3,0,0,0.0,0.0,0.0,0.0,0.0,0.0,0.0,0.0,True,288,2026-02,92,0.29347826086956524,0.19873170244462013,75,0.45,0.78,-0.02056363160305713,0,0,0,0,0,0.0,0.0,0.0,0.0,0.0,0.0,0.0,0.0,True,380,2026-03,75,0.14666666666666667,0.12431202254701226,49,0.45,0.78,-0.0010322616399794649,0,0,0,0,0,0.0,0.0,0.0,0.0,0.0,0.0,0.0,0.0,True,455,2026-04,49,0.14285714285714285,0.11647303886165114,66,0.45,0.78,-0.00768468091133212,0,0,0
5,高波动空头突破,25,fb4b9ecb941b9f22,6652.111541429864,False,连续两个有机会开发月无交易|开发月最低胜率过低|有效开发月份不足|开发交易样本不足,10,0.45,0.86,2,2.5,1.65,0.0045,288,1.25,0.18,60,0.32,2,0.035,220,6.0,32,0,0,0.0,0.0,0.0,0.0,0.0,0.0,0.0,0.0,True,103,2025-11,63,0.25396825396825395,0.1894397581116025,57,0.45,0.86,-0.0012784491583896496,0,0,0,0,0,0.0,0.0,0.0,0.0,0.0,0.0,0.0,0.0,True,166,2025-12,57,0.3157894736842105,0.211766325791029,65,0.45,0.86,0.0016464398258771995,0,0,0,3,1,0.3333333333333333,2.4287720013094365,0.020690360278318536,117.38664617911708,58.69332308955854,2.3873912807527997,0.041380720556636774,0.7957970935842665,True,223,2026-01,65,0.3076923076923077,0.20519090044567886,92,0.45,0.86,0.0236265743958764,5,5,3,0,0,0.0,0.0,0.0,0.0,0.0,0.0,0.0,0.0,True,288,2026-02,92,0.29347826086956524,0.19873170244462013,75,0.45,0.86,-0.02056363160305713,0,0,0,0,0,0.0,0.0,0.0,0.0,0.0,0.0,0.0,0.0,True,380,2026-03,75,0.14666666666666667,0.12431202254701226,49,0.45,0.86,-0.0010322616399794649,0,0,0,0,0,0.0,0.0,0.0,0.0,0.0,0.0,0.0,0.0,True,455,2026-04,49,0.14285714285714285,0.11647303886165114,66,0.45,0.86,-0.00768468091133212,0,0,0
5,高波动空头突破,26,93bc27911118e9da,6652.111541429864,False,连续两个有机会开发月无交易|开发月最低胜率过低|有效开发月份不足|开发交易样本不足,10,0.45,0.86,5,2.5,1.65,0.0045,288,1.25,0.18,60,0.32,2,0.035,220,6.0,32,0,0,0.0,0.0,0.0,0.0,0.0,0.0,0.0,0.0,True,103,2025-11,63,0.25396825396825395,0.1894397581116025,57,0.45,0.86,-0.0012784491583896496,0,0,0,0,0,0.0,0.0,0.0,0.0,0.0,0.0,0.0,0.0,True,166,2025-12,57,0.3157894736842105,0.211766325791029,65,0.45,0.86,0.0016464398258771995,0,0,0,3,1,0.3333333333333333,2.4287720013094365,0.020690360278318536,117.38664617911708,58.69332308955854,2.3873912807527997,0.041380720556636774,0.7957970935842665,True,223,2026-01,65,0.3076923076923077,0.20519090044567886,92,0.45,0.86,0.0236265743958764,5,5,3,0,0,0.0,0.0,0.0,0.0,0.0,0.0,0.0,0.0,True,288,2026-02,92,0.29347826086956524,0.19873170244462013,75,0.45,0.86,-0.02056363160305713,0,0,0,0,0,0.0,0.0,0.0,0.0,0.0,0.0,0.0,0.0,True,380,2026-03,75,0.14666666666666667,0.12431202254701226,49,0.45,0.86,-0.0010322616399794649,0,0,0,0,0,0.0,0.0,0.0,0.0,0.0,0.0,0.0,0.0,True,455,2026-04,49,0.14285714285714285,0.11647303886165114,66,0.45,0.86,-0.00768468091133212,0,0,0
5,高波动空头突破,27,30348a9500c70b00,6652.111541429864,False,连续两个有机会开发月无交易|开发月最低胜率过低|有效开发月份不足|开发交易样本不足,10,0.45,0.86,8,2.5,1.65,0.0045,288,1.25,0.18,60,0.32,2,0.035,220,6.0,32,0,0,0.0,0.0,0.0,0.0,0.0,0.0,0.0,0.0,True,103,2025-11,63,0.25396825396825395,0.1894397581116025,57,0.45,0.86,-0.0012784491583896496,0,0,0,0,0,0.0,0.0,0.0,0.0,0.0,0.0,0.0,0.0,True,166,2025-12,57,0.3157894736842105,0.211766325791029,65,0.45,0.86,0.0016464398258771995,0,0,0,3,1,0.3333333333333333,2.4287720013094365,0.020690360278318536,117.38664617911708,58.69332308955854,2.3873912807527997,0.041380720556636774,0.7957970935842665,True,223,2026-01,65,0.3076923076923077,0.20519090044567886,92,0.45,0.86,0.0236265743958764,5,5,3,0,0,0.0,0.0,0.0,0.0,0.0,0.0,0.0,0.0,True,288,2026-02,92,0.29347826086956524,0.19873170244462013,75,0.45,0.86,-0.02056363160305713,0,0,0,0,0,0.0,0.0,0.0,0.0,0.0,0.0,0.0,0.0,True,380,2026-03,75,0.14666666666666667,0.12431202254701226,49,0.45,0.86,-0.0010322616399794649,0,0,0,0,0,0.0,0.0,0.0,0.0,0.0,0.0,0.0,0.0,True,455,2026-04,49,0.14285714285714285,0.11647303886165114,66,0.45,0.86,-0.00768468091133212,0,0,0
5,高波动空头突破,28,e02aa549f4203187,5003.459105727289,False,连续两个有机会开发月无交易|开发月最低胜率过低|开发交易样本不足,4,0.4,0.68,2,2.5,1.65,0.0045,288,1.25,0.18,60,0.32,3,0.025,260,8.0,42,0,0,0.0,0.0,0.0,0.0,0.0,0.0,0.0,0.0,True,103,2025-11,63,0.25396825396825395,0.18946785309722108,57,0.4,0.68,-0.00011828401722446813,0,0,0,1,1,1.0,2.2785326130035815,0.0,0.0,0.0,2.2785326130035815,0.0,2.2785326130035815,True,166,2025-12,57,0.3157894736842105,0.21221908145065888,65,0.4,0.68,-0.002618513526526589,1,1,1,3,1,0.3333333333333333,2.4287720013094365,0.5934138812974106,4.0928803283119874,2.0464401641559937,1.2419442387146153,1.1762158789089971,0.4139814129048718,True,223,2026-01,65,0.3076923076923077,0.20574688047680964,92,0.4,0.68,-0.0004776384355748564,7,4,3,2,0,0.0,0.0,0.04279369038947384,0.0,0.0,-0.08558738077894767,0.08558738077894767,-0.04279369038947384,True,288,2026-02,92,0.29347826086956524,0.19288988093456508,75,0.4,0.68,-0.022597641918948974,7,4,2,0,0,0.0,0.0,0.0,0.0,0.0,0.0,0.0,0.0,True,380,2026-03,75,0.14666666666666667,0.12475520733775557,49,0.4,0.68,-0.0016084979126237686,0,0,0,0,0,0.0,0.0,0.0,0.0,0.0,0.0,0.0,0.0,True,455,2026-04,49,0.14285714285714285,0.11584079888966563,66,0.4,0.68,-0.01069840483132456,0,0,0
5,高波动空头突破,29,93721ee0870200f5,5003.459105727289,False,连续两个有机会开发月无交易|开发月最低胜率过低|开发交易样本不足,4,0.4,0.68,5,2.5,1.65,0.0045,288,1.25,0.18,60,0.32,3,0.025,260,8.0,42,0,0,0.0,0.0,0.0,0.0,0.0,0.0,0.0,0.0,True,103,2025-11,63,0.25396825396825395,0.18946785309722108,57,0.4,0.68,-0.00011828401722446813,0,0,0,1,1,1.0,2.2785326130035815,0.0,0.0,0.0,2.2785326130035815,0.0,2.2785326130035815,True,166,2025-12,57,0.3157894736842105,0.21221908145065888,65,0.4,0.68,-0.002618513526526589,1,1,1,3,1,0.3333333333333333,2.4287720013094365,0.5934138812974106,4.0928803283119874,2.0464401641559937,1.2419442387146153,1.1762158789089971,0.4139814129048718,True,223,2026-01,65,0.3076923076923077,0.20574688047680964,92,0.4,0.68,-0.0004776384355748564,7,4,3,2,0,0.0,0.0,0.04279369038947384,0.0,0.0,-0.08558738077894767,0.08558738077894767,-0.04279369038947384,True,288,2026-02,92,0.29347826086956524,0.19288988093456508,75,0.4,0.68,-0.022597641918948974,7,4,2,0,0,0.0,0.0,0.0,0.0,0.0,0.0,0.0,0.0,True,380,2026-03,75,0.14666666666666667,0.12475520733775557,49,0.4,0.68,-0.0016084979126237686,0,0,0,0,0,0.0,0.0,0.0,0.0,0.0,0.0,0.0,0.0,True,455,2026-04,49,0.14285714285714285,0.11584079888966563,66,0.4,0.68,-0.01069840483132456,0,0,0
5,高波动空头突破,30,804df3e4bfb80082,5003.459105727289,False,连续两个有机会开发月无交易|开发月最低胜率过低|开发交易样本不足,4,0.4,0.68,8,2.5,1.65,0.0045,288,1.25,0.18,60,0.32,3,0.025,260,8.0,42,0,0,0.0,0.0,0.0,0.0,0.0,0.0,0.0,0.0,True,103,2025-11,63,0.25396825396825395,0.18946785309722108,57,0.4,0.68,-0.00011828401722446813,0,0,0,1,1,1.0,2.2785326130035815,0.0,0.0,0.0,2.2785326130035815,0.0,2.2785326130035815,True,166,2025-12,57,0.3157894736842105,0.21221908145065888,65,0.4,0.68,-0.002618513526526589,1,1,1,3,1,0.3333333333333333,2.4287720013094365,0.5934138812974106,4.0928803283119874,2.0464401641559937,1.2419442387146153,1.1762158789089971,0.4139814129048718,True,223,2026-01,65,0.3076923076923077,0.20574688047680964,92,0.4,0.68,-0.0004776384355748564,7,4,3,2,0,0.0,0.0,0.04279369038947384,0.0,0.0,-0.08558738077894767,0.08558738077894767,-0.04279369038947384,True,288,2026-02,92,0.29347826086956524,0.19288988093456508,75,0.4,0.68,-0.022597641918948974,7,4,2,0,0,0.0,0.0,0.0,0.0,0.0,0.0,0.0,0.0,True,380,2026-03,75,0.14666666666666667,0.12475520733775557,49,0.4,0.68,-0.0016084979126237686,0,0,0,0,0,0.0,0.0,0.0,0.0,0.0,0.0,0.0,0.0,True,455,2026-04,49,0.14285714285714285,0.11584079888966563,66,0.4,0.68,-0.01069840483132456,0,0,0
