expert,family,policy_key,tier,month,raw_candidates,model_available,calibration_month,calibration_rows,calibration_brier,meta_brier,avg_win_r,avg_loss_r,sample_uncertainty_penalty,calibration_mean,calibration_utility_mean,eval_mean,eval_utility_mean,after_rank,meta_support,meta_neutral,meta_reject,after_soft_meta,after_positive_utility,after_cap
趋势回踩重新站稳多头,趋势回踩,e024946a7a7bbea6,CANDIDATE,2025-05,336,True,2025-04,391.0,0.1395587776510962,0.14128926480387793,1.7129735461722195,0.872070602536656,0.02781469555832955,0.1713142371435226,-0.494420158306898,0.17158002836112804,-0.4938757094315293,80.0,0.0,0.0,80.0,0.0,0.0,0.0
趋势回踩重新站稳多头,趋势回踩,e024946a7a7bbea6,CANDIDATE,2025-06,317,True,2025-05,336.0,0.23236225969728302,0.2333968108440534,1.713265347121272,0.9780614583462294,0.030004959907448957,0.37209476259721985,-0.05488186745676967,0.3840484625276982,-0.030231856657455407,86.0,0.0,86.0,0.0,86.0,23.0,3.0
趋势回踩重新站稳多头,趋势回踩,e024946a7a7bbea6,CANDIDATE,2025-07,119,True,2025-06,317.0,0.17544672833664512,0.17547580343103278,1.4835636883716183,0.9517258007751866,0.030891077596595175,0.22713178223193906,-0.47140729173200663,0.22898410315223533,-0.46814303985050537,30.0,0.0,0.0,30.0,0.0,0.0,0.0
趋势回踩重新站稳多头,趋势回踩,e024946a7a7bbea6,CANDIDATE,2025-08,154,True,2025-07,119.0,0.15433876512880262,0.1556948476218862,1.712765924396424,1.1597499820867603,0.05041841733655163,0.19330343585576343,-0.6942257487515828,0.20427026652882435,-0.6704301231820957,57.0,0.0,0.0,57.0,0.0,0.0,0.0
趋势回踩重新站稳多头,趋势回踩,e024946a7a7bbea6,CANDIDATE,2025-09,305,True,2025-08,154.0,0.11295053627059148,0.11275720631628053,1.7127951558948733,1.0531810979299046,0.04432026302139592,0.1299133533607879,-0.7717570195219218,0.12957427411804903,-0.7727791867935974,63.0,0.0,0.0,63.0,0.0,0.0,0.0
趋势回踩重新站稳多头,趋势回踩,e024946a7a7bbea6,CANDIDATE,2025-10,324,True,2025-09,305.0,0.16288065324623138,0.16269104712652788,1.7127813251655213,0.8630607626520157,0.03149290838726276,0.20659531514873383,-0.4028140817630547,0.20130988887657691,-0.41357882340533275,55.0,0.0,0.0,55.0,0.0,0.0,0.0
趋势回踩重新站稳多头,趋势回踩,e024946a7a7bbea6,CANDIDATE,2025-11,189,True,2025-10,324.0,0.22478182609166264,0.22520826792560006,1.712794726306074,0.9398673237920514,0.030555555555555558,0.34264459770777395,-0.10892306137729536,0.33209413665664783,-0.13010971325811546,33.0,0.0,33.0,0.0,33.0,0.0,0.0
趋势回踩重新站稳多头,趋势回踩,e024946a7a7bbea6,CANDIDATE,2025-12,294,True,2025-11,189.0,0.2079709637956012,0.20742884859765434,1.712653632289158,0.9716916371379362,0.040006613209931936,0.2962977899076659,-0.2619323455505278,0.28939865489890926,-0.276512884960823,25.0,0.0,0.0,25.0,0.0,0.0,0.0
趋势回踩重新站稳多头,趋势回踩,e024946a7a7bbea6,CANDIDATE,2026-01,243,True,2025-12,294.0,0.196287253918351,0.19831917318657233,1.7137081513167036,0.9189937930124975,0.032076651393589235,0.2755351397372885,-0.2699707721484496,0.25878172137007305,-0.3033990561896613,28.0,0.0,0.0,28.0,0.0,0.0,0.0
趋势回踩重新站稳多头,趋势回踩,e024946a7a7bbea6,CANDIDATE,2026-02,165,True,2026-01,243.0,0.14856006360823973,0.15894584182595864,1.7126673783428645,0.9295964337650998,0.035282516450477135,0.21811666474896255,-0.4271135498884876,0.2025236917107702,-0.4625458966959305,32.0,0.0,2.0,30.0,2.0,1.0,1.0
趋势回踩重新站稳多头,趋势回踩,e024946a7a7bbea6,CANDIDATE,2026-03,358,True,2026-02,165.0,0.18096755847914378,0.18317711882789922,1.7127982142772624,0.9721028173237822,0.042817441928883766,0.2424235601052774,-0.40655174081881584,0.23772987684952943,-0.4160686053342637,83.0,0.0,0.0,83.0,0.0,0.0,0.0
趋势回踩重新站稳多头,趋势回踩,e024946a7a7bbea6,CANDIDATE,2026-04,404,True,2026-03,358.0,0.15662429085400684,0.15828896169332796,1.7158315935606823,0.9679428275076318,0.02906840324199295,0.198274951577338,-0.5044321092335036,0.20096526663197983,-0.49888998438365106,77.0,0.0,0.0,77.0,0.0,0.0,0.0
趋势回踩重新站稳多头,趋势回踩,e024946a7a7bbea6,CANDIDATE,2026-05,269,True,2026-04,404.0,0.14957127777241241,0.1507664222854414,1.7125125586776835,1.0019367275623101,0.027363522730774706,0.1856364878295121,-0.5640825177636694,0.16710490697246963,-0.6021689272398273,31.0,0.0,0.0,31.0,0.0,0.0,0.0
趋势反抽失败空头,趋势回踩,da51c7f197a1b096,CANDIDATE,2025-05,263,True,2025-04,117.0,0.1468899594660899,0.14720868108433824,1.7550500788417271,0.9098097988107887,0.05084751798731267,0.1794892596835189,-0.5206721474006233,0.16737626690078192,-0.54493876474087,15.0,0.0,0.0,15.0,0.0,0.0,0.0
趋势反抽失败空头,趋势回踩,da51c7f197a1b096,CANDIDATE,2025-06,188,True,2025-05,263.0,0.23785231724397168,0.2382247673797373,1.714714116343996,0.8716966009094019,0.03391445287880141,0.3916488956686067,0.05861090360462586,0.3851294053678805,0.0458969078479645,19.0,0.0,19.0,0.0,19.0,19.0,2.0
趋势反抽失败空头,趋势回踩,da51c7f197a1b096,CANDIDATE,2025-07,87,True,2025-06,188.0,0.19457260019407718,0.19481367075546802,1.7154474394804586,0.8361229004279803,0.040112872661921005,0.26595769391798263,-0.24172410261977229,0.2567786111416626,-0.2592188587570618,4.0,0.0,0.0,4.0,0.0,0.0,0.0
趋势反抽失败空头,趋势回踩,da51c7f197a1b096,CANDIDATE,2025-08,327,True,2025-07,87.0,0.1495307239223443,0.150059342299882,1.508628125218379,0.8091292062799713,0.058966189416078715,0.18398908087808458,-0.48037676437533344,0.17424467126370957,-0.49730722167559954,30.0,0.0,0.0,30.0,0.0,0.0,0.0
趋势反抽失败空头,趋势回踩,da51c7f197a1b096,CANDIDATE,2025-09,226,True,2025-08,327.0,0.1500205436733176,0.15155079416743958,1.689464386267075,0.8807241491292832,0.03041506949851321,0.18654849191229653,-0.47041377124851624,0.16461737816493455,-0.5132575131212497,6.0,0.0,0.0,6.0,0.0,0.0,0.0
趋势反抽失败空头,趋势回踩,da51c7f197a1b096,CANDIDATE,2025-10,294,True,2025-09,226.0,0.12535951615814975,0.1300292333155043,1.5174599272771792,0.8689097959232399,0.03658545578807566,0.1549158542133652,-0.5712423145240495,0.15531608567448196,-0.5698047258393706,28.0,0.0,0.0,28.0,0.0,0.0,0.0
趋势反抽失败空头,趋势回踩,da51c7f197a1b096,CANDIDATE,2025-11,347,True,2025-10,294.0,0.20093987253160547,0.20101059202583912,1.7157418584677637,0.8726589938132198,0.032076651393589235,0.2789122286425587,-0.22759213800246347,0.2796621613064262,-0.22613363966963235,53.0,0.0,0.0,53.0,0.0,0.0,0.0
趋势反抽失败空头,趋势回踩,da51c7f197a1b096,CANDIDATE,2025-12,446,True,2025-11,347.0,0.18880704472646087,0.18904638161008247,1.7293020212822887,0.8549480252525197,0.029525546990226047,0.2536030875099096,-0.27249527114368494,0.26032574791280183,-0.25930433749668497,93.0,0.0,0.0,93.0,0.0,0.0,0.0
趋势反抽失败空头,趋势回踩,da51c7f197a1b096,CANDIDATE,2026-01,350,True,2025-12,446.0,0.10633324098645289,0.10635628292678248,1.7146325547214905,0.7771004689426301,0.026043254809570815,0.12115524684291376,-0.5339100069812038,0.1213286972545663,-0.5333465334056174,34.0,0.0,0.0,34.0,0.0,0.0,0.0
趋势反抽失败空头,趋势回踩,da51c7f197a1b096,CANDIDATE,2026-02,348,True,2026-01,350.0,0.20458795881383976,0.20511128785086052,1.6177656409828913,0.8943442993031524,0.029398736610366683,0.28856364594648426,-0.2440036594107589,0.29864525524816465,-0.22498611718878186,75.0,0.0,0.0,75.0,0.0,0.0,0.0
趋势反抽失败空头,趋势回踩,da51c7f197a1b096,CANDIDATE,2026-03,239,True,2026-02,348.0,0.2094693809617368,0.20914607064782137,1.6661884200547683,0.8983456174218848,0.029483094708039358,0.29885141832674433,-0.2071805830959273,0.3024043885343271,-0.19974948600969344,49.0,0.0,0.0,49.0,0.0,0.0,0.0
趋势反抽失败空头,趋势回踩,da51c7f197a1b096,CANDIDATE,2026-04,187,True,2026-03,239.0,0.21004550587334167,0.2137954533086468,1.714467845442116,0.9657646805840221,0.035576542504423304,0.3138511666683107,-0.20598279236956896,0.27691964088648874,-0.28260743958237383,14.0,0.0,14.0,0.0,14.0,1.0,1.0
趋势反抽失败空头,趋势回踩,da51c7f197a1b096,CANDIDATE,2026-05,299,True,2026-04,187.0,0.20057565515749431,0.2004935132417313,1.7144996796954237,0.8417731791413547,0.040219983326992184,0.27807578380925624,-0.21592657153188974,0.2824401581889627,-0.20802260165267727,57.0,0.0,0.0,57.0,0.0,0.0,0.0
EMA21回踩收回多头,均线回踩,57c6d8ed313f7b81,REJECTED,2025-05,3,False,,,,,,,,,,,,,,,,,,
EMA21回踩收回多头,均线回踩,57c6d8ed313f7b81,REJECTED,2025-06,1,False,,,,,,,,,,,,,,,,,,
EMA21回踩收回多头,均线回踩,57c6d8ed313f7b81,REJECTED,2025-07,0,False,,,,,,,,,,,,,,,,,,
EMA21回踩收回多头,均线回踩,57c6d8ed313f7b81,REJECTED,2025-08,0,False,,,,,,,,,,,,,,,,,,
EMA21回踩收回多头,均线回踩,57c6d8ed313f7b81,REJECTED,2025-09,0,False,,,,,,,,,,,,,,,,,,
EMA21回踩收回多头,均线回踩,57c6d8ed313f7b81,REJECTED,2025-10,1,False,,,,,,,,,,,,,,,,,,
EMA21回踩收回多头,均线回踩,57c6d8ed313f7b81,REJECTED,2025-11,2,False,,,,,,,,,,,,,,,,,,
EMA21回踩收回多头,均线回踩,57c6d8ed313f7b81,REJECTED,2025-12,2,False,,,,,,,,,,,,,,,,,,
EMA21回踩收回多头,均线回踩,57c6d8ed313f7b81,REJECTED,2026-01,0,False,,,,,,,,,,,,,,,,,,
EMA21回踩收回多头,均线回踩,57c6d8ed313f7b81,REJECTED,2026-02,1,False,,,,,,,,,,,,,,,,,,
EMA21回踩收回多头,均线回踩,57c6d8ed313f7b81,REJECTED,2026-03,1,False,,,,,,,,,,,,,,,,,,
EMA21回踩收回多头,均线回踩,57c6d8ed313f7b81,REJECTED,2026-04,3,False,,,,,,,,,,,,,,,,,,
EMA21回踩收回多头,均线回踩,57c6d8ed313f7b81,REJECTED,2026-05,0,False,,,,,,,,,,,,,,,,,,
EMA21反抽受阻空头,均线回踩,4916a4f4be16d2e4,REJECTED,2025-05,0,False,,,,,,,,,,,,,,,,,,
EMA21反抽受阻空头,均线回踩,4916a4f4be16d2e4,REJECTED,2025-06,1,False,,,,,,,,,,,,,,,,,,
EMA21反抽受阻空头,均线回踩,4916a4f4be16d2e4,REJECTED,2025-07,0,False,,,,,,,,,,,,,,,,,,
EMA21反抽受阻空头,均线回踩,4916a4f4be16d2e4,REJECTED,2025-08,1,False,,,,,,,,,,,,,,,,,,
EMA21反抽受阻空头,均线回踩,4916a4f4be16d2e4,REJECTED,2025-09,3,False,,,,,,,,,,,,,,,,,,
EMA21反抽受阻空头,均线回踩,4916a4f4be16d2e4,REJECTED,2025-10,0,False,,,,,,,,,,,,,,,,,,
EMA21反抽受阻空头,均线回踩,4916a4f4be16d2e4,REJECTED,2025-11,2,False,,,,,,,,,,,,,,,,,,
EMA21反抽受阻空头,均线回踩,4916a4f4be16d2e4,REJECTED,2025-12,3,False,,,,,,,,,,,,,,,,,,
EMA21反抽受阻空头,均线回踩,4916a4f4be16d2e4,REJECTED,2026-01,1,False,,,,,,,,,,,,,,,,,,
EMA21反抽受阻空头,均线回踩,4916a4f4be16d2e4,REJECTED,2026-02,2,False,,,,,,,,,,,,,,,,,,
EMA21反抽受阻空头,均线回踩,4916a4f4be16d2e4,REJECTED,2026-03,0,False,,,,,,,,,,,,,,,,,,
EMA21反抽受阻空头,均线回踩,4916a4f4be16d2e4,REJECTED,2026-04,2,False,,,,,,,,,,,,,,,,,,
EMA21反抽受阻空头,均线回踩,4916a4f4be16d2e4,REJECTED,2026-05,3,False,,,,,,,,,,,,,,,,,,
VWAP重新站回多头,VWAP回归,acb95ebbfdc22945,REJECTED,2025-05,132,True,2025-04,137.0,0.14449274104278773,0.143856591915206,1.718331734719511,0.8372148215913123,0.046989671174421856,0.1752169962427647,-0.47441308639333746,0.1752094886229334,-0.47424773498682227,19.0,0.0,0.0,19.0,0.0,0.0,0.0
VWAP重新站回多头,VWAP回归,acb95ebbfdc22945,REJECTED,2025-06,132,True,2025-05,132.0,0.15808833424064297,0.15814667974894386,1.7159337990387753,1.0546544741064312,0.04787135538781691,0.19696892772348604,-0.5966206840920265,0.19766990057357914,-0.5951181430723896,16.0,0.0,0.0,16.0,0.0,0.0,0.0
VWAP重新站回多头,VWAP回归,acb95ebbfdc22945,REJECTED,2025-07,45,True,2025-06,132.0,0.19421299234803,0.19353898309002668,1.5578013441626173,1.0274182283924556,0.04787135538781691,0.26518971140018116,-0.4337966106932086,0.2660879624037707,-0.436841833088872,3.0,0.0,0.0,3.0,0.0,0.0,0.0
VWAP重新站回多头,VWAP回归,acb95ebbfdc22945,REJECTED,2025-08,62,True,2025-07,45.0,0.2216699357375027,0.22200815715484867,1.7127809773704283,0.959371143822933,0.08198915917499229,0.3333422360632696,-0.197765842766428,0.3337179654832677,-0.19526939098195253,6.0,0.0,0.0,6.0,0.0,0.0,0.0
VWAP重新站回多头,VWAP回归,acb95ebbfdc22945,REJECTED,2025-09,97,True,2025-08,62.0,0.15727254578247207,0.1651939089323298,1.7127920458308945,1.0113756151042057,0.06985006985010478,0.2096735518763811,-0.5497251025953915,0.20944686584370348,-0.5514901354686297,15.0,0.0,0.0,15.0,0.0,0.0,0.0
VWAP重新站回多头,VWAP回归,acb95ebbfdc22945,REJECTED,2025-10,113,True,2025-09,97.0,0.15197716043135798,0.1506702150844062,1.7128339736161862,0.8417102955780663,0.055844039082349056,0.20616842481357212,-0.4098184565859489,0.18407463689618384,-0.4512117420139187,4.0,0.0,0.0,4.0,0.0,0.0,0.0
VWAP重新站回多头,VWAP回归,acb95ebbfdc22945,REJECTED,2025-11,118,True,2025-10,113.0,0.2425803327604975,0.23772422130410456,1.7127878961273015,0.7657945076627857,0.05173964776109785,0.415927459028982,0.1641701505205252,0.4128182769610568,0.15036787646501476,4.0,0.0,4.0,0.0,4.0,4.0,3.0
VWAP重新站回多头,VWAP回归,acb95ebbfdc22945,REJECTED,2025-12,116,True,2025-11,118.0,0.18664335166869958,0.19277963315729316,1.7133035370442589,0.8914879028646621,0.05063160398440779,0.2627194594588498,-0.3010149410487337,0.2623173246298725,-0.3031092191032133,17.0,0.0,0.0,17.0,0.0,0.0,0.0
VWAP重新站回多头,VWAP回归,acb95ebbfdc22945,REJECTED,2026-01,137,True,2025-12,116.0,0.19384285026628964,0.19897325926020912,1.7178317729144763,0.9393160853392634,0.05106621799868927,0.2758786907922702,-0.301388271062505,0.29012754837134624,-0.2720069292219863,24.0,0.0,0.0,24.0,0.0,0.0,0.0
VWAP重新站回多头,VWAP回归,acb95ebbfdc22945,REJECTED,2026-02,92,True,2026-01,137.0,0.1427743935960045,0.144294722748019,1.71555782785458,0.9337906603746953,0.046989671174421856,0.17518892039694642,-0.5544266744953482,0.1735952924230754,-0.5581330241874165,10.0,0.0,0.0,10.0,0.0,0.0,0.0
VWAP重新站回多头,VWAP回归,acb95ebbfdc22945,REJECTED,2026-03,116,True,2026-02,92.0,0.18467746577504005,0.18665265779170873,1.7133806090996972,0.8820786644668704,0.057341463865695566,0.25004387363164726,-0.33345661050331576,0.2542342035012454,-0.3232557618831938,19.0,0.0,0.0,19.0,0.0,0.0,0.0
VWAP重新站回多头,VWAP回归,acb95ebbfdc22945,REJECTED,2026-04,137,True,2026-03,116.0,0.1784399215047007,0.17818696084169283,1.7215606698046375,0.8709813411275799,0.05106621799868927,0.23276715338104417,-0.36082894670972765,0.23386706737051752,-0.35898412468637014,16.0,0.0,0.0,16.0,0.0,0.0,0.0
VWAP重新站回多头,VWAP回归,acb95ebbfdc22945,REJECTED,2026-05,111,True,2026-04,137.0,0.2114749457388505,0.21138416544750463,1.7152687807314553,0.9356013080564153,0.046989671174421856,0.3065582390482729,-0.215917191187958,0.3014592845194627,-0.22616933258687666,13.0,0.0,0.0,13.0,0.0,0.0,0.0
VWAP反抽失败空头,VWAP回归,35c08857a5339946,REJECTED,2025-05,113,True,2025-04,81.0,0.1260823216590286,0.12596183785229498,1.4952954676882424,0.921143892411926,0.061111111111111116,0.14815055075359895,-0.659749685109913,0.14614421227319643,-0.6641878211337114,15.0,0.0,0.0,15.0,0.0,0.0,0.0
VWAP反抽失败空头,VWAP回归,35c08857a5339946,REJECTED,2025-06,120,True,2025-05,113.0,0.20620341816377935,0.20581998365215198,1.4832582794105111,0.8288778552355935,0.05173964776109785,0.2920916362289625,-0.25070117479755194,0.2885946231120569,-0.2595292013554272,21.0,0.0,0.0,21.0,0.0,0.0,0.0
VWAP反抽失败空头,VWAP回归,35c08857a5339946,REJECTED,2025-07,33,True,2025-06,120.0,0.17094619071686606,0.1749941660332381,1.4777421959623906,0.9055850334892136,0.05020790110464023,0.23333425053687096,-0.4410661822561488,0.25437406900813225,-0.40859535330087515,7.0,0.0,0.0,7.0,0.0,0.0,0.0
VWAP反抽失败空头,VWAP回归,35c08857a5339946,REJECTED,2025-08,112,True,2025-07,33.0,0.19226434956560123,0.1981455327250385,1.4777228084896001,0.8775537041802673,0.09574271077563382,0.2727057116868302,-0.3748081699695602,0.25430928888619175,-0.40764866937405325,14.0,0.0,0.0,14.0,0.0,0.0,0.0
VWAP反抽失败空头,VWAP回归,35c08857a5339946,REJECTED,2025-09,75,True,2025-08,112.0,0.21846768374702888,0.22182218914669452,1.477751753495089,0.9000635001698978,0.05197011503876874,0.33932680131378873,-0.19195182228517021,0.3204874351960216,-0.22467020710928756,9.0,0.0,7.0,2.0,7.0,0.0,0.0
VWAP反抽失败空头,VWAP回归,35c08857a5339946,REJECTED,2025-10,109,True,2025-09,75.0,0.18118210849708855,0.1816975463145476,1.4133246580575198,0.8662455121359465,0.06350852961085883,0.2400133137815207,-0.4251807270213634,0.24264499777979598,-0.4202531225256263,27.0,0.0,0.0,27.0,0.0,0.0,0.0
VWAP反抽失败空头,VWAP回归,35c08857a5339946,REJECTED,2025-11,145,True,2025-10,109.0,0.18271747893580004,0.18502330349870819,1.4792768156179124,0.9035308762628835,0.052680445687163326,0.24770075082814683,-0.4087672763294563,0.24705712227739485,-0.40879133914555643,34.0,0.0,0.0,34.0,0.0,0.0,0.0
VWAP反抽失败空头,VWAP回归,35c08857a5339946,REJECTED,2025-12,117,True,2025-11,145.0,0.16797555161763794,0.16654410358831637,1.4885864738286123,0.8981916830333282,0.045675013919556987,0.21379362258969248,-0.47460088473225887,0.21375998105500701,-0.473388785485092,27.0,0.0,0.0,27.0,0.0,0.0,0.0
VWAP反抽失败空头,VWAP回归,35c08857a5339946,REJECTED,2026-01,138,True,2025-12,117.0,0.14688782890240631,0.147100976677603,1.4775974654624064,0.9537401868613348,0.05084751798731267,0.17945225493466302,-0.606608513650108,0.17901705803195425,-0.6081336933697303,30.0,0.0,0.0,30.0,0.0,0.0,0.0
VWAP反抽失败空头,VWAP回归,35c08857a5339946,REJECTED,2026-02,126,True,2026-01,138.0,0.20144013017240395,0.20513035431227697,1.3503571869063635,0.8543542206166991,0.04681910919173118,0.28981929478577156,-0.30705187150592755,0.2802644260568619,-0.32283344029391337,12.0,0.0,0.0,12.0,0.0,0.0,0.0
VWAP反抽失败空头,VWAP回归,35c08857a5339946,REJECTED,2026-03,95,True,2026-02,126.0,0.2127533598970889,0.21163443258423634,1.5044026534577897,0.8926251341993641,0.04899789435061114,0.309526395848697,-0.24580822785349224,0.3004683026149646,-0.26136448440073196,8.0,0.0,0.0,8.0,0.0,0.0,0.0
VWAP反抽失败空头,VWAP回归,35c08857a5339946,REJECTED,2026-04,80,True,2026-03,95.0,0.20325441676730954,0.1994162770452628,1.4796249172619715,0.8673978987938771,0.05642880936468348,0.28422126942569126,-0.30183156065740685,0.28365814606037915,-0.3040964064845265,15.0,0.0,0.0,15.0,0.0,0.0,0.0
VWAP反抽失败空头,VWAP回归,35c08857a5339946,REJECTED,2026-05,110,True,2026-04,80.0,0.15933025264987136,0.15966459803287922,1.4774274414516304,0.9457485793832675,0.06149186938124422,0.19998072436548914,-0.5625632542826559,0.19989038764888498,-0.5624612391304639,27.0,0.0,0.0,27.0,0.0,0.0,0.0
阻力转支撑确认多头,结构角色转换,39f3e3b0e2915467,REJECTED,2025-05,244,True,2025-04,259.0,0.16714587196625721,0.16395146110797384,1.4904970770876953,0.9273053925208913,0.03417533713006601,0.21235661023500502,-0.48896218773957933,0.21238250606552067,-0.4866254816221367,58.0,0.0,0.0,58.0,0.0,0.0,0.0
阻力转支撑确认多头,结构角色转换,39f3e3b0e2915467,REJECTED,2025-06,218,True,2025-05,244.0,0.15040705947627236,0.14980678302916042,1.4792491946112591,0.923197158898229,0.0352101419815464,0.18437823760996194,-0.5541895599849911,0.18372112170673863,-0.554961534280328,40.0,0.0,0.0,40.0,0.0,0.0,0.0
阻力转支撑确认多头,结构角色转换,39f3e3b0e2915467,REJECTED,2025-07,105,True,2025-06,218.0,0.19259103360453222,0.19639580529697578,1.446739300597323,0.9801432797619971,0.037250700381322804,0.275193895720765,-0.39341145639132175,0.2983812980578782,-0.34938213433705023,28.0,0.0,2.0,26.0,2.0,0.0,0.0
阻力转支撑确认多头,结构角色转换,39f3e3b0e2915467,REJECTED,2025-08,202,True,2025-07,105.0,0.228799842593219,0.230424197024762,1.4759302071715013,1.0286712183584152,0.05367450401216933,0.3619050001566925,-0.2237733456358763,0.34641773873567067,-0.2534649482583812,35.0,0.0,3.0,32.0,3.0,0.0,0.0
阻力转支撑确认多头,结构角色转换,39f3e3b0e2915467,REJECTED,2025-09,241,True,2025-08,202.0,0.1397843767444475,0.13998199365150596,1.4759646546327698,0.8739127616243055,0.038697864960166056,0.16829854067240013,-0.5544757857160754,0.16369385138138934,-0.5625877220701544,26.0,0.0,0.0,26.0,0.0,0.0,0.0
阻力转支撑确认多头,结构角色转换,39f3e3b0e2915467,REJECTED,2025-10,189,True,2025-09,241.0,0.16628954622167444,0.1664328852022634,1.476264867950461,0.9470350560940113,0.0354286144520457,0.21156387889051198,-0.5105110143575812,0.22003279230780207,-0.4955841354255571,47.0,0.0,0.0,47.0,0.0,0.0,0.0
阻力转支撑确认多头,结构角色转换,39f3e3b0e2915467,REJECTED,2025-11,155,True,2025-10,189.0,0.2081354019079307,0.20823067378394583,1.4759660289497634,0.9193334872964103,0.040006613209931936,0.2963606409268808,-0.29511640914296305,0.29542243755991326,-0.29850167268646144,25.0,0.0,0.0,25.0,0.0,0.0,0.0
阻力转支撑确认多头,结构角色转换,39f3e3b0e2915467,REJECTED,2025-12,171,True,2025-11,155.0,0.11653406420798022,0.1164914273155659,1.483192164136345,0.9518460505155459,0.04417706308963744,0.13548368419626056,-0.7001957710638539,0.1362463376476575,-0.6993902692409052,36.0,0.0,0.0,36.0,0.0,0.0,0.0
阻力转支撑确认多头,结构角色转换,39f3e3b0e2915467,REJECTED,2026-01,165,True,2025-12,171.0,0.15985051935680078,0.16202635562577977,1.4918529558173272,0.9153184877986832,0.042059551209602995,0.2046652765336334,-0.5047009530737361,0.21294114186044805,-0.4902752904760529,42.0,0.0,0.0,42.0,0.0,0.0,0.0
阻力转支撑确认多头,结构角色转换,39f3e3b0e2915467,REJECTED,2026-02,131,True,2026-01,165.0,0.1995381051722985,0.20042592076285204,1.4765163177863219,0.9344990268713537,0.042817441928883766,0.2788118590361718,-0.34978886132115317,0.27751441474885813,-0.3526937947215903,19.0,0.0,0.0,19.0,0.0,0.0,0.0
阻力转支撑确认多头,结构角色转换,39f3e3b0e2915467,REJECTED,2026-03,181,True,2026-02,131.0,0.15907157955664075,0.15772464586947707,1.4979608488922505,0.8449168742949705,0.04805372311635709,0.19847425509300085,-0.4678736440770516,0.19851361915742027,-0.468521645976769,35.0,0.0,0.0,35.0,0.0,0.0,0.0
阻力转支撑确认多头,结构角色转换,39f3e3b0e2915467,REJECTED,2026-04,231,True,2026-03,181.0,0.16866352930382697,0.16889239415581728,1.4982916650599576,0.9336152898841558,0.04088117804359415,0.21546988266103878,-0.49155559731735227,0.2182859299512619,-0.486698746689362,64.0,0.0,0.0,64.0,0.0,0.0,0.0
阻力转支撑确认多头,结构角色转换,39f3e3b0e2915467,REJECTED,2026-05,181,True,2026-04,231.0,0.1901755603826019,0.19010746848016805,1.4777807592030714,0.9068582109503754,0.0361873432227873,0.25541420211080806,-0.37763840569583357,0.25541183439781956,-0.37774682587121006,28.0,0.0,0.0,28.0,0.0,0.0,0.0
支撑转阻力确认空头,结构角色转换,174e74ff24ab77a4,REJECTED,2025-05,178,True,2025-04,185.0,0.18335900111895784,0.18367401695491495,1.5002646081455222,0.9161677450134232,0.040436804215159425,0.24325531471049155,-0.41159192532544303,0.23614357913567582,-0.42317451705594944,28.0,0.0,0.0,28.0,0.0,0.0,0.0
支撑转阻力确认空头,结构角色转换,174e74ff24ab77a4,REJECTED,2025-06,234,True,2025-05,178.0,0.20522962923240967,0.20595166670179413,1.4788369003160153,0.9100501623197483,0.04122424289477238,0.2921412923398845,-0.2986462100736185,0.2922268795842983,-0.2976131104485154,41.0,0.0,0.0,41.0,0.0,0.0,0.0
支撑转阻力确认空头,结构角色转换,174e74ff24ab77a4,REJECTED,2025-07,71,True,2025-06,234.0,0.1836808757556176,0.1820983916818087,1.4776889198742016,0.896541779239412,0.03595462477533374,0.24358206587604642,-0.3970197892155692,0.2539407806972003,-0.37810129983771007,35.0,0.0,0.0,35.0,0.0,0.0,0.0
支撑转阻力确认空头,结构角色转换,174e74ff24ab77a4,REJECTED,2025-08,211,True,2025-07,71.0,0.11067960966508063,0.10988831405567008,1.477720547516797,0.9491718780815247,0.06527299120066193,0.1268349774765342,-0.7399333869310873,0.12791842208648596,-0.7387687436874883,58.0,0.0,0.0,58.0,0.0,0.0,0.0
支撑转阻力确认空头,结构角色转换,174e74ff24ab77a4,REJECTED,2025-09,199,True,2025-08,211.0,0.16024527951532183,0.16080355619263637,1.4777519305862585,0.9145092042684905,0.03786356149518329,0.20378040272898879,-0.5048704325123657,0.1872187365094842,-0.5338319239494135,22.0,0.0,0.0,22.0,0.0,0.0,0.0
支撑转阻力确认空头,结构角色转换,174e74ff24ab77a4,REJECTED,2025-10,175,True,2025-09,199.0,0.17871356467809396,0.18028928987704937,1.4563777196247893,0.8857445129600524,0.038988466275458475,0.24622592657905312,-0.39033801585671296,0.29071002235265525,-0.3097351169483267,50.0,0.0,2.0,48.0,2.0,0.0,0.0
支撑转阻力确认空头,结构角色转换,174e74ff24ab77a4,REJECTED,2025-11,248,True,2025-10,175.0,0.19170323183796079,0.18978365678483028,1.4849943335822446,0.8668945127612776,0.041576092031015,0.2628597991751857,-0.3340303023359317,0.2649828049424503,-0.3273451271321839,57.0,0.0,0.0,57.0,0.0,0.0,0.0
支撑转阻力确认空头,结构角色转换,174e74ff24ab77a4,REJECTED,2025-12,179,True,2025-11,248.0,0.1874618123477793,0.18666713878379745,1.511601402844458,0.8932861657741156,0.03492503492505239,0.2500202126760089,-0.3702777757047512,0.24964106126861665,-0.37009725030122087,34.0,0.0,0.0,34.0,0.0,0.0,0.0
支撑转阻力确认空头,结构角色转换,174e74ff24ab77a4,REJECTED,2026-01,229,True,2025-12,179.0,0.17648171641976124,0.17628298339670573,1.5021902000039842,0.934024996046839,0.041108930101356474,0.2290300273001698,-0.4591929808850168,0.22943288591486333,-0.45827504541678377,51.0,0.0,0.0,51.0,0.0,0.0,0.0
支撑转阻力确认空头,结构角色转换,174e74ff24ab77a4,REJECTED,2026-02,234,True,2026-01,229.0,0.19125399991335715,0.1910344400255237,1.3974201043426713,0.9525922620054887,0.03634502302502994,0.2576565706502204,-0.42718096798473676,0.2574945743645693,-0.4272280676916733,27.0,0.0,0.0,27.0,0.0,0.0,0.0
支撑转阻力确认空头,结构角色转换,174e74ff24ab77a4,REJECTED,2026-03,196,True,2026-02,234.0,0.1864246260737567,0.18411873395890202,1.5380866723099094,0.9357506523814023,0.03595462477533374,0.24787255895432142,-0.40168624515733353,0.24756462882056787,-0.40550427328332717,34.0,0.0,0.0,34.0,0.0,0.0,0.0
支撑转阻力确认空头,结构角色转换,174e74ff24ab77a4,REJECTED,2026-04,138,True,2026-03,196.0,0.20280406561227882,0.20018899650181798,1.4830838684300873,0.9230863880748879,0.03928571428571429,0.2856700420772912,-0.31999953359834593,0.2820865677012733,-0.3277619452526545,17.0,0.0,0.0,17.0,0.0,0.0,0.0
支撑转阻力确认空头,结构角色转换,174e74ff24ab77a4,REJECTED,2026-05,194,True,2026-04,138.0,0.16899390101397344,0.1697245488736959,1.4774808013003387,1.0016554925540215,0.04681910919173118,0.21736102936675009,-0.550728753573417,0.21159519564801843,-0.561998041600113,37.0,0.0,0.0,37.0,0.0,0.0,0.0
缩量回踩恢复多头,量价回踩,612581c35b84da3c,REJECTED,2025-05,2,False,,,,,,,,,,,,,,,,,,
缩量回踩恢复多头,量价回踩,612581c35b84da3c,REJECTED,2025-06,0,False,,,,,,,,,,,,,,,,,,
缩量回踩恢复多头,量价回踩,612581c35b84da3c,REJECTED,2025-07,0,False,,,,,,,,,,,,,,,,,,
缩量回踩恢复多头,量价回踩,612581c35b84da3c,REJECTED,2025-08,0,False,,,,,,,,,,,,,,,,,,
缩量回踩恢复多头,量价回踩,612581c35b84da3c,REJECTED,2025-09,0,False,,,,,,,,,,,,,,,,,,
缩量回踩恢复多头,量价回踩,612581c35b84da3c,REJECTED,2025-10,0,False,,,,,,,,,,,,,,,,,,
缩量回踩恢复多头,量价回踩,612581c35b84da3c,REJECTED,2025-11,0,False,,,,,,,,,,,,,,,,,,
缩量回踩恢复多头,量价回踩,612581c35b84da3c,REJECTED,2025-12,2,False,,,,,,,,,,,,,,,,,,
缩量回踩恢复多头,量价回踩,612581c35b84da3c,REJECTED,2026-01,0,False,,,,,,,,,,,,,,,,,,
缩量回踩恢复多头,量价回踩,612581c35b84da3c,REJECTED,2026-02,0,False,,,,,,,,,,,,,,,,,,
缩量回踩恢复多头,量价回踩,612581c35b84da3c,REJECTED,2026-03,0,False,,,,,,,,,,,,,,,,,,
缩量回踩恢复多头,量价回踩,612581c35b84da3c,REJECTED,2026-04,1,False,,,,,,,,,,,,,,,,,,
缩量回踩恢复多头,量价回踩,612581c35b84da3c,REJECTED,2026-05,0,False,,,,,,,,,,,,,,,,,,
缩量反抽恢复空头,量价回踩,b55421f3522a3f16,REJECTED,2025-05,1,False,,,,,,,,,,,,,,,,,,
缩量反抽恢复空头,量价回踩,b55421f3522a3f16,REJECTED,2025-06,0,False,,,,,,,,,,,,,,,,,,
缩量反抽恢复空头,量价回踩,b55421f3522a3f16,REJECTED,2025-07,0,False,,,,,,,,,,,,,,,,,,
缩量反抽恢复空头,量价回踩,b55421f3522a3f16,REJECTED,2025-08,1,False,,,,,,,,,,,,,,,,,,
缩量反抽恢复空头,量价回踩,b55421f3522a3f16,REJECTED,2025-09,0,False,,,,,,,,,,,,,,,,,,
缩量反抽恢复空头,量价回踩,b55421f3522a3f16,REJECTED,2025-10,1,False,,,,,,,,,,,,,,,,,,
缩量反抽恢复空头,量价回踩,b55421f3522a3f16,REJECTED,2025-11,2,False,,,,,,,,,,,,,,,,,,
缩量反抽恢复空头,量价回踩,b55421f3522a3f16,REJECTED,2025-12,1,False,,,,,,,,,,,,,,,,,,
缩量反抽恢复空头,量价回踩,b55421f3522a3f16,REJECTED,2026-01,0,False,,,,,,,,,,,,,,,,,,
缩量反抽恢复空头,量价回踩,b55421f3522a3f16,REJECTED,2026-02,0,False,,,,,,,,,,,,,,,,,,
缩量反抽恢复空头,量价回踩,b55421f3522a3f16,REJECTED,2026-03,0,False,,,,,,,,,,,,,,,,,,
缩量反抽恢复空头,量价回踩,b55421f3522a3f16,REJECTED,2026-04,1,False,,,,,,,,,,,,,,,,,,
缩量反抽恢复空头,量价回踩,b55421f3522a3f16,REJECTED,2026-05,1,False,,,,,,,,,,,,,,,,,,
欧美时段顺势延续多头,时段延续,792c97e8b4c0b8eb,REJECTED,2025-05,189,True,2025-04,317.0,0.16655320458667502,0.16614514334843378,1.7201358079474076,0.943104917475463,0.030891077596595175,0.2113584806376385,-0.4518938652617689,0.211126035243966,-0.4536568441133617,16.0,0.0,0.0,16.0,0.0,0.0,0.0
欧美时段顺势延续多头,时段延续,792c97e8b4c0b8eb,REJECTED,2025-06,246,True,2025-05,189.0,0.1730969358851474,0.1791738867991231,1.7134985200687525,0.9333575130649384,0.040006613209931936,0.23807137884115273,-0.3848269298097857,0.25039450549455045,-0.35957319363388407,42.0,0.0,0.0,42.0,0.0,0.0,0.0
欧美时段顺势延续多头,时段延续,792c97e8b4c0b8eb,REJECTED,2025-07,104,True,2025-06,246.0,0.19191805295014155,0.19371689212097637,1.669939684163872,0.9091530646390147,0.03506671921848361,0.26424010422263444,-0.3064982336141928,0.269008560646856,-0.2952740045730065,13.0,0.0,0.0,13.0,0.0,0.0,0.0
欧美时段顺势延续多头,时段延续,792c97e8b4c0b8eb,REJECTED,2025-08,154,True,2025-07,104.0,0.21615344890193045,0.21936688479121724,1.7127600160167846,1.0439316392777986,0.05393193716300062,0.32684303939243403,-0.24328609124605458,0.3282767364441538,-0.23915126039767348,14.0,0.0,3.0,11.0,3.0,0.0,0.0
欧美时段顺势延续多头,时段延续,792c97e8b4c0b8eb,REJECTED,2025-09,246,True,2025-08,154.0,0.14097795885620454,0.1440148544277502,1.712798472858387,0.9740532346760213,0.04432026302139592,0.17532311206611578,-0.5848096697533337,0.18025972767678058,-0.574157814600695,41.0,0.0,0.0,41.0,0.0,0.0,0.0
欧美时段顺势延续多头,时段延续,792c97e8b4c0b8eb,REJECTED,2025-10,233,True,2025-09,246.0,0.17545347136332431,0.17721612356954433,1.7127781972663754,0.8764251121552624,0.03506671921848361,0.23169236725647116,-0.35351131370729866,0.21014635624885725,-0.39470613741355054,11.0,0.0,0.0,11.0,0.0,0.0,0.0
欧美时段顺势延续多头,时段延续,792c97e8b4c0b8eb,REJECTED,2025-11,131,True,2025-10,233.0,0.19524227681699183,0.1941952759827009,1.7127965826177625,0.989482101854477,0.03603169801442301,0.2660958737968715,-0.35059239630757466,0.26586341717229267,-0.35126124723835767,13.0,0.0,0.0,13.0,0.0,0.0,0.0
欧美时段顺势延续多头,时段延续,792c97e8b4c0b8eb,REJECTED,2025-12,140,True,2025-11,131.0,0.1577339395378018,0.15825605571893056,1.7183309510642653,0.9914206709905825,0.04805372311635709,0.19847531002212856,-0.5413900013540144,0.19766630141288602,-0.5423925943756115,14.0,0.0,0.0,14.0,0.0,0.0,0.0
欧美时段顺势延续多头,时段延续,792c97e8b4c0b8eb,REJECTED,2026-01,156,True,2025-12,140.0,0.15120223996180288,0.15112950025381294,1.720798102633825,0.9978348940349931,0.04648348401006842,0.18570190512580992,-0.5783349074722907,0.18711850347323175,-0.57543210966256,32.0,0.0,0.0,32.0,0.0,0.0,0.0
欧美时段顺势延续多头,时段延续,792c97e8b4c0b8eb,REJECTED,2026-02,136,True,2026-01,156.0,0.19776113070008686,0.21086412743077104,1.7156282083990904,0.9343549795928113,0.04403524229639896,0.33333184480140543,-0.139557428336788,0.3848322226904219,-0.022910535804095834,20.0,0.0,20.0,0.0,20.0,20.0,3.0
欧美时段顺势延续多头,时段延续,792c97e8b4c0b8eb,REJECTED,2026-03,231,True,2026-02,136.0,0.1755467606458245,0.17595483293088746,1.7245532862768644,0.7950091187347716,0.04716211091418993,0.2279422157731781,-0.3097651448865918,0.23591176646500966,-0.2947828782974476,41.0,0.0,0.0,41.0,0.0,0.0,0.0
欧美时段顺势延续多头,时段延续,792c97e8b4c0b8eb,REJECTED,2026-04,260,True,2026-03,231.0,0.15032237343749996,0.1534298256330101,1.7344318264063838,0.8629822152471371,0.0361873432227873,0.19046172625560626,-0.4431896312933954,0.1754014732381697,-0.474111105887307,19.0,0.0,0.0,19.0,0.0,0.0,0.0
欧美时段顺势延续多头,时段延续,792c97e8b4c0b8eb,REJECTED,2026-05,204,True,2026-04,260.0,0.18487246105753447,0.18532536347321396,1.7144919416633426,0.8450613950087439,0.03410955201203233,0.24615702770873873,-0.29212707439519464,0.2395126072255163,-0.30523824016877643,12.0,0.0,0.0,12.0,0.0,0.0,0.0
欧美时段顺势延续空头,时段延续,4337d47dd551514a,REJECTED,2025-05,193,True,2025-04,111.0,0.1997952386888519,0.20084963386283283,1.743332037067593,0.8469248749119004,0.05220368976638745,0.27927961725779615,-0.22042368823094702,0.3068395003788681,-0.16625850902164788,54.0,0.0,0.0,54.0,0.0,0.0,0.0
欧美时段顺势延续空头,时段延续,4337d47dd551514a,REJECTED,2025-06,180,True,2025-05,193.0,0.1590002511047581,0.16292838089848777,1.71471051493442,0.847100034050199,0.0395898662911782,0.2071930861718811,-0.39578709234694504,0.1952107495706905,-0.41910573933385803,6.0,0.0,0.0,6.0,0.0,0.0,0.0
欧美时段顺势延续空头,时段延续,4337d47dd551514a,REJECTED,2025-07,54,True,2025-06,180.0,0.15136284986762033,0.15269683496877978,1.7153849739431877,0.9096172266218694,0.040994579587496145,0.18889136070740042,-0.4937232257100567,0.20563507883930218,-0.45886896657151416,11.0,0.0,0.0,11.0,0.0,0.0,0.0
欧美时段顺势延续空头,时段延续,4337d47dd551514a,REJECTED,2025-08,196,False,,,,,,,,,,,,,,,,,,
欧美时段顺势延续空头,时段延续,4337d47dd551514a,REJECTED,2025-09,140,True,2025-08,196.0,0.1286159368529332,0.1284282576135914,1.7152707159863152,0.8818538323499765,0.03928571428571429,0.15304447047137626,-0.5594729664376514,0.14180522252200214,-0.5826530865084562,14.0,0.0,0.0,14.0,0.0,0.0,0.0
欧美时段顺势延续空头,时段延续,4337d47dd551514a,REJECTED,2025-10,212,True,2025-09,140.0,0.09275884762045127,0.11276402902053828,1.6381661839828436,0.8462527141012061,0.04648348401006842,0.14286097257233898,-0.5682352598663394,0.23901621205781037,-0.376959616447985,40.0,0.0,0.0,40.0,0.0,0.0,0.0
欧美时段顺势延续空头,时段延续,4337d47dd551514a,REJECTED,2025-11,287,True,2025-10,212.0,0.22821143016909626,0.2282453941079339,1.7241802631478398,0.7746294560530919,0.03777415508588949,0.35378601948267185,0.023923043304429396,0.35418147485305523,0.024845585254071052,36.0,0.0,36.0,0.0,36.0,36.0,2.0
欧美时段顺势延续空头,时段延续,4337d47dd551514a,REJECTED,2025-12,228,True,2025-11,287.0,0.17852784420755577,0.18046878767479418,1.7673686188266597,0.8506703435616009,0.032465473485552544,0.2369513574520207,-0.30505461827605823,0.23883217116083605,-0.3016827803375806,41.0,0.0,0.0,41.0,0.0,0.0,0.0
欧美时段顺势延续空头,时段延续,4337d47dd551514a,REJECTED,2026-01,286,True,2025-12,228.0,0.12620327900007358,0.12637871650044938,1.738141500958455,0.8029798573453728,0.03642463981928871,0.1491204236477218,-0.49598097758174564,0.15047010695728258,-0.4932907993454656,37.0,0.0,0.0,37.0,0.0,0.0,0.0
欧美时段顺势延续空头,时段延续,4337d47dd551514a,REJECTED,2026-02,298,True,2026-01,286.0,0.20543498032540788,0.19859337613545422,1.7339319189432996,0.841373724297422,0.03252218177939955,0.2902087898205643,-0.171873924937967,0.3026750711894524,-0.1445941028955627,65.0,0.0,31.0,34.0,31.0,0.0,0.0
欧美时段顺势延续空头,时段延续,4337d47dd551514a,REJECTED,2026-03,191,True,2026-02,298.0,0.21773066168621033,0.21652099484488055,1.6917876949819803,0.87811146946712,0.03186064454999208,0.3221112751228872,-0.12882396575938287,0.3284556607070258,-0.11674903449403996,48.0,0.0,47.0,1.0,47.0,0.0,0.0
欧美时段顺势延续空头,时段延续,4337d47dd551514a,REJECTED,2026-04,126,True,2026-03,191.0,0.20011286582444046,0.20041907762916122,1.7187252432334637,0.7887277123862834,0.03979660329108319,0.27756642543845483,-0.17730665538331433,0.26764646339047315,-0.1956504804735516,2.0,0.0,0.0,2.0,0.0,0.0,0.0
欧美时段顺势延续空头,时段延续,4337d47dd551514a,REJECTED,2026-05,179,True,2026-04,126.0,0.18259294477606278,0.1897424981844531,1.7144927156894993,0.9589619594110769,0.04899789435061114,0.2698678034869639,-0.3292596893436594,0.20632591121958183,-0.457239654820856,11.0,0.0,1.0,10.0,1.0,0.0,0.0
区间扫低立即收回多头,流动性反转,85bcae0edbb1c312,REJECTED,2025-05,47,True,2025-04,66.0,0.18227447466681757,0.18352190244271904,1.6112514631492802,0.9256196402787178,0.06770032003863301,0.2424157614690207,-0.4210195793189683,0.2437461147379571,-0.4183890411630944,12.0,0.0,0.0,12.0,0.0,0.0,0.0
区间扫低立即收回多头,流动性反转,85bcae0edbb1c312,REJECTED,2025-06,55,True,2025-05,47.0,0.09424363384251756,0.09505622075770558,1.6953617927821163,0.9627971992403694,0.08022574532384201,0.10640788278945452,-0.7908884344130033,0.10613358654624792,-0.7914143846848957,12.0,0.0,0.0,12.0,0.0,0.0,0.0
区间扫低立即收回多头,流动性反转,85bcae0edbb1c312,REJECTED,2025-07,25,True,2025-06,55.0,0.1881299927688573,0.18971262072441453,1.6953888958790124,0.8786425123343873,0.07416198487095664,0.25454449435371174,-0.3409569316622857,0.2723659469053825,-0.3064018681542935,12.0,0.0,0.0,12.0,0.0,0.0,0.0
区间扫低立即收回多头,流动性反转,85bcae0edbb1c312,REJECTED,2025-08,41,True,2025-07,25.0,0.10558101685207881,0.10557870288714694,1.2619443274248416,0.9987729095410001,0.11000000000000001,0.11999969233288243,-0.869963042351541,0.11887778888798534,-0.8718538690531767,6.0,0.0,0.0,6.0,0.0,0.0,0.0
区间扫低立即收回多头,流动性反转,85bcae0edbb1c312,REJECTED,2025-09,58,True,2025-08,41.0,0.17972915479177237,0.1842192931470732,1.695437990387941,0.9484027921603715,0.08589556903873334,0.24390899726243923,-0.4318455998927176,0.2574077806250816,-0.40481549971599645,16.0,0.0,0.0,16.0,0.0,0.0,0.0
区间扫低立即收回多头,流动性反转,85bcae0edbb1c312,REJECTED,2025-10,32,True,2025-09,58.0,0.13042359717979107,0.13107963159246508,1.6954220512211025,0.7744323127534211,0.07221853807284741,0.15519844186486328,-0.49946370031719334,0.15588806017384557,-0.49823553253215636,10.0,0.0,0.0,10.0,0.0,0.0,0.0
区间扫低立即收回多头,流动性反转,85bcae0edbb1c312,REJECTED,2025-11,47,True,2025-10,32.0,0.20214575566193782,0.20135878812703165,1.6954381935045548,0.7294386309924069,0.09722718241315029,0.28125182619214184,-0.18957551382094068,0.2812263088661051,-0.19000447016698296,6.0,0.0,0.0,6.0,0.0,0.0,0.0
区间扫低立即收回多头,流动性反转,85bcae0edbb1c312,REJECTED,2025-12,43,True,2025-11,47.0,0.19791493440978944,0.20004038543903013,1.695325528085366,0.8181172809975714,0.08022574532384201,0.276603529136439,-0.24761067852753874,0.2757282886407714,-0.24922264830465649,7.0,0.0,0.0,7.0,0.0,0.0,0.0
区间扫低立即收回多头,流动性反转,85bcae0edbb1c312,REJECTED,2026-01,32,True,2025-12,43.0,0.13948711515682127,0.15092513679820868,1.6952817454196976,0.7377797473256508,0.08387421368293257,0.18610552341511605,-0.4062178877751315,0.19762398951348517,-0.38496843167898775,7.0,0.0,0.0,7.0,0.0,0.0,0.0
区间扫低立即收回多头,流动性反转,85bcae0edbb1c312,REJECTED,2026-02,61,True,2026-01,32.0,0.10880380329322174,0.10921791085396637,1.6952845091008832,0.8905503120892545,0.09722718241315029,0.12501692167136041,-0.6974882890651904,0.12921090739820226,-0.6892950110849269,20.0,0.0,0.0,20.0,0.0,0.0,0.0
区间扫低立即收回多头,流动性反转,85bcae0edbb1c312,REJECTED,2026-03,77,True,2026-02,61.0,0.10140966452283195,0.1015638300298536,1.6950849648044441,0.913224027401594,0.0704202839630928,0.11468444887088806,-0.7163113729459528,0.11582340963995735,-0.7140825714034846,18.0,0.0,0.0,18.0,0.0,0.0,0.0
区间扫低立即收回多头,流动性反转,85bcae0edbb1c312,REJECTED,2026-04,36,True,2026-03,77.0,0.16011044876797467,0.1642731764448819,1.6950977781441503,0.9871606463650439,0.06267831705280087,0.20778469291194365,-0.5325203845331637,0.199855641383766,-0.5487656045039467,6.0,0.0,0.0,6.0,0.0,0.0,0.0
区间扫低立即收回多头,流动性反转,85bcae0edbb1c312,REJECTED,2026-05,68,True,2026-04,36.0,0.22220402862173974,0.23004951465448442,1.6126556707092117,0.7297418740761991,0.09166666666666667,0.3611113615671732,-0.022698333834682973,0.3520152970564411,-0.038281657580085005,13.0,0.0,13.0,0.0,13.0,1.0,1.0
区间扫高立即跌回空头,流动性反转,9725d216812a9017,REJECTED,2025-05,57,True,2025-04,72.0,0.18009377673754617,0.18035271187375557,1.697260227818287,0.9014448377022197,0.06481812160876686,0.2361138925851466,-0.3950554120267663,0.2386611579398354,-0.3900426204262432,15.0,0.0,0.0,15.0,0.0,0.0,0.0
区间扫高立即跌回空头,流动性反转,9725d216812a9017,REJECTED,2025-06,61,True,2025-05,57.0,0.2073912434562708,0.20925176148739824,1.6973767431785876,0.8639134297019911,0.07284927963857742,0.29825085978404636,-0.21835020673658362,0.29344280236516673,-0.22760979792954394,7.0,0.0,0.0,7.0,0.0,0.0,0.0
区间扫高立即跌回空头,流动性反转,9725d216812a9017,REJECTED,2025-07,14,True,2025-06,61.0,0.1921889480384937,0.19321491899343343,1.5950250859371042,0.8326685388064783,0.0704202839630928,0.26229754716443104,-0.31015408539593115,0.2626493789532897,-0.3094619667499837,3.0,0.0,0.0,3.0,0.0,0.0,0.0
区间扫高立即跌回空头,流动性反转,9725d216812a9017,REJECTED,2025-08,40,True,2025-07,14.0,0.16709405722108286,0.1679484128322792,1.6974290848094438,1.1039807347518096,0.1469936830518334,0.2143076779694495,-0.691504182354021,0.0,0.0,0.0,0.0,0.0,0.0,0.0,0.0,0.0
区间扫高立即跌回空头,流动性反转,9725d216812a9017,REJECTED,2025-09,61,True,2025-08,40.0,0.15972950598039204,0.15997439110938064,1.6974293365256043,0.8084907496202322,0.08696263565463043,0.2000073518761501,-0.4342210167345666,0.20314751116881888,-0.4282863501137262,16.0,0.0,0.0,16.0,0.0,0.0,0.0
区间扫高立即跌回空头,流动性反转,9725d216812a9017,REJECTED,2025-10,38,True,2025-09,61.0,0.21003599422413605,0.2142210618320401,1.5556216546946657,0.9838645722840129,0.0704202839630928,0.3114972704400094,-0.30907956867142533,0.3002104730193515,-0.33087674470860795,8.0,0.0,0.0,8.0,0.0,0.0,0.0
区间扫高立即跌回空头,流动性反转,9725d216812a9017,REJECTED,2025-11,49,True,2025-10,38.0,0.11406531167828078,0.1142262328763167,1.6974399458079799,1.0372608244372519,0.0892217816219194,0.13154497848781976,-0.8004940345547569,0.13429327501211322,-0.7948872249753581,15.0,0.0,0.0,15.0,0.0,0.0,0.0
区间扫高立即跌回空头,流动性反转,9725d216812a9017,REJECTED,2025-12,36,True,2025-11,49.0,0.1740577642854223,0.17407113060742793,1.6973728048248977,0.8554333693622685,0.07857142857142858,0.2245057518085483,-0.4026064246247177,0.22266508825937795,-0.406129859375849,2.0,0.0,0.0,2.0,0.0,0.0,0.0
区间扫高立即跌回空头,流动性反转,9725d216812a9017,REJECTED,2026-01,53,True,2025-12,36.0,0.07426019507650175,0.07636758616977762,1.6973039212594425,1.0038349474699937,0.09166666666666667,0.08336045899166834,-0.8975902572559153,0.0813825925818483,-0.9016317274624992,9.0,0.0,0.0,9.0,0.0,0.0,0.0
区间扫高立即跌回空头,流动性反转,9725d216812a9017,REJECTED,2026-02,59,True,2026-01,53.0,0.20041091582087753,0.20974893662721739,1.502355893805207,0.8321300363792685,0.07554831017177897,0.3018910936668458,-0.2476849787089655,0.3100326983624021,-0.23262363887578064,14.0,0.0,6.0,8.0,6.0,1.0,1.0
区间扫高立即跌回空头,流动性反转,9725d216812a9017,REJECTED,2026-03,50,True,2026-02,59.0,0.23784234408955465,0.23754746502796137,1.7020749853345902,0.8604037859015142,0.07160390103945313,0.38982577310200045,0.01814490950175535,0.389348572760186,0.017288299703221696,4.0,0.0,4.0,0.0,4.0,4.0,1.0
区间扫高立即跌回空头,流动性反转,9725d216812a9017,REJECTED,2026-04,51,True,2026-03,50.0,0.19175544322862745,0.192369830026025,1.7007622062866423,0.8870409974285536,0.07778174593052023,0.2600080627015345,-0.3357785029068539,0.25871602044890585,-0.33817963797690265,6.0,0.0,0.0,6.0,0.0,0.0,0.0
区间扫高立即跌回空头,流动性反转,9725d216812a9017,REJECTED,2026-05,80,True,2026-04,51.0,0.16791037840379094,0.16909017990370634,1.6971280912331748,0.869350781475425,0.07701540462154054,0.21571905441423575,-0.43372583750991284,0.21450003802308926,-0.4361296865320492,12.0,0.0,0.0,12.0,0.0,0.0,0.0
扫低后确认K多头,流动性确认,3bd6a29bd8ffd119,REJECTED,2025-05,109,True,2025-04,184.0,0.19282975046957637,0.194883226586193,1.6627436549477996,0.9386108403628992,0.040546537942596717,0.2663774048440076,-0.3301672495686753,0.26657034266132257,-0.3298111507311297,13.0,0.0,0.0,13.0,0.0,0.0,0.0
扫低后确认K多头,流动性确认,3bd6a29bd8ffd119,REJECTED,2025-06,137,True,2025-05,109.0,0.1176663461788574,0.11866543135182439,1.6953719508525114,0.9288378328988236,0.052680445687163326,0.13761752496190294,-0.6546775687942397,0.13554796114009857,-0.6587522112967821,12.0,0.0,0.0,12.0,0.0,0.0,0.0
扫低后确认K多头,流动性确认,3bd6a29bd8ffd119,REJECTED,2025-07,55,True,2025-06,137.0,0.17914827163456828,0.18226001563745142,1.6953927688079438,0.8655762900197809,0.046989671174421856,0.24087772923965733,-0.33803298356663614,0.26271858866103764,-0.2953262756723619,16.0,0.0,0.0,16.0,0.0,0.0,0.0
扫低后确认K多头,流动性确认,3bd6a29bd8ffd119,REJECTED,2025-08,112,True,2025-07,55.0,0.13684298692364805,0.13647992270688966,1.3951168955846667,0.9715408194222434,0.07416198487095664,0.16360804969154027,-0.6954722896453958,0.1634687900377306,-0.6956034306620095,18.0,0.0,0.0,18.0,0.0,0.0,0.0
扫低后确认K多头,流动性确认,3bd6a29bd8ffd119,REJECTED,2025-09,120,True,2025-08,112.0,0.2146988750545864,0.21478118014707753,1.6954364437077718,0.9508282319662494,0.05197011503876874,0.3125030655670288,-0.2221257936501335,0.31163611993644047,-0.22375280722680993,12.0,0.0,0.0,12.0,0.0,0.0,0.0
扫低后确认K多头,流动性确认,3bd6a29bd8ffd119,REJECTED,2025-10,94,True,2025-09,120.0,0.14371652410076052,0.144320658844432,1.6954229678141226,0.8934683928884195,0.05020790110464023,0.1749792255007462,-0.5285825678752291,0.1727322836160395,-0.5328408101496155,10.0,0.0,0.0,10.0,0.0,0.0,0.0
扫低后确认K多头,流动性确认,3bd6a29bd8ffd119,REJECTED,2025-11,117,True,2025-10,94.0,0.18980053950008766,0.1901233537884,1.695443951062612,0.8473934823938287,0.05672816854423364,0.25532193887537324,-0.29844657474121533,0.25726214379943296,-0.29472800142090466,13.0,0.0,0.0,13.0,0.0,0.0,0.0
扫低后确认K多头,流动性确认,3bd6a29bd8ffd119,REJECTED,2025-12,89,True,2025-11,117.0,0.13488813455108964,0.13593485927933285,1.6953281683838952,0.8651375075970273,0.05084751798731267,0.16240147277449618,-0.5368912760866177,0.1658030464366896,-0.5303049371000778,15.0,0.0,0.0,15.0,0.0,0.0,0.0
扫低后确认K多头,流动性确认,3bd6a29bd8ffd119,REJECTED,2026-01,93,True,2025-12,89.0,0.19511814360817983,0.19646149726145096,1.6402962589854286,0.7921128263123326,0.058299883400349806,0.2696748854361217,-0.23857846983329548,0.2766709465464446,-0.22623756117397784,12.0,0.0,0.0,12.0,0.0,0.0,0.0
扫低后确认K多头,流动性确认,3bd6a29bd8ffd119,REJECTED,2026-02,137,True,2026-01,93.0,0.12283297528501805,0.12744959317346605,1.486063649975793,0.8951567750226487,0.05703234321017339,0.15052861924271144,-0.6287397138540505,0.15560736060905947,-0.6191713510943061,16.0,0.0,0.0,16.0,0.0,0.0,0.0
扫低后确认K多头,流动性确认,3bd6a29bd8ffd119,REJECTED,2026-03,144,True,2026-02,137.0,0.16960420523185948,0.17003450272261098,1.7056746255408788,0.9598083333255909,0.046989671174421856,0.21900882639250097,-0.46424241047217196,0.21597758551367877,-0.47030885118663907,19.0,0.0,0.0,19.0,0.0,0.0,0.0
扫低后确认K多头,流动性确认,3bd6a29bd8ffd119,REJECTED,2026-04,97,True,2026-03,144.0,0.2121892273750783,0.21211725548791482,1.69514486994333,0.9230843872825186,0.04583333333333334,0.30559134294577256,-0.21488961277198396,0.30574952189753196,-0.21453417290311286,13.0,0.0,0.0,13.0,0.0,0.0,0.0
扫低后确认K多头,流动性确认,3bd6a29bd8ffd119,REJECTED,2026-05,140,True,2026-04,97.0,0.24925670425623614,0.24950822403707734,1.6413500780641443,0.8067001297501166,0.055844039082349056,0.48455587001883976,0.27374650454638755,0.482610905274272,0.2694521803549257,12.0,0.0,12.0,0.0,12.0,12.0,2.0
扫高后确认K空头,流动性确认,2605712f51fd787a,REJECTED,2025-05,132,True,2025-04,168.0,0.19609758914764375,0.1959967002747422,1.4683065246512434,0.9417918046563852,0.042433421239575275,0.26785045334020163,-0.3829219139758884,0.2677016855211157,-0.38308310843784593,21.0,0.0,0.0,21.0,0.0,0.0,0.0
扫高后确认K空头,流动性确认,2605712f51fd787a,REJECTED,2025-06,150,True,2025-05,132.0,0.1670371153554912,0.16648926770384653,1.4669176961577022,0.8519574249152482,0.04787135538781691,0.21210749679572347,-0.4488444157102611,0.21631753592971725,-0.4418292590149331,43.0,0.0,0.0,43.0,0.0,0.0,0.0
扫高后确认K空头,流动性确认,2605712f51fd787a,REJECTED,2025-07,39,True,2025-06,150.0,0.18229063681432342,0.18220807414653933,1.4669377465920785,0.8977895813336109,0.04490731195102494,0.24000617122452875,-0.41784836635608386,0.24041308053369648,-0.41668594239154744,7.0,0.0,0.0,7.0,0.0,0.0,0.0
扫高后确认K空头,流动性确认,2605712f51fd787a,REJECTED,2025-08,101,True,2025-07,39.0,0.16643965404841568,0.17650486018724346,1.4669604166538457,0.83018706342291,0.08807048459279793,0.23075671451101387,-0.42896345351479526,0.2262278490151567,-0.43662162925673625,18.0,0.0,0.0,18.0,0.0,0.0,0.0
扫高后确认K空头,流动性确认,2605712f51fd787a,REJECTED,2025-09,133,True,2025-08,101.0,0.18152004736427318,0.1857808413641697,1.4669699714723867,0.89883045498304,0.05472704546154941,0.2475883527002041,-0.41046133715031846,0.2504195101152175,-0.40551940716603097,30.0,0.0,0.0,30.0,0.0,0.0,0.0
扫高后确认K空头,流动性确认,2605712f51fd787a,REJECTED,2025-10,85,True,2025-09,133.0,0.19699718249579753,0.197238430758236,1.41208084902831,0.8800410196132512,0.0476910483238266,0.2706886301381,-0.35168237701862676,0.26862277506604176,-0.3555153209058632,14.0,0.0,0.0,14.0,0.0,0.0,0.0
扫高后确认K空头,流动性确认,2605712f51fd787a,REJECTED,2025-11,105,True,2025-10,85.0,0.11242624568540768,0.11260351447857368,1.4669755424701485,1.0277706269535374,0.05965587590013045,0.1293968071520336,-0.7981269821056508,0.12943085726565692,-0.7979748543189648,23.0,0.0,0.0,23.0,0.0,0.0,0.0
扫高后确认K空头,流动性确认,2605712f51fd787a,REJECTED,2025-12,94,True,2025-11,105.0,0.1447632940968476,0.14809123770914992,1.4669034982595806,0.8914448100016064,0.05367450401216933,0.1810155626211891,-0.5563118617006083,0.17402181112379939,-0.568812772495432,12.0,0.0,0.0,12.0,0.0,0.0,0.0
扫高后确认K空头,流动性确认,2605712f51fd787a,REJECTED,2026-01,91,True,2025-12,94.0,0.15479711748314204,0.15479737196057355,1.4668234946497845,0.919745608709298,0.05672816854423364,0.19145866964180652,-0.5588895518340653,0.19122426567827377,-0.5592071148000853,21.0,0.0,0.0,21.0,0.0,0.0,0.0
扫高后确认K空头,流动性确认,2605712f51fd787a,REJECTED,2026-02,106,True,2026-01,91.0,0.2026972125848601,0.20389980064922755,1.2494505549357586,0.8802478474642117,0.057655666019705516,0.28572870464046524,-0.3744213115346413,0.28096016570517507,-0.38251600167499666,13.0,0.0,0.0,13.0,0.0,0.0,0.0
扫高后确认K空头,流动性确认,2605712f51fd787a,REJECTED,2026-03,101,True,2026-02,106.0,0.18884453878733248,0.18963300482074702,1.4665971917560856,0.8467282475128284,0.053420722429649535,0.25471741974404233,-0.354333631563361,0.2560149260621379,-0.35216664478770116,23.0,0.0,0.0,23.0,0.0,0.0,0.0
扫高后确认K空头,流动性确认,2605712f51fd787a,REJECTED,2026-04,103,True,2026-03,101.0,0.20735131098755893,0.2084638774737115,1.467803674431884,1.044500877601494,0.05472704546154941,0.29702163728954933,-0.398555804887496,0.29285791921321586,-0.4064257544105166,21.0,0.0,0.0,21.0,0.0,0.0,0.0
扫高后确认K空头,流动性确认,2605712f51fd787a,REJECTED,2026-05,160,True,2026-04,103.0,0.1470135644429512,0.15504185489601557,1.4666583459316553,0.8783877270677631,0.05419311029903613,0.1941760391882761,-0.5155772089448486,0.18439506111424478,-0.5327554105626138,28.0,0.0,0.0,28.0,0.0,0.0,0.0
区间二次测试不破多头,二次测试,5911315f52956132,REJECTED,2025-05,18,True,2025-04,26.0,0.19138827956272297,0.232833465672504,1.7201460826729624,0.9081518126520514,0.10786387432600124,0.42306684582447845,0.05219010142321852,0.5102819604822219,0.23323202318198744,4.0,0.0,4.0,0.0,4.0,4.0,3.0
区间二次测试不破多头,二次测试,5911315f52956132,REJECTED,2025-06,19,True,2025-05,18.0,0.13820499683291027,0.1381726004187462,1.6953666408560704,1.0099274497516373,0.12963624321753373,0.16666709454647094,-0.7258654795319319,0.16805546659560555,-0.7226385302472531,0.0,0.0,0.0,0.0,0.0,0.0,0.0
区间二次测试不破多头,二次测试,5911315f52956132,REJECTED,2025-07,8,True,2025-06,19.0,0.09273792585745733,0.09372907102765685,1.6953927751037334,1.2830783647347566,0.12617865362880898,0.10527615235522174,-1.1261599059991365,0.11356223209817327,-1.1073298208519848,2.0,0.0,0.0,2.0,0.0,0.0,0.0
区间二次测试不破多头,二次测试,5911315f52956132,REJECTED,2025-08,26,False,,,,,,,,,,,,,,,,,,
区间二次测试不破多头,二次测试,5911315f52956132,REJECTED,2025-09,17,True,2025-08,26.0,0.12574343924515283,0.13010731002445655,1.6954327520233743,0.9775600475021412,0.10786387432600124,0.15387872625357174,-0.7096367649756572,0.17296362198313286,-0.6713926935514832,3.0,0.0,0.0,3.0,0.0,0.0,0.0
区间二次测试不破多头,二次测试,5911315f52956132,REJECTED,2025-10,13,True,2025-09,17.0,0.17687058968992145,0.17961870529335483,1.6954223386674223,0.745395052521155,0.13339459376998314,0.23531856974461493,-0.34648247344574057,0.0,0.0,0.0,0.0,0.0,0.0,0.0,0.0,0.0
区间二次测试不破多头,二次测试,5911315f52956132,REJECTED,2025-11,14,False,,,,,,,,,,,,,,,,,,
区间二次测试不破多头,二次测试,5911315f52956132,REJECTED,2025-12,16,True,2025-11,14.0,0.16718628648898307,0.1683603600301768,1.695322590910342,0.9033750158242125,0.1469936830518334,0.21428746724984218,-0.5343619624366065,0.0,0.0,0.0,0.0,0.0,0.0,0.0,0.0,0.0
区间二次测试不破多头,二次测试,5911315f52956132,REJECTED,2026-01,10,True,2025-12,16.0,0.1839911370728582,0.18738655766424933,1.6952786150754555,0.7534822625690883,0.1375,0.25000153492308164,-0.3216841301311008,0.0,0.0,0.0,0.0,0.0,0.0,0.0,0.0,0.0
区间二次测试不破多头,二次测试,5911315f52956132,REJECTED,2026-02,18,False,,,,,,,,,,,,,,,,,,
区间二次测试不破多头,二次测试,5911315f52956132,REJECTED,2026-03,26,True,2026-02,18.0,0.17148336553736807,0.17278124487590765,1.6951002298556848,0.7407225565929885,0.12963624321753373,0.22223086540319464,-0.37046731711865694,0.222281096047883,-0.3703856715283506,7.0,0.0,0.0,7.0,0.0,0.0,0.0
区间二次测试不破多头,二次测试,5911315f52956132,REJECTED,2026-04,13,True,2026-03,26.0,0.19471482512995644,0.1967075735846557,1.6950932347840653,0.9537020629718459,0.10786387432600124,0.2692512430969431,-0.39250770770740345,0.2873067502987021,-0.35657879473524934,2.0,0.0,0.0,2.0,0.0,0.0,0.0
区间二次测试不破多头,二次测试,5911315f52956132,REJECTED,2026-05,16,True,2026-04,13.0,0.21110098345635306,0.21195712146090157,1.5121031833036795,0.7536000028851955,0.15254255396193803,0.6923054649005115,0.6164863685079947,0.0,0.0,0.0,0.0,0.0,0.0,0.0,0.0,0.0
区间二次测试不破空头,二次测试,f58e1769c9572a4e,REJECTED,2025-05,134,True,2025-04,156.0,0.18566716730880342,0.1873048092998402,1.4738931398420794,0.9795372595440761,0.04403524229639896,0.2499926725694818,-0.4532923440736232,0.24619577206014434,-0.46041715774348013,27.0,0.0,0.0,27.0,0.0,0.0,0.0
区间二次测试不破空头,二次测试,f58e1769c9572a4e,REJECTED,2025-06,118,True,2025-05,134.0,0.14680586978114363,0.14701210763683387,1.4668427840850249,0.9176597713833605,0.04751276340697481,0.17903101519831952,-0.576556650711401,0.17834064498507443,-0.5777910818795823,19.0,0.0,0.0,19.0,0.0,0.0,0.0
区间二次测试不破空头,二次测试,f58e1769c9572a4e,REJECTED,2025-07,40,True,2025-06,118.0,0.18011500704958497,0.18096203263395388,1.4669351626568565,1.0428938019241507,0.05063160398440779,0.23732844834099107,-0.5403412187031713,0.235045326906818,-0.5446024912206282,8.0,0.0,0.0,8.0,0.0,0.0,0.0
区间二次测试不破空头,二次测试,f58e1769c9572a4e,REJECTED,2025-08,91,True,2025-07,40.0,0.08886346696049977,0.08976376462730239,1.466954035478344,0.8957050953285098,0.08696263565463043,0.10001939944997303,-0.7761354133776506,0.10116538733498788,-0.773875954433352,16.0,0.0,0.0,16.0,0.0,0.0,0.0
区间二次测试不破空头,二次测试,f58e1769c9572a4e,REJECTED,2025-09,100,True,2025-08,91.0,0.17962875364261285,0.18761551392897216,1.4069970319378238,0.8151237597290111,0.057655666019705516,0.2527810025092037,-0.35348303897697464,0.23489003641410924,-0.38410186777716604,8.0,0.0,0.0,8.0,0.0,0.0,0.0
区间二次测试不破空头,二次测试,f58e1769c9572a4e,REJECTED,2025-10,79,True,2025-09,100.0,0.17711891326021575,0.1858338975173447,1.3610010289253998,0.9857649645430593,0.05500000000000001,0.2500692790104463,-0.49605369020977813,0.23862147754444088,-0.5167680996988836,16.0,0.0,0.0,16.0,0.0,0.0,0.0
区间二次测试不破空头,二次测试,f58e1769c9572a4e,REJECTED,2025-11,116,True,2025-10,79.0,0.16719758584229016,0.1687375318272748,1.466973011156545,1.0095227118108205,0.06187983455093132,0.21519121885855855,-0.5793744747034288,0.22553336701293406,-0.5601304111229933,35.0,0.0,0.0,35.0,0.0,0.0,0.0
区间二次测试不破空头,二次测试,f58e1769c9572a4e,REJECTED,2025-12,102,True,2025-11,116.0,0.19161045667047258,0.19549561888365788,1.4683835438317216,0.8227737431762986,0.05106621799868927,0.2672448719557835,-0.3052719836782354,0.2723868769128071,-0.2963575279874966,24.0,0.0,0.0,24.0,0.0,0.0,0.0
区间二次测试不破空头,二次测试,f58e1769c9572a4e,REJECTED,2026-01,83,True,2025-12,102.0,0.14349784110154185,0.14525933328928026,1.4668167373278065,0.9313647350675169,0.05445811486371709,0.17655549136718968,-0.6003478388184609,0.17305834181545263,-0.6064492650804532,11.0,0.0,0.0,11.0,0.0,0.0,0.0
区间二次测试不破空头,二次测试,f58e1769c9572a4e,REJECTED,2026-02,163,True,2026-01,83.0,0.2002859156953671,0.19949452191074135,1.2500929828621006,0.9705332094546942,0.060370342994329695,0.27711530796753825,-0.46028829645154856,0.27552437724894346,-0.4634988138359292,18.0,0.0,0.0,18.0,0.0,0.0,0.0
区间二次测试不破空头,二次测试,f58e1769c9572a4e,REJECTED,2026-03,143,True,2026-02,163.0,0.20992601083441415,0.21012812415059637,1.47915508840874,0.8946431282238296,0.04307932474933766,0.3006298944142018,-0.26989990250604307,0.300327550182157,-0.2702887930332213,28.0,0.0,0.0,28.0,0.0,0.0,0.0
区间二次测试不破空头,二次测试,f58e1769c9572a4e,REJECTED,2026-04,117,True,2026-03,143.0,0.2228251009715836,0.22278822589001698,1.4705074614804072,0.8995690777042216,0.04599331055038999,0.3357199854251078,-0.19709590719681688,0.3360739605810006,-0.19616004334128656,30.0,0.0,0.0,30.0,0.0,0.0,0.0
区间二次测试不破空头,二次测试,f58e1769c9572a4e,REJECTED,2026-05,158,True,2026-04,117.0,0.12889577283738618,0.13001412348899735,1.4666638920608353,0.8976902400448671,0.05084751798731267,0.15383414897912356,-0.620707472945313,0.15381196154681157,-0.6209809330249396,35.0,0.0,0.0,35.0,0.0,0.0,0.0
扫低后站回VWAP多头,流动性VWAP,8faa2dfdd58009bb,REJECTED,2025-05,4,False,,,,,,,,,,,,,,,,,,
扫低后站回VWAP多头,流动性VWAP,8faa2dfdd58009bb,REJECTED,2025-06,8,False,,,,,,,,,,,,,,,,,,
扫低后站回VWAP多头,流动性VWAP,8faa2dfdd58009bb,REJECTED,2025-07,1,False,,,,,,,,,,,,,,,,,,
扫低后站回VWAP多头,流动性VWAP,8faa2dfdd58009bb,REJECTED,2025-08,6,False,,,,,,,,,,,,,,,,,,
扫低后站回VWAP多头,流动性VWAP,8faa2dfdd58009bb,REJECTED,2025-09,6,False,,,,,,,,,,,,,,,,,,
扫低后站回VWAP多头,流动性VWAP,8faa2dfdd58009bb,REJECTED,2025-10,1,False,,,,,,,,,,,,,,,,,,
扫低后站回VWAP多头,流动性VWAP,8faa2dfdd58009bb,REJECTED,2025-11,5,False,,,,,,,,,,,,,,,,,,
扫低后站回VWAP多头,流动性VWAP,8faa2dfdd58009bb,REJECTED,2025-12,9,False,,,,,,,,,,,,,,,,,,
扫低后站回VWAP多头,流动性VWAP,8faa2dfdd58009bb,REJECTED,2026-01,7,False,,,,,,,,,,,,,,,,,,
扫低后站回VWAP多头,流动性VWAP,8faa2dfdd58009bb,REJECTED,2026-02,6,False,,,,,,,,,,,,,,,,,,
扫低后站回VWAP多头,流动性VWAP,8faa2dfdd58009bb,REJECTED,2026-03,8,False,,,,,,,,,,,,,,,,,,
扫低后站回VWAP多头,流动性VWAP,8faa2dfdd58009bb,REJECTED,2026-04,3,False,,,,,,,,,,,,,,,,,,
扫低后站回VWAP多头,流动性VWAP,8faa2dfdd58009bb,REJECTED,2026-05,4,False,,,,,,,,,,,,,,,,,,
扫高后跌破VWAP空头,流动性VWAP,98c02f47708ca242,REJECTED,2025-05,9,False,,,,,,,,,,,,,,,,,,
扫高后跌破VWAP空头,流动性VWAP,98c02f47708ca242,REJECTED,2025-06,7,False,,,,,,,,,,,,,,,,,,
扫高后跌破VWAP空头,流动性VWAP,98c02f47708ca242,REJECTED,2025-07,1,False,,,,,,,,,,,,,,,,,,
扫高后跌破VWAP空头,流动性VWAP,98c02f47708ca242,REJECTED,2025-08,5,False,,,,,,,,,,,,,,,,,,
扫高后跌破VWAP空头,流动性VWAP,98c02f47708ca242,REJECTED,2025-09,6,False,,,,,,,,,,,,,,,,,,
扫高后跌破VWAP空头,流动性VWAP,98c02f47708ca242,REJECTED,2025-10,4,False,,,,,,,,,,,,,,,,,,
扫高后跌破VWAP空头,流动性VWAP,98c02f47708ca242,REJECTED,2025-11,9,False,,,,,,,,,,,,,,,,,,
扫高后跌破VWAP空头,流动性VWAP,98c02f47708ca242,REJECTED,2025-12,5,False,,,,,,,,,,,,,,,,,,
扫高后跌破VWAP空头,流动性VWAP,98c02f47708ca242,REJECTED,2026-01,5,False,,,,,,,,,,,,,,,,,,
扫高后跌破VWAP空头,流动性VWAP,98c02f47708ca242,REJECTED,2026-02,1,False,,,,,,,,,,,,,,,,,,
扫高后跌破VWAP空头,流动性VWAP,98c02f47708ca242,REJECTED,2026-03,11,False,,,,,,,,,,,,,,,,,,
扫高后跌破VWAP空头,流动性VWAP,98c02f47708ca242,REJECTED,2026-04,5,False,,,,,,,,,,,,,,,,,,
扫高后跌破VWAP空头,流动性VWAP,98c02f47708ca242,REJECTED,2026-05,10,False,,,,,,,,,,,,,,,,,,
BTC弱于ETH背离修复多头,跨资产背离,afac444025613291,REJECTED,2025-05,19,True,2025-04,30.0,0.17819712325981976,0.19330380134941547,1.516999517935536,0.8704292109798654,0.10041580220928047,0.2666667212577665,-0.3763663145618161,0.2520061075470413,-0.40322714294761286,3.0,0.0,0.0,3.0,0.0,0.0,0.0
BTC弱于ETH背离修复多头,跨资产背离,afac444025613291,REJECTED,2025-06,27,True,2025-05,19.0,0.15620564054341102,0.16582266834819068,1.5170789327789338,0.7939538971083692,0.12617865362880898,0.21052760039338203,-0.47312374171524196,0.2151668081227627,-0.4649089298659927,6.0,0.0,0.0,6.0,0.0,0.0,0.0
BTC弱于ETH背离修复多头,跨资产背离,afac444025613291,REJECTED,2025-07,4,True,2025-06,27.0,0.17385298437729574,0.18985273420293589,1.5019265075402102,1.01056038477715,0.1058475493514314,0.25926085435934215,-0.5067133471934686,0.31299470026756254,-0.4031258368168967,1.0,0.0,0.0,1.0,0.0,0.0,0.0
BTC弱于ETH背离修复多头,跨资产背离,afac444025613291,REJECTED,2025-08,12,False,,,,,,,,,,,,,,,,,,
BTC弱于ETH背离修复多头,跨资产背离,afac444025613291,REJECTED,2025-09,7,True,2025-08,12.0,0.24148413642584943,0.2398932654250723,1.4993087114315702,1.302395897109275,0.1587713240271471,0.583320820651841,0.12399110790226031,0.0,0.0,0.0,0.0,0.0,0.0,0.0,0.0,0.0
BTC弱于ETH背离修复多头,跨资产背离,afac444025613291,REJECTED,2025-10,28,False,,,,,,,,,,,,,,,,,,
BTC弱于ETH背离修复多头,跨资产背离,afac444025613291,REJECTED,2025-11,39,True,2025-10,28.0,0.12763805168698716,0.14591324064607333,1.5108454925419008,0.9352947276681075,0.10394023007753748,0.1785735317208637,-0.6381557076154225,0.19742822925189785,-0.6032253782140303,12.0,0.0,0.0,12.0,0.0,0.0,0.0
BTC弱于ETH背离修复多头,跨资产背离,afac444025613291,REJECTED,2025-12,20,True,2025-11,39.0,0.11173380013965221,0.11143650998106139,1.5772166120888695,0.87621806221303,0.08807048459279793,0.12828161904351823,-0.6830138717864955,0.12792617829871494,-0.6833645660098893,4.0,0.0,0.0,4.0,0.0,0.0,0.0
BTC弱于ETH背离修复多头,跨资产背离,afac444025613291,REJECTED,2026-01,10,True,2025-12,20.0,0.12030849353553182,0.1931651584081552,1.498755952229436,1.132257880903079,0.12298373876248844,0.3000146014900671,-0.5005941364818735,0.2147762386069158,-0.675027470198222,1.0,0.0,0.0,1.0,0.0,0.0,0.0
BTC弱于ETH背离修复多头,跨资产背离,afac444025613291,REJECTED,2026-02,61,False,,,,,,,,,,,,,,,,,,
BTC弱于ETH背离修复多头,跨资产背离,afac444025613291,REJECTED,2026-03,32,True,2026-02,61.0,0.16829077206976745,0.18382452837426824,1.6020499732057831,0.8325833861959242,0.0704202839630928,0.24589480756627616,-0.34536192899201934,0.3181664233156929,-0.21070532846918327,15.0,0.0,0.0,15.0,0.0,0.0,0.0
BTC弱于ETH背离修复多头,跨资产背离,afac444025613291,REJECTED,2026-04,8,True,2026-03,32.0,0.21483505392342866,0.2146403220529532,1.5203462111618966,0.6174157806298681,0.09722718241315029,0.3125092010592011,-0.09292160681164588,0.3137779987849751,-0.09126256089861867,2.0,0.0,2.0,0.0,2.0,0.0,0.0
BTC弱于ETH背离修复多头,跨资产背离,afac444025613291,REJECTED,2026-05,5,False,,,,,,,,,,,,,,,,,,
BTC强于ETH背离修复空头,跨资产背离,9a19b379445c8be4,CANDIDATE,2025-05,23,True,2025-04,50.0,0.10558656749613363,0.10551592952196245,1.542497241359272,0.8687676196031127,0.07778174593052023,0.12000436988687875,-0.689646354099772,0.11989128434849321,-0.6897154686625278,1.0,0.0,0.0,1.0,0.0,0.0,0.0
BTC强于ETH背离修复空头,跨资产背离,9a19b379445c8be4,CANDIDATE,2025-06,28,True,2025-05,23.0,0.1424158026943307,0.14247191621256491,1.8302678990983445,0.8624269551035953,0.11468292773139113,0.1739136863993513,-0.5465352832512922,0.18953637025321052,-0.5164737915218165,11.0,0.0,0.0,11.0,0.0,0.0,0.0
BTC强于ETH背离修复空头,跨资产背离,9a19b379445c8be4,CANDIDATE,2025-07,6,True,2025-06,28.0,0.20953532030598065,0.22474604318897987,1.8339018345759688,0.7629807528262679,0.10394023007753748,0.35714306178741284,0.014745180486086923,0.38514433986079305,0.06933918196214893,0.0,0.0,0.0,0.0,0.0,0.0,0.0
BTC强于ETH背离修复空头,跨资产背离,9a19b379445c8be4,CANDIDATE,2025-08,10,False,,,,,,,,,,,,,,,,,,
BTC强于ETH背离修复空头,跨资产背离,9a19b379445c8be4,CANDIDATE,2025-09,17,False,,,,,,,,,,,,,,,,,,
BTC强于ETH背离修复空头,跨资产背离,9a19b379445c8be4,CANDIDATE,2025-10,33,False,,,,,,,,,,,,,,,,,,
BTC强于ETH背离修复空头,跨资产背离,9a19b379445c8be4,CANDIDATE,2025-11,39,True,2025-10,33.0,0.1922265393168895,0.19753562021902288,1.8303342874809598,0.8499791587995915,0.09574271077563382,0.27273032304988654,-0.25853291593218947,0.2664671120630183,-0.27249500750152483,13.0,0.0,0.0,13.0,0.0,0.0,0.0
BTC强于ETH背离修复空头,跨资产背离,9a19b379445c8be4,CANDIDATE,2025-12,22,True,2025-11,39.0,0.2124602607933245,0.2275952707409825,1.8780641310979103,0.71811904060326,0.08807048459279793,0.35897510717212155,0.07966560339605719,0.3380882443683982,0.03829912851961505,1.0,0.0,1.0,0.0,1.0,1.0,1.0
BTC强于ETH背离修复空头,跨资产背离,9a19b379445c8be4,CANDIDATE,2026-01,19,True,2025-12,22.0,0.19665887510667723,0.2138210910780203,1.9142812056828744,0.8934599559590186,0.11726039399558574,0.3181806720118195,-0.16168667208787715,0.34166280506669655,-0.11034253050979421,6.0,0.0,6.0,0.0,6.0,1.0,1.0
BTC强于ETH背离修复空头,跨资产背离,9a19b379445c8be4,CANDIDATE,2026-02,29,True,2026-01,19.0,0.16517768672787428,0.1643193888839404,1.8442022491723953,0.9543267472547724,0.12617865362880898,0.2105388227931877,-0.5319454564163678,0.21599064452468722,-0.5212333243060087,11.0,0.0,0.0,11.0,0.0,0.0,0.0
BTC强于ETH背离修复空头,跨资产背离,9a19b379445c8be4,CANDIDATE,2026-03,23,True,2026-02,29.0,0.16173583902155558,0.16350675521246574,1.8581353588644696,0.7935224178633146,0.10213243599737853,0.20689787534716708,-0.38723089605662403,0.21430907332951832,-0.37213715009378406,4.0,0.0,0.0,4.0,0.0,0.0,0.0
BTC强于ETH背离修复空头,跨资产背离,9a19b379445c8be4,CANDIDATE,2026-04,22,True,2026-03,23.0,0.2105168024912769,0.22610434879403435,1.8777289824530228,0.5820910800688291,0.11468292773139113,0.34784327835936163,0.112952332035836,0.35649995880460694,0.12911591948131484,7.0,0.0,7.0,0.0,7.0,7.0,2.0
BTC强于ETH背离修复空头,跨资产背离,9a19b379445c8be4,CANDIDATE,2026-05,10,True,2026-04,22.0,0.19209584333903235,0.19733109704959598,1.8430366759302599,1.045121248497096,0.11726039399558574,0.2727265129266388,-0.41852562114972724,0.25539205924456154,-0.4558204441630666,1.0,0.0,0.0,1.0,0.0,0.0,0.0
压缩后首次放量突破多头,波动扩张,637dd7099e42148f,REJECTED,2025-05,152,True,2025-04,148.0,0.18992271337552577,0.1908009890647267,1.505468211628955,0.8708826617345423,0.04520972150897326,0.2567429086093587,-0.3495818367885553,0.25969990634530477,-0.3443015617449956,36.0,0.0,0.0,36.0,0.0,0.0,0.0
压缩后首次放量突破多头,波动扩张,637dd7099e42148f,REJECTED,2025-06,172,True,2025-05,152.0,0.20282323903694224,0.2027495245931738,1.4954751963104989,0.9210022588873911,0.0446108908109597,0.28289107405137764,-0.3270417758129652,0.28169694177434024,-0.329393407791931,31.0,0.0,0.0,31.0,0.0,0.0,0.0
压缩后首次放量突破多头,波动扩张,637dd7099e42148f,REJECTED,2025-07,68,True,2025-06,172.0,0.20355777669243633,0.20487035111798377,1.4954955062778845,0.8406410091653908,0.04193710684146629,0.29069005334186,-0.24855745056548587,0.2912646340580437,-0.24854343424645475,15.0,0.0,1.0,14.0,1.0,0.0,0.0
压缩后首次放量突破多头,波动扩张,637dd7099e42148f,REJECTED,2025-08,134,True,2025-07,68.0,0.18672581638269392,0.18742690560097358,1.495513375526173,0.9611124666109363,0.06669729688499157,0.24998535295891652,-0.4568607076077463,0.24475402287328157,-0.46630453034293384,18.0,0.0,0.0,18.0,0.0,0.0,0.0
压缩后首次放量突破多头,波动扩张,637dd7099e42148f,REJECTED,2025-09,146,True,2025-08,134.0,0.15174383202108851,0.15165987773173012,1.4955421140329428,0.8927112423573591,0.04751276340697481,0.18657364429550446,-0.5336145742493531,0.18641304091148517,-0.5340103733897502,30.0,0.0,0.0,30.0,0.0,0.0,0.0
压缩后首次放量突破多头,波动扩张,637dd7099e42148f,REJECTED,2025-10,155,True,2025-09,146.0,0.16209865295158135,0.16321854007152897,1.4001957630299082,0.9522424804821211,0.04551832387313024,0.2054922377479473,-0.5546312556700524,0.2096235050575018,-0.5472661569495941,39.0,0.0,0.0,39.0,0.0,0.0,0.0
压缩后首次放量突破多头,波动扩张,637dd7099e42148f,REJECTED,2025-11,117,True,2025-10,155.0,0.1880327404894351,0.18829815610809322,1.495526231127725,0.8825585064032588,0.04417706308963744,0.25162096924907856,-0.3717030796103327,0.24772085765743285,-0.3786875915020798,11.0,0.0,0.0,11.0,0.0,0.0,0.0
压缩后首次放量突破多头,波动扩张,637dd7099e42148f,REJECTED,2025-12,127,True,2025-11,117.0,0.13601333161988527,0.13583497499156044,1.4966420960043028,0.9132762363813298,0.05084751798731267,0.16240646431667796,-0.6095895090441347,0.16259928060751222,-0.6093940037222136,33.0,0.0,0.0,33.0,0.0,0.0,0.0
压缩后首次放量突破多头,波动扩张,637dd7099e42148f,REJECTED,2026-01,123,True,2025-12,127.0,0.17064449345847735,0.17139976368760215,1.4432434194746926,0.9556295708470225,0.04880460801788627,0.2204802784752617,-0.5168190450227415,0.22479332774989644,-0.5092772831186064,29.0,0.0,0.0,29.0,0.0,0.0,0.0
压缩后首次放量突破多头,波动扩张,637dd7099e42148f,REJECTED,2026-02,151,True,2026-01,123.0,0.14619379159657195,0.14683914753415792,1.4954042480897778,0.880271495255363,0.049591829906708775,0.17886256641821693,-0.5432148739966054,0.18341830120939095,-0.5350298508720949,40.0,0.0,0.0,40.0,0.0,0.0,0.0
压缩后首次放量突破多头,波动扩张,637dd7099e42148f,REJECTED,2026-03,113,True,2026-02,151.0,0.17033520648523634,0.17410344152517632,1.5090008602406475,0.8659835522568781,0.04475836523241377,0.22517840013672946,-0.4172052266587392,0.2315337865648769,-0.40567022469084923,22.0,0.0,0.0,22.0,0.0,0.0,0.0
压缩后首次放量突破多头,波动扩张,637dd7099e42148f,REJECTED,2026-04,135,True,2026-03,113.0,0.16211124997042134,0.16106857484155832,1.4959659892598975,0.904473090333602,0.05173964776109785,0.20353217908801194,-0.5079379281088826,0.20356279235233227,-0.507535798525135,27.0,0.0,0.0,27.0,0.0,0.0,0.0
压缩后首次放量突破多头,波动扩张,637dd7099e42148f,REJECTED,2026-05,123,True,2026-04,135.0,0.22226620919215445,0.2224039591232594,1.4954102008247394,0.8922172579479636,0.04733646312031288,0.3407104981038654,-0.17320141871757663,0.34678070354108526,-0.1632983439203802,33.0,0.0,15.0,18.0,15.0,0.0,0.0
压缩后首次放量突破空头,波动扩张,3efd7aa105a06c7b,REJECTED,2025-05,167,True,2025-04,166.0,0.19753384460908285,0.195203219647047,1.5036970736271662,0.8956886883955393,0.042688278913848306,0.2710879704328789,-0.332375194962059,0.27108376267250484,-0.32920085516229836,42.0,0.0,0.0,42.0,0.0,0.0,0.0
压缩后首次放量突破空头,波动扩张,3efd7aa105a06c7b,REJECTED,2025-06,162,True,2025-05,167.0,0.1852282196668879,0.1849852410248766,1.4981152239893016,0.871132331883083,0.04256027778937753,0.2454955070380074,-0.37504709085852317,0.24516098487559057,-0.3761358101821559,26.0,0.0,0.0,26.0,0.0,0.0,0.0
压缩后首次放量突破空头,波动扩张,3efd7aa105a06c7b,REJECTED,2025-07,64,True,2025-06,162.0,0.13471460436234767,0.13451107897728964,1.497294887601855,0.8330427527106831,0.04321208107251124,0.16046982369161575,-0.5389518975637351,0.15927413457296832,-0.540319007444683,9.0,0.0,0.0,9.0,0.0,0.0,0.0
压缩后首次放量突破空头,波动扩张,3efd7aa105a06c7b,REJECTED,2025-08,139,True,2025-07,64.0,0.15160396061194284,0.1523378643909172,1.4973168816191844,0.8242384302770418,0.06875,0.1874873650573598,-0.4966771384251271,0.18793030097601093,-0.49592799607189597,29.0,0.0,0.0,29.0,0.0,0.0,0.0
压缩后首次放量突破空头,波动扩张,3efd7aa105a06c7b,REJECTED,2025-09,127,True,2025-08,139.0,0.1952492498798902,0.19432733440339708,1.4973366371376706,0.996849043608497,0.04665039113239841,0.2661930099388238,-0.4237552460629116,0.265293660874949,-0.4248680567289228,22.0,0.0,0.0,22.0,0.0,0.0,0.0
压缩后首次放量突破空头,波动扩张,3efd7aa105a06c7b,REJECTED,2025-10,146,True,2025-09,127.0,0.18449616313433587,0.18335943188022197,1.4508627568152708,0.8797814292856608,0.04880460801788627,0.24409811687602095,-0.40261657968706877,0.24485902021188172,-0.4006071550293502,40.0,0.0,0.0,40.0,0.0,0.0,0.0
压缩后首次放量突破空头,波动扩张,3efd7aa105a06c7b,REJECTED,2025-11,177,True,2025-10,146.0,0.17862202609720074,0.17589336172658598,1.497498464151084,0.9542115502084672,0.04551832387313024,0.2328789823919353,-0.47107594700861277,0.23317053170466193,-0.4712089550452386,33.0,0.0,0.0,33.0,0.0,0.0,0.0
压缩后首次放量突破空头,波动扩张,3efd7aa105a06c7b,REJECTED,2025-12,162,True,2025-11,177.0,0.17474104787231043,0.17476350346545275,1.4973711396788787,0.8977774247960401,0.041340531540155594,0.22598286182369756,-0.43962176437164585,0.22674592535013996,-0.43882472857968197,32.0,0.0,0.0,32.0,0.0,0.0,0.0
压缩后首次放量突破空头,波动扩张,3efd7aa105a06c7b,REJECTED,2026-01,156,True,2025-12,162.0,0.13895038772408067,0.13962234562004883,1.4978285815421373,0.9435352006929699,0.04321208107251124,0.17282497099312916,-0.6021136870331913,0.1713796295057884,-0.6056710685254827,32.0,0.0,0.0,32.0,0.0,0.0,0.0
压缩后首次放量突破空头,波动扩张,3efd7aa105a06c7b,REJECTED,2026-02,171,True,2026-01,156.0,0.19059476815072807,0.190007816022121,1.3978861244947418,0.8723543848036833,0.04403524229639896,0.2564236482330589,-0.37791488650285815,0.25780546502564483,-0.37533647743874027,42.0,0.0,0.0,42.0,0.0,0.0,0.0
压缩后首次放量突破空头,波动扩张,3efd7aa105a06c7b,REJECTED,2026-03,156,True,2026-02,171.0,0.18810139152605293,0.1874519849340081,1.5081126091927686,0.9340145230692019,0.042059551209602995,0.2514697785954446,-0.4052698084602056,0.25191237961679197,-0.4041569839145049,42.0,0.0,0.0,42.0,0.0,0.0,0.0
压缩后首次放量突破空头,波动扩张,3efd7aa105a06c7b,REJECTED,2026-04,134,True,2026-03,156.0,0.19059360258992372,0.19020015473960272,1.503186496510309,0.8303574734694081,0.04403524229639896,0.25643183280288046,-0.3196602725658123,0.2561110999880404,-0.32037766359107994,27.0,0.0,0.0,27.0,0.0,0.0,0.0
压缩后首次放量突破空头,波动扩张,3efd7aa105a06c7b,REJECTED,2026-05,152,True,2026-04,134.0,0.14424256198210034,0.14606427594391722,1.4970405735801553,0.9925280323753001,0.04751276340697481,0.17910512683303548,-0.632187214420437,0.17658603489355207,-0.6368893343270337,25.0,0.0,0.0,25.0,0.0,0.0,0.0
向下假突破回区间多头,假突破反转,542ba276eec5abee,REJECTED,2025-05,329,True,2025-04,330.0,0.19339420119452258,0.19381862922230564,1.4754425886014966,0.9014290144946064,0.03027650354097492,0.26367327880105085,-0.3489365622621147,0.26314628749906205,-0.3489068489947704,52.0,0.0,0.0,52.0,0.0,0.0,0.0
向下假突破回区间多头,假突破反转,542ba276eec5abee,REJECTED,2025-06,318,True,2025-05,329.0,0.15279042714413854,0.1524713027175944,1.4651217963151577,0.899129022385301,0.030322481553098423,0.18847346984511604,-0.5229087197509552,0.1878911634455268,-0.5244136196973929,51.0,0.0,0.0,51.0,0.0,0.0,0.0
向下假突破回区间多头,假突破反转,542ba276eec5abee,REJECTED,2025-07,137,True,2025-06,318.0,0.18185742053924916,0.1817875932664524,1.4508121557920208,0.9391629315046442,0.03084246847506244,0.2390187637178663,-0.44141667451478256,0.2402783782829133,-0.4387507045900222,48.0,0.0,0.0,48.0,0.0,0.0,0.0
向下假突破回区间多头,假突破反转,542ba276eec5abee,REJECTED,2025-08,302,True,2025-07,137.0,0.15249612077683936,0.15328755272769867,1.4127322174788879,0.9236878822064448,0.046989671174421856,0.18973055811932113,-0.5664084013531112,0.19401887054749953,-0.5578868825861083,75.0,0.0,0.0,75.0,0.0,0.0,0.0
向下假突破回区间多头,假突破反转,542ba276eec5abee,REJECTED,2025-09,337,True,2025-08,302.0,0.17898303484561665,0.17914879489019944,1.4529506058103554,0.8614394072754852,0.03164894357066398,0.23511025891141832,-0.391283669709644,0.23224254711197231,-0.3956101316457729,60.0,0.0,0.0,60.0,0.0,0.0,0.0
向下假突破回区间多头,假突破反转,542ba276eec5abee,REJECTED,2025-10,269,True,2025-09,337.0,0.18253002410030472,0.18358873821998262,1.3844246024752458,0.8623737875591408,0.029960409088656385,0.2433707263137034,-0.38823895438545153,0.25676720629094774,-0.36397695124031265,76.0,0.0,0.0,76.0,0.0,0.0,0.0
向下假突破回区间多头,假突破反转,542ba276eec5abee,REJECTED,2025-11,298,True,2025-10,269.0,0.2006364671558137,0.2021747083710883,1.4705700163849291,0.9487708094247487,0.03353409184673308,0.2825388190078416,-0.3435619309108541,0.2904802436699962,-0.32932674986140414,64.0,0.0,0.0,64.0,0.0,0.0,0.0
向下假突破回区间多头,假突破反转,542ba276eec5abee,REJECTED,2025-12,298,True,2025-11,298.0,0.18453284831220954,0.18446627727339265,1.4815680435523537,0.8400705289064896,0.03186064454999208,0.2448973094555755,-0.3463026077225843,0.2437561891616645,-0.3483580431687411,59.0,0.0,0.0,59.0,0.0,0.0,0.0
向下假突破回区间多头,假突破反转,542ba276eec5abee,REJECTED,2026-01,311,True,2025-12,298.0,0.16429173769452793,0.16471353115242363,1.4719080187874873,0.8178950690832706,0.03186064454999208,0.2080473244298835,-0.41392195226263556,0.2050313260740664,-0.41922937018252626,60.0,0.0,0.0,60.0,0.0,0.0,0.0
向下假突破回区间多头,假突破反转,542ba276eec5abee,REJECTED,2026-02,276,True,2026-01,311.0,0.17083517296512893,0.17035590851336524,1.4193071628492324,0.8707670925743375,0.031187638741805853,0.2186126774159671,-0.4426832166387116,0.21802543288151768,-0.4448880705543058,37.0,0.0,0.0,37.0,0.0,0.0,0.0
向下假突破回区间多头,假突破反转,542ba276eec5abee,REJECTED,2026-03,343,True,2026-02,276.0,0.17190854032113595,0.1710534501200015,1.4975344800749084,0.8983491740096119,0.033106109598586536,0.221009206095872,-0.4434528928870679,0.2201915613887016,-0.44497494563855383,60.0,0.0,0.0,60.0,0.0,0.0,0.0
向下假突破回区间多头,假突破反转,542ba276eec5abee,REJECTED,2026-04,327,True,2026-03,343.0,0.19117590381884464,0.19207412736953539,1.4733274311960898,0.9223288986554385,0.029697208593582138,0.2594616436042226,-0.37416346865945604,0.25747745771781194,-0.37777498357283545,56.0,0.0,0.0,56.0,0.0,0.0,0.0
向下假突破回区间多头,假突破反转,542ba276eec5abee,REJECTED,2026-05,341,True,2026-04,327.0,0.20081995794716326,0.19834728984053587,1.4543792892428768,0.8289783143526147,0.03041506949851321,0.2783000132592719,-0.2687663548227473,0.27788005827409407,-0.26609953188770613,98.0,0.0,0.0,98.0,0.0,0.0,0.0
向上假突破回区间空头,假突破反转,5f2fe4ee3fec03dd,REJECTED,2025-05,339,True,2025-04,368.0,0.1994986453925168,0.20285356893805695,1.4755557529450178,0.9468390881824048,0.028670731932847783,0.28532969131225355,-0.3290371174403056,0.2928950966229421,-0.31499743759195187,70.0,0.0,2.0,68.0,2.0,0.0,0.0
向上假突破回区间空头,假突破反转,5f2fe4ee3fec03dd,REJECTED,2025-06,301,True,2025-05,339.0,0.1759083663540388,0.17703794205766318,1.4669203478252457,0.8724873741321905,0.029871899562646267,0.2300796798824567,-0.4060713288758705,0.2341776648973921,-0.3987890523307899,75.0,0.0,0.0,75.0,0.0,0.0,0.0
向上假突破回区间空头,假突破反转,5f2fe4ee3fec03dd,REJECTED,2025-07,105,True,2025-06,301.0,0.1947872060837273,0.19425154138490672,1.4685957553307787,0.9794768744035617,0.03170147297373293,0.26578860813118044,-0.40465105499087484,0.26872536710107026,-0.40059825970480434,30.0,0.0,0.0,30.0,0.0,0.0,0.0
向上假突破回区间空头,假突破反转,5f2fe4ee3fec03dd,REJECTED,2025-08,260,True,2025-07,105.0,0.15657036830387,0.15976330287852408,1.4669682272665285,0.9388739331349111,0.05367450401216933,0.19996862034482332,-0.5510079243204572,0.19754291279857622,-0.5556125613736896,52.0,0.0,0.0,52.0,0.0,0.0,0.0
向上假突破回区间空头,假突破反转,5f2fe4ee3fec03dd,REJECTED,2025-09,301,True,2025-08,260.0,0.20686154099324083,0.2068224365978777,1.466981321107472,0.8454409786224523,0.03410955201203233,0.29234512053544887,-0.24901849682074703,0.292268035991366,-0.24912613159433342,58.0,0.0,0.0,58.0,0.0,0.0,0.0
向上假突破回区间空头,假突破反转,5f2fe4ee3fec03dd,REJECTED,2025-10,277,True,2025-09,301.0,0.18368552420842468,0.18284552168509036,1.3906197378249034,0.9392370668970693,0.03170147297373293,0.2425886812817489,-0.4486182000679566,0.2429012206774125,-0.4498936266590406,48.0,0.0,0.0,48.0,0.0,0.0,0.0
向上假突破回区间空头,假突破反转,5f2fe4ee3fec03dd,REJECTED,2025-11,293,True,2025-10,277.0,0.17371389860656095,0.17346091754671816,1.4763026979668956,0.9628436458176642,0.033046297246936036,0.2237545036391818,-0.4917976209827188,0.22463151044821922,-0.49025755217126354,73.0,0.0,0.0,73.0,0.0,0.0,0.0
向上假突破回区间空头,假突破反转,5f2fe4ee3fec03dd,REJECTED,2025-12,301,True,2025-11,293.0,0.19171568620931903,0.19207231883824913,1.4797861328821333,0.8341034455971332,0.032131343081034235,0.25942406155736414,-0.30981153797314687,0.25547580767897277,-0.31670179002278037,35.0,0.0,0.0,35.0,0.0,0.0,0.0
向上假突破回区间空头,假突破反转,5f2fe4ee3fec03dd,REJECTED,2026-01,317,True,2025-12,301.0,0.16143319327456634,0.16140301948970995,1.4718340574851112,0.9138515052331897,0.03170147297373293,0.2026143033781057,-0.5023548359961844,0.2032337854656006,-0.5015279784207851,67.0,0.0,0.0,67.0,0.0,0.0,0.0
向上假突破回区间空头,假突破反转,5f2fe4ee3fec03dd,REJECTED,2026-02,283,True,2026-01,317.0,0.19334476857267147,0.19549283074376947,1.4029614883265757,0.8644306143584205,0.030891077596595175,0.26814483124524124,-0.33132456351968625,0.27275301066877444,-0.3230620129220722,68.0,0.0,0.0,68.0,0.0,0.0,0.0
向上假突破回区间空头,假突破反转,5f2fe4ee3fec03dd,REJECTED,2026-03,312,True,2026-02,283.0,0.2101143078183568,0.20921229543118483,1.491820761521914,0.9183350250221026,0.03269410640527702,0.3003627542541014,-0.2729429796093849,0.30071525170022406,-0.27351543787623284,60.0,0.0,0.0,60.0,0.0,0.0,0.0
向上假突破回区间空头,假突破反转,5f2fe4ee3fec03dd,REJECTED,2026-04,309,True,2026-03,312.0,0.1937428756851422,0.19363929720259035,1.4822736330252513,0.95547842969975,0.031137618438976382,0.26286662444025277,-0.3898202364855815,0.2629222567164288,-0.38939967507771006,80.0,0.0,0.0,80.0,0.0,0.0,0.0
向上假突破回区间空头,假突破反转,5f2fe4ee3fec03dd,REJECTED,2026-05,365,True,2026-04,309.0,0.1697119278679,0.16973727083682594,1.4676319850090893,0.9053206849933704,0.03128840681937159,0.21676819402192976,-0.46342232792948196,0.21800599080682587,-0.4614294784137174,96.0,0.0,0.0,96.0,0.0,0.0,0.0
资金费率极端回归多头,衍生品反转,fcc89570f6af5d59,REJECTED,2025-05,406,True,2025-04,443.0,0.194852173247697,0.19525365095036867,1.4647442832644169,0.8584552880260056,0.026131288598006897,0.2664081869939556,-0.30982961861084996,0.2650889670589493,-0.31213622630751925,69.0,0.0,0.0,69.0,0.0,0.0,0.0
资金费率极端回归多头,衍生品反转,fcc89570f6af5d59,REJECTED,2025-06,434,True,2025-05,406.0,0.17737566742347516,0.17765681326337915,1.4686227956978606,0.8644763149277148,0.02729604168420058,0.2315286263983764,-0.3937108345930533,0.23334073476040504,-0.3910356217138651,80.0,0.0,0.0,80.0,0.0,0.0,0.0
资金费率极端回归多头,衍生品反转,fcc89570f6af5d59,REJECTED,2025-07,169,True,2025-06,434.0,0.19605357954988625,0.194156025526991,1.40892314221489,0.8676960690263927,0.026400844840552565,0.2696015191630141,-0.32457603924246525,0.2645481680147765,-0.3337587382948269,25.0,0.0,0.0,25.0,0.0,0.0,0.0
资金费率极端回归多头,衍生品反转,fcc89570f6af5d59,REJECTED,2025-08,379,True,2025-07,169.0,0.17868898942825445,0.1832671391969224,1.46516025159809,1.077453867116732,0.04230769230769231,0.24265003022040593,-0.5451425274356896,0.27140739714528217,-0.4893410008641956,119.0,0.0,0.0,119.0,0.0,0.0,0.0
资金费率极端回归多头,衍生品反转,fcc89570f6af5d59,REJECTED,2025-09,440,True,2025-08,379.0,0.1505207784033813,0.15011348387306903,1.4661070588898337,0.9286095054754361,0.028251602331563277,0.18469750816121136,-0.5533605391084792,0.18242349581879824,-0.5566050281405983,76.0,0.0,0.0,76.0,0.0,0.0,0.0
资金费率极端回归多头,衍生品反转,fcc89570f6af5d59,REJECTED,2025-10,411,True,2025-09,440.0,0.18957907464991589,0.18918287401276734,1.4050396262818532,0.7977274408813976,0.02622022120425379,0.2545507605602503,-0.30678983323298054,0.25051805452860265,-0.31319527951229764,38.0,0.0,0.0,38.0,0.0,0.0,0.0
资金费率极端回归多头,衍生品反转,fcc89570f6af5d59,REJECTED,2025-11,495,True,2025-10,411.0,0.18713570604568353,0.18874211705758698,1.4698179039944814,0.8335585186590204,0.027129499301684457,0.25300719122788085,-0.3211761128647607,0.26453887166454754,-0.30074288209325545,131.0,0.0,0.0,131.0,0.0,0.0,0.0
资金费率极端回归多头,衍生品反转,fcc89570f6af5d59,REJECTED,2025-12,437,True,2025-11,495.0,0.1625842904842985,0.16448204743147712,1.4848561411744865,0.9382861347484863,0.02472066162365221,0.2120634376109331,-0.4894175120327663,0.21479339746647197,-0.48375725295362004,112.0,0.0,0.0,112.0,0.0,0.0,0.0
资金费率极端回归多头,衍生品反转,fcc89570f6af5d59,REJECTED,2026-01,517,True,2025-12,437.0,0.18705179130571076,0.18686565883243558,1.4761941432580763,0.8254173574611328,0.02631006802792169,0.24943141995425777,-0.320893667670447,0.2500045281255427,-0.31960163703315303,107.0,0.0,0.0,107.0,0.0,0.0,0.0
资金费率极端回归多头,衍生品反转,fcc89570f6af5d59,REJECTED,2026-02,437,True,2026-01,517.0,0.16578491755672425,0.1661734794152354,1.4753552928851243,0.8713631657505491,0.024188972342344836,0.21083335656698587,-0.4415004907747204,0.21786315129643527,-0.4281083230997302,102.0,0.0,0.0,102.0,0.0,0.0,0.0
资金费率极端回归多头,衍生品反转,fcc89570f6af5d59,REJECTED,2026-03,479,True,2026-02,437.0,0.19486239149700604,0.19488158312861306,1.4996835587728214,0.8257329203478654,0.02631006802792169,0.26545293928173114,-0.27889356045209157,0.2670982378002605,-0.27584945164479996,124.0,0.0,0.0,124.0,0.0,0.0,0.0
资金费率极端回归多头,衍生品反转,fcc89570f6af5d59,REJECTED,2026-04,371,True,2026-03,479.0,0.19630073803518178,0.19665779688727997,1.474757977249141,0.9412929197751356,0.025130141431172464,0.2734947658699033,-0.3499791869100555,0.2729628515299467,-0.34809179561868064,63.0,0.0,0.0,63.0,0.0,0.0,0.0
资金费率极端回归多头,衍生品反转,fcc89570f6af5d59,REJECTED,2026-05,447,True,2026-04,371.0,0.1755876209117756,0.17492542542877873,1.4656623228565187,0.861401781826502,0.028554577240814078,0.2290373017150451,-0.39882762218074486,0.23573397997383774,-0.38434561290050895,130.0,0.0,0.0,130.0,0.0,0.0,0.0
资金费率极端回归空头,衍生品反转,b02aa80e33f81c12,REJECTED,2025-05,503,True,2025-04,474.0,0.16013637083293059,0.16068362676094203,1.708908550389071,0.8660018674307706,0.025262336669604396,0.20251195496508742,-0.4098562650474672,0.1982517764759608,-0.41768094666940614,78.0,0.0,0.0,78.0,0.0,0.0,0.0
资金费率极端回归空头,衍生品反转,b02aa80e33f81c12,REJECTED,2025-06,420,True,2025-05,503.0,0.18214996855266882,0.1828777012147014,1.6926277437496142,0.8919355562329164,0.024523287913724042,0.24453685888440446,-0.327076653461098,0.2358554828397643,-0.344384239416109,66.0,0.0,0.0,66.0,0.0,0.0,0.0
资金费率极端回归空头,衍生品反转,b02aa80e33f81c12,REJECTED,2025-07,180,True,2025-06,420.0,0.18325562526777092,0.1886875901790065,1.6974004203163306,0.8426824892946165,0.026837252006084666,0.264347311328009,-0.24090884880087937,0.25699868782043933,-0.2564520991543182,28.0,0.0,17.0,11.0,17.0,12.0,1.0
资金费率极端回归空头,衍生品反转,b02aa80e33f81c12,REJECTED,2025-08,374,True,2025-07,180.0,0.14971440433147862,0.14935919148645468,1.6974300079239375,0.7907695565884942,0.040994579587496145,0.18331495844931117,-0.41432588125941694,0.18260341550158196,-0.4150911736692323,53.0,0.0,0.0,53.0,0.0,0.0,0.0
资金费率极端回归空头,衍生品反转,b02aa80e33f81c12,REJECTED,2025-09,419,True,2025-08,374.0,0.15210317626017344,0.1519221337935942,1.6974681249062922,0.8916053810422878,0.028439822949726055,0.18713728840001498,-0.4745141156841582,0.18572614426950232,-0.47772316694257155,63.0,0.0,0.0,63.0,0.0,0.0,0.0
资金费率极端回归空头,衍生品反转,b02aa80e33f81c12,REJECTED,2025-10,452,True,2025-09,419.0,0.19214509305171815,0.193037832393177,1.6974339638830254,0.8431735919730177,0.026869258281031736,0.26253173770823407,-0.24689993370637414,0.26575359772397267,-0.24156644003136038,92.0,0.0,0.0,92.0,0.0,0.0,0.0
资金费率极端回归空头,衍生品反转,b02aa80e33f81c12,REJECTED,2025-11,395,True,2025-10,452.0,0.1565973952784159,0.1584834565374062,1.6992042389904538,0.9310688415148066,0.025869823880548926,0.1991685993475539,-0.472664932225534,0.20728570257062098,-0.4573636402241102,104.0,0.0,0.0,104.0,0.0,0.0,0.0
资金费率极端回归空头,衍生品反转,b02aa80e33f81c12,REJECTED,2025-12,459,True,2025-11,395.0,0.19016588301767376,0.18900624600257923,1.7129359167959115,0.881933808103291,0.02767350329846452,0.255702633032598,-0.28970147779555877,0.25572354084811366,-0.2892485951670042,106.0,0.0,0.0,106.0,0.0,0.0,0.0
资金费率极端回归空头,衍生品反转,b02aa80e33f81c12,REJECTED,2026-01,394,True,2025-12,459.0,0.18659504012508776,0.1865229305479359,1.704786149273845,0.8710596588003293,0.025671801540513517,0.24836516412496545,-0.30017533125448387,0.2478539803268134,-0.3006862316823171,82.0,0.0,0.0,82.0,0.0,0.0,0.0
资金费率极端回归空头,衍生品反转,b02aa80e33f81c12,REJECTED,2026-02,417,True,2026-01,394.0,0.19419767618061418,0.19288709329740109,1.653117510600959,0.790189445981102,0.027708599702293314,0.2664835707043423,-0.2108355155071917,0.2697135461444224,-0.20218729477303787,99.0,0.0,9.0,90.0,9.0,0.0,0.0
资金费率极端回归空头,衍生品反转,b02aa80e33f81c12,REJECTED,2026-03,472,True,2026-02,417.0,0.20591682110911108,0.20594532024899628,1.6737554288454073,0.8044452925684795,0.02693361587809155,0.2901907954283387,-0.1575944360416003,0.289838912065745,-0.1580330317351861,108.0,0.0,0.0,108.0,0.0,0.0,0.0
资金费率极端回归空头,衍生品反转,b02aa80e33f81c12,REJECTED,2026-04,521,True,2026-03,472.0,0.21026355427817808,0.20979561900208835,1.7135814059175802,0.914431759301358,0.025315801992203894,0.3009292724058508,-0.19480203907017773,0.2990068178787597,-0.1990521136840981,88.0,0.0,0.0,88.0,0.0,0.0,0.0
资金费率极端回归空头,衍生品反转,b02aa80e33f81c12,REJECTED,2026-05,495,True,2026-04,521.0,0.13777277602179822,0.13561041273532007,1.6982923420324805,0.9366361384513658,0.024095937488607798,0.16505941580536662,-0.562922321368757,0.16464785436183071,-0.563441107432899,81.0,0.0,0.0,81.0,0.0,0.0,0.0
合约溢价极端修复多头,基差反转,61c7503426bc984b,REJECTED,2025-05,54,True,2025-04,62.0,0.179994343703862,0.18287071135305594,1.4074949033632573,0.9640150031082562,0.06985006985010478,0.24195505950053678,-0.502497076880746,0.24263211116133818,-0.5014490175469303,11.0,0.0,0.0,11.0,0.0,0.0,0.0
合约溢价极端修复多头,基差反转,61c7503426bc984b,REJECTED,2025-06,62,True,2025-05,54.0,0.17097281982809676,0.17187182244182223,1.4719897082572848,0.9974375066806223,0.07484551991837489,0.22222257123081565,-0.5648763571487673,0.21175780535233849,-0.5839625238038209,11.0,0.0,0.0,11.0,0.0,0.0,0.0
合约溢价极端修复多头,基差反转,61c7503426bc984b,REJECTED,2025-07,21,True,2025-06,62.0,0.22084376322003094,0.22360948776538525,1.4651324361852098,0.827104840660561,0.06985006985010478,0.3387061340463507,-0.16755906727029699,0.3491311428671694,-0.14936666253821637,5.0,0.0,2.0,3.0,2.0,0.0,0.0
合约溢价极端修复多头,基差反转,61c7503426bc984b,REJECTED,2025-08,37,True,2025-07,21.0,0.11765703288961007,0.12225990160755612,1.4651581379458587,0.9190673310225892,0.12001983962979583,0.14288017103219575,-0.7327270591592039,0.14281223456499612,-0.7331336110243983,8.0,0.0,0.0,8.0,0.0,0.0,0.0
合约溢价极端修复多头,基差反转,61c7503426bc984b,REJECTED,2025-09,66,True,2025-08,37.0,0.17884467182177216,0.19608229875142305,1.4651825743389026,1.0935363626335333,0.09041944301794652,0.27029851444463276,-0.5346346627646515,0.26462567764427974,-0.5454742091390739,13.0,0.0,0.0,13.0,0.0,0.0,0.0
合约溢价极端修复多头,基差反转,61c7503426bc984b,REJECTED,2025-10,48,True,2025-09,66.0,0.1755382281052564,0.17561376138925275,1.4651708750724035,0.9431284619648442,0.06770032003863301,0.22722683233666335,-0.5054647770152744,0.2259108314461226,-0.5078865549645128,9.0,0.0,0.0,9.0,0.0,0.0,0.0
合约溢价极端修复多头,基差反转,61c7503426bc984b,REJECTED,2025-11,46,True,2025-10,48.0,0.20525375193587173,0.20509638503560987,1.4654963858782222,0.804154532464473,0.07938566201357355,0.291672591971058,-0.2668732317289925,0.2893005606873219,-0.27240793716936407,8.0,0.0,0.0,8.0,0.0,0.0,0.0
合约溢价极端修复多头,基差反转,61c7503426bc984b,REJECTED,2025-12,43,True,2025-11,46.0,0.14292786782862088,0.14362934498589439,1.4776605904313123,0.8295197264627824,0.08109307588519343,0.17391318461835137,-0.5471589612042659,0.17934114004760535,-0.5377724879690862,12.0,0.0,0.0,12.0,0.0,0.0,0.0
合约溢价极端修复多头,基差反转,61c7503426bc984b,REJECTED,2026-01,63,True,2025-12,43.0,0.1893945507484367,0.19009790636910429,1.4685163675296915,0.9071546813601804,0.08387421368293257,0.25581500831558485,-0.4268659771801373,0.25848128241632484,-0.421906403443791,13.0,0.0,0.0,13.0,0.0,0.0,0.0
合约溢价极端修复多头,基差反转,61c7503426bc984b,REJECTED,2026-02,53,True,2026-01,63.0,0.08485599085773579,0.08615949877722932,1.4843592533701744,0.8912955224931389,0.06929348671835833,0.09523052613856843,-0.7634920452761959,0.09086699848697474,-0.7713287141966211,8.0,0.0,0.0,8.0,0.0,0.0,0.0
合约溢价极端修复多头,基差反转,61c7503426bc984b,REJECTED,2026-03,48,True,2026-02,53.0,0.15680278241493179,0.16404122398031243,1.3871077579826485,0.7137702515694588,0.07554831017177897,0.2075306111490952,-0.3929373325363586,0.20675210676481992,-0.39414588094645303,5.0,0.0,0.0,5.0,0.0,0.0,0.0
合约溢价极端修复多头,基差反转,61c7503426bc984b,REJECTED,2026-04,31,True,2026-03,48.0,0.15149101541967855,0.15158375825078177,1.4911525559091585,1.0234156402921186,0.07938566201357355,0.18743402803223677,-0.6703720127157977,0.18271027211412047,-0.6789318697640239,3.0,0.0,0.0,3.0,0.0,0.0,0.0
合约溢价极端修复多头,基差反转,61c7503426bc984b,REJECTED,2026-05,39,True,2026-04,31.0,0.19130429945300503,0.19144829930810972,1.4778923164994466,0.8097068217623687,0.09878291611472621,0.25806911897193147,-0.36189562149757937,0.26129500901679736,-0.3565107184321348,10.0,0.0,0.0,10.0,0.0,0.0,0.0
合约溢价极端修复空头,基差反转,9cc0c5de692aa62f,REJECTED,2025-05,61,True,2025-04,82.0,0.146150008134844,0.14871003469905084,1.5639205454934835,0.8387125662358641,0.0607373393411656,0.18300429738309784,-0.49804561483241727,0.1679949981874043,-0.5256616675476528,8.0,0.0,0.0,8.0,0.0,0.0,0.0
合约溢价极端修复空头,基差反转,9cc0c5de692aa62f,REJECTED,2025-06,50,True,2025-05,61.0,0.19706338491446307,0.20052868954635622,1.4727884825790056,0.9255051163125163,0.0704202839630928,0.2787572390511721,-0.37180435769640496,0.26747963250158435,-0.3916083834354736,9.0,0.0,0.0,9.0,0.0,0.0,0.0
合约溢价极端修复空头,基差反转,9cc0c5de692aa62f,REJECTED,2025-07,35,True,2025-06,50.0,0.1789638051821039,0.18182374911779264,1.4669653025086216,0.9893454474950126,0.07778174593052023,0.2400111973158496,-0.5198966455218555,0.21758247555558707,-0.5614891356444861,6.0,0.0,0.0,6.0,0.0,0.0,0.0
合约溢价极端修复空头,基差反转,9cc0c5de692aa62f,REJECTED,2025-08,64,True,2025-07,35.0,0.149414944541816,0.15864586512528536,1.4670095474130385,0.7965733905053376,0.09296696802013683,0.19994600193467402,-0.4755871650024425,0.19318349784444705,-0.4874724589913225,10.0,0.0,0.0,10.0,0.0,0.0,0.0
合约溢价极端修复空头,基差反转,9cc0c5de692aa62f,REJECTED,2025-09,73,True,2025-08,64.0,0.19751441087301477,0.2019237439225947,1.4669764154112532,0.9248746885036553,0.06875,0.28124963393595603,-0.3653469907134029,0.2731130588222863,-0.38004426028999266,8.0,0.0,0.0,8.0,0.0,0.0,0.0
合约溢价极端修复空头,基差反转,9cc0c5de692aa62f,REJECTED,2025-10,80,True,2025-09,73.0,0.16923269585274667,0.17806862624799438,1.466979136200931,0.8083739393239185,0.06437263095787182,0.2328752067094936,-0.3840243408287654,0.24158964409014586,-0.36893840470022915,22.0,0.0,0.0,22.0,0.0,0.0,0.0
合约溢价极端修复空头,基差反转,9cc0c5de692aa62f,REJECTED,2025-11,59,True,2025-10,80.0,0.19351049987756058,0.19351473311498588,1.4719996637538362,0.9399340230357092,0.06149186938124422,0.2625017756849519,-0.41229531679137355,0.26297361883860026,-0.4114450266765205,8.0,0.0,0.0,8.0,0.0,0.0,0.0
合约溢价极端修复空头,基差反转,9cc0c5de692aa62f,REJECTED,2025-12,59,True,2025-11,59.0,0.18694303638634852,0.18932914931336417,1.4945253907758782,0.8949386202528722,0.07160390103945313,0.254238661341332,-0.40230383889968263,0.2513140052463106,-0.4072364999037312,10.0,0.0,0.0,10.0,0.0,0.0,0.0
合约溢价极端修复空头,基差反转,9cc0c5de692aa62f,REJECTED,2026-01,48,True,2025-12,59.0,0.1999014331248979,0.20382866420976845,1.5102358201690818,0.8912006662846992,0.07160390103945313,0.2881511700237722,-0.3155589154433031,0.2737209299796047,-0.3422042336747606,3.0,0.0,0.0,3.0,0.0,0.0,0.0
合约溢价极端修复空头,基差反转,9cc0c5de692aa62f,REJECTED,2026-02,66,True,2026-01,48.0,0.19282288179921622,0.19704257317886778,1.477133010702116,0.9290151143024892,0.07938566201357355,0.2708374718591728,-0.4006655570258803,0.2722090494277157,-0.39812824621273857,15.0,0.0,0.0,15.0,0.0,0.0,0.0
合约溢价极端修复空头,基差反转,9cc0c5de692aa62f,REJECTED,2026-03,65,True,2026-02,66.0,0.20400142692484,0.2039176731528242,1.5104346706348084,0.8180190549570683,0.06770032003863301,0.28793954503695113,-0.2604740740085114,0.28143386957935573,-0.27178641458678293,7.0,0.0,0.0,7.0,0.0,0.0,0.0
合约溢价极端修复空头,基差反转,9cc0c5de692aa62f,REJECTED,2026-04,24,True,2026-03,65.0,0.17734733038867223,0.17740072468820928,1.4853382743785777,0.8954499063577029,0.06821910402406466,0.23082385522216362,-0.45627680512103574,0.23062431698600894,-0.45658078634825,6.0,0.0,0.0,6.0,0.0,0.0,0.0
合约溢价极端修复空头,基差反转,9cc0c5de692aa62f,REJECTED,2026-05,42,True,2026-04,24.0,0.1646704176249085,0.16425018616972578,1.466658319327754,0.7452073582592874,0.11226827987756235,0.20834318671482857,-0.4372468850708244,0.20894019722106094,-0.4361050057037965,11.0,0.0,0.0,11.0,0.0,0.0,0.0
欧美开盘区间突破多头,开盘突破,7ec50392647cebba,REJECTED,2025-05,99,True,2025-04,86.0,0.1802919426991449,0.18074280570046122,1.7621256831098648,0.8790218630858734,0.059308025261891134,0.2441713514907395,-0.33589337330076907,0.25769543753932256,-0.31242407454157334,28.0,0.0,0.0,28.0,0.0,0.0,0.0
欧美开盘区间突破多头,开盘突破,7ec50392647cebba,REJECTED,2025-06,93,True,2025-05,99.0,0.18093934689899807,0.1823097234287619,1.8281840308407729,0.6977612471220523,0.05527707983925667,0.24242907360254262,-0.1832326765126562,0.23317630227289254,-0.20176622268225214,10.0,0.0,0.0,10.0,0.0,0.0,0.0
欧美开盘区间突破多头,开盘突破,7ec50392647cebba,REJECTED,2025-07,28,True,2025-06,93.0,0.18613871720749256,0.18528219428991555,1.8281684332256458,0.9350663904998547,0.05703234321017339,0.24731160135219316,-0.35191833286692226,0.24640241181664355,-0.35349842435261497,6.0,0.0,0.0,6.0,0.0,0.0,0.0
欧美开盘区间突破多头,开盘突破,7ec50392647cebba,REJECTED,2025-08,64,True,2025-07,28.0,0.19904704292796757,0.20304285888076287,1.8281868736230962,0.9953992050500154,0.10394023007753748,0.2857261635895712,-0.3371268247388107,0.260407945045087,-0.39118516231772815,8.0,0.0,0.0,8.0,0.0,0.0,0.0
欧美开盘区间突破多头,开盘突破,7ec50392647cebba,REJECTED,2025-09,84,True,2025-08,64.0,0.1617833673477374,0.15932746073217519,1.8366228546903867,0.8468813584784691,0.06875,0.20312576325158277,-0.41079752381343215,0.20499495787745545,-0.4077764231020777,17.0,0.0,0.0,17.0,0.0,0.0,0.0
欧美开盘区间突破多头,开盘突破,7ec50392647cebba,REJECTED,2025-10,72,True,2025-09,84.0,0.15744071950220254,0.16638133022739834,1.8291131908280092,0.9177063252430131,0.060009919814897915,0.21428166270551618,-0.4288611661680987,0.1687387021384826,-0.5245765033457508,2.0,0.0,0.0,2.0,0.0,0.0,0.0
欧美开盘区间突破多头,开盘突破,7ec50392647cebba,REJECTED,2025-11,60,True,2025-10,72.0,0.20635525560707804,0.20591736035625555,1.8401414640353149,0.895745742328443,0.06481812160876686,0.2916562482251633,-0.20799823653844854,0.2945814471025194,-0.2013099818255027,15.0,0.0,0.0,15.0,0.0,0.0,0.0
欧美开盘区间突破多头,开盘突破,7ec50392647cebba,REJECTED,2025-12,71,True,2025-11,60.0,0.11427596852047033,0.11550278424132242,1.856824822591716,1.036711363976494,0.07100469468046931,0.1333707246401675,-0.7556339594576208,0.1304717631212144,-0.761776268427073,15.0,0.0,0.0,15.0,0.0,0.0,0.0
欧美开盘区间突破多头,开盘突破,7ec50392647cebba,REJECTED,2026-01,74,True,2025-12,71.0,0.17872600594157084,0.191746632434953,1.8425183867565664,0.7707728450030303,0.06527299120066193,0.2817198429711098,-0.14215483759091807,0.2803144713524624,-0.15059633937152933,8.0,0.0,4.0,4.0,4.0,2.0,1.0
欧美开盘区间突破多头,开盘突破,7ec50392647cebba,REJECTED,2026-02,80,True,2026-01,74.0,0.09635233019603467,0.09639706379420399,1.8320210796257168,1.0007356677744732,0.0639362013091006,0.10805185831217314,-0.78958444208561,0.1075212250811008,-0.7907152157270039,17.0,0.0,0.0,17.0,0.0,0.0,0.0
欧美开盘区间突破多头,开盘突破,7ec50392647cebba,REJECTED,2026-03,70,True,2026-02,80.0,0.180857156841639,0.1808147701186948,1.8735533604017116,0.8374744125208506,0.06149186938124422,0.237503420972972,-0.29763034585340925,0.23631441833306782,-0.29999330016899134,12.0,0.0,0.0,12.0,0.0,0.0,0.0
欧美开盘区间突破多头,开盘突破,7ec50392647cebba,REJECTED,2026-04,76,True,2026-03,70.0,0.1838703078011482,0.18264960552408305,1.870545969588462,0.9482564531250637,0.06573757351339166,0.24285042941344132,-0.37229731645456327,0.24226276517524883,-0.37283614654689096,15.0,0.0,0.0,15.0,0.0,0.0,0.0
欧美开盘区间突破多头,开盘突破,7ec50392647cebba,REJECTED,2026-05,73,True,2026-04,76.0,0.15011745240973287,0.15781487372642397,1.8336393016965569,0.7937705879116443,0.06308932681440449,0.19735970189496047,-0.37709517477159027,0.20234373387669227,-0.36694613042993285,21.0,0.0,0.0,21.0,0.0,0.0,0.0
欧美开盘区间突破空头,开盘突破,8f89911d444a7852,REJECTED,2025-05,83,True,2025-04,87.0,0.17061835573658385,0.17059626444551024,1.5269077058204534,0.8599052421090345,0.058966189416078715,0.21839941356158094,-0.4389083176905462,0.22072596197428387,-0.4344890414477961,23.0,0.0,0.0,23.0,0.0,0.0,0.0
欧美开盘区间突破空头,开盘突破,8f89911d444a7852,REJECTED,2025-06,100,True,2025-05,83.0,0.1401833059448856,0.1401063743527327,1.4972840007720107,0.9372664349545473,0.060370342994329695,0.16867473022810137,-0.6244077684228364,0.16820229176180151,-0.6253900858213736,18.0,0.0,0.0,18.0,0.0,0.0,0.0
欧美开盘区间突破空头,开盘突破,8f89911d444a7852,REJECTED,2025-07,42,True,2025-06,100.0,0.1823517336879821,0.1816849771575496,1.497263496731791,0.9083299555513583,0.05500000000000001,0.24001023917518363,-0.42867857121944636,0.23999453818152483,-0.4279815770164631,11.0,0.0,0.0,11.0,0.0,0.0,0.0
欧美开盘区间突破空头,开盘突破,8f89911d444a7852,REJECTED,2025-08,68,True,2025-07,42.0,0.11979609349010578,0.1223816181945711,1.497339370079568,0.9665063110418716,0.08486684247915055,0.14285281904442515,-0.7340125385681201,0.16029643452103026,-0.7016563449943115,20.0,0.0,0.0,20.0,0.0,0.0,0.0
欧美开盘区间突破空头,开盘突破,8f89911d444a7852,REJECTED,2025-09,64,True,2025-08,68.0,0.15131464714785203,0.15432429537278794,1.4973372305492545,0.8320876201811378,0.06669729688499157,0.19109875716933153,-0.4925038895558482,0.16127145128867643,-0.5447213374672918,6.0,0.0,0.0,6.0,0.0,0.0,0.0
欧美开盘区间突破空头,开盘突破,8f89911d444a7852,REJECTED,2025-10,76,True,2025-09,64.0,0.15234069694506724,0.15222827805597255,1.5013360072595194,0.7965026001016329,0.06875,0.18751860216919863,-0.47340931923254137,0.1886671408015431,-0.47142411364926656,31.0,0.0,0.0,31.0,0.0,0.0,0.0
欧美开盘区间突破空头,开盘突破,8f89911d444a7852,REJECTED,2025-11,98,True,2025-10,76.0,0.16522227634720768,0.1654536895468489,1.5083289437107277,0.8405857062146488,0.06308932681440449,0.2104865866617868,-0.4498974075970647,0.21088142121312545,-0.45015288263234604,20.0,0.0,0.0,20.0,0.0,0.0,0.0
欧美开盘区间突破空头,开盘突破,8f89911d444a7852,REJECTED,2025-12,79,True,2025-11,98.0,0.20991644626152944,0.21222271520574162,1.5184683684355078,0.920415552849899,0.055558389950371594,0.30610366551761964,-0.27521372664748467,0.3018310299583352,-0.28352332579072703,17.0,0.0,0.0,17.0,0.0,0.0,0.0
欧美开盘区间突破空头,开盘突破,8f89911d444a7852,REJECTED,2026-01,102,True,2025-12,79.0,0.19393112255222716,0.19501897622706965,1.5218830851019607,0.9672241770051433,0.06187983455093132,0.2658235325905416,-0.41146726516831833,0.2644007749235739,-0.414125320669532,20.0,0.0,0.0,20.0,0.0,0.0,0.0
欧美开盘区间突破空头,开盘突破,8f89911d444a7852,REJECTED,2026-02,79,True,2026-01,102.0,0.1628440192782738,0.16256021754893463,1.4230523480350343,0.9385281217030512,0.05445811486371709,0.2058401881732969,-0.5472108050352159,0.2161978871133255,-0.5292793264505674,29.0,0.0,0.0,29.0,0.0,0.0,0.0
欧美开盘区间突破空头,开盘突破,8f89911d444a7852,REJECTED,2026-03,90,True,2026-02,79.0,0.18147934667005294,0.18262718309328912,1.5372782101540243,0.7724474105425175,0.06187983455093132,0.24048857824033548,-0.32145562063270927,0.24510678796823973,-0.3133963128429644,22.0,0.0,0.0,22.0,0.0,0.0,0.0
欧美开盘区间突破空头,开盘突破,8f89911d444a7852,REJECTED,2026-04,69,True,2026-03,90.0,0.20363769590795766,0.20868688924075096,1.507422352881814,0.9380282029276675,0.05797509043642029,0.3000071152760079,-0.30747953982328224,0.2801194462732192,-0.34544377563635953,6.0,0.0,0.0,6.0,0.0,0.0,0.0
欧美开盘区间突破空头,开盘突破,8f89911d444a7852,REJECTED,2026-05,89,True,2026-04,69.0,0.1719088211487498,0.17778553007326614,1.501280243950042,0.9941334192270934,0.06621221919717307,0.23190836494749953,-0.523130587784071,0.24663556289548144,-0.495348921518985,21.0,0.0,0.0,21.0,0.0,0.0,0.0
BTC强于ETH且溢价回落空头,跨资产衍生品,ad7bf81694ad15d4,REJECTED,2025-05,7,False,,,,,,,,,,,,,,,,,,
BTC强于ETH且溢价回落空头,跨资产衍生品,ad7bf81694ad15d4,REJECTED,2025-06,4,False,,,,,,,,,,,,,,,,,,
BTC强于ETH且溢价回落空头,跨资产衍生品,ad7bf81694ad15d4,REJECTED,2025-07,3,False,,,,,,,,,,,,,,,,,,
BTC强于ETH且溢价回落空头,跨资产衍生品,ad7bf81694ad15d4,REJECTED,2025-08,7,False,,,,,,,,,,,,,,,,,,
BTC强于ETH且溢价回落空头,跨资产衍生品,ad7bf81694ad15d4,REJECTED,2025-09,4,False,,,,,,,,,,,,,,,,,,
BTC强于ETH且溢价回落空头,跨资产衍生品,ad7bf81694ad15d4,REJECTED,2025-10,11,False,,,,,,,,,,,,,,,,,,
BTC强于ETH且溢价回落空头,跨资产衍生品,ad7bf81694ad15d4,REJECTED,2025-11,5,False,,,,,,,,,,,,,,,,,,
BTC强于ETH且溢价回落空头,跨资产衍生品,ad7bf81694ad15d4,REJECTED,2025-12,7,False,,,,,,,,,,,,,,,,,,
BTC强于ETH且溢价回落空头,跨资产衍生品,ad7bf81694ad15d4,REJECTED,2026-01,5,False,,,,,,,,,,,,,,,,,,
BTC强于ETH且溢价回落空头,跨资产衍生品,ad7bf81694ad15d4,REJECTED,2026-02,3,False,,,,,,,,,,,,,,,,,,
BTC强于ETH且溢价回落空头,跨资产衍生品,ad7bf81694ad15d4,REJECTED,2026-03,1,False,,,,,,,,,,,,,,,,,,
BTC强于ETH且溢价回落空头,跨资产衍生品,ad7bf81694ad15d4,REJECTED,2026-04,0,False,,,,,,,,,,,,,,,,,,
BTC强于ETH且溢价回落空头,跨资产衍生品,ad7bf81694ad15d4,REJECTED,2026-05,2,False,,,,,,,,,,,,,,,,,,
BTC强于ETH且主动卖盘空头,跨资产订单流,42cf6b5ef39eefab,REJECTED,2025-05,36,True,2025-04,58.0,0.143646900067171,0.15233547566576888,1.7427714509768384,1.002179777659078,0.07221853807284741,0.18968225714937256,-0.5916557180532103,0.19913836980626543,-0.5708067255590907,10.0,0.0,0.0,10.0,0.0,0.0,0.0
BTC强于ETH且主动卖盘空头,跨资产订单流,42cf6b5ef39eefab,REJECTED,2025-06,40,True,2025-05,36.0,0.119438876922718,0.11923655680215986,1.7147316127744818,0.9561608343754635,0.09166666666666667,0.1388784049619947,-0.7114142950135575,0.13931725423977795,-0.7117573918118607,10.0,0.0,0.0,10.0,0.0,0.0,0.0
BTC强于ETH且主动卖盘空头,跨资产订单流,42cf6b5ef39eefab,REJECTED,2025-07,11,True,2025-06,40.0,0.19934809376289422,0.1982078460817393,1.7212237229844616,0.817714689010254,0.08696263565463043,0.2750008190230284,-0.2511201457267315,0.2737658316032134,-0.25499797215994974,1.0,0.0,0.0,1.0,0.0,0.0,0.0
BTC强于ETH且主动卖盘空头,跨资产订单流,42cf6b5ef39eefab,REJECTED,2025-08,20,False,,,,,,,,,,,,,,,,,,
BTC强于ETH且主动卖盘空头,跨资产订单流,42cf6b5ef39eefab,REJECTED,2025-09,25,True,2025-08,20.0,0.15997318583127088,0.1596683209646638,1.7188240508939912,1.1157304369533723,0.12298373876248844,0.20007750117082704,-0.7116330061018363,0.19961733068115328,-0.7131775665386183,2.0,0.0,0.0,2.0,0.0,0.0,0.0
BTC强于ETH且主动卖盘空头,跨资产订单流,42cf6b5ef39eefab,REJECTED,2025-10,38,True,2025-09,25.0,0.07320090303760797,0.07356232762596451,1.7147840431003587,0.6633092928935657,0.11000000000000001,0.08001160582654228,-0.6101439547110764,0.08413285895007594,-0.6028581312408147,14.0,0.0,0.0,14.0,0.0,0.0,0.0
BTC强于ETH且主动卖盘空头,跨资产订单流,42cf6b5ef39eefab,REJECTED,2025-11,44,True,2025-10,38.0,0.2056649826817123,0.20436689353949872,1.562915886747094,0.9133544385624056,0.0892217816219194,0.2894750698716064,-0.33113561278557574,0.2892995311120885,-0.33230825946342596,7.0,0.0,0.0,7.0,0.0,0.0,0.0
BTC强于ETH且主动卖盘空头,跨资产订单流,42cf6b5ef39eefab,REJECTED,2025-12,33,True,2025-11,44.0,0.21688798352324978,0.21577716469003105,1.761175541696544,0.8216086987854319,0.082915619758885,0.31819154220694146,-0.12933237408074802,0.3189521919493558,-0.12910041802206995,10.0,0.0,0.0,10.0,0.0,0.0,0.0
BTC强于ETH且主动卖盘空头,跨资产订单流,42cf6b5ef39eefab,REJECTED,2026-01,21,True,2025-12,33.0,0.19831134510527756,0.1983279775876427,1.774071816188628,1.0890110146135343,0.09574271077563382,0.2727212631627429,-0.44846869235393694,0.2713321702112701,-0.45175792030092043,1.0,0.0,0.0,1.0,0.0,0.0,0.0
BTC强于ETH且主动卖盘空头,跨资产订单流,42cf6b5ef39eefab,REJECTED,2026-02,45,True,2026-01,21.0,0.12164022405201189,0.12199102560400552,1.715049000245363,0.8451496316981608,0.12001983962979583,0.14286040971628816,-0.6343263631785553,0.13488164771904004,-0.6499117447078175,5.0,0.0,0.0,5.0,0.0,0.0,0.0
BTC强于ETH且主动卖盘空头,跨资产订单流,42cf6b5ef39eefab,REJECTED,2026-03,28,True,2026-02,45.0,0.20072140473628247,0.21172546879442128,1.7664501912086656,0.8120734930703712,0.08198915917499229,0.31110699562926986,-0.13666948142225288,0.3090791318673972,-0.14069659355284786,4.0,0.0,4.0,0.0,4.0,0.0,0.0
BTC强于ETH且主动卖盘空头,跨资产订单流,42cf6b5ef39eefab,REJECTED,2026-04,31,True,2026-03,28.0,0.22616740319622977,0.24324635231437383,1.7538951288145326,0.973508548245218,0.10394023007753748,0.4285740613175791,0.04387931639156995,0.4120297517106601,0.008789907558044622,4.0,0.0,4.0,0.0,4.0,4.0,1.0
BTC强于ETH且主动卖盘空头,跨资产订单流,42cf6b5ef39eefab,REJECTED,2026-05,18,True,2026-04,31.0,0.21756171930289187,0.21455565862525286,1.7239857077021736,0.9593563906681725,0.09878291611472621,0.3225755484990697,-0.2391856207418628,0.3307426424353015,-0.22228443244405682,6.0,0.0,0.0,6.0,0.0,0.0,0.0
BTC强于ETH欧美盘修复空头,跨资产时段,b64b02e61a1dfe58,REJECTED,2025-05,10,True,2025-04,16.0,0.24557412454512834,0.2440410318125452,1.548431307785097,1.0067402933237164,0.1375,0.43749003126666924,-0.07594450362955946,0.0,0.0,0.0,0.0,0.0,0.0,0.0,0.0,0.0
BTC强于ETH欧美盘修复空头,跨资产时段,b64b02e61a1dfe58,REJECTED,2025-06,7,False,,,,,,,,,,,,,,,,,,
BTC强于ETH欧美盘修复空头,跨资产时段,b64b02e61a1dfe58,REJECTED,2025-07,1,False,,,,,,,,,,,,,,,,,,
BTC强于ETH欧美盘修复空头,跨资产时段,b64b02e61a1dfe58,REJECTED,2025-08,4,False,,,,,,,,,,,,,,,,,,
BTC强于ETH欧美盘修复空头,跨资产时段,b64b02e61a1dfe58,REJECTED,2025-09,8,False,,,,,,,,,,,,,,,,,,
BTC强于ETH欧美盘修复空头,跨资产时段,b64b02e61a1dfe58,REJECTED,2025-10,19,False,,,,,,,,,,,,,,,,,,
BTC强于ETH欧美盘修复空头,跨资产时段,b64b02e61a1dfe58,REJECTED,2025-11,19,True,2025-10,19.0,0.16540873850808752,0.16608170958211885,1.4778011072561856,1.1660683615287277,0.12617865362880898,0.21052708973030643,-0.7763280016694689,0.2185814526168508,-0.76067663469855,7.0,0.0,0.0,7.0,0.0,0.0,0.0
BTC强于ETH欧美盘修复空头,跨资产时段,b64b02e61a1dfe58,REJECTED,2025-12,13,True,2025-11,19.0,0.24233067034538044,0.241769030878622,1.6003986459903747,0.6033305790213623,0.12617865362880898,0.4210576040439576,0.14914736913013582,0.40966665416082626,0.1308907321406218,3.0,0.0,3.0,0.0,3.0,3.0,1.0
BTC强于ETH欧美盘修复空头,跨资产时段,b64b02e61a1dfe58,REJECTED,2026-01,10,False,,,,,,,,,,,,,,,,,,
BTC强于ETH欧美盘修复空头,跨资产时段,b64b02e61a1dfe58,REJECTED,2026-02,20,False,,,,,,,,,,,,,,,,,,
BTC强于ETH欧美盘修复空头,跨资产时段,b64b02e61a1dfe58,REJECTED,2026-03,16,True,2026-02,20.0,0.18610477811965478,0.1872699367489838,1.5871750737839636,0.8348823386623551,0.12298373876248844,0.25001202348132046,-0.39546880512763183,0.2498284526466895,-0.3954023027862066,4.0,0.0,0.0,4.0,0.0,0.0,0.0
BTC强于ETH欧美盘修复空头,跨资产时段,b64b02e61a1dfe58,REJECTED,2026-04,8,True,2026-03,16.0,0.20859671308900146,0.21384688537341842,1.511584762853903,0.8022542520847452,0.1375,0.3125028976759757,-0.26232775095876937,0.0,0.0,0.0,0.0,0.0,0.0,0.0,0.0,0.0
BTC强于ETH欧美盘修复空头,跨资产时段,b64b02e61a1dfe58,REJECTED,2026-05,8,False,,,,,,,,,,,,,,,,,,
ETH先跌BTC滞后补跌空头,跨资产领先滞后,2ab044d21e95dd83,REJECTED,2025-05,722,True,2025-04,685.0,0.18708262325120145,0.18745474744553087,1.5088566871786617,0.904629363072481,0.02101441979727393,0.2511149587056449,-0.36279132047925505,0.2562883407678667,-0.3544189553134075,157.0,0.0,0.0,157.0,0.0,0.0,0.0
ETH先跌BTC滞后补跌空头,跨资产领先滞后,2ab044d21e95dd83,REJECTED,2025-06,611,True,2025-05,722.0,0.19515695260289873,0.195190553325739,1.4804890885305735,0.9300841312558351,0.02046888050803164,0.2659423727106987,-0.35367892638616405,0.2648456448582738,-0.35601892918056527,89.0,0.0,0.0,89.0,0.0,0.0,0.0
ETH先跌BTC滞后补跌空头,跨资产领先滞后,2ab044d21e95dd83,REJECTED,2025-07,200,True,2025-06,611.0,0.17558077074142445,0.17600308014045096,1.4785877630118336,0.8897595599647511,0.022250618336725213,0.22913562321148462,-0.41127497862471357,0.22511025825642597,-0.41490141295384403,36.0,0.0,0.0,36.0,0.0,0.0,0.0
ETH先跌BTC滞后补跌空头,跨资产领先滞后,2ab044d21e95dd83,REJECTED,2025-08,730,True,2025-07,200.0,0.16136211003176157,0.16265691712732647,1.4449357852984,0.886514475159392,0.038890872965260115,0.20493300465344066,-0.4877631862440486,0.2047052374288433,-0.48711840491289315,165.0,0.0,0.0,165.0,0.0,0.0,0.0
ETH先跌BTC滞后补跌空头,跨资产领先滞后,2ab044d21e95dd83,REJECTED,2025-09,479,True,2025-08,730.0,0.1884922938832718,0.18730913683373673,1.4778417313227383,0.8820720668801355,0.020356413280434145,0.2521236418750522,-0.3509206847304202,0.25149807104620525,-0.3504569019979978,90.0,0.0,0.0,90.0,0.0,0.0,0.0
ETH先跌BTC滞后补跌空头,跨资产领先滞后,2ab044d21e95dd83,REJECTED,2025-10,523,True,2025-09,479.0,0.18744667876556334,0.18769495775165534,1.448895320247368,0.9432385725051626,0.025130141431172464,0.25053599051303993,-0.41236774139141985,0.24661421110206466,-0.4196528339211181,59.0,0.0,0.0,59.0,0.0,0.0,0.0
ETH先跌BTC滞后补跌空头,跨资产领先滞后,2ab044d21e95dd83,REJECTED,2025-11,671,True,2025-10,523.0,0.20372478607141814,0.20341882532261446,1.4821561792428504,0.9152257813122106,0.024049820819564433,0.2849212169088875,-0.30133177522827204,0.2848200855565353,-0.2991118274682222,154.0,0.0,0.0,154.0,0.0,0.0,0.0
ETH先跌BTC滞后补跌空头,跨资产领先滞后,2ab044d21e95dd83,REJECTED,2025-12,328,True,2025-11,671.0,0.20676759205073353,0.20474150276334524,1.5122979109051158,0.8659074131894182,0.021232514503260032,0.2921212069971923,-0.23785935942641762,0.2921542424439715,-0.24567366045716948,37.0,0.0,0.0,37.0,0.0,0.0,0.0
ETH先跌BTC滞后补跌空头,跨资产领先滞后,2ab044d21e95dd83,REJECTED,2026-01,328,True,2025-12,328.0,0.20093052356116473,0.19875573777032407,1.5067465411476868,0.8566213681345546,0.0303686696705828,0.2835680281314647,-0.26164660374562376,0.27967360940812763,-0.27456870075320366,59.0,0.0,0.0,59.0,0.0,0.0,0.0
ETH先跌BTC滞后补跌空头,跨资产领先滞后,2ab044d21e95dd83,REJECTED,2026-02,548,True,2026-01,328.0,0.20574583779423683,0.20564133545981564,1.4800478394703538,0.9245411177208049,0.0303686696705828,0.2896499660204391,-0.3037657626992,0.2895988268250696,-0.3032352888415255,95.0,0.0,0.0,95.0,0.0,0.0,0.0
ETH先跌BTC滞后补跌空头,跨资产领先滞后,2ab044d21e95dd83,REJECTED,2026-03,346,True,2026-02,548.0,0.20895844841075545,0.20782257271268256,1.5161840499139945,0.895000045180315,0.023494835587210928,0.2974602994046442,-0.24696920265911992,0.2975426923532493,-0.25412705629812193,50.0,0.0,0.0,50.0,0.0,0.0,0.0
ETH先跌BTC滞后补跌空头,跨资产领先滞后,2ab044d21e95dd83,REJECTED,2026-04,194,True,2026-03,346.0,0.20422936719927776,0.20416319760024776,1.4931615152941022,0.8801791423624771,0.02956818318137587,0.28613079738941605,-0.27584192406040886,0.2857915255920716,-0.2764112824472866,39.0,0.0,0.0,39.0,0.0,0.0,0.0
ETH先跌BTC滞后补跌空头,跨资产领先滞后,2ab044d21e95dd83,REJECTED,2026-05,137,True,2026-04,194.0,0.1985466494162896,0.19743574956461762,1.4891815862431872,0.9867266004951744,0.039487698723975596,0.27320155021828646,-0.3943682248110781,0.2727596097625409,-0.39664916353022556,14.0,0.0,0.0,14.0,0.0,0.0,0.0
BTC弱于ETH且溢价回升多头,跨资产衍生品,d9882e2d61ed9961,REJECTED,2025-05,2,False,,,,,,,,,,,,,,,,,,
BTC弱于ETH且溢价回升多头,跨资产衍生品,d9882e2d61ed9961,REJECTED,2025-06,1,False,,,,,,,,,,,,,,,,,,
BTC弱于ETH且溢价回升多头,跨资产衍生品,d9882e2d61ed9961,REJECTED,2025-07,0,False,,,,,,,,,,,,,,,,,,
BTC弱于ETH且溢价回升多头,跨资产衍生品,d9882e2d61ed9961,REJECTED,2025-08,4,False,,,,,,,,,,,,,,,,,,
BTC弱于ETH且溢价回升多头,跨资产衍生品,d9882e2d61ed9961,REJECTED,2025-09,0,False,,,,,,,,,,,,,,,,,,
BTC弱于ETH且溢价回升多头,跨资产衍生品,d9882e2d61ed9961,REJECTED,2025-10,8,False,,,,,,,,,,,,,,,,,,
BTC弱于ETH且溢价回升多头,跨资产衍生品,d9882e2d61ed9961,REJECTED,2025-11,3,False,,,,,,,,,,,,,,,,,,
BTC弱于ETH且溢价回升多头,跨资产衍生品,d9882e2d61ed9961,REJECTED,2025-12,3,False,,,,,,,,,,,,,,,,,,
BTC弱于ETH且溢价回升多头,跨资产衍生品,d9882e2d61ed9961,REJECTED,2026-01,2,False,,,,,,,,,,,,,,,,,,
BTC弱于ETH且溢价回升多头,跨资产衍生品,d9882e2d61ed9961,REJECTED,2026-02,2,False,,,,,,,,,,,,,,,,,,
BTC弱于ETH且溢价回升多头,跨资产衍生品,d9882e2d61ed9961,REJECTED,2026-03,5,False,,,,,,,,,,,,,,,,,,
BTC弱于ETH且溢价回升多头,跨资产衍生品,d9882e2d61ed9961,REJECTED,2026-04,4,False,,,,,,,,,,,,,,,,,,
BTC弱于ETH且溢价回升多头,跨资产衍生品,d9882e2d61ed9961,REJECTED,2026-05,0,False,,,,,,,,,,,,,,,,,,
ETH先涨BTC滞后补涨多头,跨资产领先滞后,b021b98c7d027d39,REJECTED,2025-05,774,True,2025-04,623.0,0.1896432018646374,0.18903527153341343,1.733157151343208,0.867697356338696,0.02203528470591261,0.25523272200963315,-0.26946754649477056,0.2574149965638539,-0.2662074738559755,160.0,0.0,0.0,160.0,0.0,0.0,0.0
ETH先涨BTC滞后补涨多头,跨资产领先滞后,b021b98c7d027d39,REJECTED,2025-06,628,True,2025-05,774.0,0.18047965799987212,0.1801107864096766,1.7157147177324648,0.950115902045637,0.01976934175396371,0.23643289362287292,-0.38202928892243093,0.23727767263986022,-0.3826032707351849,124.0,0.0,0.0,124.0,0.0,0.0,0.0
ETH先涨BTC滞后补涨多头,跨资产领先滞后,b021b98c7d027d39,REJECTED,2025-07,187,True,2025-06,628.0,0.17213315158641077,0.16922118871960487,1.6753221550264603,0.8628684005352028,0.021947389322859612,0.22130175401474966,-0.364581092003866,0.2197140819040339,-0.37899678218133054,28.0,0.0,0.0,28.0,0.0,0.0,0.0
ETH先涨BTC滞后补涨多头,跨资产领先滞后,b021b98c7d027d39,REJECTED,2025-08,734,True,2025-07,187.0,0.20758107847513818,0.20567160133725412,1.7127658551154838,0.9486239238391492,0.040219983326992184,0.29411925045972814,-0.25165097952355864,0.2932140152880264,-0.261152144081713,75.0,0.0,0.0,75.0,0.0,0.0,0.0
ETH先涨BTC滞后补涨多头,跨资产领先滞后,b021b98c7d027d39,REJECTED,2025-09,448,True,2025-08,734.0,0.14966507407074844,0.15118543194950232,1.682753765363226,0.9351802583438715,0.020300870439452962,0.18658966149466574,-0.5056292605242142,0.18763085184262573,-0.5036798797466664,118.0,0.0,0.0,118.0,0.0,0.0,0.0
ETH先涨BTC滞后补涨多头,跨资产领先滞后,b021b98c7d027d39,REJECTED,2025-10,498,True,2025-09,448.0,0.1473015155640133,0.14796532974053764,1.7033313701826267,0.9172590307012516,0.02598505751938437,0.1807289567275931,-0.5079246966140353,0.17918584653625233,-0.5111686297673913,95.0,0.0,0.0,95.0,0.0,0.0,0.0
ETH先涨BTC滞后补涨多头,跨资产领先滞后,b021b98c7d027d39,REJECTED,2025-11,612,True,2025-10,498.0,0.18798782524738986,0.18766634997628004,1.7218785298739991,0.9032010682119206,0.024646089322152148,0.25101269755678834,-0.3122599579751674,0.25027045373838436,-0.3150897744602601,87.0,0.0,0.0,87.0,0.0,0.0,0.0
ETH先涨BTC滞后补涨多头,跨资产领先滞后,b021b98c7d027d39,REJECTED,2025-12,338,True,2025-11,612.0,0.16332805393640723,0.16267308571851466,1.7389015002890291,0.877166618049325,0.022232432294997193,0.20583214250164875,-0.4013023739194853,0.20462000747133474,-0.39984356824186357,80.0,0.0,0.0,80.0,0.0,0.0,0.0
ETH先涨BTC滞后补涨多头,跨资产领先滞后,b021b98c7d027d39,REJECTED,2026-01,269,True,2025-12,338.0,0.1624144057962068,0.1607320975088612,1.7239319870273693,0.9235107299872197,0.02991605612712317,0.2041249938067494,-0.45331401605806027,0.2041899117871776,-0.45296667925868117,48.0,0.0,0.0,48.0,0.0,0.0,0.0
ETH先涨BTC滞后补涨多头,跨资产领先滞后,b021b98c7d027d39,REJECTED,2026-02,487,True,2026-01,269.0,0.15691141377336015,0.158067856680611,1.736196100465172,0.8932840698764125,0.03353409184673308,0.19700853855798214,-0.44838826869330445,0.19986338070949805,-0.44221242739608024,109.0,0.0,0.0,109.0,0.0,0.0,0.0
ETH先涨BTC滞后补涨多头,跨资产领先滞后,b021b98c7d027d39,REJECTED,2026-03,379,True,2026-02,487.0,0.17708598835621064,0.17706414344037064,1.7199978509571605,0.8497504416981865,0.024922878993619408,0.2299040677075528,-0.3258601890290894,0.22969645008564504,-0.32578026068610655,83.0,0.0,0.0,83.0,0.0,0.0,0.0
ETH先涨BTC滞后补涨多头,跨资产领先滞后,b021b98c7d027d39,REJECTED,2026-04,230,True,2026-03,379.0,0.18370987515887946,0.18373332492908725,1.7316507151745084,0.9123518247610258,0.028251602331563277,0.24276696211110366,-0.3415610651673824,0.24463407954008212,-0.33834569000513254,59.0,0.0,0.0,59.0,0.0,0.0,0.0
ETH先涨BTC滞后补涨多头,跨资产领先滞后,b021b98c7d027d39,REJECTED,2026-05,133,True,2026-04,230.0,0.20040614580496136,0.20367566345919244,1.723610241748468,0.8892318439030364,0.03626592603676829,0.2869994872971836,-0.22043615751963783,0.28472291281732753,-0.2233226080534251,26.0,0.0,5.0,21.0,5.0,2.0,1.0
跨资产背离后VWAP失守空头,跨资产VWAP,47d7edd201629376,REJECTED,2025-05,1,False,,,,,,,,,,,,,,,,,,
跨资产背离后VWAP失守空头,跨资产VWAP,47d7edd201629376,REJECTED,2025-06,0,False,,,,,,,,,,,,,,,,,,
跨资产背离后VWAP失守空头,跨资产VWAP,47d7edd201629376,REJECTED,2025-07,0,False,,,,,,,,,,,,,,,,,,
跨资产背离后VWAP失守空头,跨资产VWAP,47d7edd201629376,REJECTED,2025-08,0,False,,,,,,,,,,,,,,,,,,
跨资产背离后VWAP失守空头,跨资产VWAP,47d7edd201629376,REJECTED,2025-09,4,False,,,,,,,,,,,,,,,,,,
跨资产背离后VWAP失守空头,跨资产VWAP,47d7edd201629376,REJECTED,2025-10,1,False,,,,,,,,,,,,,,,,,,
跨资产背离后VWAP失守空头,跨资产VWAP,47d7edd201629376,REJECTED,2025-11,2,False,,,,,,,,,,,,,,,,,,
跨资产背离后VWAP失守空头,跨资产VWAP,47d7edd201629376,REJECTED,2025-12,4,False,,,,,,,,,,,,,,,,,,
跨资产背离后VWAP失守空头,跨资产VWAP,47d7edd201629376,REJECTED,2026-01,2,False,,,,,,,,,,,,,,,,,,
跨资产背离后VWAP失守空头,跨资产VWAP,47d7edd201629376,REJECTED,2026-02,4,False,,,,,,,,,,,,,,,,,,
跨资产背离后VWAP失守空头,跨资产VWAP,47d7edd201629376,REJECTED,2026-03,2,False,,,,,,,,,,,,,,,,,,
跨资产背离后VWAP失守空头,跨资产VWAP,47d7edd201629376,REJECTED,2026-04,2,False,,,,,,,,,,,,,,,,,,
跨资产背离后VWAP失守空头,跨资产VWAP,47d7edd201629376,REJECTED,2026-05,0,False,,,,,,,,,,,,,,,,,,
跨资产背离后VWAP收回多头,跨资产VWAP,1d3bb2983569000d,REJECTED,2025-05,3,False,,,,,,,,,,,,,,,,,,
跨资产背离后VWAP收回多头,跨资产VWAP,1d3bb2983569000d,REJECTED,2025-06,2,False,,,,,,,,,,,,,,,,,,
跨资产背离后VWAP收回多头,跨资产VWAP,1d3bb2983569000d,REJECTED,2025-07,0,False,,,,,,,,,,,,,,,,,,
跨资产背离后VWAP收回多头,跨资产VWAP,1d3bb2983569000d,REJECTED,2025-08,1,False,,,,,,,,,,,,,,,,,,
跨资产背离后VWAP收回多头,跨资产VWAP,1d3bb2983569000d,REJECTED,2025-09,1,False,,,,,,,,,,,,,,,,,,
跨资产背离后VWAP收回多头,跨资产VWAP,1d3bb2983569000d,REJECTED,2025-10,6,False,,,,,,,,,,,,,,,,,,
跨资产背离后VWAP收回多头,跨资产VWAP,1d3bb2983569000d,REJECTED,2025-11,8,False,,,,,,,,,,,,,,,,,,
跨资产背离后VWAP收回多头,跨资产VWAP,1d3bb2983569000d,REJECTED,2025-12,3,False,,,,,,,,,,,,,,,,,,
跨资产背离后VWAP收回多头,跨资产VWAP,1d3bb2983569000d,REJECTED,2026-01,2,False,,,,,,,,,,,,,,,,,,
跨资产背离后VWAP收回多头,跨资产VWAP,1d3bb2983569000d,REJECTED,2026-02,4,False,,,,,,,,,,,,,,,,,,
跨资产背离后VWAP收回多头,跨资产VWAP,1d3bb2983569000d,REJECTED,2026-03,6,False,,,,,,,,,,,,,,,,,,
跨资产背离后VWAP收回多头,跨资产VWAP,1d3bb2983569000d,REJECTED,2026-04,3,False,,,,,,,,,,,,,,,,,,
跨资产背离后VWAP收回多头,跨资产VWAP,1d3bb2983569000d,REJECTED,2026-05,1,False,,,,,,,,,,,,,,,,,,
趋势回踩重新站稳多头,趋势回踩,e024946a7a7bbea6,CANDIDATE,2026-06,210,True,2026-05,269.0,0.2443522374763252,0.246790316815759,1.712568600461581,0.9285905898472069,0.03353409184673308,0.45726070805333197,0.19608872261347918,0.4395390662122487,0.15858740872904714,23.0,0.0,23.0,0.0,23.0,23.0,3.0
趋势反抽失败空头,趋势回踩,da51c7f197a1b096,CANDIDATE,2026-06,347,True,2026-05,299.0,0.1939120650284406,0.1948618053899684,1.714535408177032,0.8751466112836905,0.031807321258143215,0.26757063521818925,-0.25808846021869253,0.2650185256336625,-0.2634613487808424,15.0,0.0,0.0,15.0,0.0,0.0,0.0
BTC强于ETH背离修复空头,跨资产背离,9a19b379445c8be4,CANDIDATE,2026-06,28,False,,,,,,,,,,,,,,,,,,
