expert,family,policy_key,tier,month,raw_candidates,model_available,calibration_month,calibration_rows,calibration_brier,meta_brier,avg_win_r,avg_loss_r,sample_uncertainty_penalty,calibration_mean,calibration_utility_mean,eval_mean,eval_utility_mean,after_rank,meta_support,meta_neutral,meta_reject,after_soft_meta,after_positive_utility,after_cap
趋势回踩重新站稳多头,趋势回踩,e024946a7a7bbea6,CANDIDATE,2025-05,336,True,2025-04,391.0,0.1395587776510962,0.14128926480387793,1.7129735461722195,0.872070602536656,0.02781469555832955,0.1713142371435226,-0.494420158306898,0.171580028361128,-0.4938757094315293,80.0,0.0,0.0,80.0,0.0,0.0,0.0
趋势回踩重新站稳多头,趋势回踩,e024946a7a7bbea6,CANDIDATE,2025-06,317,True,2025-05,336.0,0.23236225969728302,0.2333968108440534,1.713265347121272,0.9780614583462294,0.030004959907448957,0.37209476259721985,-0.054881867456769685,0.3840484625276982,-0.030231856657455414,86.0,0.0,86.0,0.0,86.0,23.0,3.0
趋势回踩重新站稳多头,趋势回踩,e024946a7a7bbea6,CANDIDATE,2025-07,119,True,2025-06,317.0,0.17544672833664512,0.17547580343103278,1.4835636883716183,0.9517258007751866,0.030891077596595175,0.22713178223193906,-0.47140729173200674,0.22898410315223533,-0.46814303985050537,30.0,0.0,0.0,30.0,0.0,0.0,0.0
趋势回踩重新站稳多头,趋势回踩,e024946a7a7bbea6,CANDIDATE,2025-08,154,True,2025-07,119.0,0.1543387651288026,0.15569484762188615,1.712765924396424,1.1597499820867603,0.05041841733655163,0.19330343585576343,-0.6942257487515828,0.20427026652882438,-0.6704301231820957,57.0,0.0,0.0,57.0,0.0,0.0,0.0
趋势回踩重新站稳多头,趋势回踩,e024946a7a7bbea6,CANDIDATE,2025-09,305,True,2025-08,154.0,0.11295053627059148,0.11275720631628053,1.7127951558948733,1.0531810979299046,0.04432026302139592,0.1299133533607879,-0.7717570195219218,0.12957427411804903,-0.7727791867935974,63.0,0.0,0.0,63.0,0.0,0.0,0.0
趋势回踩重新站稳多头,趋势回踩,e024946a7a7bbea6,CANDIDATE,2025-10,324,True,2025-09,305.0,0.16288065324623138,0.16269104712652788,1.7127813251655213,0.8630607626520157,0.03149290838726276,0.20659531514873383,-0.4028140817630547,0.20130988887657691,-0.41357882340533275,55.0,0.0,0.0,55.0,0.0,0.0,0.0
趋势回踩重新站稳多头,趋势回踩,e024946a7a7bbea6,CANDIDATE,2025-11,189,True,2025-10,324.0,0.22478182609166264,0.22520826792560003,1.712794726306074,0.9398673237920514,0.030555555555555558,0.34264459770777395,-0.10892306137729502,0.33209413665664783,-0.13010971325811507,33.0,0.0,33.0,0.0,33.0,0.0,0.0
趋势回踩重新站稳多头,趋势回踩,e024946a7a7bbea6,CANDIDATE,2025-12,294,True,2025-11,189.0,0.2079709637956012,0.20742884859765434,1.712653632289158,0.9716916371379362,0.040006613209931936,0.2962977899076659,-0.2619323455505278,0.28939865489890926,-0.27651288496082294,25.0,0.0,0.0,25.0,0.0,0.0,0.0
趋势回踩重新站稳多头,趋势回踩,e024946a7a7bbea6,CANDIDATE,2026-01,243,True,2025-12,294.0,0.19628725391835097,0.19831917318657233,1.7137081513167036,0.9189937930124975,0.032076651393589235,0.2755351397372885,-0.26997077214844967,0.25878172137007305,-0.3033990561896613,28.0,0.0,0.0,28.0,0.0,0.0,0.0
趋势回踩重新站稳多头,趋势回踩,e024946a7a7bbea6,CANDIDATE,2026-02,165,True,2026-01,243.0,0.14856006360823973,0.15894584182595864,1.7126673783428645,0.9295964337650998,0.035282516450477135,0.21811666474896255,-0.4271135498884875,0.20252369171077023,-0.4625458966959303,32.0,0.0,2.0,30.0,2.0,1.0,1.0
趋势回踩重新站稳多头,趋势回踩,e024946a7a7bbea6,CANDIDATE,2026-03,358,True,2026-02,165.0,0.18096755847914378,0.18317711882789922,1.7127982142772624,0.9721028173237822,0.042817441928883766,0.2424235601052774,-0.40655174081881584,0.23772987684952945,-0.4160686053342637,83.0,0.0,0.0,83.0,0.0,0.0,0.0
趋势回踩重新站稳多头,趋势回踩,e024946a7a7bbea6,CANDIDATE,2026-04,404,True,2026-03,358.0,0.15662429085400684,0.15828896169332796,1.7158315935606823,0.9679428275076318,0.02906840324199295,0.198274951577338,-0.5044321092335036,0.20096526663197983,-0.49888998438365106,77.0,0.0,0.0,77.0,0.0,0.0,0.0
趋势回踩重新站稳多头,趋势回踩,e024946a7a7bbea6,CANDIDATE,2026-05,269,True,2026-04,404.0,0.14957127777241241,0.1507664222854414,1.7125125586776835,1.0019367275623101,0.027363522730774706,0.1856364878295121,-0.5640825177636694,0.16710490697246963,-0.6021689272398273,31.0,0.0,0.0,31.0,0.0,0.0,0.0
趋势反抽失败空头,趋势回踩,da51c7f197a1b096,CANDIDATE,2025-05,263,True,2025-04,117.0,0.14688995946608996,0.14720868108433824,1.7550500788417271,0.9098097988107887,0.05084751798731267,0.17948925968351886,-0.5206721474006233,0.16737626690078192,-0.54493876474087,15.0,0.0,0.0,15.0,0.0,0.0,0.0
趋势反抽失败空头,趋势回踩,da51c7f197a1b096,CANDIDATE,2025-06,188,True,2025-05,263.0,0.23785231724397168,0.2382247673797373,1.714714116343996,0.8716966009094019,0.03391445287880141,0.39164889566860667,0.05861090360462591,0.3851294053678805,0.04589690784796455,19.0,0.0,19.0,0.0,19.0,19.0,2.0
趋势反抽失败空头,趋势回踩,da51c7f197a1b096,CANDIDATE,2025-07,87,True,2025-06,188.0,0.19457260019407718,0.19481367075546802,1.7154474394804586,0.8361229004279803,0.040112872661921005,0.26595769391798263,-0.24172410261977234,0.25677861114166256,-0.2592188587570618,4.0,0.0,0.0,4.0,0.0,0.0,0.0
趋势反抽失败空头,趋势回踩,da51c7f197a1b096,CANDIDATE,2025-08,327,True,2025-07,87.0,0.1495307239223443,0.150059342299882,1.508628125218379,0.8091292062799713,0.058966189416078715,0.18398908087808458,-0.48037676437533344,0.17424467126370957,-0.49730722167559954,30.0,0.0,0.0,30.0,0.0,0.0,0.0
趋势反抽失败空头,趋势回踩,da51c7f197a1b096,CANDIDATE,2025-09,226,True,2025-08,327.0,0.1500205436733176,0.15155079416743958,1.689464386267075,0.8807241491292832,0.03041506949851321,0.18654849191229653,-0.47041377124851624,0.16461737816493455,-0.5132575131212496,6.0,0.0,0.0,6.0,0.0,0.0,0.0
趋势反抽失败空头,趋势回踩,da51c7f197a1b096,CANDIDATE,2025-10,294,True,2025-09,226.0,0.12535951615814975,0.1300292333155043,1.5174599272771792,0.8689097959232399,0.03658545578807566,0.15491585421336523,-0.5712423145240495,0.15531608567448196,-0.5698047258393706,28.0,0.0,0.0,28.0,0.0,0.0,0.0
趋势反抽失败空头,趋势回踩,da51c7f197a1b096,CANDIDATE,2025-11,347,True,2025-10,294.0,0.20093987253160547,0.2010105920258391,1.7157418584677637,0.8726589938132198,0.032076651393589235,0.2789122286425587,-0.2275921380024633,0.27966216130642607,-0.2261336396696322,53.0,0.0,0.0,53.0,0.0,0.0,0.0
趋势反抽失败空头,趋势回踩,da51c7f197a1b096,CANDIDATE,2025-12,446,True,2025-11,347.0,0.18880704472646087,0.18904638161008247,1.7293020212822887,0.8549480252525197,0.029525546990226047,0.25360308750990956,-0.2724952711436849,0.26032574791280183,-0.2593043374966849,93.0,0.0,0.0,93.0,0.0,0.0,0.0
趋势反抽失败空头,趋势回踩,da51c7f197a1b096,CANDIDATE,2026-01,350,True,2025-12,446.0,0.10633324098645289,0.10635628292678248,1.7146325547214905,0.7771004689426301,0.026043254809570815,0.12115524684291376,-0.5339100069812038,0.1213286972545663,-0.5333465334056174,34.0,0.0,0.0,34.0,0.0,0.0,0.0
趋势反抽失败空头,趋势回踩,da51c7f197a1b096,CANDIDATE,2026-02,348,True,2026-01,350.0,0.20458795881383976,0.20511128785086055,1.6177656409828913,0.8943442993031524,0.029398736610366683,0.28856364594648426,-0.24400365941075883,0.29864525524816465,-0.22498611718878184,75.0,0.0,0.0,75.0,0.0,0.0,0.0
趋势反抽失败空头,趋势回踩,da51c7f197a1b096,CANDIDATE,2026-03,239,True,2026-02,348.0,0.2094693809617368,0.20914607064782137,1.6661884200547683,0.8983456174218848,0.029483094708039358,0.29885141832674433,-0.20718058309592732,0.3024043885343271,-0.19974948600969344,49.0,0.0,0.0,49.0,0.0,0.0,0.0
趋势反抽失败空头,趋势回踩,da51c7f197a1b096,CANDIDATE,2026-04,187,True,2026-03,239.0,0.21004550587334167,0.2137954533086468,1.714467845442116,0.9657646805840221,0.035576542504423304,0.3138511666683107,-0.20598279236956898,0.27691964088648874,-0.28260743958237383,14.0,0.0,14.0,0.0,14.0,1.0,1.0
趋势反抽失败空头,趋势回踩,da51c7f197a1b096,CANDIDATE,2026-05,299,True,2026-04,187.0,0.20057565515749431,0.20049351324173129,1.7144996796954237,0.8417731791413547,0.040219983326992184,0.27807578380925624,-0.21592657153188974,0.2824401581889627,-0.20802260165267733,57.0,0.0,0.0,57.0,0.0,0.0,0.0
EMA21回踩收回多头,均线回踩,57c6d8ed313f7b81,REJECTED,2025-05,3,False,,,,,,,,,,,,,,,,,,
EMA21回踩收回多头,均线回踩,57c6d8ed313f7b81,REJECTED,2025-06,1,False,,,,,,,,,,,,,,,,,,
EMA21回踩收回多头,均线回踩,57c6d8ed313f7b81,REJECTED,2025-07,0,False,,,,,,,,,,,,,,,,,,
EMA21回踩收回多头,均线回踩,57c6d8ed313f7b81,REJECTED,2025-08,0,False,,,,,,,,,,,,,,,,,,
EMA21回踩收回多头,均线回踩,57c6d8ed313f7b81,REJECTED,2025-09,0,False,,,,,,,,,,,,,,,,,,
EMA21回踩收回多头,均线回踩,57c6d8ed313f7b81,REJECTED,2025-10,1,False,,,,,,,,,,,,,,,,,,
EMA21回踩收回多头,均线回踩,57c6d8ed313f7b81,REJECTED,2025-11,2,False,,,,,,,,,,,,,,,,,,
EMA21回踩收回多头,均线回踩,57c6d8ed313f7b81,REJECTED,2025-12,2,False,,,,,,,,,,,,,,,,,,
EMA21回踩收回多头,均线回踩,57c6d8ed313f7b81,REJECTED,2026-01,0,False,,,,,,,,,,,,,,,,,,
EMA21回踩收回多头,均线回踩,57c6d8ed313f7b81,REJECTED,2026-02,1,False,,,,,,,,,,,,,,,,,,
EMA21回踩收回多头,均线回踩,57c6d8ed313f7b81,REJECTED,2026-03,1,False,,,,,,,,,,,,,,,,,,
EMA21回踩收回多头,均线回踩,57c6d8ed313f7b81,REJECTED,2026-04,3,False,,,,,,,,,,,,,,,,,,
EMA21回踩收回多头,均线回踩,57c6d8ed313f7b81,REJECTED,2026-05,0,False,,,,,,,,,,,,,,,,,,
EMA21反抽受阻空头,均线回踩,4916a4f4be16d2e4,REJECTED,2025-05,0,False,,,,,,,,,,,,,,,,,,
EMA21反抽受阻空头,均线回踩,4916a4f4be16d2e4,REJECTED,2025-06,1,False,,,,,,,,,,,,,,,,,,
EMA21反抽受阻空头,均线回踩,4916a4f4be16d2e4,REJECTED,2025-07,0,False,,,,,,,,,,,,,,,,,,
EMA21反抽受阻空头,均线回踩,4916a4f4be16d2e4,REJECTED,2025-08,1,False,,,,,,,,,,,,,,,,,,
EMA21反抽受阻空头,均线回踩,4916a4f4be16d2e4,REJECTED,2025-09,3,False,,,,,,,,,,,,,,,,,,
EMA21反抽受阻空头,均线回踩,4916a4f4be16d2e4,REJECTED,2025-10,0,False,,,,,,,,,,,,,,,,,,
EMA21反抽受阻空头,均线回踩,4916a4f4be16d2e4,REJECTED,2025-11,2,False,,,,,,,,,,,,,,,,,,
EMA21反抽受阻空头,均线回踩,4916a4f4be16d2e4,REJECTED,2025-12,3,False,,,,,,,,,,,,,,,,,,
EMA21反抽受阻空头,均线回踩,4916a4f4be16d2e4,REJECTED,2026-01,1,False,,,,,,,,,,,,,,,,,,
EMA21反抽受阻空头,均线回踩,4916a4f4be16d2e4,REJECTED,2026-02,2,False,,,,,,,,,,,,,,,,,,
EMA21反抽受阻空头,均线回踩,4916a4f4be16d2e4,REJECTED,2026-03,0,False,,,,,,,,,,,,,,,,,,
EMA21反抽受阻空头,均线回踩,4916a4f4be16d2e4,REJECTED,2026-04,2,False,,,,,,,,,,,,,,,,,,
EMA21反抽受阻空头,均线回踩,4916a4f4be16d2e4,REJECTED,2026-05,3,False,,,,,,,,,,,,,,,,,,
VWAP重新站回多头,VWAP回归,acb95ebbfdc22945,REJECTED,2025-05,132,True,2025-04,137.0,0.14449274104278773,0.14385659191520603,1.718331734719511,0.8372148215913123,0.046989671174421856,0.1752169962427647,-0.47441308639333735,0.17520948862293342,-0.4742477349868222,19.0,0.0,0.0,19.0,0.0,0.0,0.0
VWAP重新站回多头,VWAP回归,acb95ebbfdc22945,REJECTED,2025-06,132,True,2025-05,132.0,0.15808833424064297,0.1581466797489439,1.7159337990387753,1.0546544741064312,0.04787135538781691,0.19696892772348604,-0.5966206840920265,0.19766990057357914,-0.5951181430723897,16.0,0.0,0.0,16.0,0.0,0.0,0.0
VWAP重新站回多头,VWAP回归,acb95ebbfdc22945,REJECTED,2025-07,45,True,2025-06,132.0,0.19421299234803,0.19353898309002668,1.5578013441626173,1.0274182283924556,0.04787135538781691,0.26518971140018116,-0.43379661069320863,0.2660879624037707,-0.436841833088872,3.0,0.0,0.0,3.0,0.0,0.0,0.0
VWAP重新站回多头,VWAP回归,acb95ebbfdc22945,REJECTED,2025-08,62,True,2025-07,45.0,0.22166993573750268,0.22200815715484867,1.7127809773704283,0.959371143822933,0.08198915917499229,0.33334223606326957,-0.197765842766428,0.3337179654832677,-0.19526939098195253,6.0,0.0,0.0,6.0,0.0,0.0,0.0
VWAP重新站回多头,VWAP回归,acb95ebbfdc22945,REJECTED,2025-09,97,True,2025-08,62.0,0.15727254578247207,0.1651939089323298,1.7127920458308945,1.0113756151042057,0.06985006985010478,0.20967355187638106,-0.5497251025953915,0.20944686584370348,-0.5514901354686297,15.0,0.0,0.0,15.0,0.0,0.0,0.0
VWAP重新站回多头,VWAP回归,acb95ebbfdc22945,REJECTED,2025-10,113,True,2025-09,97.0,0.15197716043135798,0.1506702150844062,1.7128339736161862,0.8417102955780663,0.055844039082349056,0.20616842481357217,-0.4098184565859489,0.18407463689618384,-0.45121174201391867,4.0,0.0,0.0,4.0,0.0,0.0,0.0
VWAP重新站回多头,VWAP回归,acb95ebbfdc22945,REJECTED,2025-11,118,True,2025-10,113.0,0.2425803327604975,0.23772422130410456,1.7127878961273015,0.7657945076627857,0.05173964776109785,0.415927459028982,0.1641701505205252,0.4128182769610568,0.15036787646501476,4.0,0.0,4.0,0.0,4.0,4.0,3.0
VWAP重新站回多头,VWAP回归,acb95ebbfdc22945,REJECTED,2025-12,116,True,2025-11,118.0,0.18664335166869958,0.19277963315729313,1.7133035370442589,0.8914879028646621,0.05063160398440779,0.2627194594588498,-0.3010149410487338,0.2623173246298725,-0.30310921910321337,17.0,0.0,0.0,17.0,0.0,0.0,0.0
VWAP重新站回多头,VWAP回归,acb95ebbfdc22945,REJECTED,2026-01,137,True,2025-12,116.0,0.19384285026628964,0.19897325926020912,1.7178317729144763,0.9393160853392634,0.05106621799868927,0.2758786907922702,-0.30138827106250504,0.29012754837134613,-0.2720069292219864,24.0,0.0,0.0,24.0,0.0,0.0,0.0
VWAP重新站回多头,VWAP回归,acb95ebbfdc22945,REJECTED,2026-02,92,True,2026-01,137.0,0.1427743935960045,0.144294722748019,1.71555782785458,0.9337906603746953,0.046989671174421856,0.17518892039694645,-0.5544266744953482,0.1735952924230754,-0.5581330241874164,10.0,0.0,0.0,10.0,0.0,0.0,0.0
VWAP重新站回多头,VWAP回归,acb95ebbfdc22945,REJECTED,2026-03,116,True,2026-02,92.0,0.18467746577504005,0.18665265779170873,1.7133806090996972,0.8820786644668704,0.057341463865695566,0.25004387363164726,-0.33345661050331576,0.2542342035012454,-0.3232557618831938,19.0,0.0,0.0,19.0,0.0,0.0,0.0
VWAP重新站回多头,VWAP回归,acb95ebbfdc22945,REJECTED,2026-04,137,True,2026-03,116.0,0.1784399215047007,0.17818696084169283,1.7215606698046375,0.8709813411275799,0.05106621799868927,0.23276715338104417,-0.36082894670972765,0.23386706737051752,-0.35898412468637014,16.0,0.0,0.0,16.0,0.0,0.0,0.0
VWAP重新站回多头,VWAP回归,acb95ebbfdc22945,REJECTED,2026-05,111,True,2026-04,137.0,0.2114749457388505,0.21138416544750463,1.7152687807314553,0.9356013080564153,0.046989671174421856,0.3065582390482729,-0.215917191187958,0.3014592845194627,-0.22616933258687666,13.0,0.0,0.0,13.0,0.0,0.0,0.0
VWAP反抽失败空头,VWAP回归,eac17b2dead99d38,REJECTED,2025-05,113,True,2025-04,81.0,0.10798910637531295,0.10817228312419849,1.7277791403357674,0.9056427637818693,0.061111111111111116,0.12341674305248354,-0.6745755719794996,0.12617004463395837,-0.6688850018594338,33.0,0.0,0.0,33.0,0.0,0.0,0.0
VWAP反抽失败空头,VWAP回归,eac17b2dead99d38,REJECTED,2025-06,120,True,2025-05,113.0,0.19904048516993217,0.19883688873383182,1.7180584700837664,0.7686442688958378,0.05173964776109785,0.2743412249920158,-0.18280872380680926,0.2743299241031561,-0.18419724852412084,19.0,0.0,0.0,19.0,0.0,0.0,0.0
VWAP反抽失败空头,VWAP回归,eac17b2dead99d38,REJECTED,2025-07,33,True,2025-06,120.0,0.1738733306471166,0.1716108142510811,1.7149057058487176,0.8707346171752447,0.05020790110464023,0.2249205991373324,-0.3810789548069132,0.22883928179142607,-0.3800810823976012,8.0,0.0,0.0,8.0,0.0,0.0,0.0
VWAP反抽失败空头,VWAP回归,eac17b2dead99d38,REJECTED,2025-08,112,True,2025-07,33.0,0.16598978691336114,0.182598497472915,1.714757341363932,0.8937972379897074,0.09574271077563382,0.2424312866487566,-0.39785147971758866,0.20152918065332415,-0.47886781219350916,14.0,0.0,0.0,14.0,0.0,0.0,0.0
VWAP反抽失败空头,VWAP回归,eac17b2dead99d38,REJECTED,2025-09,75,True,2025-08,112.0,0.2108978537665294,0.21684415187013859,1.7147830884492783,0.8810950361971721,0.05197011503876874,0.32143802597596566,-0.14458159573223606,0.29032557691838273,-0.20732403581027248,5.0,0.0,5.0,0.0,5.0,1.0,1.0
VWAP反抽失败空头,VWAP回归,eac17b2dead99d38,REJECTED,2025-10,109,True,2025-09,75.0,0.19026226051048153,0.19472756410085496,1.5708379930636647,0.8201226965609062,0.06350852961085883,0.26666682699843125,-0.28966564409259105,0.2606107350424077,-0.3001413102762115,20.0,0.0,0.0,20.0,0.0,0.0,0.0
VWAP反抽失败空头,VWAP回归,eac17b2dead99d38,REJECTED,2025-11,145,True,2025-10,109.0,0.15491960653260695,0.15543245551825655,1.7166528689992138,0.9264746504181051,0.052680445687163326,0.19266079651268567,-0.5092929309266385,0.18991924816474923,-0.5143764610981428,22.0,0.0,0.0,22.0,0.0,0.0,0.0
VWAP反抽失败空头,VWAP回归,eac17b2dead99d38,REJECTED,2025-12,117,True,2025-11,145.0,0.16744606315433053,0.16732325688021896,1.724200738957269,0.9083698494209219,0.045675013919556987,0.2137663910087245,-0.4322065230492716,0.2140430945611833,-0.4305858919785936,27.0,0.0,0.0,27.0,0.0,0.0,0.0
VWAP反抽失败空头,VWAP回归,eac17b2dead99d38,REJECTED,2026-01,138,True,2025-12,117.0,0.1232387995713675,0.12413676938791289,1.6462484071308034,0.8913641733069132,0.05084751798731267,0.14529034954984954,-0.6085950183866599,0.14235950601176928,-0.6138441057553616,22.0,0.0,0.0,22.0,0.0,0.0,0.0
VWAP反抽失败空头,VWAP回归,eac17b2dead99d38,REJECTED,2026-02,126,True,2026-01,138.0,0.18709950062909841,0.19188359035933844,1.6180066090235947,0.8892472036766935,0.04681910919173118,0.2609183614949974,-0.3251657627377647,0.2551662104656969,-0.33565566614479136,20.0,0.0,0.0,20.0,0.0,0.0,0.0
VWAP反抽失败空头,VWAP回归,eac17b2dead99d38,REJECTED,2026-03,95,True,2026-02,126.0,0.17718221031912695,0.1739436303411836,1.732343888138107,0.8235963249286699,0.04899789435061114,0.2301733585685238,-0.3263938713594368,0.22961164241865112,-0.3266213034236414,18.0,0.0,0.0,18.0,0.0,0.0,0.0
VWAP反抽失败空头,VWAP回归,eac17b2dead99d38,REJECTED,2026-04,80,True,2026-03,95.0,0.19353153059395445,0.1896164988552708,1.7144677982339838,0.8834958651086063,0.05642880936468348,0.2631643578956155,-0.30024579071755975,0.26266281069165576,-0.3033544167205525,14.0,0.0,0.0,14.0,0.0,0.0,0.0
VWAP反抽失败空头,VWAP回归,eac17b2dead99d38,REJECTED,2026-05,110,True,2026-04,80.0,0.13565468037448528,0.1360311218426536,1.7144924025835129,1.0002583398659226,0.06149186938124422,0.16247396288916355,-0.6574778502716145,0.16615455554287634,-0.6498324542956155,34.0,0.0,0.0,34.0,0.0,0.0,0.0
阻力转支撑确认多头,结构角色转换,39f3e3b0e2915467,REJECTED,2025-05,244,True,2025-04,259.0,0.16714587196625721,0.16395146110797384,1.4904970770876953,0.9273053925208913,0.03417533713006601,0.21235661023500502,-0.48896218773957933,0.21238250606552067,-0.4866254816221367,58.0,0.0,0.0,58.0,0.0,0.0,0.0
阻力转支撑确认多头,结构角色转换,39f3e3b0e2915467,REJECTED,2025-06,218,True,2025-05,244.0,0.15040705947627236,0.14980678302916042,1.4792491946112591,0.923197158898229,0.0352101419815464,0.18437823760996197,-0.5541895599849911,0.18372112170673863,-0.554961534280328,40.0,0.0,0.0,40.0,0.0,0.0,0.0
阻力转支撑确认多头,结构角色转换,39f3e3b0e2915467,REJECTED,2025-07,105,True,2025-06,218.0,0.19259103360453222,0.19639580529697578,1.446739300597323,0.9801432797619971,0.037250700381322804,0.275193895720765,-0.39341145639132163,0.2983812980578782,-0.34938213433705023,28.0,0.0,2.0,26.0,2.0,0.0,0.0
阻力转支撑确认多头,结构角色转换,39f3e3b0e2915467,REJECTED,2025-08,202,True,2025-07,105.0,0.228799842593219,0.23042419702476208,1.4759302071715013,1.0286712183584152,0.05367450401216933,0.3619050001566925,-0.22377334563587636,0.34641773873567056,-0.25346494825838123,35.0,0.0,3.0,32.0,3.0,0.0,0.0
阻力转支撑确认多头,结构角色转换,39f3e3b0e2915467,REJECTED,2025-09,241,True,2025-08,202.0,0.1397843767444475,0.13998199365150596,1.4759646546327698,0.8739127616243055,0.038697864960166056,0.16829854067240013,-0.5544757857160754,0.16369385138138934,-0.5625877220701544,26.0,0.0,0.0,26.0,0.0,0.0,0.0
阻力转支撑确认多头,结构角色转换,39f3e3b0e2915467,REJECTED,2025-10,189,True,2025-09,241.0,0.16628954622167444,0.1664328852022634,1.476264867950461,0.9470350560940113,0.0354286144520457,0.21156387889051198,-0.5105110143575812,0.22003279230780207,-0.4955841354255572,47.0,0.0,0.0,47.0,0.0,0.0,0.0
阻力转支撑确认多头,结构角色转换,39f3e3b0e2915467,REJECTED,2025-11,155,True,2025-10,189.0,0.2081354019079307,0.20823067378394583,1.4759660289497634,0.9193334872964103,0.040006613209931936,0.2963606409268808,-0.29511640914296305,0.29542243755991326,-0.2985016726864615,25.0,0.0,0.0,25.0,0.0,0.0,0.0
阻力转支撑确认多头,结构角色转换,39f3e3b0e2915467,REJECTED,2025-12,171,True,2025-11,155.0,0.11653406420798022,0.1164914273155659,1.483192164136345,0.9518460505155459,0.04417706308963744,0.13548368419626056,-0.7001957710638539,0.1362463376476575,-0.6993902692409052,36.0,0.0,0.0,36.0,0.0,0.0,0.0
阻力转支撑确认多头,结构角色转换,39f3e3b0e2915467,REJECTED,2026-01,165,True,2025-12,171.0,0.15985051935680078,0.16202635562577977,1.4918529558173272,0.9153184877986832,0.042059551209602995,0.2046652765336334,-0.5047009530737362,0.21294114186044805,-0.4902752904760529,42.0,0.0,0.0,42.0,0.0,0.0,0.0
阻力转支撑确认多头,结构角色转换,39f3e3b0e2915467,REJECTED,2026-02,131,True,2026-01,165.0,0.1995381051722985,0.20042592076285204,1.4765163177863219,0.9344990268713537,0.042817441928883766,0.2788118590361718,-0.34978886132115317,0.27751441474885813,-0.3526937947215903,19.0,0.0,0.0,19.0,0.0,0.0,0.0
阻力转支撑确认多头,结构角色转换,39f3e3b0e2915467,REJECTED,2026-03,181,True,2026-02,131.0,0.15907157955664075,0.15772464586947707,1.4979608488922505,0.8449168742949705,0.04805372311635709,0.19847425509300082,-0.4678736440770516,0.19851361915742027,-0.468521645976769,35.0,0.0,0.0,35.0,0.0,0.0,0.0
阻力转支撑确认多头,结构角色转换,39f3e3b0e2915467,REJECTED,2026-04,231,True,2026-03,181.0,0.16866352930382697,0.16889239415581728,1.4982916650599576,0.9336152898841558,0.04088117804359415,0.21546988266103884,-0.49155559731735216,0.2182859299512619,-0.4866987466893619,64.0,0.0,0.0,64.0,0.0,0.0,0.0
阻力转支撑确认多头,结构角色转换,39f3e3b0e2915467,REJECTED,2026-05,181,True,2026-04,231.0,0.19017556038260192,0.19010746848016802,1.4777807592030714,0.9068582109503754,0.0361873432227873,0.25541420211080806,-0.37763840569583357,0.25541183439781956,-0.37774682587120995,28.0,0.0,0.0,28.0,0.0,0.0,0.0
支撑转阻力确认空头,结构角色转换,7dd21da10b8889b6,REJECTED,2025-05,178,True,2025-04,185.0,0.18636639083689951,0.188295967221164,1.7357475445147617,0.9052553036975856,0.040436804215159425,0.2540621353034441,-0.3178294369180613,0.24252264017609793,-0.338916047311516,28.0,0.0,0.0,28.0,0.0,0.0,0.0
支撑转阻力确认空头,结构角色转换,7dd21da10b8889b6,REJECTED,2025-06,234,True,2025-05,178.0,0.18747338300304853,0.18598707838459624,1.7157893774250235,0.8389703771737276,0.04122424289477238,0.2528743736356727,-0.2774692812619292,0.25466349640913166,-0.2722474268490172,49.0,0.0,0.0,49.0,0.0,0.0,0.0
支撑转阻力确认空头,结构角色转换,7dd21da10b8889b6,REJECTED,2025-07,71,True,2025-06,234.0,0.16495277915747653,0.16385970699209812,1.7147249195571126,0.8812820735669419,0.03595462477533374,0.20940223015306073,-0.4142433621419238,0.21752782352839023,-0.3980662642537058,28.0,0.0,0.0,28.0,0.0,0.0,0.0
支撑转阻力确认空头,结构角色转换,7dd21da10b8889b6,REJECTED,2025-08,211,True,2025-07,71.0,0.09994384072994471,0.09966904932244647,1.5161515625263884,0.9351432769588731,0.06527299120066193,0.1126765270580762,-0.7558272005923112,0.11204373688751768,-0.7574363726102439,39.0,0.0,0.0,39.0,0.0,0.0,0.0
支撑转阻力确认空头,结构角色转换,7dd21da10b8889b6,REJECTED,2025-09,199,True,2025-08,211.0,0.15446711345137198,0.1560694553153454,1.7147842970381109,0.9206133938448773,0.03786356149518329,0.19428798484000442,-0.4857633733219003,0.17490606139259254,-0.5237215311742682,18.0,0.0,0.0,18.0,0.0,0.0,0.0
支撑转阻力确认空头,结构角色转换,7dd21da10b8889b6,REJECTED,2025-10,175,True,2025-09,199.0,0.16178986150705188,0.16053726128138496,1.603102654213266,0.8174671854875343,0.038988466275458475,0.20606493408079407,-0.3979042736209783,0.2365579783468034,-0.34211348229529653,75.0,0.0,0.0,75.0,0.0,0.0,0.0
支撑转阻力确认空头,结构角色转换,7dd21da10b8889b6,REJECTED,2025-11,248,True,2025-10,175.0,0.1917073605949474,0.19066836221122105,1.7222057522799383,0.9224168952400181,0.041576092031015,0.26858533719931366,-0.29752137447292504,0.27048284046712706,-0.29004955858646086,52.0,0.0,4.0,48.0,4.0,3.0,3.0
支撑转阻力确认空头,结构角色转换,7dd21da10b8889b6,REJECTED,2025-12,179,True,2025-11,248.0,0.18455008051247554,0.18427581954418445,1.7443216041251586,0.8618760388387162,0.03492503492505239,0.24595820659949574,-0.2987417465582592,0.24049380549977564,-0.30856667964874024,27.0,0.0,0.0,27.0,0.0,0.0,0.0
支撑转阻力确认空头,结构角色转换,7dd21da10b8889b6,REJECTED,2026-01,229,True,2025-12,179.0,0.17036814461012711,0.17000435996218594,1.7378027295888485,0.9560649963222939,0.041108930101356474,0.21781740867597188,-0.4516713542876635,0.21773606522029626,-0.45168944004797473,53.0,0.0,0.0,53.0,0.0,0.0,0.0
支撑转阻力确认空头,结构角色转换,7dd21da10b8889b6,REJECTED,2026-02,234,True,2026-01,229.0,0.163116084103175,0.16227460013755132,1.712468284657775,0.9200381366328236,0.03634502302502994,0.20519853199371405,-0.4565126592350554,0.20499401510876555,-0.4563156006224946,32.0,0.0,0.0,32.0,0.0,0.0,0.0
支撑转阻力确认空头,结构角色转换,7dd21da10b8889b6,REJECTED,2026-03,196,True,2026-02,234.0,0.18386274723054344,0.18149854405353072,1.7047379822861184,0.9064942435716975,0.03595462477533374,0.24360112211214988,-0.3492490974202948,0.24152554048205535,-0.3575955127752693,28.0,0.0,0.0,28.0,0.0,0.0,0.0
支撑转阻力确认空头,结构角色转换,7dd21da10b8889b6,REJECTED,2026-04,138,True,2026-03,196.0,0.18879607646484975,0.18784937522319917,1.7171185038335435,0.9165021858833127,0.03928571428571429,0.25510833027101826,-0.3273690434638188,0.24871138879158317,-0.34108384379904827,16.0,0.0,0.0,16.0,0.0,0.0,0.0
支撑转阻力确认空头,结构角色转换,7dd21da10b8889b6,REJECTED,2026-05,194,True,2026-04,138.0,0.14894641374199602,0.1524841054841506,1.7146787623126123,1.010341254476401,0.04681910919173118,0.1884071316704958,-0.5823392001495904,0.17116758751066216,-0.6181144282763976,30.0,0.0,0.0,30.0,0.0,0.0,0.0
缩量回踩恢复多头,量价回踩,612581c35b84da3c,REJECTED,2025-05,2,False,,,,,,,,,,,,,,,,,,
缩量回踩恢复多头,量价回踩,612581c35b84da3c,REJECTED,2025-06,0,False,,,,,,,,,,,,,,,,,,
缩量回踩恢复多头,量价回踩,612581c35b84da3c,REJECTED,2025-07,0,False,,,,,,,,,,,,,,,,,,
缩量回踩恢复多头,量价回踩,612581c35b84da3c,REJECTED,2025-08,0,False,,,,,,,,,,,,,,,,,,
缩量回踩恢复多头,量价回踩,612581c35b84da3c,REJECTED,2025-09,0,False,,,,,,,,,,,,,,,,,,
缩量回踩恢复多头,量价回踩,612581c35b84da3c,REJECTED,2025-10,0,False,,,,,,,,,,,,,,,,,,
缩量回踩恢复多头,量价回踩,612581c35b84da3c,REJECTED,2025-11,0,False,,,,,,,,,,,,,,,,,,
缩量回踩恢复多头,量价回踩,612581c35b84da3c,REJECTED,2025-12,2,False,,,,,,,,,,,,,,,,,,
缩量回踩恢复多头,量价回踩,612581c35b84da3c,REJECTED,2026-01,0,False,,,,,,,,,,,,,,,,,,
缩量回踩恢复多头,量价回踩,612581c35b84da3c,REJECTED,2026-02,0,False,,,,,,,,,,,,,,,,,,
缩量回踩恢复多头,量价回踩,612581c35b84da3c,REJECTED,2026-03,0,False,,,,,,,,,,,,,,,,,,
缩量回踩恢复多头,量价回踩,612581c35b84da3c,REJECTED,2026-04,1,False,,,,,,,,,,,,,,,,,,
缩量回踩恢复多头,量价回踩,612581c35b84da3c,REJECTED,2026-05,0,False,,,,,,,,,,,,,,,,,,
缩量反抽恢复空头,量价回踩,b55421f3522a3f16,REJECTED,2025-05,1,False,,,,,,,,,,,,,,,,,,
缩量反抽恢复空头,量价回踩,b55421f3522a3f16,REJECTED,2025-06,0,False,,,,,,,,,,,,,,,,,,
缩量反抽恢复空头,量价回踩,b55421f3522a3f16,REJECTED,2025-07,0,False,,,,,,,,,,,,,,,,,,
缩量反抽恢复空头,量价回踩,b55421f3522a3f16,REJECTED,2025-08,1,False,,,,,,,,,,,,,,,,,,
缩量反抽恢复空头,量价回踩,b55421f3522a3f16,REJECTED,2025-09,0,False,,,,,,,,,,,,,,,,,,
缩量反抽恢复空头,量价回踩,b55421f3522a3f16,REJECTED,2025-10,1,False,,,,,,,,,,,,,,,,,,
缩量反抽恢复空头,量价回踩,b55421f3522a3f16,REJECTED,2025-11,2,False,,,,,,,,,,,,,,,,,,
缩量反抽恢复空头,量价回踩,b55421f3522a3f16,REJECTED,2025-12,1,False,,,,,,,,,,,,,,,,,,
缩量反抽恢复空头,量价回踩,b55421f3522a3f16,REJECTED,2026-01,0,False,,,,,,,,,,,,,,,,,,
缩量反抽恢复空头,量价回踩,b55421f3522a3f16,REJECTED,2026-02,0,False,,,,,,,,,,,,,,,,,,
缩量反抽恢复空头,量价回踩,b55421f3522a3f16,REJECTED,2026-03,0,False,,,,,,,,,,,,,,,,,,
缩量反抽恢复空头,量价回踩,b55421f3522a3f16,REJECTED,2026-04,1,False,,,,,,,,,,,,,,,,,,
缩量反抽恢复空头,量价回踩,b55421f3522a3f16,REJECTED,2026-05,1,False,,,,,,,,,,,,,,,,,,
欧美时段顺势延续多头,时段延续,792c97e8b4c0b8eb,REJECTED,2025-05,189,True,2025-04,317.0,0.16655320458667502,0.16614514334843378,1.7201358079474076,0.943104917475463,0.030891077596595175,0.2113584806376385,-0.4518938652617689,0.211126035243966,-0.4536568441133617,16.0,0.0,0.0,16.0,0.0,0.0,0.0
欧美时段顺势延续多头,时段延续,792c97e8b4c0b8eb,REJECTED,2025-06,246,True,2025-05,189.0,0.1730969358851474,0.1791738867991231,1.7134985200687525,0.9333575130649384,0.040006613209931936,0.2380713788411527,-0.38482692980978567,0.25039450549455045,-0.35957319363388407,42.0,0.0,0.0,42.0,0.0,0.0,0.0
欧美时段顺势延续多头,时段延续,792c97e8b4c0b8eb,REJECTED,2025-07,104,True,2025-06,246.0,0.19191805295014155,0.19371689212097637,1.669939684163872,0.9091530646390147,0.03506671921848361,0.26424010422263444,-0.30649823361419287,0.269008560646856,-0.29527400457300657,13.0,0.0,0.0,13.0,0.0,0.0,0.0
欧美时段顺势延续多头,时段延续,792c97e8b4c0b8eb,REJECTED,2025-08,154,True,2025-07,104.0,0.2161534489019304,0.21936688479121724,1.7127600160167846,1.0439316392777986,0.05393193716300062,0.3268430393924339,-0.2432860912460546,0.3282767364441538,-0.23915126039767348,14.0,0.0,3.0,11.0,3.0,0.0,0.0
欧美时段顺势延续多头,时段延续,792c97e8b4c0b8eb,REJECTED,2025-09,246,True,2025-08,154.0,0.14097795885620454,0.1440148544277502,1.712798472858387,0.9740532346760213,0.04432026302139592,0.17532311206611578,-0.5848096697533337,0.18025972767678058,-0.574157814600695,41.0,0.0,0.0,41.0,0.0,0.0,0.0
欧美时段顺势延续多头,时段延续,792c97e8b4c0b8eb,REJECTED,2025-10,233,True,2025-09,246.0,0.17545347136332431,0.17721612356954433,1.7127781972663754,0.8764251121552624,0.03506671921848361,0.23169236725647113,-0.3535113137072986,0.21014635624885725,-0.3947061374135505,11.0,0.0,0.0,11.0,0.0,0.0,0.0
欧美时段顺势延续多头,时段延续,792c97e8b4c0b8eb,REJECTED,2025-11,131,True,2025-10,233.0,0.19524227681699183,0.1941952759827009,1.7127965826177625,0.989482101854477,0.03603169801442301,0.26609587379687144,-0.35059239630757477,0.2658634171722926,-0.35126124723835783,13.0,0.0,0.0,13.0,0.0,0.0,0.0
欧美时段顺势延续多头,时段延续,792c97e8b4c0b8eb,REJECTED,2025-12,140,True,2025-11,131.0,0.1577339395378018,0.15825605571893056,1.7183309510642653,0.9914206709905825,0.04805372311635709,0.19847531002212862,-0.5413900013540144,0.19766630141288602,-0.5423925943756115,14.0,0.0,0.0,14.0,0.0,0.0,0.0
欧美时段顺势延续多头,时段延续,792c97e8b4c0b8eb,REJECTED,2026-01,156,True,2025-12,140.0,0.15120223996180288,0.15112950025381292,1.720798102633825,0.9978348940349931,0.04648348401006842,0.1857019051258099,-0.5783349074722907,0.18711850347323172,-0.57543210966256,32.0,0.0,0.0,32.0,0.0,0.0,0.0
欧美时段顺势延续多头,时段延续,792c97e8b4c0b8eb,REJECTED,2026-02,136,True,2026-01,156.0,0.19776113070008686,0.21086412743077104,1.7156282083990904,0.9343549795928113,0.04403524229639896,0.33333184480140543,-0.13955742833678805,0.38483222269042183,-0.022910535804095883,20.0,0.0,20.0,0.0,20.0,20.0,3.0
欧美时段顺势延续多头,时段延续,792c97e8b4c0b8eb,REJECTED,2026-03,231,True,2026-02,136.0,0.1755467606458245,0.17595483293088746,1.7245532862768644,0.7950091187347716,0.04716211091418993,0.2279422157731781,-0.3097651448865918,0.23591176646500966,-0.29478287829744754,41.0,0.0,0.0,41.0,0.0,0.0,0.0
欧美时段顺势延续多头,时段延续,792c97e8b4c0b8eb,REJECTED,2026-04,260,True,2026-03,231.0,0.15032237343749996,0.1534298256330101,1.7344318264063838,0.8629822152471371,0.0361873432227873,0.19046172625560626,-0.4431896312933954,0.1754014732381697,-0.474111105887307,19.0,0.0,0.0,19.0,0.0,0.0,0.0
欧美时段顺势延续多头,时段延续,792c97e8b4c0b8eb,REJECTED,2026-05,204,True,2026-04,260.0,0.18487246105753447,0.18532536347321396,1.7144919416633426,0.8450613950087439,0.03410955201203233,0.24615702770873873,-0.29212707439519464,0.2395126072255163,-0.30523824016877643,12.0,0.0,0.0,12.0,0.0,0.0,0.0
欧美时段顺势延续空头,时段延续,1de21fc96eaf5c68,REJECTED,2025-05,193,True,2025-04,111.0,0.1997952386888519,0.20084963386283283,1.743332037067593,0.8469248749119004,0.05220368976638745,0.27927961725779615,-0.220423688230947,0.3068395003788681,-0.16625850902164785,54.0,0.0,0.0,54.0,0.0,0.0,0.0
欧美时段顺势延续空头,时段延续,1de21fc96eaf5c68,REJECTED,2025-06,180,True,2025-05,193.0,0.1590002511047581,0.16292838089848777,1.71471051493442,0.847100034050199,0.0395898662911782,0.2071930861718811,-0.3957870923469451,0.1952107495706905,-0.41910573933385814,6.0,0.0,0.0,6.0,0.0,0.0,0.0
欧美时段顺势延续空头,时段延续,1de21fc96eaf5c68,REJECTED,2025-07,54,True,2025-06,180.0,0.15136284986762033,0.15269683496877978,1.7153849739431877,0.9096172266218694,0.040994579587496145,0.18889136070740037,-0.4937232257100569,0.20563507883930218,-0.45886896657151416,11.0,0.0,0.0,11.0,0.0,0.0,0.0
欧美时段顺势延续空头,时段延续,1de21fc96eaf5c68,REJECTED,2025-08,196,False,,,,,,,,,,,,,,,,,,
欧美时段顺势延续空头,时段延续,1de21fc96eaf5c68,REJECTED,2025-09,140,True,2025-08,196.0,0.1286159368529332,0.1284282576135914,1.7152707159863152,0.8818538323499765,0.03928571428571429,0.15304447047137626,-0.5594729664376515,0.1418052225220021,-0.5826530865084562,14.0,0.0,0.0,14.0,0.0,0.0,0.0
欧美时段顺势延续空头,时段延续,1de21fc96eaf5c68,REJECTED,2025-10,212,True,2025-09,140.0,0.09275884762045127,0.11276402902053828,1.6381661839828436,0.8462527141012061,0.04648348401006842,0.14286097257233898,-0.5682352598663394,0.23901621205781037,-0.3769596164479849,40.0,0.0,0.0,40.0,0.0,0.0,0.0
欧美时段顺势延续空头,时段延续,1de21fc96eaf5c68,REJECTED,2025-11,287,True,2025-10,212.0,0.22821143016909626,0.2282453941079339,1.7241802631478398,0.7746294560530919,0.03777415508588949,0.35378601948267185,0.023923043304429327,0.35418147485305523,0.024845585254070976,36.0,0.0,36.0,0.0,36.0,36.0,3.0
欧美时段顺势延续空头,时段延续,1de21fc96eaf5c68,REJECTED,2025-12,228,True,2025-11,287.0,0.1785278442075558,0.18046878767479418,1.7673686188266597,0.8506703435616009,0.032465473485552544,0.2369513574520207,-0.30505461827605823,0.23883217116083613,-0.3016827803375806,41.0,0.0,0.0,41.0,0.0,0.0,0.0
欧美时段顺势延续空头,时段延续,1de21fc96eaf5c68,REJECTED,2026-01,286,True,2025-12,228.0,0.12620327900007358,0.12637871650044938,1.738141500958455,0.8029798573453728,0.03642463981928871,0.1491204236477218,-0.49598097758174564,0.15047010695728258,-0.4932907993454656,37.0,0.0,0.0,37.0,0.0,0.0,0.0
欧美时段顺势延续空头,时段延续,1de21fc96eaf5c68,REJECTED,2026-02,298,True,2026-01,286.0,0.20543498032540788,0.19859337613545422,1.7339319189432996,0.841373724297422,0.03252218177939955,0.2902087898205643,-0.17187392493796697,0.3026750711894524,-0.14459410289556263,65.0,0.0,31.0,34.0,31.0,0.0,0.0
欧美时段顺势延续空头,时段延续,1de21fc96eaf5c68,REJECTED,2026-03,191,True,2026-02,298.0,0.21773066168621033,0.21652099484488055,1.6917876949819803,0.87811146946712,0.03186064454999208,0.32211127512288723,-0.12882396575938282,0.3284556607070258,-0.11674903449403988,48.0,0.0,47.0,1.0,47.0,0.0,0.0
欧美时段顺势延续空头,时段延续,1de21fc96eaf5c68,REJECTED,2026-04,126,True,2026-03,191.0,0.20011286582444046,0.20041907762916122,1.7187252432334637,0.7887277123862834,0.03979660329108319,0.27756642543845483,-0.1773066553833143,0.2676464633904732,-0.1956504804735516,2.0,0.0,0.0,2.0,0.0,0.0,0.0
欧美时段顺势延续空头,时段延续,1de21fc96eaf5c68,REJECTED,2026-05,179,True,2026-04,126.0,0.18259294477606278,0.1897424981844531,1.7144927156894993,0.9589619594110769,0.04899789435061114,0.2698678034869639,-0.3292596893436594,0.20632591121958183,-0.45723965482085605,11.0,0.0,1.0,10.0,1.0,0.0,0.0
区间扫低立即收回多头,流动性反转,52f3fa47b619e482,REJECTED,2025-05,47,True,2025-04,66.0,0.1822744746668176,0.18352190244271904,1.6112514631492802,0.9256196402787178,0.06770032003863301,0.2424157614690207,-0.4210195793189683,0.2437461147379571,-0.4183890411630944,12.0,0.0,0.0,12.0,0.0,0.0,0.0
区间扫低立即收回多头,流动性反转,52f3fa47b619e482,REJECTED,2025-06,55,True,2025-05,47.0,0.09424363384251756,0.09505622075770558,1.6953617927821163,0.9627971992403694,0.08022574532384201,0.10640788278945448,-0.7908884344130034,0.10613358654624792,-0.7914143846848957,12.0,0.0,0.0,12.0,0.0,0.0,0.0
区间扫低立即收回多头,流动性反转,52f3fa47b619e482,REJECTED,2025-07,25,True,2025-06,55.0,0.18812999276885728,0.18971262072441453,1.6953888958790124,0.8786425123343873,0.07416198487095664,0.2545444943537117,-0.3409569316622857,0.2723659469053825,-0.3064018681542935,12.0,0.0,0.0,12.0,0.0,0.0,0.0
区间扫低立即收回多头,流动性反转,52f3fa47b619e482,REJECTED,2025-08,41,True,2025-07,25.0,0.10558101685207878,0.10557870288714694,1.2619443274248416,0.9987729095410001,0.11000000000000001,0.11999969233288246,-0.8699630423515409,0.11887778888798534,-0.8718538690531767,6.0,0.0,0.0,6.0,0.0,0.0,0.0
区间扫低立即收回多头,流动性反转,52f3fa47b619e482,REJECTED,2025-09,58,True,2025-08,41.0,0.17972915479177237,0.1842192931470732,1.695437990387941,0.9484027921603715,0.08589556903873334,0.24390899726243923,-0.4318455998927176,0.2574077806250816,-0.40481549971599645,16.0,0.0,0.0,16.0,0.0,0.0,0.0
区间扫低立即收回多头,流动性反转,52f3fa47b619e482,REJECTED,2025-10,32,True,2025-09,58.0,0.13042359717979107,0.13107963159246505,1.6954220512211025,0.7744323127534211,0.07221853807284741,0.15519844186486334,-0.49946370031719334,0.1558880601738456,-0.4982355325321563,10.0,0.0,0.0,10.0,0.0,0.0,0.0
区间扫低立即收回多头,流动性反转,52f3fa47b619e482,REJECTED,2025-11,47,True,2025-10,32.0,0.20214575566193782,0.20135878812703162,1.6954381935045548,0.7294386309924069,0.09722718241315029,0.28125182619214184,-0.18957551382094062,0.2812263088661051,-0.19000447016698294,6.0,0.0,0.0,6.0,0.0,0.0,0.0
区间扫低立即收回多头,流动性反转,52f3fa47b619e482,REJECTED,2025-12,43,True,2025-11,47.0,0.19791493440978944,0.20004038543903013,1.695325528085366,0.8181172809975714,0.08022574532384201,0.276603529136439,-0.24761067852753874,0.2757282886407714,-0.24922264830465649,7.0,0.0,0.0,7.0,0.0,0.0,0.0
区间扫低立即收回多头,流动性反转,52f3fa47b619e482,REJECTED,2026-01,32,True,2025-12,43.0,0.13948711515682127,0.15092513679820868,1.6952817454196976,0.7377797473256508,0.08387421368293257,0.18610552341511605,-0.4062178877751315,0.19762398951348517,-0.38496843167898775,7.0,0.0,0.0,7.0,0.0,0.0,0.0
区间扫低立即收回多头,流动性反转,52f3fa47b619e482,REJECTED,2026-02,61,True,2026-01,32.0,0.10880380329322174,0.10921791085396637,1.6952845091008832,0.8905503120892545,0.09722718241315029,0.12501692167136041,-0.6974882890651904,0.12921090739820226,-0.6892950110849269,20.0,0.0,0.0,20.0,0.0,0.0,0.0
区间扫低立即收回多头,流动性反转,52f3fa47b619e482,REJECTED,2026-03,77,True,2026-02,61.0,0.10140966452283195,0.1015638300298536,1.6950849648044441,0.913224027401594,0.0704202839630928,0.11468444887088806,-0.7163113729459528,0.11582340963995738,-0.7140825714034847,18.0,0.0,0.0,18.0,0.0,0.0,0.0
区间扫低立即收回多头,流动性反转,52f3fa47b619e482,REJECTED,2026-04,36,True,2026-03,77.0,0.16011044876797467,0.1642731764448819,1.6950977781441503,0.9871606463650439,0.06267831705280087,0.20778469291194365,-0.5325203845331637,0.199855641383766,-0.5487656045039467,6.0,0.0,0.0,6.0,0.0,0.0,0.0
区间扫低立即收回多头,流动性反转,52f3fa47b619e482,REJECTED,2026-05,68,True,2026-04,36.0,0.22220402862173974,0.23004951465448442,1.6126556707092117,0.7297418740761991,0.09166666666666667,0.3611113615671732,-0.022698333834683,0.3520152970564411,-0.038281657580085025,13.0,0.0,13.0,0.0,13.0,13.0,3.0
区间扫高立即跌回空头,流动性反转,77df21d40787c7a0,REJECTED,2025-05,57,True,2025-04,72.0,0.18009377673754617,0.18035271187375557,1.697260227818287,0.9014448377022197,0.06481812160876686,0.23611389258514665,-0.39505541202676625,0.23866115793983542,-0.3900426204262431,15.0,0.0,0.0,15.0,0.0,0.0,0.0
区间扫高立即跌回空头,流动性反转,77df21d40787c7a0,REJECTED,2025-06,61,True,2025-05,57.0,0.2073912434562708,0.20925176148739824,1.6973767431785876,0.8639134297019911,0.07284927963857742,0.29825085978404636,-0.21835020673658362,0.29344280236516673,-0.22760979792954397,7.0,0.0,0.0,7.0,0.0,0.0,0.0
区间扫高立即跌回空头,流动性反转,77df21d40787c7a0,REJECTED,2025-07,14,True,2025-06,61.0,0.1921889480384937,0.19321491899343343,1.5950250859371042,0.8326685388064783,0.0704202839630928,0.2622975471644311,-0.31015408539593115,0.26264937895328977,-0.30946196674998366,3.0,0.0,0.0,3.0,0.0,0.0,0.0
区间扫高立即跌回空头,流动性反转,77df21d40787c7a0,REJECTED,2025-08,40,True,2025-07,14.0,0.16709405722108286,0.16794841283227924,1.6974290848094438,1.1039807347518096,0.1469936830518334,0.21430767796944952,-0.6915041823540209,0.0,0.0,0.0,0.0,0.0,0.0,0.0,0.0,0.0
区间扫高立即跌回空头,流动性反转,77df21d40787c7a0,REJECTED,2025-09,61,True,2025-08,40.0,0.15972950598039204,0.15997439110938064,1.6974293365256043,0.8084907496202322,0.08696263565463043,0.2000073518761501,-0.4342210167345666,0.20314751116881885,-0.4282863501137262,16.0,0.0,0.0,16.0,0.0,0.0,0.0
区间扫高立即跌回空头,流动性反转,77df21d40787c7a0,REJECTED,2025-10,38,True,2025-09,61.0,0.21003599422413605,0.2142210618320401,1.5556216546946657,0.9838645722840129,0.0704202839630928,0.3114972704400094,-0.30907956867142533,0.3002104730193515,-0.330876744708608,8.0,0.0,0.0,8.0,0.0,0.0,0.0
区间扫高立即跌回空头,流动性反转,77df21d40787c7a0,REJECTED,2025-11,49,True,2025-10,38.0,0.11406531167828078,0.1142262328763167,1.6974399458079799,1.0372608244372519,0.0892217816219194,0.13154497848781976,-0.8004940345547569,0.13429327501211322,-0.7948872249753581,15.0,0.0,0.0,15.0,0.0,0.0,0.0
区间扫高立即跌回空头,流动性反转,77df21d40787c7a0,REJECTED,2025-12,36,True,2025-11,49.0,0.1740577642854223,0.1740711306074279,1.6973728048248977,0.8554333693622685,0.07857142857142858,0.22450575180854834,-0.4026064246247177,0.222665088259378,-0.40612985937584895,2.0,0.0,0.0,2.0,0.0,0.0,0.0
区间扫高立即跌回空头,流动性反转,77df21d40787c7a0,REJECTED,2026-01,53,True,2025-12,36.0,0.07426019507650175,0.07636758616977762,1.6973039212594425,1.0038349474699937,0.09166666666666667,0.08336045899166832,-0.8975902572559153,0.08138259258184827,-0.9016317274624994,9.0,0.0,0.0,9.0,0.0,0.0,0.0
区间扫高立即跌回空头,流动性反转,77df21d40787c7a0,REJECTED,2026-02,59,True,2026-01,53.0,0.20041091582087753,0.20974893662721739,1.502355893805207,0.8321300363792685,0.07554831017177897,0.3018910936668458,-0.24768497870896553,0.3100326983624021,-0.23262363887578066,14.0,0.0,6.0,8.0,6.0,1.0,1.0
区间扫高立即跌回空头,流动性反转,77df21d40787c7a0,REJECTED,2026-03,50,True,2026-02,59.0,0.23784234408955465,0.23754746502796137,1.7020749853345902,0.8604037859015142,0.07160390103945313,0.38982577310200045,0.01814490950175531,0.389348572760186,0.01728829970322165,4.0,0.0,4.0,0.0,4.0,4.0,3.0
区间扫高立即跌回空头,流动性反转,77df21d40787c7a0,REJECTED,2026-04,51,True,2026-03,50.0,0.19175544322862745,0.19236983002602503,1.7007622062866423,0.8870409974285536,0.07778174593052023,0.2600080627015345,-0.33577850290685396,0.25871602044890585,-0.3381796379769027,6.0,0.0,0.0,6.0,0.0,0.0,0.0
区间扫高立即跌回空头,流动性反转,77df21d40787c7a0,REJECTED,2026-05,80,True,2026-04,51.0,0.16791037840379094,0.16909017990370634,1.6971280912331748,0.869350781475425,0.07701540462154054,0.21571905441423575,-0.43372583750991284,0.21450003802308926,-0.4361296865320491,12.0,0.0,0.0,12.0,0.0,0.0,0.0
扫低后确认K多头,流动性确认,2a8da9b9f57c9899,REJECTED,2025-05,109,True,2025-04,184.0,0.19282975046957637,0.19488322658619298,1.6627436549477996,0.9386108403628992,0.040546537942596717,0.2663774048440077,-0.3301672495686753,0.26657034266132257,-0.3298111507311296,13.0,0.0,0.0,13.0,0.0,0.0,0.0
扫低后确认K多头,流动性确认,2a8da9b9f57c9899,REJECTED,2025-06,137,True,2025-05,109.0,0.1176663461788574,0.11866543135182438,1.6953719508525114,0.9288378328988236,0.052680445687163326,0.1376175249619029,-0.6546775687942397,0.13554796114009857,-0.6587522112967821,12.0,0.0,0.0,12.0,0.0,0.0,0.0
扫低后确认K多头,流动性确认,2a8da9b9f57c9899,REJECTED,2025-07,55,True,2025-06,137.0,0.17914827163456828,0.18226001563745142,1.6953927688079438,0.8655762900197809,0.046989671174421856,0.24087772923965733,-0.3380329835666362,0.2627185886610376,-0.295326275672362,16.0,0.0,0.0,16.0,0.0,0.0,0.0
扫低后确认K多头,流动性确认,2a8da9b9f57c9899,REJECTED,2025-08,112,True,2025-07,55.0,0.13684298692364802,0.13647992270688966,1.3951168955846667,0.9715408194222434,0.07416198487095664,0.16360804969154027,-0.6954722896453958,0.1634687900377306,-0.6956034306620095,18.0,0.0,0.0,18.0,0.0,0.0,0.0
扫低后确认K多头,流动性确认,2a8da9b9f57c9899,REJECTED,2025-09,120,True,2025-08,112.0,0.2146988750545864,0.21478118014707753,1.6954364437077718,0.9508282319662494,0.05197011503876874,0.3125030655670288,-0.22212579365013346,0.31163611993644047,-0.22375280722680993,12.0,0.0,0.0,12.0,0.0,0.0,0.0
扫低后确认K多头,流动性确认,2a8da9b9f57c9899,REJECTED,2025-10,94,True,2025-09,120.0,0.14371652410076052,0.144320658844432,1.6954229678141226,0.8934683928884195,0.05020790110464023,0.1749792255007462,-0.5285825678752291,0.1727322836160395,-0.5328408101496155,10.0,0.0,0.0,10.0,0.0,0.0,0.0
扫低后确认K多头,流动性确认,2a8da9b9f57c9899,REJECTED,2025-11,117,True,2025-10,94.0,0.18980053950008766,0.1901233537884,1.695443951062612,0.8473934823938287,0.05672816854423364,0.25532193887537324,-0.2984465747412153,0.25726214379943296,-0.29472800142090466,13.0,0.0,0.0,13.0,0.0,0.0,0.0
扫低后确认K多头,流动性确认,2a8da9b9f57c9899,REJECTED,2025-12,89,True,2025-11,117.0,0.13488813455108964,0.13593485927933285,1.6953281683838952,0.8651375075970273,0.05084751798731267,0.16240147277449615,-0.5368912760866177,0.1658030464366896,-0.5303049371000778,15.0,0.0,0.0,15.0,0.0,0.0,0.0
扫低后确认K多头,流动性确认,2a8da9b9f57c9899,REJECTED,2026-01,93,True,2025-12,89.0,0.19511814360817983,0.19646149726145096,1.6402962589854286,0.7921128263123326,0.058299883400349806,0.2696748854361217,-0.23857846983329548,0.2766709465464446,-0.22623756117397784,12.0,0.0,0.0,12.0,0.0,0.0,0.0
扫低后确认K多头,流动性确认,2a8da9b9f57c9899,REJECTED,2026-02,137,True,2026-01,93.0,0.12283297528501805,0.12744959317346605,1.486063649975793,0.8951567750226487,0.05703234321017339,0.15052861924271144,-0.6287397138540506,0.15560736060905941,-0.6191713510943062,16.0,0.0,0.0,16.0,0.0,0.0,0.0
扫低后确认K多头,流动性确认,2a8da9b9f57c9899,REJECTED,2026-03,144,True,2026-02,137.0,0.16960420523185948,0.17003450272261098,1.7056746255408788,0.9598083333255909,0.046989671174421856,0.219008826392501,-0.46424241047217196,0.21597758551367877,-0.47030885118663907,19.0,0.0,0.0,19.0,0.0,0.0,0.0
扫低后确认K多头,流动性确认,2a8da9b9f57c9899,REJECTED,2026-04,97,True,2026-03,144.0,0.21218922737507834,0.21211725548791482,1.69514486994333,0.9230843872825186,0.04583333333333334,0.30559134294577256,-0.21488961277198393,0.30574952189753196,-0.21453417290311286,13.0,0.0,0.0,13.0,0.0,0.0,0.0
扫低后确认K多头,流动性确认,2a8da9b9f57c9899,REJECTED,2026-05,140,True,2026-04,97.0,0.24925670425623614,0.24950822403707734,1.6413500780641443,0.8067001297501166,0.055844039082349056,0.4845558700188398,0.27374650454638755,0.482610905274272,0.26945218035492574,12.0,0.0,12.0,0.0,12.0,12.0,3.0
扫高后确认K空头,流动性确认,2605712f51fd787a,REJECTED,2025-05,132,True,2025-04,168.0,0.19609758914764375,0.19599670027474217,1.4683065246512434,0.9417918046563852,0.042433421239575275,0.26785045334020163,-0.3829219139758884,0.2677016855211157,-0.383083108437846,21.0,0.0,0.0,21.0,0.0,0.0,0.0
扫高后确认K空头,流动性确认,2605712f51fd787a,REJECTED,2025-06,150,True,2025-05,132.0,0.1670371153554912,0.16648926770384653,1.4669176961577022,0.8519574249152482,0.04787135538781691,0.21210749679572347,-0.4488444157102611,0.2163175359297172,-0.4418292590149331,43.0,0.0,0.0,43.0,0.0,0.0,0.0
扫高后确认K空头,流动性确认,2605712f51fd787a,REJECTED,2025-07,39,True,2025-06,150.0,0.18229063681432342,0.18220807414653933,1.4669377465920785,0.8977895813336109,0.04490731195102494,0.24000617122452875,-0.41784836635608386,0.24041308053369648,-0.41668594239154744,7.0,0.0,0.0,7.0,0.0,0.0,0.0
扫高后确认K空头,流动性确认,2605712f51fd787a,REJECTED,2025-08,101,True,2025-07,39.0,0.16643965404841568,0.17650486018724346,1.4669604166538457,0.83018706342291,0.08807048459279793,0.23075671451101387,-0.42896345351479526,0.2262278490151567,-0.4366216292567363,18.0,0.0,0.0,18.0,0.0,0.0,0.0
扫高后确认K空头,流动性确认,2605712f51fd787a,REJECTED,2025-09,133,True,2025-08,101.0,0.18152004736427318,0.18578084136416964,1.4669699714723867,0.89883045498304,0.05472704546154941,0.2475883527002041,-0.41046133715031846,0.2504195101152175,-0.40551940716603085,30.0,0.0,0.0,30.0,0.0,0.0,0.0
扫高后确认K空头,流动性确认,2605712f51fd787a,REJECTED,2025-10,85,True,2025-09,133.0,0.19699718249579753,0.197238430758236,1.41208084902831,0.8800410196132512,0.0476910483238266,0.2706886301381,-0.35168237701862676,0.26862277506604176,-0.3555153209058632,14.0,0.0,0.0,14.0,0.0,0.0,0.0
扫高后确认K空头,流动性确认,2605712f51fd787a,REJECTED,2025-11,105,True,2025-10,85.0,0.11242624568540768,0.11260351447857368,1.4669755424701485,1.0277706269535374,0.05965587590013045,0.12939680715203364,-0.7981269821056508,0.12943085726565692,-0.7979748543189648,23.0,0.0,0.0,23.0,0.0,0.0,0.0
扫高后确认K空头,流动性确认,2605712f51fd787a,REJECTED,2025-12,94,True,2025-11,105.0,0.1447632940968476,0.14809123770914995,1.4669034982595806,0.8914448100016064,0.05367450401216933,0.1810155626211891,-0.5563118617006083,0.17402181112379933,-0.5688127724954319,12.0,0.0,0.0,12.0,0.0,0.0,0.0
扫高后确认K空头,流动性确认,2605712f51fd787a,REJECTED,2026-01,91,True,2025-12,94.0,0.15479711748314204,0.15479737196057355,1.4668234946497845,0.919745608709298,0.05672816854423364,0.19145866964180652,-0.5588895518340653,0.19122426567827377,-0.5592071148000853,21.0,0.0,0.0,21.0,0.0,0.0,0.0
扫高后确认K空头,流动性确认,2605712f51fd787a,REJECTED,2026-02,106,True,2026-01,91.0,0.2026972125848601,0.20389980064922755,1.2494505549357586,0.8802478474642117,0.057655666019705516,0.28572870464046524,-0.3744213115346413,0.28096016570517507,-0.38251600167499666,13.0,0.0,0.0,13.0,0.0,0.0,0.0
扫高后确认K空头,流动性确认,2605712f51fd787a,REJECTED,2026-03,101,True,2026-02,106.0,0.18884453878733248,0.18963300482074696,1.4665971917560856,0.8467282475128284,0.053420722429649535,0.25471741974404233,-0.354333631563361,0.2560149260621379,-0.35216664478770116,23.0,0.0,0.0,23.0,0.0,0.0,0.0
扫高后确认K空头,流动性确认,2605712f51fd787a,REJECTED,2026-04,103,True,2026-03,101.0,0.20735131098755893,0.2084638774737115,1.467803674431884,1.044500877601494,0.05472704546154941,0.2970216372895494,-0.398555804887496,0.29285791921321586,-0.4064257544105164,21.0,0.0,0.0,21.0,0.0,0.0,0.0
扫高后确认K空头,流动性确认,2605712f51fd787a,REJECTED,2026-05,160,True,2026-04,103.0,0.1470135644429512,0.15504185489601557,1.4666583459316553,0.8783877270677631,0.05419311029903613,0.1941760391882761,-0.5155772089448486,0.1843950611142448,-0.5327554105626138,28.0,0.0,0.0,28.0,0.0,0.0,0.0
区间二次测试不破多头,二次测试,5911315f52956132,REJECTED,2025-05,18,True,2025-04,26.0,0.19138827956272295,0.232833465672504,1.7201460826729624,0.9081518126520514,0.10786387432600124,0.42306684582447845,0.05219010142321844,0.5102819604822219,0.23323202318198735,4.0,0.0,4.0,0.0,4.0,4.0,3.0
区间二次测试不破多头,二次测试,5911315f52956132,REJECTED,2025-06,19,True,2025-05,18.0,0.13820499683291027,0.1381726004187462,1.6953666408560704,1.0099274497516373,0.12963624321753373,0.1666670945464709,-0.7258654795319319,0.16805546659560555,-0.7226385302472531,0.0,0.0,0.0,0.0,0.0,0.0,0.0
区间二次测试不破多头,二次测试,5911315f52956132,REJECTED,2025-07,8,True,2025-06,19.0,0.09273792585745733,0.09372907102765685,1.6953927751037334,1.2830783647347566,0.12617865362880898,0.10527615235522174,-1.126159905999136,0.11356223209817327,-1.1073298208519848,2.0,0.0,0.0,2.0,0.0,0.0,0.0
区间二次测试不破多头,二次测试,5911315f52956132,REJECTED,2025-08,26,False,,,,,,,,,,,,,,,,,,
区间二次测试不破多头,二次测试,5911315f52956132,REJECTED,2025-09,17,True,2025-08,26.0,0.12574343924515283,0.13010731002445655,1.6954327520233743,0.9775600475021412,0.10786387432600124,0.15387872625357174,-0.7096367649756572,0.17296362198313286,-0.6713926935514832,3.0,0.0,0.0,3.0,0.0,0.0,0.0
区间二次测试不破多头,二次测试,5911315f52956132,REJECTED,2025-10,13,True,2025-09,17.0,0.17687058968992145,0.17961870529335483,1.6954223386674223,0.745395052521155,0.13339459376998314,0.23531856974461493,-0.3464824734457405,0.0,0.0,0.0,0.0,0.0,0.0,0.0,0.0,0.0
区间二次测试不破多头,二次测试,5911315f52956132,REJECTED,2025-11,14,False,,,,,,,,,,,,,,,,,,
区间二次测试不破多头,二次测试,5911315f52956132,REJECTED,2025-12,16,True,2025-11,14.0,0.16718628648898307,0.16836036003017682,1.695322590910342,0.9033750158242125,0.1469936830518334,0.21428746724984218,-0.5343619624366065,0.0,0.0,0.0,0.0,0.0,0.0,0.0,0.0,0.0
区间二次测试不破多头,二次测试,5911315f52956132,REJECTED,2026-01,10,True,2025-12,16.0,0.1839911370728582,0.18738655766424933,1.6952786150754555,0.7534822625690883,0.1375,0.25000153492308164,-0.32168413013110086,0.0,0.0,0.0,0.0,0.0,0.0,0.0,0.0,0.0
区间二次测试不破多头,二次测试,5911315f52956132,REJECTED,2026-02,18,False,,,,,,,,,,,,,,,,,,
区间二次测试不破多头,二次测试,5911315f52956132,REJECTED,2026-03,26,True,2026-02,18.0,0.17148336553736807,0.17278124487590765,1.6951002298556848,0.7407225565929885,0.12963624321753373,0.22223086540319464,-0.370467317118657,0.22228109604788304,-0.3703856715283506,7.0,0.0,0.0,7.0,0.0,0.0,0.0
区间二次测试不破多头,二次测试,5911315f52956132,REJECTED,2026-04,13,True,2026-03,26.0,0.19471482512995647,0.19670757358465568,1.6950932347840653,0.9537020629718459,0.10786387432600124,0.2692512430969431,-0.39250770770740334,0.28730675029870223,-0.3565787947352493,2.0,0.0,0.0,2.0,0.0,0.0,0.0
区间二次测试不破多头,二次测试,5911315f52956132,REJECTED,2026-05,16,True,2026-04,13.0,0.21110098345635306,0.21195712146090157,1.5121031833036795,0.7536000028851955,0.15254255396193803,0.6923054649005116,0.616486368507995,0.0,0.0,0.0,0.0,0.0,0.0,0.0,0.0,0.0
区间二次测试不破空头,二次测试,add1fc0880238799,REJECTED,2025-05,134,True,2025-04,156.0,0.15465814150130577,0.1552807786342843,1.6997600884303354,0.9144675764905199,0.04403524229639896,0.19236797405209627,-0.49499812909386504,0.19743399315988527,-0.48502380125879563,33.0,0.0,0.0,33.0,0.0,0.0,0.0
区间二次测试不破空头,二次测试,add1fc0880238799,REJECTED,2025-06,118,True,2025-05,134.0,0.13881112990956734,0.14193698081923906,1.6973108888935315,0.9372647271229798,0.04751276340697481,0.17159663572690304,-0.5699586531849932,0.16900564329263232,-0.5751265658044651,24.0,0.0,0.0,24.0,0.0,0.0,0.0
区间二次测试不破空头,二次测试,add1fc0880238799,REJECTED,2025-07,40,True,2025-06,118.0,0.17132191835770996,0.17172934742460902,1.6973951118585737,1.0308929879454407,0.05063160398440779,0.2203437015281548,-0.5218225606841052,0.2241955365073265,-0.5137590021466477,13.0,0.0,0.0,13.0,0.0,0.0,0.0
区间二次测试不破空头,二次测试,add1fc0880238799,REJECTED,2025-08,91,True,2025-07,40.0,0.171644600153273,0.17428622663940904,1.6974182266848319,0.9269225879202573,0.08696263565463043,0.22500198007600486,-0.4648711295754874,0.2259201385244631,-0.4629049977870832,20.0,0.0,0.0,20.0,0.0,0.0,0.0
区间二次测试不破空头,二次测试,add1fc0880238799,REJECTED,2025-09,100,True,2025-08,91.0,0.18880697454767734,0.18885546123820154,1.6974368944905505,0.8251542213503974,0.057655666019705516,0.2527509667257385,-0.2886455786177838,0.25368452344663717,-0.28687702971838247,18.0,0.0,0.0,18.0,0.0,0.0,0.0
区间二次测试不破空头,二次测试,add1fc0880238799,REJECTED,2025-10,79,True,2025-09,100.0,0.19329803176369392,0.1967179323431635,1.6015342334391103,0.9545800189129967,0.05500000000000001,0.2700189022087232,-0.36332644402028386,0.26393707558457485,-0.37504390833726003,16.0,0.0,0.0,16.0,0.0,0.0,0.0
区间二次测试不破空头,二次测试,add1fc0880238799,REJECTED,2025-11,116,True,2025-10,79.0,0.12753891425591732,0.12874913319337897,1.697436170180554,0.9426892121875202,0.06187983455093132,0.15186571812104474,-0.6393111732882373,0.1539395380340007,-0.6352250957329246,29.0,0.0,0.0,29.0,0.0,0.0,0.0
区间二次测试不破空头,二次测试,add1fc0880238799,REJECTED,2025-12,102,True,2025-11,116.0,0.17849279399795334,0.178404896476749,1.6977010964719628,0.7446704041826938,0.05106621799868927,0.23273391912789962,-0.26949185814302645,0.23355451284582096,-0.26825423134476595,24.0,0.0,0.0,24.0,0.0,0.0,0.0
区间二次测试不破空头,二次测试,add1fc0880238799,REJECTED,2026-01,83,True,2025-12,102.0,0.15749962356628852,0.1574257862116547,1.6977957051201717,0.8932410195432939,0.05445811486371709,0.1960523158009086,-0.47939371646274054,0.19745323560777828,-0.476005255033517,20.0,0.0,0.0,20.0,0.0,0.0,0.0
区间二次测试不破空头,二次测试,add1fc0880238799,REJECTED,2026-02,163,True,2026-01,83.0,0.14679267897176101,0.14701035135673624,1.6972755071879555,0.8561061099857773,0.060370342994329695,0.18069500231511054,-0.493383787904685,0.17175946057031075,-0.5111938736610456,21.0,0.0,0.0,21.0,0.0,0.0,0.0
区间二次测试不破空头,二次测试,add1fc0880238799,REJECTED,2026-03,143,True,2026-02,163.0,0.21023670319023438,0.21399185031321707,1.7099778760981854,0.8776499177814713,0.04307932474933766,0.3128775135206716,-0.1569495669273272,0.31661097236732644,-0.14959263229682576,31.0,0.0,31.0,0.0,31.0,3.0,3.0
区间二次测试不破空头,二次测试,add1fc0880238799,REJECTED,2026-04,117,True,2026-03,143.0,0.20438632135742255,0.2071061872959215,1.7017224120674612,0.8570608043942335,0.04599331055038999,0.29371132201109085,-0.19677395772215678,0.2955769244009252,-0.19298469944538205,24.0,0.0,4.0,20.0,4.0,1.0,1.0
区间二次测试不破空头,二次测试,add1fc0880238799,REJECTED,2026-05,158,True,2026-04,117.0,0.14725781760041196,0.1471822148503499,1.6433819140878263,0.9426657773449817,0.05084751798731267,0.17946403007265432,-0.5677683162751347,0.17972360446181676,-0.5675208617736488,37.0,0.0,0.0,37.0,0.0,0.0,0.0
扫低后站回VWAP多头,流动性VWAP,8faa2dfdd58009bb,REJECTED,2025-05,4,False,,,,,,,,,,,,,,,,,,
扫低后站回VWAP多头,流动性VWAP,8faa2dfdd58009bb,REJECTED,2025-06,8,False,,,,,,,,,,,,,,,,,,
扫低后站回VWAP多头,流动性VWAP,8faa2dfdd58009bb,REJECTED,2025-07,1,False,,,,,,,,,,,,,,,,,,
扫低后站回VWAP多头,流动性VWAP,8faa2dfdd58009bb,REJECTED,2025-08,6,False,,,,,,,,,,,,,,,,,,
扫低后站回VWAP多头,流动性VWAP,8faa2dfdd58009bb,REJECTED,2025-09,6,False,,,,,,,,,,,,,,,,,,
扫低后站回VWAP多头,流动性VWAP,8faa2dfdd58009bb,REJECTED,2025-10,1,False,,,,,,,,,,,,,,,,,,
扫低后站回VWAP多头,流动性VWAP,8faa2dfdd58009bb,REJECTED,2025-11,5,False,,,,,,,,,,,,,,,,,,
扫低后站回VWAP多头,流动性VWAP,8faa2dfdd58009bb,REJECTED,2025-12,9,False,,,,,,,,,,,,,,,,,,
扫低后站回VWAP多头,流动性VWAP,8faa2dfdd58009bb,REJECTED,2026-01,7,False,,,,,,,,,,,,,,,,,,
扫低后站回VWAP多头,流动性VWAP,8faa2dfdd58009bb,REJECTED,2026-02,6,False,,,,,,,,,,,,,,,,,,
扫低后站回VWAP多头,流动性VWAP,8faa2dfdd58009bb,REJECTED,2026-03,8,False,,,,,,,,,,,,,,,,,,
扫低后站回VWAP多头,流动性VWAP,8faa2dfdd58009bb,REJECTED,2026-04,3,False,,,,,,,,,,,,,,,,,,
扫低后站回VWAP多头,流动性VWAP,8faa2dfdd58009bb,REJECTED,2026-05,4,False,,,,,,,,,,,,,,,,,,
扫高后跌破VWAP空头,流动性VWAP,98c02f47708ca242,REJECTED,2025-05,9,False,,,,,,,,,,,,,,,,,,
扫高后跌破VWAP空头,流动性VWAP,98c02f47708ca242,REJECTED,2025-06,7,False,,,,,,,,,,,,,,,,,,
扫高后跌破VWAP空头,流动性VWAP,98c02f47708ca242,REJECTED,2025-07,1,False,,,,,,,,,,,,,,,,,,
扫高后跌破VWAP空头,流动性VWAP,98c02f47708ca242,REJECTED,2025-08,5,False,,,,,,,,,,,,,,,,,,
扫高后跌破VWAP空头,流动性VWAP,98c02f47708ca242,REJECTED,2025-09,6,False,,,,,,,,,,,,,,,,,,
扫高后跌破VWAP空头,流动性VWAP,98c02f47708ca242,REJECTED,2025-10,4,False,,,,,,,,,,,,,,,,,,
扫高后跌破VWAP空头,流动性VWAP,98c02f47708ca242,REJECTED,2025-11,9,False,,,,,,,,,,,,,,,,,,
扫高后跌破VWAP空头,流动性VWAP,98c02f47708ca242,REJECTED,2025-12,5,False,,,,,,,,,,,,,,,,,,
扫高后跌破VWAP空头,流动性VWAP,98c02f47708ca242,REJECTED,2026-01,5,False,,,,,,,,,,,,,,,,,,
扫高后跌破VWAP空头,流动性VWAP,98c02f47708ca242,REJECTED,2026-02,1,False,,,,,,,,,,,,,,,,,,
扫高后跌破VWAP空头,流动性VWAP,98c02f47708ca242,REJECTED,2026-03,11,False,,,,,,,,,,,,,,,,,,
扫高后跌破VWAP空头,流动性VWAP,98c02f47708ca242,REJECTED,2026-04,5,False,,,,,,,,,,,,,,,,,,
扫高后跌破VWAP空头,流动性VWAP,98c02f47708ca242,REJECTED,2026-05,10,False,,,,,,,,,,,,,,,,,,
BTC弱于ETH背离修复多头,跨资产背离,afac444025613291,REJECTED,2025-05,19,True,2025-04,30.0,0.17819712325981976,0.19330380134941544,1.516999517935536,0.8704292109798654,0.10041580220928047,0.2666667212577665,-0.3763663145618161,0.2520061075470413,-0.40322714294761286,3.0,0.0,0.0,3.0,0.0,0.0,0.0
BTC弱于ETH背离修复多头,跨资产背离,afac444025613291,REJECTED,2025-06,27,True,2025-05,19.0,0.15620564054341105,0.16582266834819065,1.5170789327789338,0.7939538971083692,0.12617865362880898,0.21052760039338209,-0.47312374171524196,0.2151668081227628,-0.4649089298659927,6.0,0.0,0.0,6.0,0.0,0.0,0.0
BTC弱于ETH背离修复多头,跨资产背离,afac444025613291,REJECTED,2025-07,4,True,2025-06,27.0,0.17385298437729574,0.18985273420293589,1.5019265075402102,1.01056038477715,0.1058475493514314,0.25926085435934215,-0.5067133471934686,0.31299470026756254,-0.4031258368168968,1.0,0.0,0.0,1.0,0.0,0.0,0.0
BTC弱于ETH背离修复多头,跨资产背离,afac444025613291,REJECTED,2025-08,12,False,,,,,,,,,,,,,,,,,,
BTC弱于ETH背离修复多头,跨资产背离,afac444025613291,REJECTED,2025-09,7,True,2025-08,12.0,0.24148413642584943,0.2398932654250723,1.4993087114315702,1.302395897109275,0.1587713240271471,0.583320820651841,0.12399110790226037,0.0,0.0,0.0,0.0,0.0,0.0,0.0,0.0,0.0
BTC弱于ETH背离修复多头,跨资产背离,afac444025613291,REJECTED,2025-10,28,False,,,,,,,,,,,,,,,,,,
BTC弱于ETH背离修复多头,跨资产背离,afac444025613291,REJECTED,2025-11,39,True,2025-10,28.0,0.1276380516869872,0.14591324064607333,1.5108454925419008,0.9352947276681075,0.10394023007753748,0.1785735317208637,-0.6381557076154225,0.19742822925189785,-0.6032253782140304,12.0,0.0,0.0,12.0,0.0,0.0,0.0
BTC弱于ETH背离修复多头,跨资产背离,afac444025613291,REJECTED,2025-12,20,True,2025-11,39.0,0.11173380013965224,0.1114365099810614,1.5772166120888695,0.87621806221303,0.08807048459279793,0.12828161904351823,-0.6830138717864954,0.12792617829871492,-0.6833645660098894,4.0,0.0,0.0,4.0,0.0,0.0,0.0
BTC弱于ETH背离修复多头,跨资产背离,afac444025613291,REJECTED,2026-01,10,True,2025-12,20.0,0.12030849353553182,0.1931651584081552,1.498755952229436,1.132257880903079,0.12298373876248844,0.3000146014900671,-0.5005941364818735,0.2147762386069158,-0.675027470198222,1.0,0.0,0.0,1.0,0.0,0.0,0.0
BTC弱于ETH背离修复多头,跨资产背离,afac444025613291,REJECTED,2026-02,61,False,,,,,,,,,,,,,,,,,,
BTC弱于ETH背离修复多头,跨资产背离,afac444025613291,REJECTED,2026-03,32,True,2026-02,61.0,0.16829077206976745,0.18382452837426824,1.6020499732057831,0.8325833861959242,0.0704202839630928,0.24589480756627616,-0.34536192899201934,0.31816642331569295,-0.21070532846918325,15.0,0.0,0.0,15.0,0.0,0.0,0.0
BTC弱于ETH背离修复多头,跨资产背离,afac444025613291,REJECTED,2026-04,8,True,2026-03,32.0,0.21483505392342866,0.2146403220529532,1.5203462111618966,0.6174157806298681,0.09722718241315029,0.3125092010592011,-0.09292160681164585,0.31377799878497514,-0.0912625608986186,2.0,0.0,2.0,0.0,2.0,0.0,0.0
BTC弱于ETH背离修复多头,跨资产背离,afac444025613291,REJECTED,2026-05,5,False,,,,,,,,,,,,,,,,,,
BTC强于ETH背离修复空头,跨资产背离,fca571982b7c88a0,CANDIDATE,2025-05,23,True,2025-04,50.0,0.10558656749613363,0.10551592952196245,1.542497241359272,0.8687676196031127,0.07778174593052023,0.12000436988687874,-0.689646354099772,0.11989128434849318,-0.6897154686625278,1.0,0.0,0.0,1.0,0.0,0.0,0.0
BTC强于ETH背离修复空头,跨资产背离,fca571982b7c88a0,CANDIDATE,2025-06,28,True,2025-05,23.0,0.1424158026943307,0.14247191621256491,1.8302678990983445,0.8624269551035953,0.11468292773139113,0.1739136863993513,-0.5465352832512922,0.18953637025321052,-0.5164737915218165,11.0,0.0,0.0,11.0,0.0,0.0,0.0
BTC强于ETH背离修复空头,跨资产背离,fca571982b7c88a0,CANDIDATE,2025-07,6,True,2025-06,28.0,0.20953532030598063,0.22474604318897984,1.8339018345759688,0.7629807528262679,0.10394023007753748,0.35714306178741306,0.014745180486087014,0.38514433986079305,0.0693391819621489,0.0,0.0,0.0,0.0,0.0,0.0,0.0
BTC强于ETH背离修复空头,跨资产背离,fca571982b7c88a0,CANDIDATE,2025-08,10,False,,,,,,,,,,,,,,,,,,
BTC强于ETH背离修复空头,跨资产背离,fca571982b7c88a0,CANDIDATE,2025-09,17,False,,,,,,,,,,,,,,,,,,
BTC强于ETH背离修复空头,跨资产背离,fca571982b7c88a0,CANDIDATE,2025-10,33,False,,,,,,,,,,,,,,,,,,
BTC强于ETH背离修复空头,跨资产背离,fca571982b7c88a0,CANDIDATE,2025-11,39,True,2025-10,33.0,0.19222653931688952,0.19753562021902288,1.8303342874809598,0.8499791587995915,0.09574271077563382,0.27273032304988654,-0.2585329159321895,0.2664671120630183,-0.2724950075015249,13.0,0.0,0.0,13.0,0.0,0.0,0.0
BTC强于ETH背离修复空头,跨资产背离,fca571982b7c88a0,CANDIDATE,2025-12,22,True,2025-11,39.0,0.2124602607933245,0.2275952707409825,1.8780641310979103,0.71811904060326,0.08807048459279793,0.35897510717212155,0.07966560339605719,0.3380882443683982,0.03829912851961506,1.0,0.0,1.0,0.0,1.0,1.0,1.0
BTC强于ETH背离修复空头,跨资产背离,fca571982b7c88a0,CANDIDATE,2026-01,19,True,2025-12,22.0,0.1966588751066773,0.2138210910780203,1.9142812056828744,0.8934599559590186,0.11726039399558574,0.31818067201181943,-0.16168667208787726,0.3416628050666965,-0.11034253050979424,6.0,0.0,6.0,0.0,6.0,2.0,2.0
BTC强于ETH背离修复空头,跨资产背离,fca571982b7c88a0,CANDIDATE,2026-02,29,True,2026-01,19.0,0.1651776867278743,0.1643193888839404,1.8442022491723953,0.9543267472547724,0.12617865362880898,0.21053882279318764,-0.531945456416368,0.21599064452468722,-0.5212333243060087,11.0,0.0,0.0,11.0,0.0,0.0,0.0
BTC强于ETH背离修复空头,跨资产背离,fca571982b7c88a0,CANDIDATE,2026-03,23,True,2026-02,29.0,0.16173583902155556,0.16350675521246574,1.8581353588644696,0.7935224178633146,0.10213243599737853,0.20689787534716703,-0.38723089605662403,0.21430907332951826,-0.37213715009378406,4.0,0.0,0.0,4.0,0.0,0.0,0.0
BTC强于ETH背离修复空头,跨资产背离,fca571982b7c88a0,CANDIDATE,2026-04,22,True,2026-03,23.0,0.21051680249127694,0.22610434879403435,1.8777289824530228,0.5820910800688291,0.11468292773139113,0.34784327835936163,0.11295233203583599,0.35649995880460694,0.12911591948131484,7.0,0.0,7.0,0.0,7.0,7.0,3.0
BTC强于ETH背离修复空头,跨资产背离,fca571982b7c88a0,CANDIDATE,2026-05,10,True,2026-04,22.0,0.19209584333903235,0.19733109704959598,1.8430366759302599,1.045121248497096,0.11726039399558574,0.27272651292663874,-0.41852562114972724,0.25539205924456154,-0.4558204441630666,1.0,0.0,0.0,1.0,0.0,0.0,0.0
压缩后首次放量突破多头,波动扩张,637dd7099e42148f,REJECTED,2025-05,152,True,2025-04,148.0,0.1899227133755258,0.1908009890647267,1.505468211628955,0.8708826617345423,0.04520972150897326,0.2567429086093587,-0.34958183678855537,0.25969990634530477,-0.34430156174499565,36.0,0.0,0.0,36.0,0.0,0.0,0.0
压缩后首次放量突破多头,波动扩张,637dd7099e42148f,REJECTED,2025-06,172,True,2025-05,152.0,0.20282323903694227,0.20274952459317377,1.4954751963104989,0.9210022588873911,0.0446108908109597,0.28289107405137764,-0.32704177581296523,0.2816969417743402,-0.32939340779193105,31.0,0.0,0.0,31.0,0.0,0.0,0.0
压缩后首次放量突破多头,波动扩张,637dd7099e42148f,REJECTED,2025-07,68,True,2025-06,172.0,0.20355777669243633,0.20487035111798377,1.4954955062778845,0.8406410091653908,0.04193710684146629,0.29069005334186,-0.24855745056548587,0.2912646340580437,-0.24854343424645478,15.0,0.0,1.0,14.0,1.0,0.0,0.0
压缩后首次放量突破多头,波动扩张,637dd7099e42148f,REJECTED,2025-08,134,True,2025-07,68.0,0.18672581638269392,0.18742690560097358,1.495513375526173,0.9611124666109363,0.06669729688499157,0.24998535295891652,-0.4568607076077463,0.24475402287328157,-0.46630453034293373,18.0,0.0,0.0,18.0,0.0,0.0,0.0
压缩后首次放量突破多头,波动扩张,637dd7099e42148f,REJECTED,2025-09,146,True,2025-08,134.0,0.15174383202108851,0.15165987773173012,1.4955421140329428,0.8927112423573591,0.04751276340697481,0.18657364429550446,-0.5336145742493531,0.18641304091148514,-0.5340103733897502,30.0,0.0,0.0,30.0,0.0,0.0,0.0
压缩后首次放量突破多头,波动扩张,637dd7099e42148f,REJECTED,2025-10,155,True,2025-09,146.0,0.16209865295158135,0.16321854007152894,1.4001957630299082,0.9522424804821211,0.04551832387313024,0.2054922377479473,-0.5546312556700524,0.2096235050575018,-0.547266156949594,39.0,0.0,0.0,39.0,0.0,0.0,0.0
压缩后首次放量突破多头,波动扩张,637dd7099e42148f,REJECTED,2025-11,117,True,2025-10,155.0,0.1880327404894351,0.18829815610809322,1.495526231127725,0.8825585064032588,0.04417706308963744,0.25162096924907856,-0.3717030796103327,0.24772085765743282,-0.37868759150207987,11.0,0.0,0.0,11.0,0.0,0.0,0.0
压缩后首次放量突破多头,波动扩张,637dd7099e42148f,REJECTED,2025-12,127,True,2025-11,117.0,0.13601333161988527,0.13583497499156044,1.4966420960043028,0.9132762363813298,0.05084751798731267,0.16240646431667796,-0.6095895090441347,0.16259928060751222,-0.6093940037222136,33.0,0.0,0.0,33.0,0.0,0.0,0.0
压缩后首次放量突破多头,波动扩张,637dd7099e42148f,REJECTED,2026-01,123,True,2025-12,127.0,0.17064449345847735,0.17139976368760215,1.4432434194746926,0.9556295708470225,0.04880460801788627,0.22048027847526167,-0.5168190450227416,0.2247933277498964,-0.5092772831186064,29.0,0.0,0.0,29.0,0.0,0.0,0.0
压缩后首次放量突破多头,波动扩张,637dd7099e42148f,REJECTED,2026-02,151,True,2026-01,123.0,0.14619379159657192,0.14683914753415792,1.4954042480897778,0.880271495255363,0.049591829906708775,0.17886256641821693,-0.5432148739966054,0.18341830120939093,-0.535029850872095,40.0,0.0,0.0,40.0,0.0,0.0,0.0
压缩后首次放量突破多头,波动扩张,637dd7099e42148f,REJECTED,2026-03,113,True,2026-02,151.0,0.17033520648523634,0.17410344152517632,1.5090008602406475,0.8659835522568781,0.04475836523241377,0.22517840013672946,-0.4172052266587392,0.2315337865648769,-0.4056702246908492,22.0,0.0,0.0,22.0,0.0,0.0,0.0
压缩后首次放量突破多头,波动扩张,637dd7099e42148f,REJECTED,2026-04,135,True,2026-03,113.0,0.1621112499704213,0.16106857484155832,1.4959659892598975,0.904473090333602,0.05173964776109785,0.20353217908801194,-0.5079379281088826,0.20356279235233227,-0.507535798525135,27.0,0.0,0.0,27.0,0.0,0.0,0.0
压缩后首次放量突破多头,波动扩张,637dd7099e42148f,REJECTED,2026-05,123,True,2026-04,135.0,0.22226620919215445,0.2224039591232594,1.4954102008247394,0.8922172579479636,0.04733646312031288,0.3407104981038654,-0.17320141871757663,0.34678070354108526,-0.1632983439203802,33.0,0.0,15.0,18.0,15.0,0.0,0.0
压缩后首次放量突破空头,波动扩张,59bcc3e64f2c7f94,REJECTED,2025-05,167,True,2025-04,166.0,0.17925471780036548,0.17911937690111773,1.8348559817340009,0.8756244356437206,0.042688278913848306,0.23493928641635967,-0.3238648290067409,0.23618896734532233,-0.31966519838983815,35.0,0.0,0.0,35.0,0.0,0.0,0.0
压缩后首次放量突破空头,波动扩张,59bcc3e64f2c7f94,REJECTED,2025-06,162,True,2025-05,167.0,0.16812162691382726,0.169056012952367,1.788543707135014,0.7982887697409428,0.04256027778937753,0.2154933393088591,-0.3243799738895943,0.21893952375142478,-0.3177636712960808,31.0,0.0,0.0,31.0,0.0,0.0,0.0
压缩后首次放量突破空头,波动扩张,59bcc3e64f2c7f94,REJECTED,2025-07,64,True,2025-06,162.0,0.11259937550573343,0.11275316593605554,1.8302666918591952,0.8102002169050387,0.04321208107251124,0.12957855676427374,-0.5447716577239555,0.13295484606890515,-0.5376587277273231,16.0,0.0,0.0,16.0,0.0,0.0,0.0
压缩后首次放量突破空头,波动扩张,59bcc3e64f2c7f94,REJECTED,2025-08,139,True,2025-07,64.0,0.13171392451841615,0.13162872380251364,1.8302888210435797,0.778343971563992,0.06875,0.1562933802323682,-0.47570216801434906,0.15710613531510426,-0.47395726224764473,37.0,0.0,0.0,37.0,0.0,0.0,0.0
压缩后首次放量突破空头,波动扩张,59bcc3e64f2c7f94,REJECTED,2025-09,127,True,2025-08,139.0,0.1947311452837621,0.2009250211439799,1.830304889622671,1.0327007960625023,0.04665039113239841,0.28777391051437545,-0.29957877744558653,0.2911761177319929,-0.2902041088176284,22.0,0.0,14.0,8.0,14.0,10.0,3.0
压缩后首次放量突破空头,波动扩张,59bcc3e64f2c7f94,REJECTED,2025-10,146,True,2025-09,127.0,0.16272263454718372,0.16255063243093018,1.7665593993186224,0.794917505898252,0.04880460801788627,0.20472360620452582,-0.3596730503432425,0.20337813711793717,-0.3618821330932517,24.0,0.0,0.0,24.0,0.0,0.0,0.0
压缩后首次放量突破空头,波动扩张,59bcc3e64f2c7f94,REJECTED,2025-11,177,True,2025-10,146.0,0.1821468401153624,0.17969648521615808,1.8304684452974693,0.9615693547050088,0.04551832387313024,0.23972682671613688,-0.38047624838056865,0.23892655236962246,-0.382721775522011,27.0,0.0,0.0,27.0,0.0,0.0,0.0
压缩后首次放量突破空头,波动扩张,59bcc3e64f2c7f94,REJECTED,2025-12,162,True,2025-11,177.0,0.16143528075614516,0.16191406275189135,1.8324061172437294,0.8701155033866678,0.041340531540155594,0.20336127322003322,-0.40201746538651967,0.20237646156441363,-0.40453491536342434,24.0,0.0,0.0,24.0,0.0,0.0,0.0
压缩后首次放量突破空头,波动扩张,59bcc3e64f2c7f94,REJECTED,2026-01,156,True,2025-12,162.0,0.1293504061230498,0.12875260832918253,1.8308483290451971,0.9004953429300352,0.04321208107251124,0.15429146479610734,-0.5582243874288514,0.1541196827753449,-0.5593035951932069,37.0,0.0,0.0,37.0,0.0,0.0,0.0
压缩后首次放量突破空头,波动扩张,59bcc3e64f2c7f94,REJECTED,2026-02,171,True,2026-01,156.0,0.16824694169128976,0.1700854549856061,1.6863409990632567,0.8047431001333928,0.04403524229639896,0.21801939921669863,-0.34674245555689515,0.20800767632038697,-0.36551427095820516,20.0,0.0,0.0,20.0,0.0,0.0,0.0
压缩后首次放量突破空头,波动扩张,59bcc3e64f2c7f94,REJECTED,2026-03,156,True,2026-02,171.0,0.1620015240161813,0.1626345624565405,1.788461173741998,0.8543565767749675,0.042059551209602995,0.20466625804581218,-0.39577105729283485,0.20358051818757053,-0.3978371469783119,38.0,0.0,0.0,38.0,0.0,0.0,0.0
压缩后首次放量突破空头,波动扩张,59bcc3e64f2c7f94,REJECTED,2026-04,134,True,2026-03,156.0,0.1871725190864575,0.18724122096744467,1.8357123596773772,0.8276817860274601,0.04403524229639896,0.2500306411592366,-0.24905818205306063,0.2495026922170099,-0.2502585111595717,25.0,0.0,0.0,25.0,0.0,0.0,0.0
压缩后首次放量突破空头,波动扩张,59bcc3e64f2c7f94,REJECTED,2026-05,152,True,2026-04,134.0,0.1367725897557346,0.13637805334889883,1.8300445285413014,0.9997948793630927,0.04751276340697481,0.1641748544045921,-0.6196866370023983,0.16506170179771643,-0.6177934059950686,32.0,0.0,0.0,32.0,0.0,0.0,0.0
向下假突破回区间多头,假突破反转,d5f361a753574b48,REJECTED,2025-05,329,True,2025-04,330.0,0.17696423600727246,0.18249177310354034,1.6735038557373902,0.8792037810186635,0.03027650354097492,0.24548850423190155,-0.324923279911299,0.265070624997314,-0.2847635089306285,86.0,0.0,1.0,85.0,1.0,1.0,1.0
向下假突破回区间多头,假突破反转,d5f361a753574b48,REJECTED,2025-06,318,True,2025-05,329.0,0.16739260266816752,0.16640430315874374,1.6954179932576428,0.8872320946837392,0.030322481553098423,0.21278183648859728,-0.4089915255371477,0.21396828990045538,-0.4075988664530242,80.0,0.0,0.0,80.0,0.0,0.0,0.0
向下假突破回区间多头,假突破反转,d5f361a753574b48,REJECTED,2025-07,137,True,2025-06,318.0,0.18953968585921385,0.18973510516086864,1.6857297153386857,0.9174843059551836,0.03084246847506244,0.2547363688798225,-0.3286974703491269,0.2557902188526491,-0.3262290245767265,36.0,0.0,0.0,36.0,0.0,0.0,0.0
向下假突破回区间多头,假突破反转,d5f361a753574b48,REJECTED,2025-08,302,True,2025-07,137.0,0.1533137328490971,0.15255529078394586,1.589507491224997,0.9416044398520477,0.046989671174421856,0.18971822902746463,-0.547511054980788,0.189953685402656,-0.5453173561108564,68.0,0.0,0.0,68.0,0.0,0.0,0.0
向下假突破回区间多头,假突破反转,d5f361a753574b48,REJECTED,2025-09,337,True,2025-08,302.0,0.16355010385380825,0.1647112900451815,1.696207908985012,0.8169867216539687,0.03164894357066398,0.20855411074369573,-0.36491129145701773,0.20694922862763582,-0.36747298527904315,63.0,0.0,0.0,63.0,0.0,0.0,0.0
向下假突破回区间多头,假突破反转,d5f361a753574b48,REJECTED,2025-10,269,True,2025-09,337.0,0.16238654376717243,0.16184348279843927,1.6251717860174428,0.8827417743970626,0.029960409088656385,0.20473326856394922,-0.4395601212072076,0.20647916293026894,-0.4339824083693944,45.0,0.0,0.0,45.0,0.0,0.0,0.0
向下假突破回区间多头,假突破反转,d5f361a753574b48,REJECTED,2025-11,298,True,2025-10,269.0,0.19882762072178412,0.1992226593885873,1.7000301751154112,0.9429722612367769,0.03353409184673308,0.275102730629,-0.29400096202920295,0.273946510103119,-0.29627758564939016,47.0,0.0,0.0,47.0,0.0,0.0,0.0
向下假突破回区间多头,假突破反转,d5f361a753574b48,REJECTED,2025-12,298,True,2025-11,298.0,0.16834593641442994,0.16802358169687096,1.7107787343358436,0.888321261003204,0.03186064454999208,0.21472501042260017,-0.40308881816235115,0.2149956959562564,-0.4026606457188551,68.0,0.0,0.0,68.0,0.0,0.0,0.0
向下假突破回区间多头,假突破反转,d5f361a753574b48,REJECTED,2026-01,311,True,2025-12,298.0,0.15828973503496502,0.15866432125189445,1.6169396670366694,0.819335337842918,0.03186064454999208,0.19795315191433435,-0.4087306003095848,0.19676679189237453,-0.41109190086803027,66.0,0.0,0.0,66.0,0.0,0.0,0.0
向下假突破回区间多头,假突破反转,d5f361a753574b48,REJECTED,2026-02,276,True,2026-01,311.0,0.1455223232218824,0.14553232053642762,1.650737522202029,0.8390174692721803,0.031187638741805853,0.17685047457974284,-0.4680329605784518,0.1759551993295848,-0.4699967123665281,41.0,0.0,0.0,41.0,0.0,0.0,0.0
向下假突破回区间多头,假突破反转,d5f361a753574b48,REJECTED,2026-03,343,True,2026-02,276.0,0.1718874216109282,0.1713284876480748,1.7050402140513736,0.8896002660426495,0.033106109598586536,0.2210171303945425,-0.3907121836384027,0.22028725665538557,-0.392113764619539,67.0,0.0,0.0,67.0,0.0,0.0,0.0
向下假突破回区间多头,假突破反转,d5f361a753574b48,REJECTED,2026-04,327,True,2026-03,343.0,0.18687661667175207,0.18780544844977248,1.704304859006324,0.9056358144181822,0.029697208593582138,0.25071128659984415,-0.3241978148199531,0.24954567871697644,-0.3266097994222157,60.0,0.0,0.0,60.0,0.0,0.0,0.0
向下假突破回区间多头,假突破反转,d5f361a753574b48,REJECTED,2026-05,341,True,2026-04,327.0,0.20218614584670286,0.20019827080142985,1.6852966286721025,0.8379252737871278,0.03041506949851321,0.28136192402143523,-0.20340237919170318,0.28109499146616246,-0.2006100270798269,99.0,0.0,0.0,99.0,0.0,0.0,0.0
向上假突破回区间空头,假突破反转,5f2fe4ee3fec03dd,REJECTED,2025-05,339,True,2025-04,368.0,0.1994986453925168,0.20285356893805692,1.4755557529450178,0.9468390881824048,0.028670731932847783,0.28532969131225355,-0.32903711744030545,0.2928950966229421,-0.3149974375919517,70.0,0.0,2.0,68.0,2.0,0.0,0.0
向上假突破回区间空头,假突破反转,5f2fe4ee3fec03dd,REJECTED,2025-06,301,True,2025-05,339.0,0.1759083663540388,0.17703794205766318,1.4669203478252457,0.8724873741321905,0.029871899562646267,0.2300796798824567,-0.40607132887587055,0.2341776648973921,-0.39878905233079,75.0,0.0,0.0,75.0,0.0,0.0,0.0
向上假突破回区间空头,假突破反转,5f2fe4ee3fec03dd,REJECTED,2025-07,105,True,2025-06,301.0,0.19478720608372727,0.19425154138490672,1.4685957553307787,0.9794768744035617,0.03170147297373293,0.2657886081311804,-0.4046510549908749,0.2687253671010702,-0.4005982597048044,30.0,0.0,0.0,30.0,0.0,0.0,0.0
向上假突破回区间空头,假突破反转,5f2fe4ee3fec03dd,REJECTED,2025-08,260,True,2025-07,105.0,0.15657036830387,0.15976330287852408,1.4669682272665285,0.9388739331349111,0.05367450401216933,0.19996862034482335,-0.5510079243204571,0.19754291279857622,-0.5556125613736896,52.0,0.0,0.0,52.0,0.0,0.0,0.0
向上假突破回区间空头,假突破反转,5f2fe4ee3fec03dd,REJECTED,2025-09,301,True,2025-08,260.0,0.20686154099324083,0.2068224365978777,1.466981321107472,0.8454409786224523,0.03410955201203233,0.29234512053544887,-0.24901849682074703,0.292268035991366,-0.24912613159433342,58.0,0.0,0.0,58.0,0.0,0.0,0.0
向上假突破回区间空头,假突破反转,5f2fe4ee3fec03dd,REJECTED,2025-10,277,True,2025-09,301.0,0.18368552420842468,0.18284552168509036,1.3906197378249034,0.9392370668970693,0.03170147297373293,0.2425886812817489,-0.4486182000679566,0.2429012206774125,-0.44989362665904054,48.0,0.0,0.0,48.0,0.0,0.0,0.0
向上假突破回区间空头,假突破反转,5f2fe4ee3fec03dd,REJECTED,2025-11,293,True,2025-10,277.0,0.17371389860656095,0.17346091754671816,1.4763026979668956,0.9628436458176642,0.033046297246936036,0.22375450363918184,-0.4917976209827186,0.22463151044821922,-0.49025755217126343,73.0,0.0,0.0,73.0,0.0,0.0,0.0
向上假突破回区间空头,假突破反转,5f2fe4ee3fec03dd,REJECTED,2025-12,301,True,2025-11,293.0,0.19171568620931903,0.19207231883824913,1.4797861328821333,0.8341034455971332,0.032131343081034235,0.25942406155736414,-0.30981153797314687,0.25547580767897277,-0.31670179002278037,35.0,0.0,0.0,35.0,0.0,0.0,0.0
向上假突破回区间空头,假突破反转,5f2fe4ee3fec03dd,REJECTED,2026-01,317,True,2025-12,301.0,0.16143319327456634,0.16140301948970995,1.4718340574851112,0.9138515052331897,0.03170147297373293,0.20261430337810568,-0.5023548359961844,0.2032337854656006,-0.5015279784207851,67.0,0.0,0.0,67.0,0.0,0.0,0.0
向上假突破回区间空头,假突破反转,5f2fe4ee3fec03dd,REJECTED,2026-02,283,True,2026-01,317.0,0.1933447685726715,0.19549283074376947,1.4029614883265757,0.8644306143584205,0.030891077596595175,0.2681448312452412,-0.3313245635196863,0.27275301066877444,-0.3230620129220722,68.0,0.0,0.0,68.0,0.0,0.0,0.0
向上假突破回区间空头,假突破反转,5f2fe4ee3fec03dd,REJECTED,2026-03,312,True,2026-02,283.0,0.2101143078183568,0.20921229543118483,1.491820761521914,0.9183350250221026,0.03269410640527702,0.3003627542541014,-0.27294297960938496,0.30071525170022406,-0.27351543787623284,60.0,0.0,0.0,60.0,0.0,0.0,0.0
向上假突破回区间空头,假突破反转,5f2fe4ee3fec03dd,REJECTED,2026-04,309,True,2026-03,312.0,0.1937428756851422,0.19363929720259035,1.4822736330252513,0.95547842969975,0.031137618438976382,0.26286662444025277,-0.3898202364855815,0.2629222567164288,-0.3893996750777102,80.0,0.0,0.0,80.0,0.0,0.0,0.0
向上假突破回区间空头,假突破反转,5f2fe4ee3fec03dd,REJECTED,2026-05,365,True,2026-04,309.0,0.1697119278679,0.1697372708368259,1.4676319850090893,0.9053206849933704,0.03128840681937159,0.21676819402192976,-0.463422327929482,0.21800599080682587,-0.4614294784137174,96.0,0.0,0.0,96.0,0.0,0.0,0.0
资金费率极端回归多头,衍生品反转,fcc89570f6af5d59,REJECTED,2025-05,406,True,2025-04,443.0,0.19485217324769696,0.19525365095036867,1.4647442832644169,0.8584552880260056,0.026131288598006897,0.2664081869939556,-0.30982961861084996,0.2650889670589493,-0.31213622630751925,69.0,0.0,0.0,69.0,0.0,0.0,0.0
资金费率极端回归多头,衍生品反转,fcc89570f6af5d59,REJECTED,2025-06,434,True,2025-05,406.0,0.17737566742347516,0.17765681326337918,1.4686227956978606,0.8644763149277148,0.02729604168420058,0.2315286263983764,-0.3937108345930533,0.23334073476040507,-0.3910356217138651,80.0,0.0,0.0,80.0,0.0,0.0,0.0
资金费率极端回归多头,衍生品反转,fcc89570f6af5d59,REJECTED,2025-07,169,True,2025-06,434.0,0.19605357954988625,0.194156025526991,1.40892314221489,0.8676960690263927,0.026400844840552565,0.2696015191630141,-0.32457603924246525,0.2645481680147765,-0.33375873829482694,25.0,0.0,0.0,25.0,0.0,0.0,0.0
资金费率极端回归多头,衍生品反转,fcc89570f6af5d59,REJECTED,2025-08,379,True,2025-07,169.0,0.17868898942825448,0.1832671391969224,1.46516025159809,1.077453867116732,0.04230769230769231,0.24265003022040593,-0.5451425274356895,0.27140739714528217,-0.48934100086419546,119.0,0.0,0.0,119.0,0.0,0.0,0.0
资金费率极端回归多头,衍生品反转,fcc89570f6af5d59,REJECTED,2025-09,440,True,2025-08,379.0,0.15052077840338127,0.15011348387306903,1.4661070588898337,0.9286095054754361,0.028251602331563277,0.18469750816121136,-0.5533605391084792,0.18242349581879824,-0.5566050281405984,76.0,0.0,0.0,76.0,0.0,0.0,0.0
资金费率极端回归多头,衍生品反转,fcc89570f6af5d59,REJECTED,2025-10,411,True,2025-09,440.0,0.18957907464991589,0.18918287401276734,1.4050396262818532,0.7977274408813976,0.02622022120425379,0.2545507605602503,-0.30678983323298054,0.25051805452860265,-0.31319527951229764,38.0,0.0,0.0,38.0,0.0,0.0,0.0
资金费率极端回归多头,衍生品反转,fcc89570f6af5d59,REJECTED,2025-11,495,True,2025-10,411.0,0.18713570604568347,0.18874211705758698,1.4698179039944814,0.8335585186590204,0.027129499301684457,0.25300719122788085,-0.3211761128647607,0.26453887166454754,-0.30074288209325545,131.0,0.0,0.0,131.0,0.0,0.0,0.0
资金费率极端回归多头,衍生品反转,fcc89570f6af5d59,REJECTED,2025-12,437,True,2025-11,495.0,0.1625842904842985,0.1644820474314771,1.4848561411744865,0.9382861347484863,0.02472066162365221,0.2120634376109331,-0.4894175120327663,0.21479339746647197,-0.48375725295362015,112.0,0.0,0.0,112.0,0.0,0.0,0.0
资金费率极端回归多头,衍生品反转,fcc89570f6af5d59,REJECTED,2026-01,517,True,2025-12,437.0,0.1870517913057108,0.18686565883243558,1.4761941432580763,0.8254173574611328,0.02631006802792169,0.24943141995425777,-0.320893667670447,0.2500045281255427,-0.31960163703315303,107.0,0.0,0.0,107.0,0.0,0.0,0.0
资金费率极端回归多头,衍生品反转,fcc89570f6af5d59,REJECTED,2026-02,437,True,2026-01,517.0,0.16578491755672423,0.1661734794152354,1.4753552928851243,0.8713631657505491,0.024188972342344836,0.21083335656698587,-0.44150049077472037,0.21786315129643527,-0.4281083230997302,102.0,0.0,0.0,102.0,0.0,0.0,0.0
资金费率极端回归多头,衍生品反转,fcc89570f6af5d59,REJECTED,2026-03,479,True,2026-02,437.0,0.19486239149700604,0.19488158312861306,1.4996835587728214,0.8257329203478654,0.02631006802792169,0.26545293928173114,-0.2788935604520915,0.2670982378002605,-0.27584945164479996,124.0,0.0,0.0,124.0,0.0,0.0,0.0
资金费率极端回归多头,衍生品反转,fcc89570f6af5d59,REJECTED,2026-04,371,True,2026-03,479.0,0.19630073803518178,0.19665779688728,1.474757977249141,0.9412929197751356,0.025130141431172464,0.27349476586990334,-0.3499791869100555,0.2729628515299467,-0.34809179561868064,63.0,0.0,0.0,63.0,0.0,0.0,0.0
资金费率极端回归多头,衍生品反转,fcc89570f6af5d59,REJECTED,2026-05,447,True,2026-04,371.0,0.1755876209117756,0.17492542542877873,1.4656623228565187,0.861401781826502,0.028554577240814078,0.2290373017150452,-0.3988276221807447,0.2357339799738378,-0.38434561290050895,130.0,0.0,0.0,130.0,0.0,0.0,0.0
资金费率极端回归空头,衍生品反转,ab1a7bf6d11e9bd8,REJECTED,2025-05,503,True,2025-04,474.0,0.16013637083293059,0.16068362676094203,1.708908550389071,0.8660018674307706,0.025262336669604396,0.20251195496508742,-0.4098562650474672,0.1982517764759608,-0.41768094666940614,78.0,0.0,0.0,78.0,0.0,0.0,0.0
资金费率极端回归空头,衍生品反转,ab1a7bf6d11e9bd8,REJECTED,2025-06,420,True,2025-05,503.0,0.18214996855266882,0.1828777012147014,1.6926277437496142,0.8919355562329164,0.024523287913724042,0.24453685888440443,-0.3270766534610983,0.23585548283976426,-0.3443842394161093,66.0,0.0,0.0,66.0,0.0,0.0,0.0
资金费率极端回归空头,衍生品反转,ab1a7bf6d11e9bd8,REJECTED,2025-07,180,True,2025-06,420.0,0.18325562526777095,0.1886875901790065,1.6974004203163306,0.8426824892946165,0.026837252006084666,0.264347311328009,-0.24090884880087945,0.2569986878204393,-0.2564520991543183,28.0,0.0,17.0,11.0,17.0,12.0,3.0
资金费率极端回归空头,衍生品反转,ab1a7bf6d11e9bd8,REJECTED,2025-08,374,True,2025-07,180.0,0.14971440433147862,0.14935919148645468,1.6974300079239375,0.7907695565884942,0.040994579587496145,0.18331495844931117,-0.41432588125941694,0.18260341550158196,-0.41509117366923237,53.0,0.0,0.0,53.0,0.0,0.0,0.0
资金费率极端回归空头,衍生品反转,ab1a7bf6d11e9bd8,REJECTED,2025-09,419,True,2025-08,374.0,0.15210317626017344,0.1519221337935942,1.6974681249062922,0.8916053810422878,0.028439822949726055,0.18713728840001492,-0.4745141156841583,0.18572614426950232,-0.47772316694257155,63.0,0.0,0.0,63.0,0.0,0.0,0.0
资金费率极端回归空头,衍生品反转,ab1a7bf6d11e9bd8,REJECTED,2025-10,452,True,2025-09,419.0,0.19214509305171815,0.193037832393177,1.6974339638830254,0.8431735919730177,0.026869258281031736,0.26253173770823407,-0.24689993370637414,0.2657535977239727,-0.24156644003136038,92.0,0.0,0.0,92.0,0.0,0.0,0.0
资金费率极端回归空头,衍生品反转,ab1a7bf6d11e9bd8,REJECTED,2025-11,395,True,2025-10,452.0,0.1565973952784159,0.1584834565374062,1.6992042389904538,0.9310688415148066,0.025869823880548926,0.1991685993475539,-0.472664932225534,0.20728570257062098,-0.4573636402241102,104.0,0.0,0.0,104.0,0.0,0.0,0.0
资金费率极端回归空头,衍生品反转,ab1a7bf6d11e9bd8,REJECTED,2025-12,459,True,2025-11,395.0,0.19016588301767376,0.18900624600257923,1.7129359167959115,0.881933808103291,0.02767350329846452,0.255702633032598,-0.28970147779555877,0.25572354084811366,-0.2892485951670042,106.0,0.0,0.0,106.0,0.0,0.0,0.0
资金费率极端回归空头,衍生品反转,ab1a7bf6d11e9bd8,REJECTED,2026-01,394,True,2025-12,459.0,0.18659504012508776,0.1865229305479359,1.704786149273845,0.8710596588003293,0.025671801540513517,0.24836516412496545,-0.30017533125448387,0.2478539803268134,-0.3006862316823171,82.0,0.0,0.0,82.0,0.0,0.0,0.0
资金费率极端回归空头,衍生品反转,ab1a7bf6d11e9bd8,REJECTED,2026-02,417,True,2026-01,394.0,0.19419767618061418,0.19288709329740109,1.653117510600959,0.790189445981102,0.027708599702293314,0.26648357070434237,-0.2108355155071917,0.2697135461444224,-0.20218729477303782,99.0,0.0,9.0,90.0,9.0,0.0,0.0
资金费率极端回归空头,衍生品反转,ab1a7bf6d11e9bd8,REJECTED,2026-03,472,True,2026-02,417.0,0.20591682110911108,0.20594532024899628,1.6737554288454073,0.8044452925684795,0.02693361587809155,0.2901907954283387,-0.15759443604160026,0.289838912065745,-0.158033031735186,108.0,0.0,0.0,108.0,0.0,0.0,0.0
资金费率极端回归空头,衍生品反转,ab1a7bf6d11e9bd8,REJECTED,2026-04,521,True,2026-03,472.0,0.21026355427817808,0.20979561900208835,1.7135814059175802,0.914431759301358,0.025315801992203894,0.3009292724058508,-0.19480203907017773,0.29900681787875977,-0.1990521136840981,88.0,0.0,0.0,88.0,0.0,0.0,0.0
资金费率极端回归空头,衍生品反转,ab1a7bf6d11e9bd8,REJECTED,2026-05,495,True,2026-04,521.0,0.13777277602179822,0.13561041273532007,1.6982923420324805,0.9366361384513658,0.024095937488607798,0.16505941580536665,-0.562922321368757,0.16464785436183077,-0.563441107432899,81.0,0.0,0.0,81.0,0.0,0.0,0.0
合约溢价极端修复多头,基差反转,48c0a571f023845e,REJECTED,2025-05,54,True,2025-04,62.0,0.15179923775409931,0.15567285794018731,1.7172449804446417,0.9525891011267885,0.06985006985010478,0.19360476226433296,-0.5445360330836356,0.19805545738871824,-0.53568395206331,10.0,0.0,0.0,10.0,0.0,0.0,0.0
合约溢价极端修复多头,基差反转,48c0a571f023845e,REJECTED,2025-06,62,True,2025-05,54.0,0.16215775050431205,0.16156182938415828,1.7031681842200015,0.9687559842652603,0.07484551991837489,0.20370277891255148,-0.5396145834725763,0.201725045367455,-0.5433031134787955,11.0,0.0,0.0,11.0,0.0,0.0,0.0
合约溢价极端修复多头,基差反转,48c0a571f023845e,REJECTED,2025-07,21,True,2025-06,62.0,0.20595459868374422,0.21679155248885143,1.6953927156859625,0.7212710957165034,0.06985006985010478,0.32254993696445433,-0.056990865726167725,0.28380100075897585,-0.12966968239456228,1.0,0.0,1.0,0.0,1.0,1.0,1.0
合约溢价极端修复多头,基差反转,48c0a571f023845e,REJECTED,2025-08,37,True,2025-07,21.0,0.18092674438521097,0.18126372398494836,1.695414132916002,1.0257411240453944,0.12001983962979583,0.2381073221848967,-0.5403700157126415,0.2304611040558197,-0.5559549041470833,4.0,0.0,0.0,4.0,0.0,0.0,0.0
合约溢价极端修复多头,基差反转,48c0a571f023845e,REJECTED,2025-09,66,True,2025-08,37.0,0.14842978150725591,0.1530612873355479,1.695436815910551,1.0098733190978084,0.09041944301794652,0.18919713199719865,-0.6269804208627687,0.1958361105414221,-0.6137806303956984,17.0,0.0,0.0,17.0,0.0,0.0,0.0
合约溢价极端修复多头,基差反转,48c0a571f023845e,REJECTED,2025-10,48,True,2025-09,66.0,0.1745093440794504,0.1755869129159829,1.695425560498463,0.9174364356601495,0.06770032003863301,0.22725437510197974,-0.43311140012239774,0.22111695104720994,-0.44528732953982386,4.0,0.0,0.0,4.0,0.0,0.0,0.0
合约溢价极端修复多头,基差反转,48c0a571f023845e,REJECTED,2025-11,46,True,2025-10,48.0,0.18737775098431753,0.1866898530108769,1.6962917988362836,0.8100451191979925,0.07938566201357355,0.2500046377085408,-0.3061293738285274,0.2516438699031792,-0.30418923575943013,8.0,0.0,0.0,8.0,0.0,0.0,0.0
合约溢价极端修复多头,基差反转,48c0a571f023845e,REJECTED,2025-12,43,True,2025-11,46.0,0.1250758055723014,0.12869860609471867,1.6953060864060512,0.8859305739089859,0.08109307588519343,0.1521748048018676,-0.6096553775779896,0.14487659399140207,-0.6235280503106179,4.0,0.0,0.0,4.0,0.0,0.0,0.0
合约溢价极端修复多头,基差反转,48c0a571f023845e,REJECTED,2026-01,63,True,2025-12,43.0,0.15121808711082652,0.15118703021349503,1.697218229963224,0.9151193585662386,0.08387421368293257,0.1859922413821716,-0.5519887437299222,0.1847578480845779,-0.5541967118251366,14.0,0.0,0.0,14.0,0.0,0.0,0.0
合约溢价极端修复多头,基差反转,48c0a571f023845e,REJECTED,2026-02,53,True,2026-01,63.0,0.1287676282671971,0.13343340279680788,1.6408478207419623,0.9604052931177721,0.06929348671835833,0.1587118215940259,-0.6527001262950939,0.14672532781330427,-0.676381606136997,6.0,0.0,0.0,6.0,0.0,0.0,0.0
合约溢价极端修复多头,基差反转,48c0a571f023845e,REJECTED,2026-03,48,True,2026-02,53.0,0.18511926033877657,0.1850847723588687,1.6294067616328727,0.7870374316361582,0.07554831017177897,0.24530052672577962,-0.31286503731319926,0.24530070045118077,-0.3127217523998883,10.0,0.0,0.0,10.0,0.0,0.0,0.0
合约溢价极端修复多头,基差反转,48c0a571f023845e,REJECTED,2026-04,31,True,2026-03,48.0,0.14732291278710938,0.15142629146541137,1.7238636205531241,0.961412490454336,0.07938566201357355,0.1874275259894376,-0.5758328840882148,0.17377505874301236,-0.6030149708701376,4.0,0.0,0.0,4.0,0.0,0.0,0.0
合约溢价极端修复多头,基差反转,48c0a571f023845e,REJECTED,2026-05,39,True,2026-04,31.0,0.20260578998361625,0.20597206055887482,1.7073538664562262,0.8957336415042455,0.09878291611472621,0.29033529342947695,-0.283757743812817,0.27729910253569506,-0.3095223682997988,3.0,0.0,0.0,3.0,0.0,0.0,0.0
合约溢价极端修复空头,基差反转,9cc0c5de692aa62f,REJECTED,2025-05,61,True,2025-04,82.0,0.146150008134844,0.14871003469905084,1.5639205454934835,0.8387125662358641,0.0607373393411656,0.1830042973830979,-0.49804561483241716,0.16799499818740435,-0.5256616675476528,8.0,0.0,0.0,8.0,0.0,0.0,0.0
合约溢价极端修复空头,基差反转,9cc0c5de692aa62f,REJECTED,2025-06,50,True,2025-05,61.0,0.19706338491446304,0.2005286895463562,1.4727884825790056,0.9255051163125163,0.0704202839630928,0.27875723905117206,-0.371804357696405,0.2674796325015843,-0.3916083834354736,9.0,0.0,0.0,9.0,0.0,0.0,0.0
合约溢价极端修复空头,基差反转,9cc0c5de692aa62f,REJECTED,2025-07,35,True,2025-06,50.0,0.1789638051821039,0.18182374911779264,1.4669653025086216,0.9893454474950126,0.07778174593052023,0.2400111973158496,-0.5198966455218557,0.21758247555558707,-0.5614891356444861,6.0,0.0,0.0,6.0,0.0,0.0,0.0
合约溢价极端修复空头,基差反转,9cc0c5de692aa62f,REJECTED,2025-08,64,True,2025-07,35.0,0.149414944541816,0.15864586512528536,1.4670095474130385,0.7965733905053376,0.09296696802013683,0.19994600193467402,-0.4755871650024425,0.19318349784444705,-0.4874724589913225,10.0,0.0,0.0,10.0,0.0,0.0,0.0
合约溢价极端修复空头,基差反转,9cc0c5de692aa62f,REJECTED,2025-09,73,True,2025-08,64.0,0.1975144108730148,0.2019237439225947,1.4669764154112532,0.9248746885036553,0.06875,0.28124963393595603,-0.3653469907134029,0.2731130588222863,-0.38004426028999266,8.0,0.0,0.0,8.0,0.0,0.0,0.0
合约溢价极端修复空头,基差反转,9cc0c5de692aa62f,REJECTED,2025-10,80,True,2025-09,73.0,0.16923269585274667,0.17806862624799438,1.466979136200931,0.8083739393239185,0.06437263095787182,0.2328752067094936,-0.3840243408287654,0.24158964409014586,-0.36893840470022904,22.0,0.0,0.0,22.0,0.0,0.0,0.0
合约溢价极端修复空头,基差反转,9cc0c5de692aa62f,REJECTED,2025-11,59,True,2025-10,80.0,0.19351049987756058,0.19351473311498588,1.4719996637538362,0.9399340230357092,0.06149186938124422,0.2625017756849519,-0.41229531679137343,0.26297361883860026,-0.4114450266765205,8.0,0.0,0.0,8.0,0.0,0.0,0.0
合约溢价极端修复空头,基差反转,9cc0c5de692aa62f,REJECTED,2025-12,59,True,2025-11,59.0,0.18694303638634852,0.1893291493133642,1.4945253907758782,0.8949386202528722,0.07160390103945313,0.254238661341332,-0.40230383889968263,0.2513140052463106,-0.4072364999037312,10.0,0.0,0.0,10.0,0.0,0.0,0.0
合约溢价极端修复空头,基差反转,9cc0c5de692aa62f,REJECTED,2026-01,48,True,2025-12,59.0,0.1999014331248979,0.20382866420976845,1.5102358201690818,0.8912006662846992,0.07160390103945313,0.2881511700237722,-0.31555891544330295,0.2737209299796047,-0.34220423367476055,3.0,0.0,0.0,3.0,0.0,0.0,0.0
合约溢价极端修复空头,基差反转,9cc0c5de692aa62f,REJECTED,2026-02,66,True,2026-01,48.0,0.19282288179921622,0.19704257317886778,1.477133010702116,0.9290151143024892,0.07938566201357355,0.2708374718591728,-0.4006655570258803,0.2722090494277157,-0.39812824621273857,15.0,0.0,0.0,15.0,0.0,0.0,0.0
合约溢价极端修复空头,基差反转,9cc0c5de692aa62f,REJECTED,2026-03,65,True,2026-02,66.0,0.20400142692484002,0.2039176731528242,1.5104346706348084,0.8180190549570683,0.06770032003863301,0.2879395450369512,-0.2604740740085114,0.28143386957935573,-0.27178641458678293,7.0,0.0,0.0,7.0,0.0,0.0,0.0
合约溢价极端修复空头,基差反转,9cc0c5de692aa62f,REJECTED,2026-04,24,True,2026-03,65.0,0.17734733038867223,0.1774007246882093,1.4853382743785777,0.8954499063577029,0.06821910402406466,0.23082385522216362,-0.45627680512103574,0.23062431698600894,-0.45658078634825,6.0,0.0,0.0,6.0,0.0,0.0,0.0
合约溢价极端修复空头,基差反转,9cc0c5de692aa62f,REJECTED,2026-05,42,True,2026-04,24.0,0.1646704176249085,0.16425018616972578,1.466658319327754,0.7452073582592874,0.11226827987756235,0.20834318671482857,-0.4372468850708244,0.20894019722106094,-0.4361050057037964,11.0,0.0,0.0,11.0,0.0,0.0,0.0
欧美开盘区间突破多头,开盘突破,f9b0b97528e653e7,REJECTED,2025-05,99,True,2025-04,86.0,0.21037929848598774,0.20825921696383762,1.522281206752586,0.91733165150472,0.059308025261891134,0.3023269479620906,-0.28495660222701386,0.2991264636462775,-0.2940499708623516,15.0,0.0,0.0,15.0,0.0,0.0,0.0
欧美开盘区间突破多头,开盘突破,f9b0b97528e653e7,REJECTED,2025-06,93,True,2025-05,99.0,0.20255539838896447,0.20018326254672558,1.495508824052197,0.7770161847759766,0.05527707983925667,0.2828577126002489,-0.23451460209903743,0.28168020410601313,-0.2377719521491145,15.0,0.0,0.0,15.0,0.0,0.0,0.0
欧美开盘区间突破多头,开盘突破,f9b0b97528e653e7,REJECTED,2025-07,28,True,2025-06,93.0,0.20492111366536522,0.20451215900369046,1.4954956410427906,0.9289030538935762,0.05703234321017339,0.29032536260990427,-0.32731492718552235,0.29321332747214324,-0.32187126767568064,7.0,0.0,0.0,7.0,0.0,0.0,0.0
欧美开盘区间突破多头,开盘突破,f9b0b97528e653e7,REJECTED,2025-08,64,True,2025-07,28.0,0.2046364136184518,0.22717871228842398,1.4955167601643231,1.003230939391913,0.10394023007753748,0.35715017015393435,-0.2600029873348234,0.4015151991281564,-0.175093093411626,19.0,0.0,18.0,1.0,18.0,7.0,3.0
欧美开盘区间突破多头,开盘突破,f9b0b97528e653e7,REJECTED,2025-09,84,True,2025-08,64.0,0.17038507581590676,0.1686974733634811,1.508826674477288,0.8223495581190605,0.06875,0.21877068155114715,-0.4223927047464615,0.22408694344881308,-0.41370025379102937,22.0,0.0,0.0,22.0,0.0,0.0,0.0
欧美开盘区间突破多头,开盘突破,f9b0b97528e653e7,REJECTED,2025-10,72,True,2025-09,84.0,0.16089600755793243,0.1662798643546007,1.4965029761729312,1.0160321136868506,0.060009919814897915,0.2143152182790238,-0.5777017873789745,0.17710805690846565,-0.6484509458384451,4.0,0.0,0.0,4.0,0.0,0.0,0.0
欧美开盘区间突破多头,开盘突破,f9b0b97528e653e7,REJECTED,2025-11,60,True,2025-10,72.0,0.1996545002134752,0.2003892087250391,1.508533472022015,0.8788138182951835,0.06481812160876686,0.2777855843712625,-0.3250986753141754,0.2727449741482892,-0.33373449575009434,9.0,0.0,0.0,9.0,0.0,0.0,0.0
欧美开盘区间突破多头,开盘突破,f9b0b97528e653e7,REJECTED,2025-12,71,True,2025-11,60.0,0.08999999724239004,0.08993063163037586,1.5092391673350807,1.0162869461650927,0.07100469468046931,0.100029152278968,-0.8646851545713898,0.10002730114421829,-0.8645188314303888,22.0,0.0,0.0,22.0,0.0,0.0,0.0
欧美开盘区间突破多头,开盘突破,f9b0b97528e653e7,REJECTED,2026-01,74,True,2025-12,71.0,0.1801138229213165,0.18939370228968083,1.5101832732982587,0.9133239792984972,0.06527299120066193,0.26768618361047236,-0.3723843889284298,0.27014859268814734,-0.3719031454281849,11.0,0.0,0.0,11.0,0.0,0.0,0.0
欧美开盘区间突破多头,开盘突破,f9b0b97528e653e7,REJECTED,2026-02,80,True,2026-01,74.0,0.08564434433895134,0.08561170557897314,1.5023376602623948,1.0154479974426844,0.0639362013091006,0.09455202771299678,-0.870564520529759,0.09472130079886752,-0.8703244005249748,23.0,0.0,0.0,23.0,0.0,0.0,0.0
欧美开盘区间突破多头,开盘突破,f9b0b97528e653e7,REJECTED,2026-03,70,True,2026-02,80.0,0.12499022877760564,0.12723159482951102,1.55115723082368,0.8022565631550594,0.06149186938124422,0.14999153100918217,-0.5461504787505526,0.14206276696676584,-0.5600776187328966,10.0,0.0,0.0,10.0,0.0,0.0,0.0
欧美开盘区间突破多头,开盘突破,f9b0b97528e653e7,REJECTED,2026-04,76,True,2026-03,70.0,0.18845133640623082,0.1907412144560656,1.540052340579332,1.018206770681851,0.06573757351339166,0.25714403900187943,-0.4695107875413953,0.2585542550307151,-0.4665191975032265,12.0,0.0,0.0,12.0,0.0,0.0,0.0
欧美开盘区间突破多头,开盘突破,f9b0b97528e653e7,REJECTED,2026-05,73,True,2026-04,76.0,0.1908471738972032,0.20778713970893398,1.4993782779510856,0.8245932256193442,0.06308932681440449,0.3026496770695073,-0.22802564340933296,0.305273549310796,-0.22322135488014197,20.0,0.0,14.0,6.0,14.0,6.0,3.0
欧美开盘区间突破空头,开盘突破,8f89911d444a7852,REJECTED,2025-05,83,True,2025-04,87.0,0.17061835573658388,0.1705962644455102,1.5269077058204534,0.8599052421090345,0.058966189416078715,0.21839941356158094,-0.4389083176905462,0.22072596197428387,-0.4344890414477961,23.0,0.0,0.0,23.0,0.0,0.0,0.0
欧美开盘区间突破空头,开盘突破,8f89911d444a7852,REJECTED,2025-06,100,True,2025-05,83.0,0.1401833059448856,0.1401063743527327,1.4972840007720107,0.9372664349545473,0.060370342994329695,0.16867473022810137,-0.6244077684228364,0.1682022917618015,-0.6253900858213736,18.0,0.0,0.0,18.0,0.0,0.0,0.0
欧美开盘区间突破空头,开盘突破,8f89911d444a7852,REJECTED,2025-07,42,True,2025-06,100.0,0.1823517336879821,0.1816849771575496,1.497263496731791,0.9083299555513583,0.05500000000000001,0.24001023917518363,-0.42867857121944636,0.23999453818152483,-0.42798157701646306,11.0,0.0,0.0,11.0,0.0,0.0,0.0
欧美开盘区间突破空头,开盘突破,8f89911d444a7852,REJECTED,2025-08,68,True,2025-07,42.0,0.11979609349010578,0.12238161819457113,1.497339370079568,0.9665063110418716,0.08486684247915055,0.14285281904442518,-0.73401253856812,0.1602964345210303,-0.7016563449943115,20.0,0.0,0.0,20.0,0.0,0.0,0.0
欧美开盘区间突破空头,开盘突破,8f89911d444a7852,REJECTED,2025-09,64,True,2025-08,68.0,0.15131464714785203,0.15432429537278794,1.4973372305492545,0.8320876201811378,0.06669729688499157,0.19109875716933153,-0.4925038895558482,0.16127145128867645,-0.5447213374672918,6.0,0.0,0.0,6.0,0.0,0.0,0.0
欧美开盘区间突破空头,开盘突破,8f89911d444a7852,REJECTED,2025-10,76,True,2025-09,64.0,0.15234069694506724,0.15222827805597253,1.5013360072595194,0.7965026001016329,0.06875,0.18751860216919863,-0.47340931923254137,0.18866714080154307,-0.47142411364926673,31.0,0.0,0.0,31.0,0.0,0.0,0.0
欧美开盘区间突破空头,开盘突破,8f89911d444a7852,REJECTED,2025-11,98,True,2025-10,76.0,0.16522227634720768,0.1654536895468489,1.5083289437107277,0.8405857062146488,0.06308932681440449,0.2104865866617868,-0.4498974075970647,0.21088142121312545,-0.45015288263234604,20.0,0.0,0.0,20.0,0.0,0.0,0.0
欧美开盘区间突破空头,开盘突破,8f89911d444a7852,REJECTED,2025-12,79,True,2025-11,98.0,0.20991644626152944,0.21222271520574165,1.5184683684355078,0.920415552849899,0.055558389950371594,0.30610366551761964,-0.2752137266474847,0.3018310299583352,-0.28352332579072703,17.0,0.0,0.0,17.0,0.0,0.0,0.0
欧美开盘区间突破空头,开盘突破,8f89911d444a7852,REJECTED,2026-01,102,True,2025-12,79.0,0.19393112255222716,0.19501897622706965,1.5218830851019607,0.9672241770051433,0.06187983455093132,0.2658235325905416,-0.41146726516831833,0.26440077492357394,-0.4141253206695319,20.0,0.0,0.0,20.0,0.0,0.0,0.0
欧美开盘区间突破空头,开盘突破,8f89911d444a7852,REJECTED,2026-02,79,True,2026-01,102.0,0.1628440192782738,0.16256021754893463,1.4230523480350343,0.9385281217030512,0.05445811486371709,0.20584018817329694,-0.5472108050352159,0.2161978871133255,-0.5292793264505674,29.0,0.0,0.0,29.0,0.0,0.0,0.0
欧美开盘区间突破空头,开盘突破,8f89911d444a7852,REJECTED,2026-03,90,True,2026-02,79.0,0.18147934667005294,0.18262718309328912,1.5372782101540243,0.7724474105425175,0.06187983455093132,0.24048857824033548,-0.3214556206327094,0.24510678796823973,-0.31339631284296443,22.0,0.0,0.0,22.0,0.0,0.0,0.0
欧美开盘区间突破空头,开盘突破,8f89911d444a7852,REJECTED,2026-04,69,True,2026-03,90.0,0.20363769590795766,0.20868688924075096,1.507422352881814,0.9380282029276675,0.05797509043642029,0.3000071152760079,-0.30747953982328224,0.2801194462732192,-0.34544377563635953,6.0,0.0,0.0,6.0,0.0,0.0,0.0
欧美开盘区间突破空头,开盘突破,8f89911d444a7852,REJECTED,2026-05,89,True,2026-04,69.0,0.1719088211487498,0.17778553007326614,1.501280243950042,0.9941334192270934,0.06621221919717307,0.23190836494749953,-0.523130587784071,0.24663556289548147,-0.49534892151898485,21.0,0.0,0.0,21.0,0.0,0.0,0.0
BTC强于ETH且溢价回落空头,跨资产衍生品,ad7bf81694ad15d4,REJECTED,2025-05,7,False,,,,,,,,,,,,,,,,,,
BTC强于ETH且溢价回落空头,跨资产衍生品,ad7bf81694ad15d4,REJECTED,2025-06,4,False,,,,,,,,,,,,,,,,,,
BTC强于ETH且溢价回落空头,跨资产衍生品,ad7bf81694ad15d4,REJECTED,2025-07,3,False,,,,,,,,,,,,,,,,,,
BTC强于ETH且溢价回落空头,跨资产衍生品,ad7bf81694ad15d4,REJECTED,2025-08,7,False,,,,,,,,,,,,,,,,,,
BTC强于ETH且溢价回落空头,跨资产衍生品,ad7bf81694ad15d4,REJECTED,2025-09,4,False,,,,,,,,,,,,,,,,,,
BTC强于ETH且溢价回落空头,跨资产衍生品,ad7bf81694ad15d4,REJECTED,2025-10,11,False,,,,,,,,,,,,,,,,,,
BTC强于ETH且溢价回落空头,跨资产衍生品,ad7bf81694ad15d4,REJECTED,2025-11,5,False,,,,,,,,,,,,,,,,,,
BTC强于ETH且溢价回落空头,跨资产衍生品,ad7bf81694ad15d4,REJECTED,2025-12,7,False,,,,,,,,,,,,,,,,,,
BTC强于ETH且溢价回落空头,跨资产衍生品,ad7bf81694ad15d4,REJECTED,2026-01,5,False,,,,,,,,,,,,,,,,,,
BTC强于ETH且溢价回落空头,跨资产衍生品,ad7bf81694ad15d4,REJECTED,2026-02,3,False,,,,,,,,,,,,,,,,,,
BTC强于ETH且溢价回落空头,跨资产衍生品,ad7bf81694ad15d4,REJECTED,2026-03,1,False,,,,,,,,,,,,,,,,,,
BTC强于ETH且溢价回落空头,跨资产衍生品,ad7bf81694ad15d4,REJECTED,2026-04,0,False,,,,,,,,,,,,,,,,,,
BTC强于ETH且溢价回落空头,跨资产衍生品,ad7bf81694ad15d4,REJECTED,2026-05,2,False,,,,,,,,,,,,,,,,,,
BTC强于ETH且主动卖盘空头,跨资产订单流,16e8ea0e0b751d8b,REJECTED,2025-05,36,True,2025-04,58.0,0.143646900067171,0.15233547566576888,1.7427714509768384,1.002179777659078,0.07221853807284741,0.18968225714937256,-0.5916557180532103,0.19913836980626543,-0.5708067255590907,10.0,0.0,0.0,10.0,0.0,0.0,0.0
BTC强于ETH且主动卖盘空头,跨资产订单流,16e8ea0e0b751d8b,REJECTED,2025-06,40,True,2025-05,36.0,0.119438876922718,0.11923655680215986,1.7147316127744818,0.9561608343754635,0.09166666666666667,0.1388784049619947,-0.7114142950135575,0.13931725423977795,-0.7117573918118607,10.0,0.0,0.0,10.0,0.0,0.0,0.0
BTC强于ETH且主动卖盘空头,跨资产订单流,16e8ea0e0b751d8b,REJECTED,2025-07,11,True,2025-06,40.0,0.19934809376289422,0.19820784608173933,1.7212237229844616,0.817714689010254,0.08696263565463043,0.2750008190230284,-0.25112014572673147,0.2737658316032134,-0.2549979721599497,1.0,0.0,0.0,1.0,0.0,0.0,0.0
BTC强于ETH且主动卖盘空头,跨资产订单流,16e8ea0e0b751d8b,REJECTED,2025-08,20,False,,,,,,,,,,,,,,,,,,
BTC强于ETH且主动卖盘空头,跨资产订单流,16e8ea0e0b751d8b,REJECTED,2025-09,25,True,2025-08,20.0,0.1599731858312709,0.1596683209646638,1.7188240508939912,1.1157304369533723,0.12298373876248844,0.20007750117082698,-0.7116330061018364,0.19961733068115323,-0.7131775665386186,2.0,0.0,0.0,2.0,0.0,0.0,0.0
BTC强于ETH且主动卖盘空头,跨资产订单流,16e8ea0e0b751d8b,REJECTED,2025-10,38,True,2025-09,25.0,0.07320090303760797,0.0735623276259645,1.7147840431003587,0.6633092928935657,0.11000000000000001,0.08001160582654228,-0.6101439547110764,0.08413285895007594,-0.6028581312408147,14.0,0.0,0.0,14.0,0.0,0.0,0.0
BTC强于ETH且主动卖盘空头,跨资产订单流,16e8ea0e0b751d8b,REJECTED,2025-11,44,True,2025-10,38.0,0.2056649826817123,0.20436689353949872,1.562915886747094,0.9133544385624056,0.0892217816219194,0.2894750698716064,-0.3311356127855757,0.28929953111208856,-0.3323082594634259,7.0,0.0,0.0,7.0,0.0,0.0,0.0
BTC强于ETH且主动卖盘空头,跨资产订单流,16e8ea0e0b751d8b,REJECTED,2025-12,33,True,2025-11,44.0,0.21688798352324978,0.21577716469003105,1.761175541696544,0.8216086987854319,0.082915619758885,0.31819154220694146,-0.12933237408074805,0.3189521919493558,-0.12910041802206998,10.0,0.0,0.0,10.0,0.0,0.0,0.0
BTC强于ETH且主动卖盘空头,跨资产订单流,16e8ea0e0b751d8b,REJECTED,2026-01,21,True,2025-12,33.0,0.19831134510527756,0.19832797758764273,1.774071816188628,1.0890110146135343,0.09574271077563382,0.2727212631627429,-0.44846869235393694,0.2713321702112701,-0.45175792030092043,1.0,0.0,0.0,1.0,0.0,0.0,0.0
BTC强于ETH且主动卖盘空头,跨资产订单流,16e8ea0e0b751d8b,REJECTED,2026-02,45,True,2026-01,21.0,0.12164022405201189,0.12199102560400552,1.715049000245363,0.8451496316981608,0.12001983962979583,0.14286040971628816,-0.6343263631785553,0.13488164771904004,-0.6499117447078177,5.0,0.0,0.0,5.0,0.0,0.0,0.0
BTC强于ETH且主动卖盘空头,跨资产订单流,16e8ea0e0b751d8b,REJECTED,2026-03,28,True,2026-02,45.0,0.20072140473628247,0.21172546879442128,1.7664501912086656,0.8120734930703712,0.08198915917499229,0.3111069956292699,-0.13666948142225283,0.30907913186739727,-0.14069659355284775,4.0,0.0,4.0,0.0,4.0,0.0,0.0
BTC强于ETH且主动卖盘空头,跨资产订单流,16e8ea0e0b751d8b,REJECTED,2026-04,31,True,2026-03,28.0,0.22616740319622977,0.24324635231437383,1.7538951288145326,0.973508548245218,0.10394023007753748,0.4285740613175791,0.04387931639156994,0.4120297517106601,0.008789907558044608,4.0,0.0,4.0,0.0,4.0,4.0,3.0
BTC强于ETH且主动卖盘空头,跨资产订单流,16e8ea0e0b751d8b,REJECTED,2026-05,18,True,2026-04,31.0,0.21756171930289187,0.21455565862525286,1.7239857077021736,0.9593563906681725,0.09878291611472621,0.3225755484990697,-0.2391856207418628,0.3307426424353015,-0.22228443244405682,6.0,0.0,0.0,6.0,0.0,0.0,0.0
BTC强于ETH欧美盘修复空头,跨资产时段,d9d64c6080c7757b,REJECTED,2025-05,10,True,2025-04,16.0,0.20903939755556547,0.2138993633098135,1.7627682572267005,0.8105393888534776,0.1375,0.3125003457300811,-0.18958854939793596,0.0,0.0,0.0,0.0,0.0,0.0,0.0,0.0,0.0
BTC强于ETH欧美盘修复空头,跨资产时段,d9d64c6080c7757b,REJECTED,2025-06,7,False,,,,,,,,,,,,,,,,,,
BTC强于ETH欧美盘修复空头,跨资产时段,d9d64c6080c7757b,REJECTED,2025-07,1,False,,,,,,,,,,,,,,,,,,
BTC强于ETH欧美盘修复空头,跨资产时段,d9d64c6080c7757b,REJECTED,2025-08,4,False,,,,,,,,,,,,,,,,,,
BTC强于ETH欧美盘修复空头,跨资产时段,d9d64c6080c7757b,REJECTED,2025-09,8,False,,,,,,,,,,,,,,,,,,
BTC强于ETH欧美盘修复空头,跨资产时段,d9d64c6080c7757b,REJECTED,2025-10,19,False,,,,,,,,,,,,,,,,,,
BTC强于ETH欧美盘修复空头,跨资产时段,d9d64c6080c7757b,REJECTED,2025-11,19,True,2025-10,19.0,0.192151060150385,0.1934190228327736,1.714816497129331,1.1947000709658495,0.12617865362880898,0.26315539013303857,-0.5990526021305728,0.27740206172825915,-0.5686490510697815,8.0,0.0,0.0,8.0,0.0,0.0,0.0
BTC强于ETH欧美盘修复空头,跨资产时段,d9d64c6080c7757b,REJECTED,2025-12,13,True,2025-11,19.0,0.24562525635133559,0.24696883871008057,1.8137874322658791,0.47503974723899367,0.12617865362880898,0.47365539033846177,0.4333528020209614,0.4846553053268134,0.4528232930392179,5.0,0.0,5.0,0.0,5.0,5.0,3.0
BTC强于ETH欧美盘修复空头,跨资产时段,d9d64c6080c7757b,REJECTED,2026-01,10,True,2025-12,13.0,0.1282877656601315,0.13000247122869302,1.714630856535547,1.1609266920604757,0.15254255396193803,0.15385354726517858,-0.9068771218615923,0.0,0.0,0.0,0.0,0.0,0.0,0.0,0.0,0.0
BTC强于ETH欧美盘修复空头,跨资产时段,d9d64c6080c7757b,REJECTED,2026-02,20,False,,,,,,,,,,,,,,,,,,
BTC强于ETH欧美盘修复空头,跨资产时段,d9d64c6080c7757b,REJECTED,2026-03,16,True,2026-02,20.0,0.15987602586133348,0.15995364474552082,1.8020782550196692,0.8854985045483847,0.12298373876248844,0.20004945478511343,-0.5108836960987577,0.201353976498228,-0.508087749572625,5.0,0.0,0.0,5.0,0.0,0.0,0.0
BTC强于ETH欧美盘修复空头,跨资产时段,d9d64c6080c7757b,REJECTED,2026-04,8,True,2026-03,16.0,0.21470130236408863,0.21369805448030876,1.7351369642588481,0.8530227812248732,0.1375,0.31250061692567593,-0.22804586218062434,0.0,0.0,0.0,0.0,0.0,0.0,0.0,0.0,0.0
BTC强于ETH欧美盘修复空头,跨资产时段,d9d64c6080c7757b,REJECTED,2026-05,8,False,,,,,,,,,,,,,,,,,,
ETH先跌BTC滞后补跌空头,跨资产领先滞后,1988519d498cd703,REJECTED,2025-05,722,True,2025-04,685.0,0.17999526056713067,0.18111254332229337,1.743777864206016,0.884244872164609,0.02101441979727393,0.2379752919398066,-0.3223512484989028,0.2450315578783671,-0.3078246563465022,143.0,0.0,0.0,143.0,0.0,0.0,0.0
ETH先跌BTC滞后补跌空头,跨资产领先滞后,1988519d498cd703,REJECTED,2025-06,611,True,2025-05,722.0,0.19239025075344107,0.19217329157052124,1.718166743586051,0.888014301385661,0.02046888050803164,0.2604068491168267,-0.27366551602594646,0.26038359338172634,-0.27570806178737156,102.0,0.0,0.0,102.0,0.0,0.0,0.0
ETH先跌BTC滞后补跌空头,跨资产领先滞后,1988519d498cd703,REJECTED,2025-07,200,True,2025-06,611.0,0.17021763906609802,0.1706996707055606,1.716183673725212,0.8857957671403914,0.022250618336725213,0.21931420712431463,-0.3786448076388113,0.21759527784715949,-0.37866022103983527,43.0,0.0,0.0,43.0,0.0,0.0,0.0
ETH先跌BTC滞后补跌空头,跨资产领先滞后,1988519d498cd703,REJECTED,2025-08,730,True,2025-07,200.0,0.1656061311144008,0.16536312624197508,1.674112171034682,0.8365058200801219,0.038890872965260115,0.20997841974618928,-0.38889078329972065,0.21173073893493868,-0.38380748486245453,174.0,0.0,0.0,174.0,0.0,0.0,0.0
ETH先跌BTC滞后补跌空头,跨资产领先滞后,1988519d498cd703,REJECTED,2025-09,479,True,2025-08,730.0,0.18150069929992232,0.18050720751500593,1.7060155211464092,0.87784662899439,0.020356413280434145,0.23830758312858571,-0.32502329056432694,0.23731486353572734,-0.32526050219366837,92.0,0.0,0.0,92.0,0.0,0.0,0.0
ETH先跌BTC滞后补跌空头,跨资产领先滞后,1988519d498cd703,REJECTED,2025-10,523,True,2025-09,479.0,0.18151908362464678,0.18571313756553773,1.6624055141628342,0.9192690376886414,0.025130141431172464,0.2505635083875843,-0.3402125601006994,0.24485835060946062,-0.35229798194472756,87.0,0.0,0.0,87.0,0.0,0.0,0.0
ETH先跌BTC滞后补跌空头,跨资产领先滞后,1988519d498cd703,REJECTED,2025-11,671,True,2025-10,523.0,0.20064637293319673,0.20108654096405149,1.7054788808093297,0.9132341270208924,0.024049820819564433,0.279182285102819,-0.25094575870354374,0.2811022989379648,-0.24552471760094888,152.0,0.0,0.0,152.0,0.0,0.0,0.0
ETH先跌BTC滞后补跌空头,跨资产领先滞后,1988519d498cd703,REJECTED,2025-12,328,True,2025-11,671.0,0.19621213042741878,0.19490715818157872,1.7502367440216617,0.8093600384405915,0.021232514503260032,0.2682947097893048,-0.18813921829809918,0.2680862360589077,-0.19594493357204434,34.0,0.0,0.0,34.0,0.0,0.0,0.0
ETH先跌BTC滞后补跌空头,跨资产领先滞后,1988519d498cd703,REJECTED,2026-01,328,True,2025-12,328.0,0.19302786417436696,0.18840070375826673,1.739453134646041,0.8564723760510442,0.0303686696705828,0.2622349982776274,-0.25005626980383294,0.2602511701331504,-0.26052450901919294,66.0,0.0,0.0,66.0,0.0,0.0,0.0
ETH先跌BTC滞后补跌空头,跨资产领先滞后,1988519d498cd703,REJECTED,2026-02,548,True,2026-01,328.0,0.18271741857751853,0.18229772047048032,1.7331478999266234,0.8999704295265061,0.0303686696705828,0.24090607401465222,-0.33876941536912897,0.24014075471294602,-0.33877489041425096,87.0,0.0,0.0,87.0,0.0,0.0,0.0
ETH先跌BTC滞后补跌空头,跨资产领先滞后,1988519d498cd703,REJECTED,2026-03,346,True,2026-02,548.0,0.20956554837289482,0.20782654112529186,1.6781312671970037,0.8737746928343281,0.023494835587210928,0.3029170500470259,-0.17006693929338804,0.3031770937784261,-0.18398557490914738,54.0,0.0,13.0,41.0,13.0,3.0,2.0
ETH先跌BTC滞后补跌空头,跨资产领先滞后,1988519d498cd703,REJECTED,2026-04,194,True,2026-03,346.0,0.17581898092456627,0.17589407044948688,1.725453673759674,0.8233151301043296,0.02956818318137587,0.2282833369993842,-0.31289834103354147,0.23063457201412102,-0.308987469563082,48.0,0.0,0.0,48.0,0.0,0.0,0.0
ETH先跌BTC滞后补跌空头,跨资产领先滞后,1988519d498cd703,REJECTED,2026-05,137,True,2026-04,194.0,0.19835352449686647,0.19724984444312788,1.72621106610068,0.9536215669008933,0.039487698723975596,0.2731989657140272,-0.305518601561024,0.27575423957548234,-0.3033760040345876,32.0,0.0,0.0,32.0,0.0,0.0,0.0
BTC弱于ETH且溢价回升多头,跨资产衍生品,d9882e2d61ed9961,REJECTED,2025-05,2,False,,,,,,,,,,,,,,,,,,
BTC弱于ETH且溢价回升多头,跨资产衍生品,d9882e2d61ed9961,REJECTED,2025-06,1,False,,,,,,,,,,,,,,,,,,
BTC弱于ETH且溢价回升多头,跨资产衍生品,d9882e2d61ed9961,REJECTED,2025-07,0,False,,,,,,,,,,,,,,,,,,
BTC弱于ETH且溢价回升多头,跨资产衍生品,d9882e2d61ed9961,REJECTED,2025-08,4,False,,,,,,,,,,,,,,,,,,
BTC弱于ETH且溢价回升多头,跨资产衍生品,d9882e2d61ed9961,REJECTED,2025-09,0,False,,,,,,,,,,,,,,,,,,
BTC弱于ETH且溢价回升多头,跨资产衍生品,d9882e2d61ed9961,REJECTED,2025-10,8,False,,,,,,,,,,,,,,,,,,
BTC弱于ETH且溢价回升多头,跨资产衍生品,d9882e2d61ed9961,REJECTED,2025-11,3,False,,,,,,,,,,,,,,,,,,
BTC弱于ETH且溢价回升多头,跨资产衍生品,d9882e2d61ed9961,REJECTED,2025-12,3,False,,,,,,,,,,,,,,,,,,
BTC弱于ETH且溢价回升多头,跨资产衍生品,d9882e2d61ed9961,REJECTED,2026-01,2,False,,,,,,,,,,,,,,,,,,
BTC弱于ETH且溢价回升多头,跨资产衍生品,d9882e2d61ed9961,REJECTED,2026-02,2,False,,,,,,,,,,,,,,,,,,
BTC弱于ETH且溢价回升多头,跨资产衍生品,d9882e2d61ed9961,REJECTED,2026-03,5,False,,,,,,,,,,,,,,,,,,
BTC弱于ETH且溢价回升多头,跨资产衍生品,d9882e2d61ed9961,REJECTED,2026-04,4,False,,,,,,,,,,,,,,,,,,
BTC弱于ETH且溢价回升多头,跨资产衍生品,d9882e2d61ed9961,REJECTED,2026-05,0,False,,,,,,,,,,,,,,,,,,
ETH先涨BTC滞后补涨多头,跨资产领先滞后,6387acc3c2ec918d,REJECTED,2025-05,774,True,2025-04,623.0,0.1896432018646374,0.18903527153341346,1.733157151343208,0.867697356338696,0.02203528470591261,0.25523272200963315,-0.2694675464947705,0.2574149965638539,-0.2662074738559755,160.0,0.0,0.0,160.0,0.0,0.0,0.0
ETH先涨BTC滞后补涨多头,跨资产领先滞后,6387acc3c2ec918d,REJECTED,2025-06,628,True,2025-05,774.0,0.18047965799987212,0.18011078640967662,1.7157147177324648,0.950115902045637,0.01976934175396371,0.23643289362287292,-0.3820292889224308,0.23727767263986022,-0.3826032707351848,124.0,0.0,0.0,124.0,0.0,0.0,0.0
ETH先涨BTC滞后补涨多头,跨资产领先滞后,6387acc3c2ec918d,REJECTED,2025-07,187,True,2025-06,628.0,0.17213315158641077,0.1692211887196049,1.6753221550264603,0.8628684005352028,0.021947389322859612,0.22130175401474966,-0.36458109200386607,0.2197140819040339,-0.37899678218133037,28.0,0.0,0.0,28.0,0.0,0.0,0.0
ETH先涨BTC滞后补涨多头,跨资产领先滞后,6387acc3c2ec918d,REJECTED,2025-08,734,True,2025-07,187.0,0.20758107847513818,0.20567160133725412,1.7127658551154838,0.9486239238391492,0.040219983326992184,0.2941192504597281,-0.25165097952355864,0.2932140152880264,-0.261152144081713,75.0,0.0,0.0,75.0,0.0,0.0,0.0
ETH先涨BTC滞后补涨多头,跨资产领先滞后,6387acc3c2ec918d,REJECTED,2025-09,448,True,2025-08,734.0,0.14966507407074844,0.15118543194950232,1.682753765363226,0.9351802583438715,0.020300870439452962,0.18658966149466574,-0.5056292605242142,0.1876308518426257,-0.5036798797466664,118.0,0.0,0.0,118.0,0.0,0.0,0.0
ETH先涨BTC滞后补涨多头,跨资产领先滞后,6387acc3c2ec918d,REJECTED,2025-10,498,True,2025-09,448.0,0.1473015155640133,0.14796532974053764,1.7033313701826267,0.9172590307012516,0.02598505751938437,0.1807289567275931,-0.5079246966140352,0.17918584653625233,-0.5111686297673913,95.0,0.0,0.0,95.0,0.0,0.0,0.0
ETH先涨BTC滞后补涨多头,跨资产领先滞后,6387acc3c2ec918d,REJECTED,2025-11,612,True,2025-10,498.0,0.18798782524738986,0.18766634997628004,1.7218785298739991,0.9032010682119206,0.024646089322152148,0.25101269755678834,-0.3122599579751674,0.25027045373838436,-0.3150897744602601,87.0,0.0,0.0,87.0,0.0,0.0,0.0
ETH先涨BTC滞后补涨多头,跨资产领先滞后,6387acc3c2ec918d,REJECTED,2025-12,338,True,2025-11,612.0,0.16332805393640723,0.16267308571851466,1.7389015002890291,0.877166618049325,0.022232432294997193,0.20583214250164875,-0.4013023739194853,0.20462000747133474,-0.39984356824186357,80.0,0.0,0.0,80.0,0.0,0.0,0.0
ETH先涨BTC滞后补涨多头,跨资产领先滞后,6387acc3c2ec918d,REJECTED,2026-01,269,True,2025-12,338.0,0.1624144057962068,0.1607320975088612,1.7239319870273693,0.9235107299872197,0.02991605612712317,0.2041249938067494,-0.45331401605806027,0.2041899117871776,-0.45296667925868117,48.0,0.0,0.0,48.0,0.0,0.0,0.0
ETH先涨BTC滞后补涨多头,跨资产领先滞后,6387acc3c2ec918d,REJECTED,2026-02,487,True,2026-01,269.0,0.15691141377336015,0.15806785668061105,1.736196100465172,0.8932840698764125,0.03353409184673308,0.19700853855798212,-0.4483882686933045,0.19986338070949802,-0.4422124273960803,109.0,0.0,0.0,109.0,0.0,0.0,0.0
ETH先涨BTC滞后补涨多头,跨资产领先滞后,6387acc3c2ec918d,REJECTED,2026-03,379,True,2026-02,487.0,0.17708598835621064,0.17706414344037066,1.7199978509571605,0.8497504416981865,0.024922878993619408,0.2299040677075528,-0.3258601890290895,0.22969645008564504,-0.32578026068610655,83.0,0.0,0.0,83.0,0.0,0.0,0.0
ETH先涨BTC滞后补涨多头,跨资产领先滞后,6387acc3c2ec918d,REJECTED,2026-04,230,True,2026-03,379.0,0.18370987515887946,0.18373332492908725,1.7316507151745084,0.9123518247610258,0.028251602331563277,0.24276696211110366,-0.3415610651673824,0.24463407954008215,-0.33834569000513254,59.0,0.0,0.0,59.0,0.0,0.0,0.0
ETH先涨BTC滞后补涨多头,跨资产领先滞后,6387acc3c2ec918d,REJECTED,2026-05,133,True,2026-04,230.0,0.20040614580496136,0.20367566345919244,1.723610241748468,0.8892318439030364,0.03626592603676829,0.2869994872971836,-0.22043615751963783,0.28472291281732753,-0.22332260805342508,26.0,0.0,5.0,21.0,5.0,2.0,1.0
跨资产背离后VWAP失守空头,跨资产VWAP,47d7edd201629376,REJECTED,2025-05,1,False,,,,,,,,,,,,,,,,,,
跨资产背离后VWAP失守空头,跨资产VWAP,47d7edd201629376,REJECTED,2025-06,0,False,,,,,,,,,,,,,,,,,,
跨资产背离后VWAP失守空头,跨资产VWAP,47d7edd201629376,REJECTED,2025-07,0,False,,,,,,,,,,,,,,,,,,
跨资产背离后VWAP失守空头,跨资产VWAP,47d7edd201629376,REJECTED,2025-08,0,False,,,,,,,,,,,,,,,,,,
跨资产背离后VWAP失守空头,跨资产VWAP,47d7edd201629376,REJECTED,2025-09,4,False,,,,,,,,,,,,,,,,,,
跨资产背离后VWAP失守空头,跨资产VWAP,47d7edd201629376,REJECTED,2025-10,1,False,,,,,,,,,,,,,,,,,,
跨资产背离后VWAP失守空头,跨资产VWAP,47d7edd201629376,REJECTED,2025-11,2,False,,,,,,,,,,,,,,,,,,
跨资产背离后VWAP失守空头,跨资产VWAP,47d7edd201629376,REJECTED,2025-12,4,False,,,,,,,,,,,,,,,,,,
跨资产背离后VWAP失守空头,跨资产VWAP,47d7edd201629376,REJECTED,2026-01,2,False,,,,,,,,,,,,,,,,,,
跨资产背离后VWAP失守空头,跨资产VWAP,47d7edd201629376,REJECTED,2026-02,4,False,,,,,,,,,,,,,,,,,,
跨资产背离后VWAP失守空头,跨资产VWAP,47d7edd201629376,REJECTED,2026-03,2,False,,,,,,,,,,,,,,,,,,
跨资产背离后VWAP失守空头,跨资产VWAP,47d7edd201629376,REJECTED,2026-04,2,False,,,,,,,,,,,,,,,,,,
跨资产背离后VWAP失守空头,跨资产VWAP,47d7edd201629376,REJECTED,2026-05,0,False,,,,,,,,,,,,,,,,,,
跨资产背离后VWAP收回多头,跨资产VWAP,1d3bb2983569000d,REJECTED,2025-05,3,False,,,,,,,,,,,,,,,,,,
跨资产背离后VWAP收回多头,跨资产VWAP,1d3bb2983569000d,REJECTED,2025-06,2,False,,,,,,,,,,,,,,,,,,
跨资产背离后VWAP收回多头,跨资产VWAP,1d3bb2983569000d,REJECTED,2025-07,0,False,,,,,,,,,,,,,,,,,,
跨资产背离后VWAP收回多头,跨资产VWAP,1d3bb2983569000d,REJECTED,2025-08,1,False,,,,,,,,,,,,,,,,,,
跨资产背离后VWAP收回多头,跨资产VWAP,1d3bb2983569000d,REJECTED,2025-09,1,False,,,,,,,,,,,,,,,,,,
跨资产背离后VWAP收回多头,跨资产VWAP,1d3bb2983569000d,REJECTED,2025-10,6,False,,,,,,,,,,,,,,,,,,
跨资产背离后VWAP收回多头,跨资产VWAP,1d3bb2983569000d,REJECTED,2025-11,8,False,,,,,,,,,,,,,,,,,,
跨资产背离后VWAP收回多头,跨资产VWAP,1d3bb2983569000d,REJECTED,2025-12,3,False,,,,,,,,,,,,,,,,,,
跨资产背离后VWAP收回多头,跨资产VWAP,1d3bb2983569000d,REJECTED,2026-01,2,False,,,,,,,,,,,,,,,,,,
跨资产背离后VWAP收回多头,跨资产VWAP,1d3bb2983569000d,REJECTED,2026-02,4,False,,,,,,,,,,,,,,,,,,
跨资产背离后VWAP收回多头,跨资产VWAP,1d3bb2983569000d,REJECTED,2026-03,6,False,,,,,,,,,,,,,,,,,,
跨资产背离后VWAP收回多头,跨资产VWAP,1d3bb2983569000d,REJECTED,2026-04,3,False,,,,,,,,,,,,,,,,,,
跨资产背离后VWAP收回多头,跨资产VWAP,1d3bb2983569000d,REJECTED,2026-05,1,False,,,,,,,,,,,,,,,,,,
趋势回踩重新站稳多头,趋势回踩,e024946a7a7bbea6,CANDIDATE,2026-06,210,True,2026-05,269.0,0.2443522374763252,0.24679031681575894,1.712568600461581,0.9285905898472069,0.03353409184673308,0.45726070805333197,0.19608872261347932,0.4395390662122487,0.15858740872904728,23.0,0.0,23.0,0.0,23.0,23.0,3.0
趋势反抽失败空头,趋势回踩,da51c7f197a1b096,CANDIDATE,2026-06,347,True,2026-05,299.0,0.1939120650284406,0.19486180538996842,1.714535408177032,0.8751466112836905,0.031807321258143215,0.26757063521818925,-0.25808846021869253,0.26501852563366246,-0.2634613487808423,15.0,0.0,0.0,15.0,0.0,0.0,0.0
BTC强于ETH背离修复空头,跨资产背离,fca571982b7c88a0,CANDIDATE,2026-06,28,False,,,,,,,,,,,,,,,,,,
