rank,score_train_only,diagnostic_qualified,family,direction,train_trades,train_win_rate,train_ratio,test_trades,test_win_rate,test_ratio,total_net_R,max_drawdown_R,first_half_trades,first_half_win_rate,first_half_net_R,second_half_trades,second_half_win_rate,second_half_net_R,config
1,109.0337299411349,False,趋势回踩,双向,20.0,0.55,1.5155602177296574,28.0,0.35714285714285715,1.4799853428694838,4.386995039831781,2.3312031476411725,8.0,0.5,2.657129751458795,12.0,0.5833333333333334,5.338079690654962,"{""family_mask"": 1, ""direction"": 0, ""rr"": 2.6, ""sl_atr"": 1.1989535700724812, ""min_stop_pct"": 0.0060734488502322635, ""max_hold"": 144, ""cooldown"": 13, ""session_start"": 0, ""session_end"": 24, ""weekday_mask"": 124, ""adx_trend_min"": 15.134276641937554, ""adx_range_max"": 21.120180835919935, ""rsi_long_min"": 49.274735022457165, ""rsi_long_max"": 64.28614792680698, ""volz_break"": 0.7564076415353396, ""body_min"": 0.627185558768545, ""close_loc_min"": 0.6258898973239156, ""eff_min"": 0.19990119629563857, ""atr_rank_min"": 0.4013058022673571, ""squeeze_rank_max"": 0.14621163024337405, ""vwap_dev_entry"": 0.6849470579451764, ""pull_idx"": 4, ""don_idx"": 0, ""trail_trigger"": 2.0206242408583326, ""trail_lock"": 1.8489215615513905}"
2,66.808900612091,False,趋势回踩+压缩突破,双向,26.0,0.5384615384615384,1.4928687216918537,33.0,0.2727272727272727,1.5260938866577582,-1.3052122791099527,4.348635361485853,13.0,0.46153846153846156,1.6481183551585001,13.0,0.6153846153846154,9.385569979909985,"{""family_mask"": 3, ""direction"": 0, ""rr"": 2.8, ""sl_atr"": 2.17586990698088, ""min_stop_pct"": 0.0039929536655600225, ""max_hold"": 432, ""cooldown"": 17, ""session_start"": 0, ""session_end"": 24, ""weekday_mask"": 62, ""adx_trend_min"": 27.523891196308593, ""adx_range_max"": 20.778611753030532, ""rsi_long_min"": 44.17560866346891, ""rsi_long_max"": 75.16660945388905, ""volz_break"": 1.3149501594276396, ""body_min"": 0.2805927111131381, ""close_loc_min"": 0.591000134755124, ""eff_min"": 0.20365820369466267, ""atr_rank_min"": 0.5227448753127091, ""squeeze_rank_max"": 0.48200799944200984, ""vwap_dev_entry"": 2.053650011041408, ""pull_idx"": 2, ""don_idx"": 0, ""trail_trigger"": 1.9881400562713079, ""trail_lock"": 1.8176306709776187}"
3,24.278732031988582,False,趋势回踩+压缩突破,双向,21.0,0.5238095238095238,1.5965135614848063,26.0,0.3076923076923077,1.6925466029775587,3.520395938230772,4.532390163106588,9.0,0.5555555555555556,4.991393760432251,12.0,0.5,3.5781906916444575,"{""family_mask"": 3, ""direction"": 0, ""rr"": 2.2, ""sl_atr"": 1.2877279695455817, ""min_stop_pct"": 0.007532768822748031, ""max_hold"": 432, ""cooldown"": 27, ""session_start"": 0, ""session_end"": 24, ""weekday_mask"": 62, ""adx_trend_min"": 25.702282006763838, ""adx_range_max"": 15.780238858699146, ""rsi_long_min"": 48.14491410646795, ""rsi_long_max"": 70.62299507810127, ""volz_break"": 1.106071562223838, ""body_min"": 0.32314416686686787, ""close_loc_min"": 0.5953244145397997, ""eff_min"": 0.18793924095821696, ""atr_rank_min"": 0.41863779443231264, ""squeeze_rank_max"": 0.5415364032858525, ""vwap_dev_entry"": 2.2906851729834026, ""pull_idx"": 5, ""don_idx"": 1, ""trail_trigger"": 1.9066257706779985, ""trail_lock"": 1.79452692639608}"
4,11.793338208525356,False,趋势回踩,双向,20.0,0.55,1.4579049068669958,23.0,0.43478260869565216,1.39072135652457,10.280662560259668,3.802042866358309,11.0,0.45454545454545453,1.193078650336868,9.0,0.6666666666666666,7.984005809073794,"{""family_mask"": 1, ""direction"": 0, ""rr"": 2.4, ""sl_atr"": 1.859758277017275, ""min_stop_pct"": 0.003068021757361281, ""max_hold"": 432, ""cooldown"": 28, ""session_start"": 0, ""session_end"": 24, ""weekday_mask"": 62, ""adx_trend_min"": 17.894172762881887, ""adx_range_max"": 16.92809678742493, ""rsi_long_min"": 42.828465250724975, ""rsi_long_max"": 73.4624514880917, ""volz_break"": -0.2016290252169038, ""body_min"": 0.27818989646541586, ""close_loc_min"": 0.8614879445478241, ""eff_min"": 0.4423579336790872, ""atr_rank_min"": 0.5842448222315789, ""squeeze_rank_max"": 0.34355528629495324, ""vwap_dev_entry"": 1.7737996562259524, ""pull_idx"": 4, ""don_idx"": 0, ""trail_trigger"": 2.0780183620723514, ""trail_lock"": 1.754969553089141}"
5,-61.80922324331827,False,趋势回踩+压缩突破,双向,21.0,0.5714285714285714,1.30410476652606,18.0,0.4444444444444444,1.3253109386047248,9.193750776700282,2.5927039551125577,12.0,0.5,2.2682800575624915,9.0,0.6666666666666666,6.214326145206615,"{""family_mask"": 3, ""direction"": 0, ""rr"": 2.4, ""sl_atr"": 2.5568784218871157, ""min_stop_pct"": 0.0030580901533796734, ""max_hold"": 576, ""cooldown"": 12, ""session_start"": 0, ""session_end"": 24, ""weekday_mask"": 62, ""adx_trend_min"": 17.686559276798544, ""adx_range_max"": 14.505743590670678, ""rsi_long_min"": 41.61202404525641, ""rsi_long_max"": 68.11200963869788, ""volz_break"": 0.4805854307963861, ""body_min"": 0.41678405274615643, ""close_loc_min"": 0.8619337712470323, ""eff_min"": 0.4497636095971033, ""atr_rank_min"": 0.6838387770435626, ""squeeze_rank_max"": 0.5353865159277451, ""vwap_dev_entry"": 0.9595574640936367, ""pull_idx"": 4, ""don_idx"": 0, ""trail_trigger"": 1.9202352768402045, ""trail_lock"": 1.7524532226787792}"
6,-101.5049909720363,False,趋势回踩,双向,24.0,0.5,1.5564296523838375,32.0,0.375,1.4959357522538688,5.868511650067311,3.471264783867192,11.0,0.45454545454545453,1.472209465614419,13.0,0.5384615384615384,6.9564586181811014,"{""family_mask"": 1, ""direction"": 0, ""rr"": 3.0, ""sl_atr"": 1.1064071616370008, ""min_stop_pct"": 0.003819595451084814, ""max_hold"": 432, ""cooldown"": 8, ""session_start"": 0, ""session_end"": 24, ""weekday_mask"": 127, ""adx_trend_min"": 32.59621945730079, ""adx_range_max"": 19.11192815097659, ""rsi_long_min"": 51.92813967855639, ""rsi_long_max"": 75.84789662696355, ""volz_break"": 0.9145174162916065, ""body_min"": 0.5196905591243681, ""close_loc_min"": 0.6379882866650614, ""eff_min"": 0.2647149761496632, ""atr_rank_min"": 0.7497802661656205, ""squeeze_rank_max"": 0.363725882652331, ""vwap_dev_entry"": 1.2069329860750657, ""pull_idx"": 8, ""don_idx"": 0, ""trail_trigger"": 2.084580760766876, ""trail_lock"": 1.8399386791641694}"
7,-101.65457805000769,False,趋势回踩,双向,24.0,0.5416666666666666,1.3233073216386813,26.0,0.38461538461538464,1.4605116159969809,6.388353125013985,3.829317587258414,13.0,0.5384615384615384,5.550435773490385,11.0,0.5454545454545454,2.4856816067458114,"{""family_mask"": 1, ""direction"": 0, ""rr"": 2.4, ""sl_atr"": 2.76663528407011, ""min_stop_pct"": 0.003059812721389247, ""max_hold"": 144, ""cooldown"": 33, ""session_start"": 0, ""session_end"": 24, ""weekday_mask"": 62, ""adx_trend_min"": 20.376911020934596, ""adx_range_max"": 21.09586511761187, ""rsi_long_min"": 45.23583771913513, ""rsi_long_max"": 67.33564174160152, ""volz_break"": 0.8143182343134465, ""body_min"": 0.2636320081663155, ""close_loc_min"": 0.7750462075778355, ""eff_min"": 0.21230737989589854, ""atr_rank_min"": 0.5087227912934296, ""squeeze_rank_max"": 0.4610913094945242, ""vwap_dev_entry"": 1.8204559884117575, ""pull_idx"": 4, ""don_idx"": 1, ""trail_trigger"": 2.041373629402214, ""trail_lock"": 1.8495081087506886}"
8,-104.65992145924983,False,三策略组合,双向,20.0,0.5,1.8040738213041676,29.0,0.4827586206896552,1.4433305787038258,12.470273820781333,4.215889199625769,10.0,0.5,2.345038759082846,10.0,0.5,4.200354253939828,"{""family_mask"": 7, ""direction"": 0, ""rr"": 2.6, ""sl_atr"": 1.3963587542493205, ""min_stop_pct"": 0.0070442286615549155, ""max_hold"": 144, ""cooldown"": 17, ""session_start"": 0, ""session_end"": 24, ""weekday_mask"": 62, ""adx_trend_min"": 15.98477120725138, ""adx_range_max"": 22.873246937919813, ""rsi_long_min"": 51.889728748889496, ""rsi_long_max"": 64.0450863803023, ""volz_break"": 0.6553335225037815, ""body_min"": 0.3931780427187148, ""close_loc_min"": 0.6700183820300968, ""eff_min"": 0.30962104408364777, ""atr_rank_min"": 0.18231547650043387, ""squeeze_rank_max"": 0.12039469242416803, ""vwap_dev_entry"": 2.270835012784177, ""pull_idx"": 4, ""don_idx"": 0, ""trail_trigger"": 1.938608870405012, ""trail_lock"": 1.8467532168271321}"
9,-108.76523845301,False,三策略组合,双向,20.0,0.55,1.3228458253149935,20.0,0.25,1.5701916142666426,-1.4393653828323938,3.844618138210654,7.0,0.5714285714285714,2.264291366874766,13.0,0.5384615384615384,4.787621888911377,"{""family_mask"": 7, ""direction"": 0, ""rr"": 2.6, ""sl_atr"": 2.462232564810666, ""min_stop_pct"": 0.003558918758858792, ""max_hold"": 216, ""cooldown"": 21, ""session_start"": 0, ""session_end"": 24, ""weekday_mask"": 124, ""adx_trend_min"": 25.011706245870464, ""adx_range_max"": 13.451627224937088, ""rsi_long_min"": 50.94326513159005, ""rsi_long_max"": 70.51679186979379, ""volz_break"": 0.9287160875909797, ""body_min"": 0.30962591247286947, ""close_loc_min"": 0.7693989068703708, ""eff_min"": 0.3896832362889896, ""atr_rank_min"": 0.3756413734699565, ""squeeze_rank_max"": 0.4149211367308188, ""vwap_dev_entry"": 2.061451382753223, ""pull_idx"": 5, ""don_idx"": 1, ""trail_trigger"": 1.9581643821347288, ""trail_lock"": 1.7993040819735195}"
10,-118.2112224288783,False,趋势回踩+压缩突破,双向,22.0,0.5,1.7076668989631516,29.0,0.3448275862068966,1.5368363127281612,4.858455197068986,5.561177015163151,10.0,0.6,6.6056128758450114,12.0,0.4166666666666667,2.733817456234462,"{""family_mask"": 3, ""direction"": 0, ""rr"": 3.0, ""sl_atr"": 1.464037964811537, ""min_stop_pct"": 0.0036737379168481094, ""max_hold"": 216, ""cooldown"": 11, ""session_start"": 6, ""session_end"": 15, ""weekday_mask"": 127, ""adx_trend_min"": 17.596764753192822, ""adx_range_max"": 24.599906305985122, ""rsi_long_min"": 44.668743977557064, ""rsi_long_max"": 63.98689942520337, ""volz_break"": 1.5120819034931792, ""body_min"": 0.4410241200919991, ""close_loc_min"": 0.5805271278952977, ""eff_min"": 0.18092891875661632, ""atr_rank_min"": 0.35227760334044805, ""squeeze_rank_max"": 0.12039529572951504, ""vwap_dev_entry"": 1.375342155435741, ""pull_idx"": 7, ""don_idx"": 0, ""trail_trigger"": 2.151318104492297, ""trail_lock"": 2.066781770083322}"
11,-130.24938606144903,False,趋势回踩+压缩突破,双向,24.0,0.5,1.4859786401775068,50.0,0.36,1.5179466275938471,1.4877384555594728,3.68465560694997,12.0,0.5,4.0213073401933075,12.0,0.5,3.140964024725508,"{""family_mask"": 3, ""direction"": 0, ""rr"": 2.2, ""sl_atr"": 1.5589234822203868, ""min_stop_pct"": 0.0043958773247037616, ""max_hold"": 576, ""cooldown"": 10, ""session_start"": 0, ""session_end"": 24, ""weekday_mask"": 62, ""adx_trend_min"": 15.91742934836559, ""adx_range_max"": 18.933956624706447, ""rsi_long_min"": 39.50561936965681, ""rsi_long_max"": 72.08957662792118, ""volz_break"": 1.0771488097404827, ""body_min"": 0.5263323267437139, ""close_loc_min"": 0.6402258580231431, ""eff_min"": 0.28682456972842263, ""atr_rank_min"": 0.45064634878193155, ""squeeze_rank_max"": 0.27277590889296255, ""vwap_dev_entry"": 0.6883779955476104, ""pull_idx"": 1, ""don_idx"": 0, ""trail_trigger"": 2.035542092289111, ""trail_lock"": 1.757694653472361}"
12,-134.13138490904865,False,趋势回踩+压缩突破,双向,22.0,0.5,1.6882314494838466,34.0,0.47058823529411764,1.7180545785350454,21.0272291618134,3.707056265563338,12.0,0.5833333333333334,9.309664200374668,10.0,0.4,0.042114488583840703,"{""family_mask"": 3, ""direction"": 0, ""rr"": 3.0, ""sl_atr"": 1.5520221797511224, ""min_stop_pct"": 0.004263600846417778, ""max_hold"": 216, ""cooldown"": 20, ""session_start"": 0, ""session_end"": 24, ""weekday_mask"": 62, ""adx_trend_min"": 19.438447381634305, ""adx_range_max"": 18.484178796053676, ""rsi_long_min"": 42.39158609304957, ""rsi_long_max"": 64.3563618064007, ""volz_break"": 0.39388702042716467, ""body_min"": 0.5035459596594535, ""close_loc_min"": 0.660856334999722, ""eff_min"": 0.19750043349447352, ""atr_rank_min"": 0.4470584687172635, ""squeeze_rank_max"": 0.507247303948495, ""vwap_dev_entry"": 1.2795335941600223, ""pull_idx"": 3, ""don_idx"": 1, ""trail_trigger"": 2.318339016963059, ""trail_lock"": 2.032052366124484}"
13,-135.9590783329586,False,三策略组合,双向,24.0,0.5416666666666666,1.3410802029721982,22.0,0.2727272727272727,1.2770070823113338,-1.9338282660277577,3.7508365330676394,9.0,0.6666666666666666,6.337714970524664,15.0,0.4666666666666667,2.0489453701723974,"{""family_mask"": 7, ""direction"": 0, ""rr"": 2.4, ""sl_atr"": 1.8887295640527202, ""min_stop_pct"": 0.0031009539561193595, ""max_hold"": 288, ""cooldown"": 35, ""session_start"": 0, ""session_end"": 24, ""weekday_mask"": 124, ""adx_trend_min"": 20.314828808956037, ""adx_range_max"": 21.358399312724707, ""rsi_long_min"": 43.83607275470626, ""rsi_long_max"": 67.28087050817429, ""volz_break"": 1.2666799944960065, ""body_min"": 0.43665099919154965, ""close_loc_min"": 0.6372809159786929, ""eff_min"": 0.49576268832537435, ""atr_rank_min"": 0.40192733604656194, ""squeeze_rank_max"": 0.28319161533971354, ""vwap_dev_entry"": 1.5723357309996429, ""pull_idx"": 8, ""don_idx"": 0, ""trail_trigger"": 2.0789041674073414, ""trail_lock"": 1.8541792995408217}"
14,-144.22831375435226,False,趋势回踩+震荡反转,双向,20.0,0.5,1.5103902919011425,19.0,0.3157894736842105,1.6159203667286297,2.294699355854108,5.0552519355073295,7.0,0.5714285714285714,3.1035473870030756,13.0,0.46153846153846156,3.344247616987423,"{""family_mask"": 5, ""direction"": 0, ""rr"": 2.6, ""sl_atr"": 0.9303880548603805, ""min_stop_pct"": 0.003807622889859061, ""max_hold"": 576, ""cooldown"": 17, ""session_start"": 0, ""session_end"": 24, ""weekday_mask"": 127, ""adx_trend_min"": 33.47810061297251, ""adx_range_max"": 17.924846732275626, ""rsi_long_min"": 50.58967555223414, ""rsi_long_max"": 73.40061564163604, ""volz_break"": 1.2276537125245623, ""body_min"": 0.5132794102859602, ""close_loc_min"": 0.5834489949630894, ""eff_min"": 0.1926227935902279, ""atr_rank_min"": 0.49726716707375773, ""squeeze_rank_max"": 0.26116903651961654, ""vwap_dev_entry"": 1.7649291258826765, ""pull_idx"": 5, ""don_idx"": 1, ""trail_trigger"": 2.07196352118543, ""trail_lock"": 1.9870032672834828}"
15,-144.7710612225822,False,趋势回踩+压缩突破,双向,21.0,0.5238095238095238,1.3943858493291263,32.0,0.34375,1.4726887129371384,0.7015998429176808,3.787766192317055,7.0,0.5714285714285714,3.310947114963372,14.0,0.5,3.4290689938657772,"{""family_mask"": 3, ""direction"": 0, ""rr"": 2.2, ""sl_atr"": 0.9098046310068202, ""min_stop_pct"": 0.003821058215449029, ""max_hold"": 576, ""cooldown"": 19, ""session_start"": 0, ""session_end"": 24, ""weekday_mask"": 124, ""adx_trend_min"": 22.79875485234533, ""adx_range_max"": 21.271093489723988, ""rsi_long_min"": 46.60562584036977, ""rsi_long_max"": 72.64225978284435, ""volz_break"": -0.20052896797865827, ""body_min"": 0.3179367483935028, ""close_loc_min"": 0.6840218772343934, ""eff_min"": 0.44070889965463733, ""atr_rank_min"": 0.21801156726822574, ""squeeze_rank_max"": 0.47195186193842154, ""vwap_dev_entry"": 2.0823377734933546, ""pull_idx"": 5, ""don_idx"": 0, ""trail_trigger"": 2.0034102856202813, ""trail_lock"": 1.8744921122544018}"
16,-148.0326359061862,False,趋势回踩+压缩突破,双向,20.0,0.5,1.5321007481530635,27.0,0.4444444444444444,1.6130279956029134,11.626384850371094,6.118394758220752,11.0,0.45454545454545453,3.8121757476788356,9.0,0.5555555555555556,2.672205305823978,"{""family_mask"": 3, ""direction"": 0, ""rr"": 2.6, ""sl_atr"": 2.559691045171635, ""min_stop_pct"": 0.004247108463019412, ""max_hold"": 216, ""cooldown"": 21, ""session_start"": 0, ""session_end"": 24, ""weekday_mask"": 62, ""adx_trend_min"": 18.406409168505107, ""adx_range_max"": 13.909360146002866, ""rsi_long_min"": 49.30188816731074, ""rsi_long_max"": 73.02526356676924, ""volz_break"": 0.7692925004404392, ""body_min"": 0.5245161760141226, ""close_loc_min"": 0.6490022433656443, ""eff_min"": 0.28071114869867553, ""atr_rank_min"": 0.3731515770173881, ""squeeze_rank_max"": 0.4285605950514271, ""vwap_dev_entry"": 1.3968160880521134, ""pull_idx"": 3, ""don_idx"": 0, ""trail_trigger"": 2.1342271203479166, ""trail_lock"": 1.9392930794203893}"
17,-149.1233411851309,False,趋势回踩+压缩突破,双向,20.0,0.5,1.5318559637216456,21.0,0.5238095238095238,1.6668378725582007,15.449349430241739,5.159539870354442,11.0,0.45454545454545453,1.4816828599552423,9.0,0.5555555555555556,4.562509850907508,"{""family_mask"": 3, ""direction"": 0, ""rr"": 2.6, ""sl_atr"": 2.1690253052043755, ""min_stop_pct"": 0.007353649716059508, ""max_hold"": 576, ""cooldown"": 11, ""session_start"": 0, ""session_end"": 24, ""weekday_mask"": 127, ""adx_trend_min"": 21.875948845784627, ""adx_range_max"": 15.545516009746692, ""rsi_long_min"": 51.40321258846479, ""rsi_long_max"": 60.42334680989953, ""volz_break"": 1.7050798378116296, ""body_min"": 0.4920512755392933, ""close_loc_min"": 0.5854512664615162, ""eff_min"": 0.29822672271791867, ""atr_rank_min"": 0.2593598609680786, ""squeeze_rank_max"": 0.5105262918320856, ""vwap_dev_entry"": 1.9928034198827358, ""pull_idx"": 8, ""don_idx"": 1, ""trail_trigger"": 2.065622846366396, ""trail_lock"": 1.7966325766103175}"
18,-150.8609716755745,False,趋势回踩+震荡反转,双向,21.0,0.5714285714285714,1.2685221975144696,28.0,0.32142857142857145,1.4523032955038284,0.2878833428088414,3.1922629707648547,8.0,0.75,5.490930797331238,13.0,0.46153846153846156,2.0453641403446774,"{""family_mask"": 5, ""direction"": 0, ""rr"": 2.4, ""sl_atr"": 2.0808918256742013, ""min_stop_pct"": 0.003350667798220254, ""max_hold"": 144, ""cooldown"": 8, ""session_start"": 0, ""session_end"": 24, ""weekday_mask"": 124, ""adx_trend_min"": 23.244626820176315, ""adx_range_max"": 16.253571586394223, ""rsi_long_min"": 41.45806663717177, ""rsi_long_max"": 75.8063288519715, ""volz_break"": 0.15193401078645163, ""body_min"": 0.24905129001993176, ""close_loc_min"": 0.7214764547252293, ""eff_min"": 0.4768090971444993, ""atr_rank_min"": 0.497213902462451, ""squeeze_rank_max"": 0.1420537576262888, ""vwap_dev_entry"": 1.9998084258957722, ""pull_idx"": 2, ""don_idx"": 0, ""trail_trigger"": 1.9426742909154864, ""trail_lock"": 1.8077839507466145}"
19,-152.81150395699825,False,趋势回踩,双向,24.0,0.5,1.4923715540124671,35.0,0.37142857142857144,1.4234192834615211,3.0562400474983042,4.868051274608748,12.0,0.5833333333333334,6.849019452656018,12.0,0.4166666666666667,0.33957781644688967,"{""family_mask"": 1, ""direction"": 0, ""rr"": 2.8, ""sl_atr"": 2.130256319757022, ""min_stop_pct"": 0.004508289951875002, ""max_hold"": 288, ""cooldown"": 16, ""session_start"": 0, ""session_end"": 24, ""weekday_mask"": 62, ""adx_trend_min"": 17.401956970106838, ""adx_range_max"": 18.887474856749535, ""rsi_long_min"": 38.70928164790262, ""rsi_long_max"": 72.17619424727394, ""volz_break"": 1.3783405470764811, ""body_min"": 0.4179231303197322, ""close_loc_min"": 0.8466014563261912, ""eff_min"": 0.2582819391226273, ""atr_rank_min"": 0.31041713102756674, ""squeeze_rank_max"": 0.5414442313390011, ""vwap_dev_entry"": 0.5936784961747965, ""pull_idx"": 4, ""don_idx"": 1, ""trail_trigger"": 1.9695328887313381, ""trail_lock"": 1.7835560778765915}"
20,-157.06579124899227,False,三策略组合,双向,20.0,0.5,1.6457979587692337,27.0,0.3333333333333333,1.6073152035176226,3.077504213867225,3.4409106467307478,8.0,0.625,6.185857257465981,12.0,0.4166666666666667,0.915470408566184,"{""family_mask"": 7, ""direction"": 0, ""rr"": 3.0, ""sl_atr"": 2.208864192885646, ""min_stop_pct"": 0.006830374826092486, ""max_hold"": 288, ""cooldown"": 36, ""session_start"": 0, ""session_end"": 24, ""weekday_mask"": 124, ""adx_trend_min"": 17.041246900401386, ""adx_range_max"": 23.342374065104572, ""rsi_long_min"": 45.798373731368756, ""rsi_long_max"": 64.39874533537873, ""volz_break"": -0.17377690126685022, ""body_min"": 0.6355367959606261, ""close_loc_min"": 0.7349525168436122, ""eff_min"": 0.18882647304551217, ""atr_rank_min"": 0.6840536134884005, ""squeeze_rank_max"": 0.38391396188042676, ""vwap_dev_entry"": 0.7835812940168745, ""pull_idx"": 8, ""don_idx"": 0, ""trail_trigger"": 1.9073353140952196, ""trail_lock"": 1.8400429376646994}"
21,-161.20425578286802,False,三策略组合,双向,22.0,0.5,1.4723509634051888,28.0,0.42857142857142855,1.5567152283271268,9.839034376765886,3.8597622313603104,9.0,0.5555555555555556,4.124269005538259,13.0,0.46153846153846156,2.5324866868749694,"{""family_mask"": 7, ""direction"": 0, ""rr"": 2.2, ""sl_atr"": 2.602744883083312, ""min_stop_pct"": 0.003148041001694532, ""max_hold"": 216, ""cooldown"": 31, ""session_start"": 0, ""session_end"": 24, ""weekday_mask"": 62, ""adx_trend_min"": 14.88041985383052, ""adx_range_max"": 14.896554883256794, ""rsi_long_min"": 49.30731733590039, ""rsi_long_max"": 63.77322082525964, ""volz_break"": 1.5356462401467086, ""body_min"": 0.455164672711331, ""close_loc_min"": 0.694474233985344, ""eff_min"": 0.31608837819244656, ""atr_rank_min"": 0.6453631598433309, ""squeeze_rank_max"": 0.5498911622967166, ""vwap_dev_entry"": 1.4376532758574774, ""pull_idx"": 3, ""don_idx"": 0, ""trail_trigger"": 2.048306708433259, ""trail_lock"": 1.7972532152114415}"
22,-163.76513918032757,False,趋势回踩+压缩突破,双向,20.0,0.5,1.629558258066491,27.0,0.25925925925925924,1.5239006189634348,-3.916456978283072,4.50985501244319,8.0,0.625,5.959954625979991,12.0,0.4166666666666667,0.5939602247466611,"{""family_mask"": 3, ""direction"": 0, ""rr"": 2.6, ""sl_atr"": 2.745098647894313, ""min_stop_pct"": 0.007882240307253468, ""max_hold"": 432, ""cooldown"": 34, ""session_start"": 0, ""session_end"": 24, ""weekday_mask"": 124, ""adx_trend_min"": 20.193525837401623, ""adx_range_max"": 22.352127127734995, ""rsi_long_min"": 42.49095005162013, ""rsi_long_max"": 71.77528725663448, ""volz_break"": -0.29125063948837715, ""body_min"": 0.5919728548495872, ""close_loc_min"": 0.5827854973367048, ""eff_min"": 0.29553587250436003, ""atr_rank_min"": 0.20026490962852386, ""squeeze_rank_max"": 0.2135841521154798, ""vwap_dev_entry"": 1.1082376387575312, ""pull_idx"": 8, ""don_idx"": 0, ""trail_trigger"": 1.9405989657357796, ""trail_lock"": 1.8230703819706975}"
23,-167.2475579883294,False,趋势回踩+压缩突破,双向,22.0,0.5,1.480839600106413,34.0,0.5,1.3282948398004912,11.431800307172228,3.00058671250949,10.0,0.5,2.3363555651821963,12.0,0.5,2.665062819103424,"{""family_mask"": 3, ""direction"": 0, ""rr"": 2.6, ""sl_atr"": 1.3474535950987272, ""min_stop_pct"": 0.006474687185428511, ""max_hold"": 144, ""cooldown"": 8, ""session_start"": 0, ""session_end"": 24, ""weekday_mask"": 62, ""adx_trend_min"": 16.291952918119378, ""adx_range_max"": 18.104961242485476, ""rsi_long_min"": 44.00782536256025, ""rsi_long_max"": 63.70492745199593, ""volz_break"": 0.7381572875803821, ""body_min"": 0.5888029435770197, ""close_loc_min"": 0.6875176953330092, ""eff_min"": 0.2325292266569645, ""atr_rank_min"": 0.3448659211039874, ""squeeze_rank_max"": 0.22437038526811787, ""vwap_dev_entry"": 1.8191885580541556, ""pull_idx"": 4, ""don_idx"": 0, ""trail_trigger"": 1.9084678315288277, ""trail_lock"": 1.7608928277085785}"
24,-171.1495877787529,False,趋势回踩+震荡反转,双向,26.0,0.5,1.4529511822446477,35.0,0.37142857142857144,1.4392197628258196,3.604584878374018,2.6417805767948863,10.0,0.5,1.7914844129271243,16.0,0.5,5.956952616964244,"{""family_mask"": 5, ""direction"": 0, ""rr"": 3.0, ""sl_atr"": 1.678124973970186, ""min_stop_pct"": 0.003129448485939703, ""max_hold"": 288, ""cooldown"": 19, ""session_start"": 0, ""session_end"": 24, ""weekday_mask"": 124, ""adx_trend_min"": 21.30623186249418, ""adx_range_max"": 20.938880851662937, ""rsi_long_min"": 51.52722181707153, ""rsi_long_max"": 70.44886962797345, ""volz_break"": 0.517583064017533, ""body_min"": 0.2922055121747056, ""close_loc_min"": 0.58251575323348, ""eff_min"": 0.4125365826569832, ""atr_rank_min"": 0.393160924983909, ""squeeze_rank_max"": 0.4832666019272856, ""vwap_dev_entry"": 1.758523002325248, ""pull_idx"": 5, ""don_idx"": 1, ""trail_trigger"": 2.0867979673023602, ""trail_lock"": 1.9988781218374265}"
25,-181.41842883354838,False,趋势回踩+压缩突破,双向,25.0,0.48,1.5897097221052636,27.0,0.18518518518518517,1.6248370550002091,-9.781132065488208,6.427181069394268,9.0,0.5555555555555556,4.448718452622371,16.0,0.4375,3.0556959505209207,"{""family_mask"": 3, ""direction"": 0, ""rr"": 2.4, ""sl_atr"": 1.6817043734184962, ""min_stop_pct"": 0.003325065967534904, ""max_hold"": 216, ""cooldown"": 35, ""session_start"": 0, ""session_end"": 24, ""weekday_mask"": 124, ""adx_trend_min"": 15.000597777253514, ""adx_range_max"": 23.75280025837157, ""rsi_long_min"": 43.46758835262926, ""rsi_long_max"": 75.17471949501325, ""volz_break"": 0.48672735786471505, ""body_min"": 0.5108017318589074, ""close_loc_min"": 0.5843848326989083, ""eff_min"": 0.4836507703532458, ""atr_rank_min"": 0.6406651623870842, ""squeeze_rank_max"": 0.5320073710409361, ""vwap_dev_entry"": 2.129122790464666, ""pull_idx"": 4, ""don_idx"": 1, ""trail_trigger"": 2.2499811984743006, ""trail_lock"": 2.1206178502306}"
26,-183.4434431762758,False,趋势回踩+压缩突破,双向,20.0,0.5,1.5138510137951706,22.0,0.2727272727272727,1.5621174950899965,-1.5873951980304604,4.313200628984812,8.0,0.625,5.671551657157229,12.0,0.4166666666666667,0.7178444033033289,"{""family_mask"": 3, ""direction"": 0, ""rr"": 2.2, ""sl_atr"": 2.3257086756245795, ""min_stop_pct"": 0.0037724287727988717, ""max_hold"": 288, ""cooldown"": 7, ""session_start"": 0, ""session_end"": 24, ""weekday_mask"": 127, ""adx_trend_min"": 32.19271678520322, ""adx_range_max"": 24.039333326412702, ""rsi_long_min"": 48.754282511305355, ""rsi_long_max"": 69.92686518031374, ""volz_break"": 1.7566546704914374, ""body_min"": 0.5498593273955054, ""close_loc_min"": 0.7852035625438063, ""eff_min"": 0.19999686389329624, ""atr_rank_min"": 0.5229482933542592, ""squeeze_rank_max"": 0.5131698812032646, ""vwap_dev_entry"": 2.2508862163194294, ""pull_idx"": 8, ""don_idx"": 0, ""trail_trigger"": 2.0675564272759943, ""trail_lock"": 1.894541865436829}"
27,-193.45386124128885,False,趋势回踩+压缩突破,双向,20.0,0.5,1.4746599283835067,37.0,0.2702702702702703,1.5490086339623712,-7.847471323331268,4.534665931876719,10.0,0.5,1.9264025146978936,10.0,0.5,3.8889846119974356,"{""family_mask"": 3, ""direction"": 0, ""rr"": 2.8, ""sl_atr"": 2.1387574087125687, ""min_stop_pct"": 0.004329178616214555, ""max_hold"": 288, ""cooldown"": 23, ""session_start"": 0, ""session_end"": 24, ""weekday_mask"": 62, ""adx_trend_min"": 15.506501783147856, ""adx_range_max"": 16.180911750065626, ""rsi_long_min"": 39.679692563065416, ""rsi_long_max"": 67.74717960584935, ""volz_break"": 0.5761589331735792, ""body_min"": 0.5830081985451205, ""close_loc_min"": 0.6747889844388912, ""eff_min"": 0.33110485464238076, ""atr_rank_min"": 0.36362519788282893, ""squeeze_rank_max"": 0.4176419771415111, ""vwap_dev_entry"": 1.481788029195728, ""pull_idx"": 1, ""don_idx"": 1, ""trail_trigger"": 1.9790394487100407, ""trail_lock"": 1.8472826883800608}"
28,-197.5862361197752,False,趋势回踩+压缩突破,双向,23.0,0.4782608695652174,1.8288472363463153,32.0,0.4375,1.6642086553570719,13.789740461507476,5.855997106333593,12.0,0.5,3.33913167583984,11.0,0.45454545454545453,4.402269081780711,"{""family_mask"": 3, ""direction"": 0, ""rr"": 2.8, ""sl_atr"": 1.1976768911950817, ""min_stop_pct"": 0.0058521756645644706, ""max_hold"": 144, ""cooldown"": 30, ""session_start"": 0, ""session_end"": 24, ""weekday_mask"": 127, ""adx_trend_min"": 15.457632590122085, ""adx_range_max"": 17.418781459650557, ""rsi_long_min"": 40.14378262658038, ""rsi_long_max"": 61.39743204569077, ""volz_break"": 0.5325320195712093, ""body_min"": 0.6190290014389359, ""close_loc_min"": 0.6097182872339659, ""eff_min"": 0.30391940842158577, ""atr_rank_min"": 0.404647435380627, ""squeeze_rank_max"": 0.22700752890546014, ""vwap_dev_entry"": 1.8048694945234522, ""pull_idx"": 8, ""don_idx"": 0, ""trail_trigger"": 1.9703452503621448, ""trail_lock"": 1.7520868614411387}"
29,-201.37477352997453,False,趋势回踩+压缩突破,双向,21.0,0.5238095238095238,1.3650662871661885,27.0,0.2222222222222222,1.6116183141312108,-7.083067751472798,3.505454516637699,8.0,0.5,1.814862003512018,13.0,0.5384615384615384,3.6383440825948083,"{""family_mask"": 3, ""direction"": 0, ""rr"": 2.4, ""sl_atr"": 1.7570775383496513, ""min_stop_pct"": 0.005957308421762563, ""max_hold"": 144, ""cooldown"": 10, ""session_start"": 0, ""session_end"": 24, ""weekday_mask"": 124, ""adx_trend_min"": 15.741635220867757, ""adx_range_max"": 16.12606086141411, ""rsi_long_min"": 48.15701093169644, ""rsi_long_max"": 63.71752301961494, ""volz_break"": 1.305866732021979, ""body_min"": 0.6620348999900303, ""close_loc_min"": 0.6367685036659736, ""eff_min"": 0.1894453819145572, ""atr_rank_min"": 0.7097699752423092, ""squeeze_rank_max"": 0.12690630007438583, ""vwap_dev_entry"": 2.291183585063125, ""pull_idx"": 8, ""don_idx"": 0, ""trail_trigger"": 2.2549252555819344, ""trail_lock"": 1.9488188743079666}"
30,-203.8931687041622,False,趋势回踩+压缩突破,双向,23.0,0.4782608695652174,1.7085342542481945,29.0,0.41379310344827586,1.6534798809665736,10.772833355165467,3.356593948859354,8.0,0.5,2.9103686302829574,15.0,0.4666666666666667,4.688116507195609,"{""family_mask"": 3, ""direction"": 0, ""rr"": 2.2, ""sl_atr"": 1.4265834480621904, ""min_stop_pct"": 0.008471577734309503, ""max_hold"": 576, ""cooldown"": 6, ""session_start"": 0, ""session_end"": 24, ""weekday_mask"": 124, ""adx_trend_min"": 14.510471330412537, ""adx_range_max"": 15.728731072247653, ""rsi_long_min"": 38.319122540848554, ""rsi_long_max"": 67.29642750096468, ""volz_break"": 0.7972945231161328, ""body_min"": 0.23330424634405028, ""close_loc_min"": 0.5909326195726731, ""eff_min"": 0.35858857633004176, ""atr_rank_min"": 0.4016100456438767, ""squeeze_rank_max"": 0.5435474820562287, ""vwap_dev_entry"": 1.6664224269512609, ""pull_idx"": 1, ""don_idx"": 1, ""trail_trigger"": 1.954898669933943, ""trail_lock"": 1.8863631240406908}"
31,-210.4342014153073,False,趋势回踩,双向,24.0,0.5,1.4299452620895312,29.0,0.3103448275862069,1.4290856786437511,-2.273130873856009,3.735784499874455,10.0,0.5,1.8284330304876077,14.0,0.5,4.606258415978766,"{""family_mask"": 1, ""direction"": 0, ""rr"": 2.2, ""sl_atr"": 1.6463663442623861, ""min_stop_pct"": 0.004042556870950627, ""max_hold"": 576, ""cooldown"": 9, ""session_start"": 0, ""session_end"": 24, ""weekday_mask"": 127, ""adx_trend_min"": 32.35341623664965, ""adx_range_max"": 22.057753195107416, ""rsi_long_min"": 54.51123210960929, ""rsi_long_max"": 74.731451116828, ""volz_break"": -0.2664369132664703, ""body_min"": 0.5987954533131375, ""close_loc_min"": 0.6118376779096997, ""eff_min"": 0.21077283816166117, ""atr_rank_min"": 0.6808372299623427, ""squeeze_rank_max"": 0.17794668320260448, ""vwap_dev_entry"": 0.890480301626158, ""pull_idx"": 8, ""don_idx"": 1, ""trail_trigger"": 1.9118428623732704, ""trail_lock"": 1.8617399857545247}"
32,-218.25884576068097,False,三策略组合,双向,20.0,0.5,1.4558644224425383,31.0,0.3870967741935484,1.6945461084079274,6.985933448615255,5.590268704746039,11.0,0.45454545454545453,0.6372226242448691,9.0,0.5555555555555556,4.7835035677631765,"{""family_mask"": 7, ""direction"": 0, ""rr"": 3.0, ""sl_atr"": 2.0995745765804292, ""min_stop_pct"": 0.005266229767048808, ""max_hold"": 288, ""cooldown"": 7, ""session_start"": 0, ""session_end"": 24, ""weekday_mask"": 62, ""adx_trend_min"": 16.45639585875393, ""adx_range_max"": 13.12584418869543, ""rsi_long_min"": 39.79673948903957, ""rsi_long_max"": 70.04469751732384, ""volz_break"": -0.09098763475333599, ""body_min"": 0.23996992665048436, ""close_loc_min"": 0.702838386808064, ""eff_min"": 0.2924242856442598, ""atr_rank_min"": 0.5464486059970912, ""squeeze_rank_max"": 0.42160682181271397, ""vwap_dev_entry"": 2.212080186709835, ""pull_idx"": 0, ""don_idx"": 1, ""trail_trigger"": 1.9736621469694813, ""trail_lock"": 1.869534815336603}"
33,-220.62718877964875,False,趋势回踩+震荡反转,双向,27.0,0.5185185185185185,1.350614059270952,42.0,0.30952380952380953,1.323254390638063,-7.216523730261035,3.8691022979224137,10.0,0.5,1.9178117234920016,17.0,0.5294117647058824,5.701881075383695,"{""family_mask"": 5, ""direction"": 0, ""rr"": 2.6, ""sl_atr"": 1.3213862107443894, ""min_stop_pct"": 0.0034624510532059224, ""max_hold"": 432, ""cooldown"": 18, ""session_start"": 0, ""session_end"": 24, ""weekday_mask"": 124, ""adx_trend_min"": 20.450478675248732, ""adx_range_max"": 24.860646055663594, ""rsi_long_min"": 52.4965617461595, ""rsi_long_max"": 74.20281822496824, ""volz_break"": 1.695286996239838, ""body_min"": 0.22603796045180172, ""close_loc_min"": 0.6404249421571572, ""eff_min"": 0.20610570266460487, ""atr_rank_min"": 0.371413937366959, ""squeeze_rank_max"": 0.27307941965674465, ""vwap_dev_entry"": 0.9608693100984286, ""pull_idx"": 4, ""don_idx"": 1, ""trail_trigger"": 1.9025469879781918, ""trail_lock"": 1.8032839792327306}"
34,-228.12524374789805,False,趋势回踩,双向,21.0,0.47619047619047616,1.7926247725692301,26.0,0.4230769230769231,2.0408499033437946,17.33381929492515,6.243205307467123,10.0,0.5,5.090861291996917,11.0,0.45454545454545453,3.5198497095854284,"{""family_mask"": 1, ""direction"": 0, ""rr"": 2.8, ""sl_atr"": 2.712563474465971, ""min_stop_pct"": 0.0036125318939009394, ""max_hold"": 432, ""cooldown"": 12, ""session_start"": 0, ""session_end"": 24, ""weekday_mask"": 62, ""adx_trend_min"": 14.469490330938422, ""adx_range_max"": 17.00560178523772, ""rsi_long_min"": 46.34157299551145, ""rsi_long_max"": 62.62768312434167, ""volz_break"": 1.359575330270587, ""body_min"": 0.3852806862673758, ""close_loc_min"": 0.7819544322843068, ""eff_min"": 0.3234171848333066, ""atr_rank_min"": 0.6075311826131415, ""squeeze_rank_max"": 0.16691097378288203, ""vwap_dev_entry"": 1.3895395680977085, ""pull_idx"": 5, ""don_idx"": 1, ""trail_trigger"": 2.473625857313159, ""trail_lock"": 2.3611011490646105}"
35,-228.7864109045692,False,趋势回踩+压缩突破,双向,22.0,0.5,1.4323490038467213,24.0,0.20833333333333334,1.3435977500812333,-9.293828030974517,3.047183776670419,8.0,0.5,2.094525211769156,14.0,0.5,3.8482386635629995,"{""family_mask"": 3, ""direction"": 0, ""rr"": 2.2, ""sl_atr"": 0.9468268770554598, ""min_stop_pct"": 0.004019469749175973, ""max_hold"": 576, ""cooldown"": 18, ""session_start"": 0, ""session_end"": 24, ""weekday_mask"": 124, ""adx_trend_min"": 28.850027323586353, ""adx_range_max"": 22.392418073702842, ""rsi_long_min"": 45.21456405805746, ""rsi_long_max"": 74.82598619674353, ""volz_break"": 1.1634805101662606, ""body_min"": 0.2844701546000605, ""close_loc_min"": 0.6456101098687705, ""eff_min"": 0.30811037557751475, ""atr_rank_min"": 0.5382942597012348, ""squeeze_rank_max"": 0.3263221678994992, ""vwap_dev_entry"": 2.0887510824178763, ""pull_idx"": 8, ""don_idx"": 0, ""trail_trigger"": 1.9284506490761661, ""trail_lock"": 1.8452273336977072}"
36,-231.0043526281948,False,趋势回踩,双向,20.0,0.5,1.4479890073523392,24.0,0.5416666666666666,1.5427739676704808,15.966971996786949,3.578168495512778,10.0,0.5,2.0163748693366976,10.0,0.5,3.3405160367588165,"{""family_mask"": 1, ""direction"": 0, ""rr"": 2.6, ""sl_atr"": 2.024133651727302, ""min_stop_pct"": 0.005085325523928865, ""max_hold"": 288, ""cooldown"": 10, ""session_start"": 0, ""session_end"": 24, ""weekday_mask"": 62, ""adx_trend_min"": 17.522682875242637, ""adx_range_max"": 19.93245493884177, ""rsi_long_min"": 43.0699423713399, ""rsi_long_max"": 66.94143878036337, ""volz_break"": 1.5518185515799732, ""body_min"": 0.3965054562955073, ""close_loc_min"": 0.7960583903656354, ""eff_min"": 0.3140378367198542, ""atr_rank_min"": 0.7138982457304217, ""squeeze_rank_max"": 0.2554048546020026, ""vwap_dev_entry"": 0.6382567523409894, ""pull_idx"": 6, ""don_idx"": 1, ""trail_trigger"": 1.9933371943734128, ""trail_lock"": 1.7974649403199399}"
37,-231.01670774327357,False,趋势回踩,双向,27.0,0.48148148148148145,1.5343586334369002,39.0,0.41025641025641024,1.3632633302068125,5.2517199267029335,5.734992201754531,13.0,0.46153846153846156,2.236277454263085,14.0,0.5,4.437644906325408,"{""family_mask"": 1, ""direction"": 0, ""rr"": 2.2, ""sl_atr"": 1.9453227649925067, ""min_stop_pct"": 0.004572634847637776, ""max_hold"": 144, ""cooldown"": 10, ""session_start"": 0, ""session_end"": 24, ""weekday_mask"": 62, ""adx_trend_min"": 21.167513747713024, ""adx_range_max"": 14.504271782287926, ""rsi_long_min"": 40.57716439735071, ""rsi_long_max"": 74.31121884537248, ""volz_break"": 0.9663961141642283, ""body_min"": 0.43532016450899114, ""close_loc_min"": 0.6050346859256397, ""eff_min"": 0.2439033279648236, ""atr_rank_min"": 0.2926764232875219, ""squeeze_rank_max"": 0.39039666895314884, ""vwap_dev_entry"": 1.6338173750418967, ""pull_idx"": 4, ""don_idx"": 0, ""trail_trigger"": 1.9150974303441215, ""trail_lock"": 1.7786928206685875}"
38,-234.79065178017203,False,趋势回踩,双向,24.0,0.5,1.413673006506715,40.0,0.375,1.4307500028679172,1.986698535359281,5.056458042620741,10.0,0.5,2.5889477866914494,14.0,0.5,3.733741011169955,"{""family_mask"": 1, ""direction"": 0, ""rr"": 2.2, ""sl_atr"": 2.090952627103013, ""min_stop_pct"": 0.003527356830848314, ""max_hold"": 216, ""cooldown"": 3, ""session_start"": 0, ""session_end"": 24, ""weekday_mask"": 127, ""adx_trend_min"": 20.176548629179077, ""adx_range_max"": 17.36730413636684, ""rsi_long_min"": 51.02048575215181, ""rsi_long_max"": 74.45726403536517, ""volz_break"": 1.6370615741324157, ""body_min"": 0.4481664901777602, ""close_loc_min"": 0.5891462853018461, ""eff_min"": 0.6813619558629542, ""atr_rank_min"": 0.6802072121900261, ""squeeze_rank_max"": 0.40726979747069425, ""vwap_dev_entry"": 0.8719273160811785, ""pull_idx"": 2, ""don_idx"": 1, ""trail_trigger"": 1.9911519393946346, ""trail_lock"": 1.8938236582828394}"
39,-238.6551370113564,False,趋势回踩+压缩突破,双向,21.0,0.47619047619047616,1.722827428689852,29.0,0.4482758620689655,1.4196252942387186,8.748188189953101,3.4689274814416162,9.0,0.5555555555555556,3.4835834380565327,12.0,0.4166666666666667,2.432399907229729,"{""family_mask"": 3, ""direction"": 0, ""rr"": 3.0, ""sl_atr"": 1.2108707395496623, ""min_stop_pct"": 0.006435678656963585, ""max_hold"": 144, ""cooldown"": 16, ""session_start"": 0, ""session_end"": 24, ""weekday_mask"": 62, ""adx_trend_min"": 17.221643172311808, ""adx_range_max"": 24.407328689052495, ""rsi_long_min"": 46.904152941894246, ""rsi_long_max"": 66.08344904796942, ""volz_break"": 1.6553321649219532, ""body_min"": 0.5826809535899223, ""close_loc_min"": 0.7528957061761135, ""eff_min"": 0.26145989281337845, ""atr_rank_min"": 0.411335982819494, ""squeeze_rank_max"": 0.1783396330889771, ""vwap_dev_entry"": 0.8696357423637129, ""pull_idx"": 6, ""don_idx"": 0, ""trail_trigger"": 2.1140672962306892, ""trail_lock"": 2.037578380559857}"
40,-241.4193854445616,False,趋势回踩,双向,22.0,0.5,1.4285974528957601,37.0,0.40540540540540543,1.3814311660721246,3.1283616910568224,3.514907572452908,10.0,0.5,4.167576041687296,12.0,0.5,0.3850200462465707,"{""family_mask"": 1, ""direction"": 0, ""rr"": 2.4, ""sl_atr"": 2.1269793885617347, ""min_stop_pct"": 0.005859319856804457, ""max_hold"": 144, ""cooldown"": 30, ""session_start"": 0, ""session_end"": 24, ""weekday_mask"": 62, ""adx_trend_min"": 15.755694128356614, ""adx_range_max"": 19.903911080096144, ""rsi_long_min"": 42.81185546403403, ""rsi_long_max"": 69.79575194703878, ""volz_break"": 1.2989296826519852, ""body_min"": 0.38180037130038613, ""close_loc_min"": 0.8150083161763824, ""eff_min"": 0.18737709005263167, ""atr_rank_min"": 0.4867316834951312, ""squeeze_rank_max"": 0.4493674049120876, ""vwap_dev_entry"": 2.189885461702157, ""pull_idx"": 4, ""don_idx"": 0, ""trail_trigger"": 1.9757567049091271, ""trail_lock"": 1.753028773989145}"
41,-245.92361838944515,False,趋势回踩+压缩突破,双向,24.0,0.5416666666666666,1.2849665020458332,28.0,0.25,1.259011185010605,-7.536049169503998,5.083837297644704,8.0,0.75,6.379404471620327,16.0,0.4375,0.974725831718215,"{""family_mask"": 3, ""direction"": 0, ""rr"": 2.2, ""sl_atr"": 2.0033142756387967, ""min_stop_pct"": 0.003347461878584594, ""max_hold"": 144, ""cooldown"": 27, ""session_start"": 0, ""session_end"": 24, ""weekday_mask"": 124, ""adx_trend_min"": 17.53500268969901, ""adx_range_max"": 13.594148512303827, ""rsi_long_min"": 48.346500365503914, ""rsi_long_max"": 72.21697653813104, ""volz_break"": 0.8944038575977866, ""body_min"": 0.2376961187897831, ""close_loc_min"": 0.6423141030426096, ""eff_min"": 0.4405248577536913, ""atr_rank_min"": 0.3350836451718634, ""squeeze_rank_max"": 0.1609498779483267, ""vwap_dev_entry"": 0.5824695348227394, ""pull_idx"": 4, ""don_idx"": 0, ""trail_trigger"": 1.9188836869711208, ""trail_lock"": 1.8106876020699718}"
42,-247.2542956256608,False,趋势回踩+压缩突破,双向,27.0,0.5555555555555556,1.2415688833572565,28.0,0.21428571428571427,1.4226722752176868,-8.217081589532453,6.476158623911687,9.0,0.7777777777777778,7.524184790024522,18.0,0.4444444444444444,1.1248501188425342,"{""family_mask"": 3, ""direction"": 0, ""rr"": 2.6, ""sl_atr"": 1.6628546440205858, ""min_stop_pct"": 0.003201670664613011, ""max_hold"": 576, ""cooldown"": 36, ""session_start"": 0, ""session_end"": 24, ""weekday_mask"": 124, ""adx_trend_min"": 15.030925095768787, ""adx_range_max"": 16.84631257856069, ""rsi_long_min"": 40.42839811122175, ""rsi_long_max"": 74.57536954201166, ""volz_break"": 1.4396154072214633, ""body_min"": 0.3901524201554588, ""close_loc_min"": 0.5991106332094659, ""eff_min"": 0.4900208864228425, ""atr_rank_min"": 0.6138669811332149, ""squeeze_rank_max"": 0.2976808124300351, ""vwap_dev_entry"": 1.8516380241285202, ""pull_idx"": 4, ""don_idx"": 0, ""trail_trigger"": 1.931369714675421, ""trail_lock"": 1.7627986676390384}"
43,-248.68432357962104,False,趋势回踩+震荡反转,双向,21.0,0.47619047619047616,1.5952324128371607,19.0,0.3157894736842105,1.7477746725903873,2.9441858354035952,3.5512426763199194,7.0,0.5714285714285714,2.995765197623055,14.0,0.42857142857142855,2.9207180327928572,"{""family_mask"": 5, ""direction"": 0, ""rr"": 2.4, ""sl_atr"": 2.410217441839196, ""min_stop_pct"": 0.005043281853642161, ""max_hold"": 288, ""cooldown"": 29, ""session_start"": 0, ""session_end"": 24, ""weekday_mask"": 124, ""adx_trend_min"": 14.60918948223796, ""adx_range_max"": 19.036104034936542, ""rsi_long_min"": 45.04623375335974, ""rsi_long_max"": 58.67458132302153, ""volz_break"": 0.9188547722437452, ""body_min"": 0.2934480560868275, ""close_loc_min"": 0.7776343180973287, ""eff_min"": 0.1937434652151971, ""atr_rank_min"": 0.5341080973788072, ""squeeze_rank_max"": 0.28514154288402227, ""vwap_dev_entry"": 1.9047978250715716, ""pull_idx"": 5, ""don_idx"": 0, ""trail_trigger"": 2.1017140439685558, ""trail_lock"": 2.025731771719281}"
44,-249.1322741906751,False,趋势回踩+震荡反转,双向,23.0,0.4782608695652174,1.5258453914099954,31.0,0.3548387096774194,1.5976917714023875,3.177046544310497,6.283750182707378,10.0,0.5,3.2529847591406806,13.0,0.46153846153846156,2.8454376705740616,"{""family_mask"": 5, ""direction"": 0, ""rr"": 2.4, ""sl_atr"": 2.156696328250752, ""min_stop_pct"": 0.003648893528315148, ""max_hold"": 576, ""cooldown"": 16, ""session_start"": 0, ""session_end"": 24, ""weekday_mask"": 124, ""adx_trend_min"": 21.24558595247289, ""adx_range_max"": 21.141584699471437, ""rsi_long_min"": 43.20601420357696, ""rsi_long_max"": 72.48721434195745, ""volz_break"": 0.5725142782330699, ""body_min"": 0.3295406516313506, ""close_loc_min"": 0.6374471005042802, ""eff_min"": 0.287351001136989, ""atr_rank_min"": 0.19079033530141865, ""squeeze_rank_max"": 0.5382139787669488, ""vwap_dev_entry"": 0.737962371164538, ""pull_idx"": 1, ""don_idx"": 1, ""trail_trigger"": 2.1540914469540495, ""trail_lock"": 2.0615022674945243}"
45,-254.9208686603432,False,趋势回踩,双向,20.0,0.5,1.4285462335280916,21.0,0.23809523809523808,1.4434477145429234,-5.375979470115391,4.988814511419692,9.0,0.5555555555555556,3.5334523059694134,11.0,0.45454545454545453,1.8683858733518421,"{""family_mask"": 1, ""direction"": 0, ""rr"": 2.6, ""sl_atr"": 2.1166648747469257, ""min_stop_pct"": 0.0036992541196371135, ""max_hold"": 432, ""cooldown"": 18, ""session_start"": 0, ""session_end"": 24, ""weekday_mask"": 127, ""adx_trend_min"": 29.13048510202524, ""adx_range_max"": 17.172820170057587, ""rsi_long_min"": 53.47328813764438, ""rsi_long_max"": 67.40541300872788, ""volz_break"": -0.11267102203882867, ""body_min"": 0.5147789851488416, ""close_loc_min"": 0.6801524081244206, ""eff_min"": 0.19740456922843844, ""atr_rank_min"": 0.6934604537515286, ""squeeze_rank_max"": 0.26353913355259273, ""vwap_dev_entry"": 1.427906395041298, ""pull_idx"": 4, ""don_idx"": 0, ""trail_trigger"": 1.9231271035383461, ""trail_lock"": 1.843432072734907}"
46,-260.15629198128556,False,趋势回踩+压缩突破,双向,21.0,0.47619047619047616,1.5687717021325378,32.0,0.3125,1.657909233694198,-1.1594968856755288,5.68357637797122,7.0,0.5714285714285714,4.004423740180252,14.0,0.42857142857142855,0.9857907174668545,"{""family_mask"": 3, ""direction"": 0, ""rr"": 2.2, ""sl_atr"": 1.5761765958820075, ""min_stop_pct"": 0.0073505614386409415, ""max_hold"": 288, ""cooldown"": 13, ""session_start"": 0, ""session_end"": 24, ""weekday_mask"": 124, ""adx_trend_min"": 16.427088573507973, ""adx_range_max"": 17.638977948740305, ""rsi_long_min"": 39.15869884252282, ""rsi_long_max"": 75.54110523985607, ""volz_break"": 0.8638215639208255, ""body_min"": 0.22946046360753475, ""close_loc_min"": 0.748344121900305, ""eff_min"": 0.30339228791086564, ""atr_rank_min"": 0.3986127926647465, ""squeeze_rank_max"": 0.2650669754133086, ""vwap_dev_entry"": 1.1039050357494464, ""pull_idx"": 4, ""don_idx"": 0, ""trail_trigger"": 2.0556915281204082, ""trail_lock"": 1.852104887436897}"
47,-262.86094242315244,False,趋势回踩+压缩突破,只做空,22.0,0.5,1.410143119435076,42.0,0.3333333333333333,1.5983134877151284,-1.1026974299144219,4.967134071608065,8.0,0.5,1.4458205188259823,14.0,0.5,4.205031567953748,"{""family_mask"": 3, ""direction"": 2, ""rr"": 2.4, ""sl_atr"": 2.1373355921623043, ""min_stop_pct"": 0.003480607809728977, ""max_hold"": 288, ""cooldown"": 10, ""session_start"": 0, ""session_end"": 24, ""weekday_mask"": 127, ""adx_trend_min"": 17.469311956777695, ""adx_range_max"": 12.27873640788791, ""rsi_long_min"": 41.86414543396611, ""rsi_long_max"": 73.22727323349787, ""volz_break"": 1.115328816475508, ""body_min"": 0.457044152894, ""close_loc_min"": 0.6676821370901032, ""eff_min"": 0.27049437920334873, ""atr_rank_min"": 0.49631665122913615, ""squeeze_rank_max"": 0.29495048166245336, ""vwap_dev_entry"": 1.3832305738087913, ""pull_idx"": 4, ""don_idx"": 1, ""trail_trigger"": 2.025450921212071, ""trail_lock"": 1.753903062514008}"
48,-263.50449218548044,False,趋势回踩+震荡反转,双向,21.0,0.47619047619047616,1.633441130169184,32.0,0.375,1.5150436666842861,3.8692276643717145,3.641609643544239,10.0,0.5,3.5398843278597294,11.0,0.45454545454545453,2.5223555445388803,"{""family_mask"": 5, ""direction"": 0, ""rr"": 2.2, ""sl_atr"": 1.112661984376198, ""min_stop_pct"": 0.004699537359335468, ""max_hold"": 216, ""cooldown"": 14, ""session_start"": 0, ""session_end"": 24, ""weekday_mask"": 62, ""adx_trend_min"": 18.212642795875155, ""adx_range_max"": 21.39371091876114, ""rsi_long_min"": 41.22388593605856, ""rsi_long_max"": 70.94892379248391, ""volz_break"": 0.9372255820511755, ""body_min"": 0.4315550694207008, ""close_loc_min"": 0.824826085561228, ""eff_min"": 0.23630415678994604, ""atr_rank_min"": 0.20333894259511176, ""squeeze_rank_max"": 0.24440749931319228, ""vwap_dev_entry"": 1.3727413286298389, ""pull_idx"": 3, ""don_idx"": 0, ""trail_trigger"": 2.0038148247984706, ""trail_lock"": 1.872611063753601}"
49,-265.87827880915717,False,趋势回踩,双向,25.0,0.48,1.4558223980398126,25.0,0.32,1.547914939030556,-0.04835777976177513,6.058283387044405,9.0,0.5555555555555556,4.023383435466295,16.0,0.4375,1.4493385188993464,"{""family_mask"": 1, ""direction"": 0, ""rr"": 2.2, ""sl_atr"": 2.2555595828958266, ""min_stop_pct"": 0.004264938229213244, ""max_hold"": 216, ""cooldown"": 16, ""session_start"": 0, ""session_end"": 24, ""weekday_mask"": 127, ""adx_trend_min"": 25.557839969987757, ""adx_range_max"": 17.728599492582546, ""rsi_long_min"": 49.26913958642862, ""rsi_long_max"": 67.97435518685323, ""volz_break"": -0.19547956665495209, ""body_min"": 0.4913405297347505, ""close_loc_min"": 0.620815519410582, ""eff_min"": 0.192962503035111, ""atr_rank_min"": 0.5386868221411006, ""squeeze_rank_max"": 0.18169186456474515, ""vwap_dev_entry"": 0.8543352492219334, ""pull_idx"": 3, ""don_idx"": 0, ""trail_trigger"": 1.907198539104954, ""trail_lock"": 1.7593928131432335}"
50,-266.9257706016838,False,趋势回踩+压缩突破,双向,21.0,0.47619047619047616,1.6379782715027658,32.0,0.21875,1.4597357316974298,-11.387710262808756,5.9082307517014465,11.0,0.45454545454545453,4.875003073394724,10.0,0.5,0.9001317894705054,"{""family_mask"": 3, ""direction"": 0, ""rr"": 3.0, ""sl_atr"": 2.0036833205650395, ""min_stop_pct"": 0.005572467009647704, ""max_hold"": 216, ""cooldown"": 3, ""session_start"": 0, ""session_end"": 24, ""weekday_mask"": 62, ""adx_trend_min"": 25.221072845445345, ""adx_range_max"": 12.735927710385589, ""rsi_long_min"": 38.67313940673609, ""rsi_long_max"": 68.19908519428881, ""volz_break"": 1.5959928984717857, ""body_min"": 0.3331622198415935, ""close_loc_min"": 0.6080930380853853, ""eff_min"": 0.25641829957032763, ""atr_rank_min"": 0.31638092769642057, ""squeeze_rank_max"": 0.5090739382715839, ""vwap_dev_entry"": 1.9897845634431035, ""pull_idx"": 2, ""don_idx"": 0, ""trail_trigger"": 2.3250635451289643, ""trail_lock"": 1.8945613125996146}"
51,-268.57492470874126,False,趋势回踩,双向,21.0,0.47619047619047616,1.6458770817518067,26.0,0.4230769230769231,1.6633760672645375,10.225839738125758,3.6132284693308794,11.0,0.5454545454545454,4.405788828229989,10.0,0.4,1.8694440792131337,"{""family_mask"": 1, ""direction"": 0, ""rr"": 2.4, ""sl_atr"": 2.3158022579421496, ""min_stop_pct"": 0.004236635718669887, ""max_hold"": 216, ""cooldown"": 36, ""session_start"": 0, ""session_end"": 24, ""weekday_mask"": 62, ""adx_trend_min"": 17.465345254508676, ""adx_range_max"": 21.594471680838105, ""rsi_long_min"": 47.8118489879201, ""rsi_long_max"": 71.24297237974861, ""volz_break"": 0.1148476269398575, ""body_min"": 0.25529493245404, ""close_loc_min"": 0.8024859543734211, ""eff_min"": 0.25762072971217537, ""atr_rank_min"": 0.3376856259583171, ""squeeze_rank_max"": 0.48875813713138794, ""vwap_dev_entry"": 1.862722826403372, ""pull_idx"": 3, ""don_idx"": 1, ""trail_trigger"": 2.2813179978135905, ""trail_lock"": 2.10236080329786}"
52,-280.9537930421281,False,趋势回踩+压缩突破,双向,22.0,0.5,1.395783586132671,24.0,0.375,1.427903537573393,3.014504184730977,3.8953197118463816,8.0,0.5,1.9584511936597755,14.0,0.5,3.7367479145385154,"{""family_mask"": 3, ""direction"": 0, ""rr"": 2.2, ""sl_atr"": 1.6104241509685533, ""min_stop_pct"": 0.003217996628124958, ""max_hold"": 576, ""cooldown"": 28, ""session_start"": 0, ""session_end"": 24, ""weekday_mask"": 124, ""adx_trend_min"": 21.719378198478662, ""adx_range_max"": 15.544721344340225, ""rsi_long_min"": 52.68153898071395, ""rsi_long_max"": 71.75662168548143, ""volz_break"": 1.3573123394708737, ""body_min"": 0.22120347360247156, ""close_loc_min"": 0.8221175430668581, ""eff_min"": 0.411726893741716, ""atr_rank_min"": 0.5720247432333333, ""squeeze_rank_max"": 0.3823348735293129, ""vwap_dev_entry"": 2.249244093132198, ""pull_idx"": 5, ""don_idx"": 1, ""trail_trigger"": 1.9166480980979888, ""trail_lock"": 1.8525218255679063}"
53,-281.12865585961856,False,趋势回踩,双向,21.0,0.47619047619047616,1.551540441952238,31.0,0.3870967741935484,1.3034022809948425,1.1037424483380627,3.667335043869077,11.0,0.45454545454545453,3.732611799781506,10.0,0.5,1.4615735252522533,"{""family_mask"": 1, ""direction"": 0, ""rr"": 2.4, ""sl_atr"": 1.016292460285058, ""min_stop_pct"": 0.004517964639450061, ""max_hold"": 144, ""cooldown"": 20, ""session_start"": 0, ""session_end"": 24, ""weekday_mask"": 62, ""adx_trend_min"": 18.253821477431416, ""adx_range_max"": 19.071996665871627, ""rsi_long_min"": 39.37450357308407, ""rsi_long_max"": 72.48848580424462, ""volz_break"": 1.4048999716675752, ""body_min"": 0.31527482973897114, ""close_loc_min"": 0.7942625315965139, ""eff_min"": 0.2504029828929393, ""atr_rank_min"": 0.346302246499186, ""squeeze_rank_max"": 0.12486239069830958, ""vwap_dev_entry"": 1.9637710864420228, ""pull_idx"": 3, ""don_idx"": 1, ""trail_trigger"": 2.141610464317381, ""trail_lock"": 1.7839824090596614}"
54,-282.555124919811,False,趋势回踩+压缩突破,双向,21.0,0.47619047619047616,1.6341284645076228,33.0,0.2727272727272727,1.6860741892233948,-3.9339873493592945,4.514169448948676,8.0,0.625,5.450995455147645,13.0,0.38461538461538464,0.5757001725050201,"{""family_mask"": 3, ""direction"": 0, ""rr"": 2.2, ""sl_atr"": 1.0561338127039217, ""min_stop_pct"": 0.007815964515745798, ""max_hold"": 576, ""cooldown"": 17, ""session_start"": 0, ""session_end"": 24, ""weekday_mask"": 124, ""adx_trend_min"": 15.884070480183754, ""adx_range_max"": 13.552067059587339, ""rsi_long_min"": 41.16424668793339, ""rsi_long_max"": 70.57894490145341, ""volz_break"": 1.5656358873062575, ""body_min"": 0.6438457606630779, ""close_loc_min"": 0.6147258439417949, ""eff_min"": 0.25929718711201644, ""atr_rank_min"": 0.40563604299845146, ""squeeze_rank_max"": 0.46311112593297266, ""vwap_dev_entry"": 1.9295568169944532, ""pull_idx"": 4, ""don_idx"": 0, ""trail_trigger"": 1.9094733112134932, ""trail_lock"": 1.8191229190737062}"
55,-282.7713858635351,False,趋势回踩,双向,21.0,0.5238095238095238,1.3330341024832337,23.0,0.2608695652173913,1.2672385594341564,-6.016020384558537,4.470421297090946,9.0,0.4444444444444444,0.20513741377749706,12.0,0.5833333333333334,5.890624103727614,"{""family_mask"": 1, ""direction"": 0, ""rr"": 2.2, ""sl_atr"": 1.0110794574414792, ""min_stop_pct"": 0.0032650990063403623, ""max_hold"": 216, ""cooldown"": 25, ""session_start"": 0, ""session_end"": 24, ""weekday_mask"": 124, ""adx_trend_min"": 26.901058794300543, ""adx_range_max"": 13.161010381773078, ""rsi_long_min"": 51.08551698648586, ""rsi_long_max"": 73.5292106039352, ""volz_break"": -0.06590972759467881, ""body_min"": 0.39591324458453414, ""close_loc_min"": 0.7368694750743815, ""eff_min"": 0.22777562430229384, ""atr_rank_min"": 0.6478224892459489, ""squeeze_rank_max"": 0.21259191240875613, ""vwap_dev_entry"": 2.2889206452926008, ""pull_idx"": 5, ""don_idx"": 0, ""trail_trigger"": 1.9357216194535753, ""trail_lock"": 1.784978220559718}"
56,-287.31283927951284,False,趋势回踩+压缩突破,双向,24.0,0.5,1.3904648700272193,31.0,0.25806451612903225,1.513534965159626,-7.052199431325668,5.0673491070260495,10.0,0.6,5.048482772415111,14.0,0.42857142857142855,0.9653464970805603,"{""family_mask"": 3, ""direction"": 0, ""rr"": 2.2, ""sl_atr"": 2.380096384425342, ""min_stop_pct"": 0.003259494533531487, ""max_hold"": 216, ""cooldown"": 23, ""session_start"": 0, ""session_end"": 24, ""weekday_mask"": 124, ""adx_trend_min"": 23.84361638353129, ""adx_range_max"": 16.11477635542404, ""rsi_long_min"": 52.14887195006401, ""rsi_long_max"": 70.5269161553284, ""volz_break"": 0.837854551383969, ""body_min"": 0.2953982492456042, ""close_loc_min"": 0.6931124264488315, ""eff_min"": 0.3304773272285418, ""atr_rank_min"": 0.38227215326972674, ""squeeze_rank_max"": 0.14611870078246242, ""vwap_dev_entry"": 0.6133974514957348, ""pull_idx"": 8, ""don_idx"": 1, ""trail_trigger"": 1.9797364011117653, ""trail_lock"": 1.796786638262559}"
57,-293.0569010349641,False,趋势回踩,双向,21.0,0.47619047619047616,1.5034714159524876,33.0,0.3333333333333333,1.709877303884356,0.7123235517427875,3.6460917707010996,10.0,0.5,3.004562673466786,11.0,0.45454545454545453,1.3545637087476476,"{""family_mask"": 1, ""direction"": 0, ""rr"": 2.2, ""sl_atr"": 1.9698486122378132, ""min_stop_pct"": 0.006672688355336756, ""max_hold"": 288, ""cooldown"": 15, ""session_start"": 0, ""session_end"": 24, ""weekday_mask"": 62, ""adx_trend_min"": 16.899828709254386, ""adx_range_max"": 17.47288354221088, ""rsi_long_min"": 45.75389377950599, ""rsi_long_max"": 68.3201128840144, ""volz_break"": 0.6803600075124205, ""body_min"": 0.3607978732639886, ""close_loc_min"": 0.758096238566663, ""eff_min"": 0.2045382730969937, ""atr_rank_min"": 0.5337527780346355, ""squeeze_rank_max"": 0.274862914491365, ""vwap_dev_entry"": 0.7313488837459036, ""pull_idx"": 4, ""don_idx"": 0, ""trail_trigger"": 2.029424876922341, ""trail_lock"": 1.8429870389921015}"
58,-301.769298987704,False,趋势回踩+震荡反转,双向,21.0,0.47619047619047616,1.5019184228916014,29.0,0.3793103448275862,1.5125983058371133,3.25747090295505,6.079268655608875,11.0,0.5454545454545454,4.63582772661184,10.0,0.4,0.25140565649390023,"{""family_mask"": 5, ""direction"": 0, ""rr"": 2.4, ""sl_atr"": 1.4767520678814723, ""min_stop_pct"": 0.004646853408259331, ""max_hold"": 432, ""cooldown"": 8, ""session_start"": 0, ""session_end"": 24, ""weekday_mask"": 62, ""adx_trend_min"": 20.478147658546835, ""adx_range_max"": 18.26189268189903, ""rsi_long_min"": 51.11699100557834, ""rsi_long_max"": 68.25758094269071, ""volz_break"": 0.6226309753919061, ""body_min"": 0.5177055910334618, ""close_loc_min"": 0.8234829767704, ""eff_min"": 0.2252501087242616, ""atr_rank_min"": 0.722841394370566, ""squeeze_rank_max"": 0.3091092222266394, ""vwap_dev_entry"": 1.4055607082988688, ""pull_idx"": 4, ""don_idx"": 1, ""trail_trigger"": 2.0263279033196193, ""trail_lock"": 1.802906108237251}"
59,-305.04356939140854,False,趋势回踩+震荡反转,双向,22.0,0.5,1.4116635562125606,21.0,0.3333333333333333,1.5186277102403227,1.6386576552592322,4.478927272915226,7.0,0.7142857142857143,5.259607827101645,15.0,0.4,0.42246999408726893,"{""family_mask"": 5, ""direction"": 0, ""rr"": 3.0, ""sl_atr"": 2.760113449963412, ""min_stop_pct"": 0.003511580357783635, ""max_hold"": 576, ""cooldown"": 17, ""session_start"": 0, ""session_end"": 24, ""weekday_mask"": 124, ""adx_trend_min"": 20.650400712140637, ""adx_range_max"": 13.475587989306561, ""rsi_long_min"": 52.85770561306848, ""rsi_long_max"": 74.10167786295908, ""volz_break"": 0.7198986737695436, ""body_min"": 0.48482982314656176, ""close_loc_min"": 0.7343141603665126, ""eff_min"": 0.4563006188310492, ""atr_rank_min"": 0.749770226890813, ""squeeze_rank_max"": 0.38214629088326807, ""vwap_dev_entry"": 2.3027181368156047, ""pull_idx"": 7, ""don_idx"": 0, ""trail_trigger"": 1.9229695202598442, ""trail_lock"": 1.8152081971439393}"
60,-308.3439491190479,False,趋势回踩+压缩突破,双向,22.0,0.5,1.3695143257316675,26.0,0.34615384615384615,1.4721144233559782,0.8033783781490078,3.8375363535561284,9.0,0.5555555555555556,2.966667642606316,13.0,0.46153846153846156,2.3312172567692393,"{""family_mask"": 3, ""direction"": 0, ""rr"": 2.4, ""sl_atr"": 2.5576526641536623, ""min_stop_pct"": 0.0030111292114787932, ""max_hold"": 432, ""cooldown"": 28, ""session_start"": 0, ""session_end"": 24, ""weekday_mask"": 124, ""adx_trend_min"": 20.5715468250578, ""adx_range_max"": 16.768164051621337, ""rsi_long_min"": 39.8613522357278, ""rsi_long_max"": 75.45541599495758, ""volz_break"": 1.5901032286909793, ""body_min"": 0.31259664063024983, ""close_loc_min"": 0.7872533012486631, ""eff_min"": 0.42595186515102207, ""atr_rank_min"": 0.6702994674894783, ""squeeze_rank_max"": 0.13117736182980583, ""vwap_dev_entry"": 1.1645306999453453, ""pull_idx"": 2, ""don_idx"": 1, ""trail_trigger"": 1.9275249265781564, ""trail_lock"": 1.84968029628527}"
61,-308.48892980747996,False,趋势回踩+震荡反转,双向,20.0,0.5,1.414773751362951,20.0,0.2,1.5490437189245339,-6.59032161415799,5.1060271402223325,8.0,0.625,4.996795112788481,12.0,0.4166666666666667,0.2976313172832339,"{""family_mask"": 5, ""direction"": 0, ""rr"": 2.2, ""sl_atr"": 2.0424127992459016, ""min_stop_pct"": 0.0036291139972593834, ""max_hold"": 576, ""cooldown"": 27, ""session_start"": 0, ""session_end"": 24, ""weekday_mask"": 124, ""adx_trend_min"": 23.920525317413805, ""adx_range_max"": 12.225805950107388, ""rsi_long_min"": 45.354732639757806, ""rsi_long_max"": 71.73664932569334, ""volz_break"": -0.2830606353121785, ""body_min"": 0.25110219136975864, ""close_loc_min"": 0.5954008509149346, ""eff_min"": 0.23384698214045613, ""atr_rank_min"": 0.3120136455422876, ""squeeze_rank_max"": 0.23282208665282195, ""vwap_dev_entry"": 1.8466355653821107, ""pull_idx"": 3, ""don_idx"": 0, ""trail_trigger"": 1.9495138525087814, ""trail_lock"": 1.8037497255090258}"
62,-311.94537429303915,False,趋势回踩+压缩突破,双向,27.0,0.48148148148148145,1.4505643451821284,32.0,0.21875,1.6089008662416668,-10.13546372254218,5.009268294504219,11.0,0.45454545454545453,1.763974025643912,16.0,0.5,4.396654070561935,"{""family_mask"": 3, ""direction"": 0, ""rr"": 2.2, ""sl_atr"": 2.7900952330043083, ""min_stop_pct"": 0.003257468893268346, ""max_hold"": 432, ""cooldown"": 3, ""session_start"": 0, ""session_end"": 24, ""weekday_mask"": 124, ""adx_trend_min"": 21.450609648341057, ""adx_range_max"": 22.696574190446526, ""rsi_long_min"": 44.25578689965454, ""rsi_long_max"": 74.46722932096117, ""volz_break"": -0.2925560327282541, ""body_min"": 0.5761946277719964, ""close_loc_min"": 0.6480713031080019, ""eff_min"": 0.2062672827731239, ""atr_rank_min"": 0.6756541753741043, ""squeeze_rank_max"": 0.41093699558888575, ""vwap_dev_entry"": 0.8014999188388756, ""pull_idx"": 4, ""don_idx"": 0, ""trail_trigger"": 2.0256126788267004, ""trail_lock"": 1.7739602929569396}"
63,-318.9569943959791,False,趋势回踩+压缩突破,双向,25.0,0.52,1.281387356732954,35.0,0.45714285714285713,1.6502012129068397,13.215581744636262,3.4655156603869552,12.0,0.5833333333333334,4.035121274403664,13.0,0.46153846153846156,0.7620561817796321,"{""family_mask"": 3, ""direction"": 0, ""rr"": 2.6, ""sl_atr"": 2.371847557467983, ""min_stop_pct"": 0.00699580874472369, ""max_hold"": 144, ""cooldown"": 3, ""session_start"": 0, ""session_end"": 24, ""weekday_mask"": 62, ""adx_trend_min"": 16.09499546992889, ""adx_range_max"": 21.97518800614497, ""rsi_long_min"": 40.47473615812004, ""rsi_long_max"": 62.57771897408684, ""volz_break"": 0.6999448726418322, ""body_min"": 0.4821402392162819, ""close_loc_min"": 0.5844306132496848, ""eff_min"": 0.2687465538305817, ""atr_rank_min"": 0.15750410000036155, ""squeeze_rank_max"": 0.48602592954376017, ""vwap_dev_entry"": 0.8213374368438802, ""pull_idx"": 7, ""don_idx"": 1, ""trail_trigger"": 2.4094487402561793, ""trail_lock"": 1.981551255466135}"
64,-330.53328356173125,False,趋势回踩,双向,25.0,0.48,1.426705785585304,28.0,0.4642857142857143,1.5007876306641075,10.918104017184755,6.868426019923274,12.0,0.5,2.624843104977697,13.0,0.46153846153846156,2.717546077984787,"{""family_mask"": 1, ""direction"": 0, ""rr"": 2.6, ""sl_atr"": 2.378947239396723, ""min_stop_pct"": 0.0030337135818575642, ""max_hold"": 576, ""cooldown"": 33, ""session_start"": 0, ""session_end"": 24, ""weekday_mask"": 62, ""adx_trend_min"": 14.55683043367484, ""adx_range_max"": 16.972714443464398, ""rsi_long_min"": 44.954195593919685, ""rsi_long_max"": 65.02286701842272, ""volz_break"": 1.200894132147188, ""body_min"": 0.3474781797693317, ""close_loc_min"": 0.6905789339184312, ""eff_min"": 0.44103591838572603, ""atr_rank_min"": 0.6508502436875023, ""squeeze_rank_max"": 0.4557447060348325, ""vwap_dev_entry"": 2.061253242535659, ""pull_idx"": 5, ""don_idx"": 0, ""trail_trigger"": 2.128655290470894, ""trail_lock"": 2.0667993779142875}"
65,-330.54876859665785,False,趋势回踩+震荡反转,双向,25.0,0.52,1.266933530267153,26.0,0.23076923076923078,1.412853563501513,-8.457134682164375,5.075248869454242,10.0,0.6,3.986454921561765,15.0,0.4666666666666667,1.9099527655203894,"{""family_mask"": 5, ""direction"": 0, ""rr"": 2.4, ""sl_atr"": 2.0039619005000717, ""min_stop_pct"": 0.0031039080431360722, ""max_hold"": 216, ""cooldown"": 19, ""session_start"": 0, ""session_end"": 24, ""weekday_mask"": 124, ""adx_trend_min"": 21.49238885770964, ""adx_range_max"": 18.962564564662955, ""rsi_long_min"": 52.01717928320782, ""rsi_long_max"": 75.84574545307278, ""volz_break"": 0.0017034017627901021, ""body_min"": 0.43778035725928705, ""close_loc_min"": 0.6877242354860469, ""eff_min"": 0.26365038058493434, ""atr_rank_min"": 0.7777064467621977, ""squeeze_rank_max"": 0.24280273915216263, ""vwap_dev_entry"": 2.188244927607828, ""pull_idx"": 4, ""don_idx"": 1, ""trail_trigger"": 1.92563045200557, ""trail_lock"": 1.8641948831094808}"
66,-337.5520007640489,False,趋势回踩+压缩突破,双向,20.0,0.5,1.3775971313400908,25.0,0.6,1.4251775008296073,18.895462884953,2.603311075301818,11.0,0.5454545454545454,3.613103763010349,9.0,0.4444444444444444,1.2354557045893708,"{""family_mask"": 3, ""direction"": 0, ""rr"": 2.2, ""sl_atr"": 1.9230647088030066, ""min_stop_pct"": 0.0033235516833780183, ""max_hold"": 288, ""cooldown"": 7, ""session_start"": 0, ""session_end"": 24, ""weekday_mask"": 62, ""adx_trend_min"": 17.741762322393402, ""adx_range_max"": 21.430631505584348, ""rsi_long_min"": 42.880445425061225, ""rsi_long_max"": 71.61571345737849, ""volz_break"": 0.8053250570292714, ""body_min"": 0.429100199672108, ""close_loc_min"": 0.7641598442945691, ""eff_min"": 0.4236898143772539, ""atr_rank_min"": 0.16904263029048086, ""squeeze_rank_max"": 0.20357354109273246, ""vwap_dev_entry"": 1.9368619046255517, ""pull_idx"": 3, ""don_idx"": 1, ""trail_trigger"": 1.9340488387882782, ""trail_lock"": 1.869728232611722}"
67,-339.5541683273418,False,趋势回踩+震荡反转,双向,23.0,0.4782608695652174,1.4321351783129241,16.0,0.5625,1.5136802773717495,11.242550044061804,3.6642217165259483,9.0,0.5555555555555556,2.9999053161513647,14.0,0.42857142857142855,0.6448473345406673,"{""family_mask"": 5, ""direction"": 0, ""rr"": 2.2, ""sl_atr"": 2.4385185591681147, ""min_stop_pct"": 0.006633955866413989, ""max_hold"": 144, ""cooldown"": 15, ""session_start"": 0, ""session_end"": 24, ""weekday_mask"": 127, ""adx_trend_min"": 15.620274043365207, ""adx_range_max"": 24.299124626871624, ""rsi_long_min"": 42.527909864678186, ""rsi_long_max"": 63.85690237803454, ""volz_break"": 1.1597755982916735, ""body_min"": 0.2807252227962186, ""close_loc_min"": 0.8055333395674666, ""eff_min"": 0.5547021813174171, ""atr_rank_min"": 0.4678607641968102, ""squeeze_rank_max"": 0.14052903660373534, ""vwap_dev_entry"": 2.068016868149873, ""pull_idx"": 7, ""don_idx"": 0, ""trail_trigger"": 2.0119112041457146, ""trail_lock"": 1.9565341335031394}"
68,-346.21325255651413,False,趋势回踩+震荡反转,双向,23.0,0.4782608695652174,1.4353245725899217,24.0,0.4583333333333333,1.3794412288887516,7.410959188247793,4.9863460997709055,11.0,0.5454545454545454,4.4144149296022075,12.0,0.4166666666666667,0.30802553064769245,"{""family_mask"": 5, ""direction"": 0, ""rr"": 2.8, ""sl_atr"": 1.1763081886544213, ""min_stop_pct"": 0.004069999430475386, ""max_hold"": 576, ""cooldown"": 23, ""session_start"": 0, ""session_end"": 24, ""weekday_mask"": 127, ""adx_trend_min"": 26.63937888032273, ""adx_range_max"": 22.15651332840597, ""rsi_long_min"": 38.395136621100114, ""rsi_long_max"": 66.16201858338913, ""volz_break"": 0.8017277873697874, ""body_min"": 0.34276613351410695, ""close_loc_min"": 0.6125714611549715, ""eff_min"": 0.2363561824256567, ""atr_rank_min"": 0.6490374549421546, ""squeeze_rank_max"": 0.34690331397616214, ""vwap_dev_entry"": 0.7634656454666322, ""pull_idx"": 3, ""don_idx"": 0, ""trail_trigger"": 1.9323555130566894, ""trail_lock"": 1.8653492642570655}"
69,-350.7562852321928,False,趋势回踩+压缩突破,双向,24.0,0.4583333333333333,1.5082672230258125,24.0,0.2916666666666667,1.6446520531395883,-2.0603388602180344,5.253892333630789,8.0,0.5,3.2048192269942164,16.0,0.4375,1.5063273054300086,"{""family_mask"": 3, ""direction"": 0, ""rr"": 2.6, ""sl_atr"": 1.8760084346131287, ""min_stop_pct"": 0.003201330395071334, ""max_hold"": 432, ""cooldown"": 26, ""session_start"": 0, ""session_end"": 24, ""weekday_mask"": 124, ""adx_trend_min"": 23.327825204444757, ""adx_range_max"": 24.37266570169949, ""rsi_long_min"": 46.12691774445129, ""rsi_long_max"": 75.14806486262962, ""volz_break"": -0.23847711635080135, ""body_min"": 0.573998260074027, ""close_loc_min"": 0.6825367552352444, ""eff_min"": 0.45070962143762294, ""atr_rank_min"": 0.22142170281112283, ""squeeze_rank_max"": 0.5177909805026143, ""vwap_dev_entry"": 1.2729792915798723, ""pull_idx"": 8, ""don_idx"": 1, ""trail_trigger"": 2.279299075103249, ""trail_lock"": 1.8953031686650255}"
70,-352.98139041231207,False,趋势回踩+压缩突破,双向,25.0,0.48,1.3947140963917917,28.0,0.42857142857142855,1.3933198899737937,5.761800054148514,6.737371741277179,9.0,0.5555555555555556,3.7504194007500278,16.0,0.4375,1.1143233177920664,"{""family_mask"": 3, ""direction"": 0, ""rr"": 2.6, ""sl_atr"": 1.7532768571555115, ""min_stop_pct"": 0.003217320511502575, ""max_hold"": 576, ""cooldown"": 26, ""session_start"": 0, ""session_end"": 24, ""weekday_mask"": 124, ""adx_trend_min"": 22.042885135005363, ""adx_range_max"": 22.712397587779414, ""rsi_long_min"": 40.00348070546232, ""rsi_long_max"": 70.77075027550153, ""volz_break"": 1.7535913592667163, ""body_min"": 0.43317396072671444, ""close_loc_min"": 0.6998358674051766, ""eff_min"": 0.39859848589332525, ""atr_rank_min"": 0.3749638838037209, ""squeeze_rank_max"": 0.20182902346407106, ""vwap_dev_entry"": 0.8176104165710473, ""pull_idx"": 8, ""don_idx"": 1, ""trail_trigger"": 1.9146337066092665, ""trail_lock"": 1.7840294270379977}"
71,-353.16010682525814,False,趋势回踩+震荡反转,双向,27.0,0.48148148148148145,1.4186671589993505,31.0,0.25806451612903225,1.5572060633928102,-6.81118159773888,6.480624369819621,10.0,0.6,5.389430096901354,17.0,0.4117647058823529,0.2738949451016388,"{""family_mask"": 5, ""direction"": 0, ""rr"": 2.2, ""sl_atr"": 2.79729512381857, ""min_stop_pct"": 0.003384486787195564, ""max_hold"": 288, ""cooldown"": 13, ""session_start"": 0, ""session_end"": 24, ""weekday_mask"": 124, ""adx_trend_min"": 20.279290533530123, ""adx_range_max"": 14.417105050189146, ""rsi_long_min"": 47.16487426357658, ""rsi_long_max"": 74.45872407482221, ""volz_break"": 1.0232596730085441, ""body_min"": 0.3982418796408488, ""close_loc_min"": 0.6767025180507693, ""eff_min"": 0.20256781269640825, ""atr_rank_min"": 0.21675789758646902, ""squeeze_rank_max"": 0.42837527382601165, ""vwap_dev_entry"": 1.50557915898017, ""pull_idx"": 4, ""don_idx"": 0, ""trail_trigger"": 2.0554467458094856, ""trail_lock"": 1.9083470567141727}"
72,-354.52073222591076,False,趋势回踩+压缩突破,双向,20.0,0.55,1.1803162096824131,25.0,0.44,1.3924039761269358,5.550240042143279,4.537984808072014,8.0,0.625,1.8696173597288637,12.0,0.5,2.2529798684436595,"{""family_mask"": 3, ""direction"": 0, ""rr"": 2.8, ""sl_atr"": 0.9180549417884499, ""min_stop_pct"": 0.007469316151739207, ""max_hold"": 144, ""cooldown"": 35, ""session_start"": 0, ""session_end"": 24, ""weekday_mask"": 124, ""adx_trend_min"": 17.130092498048906, ""adx_range_max"": 17.70238353532561, ""rsi_long_min"": 48.711393653761846, ""rsi_long_max"": 68.39269766611594, ""volz_break"": 1.0089197951998305, ""body_min"": 0.5923602823435358, ""close_loc_min"": 0.5972490820666106, ""eff_min"": 0.2832166157437416, ""atr_rank_min"": 0.3286119716620947, ""squeeze_rank_max"": 0.5315650065611881, ""vwap_dev_entry"": 1.7942968238001062, ""pull_idx"": 3, ""don_idx"": 1, ""trail_trigger"": 2.004998808340156, ""trail_lock"": 1.9096348308626838}"
73,-357.1568043568052,False,趋势回踩+压缩突破,双向,26.0,0.5,1.3272126042570045,34.0,0.3235294117647059,1.5706678727267689,-1.3595800318802775,5.126508763268836,10.0,0.5,1.364666625876488,16.0,0.5,4.105293643784773,"{""family_mask"": 3, ""direction"": 0, ""rr"": 2.4, ""sl_atr"": 2.2590342573309004, ""min_stop_pct"": 0.003207168469187126, ""max_hold"": 432, ""cooldown"": 6, ""session_start"": 0, ""session_end"": 24, ""weekday_mask"": 62, ""adx_trend_min"": 17.606394543190046, ""adx_range_max"": 18.66338851863876, ""rsi_long_min"": 51.01842173628418, ""rsi_long_max"": 75.8278128571409, ""volz_break"": 1.3451753386977054, ""body_min"": 0.3018465209066329, ""close_loc_min"": 0.6114971264805985, ""eff_min"": 0.7002587010481092, ""atr_rank_min"": 0.7041588628637014, ""squeeze_rank_max"": 0.40514928796656785, ""vwap_dev_entry"": 2.3201273016921933, ""pull_idx"": 8, ""don_idx"": 1, ""trail_trigger"": 2.0151778660580413, ""trail_lock"": 1.7518281320554296}"
74,-360.9875915583523,False,趋势回踩+压缩突破,双向,22.0,0.45454545454545453,1.7284495869165828,28.0,0.42857142857142855,1.576339151930831,9.388856551280993,3.4410917450336367,10.0,0.5,3.388763648963251,12.0,0.4166666666666667,2.6718136625419744,"{""family_mask"": 3, ""direction"": 0, ""rr"": 2.6, ""sl_atr"": 1.4983152579249293, ""min_stop_pct"": 0.006826734826799083, ""max_hold"": 576, ""cooldown"": 12, ""session_start"": 0, ""session_end"": 24, ""weekday_mask"": 127, ""adx_trend_min"": 18.154323032680335, ""adx_range_max"": 24.759036354361278, ""rsi_long_min"": 46.333548584718514, ""rsi_long_max"": 63.75758943303425, ""volz_break"": 0.8821878010698012, ""body_min"": 0.6245650986755155, ""close_loc_min"": 0.7879877424144002, ""eff_min"": 0.2438727483396119, ""atr_rank_min"": 0.5206288271132119, ""squeeze_rank_max"": 0.2504860549469975, ""vwap_dev_entry"": 1.0682416673849022, ""pull_idx"": 7, ""don_idx"": 0, ""trail_trigger"": 1.9704453789255012, ""trail_lock"": 1.8145105777068857}"
75,-365.4752445580589,False,趋势回踩+压缩突破,双向,22.0,0.45454545454545453,1.742476244333262,31.0,0.3548387096774194,1.6873027275000798,4.560814981071493,3.8864541930850907,11.0,0.45454545454545453,2.247388638488313,11.0,0.45454545454545453,3.939666163146664,"{""family_mask"": 3, ""direction"": 0, ""rr"": 2.8, ""sl_atr"": 2.7484209882596287, ""min_stop_pct"": 0.007114986904882272, ""max_hold"": 576, ""cooldown"": 16, ""session_start"": 0, ""session_end"": 24, ""weekday_mask"": 62, ""adx_trend_min"": 14.862249913028133, ""adx_range_max"": 16.247700161403614, ""rsi_long_min"": 42.47390817657889, ""rsi_long_max"": 72.05717112885587, ""volz_break"": 0.5573983255430404, ""body_min"": 0.6367094650010394, ""close_loc_min"": 0.7265826195043543, ""eff_min"": 0.2656983338930015, ""atr_rank_min"": 0.2874787864560693, ""squeeze_rank_max"": 0.23113225456520956, ""vwap_dev_entry"": 1.4657999942734175, ""pull_idx"": 6, ""don_idx"": 1, ""trail_trigger"": 2.0663260911921086, ""trail_lock"": 1.9594580137713917}"
76,-367.2154589638749,False,趋势回踩+压缩突破,双向,23.0,0.4782608695652174,1.4289296775800435,32.0,0.46875,1.504142643058056,10.322128668520271,3.509407809530556,8.0,0.625,3.9880323080002786,15.0,0.4,0.10339584521228784,"{""family_mask"": 3, ""direction"": 0, ""rr"": 2.2, ""sl_atr"": 2.07296900533212, ""min_stop_pct"": 0.005911033188005048, ""max_hold"": 144, ""cooldown"": 10, ""session_start"": 0, ""session_end"": 24, ""weekday_mask"": 124, ""adx_trend_min"": 14.928455973990397, ""adx_range_max"": 18.401747750962116, ""rsi_long_min"": 48.47046846210215, ""rsi_long_max"": 63.934972828323026, ""volz_break"": -0.1331148318455007, ""body_min"": 0.37545346757251863, ""close_loc_min"": 0.8748089200909261, ""eff_min"": 0.2300428048260639, ""atr_rank_min"": 0.36531794989387123, ""squeeze_rank_max"": 0.4945704208171916, ""vwap_dev_entry"": 0.9255267063790455, ""pull_idx"": 4, ""don_idx"": 0, ""trail_trigger"": 1.9510981180667664, ""trail_lock"": 1.8918098465066602}"
77,-367.64677972944384,False,趋势回踩+压缩突破,双向,22.0,0.45454545454545453,1.6936711533329565,27.0,0.2962962962962963,1.7441344087136124,0.2213767053749136,5.749866372361855,12.0,0.4166666666666667,1.2837257825238777,10.0,0.5,5.106233274400532,"{""family_mask"": 3, ""direction"": 0, ""rr"": 3.0, ""sl_atr"": 2.0190964136744607, ""min_stop_pct"": 0.0031700702002964865, ""max_hold"": 288, ""cooldown"": 13, ""session_start"": 0, ""session_end"": 24, ""weekday_mask"": 62, ""adx_trend_min"": 27.60867785754762, ""adx_range_max"": 22.002194643512357, ""rsi_long_min"": 50.25383040018496, ""rsi_long_max"": 72.88995014305155, ""volz_break"": 1.6087043356583521, ""body_min"": 0.3494466916235119, ""close_loc_min"": 0.7741311779264594, ""eff_min"": 0.25175147242376456, ""atr_rank_min"": 0.683380911622309, ""squeeze_rank_max"": 0.38990088152060703, ""vwap_dev_entry"": 0.5603684174438106, ""pull_idx"": 5, ""don_idx"": 1, ""trail_trigger"": 2.373993673649601, ""trail_lock"": 1.9843024217854992}"
78,-372.18566808790234,False,趋势回踩+压缩突破,双向,22.0,0.45454545454545453,1.6898406437352678,37.0,0.3783783783783784,1.591143314568818,4.769213844771702,5.710596960052717,12.0,0.4166666666666667,1.4384671855826752,10.0,0.5,4.156227429555596,"{""family_mask"": 3, ""direction"": 0, ""rr"": 2.2, ""sl_atr"": 1.2851735908429798, ""min_stop_pct"": 0.007048803104773428, ""max_hold"": 432, ""cooldown"": 8, ""session_start"": 0, ""session_end"": 24, ""weekday_mask"": 127, ""adx_trend_min"": 15.184336632922742, ""adx_range_max"": 16.81432319027459, ""rsi_long_min"": 48.20896380567277, ""rsi_long_max"": 61.42408557459142, ""volz_break"": 1.2468312979205907, ""body_min"": 0.4806548631520092, ""close_loc_min"": 0.7285394396668652, ""eff_min"": 0.3055792049529297, ""atr_rank_min"": 0.3489263720714031, ""squeeze_rank_max"": 0.40239518961906295, ""vwap_dev_entry"": 1.0116469061831073, ""pull_idx"": 2, ""don_idx"": 1, ""trail_trigger"": 2.0310439489067926, ""trail_lock"": 1.7728554576295246}"
79,-372.9512340385751,False,趋势回踩+震荡反转,双向,22.0,0.45454545454545453,1.542389648924682,25.0,0.4,1.6162936005486965,5.428014903947641,5.361617174756599,7.0,0.5714285714285714,3.3968211294915194,15.0,0.4,0.6548618151781356,"{""family_mask"": 5, ""direction"": 0, ""rr"": 2.8, ""sl_atr"": 1.0689892517612007, ""min_stop_pct"": 0.00546799410495021, ""max_hold"": 432, ""cooldown"": 11, ""session_start"": 0, ""session_end"": 24, ""weekday_mask"": 127, ""adx_trend_min"": 35.68944860638912, ""adx_range_max"": 23.703001583228044, ""rsi_long_min"": 42.49929066217059, ""rsi_long_max"": 69.59651899544704, ""volz_break"": 1.1888239297647503, ""body_min"": 0.2356606897256433, ""close_loc_min"": 0.6705071647644296, ""eff_min"": 0.4973485118839386, ""atr_rank_min"": 0.2096526200982422, ""squeeze_rank_max"": 0.3518647162220214, ""vwap_dev_entry"": 1.117102316279897, ""pull_idx"": 7, ""don_idx"": 1, ""trail_trigger"": 2.0850766183710707, ""trail_lock"": 1.9199179460050122}"
80,-378.29195625883125,False,趋势回踩,双向,25.0,0.48,1.377677734670754,25.0,0.32,1.3753880620904024,-2.6004210652543964,7.387988860802534,9.0,0.5555555555555556,3.4907538991184506,16.0,0.4375,1.1097770831070715,"{""family_mask"": 1, ""direction"": 0, ""rr"": 2.8, ""sl_atr"": 2.4005610587437998, ""min_stop_pct"": 0.003142569390247062, ""max_hold"": 432, ""cooldown"": 25, ""session_start"": 0, ""session_end"": 24, ""weekday_mask"": 124, ""adx_trend_min"": 20.989119791302592, ""adx_range_max"": 21.58307099323566, ""rsi_long_min"": 38.2868996755646, ""rsi_long_max"": 71.17501282139892, ""volz_break"": 0.20598675925782733, ""body_min"": 0.4580931889394064, ""close_loc_min"": 0.6887160131131116, ""eff_min"": 0.42179744087028703, ""atr_rank_min"": 0.18166801600594534, ""squeeze_rank_max"": 0.26749223468000916, ""vwap_dev_entry"": 1.6376443894676742, ""pull_idx"": 8, ""don_idx"": 1, ""trail_trigger"": 2.0858664852103392, ""trail_lock"": 1.858745887350135}"
81,-379.85044670965283,False,趋势回踩+压缩突破,双向,20.0,0.5,1.3485898818853927,23.0,0.391304347826087,1.4298028160202212,3.179124782208018,3.758867875024503,11.0,0.5454545454545454,3.959309969142768,9.0,0.4444444444444444,0.6258730424021293,"{""family_mask"": 3, ""direction"": 0, ""rr"": 2.2, ""sl_atr"": 1.490222833118274, ""min_stop_pct"": 0.003105445287650728, ""max_hold"": 288, ""cooldown"": 8, ""session_start"": 0, ""session_end"": 24, ""weekday_mask"": 62, ""adx_trend_min"": 17.682974162175185, ""adx_range_max"": 18.329765698921065, ""rsi_long_min"": 47.65726205447112, ""rsi_long_max"": 73.11569598915604, ""volz_break"": 1.2583122909214404, ""body_min"": 0.3210125120835343, ""close_loc_min"": 0.773452240195528, ""eff_min"": 0.43169707267829943, ""atr_rank_min"": 0.4178674707003268, ""squeeze_rank_max"": 0.3225737899755399, ""vwap_dev_entry"": 1.8653275916280185, ""pull_idx"": 3, ""don_idx"": 0, ""trail_trigger"": 1.940672985979981, ""trail_lock"": 1.8536608983916056}"
82,-380.47978878657364,False,趋势回踩,双向,22.0,0.45454545454545453,1.6401125154801235,36.0,0.3611111111111111,1.6422812652000618,3.099712120253672,3.382027105763683,10.0,0.5,3.4435421311302115,12.0,0.4166666666666667,1.5164836620332292,"{""family_mask"": 1, ""direction"": 0, ""rr"": 2.2, ""sl_atr"": 0.9149571917561008, ""min_stop_pct"": 0.007905384453375526, ""max_hold"": 576, ""cooldown"": 12, ""session_start"": 0, ""session_end"": 24, ""weekday_mask"": 62, ""adx_trend_min"": 14.503168534191442, ""adx_range_max"": 12.716073545472174, ""rsi_long_min"": 44.33429774111175, ""rsi_long_max"": 67.57665191811874, ""volz_break"": 0.037408879749029456, ""body_min"": 0.6561651065273812, ""close_loc_min"": 0.7218471144573133, ""eff_min"": 0.24732062152066236, ""atr_rank_min"": 0.34072528486203213, ""squeeze_rank_max"": 0.3173136706842593, ""vwap_dev_entry"": 1.4473956982678593, ""pull_idx"": 5, ""don_idx"": 1, ""trail_trigger"": 1.9315842606762257, ""trail_lock"": 1.8783125209941176}"
83,-380.9458716332956,False,趋势回踩+压缩突破,双向,22.0,0.45454545454545453,1.634519090312973,16.0,0.1875,1.6242998242585032,-4.613505677134515,5.00073033651474,10.0,0.5,3.9635349739993604,12.0,0.4166666666666667,1.4698203930208615,"{""family_mask"": 3, ""direction"": 0, ""rr"": 2.4, ""sl_atr"": 1.5996432610845637, ""min_stop_pct"": 0.004003391299811136, ""max_hold"": 576, ""cooldown"": 9, ""session_start"": 0, ""session_end"": 24, ""weekday_mask"": 124, ""adx_trend_min"": 26.873130657455512, ""adx_range_max"": 24.540274618312676, ""rsi_long_min"": 42.405697958987815, ""rsi_long_max"": 65.87530982687151, ""volz_break"": -0.0605176414288765, ""body_min"": 0.6025817082511408, ""close_loc_min"": 0.6004244868665722, ""eff_min"": 0.24490166159053375, ""atr_rank_min"": 0.30751474746098906, ""squeeze_rank_max"": 0.515907085030493, ""vwap_dev_entry"": 1.7658283214456993, ""pull_idx"": 4, ""don_idx"": 1, ""trail_trigger"": 2.2026714623100743, ""trail_lock"": 2.1351682780733396}"
84,-382.0736243729769,False,趋势回踩,双向,20.0,0.45,1.762725066362847,32.0,0.25,1.7403500557267628,-5.86532632484099,4.537418121679814,7.0,0.5714285714285714,3.856233681690351,13.0,0.38461538461538464,1.6607936384542057,"{""family_mask"": 1, ""direction"": 0, ""rr"": 2.4, ""sl_atr"": 1.67527730211577, ""min_stop_pct"": 0.007477207599220722, ""max_hold"": 576, ""cooldown"": 4, ""session_start"": 0, ""session_end"": 24, ""weekday_mask"": 124, ""adx_trend_min"": 15.701225122921308, ""adx_range_max"": 12.695399998369416, ""rsi_long_min"": 40.70738692935997, ""rsi_long_max"": 64.60425954945107, ""volz_break"": 1.762641617744957, ""body_min"": 0.46713124440233367, ""close_loc_min"": 0.7132184468352913, ""eff_min"": 0.19941857304931707, ""atr_rank_min"": 0.5011389339916719, ""squeeze_rank_max"": 0.5071219731881071, ""vwap_dev_entry"": 1.6003304623577377, ""pull_idx"": 8, ""don_idx"": 1, ""trail_trigger"": 2.107738594940752, ""trail_lock"": 1.7983138685580502}"
85,-389.3348063459364,False,趋势回踩+压缩突破,双向,20.0,0.45,1.8170727099078086,28.0,0.39285714285714285,1.9741689701583167,11.187124826796712,4.576152494909644,9.0,0.5555555555555556,5.7461813520152285,11.0,0.36363636363636365,0.3798270905007586,"{""family_mask"": 3, ""direction"": 0, ""rr"": 2.4, ""sl_atr"": 2.4791173687276933, ""min_stop_pct"": 0.006960544414191074, ""max_hold"": 432, ""cooldown"": 12, ""session_start"": 0, ""session_end"": 24, ""weekday_mask"": 62, ""adx_trend_min"": 17.10645116136549, ""adx_range_max"": 24.213502287833784, ""rsi_long_min"": 53.96972265167469, ""rsi_long_max"": 68.87595177546476, ""volz_break"": 0.06294785059529628, ""body_min"": 0.6399693768985348, ""close_loc_min"": 0.6056311884725047, ""eff_min"": 0.25312353933350673, ""atr_rank_min"": 0.31962500128209104, ""squeeze_rank_max"": 0.48768262430524933, ""vwap_dev_entry"": 2.092611602841586, ""pull_idx"": 3, ""don_idx"": 0, ""trail_trigger"": 2.251960182382761, ""trail_lock"": 2.080684002738766}"
86,-390.20918866777583,False,趋势回踩+压缩突破,双向,22.0,0.45454545454545453,1.5983511310207381,38.0,0.42105263157894735,1.5678639172629423,8.225057467039797,4.671569072060927,10.0,0.5,2.8949603494156535,12.0,0.4166666666666667,1.7580796113757573,"{""family_mask"": 3, ""direction"": 0, ""rr"": 2.4, ""sl_atr"": 1.9721888677110986, ""min_stop_pct"": 0.005962063926960258, ""max_hold"": 576, ""cooldown"": 17, ""session_start"": 0, ""session_end"": 24, ""weekday_mask"": 127, ""adx_trend_min"": 17.783127324704, ""adx_range_max"": 19.133419740478573, ""rsi_long_min"": 44.58534302863586, ""rsi_long_max"": 63.15522013537754, ""volz_break"": 1.7964680537704478, ""body_min"": 0.504105299139678, ""close_loc_min"": 0.6475239024242365, ""eff_min"": 0.2866675131343585, ""atr_rank_min"": 0.17524371687441528, ""squeeze_rank_max"": 0.3204780430488037, ""vwap_dev_entry"": 1.605550452223021, ""pull_idx"": 3, ""don_idx"": 1, ""trail_trigger"": 1.9206775937957963, ""trail_lock"": 1.785613544327644}"
87,-391.57492266379984,False,趋势回踩+压缩突破,双向,22.0,0.5,1.323346060958712,32.0,0.46875,1.493529161593977,9.855603025601557,5.029445710500843,10.0,0.5,3.0363576517184723,12.0,0.5,0.5822501443133987,"{""family_mask"": 3, ""direction"": 0, ""rr"": 2.4, ""sl_atr"": 1.1399081854582136, ""min_stop_pct"": 0.006417754161685635, ""max_hold"": 144, ""cooldown"": 26, ""session_start"": 0, ""session_end"": 24, ""weekday_mask"": 62, ""adx_trend_min"": 16.743839059584936, ""adx_range_max"": 23.03961337133635, ""rsi_long_min"": 47.74321844570481, ""rsi_long_max"": 66.26298667192219, ""volz_break"": 1.1821066157072773, ""body_min"": 0.5527551711457634, ""close_loc_min"": 0.5949732736354788, ""eff_min"": 0.23504622848732054, ""atr_rank_min"": 0.7627027536898234, ""squeeze_rank_max"": 0.1283656204381768, ""vwap_dev_entry"": 1.51091715850835, ""pull_idx"": 8, ""don_idx"": 1, ""trail_trigger"": 2.142609550382736, ""trail_lock"": 1.9251747687224172}"
88,-392.0220079418888,False,趋势回踩+压缩突破,只做空,20.0,0.45,1.8507245194656374,32.0,0.375,1.8573761965814461,9.626241331494192,3.7853570056271977,9.0,0.4444444444444444,3.3067383548104665,11.0,0.45454545454545453,3.6607223478434125,"{""family_mask"": 3, ""direction"": 2, ""rr"": 2.6, ""sl_atr"": 2.694839325502079, ""min_stop_pct"": 0.004153233304680243, ""max_hold"": 576, ""cooldown"": 15, ""session_start"": 0, ""session_end"": 24, ""weekday_mask"": 62, ""adx_trend_min"": 20.44953727115641, ""adx_range_max"": 22.30847264180203, ""rsi_long_min"": 40.74998442325539, ""rsi_long_max"": 73.40826354829348, ""volz_break"": 1.3795628310743524, ""body_min"": 0.2245687340410182, ""close_loc_min"": 0.6221344157064779, ""eff_min"": 0.19378480483790372, ""atr_rank_min"": 0.27164815247343316, ""squeeze_rank_max"": 0.18013093626735366, ""vwap_dev_entry"": 1.4794682145036773, ""pull_idx"": 8, ""don_idx"": 1, ""trail_trigger"": 2.276909471431394, ""trail_lock"": 1.7553639486460533}"
89,-392.1254817928261,False,趋势回踩+压缩突破,双向,22.0,0.45454545454545453,1.62151301713238,27.0,0.48148148148148145,1.6335137550012861,13.941601244304799,6.627993210890684,11.0,0.45454545454545453,1.8946686195942644,11.0,0.45454545454545453,3.470970831922002,"{""family_mask"": 3, ""direction"": 0, ""rr"": 2.6, ""sl_atr"": 2.5007316452488038, ""min_stop_pct"": 0.0032908048618967207, ""max_hold"": 144, ""cooldown"": 21, ""session_start"": 0, ""session_end"": 24, ""weekday_mask"": 62, ""adx_trend_min"": 15.01541660172697, ""adx_range_max"": 18.404534248640026, ""rsi_long_min"": 46.77292568546552, ""rsi_long_max"": 62.37619408933034, ""volz_break"": -0.10290301663430301, ""body_min"": 0.4590723351804478, ""close_loc_min"": 0.6943697907658679, ""eff_min"": 0.32567016134667126, ""atr_rank_min"": 0.6500504204942051, ""squeeze_rank_max"": 0.12073466601354262, ""vwap_dev_entry"": 1.5947703548820509, ""pull_idx"": 8, ""don_idx"": 0, ""trail_trigger"": 2.2423203497867044, ""trail_lock"": 2.106787713981904}"
90,-397.8624170452201,False,三策略组合,双向,20.0,0.45,1.8039813177676352,24.0,0.3333333333333333,1.0996746263933794,-3.471936759230187,2.3261285936636353,9.0,0.5555555555555556,3.8802017755030827,11.0,0.36363636363636365,0.41563295966806746,"{""family_mask"": 7, ""direction"": 0, ""rr"": 2.2, ""sl_atr"": 1.1945176080737125, ""min_stop_pct"": 0.007568014094472984, ""max_hold"": 144, ""cooldown"": 36, ""session_start"": 0, ""session_end"": 24, ""weekday_mask"": 124, ""adx_trend_min"": 20.93332940023974, ""adx_range_max"": 17.490911349431656, ""rsi_long_min"": 49.89228286132722, ""rsi_long_max"": 71.84766664213942, ""volz_break"": -0.24104370961115879, ""body_min"": 0.5450033333916283, ""close_loc_min"": 0.7416942535475985, ""eff_min"": 0.22657227402296032, ""atr_rank_min"": 0.272523245751668, ""squeeze_rank_max"": 0.5154755887381073, ""vwap_dev_entry"": 1.3797340318484053, ""pull_idx"": 3, ""don_idx"": 1, ""trail_trigger"": 2.0889346533072803, ""trail_lock"": 1.993164478835866}"
91,-401.4089927921473,False,三策略组合,双向,20.0,0.45,1.8300265653092669,31.0,0.3870967741935484,1.820347251197601,9.326295373248698,5.896059935814755,10.0,0.5,3.5866598772350478,10.0,0.4,2.4848440132097345,"{""family_mask"": 7, ""direction"": 0, ""rr"": 2.6, ""sl_atr"": 2.5835200810378254, ""min_stop_pct"": 0.006603481073518809, ""max_hold"": 288, ""cooldown"": 20, ""session_start"": 0, ""session_end"": 24, ""weekday_mask"": 62, ""adx_trend_min"": 16.00806692779175, ""adx_range_max"": 18.27628077577829, ""rsi_long_min"": 38.07710524973826, ""rsi_long_max"": 62.24123883849003, ""volz_break"": -0.08376942013145061, ""body_min"": 0.3566966064489553, ""close_loc_min"": 0.8074946956760667, ""eff_min"": 0.1857888594089514, ""atr_rank_min"": 0.40023926548752664, ""squeeze_rank_max"": 0.1589645524869918, ""vwap_dev_entry"": 1.8451045438913622, ""pull_idx"": 5, ""don_idx"": 1, ""trail_trigger"": 2.240701206776155, ""trail_lock"": 2.1684625265626387}"
92,-405.5853767135145,False,趋势回踩+压缩突破,双向,20.0,0.5,1.3266799512861576,31.0,0.45161290322580644,1.5196834588951613,9.348912114560232,5.6386634481494475,10.0,0.5,2.6434185615303702,10.0,0.5,1.4091586222015855,"{""family_mask"": 3, ""direction"": 0, ""rr"": 3.0, ""sl_atr"": 1.0991472125934845, ""min_stop_pct"": 0.004169767122188312, ""max_hold"": 576, ""cooldown"": 21, ""session_start"": 0, ""session_end"": 24, ""weekday_mask"": 62, ""adx_trend_min"": 16.558806906788075, ""adx_range_max"": 23.18109390567344, ""rsi_long_min"": 43.09450922906027, ""rsi_long_max"": 75.79094807229484, ""volz_break"": 1.0441434714509839, ""body_min"": 0.5281483599048418, ""close_loc_min"": 0.6030999864393253, ""eff_min"": 0.2933372030885435, ""atr_rank_min"": 0.7757780325066449, ""squeeze_rank_max"": 0.12190334941316187, ""vwap_dev_entry"": 0.800590313703905, ""pull_idx"": 0, ""don_idx"": 1, ""trail_trigger"": 2.066639124008516, ""trail_lock"": 1.7619608964653728}"
93,-407.3107055033824,False,趋势回踩+压缩突破,只做空,20.0,0.45,1.6426064414186399,30.0,0.26666666666666666,1.4737162695236294,-7.325405835640155,5.443582082991366,7.0,0.5714285714285714,4.162886679168828,13.0,0.38461538461538464,0.3352401388392092,"{""family_mask"": 3, ""direction"": 2, ""rr"": 3.0, ""sl_atr"": 2.650955783113299, ""min_stop_pct"": 0.0051034490866189944, ""max_hold"": 216, ""cooldown"": 10, ""session_start"": 0, ""session_end"": 24, ""weekday_mask"": 124, ""adx_trend_min"": 14.187860236650023, ""adx_range_max"": 16.051984195258772, ""rsi_long_min"": 45.37023349229253, ""rsi_long_max"": 67.98493860977558, ""volz_break"": 1.1429922280767204, ""body_min"": 0.5292916129307881, ""close_loc_min"": 0.8033280539804422, ""eff_min"": 0.19275711870068968, ""atr_rank_min"": 0.2860067272492694, ""squeeze_rank_max"": 0.28441513986440614, ""vwap_dev_entry"": 1.766695044875413, ""pull_idx"": 5, ""don_idx"": 0, ""trail_trigger"": 1.9771563357993798, ""trail_lock"": 1.8450602715622053}"
94,-407.4263614757167,False,趋势回踩,双向,22.0,0.45454545454545453,1.5163612441871959,36.0,0.3055555555555556,1.5482763272257003,-5.692264726209406,5.022532817202463,10.0,0.5,3.0229961497771374,12.0,0.4166666666666667,0.880851945794483,"{""family_mask"": 1, ""direction"": 0, ""rr"": 2.2, ""sl_atr"": 1.6012314146877578, ""min_stop_pct"": 0.004282207663650642, ""max_hold"": 576, ""cooldown"": 17, ""session_start"": 0, ""session_end"": 24, ""weekday_mask"": 62, ""adx_trend_min"": 19.367196606626045, ""adx_range_max"": 23.162916334594357, ""rsi_long_min"": 38.27522387950311, ""rsi_long_max"": 69.49135254541234, ""volz_break"": 1.4945476733234693, ""body_min"": 0.2235438861036881, ""close_loc_min"": 0.8070618741463497, ""eff_min"": 0.1927593130158777, ""atr_rank_min"": 0.4022532662879088, ""squeeze_rank_max"": 0.3766756061606188, ""vwap_dev_entry"": 1.1247062891763435, ""pull_idx"": 1, ""don_idx"": 1, ""trail_trigger"": 2.0154099418317433, ""trail_lock"": 1.8829808350924397}"
95,-408.2643231841942,False,三策略组合,双向,23.0,0.43478260869565216,2.07089703981238,22.0,0.45454545454545453,1.782508211611067,14.851434952238577,4.278659990129073,9.0,0.4444444444444444,2.672474298569825,14.0,0.42857142857142855,5.433940441106382,"{""family_mask"": 7, ""direction"": 0, ""rr"": 2.6, ""sl_atr"": 2.5057060748254854, ""min_stop_pct"": 0.006165462024070308, ""max_hold"": 216, ""cooldown"": 22, ""session_start"": 0, ""session_end"": 24, ""weekday_mask"": 124, ""adx_trend_min"": 15.194343506564312, ""adx_range_max"": 24.228635423368473, ""rsi_long_min"": 47.53484572457354, ""rsi_long_max"": 66.49309240898933, ""volz_break"": -0.2928633722809759, ""body_min"": 0.38649128681972367, ""close_loc_min"": 0.6861866170139194, ""eff_min"": 0.5252988146119562, ""atr_rank_min"": 0.7333260212835161, ""squeeze_rank_max"": 0.46923326419407996, ""vwap_dev_entry"": 0.9375750866564514, ""pull_idx"": 8, ""don_idx"": 0, ""trail_trigger"": 2.4904929382338437, ""trail_lock"": 2.4189030058838163}"
96,-408.5692596170914,False,趋势回踩,双向,23.0,0.4782608695652174,1.3920394540542194,28.0,0.42857142857142855,1.5046557015882078,6.616678596188355,5.05989022710121,13.0,0.46153846153846156,1.0890670953153447,10.0,0.5,3.0763053560411024,"{""family_mask"": 1, ""direction"": 0, ""rr"": 2.2, ""sl_atr"": 2.5723622766680565, ""min_stop_pct"": 0.003100914674811692, ""max_hold"": 144, ""cooldown"": 17, ""session_start"": 0, ""session_end"": 24, ""weekday_mask"": 31, ""adx_trend_min"": 15.295287826350114, ""adx_range_max"": 24.000823358386043, ""rsi_long_min"": 50.732603806498815, ""rsi_long_max"": 73.47802894641508, ""volz_break"": 0.3438933010458472, ""body_min"": 0.26786988955883506, ""close_loc_min"": 0.8598370285372059, ""eff_min"": 0.3479975869192589, ""atr_rank_min"": 0.6857938571389773, ""squeeze_rank_max"": 0.3235399231767896, ""vwap_dev_entry"": 1.802779365253959, ""pull_idx"": 3, ""don_idx"": 0, ""trail_trigger"": 2.046059278531304, ""trail_lock"": 1.8276490392110023}"
97,-408.88125694030015,False,趋势回踩,双向,20.0,0.45,1.6287567356836494,24.0,0.2916666666666667,1.7554766275306335,-0.8998849680443477,3.3874563553760257,7.0,0.5714285714285714,4.027238240172759,13.0,0.38461538461538464,0.10272150687058623,"{""family_mask"": 1, ""direction"": 0, ""rr"": 2.4, ""sl_atr"": 1.4414820001952036, ""min_stop_pct"": 0.007794179378291205, ""max_hold"": 432, ""cooldown"": 32, ""session_start"": 0, ""session_end"": 24, ""weekday_mask"": 124, ""adx_trend_min"": 15.400932927329416, ""adx_range_max"": 22.11404444300163, ""rsi_long_min"": 39.58212020612448, ""rsi_long_max"": 66.16717971354288, ""volz_break"": 0.8330171897993679, ""body_min"": 0.6255746544977857, ""close_loc_min"": 0.5812315159799026, ""eff_min"": 0.206897261136252, ""atr_rank_min"": 0.4336466029669398, ""squeeze_rank_max"": 0.4983731243195902, ""vwap_dev_entry"": 1.0833747273197085, ""pull_idx"": 4, ""don_idx"": 0, ""trail_trigger"": 2.0608607283535414, ""trail_lock"": 1.8427866120741736}"
98,-410.8321917656997,False,趋势回踩,双向,22.0,0.45454545454545453,1.536619407016705,40.0,0.35,1.5760509041075963,-0.9123617398652599,3.6493498566791445,11.0,0.45454545454545453,2.2215714951278627,11.0,0.45454545454545453,1.3902981454852392,"{""family_mask"": 1, ""direction"": 0, ""rr"": 2.4, ""sl_atr"": 1.1908717950955325, ""min_stop_pct"": 0.0066272808866381025, ""max_hold"": 288, ""cooldown"": 12, ""session_start"": 0, ""session_end"": 24, ""weekday_mask"": 62, ""adx_trend_min"": 15.278802663813403, ""adx_range_max"": 22.830057953616706, ""rsi_long_min"": 38.537170720197345, ""rsi_long_max"": 71.31414921107078, ""volz_break"": -0.09200669214102464, ""body_min"": 0.5964073754225182, ""close_loc_min"": 0.6055689245942343, ""eff_min"": 0.22122136031812822, ""atr_rank_min"": 0.2551084484659808, ""squeeze_rank_max"": 0.2887780512030864, ""vwap_dev_entry"": 0.6219803721860827, ""pull_idx"": 4, ""don_idx"": 1, ""trail_trigger"": 1.9468207848941057, ""trail_lock"": 1.8430900493744937}"
99,-412.6252443252565,False,三策略组合,双向,20.0,0.45,1.704550387186502,30.0,0.3,1.5726618449368743,-3.219783705508868,3.5069630360079707,9.0,0.5555555555555556,4.4740697269281515,11.0,0.36363636363636365,0.3072720704724614,"{""family_mask"": 7, ""direction"": 0, ""rr"": 2.8, ""sl_atr"": 1.0012341640595037, ""min_stop_pct"": 0.005939566637441046, ""max_hold"": 288, ""cooldown"": 30, ""session_start"": 0, ""session_end"": 24, ""weekday_mask"": 124, ""adx_trend_min"": 16.8909018647869, ""adx_range_max"": 16.72729020017051, ""rsi_long_min"": 43.55789277688939, ""rsi_long_max"": 61.78572091640968, ""volz_break"": 1.7811684531187393, ""body_min"": 0.22213120785301496, ""close_loc_min"": 0.6854926805076449, ""eff_min"": 0.19202059235471852, ""atr_rank_min"": 0.42985531671731214, ""squeeze_rank_max"": 0.4483676750390013, ""vwap_dev_entry"": 1.147851766270282, ""pull_idx"": 7, ""don_idx"": 1, ""trail_trigger"": 1.9715261136402689, ""trail_lock"": 1.7795283578603058}"
100,-412.7499641210542,False,趋势回踩,双向,22.0,0.45454545454545453,1.5007377092805974,36.0,0.3333333333333333,1.5417139828239246,-2.991788054988903,4.552092330187308,10.0,0.5,2.544715295857433,12.0,0.4166666666666667,0.6788557482898008,"{""family_mask"": 1, ""direction"": 0, ""rr"": 2.6, ""sl_atr"": 2.4004477092164906, ""min_stop_pct"": 0.007291417653173928, ""max_hold"": 288, ""cooldown"": 14, ""session_start"": 0, ""session_end"": 24, ""weekday_mask"": 62, ""adx_trend_min"": 17.081097742066266, ""adx_range_max"": 19.570968571571733, ""rsi_long_min"": 42.977024764884575, ""rsi_long_max"": 72.59405573261652, ""volz_break"": 0.25817811303030586, ""body_min"": 0.241007711831902, ""close_loc_min"": 0.7555054090131984, ""eff_min"": 0.22914584730177184, ""atr_rank_min"": 0.41315801710023803, ""squeeze_rank_max"": 0.3196333486065932, ""vwap_dev_entry"": 1.945960758368861, ""pull_idx"": 6, ""don_idx"": 0, ""trail_trigger"": 1.9123494062487445, ""trail_lock"": 1.8062418468819788}"
101,-415.4987152196896,False,趋势回踩,双向,22.0,0.45454545454545453,1.561670148520977,28.0,0.35714285714285715,1.4026092927941038,-0.7393380390361104,6.266688599910021,10.0,0.4,0.8778572377449247,12.0,0.5,3.2677840422565976,"{""family_mask"": 1, ""direction"": 0, ""rr"": 2.6, ""sl_atr"": 1.3742503124532135, ""min_stop_pct"": 0.004021284496739503, ""max_hold"": 216, ""cooldown"": 25, ""session_start"": 0, ""session_end"": 24, ""weekday_mask"": 62, ""adx_trend_min"": 24.998863628163583, ""adx_range_max"": 12.896157862052965, ""rsi_long_min"": 52.77673537980853, ""rsi_long_max"": 70.69125371922595, ""volz_break"": 0.505214124680883, ""body_min"": 0.25004346702030045, ""close_loc_min"": 0.6147075863179305, ""eff_min"": 0.29578300671250995, ""atr_rank_min"": 0.23931437400524225, ""squeeze_rank_max"": 0.2502971692298177, ""vwap_dev_entry"": 1.6767844804490732, ""pull_idx"": 5, ""don_idx"": 0, ""trail_trigger"": 2.162083479491076, ""trail_lock"": 2.033769369061046}"
102,-416.8182667258171,False,趋势回踩+震荡反转,双向,22.0,0.45454545454545453,1.5508538871488917,29.0,0.3793103448275862,1.687020859844271,4.879858949430481,6.267256470763357,12.0,0.5,3.396752562347114,10.0,0.4,0.8294323591117179,"{""family_mask"": 5, ""direction"": 0, ""rr"": 2.4, ""sl_atr"": 2.311930602065116, ""min_stop_pct"": 0.004805582068369777, ""max_hold"": 288, ""cooldown"": 17, ""session_start"": 0, ""session_end"": 24, ""weekday_mask"": 62, ""adx_trend_min"": 18.954303618334006, ""adx_range_max"": 20.20680234081125, ""rsi_long_min"": 47.44213188079565, ""rsi_long_max"": 66.0064599876241, ""volz_break"": 0.9753309773165522, ""body_min"": 0.3012881004546768, ""close_loc_min"": 0.8696332224505954, ""eff_min"": 0.24084183243161542, ""atr_rank_min"": 0.6354583008976419, ""squeeze_rank_max"": 0.1865800327463212, ""vwap_dev_entry"": 1.8532282705010077, ""pull_idx"": 5, ""don_idx"": 0, ""trail_trigger"": 2.118052747596277, ""trail_lock"": 2.031169940049739}"
103,-420.9023866000167,False,趋势回踩+震荡反转,双向,20.0,0.45,1.6427203374653478,32.0,0.34375,1.9910185928037665,5.641838745806607,3.6316750644699507,8.0,0.5,2.969988886019519,12.0,0.4166666666666667,1.6020996480493341,"{""family_mask"": 5, ""direction"": 0, ""rr"": 2.8, ""sl_atr"": 2.04157234731177, ""min_stop_pct"": 0.004765951806097122, ""max_hold"": 216, ""cooldown"": 11, ""session_start"": 0, ""session_end"": 24, ""weekday_mask"": 124, ""adx_trend_min"": 14.388181385321602, ""adx_range_max"": 22.930045321372155, ""rsi_long_min"": 49.548537828798466, ""rsi_long_max"": 73.32214579663233, ""volz_break"": 1.77469781149361, ""body_min"": 0.5231667825627955, ""close_loc_min"": 0.7278359668723805, ""eff_min"": 0.5342810663219743, ""atr_rank_min"": 0.350214916407438, ""squeeze_rank_max"": 0.543397181459554, ""vwap_dev_entry"": 0.7476451291915585, ""pull_idx"": 1, ""don_idx"": 0, ""trail_trigger"": 2.4447456876356513, ""trail_lock"": 1.8909179585557403}"
104,-422.8011138988803,False,趋势回踩+压缩突破,双向,20.0,0.45,1.7210511638064092,36.0,0.2777777777777778,1.7950881740426259,-3.722212568807183,4.553443119073238,9.0,0.4444444444444444,2.24603636645906,11.0,0.45454545454545453,2.8641257324845153,"{""family_mask"": 3, ""direction"": 0, ""rr"": 2.2, ""sl_atr"": 1.3726697013661693, ""min_stop_pct"": 0.007258620843011733, ""max_hold"": 432, ""cooldown"": 17, ""session_start"": 0, ""session_end"": 24, ""weekday_mask"": 62, ""adx_trend_min"": 15.319919630326096, ""adx_range_max"": 16.36501036400323, ""rsi_long_min"": 45.18714958231965, ""rsi_long_max"": 62.899017838063976, ""volz_break"": 0.5132308618932784, ""body_min"": 0.4877230573310045, ""close_loc_min"": 0.6708335337072872, ""eff_min"": 0.18904956575641568, ""atr_rank_min"": 0.4562763813726076, ""squeeze_rank_max"": 0.27346232784842406, ""vwap_dev_entry"": 1.3982249988665365, ""pull_idx"": 4, ""don_idx"": 0, ""trail_trigger"": 2.0958427595832454, ""trail_lock"": 1.8896811934285207}"
105,-423.1773631980685,False,趋势回踩,双向,24.0,0.4583333333333333,1.4451808609650059,28.0,0.25,1.4040470805585887,-10.200333498098304,6.712875132589571,9.0,0.5555555555555556,3.2141961215684063,15.0,0.4,0.28339484669354587,"{""family_mask"": 1, ""direction"": 0, ""rr"": 2.4, ""sl_atr"": 1.3914692255648005, ""min_stop_pct"": 0.0040906073757269795, ""max_hold"": 288, ""cooldown"": 36, ""session_start"": 0, ""session_end"": 24, ""weekday_mask"": 124, ""adx_trend_min"": 20.339666570778913, ""adx_range_max"": 14.514785837453317, ""rsi_long_min"": 45.929584644674925, ""rsi_long_max"": 71.47518407786384, ""volz_break"": 1.7503349658352303, ""body_min"": 0.4702498280855725, ""close_loc_min"": 0.6383696780545425, ""eff_min"": 0.2644105749905802, ""atr_rank_min"": 0.6120172157190186, ""squeeze_rank_max"": 0.15046775119749672, ""vwap_dev_entry"": 1.1499002999540668, ""pull_idx"": 7, ""don_idx"": 1, ""trail_trigger"": 1.9011322978543328, ""trail_lock"": 1.7548188474958755}"
106,-423.8339342821367,False,三策略组合,双向,20.0,0.45,1.7341749143050988,31.0,0.4838709677419355,1.664653327742563,15.241722601173953,6.714977368647824,10.0,0.4,0.1161167607288045,10.0,0.5,4.708050488366611,"{""family_mask"": 7, ""direction"": 0, ""rr"": 2.2, ""sl_atr"": 2.1204001518912925, ""min_stop_pct"": 0.005796918636641408, ""max_hold"": 288, ""cooldown"": 21, ""session_start"": 0, ""session_end"": 24, ""weekday_mask"": 62, ""adx_trend_min"": 18.08760705889234, ""adx_range_max"": 24.682724276211626, ""rsi_long_min"": 42.50614731730843, ""rsi_long_max"": 65.25260467939339, ""volz_break"": 0.6738525901005945, ""body_min"": 0.5372416230964497, ""close_loc_min"": 0.6776091409126531, ""eff_min"": 0.3565613895907892, ""atr_rank_min"": 0.19203824168863814, ""squeeze_rank_max"": 0.5331690591399949, ""vwap_dev_entry"": 2.3132493804396916, ""pull_idx"": 5, ""don_idx"": 0, ""trail_trigger"": 2.001647591988423, ""trail_lock"": 1.8821061127061163}"
107,-424.42340999843856,False,趋势回踩+压缩突破,双向,22.0,0.45454545454545453,1.4925313762970491,27.0,0.25925925925925924,1.7615613497307043,-6.145958649913895,6.254991355257964,12.0,0.4166666666666667,2.1527803423722554,10.0,0.5,1.1985019143328834,"{""family_mask"": 3, ""direction"": 0, ""rr"": 3.0, ""sl_atr"": 1.0487851375680002, ""min_stop_pct"": 0.004030940098636795, ""max_hold"": 216, ""cooldown"": 18, ""session_start"": 0, ""session_end"": 24, ""weekday_mask"": 62, ""adx_trend_min"": 21.192313909252558, ""adx_range_max"": 19.660228278652554, ""rsi_long_min"": 44.962466724896856, ""rsi_long_max"": 69.73477932377642, ""volz_break"": 0.7844487041554187, ""body_min"": 0.6039286937160263, ""close_loc_min"": 0.7524547696553443, ""eff_min"": 0.3167046714407503, ""atr_rank_min"": 0.15133170399448342, ""squeeze_rank_max"": 0.42923532870824593, ""vwap_dev_entry"": 1.5503041982229646, ""pull_idx"": 4, ""don_idx"": 0, ""trail_trigger"": 2.437298815464844, ""trail_lock"": 2.322121285371074}"
108,-426.6547590895799,False,趋势回踩,双向,20.0,0.45,1.695290602875675,34.0,0.38235294117647056,1.6270958049509705,5.081884666401575,3.5174655087143436,9.0,0.4444444444444444,1.6387219159896038,11.0,0.45454545454545453,3.269388860584863,"{""family_mask"": 1, ""direction"": 0, ""rr"": 2.4, ""sl_atr"": 2.481094146718008, ""min_stop_pct"": 0.006551033664814842, ""max_hold"": 576, ""cooldown"": 12, ""session_start"": 0, ""session_end"": 24, ""weekday_mask"": 62, ""adx_trend_min"": 16.28787978120019, ""adx_range_max"": 19.130519147678747, ""rsi_long_min"": 38.29007662211483, ""rsi_long_max"": 73.46154619102828, ""volz_break"": 1.7566233831411917, ""body_min"": 0.347163031709677, ""close_loc_min"": 0.824764978520962, ""eff_min"": 0.1981049013282485, ""atr_rank_min"": 0.27655606360862717, ""squeeze_rank_max"": 0.5216115799809715, ""vwap_dev_entry"": 2.3803811745078987, ""pull_idx"": 6, ""don_idx"": 0, ""trail_trigger"": 1.9721192407410804, ""trail_lock"": 1.872070325089675}"
109,-427.5581561737332,False,趋势回踩+震荡反转,双向,20.0,0.45,1.6164491653125084,23.0,0.43478260869565216,1.7154521020895892,9.363698607235346,4.906317447926965,8.0,0.5,3.1983483374185333,12.0,0.4166666666666667,1.1820130976949679,"{""family_mask"": 5, ""direction"": 0, ""rr"": 3.0, ""sl_atr"": 2.6789415803603, ""min_stop_pct"": 0.0037233967988768257, ""max_hold"": 576, ""cooldown"": 36, ""session_start"": 0, ""session_end"": 24, ""weekday_mask"": 62, ""adx_trend_min"": 14.200591168472762, ""adx_range_max"": 16.064299810673823, ""rsi_long_min"": 47.39674691176033, ""rsi_long_max"": 72.1417970979434, ""volz_break"": 0.6232504981116842, ""body_min"": 0.562902105295216, ""close_loc_min"": 0.8460976178929944, ""eff_min"": 0.26565401795096777, ""atr_rank_min"": 0.6711140419461652, ""squeeze_rank_max"": 0.2837703178713493, ""vwap_dev_entry"": 0.7168718626194808, ""pull_idx"": 0, ""don_idx"": 1, ""trail_trigger"": 2.271072353722294, ""trail_lock"": 2.0320039075804557}"
110,-428.27568565022176,False,趋势回踩+压缩突破,双向,21.0,0.47619047619047616,1.409844863811153,26.0,0.11538461538461539,1.4164916038733313,-18.806638747542365,4.10622980730159,9.0,0.4444444444444444,0.22067337551244592,12.0,0.5,3.690639403422883,"{""family_mask"": 3, ""direction"": 0, ""rr"": 2.2, ""sl_atr"": 2.1410611907468744, ""min_stop_pct"": 0.0038168850415776505, ""max_hold"": 288, ""cooldown"": 23, ""session_start"": 0, ""session_end"": 24, ""weekday_mask"": 124, ""adx_trend_min"": 26.589420813172694, ""adx_range_max"": 21.20861624912535, ""rsi_long_min"": 40.765234604888576, ""rsi_long_max"": 74.95603241311301, ""volz_break"": 1.436360820833087, ""body_min"": 0.40957799414869045, ""close_loc_min"": 0.6140863275093308, ""eff_min"": 0.18524536820931992, ""atr_rank_min"": 0.5569672236230871, ""squeeze_rank_max"": 0.4405944938815298, ""vwap_dev_entry"": 1.397172350577473, ""pull_idx"": 2, ""don_idx"": 0, ""trail_trigger"": 1.9953986082913326, ""trail_lock"": 1.7940598774346692}"
111,-428.9519962360838,False,趋势回踩+压缩突破,只做空,22.0,0.45454545454545453,1.4680107858265001,27.0,0.37037037037037035,1.6028860077020346,1.4549384656135096,3.8798874087692172,7.0,0.5714285714285714,2.3235917688865215,15.0,0.4,0.21746213604316866,"{""family_mask"": 3, ""direction"": 2, ""rr"": 2.4, ""sl_atr"": 1.1335658112520142, ""min_stop_pct"": 0.008509631159970218, ""max_hold"": 144, ""cooldown"": 35, ""session_start"": 0, ""session_end"": 24, ""weekday_mask"": 124, ""adx_trend_min"": 14.994225055669988, ""adx_range_max"": 13.834824554073752, ""rsi_long_min"": 49.5173860890669, ""rsi_long_max"": 74.84902535719284, ""volz_break"": 0.18027203761985378, ""body_min"": 0.22257258150248715, ""close_loc_min"": 0.7003221181557637, ""eff_min"": 0.24261169225615803, ""atr_rank_min"": 0.32218602204621427, ""squeeze_rank_max"": 0.12838720230574222, ""vwap_dev_entry"": 0.7371427006706713, ""pull_idx"": 8, ""don_idx"": 0, ""trail_trigger"": 1.9704555169415199, ""trail_lock"": 1.8550997514646255}"
112,-428.9569827502691,False,趋势回踩+压缩突破,双向,22.0,0.45454545454545453,1.4759414123711119,24.0,0.375,1.5203566689444827,1.5189708772960262,3.558241380393401,9.0,0.5555555555555556,2.6812042239055343,13.0,0.38461538461538464,0.3950794515640188,"{""family_mask"": 3, ""direction"": 0, ""rr"": 2.8, ""sl_atr"": 2.5001210917239427, ""min_stop_pct"": 0.005392281623003868, ""max_hold"": 144, ""cooldown"": 35, ""session_start"": 0, ""session_end"": 24, ""weekday_mask"": 124, ""adx_trend_min"": 16.033754470581982, ""adx_range_max"": 12.536318128382046, ""rsi_long_min"": 39.06574988862208, ""rsi_long_max"": 59.86599918636178, ""volz_break"": 0.1487039828367433, ""body_min"": 0.37110483620897483, ""close_loc_min"": 0.7603338122130915, ""eff_min"": 0.19236714480489336, ""atr_rank_min"": 0.31614109708698734, ""squeeze_rank_max"": 0.32952176074733996, ""vwap_dev_entry"": 0.8033814229947202, ""pull_idx"": 1, ""don_idx"": 0, ""trail_trigger"": 2.178592733244841, ""trail_lock"": 2.0103091583460095}"
113,-429.90114647988935,False,趋势回踩,双向,20.0,0.45,1.7234540038232815,29.0,0.2413793103448276,1.7608338735665745,-6.2824822673743155,3.501544896619759,7.0,0.42857142857142855,1.0367517121216254,13.0,0.46153846153846156,3.923114335097591,"{""family_mask"": 1, ""direction"": 0, ""rr"": 2.4, ""sl_atr"": 1.368594605780628, ""min_stop_pct"": 0.006003795212892548, ""max_hold"": 288, ""cooldown"": 6, ""session_start"": 0, ""session_end"": 24, ""weekday_mask"": 124, ""adx_trend_min"": 15.228024843479204, ""adx_range_max"": 22.58903624562531, ""rsi_long_min"": 47.61354868720919, ""rsi_long_max"": 60.24294531247897, ""volz_break"": 1.134218583256612, ""body_min"": 0.2961565976530098, ""close_loc_min"": 0.7455038095020471, ""eff_min"": 0.24353656743771113, ""atr_rank_min"": 0.3033414663465308, ""squeeze_rank_max"": 0.26654067578177465, ""vwap_dev_entry"": 1.167617320070701, ""pull_idx"": 8, ""don_idx"": 0, ""trail_trigger"": 2.0401794506301227, ""trail_lock"": 1.9626970052787955}"
114,-430.5245262295148,False,趋势回踩+压缩突破,双向,25.0,0.44,1.6398858986069615,35.0,0.34285714285714286,1.7169378578229233,1.9222862866149653,7.013536885574765,10.0,0.5,3.368498189223152,15.0,0.4,1.353439611292535,"{""family_mask"": 3, ""direction"": 0, ""rr"": 2.2, ""sl_atr"": 1.1834372598605165, ""min_stop_pct"": 0.005929316576119396, ""max_hold"": 576, ""cooldown"": 16, ""session_start"": 0, ""session_end"": 24, ""weekday_mask"": 62, ""adx_trend_min"": 21.09663469278906, ""adx_range_max"": 16.58236094993758, ""rsi_long_min"": 42.39067989178378, ""rsi_long_max"": 71.94905757776233, ""volz_break"": 0.6205342484962495, ""body_min"": 0.44897736553574363, ""close_loc_min"": 0.5881336956253639, ""eff_min"": 0.19464158393526568, ""atr_rank_min"": 0.3193093452551656, ""squeeze_rank_max"": 0.4692332977654815, ""vwap_dev_entry"": 2.191067115016171, ""pull_idx"": 6, ""don_idx"": 1, ""trail_trigger"": 2.076186779316135, ""trail_lock"": 1.8861568500887065}"
115,-431.25435441563786,False,三策略组合,双向,27.0,0.4444444444444444,1.5393624092009965,31.0,0.25806451612903225,1.5562644806492794,-8.652188734093041,7.634620326153925,8.0,0.5,2.7156079098817645,19.0,0.42105263157894735,1.7658376036389478,"{""family_mask"": 7, ""direction"": 0, ""rr"": 2.4, ""sl_atr"": 1.9163301041676912, ""min_stop_pct"": 0.0033098901146565965, ""max_hold"": 576, ""cooldown"": 12, ""session_start"": 0, ""session_end"": 24, ""weekday_mask"": 124, ""adx_trend_min"": 15.448901035990417, ""adx_range_max"": 16.519579604583154, ""rsi_long_min"": 52.46535365434847, ""rsi_long_max"": 71.58059273623049, ""volz_break"": -0.046987154786981455, ""body_min"": 0.5346336324712436, ""close_loc_min"": 0.6832609192702982, ""eff_min"": 0.5026541469704032, ""atr_rank_min"": 0.5141669203633819, ""squeeze_rank_max"": 0.4420037264113019, ""vwap_dev_entry"": 1.2277180147543008, ""pull_idx"": 7, ""don_idx"": 0, ""trail_trigger"": 2.18470957916871, ""trail_lock"": 1.9253347758267827}"
116,-433.1093935749095,False,趋势回踩+压缩突破,双向,20.0,0.45,1.6879369177486665,16.0,0.3125,1.4394719370523785,-0.2550446123906285,4.617543175442116,9.0,0.4444444444444444,1.6361295120835688,11.0,0.45454545454545453,2.4783853810147436,"{""family_mask"": 3, ""direction"": 0, ""rr"": 3.0, ""sl_atr"": 1.374641563708289, ""min_stop_pct"": 0.0064933371270690775, ""max_hold"": 144, ""cooldown"": 5, ""session_start"": 13, ""session_end"": 23, ""weekday_mask"": 127, ""adx_trend_min"": 15.357646282779436, ""adx_range_max"": 19.876455797654117, ""rsi_long_min"": 40.13024074254098, ""rsi_long_max"": 59.22657854154435, ""volz_break"": 1.0990528007631262, ""body_min"": 0.473705949061873, ""close_loc_min"": 0.7616703636565642, ""eff_min"": 0.18052059583899413, ""atr_rank_min"": 0.4100976009241064, ""squeeze_rank_max"": 0.5200035918356076, ""vwap_dev_entry"": 1.6741368424251408, ""pull_idx"": 8, ""don_idx"": 1, ""trail_trigger"": 2.4812097149339567, ""trail_lock"": 2.2317401846774083}"
117,-435.1799136925591,False,趋势回踩+压缩突破,只做空,20.0,0.45,1.6976170223371072,30.0,0.4666666666666667,1.5984363564392785,12.30824943482833,4.680719470767004,7.0,0.42857142857142855,1.4444925596392693,13.0,0.46153846153846156,3.56235890090269,"{""family_mask"": 3, ""direction"": 2, ""rr"": 2.4, ""sl_atr"": 2.5109624851555714, ""min_stop_pct"": 0.005777192803555613, ""max_hold"": 576, ""cooldown"": 6, ""session_start"": 0, ""session_end"": 24, ""weekday_mask"": 127, ""adx_trend_min"": 17.142392972437907, ""adx_range_max"": 16.564914849781236, ""rsi_long_min"": 46.205974680007856, ""rsi_long_max"": 66.83488877529882, ""volz_break"": 0.8709230644465158, ""body_min"": 0.2887215541509283, ""close_loc_min"": 0.7194538821492636, ""eff_min"": 0.24537446070420127, ""atr_rank_min"": 0.16565013039258697, ""squeeze_rank_max"": 0.1256938114494243, ""vwap_dev_entry"": 1.086343410969446, ""pull_idx"": 3, ""don_idx"": 0, ""trail_trigger"": 2.0138033724416324, ""trail_lock"": 1.8578612511565593}"
118,-435.1863280314365,False,趋势回踩+震荡反转,双向,20.0,0.45,1.6479861214896256,23.0,0.21739130434782608,2.139773119580629,-4.042228410249735,3.719975837484631,11.0,0.45454545454545453,3.033443897909336,9.0,0.4444444444444444,1.7177977513560632,"{""family_mask"": 5, ""direction"": 0, ""rr"": 2.8, ""sl_atr"": 1.7163173943362913, ""min_stop_pct"": 0.004181107563633799, ""max_hold"": 432, ""cooldown"": 4, ""session_start"": 0, ""session_end"": 24, ""weekday_mask"": 62, ""adx_trend_min"": 30.360700416782624, ""adx_range_max"": 19.224150675247383, ""rsi_long_min"": 51.49852142913243, ""rsi_long_max"": 72.0496938294233, ""volz_break"": 1.4847329700613419, ""body_min"": 0.39630877546522336, ""close_loc_min"": 0.7513792318244791, ""eff_min"": 0.2736765364364374, ""atr_rank_min"": 0.6721905662037949, ""squeeze_rank_max"": 0.28413109149397275, ""vwap_dev_entry"": 1.8385865095859415, ""pull_idx"": 8, ""don_idx"": 1, ""trail_trigger"": 2.2840246547496634, ""trail_lock"": 2.0240420690098575}"
119,-435.59645335673076,False,趋势回踩+震荡反转,双向,20.0,0.45,1.6497455311566656,32.0,0.375,1.8533716552077169,7.236057814177924,3.567569909282196,9.0,0.4444444444444444,2.407541580726279,11.0,0.45454545454545453,2.169276310366535,"{""family_mask"": 5, ""direction"": 0, ""rr"": 2.6, ""sl_atr"": 1.0519755940051847, ""min_stop_pct"": 0.0052946773894577935, ""max_hold"": 288, ""cooldown"": 16, ""session_start"": 0, ""session_end"": 24, ""weekday_mask"": 62, ""adx_trend_min"": 14.791407608110013, ""adx_range_max"": 13.763625542195616, ""rsi_long_min"": 47.9429548332392, ""rsi_long_max"": 64.9047155187119, ""volz_break"": 1.747622785072348, ""body_min"": 0.5704253273858209, ""close_loc_min"": 0.832759266350793, ""eff_min"": 0.20230911199076212, ""atr_rank_min"": 0.5068587541107517, ""squeeze_rank_max"": 0.2119492828808939, ""vwap_dev_entry"": 2.2715309994157433, ""pull_idx"": 4, ""don_idx"": 1, ""trail_trigger"": 2.2613242199404833, ""trail_lock"": 2.1706273835485757}"
120,-436.8329368367604,False,趋势回踩+压缩突破,双向,20.0,0.45,1.6366676806889104,19.0,0.3684210526315789,1.702886718595554,4.500734693750008,3.706733451263709,10.0,0.5,3.7735990998290587,10.0,0.4,0.82242769199215,"{""family_mask"": 3, ""direction"": 0, ""rr"": 3.0, ""sl_atr"": 2.644799425870386, ""min_stop_pct"": 0.003676336538705083, ""max_hold"": 288, ""cooldown"": 9, ""session_start"": 0, ""session_end"": 24, ""weekday_mask"": 62, ""adx_trend_min"": 26.995179068109586, ""adx_range_max"": 17.14055978294593, ""rsi_long_min"": 38.886299421032334, ""rsi_long_max"": 75.57710144205542, ""volz_break"": 1.1919460987076118, ""body_min"": 0.3442238794117142, ""close_loc_min"": 0.8555909854276338, ""eff_min"": 0.18042341809416043, ""atr_rank_min"": 0.4978918331260801, ""squeeze_rank_max"": 0.45078861932665476, ""vwap_dev_entry"": 1.1337835363200877, ""pull_idx"": 7, ""don_idx"": 1, ""trail_trigger"": 2.2017134297195504, ""trail_lock"": 2.0681266558236513}"
