expert_id,expert,rank,policy_key,aggregate_score,eligible,elimination_reasons,monthly_target,min_probability,min_percentile,cooldown,risk_rr,risk_sl_atr,risk_min_stop_pct,risk_max_hold,risk_breakeven_trigger,risk_breakeven_lock,risk_early_bars,risk_early_cut_r,model_max_depth,model_learning_rate,model_max_iter,model_l2_regularization,model_min_samples_leaf,2025-12_trades,2025-12_wins,2025-12_win_rate,2025-12_avg_win_R,2025-12_avg_loss_R,2025-12_avg_win_loss_ratio,2025-12_profit_factor,2025-12_net_R,2025-12_max_drawdown_R,2025-12_expectancy_R,2025-12_funnel_model_available,2025-12_funnel_training_candidates,2025-12_funnel_raw_structural_candidates,2025-12_funnel_probability_threshold,2025-12_funnel_raw_eval_after_probability,2025-12_funnel_capped_eval_candidates,2025-12_funnel_after_cooldown,2026-01_trades,2026-01_wins,2026-01_win_rate,2026-01_avg_win_R,2026-01_avg_loss_R,2026-01_avg_win_loss_ratio,2026-01_profit_factor,2026-01_net_R,2026-01_max_drawdown_R,2026-01_expectancy_R,2026-01_funnel_model_available,2026-01_funnel_training_candidates,2026-01_funnel_raw_structural_candidates,2026-01_funnel_probability_threshold,2026-01_funnel_raw_eval_after_probability,2026-01_funnel_capped_eval_candidates,2026-01_funnel_after_cooldown,2026-02_trades,2026-02_wins,2026-02_win_rate,2026-02_avg_win_R,2026-02_avg_loss_R,2026-02_avg_win_loss_ratio,2026-02_profit_factor,2026-02_net_R,2026-02_max_drawdown_R,2026-02_expectancy_R,2026-02_funnel_model_available,2026-02_funnel_training_candidates,2026-02_funnel_raw_structural_candidates,2026-02_funnel_probability_threshold,2026-02_funnel_raw_eval_after_probability,2026-02_funnel_capped_eval_candidates,2026-02_funnel_after_cooldown,2026-03_trades,2026-03_wins,2026-03_win_rate,2026-03_avg_win_R,2026-03_avg_loss_R,2026-03_avg_win_loss_ratio,2026-03_profit_factor,2026-03_net_R,2026-03_max_drawdown_R,2026-03_expectancy_R,2026-03_funnel_model_available,2026-03_funnel_training_candidates,2026-03_funnel_raw_structural_candidates,2026-03_funnel_probability_threshold,2026-03_funnel_raw_eval_after_probability,2026-03_funnel_capped_eval_candidates,2026-03_funnel_after_cooldown,2026-04_trades,2026-04_wins,2026-04_win_rate,2026-04_avg_win_R,2026-04_avg_loss_R,2026-04_avg_win_loss_ratio,2026-04_profit_factor,2026-04_net_R,2026-04_max_drawdown_R,2026-04_expectancy_R,2026-04_funnel_model_available,2026-04_funnel_training_candidates,2026-04_funnel_raw_structural_candidates,2026-04_funnel_probability_threshold,2026-04_funnel_raw_eval_after_probability,2026-04_funnel_capped_eval_candidates,2026-04_funnel_after_cooldown,2026-05_trades,2026-05_wins,2026-05_win_rate,2026-05_avg_win_R,2026-05_avg_loss_R,2026-05_avg_win_loss_ratio,2026-05_profit_factor,2026-05_net_R,2026-05_max_drawdown_R,2026-05_expectancy_R,2026-05_funnel_model_available,2026-05_funnel_training_candidates,2026-05_funnel_raw_structural_candidates,2026-05_funnel_probability_threshold,2026-05_funnel_raw_eval_after_probability,2026-05_funnel_capped_eval_candidates,2026-05_funnel_after_cooldown
0,趋势多头,1,7dd7b22beac3d1ca,4024.4091596961903,False,开发月最低胜率过低|累计胜率过低|多月负期望|累计盈利因子不足|累计净R非正,8,0.48,0.7,6,2.0,1.2,0.0032,216,0.95,0.1,54,0.38,2,0.035,220,5.0,38,3,1,0.3333333333333333,1.6858241384640045,0.2132439880098081,7.9056115682214,3.9528057841107,1.2593361624443884,0.4264879760196161,0.4197787208147961,True,1017,353,0.7382675781236342,3,3,3,2,0,0.0,0.0,1.3126608473186465,0.0,0.0,-2.625321694637293,2.625321694637293,-1.3126608473186465,True,1370,308,0.7247962534798281,6,6,2,0,0,0.0,0.0,0.0,0.0,0.0,0.0,0.0,0.0,True,1678,187,0.7194340451298679,0,0,0,1,0,0.0,0.0,1.312842018473169,0.0,0.0,-1.312842018473169,1.312842018473169,-1.312842018473169,True,1865,411,0.7002056850674692,2,2,1,0,0,0.0,0.0,0.0,0.0,0.0,0.0,0.0,0.0,True,2276,489,0.6527708651205243,0,0,0,2,0,0.0,0.0,1.312770143390103,0.0,0.0,-2.625540286780206,2.625540286780206,-1.312770143390103,True,2765,341,0.6436926736108803,5,5,2
0,趋势多头,2,ef26e92a5fe6be00,4024.4091596961903,False,开发月最低胜率过低|累计胜率过低|多月负期望|累计盈利因子不足|累计净R非正,8,0.48,0.78,6,2.0,1.2,0.0032,216,0.95,0.1,54,0.38,2,0.035,220,5.0,38,3,1,0.3333333333333333,1.6858241384640045,0.2132439880098081,7.9056115682214,3.9528057841107,1.2593361624443884,0.4264879760196161,0.4197787208147961,True,1017,353,0.7382675781236342,3,3,3,2,0,0.0,0.0,1.3126608473186465,0.0,0.0,-2.625321694637293,2.625321694637293,-1.3126608473186465,True,1370,308,0.7247962534798281,6,6,2,0,0,0.0,0.0,0.0,0.0,0.0,0.0,0.0,0.0,True,1678,187,0.7194340451298679,0,0,0,1,0,0.0,0.0,1.312842018473169,0.0,0.0,-1.312842018473169,1.312842018473169,-1.312842018473169,True,1865,411,0.7002056850674692,2,2,1,0,0,0.0,0.0,0.0,0.0,0.0,0.0,0.0,0.0,True,2276,489,0.6527708651205243,0,0,0,2,0,0.0,0.0,1.312770143390103,0.0,0.0,-2.625540286780206,2.625540286780206,-1.312770143390103,True,2765,341,0.6436926736108803,5,5,2
0,趋势多头,3,2997b3e656c4a6e8,4024.4091596961903,False,开发月最低胜率过低|累计胜率过低|多月负期望|累计盈利因子不足|累计净R非正,8,0.48,0.85,6,2.0,1.2,0.0032,216,0.95,0.1,54,0.38,2,0.035,220,5.0,38,3,1,0.3333333333333333,1.6858241384640045,0.2132439880098081,7.9056115682214,3.9528057841107,1.2593361624443884,0.4264879760196161,0.4197787208147961,True,1017,353,0.7382675781236342,3,3,3,2,0,0.0,0.0,1.3126608473186465,0.0,0.0,-2.625321694637293,2.625321694637293,-1.3126608473186465,True,1370,308,0.7247962534798281,6,6,2,0,0,0.0,0.0,0.0,0.0,0.0,0.0,0.0,0.0,True,1678,187,0.7194340451298679,0,0,0,1,0,0.0,0.0,1.312842018473169,0.0,0.0,-1.312842018473169,1.312842018473169,-1.312842018473169,True,1865,411,0.7002056850674692,2,2,1,0,0,0.0,0.0,0.0,0.0,0.0,0.0,0.0,0.0,True,2276,489,0.6527708651205243,0,0,0,2,0,0.0,0.0,1.312770143390103,0.0,0.0,-2.625540286780206,2.625540286780206,-1.312770143390103,True,2765,341,0.6436926736108803,5,5,2
0,趋势多头,4,f57ab09cd7b88c1d,4024.4091596961903,False,开发月最低胜率过低|累计胜率过低|多月负期望|累计盈利因子不足|累计净R非正,8,0.52,0.7,6,2.0,1.2,0.0032,216,0.95,0.1,54,0.38,2,0.035,220,5.0,38,3,1,0.3333333333333333,1.6858241384640045,0.2132439880098081,7.9056115682214,3.9528057841107,1.2593361624443884,0.4264879760196161,0.4197787208147961,True,1017,353,0.7382675781236342,3,3,3,2,0,0.0,0.0,1.3126608473186465,0.0,0.0,-2.625321694637293,2.625321694637293,-1.3126608473186465,True,1370,308,0.7247962534798281,6,6,2,0,0,0.0,0.0,0.0,0.0,0.0,0.0,0.0,0.0,True,1678,187,0.7194340451298679,0,0,0,1,0,0.0,0.0,1.312842018473169,0.0,0.0,-1.312842018473169,1.312842018473169,-1.312842018473169,True,1865,411,0.7002056850674692,2,2,1,0,0,0.0,0.0,0.0,0.0,0.0,0.0,0.0,0.0,True,2276,489,0.6527708651205243,0,0,0,2,0,0.0,0.0,1.312770143390103,0.0,0.0,-2.625540286780206,2.625540286780206,-1.312770143390103,True,2765,341,0.6436926736108803,5,5,2
0,趋势多头,5,43fba11c849da337,4024.4091596961903,False,开发月最低胜率过低|累计胜率过低|多月负期望|累计盈利因子不足|累计净R非正,8,0.52,0.78,6,2.0,1.2,0.0032,216,0.95,0.1,54,0.38,2,0.035,220,5.0,38,3,1,0.3333333333333333,1.6858241384640045,0.2132439880098081,7.9056115682214,3.9528057841107,1.2593361624443884,0.4264879760196161,0.4197787208147961,True,1017,353,0.7382675781236342,3,3,3,2,0,0.0,0.0,1.3126608473186465,0.0,0.0,-2.625321694637293,2.625321694637293,-1.3126608473186465,True,1370,308,0.7247962534798281,6,6,2,0,0,0.0,0.0,0.0,0.0,0.0,0.0,0.0,0.0,True,1678,187,0.7194340451298679,0,0,0,1,0,0.0,0.0,1.312842018473169,0.0,0.0,-1.312842018473169,1.312842018473169,-1.312842018473169,True,1865,411,0.7002056850674692,2,2,1,0,0,0.0,0.0,0.0,0.0,0.0,0.0,0.0,0.0,True,2276,489,0.6527708651205243,0,0,0,2,0,0.0,0.0,1.312770143390103,0.0,0.0,-2.625540286780206,2.625540286780206,-1.312770143390103,True,2765,341,0.6436926736108803,5,5,2
0,趋势多头,6,ff785b0c4446e568,4024.4091596961903,False,开发月最低胜率过低|累计胜率过低|多月负期望|累计盈利因子不足|累计净R非正,8,0.52,0.85,6,2.0,1.2,0.0032,216,0.95,0.1,54,0.38,2,0.035,220,5.0,38,3,1,0.3333333333333333,1.6858241384640045,0.2132439880098081,7.9056115682214,3.9528057841107,1.2593361624443884,0.4264879760196161,0.4197787208147961,True,1017,353,0.7382675781236342,3,3,3,2,0,0.0,0.0,1.3126608473186465,0.0,0.0,-2.625321694637293,2.625321694637293,-1.3126608473186465,True,1370,308,0.7247962534798281,6,6,2,0,0,0.0,0.0,0.0,0.0,0.0,0.0,0.0,0.0,True,1678,187,0.7194340451298679,0,0,0,1,0,0.0,0.0,1.312842018473169,0.0,0.0,-1.312842018473169,1.312842018473169,-1.312842018473169,True,1865,411,0.7002056850674692,2,2,1,0,0,0.0,0.0,0.0,0.0,0.0,0.0,0.0,0.0,True,2276,489,0.6527708651205243,0,0,0,2,0,0.0,0.0,1.312770143390103,0.0,0.0,-2.625540286780206,2.625540286780206,-1.312770143390103,True,2765,341,0.6436926736108803,5,5,2
0,趋势多头,7,a5e8e3a6a8a45a83,4024.4091596961903,False,开发月最低胜率过低|累计胜率过低|多月负期望|累计盈利因子不足|累计净R非正,8,0.56,0.7,6,2.0,1.2,0.0032,216,0.95,0.1,54,0.38,2,0.035,220,5.0,38,3,1,0.3333333333333333,1.6858241384640045,0.2132439880098081,7.9056115682214,3.9528057841107,1.2593361624443884,0.4264879760196161,0.4197787208147961,True,1017,353,0.7382675781236342,3,3,3,2,0,0.0,0.0,1.3126608473186465,0.0,0.0,-2.625321694637293,2.625321694637293,-1.3126608473186465,True,1370,308,0.7247962534798281,6,6,2,0,0,0.0,0.0,0.0,0.0,0.0,0.0,0.0,0.0,True,1678,187,0.7194340451298679,0,0,0,1,0,0.0,0.0,1.312842018473169,0.0,0.0,-1.312842018473169,1.312842018473169,-1.312842018473169,True,1865,411,0.7002056850674692,2,2,1,0,0,0.0,0.0,0.0,0.0,0.0,0.0,0.0,0.0,True,2276,489,0.6527708651205243,0,0,0,2,0,0.0,0.0,1.312770143390103,0.0,0.0,-2.625540286780206,2.625540286780206,-1.312770143390103,True,2765,341,0.6436926736108803,5,5,2
0,趋势多头,8,d2493a1f02190977,4024.4091596961903,False,开发月最低胜率过低|累计胜率过低|多月负期望|累计盈利因子不足|累计净R非正,8,0.56,0.78,6,2.0,1.2,0.0032,216,0.95,0.1,54,0.38,2,0.035,220,5.0,38,3,1,0.3333333333333333,1.6858241384640045,0.2132439880098081,7.9056115682214,3.9528057841107,1.2593361624443884,0.4264879760196161,0.4197787208147961,True,1017,353,0.7382675781236342,3,3,3,2,0,0.0,0.0,1.3126608473186465,0.0,0.0,-2.625321694637293,2.625321694637293,-1.3126608473186465,True,1370,308,0.7247962534798281,6,6,2,0,0,0.0,0.0,0.0,0.0,0.0,0.0,0.0,0.0,True,1678,187,0.7194340451298679,0,0,0,1,0,0.0,0.0,1.312842018473169,0.0,0.0,-1.312842018473169,1.312842018473169,-1.312842018473169,True,1865,411,0.7002056850674692,2,2,1,0,0,0.0,0.0,0.0,0.0,0.0,0.0,0.0,0.0,True,2276,489,0.6527708651205243,0,0,0,2,0,0.0,0.0,1.312770143390103,0.0,0.0,-2.625540286780206,2.625540286780206,-1.312770143390103,True,2765,341,0.6436926736108803,5,5,2
0,趋势多头,9,859c8237022bd3db,4024.4091596961903,False,开发月最低胜率过低|累计胜率过低|多月负期望|累计盈利因子不足|累计净R非正,8,0.56,0.85,6,2.0,1.2,0.0032,216,0.95,0.1,54,0.38,2,0.035,220,5.0,38,3,1,0.3333333333333333,1.6858241384640045,0.2132439880098081,7.9056115682214,3.9528057841107,1.2593361624443884,0.4264879760196161,0.4197787208147961,True,1017,353,0.7382675781236342,3,3,3,2,0,0.0,0.0,1.3126608473186465,0.0,0.0,-2.625321694637293,2.625321694637293,-1.3126608473186465,True,1370,308,0.7247962534798281,6,6,2,0,0,0.0,0.0,0.0,0.0,0.0,0.0,0.0,0.0,True,1678,187,0.7194340451298679,0,0,0,1,0,0.0,0.0,1.312842018473169,0.0,0.0,-1.312842018473169,1.312842018473169,-1.312842018473169,True,1865,411,0.7002056850674692,2,2,1,0,0,0.0,0.0,0.0,0.0,0.0,0.0,0.0,0.0,True,2276,489,0.6527708651205243,0,0,0,2,0,0.0,0.0,1.312770143390103,0.0,0.0,-2.625540286780206,2.625540286780206,-1.312770143390103,True,2765,341,0.6436926736108803,5,5,2
0,趋势多头,10,8c6c4ba69ca65166,4024.4090946579186,False,开发月最低胜率过低|累计胜率过低|多月负期望|累计盈利因子不足|累计净R非正,8,0.48,0.7,1,2.0,1.2,0.0032,216,0.95,0.1,54,0.38,2,0.035,220,5.0,38,3,1,0.3333333333333333,1.6858241384640045,0.2132439880098081,7.9056115682214,3.9528057841107,1.2593361624443884,0.4264879760196161,0.4197787208147961,True,1017,353,0.7382675781236342,3,3,3,2,0,0.0,0.0,1.3126608473186465,0.0,0.0,-2.625321694637293,2.625321694637293,-1.3126608473186465,True,1370,308,0.7247962534798281,6,6,2,0,0,0.0,0.0,0.0,0.0,0.0,0.0,0.0,0.0,True,1678,187,0.7194340451298679,0,0,0,1,0,0.0,0.0,1.312842018473169,0.0,0.0,-1.312842018473169,1.312842018473169,-1.312842018473169,True,1865,411,0.7002056850674692,2,2,1,0,0,0.0,0.0,0.0,0.0,0.0,0.0,0.0,0.0,True,2276,489,0.6527708651205243,0,0,0,2,0,0.0,0.0,1.312770626941764,0.0,0.0,-2.625541253883528,2.625541253883528,-1.312770626941764,True,2765,341,0.6436926736108803,5,5,2
0,趋势多头,11,32effe2886c36ba5,4024.4090946579186,False,开发月最低胜率过低|累计胜率过低|多月负期望|累计盈利因子不足|累计净R非正,8,0.48,0.7,3,2.0,1.2,0.0032,216,0.95,0.1,54,0.38,2,0.035,220,5.0,38,3,1,0.3333333333333333,1.6858241384640045,0.2132439880098081,7.9056115682214,3.9528057841107,1.2593361624443884,0.4264879760196161,0.4197787208147961,True,1017,353,0.7382675781236342,3,3,3,2,0,0.0,0.0,1.3126608473186465,0.0,0.0,-2.625321694637293,2.625321694637293,-1.3126608473186465,True,1370,308,0.7247962534798281,6,6,2,0,0,0.0,0.0,0.0,0.0,0.0,0.0,0.0,0.0,True,1678,187,0.7194340451298679,0,0,0,1,0,0.0,0.0,1.312842018473169,0.0,0.0,-1.312842018473169,1.312842018473169,-1.312842018473169,True,1865,411,0.7002056850674692,2,2,1,0,0,0.0,0.0,0.0,0.0,0.0,0.0,0.0,0.0,True,2276,489,0.6527708651205243,0,0,0,2,0,0.0,0.0,1.312770626941764,0.0,0.0,-2.625541253883528,2.625541253883528,-1.312770626941764,True,2765,341,0.6436926736108803,5,5,2
0,趋势多头,12,f1d2b69a4db38c1d,4024.4090946579186,False,开发月最低胜率过低|累计胜率过低|多月负期望|累计盈利因子不足|累计净R非正,8,0.48,0.78,1,2.0,1.2,0.0032,216,0.95,0.1,54,0.38,2,0.035,220,5.0,38,3,1,0.3333333333333333,1.6858241384640045,0.2132439880098081,7.9056115682214,3.9528057841107,1.2593361624443884,0.4264879760196161,0.4197787208147961,True,1017,353,0.7382675781236342,3,3,3,2,0,0.0,0.0,1.3126608473186465,0.0,0.0,-2.625321694637293,2.625321694637293,-1.3126608473186465,True,1370,308,0.7247962534798281,6,6,2,0,0,0.0,0.0,0.0,0.0,0.0,0.0,0.0,0.0,True,1678,187,0.7194340451298679,0,0,0,1,0,0.0,0.0,1.312842018473169,0.0,0.0,-1.312842018473169,1.312842018473169,-1.312842018473169,True,1865,411,0.7002056850674692,2,2,1,0,0,0.0,0.0,0.0,0.0,0.0,0.0,0.0,0.0,True,2276,489,0.6527708651205243,0,0,0,2,0,0.0,0.0,1.312770626941764,0.0,0.0,-2.625541253883528,2.625541253883528,-1.312770626941764,True,2765,341,0.6436926736108803,5,5,2
0,趋势多头,13,716ded306f5026fa,4024.4090946579186,False,开发月最低胜率过低|累计胜率过低|多月负期望|累计盈利因子不足|累计净R非正,8,0.48,0.78,3,2.0,1.2,0.0032,216,0.95,0.1,54,0.38,2,0.035,220,5.0,38,3,1,0.3333333333333333,1.6858241384640045,0.2132439880098081,7.9056115682214,3.9528057841107,1.2593361624443884,0.4264879760196161,0.4197787208147961,True,1017,353,0.7382675781236342,3,3,3,2,0,0.0,0.0,1.3126608473186465,0.0,0.0,-2.625321694637293,2.625321694637293,-1.3126608473186465,True,1370,308,0.7247962534798281,6,6,2,0,0,0.0,0.0,0.0,0.0,0.0,0.0,0.0,0.0,True,1678,187,0.7194340451298679,0,0,0,1,0,0.0,0.0,1.312842018473169,0.0,0.0,-1.312842018473169,1.312842018473169,-1.312842018473169,True,1865,411,0.7002056850674692,2,2,1,0,0,0.0,0.0,0.0,0.0,0.0,0.0,0.0,0.0,True,2276,489,0.6527708651205243,0,0,0,2,0,0.0,0.0,1.312770626941764,0.0,0.0,-2.625541253883528,2.625541253883528,-1.312770626941764,True,2765,341,0.6436926736108803,5,5,2
0,趋势多头,14,57b90939f3d515f9,4024.4090946579186,False,开发月最低胜率过低|累计胜率过低|多月负期望|累计盈利因子不足|累计净R非正,8,0.48,0.85,1,2.0,1.2,0.0032,216,0.95,0.1,54,0.38,2,0.035,220,5.0,38,3,1,0.3333333333333333,1.6858241384640045,0.2132439880098081,7.9056115682214,3.9528057841107,1.2593361624443884,0.4264879760196161,0.4197787208147961,True,1017,353,0.7382675781236342,3,3,3,2,0,0.0,0.0,1.3126608473186465,0.0,0.0,-2.625321694637293,2.625321694637293,-1.3126608473186465,True,1370,308,0.7247962534798281,6,6,2,0,0,0.0,0.0,0.0,0.0,0.0,0.0,0.0,0.0,True,1678,187,0.7194340451298679,0,0,0,1,0,0.0,0.0,1.312842018473169,0.0,0.0,-1.312842018473169,1.312842018473169,-1.312842018473169,True,1865,411,0.7002056850674692,2,2,1,0,0,0.0,0.0,0.0,0.0,0.0,0.0,0.0,0.0,True,2276,489,0.6527708651205243,0,0,0,2,0,0.0,0.0,1.312770626941764,0.0,0.0,-2.625541253883528,2.625541253883528,-1.312770626941764,True,2765,341,0.6436926736108803,5,5,2
0,趋势多头,15,12821e001ed83d65,4024.4090946579186,False,开发月最低胜率过低|累计胜率过低|多月负期望|累计盈利因子不足|累计净R非正,8,0.48,0.85,3,2.0,1.2,0.0032,216,0.95,0.1,54,0.38,2,0.035,220,5.0,38,3,1,0.3333333333333333,1.6858241384640045,0.2132439880098081,7.9056115682214,3.9528057841107,1.2593361624443884,0.4264879760196161,0.4197787208147961,True,1017,353,0.7382675781236342,3,3,3,2,0,0.0,0.0,1.3126608473186465,0.0,0.0,-2.625321694637293,2.625321694637293,-1.3126608473186465,True,1370,308,0.7247962534798281,6,6,2,0,0,0.0,0.0,0.0,0.0,0.0,0.0,0.0,0.0,True,1678,187,0.7194340451298679,0,0,0,1,0,0.0,0.0,1.312842018473169,0.0,0.0,-1.312842018473169,1.312842018473169,-1.312842018473169,True,1865,411,0.7002056850674692,2,2,1,0,0,0.0,0.0,0.0,0.0,0.0,0.0,0.0,0.0,True,2276,489,0.6527708651205243,0,0,0,2,0,0.0,0.0,1.312770626941764,0.0,0.0,-2.625541253883528,2.625541253883528,-1.312770626941764,True,2765,341,0.6436926736108803,5,5,2
0,趋势多头,16,db91aeb5d3b8437d,4024.4090946579186,False,开发月最低胜率过低|累计胜率过低|多月负期望|累计盈利因子不足|累计净R非正,8,0.52,0.7,1,2.0,1.2,0.0032,216,0.95,0.1,54,0.38,2,0.035,220,5.0,38,3,1,0.3333333333333333,1.6858241384640045,0.2132439880098081,7.9056115682214,3.9528057841107,1.2593361624443884,0.4264879760196161,0.4197787208147961,True,1017,353,0.7382675781236342,3,3,3,2,0,0.0,0.0,1.3126608473186465,0.0,0.0,-2.625321694637293,2.625321694637293,-1.3126608473186465,True,1370,308,0.7247962534798281,6,6,2,0,0,0.0,0.0,0.0,0.0,0.0,0.0,0.0,0.0,True,1678,187,0.7194340451298679,0,0,0,1,0,0.0,0.0,1.312842018473169,0.0,0.0,-1.312842018473169,1.312842018473169,-1.312842018473169,True,1865,411,0.7002056850674692,2,2,1,0,0,0.0,0.0,0.0,0.0,0.0,0.0,0.0,0.0,True,2276,489,0.6527708651205243,0,0,0,2,0,0.0,0.0,1.312770626941764,0.0,0.0,-2.625541253883528,2.625541253883528,-1.312770626941764,True,2765,341,0.6436926736108803,5,5,2
0,趋势多头,17,d403db530901bfee,4024.4090946579186,False,开发月最低胜率过低|累计胜率过低|多月负期望|累计盈利因子不足|累计净R非正,8,0.52,0.7,3,2.0,1.2,0.0032,216,0.95,0.1,54,0.38,2,0.035,220,5.0,38,3,1,0.3333333333333333,1.6858241384640045,0.2132439880098081,7.9056115682214,3.9528057841107,1.2593361624443884,0.4264879760196161,0.4197787208147961,True,1017,353,0.7382675781236342,3,3,3,2,0,0.0,0.0,1.3126608473186465,0.0,0.0,-2.625321694637293,2.625321694637293,-1.3126608473186465,True,1370,308,0.7247962534798281,6,6,2,0,0,0.0,0.0,0.0,0.0,0.0,0.0,0.0,0.0,True,1678,187,0.7194340451298679,0,0,0,1,0,0.0,0.0,1.312842018473169,0.0,0.0,-1.312842018473169,1.312842018473169,-1.312842018473169,True,1865,411,0.7002056850674692,2,2,1,0,0,0.0,0.0,0.0,0.0,0.0,0.0,0.0,0.0,True,2276,489,0.6527708651205243,0,0,0,2,0,0.0,0.0,1.312770626941764,0.0,0.0,-2.625541253883528,2.625541253883528,-1.312770626941764,True,2765,341,0.6436926736108803,5,5,2
0,趋势多头,18,35809720685ad1f6,4024.4090946579186,False,开发月最低胜率过低|累计胜率过低|多月负期望|累计盈利因子不足|累计净R非正,8,0.52,0.78,1,2.0,1.2,0.0032,216,0.95,0.1,54,0.38,2,0.035,220,5.0,38,3,1,0.3333333333333333,1.6858241384640045,0.2132439880098081,7.9056115682214,3.9528057841107,1.2593361624443884,0.4264879760196161,0.4197787208147961,True,1017,353,0.7382675781236342,3,3,3,2,0,0.0,0.0,1.3126608473186465,0.0,0.0,-2.625321694637293,2.625321694637293,-1.3126608473186465,True,1370,308,0.7247962534798281,6,6,2,0,0,0.0,0.0,0.0,0.0,0.0,0.0,0.0,0.0,True,1678,187,0.7194340451298679,0,0,0,1,0,0.0,0.0,1.312842018473169,0.0,0.0,-1.312842018473169,1.312842018473169,-1.312842018473169,True,1865,411,0.7002056850674692,2,2,1,0,0,0.0,0.0,0.0,0.0,0.0,0.0,0.0,0.0,True,2276,489,0.6527708651205243,0,0,0,2,0,0.0,0.0,1.312770626941764,0.0,0.0,-2.625541253883528,2.625541253883528,-1.312770626941764,True,2765,341,0.6436926736108803,5,5,2
0,趋势多头,19,73cf816e1d6e52ae,4024.4090946579186,False,开发月最低胜率过低|累计胜率过低|多月负期望|累计盈利因子不足|累计净R非正,8,0.52,0.78,3,2.0,1.2,0.0032,216,0.95,0.1,54,0.38,2,0.035,220,5.0,38,3,1,0.3333333333333333,1.6858241384640045,0.2132439880098081,7.9056115682214,3.9528057841107,1.2593361624443884,0.4264879760196161,0.4197787208147961,True,1017,353,0.7382675781236342,3,3,3,2,0,0.0,0.0,1.3126608473186465,0.0,0.0,-2.625321694637293,2.625321694637293,-1.3126608473186465,True,1370,308,0.7247962534798281,6,6,2,0,0,0.0,0.0,0.0,0.0,0.0,0.0,0.0,0.0,True,1678,187,0.7194340451298679,0,0,0,1,0,0.0,0.0,1.312842018473169,0.0,0.0,-1.312842018473169,1.312842018473169,-1.312842018473169,True,1865,411,0.7002056850674692,2,2,1,0,0,0.0,0.0,0.0,0.0,0.0,0.0,0.0,0.0,True,2276,489,0.6527708651205243,0,0,0,2,0,0.0,0.0,1.312770626941764,0.0,0.0,-2.625541253883528,2.625541253883528,-1.312770626941764,True,2765,341,0.6436926736108803,5,5,2
0,趋势多头,20,99dd8d9e16d46e91,4024.4090946579186,False,开发月最低胜率过低|累计胜率过低|多月负期望|累计盈利因子不足|累计净R非正,8,0.52,0.85,1,2.0,1.2,0.0032,216,0.95,0.1,54,0.38,2,0.035,220,5.0,38,3,1,0.3333333333333333,1.6858241384640045,0.2132439880098081,7.9056115682214,3.9528057841107,1.2593361624443884,0.4264879760196161,0.4197787208147961,True,1017,353,0.7382675781236342,3,3,3,2,0,0.0,0.0,1.3126608473186465,0.0,0.0,-2.625321694637293,2.625321694637293,-1.3126608473186465,True,1370,308,0.7247962534798281,6,6,2,0,0,0.0,0.0,0.0,0.0,0.0,0.0,0.0,0.0,True,1678,187,0.7194340451298679,0,0,0,1,0,0.0,0.0,1.312842018473169,0.0,0.0,-1.312842018473169,1.312842018473169,-1.312842018473169,True,1865,411,0.7002056850674692,2,2,1,0,0,0.0,0.0,0.0,0.0,0.0,0.0,0.0,0.0,True,2276,489,0.6527708651205243,0,0,0,2,0,0.0,0.0,1.312770626941764,0.0,0.0,-2.625541253883528,2.625541253883528,-1.312770626941764,True,2765,341,0.6436926736108803,5,5,2
0,趋势多头,21,e46b2cb5a300d33e,4024.4090946579186,False,开发月最低胜率过低|累计胜率过低|多月负期望|累计盈利因子不足|累计净R非正,8,0.52,0.85,3,2.0,1.2,0.0032,216,0.95,0.1,54,0.38,2,0.035,220,5.0,38,3,1,0.3333333333333333,1.6858241384640045,0.2132439880098081,7.9056115682214,3.9528057841107,1.2593361624443884,0.4264879760196161,0.4197787208147961,True,1017,353,0.7382675781236342,3,3,3,2,0,0.0,0.0,1.3126608473186465,0.0,0.0,-2.625321694637293,2.625321694637293,-1.3126608473186465,True,1370,308,0.7247962534798281,6,6,2,0,0,0.0,0.0,0.0,0.0,0.0,0.0,0.0,0.0,True,1678,187,0.7194340451298679,0,0,0,1,0,0.0,0.0,1.312842018473169,0.0,0.0,-1.312842018473169,1.312842018473169,-1.312842018473169,True,1865,411,0.7002056850674692,2,2,1,0,0,0.0,0.0,0.0,0.0,0.0,0.0,0.0,0.0,True,2276,489,0.6527708651205243,0,0,0,2,0,0.0,0.0,1.312770626941764,0.0,0.0,-2.625541253883528,2.625541253883528,-1.312770626941764,True,2765,341,0.6436926736108803,5,5,2
0,趋势多头,22,df98aae15e12b149,4024.4090946579186,False,开发月最低胜率过低|累计胜率过低|多月负期望|累计盈利因子不足|累计净R非正,8,0.56,0.7,1,2.0,1.2,0.0032,216,0.95,0.1,54,0.38,2,0.035,220,5.0,38,3,1,0.3333333333333333,1.6858241384640045,0.2132439880098081,7.9056115682214,3.9528057841107,1.2593361624443884,0.4264879760196161,0.4197787208147961,True,1017,353,0.7382675781236342,3,3,3,2,0,0.0,0.0,1.3126608473186465,0.0,0.0,-2.625321694637293,2.625321694637293,-1.3126608473186465,True,1370,308,0.7247962534798281,6,6,2,0,0,0.0,0.0,0.0,0.0,0.0,0.0,0.0,0.0,True,1678,187,0.7194340451298679,0,0,0,1,0,0.0,0.0,1.312842018473169,0.0,0.0,-1.312842018473169,1.312842018473169,-1.312842018473169,True,1865,411,0.7002056850674692,2,2,1,0,0,0.0,0.0,0.0,0.0,0.0,0.0,0.0,0.0,True,2276,489,0.6527708651205243,0,0,0,2,0,0.0,0.0,1.312770626941764,0.0,0.0,-2.625541253883528,2.625541253883528,-1.312770626941764,True,2765,341,0.6436926736108803,5,5,2
0,趋势多头,23,afa3afb14c9c95e3,4024.4090946579186,False,开发月最低胜率过低|累计胜率过低|多月负期望|累计盈利因子不足|累计净R非正,8,0.56,0.7,3,2.0,1.2,0.0032,216,0.95,0.1,54,0.38,2,0.035,220,5.0,38,3,1,0.3333333333333333,1.6858241384640045,0.2132439880098081,7.9056115682214,3.9528057841107,1.2593361624443884,0.4264879760196161,0.4197787208147961,True,1017,353,0.7382675781236342,3,3,3,2,0,0.0,0.0,1.3126608473186465,0.0,0.0,-2.625321694637293,2.625321694637293,-1.3126608473186465,True,1370,308,0.7247962534798281,6,6,2,0,0,0.0,0.0,0.0,0.0,0.0,0.0,0.0,0.0,True,1678,187,0.7194340451298679,0,0,0,1,0,0.0,0.0,1.312842018473169,0.0,0.0,-1.312842018473169,1.312842018473169,-1.312842018473169,True,1865,411,0.7002056850674692,2,2,1,0,0,0.0,0.0,0.0,0.0,0.0,0.0,0.0,0.0,True,2276,489,0.6527708651205243,0,0,0,2,0,0.0,0.0,1.312770626941764,0.0,0.0,-2.625541253883528,2.625541253883528,-1.312770626941764,True,2765,341,0.6436926736108803,5,5,2
0,趋势多头,24,d209fd218f0423e6,4024.4090946579186,False,开发月最低胜率过低|累计胜率过低|多月负期望|累计盈利因子不足|累计净R非正,8,0.56,0.78,1,2.0,1.2,0.0032,216,0.95,0.1,54,0.38,2,0.035,220,5.0,38,3,1,0.3333333333333333,1.6858241384640045,0.2132439880098081,7.9056115682214,3.9528057841107,1.2593361624443884,0.4264879760196161,0.4197787208147961,True,1017,353,0.7382675781236342,3,3,3,2,0,0.0,0.0,1.3126608473186465,0.0,0.0,-2.625321694637293,2.625321694637293,-1.3126608473186465,True,1370,308,0.7247962534798281,6,6,2,0,0,0.0,0.0,0.0,0.0,0.0,0.0,0.0,0.0,True,1678,187,0.7194340451298679,0,0,0,1,0,0.0,0.0,1.312842018473169,0.0,0.0,-1.312842018473169,1.312842018473169,-1.312842018473169,True,1865,411,0.7002056850674692,2,2,1,0,0,0.0,0.0,0.0,0.0,0.0,0.0,0.0,0.0,True,2276,489,0.6527708651205243,0,0,0,2,0,0.0,0.0,1.312770626941764,0.0,0.0,-2.625541253883528,2.625541253883528,-1.312770626941764,True,2765,341,0.6436926736108803,5,5,2
0,趋势多头,25,a7981c8025f9f86f,4024.4090946579186,False,开发月最低胜率过低|累计胜率过低|多月负期望|累计盈利因子不足|累计净R非正,8,0.56,0.78,3,2.0,1.2,0.0032,216,0.95,0.1,54,0.38,2,0.035,220,5.0,38,3,1,0.3333333333333333,1.6858241384640045,0.2132439880098081,7.9056115682214,3.9528057841107,1.2593361624443884,0.4264879760196161,0.4197787208147961,True,1017,353,0.7382675781236342,3,3,3,2,0,0.0,0.0,1.3126608473186465,0.0,0.0,-2.625321694637293,2.625321694637293,-1.3126608473186465,True,1370,308,0.7247962534798281,6,6,2,0,0,0.0,0.0,0.0,0.0,0.0,0.0,0.0,0.0,True,1678,187,0.7194340451298679,0,0,0,1,0,0.0,0.0,1.312842018473169,0.0,0.0,-1.312842018473169,1.312842018473169,-1.312842018473169,True,1865,411,0.7002056850674692,2,2,1,0,0,0.0,0.0,0.0,0.0,0.0,0.0,0.0,0.0,True,2276,489,0.6527708651205243,0,0,0,2,0,0.0,0.0,1.312770626941764,0.0,0.0,-2.625541253883528,2.625541253883528,-1.312770626941764,True,2765,341,0.6436926736108803,5,5,2
0,趋势多头,26,4a1af5b88f906975,4024.4090946579186,False,开发月最低胜率过低|累计胜率过低|多月负期望|累计盈利因子不足|累计净R非正,8,0.56,0.85,1,2.0,1.2,0.0032,216,0.95,0.1,54,0.38,2,0.035,220,5.0,38,3,1,0.3333333333333333,1.6858241384640045,0.2132439880098081,7.9056115682214,3.9528057841107,1.2593361624443884,0.4264879760196161,0.4197787208147961,True,1017,353,0.7382675781236342,3,3,3,2,0,0.0,0.0,1.3126608473186465,0.0,0.0,-2.625321694637293,2.625321694637293,-1.3126608473186465,True,1370,308,0.7247962534798281,6,6,2,0,0,0.0,0.0,0.0,0.0,0.0,0.0,0.0,0.0,True,1678,187,0.7194340451298679,0,0,0,1,0,0.0,0.0,1.312842018473169,0.0,0.0,-1.312842018473169,1.312842018473169,-1.312842018473169,True,1865,411,0.7002056850674692,2,2,1,0,0,0.0,0.0,0.0,0.0,0.0,0.0,0.0,0.0,True,2276,489,0.6527708651205243,0,0,0,2,0,0.0,0.0,1.312770626941764,0.0,0.0,-2.625541253883528,2.625541253883528,-1.312770626941764,True,2765,341,0.6436926736108803,5,5,2
0,趋势多头,27,fbcacd9cff4a86e4,4024.4090946579186,False,开发月最低胜率过低|累计胜率过低|多月负期望|累计盈利因子不足|累计净R非正,8,0.56,0.85,3,2.0,1.2,0.0032,216,0.95,0.1,54,0.38,2,0.035,220,5.0,38,3,1,0.3333333333333333,1.6858241384640045,0.2132439880098081,7.9056115682214,3.9528057841107,1.2593361624443884,0.4264879760196161,0.4197787208147961,True,1017,353,0.7382675781236342,3,3,3,2,0,0.0,0.0,1.3126608473186465,0.0,0.0,-2.625321694637293,2.625321694637293,-1.3126608473186465,True,1370,308,0.7247962534798281,6,6,2,0,0,0.0,0.0,0.0,0.0,0.0,0.0,0.0,0.0,True,1678,187,0.7194340451298679,0,0,0,1,0,0.0,0.0,1.312842018473169,0.0,0.0,-1.312842018473169,1.312842018473169,-1.312842018473169,True,1865,411,0.7002056850674692,2,2,1,0,0,0.0,0.0,0.0,0.0,0.0,0.0,0.0,0.0,True,2276,489,0.6527708651205243,0,0,0,2,0,0.0,0.0,1.312770626941764,0.0,0.0,-2.625541253883528,2.625541253883528,-1.312770626941764,True,2765,341,0.6436926736108803,5,5,2
0,趋势多头,28,e250b2bad059afbc,1627.1274193905529,False,连续两个有机会开发月无交易|开发月最低胜率过低|累计胜率过低|累计盈利因子不足|累计净R非正,16,0.48,0.7,6,2.0,1.2,0.0032,216,0.95,0.1,54,0.38,3,0.025,270,8.0,50,3,1,0.3333333333333333,1.6858241384640045,0.7629496508845809,2.209613880168137,1.1048069400840685,0.1599248366948427,1.3126767795547762,0.0533082788982809,True,1017,353,0.765261395603272,3,3,3,2,0,0.0,0.0,1.3126667539333448,0.0,0.0,-2.6253335078666895,2.6253335078666895,-1.3126667539333448,True,1370,308,0.746190185472455,2,2,2,0,0,0.0,0.0,0.0,0.0,0.0,0.0,0.0,0.0,True,1678,187,0.737326821445834,0,0,0,0,0,0.0,0.0,0.0,0.0,0.0,0.0,0.0,0.0,True,1865,411,0.721980418908568,0,0,0,1,1,1.0,1.6856976636221352,0.0,0.0,0.0,1.6856976636221352,0.0,1.6856976636221352,True,2276,489,0.6705495430802801,1,1,1,2,0,0.0,0.0,1.312770143390103,0.0,0.0,-2.625540286780206,2.625540286780206,-1.312770143390103,True,2765,341,0.6567232713108924,5,5,2
0,趋势多头,29,56e54214680003c7,1627.1274193905529,False,连续两个有机会开发月无交易|开发月最低胜率过低|累计胜率过低|累计盈利因子不足|累计净R非正,16,0.48,0.78,6,2.0,1.2,0.0032,216,0.95,0.1,54,0.38,3,0.025,270,8.0,50,3,1,0.3333333333333333,1.6858241384640045,0.7629496508845809,2.209613880168137,1.1048069400840685,0.1599248366948427,1.3126767795547762,0.0533082788982809,True,1017,353,0.765261395603272,3,3,3,2,0,0.0,0.0,1.3126667539333448,0.0,0.0,-2.6253335078666895,2.6253335078666895,-1.3126667539333448,True,1370,308,0.746190185472455,2,2,2,0,0,0.0,0.0,0.0,0.0,0.0,0.0,0.0,0.0,True,1678,187,0.737326821445834,0,0,0,0,0,0.0,0.0,0.0,0.0,0.0,0.0,0.0,0.0,True,1865,411,0.721980418908568,0,0,0,1,1,1.0,1.6856976636221352,0.0,0.0,0.0,1.6856976636221352,0.0,1.6856976636221352,True,2276,489,0.6705495430802801,1,1,1,2,0,0.0,0.0,1.312770143390103,0.0,0.0,-2.625540286780206,2.625540286780206,-1.312770143390103,True,2765,341,0.6567232713108924,5,5,2
0,趋势多头,30,9cfbefe334dd1eb4,1627.1274193905529,False,连续两个有机会开发月无交易|开发月最低胜率过低|累计胜率过低|累计盈利因子不足|累计净R非正,16,0.48,0.85,6,2.0,1.2,0.0032,216,0.95,0.1,54,0.38,3,0.025,270,8.0,50,3,1,0.3333333333333333,1.6858241384640045,0.7629496508845809,2.209613880168137,1.1048069400840685,0.1599248366948427,1.3126767795547762,0.0533082788982809,True,1017,353,0.765261395603272,3,3,3,2,0,0.0,0.0,1.3126667539333448,0.0,0.0,-2.6253335078666895,2.6253335078666895,-1.3126667539333448,True,1370,308,0.746190185472455,2,2,2,0,0,0.0,0.0,0.0,0.0,0.0,0.0,0.0,0.0,True,1678,187,0.737326821445834,0,0,0,0,0,0.0,0.0,0.0,0.0,0.0,0.0,0.0,0.0,True,1865,411,0.721980418908568,0,0,0,1,1,1.0,1.6856976636221352,0.0,0.0,0.0,1.6856976636221352,0.0,1.6856976636221352,True,2276,489,0.6705495430802801,1,1,1,2,0,0.0,0.0,1.312770143390103,0.0,0.0,-2.625540286780206,2.625540286780206,-1.312770143390103,True,2765,341,0.6567232713108924,5,5,2
1,趋势空头,1,a0055b8cbf2be79a,4290.920572971723,False,多月负期望|开发交易样本不足,8,0.48,0.7,1,1.8,1.15,0.003,180,0.9,0.08,48,0.38,2,0.035,220,5.0,38,1,0,0.0,0.0,1.3346060881403976,0.0,0.0,-1.3346060881403976,1.3346060881403976,-1.3346060881403976,True,1111,510,0.7241730233828682,2,2,1,0,0,0.0,0.0,0.0,0.0,0.0,0.0,0.0,0.0,True,1621,431,0.7095459839907003,0,0,0,2,1,0.5,1.4665134458384104,0.24085533044312948,6.088773053684531,6.088773053684531,1.2256581153952808,0.24085533044312948,0.6128290576976404,True,2052,412,0.6785453615572447,4,4,2,0,0,0.0,0.0,0.0,0.0,0.0,0.0,0.0,0.0,True,2464,287,0.626415986567779,0,0,0,1,0,0.0,0.0,0.25423184420436634,0.0,0.0,-0.25423184420436634,0.25423184420436634,-0.25423184420436634,True,2751,238,0.6346849899560211,1,1,1,1,0,0.0,0.0,0.25420659161407666,0.0,0.0,-0.25420659161407666,0.25420659161407666,-0.25420659161407666,True,2989,369,0.6327681136855192,2,2,1
1,趋势空头,2,d3b94bdcc430d73b,4290.920572971723,False,多月负期望|开发交易样本不足,8,0.48,0.7,3,1.8,1.15,0.003,180,0.9,0.08,48,0.38,2,0.035,220,5.0,38,1,0,0.0,0.0,1.3346060881403976,0.0,0.0,-1.3346060881403976,1.3346060881403976,-1.3346060881403976,True,1111,510,0.7241730233828682,2,2,1,0,0,0.0,0.0,0.0,0.0,0.0,0.0,0.0,0.0,True,1621,431,0.7095459839907003,0,0,0,2,1,0.5,1.4665134458384104,0.24085533044312948,6.088773053684531,6.088773053684531,1.2256581153952808,0.24085533044312948,0.6128290576976404,True,2052,412,0.6785453615572447,4,4,2,0,0,0.0,0.0,0.0,0.0,0.0,0.0,0.0,0.0,True,2464,287,0.626415986567779,0,0,0,1,0,0.0,0.0,0.25423184420436634,0.0,0.0,-0.25423184420436634,0.25423184420436634,-0.25423184420436634,True,2751,238,0.6346849899560211,1,1,1,1,0,0.0,0.0,0.25420659161407666,0.0,0.0,-0.25420659161407666,0.25420659161407666,-0.25420659161407666,True,2989,369,0.6327681136855192,2,2,1
1,趋势空头,3,4a89539ba3cf75e8,4290.920572971723,False,多月负期望|开发交易样本不足,8,0.48,0.7,6,1.8,1.15,0.003,180,0.9,0.08,48,0.38,2,0.035,220,5.0,38,1,0,0.0,0.0,1.3346060881403976,0.0,0.0,-1.3346060881403976,1.3346060881403976,-1.3346060881403976,True,1111,510,0.7241730233828682,2,2,1,0,0,0.0,0.0,0.0,0.0,0.0,0.0,0.0,0.0,True,1621,431,0.7095459839907003,0,0,0,2,1,0.5,1.4665134458384104,0.24085533044312948,6.088773053684531,6.088773053684531,1.2256581153952808,0.24085533044312948,0.6128290576976404,True,2052,412,0.6785453615572447,4,4,2,0,0,0.0,0.0,0.0,0.0,0.0,0.0,0.0,0.0,True,2464,287,0.626415986567779,0,0,0,1,0,0.0,0.0,0.25423184420436634,0.0,0.0,-0.25423184420436634,0.25423184420436634,-0.25423184420436634,True,2751,238,0.6346849899560211,1,1,1,1,0,0.0,0.0,0.25420659161407666,0.0,0.0,-0.25420659161407666,0.25420659161407666,-0.25420659161407666,True,2989,369,0.6327681136855192,2,2,1
1,趋势空头,4,c5080404c54314df,4290.920572971723,False,多月负期望|开发交易样本不足,8,0.48,0.78,1,1.8,1.15,0.003,180,0.9,0.08,48,0.38,2,0.035,220,5.0,38,1,0,0.0,0.0,1.3346060881403976,0.0,0.0,-1.3346060881403976,1.3346060881403976,-1.3346060881403976,True,1111,510,0.7241730233828682,2,2,1,0,0,0.0,0.0,0.0,0.0,0.0,0.0,0.0,0.0,True,1621,431,0.7095459839907003,0,0,0,2,1,0.5,1.4665134458384104,0.24085533044312948,6.088773053684531,6.088773053684531,1.2256581153952808,0.24085533044312948,0.6128290576976404,True,2052,412,0.6785453615572447,4,4,2,0,0,0.0,0.0,0.0,0.0,0.0,0.0,0.0,0.0,True,2464,287,0.626415986567779,0,0,0,1,0,0.0,0.0,0.25423184420436634,0.0,0.0,-0.25423184420436634,0.25423184420436634,-0.25423184420436634,True,2751,238,0.6346849899560211,1,1,1,1,0,0.0,0.0,0.25420659161407666,0.0,0.0,-0.25420659161407666,0.25420659161407666,-0.25420659161407666,True,2989,369,0.6327681136855192,2,2,1
1,趋势空头,5,8522adc1cc0894cb,4290.920572971723,False,多月负期望|开发交易样本不足,8,0.48,0.78,3,1.8,1.15,0.003,180,0.9,0.08,48,0.38,2,0.035,220,5.0,38,1,0,0.0,0.0,1.3346060881403976,0.0,0.0,-1.3346060881403976,1.3346060881403976,-1.3346060881403976,True,1111,510,0.7241730233828682,2,2,1,0,0,0.0,0.0,0.0,0.0,0.0,0.0,0.0,0.0,True,1621,431,0.7095459839907003,0,0,0,2,1,0.5,1.4665134458384104,0.24085533044312948,6.088773053684531,6.088773053684531,1.2256581153952808,0.24085533044312948,0.6128290576976404,True,2052,412,0.6785453615572447,4,4,2,0,0,0.0,0.0,0.0,0.0,0.0,0.0,0.0,0.0,True,2464,287,0.626415986567779,0,0,0,1,0,0.0,0.0,0.25423184420436634,0.0,0.0,-0.25423184420436634,0.25423184420436634,-0.25423184420436634,True,2751,238,0.6346849899560211,1,1,1,1,0,0.0,0.0,0.25420659161407666,0.0,0.0,-0.25420659161407666,0.25420659161407666,-0.25420659161407666,True,2989,369,0.6327681136855192,2,2,1
1,趋势空头,6,ca3f6d6a6dbb3657,4290.920572971723,False,多月负期望|开发交易样本不足,8,0.48,0.78,6,1.8,1.15,0.003,180,0.9,0.08,48,0.38,2,0.035,220,5.0,38,1,0,0.0,0.0,1.3346060881403976,0.0,0.0,-1.3346060881403976,1.3346060881403976,-1.3346060881403976,True,1111,510,0.7241730233828682,2,2,1,0,0,0.0,0.0,0.0,0.0,0.0,0.0,0.0,0.0,True,1621,431,0.7095459839907003,0,0,0,2,1,0.5,1.4665134458384104,0.24085533044312948,6.088773053684531,6.088773053684531,1.2256581153952808,0.24085533044312948,0.6128290576976404,True,2052,412,0.6785453615572447,4,4,2,0,0,0.0,0.0,0.0,0.0,0.0,0.0,0.0,0.0,True,2464,287,0.626415986567779,0,0,0,1,0,0.0,0.0,0.25423184420436634,0.0,0.0,-0.25423184420436634,0.25423184420436634,-0.25423184420436634,True,2751,238,0.6346849899560211,1,1,1,1,0,0.0,0.0,0.25420659161407666,0.0,0.0,-0.25420659161407666,0.25420659161407666,-0.25420659161407666,True,2989,369,0.6327681136855192,2,2,1
1,趋势空头,7,e92c4029ca683579,4290.920572971723,False,多月负期望|开发交易样本不足,8,0.48,0.85,1,1.8,1.15,0.003,180,0.9,0.08,48,0.38,2,0.035,220,5.0,38,1,0,0.0,0.0,1.3346060881403976,0.0,0.0,-1.3346060881403976,1.3346060881403976,-1.3346060881403976,True,1111,510,0.7241730233828682,2,2,1,0,0,0.0,0.0,0.0,0.0,0.0,0.0,0.0,0.0,True,1621,431,0.7095459839907003,0,0,0,2,1,0.5,1.4665134458384104,0.24085533044312948,6.088773053684531,6.088773053684531,1.2256581153952808,0.24085533044312948,0.6128290576976404,True,2052,412,0.6785453615572447,4,4,2,0,0,0.0,0.0,0.0,0.0,0.0,0.0,0.0,0.0,True,2464,287,0.626415986567779,0,0,0,1,0,0.0,0.0,0.25423184420436634,0.0,0.0,-0.25423184420436634,0.25423184420436634,-0.25423184420436634,True,2751,238,0.6346849899560211,1,1,1,1,0,0.0,0.0,0.25420659161407666,0.0,0.0,-0.25420659161407666,0.25420659161407666,-0.25420659161407666,True,2989,369,0.6327681136855192,2,2,1
1,趋势空头,8,25616c3a547bdaed,4290.920572971723,False,多月负期望|开发交易样本不足,8,0.48,0.85,3,1.8,1.15,0.003,180,0.9,0.08,48,0.38,2,0.035,220,5.0,38,1,0,0.0,0.0,1.3346060881403976,0.0,0.0,-1.3346060881403976,1.3346060881403976,-1.3346060881403976,True,1111,510,0.7241730233828682,2,2,1,0,0,0.0,0.0,0.0,0.0,0.0,0.0,0.0,0.0,True,1621,431,0.7095459839907003,0,0,0,2,1,0.5,1.4665134458384104,0.24085533044312948,6.088773053684531,6.088773053684531,1.2256581153952808,0.24085533044312948,0.6128290576976404,True,2052,412,0.6785453615572447,4,4,2,0,0,0.0,0.0,0.0,0.0,0.0,0.0,0.0,0.0,True,2464,287,0.626415986567779,0,0,0,1,0,0.0,0.0,0.25423184420436634,0.0,0.0,-0.25423184420436634,0.25423184420436634,-0.25423184420436634,True,2751,238,0.6346849899560211,1,1,1,1,0,0.0,0.0,0.25420659161407666,0.0,0.0,-0.25420659161407666,0.25420659161407666,-0.25420659161407666,True,2989,369,0.6327681136855192,2,2,1
1,趋势空头,9,65368d2d8c3d4a7e,4290.920572971723,False,多月负期望|开发交易样本不足,8,0.48,0.85,6,1.8,1.15,0.003,180,0.9,0.08,48,0.38,2,0.035,220,5.0,38,1,0,0.0,0.0,1.3346060881403976,0.0,0.0,-1.3346060881403976,1.3346060881403976,-1.3346060881403976,True,1111,510,0.7241730233828682,2,2,1,0,0,0.0,0.0,0.0,0.0,0.0,0.0,0.0,0.0,True,1621,431,0.7095459839907003,0,0,0,2,1,0.5,1.4665134458384104,0.24085533044312948,6.088773053684531,6.088773053684531,1.2256581153952808,0.24085533044312948,0.6128290576976404,True,2052,412,0.6785453615572447,4,4,2,0,0,0.0,0.0,0.0,0.0,0.0,0.0,0.0,0.0,True,2464,287,0.626415986567779,0,0,0,1,0,0.0,0.0,0.25423184420436634,0.0,0.0,-0.25423184420436634,0.25423184420436634,-0.25423184420436634,True,2751,238,0.6346849899560211,1,1,1,1,0,0.0,0.0,0.25420659161407666,0.0,0.0,-0.25420659161407666,0.25420659161407666,-0.25420659161407666,True,2989,369,0.6327681136855192,2,2,1
1,趋势空头,10,8b36d853573a07de,4290.920572971723,False,多月负期望|开发交易样本不足,8,0.52,0.7,1,1.8,1.15,0.003,180,0.9,0.08,48,0.38,2,0.035,220,5.0,38,1,0,0.0,0.0,1.3346060881403976,0.0,0.0,-1.3346060881403976,1.3346060881403976,-1.3346060881403976,True,1111,510,0.7241730233828682,2,2,1,0,0,0.0,0.0,0.0,0.0,0.0,0.0,0.0,0.0,True,1621,431,0.7095459839907003,0,0,0,2,1,0.5,1.4665134458384104,0.24085533044312948,6.088773053684531,6.088773053684531,1.2256581153952808,0.24085533044312948,0.6128290576976404,True,2052,412,0.6785453615572447,4,4,2,0,0,0.0,0.0,0.0,0.0,0.0,0.0,0.0,0.0,True,2464,287,0.626415986567779,0,0,0,1,0,0.0,0.0,0.25423184420436634,0.0,0.0,-0.25423184420436634,0.25423184420436634,-0.25423184420436634,True,2751,238,0.6346849899560211,1,1,1,1,0,0.0,0.0,0.25420659161407666,0.0,0.0,-0.25420659161407666,0.25420659161407666,-0.25420659161407666,True,2989,369,0.6327681136855192,2,2,1
1,趋势空头,11,63ef5ec71a6cc894,4290.920572971723,False,多月负期望|开发交易样本不足,8,0.52,0.7,3,1.8,1.15,0.003,180,0.9,0.08,48,0.38,2,0.035,220,5.0,38,1,0,0.0,0.0,1.3346060881403976,0.0,0.0,-1.3346060881403976,1.3346060881403976,-1.3346060881403976,True,1111,510,0.7241730233828682,2,2,1,0,0,0.0,0.0,0.0,0.0,0.0,0.0,0.0,0.0,True,1621,431,0.7095459839907003,0,0,0,2,1,0.5,1.4665134458384104,0.24085533044312948,6.088773053684531,6.088773053684531,1.2256581153952808,0.24085533044312948,0.6128290576976404,True,2052,412,0.6785453615572447,4,4,2,0,0,0.0,0.0,0.0,0.0,0.0,0.0,0.0,0.0,True,2464,287,0.626415986567779,0,0,0,1,0,0.0,0.0,0.25423184420436634,0.0,0.0,-0.25423184420436634,0.25423184420436634,-0.25423184420436634,True,2751,238,0.6346849899560211,1,1,1,1,0,0.0,0.0,0.25420659161407666,0.0,0.0,-0.25420659161407666,0.25420659161407666,-0.25420659161407666,True,2989,369,0.6327681136855192,2,2,1
1,趋势空头,12,52bfbf2268a195cd,4290.920572971723,False,多月负期望|开发交易样本不足,8,0.52,0.7,6,1.8,1.15,0.003,180,0.9,0.08,48,0.38,2,0.035,220,5.0,38,1,0,0.0,0.0,1.3346060881403976,0.0,0.0,-1.3346060881403976,1.3346060881403976,-1.3346060881403976,True,1111,510,0.7241730233828682,2,2,1,0,0,0.0,0.0,0.0,0.0,0.0,0.0,0.0,0.0,True,1621,431,0.7095459839907003,0,0,0,2,1,0.5,1.4665134458384104,0.24085533044312948,6.088773053684531,6.088773053684531,1.2256581153952808,0.24085533044312948,0.6128290576976404,True,2052,412,0.6785453615572447,4,4,2,0,0,0.0,0.0,0.0,0.0,0.0,0.0,0.0,0.0,True,2464,287,0.626415986567779,0,0,0,1,0,0.0,0.0,0.25423184420436634,0.0,0.0,-0.25423184420436634,0.25423184420436634,-0.25423184420436634,True,2751,238,0.6346849899560211,1,1,1,1,0,0.0,0.0,0.25420659161407666,0.0,0.0,-0.25420659161407666,0.25420659161407666,-0.25420659161407666,True,2989,369,0.6327681136855192,2,2,1
1,趋势空头,13,177864c560ae4b35,4290.920572971723,False,多月负期望|开发交易样本不足,8,0.52,0.78,1,1.8,1.15,0.003,180,0.9,0.08,48,0.38,2,0.035,220,5.0,38,1,0,0.0,0.0,1.3346060881403976,0.0,0.0,-1.3346060881403976,1.3346060881403976,-1.3346060881403976,True,1111,510,0.7241730233828682,2,2,1,0,0,0.0,0.0,0.0,0.0,0.0,0.0,0.0,0.0,True,1621,431,0.7095459839907003,0,0,0,2,1,0.5,1.4665134458384104,0.24085533044312948,6.088773053684531,6.088773053684531,1.2256581153952808,0.24085533044312948,0.6128290576976404,True,2052,412,0.6785453615572447,4,4,2,0,0,0.0,0.0,0.0,0.0,0.0,0.0,0.0,0.0,True,2464,287,0.626415986567779,0,0,0,1,0,0.0,0.0,0.25423184420436634,0.0,0.0,-0.25423184420436634,0.25423184420436634,-0.25423184420436634,True,2751,238,0.6346849899560211,1,1,1,1,0,0.0,0.0,0.25420659161407666,0.0,0.0,-0.25420659161407666,0.25420659161407666,-0.25420659161407666,True,2989,369,0.6327681136855192,2,2,1
1,趋势空头,14,1ec7ab3f2f9996c9,4290.920572971723,False,多月负期望|开发交易样本不足,8,0.52,0.78,3,1.8,1.15,0.003,180,0.9,0.08,48,0.38,2,0.035,220,5.0,38,1,0,0.0,0.0,1.3346060881403976,0.0,0.0,-1.3346060881403976,1.3346060881403976,-1.3346060881403976,True,1111,510,0.7241730233828682,2,2,1,0,0,0.0,0.0,0.0,0.0,0.0,0.0,0.0,0.0,True,1621,431,0.7095459839907003,0,0,0,2,1,0.5,1.4665134458384104,0.24085533044312948,6.088773053684531,6.088773053684531,1.2256581153952808,0.24085533044312948,0.6128290576976404,True,2052,412,0.6785453615572447,4,4,2,0,0,0.0,0.0,0.0,0.0,0.0,0.0,0.0,0.0,True,2464,287,0.626415986567779,0,0,0,1,0,0.0,0.0,0.25423184420436634,0.0,0.0,-0.25423184420436634,0.25423184420436634,-0.25423184420436634,True,2751,238,0.6346849899560211,1,1,1,1,0,0.0,0.0,0.25420659161407666,0.0,0.0,-0.25420659161407666,0.25420659161407666,-0.25420659161407666,True,2989,369,0.6327681136855192,2,2,1
1,趋势空头,15,ecabd102634266e6,4290.920572971723,False,多月负期望|开发交易样本不足,8,0.52,0.78,6,1.8,1.15,0.003,180,0.9,0.08,48,0.38,2,0.035,220,5.0,38,1,0,0.0,0.0,1.3346060881403976,0.0,0.0,-1.3346060881403976,1.3346060881403976,-1.3346060881403976,True,1111,510,0.7241730233828682,2,2,1,0,0,0.0,0.0,0.0,0.0,0.0,0.0,0.0,0.0,True,1621,431,0.7095459839907003,0,0,0,2,1,0.5,1.4665134458384104,0.24085533044312948,6.088773053684531,6.088773053684531,1.2256581153952808,0.24085533044312948,0.6128290576976404,True,2052,412,0.6785453615572447,4,4,2,0,0,0.0,0.0,0.0,0.0,0.0,0.0,0.0,0.0,True,2464,287,0.626415986567779,0,0,0,1,0,0.0,0.0,0.25423184420436634,0.0,0.0,-0.25423184420436634,0.25423184420436634,-0.25423184420436634,True,2751,238,0.6346849899560211,1,1,1,1,0,0.0,0.0,0.25420659161407666,0.0,0.0,-0.25420659161407666,0.25420659161407666,-0.25420659161407666,True,2989,369,0.6327681136855192,2,2,1
1,趋势空头,16,c39696ede16cb3fb,4290.920572971723,False,多月负期望|开发交易样本不足,8,0.52,0.85,1,1.8,1.15,0.003,180,0.9,0.08,48,0.38,2,0.035,220,5.0,38,1,0,0.0,0.0,1.3346060881403976,0.0,0.0,-1.3346060881403976,1.3346060881403976,-1.3346060881403976,True,1111,510,0.7241730233828682,2,2,1,0,0,0.0,0.0,0.0,0.0,0.0,0.0,0.0,0.0,True,1621,431,0.7095459839907003,0,0,0,2,1,0.5,1.4665134458384104,0.24085533044312948,6.088773053684531,6.088773053684531,1.2256581153952808,0.24085533044312948,0.6128290576976404,True,2052,412,0.6785453615572447,4,4,2,0,0,0.0,0.0,0.0,0.0,0.0,0.0,0.0,0.0,True,2464,287,0.626415986567779,0,0,0,1,0,0.0,0.0,0.25423184420436634,0.0,0.0,-0.25423184420436634,0.25423184420436634,-0.25423184420436634,True,2751,238,0.6346849899560211,1,1,1,1,0,0.0,0.0,0.25420659161407666,0.0,0.0,-0.25420659161407666,0.25420659161407666,-0.25420659161407666,True,2989,369,0.6327681136855192,2,2,1
1,趋势空头,17,7a64fc29c95b5286,4290.920572971723,False,多月负期望|开发交易样本不足,8,0.52,0.85,3,1.8,1.15,0.003,180,0.9,0.08,48,0.38,2,0.035,220,5.0,38,1,0,0.0,0.0,1.3346060881403976,0.0,0.0,-1.3346060881403976,1.3346060881403976,-1.3346060881403976,True,1111,510,0.7241730233828682,2,2,1,0,0,0.0,0.0,0.0,0.0,0.0,0.0,0.0,0.0,True,1621,431,0.7095459839907003,0,0,0,2,1,0.5,1.4665134458384104,0.24085533044312948,6.088773053684531,6.088773053684531,1.2256581153952808,0.24085533044312948,0.6128290576976404,True,2052,412,0.6785453615572447,4,4,2,0,0,0.0,0.0,0.0,0.0,0.0,0.0,0.0,0.0,True,2464,287,0.626415986567779,0,0,0,1,0,0.0,0.0,0.25423184420436634,0.0,0.0,-0.25423184420436634,0.25423184420436634,-0.25423184420436634,True,2751,238,0.6346849899560211,1,1,1,1,0,0.0,0.0,0.25420659161407666,0.0,0.0,-0.25420659161407666,0.25420659161407666,-0.25420659161407666,True,2989,369,0.6327681136855192,2,2,1
1,趋势空头,18,5065228336c65e88,4290.920572971723,False,多月负期望|开发交易样本不足,8,0.52,0.85,6,1.8,1.15,0.003,180,0.9,0.08,48,0.38,2,0.035,220,5.0,38,1,0,0.0,0.0,1.3346060881403976,0.0,0.0,-1.3346060881403976,1.3346060881403976,-1.3346060881403976,True,1111,510,0.7241730233828682,2,2,1,0,0,0.0,0.0,0.0,0.0,0.0,0.0,0.0,0.0,True,1621,431,0.7095459839907003,0,0,0,2,1,0.5,1.4665134458384104,0.24085533044312948,6.088773053684531,6.088773053684531,1.2256581153952808,0.24085533044312948,0.6128290576976404,True,2052,412,0.6785453615572447,4,4,2,0,0,0.0,0.0,0.0,0.0,0.0,0.0,0.0,0.0,True,2464,287,0.626415986567779,0,0,0,1,0,0.0,0.0,0.25423184420436634,0.0,0.0,-0.25423184420436634,0.25423184420436634,-0.25423184420436634,True,2751,238,0.6346849899560211,1,1,1,1,0,0.0,0.0,0.25420659161407666,0.0,0.0,-0.25420659161407666,0.25420659161407666,-0.25420659161407666,True,2989,369,0.6327681136855192,2,2,1
1,趋势空头,19,c8630075d2502e8f,4290.920572971723,False,多月负期望|开发交易样本不足,8,0.56,0.7,1,1.8,1.15,0.003,180,0.9,0.08,48,0.38,2,0.035,220,5.0,38,1,0,0.0,0.0,1.3346060881403976,0.0,0.0,-1.3346060881403976,1.3346060881403976,-1.3346060881403976,True,1111,510,0.7241730233828682,2,2,1,0,0,0.0,0.0,0.0,0.0,0.0,0.0,0.0,0.0,True,1621,431,0.7095459839907003,0,0,0,2,1,0.5,1.4665134458384104,0.24085533044312948,6.088773053684531,6.088773053684531,1.2256581153952808,0.24085533044312948,0.6128290576976404,True,2052,412,0.6785453615572447,4,4,2,0,0,0.0,0.0,0.0,0.0,0.0,0.0,0.0,0.0,True,2464,287,0.626415986567779,0,0,0,1,0,0.0,0.0,0.25423184420436634,0.0,0.0,-0.25423184420436634,0.25423184420436634,-0.25423184420436634,True,2751,238,0.6346849899560211,1,1,1,1,0,0.0,0.0,0.25420659161407666,0.0,0.0,-0.25420659161407666,0.25420659161407666,-0.25420659161407666,True,2989,369,0.6327681136855192,2,2,1
1,趋势空头,20,1fc59412197d6b41,4290.920572971723,False,多月负期望|开发交易样本不足,8,0.56,0.7,3,1.8,1.15,0.003,180,0.9,0.08,48,0.38,2,0.035,220,5.0,38,1,0,0.0,0.0,1.3346060881403976,0.0,0.0,-1.3346060881403976,1.3346060881403976,-1.3346060881403976,True,1111,510,0.7241730233828682,2,2,1,0,0,0.0,0.0,0.0,0.0,0.0,0.0,0.0,0.0,True,1621,431,0.7095459839907003,0,0,0,2,1,0.5,1.4665134458384104,0.24085533044312948,6.088773053684531,6.088773053684531,1.2256581153952808,0.24085533044312948,0.6128290576976404,True,2052,412,0.6785453615572447,4,4,2,0,0,0.0,0.0,0.0,0.0,0.0,0.0,0.0,0.0,True,2464,287,0.626415986567779,0,0,0,1,0,0.0,0.0,0.25423184420436634,0.0,0.0,-0.25423184420436634,0.25423184420436634,-0.25423184420436634,True,2751,238,0.6346849899560211,1,1,1,1,0,0.0,0.0,0.25420659161407666,0.0,0.0,-0.25420659161407666,0.25420659161407666,-0.25420659161407666,True,2989,369,0.6327681136855192,2,2,1
1,趋势空头,21,cc884505c914aaa7,4290.920572971723,False,多月负期望|开发交易样本不足,8,0.56,0.7,6,1.8,1.15,0.003,180,0.9,0.08,48,0.38,2,0.035,220,5.0,38,1,0,0.0,0.0,1.3346060881403976,0.0,0.0,-1.3346060881403976,1.3346060881403976,-1.3346060881403976,True,1111,510,0.7241730233828682,2,2,1,0,0,0.0,0.0,0.0,0.0,0.0,0.0,0.0,0.0,True,1621,431,0.7095459839907003,0,0,0,2,1,0.5,1.4665134458384104,0.24085533044312948,6.088773053684531,6.088773053684531,1.2256581153952808,0.24085533044312948,0.6128290576976404,True,2052,412,0.6785453615572447,4,4,2,0,0,0.0,0.0,0.0,0.0,0.0,0.0,0.0,0.0,True,2464,287,0.626415986567779,0,0,0,1,0,0.0,0.0,0.25423184420436634,0.0,0.0,-0.25423184420436634,0.25423184420436634,-0.25423184420436634,True,2751,238,0.6346849899560211,1,1,1,1,0,0.0,0.0,0.25420659161407666,0.0,0.0,-0.25420659161407666,0.25420659161407666,-0.25420659161407666,True,2989,369,0.6327681136855192,2,2,1
1,趋势空头,22,ba5f0b161f1f2c7b,4290.920572971723,False,多月负期望|开发交易样本不足,8,0.56,0.78,1,1.8,1.15,0.003,180,0.9,0.08,48,0.38,2,0.035,220,5.0,38,1,0,0.0,0.0,1.3346060881403976,0.0,0.0,-1.3346060881403976,1.3346060881403976,-1.3346060881403976,True,1111,510,0.7241730233828682,2,2,1,0,0,0.0,0.0,0.0,0.0,0.0,0.0,0.0,0.0,True,1621,431,0.7095459839907003,0,0,0,2,1,0.5,1.4665134458384104,0.24085533044312948,6.088773053684531,6.088773053684531,1.2256581153952808,0.24085533044312948,0.6128290576976404,True,2052,412,0.6785453615572447,4,4,2,0,0,0.0,0.0,0.0,0.0,0.0,0.0,0.0,0.0,True,2464,287,0.626415986567779,0,0,0,1,0,0.0,0.0,0.25423184420436634,0.0,0.0,-0.25423184420436634,0.25423184420436634,-0.25423184420436634,True,2751,238,0.6346849899560211,1,1,1,1,0,0.0,0.0,0.25420659161407666,0.0,0.0,-0.25420659161407666,0.25420659161407666,-0.25420659161407666,True,2989,369,0.6327681136855192,2,2,1
1,趋势空头,23,a698edbf38652c50,4290.920572971723,False,多月负期望|开发交易样本不足,8,0.56,0.78,3,1.8,1.15,0.003,180,0.9,0.08,48,0.38,2,0.035,220,5.0,38,1,0,0.0,0.0,1.3346060881403976,0.0,0.0,-1.3346060881403976,1.3346060881403976,-1.3346060881403976,True,1111,510,0.7241730233828682,2,2,1,0,0,0.0,0.0,0.0,0.0,0.0,0.0,0.0,0.0,True,1621,431,0.7095459839907003,0,0,0,2,1,0.5,1.4665134458384104,0.24085533044312948,6.088773053684531,6.088773053684531,1.2256581153952808,0.24085533044312948,0.6128290576976404,True,2052,412,0.6785453615572447,4,4,2,0,0,0.0,0.0,0.0,0.0,0.0,0.0,0.0,0.0,True,2464,287,0.626415986567779,0,0,0,1,0,0.0,0.0,0.25423184420436634,0.0,0.0,-0.25423184420436634,0.25423184420436634,-0.25423184420436634,True,2751,238,0.6346849899560211,1,1,1,1,0,0.0,0.0,0.25420659161407666,0.0,0.0,-0.25420659161407666,0.25420659161407666,-0.25420659161407666,True,2989,369,0.6327681136855192,2,2,1
1,趋势空头,24,7ffd3e1715fb175e,4290.920572971723,False,多月负期望|开发交易样本不足,8,0.56,0.78,6,1.8,1.15,0.003,180,0.9,0.08,48,0.38,2,0.035,220,5.0,38,1,0,0.0,0.0,1.3346060881403976,0.0,0.0,-1.3346060881403976,1.3346060881403976,-1.3346060881403976,True,1111,510,0.7241730233828682,2,2,1,0,0,0.0,0.0,0.0,0.0,0.0,0.0,0.0,0.0,True,1621,431,0.7095459839907003,0,0,0,2,1,0.5,1.4665134458384104,0.24085533044312948,6.088773053684531,6.088773053684531,1.2256581153952808,0.24085533044312948,0.6128290576976404,True,2052,412,0.6785453615572447,4,4,2,0,0,0.0,0.0,0.0,0.0,0.0,0.0,0.0,0.0,True,2464,287,0.626415986567779,0,0,0,1,0,0.0,0.0,0.25423184420436634,0.0,0.0,-0.25423184420436634,0.25423184420436634,-0.25423184420436634,True,2751,238,0.6346849899560211,1,1,1,1,0,0.0,0.0,0.25420659161407666,0.0,0.0,-0.25420659161407666,0.25420659161407666,-0.25420659161407666,True,2989,369,0.6327681136855192,2,2,1
1,趋势空头,25,a406272724f38c82,4290.920572971723,False,多月负期望|开发交易样本不足,8,0.56,0.85,1,1.8,1.15,0.003,180,0.9,0.08,48,0.38,2,0.035,220,5.0,38,1,0,0.0,0.0,1.3346060881403976,0.0,0.0,-1.3346060881403976,1.3346060881403976,-1.3346060881403976,True,1111,510,0.7241730233828682,2,2,1,0,0,0.0,0.0,0.0,0.0,0.0,0.0,0.0,0.0,True,1621,431,0.7095459839907003,0,0,0,2,1,0.5,1.4665134458384104,0.24085533044312948,6.088773053684531,6.088773053684531,1.2256581153952808,0.24085533044312948,0.6128290576976404,True,2052,412,0.6785453615572447,4,4,2,0,0,0.0,0.0,0.0,0.0,0.0,0.0,0.0,0.0,True,2464,287,0.626415986567779,0,0,0,1,0,0.0,0.0,0.25423184420436634,0.0,0.0,-0.25423184420436634,0.25423184420436634,-0.25423184420436634,True,2751,238,0.6346849899560211,1,1,1,1,0,0.0,0.0,0.25420659161407666,0.0,0.0,-0.25420659161407666,0.25420659161407666,-0.25420659161407666,True,2989,369,0.6327681136855192,2,2,1
1,趋势空头,26,04072e2fd5bbd182,4290.920572971723,False,多月负期望|开发交易样本不足,8,0.56,0.85,3,1.8,1.15,0.003,180,0.9,0.08,48,0.38,2,0.035,220,5.0,38,1,0,0.0,0.0,1.3346060881403976,0.0,0.0,-1.3346060881403976,1.3346060881403976,-1.3346060881403976,True,1111,510,0.7241730233828682,2,2,1,0,0,0.0,0.0,0.0,0.0,0.0,0.0,0.0,0.0,True,1621,431,0.7095459839907003,0,0,0,2,1,0.5,1.4665134458384104,0.24085533044312948,6.088773053684531,6.088773053684531,1.2256581153952808,0.24085533044312948,0.6128290576976404,True,2052,412,0.6785453615572447,4,4,2,0,0,0.0,0.0,0.0,0.0,0.0,0.0,0.0,0.0,True,2464,287,0.626415986567779,0,0,0,1,0,0.0,0.0,0.25423184420436634,0.0,0.0,-0.25423184420436634,0.25423184420436634,-0.25423184420436634,True,2751,238,0.6346849899560211,1,1,1,1,0,0.0,0.0,0.25420659161407666,0.0,0.0,-0.25420659161407666,0.25420659161407666,-0.25420659161407666,True,2989,369,0.6327681136855192,2,2,1
1,趋势空头,27,f5c9bd2951b9f878,4290.920572971723,False,多月负期望|开发交易样本不足,8,0.56,0.85,6,1.8,1.15,0.003,180,0.9,0.08,48,0.38,2,0.035,220,5.0,38,1,0,0.0,0.0,1.3346060881403976,0.0,0.0,-1.3346060881403976,1.3346060881403976,-1.3346060881403976,True,1111,510,0.7241730233828682,2,2,1,0,0,0.0,0.0,0.0,0.0,0.0,0.0,0.0,0.0,True,1621,431,0.7095459839907003,0,0,0,2,1,0.5,1.4665134458384104,0.24085533044312948,6.088773053684531,6.088773053684531,1.2256581153952808,0.24085533044312948,0.6128290576976404,True,2052,412,0.6785453615572447,4,4,2,0,0,0.0,0.0,0.0,0.0,0.0,0.0,0.0,0.0,True,2464,287,0.626415986567779,0,0,0,1,0,0.0,0.0,0.25423184420436634,0.0,0.0,-0.25423184420436634,0.25423184420436634,-0.25423184420436634,True,2751,238,0.6346849899560211,1,1,1,1,0,0.0,0.0,0.25420659161407666,0.0,0.0,-0.25420659161407666,0.25420659161407666,-0.25420659161407666,True,2989,369,0.6327681136855192,2,2,1
1,趋势空头,28,735f2ac8f7ad79bc,3773.489200608752,False,累计胜率过低|多月负期望|累计盈利因子不足|累计净R非正,12,0.48,0.7,1,1.8,1.15,0.003,180,0.9,0.08,48,0.38,2,0.035,220,5.0,38,2,0,0.0,0.0,1.3119334785566785,0.0,0.0,-2.623866957113357,2.623866957113357,-1.3119334785566785,True,1111,510,0.7092954892631184,3,3,2,0,0,0.0,0.0,0.0,0.0,0.0,0.0,0.0,0.0,True,1621,431,0.6895198493260717,0,0,0,2,1,0.5,1.4665134458384104,0.24085533044312948,6.088773053684531,6.088773053684531,1.2256581153952808,0.24085533044312948,0.6128290576976404,True,2052,412,0.6615256492007431,4,4,2,0,0,0.0,0.0,0.0,0.0,0.0,0.0,0.0,0.0,True,2464,287,0.6163221034458193,0,0,0,2,0,0.0,0.0,0.7945036342022348,0.0,0.0,-1.5890072684044696,1.5890072684044696,-0.7945036342022348,True,2751,238,0.6164023972595806,4,4,2,2,0,0.0,0.0,0.2542035466738123,0.0,0.0,-0.5084070933476246,0.5084070933476246,-0.2542035466738123,True,2989,369,0.6072419497674242,4,4,2
1,趋势空头,29,0d4ca93845bde7d4,3773.489200608752,False,累计胜率过低|多月负期望|累计盈利因子不足|累计净R非正,12,0.48,0.7,3,1.8,1.15,0.003,180,0.9,0.08,48,0.38,2,0.035,220,5.0,38,2,0,0.0,0.0,1.3119334785566785,0.0,0.0,-2.623866957113357,2.623866957113357,-1.3119334785566785,True,1111,510,0.7092954892631184,3,3,2,0,0,0.0,0.0,0.0,0.0,0.0,0.0,0.0,0.0,True,1621,431,0.6895198493260717,0,0,0,2,1,0.5,1.4665134458384104,0.24085533044312948,6.088773053684531,6.088773053684531,1.2256581153952808,0.24085533044312948,0.6128290576976404,True,2052,412,0.6615256492007431,4,4,2,0,0,0.0,0.0,0.0,0.0,0.0,0.0,0.0,0.0,True,2464,287,0.6163221034458193,0,0,0,2,0,0.0,0.0,0.7945036342022348,0.0,0.0,-1.5890072684044696,1.5890072684044696,-0.7945036342022348,True,2751,238,0.6164023972595806,4,4,2,2,0,0.0,0.0,0.2542035466738123,0.0,0.0,-0.5084070933476246,0.5084070933476246,-0.2542035466738123,True,2989,369,0.6072419497674242,4,4,2
1,趋势空头,30,ca0642d335ad5fe9,3773.489200608752,False,累计胜率过低|多月负期望|累计盈利因子不足|累计净R非正,12,0.48,0.7,6,1.8,1.15,0.003,180,0.9,0.08,48,0.38,2,0.035,220,5.0,38,2,0,0.0,0.0,1.3119334785566785,0.0,0.0,-2.623866957113357,2.623866957113357,-1.3119334785566785,True,1111,510,0.7092954892631184,3,3,2,0,0,0.0,0.0,0.0,0.0,0.0,0.0,0.0,0.0,True,1621,431,0.6895198493260717,0,0,0,2,1,0.5,1.4665134458384104,0.24085533044312948,6.088773053684531,6.088773053684531,1.2256581153952808,0.24085533044312948,0.6128290576976404,True,2052,412,0.6615256492007431,4,4,2,0,0,0.0,0.0,0.0,0.0,0.0,0.0,0.0,0.0,True,2464,287,0.6163221034458193,0,0,0,2,0,0.0,0.0,0.7945036342022348,0.0,0.0,-1.5890072684044696,1.5890072684044696,-0.7945036342022348,True,2751,238,0.6164023972595806,4,4,2,2,0,0.0,0.0,0.2542035466738123,0.0,0.0,-0.5084070933476246,0.5084070933476246,-0.2542035466738123,True,2989,369,0.6072419497674242,4,4,2
2,震荡多头反转,1,1c8305cddc241f23,2134.6667260593863,False,连续两个有机会开发月无交易|开发月最低胜率过低|开发交易样本不足,5,0.48,0.7,5,1.6,0.95,0.0028,120,0.8,0.06,36,0.32,2,0.035,220,6.0,32,3,1,0.3333333333333333,1.241240889089732,0.827706212366243,1.4996152868555592,0.7498076434277796,-0.414171535642754,1.655412424732486,-0.13805717854758467,True,140,53,0.4901186290862729,4,4,3,1,0,0.0,0.0,1.357441106212806,0.0,0.0,-1.357441106212806,1.357441106212806,-1.357441106212806,True,193,46,0.48,2,2,1,0,0,0.0,0.0,0.0,0.0,0.0,0.0,0.0,0.0,True,239,70,0.48,0,0,0,0,0,0.0,0.0,0.0,0.0,0.0,0.0,0.0,0.0,True,309,84,0.48,0,0,0,1,1,1.0,1.2411314492670327,0.0,0.0,0.0,1.2411314492670327,0.0,1.2411314492670327,True,393,45,0.48,1,1,1,0,0,0.0,0.0,0.0,0.0,0.0,0.0,0.0,0.0,True,438,78,0.48,0,0,0
2,震荡多头反转,2,38a24cea667fe343,2134.6667260593863,False,连续两个有机会开发月无交易|开发月最低胜率过低|开发交易样本不足,5,0.48,0.7,8,1.6,0.95,0.0028,120,0.8,0.06,36,0.32,2,0.035,220,6.0,32,3,1,0.3333333333333333,1.241240889089732,0.827706212366243,1.4996152868555592,0.7498076434277796,-0.414171535642754,1.655412424732486,-0.13805717854758467,True,140,53,0.4901186290862729,4,4,3,1,0,0.0,0.0,1.357441106212806,0.0,0.0,-1.357441106212806,1.357441106212806,-1.357441106212806,True,193,46,0.48,2,2,1,0,0,0.0,0.0,0.0,0.0,0.0,0.0,0.0,0.0,True,239,70,0.48,0,0,0,0,0,0.0,0.0,0.0,0.0,0.0,0.0,0.0,0.0,True,309,84,0.48,0,0,0,1,1,1.0,1.2411314492670327,0.0,0.0,0.0,1.2411314492670327,0.0,1.2411314492670327,True,393,45,0.48,1,1,1,0,0,0.0,0.0,0.0,0.0,0.0,0.0,0.0,0.0,True,438,78,0.48,0,0,0
2,震荡多头反转,3,9a92e827fb83a69f,2134.6667260593863,False,连续两个有机会开发月无交易|开发月最低胜率过低|开发交易样本不足,5,0.48,0.78,5,1.6,0.95,0.0028,120,0.8,0.06,36,0.32,2,0.035,220,6.0,32,3,1,0.3333333333333333,1.241240889089732,0.827706212366243,1.4996152868555592,0.7498076434277796,-0.414171535642754,1.655412424732486,-0.13805717854758467,True,140,53,0.4901186290862729,4,4,3,1,0,0.0,0.0,1.357441106212806,0.0,0.0,-1.357441106212806,1.357441106212806,-1.357441106212806,True,193,46,0.48,2,2,1,0,0,0.0,0.0,0.0,0.0,0.0,0.0,0.0,0.0,True,239,70,0.48,0,0,0,0,0,0.0,0.0,0.0,0.0,0.0,0.0,0.0,0.0,True,309,84,0.48,0,0,0,1,1,1.0,1.2411314492670327,0.0,0.0,0.0,1.2411314492670327,0.0,1.2411314492670327,True,393,45,0.48,1,1,1,0,0,0.0,0.0,0.0,0.0,0.0,0.0,0.0,0.0,True,438,78,0.48,0,0,0
2,震荡多头反转,4,19598ebb5bafd2b8,2134.6667260593863,False,连续两个有机会开发月无交易|开发月最低胜率过低|开发交易样本不足,5,0.48,0.78,8,1.6,0.95,0.0028,120,0.8,0.06,36,0.32,2,0.035,220,6.0,32,3,1,0.3333333333333333,1.241240889089732,0.827706212366243,1.4996152868555592,0.7498076434277796,-0.414171535642754,1.655412424732486,-0.13805717854758467,True,140,53,0.4901186290862729,4,4,3,1,0,0.0,0.0,1.357441106212806,0.0,0.0,-1.357441106212806,1.357441106212806,-1.357441106212806,True,193,46,0.48,2,2,1,0,0,0.0,0.0,0.0,0.0,0.0,0.0,0.0,0.0,True,239,70,0.48,0,0,0,0,0,0.0,0.0,0.0,0.0,0.0,0.0,0.0,0.0,True,309,84,0.48,0,0,0,1,1,1.0,1.2411314492670327,0.0,0.0,0.0,1.2411314492670327,0.0,1.2411314492670327,True,393,45,0.48,1,1,1,0,0,0.0,0.0,0.0,0.0,0.0,0.0,0.0,0.0,True,438,78,0.48,0,0,0
2,震荡多头反转,5,92fdb054dca46129,2134.6667260593863,False,连续两个有机会开发月无交易|开发月最低胜率过低|开发交易样本不足,5,0.48,0.85,5,1.6,0.95,0.0028,120,0.8,0.06,36,0.32,2,0.035,220,6.0,32,3,1,0.3333333333333333,1.241240889089732,0.827706212366243,1.4996152868555592,0.7498076434277796,-0.414171535642754,1.655412424732486,-0.13805717854758467,True,140,53,0.4901186290862729,4,4,3,1,0,0.0,0.0,1.357441106212806,0.0,0.0,-1.357441106212806,1.357441106212806,-1.357441106212806,True,193,46,0.48,2,2,1,0,0,0.0,0.0,0.0,0.0,0.0,0.0,0.0,0.0,True,239,70,0.48,0,0,0,0,0,0.0,0.0,0.0,0.0,0.0,0.0,0.0,0.0,True,309,84,0.48,0,0,0,1,1,1.0,1.2411314492670327,0.0,0.0,0.0,1.2411314492670327,0.0,1.2411314492670327,True,393,45,0.48,1,1,1,0,0,0.0,0.0,0.0,0.0,0.0,0.0,0.0,0.0,True,438,78,0.48,0,0,0
2,震荡多头反转,6,ff8a73bc0eadcccc,2134.6667260593863,False,连续两个有机会开发月无交易|开发月最低胜率过低|开发交易样本不足,5,0.48,0.85,8,1.6,0.95,0.0028,120,0.8,0.06,36,0.32,2,0.035,220,6.0,32,3,1,0.3333333333333333,1.241240889089732,0.827706212366243,1.4996152868555592,0.7498076434277796,-0.414171535642754,1.655412424732486,-0.13805717854758467,True,140,53,0.4901186290862729,4,4,3,1,0,0.0,0.0,1.357441106212806,0.0,0.0,-1.357441106212806,1.357441106212806,-1.357441106212806,True,193,46,0.48,2,2,1,0,0,0.0,0.0,0.0,0.0,0.0,0.0,0.0,0.0,True,239,70,0.48,0,0,0,0,0,0.0,0.0,0.0,0.0,0.0,0.0,0.0,0.0,True,309,84,0.48,0,0,0,1,1,1.0,1.2411314492670327,0.0,0.0,0.0,1.2411314492670327,0.0,1.2411314492670327,True,393,45,0.48,1,1,1,0,0,0.0,0.0,0.0,0.0,0.0,0.0,0.0,0.0,True,438,78,0.48,0,0,0
2,震荡多头反转,7,24c149968a145ccb,1625.6270469555784,False,连续两个有机会开发月无交易|开发月最低胜率过低|开发交易样本不足,5,0.48,0.7,2,1.6,0.95,0.0028,120,0.8,0.06,36,0.32,2,0.035,220,6.0,32,4,1,0.25,1.241240889089732,0.6511289420738217,1.9062904578261035,0.6354301526087012,-0.7121459371317329,1.9533868262214649,-0.17803648428293323,True,140,53,0.4901186290862729,4,4,4,1,0,0.0,0.0,1.357441106212806,0.0,0.0,-1.357441106212806,1.357441106212806,-1.357441106212806,True,193,46,0.48,2,2,1,0,0,0.0,0.0,0.0,0.0,0.0,0.0,0.0,0.0,True,239,70,0.48,0,0,0,0,0,0.0,0.0,0.0,0.0,0.0,0.0,0.0,0.0,True,309,84,0.48,0,0,0,1,1,1.0,1.2411314492670327,0.0,0.0,0.0,1.2411314492670327,0.0,1.2411314492670327,True,393,45,0.48,1,1,1,0,0,0.0,0.0,0.0,0.0,0.0,0.0,0.0,0.0,True,438,78,0.48,0,0,0
2,震荡多头反转,8,f0254c25d2c13912,1625.6270469555784,False,连续两个有机会开发月无交易|开发月最低胜率过低|开发交易样本不足,5,0.48,0.78,2,1.6,0.95,0.0028,120,0.8,0.06,36,0.32,2,0.035,220,6.0,32,4,1,0.25,1.241240889089732,0.6511289420738217,1.9062904578261035,0.6354301526087012,-0.7121459371317329,1.9533868262214649,-0.17803648428293323,True,140,53,0.4901186290862729,4,4,4,1,0,0.0,0.0,1.357441106212806,0.0,0.0,-1.357441106212806,1.357441106212806,-1.357441106212806,True,193,46,0.48,2,2,1,0,0,0.0,0.0,0.0,0.0,0.0,0.0,0.0,0.0,True,239,70,0.48,0,0,0,0,0,0.0,0.0,0.0,0.0,0.0,0.0,0.0,0.0,True,309,84,0.48,0,0,0,1,1,1.0,1.2411314492670327,0.0,0.0,0.0,1.2411314492670327,0.0,1.2411314492670327,True,393,45,0.48,1,1,1,0,0,0.0,0.0,0.0,0.0,0.0,0.0,0.0,0.0,True,438,78,0.48,0,0,0
2,震荡多头反转,9,c0daa74622277984,1625.6270469555784,False,连续两个有机会开发月无交易|开发月最低胜率过低|开发交易样本不足,5,0.48,0.85,2,1.6,0.95,0.0028,120,0.8,0.06,36,0.32,2,0.035,220,6.0,32,4,1,0.25,1.241240889089732,0.6511289420738217,1.9062904578261035,0.6354301526087012,-0.7121459371317329,1.9533868262214649,-0.17803648428293323,True,140,53,0.4901186290862729,4,4,4,1,0,0.0,0.0,1.357441106212806,0.0,0.0,-1.357441106212806,1.357441106212806,-1.357441106212806,True,193,46,0.48,2,2,1,0,0,0.0,0.0,0.0,0.0,0.0,0.0,0.0,0.0,True,239,70,0.48,0,0,0,0,0,0.0,0.0,0.0,0.0,0.0,0.0,0.0,0.0,True,309,84,0.48,0,0,0,1,1,1.0,1.2411314492670327,0.0,0.0,0.0,1.2411314492670327,0.0,1.2411314492670327,True,393,45,0.48,1,1,1,0,0,0.0,0.0,0.0,0.0,0.0,0.0,0.0,0.0,True,438,78,0.48,0,0,0
2,震荡多头反转,10,ad5a08370a9b600d,1433.6456570395624,False,连续两个有机会开发月无交易|开发月最低胜率过低|开发交易样本不足,8,0.48,0.7,5,1.6,0.95,0.0028,120,0.8,0.06,36,0.32,2,0.035,220,6.0,32,4,1,0.25,1.241240889089732,0.7866770501435512,1.5778277615486977,0.5259425871828992,-1.1187902613409215,1.655412424732486,-0.2796975653352304,True,140,53,0.48,5,5,4,1,0,0.0,0.0,1.357441106212806,0.0,0.0,-1.357441106212806,1.357441106212806,-1.357441106212806,True,193,46,0.48,2,2,1,0,0,0.0,0.0,0.0,0.0,0.0,0.0,0.0,0.0,True,239,70,0.48,0,0,0,0,0,0.0,0.0,0.0,0.0,0.0,0.0,0.0,0.0,True,309,84,0.48,0,0,0,1,1,1.0,1.2411314492670327,0.0,0.0,0.0,1.2411314492670327,0.0,1.2411314492670327,True,393,45,0.48,1,1,1,0,0,0.0,0.0,0.0,0.0,0.0,0.0,0.0,0.0,True,438,78,0.48,0,0,0
2,震荡多头反转,11,799f7abe308184e2,1433.6456570395624,False,连续两个有机会开发月无交易|开发月最低胜率过低|开发交易样本不足,8,0.48,0.7,8,1.6,0.95,0.0028,120,0.8,0.06,36,0.32,2,0.035,220,6.0,32,4,1,0.25,1.241240889089732,0.7866770501435512,1.5778277615486977,0.5259425871828992,-1.1187902613409215,1.655412424732486,-0.2796975653352304,True,140,53,0.48,5,5,4,1,0,0.0,0.0,1.357441106212806,0.0,0.0,-1.357441106212806,1.357441106212806,-1.357441106212806,True,193,46,0.48,2,2,1,0,0,0.0,0.0,0.0,0.0,0.0,0.0,0.0,0.0,True,239,70,0.48,0,0,0,0,0,0.0,0.0,0.0,0.0,0.0,0.0,0.0,0.0,True,309,84,0.48,0,0,0,1,1,1.0,1.2411314492670327,0.0,0.0,0.0,1.2411314492670327,0.0,1.2411314492670327,True,393,45,0.48,1,1,1,0,0,0.0,0.0,0.0,0.0,0.0,0.0,0.0,0.0,True,438,78,0.48,0,0,0
2,震荡多头反转,12,e123dcdca34404ed,1433.6456570395624,False,连续两个有机会开发月无交易|开发月最低胜率过低|开发交易样本不足,8,0.48,0.78,5,1.6,0.95,0.0028,120,0.8,0.06,36,0.32,2,0.035,220,6.0,32,4,1,0.25,1.241240889089732,0.7866770501435512,1.5778277615486977,0.5259425871828992,-1.1187902613409215,1.655412424732486,-0.2796975653352304,True,140,53,0.48,5,5,4,1,0,0.0,0.0,1.357441106212806,0.0,0.0,-1.357441106212806,1.357441106212806,-1.357441106212806,True,193,46,0.48,2,2,1,0,0,0.0,0.0,0.0,0.0,0.0,0.0,0.0,0.0,True,239,70,0.48,0,0,0,0,0,0.0,0.0,0.0,0.0,0.0,0.0,0.0,0.0,True,309,84,0.48,0,0,0,1,1,1.0,1.2411314492670327,0.0,0.0,0.0,1.2411314492670327,0.0,1.2411314492670327,True,393,45,0.48,1,1,1,0,0,0.0,0.0,0.0,0.0,0.0,0.0,0.0,0.0,True,438,78,0.48,0,0,0
2,震荡多头反转,13,459b5c7d0487d782,1433.6456570395624,False,连续两个有机会开发月无交易|开发月最低胜率过低|开发交易样本不足,8,0.48,0.78,8,1.6,0.95,0.0028,120,0.8,0.06,36,0.32,2,0.035,220,6.0,32,4,1,0.25,1.241240889089732,0.7866770501435512,1.5778277615486977,0.5259425871828992,-1.1187902613409215,1.655412424732486,-0.2796975653352304,True,140,53,0.48,5,5,4,1,0,0.0,0.0,1.357441106212806,0.0,0.0,-1.357441106212806,1.357441106212806,-1.357441106212806,True,193,46,0.48,2,2,1,0,0,0.0,0.0,0.0,0.0,0.0,0.0,0.0,0.0,True,239,70,0.48,0,0,0,0,0,0.0,0.0,0.0,0.0,0.0,0.0,0.0,0.0,True,309,84,0.48,0,0,0,1,1,1.0,1.2411314492670327,0.0,0.0,0.0,1.2411314492670327,0.0,1.2411314492670327,True,393,45,0.48,1,1,1,0,0,0.0,0.0,0.0,0.0,0.0,0.0,0.0,0.0,True,438,78,0.48,0,0,0
2,震荡多头反转,14,085f139906984ced,1433.6456570395624,False,连续两个有机会开发月无交易|开发月最低胜率过低|开发交易样本不足,8,0.48,0.85,5,1.6,0.95,0.0028,120,0.8,0.06,36,0.32,2,0.035,220,6.0,32,4,1,0.25,1.241240889089732,0.7866770501435512,1.5778277615486977,0.5259425871828992,-1.1187902613409215,1.655412424732486,-0.2796975653352304,True,140,53,0.48,5,5,4,1,0,0.0,0.0,1.357441106212806,0.0,0.0,-1.357441106212806,1.357441106212806,-1.357441106212806,True,193,46,0.48,2,2,1,0,0,0.0,0.0,0.0,0.0,0.0,0.0,0.0,0.0,True,239,70,0.48,0,0,0,0,0,0.0,0.0,0.0,0.0,0.0,0.0,0.0,0.0,True,309,84,0.48,0,0,0,1,1,1.0,1.2411314492670327,0.0,0.0,0.0,1.2411314492670327,0.0,1.2411314492670327,True,393,45,0.48,1,1,1,0,0,0.0,0.0,0.0,0.0,0.0,0.0,0.0,0.0,True,438,78,0.48,0,0,0
2,震荡多头反转,15,22f7b0619c2062df,1433.6456570395624,False,连续两个有机会开发月无交易|开发月最低胜率过低|开发交易样本不足,8,0.48,0.85,8,1.6,0.95,0.0028,120,0.8,0.06,36,0.32,2,0.035,220,6.0,32,4,1,0.25,1.241240889089732,0.7866770501435512,1.5778277615486977,0.5259425871828992,-1.1187902613409215,1.655412424732486,-0.2796975653352304,True,140,53,0.48,5,5,4,1,0,0.0,0.0,1.357441106212806,0.0,0.0,-1.357441106212806,1.357441106212806,-1.357441106212806,True,193,46,0.48,2,2,1,0,0,0.0,0.0,0.0,0.0,0.0,0.0,0.0,0.0,True,239,70,0.48,0,0,0,0,0,0.0,0.0,0.0,0.0,0.0,0.0,0.0,0.0,True,309,84,0.48,0,0,0,1,1,1.0,1.2411314492670327,0.0,0.0,0.0,1.2411314492670327,0.0,1.2411314492670327,True,393,45,0.48,1,1,1,0,0,0.0,0.0,0.0,0.0,0.0,0.0,0.0,0.0,True,438,78,0.48,0,0,0
2,震荡多头反转,16,75312740a4db0d1d,1361.6456570395624,False,连续两个有机会开发月无交易|开发月最低胜率过低|开发交易样本不足,12,0.48,0.7,5,1.6,0.95,0.0028,120,0.8,0.06,36,0.32,2,0.035,220,6.0,32,4,1,0.25,1.241240889089732,0.7866770501435512,1.5778277615486977,0.5259425871828992,-1.1187902613409215,1.655412424732486,-0.2796975653352304,True,140,53,0.48,5,5,4,1,0,0.0,0.0,1.357441106212806,0.0,0.0,-1.357441106212806,1.357441106212806,-1.357441106212806,True,193,46,0.48,2,2,1,0,0,0.0,0.0,0.0,0.0,0.0,0.0,0.0,0.0,True,239,70,0.48,0,0,0,0,0,0.0,0.0,0.0,0.0,0.0,0.0,0.0,0.0,True,309,84,0.48,0,0,0,1,1,1.0,1.2411314492670327,0.0,0.0,0.0,1.2411314492670327,0.0,1.2411314492670327,True,393,45,0.48,1,1,1,0,0,0.0,0.0,0.0,0.0,0.0,0.0,0.0,0.0,True,438,78,0.48,0,0,0
2,震荡多头反转,17,0bbe6ab99f4e4a7c,1361.6456570395624,False,连续两个有机会开发月无交易|开发月最低胜率过低|开发交易样本不足,12,0.48,0.7,8,1.6,0.95,0.0028,120,0.8,0.06,36,0.32,2,0.035,220,6.0,32,4,1,0.25,1.241240889089732,0.7866770501435512,1.5778277615486977,0.5259425871828992,-1.1187902613409215,1.655412424732486,-0.2796975653352304,True,140,53,0.48,5,5,4,1,0,0.0,0.0,1.357441106212806,0.0,0.0,-1.357441106212806,1.357441106212806,-1.357441106212806,True,193,46,0.48,2,2,1,0,0,0.0,0.0,0.0,0.0,0.0,0.0,0.0,0.0,True,239,70,0.48,0,0,0,0,0,0.0,0.0,0.0,0.0,0.0,0.0,0.0,0.0,True,309,84,0.48,0,0,0,1,1,1.0,1.2411314492670327,0.0,0.0,0.0,1.2411314492670327,0.0,1.2411314492670327,True,393,45,0.48,1,1,1,0,0,0.0,0.0,0.0,0.0,0.0,0.0,0.0,0.0,True,438,78,0.48,0,0,0
2,震荡多头反转,18,30ce202fe0d89288,1361.6456570395624,False,连续两个有机会开发月无交易|开发月最低胜率过低|开发交易样本不足,12,0.48,0.78,5,1.6,0.95,0.0028,120,0.8,0.06,36,0.32,2,0.035,220,6.0,32,4,1,0.25,1.241240889089732,0.7866770501435512,1.5778277615486977,0.5259425871828992,-1.1187902613409215,1.655412424732486,-0.2796975653352304,True,140,53,0.48,5,5,4,1,0,0.0,0.0,1.357441106212806,0.0,0.0,-1.357441106212806,1.357441106212806,-1.357441106212806,True,193,46,0.48,2,2,1,0,0,0.0,0.0,0.0,0.0,0.0,0.0,0.0,0.0,True,239,70,0.48,0,0,0,0,0,0.0,0.0,0.0,0.0,0.0,0.0,0.0,0.0,True,309,84,0.48,0,0,0,1,1,1.0,1.2411314492670327,0.0,0.0,0.0,1.2411314492670327,0.0,1.2411314492670327,True,393,45,0.48,1,1,1,0,0,0.0,0.0,0.0,0.0,0.0,0.0,0.0,0.0,True,438,78,0.48,0,0,0
2,震荡多头反转,19,fcbca29eb2422d7d,1361.6456570395624,False,连续两个有机会开发月无交易|开发月最低胜率过低|开发交易样本不足,12,0.48,0.78,8,1.6,0.95,0.0028,120,0.8,0.06,36,0.32,2,0.035,220,6.0,32,4,1,0.25,1.241240889089732,0.7866770501435512,1.5778277615486977,0.5259425871828992,-1.1187902613409215,1.655412424732486,-0.2796975653352304,True,140,53,0.48,5,5,4,1,0,0.0,0.0,1.357441106212806,0.0,0.0,-1.357441106212806,1.357441106212806,-1.357441106212806,True,193,46,0.48,2,2,1,0,0,0.0,0.0,0.0,0.0,0.0,0.0,0.0,0.0,True,239,70,0.48,0,0,0,0,0,0.0,0.0,0.0,0.0,0.0,0.0,0.0,0.0,True,309,84,0.48,0,0,0,1,1,1.0,1.2411314492670327,0.0,0.0,0.0,1.2411314492670327,0.0,1.2411314492670327,True,393,45,0.48,1,1,1,0,0,0.0,0.0,0.0,0.0,0.0,0.0,0.0,0.0,True,438,78,0.48,0,0,0
2,震荡多头反转,20,52bb74446db53e9b,1361.6456570395624,False,连续两个有机会开发月无交易|开发月最低胜率过低|开发交易样本不足,12,0.48,0.85,5,1.6,0.95,0.0028,120,0.8,0.06,36,0.32,2,0.035,220,6.0,32,4,1,0.25,1.241240889089732,0.7866770501435512,1.5778277615486977,0.5259425871828992,-1.1187902613409215,1.655412424732486,-0.2796975653352304,True,140,53,0.48,5,5,4,1,0,0.0,0.0,1.357441106212806,0.0,0.0,-1.357441106212806,1.357441106212806,-1.357441106212806,True,193,46,0.48,2,2,1,0,0,0.0,0.0,0.0,0.0,0.0,0.0,0.0,0.0,True,239,70,0.48,0,0,0,0,0,0.0,0.0,0.0,0.0,0.0,0.0,0.0,0.0,True,309,84,0.48,0,0,0,1,1,1.0,1.2411314492670327,0.0,0.0,0.0,1.2411314492670327,0.0,1.2411314492670327,True,393,45,0.48,1,1,1,0,0,0.0,0.0,0.0,0.0,0.0,0.0,0.0,0.0,True,438,78,0.48,0,0,0
2,震荡多头反转,21,cb80d81a9938c610,1361.6456570395624,False,连续两个有机会开发月无交易|开发月最低胜率过低|开发交易样本不足,12,0.48,0.85,8,1.6,0.95,0.0028,120,0.8,0.06,36,0.32,2,0.035,220,6.0,32,4,1,0.25,1.241240889089732,0.7866770501435512,1.5778277615486977,0.5259425871828992,-1.1187902613409215,1.655412424732486,-0.2796975653352304,True,140,53,0.48,5,5,4,1,0,0.0,0.0,1.357441106212806,0.0,0.0,-1.357441106212806,1.357441106212806,-1.357441106212806,True,193,46,0.48,2,2,1,0,0,0.0,0.0,0.0,0.0,0.0,0.0,0.0,0.0,True,239,70,0.48,0,0,0,0,0,0.0,0.0,0.0,0.0,0.0,0.0,0.0,0.0,True,309,84,0.48,0,0,0,1,1,1.0,1.2411314492670327,0.0,0.0,0.0,1.2411314492670327,0.0,1.2411314492670327,True,393,45,0.48,1,1,1,0,0,0.0,0.0,0.0,0.0,0.0,0.0,0.0,0.0,True,438,78,0.48,0,0,0
2,震荡多头反转,22,8e2f65b627fcd48d,1114.746005452884,False,连续两个有机会开发月无交易|开发月最低胜率过低|开发交易样本不足,8,0.48,0.7,2,1.6,0.95,0.0028,120,0.8,0.06,36,0.32,2,0.035,220,6.0,32,5,1,0.2,1.241240889089732,0.6645013879799081,1.8679282113512488,0.4669820528378122,-1.4167646628299004,1.9533868262214649,-0.2833529325659801,True,140,53,0.48,5,5,5,1,0,0.0,0.0,1.357441106212806,0.0,0.0,-1.357441106212806,1.357441106212806,-1.357441106212806,True,193,46,0.48,2,2,1,0,0,0.0,0.0,0.0,0.0,0.0,0.0,0.0,0.0,True,239,70,0.48,0,0,0,0,0,0.0,0.0,0.0,0.0,0.0,0.0,0.0,0.0,True,309,84,0.48,0,0,0,1,1,1.0,1.2411314492670327,0.0,0.0,0.0,1.2411314492670327,0.0,1.2411314492670327,True,393,45,0.48,1,1,1,0,0,0.0,0.0,0.0,0.0,0.0,0.0,0.0,0.0,True,438,78,0.48,0,0,0
2,震荡多头反转,23,95dfe23b7074f907,1114.746005452884,False,连续两个有机会开发月无交易|开发月最低胜率过低|开发交易样本不足,8,0.48,0.78,2,1.6,0.95,0.0028,120,0.8,0.06,36,0.32,2,0.035,220,6.0,32,5,1,0.2,1.241240889089732,0.6645013879799081,1.8679282113512488,0.4669820528378122,-1.4167646628299004,1.9533868262214649,-0.2833529325659801,True,140,53,0.48,5,5,5,1,0,0.0,0.0,1.357441106212806,0.0,0.0,-1.357441106212806,1.357441106212806,-1.357441106212806,True,193,46,0.48,2,2,1,0,0,0.0,0.0,0.0,0.0,0.0,0.0,0.0,0.0,True,239,70,0.48,0,0,0,0,0,0.0,0.0,0.0,0.0,0.0,0.0,0.0,0.0,True,309,84,0.48,0,0,0,1,1,1.0,1.2411314492670327,0.0,0.0,0.0,1.2411314492670327,0.0,1.2411314492670327,True,393,45,0.48,1,1,1,0,0,0.0,0.0,0.0,0.0,0.0,0.0,0.0,0.0,True,438,78,0.48,0,0,0
2,震荡多头反转,24,e310336f5a85e56b,1114.746005452884,False,连续两个有机会开发月无交易|开发月最低胜率过低|开发交易样本不足,8,0.48,0.85,2,1.6,0.95,0.0028,120,0.8,0.06,36,0.32,2,0.035,220,6.0,32,5,1,0.2,1.241240889089732,0.6645013879799081,1.8679282113512488,0.4669820528378122,-1.4167646628299004,1.9533868262214649,-0.2833529325659801,True,140,53,0.48,5,5,5,1,0,0.0,0.0,1.357441106212806,0.0,0.0,-1.357441106212806,1.357441106212806,-1.357441106212806,True,193,46,0.48,2,2,1,0,0,0.0,0.0,0.0,0.0,0.0,0.0,0.0,0.0,True,239,70,0.48,0,0,0,0,0,0.0,0.0,0.0,0.0,0.0,0.0,0.0,0.0,True,309,84,0.48,0,0,0,1,1,1.0,1.2411314492670327,0.0,0.0,0.0,1.2411314492670327,0.0,1.2411314492670327,True,393,45,0.48,1,1,1,0,0,0.0,0.0,0.0,0.0,0.0,0.0,0.0,0.0,True,438,78,0.48,0,0,0
2,震荡多头反转,25,7c989a952dd91489,1070.1991698475713,False,连续两个有机会开发月无交易|开发月最低胜率过低|开发交易样本不足,5,0.48,0.7,2,2.0,1.2,0.0033,180,0.95,0.1,48,0.3,2,0.035,220,6.0,32,4,1,0.25,1.6952847189230205,0.9367339263576699,1.8097825553461546,0.6032608517820515,-1.1149170601499894,1.506994940065148,-0.27872926503749734,True,140,53,0.5919600817399461,4,4,4,0,0,0.0,0.0,0.0,0.0,0.0,0.0,0.0,0.0,True,193,46,0.48,0,0,0,0,0,0.0,0.0,0.0,0.0,0.0,0.0,0.0,0.0,True,239,70,0.48,0,0,0,2,0,0.0,0.0,0.7536879004831805,0.0,0.0,-1.507375800966361,1.507375800966361,-0.7536879004831805,True,309,84,0.48,2,2,2,0,0,0.0,0.0,0.0,0.0,0.0,0.0,0.0,0.0,True,393,45,0.4911065318527339,0,0,0,0,0,0.0,0.0,0.0,0.0,0.0,0.0,0.0,0.0,True,438,78,0.48,0,0,0
2,震荡多头反转,26,3e75ec6f560114ef,1070.1991698475713,False,连续两个有机会开发月无交易|开发月最低胜率过低|开发交易样本不足,5,0.48,0.7,5,2.0,1.2,0.0033,180,0.95,0.1,48,0.3,2,0.035,220,6.0,32,4,1,0.25,1.6952847189230205,0.9367339263576699,1.8097825553461546,0.6032608517820515,-1.1149170601499894,1.506994940065148,-0.27872926503749734,True,140,53,0.5919600817399461,4,4,4,0,0,0.0,0.0,0.0,0.0,0.0,0.0,0.0,0.0,True,193,46,0.48,0,0,0,0,0,0.0,0.0,0.0,0.0,0.0,0.0,0.0,0.0,True,239,70,0.48,0,0,0,2,0,0.0,0.0,0.7536879004831805,0.0,0.0,-1.507375800966361,1.507375800966361,-0.7536879004831805,True,309,84,0.48,2,2,2,0,0,0.0,0.0,0.0,0.0,0.0,0.0,0.0,0.0,True,393,45,0.4911065318527339,0,0,0,0,0,0.0,0.0,0.0,0.0,0.0,0.0,0.0,0.0,True,438,78,0.48,0,0,0
2,震荡多头反转,27,668788a45293c338,1070.1991698475713,False,连续两个有机会开发月无交易|开发月最低胜率过低|开发交易样本不足,5,0.48,0.7,8,2.0,1.2,0.0033,180,0.95,0.1,48,0.3,2,0.035,220,6.0,32,4,1,0.25,1.6952847189230205,0.9367339263576699,1.8097825553461546,0.6032608517820515,-1.1149170601499894,1.506994940065148,-0.27872926503749734,True,140,53,0.5919600817399461,4,4,4,0,0,0.0,0.0,0.0,0.0,0.0,0.0,0.0,0.0,True,193,46,0.48,0,0,0,0,0,0.0,0.0,0.0,0.0,0.0,0.0,0.0,0.0,True,239,70,0.48,0,0,0,2,0,0.0,0.0,0.7536879004831805,0.0,0.0,-1.507375800966361,1.507375800966361,-0.7536879004831805,True,309,84,0.48,2,2,2,0,0,0.0,0.0,0.0,0.0,0.0,0.0,0.0,0.0,True,393,45,0.4911065318527339,0,0,0,0,0,0.0,0.0,0.0,0.0,0.0,0.0,0.0,0.0,True,438,78,0.48,0,0,0
2,震荡多头反转,28,398fb832d259886f,1070.1991698475713,False,连续两个有机会开发月无交易|开发月最低胜率过低|开发交易样本不足,5,0.48,0.78,2,2.0,1.2,0.0033,180,0.95,0.1,48,0.3,2,0.035,220,6.0,32,4,1,0.25,1.6952847189230205,0.9367339263576699,1.8097825553461546,0.6032608517820515,-1.1149170601499894,1.506994940065148,-0.27872926503749734,True,140,53,0.5919600817399461,4,4,4,0,0,0.0,0.0,0.0,0.0,0.0,0.0,0.0,0.0,True,193,46,0.48,0,0,0,0,0,0.0,0.0,0.0,0.0,0.0,0.0,0.0,0.0,True,239,70,0.48,0,0,0,2,0,0.0,0.0,0.7536879004831805,0.0,0.0,-1.507375800966361,1.507375800966361,-0.7536879004831805,True,309,84,0.48,2,2,2,0,0,0.0,0.0,0.0,0.0,0.0,0.0,0.0,0.0,True,393,45,0.4911065318527339,0,0,0,0,0,0.0,0.0,0.0,0.0,0.0,0.0,0.0,0.0,True,438,78,0.48,0,0,0
2,震荡多头反转,29,7b7e8430dbeeb5ce,1070.1991698475713,False,连续两个有机会开发月无交易|开发月最低胜率过低|开发交易样本不足,5,0.48,0.78,5,2.0,1.2,0.0033,180,0.95,0.1,48,0.3,2,0.035,220,6.0,32,4,1,0.25,1.6952847189230205,0.9367339263576699,1.8097825553461546,0.6032608517820515,-1.1149170601499894,1.506994940065148,-0.27872926503749734,True,140,53,0.5919600817399461,4,4,4,0,0,0.0,0.0,0.0,0.0,0.0,0.0,0.0,0.0,True,193,46,0.48,0,0,0,0,0,0.0,0.0,0.0,0.0,0.0,0.0,0.0,0.0,True,239,70,0.48,0,0,0,2,0,0.0,0.0,0.7536879004831805,0.0,0.0,-1.507375800966361,1.507375800966361,-0.7536879004831805,True,309,84,0.48,2,2,2,0,0,0.0,0.0,0.0,0.0,0.0,0.0,0.0,0.0,True,393,45,0.4911065318527339,0,0,0,0,0,0.0,0.0,0.0,0.0,0.0,0.0,0.0,0.0,True,438,78,0.48,0,0,0
2,震荡多头反转,30,c13742276376d0e3,1070.1991698475713,False,连续两个有机会开发月无交易|开发月最低胜率过低|开发交易样本不足,5,0.48,0.78,8,2.0,1.2,0.0033,180,0.95,0.1,48,0.3,2,0.035,220,6.0,32,4,1,0.25,1.6952847189230205,0.9367339263576699,1.8097825553461546,0.6032608517820515,-1.1149170601499894,1.506994940065148,-0.27872926503749734,True,140,53,0.5919600817399461,4,4,4,0,0,0.0,0.0,0.0,0.0,0.0,0.0,0.0,0.0,True,193,46,0.48,0,0,0,0,0,0.0,0.0,0.0,0.0,0.0,0.0,0.0,0.0,True,239,70,0.48,0,0,0,2,0,0.0,0.0,0.7536879004831805,0.0,0.0,-1.507375800966361,1.507375800966361,-0.7536879004831805,True,309,84,0.48,2,2,2,0,0,0.0,0.0,0.0,0.0,0.0,0.0,0.0,0.0,True,393,45,0.4911065318527339,0,0,0,0,0,0.0,0.0,0.0,0.0,0.0,0.0,0.0,0.0,True,438,78,0.48,0,0,0
3,震荡空头反转,1,bf8b5cdb33cfe05c,3725.708744500308,False,连续两个有机会开发月无交易|开发交易样本不足,5,0.56,0.7,2,1.6,0.95,0.0028,120,0.8,0.06,36,0.32,2,0.035,220,6.0,32,0,0,0.0,0.0,0.0,0.0,0.0,0.0,0.0,0.0,True,148,46,0.56,0,0,0,0,0,0.0,0.0,0.0,0.0,0.0,0.0,0.0,0.0,True,194,58,0.56,0,0,0,0,0,0.0,0.0,0.0,0.0,0.0,0.0,0.0,0.0,True,252,61,0.56,0,0,0,2,2,1.0,1.2426679591066199,0.0,0.0,0.0,2.4853359182132397,0.0,1.2426679591066199,True,313,59,0.56,2,2,2,2,1,0.5,1.2425908457405874,1.358563893672463,0.9146355585688518,0.9146355585688518,-0.11597304793187568,1.358563893672463,-0.05798652396593784,True,372,60,0.56,3,3,2,0,0,0.0,0.0,0.0,0.0,0.0,0.0,0.0,0.0,True,432,103,0.56,0,0,0
3,震荡空头反转,2,5c3b66b6d497ab14,3725.708744500308,False,连续两个有机会开发月无交易|开发交易样本不足,5,0.56,0.7,5,1.6,0.95,0.0028,120,0.8,0.06,36,0.32,2,0.035,220,6.0,32,0,0,0.0,0.0,0.0,0.0,0.0,0.0,0.0,0.0,True,148,46,0.56,0,0,0,0,0,0.0,0.0,0.0,0.0,0.0,0.0,0.0,0.0,True,194,58,0.56,0,0,0,0,0,0.0,0.0,0.0,0.0,0.0,0.0,0.0,0.0,True,252,61,0.56,0,0,0,2,2,1.0,1.2426679591066199,0.0,0.0,0.0,2.4853359182132397,0.0,1.2426679591066199,True,313,59,0.56,2,2,2,2,1,0.5,1.2425908457405874,1.358563893672463,0.9146355585688518,0.9146355585688518,-0.11597304793187568,1.358563893672463,-0.05798652396593784,True,372,60,0.56,3,3,2,0,0,0.0,0.0,0.0,0.0,0.0,0.0,0.0,0.0,True,432,103,0.56,0,0,0
3,震荡空头反转,3,86ec7a8925be2e5a,3725.708744500308,False,连续两个有机会开发月无交易|开发交易样本不足,5,0.56,0.7,8,1.6,0.95,0.0028,120,0.8,0.06,36,0.32,2,0.035,220,6.0,32,0,0,0.0,0.0,0.0,0.0,0.0,0.0,0.0,0.0,True,148,46,0.56,0,0,0,0,0,0.0,0.0,0.0,0.0,0.0,0.0,0.0,0.0,True,194,58,0.56,0,0,0,0,0,0.0,0.0,0.0,0.0,0.0,0.0,0.0,0.0,True,252,61,0.56,0,0,0,2,2,1.0,1.2426679591066199,0.0,0.0,0.0,2.4853359182132397,0.0,1.2426679591066199,True,313,59,0.56,2,2,2,2,1,0.5,1.2425908457405874,1.358563893672463,0.9146355585688518,0.9146355585688518,-0.11597304793187568,1.358563893672463,-0.05798652396593784,True,372,60,0.56,3,3,2,0,0,0.0,0.0,0.0,0.0,0.0,0.0,0.0,0.0,True,432,103,0.56,0,0,0
3,震荡空头反转,4,f54378ad5c7e46af,3725.708744500308,False,连续两个有机会开发月无交易|开发交易样本不足,5,0.56,0.78,2,1.6,0.95,0.0028,120,0.8,0.06,36,0.32,2,0.035,220,6.0,32,0,0,0.0,0.0,0.0,0.0,0.0,0.0,0.0,0.0,True,148,46,0.56,0,0,0,0,0,0.0,0.0,0.0,0.0,0.0,0.0,0.0,0.0,True,194,58,0.56,0,0,0,0,0,0.0,0.0,0.0,0.0,0.0,0.0,0.0,0.0,True,252,61,0.56,0,0,0,2,2,1.0,1.2426679591066199,0.0,0.0,0.0,2.4853359182132397,0.0,1.2426679591066199,True,313,59,0.56,2,2,2,2,1,0.5,1.2425908457405874,1.358563893672463,0.9146355585688518,0.9146355585688518,-0.11597304793187568,1.358563893672463,-0.05798652396593784,True,372,60,0.56,3,3,2,0,0,0.0,0.0,0.0,0.0,0.0,0.0,0.0,0.0,True,432,103,0.56,0,0,0
3,震荡空头反转,5,f422bcc5842bba76,3725.708744500308,False,连续两个有机会开发月无交易|开发交易样本不足,5,0.56,0.78,5,1.6,0.95,0.0028,120,0.8,0.06,36,0.32,2,0.035,220,6.0,32,0,0,0.0,0.0,0.0,0.0,0.0,0.0,0.0,0.0,True,148,46,0.56,0,0,0,0,0,0.0,0.0,0.0,0.0,0.0,0.0,0.0,0.0,True,194,58,0.56,0,0,0,0,0,0.0,0.0,0.0,0.0,0.0,0.0,0.0,0.0,True,252,61,0.56,0,0,0,2,2,1.0,1.2426679591066199,0.0,0.0,0.0,2.4853359182132397,0.0,1.2426679591066199,True,313,59,0.56,2,2,2,2,1,0.5,1.2425908457405874,1.358563893672463,0.9146355585688518,0.9146355585688518,-0.11597304793187568,1.358563893672463,-0.05798652396593784,True,372,60,0.56,3,3,2,0,0,0.0,0.0,0.0,0.0,0.0,0.0,0.0,0.0,True,432,103,0.56,0,0,0
3,震荡空头反转,6,17f41e2f57d83c93,3725.708744500308,False,连续两个有机会开发月无交易|开发交易样本不足,5,0.56,0.78,8,1.6,0.95,0.0028,120,0.8,0.06,36,0.32,2,0.035,220,6.0,32,0,0,0.0,0.0,0.0,0.0,0.0,0.0,0.0,0.0,True,148,46,0.56,0,0,0,0,0,0.0,0.0,0.0,0.0,0.0,0.0,0.0,0.0,True,194,58,0.56,0,0,0,0,0,0.0,0.0,0.0,0.0,0.0,0.0,0.0,0.0,True,252,61,0.56,0,0,0,2,2,1.0,1.2426679591066199,0.0,0.0,0.0,2.4853359182132397,0.0,1.2426679591066199,True,313,59,0.56,2,2,2,2,1,0.5,1.2425908457405874,1.358563893672463,0.9146355585688518,0.9146355585688518,-0.11597304793187568,1.358563893672463,-0.05798652396593784,True,372,60,0.56,3,3,2,0,0,0.0,0.0,0.0,0.0,0.0,0.0,0.0,0.0,True,432,103,0.56,0,0,0
3,震荡空头反转,7,8e8e4859c026eec3,3725.708744500308,False,连续两个有机会开发月无交易|开发交易样本不足,5,0.56,0.85,2,1.6,0.95,0.0028,120,0.8,0.06,36,0.32,2,0.035,220,6.0,32,0,0,0.0,0.0,0.0,0.0,0.0,0.0,0.0,0.0,True,148,46,0.56,0,0,0,0,0,0.0,0.0,0.0,0.0,0.0,0.0,0.0,0.0,True,194,58,0.56,0,0,0,0,0,0.0,0.0,0.0,0.0,0.0,0.0,0.0,0.0,True,252,61,0.56,0,0,0,2,2,1.0,1.2426679591066199,0.0,0.0,0.0,2.4853359182132397,0.0,1.2426679591066199,True,313,59,0.56,2,2,2,2,1,0.5,1.2425908457405874,1.358563893672463,0.9146355585688518,0.9146355585688518,-0.11597304793187568,1.358563893672463,-0.05798652396593784,True,372,60,0.56,3,3,2,0,0,0.0,0.0,0.0,0.0,0.0,0.0,0.0,0.0,True,432,103,0.56,0,0,0
3,震荡空头反转,8,661ba775aba9fb72,3725.708744500308,False,连续两个有机会开发月无交易|开发交易样本不足,5,0.56,0.85,5,1.6,0.95,0.0028,120,0.8,0.06,36,0.32,2,0.035,220,6.0,32,0,0,0.0,0.0,0.0,0.0,0.0,0.0,0.0,0.0,True,148,46,0.56,0,0,0,0,0,0.0,0.0,0.0,0.0,0.0,0.0,0.0,0.0,True,194,58,0.56,0,0,0,0,0,0.0,0.0,0.0,0.0,0.0,0.0,0.0,0.0,True,252,61,0.56,0,0,0,2,2,1.0,1.2426679591066199,0.0,0.0,0.0,2.4853359182132397,0.0,1.2426679591066199,True,313,59,0.56,2,2,2,2,1,0.5,1.2425908457405874,1.358563893672463,0.9146355585688518,0.9146355585688518,-0.11597304793187568,1.358563893672463,-0.05798652396593784,True,372,60,0.56,3,3,2,0,0,0.0,0.0,0.0,0.0,0.0,0.0,0.0,0.0,True,432,103,0.56,0,0,0
3,震荡空头反转,9,91a44f2a127cd24b,3725.708744500308,False,连续两个有机会开发月无交易|开发交易样本不足,5,0.56,0.85,8,1.6,0.95,0.0028,120,0.8,0.06,36,0.32,2,0.035,220,6.0,32,0,0,0.0,0.0,0.0,0.0,0.0,0.0,0.0,0.0,True,148,46,0.56,0,0,0,0,0,0.0,0.0,0.0,0.0,0.0,0.0,0.0,0.0,True,194,58,0.56,0,0,0,0,0,0.0,0.0,0.0,0.0,0.0,0.0,0.0,0.0,True,252,61,0.56,0,0,0,2,2,1.0,1.2426679591066199,0.0,0.0,0.0,2.4853359182132397,0.0,1.2426679591066199,True,313,59,0.56,2,2,2,2,1,0.5,1.2425908457405874,1.358563893672463,0.9146355585688518,0.9146355585688518,-0.11597304793187568,1.358563893672463,-0.05798652396593784,True,372,60,0.56,3,3,2,0,0,0.0,0.0,0.0,0.0,0.0,0.0,0.0,0.0,True,432,103,0.56,0,0,0
3,震荡空头反转,10,05c2bf2e6283f84f,3671.708744500308,False,连续两个有机会开发月无交易|开发交易样本不足,8,0.56,0.7,2,1.6,0.95,0.0028,120,0.8,0.06,36,0.32,2,0.035,220,6.0,32,0,0,0.0,0.0,0.0,0.0,0.0,0.0,0.0,0.0,True,148,46,0.56,0,0,0,0,0,0.0,0.0,0.0,0.0,0.0,0.0,0.0,0.0,True,194,58,0.56,0,0,0,0,0,0.0,0.0,0.0,0.0,0.0,0.0,0.0,0.0,True,252,61,0.56,0,0,0,2,2,1.0,1.2426679591066199,0.0,0.0,0.0,2.4853359182132397,0.0,1.2426679591066199,True,313,59,0.56,2,2,2,2,1,0.5,1.2425908457405874,1.358563893672463,0.9146355585688518,0.9146355585688518,-0.11597304793187568,1.358563893672463,-0.05798652396593784,True,372,60,0.56,3,3,2,0,0,0.0,0.0,0.0,0.0,0.0,0.0,0.0,0.0,True,432,103,0.56,0,0,0
3,震荡空头反转,11,8e8df13c0f4fee8c,3671.708744500308,False,连续两个有机会开发月无交易|开发交易样本不足,8,0.56,0.7,5,1.6,0.95,0.0028,120,0.8,0.06,36,0.32,2,0.035,220,6.0,32,0,0,0.0,0.0,0.0,0.0,0.0,0.0,0.0,0.0,True,148,46,0.56,0,0,0,0,0,0.0,0.0,0.0,0.0,0.0,0.0,0.0,0.0,True,194,58,0.56,0,0,0,0,0,0.0,0.0,0.0,0.0,0.0,0.0,0.0,0.0,True,252,61,0.56,0,0,0,2,2,1.0,1.2426679591066199,0.0,0.0,0.0,2.4853359182132397,0.0,1.2426679591066199,True,313,59,0.56,2,2,2,2,1,0.5,1.2425908457405874,1.358563893672463,0.9146355585688518,0.9146355585688518,-0.11597304793187568,1.358563893672463,-0.05798652396593784,True,372,60,0.56,3,3,2,0,0,0.0,0.0,0.0,0.0,0.0,0.0,0.0,0.0,True,432,103,0.56,0,0,0
3,震荡空头反转,12,f2452f0cae5b1bdf,3671.708744500308,False,连续两个有机会开发月无交易|开发交易样本不足,8,0.56,0.7,8,1.6,0.95,0.0028,120,0.8,0.06,36,0.32,2,0.035,220,6.0,32,0,0,0.0,0.0,0.0,0.0,0.0,0.0,0.0,0.0,True,148,46,0.56,0,0,0,0,0,0.0,0.0,0.0,0.0,0.0,0.0,0.0,0.0,True,194,58,0.56,0,0,0,0,0,0.0,0.0,0.0,0.0,0.0,0.0,0.0,0.0,True,252,61,0.56,0,0,0,2,2,1.0,1.2426679591066199,0.0,0.0,0.0,2.4853359182132397,0.0,1.2426679591066199,True,313,59,0.56,2,2,2,2,1,0.5,1.2425908457405874,1.358563893672463,0.9146355585688518,0.9146355585688518,-0.11597304793187568,1.358563893672463,-0.05798652396593784,True,372,60,0.56,3,3,2,0,0,0.0,0.0,0.0,0.0,0.0,0.0,0.0,0.0,True,432,103,0.56,0,0,0
3,震荡空头反转,13,7e2eb379bd865f19,3671.708744500308,False,连续两个有机会开发月无交易|开发交易样本不足,8,0.56,0.78,2,1.6,0.95,0.0028,120,0.8,0.06,36,0.32,2,0.035,220,6.0,32,0,0,0.0,0.0,0.0,0.0,0.0,0.0,0.0,0.0,True,148,46,0.56,0,0,0,0,0,0.0,0.0,0.0,0.0,0.0,0.0,0.0,0.0,True,194,58,0.56,0,0,0,0,0,0.0,0.0,0.0,0.0,0.0,0.0,0.0,0.0,True,252,61,0.56,0,0,0,2,2,1.0,1.2426679591066199,0.0,0.0,0.0,2.4853359182132397,0.0,1.2426679591066199,True,313,59,0.56,2,2,2,2,1,0.5,1.2425908457405874,1.358563893672463,0.9146355585688518,0.9146355585688518,-0.11597304793187568,1.358563893672463,-0.05798652396593784,True,372,60,0.56,3,3,2,0,0,0.0,0.0,0.0,0.0,0.0,0.0,0.0,0.0,True,432,103,0.56,0,0,0
3,震荡空头反转,14,e6f3b8cd102711e6,3671.708744500308,False,连续两个有机会开发月无交易|开发交易样本不足,8,0.56,0.78,5,1.6,0.95,0.0028,120,0.8,0.06,36,0.32,2,0.035,220,6.0,32,0,0,0.0,0.0,0.0,0.0,0.0,0.0,0.0,0.0,True,148,46,0.56,0,0,0,0,0,0.0,0.0,0.0,0.0,0.0,0.0,0.0,0.0,True,194,58,0.56,0,0,0,0,0,0.0,0.0,0.0,0.0,0.0,0.0,0.0,0.0,True,252,61,0.56,0,0,0,2,2,1.0,1.2426679591066199,0.0,0.0,0.0,2.4853359182132397,0.0,1.2426679591066199,True,313,59,0.56,2,2,2,2,1,0.5,1.2425908457405874,1.358563893672463,0.9146355585688518,0.9146355585688518,-0.11597304793187568,1.358563893672463,-0.05798652396593784,True,372,60,0.56,3,3,2,0,0,0.0,0.0,0.0,0.0,0.0,0.0,0.0,0.0,True,432,103,0.56,0,0,0
3,震荡空头反转,15,c344c6ef07a36b00,3671.708744500308,False,连续两个有机会开发月无交易|开发交易样本不足,8,0.56,0.78,8,1.6,0.95,0.0028,120,0.8,0.06,36,0.32,2,0.035,220,6.0,32,0,0,0.0,0.0,0.0,0.0,0.0,0.0,0.0,0.0,True,148,46,0.56,0,0,0,0,0,0.0,0.0,0.0,0.0,0.0,0.0,0.0,0.0,True,194,58,0.56,0,0,0,0,0,0.0,0.0,0.0,0.0,0.0,0.0,0.0,0.0,True,252,61,0.56,0,0,0,2,2,1.0,1.2426679591066199,0.0,0.0,0.0,2.4853359182132397,0.0,1.2426679591066199,True,313,59,0.56,2,2,2,2,1,0.5,1.2425908457405874,1.358563893672463,0.9146355585688518,0.9146355585688518,-0.11597304793187568,1.358563893672463,-0.05798652396593784,True,372,60,0.56,3,3,2,0,0,0.0,0.0,0.0,0.0,0.0,0.0,0.0,0.0,True,432,103,0.56,0,0,0
3,震荡空头反转,16,b53dc175f1cbdf38,3671.708744500308,False,连续两个有机会开发月无交易|开发交易样本不足,8,0.56,0.85,2,1.6,0.95,0.0028,120,0.8,0.06,36,0.32,2,0.035,220,6.0,32,0,0,0.0,0.0,0.0,0.0,0.0,0.0,0.0,0.0,True,148,46,0.56,0,0,0,0,0,0.0,0.0,0.0,0.0,0.0,0.0,0.0,0.0,True,194,58,0.56,0,0,0,0,0,0.0,0.0,0.0,0.0,0.0,0.0,0.0,0.0,True,252,61,0.56,0,0,0,2,2,1.0,1.2426679591066199,0.0,0.0,0.0,2.4853359182132397,0.0,1.2426679591066199,True,313,59,0.56,2,2,2,2,1,0.5,1.2425908457405874,1.358563893672463,0.9146355585688518,0.9146355585688518,-0.11597304793187568,1.358563893672463,-0.05798652396593784,True,372,60,0.56,3,3,2,0,0,0.0,0.0,0.0,0.0,0.0,0.0,0.0,0.0,True,432,103,0.56,0,0,0
3,震荡空头反转,17,1de15e89afe1a964,3671.708744500308,False,连续两个有机会开发月无交易|开发交易样本不足,8,0.56,0.85,5,1.6,0.95,0.0028,120,0.8,0.06,36,0.32,2,0.035,220,6.0,32,0,0,0.0,0.0,0.0,0.0,0.0,0.0,0.0,0.0,True,148,46,0.56,0,0,0,0,0,0.0,0.0,0.0,0.0,0.0,0.0,0.0,0.0,True,194,58,0.56,0,0,0,0,0,0.0,0.0,0.0,0.0,0.0,0.0,0.0,0.0,True,252,61,0.56,0,0,0,2,2,1.0,1.2426679591066199,0.0,0.0,0.0,2.4853359182132397,0.0,1.2426679591066199,True,313,59,0.56,2,2,2,2,1,0.5,1.2425908457405874,1.358563893672463,0.9146355585688518,0.9146355585688518,-0.11597304793187568,1.358563893672463,-0.05798652396593784,True,372,60,0.56,3,3,2,0,0,0.0,0.0,0.0,0.0,0.0,0.0,0.0,0.0,True,432,103,0.56,0,0,0
3,震荡空头反转,18,8fb6086e6440f75a,3671.708744500308,False,连续两个有机会开发月无交易|开发交易样本不足,8,0.56,0.85,8,1.6,0.95,0.0028,120,0.8,0.06,36,0.32,2,0.035,220,6.0,32,0,0,0.0,0.0,0.0,0.0,0.0,0.0,0.0,0.0,True,148,46,0.56,0,0,0,0,0,0.0,0.0,0.0,0.0,0.0,0.0,0.0,0.0,True,194,58,0.56,0,0,0,0,0,0.0,0.0,0.0,0.0,0.0,0.0,0.0,0.0,True,252,61,0.56,0,0,0,2,2,1.0,1.2426679591066199,0.0,0.0,0.0,2.4853359182132397,0.0,1.2426679591066199,True,313,59,0.56,2,2,2,2,1,0.5,1.2425908457405874,1.358563893672463,0.9146355585688518,0.9146355585688518,-0.11597304793187568,1.358563893672463,-0.05798652396593784,True,372,60,0.56,3,3,2,0,0,0.0,0.0,0.0,0.0,0.0,0.0,0.0,0.0,True,432,103,0.56,0,0,0
3,震荡空头反转,19,6115972d8a28a503,3599.708744500308,False,连续两个有机会开发月无交易|开发交易样本不足,12,0.56,0.7,2,1.6,0.95,0.0028,120,0.8,0.06,36,0.32,2,0.035,220,6.0,32,0,0,0.0,0.0,0.0,0.0,0.0,0.0,0.0,0.0,True,148,46,0.56,0,0,0,0,0,0.0,0.0,0.0,0.0,0.0,0.0,0.0,0.0,True,194,58,0.56,0,0,0,0,0,0.0,0.0,0.0,0.0,0.0,0.0,0.0,0.0,True,252,61,0.56,0,0,0,2,2,1.0,1.2426679591066199,0.0,0.0,0.0,2.4853359182132397,0.0,1.2426679591066199,True,313,59,0.56,2,2,2,2,1,0.5,1.2425908457405874,1.358563893672463,0.9146355585688518,0.9146355585688518,-0.11597304793187568,1.358563893672463,-0.05798652396593784,True,372,60,0.56,3,3,2,0,0,0.0,0.0,0.0,0.0,0.0,0.0,0.0,0.0,True,432,103,0.56,0,0,0
3,震荡空头反转,20,74c12b85d0b9e947,3599.708744500308,False,连续两个有机会开发月无交易|开发交易样本不足,12,0.56,0.7,5,1.6,0.95,0.0028,120,0.8,0.06,36,0.32,2,0.035,220,6.0,32,0,0,0.0,0.0,0.0,0.0,0.0,0.0,0.0,0.0,True,148,46,0.56,0,0,0,0,0,0.0,0.0,0.0,0.0,0.0,0.0,0.0,0.0,True,194,58,0.56,0,0,0,0,0,0.0,0.0,0.0,0.0,0.0,0.0,0.0,0.0,True,252,61,0.56,0,0,0,2,2,1.0,1.2426679591066199,0.0,0.0,0.0,2.4853359182132397,0.0,1.2426679591066199,True,313,59,0.56,2,2,2,2,1,0.5,1.2425908457405874,1.358563893672463,0.9146355585688518,0.9146355585688518,-0.11597304793187568,1.358563893672463,-0.05798652396593784,True,372,60,0.56,3,3,2,0,0,0.0,0.0,0.0,0.0,0.0,0.0,0.0,0.0,True,432,103,0.56,0,0,0
3,震荡空头反转,21,e889c550ea7afec0,3599.708744500308,False,连续两个有机会开发月无交易|开发交易样本不足,12,0.56,0.7,8,1.6,0.95,0.0028,120,0.8,0.06,36,0.32,2,0.035,220,6.0,32,0,0,0.0,0.0,0.0,0.0,0.0,0.0,0.0,0.0,True,148,46,0.56,0,0,0,0,0,0.0,0.0,0.0,0.0,0.0,0.0,0.0,0.0,True,194,58,0.56,0,0,0,0,0,0.0,0.0,0.0,0.0,0.0,0.0,0.0,0.0,True,252,61,0.56,0,0,0,2,2,1.0,1.2426679591066199,0.0,0.0,0.0,2.4853359182132397,0.0,1.2426679591066199,True,313,59,0.56,2,2,2,2,1,0.5,1.2425908457405874,1.358563893672463,0.9146355585688518,0.9146355585688518,-0.11597304793187568,1.358563893672463,-0.05798652396593784,True,372,60,0.56,3,3,2,0,0,0.0,0.0,0.0,0.0,0.0,0.0,0.0,0.0,True,432,103,0.56,0,0,0
3,震荡空头反转,22,ae67ee9cd5c391d4,3599.708744500308,False,连续两个有机会开发月无交易|开发交易样本不足,12,0.56,0.78,2,1.6,0.95,0.0028,120,0.8,0.06,36,0.32,2,0.035,220,6.0,32,0,0,0.0,0.0,0.0,0.0,0.0,0.0,0.0,0.0,True,148,46,0.56,0,0,0,0,0,0.0,0.0,0.0,0.0,0.0,0.0,0.0,0.0,True,194,58,0.56,0,0,0,0,0,0.0,0.0,0.0,0.0,0.0,0.0,0.0,0.0,True,252,61,0.56,0,0,0,2,2,1.0,1.2426679591066199,0.0,0.0,0.0,2.4853359182132397,0.0,1.2426679591066199,True,313,59,0.56,2,2,2,2,1,0.5,1.2425908457405874,1.358563893672463,0.9146355585688518,0.9146355585688518,-0.11597304793187568,1.358563893672463,-0.05798652396593784,True,372,60,0.56,3,3,2,0,0,0.0,0.0,0.0,0.0,0.0,0.0,0.0,0.0,True,432,103,0.56,0,0,0
3,震荡空头反转,23,129f5ac72416316b,3599.708744500308,False,连续两个有机会开发月无交易|开发交易样本不足,12,0.56,0.78,5,1.6,0.95,0.0028,120,0.8,0.06,36,0.32,2,0.035,220,6.0,32,0,0,0.0,0.0,0.0,0.0,0.0,0.0,0.0,0.0,True,148,46,0.56,0,0,0,0,0,0.0,0.0,0.0,0.0,0.0,0.0,0.0,0.0,True,194,58,0.56,0,0,0,0,0,0.0,0.0,0.0,0.0,0.0,0.0,0.0,0.0,True,252,61,0.56,0,0,0,2,2,1.0,1.2426679591066199,0.0,0.0,0.0,2.4853359182132397,0.0,1.2426679591066199,True,313,59,0.56,2,2,2,2,1,0.5,1.2425908457405874,1.358563893672463,0.9146355585688518,0.9146355585688518,-0.11597304793187568,1.358563893672463,-0.05798652396593784,True,372,60,0.56,3,3,2,0,0,0.0,0.0,0.0,0.0,0.0,0.0,0.0,0.0,True,432,103,0.56,0,0,0
3,震荡空头反转,24,f64912181d56faef,3599.708744500308,False,连续两个有机会开发月无交易|开发交易样本不足,12,0.56,0.78,8,1.6,0.95,0.0028,120,0.8,0.06,36,0.32,2,0.035,220,6.0,32,0,0,0.0,0.0,0.0,0.0,0.0,0.0,0.0,0.0,True,148,46,0.56,0,0,0,0,0,0.0,0.0,0.0,0.0,0.0,0.0,0.0,0.0,True,194,58,0.56,0,0,0,0,0,0.0,0.0,0.0,0.0,0.0,0.0,0.0,0.0,True,252,61,0.56,0,0,0,2,2,1.0,1.2426679591066199,0.0,0.0,0.0,2.4853359182132397,0.0,1.2426679591066199,True,313,59,0.56,2,2,2,2,1,0.5,1.2425908457405874,1.358563893672463,0.9146355585688518,0.9146355585688518,-0.11597304793187568,1.358563893672463,-0.05798652396593784,True,372,60,0.56,3,3,2,0,0,0.0,0.0,0.0,0.0,0.0,0.0,0.0,0.0,True,432,103,0.56,0,0,0
3,震荡空头反转,25,447747f191556cf6,3599.708744500308,False,连续两个有机会开发月无交易|开发交易样本不足,12,0.56,0.85,2,1.6,0.95,0.0028,120,0.8,0.06,36,0.32,2,0.035,220,6.0,32,0,0,0.0,0.0,0.0,0.0,0.0,0.0,0.0,0.0,True,148,46,0.56,0,0,0,0,0,0.0,0.0,0.0,0.0,0.0,0.0,0.0,0.0,True,194,58,0.56,0,0,0,0,0,0.0,0.0,0.0,0.0,0.0,0.0,0.0,0.0,True,252,61,0.56,0,0,0,2,2,1.0,1.2426679591066199,0.0,0.0,0.0,2.4853359182132397,0.0,1.2426679591066199,True,313,59,0.56,2,2,2,2,1,0.5,1.2425908457405874,1.358563893672463,0.9146355585688518,0.9146355585688518,-0.11597304793187568,1.358563893672463,-0.05798652396593784,True,372,60,0.56,3,3,2,0,0,0.0,0.0,0.0,0.0,0.0,0.0,0.0,0.0,True,432,103,0.56,0,0,0
3,震荡空头反转,26,78a01cb15e9723a1,3599.708744500308,False,连续两个有机会开发月无交易|开发交易样本不足,12,0.56,0.85,5,1.6,0.95,0.0028,120,0.8,0.06,36,0.32,2,0.035,220,6.0,32,0,0,0.0,0.0,0.0,0.0,0.0,0.0,0.0,0.0,True,148,46,0.56,0,0,0,0,0,0.0,0.0,0.0,0.0,0.0,0.0,0.0,0.0,True,194,58,0.56,0,0,0,0,0,0.0,0.0,0.0,0.0,0.0,0.0,0.0,0.0,True,252,61,0.56,0,0,0,2,2,1.0,1.2426679591066199,0.0,0.0,0.0,2.4853359182132397,0.0,1.2426679591066199,True,313,59,0.56,2,2,2,2,1,0.5,1.2425908457405874,1.358563893672463,0.9146355585688518,0.9146355585688518,-0.11597304793187568,1.358563893672463,-0.05798652396593784,True,372,60,0.56,3,3,2,0,0,0.0,0.0,0.0,0.0,0.0,0.0,0.0,0.0,True,432,103,0.56,0,0,0
3,震荡空头反转,27,864789a5a87487d5,3599.708744500308,False,连续两个有机会开发月无交易|开发交易样本不足,12,0.56,0.85,8,1.6,0.95,0.0028,120,0.8,0.06,36,0.32,2,0.035,220,6.0,32,0,0,0.0,0.0,0.0,0.0,0.0,0.0,0.0,0.0,True,148,46,0.56,0,0,0,0,0,0.0,0.0,0.0,0.0,0.0,0.0,0.0,0.0,True,194,58,0.56,0,0,0,0,0,0.0,0.0,0.0,0.0,0.0,0.0,0.0,0.0,True,252,61,0.56,0,0,0,2,2,1.0,1.2426679591066199,0.0,0.0,0.0,2.4853359182132397,0.0,1.2426679591066199,True,313,59,0.56,2,2,2,2,1,0.5,1.2425908457405874,1.358563893672463,0.9146355585688518,0.9146355585688518,-0.11597304793187568,1.358563893672463,-0.05798652396593784,True,372,60,0.56,3,3,2,0,0,0.0,0.0,0.0,0.0,0.0,0.0,0.0,0.0,True,432,103,0.56,0,0,0
3,震荡空头反转,28,41c82ec6ca38567e,3058.764408849458,False,累计盈利因子不足|累计净R非正,5,0.48,0.7,2,1.8,1.05,0.003,144,0.85,0.08,42,0.32,2,0.035,220,6.0,32,0,0,0.0,0.0,0.0,0.0,0.0,0.0,0.0,0.0,True,148,46,0.48,0,0,0,2,2,1.0,1.017754609807984,0.0,0.0,0.0,2.035509219615968,0.0,1.017754609807984,True,194,58,0.5012562905402841,2,2,2,0,0,0.0,0.0,0.0,0.0,0.0,0.0,0.0,0.0,True,252,61,0.48,0,0,0,2,1,0.5,1.466586474972744,1.334733856799203,1.0987856998620937,1.0987856998620937,0.13185261817354088,1.334733856799203,0.06592630908677044,True,313,59,0.48,2,2,2,2,0,0.0,0.0,1.0498717409554923,0.0,0.0,-2.0997434819109846,2.0997434819109846,-1.0498717409554923,True,372,60,0.5278654875884167,7,5,2,5,2,0.4,1.4667049626337467,1.3346856713592998,1.0989141444367143,0.7326094296244763,-1.0706470888104056,2.6693196373323937,-0.2141294177620811,True,432,103,0.4959153851389297,8,5,5
3,震荡空头反转,29,bb29ac0937c4a9a2,3058.764408849458,False,累计盈利因子不足|累计净R非正,5,0.48,0.7,5,1.8,1.05,0.003,144,0.85,0.08,42,0.32,2,0.035,220,6.0,32,0,0,0.0,0.0,0.0,0.0,0.0,0.0,0.0,0.0,True,148,46,0.48,0,0,0,2,2,1.0,1.017754609807984,0.0,0.0,0.0,2.035509219615968,0.0,1.017754609807984,True,194,58,0.5012562905402841,2,2,2,0,0,0.0,0.0,0.0,0.0,0.0,0.0,0.0,0.0,True,252,61,0.48,0,0,0,2,1,0.5,1.466586474972744,1.334733856799203,1.0987856998620937,1.0987856998620937,0.13185261817354088,1.334733856799203,0.06592630908677044,True,313,59,0.48,2,2,2,2,0,0.0,0.0,1.0498717409554923,0.0,0.0,-2.0997434819109846,2.0997434819109846,-1.0498717409554923,True,372,60,0.5278654875884167,7,5,2,5,2,0.4,1.4667049626337467,1.3346856713592998,1.0989141444367143,0.7326094296244763,-1.0706470888104056,2.6693196373323937,-0.2141294177620811,True,432,103,0.4959153851389297,8,5,5
3,震荡空头反转,30,65080a10966c18e1,3058.764408849458,False,累计盈利因子不足|累计净R非正,5,0.48,0.7,8,1.8,1.05,0.003,144,0.85,0.08,42,0.32,2,0.035,220,6.0,32,0,0,0.0,0.0,0.0,0.0,0.0,0.0,0.0,0.0,True,148,46,0.48,0,0,0,2,2,1.0,1.017754609807984,0.0,0.0,0.0,2.035509219615968,0.0,1.017754609807984,True,194,58,0.5012562905402841,2,2,2,0,0,0.0,0.0,0.0,0.0,0.0,0.0,0.0,0.0,True,252,61,0.48,0,0,0,2,1,0.5,1.466586474972744,1.334733856799203,1.0987856998620937,1.0987856998620937,0.13185261817354088,1.334733856799203,0.06592630908677044,True,313,59,0.48,2,2,2,2,0,0.0,0.0,1.0498717409554923,0.0,0.0,-2.0997434819109846,2.0997434819109846,-1.0498717409554923,True,372,60,0.5278654875884167,7,5,2,5,2,0.4,1.4667049626337467,1.3346856713592998,1.0989141444367143,0.7326094296244763,-1.0706470888104056,2.6693196373323937,-0.2141294177620811,True,432,103,0.4959153851389297,8,5,5
4,高波动多头突破,1,17e31d6b1da9871b,3149.0853050185137,False,连续两个有机会开发月无交易|开发交易样本不足,10,0.49,0.72,2,1.9,1.25,0.0035,180,0.95,0.1,42,0.36,3,0.025,260,8.0,42,0,0,0.0,0.0,0.0,0.0,0.0,0.0,0.0,0.0,True,177,53,0.4983339095211718,0,0,0,5,2,0.4,1.6127154314390304,0.5528823811826706,2.9169231762988557,1.944615450865904,1.566783719330049,1.4722480507587283,0.31335674386600976,True,230,43,0.5011434780150644,5,5,5,0,0,0.0,0.0,0.0,0.0,0.0,0.0,0.0,0.0,True,273,36,0.49,0,0,0,1,0,0.0,0.0,1.2858207323671202,0.0,0.0,-1.2858207323671202,1.2858207323671202,-1.2858207323671202,True,309,65,0.49,1,1,1,0,0,0.0,0.0,0.0,0.0,0.0,0.0,0.0,0.0,True,374,91,0.49,0,0,0,0,0,0.0,0.0,0.0,0.0,0.0,0.0,0.0,0.0,True,465,39,0.49,0,0,0
4,高波动多头突破,2,42ad7e1c26a3da15,3149.0853050185137,False,连续两个有机会开发月无交易|开发交易样本不足,10,0.49,0.72,5,1.9,1.25,0.0035,180,0.95,0.1,42,0.36,3,0.025,260,8.0,42,0,0,0.0,0.0,0.0,0.0,0.0,0.0,0.0,0.0,True,177,53,0.4983339095211718,0,0,0,5,2,0.4,1.6127154314390304,0.5528823811826706,2.9169231762988557,1.944615450865904,1.566783719330049,1.4722480507587283,0.31335674386600976,True,230,43,0.5011434780150644,5,5,5,0,0,0.0,0.0,0.0,0.0,0.0,0.0,0.0,0.0,True,273,36,0.49,0,0,0,1,0,0.0,0.0,1.2858207323671202,0.0,0.0,-1.2858207323671202,1.2858207323671202,-1.2858207323671202,True,309,65,0.49,1,1,1,0,0,0.0,0.0,0.0,0.0,0.0,0.0,0.0,0.0,True,374,91,0.49,0,0,0,0,0,0.0,0.0,0.0,0.0,0.0,0.0,0.0,0.0,True,465,39,0.49,0,0,0
4,高波动多头突破,3,2f48a989d60ea457,3149.0853050185137,False,连续两个有机会开发月无交易|开发交易样本不足,10,0.49,0.72,8,1.9,1.25,0.0035,180,0.95,0.1,42,0.36,3,0.025,260,8.0,42,0,0,0.0,0.0,0.0,0.0,0.0,0.0,0.0,0.0,True,177,53,0.4983339095211718,0,0,0,5,2,0.4,1.6127154314390304,0.5528823811826706,2.9169231762988557,1.944615450865904,1.566783719330049,1.4722480507587283,0.31335674386600976,True,230,43,0.5011434780150644,5,5,5,0,0,0.0,0.0,0.0,0.0,0.0,0.0,0.0,0.0,True,273,36,0.49,0,0,0,1,0,0.0,0.0,1.2858207323671202,0.0,0.0,-1.2858207323671202,1.2858207323671202,-1.2858207323671202,True,309,65,0.49,1,1,1,0,0,0.0,0.0,0.0,0.0,0.0,0.0,0.0,0.0,True,374,91,0.49,0,0,0,0,0,0.0,0.0,0.0,0.0,0.0,0.0,0.0,0.0,True,465,39,0.49,0,0,0
4,高波动多头突破,4,72f3d6ea89f7bfa3,3149.0853050185137,False,连续两个有机会开发月无交易|开发交易样本不足,10,0.49,0.8,2,1.9,1.25,0.0035,180,0.95,0.1,42,0.36,3,0.025,260,8.0,42,0,0,0.0,0.0,0.0,0.0,0.0,0.0,0.0,0.0,True,177,53,0.4983339095211718,0,0,0,5,2,0.4,1.6127154314390304,0.5528823811826706,2.9169231762988557,1.944615450865904,1.566783719330049,1.4722480507587283,0.31335674386600976,True,230,43,0.5011434780150644,5,5,5,0,0,0.0,0.0,0.0,0.0,0.0,0.0,0.0,0.0,True,273,36,0.49,0,0,0,1,0,0.0,0.0,1.2858207323671202,0.0,0.0,-1.2858207323671202,1.2858207323671202,-1.2858207323671202,True,309,65,0.49,1,1,1,0,0,0.0,0.0,0.0,0.0,0.0,0.0,0.0,0.0,True,374,91,0.49,0,0,0,0,0,0.0,0.0,0.0,0.0,0.0,0.0,0.0,0.0,True,465,39,0.49,0,0,0
4,高波动多头突破,5,ee3af345ae60d35d,3149.0853050185137,False,连续两个有机会开发月无交易|开发交易样本不足,10,0.49,0.8,5,1.9,1.25,0.0035,180,0.95,0.1,42,0.36,3,0.025,260,8.0,42,0,0,0.0,0.0,0.0,0.0,0.0,0.0,0.0,0.0,True,177,53,0.4983339095211718,0,0,0,5,2,0.4,1.6127154314390304,0.5528823811826706,2.9169231762988557,1.944615450865904,1.566783719330049,1.4722480507587283,0.31335674386600976,True,230,43,0.5011434780150644,5,5,5,0,0,0.0,0.0,0.0,0.0,0.0,0.0,0.0,0.0,True,273,36,0.49,0,0,0,1,0,0.0,0.0,1.2858207323671202,0.0,0.0,-1.2858207323671202,1.2858207323671202,-1.2858207323671202,True,309,65,0.49,1,1,1,0,0,0.0,0.0,0.0,0.0,0.0,0.0,0.0,0.0,True,374,91,0.49,0,0,0,0,0,0.0,0.0,0.0,0.0,0.0,0.0,0.0,0.0,True,465,39,0.49,0,0,0
4,高波动多头突破,6,2f0cdc8066e78344,3149.0853050185137,False,连续两个有机会开发月无交易|开发交易样本不足,10,0.49,0.8,8,1.9,1.25,0.0035,180,0.95,0.1,42,0.36,3,0.025,260,8.0,42,0,0,0.0,0.0,0.0,0.0,0.0,0.0,0.0,0.0,True,177,53,0.4983339095211718,0,0,0,5,2,0.4,1.6127154314390304,0.5528823811826706,2.9169231762988557,1.944615450865904,1.566783719330049,1.4722480507587283,0.31335674386600976,True,230,43,0.5011434780150644,5,5,5,0,0,0.0,0.0,0.0,0.0,0.0,0.0,0.0,0.0,True,273,36,0.49,0,0,0,1,0,0.0,0.0,1.2858207323671202,0.0,0.0,-1.2858207323671202,1.2858207323671202,-1.2858207323671202,True,309,65,0.49,1,1,1,0,0,0.0,0.0,0.0,0.0,0.0,0.0,0.0,0.0,True,374,91,0.49,0,0,0,0,0,0.0,0.0,0.0,0.0,0.0,0.0,0.0,0.0,True,465,39,0.49,0,0,0
4,高波动多头突破,7,311128cac9aeb31c,2356.155273768599,False,连续两个有机会开发月无交易|有效开发月份不足|开发交易样本不足,4,0.49,0.72,2,1.9,1.25,0.0035,180,0.95,0.1,42,0.36,2,0.035,220,6.0,32,1,1,1.0,1.612688348878541,0.0,0.0,0.0,1.612688348878541,0.0,1.612688348878541,True,177,53,0.6715507805851724,2,2,1,0,0,0.0,0.0,0.0,0.0,0.0,0.0,0.0,0.0,True,230,43,0.6135881828902188,0,0,0,0,0,0.0,0.0,0.0,0.0,0.0,0.0,0.0,0.0,True,273,36,0.6055801874382023,0,0,0,0,0,0.0,0.0,0.0,0.0,0.0,0.0,0.0,0.0,True,309,65,0.5007006459671685,0,0,0,0,0,0.0,0.0,0.0,0.0,0.0,0.0,0.0,0.0,True,374,91,0.5678014938329642,0,0,0,0,0,0.0,0.0,0.0,0.0,0.0,0.0,0.0,0.0,True,465,39,0.49,0,0,0
4,高波动多头突破,8,e536aee21968ddbb,2356.155273768599,False,连续两个有机会开发月无交易|有效开发月份不足|开发交易样本不足,4,0.49,0.72,5,1.9,1.25,0.0035,180,0.95,0.1,42,0.36,2,0.035,220,6.0,32,1,1,1.0,1.612688348878541,0.0,0.0,0.0,1.612688348878541,0.0,1.612688348878541,True,177,53,0.6715507805851724,2,2,1,0,0,0.0,0.0,0.0,0.0,0.0,0.0,0.0,0.0,True,230,43,0.6135881828902188,0,0,0,0,0,0.0,0.0,0.0,0.0,0.0,0.0,0.0,0.0,True,273,36,0.6055801874382023,0,0,0,0,0,0.0,0.0,0.0,0.0,0.0,0.0,0.0,0.0,True,309,65,0.5007006459671685,0,0,0,0,0,0.0,0.0,0.0,0.0,0.0,0.0,0.0,0.0,True,374,91,0.5678014938329642,0,0,0,0,0,0.0,0.0,0.0,0.0,0.0,0.0,0.0,0.0,True,465,39,0.49,0,0,0
4,高波动多头突破,9,d704fa4b1212254e,2356.155273768599,False,连续两个有机会开发月无交易|有效开发月份不足|开发交易样本不足,4,0.49,0.72,8,1.9,1.25,0.0035,180,0.95,0.1,42,0.36,2,0.035,220,6.0,32,1,1,1.0,1.612688348878541,0.0,0.0,0.0,1.612688348878541,0.0,1.612688348878541,True,177,53,0.6715507805851724,2,2,1,0,0,0.0,0.0,0.0,0.0,0.0,0.0,0.0,0.0,True,230,43,0.6135881828902188,0,0,0,0,0,0.0,0.0,0.0,0.0,0.0,0.0,0.0,0.0,True,273,36,0.6055801874382023,0,0,0,0,0,0.0,0.0,0.0,0.0,0.0,0.0,0.0,0.0,True,309,65,0.5007006459671685,0,0,0,0,0,0.0,0.0,0.0,0.0,0.0,0.0,0.0,0.0,True,374,91,0.5678014938329642,0,0,0,0,0,0.0,0.0,0.0,0.0,0.0,0.0,0.0,0.0,True,465,39,0.49,0,0,0
4,高波动多头突破,10,ba8b7bb2f657a947,2356.155273768599,False,连续两个有机会开发月无交易|有效开发月份不足|开发交易样本不足,4,0.49,0.8,2,1.9,1.25,0.0035,180,0.95,0.1,42,0.36,2,0.035,220,6.0,32,1,1,1.0,1.612688348878541,0.0,0.0,0.0,1.612688348878541,0.0,1.612688348878541,True,177,53,0.6715507805851724,2,2,1,0,0,0.0,0.0,0.0,0.0,0.0,0.0,0.0,0.0,True,230,43,0.6135881828902188,0,0,0,0,0,0.0,0.0,0.0,0.0,0.0,0.0,0.0,0.0,True,273,36,0.6055801874382023,0,0,0,0,0,0.0,0.0,0.0,0.0,0.0,0.0,0.0,0.0,True,309,65,0.5007006459671685,0,0,0,0,0,0.0,0.0,0.0,0.0,0.0,0.0,0.0,0.0,True,374,91,0.5678014938329642,0,0,0,0,0,0.0,0.0,0.0,0.0,0.0,0.0,0.0,0.0,True,465,39,0.49,0,0,0
4,高波动多头突破,11,2f0c4ae7ef0271ee,2356.155273768599,False,连续两个有机会开发月无交易|有效开发月份不足|开发交易样本不足,4,0.49,0.8,5,1.9,1.25,0.0035,180,0.95,0.1,42,0.36,2,0.035,220,6.0,32,1,1,1.0,1.612688348878541,0.0,0.0,0.0,1.612688348878541,0.0,1.612688348878541,True,177,53,0.6715507805851724,2,2,1,0,0,0.0,0.0,0.0,0.0,0.0,0.0,0.0,0.0,True,230,43,0.6135881828902188,0,0,0,0,0,0.0,0.0,0.0,0.0,0.0,0.0,0.0,0.0,True,273,36,0.6055801874382023,0,0,0,0,0,0.0,0.0,0.0,0.0,0.0,0.0,0.0,0.0,True,309,65,0.5007006459671685,0,0,0,0,0,0.0,0.0,0.0,0.0,0.0,0.0,0.0,0.0,True,374,91,0.5678014938329642,0,0,0,0,0,0.0,0.0,0.0,0.0,0.0,0.0,0.0,0.0,True,465,39,0.49,0,0,0
4,高波动多头突破,12,2dfb3af230b5ca34,2356.155273768599,False,连续两个有机会开发月无交易|有效开发月份不足|开发交易样本不足,4,0.49,0.8,8,1.9,1.25,0.0035,180,0.95,0.1,42,0.36,2,0.035,220,6.0,32,1,1,1.0,1.612688348878541,0.0,0.0,0.0,1.612688348878541,0.0,1.612688348878541,True,177,53,0.6715507805851724,2,2,1,0,0,0.0,0.0,0.0,0.0,0.0,0.0,0.0,0.0,True,230,43,0.6135881828902188,0,0,0,0,0,0.0,0.0,0.0,0.0,0.0,0.0,0.0,0.0,True,273,36,0.6055801874382023,0,0,0,0,0,0.0,0.0,0.0,0.0,0.0,0.0,0.0,0.0,True,309,65,0.5007006459671685,0,0,0,0,0,0.0,0.0,0.0,0.0,0.0,0.0,0.0,0.0,True,374,91,0.5678014938329642,0,0,0,0,0,0.0,0.0,0.0,0.0,0.0,0.0,0.0,0.0,True,465,39,0.49,0,0,0
4,高波动多头突破,13,0881e4570320fb3c,2356.155273768599,False,连续两个有机会开发月无交易|有效开发月份不足|开发交易样本不足,4,0.49,0.87,2,1.9,1.25,0.0035,180,0.95,0.1,42,0.36,2,0.035,220,6.0,32,1,1,1.0,1.612688348878541,0.0,0.0,0.0,1.612688348878541,0.0,1.612688348878541,True,177,53,0.6715507805851724,2,2,1,0,0,0.0,0.0,0.0,0.0,0.0,0.0,0.0,0.0,True,230,43,0.6135881828902188,0,0,0,0,0,0.0,0.0,0.0,0.0,0.0,0.0,0.0,0.0,True,273,36,0.6055801874382023,0,0,0,0,0,0.0,0.0,0.0,0.0,0.0,0.0,0.0,0.0,True,309,65,0.5007006459671685,0,0,0,0,0,0.0,0.0,0.0,0.0,0.0,0.0,0.0,0.0,True,374,91,0.5678014938329642,0,0,0,0,0,0.0,0.0,0.0,0.0,0.0,0.0,0.0,0.0,True,465,39,0.49,0,0,0
4,高波动多头突破,14,ca15a7c8d083d76c,2356.155273768599,False,连续两个有机会开发月无交易|有效开发月份不足|开发交易样本不足,4,0.49,0.87,5,1.9,1.25,0.0035,180,0.95,0.1,42,0.36,2,0.035,220,6.0,32,1,1,1.0,1.612688348878541,0.0,0.0,0.0,1.612688348878541,0.0,1.612688348878541,True,177,53,0.6715507805851724,2,2,1,0,0,0.0,0.0,0.0,0.0,0.0,0.0,0.0,0.0,True,230,43,0.6135881828902188,0,0,0,0,0,0.0,0.0,0.0,0.0,0.0,0.0,0.0,0.0,True,273,36,0.6055801874382023,0,0,0,0,0,0.0,0.0,0.0,0.0,0.0,0.0,0.0,0.0,True,309,65,0.5007006459671685,0,0,0,0,0,0.0,0.0,0.0,0.0,0.0,0.0,0.0,0.0,True,374,91,0.5678014938329642,0,0,0,0,0,0.0,0.0,0.0,0.0,0.0,0.0,0.0,0.0,True,465,39,0.49,0,0,0
4,高波动多头突破,15,2db56cc8d9efcb2f,2356.155273768599,False,连续两个有机会开发月无交易|有效开发月份不足|开发交易样本不足,4,0.49,0.87,8,1.9,1.25,0.0035,180,0.95,0.1,42,0.36,2,0.035,220,6.0,32,1,1,1.0,1.612688348878541,0.0,0.0,0.0,1.612688348878541,0.0,1.612688348878541,True,177,53,0.6715507805851724,2,2,1,0,0,0.0,0.0,0.0,0.0,0.0,0.0,0.0,0.0,True,230,43,0.6135881828902188,0,0,0,0,0,0.0,0.0,0.0,0.0,0.0,0.0,0.0,0.0,True,273,36,0.6055801874382023,0,0,0,0,0,0.0,0.0,0.0,0.0,0.0,0.0,0.0,0.0,True,309,65,0.5007006459671685,0,0,0,0,0,0.0,0.0,0.0,0.0,0.0,0.0,0.0,0.0,True,374,91,0.5678014938329642,0,0,0,0,0,0.0,0.0,0.0,0.0,0.0,0.0,0.0,0.0,True,465,39,0.49,0,0,0
4,高波动多头突破,16,1b4ea39374997a8c,2356.155273768599,False,连续两个有机会开发月无交易|有效开发月份不足|开发交易样本不足,4,0.53,0.72,2,1.9,1.25,0.0035,180,0.95,0.1,42,0.36,2,0.035,220,6.0,32,1,1,1.0,1.612688348878541,0.0,0.0,0.0,1.612688348878541,0.0,1.612688348878541,True,177,53,0.6715507805851724,2,2,1,0,0,0.0,0.0,0.0,0.0,0.0,0.0,0.0,0.0,True,230,43,0.6135881828902188,0,0,0,0,0,0.0,0.0,0.0,0.0,0.0,0.0,0.0,0.0,True,273,36,0.6055801874382023,0,0,0,0,0,0.0,0.0,0.0,0.0,0.0,0.0,0.0,0.0,True,309,65,0.53,0,0,0,0,0,0.0,0.0,0.0,0.0,0.0,0.0,0.0,0.0,True,374,91,0.5678014938329642,0,0,0,0,0,0.0,0.0,0.0,0.0,0.0,0.0,0.0,0.0,True,465,39,0.53,0,0,0
4,高波动多头突破,17,6f6f182f9440d25c,2356.155273768599,False,连续两个有机会开发月无交易|有效开发月份不足|开发交易样本不足,4,0.53,0.72,5,1.9,1.25,0.0035,180,0.95,0.1,42,0.36,2,0.035,220,6.0,32,1,1,1.0,1.612688348878541,0.0,0.0,0.0,1.612688348878541,0.0,1.612688348878541,True,177,53,0.6715507805851724,2,2,1,0,0,0.0,0.0,0.0,0.0,0.0,0.0,0.0,0.0,True,230,43,0.6135881828902188,0,0,0,0,0,0.0,0.0,0.0,0.0,0.0,0.0,0.0,0.0,True,273,36,0.6055801874382023,0,0,0,0,0,0.0,0.0,0.0,0.0,0.0,0.0,0.0,0.0,True,309,65,0.53,0,0,0,0,0,0.0,0.0,0.0,0.0,0.0,0.0,0.0,0.0,True,374,91,0.5678014938329642,0,0,0,0,0,0.0,0.0,0.0,0.0,0.0,0.0,0.0,0.0,True,465,39,0.53,0,0,0
4,高波动多头突破,18,0e964213e72a8d9e,2356.155273768599,False,连续两个有机会开发月无交易|有效开发月份不足|开发交易样本不足,4,0.53,0.72,8,1.9,1.25,0.0035,180,0.95,0.1,42,0.36,2,0.035,220,6.0,32,1,1,1.0,1.612688348878541,0.0,0.0,0.0,1.612688348878541,0.0,1.612688348878541,True,177,53,0.6715507805851724,2,2,1,0,0,0.0,0.0,0.0,0.0,0.0,0.0,0.0,0.0,True,230,43,0.6135881828902188,0,0,0,0,0,0.0,0.0,0.0,0.0,0.0,0.0,0.0,0.0,True,273,36,0.6055801874382023,0,0,0,0,0,0.0,0.0,0.0,0.0,0.0,0.0,0.0,0.0,True,309,65,0.53,0,0,0,0,0,0.0,0.0,0.0,0.0,0.0,0.0,0.0,0.0,True,374,91,0.5678014938329642,0,0,0,0,0,0.0,0.0,0.0,0.0,0.0,0.0,0.0,0.0,True,465,39,0.53,0,0,0
4,高波动多头突破,19,eab62ab728c78fec,2356.155273768599,False,连续两个有机会开发月无交易|有效开发月份不足|开发交易样本不足,4,0.53,0.8,2,1.9,1.25,0.0035,180,0.95,0.1,42,0.36,2,0.035,220,6.0,32,1,1,1.0,1.612688348878541,0.0,0.0,0.0,1.612688348878541,0.0,1.612688348878541,True,177,53,0.6715507805851724,2,2,1,0,0,0.0,0.0,0.0,0.0,0.0,0.0,0.0,0.0,True,230,43,0.6135881828902188,0,0,0,0,0,0.0,0.0,0.0,0.0,0.0,0.0,0.0,0.0,True,273,36,0.6055801874382023,0,0,0,0,0,0.0,0.0,0.0,0.0,0.0,0.0,0.0,0.0,True,309,65,0.53,0,0,0,0,0,0.0,0.0,0.0,0.0,0.0,0.0,0.0,0.0,True,374,91,0.5678014938329642,0,0,0,0,0,0.0,0.0,0.0,0.0,0.0,0.0,0.0,0.0,True,465,39,0.53,0,0,0
4,高波动多头突破,20,d80ffa4cd622fb8d,2356.155273768599,False,连续两个有机会开发月无交易|有效开发月份不足|开发交易样本不足,4,0.53,0.8,5,1.9,1.25,0.0035,180,0.95,0.1,42,0.36,2,0.035,220,6.0,32,1,1,1.0,1.612688348878541,0.0,0.0,0.0,1.612688348878541,0.0,1.612688348878541,True,177,53,0.6715507805851724,2,2,1,0,0,0.0,0.0,0.0,0.0,0.0,0.0,0.0,0.0,True,230,43,0.6135881828902188,0,0,0,0,0,0.0,0.0,0.0,0.0,0.0,0.0,0.0,0.0,True,273,36,0.6055801874382023,0,0,0,0,0,0.0,0.0,0.0,0.0,0.0,0.0,0.0,0.0,True,309,65,0.53,0,0,0,0,0,0.0,0.0,0.0,0.0,0.0,0.0,0.0,0.0,True,374,91,0.5678014938329642,0,0,0,0,0,0.0,0.0,0.0,0.0,0.0,0.0,0.0,0.0,True,465,39,0.53,0,0,0
4,高波动多头突破,21,f27e9f6bce231be3,2356.155273768599,False,连续两个有机会开发月无交易|有效开发月份不足|开发交易样本不足,4,0.53,0.8,8,1.9,1.25,0.0035,180,0.95,0.1,42,0.36,2,0.035,220,6.0,32,1,1,1.0,1.612688348878541,0.0,0.0,0.0,1.612688348878541,0.0,1.612688348878541,True,177,53,0.6715507805851724,2,2,1,0,0,0.0,0.0,0.0,0.0,0.0,0.0,0.0,0.0,True,230,43,0.6135881828902188,0,0,0,0,0,0.0,0.0,0.0,0.0,0.0,0.0,0.0,0.0,True,273,36,0.6055801874382023,0,0,0,0,0,0.0,0.0,0.0,0.0,0.0,0.0,0.0,0.0,True,309,65,0.53,0,0,0,0,0,0.0,0.0,0.0,0.0,0.0,0.0,0.0,0.0,True,374,91,0.5678014938329642,0,0,0,0,0,0.0,0.0,0.0,0.0,0.0,0.0,0.0,0.0,True,465,39,0.53,0,0,0
4,高波动多头突破,22,8e3c176feb2cf843,2356.155273768599,False,连续两个有机会开发月无交易|有效开发月份不足|开发交易样本不足,4,0.53,0.87,2,1.9,1.25,0.0035,180,0.95,0.1,42,0.36,2,0.035,220,6.0,32,1,1,1.0,1.612688348878541,0.0,0.0,0.0,1.612688348878541,0.0,1.612688348878541,True,177,53,0.6715507805851724,2,2,1,0,0,0.0,0.0,0.0,0.0,0.0,0.0,0.0,0.0,True,230,43,0.6135881828902188,0,0,0,0,0,0.0,0.0,0.0,0.0,0.0,0.0,0.0,0.0,True,273,36,0.6055801874382023,0,0,0,0,0,0.0,0.0,0.0,0.0,0.0,0.0,0.0,0.0,True,309,65,0.53,0,0,0,0,0,0.0,0.0,0.0,0.0,0.0,0.0,0.0,0.0,True,374,91,0.5678014938329642,0,0,0,0,0,0.0,0.0,0.0,0.0,0.0,0.0,0.0,0.0,True,465,39,0.53,0,0,0
4,高波动多头突破,23,3dfb309f6166f025,2356.155273768599,False,连续两个有机会开发月无交易|有效开发月份不足|开发交易样本不足,4,0.53,0.87,5,1.9,1.25,0.0035,180,0.95,0.1,42,0.36,2,0.035,220,6.0,32,1,1,1.0,1.612688348878541,0.0,0.0,0.0,1.612688348878541,0.0,1.612688348878541,True,177,53,0.6715507805851724,2,2,1,0,0,0.0,0.0,0.0,0.0,0.0,0.0,0.0,0.0,True,230,43,0.6135881828902188,0,0,0,0,0,0.0,0.0,0.0,0.0,0.0,0.0,0.0,0.0,True,273,36,0.6055801874382023,0,0,0,0,0,0.0,0.0,0.0,0.0,0.0,0.0,0.0,0.0,True,309,65,0.53,0,0,0,0,0,0.0,0.0,0.0,0.0,0.0,0.0,0.0,0.0,True,374,91,0.5678014938329642,0,0,0,0,0,0.0,0.0,0.0,0.0,0.0,0.0,0.0,0.0,True,465,39,0.53,0,0,0
4,高波动多头突破,24,2bb36b3a8028c89b,2356.155273768599,False,连续两个有机会开发月无交易|有效开发月份不足|开发交易样本不足,4,0.53,0.87,8,1.9,1.25,0.0035,180,0.95,0.1,42,0.36,2,0.035,220,6.0,32,1,1,1.0,1.612688348878541,0.0,0.0,0.0,1.612688348878541,0.0,1.612688348878541,True,177,53,0.6715507805851724,2,2,1,0,0,0.0,0.0,0.0,0.0,0.0,0.0,0.0,0.0,True,230,43,0.6135881828902188,0,0,0,0,0,0.0,0.0,0.0,0.0,0.0,0.0,0.0,0.0,True,273,36,0.6055801874382023,0,0,0,0,0,0.0,0.0,0.0,0.0,0.0,0.0,0.0,0.0,True,309,65,0.53,0,0,0,0,0,0.0,0.0,0.0,0.0,0.0,0.0,0.0,0.0,True,374,91,0.5678014938329642,0,0,0,0,0,0.0,0.0,0.0,0.0,0.0,0.0,0.0,0.0,True,465,39,0.53,0,0,0
4,高波动多头突破,25,65b9b991417fe33c,2356.155273768599,False,连续两个有机会开发月无交易|有效开发月份不足|开发交易样本不足,4,0.57,0.72,2,1.9,1.25,0.0035,180,0.95,0.1,42,0.36,2,0.035,220,6.0,32,1,1,1.0,1.612688348878541,0.0,0.0,0.0,1.612688348878541,0.0,1.612688348878541,True,177,53,0.6715507805851724,2,2,1,0,0,0.0,0.0,0.0,0.0,0.0,0.0,0.0,0.0,True,230,43,0.6135881828902188,0,0,0,0,0,0.0,0.0,0.0,0.0,0.0,0.0,0.0,0.0,True,273,36,0.6055801874382023,0,0,0,0,0,0.0,0.0,0.0,0.0,0.0,0.0,0.0,0.0,True,309,65,0.57,0,0,0,0,0,0.0,0.0,0.0,0.0,0.0,0.0,0.0,0.0,True,374,91,0.57,0,0,0,0,0,0.0,0.0,0.0,0.0,0.0,0.0,0.0,0.0,True,465,39,0.57,0,0,0
4,高波动多头突破,26,adf566eab019b42f,2356.155273768599,False,连续两个有机会开发月无交易|有效开发月份不足|开发交易样本不足,4,0.57,0.72,5,1.9,1.25,0.0035,180,0.95,0.1,42,0.36,2,0.035,220,6.0,32,1,1,1.0,1.612688348878541,0.0,0.0,0.0,1.612688348878541,0.0,1.612688348878541,True,177,53,0.6715507805851724,2,2,1,0,0,0.0,0.0,0.0,0.0,0.0,0.0,0.0,0.0,True,230,43,0.6135881828902188,0,0,0,0,0,0.0,0.0,0.0,0.0,0.0,0.0,0.0,0.0,True,273,36,0.6055801874382023,0,0,0,0,0,0.0,0.0,0.0,0.0,0.0,0.0,0.0,0.0,True,309,65,0.57,0,0,0,0,0,0.0,0.0,0.0,0.0,0.0,0.0,0.0,0.0,True,374,91,0.57,0,0,0,0,0,0.0,0.0,0.0,0.0,0.0,0.0,0.0,0.0,True,465,39,0.57,0,0,0
4,高波动多头突破,27,bc9635f385d3cc14,2356.155273768599,False,连续两个有机会开发月无交易|有效开发月份不足|开发交易样本不足,4,0.57,0.72,8,1.9,1.25,0.0035,180,0.95,0.1,42,0.36,2,0.035,220,6.0,32,1,1,1.0,1.612688348878541,0.0,0.0,0.0,1.612688348878541,0.0,1.612688348878541,True,177,53,0.6715507805851724,2,2,1,0,0,0.0,0.0,0.0,0.0,0.0,0.0,0.0,0.0,True,230,43,0.6135881828902188,0,0,0,0,0,0.0,0.0,0.0,0.0,0.0,0.0,0.0,0.0,True,273,36,0.6055801874382023,0,0,0,0,0,0.0,0.0,0.0,0.0,0.0,0.0,0.0,0.0,True,309,65,0.57,0,0,0,0,0,0.0,0.0,0.0,0.0,0.0,0.0,0.0,0.0,True,374,91,0.57,0,0,0,0,0,0.0,0.0,0.0,0.0,0.0,0.0,0.0,0.0,True,465,39,0.57,0,0,0
4,高波动多头突破,28,53a48c531fe93f48,2356.155273768599,False,连续两个有机会开发月无交易|有效开发月份不足|开发交易样本不足,4,0.57,0.8,2,1.9,1.25,0.0035,180,0.95,0.1,42,0.36,2,0.035,220,6.0,32,1,1,1.0,1.612688348878541,0.0,0.0,0.0,1.612688348878541,0.0,1.612688348878541,True,177,53,0.6715507805851724,2,2,1,0,0,0.0,0.0,0.0,0.0,0.0,0.0,0.0,0.0,True,230,43,0.6135881828902188,0,0,0,0,0,0.0,0.0,0.0,0.0,0.0,0.0,0.0,0.0,True,273,36,0.6055801874382023,0,0,0,0,0,0.0,0.0,0.0,0.0,0.0,0.0,0.0,0.0,True,309,65,0.57,0,0,0,0,0,0.0,0.0,0.0,0.0,0.0,0.0,0.0,0.0,True,374,91,0.57,0,0,0,0,0,0.0,0.0,0.0,0.0,0.0,0.0,0.0,0.0,True,465,39,0.57,0,0,0
4,高波动多头突破,29,a834bb82233ddbde,2356.155273768599,False,连续两个有机会开发月无交易|有效开发月份不足|开发交易样本不足,4,0.57,0.8,5,1.9,1.25,0.0035,180,0.95,0.1,42,0.36,2,0.035,220,6.0,32,1,1,1.0,1.612688348878541,0.0,0.0,0.0,1.612688348878541,0.0,1.612688348878541,True,177,53,0.6715507805851724,2,2,1,0,0,0.0,0.0,0.0,0.0,0.0,0.0,0.0,0.0,True,230,43,0.6135881828902188,0,0,0,0,0,0.0,0.0,0.0,0.0,0.0,0.0,0.0,0.0,True,273,36,0.6055801874382023,0,0,0,0,0,0.0,0.0,0.0,0.0,0.0,0.0,0.0,0.0,True,309,65,0.57,0,0,0,0,0,0.0,0.0,0.0,0.0,0.0,0.0,0.0,0.0,True,374,91,0.57,0,0,0,0,0,0.0,0.0,0.0,0.0,0.0,0.0,0.0,0.0,True,465,39,0.57,0,0,0
4,高波动多头突破,30,1a62111b1f4936c8,2356.155273768599,False,连续两个有机会开发月无交易|有效开发月份不足|开发交易样本不足,4,0.57,0.8,8,1.9,1.25,0.0035,180,0.95,0.1,42,0.36,2,0.035,220,6.0,32,1,1,1.0,1.612688348878541,0.0,0.0,0.0,1.612688348878541,0.0,1.612688348878541,True,177,53,0.6715507805851724,2,2,1,0,0,0.0,0.0,0.0,0.0,0.0,0.0,0.0,0.0,True,230,43,0.6135881828902188,0,0,0,0,0,0.0,0.0,0.0,0.0,0.0,0.0,0.0,0.0,True,273,36,0.6055801874382023,0,0,0,0,0,0.0,0.0,0.0,0.0,0.0,0.0,0.0,0.0,True,309,65,0.57,0,0,0,0,0,0.0,0.0,0.0,0.0,0.0,0.0,0.0,0.0,True,374,91,0.57,0,0,0,0,0,0.0,0.0,0.0,0.0,0.0,0.0,0.0,0.0,True,465,39,0.57,0,0,0
5,高波动空头突破,1,54aac46f4cd7987f,5897.460360528885,False,连续两个有机会开发月无交易|开发交易样本不足,7,0.53,0.72,2,2.5,1.65,0.0045,288,1.25,0.18,60,0.32,2,0.035,220,6.0,32,0,0,0.0,0.0,0.0,0.0,0.0,0.0,0.0,0.0,True,166,57,0.53,0,0,0,0,0,0.0,0.0,0.0,0.0,0.0,0.0,0.0,0.0,True,223,65,0.53,0,0,0,3,3,1.0,1.5399470369369261,0.0,0.0,0.0,4.619841110810778,0.0,1.5399470369369261,True,288,92,0.53,6,6,3,0,0,0.0,0.0,0.0,0.0,0.0,0.0,0.0,0.0,True,380,75,0.53,0,0,0,0,0,0.0,0.0,0.0,0.0,0.0,0.0,0.0,0.0,True,455,49,0.53,0,0,0,1,0,0.0,0.0,1.2233000500321116,0.0,0.0,-1.2233000500321116,1.2233000500321116,-1.2233000500321116,True,504,66,0.568331107116367,1,1,1
5,高波动空头突破,2,d519f4c43b023b68,5897.460360528885,False,连续两个有机会开发月无交易|开发交易样本不足,7,0.53,0.8,2,2.5,1.65,0.0045,288,1.25,0.18,60,0.32,2,0.035,220,6.0,32,0,0,0.0,0.0,0.0,0.0,0.0,0.0,0.0,0.0,True,166,57,0.53,0,0,0,0,0,0.0,0.0,0.0,0.0,0.0,0.0,0.0,0.0,True,223,65,0.53,0,0,0,3,3,1.0,1.5399470369369261,0.0,0.0,0.0,4.619841110810778,0.0,1.5399470369369261,True,288,92,0.53,6,6,3,0,0,0.0,0.0,0.0,0.0,0.0,0.0,0.0,0.0,True,380,75,0.53,0,0,0,0,0,0.0,0.0,0.0,0.0,0.0,0.0,0.0,0.0,True,455,49,0.53,0,0,0,1,0,0.0,0.0,1.2233000500321116,0.0,0.0,-1.2233000500321116,1.2233000500321116,-1.2233000500321116,True,504,66,0.568331107116367,1,1,1
5,高波动空头突破,3,fd64c1e9a381205d,5897.460360528885,False,连续两个有机会开发月无交易|开发交易样本不足,7,0.53,0.87,2,2.5,1.65,0.0045,288,1.25,0.18,60,0.32,2,0.035,220,6.0,32,0,0,0.0,0.0,0.0,0.0,0.0,0.0,0.0,0.0,True,166,57,0.53,0,0,0,0,0,0.0,0.0,0.0,0.0,0.0,0.0,0.0,0.0,True,223,65,0.53,0,0,0,3,3,1.0,1.5399470369369261,0.0,0.0,0.0,4.619841110810778,0.0,1.5399470369369261,True,288,92,0.53,6,6,3,0,0,0.0,0.0,0.0,0.0,0.0,0.0,0.0,0.0,True,380,75,0.53,0,0,0,0,0,0.0,0.0,0.0,0.0,0.0,0.0,0.0,0.0,True,455,49,0.53,0,0,0,1,0,0.0,0.0,1.2233000500321116,0.0,0.0,-1.2233000500321116,1.2233000500321116,-1.2233000500321116,True,504,66,0.568331107116367,1,1,1
5,高波动空头突破,4,07efe1b0ca653e8c,5843.460360528885,False,连续两个有机会开发月无交易|开发交易样本不足,10,0.53,0.87,2,2.5,1.65,0.0045,288,1.25,0.18,60,0.32,2,0.035,220,6.0,32,0,0,0.0,0.0,0.0,0.0,0.0,0.0,0.0,0.0,True,166,57,0.53,0,0,0,0,0,0.0,0.0,0.0,0.0,0.0,0.0,0.0,0.0,True,223,65,0.53,0,0,0,3,3,1.0,1.5399470369369261,0.0,0.0,0.0,4.619841110810778,0.0,1.5399470369369261,True,288,92,0.53,6,6,3,0,0,0.0,0.0,0.0,0.0,0.0,0.0,0.0,0.0,True,380,75,0.53,0,0,0,0,0,0.0,0.0,0.0,0.0,0.0,0.0,0.0,0.0,True,455,49,0.53,0,0,0,1,0,0.0,0.0,1.2233000500321116,0.0,0.0,-1.2233000500321116,1.2233000500321116,-1.2233000500321116,True,504,66,0.5452830633989804,2,2,1
5,高波动空头突破,5,789671bdc93cad07,4586.1681348573275,False,连续两个有机会开发月无交易|开发交易样本不足,10,0.53,0.72,2,2.5,1.65,0.0045,288,1.25,0.18,60,0.32,2,0.035,220,6.0,32,0,0,0.0,0.0,0.0,0.0,0.0,0.0,0.0,0.0,True,166,57,0.53,0,0,0,0,0,0.0,0.0,0.0,0.0,0.0,0.0,0.0,0.0,True,223,65,0.53,0,0,0,3,3,1.0,1.5399470369369261,0.0,0.0,0.0,4.619841110810778,0.0,1.5399470369369261,True,288,92,0.53,6,6,3,0,0,0.0,0.0,0.0,0.0,0.0,0.0,0.0,0.0,True,380,75,0.53,0,0,0,0,0,0.0,0.0,0.0,0.0,0.0,0.0,0.0,0.0,True,455,49,0.53,0,0,0,2,0,0.0,0.0,1.2232912374568652,0.0,0.0,-2.4465824749137304,2.4465824749137304,-1.2232912374568652,True,504,66,0.53,3,3,2
5,高波动空头突破,6,4d0aed730e63e830,4586.1681348573275,False,连续两个有机会开发月无交易|开发交易样本不足,10,0.53,0.8,2,2.5,1.65,0.0045,288,1.25,0.18,60,0.32,2,0.035,220,6.0,32,0,0,0.0,0.0,0.0,0.0,0.0,0.0,0.0,0.0,True,166,57,0.53,0,0,0,0,0,0.0,0.0,0.0,0.0,0.0,0.0,0.0,0.0,True,223,65,0.53,0,0,0,3,3,1.0,1.5399470369369261,0.0,0.0,0.0,4.619841110810778,0.0,1.5399470369369261,True,288,92,0.53,6,6,3,0,0,0.0,0.0,0.0,0.0,0.0,0.0,0.0,0.0,True,380,75,0.53,0,0,0,0,0,0.0,0.0,0.0,0.0,0.0,0.0,0.0,0.0,True,455,49,0.53,0,0,0,2,0,0.0,0.0,1.2232912374568652,0.0,0.0,-2.4465824749137304,2.4465824749137304,-1.2232912374568652,True,504,66,0.53,3,3,2
5,高波动空头突破,7,653646caaad4e7c7,3663.2033604820945,False,连续两个有机会开发月无交易|有效开发月份不足|开发交易样本不足,4,0.53,0.72,2,2.5,1.65,0.0045,288,1.25,0.18,60,0.32,2,0.035,220,6.0,32,0,0,0.0,0.0,0.0,0.0,0.0,0.0,0.0,0.0,True,166,57,0.53,0,0,0,0,0,0.0,0.0,0.0,0.0,0.0,0.0,0.0,0.0,True,223,65,0.53,0,0,0,2,1,0.5,2.3359860136376045,1.171712521236336,1.9936511484683819,1.9936511484683819,1.1642734924012685,1.171712521236336,0.5821367462006343,True,288,92,0.5563771725759279,2,2,2,0,0,0.0,0.0,0.0,0.0,0.0,0.0,0.0,0.0,True,380,75,0.53,0,0,0,0,0,0.0,0.0,0.0,0.0,0.0,0.0,0.0,0.0,True,455,49,0.53,0,0,0,0,0,0.0,0.0,0.0,0.0,0.0,0.0,0.0,0.0,True,504,66,0.6471975767848176,0,0,0
5,高波动空头突破,8,7ba2e12b930f957d,3663.2033604820945,False,连续两个有机会开发月无交易|有效开发月份不足|开发交易样本不足,4,0.53,0.72,5,2.5,1.65,0.0045,288,1.25,0.18,60,0.32,2,0.035,220,6.0,32,0,0,0.0,0.0,0.0,0.0,0.0,0.0,0.0,0.0,True,166,57,0.53,0,0,0,0,0,0.0,0.0,0.0,0.0,0.0,0.0,0.0,0.0,True,223,65,0.53,0,0,0,2,1,0.5,2.3359860136376045,1.171712521236336,1.9936511484683819,1.9936511484683819,1.1642734924012685,1.171712521236336,0.5821367462006343,True,288,92,0.5563771725759279,2,2,2,0,0,0.0,0.0,0.0,0.0,0.0,0.0,0.0,0.0,True,380,75,0.53,0,0,0,0,0,0.0,0.0,0.0,0.0,0.0,0.0,0.0,0.0,True,455,49,0.53,0,0,0,0,0,0.0,0.0,0.0,0.0,0.0,0.0,0.0,0.0,True,504,66,0.6471975767848176,0,0,0
5,高波动空头突破,9,59b202ebde385810,3663.2033604820945,False,连续两个有机会开发月无交易|有效开发月份不足|开发交易样本不足,4,0.53,0.72,8,2.5,1.65,0.0045,288,1.25,0.18,60,0.32,2,0.035,220,6.0,32,0,0,0.0,0.0,0.0,0.0,0.0,0.0,0.0,0.0,True,166,57,0.53,0,0,0,0,0,0.0,0.0,0.0,0.0,0.0,0.0,0.0,0.0,True,223,65,0.53,0,0,0,2,1,0.5,2.3359860136376045,1.171712521236336,1.9936511484683819,1.9936511484683819,1.1642734924012685,1.171712521236336,0.5821367462006343,True,288,92,0.5563771725759279,2,2,2,0,0,0.0,0.0,0.0,0.0,0.0,0.0,0.0,0.0,True,380,75,0.53,0,0,0,0,0,0.0,0.0,0.0,0.0,0.0,0.0,0.0,0.0,True,455,49,0.53,0,0,0,0,0,0.0,0.0,0.0,0.0,0.0,0.0,0.0,0.0,True,504,66,0.6471975767848176,0,0,0
5,高波动空头突破,10,d5efb84bd1c9abc9,3663.2033604820945,False,连续两个有机会开发月无交易|有效开发月份不足|开发交易样本不足,4,0.53,0.8,2,2.5,1.65,0.0045,288,1.25,0.18,60,0.32,2,0.035,220,6.0,32,0,0,0.0,0.0,0.0,0.0,0.0,0.0,0.0,0.0,True,166,57,0.53,0,0,0,0,0,0.0,0.0,0.0,0.0,0.0,0.0,0.0,0.0,True,223,65,0.53,0,0,0,2,1,0.5,2.3359860136376045,1.171712521236336,1.9936511484683819,1.9936511484683819,1.1642734924012685,1.171712521236336,0.5821367462006343,True,288,92,0.5563771725759279,2,2,2,0,0,0.0,0.0,0.0,0.0,0.0,0.0,0.0,0.0,True,380,75,0.53,0,0,0,0,0,0.0,0.0,0.0,0.0,0.0,0.0,0.0,0.0,True,455,49,0.53,0,0,0,0,0,0.0,0.0,0.0,0.0,0.0,0.0,0.0,0.0,True,504,66,0.6471975767848176,0,0,0
5,高波动空头突破,11,5fd24ac362e21981,3663.2033604820945,False,连续两个有机会开发月无交易|有效开发月份不足|开发交易样本不足,4,0.53,0.8,5,2.5,1.65,0.0045,288,1.25,0.18,60,0.32,2,0.035,220,6.0,32,0,0,0.0,0.0,0.0,0.0,0.0,0.0,0.0,0.0,True,166,57,0.53,0,0,0,0,0,0.0,0.0,0.0,0.0,0.0,0.0,0.0,0.0,True,223,65,0.53,0,0,0,2,1,0.5,2.3359860136376045,1.171712521236336,1.9936511484683819,1.9936511484683819,1.1642734924012685,1.171712521236336,0.5821367462006343,True,288,92,0.5563771725759279,2,2,2,0,0,0.0,0.0,0.0,0.0,0.0,0.0,0.0,0.0,True,380,75,0.53,0,0,0,0,0,0.0,0.0,0.0,0.0,0.0,0.0,0.0,0.0,True,455,49,0.53,0,0,0,0,0,0.0,0.0,0.0,0.0,0.0,0.0,0.0,0.0,True,504,66,0.6471975767848176,0,0,0
5,高波动空头突破,12,13f1241293746064,3663.2033604820945,False,连续两个有机会开发月无交易|有效开发月份不足|开发交易样本不足,4,0.53,0.8,8,2.5,1.65,0.0045,288,1.25,0.18,60,0.32,2,0.035,220,6.0,32,0,0,0.0,0.0,0.0,0.0,0.0,0.0,0.0,0.0,True,166,57,0.53,0,0,0,0,0,0.0,0.0,0.0,0.0,0.0,0.0,0.0,0.0,True,223,65,0.53,0,0,0,2,1,0.5,2.3359860136376045,1.171712521236336,1.9936511484683819,1.9936511484683819,1.1642734924012685,1.171712521236336,0.5821367462006343,True,288,92,0.5563771725759279,2,2,2,0,0,0.0,0.0,0.0,0.0,0.0,0.0,0.0,0.0,True,380,75,0.53,0,0,0,0,0,0.0,0.0,0.0,0.0,0.0,0.0,0.0,0.0,True,455,49,0.53,0,0,0,0,0,0.0,0.0,0.0,0.0,0.0,0.0,0.0,0.0,True,504,66,0.6471975767848176,0,0,0
5,高波动空头突破,13,82f2795107e06c11,3663.2033604820945,False,连续两个有机会开发月无交易|有效开发月份不足|开发交易样本不足,4,0.53,0.87,2,2.5,1.65,0.0045,288,1.25,0.18,60,0.32,2,0.035,220,6.0,32,0,0,0.0,0.0,0.0,0.0,0.0,0.0,0.0,0.0,True,166,57,0.53,0,0,0,0,0,0.0,0.0,0.0,0.0,0.0,0.0,0.0,0.0,True,223,65,0.53,0,0,0,2,1,0.5,2.3359860136376045,1.171712521236336,1.9936511484683819,1.9936511484683819,1.1642734924012685,1.171712521236336,0.5821367462006343,True,288,92,0.5563771725759279,2,2,2,0,0,0.0,0.0,0.0,0.0,0.0,0.0,0.0,0.0,True,380,75,0.53,0,0,0,0,0,0.0,0.0,0.0,0.0,0.0,0.0,0.0,0.0,True,455,49,0.53,0,0,0,0,0,0.0,0.0,0.0,0.0,0.0,0.0,0.0,0.0,True,504,66,0.6471975767848176,0,0,0
5,高波动空头突破,14,7a8e481eef28c11a,3663.2033604820945,False,连续两个有机会开发月无交易|有效开发月份不足|开发交易样本不足,4,0.53,0.87,5,2.5,1.65,0.0045,288,1.25,0.18,60,0.32,2,0.035,220,6.0,32,0,0,0.0,0.0,0.0,0.0,0.0,0.0,0.0,0.0,True,166,57,0.53,0,0,0,0,0,0.0,0.0,0.0,0.0,0.0,0.0,0.0,0.0,True,223,65,0.53,0,0,0,2,1,0.5,2.3359860136376045,1.171712521236336,1.9936511484683819,1.9936511484683819,1.1642734924012685,1.171712521236336,0.5821367462006343,True,288,92,0.5563771725759279,2,2,2,0,0,0.0,0.0,0.0,0.0,0.0,0.0,0.0,0.0,True,380,75,0.53,0,0,0,0,0,0.0,0.0,0.0,0.0,0.0,0.0,0.0,0.0,True,455,49,0.53,0,0,0,0,0,0.0,0.0,0.0,0.0,0.0,0.0,0.0,0.0,True,504,66,0.6471975767848176,0,0,0
5,高波动空头突破,15,b554c58ca6e3597c,3663.2033604820945,False,连续两个有机会开发月无交易|有效开发月份不足|开发交易样本不足,4,0.53,0.87,8,2.5,1.65,0.0045,288,1.25,0.18,60,0.32,2,0.035,220,6.0,32,0,0,0.0,0.0,0.0,0.0,0.0,0.0,0.0,0.0,True,166,57,0.53,0,0,0,0,0,0.0,0.0,0.0,0.0,0.0,0.0,0.0,0.0,True,223,65,0.53,0,0,0,2,1,0.5,2.3359860136376045,1.171712521236336,1.9936511484683819,1.9936511484683819,1.1642734924012685,1.171712521236336,0.5821367462006343,True,288,92,0.5563771725759279,2,2,2,0,0,0.0,0.0,0.0,0.0,0.0,0.0,0.0,0.0,True,380,75,0.53,0,0,0,0,0,0.0,0.0,0.0,0.0,0.0,0.0,0.0,0.0,True,455,49,0.53,0,0,0,0,0,0.0,0.0,0.0,0.0,0.0,0.0,0.0,0.0,True,504,66,0.6471975767848176,0,0,0
5,高波动空头突破,16,42e20fe981f1dcb8,3663.2033604820945,False,连续两个有机会开发月无交易|有效开发月份不足|开发交易样本不足,4,0.57,0.72,2,2.5,1.65,0.0045,288,1.25,0.18,60,0.32,2,0.035,220,6.0,32,0,0,0.0,0.0,0.0,0.0,0.0,0.0,0.0,0.0,True,166,57,0.57,0,0,0,0,0,0.0,0.0,0.0,0.0,0.0,0.0,0.0,0.0,True,223,65,0.57,0,0,0,2,1,0.5,2.3359860136376045,1.171712521236336,1.9936511484683819,1.9936511484683819,1.1642734924012685,1.171712521236336,0.5821367462006343,True,288,92,0.57,2,2,2,0,0,0.0,0.0,0.0,0.0,0.0,0.0,0.0,0.0,True,380,75,0.57,0,0,0,0,0,0.0,0.0,0.0,0.0,0.0,0.0,0.0,0.0,True,455,49,0.57,0,0,0,0,0,0.0,0.0,0.0,0.0,0.0,0.0,0.0,0.0,True,504,66,0.6471975767848176,0,0,0
5,高波动空头突破,17,35b6c0fd4d48c112,3663.2033604820945,False,连续两个有机会开发月无交易|有效开发月份不足|开发交易样本不足,4,0.57,0.72,5,2.5,1.65,0.0045,288,1.25,0.18,60,0.32,2,0.035,220,6.0,32,0,0,0.0,0.0,0.0,0.0,0.0,0.0,0.0,0.0,True,166,57,0.57,0,0,0,0,0,0.0,0.0,0.0,0.0,0.0,0.0,0.0,0.0,True,223,65,0.57,0,0,0,2,1,0.5,2.3359860136376045,1.171712521236336,1.9936511484683819,1.9936511484683819,1.1642734924012685,1.171712521236336,0.5821367462006343,True,288,92,0.57,2,2,2,0,0,0.0,0.0,0.0,0.0,0.0,0.0,0.0,0.0,True,380,75,0.57,0,0,0,0,0,0.0,0.0,0.0,0.0,0.0,0.0,0.0,0.0,True,455,49,0.57,0,0,0,0,0,0.0,0.0,0.0,0.0,0.0,0.0,0.0,0.0,True,504,66,0.6471975767848176,0,0,0
5,高波动空头突破,18,ae184a110091385f,3663.2033604820945,False,连续两个有机会开发月无交易|有效开发月份不足|开发交易样本不足,4,0.57,0.72,8,2.5,1.65,0.0045,288,1.25,0.18,60,0.32,2,0.035,220,6.0,32,0,0,0.0,0.0,0.0,0.0,0.0,0.0,0.0,0.0,True,166,57,0.57,0,0,0,0,0,0.0,0.0,0.0,0.0,0.0,0.0,0.0,0.0,True,223,65,0.57,0,0,0,2,1,0.5,2.3359860136376045,1.171712521236336,1.9936511484683819,1.9936511484683819,1.1642734924012685,1.171712521236336,0.5821367462006343,True,288,92,0.57,2,2,2,0,0,0.0,0.0,0.0,0.0,0.0,0.0,0.0,0.0,True,380,75,0.57,0,0,0,0,0,0.0,0.0,0.0,0.0,0.0,0.0,0.0,0.0,True,455,49,0.57,0,0,0,0,0,0.0,0.0,0.0,0.0,0.0,0.0,0.0,0.0,True,504,66,0.6471975767848176,0,0,0
5,高波动空头突破,19,67e5acce423b416c,3663.2033604820945,False,连续两个有机会开发月无交易|有效开发月份不足|开发交易样本不足,4,0.57,0.8,2,2.5,1.65,0.0045,288,1.25,0.18,60,0.32,2,0.035,220,6.0,32,0,0,0.0,0.0,0.0,0.0,0.0,0.0,0.0,0.0,True,166,57,0.57,0,0,0,0,0,0.0,0.0,0.0,0.0,0.0,0.0,0.0,0.0,True,223,65,0.57,0,0,0,2,1,0.5,2.3359860136376045,1.171712521236336,1.9936511484683819,1.9936511484683819,1.1642734924012685,1.171712521236336,0.5821367462006343,True,288,92,0.57,2,2,2,0,0,0.0,0.0,0.0,0.0,0.0,0.0,0.0,0.0,True,380,75,0.57,0,0,0,0,0,0.0,0.0,0.0,0.0,0.0,0.0,0.0,0.0,True,455,49,0.57,0,0,0,0,0,0.0,0.0,0.0,0.0,0.0,0.0,0.0,0.0,True,504,66,0.6471975767848176,0,0,0
5,高波动空头突破,20,f1035e6a8686aa61,3663.2033604820945,False,连续两个有机会开发月无交易|有效开发月份不足|开发交易样本不足,4,0.57,0.8,5,2.5,1.65,0.0045,288,1.25,0.18,60,0.32,2,0.035,220,6.0,32,0,0,0.0,0.0,0.0,0.0,0.0,0.0,0.0,0.0,True,166,57,0.57,0,0,0,0,0,0.0,0.0,0.0,0.0,0.0,0.0,0.0,0.0,True,223,65,0.57,0,0,0,2,1,0.5,2.3359860136376045,1.171712521236336,1.9936511484683819,1.9936511484683819,1.1642734924012685,1.171712521236336,0.5821367462006343,True,288,92,0.57,2,2,2,0,0,0.0,0.0,0.0,0.0,0.0,0.0,0.0,0.0,True,380,75,0.57,0,0,0,0,0,0.0,0.0,0.0,0.0,0.0,0.0,0.0,0.0,True,455,49,0.57,0,0,0,0,0,0.0,0.0,0.0,0.0,0.0,0.0,0.0,0.0,True,504,66,0.6471975767848176,0,0,0
5,高波动空头突破,21,56ca1d386a33c8d2,3663.2033604820945,False,连续两个有机会开发月无交易|有效开发月份不足|开发交易样本不足,4,0.57,0.8,8,2.5,1.65,0.0045,288,1.25,0.18,60,0.32,2,0.035,220,6.0,32,0,0,0.0,0.0,0.0,0.0,0.0,0.0,0.0,0.0,True,166,57,0.57,0,0,0,0,0,0.0,0.0,0.0,0.0,0.0,0.0,0.0,0.0,True,223,65,0.57,0,0,0,2,1,0.5,2.3359860136376045,1.171712521236336,1.9936511484683819,1.9936511484683819,1.1642734924012685,1.171712521236336,0.5821367462006343,True,288,92,0.57,2,2,2,0,0,0.0,0.0,0.0,0.0,0.0,0.0,0.0,0.0,True,380,75,0.57,0,0,0,0,0,0.0,0.0,0.0,0.0,0.0,0.0,0.0,0.0,True,455,49,0.57,0,0,0,0,0,0.0,0.0,0.0,0.0,0.0,0.0,0.0,0.0,True,504,66,0.6471975767848176,0,0,0
5,高波动空头突破,22,5ae1721000d9ce18,3663.2033604820945,False,连续两个有机会开发月无交易|有效开发月份不足|开发交易样本不足,4,0.57,0.87,2,2.5,1.65,0.0045,288,1.25,0.18,60,0.32,2,0.035,220,6.0,32,0,0,0.0,0.0,0.0,0.0,0.0,0.0,0.0,0.0,True,166,57,0.57,0,0,0,0,0,0.0,0.0,0.0,0.0,0.0,0.0,0.0,0.0,True,223,65,0.57,0,0,0,2,1,0.5,2.3359860136376045,1.171712521236336,1.9936511484683819,1.9936511484683819,1.1642734924012685,1.171712521236336,0.5821367462006343,True,288,92,0.57,2,2,2,0,0,0.0,0.0,0.0,0.0,0.0,0.0,0.0,0.0,True,380,75,0.57,0,0,0,0,0,0.0,0.0,0.0,0.0,0.0,0.0,0.0,0.0,True,455,49,0.57,0,0,0,0,0,0.0,0.0,0.0,0.0,0.0,0.0,0.0,0.0,True,504,66,0.6471975767848176,0,0,0
5,高波动空头突破,23,0b1b6495f969d4b0,3663.2033604820945,False,连续两个有机会开发月无交易|有效开发月份不足|开发交易样本不足,4,0.57,0.87,5,2.5,1.65,0.0045,288,1.25,0.18,60,0.32,2,0.035,220,6.0,32,0,0,0.0,0.0,0.0,0.0,0.0,0.0,0.0,0.0,True,166,57,0.57,0,0,0,0,0,0.0,0.0,0.0,0.0,0.0,0.0,0.0,0.0,True,223,65,0.57,0,0,0,2,1,0.5,2.3359860136376045,1.171712521236336,1.9936511484683819,1.9936511484683819,1.1642734924012685,1.171712521236336,0.5821367462006343,True,288,92,0.57,2,2,2,0,0,0.0,0.0,0.0,0.0,0.0,0.0,0.0,0.0,True,380,75,0.57,0,0,0,0,0,0.0,0.0,0.0,0.0,0.0,0.0,0.0,0.0,True,455,49,0.57,0,0,0,0,0,0.0,0.0,0.0,0.0,0.0,0.0,0.0,0.0,True,504,66,0.6471975767848176,0,0,0
5,高波动空头突破,24,7c8bf50023c4a6ac,3663.2033604820945,False,连续两个有机会开发月无交易|有效开发月份不足|开发交易样本不足,4,0.57,0.87,8,2.5,1.65,0.0045,288,1.25,0.18,60,0.32,2,0.035,220,6.0,32,0,0,0.0,0.0,0.0,0.0,0.0,0.0,0.0,0.0,True,166,57,0.57,0,0,0,0,0,0.0,0.0,0.0,0.0,0.0,0.0,0.0,0.0,True,223,65,0.57,0,0,0,2,1,0.5,2.3359860136376045,1.171712521236336,1.9936511484683819,1.9936511484683819,1.1642734924012685,1.171712521236336,0.5821367462006343,True,288,92,0.57,2,2,2,0,0,0.0,0.0,0.0,0.0,0.0,0.0,0.0,0.0,True,380,75,0.57,0,0,0,0,0,0.0,0.0,0.0,0.0,0.0,0.0,0.0,0.0,True,455,49,0.57,0,0,0,0,0,0.0,0.0,0.0,0.0,0.0,0.0,0.0,0.0,True,504,66,0.6471975767848176,0,0,0
5,高波动空头突破,25,5a86fc2f6ff2cf9b,2540.274347930621,False,连续两个有机会开发月无交易|开发交易样本不足,7,0.53,0.72,5,2.5,1.65,0.0045,288,1.25,0.18,60,0.32,2,0.035,220,6.0,32,0,0,0.0,0.0,0.0,0.0,0.0,0.0,0.0,0.0,True,166,57,0.53,0,0,0,0,0,0.0,0.0,0.0,0.0,0.0,0.0,0.0,0.0,True,223,65,0.53,0,0,0,2,2,1.0,2.295587520622267,0.0,0.0,0.0,4.591175041244534,0.0,2.295587520622267,True,288,92,0.53,6,6,2,0,0,0.0,0.0,0.0,0.0,0.0,0.0,0.0,0.0,True,380,75,0.53,0,0,0,0,0,0.0,0.0,0.0,0.0,0.0,0.0,0.0,0.0,True,455,49,0.53,0,0,0,1,0,0.0,0.0,1.2233000500321116,0.0,0.0,-1.2233000500321116,1.2233000500321116,-1.2233000500321116,True,504,66,0.568331107116367,1,1,1
5,高波动空头突破,26,06a3e6d776a0109c,2540.274347930621,False,连续两个有机会开发月无交易|开发交易样本不足,7,0.53,0.72,8,2.5,1.65,0.0045,288,1.25,0.18,60,0.32,2,0.035,220,6.0,32,0,0,0.0,0.0,0.0,0.0,0.0,0.0,0.0,0.0,True,166,57,0.53,0,0,0,0,0,0.0,0.0,0.0,0.0,0.0,0.0,0.0,0.0,True,223,65,0.53,0,0,0,2,2,1.0,2.295587520622267,0.0,0.0,0.0,4.591175041244534,0.0,2.295587520622267,True,288,92,0.53,6,6,2,0,0,0.0,0.0,0.0,0.0,0.0,0.0,0.0,0.0,True,380,75,0.53,0,0,0,0,0,0.0,0.0,0.0,0.0,0.0,0.0,0.0,0.0,True,455,49,0.53,0,0,0,1,0,0.0,0.0,1.2233000500321116,0.0,0.0,-1.2233000500321116,1.2233000500321116,-1.2233000500321116,True,504,66,0.568331107116367,1,1,1
5,高波动空头突破,27,3252ee3ef87a98d2,2540.274347930621,False,连续两个有机会开发月无交易|开发交易样本不足,7,0.53,0.8,5,2.5,1.65,0.0045,288,1.25,0.18,60,0.32,2,0.035,220,6.0,32,0,0,0.0,0.0,0.0,0.0,0.0,0.0,0.0,0.0,True,166,57,0.53,0,0,0,0,0,0.0,0.0,0.0,0.0,0.0,0.0,0.0,0.0,True,223,65,0.53,0,0,0,2,2,1.0,2.295587520622267,0.0,0.0,0.0,4.591175041244534,0.0,2.295587520622267,True,288,92,0.53,6,6,2,0,0,0.0,0.0,0.0,0.0,0.0,0.0,0.0,0.0,True,380,75,0.53,0,0,0,0,0,0.0,0.0,0.0,0.0,0.0,0.0,0.0,0.0,True,455,49,0.53,0,0,0,1,0,0.0,0.0,1.2233000500321116,0.0,0.0,-1.2233000500321116,1.2233000500321116,-1.2233000500321116,True,504,66,0.568331107116367,1,1,1
5,高波动空头突破,28,b277c0cc707bdefa,2540.274347930621,False,连续两个有机会开发月无交易|开发交易样本不足,7,0.53,0.8,8,2.5,1.65,0.0045,288,1.25,0.18,60,0.32,2,0.035,220,6.0,32,0,0,0.0,0.0,0.0,0.0,0.0,0.0,0.0,0.0,True,166,57,0.53,0,0,0,0,0,0.0,0.0,0.0,0.0,0.0,0.0,0.0,0.0,True,223,65,0.53,0,0,0,2,2,1.0,2.295587520622267,0.0,0.0,0.0,4.591175041244534,0.0,2.295587520622267,True,288,92,0.53,6,6,2,0,0,0.0,0.0,0.0,0.0,0.0,0.0,0.0,0.0,True,380,75,0.53,0,0,0,0,0,0.0,0.0,0.0,0.0,0.0,0.0,0.0,0.0,True,455,49,0.53,0,0,0,1,0,0.0,0.0,1.2233000500321116,0.0,0.0,-1.2233000500321116,1.2233000500321116,-1.2233000500321116,True,504,66,0.568331107116367,1,1,1
5,高波动空头突破,29,f3f249e548aa488d,2540.274347930621,False,连续两个有机会开发月无交易|开发交易样本不足,7,0.53,0.87,5,2.5,1.65,0.0045,288,1.25,0.18,60,0.32,2,0.035,220,6.0,32,0,0,0.0,0.0,0.0,0.0,0.0,0.0,0.0,0.0,True,166,57,0.53,0,0,0,0,0,0.0,0.0,0.0,0.0,0.0,0.0,0.0,0.0,True,223,65,0.53,0,0,0,2,2,1.0,2.295587520622267,0.0,0.0,0.0,4.591175041244534,0.0,2.295587520622267,True,288,92,0.53,6,6,2,0,0,0.0,0.0,0.0,0.0,0.0,0.0,0.0,0.0,True,380,75,0.53,0,0,0,0,0,0.0,0.0,0.0,0.0,0.0,0.0,0.0,0.0,True,455,49,0.53,0,0,0,1,0,0.0,0.0,1.2233000500321116,0.0,0.0,-1.2233000500321116,1.2233000500321116,-1.2233000500321116,True,504,66,0.568331107116367,1,1,1
5,高波动空头突破,30,952c898f4b70ca8c,2540.274347930621,False,连续两个有机会开发月无交易|开发交易样本不足,7,0.53,0.87,8,2.5,1.65,0.0045,288,1.25,0.18,60,0.32,2,0.035,220,6.0,32,0,0,0.0,0.0,0.0,0.0,0.0,0.0,0.0,0.0,True,166,57,0.53,0,0,0,0,0,0.0,0.0,0.0,0.0,0.0,0.0,0.0,0.0,True,223,65,0.53,0,0,0,2,2,1.0,2.295587520622267,0.0,0.0,0.0,4.591175041244534,0.0,2.295587520622267,True,288,92,0.53,6,6,2,0,0,0.0,0.0,0.0,0.0,0.0,0.0,0.0,0.0,True,380,75,0.53,0,0,0,0,0,0.0,0.0,0.0,0.0,0.0,0.0,0.0,0.0,True,455,49,0.53,0,0,0,1,0,0.0,0.0,1.2233000500321116,0.0,0.0,-1.2233000500321116,1.2233000500321116,-1.2233000500321116,True,504,66,0.568331107116367,1,1,1
