expert_id,expert,rank,policy_key,aggregate_score,eligible,elimination_reasons,monthly_target,min_probability,min_percentile,cooldown,risk_rr,risk_sl_atr,risk_min_stop_pct,risk_max_hold,risk_breakeven_trigger,risk_breakeven_lock,risk_early_bars,risk_early_cut_r,model_max_depth,model_learning_rate,model_max_iter,model_l2_regularization,model_min_samples_leaf,2025-12_trades,2025-12_wins,2025-12_win_rate,2025-12_avg_win_R,2025-12_avg_loss_R,2025-12_avg_win_loss_ratio,2025-12_profit_factor,2025-12_net_R,2025-12_max_drawdown_R,2025-12_expectancy_R,2025-12_funnel_model_available,2025-12_funnel_training_candidates,2025-12_funnel_calibration_month,2025-12_funnel_calibration_candidates,2025-12_funnel_calibration_base_rate,2025-12_funnel_calibration_brier,2025-12_funnel_raw_structural_candidates,2025-12_funnel_probability_threshold,2025-12_funnel_quantile,2025-12_funnel_minimum_effective_quantile,2025-12_funnel_mean_effective_quantile,2025-12_funnel_pace_relaxed_passes,2025-12_funnel_score_drift,2025-12_funnel_raw_eval_after_probability,2025-12_funnel_capped_eval_candidates,2025-12_funnel_after_cooldown,2026-01_trades,2026-01_wins,2026-01_win_rate,2026-01_avg_win_R,2026-01_avg_loss_R,2026-01_avg_win_loss_ratio,2026-01_profit_factor,2026-01_net_R,2026-01_max_drawdown_R,2026-01_expectancy_R,2026-01_funnel_model_available,2026-01_funnel_training_candidates,2026-01_funnel_calibration_month,2026-01_funnel_calibration_candidates,2026-01_funnel_calibration_base_rate,2026-01_funnel_calibration_brier,2026-01_funnel_raw_structural_candidates,2026-01_funnel_probability_threshold,2026-01_funnel_quantile,2026-01_funnel_minimum_effective_quantile,2026-01_funnel_mean_effective_quantile,2026-01_funnel_pace_relaxed_passes,2026-01_funnel_score_drift,2026-01_funnel_raw_eval_after_probability,2026-01_funnel_capped_eval_candidates,2026-01_funnel_after_cooldown,2026-02_trades,2026-02_wins,2026-02_win_rate,2026-02_avg_win_R,2026-02_avg_loss_R,2026-02_avg_win_loss_ratio,2026-02_profit_factor,2026-02_net_R,2026-02_max_drawdown_R,2026-02_expectancy_R,2026-02_funnel_model_available,2026-02_funnel_training_candidates,2026-02_funnel_calibration_month,2026-02_funnel_calibration_candidates,2026-02_funnel_calibration_base_rate,2026-02_funnel_calibration_brier,2026-02_funnel_raw_structural_candidates,2026-02_funnel_probability_threshold,2026-02_funnel_quantile,2026-02_funnel_minimum_effective_quantile,2026-02_funnel_mean_effective_quantile,2026-02_funnel_pace_relaxed_passes,2026-02_funnel_score_drift,2026-02_funnel_raw_eval_after_probability,2026-02_funnel_capped_eval_candidates,2026-02_funnel_after_cooldown,2026-03_trades,2026-03_wins,2026-03_win_rate,2026-03_avg_win_R,2026-03_avg_loss_R,2026-03_avg_win_loss_ratio,2026-03_profit_factor,2026-03_net_R,2026-03_max_drawdown_R,2026-03_expectancy_R,2026-03_funnel_model_available,2026-03_funnel_training_candidates,2026-03_funnel_calibration_month,2026-03_funnel_calibration_candidates,2026-03_funnel_calibration_base_rate,2026-03_funnel_calibration_brier,2026-03_funnel_raw_structural_candidates,2026-03_funnel_probability_threshold,2026-03_funnel_quantile,2026-03_funnel_minimum_effective_quantile,2026-03_funnel_mean_effective_quantile,2026-03_funnel_pace_relaxed_passes,2026-03_funnel_score_drift,2026-03_funnel_raw_eval_after_probability,2026-03_funnel_capped_eval_candidates,2026-03_funnel_after_cooldown,2026-04_trades,2026-04_wins,2026-04_win_rate,2026-04_avg_win_R,2026-04_avg_loss_R,2026-04_avg_win_loss_ratio,2026-04_profit_factor,2026-04_net_R,2026-04_max_drawdown_R,2026-04_expectancy_R,2026-04_funnel_model_available,2026-04_funnel_training_candidates,2026-04_funnel_calibration_month,2026-04_funnel_calibration_candidates,2026-04_funnel_calibration_base_rate,2026-04_funnel_calibration_brier,2026-04_funnel_raw_structural_candidates,2026-04_funnel_probability_threshold,2026-04_funnel_quantile,2026-04_funnel_minimum_effective_quantile,2026-04_funnel_mean_effective_quantile,2026-04_funnel_pace_relaxed_passes,2026-04_funnel_score_drift,2026-04_funnel_raw_eval_after_probability,2026-04_funnel_capped_eval_candidates,2026-04_funnel_after_cooldown,2026-05_trades,2026-05_wins,2026-05_win_rate,2026-05_avg_win_R,2026-05_avg_loss_R,2026-05_avg_win_loss_ratio,2026-05_profit_factor,2026-05_net_R,2026-05_max_drawdown_R,2026-05_expectancy_R,2026-05_funnel_model_available,2026-05_funnel_training_candidates,2026-05_funnel_calibration_month,2026-05_funnel_calibration_candidates,2026-05_funnel_calibration_base_rate,2026-05_funnel_calibration_brier,2026-05_funnel_raw_structural_candidates,2026-05_funnel_probability_threshold,2026-05_funnel_quantile,2026-05_funnel_minimum_effective_quantile,2026-05_funnel_mean_effective_quantile,2026-05_funnel_pace_relaxed_passes,2026-05_funnel_score_drift,2026-05_funnel_raw_eval_after_probability,2026-05_funnel_capped_eval_candidates,2026-05_funnel_after_cooldown
0,趋势多头,1,07954c528814f7d2,3722.3391091241247,False,连续两个有机会开发月无交易|有效开发月份不足|开发交易样本不足,10,0.34,0.65,0,2.0,1.2,0.0032,180,0.95,0.1,48,0.38,2,0.035,220,5.0,38,0,0,0.0,0.0,0.0,0.0,0.0,0.0,0.0,0.0,True,786,2025-11,231,0.2554112554112554,0.1897965245081348,353,0.34,0.65,0.55,0.5766284215547081,0,-0.0016576173662991578,0,0,0,0,0,0.0,0.0,0.0,0.0,0.0,0.0,0.0,0.0,True,1017,2025-12,353,0.24929178470254956,0.1865654089263538,308,0.34,0.65,0.55,0.6025906722331782,0,-0.0006467265869098682,0,0,0,5,2,0.4,1.685609418948491,0.9312354736871081,1.8100786176825239,1.206719078455016,0.5775124168356576,2.7937064210613243,0.11550248336713151,True,1370,2026-01,308,0.22402597402597402,0.16589414049224788,187,0.34,0.65,0.55,0.6382165678393883,2,0.04397908188514171,18,10,5,0,0,0.0,0.0,0.0,0.0,0.0,0.0,0.0,0.0,True,1678,2026-02,187,0.22459893048128343,0.17353811029089872,411,0.34,0.65,0.55,0.582846715328467,0,0.00047943603638564425,0,0,0,0,0,0.0,0.0,0.0,0.0,0.0,0.0,0.0,0.0,True,1865,2026-03,411,0.19464720194647203,0.15634711102207483,489,0.34,0.65,0.55,0.5659112720131972,0,0.007978276633549441,0,0,0,3,2,0.6666666666666666,1.6857152892090004,0.213323085253343,7.902170021622559,15.804340043245118,3.1581074931646578,0.21332308525334298,1.0527024977215527,True,2276,2026-04,489,0.22085889570552147,0.16937003532983863,341,0.34,0.65,0.65,0.6500000000000001,0,0.01317271009060303,20,10,3
0,趋势多头,2,2fded3ddbc2fcfeb,3722.3391091241247,False,连续两个有机会开发月无交易|有效开发月份不足|开发交易样本不足,10,0.34,0.65,1,2.0,1.2,0.0032,180,0.95,0.1,48,0.38,2,0.035,220,5.0,38,0,0,0.0,0.0,0.0,0.0,0.0,0.0,0.0,0.0,True,786,2025-11,231,0.2554112554112554,0.1897965245081348,353,0.34,0.65,0.55,0.5766284215547081,0,-0.0016576173662991578,0,0,0,0,0,0.0,0.0,0.0,0.0,0.0,0.0,0.0,0.0,True,1017,2025-12,353,0.24929178470254956,0.1865654089263538,308,0.34,0.65,0.55,0.6025906722331782,0,-0.0006467265869098682,0,0,0,5,2,0.4,1.685609418948491,0.9312354736871081,1.8100786176825239,1.206719078455016,0.5775124168356576,2.7937064210613243,0.11550248336713151,True,1370,2026-01,308,0.22402597402597402,0.16589414049224788,187,0.34,0.65,0.55,0.6382165678393883,2,0.04397908188514171,18,10,5,0,0,0.0,0.0,0.0,0.0,0.0,0.0,0.0,0.0,True,1678,2026-02,187,0.22459893048128343,0.17353811029089872,411,0.34,0.65,0.55,0.582846715328467,0,0.00047943603638564425,0,0,0,0,0,0.0,0.0,0.0,0.0,0.0,0.0,0.0,0.0,True,1865,2026-03,411,0.19464720194647203,0.15634711102207483,489,0.34,0.65,0.55,0.5659112720131972,0,0.007978276633549441,0,0,0,3,2,0.6666666666666666,1.6857152892090004,0.213323085253343,7.902170021622559,15.804340043245118,3.1581074931646578,0.21332308525334298,1.0527024977215527,True,2276,2026-04,489,0.22085889570552147,0.16937003532983863,341,0.34,0.65,0.65,0.6500000000000001,0,0.01317271009060303,20,10,3
0,趋势多头,3,1165084c4f120366,3722.3391091241247,False,连续两个有机会开发月无交易|有效开发月份不足|开发交易样本不足,10,0.34,0.75,0,2.0,1.2,0.0032,180,0.95,0.1,48,0.38,2,0.035,220,5.0,38,0,0,0.0,0.0,0.0,0.0,0.0,0.0,0.0,0.0,True,786,2025-11,231,0.2554112554112554,0.1897965245081348,353,0.34,0.75,0.61,0.6515577387086126,0,-0.0016576173662991578,0,0,0,0,0,0.0,0.0,0.0,0.0,0.0,0.0,0.0,0.0,True,1017,2025-12,353,0.24929178470254956,0.1865654089263538,308,0.34,0.75,0.61,0.6836296332721391,0,-0.0006467265869098682,0,0,0,5,2,0.4,1.685609418948491,0.9312354736871081,1.8100786176825239,1.206719078455016,0.5775124168356576,2.7937064210613243,0.11550248336713151,True,1370,2026-01,308,0.22402597402597402,0.16589414049224788,187,0.34,0.75,0.61,0.7337245892297625,2,0.04397908188514171,18,10,5,0,0,0.0,0.0,0.0,0.0,0.0,0.0,0.0,0.0,True,1678,2026-02,187,0.22459893048128343,0.17353811029089872,411,0.34,0.75,0.61,0.6559854014598541,0,0.00047943603638564425,0,0,0,0,0,0.0,0.0,0.0,0.0,0.0,0.0,0.0,0.0,True,1865,2026-03,411,0.19464720194647203,0.15634711102207483,489,0.34,0.75,0.61,0.6345920319291809,0,0.007978276633549441,0,0,0,3,2,0.6666666666666666,1.6857152892090004,0.213323085253343,7.902170021622559,15.804340043245118,3.1581074931646578,0.21332308525334298,1.0527024977215527,True,2276,2026-04,489,0.22085889570552147,0.16937003532983863,341,0.34,0.75,0.75,0.75,0,0.01317271009060303,20,10,3
0,趋势多头,4,6a3b9510206055b0,3722.3391091241247,False,连续两个有机会开发月无交易|有效开发月份不足|开发交易样本不足,10,0.34,0.75,1,2.0,1.2,0.0032,180,0.95,0.1,48,0.38,2,0.035,220,5.0,38,0,0,0.0,0.0,0.0,0.0,0.0,0.0,0.0,0.0,True,786,2025-11,231,0.2554112554112554,0.1897965245081348,353,0.34,0.75,0.61,0.6515577387086126,0,-0.0016576173662991578,0,0,0,0,0,0.0,0.0,0.0,0.0,0.0,0.0,0.0,0.0,True,1017,2025-12,353,0.24929178470254956,0.1865654089263538,308,0.34,0.75,0.61,0.6836296332721391,0,-0.0006467265869098682,0,0,0,5,2,0.4,1.685609418948491,0.9312354736871081,1.8100786176825239,1.206719078455016,0.5775124168356576,2.7937064210613243,0.11550248336713151,True,1370,2026-01,308,0.22402597402597402,0.16589414049224788,187,0.34,0.75,0.61,0.7337245892297625,2,0.04397908188514171,18,10,5,0,0,0.0,0.0,0.0,0.0,0.0,0.0,0.0,0.0,True,1678,2026-02,187,0.22459893048128343,0.17353811029089872,411,0.34,0.75,0.61,0.6559854014598541,0,0.00047943603638564425,0,0,0,0,0,0.0,0.0,0.0,0.0,0.0,0.0,0.0,0.0,True,1865,2026-03,411,0.19464720194647203,0.15634711102207483,489,0.34,0.75,0.61,0.6345920319291809,0,0.007978276633549441,0,0,0,3,2,0.6666666666666666,1.6857152892090004,0.213323085253343,7.902170021622559,15.804340043245118,3.1581074931646578,0.21332308525334298,1.0527024977215527,True,2276,2026-04,489,0.22085889570552147,0.16937003532983863,341,0.34,0.75,0.75,0.75,0,0.01317271009060303,20,10,3
0,趋势多头,5,10414421e416b233,3722.3391091241247,False,连续两个有机会开发月无交易|有效开发月份不足|开发交易样本不足,10,0.34,0.85,0,2.0,1.2,0.0032,180,0.95,0.1,48,0.38,2,0.035,220,5.0,38,0,0,0.0,0.0,0.0,0.0,0.0,0.0,0.0,0.0,True,786,2025-11,231,0.2554112554112554,0.1897965245081348,353,0.34,0.85,0.71,0.7515577387086124,0,-0.0016576173662991578,0,0,0,0,0,0.0,0.0,0.0,0.0,0.0,0.0,0.0,0.0,True,1017,2025-12,353,0.24929178470254956,0.1865654089263538,308,0.34,0.85,0.71,0.7836296332721392,0,-0.0006467265869098682,0,0,0,5,2,0.4,1.685609418948491,0.9312354736871081,1.8100786176825239,1.206719078455016,0.5775124168356576,2.7937064210613243,0.11550248336713151,True,1370,2026-01,308,0.22402597402597402,0.16589414049224788,187,0.34,0.85,0.71,0.8337245892297621,2,0.04397908188514171,18,10,5,0,0,0.0,0.0,0.0,0.0,0.0,0.0,0.0,0.0,True,1678,2026-02,187,0.22459893048128343,0.17353811029089872,411,0.34,0.85,0.71,0.7559854014598539,0,0.00047943603638564425,0,0,0,0,0,0.0,0.0,0.0,0.0,0.0,0.0,0.0,0.0,True,1865,2026-03,411,0.19464720194647203,0.15634711102207483,489,0.34,0.85,0.71,0.734592031929181,0,0.007978276633549441,0,0,0,3,2,0.6666666666666666,1.6857152892090004,0.213323085253343,7.902170021622559,15.804340043245118,3.1581074931646578,0.21332308525334298,1.0527024977215527,True,2276,2026-04,489,0.22085889570552147,0.16937003532983863,341,0.34,0.85,0.85,0.8499999999999998,0,0.01317271009060303,20,10,3
0,趋势多头,6,ba6d17da4c74d2c0,3722.3391091241247,False,连续两个有机会开发月无交易|有效开发月份不足|开发交易样本不足,10,0.34,0.85,1,2.0,1.2,0.0032,180,0.95,0.1,48,0.38,2,0.035,220,5.0,38,0,0,0.0,0.0,0.0,0.0,0.0,0.0,0.0,0.0,True,786,2025-11,231,0.2554112554112554,0.1897965245081348,353,0.34,0.85,0.71,0.7515577387086124,0,-0.0016576173662991578,0,0,0,0,0,0.0,0.0,0.0,0.0,0.0,0.0,0.0,0.0,True,1017,2025-12,353,0.24929178470254956,0.1865654089263538,308,0.34,0.85,0.71,0.7836296332721392,0,-0.0006467265869098682,0,0,0,5,2,0.4,1.685609418948491,0.9312354736871081,1.8100786176825239,1.206719078455016,0.5775124168356576,2.7937064210613243,0.11550248336713151,True,1370,2026-01,308,0.22402597402597402,0.16589414049224788,187,0.34,0.85,0.71,0.8337245892297621,2,0.04397908188514171,18,10,5,0,0,0.0,0.0,0.0,0.0,0.0,0.0,0.0,0.0,True,1678,2026-02,187,0.22459893048128343,0.17353811029089872,411,0.34,0.85,0.71,0.7559854014598539,0,0.00047943603638564425,0,0,0,0,0,0.0,0.0,0.0,0.0,0.0,0.0,0.0,0.0,True,1865,2026-03,411,0.19464720194647203,0.15634711102207483,489,0.34,0.85,0.71,0.734592031929181,0,0.007978276633549441,0,0,0,3,2,0.6666666666666666,1.6857152892090004,0.213323085253343,7.902170021622559,15.804340043245118,3.1581074931646578,0.21332308525334298,1.0527024977215527,True,2276,2026-04,489,0.22085889570552147,0.16937003532983863,341,0.34,0.85,0.85,0.8499999999999998,0,0.01317271009060303,20,10,3
0,趋势多头,7,7ea04d57b61f29bd,2523.3291212247336,False,连续两个有机会开发月无交易|开发月最低胜率过低|有效开发月份不足|开发交易样本不足,14,0.34,0.65,0,2.0,1.2,0.0032,180,0.95,0.1,48,0.38,2,0.035,220,5.0,38,0,0,0.0,0.0,0.0,0.0,0.0,0.0,0.0,0.0,True,786,2025-11,231,0.2554112554112554,0.1897965245081348,353,0.34,0.65,0.55,0.5757790368271954,0,-0.0016576173662991578,0,0,0,0,0,0.0,0.0,0.0,0.0,0.0,0.0,0.0,0.0,True,1017,2025-12,353,0.24929178470254956,0.1865654089263538,308,0.34,0.65,0.55,0.6025879800874883,0,-0.0006467265869098682,0,0,0,7,2,0.2857142857142857,1.685609418948491,0.8640093173674355,1.9509157888301514,0.7803663155320605,-0.9488277489401961,2.7937064210613243,-0.13554682127717085,True,1370,2026-01,308,0.22402597402597402,0.16589414049224788,187,0.34,0.65,0.55,0.6379119070974275,2,0.04397908188514171,18,14,7,0,0,0.0,0.0,0.0,0.0,0.0,0.0,0.0,0.0,True,1678,2026-02,187,0.22459893048128343,0.17353811029089872,411,0.34,0.65,0.55,0.582846715328467,0,0.00047943603638564425,0,0,0,0,0,0.0,0.0,0.0,0.0,0.0,0.0,0.0,0.0,True,1865,2026-03,411,0.19464720194647203,0.15634711102207483,489,0.34,0.65,0.55,0.5656423683272278,0,0.007978276633549441,0,0,0,3,2,0.6666666666666666,1.6857152892090004,0.213323085253343,7.902170021622559,15.804340043245118,3.1581074931646578,0.21332308525334298,1.0527024977215527,True,2276,2026-04,489,0.22085889570552147,0.16937003532983863,341,0.34,0.65,0.65,0.6500000000000001,0,0.01317271009060303,20,14,3
0,趋势多头,8,9810b842df079f61,2523.3291212247336,False,连续两个有机会开发月无交易|开发月最低胜率过低|有效开发月份不足|开发交易样本不足,14,0.34,0.65,1,2.0,1.2,0.0032,180,0.95,0.1,48,0.38,2,0.035,220,5.0,38,0,0,0.0,0.0,0.0,0.0,0.0,0.0,0.0,0.0,True,786,2025-11,231,0.2554112554112554,0.1897965245081348,353,0.34,0.65,0.55,0.5757790368271954,0,-0.0016576173662991578,0,0,0,0,0,0.0,0.0,0.0,0.0,0.0,0.0,0.0,0.0,True,1017,2025-12,353,0.24929178470254956,0.1865654089263538,308,0.34,0.65,0.55,0.6025879800874883,0,-0.0006467265869098682,0,0,0,7,2,0.2857142857142857,1.685609418948491,0.8640093173674355,1.9509157888301514,0.7803663155320605,-0.9488277489401961,2.7937064210613243,-0.13554682127717085,True,1370,2026-01,308,0.22402597402597402,0.16589414049224788,187,0.34,0.65,0.55,0.6379119070974275,2,0.04397908188514171,18,14,7,0,0,0.0,0.0,0.0,0.0,0.0,0.0,0.0,0.0,True,1678,2026-02,187,0.22459893048128343,0.17353811029089872,411,0.34,0.65,0.55,0.582846715328467,0,0.00047943603638564425,0,0,0,0,0,0.0,0.0,0.0,0.0,0.0,0.0,0.0,0.0,True,1865,2026-03,411,0.19464720194647203,0.15634711102207483,489,0.34,0.65,0.55,0.5656423683272278,0,0.007978276633549441,0,0,0,3,2,0.6666666666666666,1.6857152892090004,0.213323085253343,7.902170021622559,15.804340043245118,3.1581074931646578,0.21332308525334298,1.0527024977215527,True,2276,2026-04,489,0.22085889570552147,0.16937003532983863,341,0.34,0.65,0.65,0.6500000000000001,0,0.01317271009060303,20,14,3
0,趋势多头,9,829c9ea6cc49a31e,2523.3291212247336,False,连续两个有机会开发月无交易|开发月最低胜率过低|有效开发月份不足|开发交易样本不足,14,0.34,0.75,0,2.0,1.2,0.0032,180,0.95,0.1,48,0.38,2,0.035,220,5.0,38,0,0,0.0,0.0,0.0,0.0,0.0,0.0,0.0,0.0,True,786,2025-11,231,0.2554112554112554,0.1897965245081348,353,0.34,0.75,0.61,0.6472797901765913,0,-0.0016576173662991578,0,0,0,0,0,0.0,0.0,0.0,0.0,0.0,0.0,0.0,0.0,True,1017,2025-12,353,0.24929178470254956,0.1865654089263538,308,0.34,0.75,0.61,0.6836269411264494,0,-0.0006467265869098682,0,0,0,7,2,0.2857142857142857,1.685609418948491,0.8640093173674355,1.9509157888301514,0.7803663155320605,-0.9488277489401961,2.7937064210613243,-0.13554682127717085,True,1370,2026-01,308,0.22402597402597402,0.16589414049224788,187,0.34,0.75,0.61,0.7333943951776558,2,0.04397908188514171,18,14,7,0,0,0.0,0.0,0.0,0.0,0.0,0.0,0.0,0.0,True,1678,2026-02,187,0.22459893048128343,0.17353811029089872,411,0.34,0.75,0.61,0.6559854014598541,0,0.00047943603638564425,0,0,0,0,0,0.0,0.0,0.0,0.0,0.0,0.0,0.0,0.0,True,1865,2026-03,411,0.19464720194647203,0.15634711102207483,489,0.34,0.75,0.61,0.6322757808184762,0,0.007978276633549441,0,0,0,3,2,0.6666666666666666,1.6857152892090004,0.213323085253343,7.902170021622559,15.804340043245118,3.1581074931646578,0.21332308525334298,1.0527024977215527,True,2276,2026-04,489,0.22085889570552147,0.16937003532983863,341,0.34,0.75,0.75,0.75,0,0.01317271009060303,20,14,3
0,趋势多头,10,848134496308f03a,2523.3291212247336,False,连续两个有机会开发月无交易|开发月最低胜率过低|有效开发月份不足|开发交易样本不足,14,0.34,0.75,1,2.0,1.2,0.0032,180,0.95,0.1,48,0.38,2,0.035,220,5.0,38,0,0,0.0,0.0,0.0,0.0,0.0,0.0,0.0,0.0,True,786,2025-11,231,0.2554112554112554,0.1897965245081348,353,0.34,0.75,0.61,0.6472797901765913,0,-0.0016576173662991578,0,0,0,0,0,0.0,0.0,0.0,0.0,0.0,0.0,0.0,0.0,True,1017,2025-12,353,0.24929178470254956,0.1865654089263538,308,0.34,0.75,0.61,0.6836269411264494,0,-0.0006467265869098682,0,0,0,7,2,0.2857142857142857,1.685609418948491,0.8640093173674355,1.9509157888301514,0.7803663155320605,-0.9488277489401961,2.7937064210613243,-0.13554682127717085,True,1370,2026-01,308,0.22402597402597402,0.16589414049224788,187,0.34,0.75,0.61,0.7333943951776558,2,0.04397908188514171,18,14,7,0,0,0.0,0.0,0.0,0.0,0.0,0.0,0.0,0.0,True,1678,2026-02,187,0.22459893048128343,0.17353811029089872,411,0.34,0.75,0.61,0.6559854014598541,0,0.00047943603638564425,0,0,0,0,0,0.0,0.0,0.0,0.0,0.0,0.0,0.0,0.0,True,1865,2026-03,411,0.19464720194647203,0.15634711102207483,489,0.34,0.75,0.61,0.6322757808184762,0,0.007978276633549441,0,0,0,3,2,0.6666666666666666,1.6857152892090004,0.213323085253343,7.902170021622559,15.804340043245118,3.1581074931646578,0.21332308525334298,1.0527024977215527,True,2276,2026-04,489,0.22085889570552147,0.16937003532983863,341,0.34,0.75,0.75,0.75,0,0.01317271009060303,20,14,3
0,趋势多头,11,b260897652eca55b,2523.3291212247336,False,连续两个有机会开发月无交易|开发月最低胜率过低|有效开发月份不足|开发交易样本不足,14,0.34,0.85,0,2.0,1.2,0.0032,180,0.95,0.1,48,0.38,2,0.035,220,5.0,38,0,0,0.0,0.0,0.0,0.0,0.0,0.0,0.0,0.0,True,786,2025-11,231,0.2554112554112554,0.1897965245081348,353,0.34,0.85,0.71,0.7472797901765912,0,-0.0016576173662991578,0,0,0,0,0,0.0,0.0,0.0,0.0,0.0,0.0,0.0,0.0,True,1017,2025-12,353,0.24929178470254956,0.1865654089263538,308,0.34,0.85,0.71,0.7836269411264494,0,-0.0006467265869098682,0,0,0,7,2,0.2857142857142857,1.685609418948491,0.8640093173674355,1.9509157888301514,0.7803663155320605,-0.9488277489401961,2.7937064210613243,-0.13554682127717085,True,1370,2026-01,308,0.22402597402597402,0.16589414049224788,187,0.34,0.85,0.71,0.8333943951776557,2,0.04397908188514171,18,14,7,0,0,0.0,0.0,0.0,0.0,0.0,0.0,0.0,0.0,True,1678,2026-02,187,0.22459893048128343,0.17353811029089872,411,0.34,0.85,0.71,0.7559854014598539,0,0.00047943603638564425,0,0,0,0,0,0.0,0.0,0.0,0.0,0.0,0.0,0.0,0.0,True,1865,2026-03,411,0.19464720194647203,0.15634711102207483,489,0.34,0.85,0.71,0.7322757808184762,0,0.007978276633549441,0,0,0,3,2,0.6666666666666666,1.6857152892090004,0.213323085253343,7.902170021622559,15.804340043245118,3.1581074931646578,0.21332308525334298,1.0527024977215527,True,2276,2026-04,489,0.22085889570552147,0.16937003532983863,341,0.34,0.85,0.85,0.8499999999999998,0,0.01317271009060303,20,14,3
0,趋势多头,12,6985a73d49f5a06b,2523.3291212247336,False,连续两个有机会开发月无交易|开发月最低胜率过低|有效开发月份不足|开发交易样本不足,14,0.34,0.85,1,2.0,1.2,0.0032,180,0.95,0.1,48,0.38,2,0.035,220,5.0,38,0,0,0.0,0.0,0.0,0.0,0.0,0.0,0.0,0.0,True,786,2025-11,231,0.2554112554112554,0.1897965245081348,353,0.34,0.85,0.71,0.7472797901765912,0,-0.0016576173662991578,0,0,0,0,0,0.0,0.0,0.0,0.0,0.0,0.0,0.0,0.0,True,1017,2025-12,353,0.24929178470254956,0.1865654089263538,308,0.34,0.85,0.71,0.7836269411264494,0,-0.0006467265869098682,0,0,0,7,2,0.2857142857142857,1.685609418948491,0.8640093173674355,1.9509157888301514,0.7803663155320605,-0.9488277489401961,2.7937064210613243,-0.13554682127717085,True,1370,2026-01,308,0.22402597402597402,0.16589414049224788,187,0.34,0.85,0.71,0.8333943951776557,2,0.04397908188514171,18,14,7,0,0,0.0,0.0,0.0,0.0,0.0,0.0,0.0,0.0,True,1678,2026-02,187,0.22459893048128343,0.17353811029089872,411,0.34,0.85,0.71,0.7559854014598539,0,0.00047943603638564425,0,0,0,0,0,0.0,0.0,0.0,0.0,0.0,0.0,0.0,0.0,True,1865,2026-03,411,0.19464720194647203,0.15634711102207483,489,0.34,0.85,0.71,0.7322757808184762,0,0.007978276633549441,0,0,0,3,2,0.6666666666666666,1.6857152892090004,0.213323085253343,7.902170021622559,15.804340043245118,3.1581074931646578,0.21332308525334298,1.0527024977215527,True,2276,2026-04,489,0.22085889570552147,0.16937003532983863,341,0.34,0.85,0.85,0.8499999999999998,0,0.01317271009060303,20,14,3
0,趋势多头,13,121d194529a6b17a,2402.6675132243804,False,连续两个有机会开发月无交易|开发月最低胜率过低|有效开发月份不足|开发交易样本不足,10,0.34,0.65,3,2.0,1.2,0.0032,180,0.95,0.1,48,0.38,2,0.035,220,5.0,38,0,0,0.0,0.0,0.0,0.0,0.0,0.0,0.0,0.0,True,786,2025-11,231,0.2554112554112554,0.1897965245081348,353,0.34,0.65,0.55,0.5766284215547081,0,-0.0016576173662991578,0,0,0,0,0,0.0,0.0,0.0,0.0,0.0,0.0,0.0,0.0,True,1017,2025-12,353,0.24929178470254956,0.1865654089263538,308,0.34,0.65,0.55,0.6025906722331782,0,-0.0006467265869098682,0,0,0,5,1,0.2,1.6856163688391288,0.7517871357102301,2.242145800016502,0.5605364500041256,-1.3215321740017918,3.0071485428409206,-0.26430643480035837,True,1370,2026-01,308,0.22402597402597402,0.16589414049224788,187,0.34,0.65,0.55,0.6382165678393883,2,0.04397908188514171,18,10,5,0,0,0.0,0.0,0.0,0.0,0.0,0.0,0.0,0.0,True,1678,2026-02,187,0.22459893048128343,0.17353811029089872,411,0.34,0.65,0.55,0.582846715328467,0,0.00047943603638564425,0,0,0,0,0,0.0,0.0,0.0,0.0,0.0,0.0,0.0,0.0,True,1865,2026-03,411,0.19464720194647203,0.15634711102207483,489,0.34,0.65,0.55,0.5659112720131972,0,0.007978276633549441,0,0,0,3,2,0.6666666666666666,1.6857152892090004,0.213323085253343,7.902170021622559,15.804340043245118,3.1581074931646578,0.21332308525334298,1.0527024977215527,True,2276,2026-04,489,0.22085889570552147,0.16937003532983863,341,0.34,0.65,0.65,0.6500000000000001,0,0.01317271009060303,20,10,3
0,趋势多头,14,d90a38c28316125c,2402.6675132243804,False,连续两个有机会开发月无交易|开发月最低胜率过低|有效开发月份不足|开发交易样本不足,10,0.34,0.75,3,2.0,1.2,0.0032,180,0.95,0.1,48,0.38,2,0.035,220,5.0,38,0,0,0.0,0.0,0.0,0.0,0.0,0.0,0.0,0.0,True,786,2025-11,231,0.2554112554112554,0.1897965245081348,353,0.34,0.75,0.61,0.6515577387086126,0,-0.0016576173662991578,0,0,0,0,0,0.0,0.0,0.0,0.0,0.0,0.0,0.0,0.0,True,1017,2025-12,353,0.24929178470254956,0.1865654089263538,308,0.34,0.75,0.61,0.6836296332721391,0,-0.0006467265869098682,0,0,0,5,1,0.2,1.6856163688391288,0.7517871357102301,2.242145800016502,0.5605364500041256,-1.3215321740017918,3.0071485428409206,-0.26430643480035837,True,1370,2026-01,308,0.22402597402597402,0.16589414049224788,187,0.34,0.75,0.61,0.7337245892297625,2,0.04397908188514171,18,10,5,0,0,0.0,0.0,0.0,0.0,0.0,0.0,0.0,0.0,True,1678,2026-02,187,0.22459893048128343,0.17353811029089872,411,0.34,0.75,0.61,0.6559854014598541,0,0.00047943603638564425,0,0,0,0,0,0.0,0.0,0.0,0.0,0.0,0.0,0.0,0.0,True,1865,2026-03,411,0.19464720194647203,0.15634711102207483,489,0.34,0.75,0.61,0.6345920319291809,0,0.007978276633549441,0,0,0,3,2,0.6666666666666666,1.6857152892090004,0.213323085253343,7.902170021622559,15.804340043245118,3.1581074931646578,0.21332308525334298,1.0527024977215527,True,2276,2026-04,489,0.22085889570552147,0.16937003532983863,341,0.34,0.75,0.75,0.75,0,0.01317271009060303,20,10,3
0,趋势多头,15,a3dfd6102e3a8d36,2402.6675132243804,False,连续两个有机会开发月无交易|开发月最低胜率过低|有效开发月份不足|开发交易样本不足,10,0.34,0.85,3,2.0,1.2,0.0032,180,0.95,0.1,48,0.38,2,0.035,220,5.0,38,0,0,0.0,0.0,0.0,0.0,0.0,0.0,0.0,0.0,True,786,2025-11,231,0.2554112554112554,0.1897965245081348,353,0.34,0.85,0.71,0.7515577387086124,0,-0.0016576173662991578,0,0,0,0,0,0.0,0.0,0.0,0.0,0.0,0.0,0.0,0.0,True,1017,2025-12,353,0.24929178470254956,0.1865654089263538,308,0.34,0.85,0.71,0.7836296332721392,0,-0.0006467265869098682,0,0,0,5,1,0.2,1.6856163688391288,0.7517871357102301,2.242145800016502,0.5605364500041256,-1.3215321740017918,3.0071485428409206,-0.26430643480035837,True,1370,2026-01,308,0.22402597402597402,0.16589414049224788,187,0.34,0.85,0.71,0.8337245892297621,2,0.04397908188514171,18,10,5,0,0,0.0,0.0,0.0,0.0,0.0,0.0,0.0,0.0,True,1678,2026-02,187,0.22459893048128343,0.17353811029089872,411,0.34,0.85,0.71,0.7559854014598539,0,0.00047943603638564425,0,0,0,0,0,0.0,0.0,0.0,0.0,0.0,0.0,0.0,0.0,True,1865,2026-03,411,0.19464720194647203,0.15634711102207483,489,0.34,0.85,0.71,0.734592031929181,0,0.007978276633549441,0,0,0,3,2,0.6666666666666666,1.6857152892090004,0.213323085253343,7.902170021622559,15.804340043245118,3.1581074931646578,0.21332308525334298,1.0527024977215527,True,2276,2026-04,489,0.22085889570552147,0.16937003532983863,341,0.34,0.85,0.85,0.8499999999999998,0,0.01317271009060303,20,10,3
0,趋势多头,16,b8aeb5cff2bbd560,2334.2509515284705,False,连续两个有机会开发月无交易|开发月最低胜率过低|累计胜率过低|有效开发月份不足|累计盈利因子不足|累计净R非正,18,0.34,0.65,0,2.0,1.2,0.0032,180,0.95,0.1,48,0.38,2,0.035,220,5.0,38,0,0,0.0,0.0,0.0,0.0,0.0,0.0,0.0,0.0,True,786,2025-11,231,0.2554112554112554,0.1897965245081348,353,0.34,0.65,0.55,0.5757790368271954,0,-0.0016576173662991578,0,0,0,0,0,0.0,0.0,0.0,0.0,0.0,0.0,0.0,0.0,True,1017,2025-12,353,0.24929178470254956,0.1865654089263538,308,0.34,0.65,0.55,0.6025852879417986,0,-0.0006467265869098682,0,0,0,9,3,0.3333333333333333,1.6856002114675028,0.9388227056598181,1.7954403971118686,0.8977201985559343,-0.5761355995563999,3.947333764901055,-0.06401506661737777,True,1370,2026-01,308,0.22402597402597402,0.16589414049224788,187,0.34,0.65,0.55,0.6377294841085832,3,0.04397908188514171,18,18,9,0,0,0.0,0.0,0.0,0.0,0.0,0.0,0.0,0.0,True,1678,2026-02,187,0.22459893048128343,0.17353811029089872,411,0.34,0.65,0.55,0.582846715328467,0,0.00047943603638564425,0,0,0,0,0,0.0,0.0,0.0,0.0,0.0,0.0,0.0,0.0,True,1865,2026-03,411,0.19464720194647203,0.15634711102207483,489,0.34,0.65,0.55,0.5653789257984604,0,0.007978276633549441,0,0,0,5,2,0.4,1.6857152892090004,0.9462881130456237,1.7813975109372704,1.187598340624847,0.5325662392811297,2.625541253883528,0.10651324785622593,True,2276,2026-04,489,0.22085889570552147,0.16937003532983863,341,0.34,0.65,0.65,0.6500000000000001,0,0.01317271009060303,20,18,5
0,趋势多头,17,a68d3e79d1dbd92b,2334.2509515284705,False,连续两个有机会开发月无交易|开发月最低胜率过低|累计胜率过低|有效开发月份不足|累计盈利因子不足|累计净R非正,18,0.34,0.65,1,2.0,1.2,0.0032,180,0.95,0.1,48,0.38,2,0.035,220,5.0,38,0,0,0.0,0.0,0.0,0.0,0.0,0.0,0.0,0.0,True,786,2025-11,231,0.2554112554112554,0.1897965245081348,353,0.34,0.65,0.55,0.5757790368271954,0,-0.0016576173662991578,0,0,0,0,0,0.0,0.0,0.0,0.0,0.0,0.0,0.0,0.0,True,1017,2025-12,353,0.24929178470254956,0.1865654089263538,308,0.34,0.65,0.55,0.6025852879417986,0,-0.0006467265869098682,0,0,0,9,3,0.3333333333333333,1.6856002114675028,0.9388227056598181,1.7954403971118686,0.8977201985559343,-0.5761355995563999,3.947333764901055,-0.06401506661737777,True,1370,2026-01,308,0.22402597402597402,0.16589414049224788,187,0.34,0.65,0.55,0.6377294841085832,3,0.04397908188514171,18,18,9,0,0,0.0,0.0,0.0,0.0,0.0,0.0,0.0,0.0,True,1678,2026-02,187,0.22459893048128343,0.17353811029089872,411,0.34,0.65,0.55,0.582846715328467,0,0.00047943603638564425,0,0,0,0,0,0.0,0.0,0.0,0.0,0.0,0.0,0.0,0.0,True,1865,2026-03,411,0.19464720194647203,0.15634711102207483,489,0.34,0.65,0.55,0.5653789257984604,0,0.007978276633549441,0,0,0,5,2,0.4,1.6857152892090004,0.9462881130456237,1.7813975109372704,1.187598340624847,0.5325662392811297,2.625541253883528,0.10651324785622593,True,2276,2026-04,489,0.22085889570552147,0.16937003532983863,341,0.34,0.65,0.65,0.6500000000000001,0,0.01317271009060303,20,18,5
0,趋势多头,18,752f6c84c250d9cd,2334.2509515284705,False,连续两个有机会开发月无交易|开发月最低胜率过低|累计胜率过低|有效开发月份不足|累计盈利因子不足|累计净R非正,18,0.34,0.75,0,2.0,1.2,0.0032,180,0.95,0.1,48,0.38,2,0.035,220,5.0,38,0,0,0.0,0.0,0.0,0.0,0.0,0.0,0.0,0.0,True,786,2025-11,231,0.2554112554112554,0.1897965245081348,353,0.34,0.75,0.61,0.6460906515580738,0,-0.0016576173662991578,0,0,0,0,0,0.0,0.0,0.0,0.0,0.0,0.0,0.0,0.0,True,1017,2025-12,353,0.24929178470254956,0.1865654089263538,308,0.34,0.75,0.61,0.6836242489807596,0,-0.0006467265869098682,0,0,0,9,3,0.3333333333333333,1.6856002114675028,0.9388227056598181,1.7954403971118686,0.8977201985559343,-0.5761355995563999,3.947333764901055,-0.06401506661737777,True,1370,2026-01,308,0.22402597402597402,0.16589414049224788,187,0.34,0.75,0.61,0.7330518885692588,3,0.04397908188514171,18,18,9,0,0,0.0,0.0,0.0,0.0,0.0,0.0,0.0,0.0,True,1678,2026-02,187,0.22459893048128343,0.17353811029089872,411,0.34,0.75,0.61,0.6559854014598541,0,0.00047943603638564425,0,0,0,0,0,0.0,0.0,0.0,0.0,0.0,0.0,0.0,0.0,True,1865,2026-03,411,0.19464720194647203,0.15634711102207483,489,0.34,0.75,0.61,0.632004692669626,0,0.007978276633549441,0,0,0,5,2,0.4,1.6857152892090004,0.9462881130456237,1.7813975109372704,1.187598340624847,0.5325662392811297,2.625541253883528,0.10651324785622593,True,2276,2026-04,489,0.22085889570552147,0.16937003532983863,341,0.34,0.75,0.75,0.75,0,0.01317271009060303,20,18,5
0,趋势多头,19,35bc12a71f741e7d,2334.2509515284705,False,连续两个有机会开发月无交易|开发月最低胜率过低|累计胜率过低|有效开发月份不足|累计盈利因子不足|累计净R非正,18,0.34,0.75,1,2.0,1.2,0.0032,180,0.95,0.1,48,0.38,2,0.035,220,5.0,38,0,0,0.0,0.0,0.0,0.0,0.0,0.0,0.0,0.0,True,786,2025-11,231,0.2554112554112554,0.1897965245081348,353,0.34,0.75,0.61,0.6460906515580738,0,-0.0016576173662991578,0,0,0,0,0,0.0,0.0,0.0,0.0,0.0,0.0,0.0,0.0,True,1017,2025-12,353,0.24929178470254956,0.1865654089263538,308,0.34,0.75,0.61,0.6836242489807596,0,-0.0006467265869098682,0,0,0,9,3,0.3333333333333333,1.6856002114675028,0.9388227056598181,1.7954403971118686,0.8977201985559343,-0.5761355995563999,3.947333764901055,-0.06401506661737777,True,1370,2026-01,308,0.22402597402597402,0.16589414049224788,187,0.34,0.75,0.61,0.7330518885692588,3,0.04397908188514171,18,18,9,0,0,0.0,0.0,0.0,0.0,0.0,0.0,0.0,0.0,True,1678,2026-02,187,0.22459893048128343,0.17353811029089872,411,0.34,0.75,0.61,0.6559854014598541,0,0.00047943603638564425,0,0,0,0,0,0.0,0.0,0.0,0.0,0.0,0.0,0.0,0.0,True,1865,2026-03,411,0.19464720194647203,0.15634711102207483,489,0.34,0.75,0.61,0.632004692669626,0,0.007978276633549441,0,0,0,5,2,0.4,1.6857152892090004,0.9462881130456237,1.7813975109372704,1.187598340624847,0.5325662392811297,2.625541253883528,0.10651324785622593,True,2276,2026-04,489,0.22085889570552147,0.16937003532983863,341,0.34,0.75,0.75,0.75,0,0.01317271009060303,20,18,5
0,趋势多头,20,5aa26a2f3393b304,2334.2509515284705,False,连续两个有机会开发月无交易|开发月最低胜率过低|累计胜率过低|有效开发月份不足|累计盈利因子不足|累计净R非正,18,0.34,0.85,0,2.0,1.2,0.0032,180,0.95,0.1,48,0.38,2,0.035,220,5.0,38,0,0,0.0,0.0,0.0,0.0,0.0,0.0,0.0,0.0,True,786,2025-11,231,0.2554112554112554,0.1897965245081348,353,0.34,0.85,0.71,0.7460906515580736,0,-0.0016576173662991578,0,0,0,0,0,0.0,0.0,0.0,0.0,0.0,0.0,0.0,0.0,True,1017,2025-12,353,0.24929178470254956,0.1865654089263538,308,0.34,0.85,0.71,0.7836242489807596,0,-0.0006467265869098682,0,0,0,9,3,0.3333333333333333,1.6856002114675028,0.9388227056598181,1.7954403971118686,0.8977201985559343,-0.5761355995563999,3.947333764901055,-0.06401506661737777,True,1370,2026-01,308,0.22402597402597402,0.16589414049224788,187,0.34,0.85,0.71,0.8330518885692585,3,0.04397908188514171,18,18,9,0,0,0.0,0.0,0.0,0.0,0.0,0.0,0.0,0.0,True,1678,2026-02,187,0.22459893048128343,0.17353811029089872,411,0.34,0.85,0.71,0.7559854014598539,0,0.00047943603638564425,0,0,0,0,0,0.0,0.0,0.0,0.0,0.0,0.0,0.0,0.0,True,1865,2026-03,411,0.19464720194647203,0.15634711102207483,489,0.34,0.85,0.71,0.7320046926696261,0,0.007978276633549441,0,0,0,5,2,0.4,1.6857152892090004,0.9462881130456237,1.7813975109372704,1.187598340624847,0.5325662392811297,2.625541253883528,0.10651324785622593,True,2276,2026-04,489,0.22085889570552147,0.16937003532983863,341,0.34,0.85,0.85,0.8499999999999998,0,0.01317271009060303,20,18,5
0,趋势多头,21,3d6cfeaab30b710d,2334.2509515284705,False,连续两个有机会开发月无交易|开发月最低胜率过低|累计胜率过低|有效开发月份不足|累计盈利因子不足|累计净R非正,18,0.34,0.85,1,2.0,1.2,0.0032,180,0.95,0.1,48,0.38,2,0.035,220,5.0,38,0,0,0.0,0.0,0.0,0.0,0.0,0.0,0.0,0.0,True,786,2025-11,231,0.2554112554112554,0.1897965245081348,353,0.34,0.85,0.71,0.7460906515580736,0,-0.0016576173662991578,0,0,0,0,0,0.0,0.0,0.0,0.0,0.0,0.0,0.0,0.0,True,1017,2025-12,353,0.24929178470254956,0.1865654089263538,308,0.34,0.85,0.71,0.7836242489807596,0,-0.0006467265869098682,0,0,0,9,3,0.3333333333333333,1.6856002114675028,0.9388227056598181,1.7954403971118686,0.8977201985559343,-0.5761355995563999,3.947333764901055,-0.06401506661737777,True,1370,2026-01,308,0.22402597402597402,0.16589414049224788,187,0.34,0.85,0.71,0.8330518885692585,3,0.04397908188514171,18,18,9,0,0,0.0,0.0,0.0,0.0,0.0,0.0,0.0,0.0,True,1678,2026-02,187,0.22459893048128343,0.17353811029089872,411,0.34,0.85,0.71,0.7559854014598539,0,0.00047943603638564425,0,0,0,0,0,0.0,0.0,0.0,0.0,0.0,0.0,0.0,0.0,True,1865,2026-03,411,0.19464720194647203,0.15634711102207483,489,0.34,0.85,0.71,0.7320046926696261,0,0.007978276633549441,0,0,0,5,2,0.4,1.6857152892090004,0.9462881130456237,1.7813975109372704,1.187598340624847,0.5325662392811297,2.625541253883528,0.10651324785622593,True,2276,2026-04,489,0.22085889570552147,0.16937003532983863,341,0.34,0.85,0.85,0.8499999999999998,0,0.01317271009060303,20,18,5
0,趋势多头,22,0d104edc83b9b988,2001.5356330628238,False,连续两个有机会开发月无交易|有效开发月份不足|开发交易样本不足,10,0.38,0.65,0,1.8,1.1,0.003,144,0.9,0.08,42,0.38,3,0.025,270,8.0,50,0,0,0.0,0.0,0.0,0.0,0.0,0.0,0.0,0.0,True,786,2025-11,231,0.2727272727272727,0.19619926320616268,353,0.38,0.65,0.55,0.5766284215547081,0,-0.010083478128669054,0,0,0,2,0,0.0,0.0,0.7938250911746433,0.0,0.0,-1.5876501823492866,1.5876501823492866,-0.7938250911746433,True,1017,2025-12,353,0.24645892351274787,0.18104983568347638,308,0.38,0.65,0.55,0.6219945154526944,0,0.0028303804331039073,2,2,2,0,0,0.0,0.0,0.0,0.0,0.0,0.0,0.0,0.0,True,1370,2026-01,308,0.24025974025974026,0.18239061871305498,187,0.38,0.65,0.55,0.5501345503094067,0,-0.00038455342456814035,0,0,0,0,0,0.0,0.0,0.0,0.0,0.0,0.0,0.0,0.0,True,1678,2026-02,187,0.25133689839572193,0.1881233771383917,411,0.38,0.65,0.55,0.582846715328467,0,-0.0016962388526139682,0,0,0,0,0,0.0,0.0,0.0,0.0,0.0,0.0,0.0,0.0,True,1865,2026-03,411,0.22384428223844283,0.17339947172649828,489,0.38,0.65,0.55,0.5659112720131972,0,0.004468542275104903,0,0,0,4,2,0.5,1.4649213375000394,1.3336549827175026,1.0984260220848603,1.0984260220848603,0.2625327095650736,2.667309965435005,0.0656331773912684,True,2276,2026-04,489,0.2310838445807771,0.17571227652037624,341,0.38,0.65,0.55,0.643108936355881,2,0.011643036881691826,11,10,4
0,趋势多头,23,a9a6c821b75d4e56,2001.5356330628238,False,连续两个有机会开发月无交易|有效开发月份不足|开发交易样本不足,10,0.38,0.65,1,1.8,1.1,0.003,144,0.9,0.08,42,0.38,3,0.025,270,8.0,50,0,0,0.0,0.0,0.0,0.0,0.0,0.0,0.0,0.0,True,786,2025-11,231,0.2727272727272727,0.19619926320616268,353,0.38,0.65,0.55,0.5766284215547081,0,-0.010083478128669054,0,0,0,2,0,0.0,0.0,0.7938250911746433,0.0,0.0,-1.5876501823492866,1.5876501823492866,-0.7938250911746433,True,1017,2025-12,353,0.24645892351274787,0.18104983568347638,308,0.38,0.65,0.55,0.6219945154526944,0,0.0028303804331039073,2,2,2,0,0,0.0,0.0,0.0,0.0,0.0,0.0,0.0,0.0,True,1370,2026-01,308,0.24025974025974026,0.18239061871305498,187,0.38,0.65,0.55,0.5501345503094067,0,-0.00038455342456814035,0,0,0,0,0,0.0,0.0,0.0,0.0,0.0,0.0,0.0,0.0,True,1678,2026-02,187,0.25133689839572193,0.1881233771383917,411,0.38,0.65,0.55,0.582846715328467,0,-0.0016962388526139682,0,0,0,0,0,0.0,0.0,0.0,0.0,0.0,0.0,0.0,0.0,True,1865,2026-03,411,0.22384428223844283,0.17339947172649828,489,0.38,0.65,0.55,0.5659112720131972,0,0.004468542275104903,0,0,0,4,2,0.5,1.4649213375000394,1.3336549827175026,1.0984260220848603,1.0984260220848603,0.2625327095650736,2.667309965435005,0.0656331773912684,True,2276,2026-04,489,0.2310838445807771,0.17571227652037624,341,0.38,0.65,0.55,0.643108936355881,2,0.011643036881691826,11,10,4
0,趋势多头,24,a6faeba9f20fbfdf,2001.5356330628238,False,连续两个有机会开发月无交易|有效开发月份不足|开发交易样本不足,10,0.38,0.65,3,1.8,1.1,0.003,144,0.9,0.08,42,0.38,3,0.025,270,8.0,50,0,0,0.0,0.0,0.0,0.0,0.0,0.0,0.0,0.0,True,786,2025-11,231,0.2727272727272727,0.19619926320616268,353,0.38,0.65,0.55,0.5766284215547081,0,-0.010083478128669054,0,0,0,2,0,0.0,0.0,0.7938250911746433,0.0,0.0,-1.5876501823492866,1.5876501823492866,-0.7938250911746433,True,1017,2025-12,353,0.24645892351274787,0.18104983568347638,308,0.38,0.65,0.55,0.6219945154526944,0,0.0028303804331039073,2,2,2,0,0,0.0,0.0,0.0,0.0,0.0,0.0,0.0,0.0,True,1370,2026-01,308,0.24025974025974026,0.18239061871305498,187,0.38,0.65,0.55,0.5501345503094067,0,-0.00038455342456814035,0,0,0,0,0,0.0,0.0,0.0,0.0,0.0,0.0,0.0,0.0,True,1678,2026-02,187,0.25133689839572193,0.1881233771383917,411,0.38,0.65,0.55,0.582846715328467,0,-0.0016962388526139682,0,0,0,0,0,0.0,0.0,0.0,0.0,0.0,0.0,0.0,0.0,True,1865,2026-03,411,0.22384428223844283,0.17339947172649828,489,0.38,0.65,0.55,0.5659112720131972,0,0.004468542275104903,0,0,0,4,2,0.5,1.4649213375000394,1.3336549827175026,1.0984260220848603,1.0984260220848603,0.2625327095650736,2.667309965435005,0.0656331773912684,True,2276,2026-04,489,0.2310838445807771,0.17571227652037624,341,0.38,0.65,0.55,0.643108936355881,2,0.011643036881691826,11,10,4
0,趋势多头,25,5d14a280c640a1c4,2001.5356330628238,False,连续两个有机会开发月无交易|有效开发月份不足|开发交易样本不足,10,0.38,0.75,0,1.8,1.1,0.003,144,0.9,0.08,42,0.38,3,0.025,270,8.0,50,0,0,0.0,0.0,0.0,0.0,0.0,0.0,0.0,0.0,True,786,2025-11,231,0.2727272727272727,0.19619926320616268,353,0.38,0.75,0.61,0.6515577387086126,0,-0.010083478128669054,0,0,0,2,0,0.0,0.0,0.7938250911746433,0.0,0.0,-1.5876501823492866,1.5876501823492866,-0.7938250911746433,True,1017,2025-12,353,0.24645892351274787,0.18104983568347638,308,0.38,0.75,0.6424913900230783,0.7211976716649632,0,0.0028303804331039073,2,2,2,0,0,0.0,0.0,0.0,0.0,0.0,0.0,0.0,0.0,True,1370,2026-01,308,0.24025974025974026,0.18239061871305498,187,0.38,0.75,0.61,0.6103484540527224,0,-0.00038455342456814035,0,0,0,0,0,0.0,0.0,0.0,0.0,0.0,0.0,0.0,0.0,True,1678,2026-02,187,0.25133689839572193,0.1881233771383917,411,0.38,0.75,0.61,0.6559854014598541,0,-0.0016962388526139682,0,0,0,0,0,0.0,0.0,0.0,0.0,0.0,0.0,0.0,0.0,True,1865,2026-03,411,0.22384428223844283,0.17339947172649828,489,0.38,0.75,0.61,0.6345920319291809,0,0.004468542275104903,0,0,0,4,2,0.5,1.4649213375000394,1.3336549827175026,1.0984260220848603,1.0984260220848603,0.2625327095650736,2.667309965435005,0.0656331773912684,True,2276,2026-04,489,0.2310838445807771,0.17571227652037624,341,0.38,0.75,0.61,0.7404109891418047,2,0.011643036881691826,11,10,4
0,趋势多头,26,72f34cbd5dab8873,2001.5356330628238,False,连续两个有机会开发月无交易|有效开发月份不足|开发交易样本不足,10,0.38,0.75,1,1.8,1.1,0.003,144,0.9,0.08,42,0.38,3,0.025,270,8.0,50,0,0,0.0,0.0,0.0,0.0,0.0,0.0,0.0,0.0,True,786,2025-11,231,0.2727272727272727,0.19619926320616268,353,0.38,0.75,0.61,0.6515577387086126,0,-0.010083478128669054,0,0,0,2,0,0.0,0.0,0.7938250911746433,0.0,0.0,-1.5876501823492866,1.5876501823492866,-0.7938250911746433,True,1017,2025-12,353,0.24645892351274787,0.18104983568347638,308,0.38,0.75,0.6424913900230783,0.7211976716649632,0,0.0028303804331039073,2,2,2,0,0,0.0,0.0,0.0,0.0,0.0,0.0,0.0,0.0,True,1370,2026-01,308,0.24025974025974026,0.18239061871305498,187,0.38,0.75,0.61,0.6103484540527224,0,-0.00038455342456814035,0,0,0,0,0,0.0,0.0,0.0,0.0,0.0,0.0,0.0,0.0,True,1678,2026-02,187,0.25133689839572193,0.1881233771383917,411,0.38,0.75,0.61,0.6559854014598541,0,-0.0016962388526139682,0,0,0,0,0,0.0,0.0,0.0,0.0,0.0,0.0,0.0,0.0,True,1865,2026-03,411,0.22384428223844283,0.17339947172649828,489,0.38,0.75,0.61,0.6345920319291809,0,0.004468542275104903,0,0,0,4,2,0.5,1.4649213375000394,1.3336549827175026,1.0984260220848603,1.0984260220848603,0.2625327095650736,2.667309965435005,0.0656331773912684,True,2276,2026-04,489,0.2310838445807771,0.17571227652037624,341,0.38,0.75,0.61,0.7404109891418047,2,0.011643036881691826,11,10,4
0,趋势多头,27,735e5e6fced82b73,2001.5356330628238,False,连续两个有机会开发月无交易|有效开发月份不足|开发交易样本不足,10,0.38,0.75,3,1.8,1.1,0.003,144,0.9,0.08,42,0.38,3,0.025,270,8.0,50,0,0,0.0,0.0,0.0,0.0,0.0,0.0,0.0,0.0,True,786,2025-11,231,0.2727272727272727,0.19619926320616268,353,0.38,0.75,0.61,0.6515577387086126,0,-0.010083478128669054,0,0,0,2,0,0.0,0.0,0.7938250911746433,0.0,0.0,-1.5876501823492866,1.5876501823492866,-0.7938250911746433,True,1017,2025-12,353,0.24645892351274787,0.18104983568347638,308,0.38,0.75,0.6424913900230783,0.7211976716649632,0,0.0028303804331039073,2,2,2,0,0,0.0,0.0,0.0,0.0,0.0,0.0,0.0,0.0,True,1370,2026-01,308,0.24025974025974026,0.18239061871305498,187,0.38,0.75,0.61,0.6103484540527224,0,-0.00038455342456814035,0,0,0,0,0,0.0,0.0,0.0,0.0,0.0,0.0,0.0,0.0,True,1678,2026-02,187,0.25133689839572193,0.1881233771383917,411,0.38,0.75,0.61,0.6559854014598541,0,-0.0016962388526139682,0,0,0,0,0,0.0,0.0,0.0,0.0,0.0,0.0,0.0,0.0,True,1865,2026-03,411,0.22384428223844283,0.17339947172649828,489,0.38,0.75,0.61,0.6345920319291809,0,0.004468542275104903,0,0,0,4,2,0.5,1.4649213375000394,1.3336549827175026,1.0984260220848603,1.0984260220848603,0.2625327095650736,2.667309965435005,0.0656331773912684,True,2276,2026-04,489,0.2310838445807771,0.17571227652037624,341,0.38,0.75,0.61,0.7404109891418047,2,0.011643036881691826,11,10,4
0,趋势多头,28,8f93e5ed8308d624,2001.5356330628238,False,连续两个有机会开发月无交易|有效开发月份不足|开发交易样本不足,10,0.38,0.85,0,1.8,1.1,0.003,144,0.9,0.08,42,0.38,3,0.025,270,8.0,50,0,0,0.0,0.0,0.0,0.0,0.0,0.0,0.0,0.0,True,786,2025-11,231,0.2727272727272727,0.19619926320616268,353,0.38,0.85,0.71,0.7515577387086124,0,-0.010083478128669054,0,0,0,2,0,0.0,0.0,0.7938250911746433,0.0,0.0,-1.5876501823492866,1.5876501823492866,-0.7938250911746433,True,1017,2025-12,353,0.24645892351274787,0.18104983568347638,308,0.38,0.85,0.7424913900230783,0.821197671664963,0,0.0028303804331039073,2,2,2,0,0,0.0,0.0,0.0,0.0,0.0,0.0,0.0,0.0,True,1370,2026-01,308,0.24025974025974026,0.18239061871305498,187,0.38,0.85,0.71,0.7103484540527223,0,-0.00038455342456814035,0,0,0,0,0,0.0,0.0,0.0,0.0,0.0,0.0,0.0,0.0,True,1678,2026-02,187,0.25133689839572193,0.1881233771383917,411,0.38,0.85,0.71,0.7559854014598539,0,-0.0016962388526139682,0,0,0,0,0,0.0,0.0,0.0,0.0,0.0,0.0,0.0,0.0,True,1865,2026-03,411,0.22384428223844283,0.17339947172649828,489,0.38,0.85,0.71,0.734592031929181,0,0.004468542275104903,0,0,0,4,2,0.5,1.4649213375000394,1.3336549827175026,1.0984260220848603,1.0984260220848603,0.2625327095650736,2.667309965435005,0.0656331773912684,True,2276,2026-04,489,0.2310838445807771,0.17571227652037624,341,0.38,0.85,0.71,0.8404109891418045,2,0.011643036881691826,11,10,4
0,趋势多头,29,e106d8875ad0cda2,2001.5356330628238,False,连续两个有机会开发月无交易|有效开发月份不足|开发交易样本不足,10,0.38,0.85,1,1.8,1.1,0.003,144,0.9,0.08,42,0.38,3,0.025,270,8.0,50,0,0,0.0,0.0,0.0,0.0,0.0,0.0,0.0,0.0,True,786,2025-11,231,0.2727272727272727,0.19619926320616268,353,0.38,0.85,0.71,0.7515577387086124,0,-0.010083478128669054,0,0,0,2,0,0.0,0.0,0.7938250911746433,0.0,0.0,-1.5876501823492866,1.5876501823492866,-0.7938250911746433,True,1017,2025-12,353,0.24645892351274787,0.18104983568347638,308,0.38,0.85,0.7424913900230783,0.821197671664963,0,0.0028303804331039073,2,2,2,0,0,0.0,0.0,0.0,0.0,0.0,0.0,0.0,0.0,True,1370,2026-01,308,0.24025974025974026,0.18239061871305498,187,0.38,0.85,0.71,0.7103484540527223,0,-0.00038455342456814035,0,0,0,0,0,0.0,0.0,0.0,0.0,0.0,0.0,0.0,0.0,True,1678,2026-02,187,0.25133689839572193,0.1881233771383917,411,0.38,0.85,0.71,0.7559854014598539,0,-0.0016962388526139682,0,0,0,0,0,0.0,0.0,0.0,0.0,0.0,0.0,0.0,0.0,True,1865,2026-03,411,0.22384428223844283,0.17339947172649828,489,0.38,0.85,0.71,0.734592031929181,0,0.004468542275104903,0,0,0,4,2,0.5,1.4649213375000394,1.3336549827175026,1.0984260220848603,1.0984260220848603,0.2625327095650736,2.667309965435005,0.0656331773912684,True,2276,2026-04,489,0.2310838445807771,0.17571227652037624,341,0.38,0.85,0.71,0.8404109891418045,2,0.011643036881691826,11,10,4
0,趋势多头,30,987ace979546cb03,2001.5356330628238,False,连续两个有机会开发月无交易|有效开发月份不足|开发交易样本不足,10,0.38,0.85,3,1.8,1.1,0.003,144,0.9,0.08,42,0.38,3,0.025,270,8.0,50,0,0,0.0,0.0,0.0,0.0,0.0,0.0,0.0,0.0,True,786,2025-11,231,0.2727272727272727,0.19619926320616268,353,0.38,0.85,0.71,0.7515577387086124,0,-0.010083478128669054,0,0,0,2,0,0.0,0.0,0.7938250911746433,0.0,0.0,-1.5876501823492866,1.5876501823492866,-0.7938250911746433,True,1017,2025-12,353,0.24645892351274787,0.18104983568347638,308,0.38,0.85,0.7424913900230783,0.821197671664963,0,0.0028303804331039073,2,2,2,0,0,0.0,0.0,0.0,0.0,0.0,0.0,0.0,0.0,True,1370,2026-01,308,0.24025974025974026,0.18239061871305498,187,0.38,0.85,0.71,0.7103484540527223,0,-0.00038455342456814035,0,0,0,0,0,0.0,0.0,0.0,0.0,0.0,0.0,0.0,0.0,True,1678,2026-02,187,0.25133689839572193,0.1881233771383917,411,0.38,0.85,0.71,0.7559854014598539,0,-0.0016962388526139682,0,0,0,0,0,0.0,0.0,0.0,0.0,0.0,0.0,0.0,0.0,True,1865,2026-03,411,0.22384428223844283,0.17339947172649828,489,0.38,0.85,0.71,0.734592031929181,0,0.004468542275104903,0,0,0,4,2,0.5,1.4649213375000394,1.3336549827175026,1.0984260220848603,1.0984260220848603,0.2625327095650736,2.667309965435005,0.0656331773912684,True,2276,2026-04,489,0.2310838445807771,0.17571227652037624,341,0.38,0.85,0.71,0.8404109891418045,2,0.011643036881691826,11,10,4
1,趋势空头,1,e1d955589a54cdcf,4722.487663084047,False,连续两个有机会开发月无交易|有效开发月份不足|开发交易样本不足,18,0.42,0.65,0,2.0,1.25,0.0034,180,1.0,0.12,48,0.38,2,0.035,220,5.0,38,0,0,0.0,0.0,0.0,0.0,0.0,0.0,0.0,0.0,True,665,2025-11,446,0.2713004484304933,0.19615694132461683,510,0.42,0.65,0.55,0.5669252287067461,0,0.021547935888408642,0,0,0,0,0,0.0,0.0,0.0,0.0,0.0,0.0,0.0,0.0,True,1111,2025-12,510,0.11764705882352941,0.10362745295029971,431,0.42,0.65,0.55,0.5551702443040445,0,-0.0034502377967292885,0,0,0,0,0,0.0,0.0,0.0,0.0,0.0,0.0,0.0,0.0,True,1621,2026-01,431,0.2737819025522042,0.19517405072176966,412,0.42,0.65,0.55,0.5862135922330096,0,0.007566469758515715,0,0,0,0,0,0.0,0.0,0.0,0.0,0.0,0.0,0.0,0.0,True,2052,2026-02,412,0.308252427184466,0.21247987418424602,287,0.42,0.65,0.55,0.5561118710883635,0,0.005125518471243262,0,0,0,3,2,0.6666666666666666,1.7060828700512227,1.2954475222327746,1.3169833905048471,2.6339667810096943,2.116718217869671,1.2954475222327746,0.7055727392898903,True,2464,2026-03,287,0.3170731707317073,0.21479063970198714,238,0.42,0.65,0.55,0.6486068255015658,5,0.046448793200190186,55,18,3,1,1,1.0,1.706139321703994,0.0,0.0,0.0,1.706139321703994,0.0,1.706139321703994,True,2751,2026-04,238,0.2605042016806723,0.17656962463502748,369,0.42,0.65,0.55,0.5499999999999999,1,-0.09517221010919774,1,1,1
1,趋势空头,2,4807cfc824fa0c5a,4722.487663084047,False,连续两个有机会开发月无交易|有效开发月份不足|开发交易样本不足,18,0.42,0.65,1,2.0,1.25,0.0034,180,1.0,0.12,48,0.38,2,0.035,220,5.0,38,0,0,0.0,0.0,0.0,0.0,0.0,0.0,0.0,0.0,True,665,2025-11,446,0.2713004484304933,0.19615694132461683,510,0.42,0.65,0.55,0.5669252287067461,0,0.021547935888408642,0,0,0,0,0,0.0,0.0,0.0,0.0,0.0,0.0,0.0,0.0,True,1111,2025-12,510,0.11764705882352941,0.10362745295029971,431,0.42,0.65,0.55,0.5551702443040445,0,-0.0034502377967292885,0,0,0,0,0,0.0,0.0,0.0,0.0,0.0,0.0,0.0,0.0,True,1621,2026-01,431,0.2737819025522042,0.19517405072176966,412,0.42,0.65,0.55,0.5862135922330096,0,0.007566469758515715,0,0,0,0,0,0.0,0.0,0.0,0.0,0.0,0.0,0.0,0.0,True,2052,2026-02,412,0.308252427184466,0.21247987418424602,287,0.42,0.65,0.55,0.5561118710883635,0,0.005125518471243262,0,0,0,3,2,0.6666666666666666,1.7060828700512227,1.2954475222327746,1.3169833905048471,2.6339667810096943,2.116718217869671,1.2954475222327746,0.7055727392898903,True,2464,2026-03,287,0.3170731707317073,0.21479063970198714,238,0.42,0.65,0.55,0.6486068255015658,5,0.046448793200190186,55,18,3,1,1,1.0,1.706139321703994,0.0,0.0,0.0,1.706139321703994,0.0,1.706139321703994,True,2751,2026-04,238,0.2605042016806723,0.17656962463502748,369,0.42,0.65,0.55,0.5499999999999999,1,-0.09517221010919774,1,1,1
1,趋势空头,3,6c844959188825f6,4722.487663084047,False,连续两个有机会开发月无交易|有效开发月份不足|开发交易样本不足,18,0.42,0.65,3,2.0,1.25,0.0034,180,1.0,0.12,48,0.38,2,0.035,220,5.0,38,0,0,0.0,0.0,0.0,0.0,0.0,0.0,0.0,0.0,True,665,2025-11,446,0.2713004484304933,0.19615694132461683,510,0.42,0.65,0.55,0.5669252287067461,0,0.021547935888408642,0,0,0,0,0,0.0,0.0,0.0,0.0,0.0,0.0,0.0,0.0,True,1111,2025-12,510,0.11764705882352941,0.10362745295029971,431,0.42,0.65,0.55,0.5551702443040445,0,-0.0034502377967292885,0,0,0,0,0,0.0,0.0,0.0,0.0,0.0,0.0,0.0,0.0,True,1621,2026-01,431,0.2737819025522042,0.19517405072176966,412,0.42,0.65,0.55,0.5862135922330096,0,0.007566469758515715,0,0,0,0,0,0.0,0.0,0.0,0.0,0.0,0.0,0.0,0.0,True,2052,2026-02,412,0.308252427184466,0.21247987418424602,287,0.42,0.65,0.55,0.5561118710883635,0,0.005125518471243262,0,0,0,3,2,0.6666666666666666,1.7060828700512227,1.2954475222327746,1.3169833905048471,2.6339667810096943,2.116718217869671,1.2954475222327746,0.7055727392898903,True,2464,2026-03,287,0.3170731707317073,0.21479063970198714,238,0.42,0.65,0.55,0.6486068255015658,5,0.046448793200190186,55,18,3,1,1,1.0,1.706139321703994,0.0,0.0,0.0,1.706139321703994,0.0,1.706139321703994,True,2751,2026-04,238,0.2605042016806723,0.17656962463502748,369,0.42,0.65,0.55,0.5499999999999999,1,-0.09517221010919774,1,1,1
1,趋势空头,4,7e1999ddf9bcb6c2,4722.487663084047,False,连续两个有机会开发月无交易|有效开发月份不足|开发交易样本不足,18,0.42,0.75,0,2.0,1.25,0.0034,180,1.0,0.12,48,0.38,2,0.035,220,5.0,38,0,0,0.0,0.0,0.0,0.0,0.0,0.0,0.0,0.0,True,665,2025-11,446,0.2713004484304933,0.19615694132461683,510,0.42,0.75,0.61,0.6350820914518442,0,0.021547935888408642,0,0,0,0,0,0.0,0.0,0.0,0.0,0.0,0.0,0.0,0.0,True,1111,2025-12,510,0.11764705882352941,0.10362745295029971,431,0.42,0.75,0.61,0.6182702203902514,0,-0.0034502377967292885,0,0,0,0,0,0.0,0.0,0.0,0.0,0.0,0.0,0.0,0.0,True,1621,2026-01,431,0.2737819025522042,0.19517405072176966,412,0.42,0.75,0.61,0.6610679611650486,0,0.007566469758515715,0,0,0,0,0,0.0,0.0,0.0,0.0,0.0,0.0,0.0,0.0,True,2052,2026-02,412,0.308252427184466,0.21247987418424602,287,0.42,0.75,0.61,0.624458175817006,0,0.005125518471243262,0,0,0,3,2,0.6666666666666666,1.7060828700512227,1.2954475222327746,1.3169833905048471,2.6339667810096943,2.116718217869671,1.2954475222327746,0.7055727392898903,True,2464,2026-03,287,0.3170731707317073,0.21479063970198714,238,0.42,0.75,0.61,0.7484059459909811,5,0.046448793200190186,55,18,3,1,1,1.0,1.706139321703994,0.0,0.0,0.0,1.706139321703994,0.0,1.706139321703994,True,2751,2026-04,238,0.2605042016806723,0.17656962463502748,369,0.42,0.75,0.61,0.621387638699493,1,-0.09517221010919774,1,1,1
1,趋势空头,5,ac7672da3f025bdb,4722.487663084047,False,连续两个有机会开发月无交易|有效开发月份不足|开发交易样本不足,18,0.42,0.75,1,2.0,1.25,0.0034,180,1.0,0.12,48,0.38,2,0.035,220,5.0,38,0,0,0.0,0.0,0.0,0.0,0.0,0.0,0.0,0.0,True,665,2025-11,446,0.2713004484304933,0.19615694132461683,510,0.42,0.75,0.61,0.6350820914518442,0,0.021547935888408642,0,0,0,0,0,0.0,0.0,0.0,0.0,0.0,0.0,0.0,0.0,True,1111,2025-12,510,0.11764705882352941,0.10362745295029971,431,0.42,0.75,0.61,0.6182702203902514,0,-0.0034502377967292885,0,0,0,0,0,0.0,0.0,0.0,0.0,0.0,0.0,0.0,0.0,True,1621,2026-01,431,0.2737819025522042,0.19517405072176966,412,0.42,0.75,0.61,0.6610679611650486,0,0.007566469758515715,0,0,0,0,0,0.0,0.0,0.0,0.0,0.0,0.0,0.0,0.0,True,2052,2026-02,412,0.308252427184466,0.21247987418424602,287,0.42,0.75,0.61,0.624458175817006,0,0.005125518471243262,0,0,0,3,2,0.6666666666666666,1.7060828700512227,1.2954475222327746,1.3169833905048471,2.6339667810096943,2.116718217869671,1.2954475222327746,0.7055727392898903,True,2464,2026-03,287,0.3170731707317073,0.21479063970198714,238,0.42,0.75,0.61,0.7484059459909811,5,0.046448793200190186,55,18,3,1,1,1.0,1.706139321703994,0.0,0.0,0.0,1.706139321703994,0.0,1.706139321703994,True,2751,2026-04,238,0.2605042016806723,0.17656962463502748,369,0.42,0.75,0.61,0.621387638699493,1,-0.09517221010919774,1,1,1
1,趋势空头,6,50c61bde58bcc032,4722.487663084047,False,连续两个有机会开发月无交易|有效开发月份不足|开发交易样本不足,18,0.42,0.75,3,2.0,1.25,0.0034,180,1.0,0.12,48,0.38,2,0.035,220,5.0,38,0,0,0.0,0.0,0.0,0.0,0.0,0.0,0.0,0.0,True,665,2025-11,446,0.2713004484304933,0.19615694132461683,510,0.42,0.75,0.61,0.6350820914518442,0,0.021547935888408642,0,0,0,0,0,0.0,0.0,0.0,0.0,0.0,0.0,0.0,0.0,True,1111,2025-12,510,0.11764705882352941,0.10362745295029971,431,0.42,0.75,0.61,0.6182702203902514,0,-0.0034502377967292885,0,0,0,0,0,0.0,0.0,0.0,0.0,0.0,0.0,0.0,0.0,True,1621,2026-01,431,0.2737819025522042,0.19517405072176966,412,0.42,0.75,0.61,0.6610679611650486,0,0.007566469758515715,0,0,0,0,0,0.0,0.0,0.0,0.0,0.0,0.0,0.0,0.0,True,2052,2026-02,412,0.308252427184466,0.21247987418424602,287,0.42,0.75,0.61,0.624458175817006,0,0.005125518471243262,0,0,0,3,2,0.6666666666666666,1.7060828700512227,1.2954475222327746,1.3169833905048471,2.6339667810096943,2.116718217869671,1.2954475222327746,0.7055727392898903,True,2464,2026-03,287,0.3170731707317073,0.21479063970198714,238,0.42,0.75,0.61,0.7484059459909811,5,0.046448793200190186,55,18,3,1,1,1.0,1.706139321703994,0.0,0.0,0.0,1.706139321703994,0.0,1.706139321703994,True,2751,2026-04,238,0.2605042016806723,0.17656962463502748,369,0.42,0.75,0.61,0.621387638699493,1,-0.09517221010919774,1,1,1
1,趋势空头,7,ef470cb0f508f936,4722.487663084047,False,连续两个有机会开发月无交易|有效开发月份不足|开发交易样本不足,18,0.42,0.85,0,2.0,1.25,0.0034,180,1.0,0.12,48,0.38,2,0.035,220,5.0,38,0,0,0.0,0.0,0.0,0.0,0.0,0.0,0.0,0.0,True,665,2025-11,446,0.2713004484304933,0.19615694132461683,510,0.42,0.85,0.71,0.7350820914518444,0,0.021547935888408642,0,0,0,0,0,0.0,0.0,0.0,0.0,0.0,0.0,0.0,0.0,True,1111,2025-12,510,0.11764705882352941,0.10362745295029971,431,0.42,0.85,0.71,0.7182702203902511,0,-0.0034502377967292885,0,0,0,0,0,0.0,0.0,0.0,0.0,0.0,0.0,0.0,0.0,True,1621,2026-01,431,0.2737819025522042,0.19517405072176966,412,0.42,0.85,0.71,0.7610679611650484,0,0.007566469758515715,0,0,0,0,0,0.0,0.0,0.0,0.0,0.0,0.0,0.0,0.0,True,2052,2026-02,412,0.308252427184466,0.21247987418424602,287,0.42,0.85,0.71,0.7244581758170061,0,0.005125518471243262,0,0,0,3,2,0.6666666666666666,1.7060828700512227,1.2954475222327746,1.3169833905048471,2.6339667810096943,2.116718217869671,1.2954475222327746,0.7055727392898903,True,2464,2026-03,287,0.3170731707317073,0.21479063970198714,238,0.42,0.85,0.71,0.8484059459909806,5,0.046448793200190186,55,18,3,1,1,1.0,1.706139321703994,0.0,0.0,0.0,1.706139321703994,0.0,1.706139321703994,True,2751,2026-04,238,0.2605042016806723,0.17656962463502748,369,0.42,0.85,0.71,0.721387638699493,1,-0.09517221010919774,1,1,1
1,趋势空头,8,15766d30df65ab49,4722.487663084047,False,连续两个有机会开发月无交易|有效开发月份不足|开发交易样本不足,18,0.42,0.85,1,2.0,1.25,0.0034,180,1.0,0.12,48,0.38,2,0.035,220,5.0,38,0,0,0.0,0.0,0.0,0.0,0.0,0.0,0.0,0.0,True,665,2025-11,446,0.2713004484304933,0.19615694132461683,510,0.42,0.85,0.71,0.7350820914518444,0,0.021547935888408642,0,0,0,0,0,0.0,0.0,0.0,0.0,0.0,0.0,0.0,0.0,True,1111,2025-12,510,0.11764705882352941,0.10362745295029971,431,0.42,0.85,0.71,0.7182702203902511,0,-0.0034502377967292885,0,0,0,0,0,0.0,0.0,0.0,0.0,0.0,0.0,0.0,0.0,True,1621,2026-01,431,0.2737819025522042,0.19517405072176966,412,0.42,0.85,0.71,0.7610679611650484,0,0.007566469758515715,0,0,0,0,0,0.0,0.0,0.0,0.0,0.0,0.0,0.0,0.0,True,2052,2026-02,412,0.308252427184466,0.21247987418424602,287,0.42,0.85,0.71,0.7244581758170061,0,0.005125518471243262,0,0,0,3,2,0.6666666666666666,1.7060828700512227,1.2954475222327746,1.3169833905048471,2.6339667810096943,2.116718217869671,1.2954475222327746,0.7055727392898903,True,2464,2026-03,287,0.3170731707317073,0.21479063970198714,238,0.42,0.85,0.71,0.8484059459909806,5,0.046448793200190186,55,18,3,1,1,1.0,1.706139321703994,0.0,0.0,0.0,1.706139321703994,0.0,1.706139321703994,True,2751,2026-04,238,0.2605042016806723,0.17656962463502748,369,0.42,0.85,0.71,0.721387638699493,1,-0.09517221010919774,1,1,1
1,趋势空头,9,0341d4785ac89338,4722.487663084047,False,连续两个有机会开发月无交易|有效开发月份不足|开发交易样本不足,18,0.42,0.85,3,2.0,1.25,0.0034,180,1.0,0.12,48,0.38,2,0.035,220,5.0,38,0,0,0.0,0.0,0.0,0.0,0.0,0.0,0.0,0.0,True,665,2025-11,446,0.2713004484304933,0.19615694132461683,510,0.42,0.85,0.71,0.7350820914518444,0,0.021547935888408642,0,0,0,0,0,0.0,0.0,0.0,0.0,0.0,0.0,0.0,0.0,True,1111,2025-12,510,0.11764705882352941,0.10362745295029971,431,0.42,0.85,0.71,0.7182702203902511,0,-0.0034502377967292885,0,0,0,0,0,0.0,0.0,0.0,0.0,0.0,0.0,0.0,0.0,True,1621,2026-01,431,0.2737819025522042,0.19517405072176966,412,0.42,0.85,0.71,0.7610679611650484,0,0.007566469758515715,0,0,0,0,0,0.0,0.0,0.0,0.0,0.0,0.0,0.0,0.0,True,2052,2026-02,412,0.308252427184466,0.21247987418424602,287,0.42,0.85,0.71,0.7244581758170061,0,0.005125518471243262,0,0,0,3,2,0.6666666666666666,1.7060828700512227,1.2954475222327746,1.3169833905048471,2.6339667810096943,2.116718217869671,1.2954475222327746,0.7055727392898903,True,2464,2026-03,287,0.3170731707317073,0.21479063970198714,238,0.42,0.85,0.71,0.8484059459909806,5,0.046448793200190186,55,18,3,1,1,1.0,1.706139321703994,0.0,0.0,0.0,1.706139321703994,0.0,1.706139321703994,True,2751,2026-04,238,0.2605042016806723,0.17656962463502748,369,0.42,0.85,0.71,0.721387638699493,1,-0.09517221010919774,1,1,1
1,趋势空头,10,ff0e1ce792f7c52b,4127.414047019619,False,连续两个有机会开发月无交易|开发交易样本不足,10,0.34,0.65,0,2.2,1.4,0.0036,216,1.1,0.15,60,0.35,3,0.025,270,8.0,50,0,0,0.0,0.0,0.0,0.0,0.0,0.0,0.0,0.0,True,665,2025-11,446,0.26681614349775784,0.1951852744921041,510,0.34,0.65,0.55,0.5684660856649679,0,0.012286982914144207,0,0,0,0,0,0.0,0.0,0.0,0.0,0.0,0.0,0.0,0.0,True,1111,2025-12,510,0.10588235294117647,0.09259118363500932,431,0.34,0.65,0.55,0.557382577493165,0,-0.0040997792001118555,0,0,0,1,0,0.0,0.0,0.12858066313385919,0.0,0.0,-0.12858066313385919,0.12858066313385919,-0.12858066313385919,True,1621,2026-01,431,0.28074245939675174,0.20124651204201474,412,0.34,0.65,0.55,0.5870930026047833,1,0.01563085489731958,1,1,1,0,0,0.0,0.0,0.0,0.0,0.0,0.0,0.0,0.0,True,2052,2026-02,412,0.3179611650485437,0.21676983520681783,287,0.34,0.65,0.55,0.5638381767795422,0,0.004023811475858841,0,0,0,1,1,1.0,1.9225468028983999,0.0,0.0,0.0,1.9225468028983999,0.0,1.9225468028983999,True,2464,2026-03,287,0.30662020905923343,0.21241892862755068,238,0.34,0.65,0.55,0.6491320373120056,3,0.012631445005285902,61,10,1,4,2,0.5,1.9226239819775262,1.2789735812945318,1.5032554308365886,1.5032554308365886,1.2873008013659888,2.5579471625890635,0.3218252003414972,True,2751,2026-04,238,0.23949579831932774,0.1640564800439964,369,0.34,0.65,0.570455240842731,0.6471929666516704,1,-0.07679749562928673,12,10,4
1,趋势空头,11,141dfe089aec3b65,4127.414047019619,False,连续两个有机会开发月无交易|开发交易样本不足,10,0.34,0.65,1,2.2,1.4,0.0036,216,1.1,0.15,60,0.35,3,0.025,270,8.0,50,0,0,0.0,0.0,0.0,0.0,0.0,0.0,0.0,0.0,True,665,2025-11,446,0.26681614349775784,0.1951852744921041,510,0.34,0.65,0.55,0.5684660856649679,0,0.012286982914144207,0,0,0,0,0,0.0,0.0,0.0,0.0,0.0,0.0,0.0,0.0,True,1111,2025-12,510,0.10588235294117647,0.09259118363500932,431,0.34,0.65,0.55,0.557382577493165,0,-0.0040997792001118555,0,0,0,1,0,0.0,0.0,0.12858066313385919,0.0,0.0,-0.12858066313385919,0.12858066313385919,-0.12858066313385919,True,1621,2026-01,431,0.28074245939675174,0.20124651204201474,412,0.34,0.65,0.55,0.5870930026047833,1,0.01563085489731958,1,1,1,0,0,0.0,0.0,0.0,0.0,0.0,0.0,0.0,0.0,True,2052,2026-02,412,0.3179611650485437,0.21676983520681783,287,0.34,0.65,0.55,0.5638381767795422,0,0.004023811475858841,0,0,0,1,1,1.0,1.9225468028983999,0.0,0.0,0.0,1.9225468028983999,0.0,1.9225468028983999,True,2464,2026-03,287,0.30662020905923343,0.21241892862755068,238,0.34,0.65,0.55,0.6491320373120056,3,0.012631445005285902,61,10,1,4,2,0.5,1.9226239819775262,1.2789735812945318,1.5032554308365886,1.5032554308365886,1.2873008013659888,2.5579471625890635,0.3218252003414972,True,2751,2026-04,238,0.23949579831932774,0.1640564800439964,369,0.34,0.65,0.570455240842731,0.6471929666516704,1,-0.07679749562928673,12,10,4
1,趋势空头,12,be6dee9c74d3a072,4127.414047019619,False,连续两个有机会开发月无交易|开发交易样本不足,10,0.34,0.65,3,2.2,1.4,0.0036,216,1.1,0.15,60,0.35,3,0.025,270,8.0,50,0,0,0.0,0.0,0.0,0.0,0.0,0.0,0.0,0.0,True,665,2025-11,446,0.26681614349775784,0.1951852744921041,510,0.34,0.65,0.55,0.5684660856649679,0,0.012286982914144207,0,0,0,0,0,0.0,0.0,0.0,0.0,0.0,0.0,0.0,0.0,True,1111,2025-12,510,0.10588235294117647,0.09259118363500932,431,0.34,0.65,0.55,0.557382577493165,0,-0.0040997792001118555,0,0,0,1,0,0.0,0.0,0.12858066313385919,0.0,0.0,-0.12858066313385919,0.12858066313385919,-0.12858066313385919,True,1621,2026-01,431,0.28074245939675174,0.20124651204201474,412,0.34,0.65,0.55,0.5870930026047833,1,0.01563085489731958,1,1,1,0,0,0.0,0.0,0.0,0.0,0.0,0.0,0.0,0.0,True,2052,2026-02,412,0.3179611650485437,0.21676983520681783,287,0.34,0.65,0.55,0.5638381767795422,0,0.004023811475858841,0,0,0,1,1,1.0,1.9225468028983999,0.0,0.0,0.0,1.9225468028983999,0.0,1.9225468028983999,True,2464,2026-03,287,0.30662020905923343,0.21241892862755068,238,0.34,0.65,0.55,0.6491320373120056,3,0.012631445005285902,61,10,1,4,2,0.5,1.9226239819775262,1.2789735812945318,1.5032554308365886,1.5032554308365886,1.2873008013659888,2.5579471625890635,0.3218252003414972,True,2751,2026-04,238,0.23949579831932774,0.1640564800439964,369,0.34,0.65,0.570455240842731,0.6471929666516704,1,-0.07679749562928673,12,10,4
1,趋势空头,13,54be94593f2d6efe,4127.414047019619,False,连续两个有机会开发月无交易|开发交易样本不足,10,0.34,0.75,0,2.2,1.4,0.0036,216,1.1,0.15,60,0.35,3,0.025,270,8.0,50,0,0,0.0,0.0,0.0,0.0,0.0,0.0,0.0,0.0,True,665,2025-11,446,0.26681614349775784,0.1951852744921041,510,0.34,0.75,0.61,0.636622948410066,0,0.012286982914144207,0,0,0,0,0,0.0,0.0,0.0,0.0,0.0,0.0,0.0,0.0,True,1111,2025-12,510,0.10588235294117647,0.09259118363500932,431,0.34,0.75,0.61,0.6242480770085,0,-0.0040997792001118555,0,0,0,1,0,0.0,0.0,0.12858066313385919,0.0,0.0,-0.12858066313385919,0.12858066313385919,-0.12858066313385919,True,1621,2026-01,431,0.28074245939675174,0.20124651204201474,412,0.34,0.75,0.61,0.6663986690864783,1,0.01563085489731958,1,1,1,0,0,0.0,0.0,0.0,0.0,0.0,0.0,0.0,0.0,True,2052,2026-02,412,0.3179611650485437,0.21676983520681783,287,0.34,0.75,0.61,0.6357400015778285,0,0.004023811475858841,0,0,0,1,1,1.0,1.9225468028983999,0.0,0.0,0.0,1.9225468028983999,0.0,1.9225468028983999,True,2464,2026-03,287,0.30662020905923343,0.21241892862755068,238,0.34,0.75,0.61,0.7489639700851147,3,0.012631445005285902,61,10,1,4,2,0.5,1.9226239819775262,1.2789735812945318,1.5032554308365886,1.5032554308365886,1.2873008013659888,2.5579471625890635,0.3218252003414972,True,2751,2026-04,238,0.23949579831932774,0.1640564800439964,369,0.34,0.75,0.670455240842731,0.7471929666516701,1,-0.07679749562928673,12,10,4
1,趋势空头,14,c97ce65ed90fc4b4,4127.414047019619,False,连续两个有机会开发月无交易|开发交易样本不足,10,0.34,0.75,1,2.2,1.4,0.0036,216,1.1,0.15,60,0.35,3,0.025,270,8.0,50,0,0,0.0,0.0,0.0,0.0,0.0,0.0,0.0,0.0,True,665,2025-11,446,0.26681614349775784,0.1951852744921041,510,0.34,0.75,0.61,0.636622948410066,0,0.012286982914144207,0,0,0,0,0,0.0,0.0,0.0,0.0,0.0,0.0,0.0,0.0,True,1111,2025-12,510,0.10588235294117647,0.09259118363500932,431,0.34,0.75,0.61,0.6242480770085,0,-0.0040997792001118555,0,0,0,1,0,0.0,0.0,0.12858066313385919,0.0,0.0,-0.12858066313385919,0.12858066313385919,-0.12858066313385919,True,1621,2026-01,431,0.28074245939675174,0.20124651204201474,412,0.34,0.75,0.61,0.6663986690864783,1,0.01563085489731958,1,1,1,0,0,0.0,0.0,0.0,0.0,0.0,0.0,0.0,0.0,True,2052,2026-02,412,0.3179611650485437,0.21676983520681783,287,0.34,0.75,0.61,0.6357400015778285,0,0.004023811475858841,0,0,0,1,1,1.0,1.9225468028983999,0.0,0.0,0.0,1.9225468028983999,0.0,1.9225468028983999,True,2464,2026-03,287,0.30662020905923343,0.21241892862755068,238,0.34,0.75,0.61,0.7489639700851147,3,0.012631445005285902,61,10,1,4,2,0.5,1.9226239819775262,1.2789735812945318,1.5032554308365886,1.5032554308365886,1.2873008013659888,2.5579471625890635,0.3218252003414972,True,2751,2026-04,238,0.23949579831932774,0.1640564800439964,369,0.34,0.75,0.670455240842731,0.7471929666516701,1,-0.07679749562928673,12,10,4
1,趋势空头,15,c84e59c586a33d9b,4127.414047019619,False,连续两个有机会开发月无交易|开发交易样本不足,10,0.34,0.75,3,2.2,1.4,0.0036,216,1.1,0.15,60,0.35,3,0.025,270,8.0,50,0,0,0.0,0.0,0.0,0.0,0.0,0.0,0.0,0.0,True,665,2025-11,446,0.26681614349775784,0.1951852744921041,510,0.34,0.75,0.61,0.636622948410066,0,0.012286982914144207,0,0,0,0,0,0.0,0.0,0.0,0.0,0.0,0.0,0.0,0.0,True,1111,2025-12,510,0.10588235294117647,0.09259118363500932,431,0.34,0.75,0.61,0.6242480770085,0,-0.0040997792001118555,0,0,0,1,0,0.0,0.0,0.12858066313385919,0.0,0.0,-0.12858066313385919,0.12858066313385919,-0.12858066313385919,True,1621,2026-01,431,0.28074245939675174,0.20124651204201474,412,0.34,0.75,0.61,0.6663986690864783,1,0.01563085489731958,1,1,1,0,0,0.0,0.0,0.0,0.0,0.0,0.0,0.0,0.0,True,2052,2026-02,412,0.3179611650485437,0.21676983520681783,287,0.34,0.75,0.61,0.6357400015778285,0,0.004023811475858841,0,0,0,1,1,1.0,1.9225468028983999,0.0,0.0,0.0,1.9225468028983999,0.0,1.9225468028983999,True,2464,2026-03,287,0.30662020905923343,0.21241892862755068,238,0.34,0.75,0.61,0.7489639700851147,3,0.012631445005285902,61,10,1,4,2,0.5,1.9226239819775262,1.2789735812945318,1.5032554308365886,1.5032554308365886,1.2873008013659888,2.5579471625890635,0.3218252003414972,True,2751,2026-04,238,0.23949579831932774,0.1640564800439964,369,0.34,0.75,0.670455240842731,0.7471929666516701,1,-0.07679749562928673,12,10,4
1,趋势空头,16,f99a8be106cf9327,4127.414047019619,False,连续两个有机会开发月无交易|开发交易样本不足,10,0.34,0.85,0,2.2,1.4,0.0036,216,1.1,0.15,60,0.35,3,0.025,270,8.0,50,0,0,0.0,0.0,0.0,0.0,0.0,0.0,0.0,0.0,True,665,2025-11,446,0.26681614349775784,0.1951852744921041,510,0.34,0.85,0.71,0.7366229484100661,0,0.012286982914144207,0,0,0,0,0,0.0,0.0,0.0,0.0,0.0,0.0,0.0,0.0,True,1111,2025-12,510,0.10588235294117647,0.09259118363500932,431,0.34,0.85,0.71,0.7242480770085001,0,-0.0040997792001118555,0,0,0,1,0,0.0,0.0,0.12858066313385919,0.0,0.0,-0.12858066313385919,0.12858066313385919,-0.12858066313385919,True,1621,2026-01,431,0.28074245939675174,0.20124651204201474,412,0.34,0.85,0.71,0.7663986690864782,1,0.01563085489731958,1,1,1,0,0,0.0,0.0,0.0,0.0,0.0,0.0,0.0,0.0,True,2052,2026-02,412,0.3179611650485437,0.21676983520681783,287,0.34,0.85,0.71,0.7357400015778285,0,0.004023811475858841,0,0,0,1,1,1.0,1.9225468028983999,0.0,0.0,0.0,1.9225468028983999,0.0,1.9225468028983999,True,2464,2026-03,287,0.30662020905923343,0.21241892862755068,238,0.34,0.85,0.71,0.8489639700851144,3,0.012631445005285902,61,10,1,4,2,0.5,1.9226239819775262,1.2789735812945318,1.5032554308365886,1.5032554308365886,1.2873008013659888,2.5579471625890635,0.3218252003414972,True,2751,2026-04,238,0.23949579831932774,0.1640564800439964,369,0.34,0.85,0.767517250667804,0.842119594322144,4,-0.07679749562928673,9,9,4
1,趋势空头,17,ee6a6de47d901a25,4127.414047019619,False,连续两个有机会开发月无交易|开发交易样本不足,10,0.34,0.85,1,2.2,1.4,0.0036,216,1.1,0.15,60,0.35,3,0.025,270,8.0,50,0,0,0.0,0.0,0.0,0.0,0.0,0.0,0.0,0.0,True,665,2025-11,446,0.26681614349775784,0.1951852744921041,510,0.34,0.85,0.71,0.7366229484100661,0,0.012286982914144207,0,0,0,0,0,0.0,0.0,0.0,0.0,0.0,0.0,0.0,0.0,True,1111,2025-12,510,0.10588235294117647,0.09259118363500932,431,0.34,0.85,0.71,0.7242480770085001,0,-0.0040997792001118555,0,0,0,1,0,0.0,0.0,0.12858066313385919,0.0,0.0,-0.12858066313385919,0.12858066313385919,-0.12858066313385919,True,1621,2026-01,431,0.28074245939675174,0.20124651204201474,412,0.34,0.85,0.71,0.7663986690864782,1,0.01563085489731958,1,1,1,0,0,0.0,0.0,0.0,0.0,0.0,0.0,0.0,0.0,True,2052,2026-02,412,0.3179611650485437,0.21676983520681783,287,0.34,0.85,0.71,0.7357400015778285,0,0.004023811475858841,0,0,0,1,1,1.0,1.9225468028983999,0.0,0.0,0.0,1.9225468028983999,0.0,1.9225468028983999,True,2464,2026-03,287,0.30662020905923343,0.21241892862755068,238,0.34,0.85,0.71,0.8489639700851144,3,0.012631445005285902,61,10,1,4,2,0.5,1.9226239819775262,1.2789735812945318,1.5032554308365886,1.5032554308365886,1.2873008013659888,2.5579471625890635,0.3218252003414972,True,2751,2026-04,238,0.23949579831932774,0.1640564800439964,369,0.34,0.85,0.767517250667804,0.842119594322144,4,-0.07679749562928673,9,9,4
1,趋势空头,18,4033ad4beb421750,4127.414047019619,False,连续两个有机会开发月无交易|开发交易样本不足,10,0.34,0.85,3,2.2,1.4,0.0036,216,1.1,0.15,60,0.35,3,0.025,270,8.0,50,0,0,0.0,0.0,0.0,0.0,0.0,0.0,0.0,0.0,True,665,2025-11,446,0.26681614349775784,0.1951852744921041,510,0.34,0.85,0.71,0.7366229484100661,0,0.012286982914144207,0,0,0,0,0,0.0,0.0,0.0,0.0,0.0,0.0,0.0,0.0,True,1111,2025-12,510,0.10588235294117647,0.09259118363500932,431,0.34,0.85,0.71,0.7242480770085001,0,-0.0040997792001118555,0,0,0,1,0,0.0,0.0,0.12858066313385919,0.0,0.0,-0.12858066313385919,0.12858066313385919,-0.12858066313385919,True,1621,2026-01,431,0.28074245939675174,0.20124651204201474,412,0.34,0.85,0.71,0.7663986690864782,1,0.01563085489731958,1,1,1,0,0,0.0,0.0,0.0,0.0,0.0,0.0,0.0,0.0,True,2052,2026-02,412,0.3179611650485437,0.21676983520681783,287,0.34,0.85,0.71,0.7357400015778285,0,0.004023811475858841,0,0,0,1,1,1.0,1.9225468028983999,0.0,0.0,0.0,1.9225468028983999,0.0,1.9225468028983999,True,2464,2026-03,287,0.30662020905923343,0.21241892862755068,238,0.34,0.85,0.71,0.8489639700851144,3,0.012631445005285902,61,10,1,4,2,0.5,1.9226239819775262,1.2789735812945318,1.5032554308365886,1.5032554308365886,1.2873008013659888,2.5579471625890635,0.3218252003414972,True,2751,2026-04,238,0.23949579831932774,0.1640564800439964,369,0.34,0.85,0.767517250667804,0.842119594322144,4,-0.07679749562928673,9,9,4
1,趋势空头,19,a5052b16b407067b,4071.414047019619,False,连续两个有机会开发月无交易|开发交易样本不足,14,0.34,0.65,0,2.2,1.4,0.0036,216,1.1,0.15,60,0.35,3,0.025,270,8.0,50,0,0,0.0,0.0,0.0,0.0,0.0,0.0,0.0,0.0,True,665,2025-11,446,0.26681614349775784,0.1951852744921041,510,0.34,0.65,0.55,0.567695657185857,0,0.012286982914144207,0,0,0,0,0,0.0,0.0,0.0,0.0,0.0,0.0,0.0,0.0,True,1111,2025-12,510,0.10588235294117647,0.09259118363500932,431,0.34,0.65,0.55,0.5556539580776392,0,-0.0040997792001118555,0,0,0,1,0,0.0,0.0,0.12858066313385919,0.0,0.0,-0.12858066313385919,0.12858066313385919,-0.12858066313385919,True,1621,2026-01,431,0.28074245939675174,0.20124651204201474,412,0.34,0.65,0.55,0.5864185544768069,1,0.01563085489731958,1,1,1,0,0,0.0,0.0,0.0,0.0,0.0,0.0,0.0,0.0,True,2052,2026-02,412,0.3179611650485437,0.21676983520681783,287,0.34,0.65,0.55,0.5593093657220712,0,0.004023811475858841,0,0,0,1,1,1.0,1.9225468028983999,0.0,0.0,0.0,1.9225468028983999,0.0,1.9225468028983999,True,2464,2026-03,287,0.30662020905923343,0.21241892862755068,238,0.34,0.65,0.55,0.6488551818519817,4,0.012631445005285902,61,14,1,4,2,0.5,1.9226239819775262,1.2789735812945318,1.5032554308365886,1.5032554308365886,1.2873008013659888,2.5579471625890635,0.3218252003414972,True,2751,2026-04,238,0.23949579831932774,0.1640564800439964,369,0.34,0.65,0.55,0.6447469614561145,4,-0.07679749562928673,12,12,4
1,趋势空头,20,d56a5400b0079dee,4071.414047019619,False,连续两个有机会开发月无交易|开发交易样本不足,14,0.34,0.65,1,2.2,1.4,0.0036,216,1.1,0.15,60,0.35,3,0.025,270,8.0,50,0,0,0.0,0.0,0.0,0.0,0.0,0.0,0.0,0.0,True,665,2025-11,446,0.26681614349775784,0.1951852744921041,510,0.34,0.65,0.55,0.567695657185857,0,0.012286982914144207,0,0,0,0,0,0.0,0.0,0.0,0.0,0.0,0.0,0.0,0.0,True,1111,2025-12,510,0.10588235294117647,0.09259118363500932,431,0.34,0.65,0.55,0.5556539580776392,0,-0.0040997792001118555,0,0,0,1,0,0.0,0.0,0.12858066313385919,0.0,0.0,-0.12858066313385919,0.12858066313385919,-0.12858066313385919,True,1621,2026-01,431,0.28074245939675174,0.20124651204201474,412,0.34,0.65,0.55,0.5864185544768069,1,0.01563085489731958,1,1,1,0,0,0.0,0.0,0.0,0.0,0.0,0.0,0.0,0.0,True,2052,2026-02,412,0.3179611650485437,0.21676983520681783,287,0.34,0.65,0.55,0.5593093657220712,0,0.004023811475858841,0,0,0,1,1,1.0,1.9225468028983999,0.0,0.0,0.0,1.9225468028983999,0.0,1.9225468028983999,True,2464,2026-03,287,0.30662020905923343,0.21241892862755068,238,0.34,0.65,0.55,0.6488551818519817,4,0.012631445005285902,61,14,1,4,2,0.5,1.9226239819775262,1.2789735812945318,1.5032554308365886,1.5032554308365886,1.2873008013659888,2.5579471625890635,0.3218252003414972,True,2751,2026-04,238,0.23949579831932774,0.1640564800439964,369,0.34,0.65,0.55,0.6447469614561145,4,-0.07679749562928673,12,12,4
1,趋势空头,21,6f417da8363047c3,4071.414047019619,False,连续两个有机会开发月无交易|开发交易样本不足,14,0.34,0.65,3,2.2,1.4,0.0036,216,1.1,0.15,60,0.35,3,0.025,270,8.0,50,0,0,0.0,0.0,0.0,0.0,0.0,0.0,0.0,0.0,True,665,2025-11,446,0.26681614349775784,0.1951852744921041,510,0.34,0.65,0.55,0.567695657185857,0,0.012286982914144207,0,0,0,0,0,0.0,0.0,0.0,0.0,0.0,0.0,0.0,0.0,True,1111,2025-12,510,0.10588235294117647,0.09259118363500932,431,0.34,0.65,0.55,0.5556539580776392,0,-0.0040997792001118555,0,0,0,1,0,0.0,0.0,0.12858066313385919,0.0,0.0,-0.12858066313385919,0.12858066313385919,-0.12858066313385919,True,1621,2026-01,431,0.28074245939675174,0.20124651204201474,412,0.34,0.65,0.55,0.5864185544768069,1,0.01563085489731958,1,1,1,0,0,0.0,0.0,0.0,0.0,0.0,0.0,0.0,0.0,True,2052,2026-02,412,0.3179611650485437,0.21676983520681783,287,0.34,0.65,0.55,0.5593093657220712,0,0.004023811475858841,0,0,0,1,1,1.0,1.9225468028983999,0.0,0.0,0.0,1.9225468028983999,0.0,1.9225468028983999,True,2464,2026-03,287,0.30662020905923343,0.21241892862755068,238,0.34,0.65,0.55,0.6488551818519817,4,0.012631445005285902,61,14,1,4,2,0.5,1.9226239819775262,1.2789735812945318,1.5032554308365886,1.5032554308365886,1.2873008013659888,2.5579471625890635,0.3218252003414972,True,2751,2026-04,238,0.23949579831932774,0.1640564800439964,369,0.34,0.65,0.55,0.6447469614561145,4,-0.07679749562928673,12,12,4
1,趋势空头,22,652c9167bcf43f56,4071.414047019619,False,连续两个有机会开发月无交易|开发交易样本不足,14,0.34,0.75,0,2.2,1.4,0.0036,216,1.1,0.15,60,0.35,3,0.025,270,8.0,50,0,0,0.0,0.0,0.0,0.0,0.0,0.0,0.0,0.0,True,665,2025-11,446,0.26681614349775784,0.1951852744921041,510,0.34,0.75,0.61,0.635852519930955,0,0.012286982914144207,0,0,0,0,0,0.0,0.0,0.0,0.0,0.0,0.0,0.0,0.0,True,1111,2025-12,510,0.10588235294117647,0.09259118363500932,431,0.34,0.75,0.61,0.6203356084904313,0,-0.0040997792001118555,0,0,0,1,0,0.0,0.0,0.12858066313385919,0.0,0.0,-0.12858066313385919,0.12858066313385919,-0.12858066313385919,True,1621,2026-01,431,0.28074245939675174,0.20124651204201474,412,0.34,0.75,0.61,0.663800397736315,1,0.01563085489731958,1,1,1,0,0,0.0,0.0,0.0,0.0,0.0,0.0,0.0,0.0,True,2052,2026-02,412,0.3179611650485437,0.21676983520681783,287,0.34,0.75,0.61,0.6293734474913593,0,0.004023811475858841,0,0,0,1,1,1.0,1.9225468028983999,0.0,0.0,0.0,1.9225468028983999,0.0,1.9225468028983999,True,2464,2026-03,287,0.30662020905923343,0.21241892862755068,238,0.34,0.75,0.61,0.7486871146250906,4,0.012631445005285902,61,14,1,4,2,0.5,1.9226239819775262,1.2789735812945318,1.5032554308365886,1.5032554308365886,1.2873008013659888,2.5579471625890635,0.3218252003414972,True,2751,2026-04,238,0.23949579831932774,0.1640564800439964,369,0.34,0.75,0.6386373371798234,0.7445902630646705,4,-0.07679749562928673,12,12,4
1,趋势空头,23,a300f97956ab728c,4071.414047019619,False,连续两个有机会开发月无交易|开发交易样本不足,14,0.34,0.75,1,2.2,1.4,0.0036,216,1.1,0.15,60,0.35,3,0.025,270,8.0,50,0,0,0.0,0.0,0.0,0.0,0.0,0.0,0.0,0.0,True,665,2025-11,446,0.26681614349775784,0.1951852744921041,510,0.34,0.75,0.61,0.635852519930955,0,0.012286982914144207,0,0,0,0,0,0.0,0.0,0.0,0.0,0.0,0.0,0.0,0.0,True,1111,2025-12,510,0.10588235294117647,0.09259118363500932,431,0.34,0.75,0.61,0.6203356084904313,0,-0.0040997792001118555,0,0,0,1,0,0.0,0.0,0.12858066313385919,0.0,0.0,-0.12858066313385919,0.12858066313385919,-0.12858066313385919,True,1621,2026-01,431,0.28074245939675174,0.20124651204201474,412,0.34,0.75,0.61,0.663800397736315,1,0.01563085489731958,1,1,1,0,0,0.0,0.0,0.0,0.0,0.0,0.0,0.0,0.0,True,2052,2026-02,412,0.3179611650485437,0.21676983520681783,287,0.34,0.75,0.61,0.6293734474913593,0,0.004023811475858841,0,0,0,1,1,1.0,1.9225468028983999,0.0,0.0,0.0,1.9225468028983999,0.0,1.9225468028983999,True,2464,2026-03,287,0.30662020905923343,0.21241892862755068,238,0.34,0.75,0.61,0.7486871146250906,4,0.012631445005285902,61,14,1,4,2,0.5,1.9226239819775262,1.2789735812945318,1.5032554308365886,1.5032554308365886,1.2873008013659888,2.5579471625890635,0.3218252003414972,True,2751,2026-04,238,0.23949579831932774,0.1640564800439964,369,0.34,0.75,0.6386373371798234,0.7445902630646705,4,-0.07679749562928673,12,12,4
1,趋势空头,24,34863a38f816c0d0,4071.414047019619,False,连续两个有机会开发月无交易|开发交易样本不足,14,0.34,0.75,3,2.2,1.4,0.0036,216,1.1,0.15,60,0.35,3,0.025,270,8.0,50,0,0,0.0,0.0,0.0,0.0,0.0,0.0,0.0,0.0,True,665,2025-11,446,0.26681614349775784,0.1951852744921041,510,0.34,0.75,0.61,0.635852519930955,0,0.012286982914144207,0,0,0,0,0,0.0,0.0,0.0,0.0,0.0,0.0,0.0,0.0,True,1111,2025-12,510,0.10588235294117647,0.09259118363500932,431,0.34,0.75,0.61,0.6203356084904313,0,-0.0040997792001118555,0,0,0,1,0,0.0,0.0,0.12858066313385919,0.0,0.0,-0.12858066313385919,0.12858066313385919,-0.12858066313385919,True,1621,2026-01,431,0.28074245939675174,0.20124651204201474,412,0.34,0.75,0.61,0.663800397736315,1,0.01563085489731958,1,1,1,0,0,0.0,0.0,0.0,0.0,0.0,0.0,0.0,0.0,True,2052,2026-02,412,0.3179611650485437,0.21676983520681783,287,0.34,0.75,0.61,0.6293734474913593,0,0.004023811475858841,0,0,0,1,1,1.0,1.9225468028983999,0.0,0.0,0.0,1.9225468028983999,0.0,1.9225468028983999,True,2464,2026-03,287,0.30662020905923343,0.21241892862755068,238,0.34,0.75,0.61,0.7486871146250906,4,0.012631445005285902,61,14,1,4,2,0.5,1.9226239819775262,1.2789735812945318,1.5032554308365886,1.5032554308365886,1.2873008013659888,2.5579471625890635,0.3218252003414972,True,2751,2026-04,238,0.23949579831932774,0.1640564800439964,369,0.34,0.75,0.6386373371798234,0.7445902630646705,4,-0.07679749562928673,12,12,4
1,趋势空头,25,d311e3298fd7bc33,4071.414047019619,False,连续两个有机会开发月无交易|开发交易样本不足,14,0.34,0.85,0,2.2,1.4,0.0036,216,1.1,0.15,60,0.35,3,0.025,270,8.0,50,0,0,0.0,0.0,0.0,0.0,0.0,0.0,0.0,0.0,True,665,2025-11,446,0.26681614349775784,0.1951852744921041,510,0.34,0.85,0.71,0.7358525199309552,0,0.012286982914144207,0,0,0,0,0,0.0,0.0,0.0,0.0,0.0,0.0,0.0,0.0,True,1111,2025-12,510,0.10588235294117647,0.09259118363500932,431,0.34,0.85,0.71,0.7203356084904311,0,-0.0040997792001118555,0,0,0,1,0,0.0,0.0,0.12858066313385919,0.0,0.0,-0.12858066313385919,0.12858066313385919,-0.12858066313385919,True,1621,2026-01,431,0.28074245939675174,0.20124651204201474,412,0.34,0.85,0.71,0.763800397736315,1,0.01563085489731958,1,1,1,0,0,0.0,0.0,0.0,0.0,0.0,0.0,0.0,0.0,True,2052,2026-02,412,0.3179611650485437,0.21676983520681783,287,0.34,0.85,0.71,0.7293734474913592,0,0.004023811475858841,0,0,0,1,1,1.0,1.9225468028983999,0.0,0.0,0.0,1.9225468028983999,0.0,1.9225468028983999,True,2464,2026-03,287,0.30662020905923343,0.21241892862755068,238,0.34,0.85,0.71,0.8486871146250903,4,0.012631445005285902,61,14,1,4,2,0.5,1.9226239819775262,1.2789735812945318,1.5032554308365886,1.5032554308365886,1.2873008013659888,2.5579471625890635,0.3218252003414972,True,2751,2026-04,238,0.23949579831932774,0.1640564800439964,369,0.34,0.85,0.7386373371798234,0.8290425274359096,6,-0.07679749562928673,9,9,4
1,趋势空头,26,02be3b5bc7b33197,4071.414047019619,False,连续两个有机会开发月无交易|开发交易样本不足,14,0.34,0.85,1,2.2,1.4,0.0036,216,1.1,0.15,60,0.35,3,0.025,270,8.0,50,0,0,0.0,0.0,0.0,0.0,0.0,0.0,0.0,0.0,True,665,2025-11,446,0.26681614349775784,0.1951852744921041,510,0.34,0.85,0.71,0.7358525199309552,0,0.012286982914144207,0,0,0,0,0,0.0,0.0,0.0,0.0,0.0,0.0,0.0,0.0,True,1111,2025-12,510,0.10588235294117647,0.09259118363500932,431,0.34,0.85,0.71,0.7203356084904311,0,-0.0040997792001118555,0,0,0,1,0,0.0,0.0,0.12858066313385919,0.0,0.0,-0.12858066313385919,0.12858066313385919,-0.12858066313385919,True,1621,2026-01,431,0.28074245939675174,0.20124651204201474,412,0.34,0.85,0.71,0.763800397736315,1,0.01563085489731958,1,1,1,0,0,0.0,0.0,0.0,0.0,0.0,0.0,0.0,0.0,True,2052,2026-02,412,0.3179611650485437,0.21676983520681783,287,0.34,0.85,0.71,0.7293734474913592,0,0.004023811475858841,0,0,0,1,1,1.0,1.9225468028983999,0.0,0.0,0.0,1.9225468028983999,0.0,1.9225468028983999,True,2464,2026-03,287,0.30662020905923343,0.21241892862755068,238,0.34,0.85,0.71,0.8486871146250903,4,0.012631445005285902,61,14,1,4,2,0.5,1.9226239819775262,1.2789735812945318,1.5032554308365886,1.5032554308365886,1.2873008013659888,2.5579471625890635,0.3218252003414972,True,2751,2026-04,238,0.23949579831932774,0.1640564800439964,369,0.34,0.85,0.7386373371798234,0.8290425274359096,6,-0.07679749562928673,9,9,4
1,趋势空头,27,432dc4013d7db9d6,4071.414047019619,False,连续两个有机会开发月无交易|开发交易样本不足,14,0.34,0.85,3,2.2,1.4,0.0036,216,1.1,0.15,60,0.35,3,0.025,270,8.0,50,0,0,0.0,0.0,0.0,0.0,0.0,0.0,0.0,0.0,True,665,2025-11,446,0.26681614349775784,0.1951852744921041,510,0.34,0.85,0.71,0.7358525199309552,0,0.012286982914144207,0,0,0,0,0,0.0,0.0,0.0,0.0,0.0,0.0,0.0,0.0,True,1111,2025-12,510,0.10588235294117647,0.09259118363500932,431,0.34,0.85,0.71,0.7203356084904311,0,-0.0040997792001118555,0,0,0,1,0,0.0,0.0,0.12858066313385919,0.0,0.0,-0.12858066313385919,0.12858066313385919,-0.12858066313385919,True,1621,2026-01,431,0.28074245939675174,0.20124651204201474,412,0.34,0.85,0.71,0.763800397736315,1,0.01563085489731958,1,1,1,0,0,0.0,0.0,0.0,0.0,0.0,0.0,0.0,0.0,True,2052,2026-02,412,0.3179611650485437,0.21676983520681783,287,0.34,0.85,0.71,0.7293734474913592,0,0.004023811475858841,0,0,0,1,1,1.0,1.9225468028983999,0.0,0.0,0.0,1.9225468028983999,0.0,1.9225468028983999,True,2464,2026-03,287,0.30662020905923343,0.21241892862755068,238,0.34,0.85,0.71,0.8486871146250903,4,0.012631445005285902,61,14,1,4,2,0.5,1.9226239819775262,1.2789735812945318,1.5032554308365886,1.5032554308365886,1.2873008013659888,2.5579471625890635,0.3218252003414972,True,2751,2026-04,238,0.23949579831932774,0.1640564800439964,369,0.34,0.85,0.7386373371798234,0.8290425274359096,6,-0.07679749562928673,9,9,4
1,趋势空头,28,b642b91ea292fa38,4015.414047019619,False,连续两个有机会开发月无交易|开发交易样本不足,18,0.34,0.65,0,2.2,1.4,0.0036,216,1.1,0.15,60,0.35,3,0.025,270,8.0,50,0,0,0.0,0.0,0.0,0.0,0.0,0.0,0.0,0.0,True,665,2025-11,446,0.26681614349775784,0.1951852744921041,510,0.34,0.65,0.55,0.5669252287067461,0,0.012286982914144207,0,0,0,0,0,0.0,0.0,0.0,0.0,0.0,0.0,0.0,0.0,True,1111,2025-12,510,0.10588235294117647,0.09259118363500932,431,0.34,0.65,0.55,0.5551702443040445,0,-0.0040997792001118555,0,0,0,1,0,0.0,0.0,0.12858066313385919,0.0,0.0,-0.12858066313385919,0.12858066313385919,-0.12858066313385919,True,1621,2026-01,431,0.28074245939675174,0.20124651204201474,412,0.34,0.65,0.55,0.5862135922330096,1,0.01563085489731958,1,1,1,0,0,0.0,0.0,0.0,0.0,0.0,0.0,0.0,0.0,True,2052,2026-02,412,0.3179611650485437,0.21676983520681783,287,0.34,0.65,0.55,0.5561118710883635,0,0.004023811475858841,0,0,0,1,1,1.0,1.9225468028983999,0.0,0.0,0.0,1.9225468028983999,0.0,1.9225468028983999,True,2464,2026-03,287,0.30662020905923343,0.21241892862755068,238,0.34,0.65,0.55,0.6486068255015658,5,0.012631445005285902,61,18,1,4,2,0.5,1.9226239819775262,1.2789735812945318,1.5032554308365886,1.5032554308365886,1.2873008013659888,2.5579471625890635,0.3218252003414972,True,2751,2026-04,238,0.23949579831932774,0.1640564800439964,369,0.34,0.65,0.55,0.6348363629821111,6,-0.07679749562928673,12,12,4
1,趋势空头,29,c37384a587f9b3f0,4015.414047019619,False,连续两个有机会开发月无交易|开发交易样本不足,18,0.34,0.65,1,2.2,1.4,0.0036,216,1.1,0.15,60,0.35,3,0.025,270,8.0,50,0,0,0.0,0.0,0.0,0.0,0.0,0.0,0.0,0.0,True,665,2025-11,446,0.26681614349775784,0.1951852744921041,510,0.34,0.65,0.55,0.5669252287067461,0,0.012286982914144207,0,0,0,0,0,0.0,0.0,0.0,0.0,0.0,0.0,0.0,0.0,True,1111,2025-12,510,0.10588235294117647,0.09259118363500932,431,0.34,0.65,0.55,0.5551702443040445,0,-0.0040997792001118555,0,0,0,1,0,0.0,0.0,0.12858066313385919,0.0,0.0,-0.12858066313385919,0.12858066313385919,-0.12858066313385919,True,1621,2026-01,431,0.28074245939675174,0.20124651204201474,412,0.34,0.65,0.55,0.5862135922330096,1,0.01563085489731958,1,1,1,0,0,0.0,0.0,0.0,0.0,0.0,0.0,0.0,0.0,True,2052,2026-02,412,0.3179611650485437,0.21676983520681783,287,0.34,0.65,0.55,0.5561118710883635,0,0.004023811475858841,0,0,0,1,1,1.0,1.9225468028983999,0.0,0.0,0.0,1.9225468028983999,0.0,1.9225468028983999,True,2464,2026-03,287,0.30662020905923343,0.21241892862755068,238,0.34,0.65,0.55,0.6486068255015658,5,0.012631445005285902,61,18,1,4,2,0.5,1.9226239819775262,1.2789735812945318,1.5032554308365886,1.5032554308365886,1.2873008013659888,2.5579471625890635,0.3218252003414972,True,2751,2026-04,238,0.23949579831932774,0.1640564800439964,369,0.34,0.65,0.55,0.6348363629821111,6,-0.07679749562928673,12,12,4
1,趋势空头,30,47d4964d35396bd3,4015.414047019619,False,连续两个有机会开发月无交易|开发交易样本不足,18,0.34,0.65,3,2.2,1.4,0.0036,216,1.1,0.15,60,0.35,3,0.025,270,8.0,50,0,0,0.0,0.0,0.0,0.0,0.0,0.0,0.0,0.0,True,665,2025-11,446,0.26681614349775784,0.1951852744921041,510,0.34,0.65,0.55,0.5669252287067461,0,0.012286982914144207,0,0,0,0,0,0.0,0.0,0.0,0.0,0.0,0.0,0.0,0.0,True,1111,2025-12,510,0.10588235294117647,0.09259118363500932,431,0.34,0.65,0.55,0.5551702443040445,0,-0.0040997792001118555,0,0,0,1,0,0.0,0.0,0.12858066313385919,0.0,0.0,-0.12858066313385919,0.12858066313385919,-0.12858066313385919,True,1621,2026-01,431,0.28074245939675174,0.20124651204201474,412,0.34,0.65,0.55,0.5862135922330096,1,0.01563085489731958,1,1,1,0,0,0.0,0.0,0.0,0.0,0.0,0.0,0.0,0.0,True,2052,2026-02,412,0.3179611650485437,0.21676983520681783,287,0.34,0.65,0.55,0.5561118710883635,0,0.004023811475858841,0,0,0,1,1,1.0,1.9225468028983999,0.0,0.0,0.0,1.9225468028983999,0.0,1.9225468028983999,True,2464,2026-03,287,0.30662020905923343,0.21241892862755068,238,0.34,0.65,0.55,0.6486068255015658,5,0.012631445005285902,61,18,1,4,2,0.5,1.9226239819775262,1.2789735812945318,1.5032554308365886,1.5032554308365886,1.2873008013659888,2.5579471625890635,0.3218252003414972,True,2751,2026-04,238,0.23949579831932774,0.1640564800439964,369,0.34,0.65,0.55,0.6348363629821111,6,-0.07679749562928673,12,12,4
2,震荡多头反转,1,8b7fbc9e1c6b27a3,756.26774264804,False,连续两个有机会开发月无交易|有效开发月份不足|开发交易样本不足,8,0.34,0.75,2,2.0,1.2,0.0033,120,0.95,0.1,36,0.3,3,0.025,260,8.0,42,0,0,0.0,0.0,0.0,0.0,0.0,0.0,0.0,0.0,True,87,2025-11,53,0.2830188679245283,0.20291918837517917,53,0.34,0.75,0.61,0.6461718681702945,0,0.0,0,0,0,0,0,0.0,0.0,0.0,0.0,0.0,0.0,0.0,0.0,True,140,2025-12,53,0.18867924528301888,0.15214053702418348,46,0.34,0.75,0.61,0.6284214377206885,0,-0.0006068696501112247,0,0,0,0,0,0.0,0.0,0.0,0.0,0.0,0.0,0.0,0.0,True,193,2026-01,46,0.13043478260869565,0.1133719675491022,70,0.34,0.75,0.61,0.6380339721254354,0,0.0001884773704820264,0,0,0,0,0,0.0,0.0,0.0,0.0,0.0,0.0,0.0,0.0,True,239,2026-02,70,0.11428571428571428,0.10119776650519602,84,0.34,0.75,0.61,0.6419841477984674,0,-0.001381708754755337,0,0,0,0,0,0.0,0.0,0.0,0.0,0.0,0.0,0.0,0.0,True,309,2026-03,84,0.19047619047619047,0.1541950185129277,45,0.34,0.75,0.61,0.660701696276222,0,-8.548628382953893e-07,0,0,0,5,2,0.4,1.6952167458204954,0.9367959208669586,1.8095902299101128,1.2063934866067418,0.5800457290401153,2.8103877626008757,0.11600914580802306,True,393,2026-04,45,0.4222222222222222,0.2431357240609223,78,0.34,0.75,0.7422038639741236,0.7499000495381298,1,0.008614108555196787,30,8,5
2,震荡多头反转,2,a275b7d5c727098b,756.26774264804,False,连续两个有机会开发月无交易|有效开发月份不足|开发交易样本不足,8,0.34,0.75,4,2.0,1.2,0.0033,120,0.95,0.1,36,0.3,3,0.025,260,8.0,42,0,0,0.0,0.0,0.0,0.0,0.0,0.0,0.0,0.0,True,87,2025-11,53,0.2830188679245283,0.20291918837517917,53,0.34,0.75,0.61,0.6461718681702945,0,0.0,0,0,0,0,0,0.0,0.0,0.0,0.0,0.0,0.0,0.0,0.0,True,140,2025-12,53,0.18867924528301888,0.15214053702418348,46,0.34,0.75,0.61,0.6284214377206885,0,-0.0006068696501112247,0,0,0,0,0,0.0,0.0,0.0,0.0,0.0,0.0,0.0,0.0,True,193,2026-01,46,0.13043478260869565,0.1133719675491022,70,0.34,0.75,0.61,0.6380339721254354,0,0.0001884773704820264,0,0,0,0,0,0.0,0.0,0.0,0.0,0.0,0.0,0.0,0.0,True,239,2026-02,70,0.11428571428571428,0.10119776650519602,84,0.34,0.75,0.61,0.6419841477984674,0,-0.001381708754755337,0,0,0,0,0,0.0,0.0,0.0,0.0,0.0,0.0,0.0,0.0,True,309,2026-03,84,0.19047619047619047,0.1541950185129277,45,0.34,0.75,0.61,0.660701696276222,0,-8.548628382953893e-07,0,0,0,5,2,0.4,1.6952167458204954,0.9367959208669586,1.8095902299101128,1.2063934866067418,0.5800457290401153,2.8103877626008757,0.11600914580802306,True,393,2026-04,45,0.4222222222222222,0.2431357240609223,78,0.34,0.75,0.7422038639741236,0.7499000495381298,1,0.008614108555196787,30,8,5
2,震荡多头反转,3,65c7bd16587d8ce9,756.26774264804,False,连续两个有机会开发月无交易|有效开发月份不足|开发交易样本不足,8,0.38,0.75,2,2.0,1.2,0.0033,120,0.95,0.1,36,0.3,3,0.025,260,8.0,42,0,0,0.0,0.0,0.0,0.0,0.0,0.0,0.0,0.0,True,87,2025-11,53,0.2830188679245283,0.20291918837517917,53,0.38,0.75,0.61,0.6461718681702945,0,0.0,0,0,0,0,0,0.0,0.0,0.0,0.0,0.0,0.0,0.0,0.0,True,140,2025-12,53,0.18867924528301888,0.15214053702418348,46,0.38,0.75,0.61,0.6284214377206885,0,-0.0006068696501112247,0,0,0,0,0,0.0,0.0,0.0,0.0,0.0,0.0,0.0,0.0,True,193,2026-01,46,0.13043478260869565,0.1133719675491022,70,0.38,0.75,0.61,0.6380339721254354,0,0.0001884773704820264,0,0,0,0,0,0.0,0.0,0.0,0.0,0.0,0.0,0.0,0.0,True,239,2026-02,70,0.11428571428571428,0.10119776650519602,84,0.38,0.75,0.61,0.6419841477984674,0,-0.001381708754755337,0,0,0,0,0,0.0,0.0,0.0,0.0,0.0,0.0,0.0,0.0,True,309,2026-03,84,0.19047619047619047,0.1541950185129277,45,0.38,0.75,0.61,0.660701696276222,0,-8.548628382953893e-07,0,0,0,5,2,0.4,1.6952167458204954,0.9367959208669586,1.8095902299101128,1.2063934866067418,0.5800457290401153,2.8103877626008757,0.11600914580802306,True,393,2026-04,45,0.4222222222222222,0.2431357240609223,78,0.38,0.75,0.7422038639741236,0.7499000495381298,1,0.008614108555196787,30,8,5
2,震荡多头反转,4,b24b259e442e0d06,756.26774264804,False,连续两个有机会开发月无交易|有效开发月份不足|开发交易样本不足,8,0.38,0.75,4,2.0,1.2,0.0033,120,0.95,0.1,36,0.3,3,0.025,260,8.0,42,0,0,0.0,0.0,0.0,0.0,0.0,0.0,0.0,0.0,True,87,2025-11,53,0.2830188679245283,0.20291918837517917,53,0.38,0.75,0.61,0.6461718681702945,0,0.0,0,0,0,0,0,0.0,0.0,0.0,0.0,0.0,0.0,0.0,0.0,True,140,2025-12,53,0.18867924528301888,0.15214053702418348,46,0.38,0.75,0.61,0.6284214377206885,0,-0.0006068696501112247,0,0,0,0,0,0.0,0.0,0.0,0.0,0.0,0.0,0.0,0.0,True,193,2026-01,46,0.13043478260869565,0.1133719675491022,70,0.38,0.75,0.61,0.6380339721254354,0,0.0001884773704820264,0,0,0,0,0,0.0,0.0,0.0,0.0,0.0,0.0,0.0,0.0,True,239,2026-02,70,0.11428571428571428,0.10119776650519602,84,0.38,0.75,0.61,0.6419841477984674,0,-0.001381708754755337,0,0,0,0,0,0.0,0.0,0.0,0.0,0.0,0.0,0.0,0.0,True,309,2026-03,84,0.19047619047619047,0.1541950185129277,45,0.38,0.75,0.61,0.660701696276222,0,-8.548628382953893e-07,0,0,0,5,2,0.4,1.6952167458204954,0.9367959208669586,1.8095902299101128,1.2063934866067418,0.5800457290401153,2.8103877626008757,0.11600914580802306,True,393,2026-04,45,0.4222222222222222,0.2431357240609223,78,0.38,0.75,0.7422038639741236,0.7499000495381298,1,0.008614108555196787,30,8,5
2,震荡多头反转,5,f0e2c9dcd53c2837,756.26774264804,False,连续两个有机会开发月无交易|有效开发月份不足|开发交易样本不足,8,0.42,0.75,2,2.0,1.2,0.0033,120,0.95,0.1,36,0.3,3,0.025,260,8.0,42,0,0,0.0,0.0,0.0,0.0,0.0,0.0,0.0,0.0,True,87,2025-11,53,0.2830188679245283,0.20291918837517917,53,0.42,0.75,0.61,0.6461718681702945,0,0.0,0,0,0,0,0,0.0,0.0,0.0,0.0,0.0,0.0,0.0,0.0,True,140,2025-12,53,0.18867924528301888,0.15214053702418348,46,0.42,0.75,0.61,0.6284214377206885,0,-0.0006068696501112247,0,0,0,0,0,0.0,0.0,0.0,0.0,0.0,0.0,0.0,0.0,True,193,2026-01,46,0.13043478260869565,0.1133719675491022,70,0.42,0.75,0.61,0.6380339721254354,0,0.0001884773704820264,0,0,0,0,0,0.0,0.0,0.0,0.0,0.0,0.0,0.0,0.0,True,239,2026-02,70,0.11428571428571428,0.10119776650519602,84,0.42,0.75,0.61,0.6419841477984674,0,-0.001381708754755337,0,0,0,0,0,0.0,0.0,0.0,0.0,0.0,0.0,0.0,0.0,True,309,2026-03,84,0.19047619047619047,0.1541950185129277,45,0.42,0.75,0.61,0.660701696276222,0,-8.548628382953893e-07,0,0,0,5,2,0.4,1.6952167458204954,0.9367959208669586,1.8095902299101128,1.2063934866067418,0.5800457290401153,2.8103877626008757,0.11600914580802306,True,393,2026-04,45,0.4222222222222222,0.2431357240609223,78,0.42,0.75,0.7422038639741236,0.7499000495381298,1,0.008614108555196787,30,8,5
2,震荡多头反转,6,6832c6abd99a3d9f,756.26774264804,False,连续两个有机会开发月无交易|有效开发月份不足|开发交易样本不足,8,0.42,0.75,4,2.0,1.2,0.0033,120,0.95,0.1,36,0.3,3,0.025,260,8.0,42,0,0,0.0,0.0,0.0,0.0,0.0,0.0,0.0,0.0,True,87,2025-11,53,0.2830188679245283,0.20291918837517917,53,0.42,0.75,0.61,0.6461718681702945,0,0.0,0,0,0,0,0,0.0,0.0,0.0,0.0,0.0,0.0,0.0,0.0,True,140,2025-12,53,0.18867924528301888,0.15214053702418348,46,0.42,0.75,0.61,0.6284214377206885,0,-0.0006068696501112247,0,0,0,0,0,0.0,0.0,0.0,0.0,0.0,0.0,0.0,0.0,True,193,2026-01,46,0.13043478260869565,0.1133719675491022,70,0.42,0.75,0.61,0.6380339721254354,0,0.0001884773704820264,0,0,0,0,0,0.0,0.0,0.0,0.0,0.0,0.0,0.0,0.0,True,239,2026-02,70,0.11428571428571428,0.10119776650519602,84,0.42,0.75,0.61,0.6419841477984674,0,-0.001381708754755337,0,0,0,0,0,0.0,0.0,0.0,0.0,0.0,0.0,0.0,0.0,True,309,2026-03,84,0.19047619047619047,0.1541950185129277,45,0.42,0.75,0.61,0.660701696276222,0,-8.548628382953893e-07,0,0,0,5,2,0.4,1.6952167458204954,0.9367959208669586,1.8095902299101128,1.2063934866067418,0.5800457290401153,2.8103877626008757,0.11600914580802306,True,393,2026-04,45,0.4222222222222222,0.2431357240609223,78,0.42,0.75,0.7422038639741236,0.7499000495381298,1,0.008614108555196787,30,8,5
2,震荡多头反转,7,8148382d3a289205,756.2677069543593,False,连续两个有机会开发月无交易|有效开发月份不足|开发交易样本不足,8,0.34,0.65,2,2.0,1.2,0.0033,120,0.95,0.1,36,0.3,3,0.025,260,8.0,42,0,0,0.0,0.0,0.0,0.0,0.0,0.0,0.0,0.0,True,87,2025-11,53,0.2830188679245283,0.20291918837517917,53,0.34,0.65,0.55,0.5728228321844997,0,0.0,0,0,0,0,0,0.0,0.0,0.0,0.0,0.0,0.0,0.0,0.0,True,140,2025-12,53,0.18867924528301888,0.15214053702418348,46,0.34,0.65,0.55,0.5623344811989497,0,-0.0006068696501112247,0,0,0,0,0,0.0,0.0,0.0,0.0,0.0,0.0,0.0,0.0,True,193,2026-01,46,0.13043478260869565,0.1133719675491022,70,0.34,0.65,0.55,0.567002806813782,0,0.0001884773704820264,0,0,0,0,0,0.0,0.0,0.0,0.0,0.0,0.0,0.0,0.0,True,239,2026-02,70,0.11428571428571428,0.10119776650519602,84,0.34,0.65,0.55,0.5726190476190474,0,-0.001381708754755337,0,0,0,0,0,0.0,0.0,0.0,0.0,0.0,0.0,0.0,0.0,True,309,2026-03,84,0.19047619047619047,0.1541950185129277,45,0.34,0.65,0.55,0.585590585165111,0,-8.548628382953893e-07,0,0,0,5,2,0.4,1.695216697191198,0.9367959208669586,1.8095901779998766,1.2063934519999178,0.5800456317815201,2.8103877626008757,0.11600912635630403,True,393,2026-04,45,0.4222222222222222,0.2431357240609223,78,0.34,0.65,0.6422038639741237,0.6499000495381296,1,0.008614108555196787,37,8,5
2,震荡多头反转,8,7da87aa9a9765f48,756.2677069543593,False,连续两个有机会开发月无交易|有效开发月份不足|开发交易样本不足,8,0.34,0.65,4,2.0,1.2,0.0033,120,0.95,0.1,36,0.3,3,0.025,260,8.0,42,0,0,0.0,0.0,0.0,0.0,0.0,0.0,0.0,0.0,True,87,2025-11,53,0.2830188679245283,0.20291918837517917,53,0.34,0.65,0.55,0.5728228321844997,0,0.0,0,0,0,0,0,0.0,0.0,0.0,0.0,0.0,0.0,0.0,0.0,True,140,2025-12,53,0.18867924528301888,0.15214053702418348,46,0.34,0.65,0.55,0.5623344811989497,0,-0.0006068696501112247,0,0,0,0,0,0.0,0.0,0.0,0.0,0.0,0.0,0.0,0.0,True,193,2026-01,46,0.13043478260869565,0.1133719675491022,70,0.34,0.65,0.55,0.567002806813782,0,0.0001884773704820264,0,0,0,0,0,0.0,0.0,0.0,0.0,0.0,0.0,0.0,0.0,True,239,2026-02,70,0.11428571428571428,0.10119776650519602,84,0.34,0.65,0.55,0.5726190476190474,0,-0.001381708754755337,0,0,0,0,0,0.0,0.0,0.0,0.0,0.0,0.0,0.0,0.0,True,309,2026-03,84,0.19047619047619047,0.1541950185129277,45,0.34,0.65,0.55,0.585590585165111,0,-8.548628382953893e-07,0,0,0,5,2,0.4,1.695216697191198,0.9367959208669586,1.8095901779998766,1.2063934519999178,0.5800456317815201,2.8103877626008757,0.11600912635630403,True,393,2026-04,45,0.4222222222222222,0.2431357240609223,78,0.34,0.65,0.6422038639741237,0.6499000495381296,1,0.008614108555196787,37,8,5
2,震荡多头反转,9,cffb88940cdb7c4a,756.2677069543593,False,连续两个有机会开发月无交易|有效开发月份不足|开发交易样本不足,8,0.38,0.65,2,2.0,1.2,0.0033,120,0.95,0.1,36,0.3,3,0.025,260,8.0,42,0,0,0.0,0.0,0.0,0.0,0.0,0.0,0.0,0.0,True,87,2025-11,53,0.2830188679245283,0.20291918837517917,53,0.38,0.65,0.55,0.5728228321844997,0,0.0,0,0,0,0,0,0.0,0.0,0.0,0.0,0.0,0.0,0.0,0.0,True,140,2025-12,53,0.18867924528301888,0.15214053702418348,46,0.38,0.65,0.55,0.5623344811989497,0,-0.0006068696501112247,0,0,0,0,0,0.0,0.0,0.0,0.0,0.0,0.0,0.0,0.0,True,193,2026-01,46,0.13043478260869565,0.1133719675491022,70,0.38,0.65,0.55,0.567002806813782,0,0.0001884773704820264,0,0,0,0,0,0.0,0.0,0.0,0.0,0.0,0.0,0.0,0.0,True,239,2026-02,70,0.11428571428571428,0.10119776650519602,84,0.38,0.65,0.55,0.5726190476190474,0,-0.001381708754755337,0,0,0,0,0,0.0,0.0,0.0,0.0,0.0,0.0,0.0,0.0,True,309,2026-03,84,0.19047619047619047,0.1541950185129277,45,0.38,0.65,0.55,0.585590585165111,0,-8.548628382953893e-07,0,0,0,5,2,0.4,1.695216697191198,0.9367959208669586,1.8095901779998766,1.2063934519999178,0.5800456317815201,2.8103877626008757,0.11600912635630403,True,393,2026-04,45,0.4222222222222222,0.2431357240609223,78,0.38,0.65,0.6422038639741237,0.6499000495381296,1,0.008614108555196787,37,8,5
2,震荡多头反转,10,a28aa435a6e514d8,756.2677069543593,False,连续两个有机会开发月无交易|有效开发月份不足|开发交易样本不足,8,0.38,0.65,4,2.0,1.2,0.0033,120,0.95,0.1,36,0.3,3,0.025,260,8.0,42,0,0,0.0,0.0,0.0,0.0,0.0,0.0,0.0,0.0,True,87,2025-11,53,0.2830188679245283,0.20291918837517917,53,0.38,0.65,0.55,0.5728228321844997,0,0.0,0,0,0,0,0,0.0,0.0,0.0,0.0,0.0,0.0,0.0,0.0,True,140,2025-12,53,0.18867924528301888,0.15214053702418348,46,0.38,0.65,0.55,0.5623344811989497,0,-0.0006068696501112247,0,0,0,0,0,0.0,0.0,0.0,0.0,0.0,0.0,0.0,0.0,True,193,2026-01,46,0.13043478260869565,0.1133719675491022,70,0.38,0.65,0.55,0.567002806813782,0,0.0001884773704820264,0,0,0,0,0,0.0,0.0,0.0,0.0,0.0,0.0,0.0,0.0,True,239,2026-02,70,0.11428571428571428,0.10119776650519602,84,0.38,0.65,0.55,0.5726190476190474,0,-0.001381708754755337,0,0,0,0,0,0.0,0.0,0.0,0.0,0.0,0.0,0.0,0.0,True,309,2026-03,84,0.19047619047619047,0.1541950185129277,45,0.38,0.65,0.55,0.585590585165111,0,-8.548628382953893e-07,0,0,0,5,2,0.4,1.695216697191198,0.9367959208669586,1.8095901779998766,1.2063934519999178,0.5800456317815201,2.8103877626008757,0.11600912635630403,True,393,2026-04,45,0.4222222222222222,0.2431357240609223,78,0.38,0.65,0.6422038639741237,0.6499000495381296,1,0.008614108555196787,37,8,5
2,震荡多头反转,11,47a519efc13aafa8,756.2677069543593,False,连续两个有机会开发月无交易|有效开发月份不足|开发交易样本不足,8,0.42,0.65,2,2.0,1.2,0.0033,120,0.95,0.1,36,0.3,3,0.025,260,8.0,42,0,0,0.0,0.0,0.0,0.0,0.0,0.0,0.0,0.0,True,87,2025-11,53,0.2830188679245283,0.20291918837517917,53,0.42,0.65,0.55,0.5728228321844997,0,0.0,0,0,0,0,0,0.0,0.0,0.0,0.0,0.0,0.0,0.0,0.0,True,140,2025-12,53,0.18867924528301888,0.15214053702418348,46,0.42,0.65,0.55,0.5623344811989497,0,-0.0006068696501112247,0,0,0,0,0,0.0,0.0,0.0,0.0,0.0,0.0,0.0,0.0,True,193,2026-01,46,0.13043478260869565,0.1133719675491022,70,0.42,0.65,0.55,0.567002806813782,0,0.0001884773704820264,0,0,0,0,0,0.0,0.0,0.0,0.0,0.0,0.0,0.0,0.0,True,239,2026-02,70,0.11428571428571428,0.10119776650519602,84,0.42,0.65,0.55,0.5726190476190474,0,-0.001381708754755337,0,0,0,0,0,0.0,0.0,0.0,0.0,0.0,0.0,0.0,0.0,True,309,2026-03,84,0.19047619047619047,0.1541950185129277,45,0.42,0.65,0.55,0.585590585165111,0,-8.548628382953893e-07,0,0,0,5,2,0.4,1.695216697191198,0.9367959208669586,1.8095901779998766,1.2063934519999178,0.5800456317815201,2.8103877626008757,0.11600912635630403,True,393,2026-04,45,0.4222222222222222,0.2431357240609223,78,0.42,0.65,0.6422038639741237,0.6499000495381296,1,0.008614108555196787,37,8,5
2,震荡多头反转,12,85f1d77e6e525fa2,756.2677069543593,False,连续两个有机会开发月无交易|有效开发月份不足|开发交易样本不足,8,0.42,0.65,4,2.0,1.2,0.0033,120,0.95,0.1,36,0.3,3,0.025,260,8.0,42,0,0,0.0,0.0,0.0,0.0,0.0,0.0,0.0,0.0,True,87,2025-11,53,0.2830188679245283,0.20291918837517917,53,0.42,0.65,0.55,0.5728228321844997,0,0.0,0,0,0,0,0,0.0,0.0,0.0,0.0,0.0,0.0,0.0,0.0,True,140,2025-12,53,0.18867924528301888,0.15214053702418348,46,0.42,0.65,0.55,0.5623344811989497,0,-0.0006068696501112247,0,0,0,0,0,0.0,0.0,0.0,0.0,0.0,0.0,0.0,0.0,True,193,2026-01,46,0.13043478260869565,0.1133719675491022,70,0.42,0.65,0.55,0.567002806813782,0,0.0001884773704820264,0,0,0,0,0,0.0,0.0,0.0,0.0,0.0,0.0,0.0,0.0,True,239,2026-02,70,0.11428571428571428,0.10119776650519602,84,0.42,0.65,0.55,0.5726190476190474,0,-0.001381708754755337,0,0,0,0,0,0.0,0.0,0.0,0.0,0.0,0.0,0.0,0.0,True,309,2026-03,84,0.19047619047619047,0.1541950185129277,45,0.42,0.65,0.55,0.585590585165111,0,-8.548628382953893e-07,0,0,0,5,2,0.4,1.695216697191198,0.9367959208669586,1.8095901779998766,1.2063934519999178,0.5800456317815201,2.8103877626008757,0.11600912635630403,True,393,2026-04,45,0.4222222222222222,0.2431357240609223,78,0.42,0.65,0.6422038639741237,0.6499000495381296,1,0.008614108555196787,37,8,5
2,震荡多头反转,13,b01538898122542c,416.17627333147675,False,连续两个有机会开发月无交易|开发月最低胜率过低|有效开发月份不足|开发交易样本不足,8,0.34,0.75,0,2.0,1.2,0.0033,120,0.95,0.1,36,0.3,3,0.025,260,8.0,42,0,0,0.0,0.0,0.0,0.0,0.0,0.0,0.0,0.0,True,87,2025-11,53,0.2830188679245283,0.20291918837517917,53,0.34,0.75,0.61,0.6461718681702945,0,0.0,0,0,0,0,0,0.0,0.0,0.0,0.0,0.0,0.0,0.0,0.0,True,140,2025-12,53,0.18867924528301888,0.15214053702418348,46,0.34,0.75,0.61,0.6284214377206885,0,-0.0006068696501112247,0,0,0,0,0,0.0,0.0,0.0,0.0,0.0,0.0,0.0,0.0,True,193,2026-01,46,0.13043478260869565,0.1133719675491022,70,0.34,0.75,0.61,0.6380339721254354,0,0.0001884773704820264,0,0,0,0,0,0.0,0.0,0.0,0.0,0.0,0.0,0.0,0.0,True,239,2026-02,70,0.11428571428571428,0.10119776650519602,84,0.34,0.75,0.61,0.6419841477984674,0,-0.001381708754755337,0,0,0,0,0,0.0,0.0,0.0,0.0,0.0,0.0,0.0,0.0,True,309,2026-03,84,0.19047619047619047,0.1541950185129277,45,0.34,0.75,0.61,0.660701696276222,0,-8.548628382953893e-07,0,0,0,6,2,0.3333333333333333,1.6952167458204954,0.753553537952687,2.2496301330177446,1.1248150665088723,0.37621933983024314,3.014214151810748,0.06270322330504052,True,393,2026-04,45,0.4222222222222222,0.2431357240609223,78,0.34,0.75,0.7422038639741236,0.7499000495381298,1,0.008614108555196787,30,8,6
2,震荡多头反转,14,a943d6bcaf196fc2,416.17627333147675,False,连续两个有机会开发月无交易|开发月最低胜率过低|有效开发月份不足|开发交易样本不足,8,0.38,0.75,0,2.0,1.2,0.0033,120,0.95,0.1,36,0.3,3,0.025,260,8.0,42,0,0,0.0,0.0,0.0,0.0,0.0,0.0,0.0,0.0,True,87,2025-11,53,0.2830188679245283,0.20291918837517917,53,0.38,0.75,0.61,0.6461718681702945,0,0.0,0,0,0,0,0,0.0,0.0,0.0,0.0,0.0,0.0,0.0,0.0,True,140,2025-12,53,0.18867924528301888,0.15214053702418348,46,0.38,0.75,0.61,0.6284214377206885,0,-0.0006068696501112247,0,0,0,0,0,0.0,0.0,0.0,0.0,0.0,0.0,0.0,0.0,True,193,2026-01,46,0.13043478260869565,0.1133719675491022,70,0.38,0.75,0.61,0.6380339721254354,0,0.0001884773704820264,0,0,0,0,0,0.0,0.0,0.0,0.0,0.0,0.0,0.0,0.0,True,239,2026-02,70,0.11428571428571428,0.10119776650519602,84,0.38,0.75,0.61,0.6419841477984674,0,-0.001381708754755337,0,0,0,0,0,0.0,0.0,0.0,0.0,0.0,0.0,0.0,0.0,True,309,2026-03,84,0.19047619047619047,0.1541950185129277,45,0.38,0.75,0.61,0.660701696276222,0,-8.548628382953893e-07,0,0,0,6,2,0.3333333333333333,1.6952167458204954,0.753553537952687,2.2496301330177446,1.1248150665088723,0.37621933983024314,3.014214151810748,0.06270322330504052,True,393,2026-04,45,0.4222222222222222,0.2431357240609223,78,0.38,0.75,0.7422038639741236,0.7499000495381298,1,0.008614108555196787,30,8,6
2,震荡多头反转,15,5efbaa576db5a5d6,416.17627333147675,False,连续两个有机会开发月无交易|开发月最低胜率过低|有效开发月份不足|开发交易样本不足,8,0.42,0.75,0,2.0,1.2,0.0033,120,0.95,0.1,36,0.3,3,0.025,260,8.0,42,0,0,0.0,0.0,0.0,0.0,0.0,0.0,0.0,0.0,True,87,2025-11,53,0.2830188679245283,0.20291918837517917,53,0.42,0.75,0.61,0.6461718681702945,0,0.0,0,0,0,0,0,0.0,0.0,0.0,0.0,0.0,0.0,0.0,0.0,True,140,2025-12,53,0.18867924528301888,0.15214053702418348,46,0.42,0.75,0.61,0.6284214377206885,0,-0.0006068696501112247,0,0,0,0,0,0.0,0.0,0.0,0.0,0.0,0.0,0.0,0.0,True,193,2026-01,46,0.13043478260869565,0.1133719675491022,70,0.42,0.75,0.61,0.6380339721254354,0,0.0001884773704820264,0,0,0,0,0,0.0,0.0,0.0,0.0,0.0,0.0,0.0,0.0,True,239,2026-02,70,0.11428571428571428,0.10119776650519602,84,0.42,0.75,0.61,0.6419841477984674,0,-0.001381708754755337,0,0,0,0,0,0.0,0.0,0.0,0.0,0.0,0.0,0.0,0.0,True,309,2026-03,84,0.19047619047619047,0.1541950185129277,45,0.42,0.75,0.61,0.660701696276222,0,-8.548628382953893e-07,0,0,0,6,2,0.3333333333333333,1.6952167458204954,0.753553537952687,2.2496301330177446,1.1248150665088723,0.37621933983024314,3.014214151810748,0.06270322330504052,True,393,2026-04,45,0.4222222222222222,0.2431357240609223,78,0.42,0.75,0.7422038639741236,0.7499000495381298,1,0.008614108555196787,30,8,6
2,震荡多头反转,16,41335c2060b1b268,416.1762402821919,False,连续两个有机会开发月无交易|开发月最低胜率过低|有效开发月份不足|开发交易样本不足,8,0.34,0.65,0,2.0,1.2,0.0033,120,0.95,0.1,36,0.3,3,0.025,260,8.0,42,0,0,0.0,0.0,0.0,0.0,0.0,0.0,0.0,0.0,True,87,2025-11,53,0.2830188679245283,0.20291918837517917,53,0.34,0.65,0.55,0.5728228321844997,0,0.0,0,0,0,0,0,0.0,0.0,0.0,0.0,0.0,0.0,0.0,0.0,True,140,2025-12,53,0.18867924528301888,0.15214053702418348,46,0.34,0.65,0.55,0.5623344811989497,0,-0.0006068696501112247,0,0,0,0,0,0.0,0.0,0.0,0.0,0.0,0.0,0.0,0.0,True,193,2026-01,46,0.13043478260869565,0.1133719675491022,70,0.34,0.65,0.55,0.567002806813782,0,0.0001884773704820264,0,0,0,0,0,0.0,0.0,0.0,0.0,0.0,0.0,0.0,0.0,True,239,2026-02,70,0.11428571428571428,0.10119776650519602,84,0.34,0.65,0.55,0.5726190476190474,0,-0.001381708754755337,0,0,0,0,0,0.0,0.0,0.0,0.0,0.0,0.0,0.0,0.0,True,309,2026-03,84,0.19047619047619047,0.1541950185129277,45,0.34,0.65,0.55,0.585590585165111,0,-8.548628382953893e-07,0,0,0,6,2,0.3333333333333333,1.695216697191198,0.753553537952687,2.2496300684844437,1.1248150342422218,0.37621924257164796,3.014214151810748,0.06270320709527466,True,393,2026-04,45,0.4222222222222222,0.2431357240609223,78,0.34,0.65,0.6422038639741237,0.6499000495381296,1,0.008614108555196787,37,8,6
2,震荡多头反转,17,ca591ff541c1bdba,416.1762402821919,False,连续两个有机会开发月无交易|开发月最低胜率过低|有效开发月份不足|开发交易样本不足,8,0.38,0.65,0,2.0,1.2,0.0033,120,0.95,0.1,36,0.3,3,0.025,260,8.0,42,0,0,0.0,0.0,0.0,0.0,0.0,0.0,0.0,0.0,True,87,2025-11,53,0.2830188679245283,0.20291918837517917,53,0.38,0.65,0.55,0.5728228321844997,0,0.0,0,0,0,0,0,0.0,0.0,0.0,0.0,0.0,0.0,0.0,0.0,True,140,2025-12,53,0.18867924528301888,0.15214053702418348,46,0.38,0.65,0.55,0.5623344811989497,0,-0.0006068696501112247,0,0,0,0,0,0.0,0.0,0.0,0.0,0.0,0.0,0.0,0.0,True,193,2026-01,46,0.13043478260869565,0.1133719675491022,70,0.38,0.65,0.55,0.567002806813782,0,0.0001884773704820264,0,0,0,0,0,0.0,0.0,0.0,0.0,0.0,0.0,0.0,0.0,True,239,2026-02,70,0.11428571428571428,0.10119776650519602,84,0.38,0.65,0.55,0.5726190476190474,0,-0.001381708754755337,0,0,0,0,0,0.0,0.0,0.0,0.0,0.0,0.0,0.0,0.0,True,309,2026-03,84,0.19047619047619047,0.1541950185129277,45,0.38,0.65,0.55,0.585590585165111,0,-8.548628382953893e-07,0,0,0,6,2,0.3333333333333333,1.695216697191198,0.753553537952687,2.2496300684844437,1.1248150342422218,0.37621924257164796,3.014214151810748,0.06270320709527466,True,393,2026-04,45,0.4222222222222222,0.2431357240609223,78,0.38,0.65,0.6422038639741237,0.6499000495381296,1,0.008614108555196787,37,8,6
2,震荡多头反转,18,498724b0b8e58676,416.1762402821919,False,连续两个有机会开发月无交易|开发月最低胜率过低|有效开发月份不足|开发交易样本不足,8,0.42,0.65,0,2.0,1.2,0.0033,120,0.95,0.1,36,0.3,3,0.025,260,8.0,42,0,0,0.0,0.0,0.0,0.0,0.0,0.0,0.0,0.0,True,87,2025-11,53,0.2830188679245283,0.20291918837517917,53,0.42,0.65,0.55,0.5728228321844997,0,0.0,0,0,0,0,0,0.0,0.0,0.0,0.0,0.0,0.0,0.0,0.0,True,140,2025-12,53,0.18867924528301888,0.15214053702418348,46,0.42,0.65,0.55,0.5623344811989497,0,-0.0006068696501112247,0,0,0,0,0,0.0,0.0,0.0,0.0,0.0,0.0,0.0,0.0,True,193,2026-01,46,0.13043478260869565,0.1133719675491022,70,0.42,0.65,0.55,0.567002806813782,0,0.0001884773704820264,0,0,0,0,0,0.0,0.0,0.0,0.0,0.0,0.0,0.0,0.0,True,239,2026-02,70,0.11428571428571428,0.10119776650519602,84,0.42,0.65,0.55,0.5726190476190474,0,-0.001381708754755337,0,0,0,0,0,0.0,0.0,0.0,0.0,0.0,0.0,0.0,0.0,True,309,2026-03,84,0.19047619047619047,0.1541950185129277,45,0.42,0.65,0.55,0.585590585165111,0,-8.548628382953893e-07,0,0,0,6,2,0.3333333333333333,1.695216697191198,0.753553537952687,2.2496300684844437,1.1248150342422218,0.37621924257164796,3.014214151810748,0.06270320709527466,True,393,2026-04,45,0.4222222222222222,0.2431357240609223,78,0.42,0.65,0.6422038639741237,0.6499000495381296,1,0.008614108555196787,37,8,6
2,震荡多头反转,19,7d541351e8e3f7f3,205.24784484255133,False,连续两个有机会开发月无交易|开发月最低胜率过低|有效开发月份不足|开发交易样本不足,8,0.34,0.65,0,1.8,1.05,0.003,96,0.85,0.08,30,0.32,3,0.025,260,8.0,42,0,0,0.0,0.0,0.0,0.0,0.0,0.0,0.0,0.0,True,87,2025-11,53,0.3018867924528302,0.21075115699928568,53,0.34,0.65,0.55,0.5728228321844997,0,0.0,0,0,0,0,0,0.0,0.0,0.0,0.0,0.0,0.0,0.0,0.0,True,140,2025-12,53,0.1509433962264151,0.12772473256468309,46,0.34,0.65,0.55,0.5623344811989497,0,-0.0010862701042700096,0,0,0,0,0,0.0,0.0,0.0,0.0,0.0,0.0,0.0,0.0,True,193,2026-01,46,0.15217391304347827,0.12708331288760863,70,0.34,0.65,0.55,0.567002806813782,0,-0.0018939689960247585,0,0,0,0,0,0.0,0.0,0.0,0.0,0.0,0.0,0.0,0.0,True,239,2026-02,70,0.11428571428571428,0.1011589599184048,84,0.34,0.65,0.55,0.5726190476190474,0,-0.0005933618424154019,0,0,0,0,0,0.0,0.0,0.0,0.0,0.0,0.0,0.0,0.0,True,309,2026-03,84,0.19047619047619047,0.15389904769159304,45,0.34,0.65,0.55,0.585590585165111,0,0.0025850115852985023,0,0,0,6,2,0.3333333333333333,1.4649182842228599,0.7939280571815472,1.8451524303390092,0.9225762151695046,-0.24587566028046903,1.842053196270677,-0.040979276713411505,True,393,2026-04,45,0.3333333333333333,0.22144207706314079,78,0.34,0.65,0.65,0.6499999999999999,0,0.001468752876277013,22,8,6
2,震荡多头反转,20,cedc149e8657cdfb,205.24784484255133,False,连续两个有机会开发月无交易|开发月最低胜率过低|有效开发月份不足|开发交易样本不足,8,0.34,0.65,2,1.8,1.05,0.003,96,0.85,0.08,30,0.32,3,0.025,260,8.0,42,0,0,0.0,0.0,0.0,0.0,0.0,0.0,0.0,0.0,True,87,2025-11,53,0.3018867924528302,0.21075115699928568,53,0.34,0.65,0.55,0.5728228321844997,0,0.0,0,0,0,0,0,0.0,0.0,0.0,0.0,0.0,0.0,0.0,0.0,True,140,2025-12,53,0.1509433962264151,0.12772473256468309,46,0.34,0.65,0.55,0.5623344811989497,0,-0.0010862701042700096,0,0,0,0,0,0.0,0.0,0.0,0.0,0.0,0.0,0.0,0.0,True,193,2026-01,46,0.15217391304347827,0.12708331288760863,70,0.34,0.65,0.55,0.567002806813782,0,-0.0018939689960247585,0,0,0,0,0,0.0,0.0,0.0,0.0,0.0,0.0,0.0,0.0,True,239,2026-02,70,0.11428571428571428,0.1011589599184048,84,0.34,0.65,0.55,0.5726190476190474,0,-0.0005933618424154019,0,0,0,0,0,0.0,0.0,0.0,0.0,0.0,0.0,0.0,0.0,True,309,2026-03,84,0.19047619047619047,0.15389904769159304,45,0.34,0.65,0.55,0.585590585165111,0,0.0025850115852985023,0,0,0,6,2,0.3333333333333333,1.4649182842228599,0.7939280571815472,1.8451524303390092,0.9225762151695046,-0.24587566028046903,1.842053196270677,-0.040979276713411505,True,393,2026-04,45,0.3333333333333333,0.22144207706314079,78,0.34,0.65,0.65,0.6499999999999999,0,0.001468752876277013,22,8,6
2,震荡多头反转,21,1b52eefbbc8dfdbf,205.24784484255133,False,连续两个有机会开发月无交易|开发月最低胜率过低|有效开发月份不足|开发交易样本不足,8,0.34,0.65,4,1.8,1.05,0.003,96,0.85,0.08,30,0.32,3,0.025,260,8.0,42,0,0,0.0,0.0,0.0,0.0,0.0,0.0,0.0,0.0,True,87,2025-11,53,0.3018867924528302,0.21075115699928568,53,0.34,0.65,0.55,0.5728228321844997,0,0.0,0,0,0,0,0,0.0,0.0,0.0,0.0,0.0,0.0,0.0,0.0,True,140,2025-12,53,0.1509433962264151,0.12772473256468309,46,0.34,0.65,0.55,0.5623344811989497,0,-0.0010862701042700096,0,0,0,0,0,0.0,0.0,0.0,0.0,0.0,0.0,0.0,0.0,True,193,2026-01,46,0.15217391304347827,0.12708331288760863,70,0.34,0.65,0.55,0.567002806813782,0,-0.0018939689960247585,0,0,0,0,0,0.0,0.0,0.0,0.0,0.0,0.0,0.0,0.0,True,239,2026-02,70,0.11428571428571428,0.1011589599184048,84,0.34,0.65,0.55,0.5726190476190474,0,-0.0005933618424154019,0,0,0,0,0,0.0,0.0,0.0,0.0,0.0,0.0,0.0,0.0,True,309,2026-03,84,0.19047619047619047,0.15389904769159304,45,0.34,0.65,0.55,0.585590585165111,0,0.0025850115852985023,0,0,0,6,2,0.3333333333333333,1.4649182842228599,0.7939280571815472,1.8451524303390092,0.9225762151695046,-0.24587566028046903,1.842053196270677,-0.040979276713411505,True,393,2026-04,45,0.3333333333333333,0.22144207706314079,78,0.34,0.65,0.65,0.6499999999999999,0,0.001468752876277013,22,8,6
2,震荡多头反转,22,046ec845fb624c4a,205.24784484255133,False,连续两个有机会开发月无交易|开发月最低胜率过低|有效开发月份不足|开发交易样本不足,8,0.34,0.75,0,1.8,1.05,0.003,96,0.85,0.08,30,0.32,3,0.025,260,8.0,42,0,0,0.0,0.0,0.0,0.0,0.0,0.0,0.0,0.0,True,87,2025-11,53,0.3018867924528302,0.21075115699928568,53,0.34,0.75,0.61,0.6461718681702945,0,0.0,0,0,0,0,0,0.0,0.0,0.0,0.0,0.0,0.0,0.0,0.0,True,140,2025-12,53,0.1509433962264151,0.12772473256468309,46,0.34,0.75,0.61,0.6284214377206885,0,-0.0010862701042700096,0,0,0,0,0,0.0,0.0,0.0,0.0,0.0,0.0,0.0,0.0,True,193,2026-01,46,0.15217391304347827,0.12708331288760863,70,0.34,0.75,0.61,0.6380339721254354,0,-0.0018939689960247585,0,0,0,0,0,0.0,0.0,0.0,0.0,0.0,0.0,0.0,0.0,True,239,2026-02,70,0.11428571428571428,0.1011589599184048,84,0.34,0.75,0.61,0.6419841477984674,0,-0.0005933618424154019,0,0,0,0,0,0.0,0.0,0.0,0.0,0.0,0.0,0.0,0.0,True,309,2026-03,84,0.19047619047619047,0.15389904769159304,45,0.34,0.75,0.61,0.660701696276222,0,0.0025850115852985023,0,0,0,6,2,0.3333333333333333,1.4649182842228599,0.7939280571815472,1.8451524303390092,0.9225762151695046,-0.24587566028046903,1.842053196270677,-0.040979276713411505,True,393,2026-04,45,0.3333333333333333,0.22144207706314079,78,0.34,0.75,0.75,0.75,0,0.001468752876277013,21,8,6
2,震荡多头反转,23,3f9f9a975a781f3e,205.24784484255133,False,连续两个有机会开发月无交易|开发月最低胜率过低|有效开发月份不足|开发交易样本不足,8,0.34,0.75,2,1.8,1.05,0.003,96,0.85,0.08,30,0.32,3,0.025,260,8.0,42,0,0,0.0,0.0,0.0,0.0,0.0,0.0,0.0,0.0,True,87,2025-11,53,0.3018867924528302,0.21075115699928568,53,0.34,0.75,0.61,0.6461718681702945,0,0.0,0,0,0,0,0,0.0,0.0,0.0,0.0,0.0,0.0,0.0,0.0,True,140,2025-12,53,0.1509433962264151,0.12772473256468309,46,0.34,0.75,0.61,0.6284214377206885,0,-0.0010862701042700096,0,0,0,0,0,0.0,0.0,0.0,0.0,0.0,0.0,0.0,0.0,True,193,2026-01,46,0.15217391304347827,0.12708331288760863,70,0.34,0.75,0.61,0.6380339721254354,0,-0.0018939689960247585,0,0,0,0,0,0.0,0.0,0.0,0.0,0.0,0.0,0.0,0.0,True,239,2026-02,70,0.11428571428571428,0.1011589599184048,84,0.34,0.75,0.61,0.6419841477984674,0,-0.0005933618424154019,0,0,0,0,0,0.0,0.0,0.0,0.0,0.0,0.0,0.0,0.0,True,309,2026-03,84,0.19047619047619047,0.15389904769159304,45,0.34,0.75,0.61,0.660701696276222,0,0.0025850115852985023,0,0,0,6,2,0.3333333333333333,1.4649182842228599,0.7939280571815472,1.8451524303390092,0.9225762151695046,-0.24587566028046903,1.842053196270677,-0.040979276713411505,True,393,2026-04,45,0.3333333333333333,0.22144207706314079,78,0.34,0.75,0.75,0.75,0,0.001468752876277013,21,8,6
2,震荡多头反转,24,8a98f0b99769f9ea,205.24784484255133,False,连续两个有机会开发月无交易|开发月最低胜率过低|有效开发月份不足|开发交易样本不足,8,0.34,0.75,4,1.8,1.05,0.003,96,0.85,0.08,30,0.32,3,0.025,260,8.0,42,0,0,0.0,0.0,0.0,0.0,0.0,0.0,0.0,0.0,True,87,2025-11,53,0.3018867924528302,0.21075115699928568,53,0.34,0.75,0.61,0.6461718681702945,0,0.0,0,0,0,0,0,0.0,0.0,0.0,0.0,0.0,0.0,0.0,0.0,True,140,2025-12,53,0.1509433962264151,0.12772473256468309,46,0.34,0.75,0.61,0.6284214377206885,0,-0.0010862701042700096,0,0,0,0,0,0.0,0.0,0.0,0.0,0.0,0.0,0.0,0.0,True,193,2026-01,46,0.15217391304347827,0.12708331288760863,70,0.34,0.75,0.61,0.6380339721254354,0,-0.0018939689960247585,0,0,0,0,0,0.0,0.0,0.0,0.0,0.0,0.0,0.0,0.0,True,239,2026-02,70,0.11428571428571428,0.1011589599184048,84,0.34,0.75,0.61,0.6419841477984674,0,-0.0005933618424154019,0,0,0,0,0,0.0,0.0,0.0,0.0,0.0,0.0,0.0,0.0,True,309,2026-03,84,0.19047619047619047,0.15389904769159304,45,0.34,0.75,0.61,0.660701696276222,0,0.0025850115852985023,0,0,0,6,2,0.3333333333333333,1.4649182842228599,0.7939280571815472,1.8451524303390092,0.9225762151695046,-0.24587566028046903,1.842053196270677,-0.040979276713411505,True,393,2026-04,45,0.3333333333333333,0.22144207706314079,78,0.34,0.75,0.75,0.75,0,0.001468752876277013,21,8,6
2,震荡多头反转,25,d3a79ffb8216a588,-33.09966467393724,False,连续两个有机会开发月无交易|开发月最低胜率过低|有效开发月份不足|开发交易样本不足,12,0.34,0.65,4,2.0,1.2,0.0033,120,0.95,0.1,36,0.3,3,0.025,260,8.0,42,0,0,0.0,0.0,0.0,0.0,0.0,0.0,0.0,0.0,True,87,2025-11,53,0.2830188679245283,0.20291918837517917,53,0.34,0.65,0.55,0.5719700973333531,0,0.0,0,0,0,0,0,0.0,0.0,0.0,0.0,0.0,0.0,0.0,0.0,True,140,2025-12,53,0.18867924528301888,0.15214053702418348,46,0.34,0.65,0.55,0.5608930261462504,0,-0.0006068696501112247,0,0,0,0,0,0.0,0.0,0.0,0.0,0.0,0.0,0.0,0.0,True,193,2026-01,46,0.13043478260869565,0.1133719675491022,70,0.34,0.65,0.55,0.5660159698025549,0,0.0001884773704820264,0,0,0,0,0,0.0,0.0,0.0,0.0,0.0,0.0,0.0,0.0,True,239,2026-02,70,0.11428571428571428,0.10119776650519602,84,0.34,0.65,0.55,0.5726190476190474,0,-0.001381708754755337,0,0,0,0,0,0.0,0.0,0.0,0.0,0.0,0.0,0.0,0.0,True,309,2026-03,84,0.19047619047619047,0.1541950185129277,45,0.34,0.65,0.55,0.5844969888587775,0,-8.548628382953893e-07,0,0,0,6,2,0.3333333333333333,1.695216697191198,1.0284150851367133,1.6483778988576803,0.8241889494288401,-0.7232269461644574,2.8103877626008757,-0.1205378243607429,True,393,2026-04,45,0.4222222222222222,0.2431357240609223,78,0.34,0.65,0.6383057959611854,0.6498500743071947,1,0.008614108555196787,37,12,6
2,震荡多头反转,26,f0c5bbe301c1850c,-33.09966467393724,False,连续两个有机会开发月无交易|开发月最低胜率过低|有效开发月份不足|开发交易样本不足,12,0.38,0.65,4,2.0,1.2,0.0033,120,0.95,0.1,36,0.3,3,0.025,260,8.0,42,0,0,0.0,0.0,0.0,0.0,0.0,0.0,0.0,0.0,True,87,2025-11,53,0.2830188679245283,0.20291918837517917,53,0.38,0.65,0.55,0.5719700973333531,0,0.0,0,0,0,0,0,0.0,0.0,0.0,0.0,0.0,0.0,0.0,0.0,True,140,2025-12,53,0.18867924528301888,0.15214053702418348,46,0.38,0.65,0.55,0.5608930261462504,0,-0.0006068696501112247,0,0,0,0,0,0.0,0.0,0.0,0.0,0.0,0.0,0.0,0.0,True,193,2026-01,46,0.13043478260869565,0.1133719675491022,70,0.38,0.65,0.55,0.5660159698025549,0,0.0001884773704820264,0,0,0,0,0,0.0,0.0,0.0,0.0,0.0,0.0,0.0,0.0,True,239,2026-02,70,0.11428571428571428,0.10119776650519602,84,0.38,0.65,0.55,0.5726190476190474,0,-0.001381708754755337,0,0,0,0,0,0.0,0.0,0.0,0.0,0.0,0.0,0.0,0.0,True,309,2026-03,84,0.19047619047619047,0.1541950185129277,45,0.38,0.65,0.55,0.5844969888587775,0,-8.548628382953893e-07,0,0,0,6,2,0.3333333333333333,1.695216697191198,1.0284150851367133,1.6483778988576803,0.8241889494288401,-0.7232269461644574,2.8103877626008757,-0.1205378243607429,True,393,2026-04,45,0.4222222222222222,0.2431357240609223,78,0.38,0.65,0.6383057959611854,0.6498500743071947,1,0.008614108555196787,37,12,6
2,震荡多头反转,27,bb2f76ecbc1a99f9,-33.09966467393724,False,连续两个有机会开发月无交易|开发月最低胜率过低|有效开发月份不足|开发交易样本不足,12,0.42,0.65,4,2.0,1.2,0.0033,120,0.95,0.1,36,0.3,3,0.025,260,8.0,42,0,0,0.0,0.0,0.0,0.0,0.0,0.0,0.0,0.0,True,87,2025-11,53,0.2830188679245283,0.20291918837517917,53,0.42,0.65,0.55,0.5719700973333531,0,0.0,0,0,0,0,0,0.0,0.0,0.0,0.0,0.0,0.0,0.0,0.0,True,140,2025-12,53,0.18867924528301888,0.15214053702418348,46,0.42,0.65,0.55,0.5608930261462504,0,-0.0006068696501112247,0,0,0,0,0,0.0,0.0,0.0,0.0,0.0,0.0,0.0,0.0,True,193,2026-01,46,0.13043478260869565,0.1133719675491022,70,0.42,0.65,0.55,0.5660159698025549,0,0.0001884773704820264,0,0,0,0,0,0.0,0.0,0.0,0.0,0.0,0.0,0.0,0.0,True,239,2026-02,70,0.11428571428571428,0.10119776650519602,84,0.42,0.65,0.55,0.5726190476190474,0,-0.001381708754755337,0,0,0,0,0,0.0,0.0,0.0,0.0,0.0,0.0,0.0,0.0,True,309,2026-03,84,0.19047619047619047,0.1541950185129277,45,0.42,0.65,0.55,0.5844969888587775,0,-8.548628382953893e-07,0,0,0,6,2,0.3333333333333333,1.695216697191198,1.0284150851367133,1.6483778988576803,0.8241889494288401,-0.7232269461644574,2.8103877626008757,-0.1205378243607429,True,393,2026-04,45,0.4222222222222222,0.2431357240609223,78,0.42,0.65,0.6383057959611854,0.6498500743071947,1,0.008614108555196787,37,12,6
2,震荡多头反转,28,f5e305c789d49888,-213.1183708748922,False,连续两个有机会开发月无交易|开发月最低胜率过低|有效开发月份不足|开发交易样本不足,8,0.34,0.85,4,1.6,0.95,0.0028,72,0.8,0.06,24,0.32,2,0.035,220,6.0,32,5,1,0.2,1.2412634797237974,0.8276935546808124,1.4996655135274939,0.37491637838187347,-2.069510738999452,3.3107742187232496,-0.41390214779989043,True,87,2025-11,53,0.33962264150943394,0.22422274700730488,53,0.34,0.85,0.85,0.8500000000000001,0,0.0003390321665877605,21,8,5,0,0,0.0,0.0,0.0,0.0,0.0,0.0,0.0,0.0,True,140,2025-12,53,0.16981132075471697,0.14087134726848113,46,0.34,0.85,0.71,0.7284214377206887,0,-0.0004637232988542461,0,0,0,0,0,0.0,0.0,0.0,0.0,0.0,0.0,0.0,0.0,True,193,2026-01,46,0.1956521739130435,0.1560970641411626,70,0.34,0.85,0.71,0.7380339721254355,0,0.0002682477006694106,0,0,0,0,0,0.0,0.0,0.0,0.0,0.0,0.0,0.0,0.0,True,239,2026-02,70,0.15714285714285714,0.1324012887421302,84,0.34,0.85,0.71,0.7419841477984672,0,0.0004775092068492748,0,0,0,0,0,0.0,0.0,0.0,0.0,0.0,0.0,0.0,0.0,True,309,2026-03,84,0.23809523809523808,0.1807568027796616,45,0.34,0.85,0.71,0.7607016962762221,0,0.0011544249529504558,0,0,0,5,1,0.2,1.2411620109973533,1.0926552993356633,1.1359135966777285,0.2839783991694321,-3.1294591863453,4.370621197342653,-0.62589183726906,True,393,2026-04,45,0.37777777777777777,0.2344495999509654,78,0.34,0.85,0.85,0.8499999999999998,0,0.0006615006969127868,17,8,5
2,震荡多头反转,29,88fcd8a8fadcc5cc,-234.83620371704092,False,连续两个有机会开发月无交易|开发月最低胜率过低|有效开发月份不足|开发交易样本不足,8,0.34,0.65,4,1.6,0.95,0.0028,72,0.8,0.06,24,0.32,2,0.035,220,6.0,32,5,1,0.2,1.2412634797237974,0.8276935546808124,1.4996655135274939,0.37491637838187347,-2.069510738999452,3.3107742187232496,-0.41390214779989043,True,87,2025-11,53,0.33962264150943394,0.22422274700730488,53,0.34,0.65,0.65,0.6499999999999999,0,0.0003390321665877605,21,8,5,0,0,0.0,0.0,0.0,0.0,0.0,0.0,0.0,0.0,True,140,2025-12,53,0.16981132075471697,0.14087134726848113,46,0.34,0.65,0.55,0.5623344811989497,0,-0.0004637232988542461,0,0,0,0,0,0.0,0.0,0.0,0.0,0.0,0.0,0.0,0.0,True,193,2026-01,46,0.1956521739130435,0.1560970641411626,70,0.34,0.65,0.55,0.567002806813782,0,0.0002682477006694106,0,0,0,0,0,0.0,0.0,0.0,0.0,0.0,0.0,0.0,0.0,True,239,2026-02,70,0.15714285714285714,0.1324012887421302,84,0.34,0.65,0.55,0.5726190476190474,0,0.0004775092068492748,0,0,0,0,0,0.0,0.0,0.0,0.0,0.0,0.0,0.0,0.0,True,309,2026-03,84,0.23809523809523808,0.1807568027796616,45,0.34,0.65,0.55,0.585590585165111,0,0.0011544249529504558,0,0,0,6,1,0.16666666666666666,1.2411620109973533,0.7218433336525371,1.7194340560257815,0.34388681120515635,-2.368054657265332,3.609216668262685,-0.3946757762108886,True,393,2026-04,45,0.37777777777777777,0.2344495999509654,78,0.34,0.65,0.65,0.6499999999999999,0,0.0006615006969127868,28,8,6
2,震荡多头反转,30,fe5a8e6eaafc94d9,-238.90653157931592,False,连续两个有机会开发月无交易|开发月最低胜率过低|有效开发月份不足|开发交易样本不足,8,0.34,0.85,0,2.0,1.2,0.0033,120,0.95,0.1,36,0.3,3,0.025,260,8.0,42,0,0,0.0,0.0,0.0,0.0,0.0,0.0,0.0,0.0,True,87,2025-11,53,0.2830188679245283,0.20291918837517917,53,0.34,0.85,0.71,0.7461718681702947,0,0.0,0,0,0,0,0,0.0,0.0,0.0,0.0,0.0,0.0,0.0,0.0,True,140,2025-12,53,0.18867924528301888,0.15214053702418348,46,0.34,0.85,0.71,0.7284214377206887,0,-0.0006068696501112247,0,0,0,0,0,0.0,0.0,0.0,0.0,0.0,0.0,0.0,0.0,True,193,2026-01,46,0.13043478260869565,0.1133719675491022,70,0.34,0.85,0.71,0.7380339721254355,0,0.0001884773704820264,0,0,0,0,0,0.0,0.0,0.0,0.0,0.0,0.0,0.0,0.0,True,239,2026-02,70,0.11428571428571428,0.10119776650519602,84,0.34,0.85,0.71,0.7419841477984672,0,-0.001381708754755337,0,0,0,0,0,0.0,0.0,0.0,0.0,0.0,0.0,0.0,0.0,True,309,2026-03,84,0.19047619047619047,0.1541950185129277,45,0.34,0.85,0.71,0.7607016962762221,0,-8.548628382953893e-07,0,0,0,7,2,0.2857142857142857,1.6952167458204954,0.8634986548210473,1.9631955838678343,0.7852782335471338,-0.9270597824642448,2.606553238088062,-0.1324371117806064,True,393,2026-04,45,0.4222222222222222,0.2431357240609223,78,0.34,0.85,0.8402150537634409,0.8497746015094557,1,0.008614108555196787,22,8,7
3,震荡空头反转,1,df304283a34f6d3c,2868.151039142267,False,连续两个有机会开发月无交易|累计胜率过低|有效开发月份不足,8,0.34,0.65,0,2.0,1.2,0.0033,120,0.95,0.1,36,0.3,2,0.035,220,6.0,32,0,0,0.0,0.0,0.0,0.0,0.0,0.0,0.0,0.0,True,92,2025-11,56,0.25,0.18623430081927358,46,0.34,0.65,0.55,0.5733477956799204,0,0.0014950088871590883,0,0,0,0,0,0.0,0.0,0.0,0.0,0.0,0.0,0.0,0.0,True,148,2025-12,46,0.10869565217391304,0.09607700719304547,58,0.34,0.65,0.55,0.5597210541070927,0,-0.0025834817404363775,0,0,0,7,3,0.42857142857142855,1.7381115850576123,0.9315086183076466,1.8659103640022054,1.399432773001654,1.4883002819422497,2.421732945541851,0.21261432599174995,True,194,2026-01,58,0.3620689655172414,0.23059857178801577,61,0.34,0.65,0.65,0.6499999999999999,0,-0.0006174468602690997,21,8,7,8,3,0.375,1.7143300039212601,1.0670867941386308,1.6065516069900332,0.9639309641940199,-0.19244395892937471,2.581485295704014,-0.02405549486617184,True,252,2026-02,61,0.3442622950819672,0.22431807452191538,59,0.34,0.65,0.65,0.6499999999999999,0,0.01130730805429897,27,8,8,0,0,0.0,0.0,0.0,0.0,0.0,0.0,0.0,0.0,True,313,2026-03,59,0.2542372881355932,0.18765380935595652,60,0.34,0.65,0.55,0.5770796446853356,0,0.00481447097105514,0,0,0,0,0,0.0,0.0,0.0,0.0,0.0,0.0,0.0,0.0,True,372,2026-04,60,0.2,0.1558890484753003,103,0.34,0.65,0.55,0.5636498709490694,0,0.006412824630108976,0,0,0
3,震荡空头反转,2,8718a8eb01fabc64,2868.151039142267,False,连续两个有机会开发月无交易|累计胜率过低|有效开发月份不足,8,0.34,0.65,2,2.0,1.2,0.0033,120,0.95,0.1,36,0.3,2,0.035,220,6.0,32,0,0,0.0,0.0,0.0,0.0,0.0,0.0,0.0,0.0,True,92,2025-11,56,0.25,0.18623430081927358,46,0.34,0.65,0.55,0.5733477956799204,0,0.0014950088871590883,0,0,0,0,0,0.0,0.0,0.0,0.0,0.0,0.0,0.0,0.0,True,148,2025-12,46,0.10869565217391304,0.09607700719304547,58,0.34,0.65,0.55,0.5597210541070927,0,-0.0025834817404363775,0,0,0,7,3,0.42857142857142855,1.7381115850576123,0.9315086183076466,1.8659103640022054,1.399432773001654,1.4883002819422497,2.421732945541851,0.21261432599174995,True,194,2026-01,58,0.3620689655172414,0.23059857178801577,61,0.34,0.65,0.65,0.6499999999999999,0,-0.0006174468602690997,21,8,7,8,3,0.375,1.7143300039212601,1.0670867941386308,1.6065516069900332,0.9639309641940199,-0.19244395892937471,2.581485295704014,-0.02405549486617184,True,252,2026-02,61,0.3442622950819672,0.22431807452191538,59,0.34,0.65,0.65,0.6499999999999999,0,0.01130730805429897,27,8,8,0,0,0.0,0.0,0.0,0.0,0.0,0.0,0.0,0.0,True,313,2026-03,59,0.2542372881355932,0.18765380935595652,60,0.34,0.65,0.55,0.5770796446853356,0,0.00481447097105514,0,0,0,0,0,0.0,0.0,0.0,0.0,0.0,0.0,0.0,0.0,True,372,2026-04,60,0.2,0.1558890484753003,103,0.34,0.65,0.55,0.5636498709490694,0,0.006412824630108976,0,0,0
3,震荡空头反转,3,3ca62173a4a94cd7,2868.151039142267,False,连续两个有机会开发月无交易|累计胜率过低|有效开发月份不足,8,0.34,0.65,4,2.0,1.2,0.0033,120,0.95,0.1,36,0.3,2,0.035,220,6.0,32,0,0,0.0,0.0,0.0,0.0,0.0,0.0,0.0,0.0,True,92,2025-11,56,0.25,0.18623430081927358,46,0.34,0.65,0.55,0.5733477956799204,0,0.0014950088871590883,0,0,0,0,0,0.0,0.0,0.0,0.0,0.0,0.0,0.0,0.0,True,148,2025-12,46,0.10869565217391304,0.09607700719304547,58,0.34,0.65,0.55,0.5597210541070927,0,-0.0025834817404363775,0,0,0,7,3,0.42857142857142855,1.7381115850576123,0.9315086183076466,1.8659103640022054,1.399432773001654,1.4883002819422497,2.421732945541851,0.21261432599174995,True,194,2026-01,58,0.3620689655172414,0.23059857178801577,61,0.34,0.65,0.65,0.6499999999999999,0,-0.0006174468602690997,21,8,7,8,3,0.375,1.7143300039212601,1.0670867941386308,1.6065516069900332,0.9639309641940199,-0.19244395892937471,2.581485295704014,-0.02405549486617184,True,252,2026-02,61,0.3442622950819672,0.22431807452191538,59,0.34,0.65,0.65,0.6499999999999999,0,0.01130730805429897,27,8,8,0,0,0.0,0.0,0.0,0.0,0.0,0.0,0.0,0.0,True,313,2026-03,59,0.2542372881355932,0.18765380935595652,60,0.34,0.65,0.55,0.5770796446853356,0,0.00481447097105514,0,0,0,0,0,0.0,0.0,0.0,0.0,0.0,0.0,0.0,0.0,True,372,2026-04,60,0.2,0.1558890484753003,103,0.34,0.65,0.55,0.5636498709490694,0,0.006412824630108976,0,0,0
3,震荡空头反转,4,eaaee3b4da72c3cc,2185.4832704524742,False,连续两个有机会开发月无交易|开发月最低胜率过低|累计胜率过低|多月负期望|累计盈利因子不足|累计净R非正,12,0.34,0.85,0,1.6,0.95,0.0028,72,0.8,0.06,24,0.32,2,0.035,220,6.0,32,1,0,0.0,0.0,1.3584622130594386,0.0,0.0,-1.3584622130594386,1.3584622130594386,-1.3584622130594386,True,92,2025-11,56,0.30357142857142855,0.2109474611905164,46,0.34,0.85,0.71,0.7554264111582703,2,0.001618667157379905,2,2,1,0,0,0.0,0.0,0.0,0.0,0.0,0.0,0.0,0.0,True,148,2025-12,46,0.13043478260869565,0.11161224443056982,58,0.34,0.85,0.71,0.7233363176790834,0,-0.00888974632918016,0,0,0,11,3,0.2727272727272727,1.2426014104525274,0.5397183342136089,2.3023146179813345,0.8633679817430006,-0.5899424423512898,3.125103885264549,-0.053631131122844525,True,194,2026-01,58,0.3620689655172414,0.22772839612693266,61,0.34,0.85,0.8372089280531884,0.8495108020330374,2,0.006923579828751081,12,12,11,6,3,0.5,1.2426668981590543,1.3424922840282534,0.9256417433032351,0.925641743303235,-0.2994761576075977,2.6688236934040517,-0.04991269293459962,True,252,2026-02,61,0.32786885245901637,0.21979455849867832,59,0.34,0.85,0.7949384568174844,0.8314272986640662,4,0.0011587305469956677,7,7,6,0,0,0.0,0.0,0.0,0.0,0.0,0.0,0.0,0.0,True,313,2026-03,59,0.3050847457627119,0.2117165945999838,60,0.34,0.85,0.71,0.7476194670280037,0,0.006647310245746885,0,0,0,0,0,0.0,0.0,0.0,0.0,0.0,0.0,0.0,0.0,True,372,2026-04,60,0.25,0.18674650027150141,103,0.34,0.85,0.71,0.7288100748843375,0,0.0026195531635555824,0,0,0
3,震荡空头反转,5,b766ddf877a728a1,2185.4832704524742,False,连续两个有机会开发月无交易|开发月最低胜率过低|累计胜率过低|多月负期望|累计盈利因子不足|累计净R非正,12,0.34,0.85,2,1.6,0.95,0.0028,72,0.8,0.06,24,0.32,2,0.035,220,6.0,32,1,0,0.0,0.0,1.3584622130594386,0.0,0.0,-1.3584622130594386,1.3584622130594386,-1.3584622130594386,True,92,2025-11,56,0.30357142857142855,0.2109474611905164,46,0.34,0.85,0.71,0.7554264111582703,2,0.001618667157379905,2,2,1,0,0,0.0,0.0,0.0,0.0,0.0,0.0,0.0,0.0,True,148,2025-12,46,0.13043478260869565,0.11161224443056982,58,0.34,0.85,0.71,0.7233363176790834,0,-0.00888974632918016,0,0,0,11,3,0.2727272727272727,1.2426014104525274,0.5397183342136089,2.3023146179813345,0.8633679817430006,-0.5899424423512898,3.125103885264549,-0.053631131122844525,True,194,2026-01,58,0.3620689655172414,0.22772839612693266,61,0.34,0.85,0.8372089280531884,0.8495108020330374,2,0.006923579828751081,12,12,11,6,3,0.5,1.2426668981590543,1.3424922840282534,0.9256417433032351,0.925641743303235,-0.2994761576075977,2.6688236934040517,-0.04991269293459962,True,252,2026-02,61,0.32786885245901637,0.21979455849867832,59,0.34,0.85,0.7949384568174844,0.8314272986640662,4,0.0011587305469956677,7,7,6,0,0,0.0,0.0,0.0,0.0,0.0,0.0,0.0,0.0,True,313,2026-03,59,0.3050847457627119,0.2117165945999838,60,0.34,0.85,0.71,0.7476194670280037,0,0.006647310245746885,0,0,0,0,0,0.0,0.0,0.0,0.0,0.0,0.0,0.0,0.0,True,372,2026-04,60,0.25,0.18674650027150141,103,0.34,0.85,0.71,0.7288100748843375,0,0.0026195531635555824,0,0,0
3,震荡空头反转,6,9c0a4b0c00e86c6d,2185.4832704524742,False,连续两个有机会开发月无交易|开发月最低胜率过低|累计胜率过低|多月负期望|累计盈利因子不足|累计净R非正,12,0.34,0.85,4,1.6,0.95,0.0028,72,0.8,0.06,24,0.32,2,0.035,220,6.0,32,1,0,0.0,0.0,1.3584622130594386,0.0,0.0,-1.3584622130594386,1.3584622130594386,-1.3584622130594386,True,92,2025-11,56,0.30357142857142855,0.2109474611905164,46,0.34,0.85,0.71,0.7554264111582703,2,0.001618667157379905,2,2,1,0,0,0.0,0.0,0.0,0.0,0.0,0.0,0.0,0.0,True,148,2025-12,46,0.13043478260869565,0.11161224443056982,58,0.34,0.85,0.71,0.7233363176790834,0,-0.00888974632918016,0,0,0,11,3,0.2727272727272727,1.2426014104525274,0.5397183342136089,2.3023146179813345,0.8633679817430006,-0.5899424423512898,3.125103885264549,-0.053631131122844525,True,194,2026-01,58,0.3620689655172414,0.22772839612693266,61,0.34,0.85,0.8372089280531884,0.8495108020330374,2,0.006923579828751081,12,12,11,6,3,0.5,1.2426668981590543,1.3424922840282534,0.9256417433032351,0.925641743303235,-0.2994761576075977,2.6688236934040517,-0.04991269293459962,True,252,2026-02,61,0.32786885245901637,0.21979455849867832,59,0.34,0.85,0.7949384568174844,0.8314272986640662,4,0.0011587305469956677,7,7,6,0,0,0.0,0.0,0.0,0.0,0.0,0.0,0.0,0.0,True,313,2026-03,59,0.3050847457627119,0.2117165945999838,60,0.34,0.85,0.71,0.7476194670280037,0,0.006647310245746885,0,0,0,0,0,0.0,0.0,0.0,0.0,0.0,0.0,0.0,0.0,True,372,2026-04,60,0.25,0.18674650027150141,103,0.34,0.85,0.71,0.7288100748843375,0,0.0026195531635555824,0,0,0
3,震荡空头反转,7,67b5ef7a8eecb017,2129.4832704524742,False,连续两个有机会开发月无交易|开发月最低胜率过低|累计胜率过低|多月负期望|累计盈利因子不足|累计净R非正,16,0.34,0.85,0,1.6,0.95,0.0028,72,0.8,0.06,24,0.32,2,0.035,220,6.0,32,1,0,0.0,0.0,1.3584622130594386,0.0,0.0,-1.3584622130594386,1.3584622130594386,-1.3584622130594386,True,92,2025-11,56,0.30357142857142855,0.2109474611905164,46,0.34,0.85,0.71,0.7519447817625461,2,0.001618667157379905,2,2,1,0,0,0.0,0.0,0.0,0.0,0.0,0.0,0.0,0.0,True,148,2025-12,46,0.13043478260869565,0.11161224443056982,58,0.34,0.85,0.71,0.7221495729973986,0,-0.00888974632918016,0,0,0,11,3,0.2727272727272727,1.2426014104525274,0.5397183342136089,2.3023146179813345,0.8633679817430006,-0.5899424423512898,3.125103885264549,-0.053631131122844525,True,194,2026-01,58,0.3620689655172414,0.22772839612693266,61,0.34,0.85,0.8054066960398912,0.840506610558864,6,0.006923579828751081,12,12,11,6,3,0.5,1.2426668981590543,1.3424922840282534,0.9256417433032351,0.925641743303235,-0.2994761576075977,2.6688236934040517,-0.04991269293459962,True,252,2026-02,61,0.32786885245901637,0.21979455849867832,59,0.34,0.85,0.7737038426131133,0.815219519050122,4,0.0011587305469956677,7,7,6,0,0,0.0,0.0,0.0,0.0,0.0,0.0,0.0,0.0,True,313,2026-03,59,0.3050847457627119,0.2117165945999838,60,0.34,0.85,0.71,0.7467968985245409,0,0.006647310245746885,0,0,0,0,0,0.0,0.0,0.0,0.0,0.0,0.0,0.0,0.0,True,372,2026-04,60,0.25,0.18674650027150141,103,0.34,0.85,0.71,0.7273778344736151,0,0.0026195531635555824,0,0,0
3,震荡空头反转,8,074c279210fef670,2129.4832704524742,False,连续两个有机会开发月无交易|开发月最低胜率过低|累计胜率过低|多月负期望|累计盈利因子不足|累计净R非正,16,0.34,0.85,2,1.6,0.95,0.0028,72,0.8,0.06,24,0.32,2,0.035,220,6.0,32,1,0,0.0,0.0,1.3584622130594386,0.0,0.0,-1.3584622130594386,1.3584622130594386,-1.3584622130594386,True,92,2025-11,56,0.30357142857142855,0.2109474611905164,46,0.34,0.85,0.71,0.7519447817625461,2,0.001618667157379905,2,2,1,0,0,0.0,0.0,0.0,0.0,0.0,0.0,0.0,0.0,True,148,2025-12,46,0.13043478260869565,0.11161224443056982,58,0.34,0.85,0.71,0.7221495729973986,0,-0.00888974632918016,0,0,0,11,3,0.2727272727272727,1.2426014104525274,0.5397183342136089,2.3023146179813345,0.8633679817430006,-0.5899424423512898,3.125103885264549,-0.053631131122844525,True,194,2026-01,58,0.3620689655172414,0.22772839612693266,61,0.34,0.85,0.8054066960398912,0.840506610558864,6,0.006923579828751081,12,12,11,6,3,0.5,1.2426668981590543,1.3424922840282534,0.9256417433032351,0.925641743303235,-0.2994761576075977,2.6688236934040517,-0.04991269293459962,True,252,2026-02,61,0.32786885245901637,0.21979455849867832,59,0.34,0.85,0.7737038426131133,0.815219519050122,4,0.0011587305469956677,7,7,6,0,0,0.0,0.0,0.0,0.0,0.0,0.0,0.0,0.0,True,313,2026-03,59,0.3050847457627119,0.2117165945999838,60,0.34,0.85,0.71,0.7467968985245409,0,0.006647310245746885,0,0,0,0,0,0.0,0.0,0.0,0.0,0.0,0.0,0.0,0.0,True,372,2026-04,60,0.25,0.18674650027150141,103,0.34,0.85,0.71,0.7273778344736151,0,0.0026195531635555824,0,0,0
3,震荡空头反转,9,d6628fc1cdbedab3,2129.4832704524742,False,连续两个有机会开发月无交易|开发月最低胜率过低|累计胜率过低|多月负期望|累计盈利因子不足|累计净R非正,16,0.34,0.85,4,1.6,0.95,0.0028,72,0.8,0.06,24,0.32,2,0.035,220,6.0,32,1,0,0.0,0.0,1.3584622130594386,0.0,0.0,-1.3584622130594386,1.3584622130594386,-1.3584622130594386,True,92,2025-11,56,0.30357142857142855,0.2109474611905164,46,0.34,0.85,0.71,0.7519447817625461,2,0.001618667157379905,2,2,1,0,0,0.0,0.0,0.0,0.0,0.0,0.0,0.0,0.0,True,148,2025-12,46,0.13043478260869565,0.11161224443056982,58,0.34,0.85,0.71,0.7221495729973986,0,-0.00888974632918016,0,0,0,11,3,0.2727272727272727,1.2426014104525274,0.5397183342136089,2.3023146179813345,0.8633679817430006,-0.5899424423512898,3.125103885264549,-0.053631131122844525,True,194,2026-01,58,0.3620689655172414,0.22772839612693266,61,0.34,0.85,0.8054066960398912,0.840506610558864,6,0.006923579828751081,12,12,11,6,3,0.5,1.2426668981590543,1.3424922840282534,0.9256417433032351,0.925641743303235,-0.2994761576075977,2.6688236934040517,-0.04991269293459962,True,252,2026-02,61,0.32786885245901637,0.21979455849867832,59,0.34,0.85,0.7737038426131133,0.815219519050122,4,0.0011587305469956677,7,7,6,0,0,0.0,0.0,0.0,0.0,0.0,0.0,0.0,0.0,True,313,2026-03,59,0.3050847457627119,0.2117165945999838,60,0.34,0.85,0.71,0.7467968985245409,0,0.006647310245746885,0,0,0,0,0,0.0,0.0,0.0,0.0,0.0,0.0,0.0,0.0,True,372,2026-04,60,0.25,0.18674650027150141,103,0.34,0.85,0.71,0.7273778344736151,0,0.0026195531635555824,0,0,0
3,震荡空头反转,10,f1847c5bfd5e7b08,1817.078652081605,False,连续两个有机会开发月无交易|开发月最低胜率过低|累计胜率过低|有效开发月份不足|累计盈利因子不足|累计净R非正,8,0.34,0.65,0,2.0,1.2,0.0033,120,0.95,0.1,36,0.3,3,0.025,260,8.0,42,0,0,0.0,0.0,0.0,0.0,0.0,0.0,0.0,0.0,True,92,2025-11,56,0.25,0.1875000009159682,46,0.34,0.65,0.55,0.5733477956799204,0,0.0,0,0,0,0,0,0.0,0.0,0.0,0.0,0.0,0.0,0.0,0.0,True,148,2025-12,46,0.10869565217391304,0.0968798969772571,58,0.34,0.65,0.55,0.5597210541070927,0,7.584803969899745e-05,0,0,0,7,3,0.42857142857142855,1.7168238115195003,0.9586241921611449,1.7909247706852174,1.343193578013913,1.3159746659139206,2.530195240955844,0.1879963808448458,True,194,2026-01,58,0.3620689655172414,0.22837598040185386,61,0.34,0.65,0.65,0.6499999999999999,0,-0.006451394723021475,18,8,7,8,2,0.25,1.6971002669203972,1.1068087200836547,1.5333275173257825,0.5111091724419276,-3.246651786661134,3.2466517866611344,-0.40583147333264175,True,252,2026-02,61,0.3442622950819672,0.21773809128406174,59,0.34,0.65,0.65,0.6499999999999999,0,0.009857500584268597,19,8,8,0,0,0.0,0.0,0.0,0.0,0.0,0.0,0.0,0.0,True,313,2026-03,59,0.2542372881355932,0.18926117676401621,60,0.34,0.65,0.55,0.5770796446853356,0,0.0010157854275190115,0,0,0,0,0,0.0,0.0,0.0,0.0,0.0,0.0,0.0,0.0,True,372,2026-04,60,0.2,0.15953188031710522,103,0.34,0.65,0.55,0.5636498709490694,0,0.0015085311353599529,0,0,0
3,震荡空头反转,11,21402ab3ee8d990a,1817.078652081605,False,连续两个有机会开发月无交易|开发月最低胜率过低|累计胜率过低|有效开发月份不足|累计盈利因子不足|累计净R非正,8,0.34,0.65,2,2.0,1.2,0.0033,120,0.95,0.1,36,0.3,3,0.025,260,8.0,42,0,0,0.0,0.0,0.0,0.0,0.0,0.0,0.0,0.0,True,92,2025-11,56,0.25,0.1875000009159682,46,0.34,0.65,0.55,0.5733477956799204,0,0.0,0,0,0,0,0,0.0,0.0,0.0,0.0,0.0,0.0,0.0,0.0,True,148,2025-12,46,0.10869565217391304,0.0968798969772571,58,0.34,0.65,0.55,0.5597210541070927,0,7.584803969899745e-05,0,0,0,7,3,0.42857142857142855,1.7168238115195003,0.9586241921611449,1.7909247706852174,1.343193578013913,1.3159746659139206,2.530195240955844,0.1879963808448458,True,194,2026-01,58,0.3620689655172414,0.22837598040185386,61,0.34,0.65,0.65,0.6499999999999999,0,-0.006451394723021475,18,8,7,8,2,0.25,1.6971002669203972,1.1068087200836547,1.5333275173257825,0.5111091724419276,-3.246651786661134,3.2466517866611344,-0.40583147333264175,True,252,2026-02,61,0.3442622950819672,0.21773809128406174,59,0.34,0.65,0.65,0.6499999999999999,0,0.009857500584268597,19,8,8,0,0,0.0,0.0,0.0,0.0,0.0,0.0,0.0,0.0,True,313,2026-03,59,0.2542372881355932,0.18926117676401621,60,0.34,0.65,0.55,0.5770796446853356,0,0.0010157854275190115,0,0,0,0,0,0.0,0.0,0.0,0.0,0.0,0.0,0.0,0.0,True,372,2026-04,60,0.2,0.15953188031710522,103,0.34,0.65,0.55,0.5636498709490694,0,0.0015085311353599529,0,0,0
3,震荡空头反转,12,6477f621124fc8c7,1817.078652081605,False,连续两个有机会开发月无交易|开发月最低胜率过低|累计胜率过低|有效开发月份不足|累计盈利因子不足|累计净R非正,8,0.34,0.65,4,2.0,1.2,0.0033,120,0.95,0.1,36,0.3,3,0.025,260,8.0,42,0,0,0.0,0.0,0.0,0.0,0.0,0.0,0.0,0.0,True,92,2025-11,56,0.25,0.1875000009159682,46,0.34,0.65,0.55,0.5733477956799204,0,0.0,0,0,0,0,0,0.0,0.0,0.0,0.0,0.0,0.0,0.0,0.0,True,148,2025-12,46,0.10869565217391304,0.0968798969772571,58,0.34,0.65,0.55,0.5597210541070927,0,7.584803969899745e-05,0,0,0,7,3,0.42857142857142855,1.7168238115195003,0.9586241921611449,1.7909247706852174,1.343193578013913,1.3159746659139206,2.530195240955844,0.1879963808448458,True,194,2026-01,58,0.3620689655172414,0.22837598040185386,61,0.34,0.65,0.65,0.6499999999999999,0,-0.006451394723021475,18,8,7,8,2,0.25,1.6971002669203972,1.1068087200836547,1.5333275173257825,0.5111091724419276,-3.246651786661134,3.2466517866611344,-0.40583147333264175,True,252,2026-02,61,0.3442622950819672,0.21773809128406174,59,0.34,0.65,0.65,0.6499999999999999,0,0.009857500584268597,19,8,8,0,0,0.0,0.0,0.0,0.0,0.0,0.0,0.0,0.0,True,313,2026-03,59,0.2542372881355932,0.18926117676401621,60,0.34,0.65,0.55,0.5770796446853356,0,0.0010157854275190115,0,0,0,0,0,0.0,0.0,0.0,0.0,0.0,0.0,0.0,0.0,True,372,2026-04,60,0.2,0.15953188031710522,103,0.34,0.65,0.55,0.5636498709490694,0,0.0015085311353599529,0,0,0
3,震荡空头反转,13,53a4a9fdb32498ec,1805.7348862787817,False,连续两个有机会开发月无交易|开发月最低胜率过低|累计胜率过低|有效开发月份不足|累计盈利因子不足|累计净R非正,8,0.34,0.75,0,2.0,1.2,0.0033,120,0.95,0.1,36,0.3,2,0.035,220,6.0,32,0,0,0.0,0.0,0.0,0.0,0.0,0.0,0.0,0.0,True,92,2025-11,56,0.25,0.18623430081927358,46,0.34,0.75,0.61,0.6459554270858275,0,0.0014950088871590883,0,0,0,0,0,0.0,0.0,0.0,0.0,0.0,0.0,0.0,0.0,True,148,2025-12,46,0.10869565217391304,0.09607700719304547,58,0.34,0.75,0.61,0.6252382954864031,0,-0.0025834817404363775,0,0,0,7,3,0.42857142857142855,1.7381115850576123,0.9315086183076466,1.8659103640022054,1.399432773001654,1.4883002819422497,2.421732945541851,0.21261432599174995,True,194,2026-01,58,0.3620689655172414,0.23059857178801577,61,0.34,0.75,0.75,0.75,0,-0.0006174468602690997,13,8,7,8,2,0.25,1.6971002669203972,1.1067960924724423,1.533345011301305,0.5111150037671016,-3.24657602099386,3.913193506987275,-0.4058220026242325,True,252,2026-02,61,0.3442622950819672,0.22431807452191538,59,0.34,0.75,0.75,0.75,0,0.01130730805429897,19,8,8,0,0,0.0,0.0,0.0,0.0,0.0,0.0,0.0,0.0,True,313,2026-03,59,0.2542372881355932,0.18765380935595652,60,0.34,0.75,0.61,0.650266862390846,0,0.00481447097105514,0,0,0,0,0,0.0,0.0,0.0,0.0,0.0,0.0,0.0,0.0,True,372,2026-04,60,0.2,0.1558890484753003,103,0.34,0.75,0.61,0.6335571376070793,0,0.006412824630108976,0,0,0
3,震荡空头反转,14,c49ff322c6412c73,1805.7348862787817,False,连续两个有机会开发月无交易|开发月最低胜率过低|累计胜率过低|有效开发月份不足|累计盈利因子不足|累计净R非正,8,0.34,0.75,2,2.0,1.2,0.0033,120,0.95,0.1,36,0.3,2,0.035,220,6.0,32,0,0,0.0,0.0,0.0,0.0,0.0,0.0,0.0,0.0,True,92,2025-11,56,0.25,0.18623430081927358,46,0.34,0.75,0.61,0.6459554270858275,0,0.0014950088871590883,0,0,0,0,0,0.0,0.0,0.0,0.0,0.0,0.0,0.0,0.0,True,148,2025-12,46,0.10869565217391304,0.09607700719304547,58,0.34,0.75,0.61,0.6252382954864031,0,-0.0025834817404363775,0,0,0,7,3,0.42857142857142855,1.7381115850576123,0.9315086183076466,1.8659103640022054,1.399432773001654,1.4883002819422497,2.421732945541851,0.21261432599174995,True,194,2026-01,58,0.3620689655172414,0.23059857178801577,61,0.34,0.75,0.75,0.75,0,-0.0006174468602690997,13,8,7,8,2,0.25,1.6971002669203972,1.1067960924724423,1.533345011301305,0.5111150037671016,-3.24657602099386,3.913193506987275,-0.4058220026242325,True,252,2026-02,61,0.3442622950819672,0.22431807452191538,59,0.34,0.75,0.75,0.75,0,0.01130730805429897,19,8,8,0,0,0.0,0.0,0.0,0.0,0.0,0.0,0.0,0.0,True,313,2026-03,59,0.2542372881355932,0.18765380935595652,60,0.34,0.75,0.61,0.650266862390846,0,0.00481447097105514,0,0,0,0,0,0.0,0.0,0.0,0.0,0.0,0.0,0.0,0.0,True,372,2026-04,60,0.2,0.1558890484753003,103,0.34,0.75,0.61,0.6335571376070793,0,0.006412824630108976,0,0,0
3,震荡空头反转,15,ab13388af8209559,1805.7348862787817,False,连续两个有机会开发月无交易|开发月最低胜率过低|累计胜率过低|有效开发月份不足|累计盈利因子不足|累计净R非正,8,0.34,0.75,4,2.0,1.2,0.0033,120,0.95,0.1,36,0.3,2,0.035,220,6.0,32,0,0,0.0,0.0,0.0,0.0,0.0,0.0,0.0,0.0,True,92,2025-11,56,0.25,0.18623430081927358,46,0.34,0.75,0.61,0.6459554270858275,0,0.0014950088871590883,0,0,0,0,0,0.0,0.0,0.0,0.0,0.0,0.0,0.0,0.0,True,148,2025-12,46,0.10869565217391304,0.09607700719304547,58,0.34,0.75,0.61,0.6252382954864031,0,-0.0025834817404363775,0,0,0,7,3,0.42857142857142855,1.7381115850576123,0.9315086183076466,1.8659103640022054,1.399432773001654,1.4883002819422497,2.421732945541851,0.21261432599174995,True,194,2026-01,58,0.3620689655172414,0.23059857178801577,61,0.34,0.75,0.75,0.75,0,-0.0006174468602690997,13,8,7,8,2,0.25,1.6971002669203972,1.1067960924724423,1.533345011301305,0.5111150037671016,-3.24657602099386,3.913193506987275,-0.4058220026242325,True,252,2026-02,61,0.3442622950819672,0.22431807452191538,59,0.34,0.75,0.75,0.75,0,0.01130730805429897,19,8,8,0,0,0.0,0.0,0.0,0.0,0.0,0.0,0.0,0.0,True,313,2026-03,59,0.2542372881355932,0.18765380935595652,60,0.34,0.75,0.61,0.650266862390846,0,0.00481447097105514,0,0,0,0,0,0.0,0.0,0.0,0.0,0.0,0.0,0.0,0.0,True,372,2026-04,60,0.2,0.1558890484753003,103,0.34,0.75,0.61,0.6335571376070793,0,0.006412824630108976,0,0,0
3,震荡空头反转,16,46e69d15a1643169,1782.4343309595538,False,连续两个有机会开发月无交易|开发月最低胜率过低|累计胜率过低|累计盈利因子不足|累计净R非正,8,0.34,0.85,0,1.6,0.95,0.0028,72,0.8,0.06,24,0.32,3,0.025,260,8.0,42,0,0,0.0,0.0,0.0,0.0,0.0,0.0,0.0,0.0,True,92,2025-11,56,0.30357142857142855,0.2114158202244408,46,0.34,0.85,0.71,0.7459554270858277,0,5.551115123125783e-17,0,0,0,0,0,0.0,0.0,0.0,0.0,0.0,0.0,0.0,0.0,True,148,2025-12,46,0.13043478260869565,0.11053326011572774,58,0.34,0.85,0.71,0.7252382954864032,0,-0.004724955077473558,0,0,0,6,0,0.0,0.0,0.7698366372695505,0.0,0.0,-4.619019823617303,4.619019823617303,-0.7698366372695505,True,194,2026-01,58,0.3620689655172414,0.2200379945966409,61,0.34,0.85,0.85,0.85,0,0.03267438793385008,16,8,6,3,2,0.6666666666666666,1.2426719044430767,1.3586531586807085,0.9146351270766905,1.829270254153381,1.126690650205445,1.3586531586807085,0.3755635500684817,True,252,2026-02,61,0.32786885245901637,0.21982102470535106,59,0.34,0.85,0.71,0.7661389775855811,3,0.0009397986119484836,3,3,3,7,3,0.42857142857142855,1.2426819036315047,1.0079747578249778,1.2328502216791433,0.9246376662593574,-0.30385332040539814,2.7893081855593245,-0.043407617200771166,True,313,2026-03,59,0.3050847457627119,0.20954244688175588,60,0.34,0.85,0.85,0.85,0,0.01704973261782622,14,8,7,0,0,0.0,0.0,0.0,0.0,0.0,0.0,0.0,0.0,True,372,2026-04,60,0.25,0.1873565228916584,103,0.34,0.85,0.71,0.7335571376070787,0,0.0009467944861636934,0,0,0
3,震荡空头反转,17,b9575df217dcf4bc,1782.4343309595538,False,连续两个有机会开发月无交易|开发月最低胜率过低|累计胜率过低|累计盈利因子不足|累计净R非正,8,0.34,0.85,2,1.6,0.95,0.0028,72,0.8,0.06,24,0.32,3,0.025,260,8.0,42,0,0,0.0,0.0,0.0,0.0,0.0,0.0,0.0,0.0,True,92,2025-11,56,0.30357142857142855,0.2114158202244408,46,0.34,0.85,0.71,0.7459554270858277,0,5.551115123125783e-17,0,0,0,0,0,0.0,0.0,0.0,0.0,0.0,0.0,0.0,0.0,True,148,2025-12,46,0.13043478260869565,0.11053326011572774,58,0.34,0.85,0.71,0.7252382954864032,0,-0.004724955077473558,0,0,0,6,0,0.0,0.0,0.7698366372695505,0.0,0.0,-4.619019823617303,4.619019823617303,-0.7698366372695505,True,194,2026-01,58,0.3620689655172414,0.2200379945966409,61,0.34,0.85,0.85,0.85,0,0.03267438793385008,16,8,6,3,2,0.6666666666666666,1.2426719044430767,1.3586531586807085,0.9146351270766905,1.829270254153381,1.126690650205445,1.3586531586807085,0.3755635500684817,True,252,2026-02,61,0.32786885245901637,0.21982102470535106,59,0.34,0.85,0.71,0.7661389775855811,3,0.0009397986119484836,3,3,3,7,3,0.42857142857142855,1.2426819036315047,1.0079747578249778,1.2328502216791433,0.9246376662593574,-0.30385332040539814,2.7893081855593245,-0.043407617200771166,True,313,2026-03,59,0.3050847457627119,0.20954244688175588,60,0.34,0.85,0.85,0.85,0,0.01704973261782622,14,8,7,0,0,0.0,0.0,0.0,0.0,0.0,0.0,0.0,0.0,True,372,2026-04,60,0.25,0.1873565228916584,103,0.34,0.85,0.71,0.7335571376070787,0,0.0009467944861636934,0,0,0
3,震荡空头反转,18,95f8525f01a512c7,1782.4343309595538,False,连续两个有机会开发月无交易|开发月最低胜率过低|累计胜率过低|累计盈利因子不足|累计净R非正,8,0.34,0.85,4,1.6,0.95,0.0028,72,0.8,0.06,24,0.32,3,0.025,260,8.0,42,0,0,0.0,0.0,0.0,0.0,0.0,0.0,0.0,0.0,True,92,2025-11,56,0.30357142857142855,0.2114158202244408,46,0.34,0.85,0.71,0.7459554270858277,0,5.551115123125783e-17,0,0,0,0,0,0.0,0.0,0.0,0.0,0.0,0.0,0.0,0.0,True,148,2025-12,46,0.13043478260869565,0.11053326011572774,58,0.34,0.85,0.71,0.7252382954864032,0,-0.004724955077473558,0,0,0,6,0,0.0,0.0,0.7698366372695505,0.0,0.0,-4.619019823617303,4.619019823617303,-0.7698366372695505,True,194,2026-01,58,0.3620689655172414,0.2200379945966409,61,0.34,0.85,0.85,0.85,0,0.03267438793385008,16,8,6,3,2,0.6666666666666666,1.2426719044430767,1.3586531586807085,0.9146351270766905,1.829270254153381,1.126690650205445,1.3586531586807085,0.3755635500684817,True,252,2026-02,61,0.32786885245901637,0.21982102470535106,59,0.34,0.85,0.71,0.7661389775855811,3,0.0009397986119484836,3,3,3,7,3,0.42857142857142855,1.2426819036315047,1.0079747578249778,1.2328502216791433,0.9246376662593574,-0.30385332040539814,2.7893081855593245,-0.043407617200771166,True,313,2026-03,59,0.3050847457627119,0.20954244688175588,60,0.34,0.85,0.85,0.85,0,0.01704973261782622,14,8,7,0,0,0.0,0.0,0.0,0.0,0.0,0.0,0.0,0.0,True,372,2026-04,60,0.25,0.1873565228916584,103,0.34,0.85,0.71,0.7335571376070787,0,0.0009467944861636934,0,0,0
3,震荡空头反转,19,6bd4f99ad3260455,1744.4359792774994,False,连续两个有机会开发月无交易|有效开发月份不足|开发交易样本不足,12,0.34,0.65,0,1.8,1.05,0.003,96,0.85,0.08,30,0.32,3,0.025,260,8.0,42,0,0,0.0,0.0,0.0,0.0,0.0,0.0,0.0,0.0,True,92,2025-11,56,0.26785714285714285,0.1961096944379639,46,0.34,0.65,0.55,0.5730651717807502,0,5.551115123125783e-17,0,0,0,0,0,0.0,0.0,0.0,0.0,0.0,0.0,0.0,0.0,True,148,2025-12,46,0.10869565217391304,0.09685432833283344,58,0.34,0.65,0.55,0.5585087314721867,0,5.6867776120420044e-05,0,0,0,10,4,0.4,1.4666486696891474,0.9461071650624331,1.5501929631749107,1.0334619754499403,0.18995168838199122,2.923503291264782,0.01899516883819912,True,194,2026-01,58,0.3448275862068966,0.22570114803977953,61,0.34,0.65,0.65,0.6499999999999999,0,0.000703621566342405,24,12,10,0,0,0.0,0.0,0.0,0.0,0.0,0.0,0.0,0.0,True,252,2026-02,61,0.3114754098360656,0.21410989896256824,59,0.34,0.65,0.55,0.5794195815386255,0,-0.0009830172209259191,0,0,0,0,0,0.0,0.0,0.0,0.0,0.0,0.0,0.0,0.0,True,313,2026-03,59,0.288135593220339,0.2026077967744927,60,0.34,0.65,0.55,0.5761810072267387,0,0.003749341208795387,0,0,0,0,0,0.0,0.0,0.0,0.0,0.0,0.0,0.0,0.0,True,372,2026-04,60,0.21666666666666667,0.16024053496214322,103,0.34,0.65,0.55,0.5622081331367649,0,0.0039142258390444384,0,0,0
3,震荡空头反转,20,a2a954308786581d,1744.4359792774994,False,连续两个有机会开发月无交易|有效开发月份不足|开发交易样本不足,12,0.34,0.65,2,1.8,1.05,0.003,96,0.85,0.08,30,0.32,3,0.025,260,8.0,42,0,0,0.0,0.0,0.0,0.0,0.0,0.0,0.0,0.0,True,92,2025-11,56,0.26785714285714285,0.1961096944379639,46,0.34,0.65,0.55,0.5730651717807502,0,5.551115123125783e-17,0,0,0,0,0,0.0,0.0,0.0,0.0,0.0,0.0,0.0,0.0,True,148,2025-12,46,0.10869565217391304,0.09685432833283344,58,0.34,0.65,0.55,0.5585087314721867,0,5.6867776120420044e-05,0,0,0,10,4,0.4,1.4666486696891474,0.9461071650624331,1.5501929631749107,1.0334619754499403,0.18995168838199122,2.923503291264782,0.01899516883819912,True,194,2026-01,58,0.3448275862068966,0.22570114803977953,61,0.34,0.65,0.65,0.6499999999999999,0,0.000703621566342405,24,12,10,0,0,0.0,0.0,0.0,0.0,0.0,0.0,0.0,0.0,True,252,2026-02,61,0.3114754098360656,0.21410989896256824,59,0.34,0.65,0.55,0.5794195815386255,0,-0.0009830172209259191,0,0,0,0,0,0.0,0.0,0.0,0.0,0.0,0.0,0.0,0.0,True,313,2026-03,59,0.288135593220339,0.2026077967744927,60,0.34,0.65,0.55,0.5761810072267387,0,0.003749341208795387,0,0,0,0,0,0.0,0.0,0.0,0.0,0.0,0.0,0.0,0.0,True,372,2026-04,60,0.21666666666666667,0.16024053496214322,103,0.34,0.65,0.55,0.5622081331367649,0,0.0039142258390444384,0,0,0
3,震荡空头反转,21,4b00ff00b9784ebd,1744.4359792774994,False,连续两个有机会开发月无交易|有效开发月份不足|开发交易样本不足,12,0.34,0.65,4,1.8,1.05,0.003,96,0.85,0.08,30,0.32,3,0.025,260,8.0,42,0,0,0.0,0.0,0.0,0.0,0.0,0.0,0.0,0.0,True,92,2025-11,56,0.26785714285714285,0.1961096944379639,46,0.34,0.65,0.55,0.5730651717807502,0,5.551115123125783e-17,0,0,0,0,0,0.0,0.0,0.0,0.0,0.0,0.0,0.0,0.0,True,148,2025-12,46,0.10869565217391304,0.09685432833283344,58,0.34,0.65,0.55,0.5585087314721867,0,5.6867776120420044e-05,0,0,0,10,4,0.4,1.4666486696891474,0.9461071650624331,1.5501929631749107,1.0334619754499403,0.18995168838199122,2.923503291264782,0.01899516883819912,True,194,2026-01,58,0.3448275862068966,0.22570114803977953,61,0.34,0.65,0.65,0.6499999999999999,0,0.000703621566342405,24,12,10,0,0,0.0,0.0,0.0,0.0,0.0,0.0,0.0,0.0,True,252,2026-02,61,0.3114754098360656,0.21410989896256824,59,0.34,0.65,0.55,0.5794195815386255,0,-0.0009830172209259191,0,0,0,0,0,0.0,0.0,0.0,0.0,0.0,0.0,0.0,0.0,True,313,2026-03,59,0.288135593220339,0.2026077967744927,60,0.34,0.65,0.55,0.5761810072267387,0,0.003749341208795387,0,0,0,0,0,0.0,0.0,0.0,0.0,0.0,0.0,0.0,0.0,True,372,2026-04,60,0.21666666666666667,0.16024053496214322,103,0.34,0.65,0.55,0.5622081331367649,0,0.0039142258390444384,0,0,0
3,震荡空头反转,22,a15a7bf6fcab9908,1600.690577396916,False,连续两个有机会开发月无交易|开发月最低胜率过低|累计胜率过低|有效开发月份不足|累计盈利因子不足|累计净R非正,8,0.38,0.65,0,2.0,1.2,0.0033,120,0.95,0.1,36,0.3,3,0.025,260,8.0,42,0,0,0.0,0.0,0.0,0.0,0.0,0.0,0.0,0.0,True,92,2025-11,56,0.25,0.1875000009159682,46,0.38,0.65,0.55,0.5733477956799204,0,0.0,0,0,0,0,0,0.0,0.0,0.0,0.0,0.0,0.0,0.0,0.0,True,148,2025-12,46,0.10869565217391304,0.0968798969772571,58,0.38,0.65,0.55,0.5597210541070927,0,7.584803969899745e-05,0,0,0,7,3,0.42857142857142855,1.7168238115195003,0.9586241921611449,1.7909247706852174,1.343193578013913,1.3159746659139206,2.530195240955844,0.1879963808448458,True,194,2026-01,58,0.3620689655172414,0.22837598040185386,61,0.38,0.65,0.65,0.6499999999999999,0,-0.006451394723021475,18,8,7,8,2,0.25,1.6971002669203972,1.2902281794584882,1.3153489390013742,0.4384496463337914,-4.347168542910136,4.347168542910136,-0.543396067863767,True,252,2026-02,61,0.3442622950819672,0.21773809128406174,59,0.38,0.65,0.65,0.6499999999999999,0,0.009857500584268597,17,8,8,0,0,0.0,0.0,0.0,0.0,0.0,0.0,0.0,0.0,True,313,2026-03,59,0.2542372881355932,0.18926117676401621,60,0.38,0.65,0.55,0.5770796446853356,0,0.0010157854275190115,0,0,0,0,0,0.0,0.0,0.0,0.0,0.0,0.0,0.0,0.0,True,372,2026-04,60,0.2,0.15953188031710522,103,0.38,0.65,0.55,0.5636498709490694,0,0.0015085311353599529,0,0,0
3,震荡空头反转,23,50a71fc1b956218c,1600.690577396916,False,连续两个有机会开发月无交易|开发月最低胜率过低|累计胜率过低|有效开发月份不足|累计盈利因子不足|累计净R非正,8,0.38,0.65,2,2.0,1.2,0.0033,120,0.95,0.1,36,0.3,3,0.025,260,8.0,42,0,0,0.0,0.0,0.0,0.0,0.0,0.0,0.0,0.0,True,92,2025-11,56,0.25,0.1875000009159682,46,0.38,0.65,0.55,0.5733477956799204,0,0.0,0,0,0,0,0,0.0,0.0,0.0,0.0,0.0,0.0,0.0,0.0,True,148,2025-12,46,0.10869565217391304,0.0968798969772571,58,0.38,0.65,0.55,0.5597210541070927,0,7.584803969899745e-05,0,0,0,7,3,0.42857142857142855,1.7168238115195003,0.9586241921611449,1.7909247706852174,1.343193578013913,1.3159746659139206,2.530195240955844,0.1879963808448458,True,194,2026-01,58,0.3620689655172414,0.22837598040185386,61,0.38,0.65,0.65,0.6499999999999999,0,-0.006451394723021475,18,8,7,8,2,0.25,1.6971002669203972,1.2902281794584882,1.3153489390013742,0.4384496463337914,-4.347168542910136,4.347168542910136,-0.543396067863767,True,252,2026-02,61,0.3442622950819672,0.21773809128406174,59,0.38,0.65,0.65,0.6499999999999999,0,0.009857500584268597,17,8,8,0,0,0.0,0.0,0.0,0.0,0.0,0.0,0.0,0.0,True,313,2026-03,59,0.2542372881355932,0.18926117676401621,60,0.38,0.65,0.55,0.5770796446853356,0,0.0010157854275190115,0,0,0,0,0,0.0,0.0,0.0,0.0,0.0,0.0,0.0,0.0,True,372,2026-04,60,0.2,0.15953188031710522,103,0.38,0.65,0.55,0.5636498709490694,0,0.0015085311353599529,0,0,0
3,震荡空头反转,24,c1e4af2416b3d3e4,1600.690577396916,False,连续两个有机会开发月无交易|开发月最低胜率过低|累计胜率过低|有效开发月份不足|累计盈利因子不足|累计净R非正,8,0.38,0.65,4,2.0,1.2,0.0033,120,0.95,0.1,36,0.3,3,0.025,260,8.0,42,0,0,0.0,0.0,0.0,0.0,0.0,0.0,0.0,0.0,True,92,2025-11,56,0.25,0.1875000009159682,46,0.38,0.65,0.55,0.5733477956799204,0,0.0,0,0,0,0,0,0.0,0.0,0.0,0.0,0.0,0.0,0.0,0.0,True,148,2025-12,46,0.10869565217391304,0.0968798969772571,58,0.38,0.65,0.55,0.5597210541070927,0,7.584803969899745e-05,0,0,0,7,3,0.42857142857142855,1.7168238115195003,0.9586241921611449,1.7909247706852174,1.343193578013913,1.3159746659139206,2.530195240955844,0.1879963808448458,True,194,2026-01,58,0.3620689655172414,0.22837598040185386,61,0.38,0.65,0.65,0.6499999999999999,0,-0.006451394723021475,18,8,7,8,2,0.25,1.6971002669203972,1.2902281794584882,1.3153489390013742,0.4384496463337914,-4.347168542910136,4.347168542910136,-0.543396067863767,True,252,2026-02,61,0.3442622950819672,0.21773809128406174,59,0.38,0.65,0.65,0.6499999999999999,0,0.009857500584268597,17,8,8,0,0,0.0,0.0,0.0,0.0,0.0,0.0,0.0,0.0,True,313,2026-03,59,0.2542372881355932,0.18926117676401621,60,0.38,0.65,0.55,0.5770796446853356,0,0.0010157854275190115,0,0,0,0,0,0.0,0.0,0.0,0.0,0.0,0.0,0.0,0.0,True,372,2026-04,60,0.2,0.15953188031710522,103,0.38,0.65,0.55,0.5636498709490694,0,0.0015085311353599529,0,0,0
3,震荡空头反转,25,cbf156947c9fc1c1,1552.907129411435,False,连续两个有机会开发月无交易|开发月最低胜率过低|累计胜率过低|有效开发月份不足|累计盈利因子不足|累计净R非正,12,0.38,0.85,0,2.0,1.2,0.0033,120,0.95,0.1,36,0.3,2,0.035,220,6.0,32,0,0,0.0,0.0,0.0,0.0,0.0,0.0,0.0,0.0,True,92,2025-11,56,0.25,0.18623430081927358,46,0.38,0.85,0.71,0.7426303891720545,0,0.0014950088871590883,0,0,0,0,0,0.0,0.0,0.0,0.0,0.0,0.0,0.0,0.0,True,148,2025-12,46,0.10869565217391304,0.09607700719304547,58,0.38,0.85,0.71,0.7233363176790834,0,-0.0025834817404363775,0,0,0,5,2,0.4,1.6970357753067264,0.9375432764189453,1.8100879372616807,1.206725291507787,0.5814417213566174,1.5083283015680995,0.11628834427132348,True,194,2026-01,58,0.3620689655172414,0.23059857178801577,61,0.38,0.85,0.7476967280403424,0.7982995726555032,4,-0.0006174468602690997,5,5,5,8,2,0.25,1.697097209990692,1.111175184141845,1.5272994161594347,0.5090998053864783,-3.2728566848696836,5.362613408585888,-0.40910708560871045,True,252,2026-02,61,0.3442622950819672,0.22431807452191538,59,0.38,0.85,0.7992974238875878,0.8380007664811658,6,0.01130730805429897,10,10,8,0,0,0.0,0.0,0.0,0.0,0.0,0.0,0.0,0.0,True,313,2026-03,59,0.2542372881355932,0.18765380935595652,60,0.38,0.85,0.71,0.7476194670280037,0,0.00481447097105514,0,0,0,0,0,0.0,0.0,0.0,0.0,0.0,0.0,0.0,0.0,True,372,2026-04,60,0.2,0.1558890484753003,103,0.38,0.85,0.71,0.7288100748843375,0,0.006412824630108976,0,0,0
3,震荡空头反转,26,34e6d1f6fdd72854,1552.907129411435,False,连续两个有机会开发月无交易|开发月最低胜率过低|累计胜率过低|有效开发月份不足|累计盈利因子不足|累计净R非正,12,0.38,0.85,2,2.0,1.2,0.0033,120,0.95,0.1,36,0.3,2,0.035,220,6.0,32,0,0,0.0,0.0,0.0,0.0,0.0,0.0,0.0,0.0,True,92,2025-11,56,0.25,0.18623430081927358,46,0.38,0.85,0.71,0.7426303891720545,0,0.0014950088871590883,0,0,0,0,0,0.0,0.0,0.0,0.0,0.0,0.0,0.0,0.0,True,148,2025-12,46,0.10869565217391304,0.09607700719304547,58,0.38,0.85,0.71,0.7233363176790834,0,-0.0025834817404363775,0,0,0,5,2,0.4,1.6970357753067264,0.9375432764189453,1.8100879372616807,1.206725291507787,0.5814417213566174,1.5083283015680995,0.11628834427132348,True,194,2026-01,58,0.3620689655172414,0.23059857178801577,61,0.38,0.85,0.7476967280403424,0.7982995726555032,4,-0.0006174468602690997,5,5,5,8,2,0.25,1.697097209990692,1.111175184141845,1.5272994161594347,0.5090998053864783,-3.2728566848696836,5.362613408585888,-0.40910708560871045,True,252,2026-02,61,0.3442622950819672,0.22431807452191538,59,0.38,0.85,0.7992974238875878,0.8380007664811658,6,0.01130730805429897,10,10,8,0,0,0.0,0.0,0.0,0.0,0.0,0.0,0.0,0.0,True,313,2026-03,59,0.2542372881355932,0.18765380935595652,60,0.38,0.85,0.71,0.7476194670280037,0,0.00481447097105514,0,0,0,0,0,0.0,0.0,0.0,0.0,0.0,0.0,0.0,0.0,True,372,2026-04,60,0.2,0.1558890484753003,103,0.38,0.85,0.71,0.7288100748843375,0,0.006412824630108976,0,0,0
3,震荡空头反转,27,9e3ef9ec35ef2fd3,1552.907129411435,False,连续两个有机会开发月无交易|开发月最低胜率过低|累计胜率过低|有效开发月份不足|累计盈利因子不足|累计净R非正,12,0.38,0.85,4,2.0,1.2,0.0033,120,0.95,0.1,36,0.3,2,0.035,220,6.0,32,0,0,0.0,0.0,0.0,0.0,0.0,0.0,0.0,0.0,True,92,2025-11,56,0.25,0.18623430081927358,46,0.38,0.85,0.71,0.7426303891720545,0,0.0014950088871590883,0,0,0,0,0,0.0,0.0,0.0,0.0,0.0,0.0,0.0,0.0,True,148,2025-12,46,0.10869565217391304,0.09607700719304547,58,0.38,0.85,0.71,0.7233363176790834,0,-0.0025834817404363775,0,0,0,5,2,0.4,1.6970357753067264,0.9375432764189453,1.8100879372616807,1.206725291507787,0.5814417213566174,1.5083283015680995,0.11628834427132348,True,194,2026-01,58,0.3620689655172414,0.23059857178801577,61,0.38,0.85,0.7476967280403424,0.7982995726555032,4,-0.0006174468602690997,5,5,5,8,2,0.25,1.697097209990692,1.111175184141845,1.5272994161594347,0.5090998053864783,-3.2728566848696836,5.362613408585888,-0.40910708560871045,True,252,2026-02,61,0.3442622950819672,0.22431807452191538,59,0.38,0.85,0.7992974238875878,0.8380007664811658,6,0.01130730805429897,10,10,8,0,0,0.0,0.0,0.0,0.0,0.0,0.0,0.0,0.0,True,313,2026-03,59,0.2542372881355932,0.18765380935595652,60,0.38,0.85,0.71,0.7476194670280037,0,0.00481447097105514,0,0,0,0,0,0.0,0.0,0.0,0.0,0.0,0.0,0.0,0.0,True,372,2026-04,60,0.2,0.1558890484753003,103,0.38,0.85,0.71,0.7288100748843375,0,0.006412824630108976,0,0,0
3,震荡空头反转,28,dabaccaf682125b5,1442.6079879595723,False,连续两个有机会开发月无交易|开发月最低胜率过低|累计胜率过低|有效开发月份不足|累计盈利因子不足|累计净R非正,12,0.34,0.65,0,2.0,1.2,0.0033,120,0.95,0.1,36,0.3,2,0.035,220,6.0,32,0,0,0.0,0.0,0.0,0.0,0.0,0.0,0.0,0.0,True,92,2025-11,56,0.25,0.18623430081927358,46,0.34,0.65,0.55,0.5730651717807502,0,0.0014950088871590883,0,0,0,0,0,0.0,0.0,0.0,0.0,0.0,0.0,0.0,0.0,True,148,2025-12,46,0.10869565217391304,0.09607700719304547,58,0.34,0.65,0.55,0.5585087314721867,0,-0.0025834817404363775,0,0,0,10,5,0.5,1.7216935067135328,1.0050516534897116,1.7130398231130886,1.7130398231130886,3.5832092661191037,2.421732945541851,0.3583209266119104,True,194,2026-01,58,0.3620689655172414,0.23059857178801577,61,0.34,0.65,0.65,0.6499999999999999,0,-0.0006174468602690997,21,12,10,12,3,0.25,1.7143300039212601,1.1725530163987274,1.4620490331315654,0.4873496777105218,-5.409987135824769,7.158776613747754,-0.4508322613187308,True,252,2026-02,61,0.3442622950819672,0.22431807452191538,59,0.34,0.65,0.65,0.6499999999999999,0,0.01130730805429897,27,12,12,0,0,0.0,0.0,0.0,0.0,0.0,0.0,0.0,0.0,True,313,2026-03,59,0.2542372881355932,0.18765380935595652,60,0.34,0.65,0.55,0.5761810072267387,0,0.00481447097105514,0,0,0,0,0,0.0,0.0,0.0,0.0,0.0,0.0,0.0,0.0,True,372,2026-04,60,0.2,0.1558890484753003,103,0.34,0.65,0.55,0.5622081331367649,0,0.006412824630108976,0,0,0
3,震荡空头反转,29,790702bf375a3915,1442.6079879595723,False,连续两个有机会开发月无交易|开发月最低胜率过低|累计胜率过低|有效开发月份不足|累计盈利因子不足|累计净R非正,12,0.34,0.65,2,2.0,1.2,0.0033,120,0.95,0.1,36,0.3,2,0.035,220,6.0,32,0,0,0.0,0.0,0.0,0.0,0.0,0.0,0.0,0.0,True,92,2025-11,56,0.25,0.18623430081927358,46,0.34,0.65,0.55,0.5730651717807502,0,0.0014950088871590883,0,0,0,0,0,0.0,0.0,0.0,0.0,0.0,0.0,0.0,0.0,True,148,2025-12,46,0.10869565217391304,0.09607700719304547,58,0.34,0.65,0.55,0.5585087314721867,0,-0.0025834817404363775,0,0,0,10,5,0.5,1.7216935067135328,1.0050516534897116,1.7130398231130886,1.7130398231130886,3.5832092661191037,2.421732945541851,0.3583209266119104,True,194,2026-01,58,0.3620689655172414,0.23059857178801577,61,0.34,0.65,0.65,0.6499999999999999,0,-0.0006174468602690997,21,12,10,12,3,0.25,1.7143300039212601,1.1725530163987274,1.4620490331315654,0.4873496777105218,-5.409987135824769,7.158776613747754,-0.4508322613187308,True,252,2026-02,61,0.3442622950819672,0.22431807452191538,59,0.34,0.65,0.65,0.6499999999999999,0,0.01130730805429897,27,12,12,0,0,0.0,0.0,0.0,0.0,0.0,0.0,0.0,0.0,True,313,2026-03,59,0.2542372881355932,0.18765380935595652,60,0.34,0.65,0.55,0.5761810072267387,0,0.00481447097105514,0,0,0,0,0,0.0,0.0,0.0,0.0,0.0,0.0,0.0,0.0,True,372,2026-04,60,0.2,0.1558890484753003,103,0.34,0.65,0.55,0.5622081331367649,0,0.006412824630108976,0,0,0
3,震荡空头反转,30,338df7cdf441c786,1442.6079879595723,False,连续两个有机会开发月无交易|开发月最低胜率过低|累计胜率过低|有效开发月份不足|累计盈利因子不足|累计净R非正,12,0.34,0.65,4,2.0,1.2,0.0033,120,0.95,0.1,36,0.3,2,0.035,220,6.0,32,0,0,0.0,0.0,0.0,0.0,0.0,0.0,0.0,0.0,True,92,2025-11,56,0.25,0.18623430081927358,46,0.34,0.65,0.55,0.5730651717807502,0,0.0014950088871590883,0,0,0,0,0,0.0,0.0,0.0,0.0,0.0,0.0,0.0,0.0,True,148,2025-12,46,0.10869565217391304,0.09607700719304547,58,0.34,0.65,0.55,0.5585087314721867,0,-0.0025834817404363775,0,0,0,10,5,0.5,1.7216935067135328,1.0050516534897116,1.7130398231130886,1.7130398231130886,3.5832092661191037,2.421732945541851,0.3583209266119104,True,194,2026-01,58,0.3620689655172414,0.23059857178801577,61,0.34,0.65,0.65,0.6499999999999999,0,-0.0006174468602690997,21,12,10,12,3,0.25,1.7143300039212601,1.1725530163987274,1.4620490331315654,0.4873496777105218,-5.409987135824769,7.158776613747754,-0.4508322613187308,True,252,2026-02,61,0.3442622950819672,0.22431807452191538,59,0.34,0.65,0.65,0.6499999999999999,0,0.01130730805429897,27,12,12,0,0,0.0,0.0,0.0,0.0,0.0,0.0,0.0,0.0,True,313,2026-03,59,0.2542372881355932,0.18765380935595652,60,0.34,0.65,0.55,0.5761810072267387,0,0.00481447097105514,0,0,0,0,0,0.0,0.0,0.0,0.0,0.0,0.0,0.0,0.0,True,372,2026-04,60,0.2,0.1558890484753003,103,0.34,0.65,0.55,0.5622081331367649,0,0.006412824630108976,0,0,0
4,高波动多头突破,1,833be519e6ad7196,2038.6509601187095,False,开发月最低胜率过低|多月负期望|开发交易样本不足,6,0.35,0.68,0,2.5,1.65,0.0045,216,1.25,0.18,48,0.32,3,0.025,260,8.0,42,0,0,0.0,0.0,0.0,0.0,0.0,0.0,0.0,0.0,True,129,2025-11,48,0.10416666666666667,0.08991687655923002,53,0.35,0.68,0.55,0.5916899979711909,0,0.011412253925634983,0,0,0,1,0,0.0,0.0,1.2222197290936934,0.0,0.0,-1.2222197290936934,1.2222197290936934,-1.2222197290936934,True,177,2025-12,53,0.2641509433962264,0.1798883884099191,43,0.35,0.68,0.55,0.615238940799543,1,-0.061150456164767886,1,1,1,0,0,0.0,0.0,0.0,0.0,0.0,0.0,0.0,0.0,True,230,2026-01,43,0.16279069767441862,0.1358298992132882,36,0.35,0.68,0.55,0.5560275519421862,0,-0.0021869794170080448,0,0,0,5,1,0.2,2.317695775530485,0.9146437545745703,2.5339874283715176,0.6334968570928794,-1.340879242767796,3.658575018298281,-0.2681758485535592,True,273,2026-02,36,0.2777777777777778,0.19121594647053977,65,0.35,0.68,0.6556581085472863,0.6788107810990919,2,0.017080983975626185,6,6,5,0,0,0.0,0.0,0.0,0.0,0.0,0.0,0.0,0.0,True,309,2026-03,65,0.16923076923076924,0.1386114896767465,91,0.35,0.68,0.55,0.5851533324399176,0,-0.0006467992623077068,0,0,0,1,0,0.0,0.0,1.2222973456329032,0.0,0.0,-1.2222973456329032,1.2222973456329032,-1.2222973456329032,True,374,2026-04,91,0.21978021978021978,0.15551772663164518,39,0.35,0.68,0.5642337025603777,0.6454113898434943,0,-0.04235446360670045,1,1,1
4,高波动多头突破,2,28fc75afa8e214d2,2038.6509601187095,False,开发月最低胜率过低|多月负期望|开发交易样本不足,6,0.35,0.68,2,2.5,1.65,0.0045,216,1.25,0.18,48,0.32,3,0.025,260,8.0,42,0,0,0.0,0.0,0.0,0.0,0.0,0.0,0.0,0.0,True,129,2025-11,48,0.10416666666666667,0.08991687655923002,53,0.35,0.68,0.55,0.5916899979711909,0,0.011412253925634983,0,0,0,1,0,0.0,0.0,1.2222197290936934,0.0,0.0,-1.2222197290936934,1.2222197290936934,-1.2222197290936934,True,177,2025-12,53,0.2641509433962264,0.1798883884099191,43,0.35,0.68,0.55,0.615238940799543,1,-0.061150456164767886,1,1,1,0,0,0.0,0.0,0.0,0.0,0.0,0.0,0.0,0.0,True,230,2026-01,43,0.16279069767441862,0.1358298992132882,36,0.35,0.68,0.55,0.5560275519421862,0,-0.0021869794170080448,0,0,0,5,1,0.2,2.317695775530485,0.9146437545745703,2.5339874283715176,0.6334968570928794,-1.340879242767796,3.658575018298281,-0.2681758485535592,True,273,2026-02,36,0.2777777777777778,0.19121594647053977,65,0.35,0.68,0.6556581085472863,0.6788107810990919,2,0.017080983975626185,6,6,5,0,0,0.0,0.0,0.0,0.0,0.0,0.0,0.0,0.0,True,309,2026-03,65,0.16923076923076924,0.1386114896767465,91,0.35,0.68,0.55,0.5851533324399176,0,-0.0006467992623077068,0,0,0,1,0,0.0,0.0,1.2222973456329032,0.0,0.0,-1.2222973456329032,1.2222973456329032,-1.2222973456329032,True,374,2026-04,91,0.21978021978021978,0.15551772663164518,39,0.35,0.68,0.5642337025603777,0.6454113898434943,0,-0.04235446360670045,1,1,1
4,高波动多头突破,3,4eb4cdc4282554b4,2038.6509601187095,False,开发月最低胜率过低|多月负期望|开发交易样本不足,6,0.35,0.68,4,2.5,1.65,0.0045,216,1.25,0.18,48,0.32,3,0.025,260,8.0,42,0,0,0.0,0.0,0.0,0.0,0.0,0.0,0.0,0.0,True,129,2025-11,48,0.10416666666666667,0.08991687655923002,53,0.35,0.68,0.55,0.5916899979711909,0,0.011412253925634983,0,0,0,1,0,0.0,0.0,1.2222197290936934,0.0,0.0,-1.2222197290936934,1.2222197290936934,-1.2222197290936934,True,177,2025-12,53,0.2641509433962264,0.1798883884099191,43,0.35,0.68,0.55,0.615238940799543,1,-0.061150456164767886,1,1,1,0,0,0.0,0.0,0.0,0.0,0.0,0.0,0.0,0.0,True,230,2026-01,43,0.16279069767441862,0.1358298992132882,36,0.35,0.68,0.55,0.5560275519421862,0,-0.0021869794170080448,0,0,0,5,1,0.2,2.317695775530485,0.9146437545745703,2.5339874283715176,0.6334968570928794,-1.340879242767796,3.658575018298281,-0.2681758485535592,True,273,2026-02,36,0.2777777777777778,0.19121594647053977,65,0.35,0.68,0.6556581085472863,0.6788107810990919,2,0.017080983975626185,6,6,5,0,0,0.0,0.0,0.0,0.0,0.0,0.0,0.0,0.0,True,309,2026-03,65,0.16923076923076924,0.1386114896767465,91,0.35,0.68,0.55,0.5851533324399176,0,-0.0006467992623077068,0,0,0,1,0,0.0,0.0,1.2222973456329032,0.0,0.0,-1.2222973456329032,1.2222973456329032,-1.2222973456329032,True,374,2026-04,91,0.21978021978021978,0.15551772663164518,39,0.35,0.68,0.5642337025603777,0.6454113898434943,0,-0.04235446360670045,1,1,1
4,高波动多头突破,4,9c6d898a46341b8b,2038.6509601187095,False,开发月最低胜率过低|多月负期望|开发交易样本不足,6,0.35,0.78,0,2.5,1.65,0.0045,216,1.25,0.18,48,0.32,3,0.025,260,8.0,42,0,0,0.0,0.0,0.0,0.0,0.0,0.0,0.0,0.0,True,129,2025-11,48,0.10416666666666667,0.08991687655923002,53,0.35,0.78,0.64,0.6853298917803543,0,0.011412253925634983,0,0,0,1,0,0.0,0.0,1.2222197290936934,0.0,0.0,-1.2222197290936934,1.2222197290936934,-1.2222197290936934,True,177,2025-12,53,0.2641509433962264,0.1798883884099191,43,0.35,0.78,0.64,0.7112854524274502,1,-0.061150456164767886,1,1,1,0,0,0.0,0.0,0.0,0.0,0.0,0.0,0.0,0.0,True,230,2026-01,43,0.16279069767441862,0.1358298992132882,36,0.35,0.78,0.64,0.6479719963866306,0,-0.0021869794170080448,0,0,0,5,1,0.2,2.317695775530485,0.9146437545745703,2.5339874283715176,0.6334968570928794,-1.340879242767796,3.658575018298281,-0.2681758485535592,True,273,2026-02,36,0.2777777777777778,0.19121594647053977,65,0.35,0.78,0.7556581085472863,0.7788107810990921,2,0.017080983975626185,6,6,5,0,0,0.0,0.0,0.0,0.0,0.0,0.0,0.0,0.0,True,309,2026-03,65,0.16923076923076924,0.1386114896767465,91,0.35,0.78,0.64,0.6787797060662913,0,-0.0006467992623077068,0,0,0,1,0,0.0,0.0,1.2222973456329032,0.0,0.0,-1.2222973456329032,1.2222973456329032,-1.2222973456329032,True,374,2026-04,91,0.21978021978021978,0.15551772663164518,39,0.35,0.78,0.6642337025603777,0.7454113898434944,0,-0.04235446360670045,1,1,1
4,高波动多头突破,5,928a0a8472231741,2038.6509601187095,False,开发月最低胜率过低|多月负期望|开发交易样本不足,6,0.35,0.78,2,2.5,1.65,0.0045,216,1.25,0.18,48,0.32,3,0.025,260,8.0,42,0,0,0.0,0.0,0.0,0.0,0.0,0.0,0.0,0.0,True,129,2025-11,48,0.10416666666666667,0.08991687655923002,53,0.35,0.78,0.64,0.6853298917803543,0,0.011412253925634983,0,0,0,1,0,0.0,0.0,1.2222197290936934,0.0,0.0,-1.2222197290936934,1.2222197290936934,-1.2222197290936934,True,177,2025-12,53,0.2641509433962264,0.1798883884099191,43,0.35,0.78,0.64,0.7112854524274502,1,-0.061150456164767886,1,1,1,0,0,0.0,0.0,0.0,0.0,0.0,0.0,0.0,0.0,True,230,2026-01,43,0.16279069767441862,0.1358298992132882,36,0.35,0.78,0.64,0.6479719963866306,0,-0.0021869794170080448,0,0,0,5,1,0.2,2.317695775530485,0.9146437545745703,2.5339874283715176,0.6334968570928794,-1.340879242767796,3.658575018298281,-0.2681758485535592,True,273,2026-02,36,0.2777777777777778,0.19121594647053977,65,0.35,0.78,0.7556581085472863,0.7788107810990921,2,0.017080983975626185,6,6,5,0,0,0.0,0.0,0.0,0.0,0.0,0.0,0.0,0.0,True,309,2026-03,65,0.16923076923076924,0.1386114896767465,91,0.35,0.78,0.64,0.6787797060662913,0,-0.0006467992623077068,0,0,0,1,0,0.0,0.0,1.2222973456329032,0.0,0.0,-1.2222973456329032,1.2222973456329032,-1.2222973456329032,True,374,2026-04,91,0.21978021978021978,0.15551772663164518,39,0.35,0.78,0.6642337025603777,0.7454113898434944,0,-0.04235446360670045,1,1,1
4,高波动多头突破,6,84ef2359ab7e51cc,2038.6509601187095,False,开发月最低胜率过低|多月负期望|开发交易样本不足,6,0.35,0.78,4,2.5,1.65,0.0045,216,1.25,0.18,48,0.32,3,0.025,260,8.0,42,0,0,0.0,0.0,0.0,0.0,0.0,0.0,0.0,0.0,True,129,2025-11,48,0.10416666666666667,0.08991687655923002,53,0.35,0.78,0.64,0.6853298917803543,0,0.011412253925634983,0,0,0,1,0,0.0,0.0,1.2222197290936934,0.0,0.0,-1.2222197290936934,1.2222197290936934,-1.2222197290936934,True,177,2025-12,53,0.2641509433962264,0.1798883884099191,43,0.35,0.78,0.64,0.7112854524274502,1,-0.061150456164767886,1,1,1,0,0,0.0,0.0,0.0,0.0,0.0,0.0,0.0,0.0,True,230,2026-01,43,0.16279069767441862,0.1358298992132882,36,0.35,0.78,0.64,0.6479719963866306,0,-0.0021869794170080448,0,0,0,5,1,0.2,2.317695775530485,0.9146437545745703,2.5339874283715176,0.6334968570928794,-1.340879242767796,3.658575018298281,-0.2681758485535592,True,273,2026-02,36,0.2777777777777778,0.19121594647053977,65,0.35,0.78,0.7556581085472863,0.7788107810990921,2,0.017080983975626185,6,6,5,0,0,0.0,0.0,0.0,0.0,0.0,0.0,0.0,0.0,True,309,2026-03,65,0.16923076923076924,0.1386114896767465,91,0.35,0.78,0.64,0.6787797060662913,0,-0.0006467992623077068,0,0,0,1,0,0.0,0.0,1.2222973456329032,0.0,0.0,-1.2222973456329032,1.2222973456329032,-1.2222973456329032,True,374,2026-04,91,0.21978021978021978,0.15551772663164518,39,0.35,0.78,0.6642337025603777,0.7454113898434944,0,-0.04235446360670045,1,1,1
4,高波动多头突破,7,bb17caa84f7bcdf0,2038.6509601187095,False,开发月最低胜率过低|多月负期望|开发交易样本不足,6,0.35,0.86,0,2.5,1.65,0.0045,216,1.25,0.18,48,0.32,3,0.025,260,8.0,42,0,0,0.0,0.0,0.0,0.0,0.0,0.0,0.0,0.0,True,129,2025-11,48,0.10416666666666667,0.08991687655923002,53,0.35,0.86,0.72,0.7653298917803539,0,0.011412253925634983,0,0,0,1,0,0.0,0.0,1.2222197290936934,0.0,0.0,-1.2222197290936934,1.2222197290936934,-1.2222197290936934,True,177,2025-12,53,0.2641509433962264,0.1798883884099191,43,0.35,0.86,0.72,0.7912854524274501,1,-0.061150456164767886,1,1,1,0,0,0.0,0.0,0.0,0.0,0.0,0.0,0.0,0.0,True,230,2026-01,43,0.16279069767441862,0.1358298992132882,36,0.35,0.86,0.72,0.7279719963866303,0,-0.0021869794170080448,0,0,0,5,1,0.2,2.317695775530485,0.9146437545745703,2.5339874283715176,0.6334968570928794,-1.340879242767796,3.658575018298281,-0.2681758485535592,True,273,2026-02,36,0.2777777777777778,0.19121594647053977,65,0.35,0.86,0.8356581085472863,0.8588107810990919,2,0.017080983975626185,6,6,5,0,0,0.0,0.0,0.0,0.0,0.0,0.0,0.0,0.0,True,309,2026-03,65,0.16923076923076924,0.1386114896767465,91,0.35,0.86,0.72,0.7587797060662913,0,-0.0006467992623077068,0,0,0,1,0,0.0,0.0,1.2222973456329032,0.0,0.0,-1.2222973456329032,1.2222973456329032,-1.2222973456329032,True,374,2026-04,91,0.21978021978021978,0.15551772663164518,39,0.35,0.86,0.7442337025603777,0.8254113898434943,0,-0.04235446360670045,1,1,1
4,高波动多头突破,8,bd771812ba72305c,2038.6509601187095,False,开发月最低胜率过低|多月负期望|开发交易样本不足,6,0.35,0.86,2,2.5,1.65,0.0045,216,1.25,0.18,48,0.32,3,0.025,260,8.0,42,0,0,0.0,0.0,0.0,0.0,0.0,0.0,0.0,0.0,True,129,2025-11,48,0.10416666666666667,0.08991687655923002,53,0.35,0.86,0.72,0.7653298917803539,0,0.011412253925634983,0,0,0,1,0,0.0,0.0,1.2222197290936934,0.0,0.0,-1.2222197290936934,1.2222197290936934,-1.2222197290936934,True,177,2025-12,53,0.2641509433962264,0.1798883884099191,43,0.35,0.86,0.72,0.7912854524274501,1,-0.061150456164767886,1,1,1,0,0,0.0,0.0,0.0,0.0,0.0,0.0,0.0,0.0,True,230,2026-01,43,0.16279069767441862,0.1358298992132882,36,0.35,0.86,0.72,0.7279719963866303,0,-0.0021869794170080448,0,0,0,5,1,0.2,2.317695775530485,0.9146437545745703,2.5339874283715176,0.6334968570928794,-1.340879242767796,3.658575018298281,-0.2681758485535592,True,273,2026-02,36,0.2777777777777778,0.19121594647053977,65,0.35,0.86,0.8356581085472863,0.8588107810990919,2,0.017080983975626185,6,6,5,0,0,0.0,0.0,0.0,0.0,0.0,0.0,0.0,0.0,True,309,2026-03,65,0.16923076923076924,0.1386114896767465,91,0.35,0.86,0.72,0.7587797060662913,0,-0.0006467992623077068,0,0,0,1,0,0.0,0.0,1.2222973456329032,0.0,0.0,-1.2222973456329032,1.2222973456329032,-1.2222973456329032,True,374,2026-04,91,0.21978021978021978,0.15551772663164518,39,0.35,0.86,0.7442337025603777,0.8254113898434943,0,-0.04235446360670045,1,1,1
4,高波动多头突破,9,445511e631d729b7,2038.6509601187095,False,开发月最低胜率过低|多月负期望|开发交易样本不足,6,0.35,0.86,4,2.5,1.65,0.0045,216,1.25,0.18,48,0.32,3,0.025,260,8.0,42,0,0,0.0,0.0,0.0,0.0,0.0,0.0,0.0,0.0,True,129,2025-11,48,0.10416666666666667,0.08991687655923002,53,0.35,0.86,0.72,0.7653298917803539,0,0.011412253925634983,0,0,0,1,0,0.0,0.0,1.2222197290936934,0.0,0.0,-1.2222197290936934,1.2222197290936934,-1.2222197290936934,True,177,2025-12,53,0.2641509433962264,0.1798883884099191,43,0.35,0.86,0.72,0.7912854524274501,1,-0.061150456164767886,1,1,1,0,0,0.0,0.0,0.0,0.0,0.0,0.0,0.0,0.0,True,230,2026-01,43,0.16279069767441862,0.1358298992132882,36,0.35,0.86,0.72,0.7279719963866303,0,-0.0021869794170080448,0,0,0,5,1,0.2,2.317695775530485,0.9146437545745703,2.5339874283715176,0.6334968570928794,-1.340879242767796,3.658575018298281,-0.2681758485535592,True,273,2026-02,36,0.2777777777777778,0.19121594647053977,65,0.35,0.86,0.8356581085472863,0.8588107810990919,2,0.017080983975626185,6,6,5,0,0,0.0,0.0,0.0,0.0,0.0,0.0,0.0,0.0,True,309,2026-03,65,0.16923076923076924,0.1386114896767465,91,0.35,0.86,0.72,0.7587797060662913,0,-0.0006467992623077068,0,0,0,1,0,0.0,0.0,1.2222973456329032,0.0,0.0,-1.2222973456329032,1.2222973456329032,-1.2222973456329032,True,374,2026-04,91,0.21978021978021978,0.15551772663164518,39,0.35,0.86,0.7442337025603777,0.8254113898434943,0,-0.04235446360670045,1,1,1
4,高波动多头突破,10,546729cf9e6c74b2,1982.6509601187095,False,开发月最低胜率过低|多月负期望|开发交易样本不足,10,0.35,0.68,0,2.5,1.65,0.0045,216,1.25,0.18,48,0.32,3,0.025,260,8.0,42,0,0,0.0,0.0,0.0,0.0,0.0,0.0,0.0,0.0,True,129,2025-11,48,0.10416666666666667,0.08991687655923002,53,0.35,0.68,0.55,0.5884141475620478,0,0.011412253925634983,0,0,0,1,0,0.0,0.0,1.2222197290936934,0.0,0.0,-1.2222197290936934,1.2222197290936934,-1.2222197290936934,True,177,2025-12,53,0.2641509433962264,0.1798883884099191,43,0.35,0.68,0.55,0.6138260880061359,1,-0.061150456164767886,1,1,1,0,0,0.0,0.0,0.0,0.0,0.0,0.0,0.0,0.0,True,230,2026-01,43,0.16279069767441862,0.1358298992132882,36,0.35,0.68,0.55,0.5500000000000002,0,-0.0021869794170080448,0,0,0,5,1,0.2,2.317695775530485,0.9146437545745703,2.5339874283715176,0.6334968570928794,-1.340879242767796,3.658575018298281,-0.2681758485535592,True,273,2026-02,36,0.2777777777777778,0.19121594647053977,65,0.35,0.68,0.6093948651283718,0.6635301652915128,5,0.017080983975626185,6,6,5,0,0,0.0,0.0,0.0,0.0,0.0,0.0,0.0,0.0,True,309,2026-03,65,0.16923076923076924,0.1386114896767465,91,0.35,0.68,0.55,0.581636973008924,0,-0.0006467992623077068,0,0,0,1,0,0.0,0.0,1.2222973456329032,0.0,0.0,-1.2222973456329032,1.2222973456329032,-1.2222973456329032,True,374,2026-04,91,0.21978021978021978,0.15551772663164518,39,0.35,0.68,0.5545402215362267,0.633568419226487,0,-0.04235446360670045,1,1,1
4,高波动多头突破,11,2e31b75d93fb8faf,1982.6509601187095,False,开发月最低胜率过低|多月负期望|开发交易样本不足,10,0.35,0.68,2,2.5,1.65,0.0045,216,1.25,0.18,48,0.32,3,0.025,260,8.0,42,0,0,0.0,0.0,0.0,0.0,0.0,0.0,0.0,0.0,True,129,2025-11,48,0.10416666666666667,0.08991687655923002,53,0.35,0.68,0.55,0.5884141475620478,0,0.011412253925634983,0,0,0,1,0,0.0,0.0,1.2222197290936934,0.0,0.0,-1.2222197290936934,1.2222197290936934,-1.2222197290936934,True,177,2025-12,53,0.2641509433962264,0.1798883884099191,43,0.35,0.68,0.55,0.6138260880061359,1,-0.061150456164767886,1,1,1,0,0,0.0,0.0,0.0,0.0,0.0,0.0,0.0,0.0,True,230,2026-01,43,0.16279069767441862,0.1358298992132882,36,0.35,0.68,0.55,0.5500000000000002,0,-0.0021869794170080448,0,0,0,5,1,0.2,2.317695775530485,0.9146437545745703,2.5339874283715176,0.6334968570928794,-1.340879242767796,3.658575018298281,-0.2681758485535592,True,273,2026-02,36,0.2777777777777778,0.19121594647053977,65,0.35,0.68,0.6093948651283718,0.6635301652915128,5,0.017080983975626185,6,6,5,0,0,0.0,0.0,0.0,0.0,0.0,0.0,0.0,0.0,True,309,2026-03,65,0.16923076923076924,0.1386114896767465,91,0.35,0.68,0.55,0.581636973008924,0,-0.0006467992623077068,0,0,0,1,0,0.0,0.0,1.2222973456329032,0.0,0.0,-1.2222973456329032,1.2222973456329032,-1.2222973456329032,True,374,2026-04,91,0.21978021978021978,0.15551772663164518,39,0.35,0.68,0.5545402215362267,0.633568419226487,0,-0.04235446360670045,1,1,1
4,高波动多头突破,12,83dc510652575c00,1982.6509601187095,False,开发月最低胜率过低|多月负期望|开发交易样本不足,10,0.35,0.68,4,2.5,1.65,0.0045,216,1.25,0.18,48,0.32,3,0.025,260,8.0,42,0,0,0.0,0.0,0.0,0.0,0.0,0.0,0.0,0.0,True,129,2025-11,48,0.10416666666666667,0.08991687655923002,53,0.35,0.68,0.55,0.5884141475620478,0,0.011412253925634983,0,0,0,1,0,0.0,0.0,1.2222197290936934,0.0,0.0,-1.2222197290936934,1.2222197290936934,-1.2222197290936934,True,177,2025-12,53,0.2641509433962264,0.1798883884099191,43,0.35,0.68,0.55,0.6138260880061359,1,-0.061150456164767886,1,1,1,0,0,0.0,0.0,0.0,0.0,0.0,0.0,0.0,0.0,True,230,2026-01,43,0.16279069767441862,0.1358298992132882,36,0.35,0.68,0.55,0.5500000000000002,0,-0.0021869794170080448,0,0,0,5,1,0.2,2.317695775530485,0.9146437545745703,2.5339874283715176,0.6334968570928794,-1.340879242767796,3.658575018298281,-0.2681758485535592,True,273,2026-02,36,0.2777777777777778,0.19121594647053977,65,0.35,0.68,0.6093948651283718,0.6635301652915128,5,0.017080983975626185,6,6,5,0,0,0.0,0.0,0.0,0.0,0.0,0.0,0.0,0.0,True,309,2026-03,65,0.16923076923076924,0.1386114896767465,91,0.35,0.68,0.55,0.581636973008924,0,-0.0006467992623077068,0,0,0,1,0,0.0,0.0,1.2222973456329032,0.0,0.0,-1.2222973456329032,1.2222973456329032,-1.2222973456329032,True,374,2026-04,91,0.21978021978021978,0.15551772663164518,39,0.35,0.68,0.5545402215362267,0.633568419226487,0,-0.04235446360670045,1,1,1
4,高波动多头突破,13,8080a197ed97f8bc,1982.6509601187095,False,开发月最低胜率过低|多月负期望|开发交易样本不足,10,0.35,0.78,0,2.5,1.65,0.0045,216,1.25,0.18,48,0.32,3,0.025,260,8.0,42,0,0,0.0,0.0,0.0,0.0,0.0,0.0,0.0,0.0,True,129,2025-11,48,0.10416666666666667,0.08991687655923002,53,0.35,0.78,0.64,0.6819990532224253,0,0.011412253925634983,0,0,0,1,0,0.0,0.0,1.2222197290936934,0.0,0.0,-1.2222197290936934,1.2222197290936934,-1.2222197290936934,True,177,2025-12,53,0.2641509433962264,0.1798883884099191,43,0.35,0.78,0.64,0.7098725996340429,1,-0.061150456164767886,1,1,1,0,0,0.0,0.0,0.0,0.0,0.0,0.0,0.0,0.0,True,230,2026-01,43,0.16279069767441862,0.1358298992132882,36,0.35,0.78,0.64,0.6400000000000001,0,-0.0021869794170080448,0,0,0,5,1,0.2,2.317695775530485,0.9146437545745703,2.5339874283715176,0.6334968570928794,-1.340879242767796,3.658575018298281,-0.2681758485535592,True,273,2026-02,36,0.2777777777777778,0.19121594647053977,65,0.35,0.78,0.7093948651283718,0.7635301652915127,5,0.017080983975626185,6,6,5,0,0,0.0,0.0,0.0,0.0,0.0,0.0,0.0,0.0,True,309,2026-03,65,0.16923076923076924,0.1386114896767465,91,0.35,0.78,0.64,0.674604005975957,0,-0.0006467992623077068,0,0,0,1,0,0.0,0.0,1.2222973456329032,0.0,0.0,-1.2222973456329032,1.2222973456329032,-1.2222973456329032,True,374,2026-04,91,0.21978021978021978,0.15551772663164518,39,0.35,0.78,0.6545402215362266,0.7335684192264871,0,-0.04235446360670045,1,1,1
4,高波动多头突破,14,b1fe8ac9a6321482,1982.6509601187095,False,开发月最低胜率过低|多月负期望|开发交易样本不足,10,0.35,0.78,2,2.5,1.65,0.0045,216,1.25,0.18,48,0.32,3,0.025,260,8.0,42,0,0,0.0,0.0,0.0,0.0,0.0,0.0,0.0,0.0,True,129,2025-11,48,0.10416666666666667,0.08991687655923002,53,0.35,0.78,0.64,0.6819990532224253,0,0.011412253925634983,0,0,0,1,0,0.0,0.0,1.2222197290936934,0.0,0.0,-1.2222197290936934,1.2222197290936934,-1.2222197290936934,True,177,2025-12,53,0.2641509433962264,0.1798883884099191,43,0.35,0.78,0.64,0.7098725996340429,1,-0.061150456164767886,1,1,1,0,0,0.0,0.0,0.0,0.0,0.0,0.0,0.0,0.0,True,230,2026-01,43,0.16279069767441862,0.1358298992132882,36,0.35,0.78,0.64,0.6400000000000001,0,-0.0021869794170080448,0,0,0,5,1,0.2,2.317695775530485,0.9146437545745703,2.5339874283715176,0.6334968570928794,-1.340879242767796,3.658575018298281,-0.2681758485535592,True,273,2026-02,36,0.2777777777777778,0.19121594647053977,65,0.35,0.78,0.7093948651283718,0.7635301652915127,5,0.017080983975626185,6,6,5,0,0,0.0,0.0,0.0,0.0,0.0,0.0,0.0,0.0,True,309,2026-03,65,0.16923076923076924,0.1386114896767465,91,0.35,0.78,0.64,0.674604005975957,0,-0.0006467992623077068,0,0,0,1,0,0.0,0.0,1.2222973456329032,0.0,0.0,-1.2222973456329032,1.2222973456329032,-1.2222973456329032,True,374,2026-04,91,0.21978021978021978,0.15551772663164518,39,0.35,0.78,0.6545402215362266,0.7335684192264871,0,-0.04235446360670045,1,1,1
4,高波动多头突破,15,5cb304122dc0cd99,1982.6509601187095,False,开发月最低胜率过低|多月负期望|开发交易样本不足,10,0.35,0.78,4,2.5,1.65,0.0045,216,1.25,0.18,48,0.32,3,0.025,260,8.0,42,0,0,0.0,0.0,0.0,0.0,0.0,0.0,0.0,0.0,True,129,2025-11,48,0.10416666666666667,0.08991687655923002,53,0.35,0.78,0.64,0.6819990532224253,0,0.011412253925634983,0,0,0,1,0,0.0,0.0,1.2222197290936934,0.0,0.0,-1.2222197290936934,1.2222197290936934,-1.2222197290936934,True,177,2025-12,53,0.2641509433962264,0.1798883884099191,43,0.35,0.78,0.64,0.7098725996340429,1,-0.061150456164767886,1,1,1,0,0,0.0,0.0,0.0,0.0,0.0,0.0,0.0,0.0,True,230,2026-01,43,0.16279069767441862,0.1358298992132882,36,0.35,0.78,0.64,0.6400000000000001,0,-0.0021869794170080448,0,0,0,5,1,0.2,2.317695775530485,0.9146437545745703,2.5339874283715176,0.6334968570928794,-1.340879242767796,3.658575018298281,-0.2681758485535592,True,273,2026-02,36,0.2777777777777778,0.19121594647053977,65,0.35,0.78,0.7093948651283718,0.7635301652915127,5,0.017080983975626185,6,6,5,0,0,0.0,0.0,0.0,0.0,0.0,0.0,0.0,0.0,True,309,2026-03,65,0.16923076923076924,0.1386114896767465,91,0.35,0.78,0.64,0.674604005975957,0,-0.0006467992623077068,0,0,0,1,0,0.0,0.0,1.2222973456329032,0.0,0.0,-1.2222973456329032,1.2222973456329032,-1.2222973456329032,True,374,2026-04,91,0.21978021978021978,0.15551772663164518,39,0.35,0.78,0.6545402215362266,0.7335684192264871,0,-0.04235446360670045,1,1,1
4,高波动多头突破,16,3f2a773942201207,1982.6509601187095,False,开发月最低胜率过低|多月负期望|开发交易样本不足,10,0.35,0.86,0,2.5,1.65,0.0045,216,1.25,0.18,48,0.32,3,0.025,260,8.0,42,0,0,0.0,0.0,0.0,0.0,0.0,0.0,0.0,0.0,True,129,2025-11,48,0.10416666666666667,0.08991687655923002,53,0.35,0.86,0.72,0.7619990532224249,0,0.011412253925634983,0,0,0,1,0,0.0,0.0,1.2222197290936934,0.0,0.0,-1.2222197290936934,1.2222197290936934,-1.2222197290936934,True,177,2025-12,53,0.2641509433962264,0.1798883884099191,43,0.35,0.86,0.72,0.7898725996340428,1,-0.061150456164767886,1,1,1,0,0,0.0,0.0,0.0,0.0,0.0,0.0,0.0,0.0,True,230,2026-01,43,0.16279069767441862,0.1358298992132882,36,0.35,0.86,0.72,0.7199999999999999,0,-0.0021869794170080448,0,0,0,5,1,0.2,2.317695775530485,0.9146437545745703,2.5339874283715176,0.6334968570928794,-1.340879242767796,3.658575018298281,-0.2681758485535592,True,273,2026-02,36,0.2777777777777778,0.19121594647053977,65,0.35,0.86,0.7893948651283718,0.8435301652915128,5,0.017080983975626185,6,6,5,0,0,0.0,0.0,0.0,0.0,0.0,0.0,0.0,0.0,True,309,2026-03,65,0.16923076923076924,0.1386114896767465,91,0.35,0.86,0.72,0.7546040059759571,0,-0.0006467992623077068,0,0,0,1,0,0.0,0.0,1.2222973456329032,0.0,0.0,-1.2222973456329032,1.2222973456329032,-1.2222973456329032,True,374,2026-04,91,0.21978021978021978,0.15551772663164518,39,0.35,0.86,0.7345402215362267,0.813568419226487,0,-0.04235446360670045,1,1,1
4,高波动多头突破,17,4d7d18766abf4dbf,1982.6509601187095,False,开发月最低胜率过低|多月负期望|开发交易样本不足,10,0.35,0.86,2,2.5,1.65,0.0045,216,1.25,0.18,48,0.32,3,0.025,260,8.0,42,0,0,0.0,0.0,0.0,0.0,0.0,0.0,0.0,0.0,True,129,2025-11,48,0.10416666666666667,0.08991687655923002,53,0.35,0.86,0.72,0.7619990532224249,0,0.011412253925634983,0,0,0,1,0,0.0,0.0,1.2222197290936934,0.0,0.0,-1.2222197290936934,1.2222197290936934,-1.2222197290936934,True,177,2025-12,53,0.2641509433962264,0.1798883884099191,43,0.35,0.86,0.72,0.7898725996340428,1,-0.061150456164767886,1,1,1,0,0,0.0,0.0,0.0,0.0,0.0,0.0,0.0,0.0,True,230,2026-01,43,0.16279069767441862,0.1358298992132882,36,0.35,0.86,0.72,0.7199999999999999,0,-0.0021869794170080448,0,0,0,5,1,0.2,2.317695775530485,0.9146437545745703,2.5339874283715176,0.6334968570928794,-1.340879242767796,3.658575018298281,-0.2681758485535592,True,273,2026-02,36,0.2777777777777778,0.19121594647053977,65,0.35,0.86,0.7893948651283718,0.8435301652915128,5,0.017080983975626185,6,6,5,0,0,0.0,0.0,0.0,0.0,0.0,0.0,0.0,0.0,True,309,2026-03,65,0.16923076923076924,0.1386114896767465,91,0.35,0.86,0.72,0.7546040059759571,0,-0.0006467992623077068,0,0,0,1,0,0.0,0.0,1.2222973456329032,0.0,0.0,-1.2222973456329032,1.2222973456329032,-1.2222973456329032,True,374,2026-04,91,0.21978021978021978,0.15551772663164518,39,0.35,0.86,0.7345402215362267,0.813568419226487,0,-0.04235446360670045,1,1,1
4,高波动多头突破,18,823634cca217bce3,1982.6509601187095,False,开发月最低胜率过低|多月负期望|开发交易样本不足,10,0.35,0.86,4,2.5,1.65,0.0045,216,1.25,0.18,48,0.32,3,0.025,260,8.0,42,0,0,0.0,0.0,0.0,0.0,0.0,0.0,0.0,0.0,True,129,2025-11,48,0.10416666666666667,0.08991687655923002,53,0.35,0.86,0.72,0.7619990532224249,0,0.011412253925634983,0,0,0,1,0,0.0,0.0,1.2222197290936934,0.0,0.0,-1.2222197290936934,1.2222197290936934,-1.2222197290936934,True,177,2025-12,53,0.2641509433962264,0.1798883884099191,43,0.35,0.86,0.72,0.7898725996340428,1,-0.061150456164767886,1,1,1,0,0,0.0,0.0,0.0,0.0,0.0,0.0,0.0,0.0,True,230,2026-01,43,0.16279069767441862,0.1358298992132882,36,0.35,0.86,0.72,0.7199999999999999,0,-0.0021869794170080448,0,0,0,5,1,0.2,2.317695775530485,0.9146437545745703,2.5339874283715176,0.6334968570928794,-1.340879242767796,3.658575018298281,-0.2681758485535592,True,273,2026-02,36,0.2777777777777778,0.19121594647053977,65,0.35,0.86,0.7893948651283718,0.8435301652915128,5,0.017080983975626185,6,6,5,0,0,0.0,0.0,0.0,0.0,0.0,0.0,0.0,0.0,True,309,2026-03,65,0.16923076923076924,0.1386114896767465,91,0.35,0.86,0.72,0.7546040059759571,0,-0.0006467992623077068,0,0,0,1,0,0.0,0.0,1.2222973456329032,0.0,0.0,-1.2222973456329032,1.2222973456329032,-1.2222973456329032,True,374,2026-04,91,0.21978021978021978,0.15551772663164518,39,0.35,0.86,0.7345402215362267,0.813568419226487,0,-0.04235446360670045,1,1,1
4,高波动多头突破,19,502e3bc8f00eeac2,1926.6509601187095,False,开发月最低胜率过低|多月负期望|开发交易样本不足,14,0.35,0.68,0,2.5,1.65,0.0045,216,1.25,0.18,48,0.32,3,0.025,260,8.0,42,0,0,0.0,0.0,0.0,0.0,0.0,0.0,0.0,0.0,True,129,2025-11,48,0.10416666666666667,0.08991687655923002,53,0.35,0.68,0.55,0.5851382971529047,0,0.011412253925634983,0,0,0,1,0,0.0,0.0,1.2222197290936934,0.0,0.0,-1.2222197290936934,1.2222197290936934,-1.2222197290936934,True,177,2025-12,53,0.2641509433962264,0.1798883884099191,43,0.35,0.68,0.55,0.6131321835833436,1,-0.061150456164767886,1,1,1,0,0,0.0,0.0,0.0,0.0,0.0,0.0,0.0,0.0,True,230,2026-01,43,0.16279069767441862,0.1358298992132882,36,0.35,0.68,0.55,0.5500000000000002,0,-0.0021869794170080448,0,0,0,5,1,0.2,2.317695775530485,0.9146437545745703,2.5339874283715176,0.6334968570928794,-1.340879242767796,3.658575018298281,-0.2681758485535592,True,273,2026-02,36,0.2777777777777778,0.19121594647053977,65,0.35,0.68,0.58956776080598,0.6408451854653334,5,0.017080983975626185,6,6,5,0,0,0.0,0.0,0.0,0.0,0.0,0.0,0.0,0.0,True,309,2026-03,65,0.16923076923076924,0.1386114896767465,91,0.35,0.68,0.55,0.5793127897396187,0,-0.0006467992623077068,0,0,0,1,0,0.0,0.0,1.2222973456329032,0.0,0.0,-1.2222973456329032,1.2222973456329032,-1.2222973456329032,True,374,2026-04,91,0.21978021978021978,0.15551772663164518,39,0.35,0.68,0.5503858725258762,0.6267904416356631,0,-0.04235446360670045,1,1,1
4,高波动多头突破,20,15d9e7a01eea6c00,1926.6509601187095,False,开发月最低胜率过低|多月负期望|开发交易样本不足,14,0.35,0.68,2,2.5,1.65,0.0045,216,1.25,0.18,48,0.32,3,0.025,260,8.0,42,0,0,0.0,0.0,0.0,0.0,0.0,0.0,0.0,0.0,True,129,2025-11,48,0.10416666666666667,0.08991687655923002,53,0.35,0.68,0.55,0.5851382971529047,0,0.011412253925634983,0,0,0,1,0,0.0,0.0,1.2222197290936934,0.0,0.0,-1.2222197290936934,1.2222197290936934,-1.2222197290936934,True,177,2025-12,53,0.2641509433962264,0.1798883884099191,43,0.35,0.68,0.55,0.6131321835833436,1,-0.061150456164767886,1,1,1,0,0,0.0,0.0,0.0,0.0,0.0,0.0,0.0,0.0,True,230,2026-01,43,0.16279069767441862,0.1358298992132882,36,0.35,0.68,0.55,0.5500000000000002,0,-0.0021869794170080448,0,0,0,5,1,0.2,2.317695775530485,0.9146437545745703,2.5339874283715176,0.6334968570928794,-1.340879242767796,3.658575018298281,-0.2681758485535592,True,273,2026-02,36,0.2777777777777778,0.19121594647053977,65,0.35,0.68,0.58956776080598,0.6408451854653334,5,0.017080983975626185,6,6,5,0,0,0.0,0.0,0.0,0.0,0.0,0.0,0.0,0.0,True,309,2026-03,65,0.16923076923076924,0.1386114896767465,91,0.35,0.68,0.55,0.5793127897396187,0,-0.0006467992623077068,0,0,0,1,0,0.0,0.0,1.2222973456329032,0.0,0.0,-1.2222973456329032,1.2222973456329032,-1.2222973456329032,True,374,2026-04,91,0.21978021978021978,0.15551772663164518,39,0.35,0.68,0.5503858725258762,0.6267904416356631,0,-0.04235446360670045,1,1,1
4,高波动多头突破,21,2fd46a29ad5f4bcc,1926.6509601187095,False,开发月最低胜率过低|多月负期望|开发交易样本不足,14,0.35,0.68,4,2.5,1.65,0.0045,216,1.25,0.18,48,0.32,3,0.025,260,8.0,42,0,0,0.0,0.0,0.0,0.0,0.0,0.0,0.0,0.0,True,129,2025-11,48,0.10416666666666667,0.08991687655923002,53,0.35,0.68,0.55,0.5851382971529047,0,0.011412253925634983,0,0,0,1,0,0.0,0.0,1.2222197290936934,0.0,0.0,-1.2222197290936934,1.2222197290936934,-1.2222197290936934,True,177,2025-12,53,0.2641509433962264,0.1798883884099191,43,0.35,0.68,0.55,0.6131321835833436,1,-0.061150456164767886,1,1,1,0,0,0.0,0.0,0.0,0.0,0.0,0.0,0.0,0.0,True,230,2026-01,43,0.16279069767441862,0.1358298992132882,36,0.35,0.68,0.55,0.5500000000000002,0,-0.0021869794170080448,0,0,0,5,1,0.2,2.317695775530485,0.9146437545745703,2.5339874283715176,0.6334968570928794,-1.340879242767796,3.658575018298281,-0.2681758485535592,True,273,2026-02,36,0.2777777777777778,0.19121594647053977,65,0.35,0.68,0.58956776080598,0.6408451854653334,5,0.017080983975626185,6,6,5,0,0,0.0,0.0,0.0,0.0,0.0,0.0,0.0,0.0,True,309,2026-03,65,0.16923076923076924,0.1386114896767465,91,0.35,0.68,0.55,0.5793127897396187,0,-0.0006467992623077068,0,0,0,1,0,0.0,0.0,1.2222973456329032,0.0,0.0,-1.2222973456329032,1.2222973456329032,-1.2222973456329032,True,374,2026-04,91,0.21978021978021978,0.15551772663164518,39,0.35,0.68,0.5503858725258762,0.6267904416356631,0,-0.04235446360670045,1,1,1
4,高波动多头突破,22,9b3c749154f5be89,1926.6509601187095,False,开发月最低胜率过低|多月负期望|开发交易样本不足,14,0.35,0.78,0,2.5,1.65,0.0045,216,1.25,0.18,48,0.32,3,0.025,260,8.0,42,0,0,0.0,0.0,0.0,0.0,0.0,0.0,0.0,0.0,True,129,2025-11,48,0.10416666666666667,0.08991687655923002,53,0.35,0.78,0.64,0.678723202813282,0,0.011412253925634983,0,0,0,1,0,0.0,0.0,1.2222197290936934,0.0,0.0,-1.2222197290936934,1.2222197290936934,-1.2222197290936934,True,177,2025-12,53,0.2641509433962264,0.1798883884099191,43,0.35,0.78,0.64,0.7091786952112508,1,-0.061150456164767886,1,1,1,0,0,0.0,0.0,0.0,0.0,0.0,0.0,0.0,0.0,True,230,2026-01,43,0.16279069767441862,0.1358298992132882,36,0.35,0.78,0.64,0.6400000000000001,0,-0.0021869794170080448,0,0,0,5,1,0.2,2.317695775530485,0.9146437545745703,2.5339874283715176,0.6334968570928794,-1.340879242767796,3.658575018298281,-0.2681758485535592,True,273,2026-02,36,0.2777777777777778,0.19121594647053977,65,0.35,0.78,0.6895677608059798,0.7408451854653333,5,0.017080983975626185,6,6,5,0,0,0.0,0.0,0.0,0.0,0.0,0.0,0.0,0.0,True,309,2026-03,65,0.16923076923076924,0.1386114896767465,91,0.35,0.78,0.64,0.6721699325967617,0,-0.0006467992623077068,0,0,0,1,0,0.0,0.0,1.2222973456329032,0.0,0.0,-1.2222973456329032,1.2222973456329032,-1.2222973456329032,True,374,2026-04,91,0.21978021978021978,0.15551772663164518,39,0.35,0.78,0.6503858725258762,0.7267904416356633,0,-0.04235446360670045,1,1,1
4,高波动多头突破,23,bea7383a66051479,1926.6509601187095,False,开发月最低胜率过低|多月负期望|开发交易样本不足,14,0.35,0.78,2,2.5,1.65,0.0045,216,1.25,0.18,48,0.32,3,0.025,260,8.0,42,0,0,0.0,0.0,0.0,0.0,0.0,0.0,0.0,0.0,True,129,2025-11,48,0.10416666666666667,0.08991687655923002,53,0.35,0.78,0.64,0.678723202813282,0,0.011412253925634983,0,0,0,1,0,0.0,0.0,1.2222197290936934,0.0,0.0,-1.2222197290936934,1.2222197290936934,-1.2222197290936934,True,177,2025-12,53,0.2641509433962264,0.1798883884099191,43,0.35,0.78,0.64,0.7091786952112508,1,-0.061150456164767886,1,1,1,0,0,0.0,0.0,0.0,0.0,0.0,0.0,0.0,0.0,True,230,2026-01,43,0.16279069767441862,0.1358298992132882,36,0.35,0.78,0.64,0.6400000000000001,0,-0.0021869794170080448,0,0,0,5,1,0.2,2.317695775530485,0.9146437545745703,2.5339874283715176,0.6334968570928794,-1.340879242767796,3.658575018298281,-0.2681758485535592,True,273,2026-02,36,0.2777777777777778,0.19121594647053977,65,0.35,0.78,0.6895677608059798,0.7408451854653333,5,0.017080983975626185,6,6,5,0,0,0.0,0.0,0.0,0.0,0.0,0.0,0.0,0.0,True,309,2026-03,65,0.16923076923076924,0.1386114896767465,91,0.35,0.78,0.64,0.6721699325967617,0,-0.0006467992623077068,0,0,0,1,0,0.0,0.0,1.2222973456329032,0.0,0.0,-1.2222973456329032,1.2222973456329032,-1.2222973456329032,True,374,2026-04,91,0.21978021978021978,0.15551772663164518,39,0.35,0.78,0.6503858725258762,0.7267904416356633,0,-0.04235446360670045,1,1,1
4,高波动多头突破,24,cbb0c3ffb13f5bf6,1926.6509601187095,False,开发月最低胜率过低|多月负期望|开发交易样本不足,14,0.35,0.78,4,2.5,1.65,0.0045,216,1.25,0.18,48,0.32,3,0.025,260,8.0,42,0,0,0.0,0.0,0.0,0.0,0.0,0.0,0.0,0.0,True,129,2025-11,48,0.10416666666666667,0.08991687655923002,53,0.35,0.78,0.64,0.678723202813282,0,0.011412253925634983,0,0,0,1,0,0.0,0.0,1.2222197290936934,0.0,0.0,-1.2222197290936934,1.2222197290936934,-1.2222197290936934,True,177,2025-12,53,0.2641509433962264,0.1798883884099191,43,0.35,0.78,0.64,0.7091786952112508,1,-0.061150456164767886,1,1,1,0,0,0.0,0.0,0.0,0.0,0.0,0.0,0.0,0.0,True,230,2026-01,43,0.16279069767441862,0.1358298992132882,36,0.35,0.78,0.64,0.6400000000000001,0,-0.0021869794170080448,0,0,0,5,1,0.2,2.317695775530485,0.9146437545745703,2.5339874283715176,0.6334968570928794,-1.340879242767796,3.658575018298281,-0.2681758485535592,True,273,2026-02,36,0.2777777777777778,0.19121594647053977,65,0.35,0.78,0.6895677608059798,0.7408451854653333,5,0.017080983975626185,6,6,5,0,0,0.0,0.0,0.0,0.0,0.0,0.0,0.0,0.0,True,309,2026-03,65,0.16923076923076924,0.1386114896767465,91,0.35,0.78,0.64,0.6721699325967617,0,-0.0006467992623077068,0,0,0,1,0,0.0,0.0,1.2222973456329032,0.0,0.0,-1.2222973456329032,1.2222973456329032,-1.2222973456329032,True,374,2026-04,91,0.21978021978021978,0.15551772663164518,39,0.35,0.78,0.6503858725258762,0.7267904416356633,0,-0.04235446360670045,1,1,1
4,高波动多头突破,25,9bda9229e5e96096,1926.6509601187095,False,开发月最低胜率过低|多月负期望|开发交易样本不足,14,0.35,0.86,0,2.5,1.65,0.0045,216,1.25,0.18,48,0.32,3,0.025,260,8.0,42,0,0,0.0,0.0,0.0,0.0,0.0,0.0,0.0,0.0,True,129,2025-11,48,0.10416666666666667,0.08991687655923002,53,0.35,0.86,0.72,0.7587232028132816,0,0.011412253925634983,0,0,0,1,0,0.0,0.0,1.2222197290936934,0.0,0.0,-1.2222197290936934,1.2222197290936934,-1.2222197290936934,True,177,2025-12,53,0.2641509433962264,0.1798883884099191,43,0.35,0.86,0.72,0.7891786952112507,1,-0.061150456164767886,1,1,1,0,0,0.0,0.0,0.0,0.0,0.0,0.0,0.0,0.0,True,230,2026-01,43,0.16279069767441862,0.1358298992132882,36,0.35,0.86,0.72,0.7199999999999999,0,-0.0021869794170080448,0,0,0,5,1,0.2,2.317695775530485,0.9146437545745703,2.5339874283715176,0.6334968570928794,-1.340879242767796,3.658575018298281,-0.2681758485535592,True,273,2026-02,36,0.2777777777777778,0.19121594647053977,65,0.35,0.86,0.7695677608059799,0.8208451854653334,5,0.017080983975626185,6,6,5,0,0,0.0,0.0,0.0,0.0,0.0,0.0,0.0,0.0,True,309,2026-03,65,0.16923076923076924,0.1386114896767465,91,0.35,0.86,0.72,0.7521699325967618,0,-0.0006467992623077068,0,0,0,1,0,0.0,0.0,1.2222973456329032,0.0,0.0,-1.2222973456329032,1.2222973456329032,-1.2222973456329032,True,374,2026-04,91,0.21978021978021978,0.15551772663164518,39,0.35,0.86,0.7303858725258762,0.806790441635663,0,-0.04235446360670045,1,1,1
4,高波动多头突破,26,0b521c39f26b8d7b,1926.6509601187095,False,开发月最低胜率过低|多月负期望|开发交易样本不足,14,0.35,0.86,2,2.5,1.65,0.0045,216,1.25,0.18,48,0.32,3,0.025,260,8.0,42,0,0,0.0,0.0,0.0,0.0,0.0,0.0,0.0,0.0,True,129,2025-11,48,0.10416666666666667,0.08991687655923002,53,0.35,0.86,0.72,0.7587232028132816,0,0.011412253925634983,0,0,0,1,0,0.0,0.0,1.2222197290936934,0.0,0.0,-1.2222197290936934,1.2222197290936934,-1.2222197290936934,True,177,2025-12,53,0.2641509433962264,0.1798883884099191,43,0.35,0.86,0.72,0.7891786952112507,1,-0.061150456164767886,1,1,1,0,0,0.0,0.0,0.0,0.0,0.0,0.0,0.0,0.0,True,230,2026-01,43,0.16279069767441862,0.1358298992132882,36,0.35,0.86,0.72,0.7199999999999999,0,-0.0021869794170080448,0,0,0,5,1,0.2,2.317695775530485,0.9146437545745703,2.5339874283715176,0.6334968570928794,-1.340879242767796,3.658575018298281,-0.2681758485535592,True,273,2026-02,36,0.2777777777777778,0.19121594647053977,65,0.35,0.86,0.7695677608059799,0.8208451854653334,5,0.017080983975626185,6,6,5,0,0,0.0,0.0,0.0,0.0,0.0,0.0,0.0,0.0,True,309,2026-03,65,0.16923076923076924,0.1386114896767465,91,0.35,0.86,0.72,0.7521699325967618,0,-0.0006467992623077068,0,0,0,1,0,0.0,0.0,1.2222973456329032,0.0,0.0,-1.2222973456329032,1.2222973456329032,-1.2222973456329032,True,374,2026-04,91,0.21978021978021978,0.15551772663164518,39,0.35,0.86,0.7303858725258762,0.806790441635663,0,-0.04235446360670045,1,1,1
4,高波动多头突破,27,47d496e357ea7d2c,1926.6509601187095,False,开发月最低胜率过低|多月负期望|开发交易样本不足,14,0.35,0.86,4,2.5,1.65,0.0045,216,1.25,0.18,48,0.32,3,0.025,260,8.0,42,0,0,0.0,0.0,0.0,0.0,0.0,0.0,0.0,0.0,True,129,2025-11,48,0.10416666666666667,0.08991687655923002,53,0.35,0.86,0.72,0.7587232028132816,0,0.011412253925634983,0,0,0,1,0,0.0,0.0,1.2222197290936934,0.0,0.0,-1.2222197290936934,1.2222197290936934,-1.2222197290936934,True,177,2025-12,53,0.2641509433962264,0.1798883884099191,43,0.35,0.86,0.72,0.7891786952112507,1,-0.061150456164767886,1,1,1,0,0,0.0,0.0,0.0,0.0,0.0,0.0,0.0,0.0,True,230,2026-01,43,0.16279069767441862,0.1358298992132882,36,0.35,0.86,0.72,0.7199999999999999,0,-0.0021869794170080448,0,0,0,5,1,0.2,2.317695775530485,0.9146437545745703,2.5339874283715176,0.6334968570928794,-1.340879242767796,3.658575018298281,-0.2681758485535592,True,273,2026-02,36,0.2777777777777778,0.19121594647053977,65,0.35,0.86,0.7695677608059799,0.8208451854653334,5,0.017080983975626185,6,6,5,0,0,0.0,0.0,0.0,0.0,0.0,0.0,0.0,0.0,True,309,2026-03,65,0.16923076923076924,0.1386114896767465,91,0.35,0.86,0.72,0.7521699325967618,0,-0.0006467992623077068,0,0,0,1,0,0.0,0.0,1.2222973456329032,0.0,0.0,-1.2222973456329032,1.2222973456329032,-1.2222973456329032,True,374,2026-04,91,0.21978021978021978,0.15551772663164518,39,0.35,0.86,0.7303858725258762,0.806790441635663,0,-0.04235446360670045,1,1,1
4,高波动多头突破,28,b47ff10f2006d3db,1177.7648541577246,False,连续两个有机会开发月无交易|开发月最低胜率过低|有效开发月份不足|开发交易样本不足,6,0.35,0.68,0,1.9,1.25,0.0035,144,0.95,0.1,36,0.36,2,0.035,220,6.0,32,0,0,0.0,0.0,0.0,0.0,0.0,0.0,0.0,0.0,True,129,2025-11,48,0.16666666666666666,0.13740349044127345,53,0.35,0.68,0.55,0.5916899979711909,0,0.006152724451469305,0,0,0,3,1,0.3333333333333333,1.6127105189121864,0.73611869856925,2.190829443738782,1.095414721869391,0.14047312177368632,1.2858270744622369,0.0468243739245621,True,177,2025-12,53,0.20754716981132076,0.1590481924088971,43,0.35,0.68,0.6202867635078396,0.6698111065582478,0,0.0606638906539779,3,3,3,0,0,0.0,0.0,0.0,0.0,0.0,0.0,0.0,0.0,True,230,2026-01,43,0.20930232558139536,0.16397448467722286,36,0.35,0.68,0.55,0.5560275519421862,0,-0.0016219485947334966,0,0,0,0,0,0.0,0.0,0.0,0.0,0.0,0.0,0.0,0.0,True,273,2026-02,36,0.16666666666666666,0.13834370668921858,65,0.35,0.68,0.55,0.5855650103895579,0,0.0059033411360162324,0,0,0,0,0,0.0,0.0,0.0,0.0,0.0,0.0,0.0,0.0,True,309,2026-03,65,0.18461538461538463,0.14976764964733236,91,0.35,0.68,0.55,0.5851533324399176,0,-0.0016813489547780613,0,0,0,0,0,0.0,0.0,0.0,0.0,0.0,0.0,0.0,0.0,True,374,2026-04,91,0.26373626373626374,0.19416993443184627,39,0.35,0.68,0.55,0.6161875029420271,0,-0.000434192264353761,0,0,0
4,高波动多头突破,29,85168fbd98efee59,1177.7648541577246,False,连续两个有机会开发月无交易|开发月最低胜率过低|有效开发月份不足|开发交易样本不足,6,0.35,0.68,2,1.9,1.25,0.0035,144,0.95,0.1,36,0.36,2,0.035,220,6.0,32,0,0,0.0,0.0,0.0,0.0,0.0,0.0,0.0,0.0,True,129,2025-11,48,0.16666666666666666,0.13740349044127345,53,0.35,0.68,0.55,0.5916899979711909,0,0.006152724451469305,0,0,0,3,1,0.3333333333333333,1.6127105189121864,0.73611869856925,2.190829443738782,1.095414721869391,0.14047312177368632,1.2858270744622369,0.0468243739245621,True,177,2025-12,53,0.20754716981132076,0.1590481924088971,43,0.35,0.68,0.6202867635078396,0.6698111065582478,0,0.0606638906539779,3,3,3,0,0,0.0,0.0,0.0,0.0,0.0,0.0,0.0,0.0,True,230,2026-01,43,0.20930232558139536,0.16397448467722286,36,0.35,0.68,0.55,0.5560275519421862,0,-0.0016219485947334966,0,0,0,0,0,0.0,0.0,0.0,0.0,0.0,0.0,0.0,0.0,True,273,2026-02,36,0.16666666666666666,0.13834370668921858,65,0.35,0.68,0.55,0.5855650103895579,0,0.0059033411360162324,0,0,0,0,0,0.0,0.0,0.0,0.0,0.0,0.0,0.0,0.0,True,309,2026-03,65,0.18461538461538463,0.14976764964733236,91,0.35,0.68,0.55,0.5851533324399176,0,-0.0016813489547780613,0,0,0,0,0,0.0,0.0,0.0,0.0,0.0,0.0,0.0,0.0,True,374,2026-04,91,0.26373626373626374,0.19416993443184627,39,0.35,0.68,0.55,0.6161875029420271,0,-0.000434192264353761,0,0,0
4,高波动多头突破,30,1ac25e6d2ed3a64c,1177.7648541577246,False,连续两个有机会开发月无交易|开发月最低胜率过低|有效开发月份不足|开发交易样本不足,6,0.35,0.68,4,1.9,1.25,0.0035,144,0.95,0.1,36,0.36,2,0.035,220,6.0,32,0,0,0.0,0.0,0.0,0.0,0.0,0.0,0.0,0.0,True,129,2025-11,48,0.16666666666666666,0.13740349044127345,53,0.35,0.68,0.55,0.5916899979711909,0,0.006152724451469305,0,0,0,3,1,0.3333333333333333,1.6127105189121864,0.73611869856925,2.190829443738782,1.095414721869391,0.14047312177368632,1.2858270744622369,0.0468243739245621,True,177,2025-12,53,0.20754716981132076,0.1590481924088971,43,0.35,0.68,0.6202867635078396,0.6698111065582478,0,0.0606638906539779,3,3,3,0,0,0.0,0.0,0.0,0.0,0.0,0.0,0.0,0.0,True,230,2026-01,43,0.20930232558139536,0.16397448467722286,36,0.35,0.68,0.55,0.5560275519421862,0,-0.0016219485947334966,0,0,0,0,0,0.0,0.0,0.0,0.0,0.0,0.0,0.0,0.0,True,273,2026-02,36,0.16666666666666666,0.13834370668921858,65,0.35,0.68,0.55,0.5855650103895579,0,0.0059033411360162324,0,0,0,0,0,0.0,0.0,0.0,0.0,0.0,0.0,0.0,0.0,True,309,2026-03,65,0.18461538461538463,0.14976764964733236,91,0.35,0.68,0.55,0.5851533324399176,0,-0.0016813489547780613,0,0,0,0,0,0.0,0.0,0.0,0.0,0.0,0.0,0.0,0.0,True,374,2026-04,91,0.26373626373626374,0.19416993443184627,39,0.35,0.68,0.55,0.6161875029420271,0,-0.000434192264353761,0,0,0
5,高波动空头突破,1,2a400564798f0c30,5448.334266225216,False,连续两个有机会开发月无交易|有效开发月份不足|开发交易样本不足,6,0.45,0.68,0,2.5,1.65,0.0045,216,1.25,0.18,48,0.32,2,0.035,220,6.0,32,0,0,0.0,0.0,0.0,0.0,0.0,0.0,0.0,0.0,True,103,2025-11,63,0.25396825396825395,0.18933017387876652,57,0.45,0.68,0.55,0.6048441964470578,0,-0.0008328141827143032,0,0,0,0,0,0.0,0.0,0.0,0.0,0.0,0.0,0.0,0.0,True,166,2025-12,57,0.3157894736842105,0.20510388792242926,65,0.45,0.68,0.55,0.5617396558332827,0,0.005824468966676266,0,0,0,2,0,0.0,0.0,0.605415838924497,0.0,0.0,-1.210831677848994,1.210831677848994,-0.605415838924497,True,223,2026-01,65,0.3076923076923077,0.20136808849631518,92,0.45,0.68,0.5559552845528456,0.6192808536153828,2,-0.01192367973878794,2,2,2,2,1,0.5,2.2783587675663526,0.04279481225317963,53.23913454947034,53.23913454947034,2.235563955313173,0.04279481225317963,1.1177819776565865,True,288,2026-02,92,0.29347826086956524,0.18758263469770034,75,0.45,0.68,0.56541636909013,0.6102224744106834,2,-0.0304576934306372,2,2,2,0,0,0.0,0.0,0.0,0.0,0.0,0.0,0.0,0.0,True,380,2026-03,75,0.14666666666666667,0.12452409245101852,49,0.45,0.68,0.55,0.5712072064598197,0,0.006013875738730329,0,0,0,0,0,0.0,0.0,0.0,0.0,0.0,0.0,0.0,0.0,True,455,2026-04,49,0.14285714285714285,0.12167441784260113,66,0.45,0.68,0.55,0.5663321452129477,0,-0.000517006132900566,0,0,0
5,高波动空头突破,2,a0e2c706682c117e,5448.334266225216,False,连续两个有机会开发月无交易|有效开发月份不足|开发交易样本不足,6,0.45,0.68,2,2.5,1.65,0.0045,216,1.25,0.18,48,0.32,2,0.035,220,6.0,32,0,0,0.0,0.0,0.0,0.0,0.0,0.0,0.0,0.0,True,103,2025-11,63,0.25396825396825395,0.18933017387876652,57,0.45,0.68,0.55,0.6048441964470578,0,-0.0008328141827143032,0,0,0,0,0,0.0,0.0,0.0,0.0,0.0,0.0,0.0,0.0,True,166,2025-12,57,0.3157894736842105,0.20510388792242926,65,0.45,0.68,0.55,0.5617396558332827,0,0.005824468966676266,0,0,0,2,0,0.0,0.0,0.605415838924497,0.0,0.0,-1.210831677848994,1.210831677848994,-0.605415838924497,True,223,2026-01,65,0.3076923076923077,0.20136808849631518,92,0.45,0.68,0.5559552845528456,0.6192808536153828,2,-0.01192367973878794,2,2,2,2,1,0.5,2.2783587675663526,0.04279481225317963,53.23913454947034,53.23913454947034,2.235563955313173,0.04279481225317963,1.1177819776565865,True,288,2026-02,92,0.29347826086956524,0.18758263469770034,75,0.45,0.68,0.56541636909013,0.6102224744106834,2,-0.0304576934306372,2,2,2,0,0,0.0,0.0,0.0,0.0,0.0,0.0,0.0,0.0,True,380,2026-03,75,0.14666666666666667,0.12452409245101852,49,0.45,0.68,0.55,0.5712072064598197,0,0.006013875738730329,0,0,0,0,0,0.0,0.0,0.0,0.0,0.0,0.0,0.0,0.0,True,455,2026-04,49,0.14285714285714285,0.12167441784260113,66,0.45,0.68,0.55,0.5663321452129477,0,-0.000517006132900566,0,0,0
5,高波动空头突破,3,83efa49662a5ae32,5448.334266225216,False,连续两个有机会开发月无交易|有效开发月份不足|开发交易样本不足,6,0.45,0.68,4,2.5,1.65,0.0045,216,1.25,0.18,48,0.32,2,0.035,220,6.0,32,0,0,0.0,0.0,0.0,0.0,0.0,0.0,0.0,0.0,True,103,2025-11,63,0.25396825396825395,0.18933017387876652,57,0.45,0.68,0.55,0.6048441964470578,0,-0.0008328141827143032,0,0,0,0,0,0.0,0.0,0.0,0.0,0.0,0.0,0.0,0.0,True,166,2025-12,57,0.3157894736842105,0.20510388792242926,65,0.45,0.68,0.55,0.5617396558332827,0,0.005824468966676266,0,0,0,2,0,0.0,0.0,0.605415838924497,0.0,0.0,-1.210831677848994,1.210831677848994,-0.605415838924497,True,223,2026-01,65,0.3076923076923077,0.20136808849631518,92,0.45,0.68,0.5559552845528456,0.6192808536153828,2,-0.01192367973878794,2,2,2,2,1,0.5,2.2783587675663526,0.04279481225317963,53.23913454947034,53.23913454947034,2.235563955313173,0.04279481225317963,1.1177819776565865,True,288,2026-02,92,0.29347826086956524,0.18758263469770034,75,0.45,0.68,0.56541636909013,0.6102224744106834,2,-0.0304576934306372,2,2,2,0,0,0.0,0.0,0.0,0.0,0.0,0.0,0.0,0.0,True,380,2026-03,75,0.14666666666666667,0.12452409245101852,49,0.45,0.68,0.55,0.5712072064598197,0,0.006013875738730329,0,0,0,0,0,0.0,0.0,0.0,0.0,0.0,0.0,0.0,0.0,True,455,2026-04,49,0.14285714285714285,0.12167441784260113,66,0.45,0.68,0.55,0.5663321452129477,0,-0.000517006132900566,0,0,0
5,高波动空头突破,4,05c8941ed6129b8e,5448.334266225216,False,连续两个有机会开发月无交易|有效开发月份不足|开发交易样本不足,6,0.45,0.78,0,2.5,1.65,0.0045,216,1.25,0.18,48,0.32,2,0.035,220,6.0,32,0,0,0.0,0.0,0.0,0.0,0.0,0.0,0.0,0.0,True,103,2025-11,63,0.25396825396825395,0.18933017387876652,57,0.45,0.78,0.64,0.699436197035994,0,-0.0008328141827143032,0,0,0,0,0,0.0,0.0,0.0,0.0,0.0,0.0,0.0,0.0,True,166,2025-12,57,0.3157894736842105,0.20510388792242926,65,0.45,0.78,0.64,0.6535858096794368,0,0.005824468966676266,0,0,0,2,0,0.0,0.0,0.605415838924497,0.0,0.0,-1.210831677848994,1.210831677848994,-0.605415838924497,True,223,2026-01,65,0.3076923076923077,0.20136808849631518,92,0.45,0.78,0.6559552845528456,0.7192808536153826,2,-0.01192367973878794,2,2,2,2,1,0.5,2.2783587675663526,0.04279481225317963,53.23913454947034,53.23913454947034,2.235563955313173,0.04279481225317963,1.1177819776565865,True,288,2026-02,92,0.29347826086956524,0.18758263469770034,75,0.45,0.78,0.66541636909013,0.7102224744106834,2,-0.0304576934306372,2,2,2,0,0,0.0,0.0,0.0,0.0,0.0,0.0,0.0,0.0,True,380,2026-03,75,0.14666666666666667,0.12452409245101852,49,0.45,0.78,0.64,0.6630439411536972,0,0.006013875738730329,0,0,0,0,0,0.0,0.0,0.0,0.0,0.0,0.0,0.0,0.0,True,455,2026-04,49,0.14285714285714285,0.12167441784260113,66,0.45,0.78,0.64,0.6581503270311295,0,-0.000517006132900566,0,0,0
5,高波动空头突破,5,5dac3191a9fda009,5448.334266225216,False,连续两个有机会开发月无交易|有效开发月份不足|开发交易样本不足,6,0.45,0.78,2,2.5,1.65,0.0045,216,1.25,0.18,48,0.32,2,0.035,220,6.0,32,0,0,0.0,0.0,0.0,0.0,0.0,0.0,0.0,0.0,True,103,2025-11,63,0.25396825396825395,0.18933017387876652,57,0.45,0.78,0.64,0.699436197035994,0,-0.0008328141827143032,0,0,0,0,0,0.0,0.0,0.0,0.0,0.0,0.0,0.0,0.0,True,166,2025-12,57,0.3157894736842105,0.20510388792242926,65,0.45,0.78,0.64,0.6535858096794368,0,0.005824468966676266,0,0,0,2,0,0.0,0.0,0.605415838924497,0.0,0.0,-1.210831677848994,1.210831677848994,-0.605415838924497,True,223,2026-01,65,0.3076923076923077,0.20136808849631518,92,0.45,0.78,0.6559552845528456,0.7192808536153826,2,-0.01192367973878794,2,2,2,2,1,0.5,2.2783587675663526,0.04279481225317963,53.23913454947034,53.23913454947034,2.235563955313173,0.04279481225317963,1.1177819776565865,True,288,2026-02,92,0.29347826086956524,0.18758263469770034,75,0.45,0.78,0.66541636909013,0.7102224744106834,2,-0.0304576934306372,2,2,2,0,0,0.0,0.0,0.0,0.0,0.0,0.0,0.0,0.0,True,380,2026-03,75,0.14666666666666667,0.12452409245101852,49,0.45,0.78,0.64,0.6630439411536972,0,0.006013875738730329,0,0,0,0,0,0.0,0.0,0.0,0.0,0.0,0.0,0.0,0.0,True,455,2026-04,49,0.14285714285714285,0.12167441784260113,66,0.45,0.78,0.64,0.6581503270311295,0,-0.000517006132900566,0,0,0
5,高波动空头突破,6,8a9dc398b5ce7eb2,5448.334266225216,False,连续两个有机会开发月无交易|有效开发月份不足|开发交易样本不足,6,0.45,0.78,4,2.5,1.65,0.0045,216,1.25,0.18,48,0.32,2,0.035,220,6.0,32,0,0,0.0,0.0,0.0,0.0,0.0,0.0,0.0,0.0,True,103,2025-11,63,0.25396825396825395,0.18933017387876652,57,0.45,0.78,0.64,0.699436197035994,0,-0.0008328141827143032,0,0,0,0,0,0.0,0.0,0.0,0.0,0.0,0.0,0.0,0.0,True,166,2025-12,57,0.3157894736842105,0.20510388792242926,65,0.45,0.78,0.64,0.6535858096794368,0,0.005824468966676266,0,0,0,2,0,0.0,0.0,0.605415838924497,0.0,0.0,-1.210831677848994,1.210831677848994,-0.605415838924497,True,223,2026-01,65,0.3076923076923077,0.20136808849631518,92,0.45,0.78,0.6559552845528456,0.7192808536153826,2,-0.01192367973878794,2,2,2,2,1,0.5,2.2783587675663526,0.04279481225317963,53.23913454947034,53.23913454947034,2.235563955313173,0.04279481225317963,1.1177819776565865,True,288,2026-02,92,0.29347826086956524,0.18758263469770034,75,0.45,0.78,0.66541636909013,0.7102224744106834,2,-0.0304576934306372,2,2,2,0,0,0.0,0.0,0.0,0.0,0.0,0.0,0.0,0.0,True,380,2026-03,75,0.14666666666666667,0.12452409245101852,49,0.45,0.78,0.64,0.6630439411536972,0,0.006013875738730329,0,0,0,0,0,0.0,0.0,0.0,0.0,0.0,0.0,0.0,0.0,True,455,2026-04,49,0.14285714285714285,0.12167441784260113,66,0.45,0.78,0.64,0.6581503270311295,0,-0.000517006132900566,0,0,0
5,高波动空头突破,7,eeb5e3c0b8f3ebc9,5448.334266225216,False,连续两个有机会开发月无交易|有效开发月份不足|开发交易样本不足,6,0.45,0.86,0,2.5,1.65,0.0045,216,1.25,0.18,48,0.32,2,0.035,220,6.0,32,0,0,0.0,0.0,0.0,0.0,0.0,0.0,0.0,0.0,True,103,2025-11,63,0.25396825396825395,0.18933017387876652,57,0.45,0.86,0.72,0.779436197035994,0,-0.0008328141827143032,0,0,0,0,0,0.0,0.0,0.0,0.0,0.0,0.0,0.0,0.0,True,166,2025-12,57,0.3157894736842105,0.20510388792242926,65,0.45,0.86,0.72,0.7335858096794364,0,0.005824468966676266,0,0,0,2,0,0.0,0.0,0.605415838924497,0.0,0.0,-1.210831677848994,1.210831677848994,-0.605415838924497,True,223,2026-01,65,0.3076923076923077,0.20136808849631518,92,0.45,0.86,0.7359552845528455,0.7992808536153825,2,-0.01192367973878794,2,2,2,2,1,0.5,2.2783587675663526,0.04279481225317963,53.23913454947034,53.23913454947034,2.235563955313173,0.04279481225317963,1.1177819776565865,True,288,2026-02,92,0.29347826086956524,0.18758263469770034,75,0.45,0.86,0.74541636909013,0.7902224744106834,2,-0.0304576934306372,2,2,2,0,0,0.0,0.0,0.0,0.0,0.0,0.0,0.0,0.0,True,380,2026-03,75,0.14666666666666667,0.12452409245101852,49,0.45,0.86,0.72,0.7430439411536971,0,0.006013875738730329,0,0,0,0,0,0.0,0.0,0.0,0.0,0.0,0.0,0.0,0.0,True,455,2026-04,49,0.14285714285714285,0.12167441784260113,66,0.45,0.86,0.72,0.7381503270311294,0,-0.000517006132900566,0,0,0
5,高波动空头突破,8,94f301bcb7917532,5448.334266225216,False,连续两个有机会开发月无交易|有效开发月份不足|开发交易样本不足,6,0.45,0.86,2,2.5,1.65,0.0045,216,1.25,0.18,48,0.32,2,0.035,220,6.0,32,0,0,0.0,0.0,0.0,0.0,0.0,0.0,0.0,0.0,True,103,2025-11,63,0.25396825396825395,0.18933017387876652,57,0.45,0.86,0.72,0.779436197035994,0,-0.0008328141827143032,0,0,0,0,0,0.0,0.0,0.0,0.0,0.0,0.0,0.0,0.0,True,166,2025-12,57,0.3157894736842105,0.20510388792242926,65,0.45,0.86,0.72,0.7335858096794364,0,0.005824468966676266,0,0,0,2,0,0.0,0.0,0.605415838924497,0.0,0.0,-1.210831677848994,1.210831677848994,-0.605415838924497,True,223,2026-01,65,0.3076923076923077,0.20136808849631518,92,0.45,0.86,0.7359552845528455,0.7992808536153825,2,-0.01192367973878794,2,2,2,2,1,0.5,2.2783587675663526,0.04279481225317963,53.23913454947034,53.23913454947034,2.235563955313173,0.04279481225317963,1.1177819776565865,True,288,2026-02,92,0.29347826086956524,0.18758263469770034,75,0.45,0.86,0.74541636909013,0.7902224744106834,2,-0.0304576934306372,2,2,2,0,0,0.0,0.0,0.0,0.0,0.0,0.0,0.0,0.0,True,380,2026-03,75,0.14666666666666667,0.12452409245101852,49,0.45,0.86,0.72,0.7430439411536971,0,0.006013875738730329,0,0,0,0,0,0.0,0.0,0.0,0.0,0.0,0.0,0.0,0.0,True,455,2026-04,49,0.14285714285714285,0.12167441784260113,66,0.45,0.86,0.72,0.7381503270311294,0,-0.000517006132900566,0,0,0
5,高波动空头突破,9,1edc6e9ea64988e8,5448.334266225216,False,连续两个有机会开发月无交易|有效开发月份不足|开发交易样本不足,6,0.45,0.86,4,2.5,1.65,0.0045,216,1.25,0.18,48,0.32,2,0.035,220,6.0,32,0,0,0.0,0.0,0.0,0.0,0.0,0.0,0.0,0.0,True,103,2025-11,63,0.25396825396825395,0.18933017387876652,57,0.45,0.86,0.72,0.779436197035994,0,-0.0008328141827143032,0,0,0,0,0,0.0,0.0,0.0,0.0,0.0,0.0,0.0,0.0,True,166,2025-12,57,0.3157894736842105,0.20510388792242926,65,0.45,0.86,0.72,0.7335858096794364,0,0.005824468966676266,0,0,0,2,0,0.0,0.0,0.605415838924497,0.0,0.0,-1.210831677848994,1.210831677848994,-0.605415838924497,True,223,2026-01,65,0.3076923076923077,0.20136808849631518,92,0.45,0.86,0.7359552845528455,0.7992808536153825,2,-0.01192367973878794,2,2,2,2,1,0.5,2.2783587675663526,0.04279481225317963,53.23913454947034,53.23913454947034,2.235563955313173,0.04279481225317963,1.1177819776565865,True,288,2026-02,92,0.29347826086956524,0.18758263469770034,75,0.45,0.86,0.74541636909013,0.7902224744106834,2,-0.0304576934306372,2,2,2,0,0,0.0,0.0,0.0,0.0,0.0,0.0,0.0,0.0,True,380,2026-03,75,0.14666666666666667,0.12452409245101852,49,0.45,0.86,0.72,0.7430439411536971,0,0.006013875738730329,0,0,0,0,0,0.0,0.0,0.0,0.0,0.0,0.0,0.0,0.0,True,455,2026-04,49,0.14285714285714285,0.12167441784260113,66,0.45,0.86,0.72,0.7381503270311294,0,-0.000517006132900566,0,0,0
5,高波动空头突破,10,e038f7ad13c59b8e,5392.334266225216,False,连续两个有机会开发月无交易|有效开发月份不足|开发交易样本不足,10,0.45,0.68,0,2.5,1.65,0.0045,216,1.25,0.18,48,0.32,2,0.035,220,6.0,32,0,0,0.0,0.0,0.0,0.0,0.0,0.0,0.0,0.0,True,103,2025-11,63,0.25396825396825395,0.18933017387876652,57,0.45,0.68,0.55,0.6018748303357395,0,-0.0008328141827143032,0,0,0,0,0,0.0,0.0,0.0,0.0,0.0,0.0,0.0,0.0,True,166,2025-12,57,0.3157894736842105,0.20510388792242926,65,0.45,0.68,0.55,0.5554184705494697,0,0.005824468966676266,0,0,0,2,0,0.0,0.0,0.605415838924497,0.0,0.0,-1.210831677848994,1.210831677848994,-0.605415838924497,True,223,2026-01,65,0.3076923076923077,0.20136808849631518,92,0.45,0.68,0.55,0.6054029275185262,2,-0.01192367973878794,2,2,2,2,1,0.5,2.2783587675663526,0.04279481225317963,53.23913454947034,53.23913454947034,2.235563955313173,0.04279481225317963,1.1177819776565865,True,288,2026-02,92,0.29347826086956524,0.18758263469770034,75,0.45,0.68,0.555249821454078,0.5963413652886573,2,-0.0304576934306372,2,2,2,0,0,0.0,0.0,0.0,0.0,0.0,0.0,0.0,0.0,True,380,2026-03,75,0.14666666666666667,0.12452409245101852,49,0.45,0.68,0.55,0.5698460861309292,0,0.006013875738730329,0,0,0,0,0,0.0,0.0,0.0,0.0,0.0,0.0,0.0,0.0,True,455,2026-04,49,0.14285714285714285,0.12167441784260113,66,0.45,0.68,0.55,0.5614626662640038,0,-0.000517006132900566,0,0,0
5,高波动空头突破,11,61f983080644f51f,5392.334266225216,False,连续两个有机会开发月无交易|有效开发月份不足|开发交易样本不足,10,0.45,0.68,2,2.5,1.65,0.0045,216,1.25,0.18,48,0.32,2,0.035,220,6.0,32,0,0,0.0,0.0,0.0,0.0,0.0,0.0,0.0,0.0,True,103,2025-11,63,0.25396825396825395,0.18933017387876652,57,0.45,0.68,0.55,0.6018748303357395,0,-0.0008328141827143032,0,0,0,0,0,0.0,0.0,0.0,0.0,0.0,0.0,0.0,0.0,True,166,2025-12,57,0.3157894736842105,0.20510388792242926,65,0.45,0.68,0.55,0.5554184705494697,0,0.005824468966676266,0,0,0,2,0,0.0,0.0,0.605415838924497,0.0,0.0,-1.210831677848994,1.210831677848994,-0.605415838924497,True,223,2026-01,65,0.3076923076923077,0.20136808849631518,92,0.45,0.68,0.55,0.6054029275185262,2,-0.01192367973878794,2,2,2,2,1,0.5,2.2783587675663526,0.04279481225317963,53.23913454947034,53.23913454947034,2.235563955313173,0.04279481225317963,1.1177819776565865,True,288,2026-02,92,0.29347826086956524,0.18758263469770034,75,0.45,0.68,0.555249821454078,0.5963413652886573,2,-0.0304576934306372,2,2,2,0,0,0.0,0.0,0.0,0.0,0.0,0.0,0.0,0.0,True,380,2026-03,75,0.14666666666666667,0.12452409245101852,49,0.45,0.68,0.55,0.5698460861309292,0,0.006013875738730329,0,0,0,0,0,0.0,0.0,0.0,0.0,0.0,0.0,0.0,0.0,True,455,2026-04,49,0.14285714285714285,0.12167441784260113,66,0.45,0.68,0.55,0.5614626662640038,0,-0.000517006132900566,0,0,0
5,高波动空头突破,12,eddafcf43825f6ae,5392.334266225216,False,连续两个有机会开发月无交易|有效开发月份不足|开发交易样本不足,10,0.45,0.68,4,2.5,1.65,0.0045,216,1.25,0.18,48,0.32,2,0.035,220,6.0,32,0,0,0.0,0.0,0.0,0.0,0.0,0.0,0.0,0.0,True,103,2025-11,63,0.25396825396825395,0.18933017387876652,57,0.45,0.68,0.55,0.6018748303357395,0,-0.0008328141827143032,0,0,0,0,0,0.0,0.0,0.0,0.0,0.0,0.0,0.0,0.0,True,166,2025-12,57,0.3157894736842105,0.20510388792242926,65,0.45,0.68,0.55,0.5554184705494697,0,0.005824468966676266,0,0,0,2,0,0.0,0.0,0.605415838924497,0.0,0.0,-1.210831677848994,1.210831677848994,-0.605415838924497,True,223,2026-01,65,0.3076923076923077,0.20136808849631518,92,0.45,0.68,0.55,0.6054029275185262,2,-0.01192367973878794,2,2,2,2,1,0.5,2.2783587675663526,0.04279481225317963,53.23913454947034,53.23913454947034,2.235563955313173,0.04279481225317963,1.1177819776565865,True,288,2026-02,92,0.29347826086956524,0.18758263469770034,75,0.45,0.68,0.555249821454078,0.5963413652886573,2,-0.0304576934306372,2,2,2,0,0,0.0,0.0,0.0,0.0,0.0,0.0,0.0,0.0,True,380,2026-03,75,0.14666666666666667,0.12452409245101852,49,0.45,0.68,0.55,0.5698460861309292,0,0.006013875738730329,0,0,0,0,0,0.0,0.0,0.0,0.0,0.0,0.0,0.0,0.0,True,455,2026-04,49,0.14285714285714285,0.12167441784260113,66,0.45,0.68,0.55,0.5614626662640038,0,-0.000517006132900566,0,0,0
5,高波动空头突破,13,81904b92a53bb164,5392.334266225216,False,连续两个有机会开发月无交易|有效开发月份不足|开发交易样本不足,10,0.45,0.78,0,2.5,1.65,0.0045,216,1.25,0.18,48,0.32,2,0.035,220,6.0,32,0,0,0.0,0.0,0.0,0.0,0.0,0.0,0.0,0.0,True,103,2025-11,63,0.25396825396825395,0.18933017387876652,57,0.45,0.78,0.64,0.6964362338445116,0,-0.0008328141827143032,0,0,0,0,0,0.0,0.0,0.0,0.0,0.0,0.0,0.0,0.0,True,166,2025-12,57,0.3157894736842105,0.20510388792242926,65,0.45,0.78,0.64,0.646649239780239,0,0.005824468966676266,0,0,0,2,0,0.0,0.0,0.605415838924497,0.0,0.0,-1.210831677848994,1.210831677848994,-0.605415838924497,True,223,2026-01,65,0.3076923076923077,0.20136808849631518,92,0.45,0.78,0.64,0.7050768405620045,2,-0.01192367973878794,2,2,2,2,1,0.5,2.2783587675663526,0.04279481225317963,53.23913454947034,53.23913454947034,2.235563955313173,0.04279481225317963,1.1177819776565865,True,288,2026-02,92,0.29347826086956524,0.18758263469770034,75,0.45,0.78,0.6552498214540781,0.6963413652886574,2,-0.0304576934306372,2,2,2,0,0,0.0,0.0,0.0,0.0,0.0,0.0,0.0,0.0,True,380,2026-03,75,0.14666666666666667,0.12452409245101852,49,0.45,0.78,0.64,0.6614787391921538,0,0.006013875738730329,0,0,0,0,0,0.0,0.0,0.0,0.0,0.0,0.0,0.0,0.0,True,455,2026-04,49,0.14285714285714285,0.12167441784260113,66,0.45,0.78,0.64,0.6532808480821856,0,-0.000517006132900566,0,0,0
5,高波动空头突破,14,781612bc288846ab,5392.334266225216,False,连续两个有机会开发月无交易|有效开发月份不足|开发交易样本不足,10,0.45,0.78,2,2.5,1.65,0.0045,216,1.25,0.18,48,0.32,2,0.035,220,6.0,32,0,0,0.0,0.0,0.0,0.0,0.0,0.0,0.0,0.0,True,103,2025-11,63,0.25396825396825395,0.18933017387876652,57,0.45,0.78,0.64,0.6964362338445116,0,-0.0008328141827143032,0,0,0,0,0,0.0,0.0,0.0,0.0,0.0,0.0,0.0,0.0,True,166,2025-12,57,0.3157894736842105,0.20510388792242926,65,0.45,0.78,0.64,0.646649239780239,0,0.005824468966676266,0,0,0,2,0,0.0,0.0,0.605415838924497,0.0,0.0,-1.210831677848994,1.210831677848994,-0.605415838924497,True,223,2026-01,65,0.3076923076923077,0.20136808849631518,92,0.45,0.78,0.64,0.7050768405620045,2,-0.01192367973878794,2,2,2,2,1,0.5,2.2783587675663526,0.04279481225317963,53.23913454947034,53.23913454947034,2.235563955313173,0.04279481225317963,1.1177819776565865,True,288,2026-02,92,0.29347826086956524,0.18758263469770034,75,0.45,0.78,0.6552498214540781,0.6963413652886574,2,-0.0304576934306372,2,2,2,0,0,0.0,0.0,0.0,0.0,0.0,0.0,0.0,0.0,True,380,2026-03,75,0.14666666666666667,0.12452409245101852,49,0.45,0.78,0.64,0.6614787391921538,0,0.006013875738730329,0,0,0,0,0,0.0,0.0,0.0,0.0,0.0,0.0,0.0,0.0,True,455,2026-04,49,0.14285714285714285,0.12167441784260113,66,0.45,0.78,0.64,0.6532808480821856,0,-0.000517006132900566,0,0,0
5,高波动空头突破,15,815fe130d16fda5b,5392.334266225216,False,连续两个有机会开发月无交易|有效开发月份不足|开发交易样本不足,10,0.45,0.78,4,2.5,1.65,0.0045,216,1.25,0.18,48,0.32,2,0.035,220,6.0,32,0,0,0.0,0.0,0.0,0.0,0.0,0.0,0.0,0.0,True,103,2025-11,63,0.25396825396825395,0.18933017387876652,57,0.45,0.78,0.64,0.6964362338445116,0,-0.0008328141827143032,0,0,0,0,0,0.0,0.0,0.0,0.0,0.0,0.0,0.0,0.0,True,166,2025-12,57,0.3157894736842105,0.20510388792242926,65,0.45,0.78,0.64,0.646649239780239,0,0.005824468966676266,0,0,0,2,0,0.0,0.0,0.605415838924497,0.0,0.0,-1.210831677848994,1.210831677848994,-0.605415838924497,True,223,2026-01,65,0.3076923076923077,0.20136808849631518,92,0.45,0.78,0.64,0.7050768405620045,2,-0.01192367973878794,2,2,2,2,1,0.5,2.2783587675663526,0.04279481225317963,53.23913454947034,53.23913454947034,2.235563955313173,0.04279481225317963,1.1177819776565865,True,288,2026-02,92,0.29347826086956524,0.18758263469770034,75,0.45,0.78,0.6552498214540781,0.6963413652886574,2,-0.0304576934306372,2,2,2,0,0,0.0,0.0,0.0,0.0,0.0,0.0,0.0,0.0,True,380,2026-03,75,0.14666666666666667,0.12452409245101852,49,0.45,0.78,0.64,0.6614787391921538,0,0.006013875738730329,0,0,0,0,0,0.0,0.0,0.0,0.0,0.0,0.0,0.0,0.0,True,455,2026-04,49,0.14285714285714285,0.12167441784260113,66,0.45,0.78,0.64,0.6532808480821856,0,-0.000517006132900566,0,0,0
5,高波动空头突破,16,5e0bda79c341a69e,5392.334266225216,False,连续两个有机会开发月无交易|有效开发月份不足|开发交易样本不足,10,0.45,0.86,0,2.5,1.65,0.0045,216,1.25,0.18,48,0.32,2,0.035,220,6.0,32,0,0,0.0,0.0,0.0,0.0,0.0,0.0,0.0,0.0,True,103,2025-11,63,0.25396825396825395,0.18933017387876652,57,0.45,0.86,0.72,0.7764362338445115,0,-0.0008328141827143032,0,0,0,0,0,0.0,0.0,0.0,0.0,0.0,0.0,0.0,0.0,True,166,2025-12,57,0.3157894736842105,0.20510388792242926,65,0.45,0.86,0.72,0.7266492397802389,0,0.005824468966676266,0,0,0,2,0,0.0,0.0,0.605415838924497,0.0,0.0,-1.210831677848994,1.210831677848994,-0.605415838924497,True,223,2026-01,65,0.3076923076923077,0.20136808849631518,92,0.45,0.86,0.72,0.7850768405620044,2,-0.01192367973878794,2,2,2,2,1,0.5,2.2783587675663526,0.04279481225317963,53.23913454947034,53.23913454947034,2.235563955313173,0.04279481225317963,1.1177819776565865,True,288,2026-02,92,0.29347826086956524,0.18758263469770034,75,0.45,0.86,0.7352498214540779,0.7763413652886573,2,-0.0304576934306372,2,2,2,0,0,0.0,0.0,0.0,0.0,0.0,0.0,0.0,0.0,True,380,2026-03,75,0.14666666666666667,0.12452409245101852,49,0.45,0.86,0.72,0.7414787391921537,0,0.006013875738730329,0,0,0,0,0,0.0,0.0,0.0,0.0,0.0,0.0,0.0,0.0,True,455,2026-04,49,0.14285714285714285,0.12167441784260113,66,0.45,0.86,0.72,0.7332808480821854,0,-0.000517006132900566,0,0,0
5,高波动空头突破,17,2d6b2136235301c9,5392.334266225216,False,连续两个有机会开发月无交易|有效开发月份不足|开发交易样本不足,10,0.45,0.86,2,2.5,1.65,0.0045,216,1.25,0.18,48,0.32,2,0.035,220,6.0,32,0,0,0.0,0.0,0.0,0.0,0.0,0.0,0.0,0.0,True,103,2025-11,63,0.25396825396825395,0.18933017387876652,57,0.45,0.86,0.72,0.7764362338445115,0,-0.0008328141827143032,0,0,0,0,0,0.0,0.0,0.0,0.0,0.0,0.0,0.0,0.0,True,166,2025-12,57,0.3157894736842105,0.20510388792242926,65,0.45,0.86,0.72,0.7266492397802389,0,0.005824468966676266,0,0,0,2,0,0.0,0.0,0.605415838924497,0.0,0.0,-1.210831677848994,1.210831677848994,-0.605415838924497,True,223,2026-01,65,0.3076923076923077,0.20136808849631518,92,0.45,0.86,0.72,0.7850768405620044,2,-0.01192367973878794,2,2,2,2,1,0.5,2.2783587675663526,0.04279481225317963,53.23913454947034,53.23913454947034,2.235563955313173,0.04279481225317963,1.1177819776565865,True,288,2026-02,92,0.29347826086956524,0.18758263469770034,75,0.45,0.86,0.7352498214540779,0.7763413652886573,2,-0.0304576934306372,2,2,2,0,0,0.0,0.0,0.0,0.0,0.0,0.0,0.0,0.0,True,380,2026-03,75,0.14666666666666667,0.12452409245101852,49,0.45,0.86,0.72,0.7414787391921537,0,0.006013875738730329,0,0,0,0,0,0.0,0.0,0.0,0.0,0.0,0.0,0.0,0.0,True,455,2026-04,49,0.14285714285714285,0.12167441784260113,66,0.45,0.86,0.72,0.7332808480821854,0,-0.000517006132900566,0,0,0
5,高波动空头突破,18,56c7ce4ff314775c,5392.334266225216,False,连续两个有机会开发月无交易|有效开发月份不足|开发交易样本不足,10,0.45,0.86,4,2.5,1.65,0.0045,216,1.25,0.18,48,0.32,2,0.035,220,6.0,32,0,0,0.0,0.0,0.0,0.0,0.0,0.0,0.0,0.0,True,103,2025-11,63,0.25396825396825395,0.18933017387876652,57,0.45,0.86,0.72,0.7764362338445115,0,-0.0008328141827143032,0,0,0,0,0,0.0,0.0,0.0,0.0,0.0,0.0,0.0,0.0,True,166,2025-12,57,0.3157894736842105,0.20510388792242926,65,0.45,0.86,0.72,0.7266492397802389,0,0.005824468966676266,0,0,0,2,0,0.0,0.0,0.605415838924497,0.0,0.0,-1.210831677848994,1.210831677848994,-0.605415838924497,True,223,2026-01,65,0.3076923076923077,0.20136808849631518,92,0.45,0.86,0.72,0.7850768405620044,2,-0.01192367973878794,2,2,2,2,1,0.5,2.2783587675663526,0.04279481225317963,53.23913454947034,53.23913454947034,2.235563955313173,0.04279481225317963,1.1177819776565865,True,288,2026-02,92,0.29347826086956524,0.18758263469770034,75,0.45,0.86,0.7352498214540779,0.7763413652886573,2,-0.0304576934306372,2,2,2,0,0,0.0,0.0,0.0,0.0,0.0,0.0,0.0,0.0,True,380,2026-03,75,0.14666666666666667,0.12452409245101852,49,0.45,0.86,0.72,0.7414787391921537,0,0.006013875738730329,0,0,0,0,0,0.0,0.0,0.0,0.0,0.0,0.0,0.0,0.0,True,455,2026-04,49,0.14285714285714285,0.12167441784260113,66,0.45,0.86,0.72,0.7332808480821854,0,-0.000517006132900566,0,0,0
5,高波动空头突破,19,d36184f63eba5541,5336.334266225216,False,连续两个有机会开发月无交易|有效开发月份不足|开发交易样本不足,14,0.45,0.68,0,2.5,1.65,0.0045,216,1.25,0.18,48,0.32,2,0.035,220,6.0,32,0,0,0.0,0.0,0.0,0.0,0.0,0.0,0.0,0.0,True,103,2025-11,63,0.25396825396825395,0.18933017387876652,57,0.45,0.68,0.55,0.5989054642244215,0,-0.0008328141827143032,0,0,0,0,0,0.0,0.0,0.0,0.0,0.0,0.0,0.0,0.0,True,166,2025-12,57,0.3157894736842105,0.20510388792242926,65,0.45,0.68,0.55,0.5515160180758134,0,0.005824468966676266,0,0,0,2,0,0.0,0.0,0.605415838924497,0.0,0.0,-1.210831677848994,1.210831677848994,-0.605415838924497,True,223,2026-01,65,0.3076923076923077,0.20136808849631518,92,0.45,0.68,0.55,0.5994182401529846,2,-0.01192367973878794,2,2,2,2,1,0.5,2.2783587675663526,0.04279481225317963,53.23913454947034,53.23913454947034,2.235563955313173,0.04279481225317963,1.1177819776565865,True,288,2026-02,92,0.29347826086956524,0.18758263469770034,75,0.45,0.68,0.5508927296100558,0.5880064472891673,2,-0.0304576934306372,2,2,2,0,0,0.0,0.0,0.0,0.0,0.0,0.0,0.0,0.0,True,380,2026-03,75,0.14666666666666667,0.12452409245101852,49,0.45,0.68,0.55,0.5692947246649337,0,0.006013875738730329,0,0,0,0,0,0.0,0.0,0.0,0.0,0.0,0.0,0.0,0.0,True,455,2026-04,49,0.14285714285714285,0.12167441784260113,66,0.45,0.68,0.55,0.5569354938050846,0,-0.000517006132900566,0,0,0
5,高波动空头突破,20,311c7e1b57b4a56d,5336.334266225216,False,连续两个有机会开发月无交易|有效开发月份不足|开发交易样本不足,14,0.45,0.68,2,2.5,1.65,0.0045,216,1.25,0.18,48,0.32,2,0.035,220,6.0,32,0,0,0.0,0.0,0.0,0.0,0.0,0.0,0.0,0.0,True,103,2025-11,63,0.25396825396825395,0.18933017387876652,57,0.45,0.68,0.55,0.5989054642244215,0,-0.0008328141827143032,0,0,0,0,0,0.0,0.0,0.0,0.0,0.0,0.0,0.0,0.0,True,166,2025-12,57,0.3157894736842105,0.20510388792242926,65,0.45,0.68,0.55,0.5515160180758134,0,0.005824468966676266,0,0,0,2,0,0.0,0.0,0.605415838924497,0.0,0.0,-1.210831677848994,1.210831677848994,-0.605415838924497,True,223,2026-01,65,0.3076923076923077,0.20136808849631518,92,0.45,0.68,0.55,0.5994182401529846,2,-0.01192367973878794,2,2,2,2,1,0.5,2.2783587675663526,0.04279481225317963,53.23913454947034,53.23913454947034,2.235563955313173,0.04279481225317963,1.1177819776565865,True,288,2026-02,92,0.29347826086956524,0.18758263469770034,75,0.45,0.68,0.5508927296100558,0.5880064472891673,2,-0.0304576934306372,2,2,2,0,0,0.0,0.0,0.0,0.0,0.0,0.0,0.0,0.0,True,380,2026-03,75,0.14666666666666667,0.12452409245101852,49,0.45,0.68,0.55,0.5692947246649337,0,0.006013875738730329,0,0,0,0,0,0.0,0.0,0.0,0.0,0.0,0.0,0.0,0.0,True,455,2026-04,49,0.14285714285714285,0.12167441784260113,66,0.45,0.68,0.55,0.5569354938050846,0,-0.000517006132900566,0,0,0
5,高波动空头突破,21,b497de53f5a1c812,5336.334266225216,False,连续两个有机会开发月无交易|有效开发月份不足|开发交易样本不足,14,0.45,0.68,4,2.5,1.65,0.0045,216,1.25,0.18,48,0.32,2,0.035,220,6.0,32,0,0,0.0,0.0,0.0,0.0,0.0,0.0,0.0,0.0,True,103,2025-11,63,0.25396825396825395,0.18933017387876652,57,0.45,0.68,0.55,0.5989054642244215,0,-0.0008328141827143032,0,0,0,0,0,0.0,0.0,0.0,0.0,0.0,0.0,0.0,0.0,True,166,2025-12,57,0.3157894736842105,0.20510388792242926,65,0.45,0.68,0.55,0.5515160180758134,0,0.005824468966676266,0,0,0,2,0,0.0,0.0,0.605415838924497,0.0,0.0,-1.210831677848994,1.210831677848994,-0.605415838924497,True,223,2026-01,65,0.3076923076923077,0.20136808849631518,92,0.45,0.68,0.55,0.5994182401529846,2,-0.01192367973878794,2,2,2,2,1,0.5,2.2783587675663526,0.04279481225317963,53.23913454947034,53.23913454947034,2.235563955313173,0.04279481225317963,1.1177819776565865,True,288,2026-02,92,0.29347826086956524,0.18758263469770034,75,0.45,0.68,0.5508927296100558,0.5880064472891673,2,-0.0304576934306372,2,2,2,0,0,0.0,0.0,0.0,0.0,0.0,0.0,0.0,0.0,True,380,2026-03,75,0.14666666666666667,0.12452409245101852,49,0.45,0.68,0.55,0.5692947246649337,0,0.006013875738730329,0,0,0,0,0,0.0,0.0,0.0,0.0,0.0,0.0,0.0,0.0,True,455,2026-04,49,0.14285714285714285,0.12167441784260113,66,0.45,0.68,0.55,0.5569354938050846,0,-0.000517006132900566,0,0,0
5,高波动空头突破,22,6c2205313641e1b9,5336.334266225216,False,连续两个有机会开发月无交易|有效开发月份不足|开发交易样本不足,14,0.45,0.78,0,2.5,1.65,0.0045,216,1.25,0.18,48,0.32,2,0.035,220,6.0,32,0,0,0.0,0.0,0.0,0.0,0.0,0.0,0.0,0.0,True,103,2025-11,63,0.25396825396825395,0.18933017387876652,57,0.45,0.78,0.64,0.6934668677331934,0,-0.0008328141827143032,0,0,0,0,0,0.0,0.0,0.0,0.0,0.0,0.0,0.0,0.0,True,166,2025-12,57,0.3157894736842105,0.20510388792242926,65,0.45,0.78,0.64,0.6425444531864674,0,0.005824468966676266,0,0,0,2,0,0.0,0.0,0.605415838924497,0.0,0.0,-1.210831677848994,1.210831677848994,-0.605415838924497,True,223,2026-01,65,0.3076923076923077,0.20136808849631518,92,0.45,0.78,0.64,0.6990921531964629,2,-0.01192367973878794,2,2,2,2,1,0.5,2.2783587675663526,0.04279481225317963,53.23913454947034,53.23913454947034,2.235563955313173,0.04279481225317963,1.1177819776565865,True,288,2026-02,92,0.29347826086956524,0.18758263469770034,75,0.45,0.78,0.6508927296100557,0.6880064472891674,2,-0.0304576934306372,2,2,2,0,0,0.0,0.0,0.0,0.0,0.0,0.0,0.0,0.0,True,380,2026-03,75,0.14666666666666667,0.12452409245101852,49,0.45,0.78,0.64,0.6609273777261583,0,0.006013875738730329,0,0,0,0,0,0.0,0.0,0.0,0.0,0.0,0.0,0.0,0.0,True,455,2026-04,49,0.14285714285714285,0.12167441784260113,66,0.45,0.78,0.64,0.6486021604717513,0,-0.000517006132900566,0,0,0
5,高波动空头突破,23,ad042c4e1fe792eb,5336.334266225216,False,连续两个有机会开发月无交易|有效开发月份不足|开发交易样本不足,14,0.45,0.78,2,2.5,1.65,0.0045,216,1.25,0.18,48,0.32,2,0.035,220,6.0,32,0,0,0.0,0.0,0.0,0.0,0.0,0.0,0.0,0.0,True,103,2025-11,63,0.25396825396825395,0.18933017387876652,57,0.45,0.78,0.64,0.6934668677331934,0,-0.0008328141827143032,0,0,0,0,0,0.0,0.0,0.0,0.0,0.0,0.0,0.0,0.0,True,166,2025-12,57,0.3157894736842105,0.20510388792242926,65,0.45,0.78,0.64,0.6425444531864674,0,0.005824468966676266,0,0,0,2,0,0.0,0.0,0.605415838924497,0.0,0.0,-1.210831677848994,1.210831677848994,-0.605415838924497,True,223,2026-01,65,0.3076923076923077,0.20136808849631518,92,0.45,0.78,0.64,0.6990921531964629,2,-0.01192367973878794,2,2,2,2,1,0.5,2.2783587675663526,0.04279481225317963,53.23913454947034,53.23913454947034,2.235563955313173,0.04279481225317963,1.1177819776565865,True,288,2026-02,92,0.29347826086956524,0.18758263469770034,75,0.45,0.78,0.6508927296100557,0.6880064472891674,2,-0.0304576934306372,2,2,2,0,0,0.0,0.0,0.0,0.0,0.0,0.0,0.0,0.0,True,380,2026-03,75,0.14666666666666667,0.12452409245101852,49,0.45,0.78,0.64,0.6609273777261583,0,0.006013875738730329,0,0,0,0,0,0.0,0.0,0.0,0.0,0.0,0.0,0.0,0.0,True,455,2026-04,49,0.14285714285714285,0.12167441784260113,66,0.45,0.78,0.64,0.6486021604717513,0,-0.000517006132900566,0,0,0
5,高波动空头突破,24,1fbeb4e786f330c5,5336.334266225216,False,连续两个有机会开发月无交易|有效开发月份不足|开发交易样本不足,14,0.45,0.78,4,2.5,1.65,0.0045,216,1.25,0.18,48,0.32,2,0.035,220,6.0,32,0,0,0.0,0.0,0.0,0.0,0.0,0.0,0.0,0.0,True,103,2025-11,63,0.25396825396825395,0.18933017387876652,57,0.45,0.78,0.64,0.6934668677331934,0,-0.0008328141827143032,0,0,0,0,0,0.0,0.0,0.0,0.0,0.0,0.0,0.0,0.0,True,166,2025-12,57,0.3157894736842105,0.20510388792242926,65,0.45,0.78,0.64,0.6425444531864674,0,0.005824468966676266,0,0,0,2,0,0.0,0.0,0.605415838924497,0.0,0.0,-1.210831677848994,1.210831677848994,-0.605415838924497,True,223,2026-01,65,0.3076923076923077,0.20136808849631518,92,0.45,0.78,0.64,0.6990921531964629,2,-0.01192367973878794,2,2,2,2,1,0.5,2.2783587675663526,0.04279481225317963,53.23913454947034,53.23913454947034,2.235563955313173,0.04279481225317963,1.1177819776565865,True,288,2026-02,92,0.29347826086956524,0.18758263469770034,75,0.45,0.78,0.6508927296100557,0.6880064472891674,2,-0.0304576934306372,2,2,2,0,0,0.0,0.0,0.0,0.0,0.0,0.0,0.0,0.0,True,380,2026-03,75,0.14666666666666667,0.12452409245101852,49,0.45,0.78,0.64,0.6609273777261583,0,0.006013875738730329,0,0,0,0,0,0.0,0.0,0.0,0.0,0.0,0.0,0.0,0.0,True,455,2026-04,49,0.14285714285714285,0.12167441784260113,66,0.45,0.78,0.64,0.6486021604717513,0,-0.000517006132900566,0,0,0
5,高波动空头突破,25,bc1523ef70e75124,5336.334266225216,False,连续两个有机会开发月无交易|有效开发月份不足|开发交易样本不足,14,0.45,0.86,0,2.5,1.65,0.0045,216,1.25,0.18,48,0.32,2,0.035,220,6.0,32,0,0,0.0,0.0,0.0,0.0,0.0,0.0,0.0,0.0,True,103,2025-11,63,0.25396825396825395,0.18933017387876652,57,0.45,0.86,0.72,0.7734668677331933,0,-0.0008328141827143032,0,0,0,0,0,0.0,0.0,0.0,0.0,0.0,0.0,0.0,0.0,True,166,2025-12,57,0.3157894736842105,0.20510388792242926,65,0.45,0.86,0.72,0.7225444531864672,0,0.005824468966676266,0,0,0,2,0,0.0,0.0,0.605415838924497,0.0,0.0,-1.210831677848994,1.210831677848994,-0.605415838924497,True,223,2026-01,65,0.3076923076923077,0.20136808849631518,92,0.45,0.86,0.72,0.779092153196463,2,-0.01192367973878794,2,2,2,2,1,0.5,2.2783587675663526,0.04279481225317963,53.23913454947034,53.23913454947034,2.235563955313173,0.04279481225317963,1.1177819776565865,True,288,2026-02,92,0.29347826086956524,0.18758263469770034,75,0.45,0.86,0.7308927296100557,0.7680064472891673,2,-0.0304576934306372,2,2,2,0,0,0.0,0.0,0.0,0.0,0.0,0.0,0.0,0.0,True,380,2026-03,75,0.14666666666666667,0.12452409245101852,49,0.45,0.86,0.72,0.740927377726158,0,0.006013875738730329,0,0,0,0,0,0.0,0.0,0.0,0.0,0.0,0.0,0.0,0.0,True,455,2026-04,49,0.14285714285714285,0.12167441784260113,66,0.45,0.86,0.72,0.7286021604717511,0,-0.000517006132900566,0,0,0
5,高波动空头突破,26,de7240b9862e49da,5336.334266225216,False,连续两个有机会开发月无交易|有效开发月份不足|开发交易样本不足,14,0.45,0.86,2,2.5,1.65,0.0045,216,1.25,0.18,48,0.32,2,0.035,220,6.0,32,0,0,0.0,0.0,0.0,0.0,0.0,0.0,0.0,0.0,True,103,2025-11,63,0.25396825396825395,0.18933017387876652,57,0.45,0.86,0.72,0.7734668677331933,0,-0.0008328141827143032,0,0,0,0,0,0.0,0.0,0.0,0.0,0.0,0.0,0.0,0.0,True,166,2025-12,57,0.3157894736842105,0.20510388792242926,65,0.45,0.86,0.72,0.7225444531864672,0,0.005824468966676266,0,0,0,2,0,0.0,0.0,0.605415838924497,0.0,0.0,-1.210831677848994,1.210831677848994,-0.605415838924497,True,223,2026-01,65,0.3076923076923077,0.20136808849631518,92,0.45,0.86,0.72,0.779092153196463,2,-0.01192367973878794,2,2,2,2,1,0.5,2.2783587675663526,0.04279481225317963,53.23913454947034,53.23913454947034,2.235563955313173,0.04279481225317963,1.1177819776565865,True,288,2026-02,92,0.29347826086956524,0.18758263469770034,75,0.45,0.86,0.7308927296100557,0.7680064472891673,2,-0.0304576934306372,2,2,2,0,0,0.0,0.0,0.0,0.0,0.0,0.0,0.0,0.0,True,380,2026-03,75,0.14666666666666667,0.12452409245101852,49,0.45,0.86,0.72,0.740927377726158,0,0.006013875738730329,0,0,0,0,0,0.0,0.0,0.0,0.0,0.0,0.0,0.0,0.0,True,455,2026-04,49,0.14285714285714285,0.12167441784260113,66,0.45,0.86,0.72,0.7286021604717511,0,-0.000517006132900566,0,0,0
5,高波动空头突破,27,eabb0755d3b5cd44,5336.334266225216,False,连续两个有机会开发月无交易|有效开发月份不足|开发交易样本不足,14,0.45,0.86,4,2.5,1.65,0.0045,216,1.25,0.18,48,0.32,2,0.035,220,6.0,32,0,0,0.0,0.0,0.0,0.0,0.0,0.0,0.0,0.0,True,103,2025-11,63,0.25396825396825395,0.18933017387876652,57,0.45,0.86,0.72,0.7734668677331933,0,-0.0008328141827143032,0,0,0,0,0,0.0,0.0,0.0,0.0,0.0,0.0,0.0,0.0,True,166,2025-12,57,0.3157894736842105,0.20510388792242926,65,0.45,0.86,0.72,0.7225444531864672,0,0.005824468966676266,0,0,0,2,0,0.0,0.0,0.605415838924497,0.0,0.0,-1.210831677848994,1.210831677848994,-0.605415838924497,True,223,2026-01,65,0.3076923076923077,0.20136808849631518,92,0.45,0.86,0.72,0.779092153196463,2,-0.01192367973878794,2,2,2,2,1,0.5,2.2783587675663526,0.04279481225317963,53.23913454947034,53.23913454947034,2.235563955313173,0.04279481225317963,1.1177819776565865,True,288,2026-02,92,0.29347826086956524,0.18758263469770034,75,0.45,0.86,0.7308927296100557,0.7680064472891673,2,-0.0304576934306372,2,2,2,0,0,0.0,0.0,0.0,0.0,0.0,0.0,0.0,0.0,True,380,2026-03,75,0.14666666666666667,0.12452409245101852,49,0.45,0.86,0.72,0.740927377726158,0,0.006013875738730329,0,0,0,0,0,0.0,0.0,0.0,0.0,0.0,0.0,0.0,0.0,True,455,2026-04,49,0.14285714285714285,0.12167441784260113,66,0.45,0.86,0.72,0.7286021604717511,0,-0.000517006132900566,0,0,0
5,高波动空头突破,28,1927aca1dfe4cf76,2739.401975641875,False,连续两个有机会开发月无交易|开发月最低胜率过低|开发交易样本不足,6,0.35,0.78,0,2.5,1.65,0.0045,216,1.25,0.18,48,0.32,2,0.035,220,6.0,32,0,0,0.0,0.0,0.0,0.0,0.0,0.0,0.0,0.0,True,103,2025-11,63,0.25396825396825395,0.18933017387876652,57,0.35,0.78,0.64,0.699436197035994,0,-0.0008328141827143032,0,0,0,4,0,0.0,0.0,0.6329078554767045,0.0,0.0,-2.531631421906818,2.531631421906818,-0.6329078554767045,True,166,2025-12,57,0.3157894736842105,0.20510388792242926,65,0.35,0.78,0.724356150013113,0.7763640077467773,1,0.005824468966676266,20,6,4,4,2,0.5,1.2318549663165899,0.6039560629260787,2.0396433481409773,2.0396433481409773,1.255797806781022,1.2079121258521577,0.3139494516952555,True,223,2026-01,65,0.3076923076923077,0.20136808849631518,92,0.35,0.78,0.78,0.7800000000000002,0,-0.01192367973878794,15,6,4,2,0,0.0,0.0,0.04279298230554404,0.0,0.0,-0.08558596461108808,0.08558596461108808,-0.04279298230554404,True,288,2026-02,92,0.29347826086956524,0.18758263469770034,75,0.35,0.78,0.7351416207710465,0.7785960223795788,1,-0.0304576934306372,12,6,2,0,0,0.0,0.0,0.0,0.0,0.0,0.0,0.0,0.0,True,380,2026-03,75,0.14666666666666667,0.12452409245101852,49,0.35,0.78,0.64,0.6630439411536972,0,0.006013875738730329,0,0,0,0,0,0.0,0.0,0.0,0.0,0.0,0.0,0.0,0.0,True,455,2026-04,49,0.14285714285714285,0.12167441784260113,66,0.35,0.78,0.64,0.6581503270311295,0,-0.000517006132900566,0,0,0
5,高波动空头突破,29,7c932f8d09dd0c76,2739.401975641875,False,连续两个有机会开发月无交易|开发月最低胜率过低|开发交易样本不足,6,0.35,0.78,2,2.5,1.65,0.0045,216,1.25,0.18,48,0.32,2,0.035,220,6.0,32,0,0,0.0,0.0,0.0,0.0,0.0,0.0,0.0,0.0,True,103,2025-11,63,0.25396825396825395,0.18933017387876652,57,0.35,0.78,0.64,0.699436197035994,0,-0.0008328141827143032,0,0,0,4,0,0.0,0.0,0.6329078554767045,0.0,0.0,-2.531631421906818,2.531631421906818,-0.6329078554767045,True,166,2025-12,57,0.3157894736842105,0.20510388792242926,65,0.35,0.78,0.724356150013113,0.7763640077467773,1,0.005824468966676266,20,6,4,4,2,0.5,1.2318549663165899,0.6039560629260787,2.0396433481409773,2.0396433481409773,1.255797806781022,1.2079121258521577,0.3139494516952555,True,223,2026-01,65,0.3076923076923077,0.20136808849631518,92,0.35,0.78,0.78,0.7800000000000002,0,-0.01192367973878794,15,6,4,2,0,0.0,0.0,0.04279298230554404,0.0,0.0,-0.08558596461108808,0.08558596461108808,-0.04279298230554404,True,288,2026-02,92,0.29347826086956524,0.18758263469770034,75,0.35,0.78,0.7351416207710465,0.7785960223795788,1,-0.0304576934306372,12,6,2,0,0,0.0,0.0,0.0,0.0,0.0,0.0,0.0,0.0,True,380,2026-03,75,0.14666666666666667,0.12452409245101852,49,0.35,0.78,0.64,0.6630439411536972,0,0.006013875738730329,0,0,0,0,0,0.0,0.0,0.0,0.0,0.0,0.0,0.0,0.0,True,455,2026-04,49,0.14285714285714285,0.12167441784260113,66,0.35,0.78,0.64,0.6581503270311295,0,-0.000517006132900566,0,0,0
5,高波动空头突破,30,db9b28f83faa5a1b,2739.401975641875,False,连续两个有机会开发月无交易|开发月最低胜率过低|开发交易样本不足,6,0.35,0.78,4,2.5,1.65,0.0045,216,1.25,0.18,48,0.32,2,0.035,220,6.0,32,0,0,0.0,0.0,0.0,0.0,0.0,0.0,0.0,0.0,True,103,2025-11,63,0.25396825396825395,0.18933017387876652,57,0.35,0.78,0.64,0.699436197035994,0,-0.0008328141827143032,0,0,0,4,0,0.0,0.0,0.6329078554767045,0.0,0.0,-2.531631421906818,2.531631421906818,-0.6329078554767045,True,166,2025-12,57,0.3157894736842105,0.20510388792242926,65,0.35,0.78,0.724356150013113,0.7763640077467773,1,0.005824468966676266,20,6,4,4,2,0.5,1.2318549663165899,0.6039560629260787,2.0396433481409773,2.0396433481409773,1.255797806781022,1.2079121258521577,0.3139494516952555,True,223,2026-01,65,0.3076923076923077,0.20136808849631518,92,0.35,0.78,0.78,0.7800000000000002,0,-0.01192367973878794,15,6,4,2,0,0.0,0.0,0.04279298230554404,0.0,0.0,-0.08558596461108808,0.08558596461108808,-0.04279298230554404,True,288,2026-02,92,0.29347826086956524,0.18758263469770034,75,0.35,0.78,0.7351416207710465,0.7785960223795788,1,-0.0304576934306372,12,6,2,0,0,0.0,0.0,0.0,0.0,0.0,0.0,0.0,0.0,True,380,2026-03,75,0.14666666666666667,0.12452409245101852,49,0.35,0.78,0.64,0.6630439411536972,0,0.006013875738730329,0,0,0,0,0,0.0,0.0,0.0,0.0,0.0,0.0,0.0,0.0,True,455,2026-04,49,0.14285714285714285,0.12167441784260113,66,0.35,0.78,0.64,0.6581503270311295,0,-0.000517006132900566,0,0,0
